time,value_temp,value_hum,value_acid,value_PV
2023-06-27 15:50:00+00:00,17.3,30.0,3.4,4.1
2023-06-27 16:00:00+00:00,17.2,30.0,3.4,4.1
2023-06-27 16:10:00+00:00,17.0,29.0,3.4,4.1
2023-06-27 16:20:00+00:00,19.4,29.0,3.4,4.1
2023-06-27 16:30:00+00:00,19.8,24.0,3.4,4.1
2023-06-27 16:40:00+00:00,19.8,25.0,3.4,4.1
2023-06-27 16:50:00+00:00,19.8,26.0,3.4,4.1
2023-06-27 17:00:00+00:00,19.8,25.0,3.4,4.1
2023-06-27 17:10:00+00:00,19.8,24.0,3.4,4.1
2023-06-27 17:20:00+00:00,19.8,23.5,3.4,4.1
2023-06-27 17:30:00+00:00,19.8,23.0,3.4,4.1
2023-06-27 17:40:00+00:00,19.7,24.0,3.4,4.1
2023-06-27 17:50:00+00:00,19.7,23.0,3.4,4.1
2023-06-27 18:00:00+00:00,19.7,24.0,3.4,4.1
2023-06-27 18:10:00+00:00,19.6,23.0,3.4,4.1
2023-06-27 18:20:00+00:00,19.6,23.0,3.4,4.1
2023-06-27 18:30:00+00:00,19.6,23.0,3.4,4.1
2023-06-27 18:40:00+00:00,19.6,25.0,3.4,4.1
2023-06-27 18:50:00+00:00,19.6,25.0,3.4,4.1
2023-06-27 19:00:00+00:00,19.5,24.0,3.4,3.8
2023-06-27 19:10:00+00:00,19.5,24.0,3.4,3.7
2023-06-27 19:20:00+00:00,19.5,24.0,3.4,3.6
2023-06-27 19:30:00+00:00,19.5,24.0,3.4,2.8
2023-06-27 19:40:00+00:00,19.5,24.0,3.4,2.2
2023-06-27 19:50:00+00:00,19.5,25.0,3.4,1.5
2023-06-27 20:00:00+00:00,19.5,26.0,3.4,1.0
2023-06-27 20:10:00+00:00,19.4,24.0,3.4,0.6
2023-06-27 20:20:00+00:00,19.384615384615383,23.923076923076923,3.4,0.6
2023-06-27 20:30:00+00:00,19.369230769230768,23.846153846153847,3.4,0.6
2023-06-27 20:40:00+00:00,19.353846153846153,23.76923076923077,3.4,0.6
2023-06-27 20:50:00+00:00,19.338461538461537,23.692307692307693,3.4,0.6
2023-06-27 21:00:00+00:00,19.323076923076922,23.615384615384617,3.4,0.6
2023-06-27 21:10:00+00:00,19.307692307692307,23.53846153846154,3.4,0.6
2023-06-27 21:20:00+00:00,19.29230769230769,23.46153846153846,3.4,0.6
2023-06-27 21:30:00+00:00,19.276923076923076,23.384615384615383,3.4,0.6
2023-06-27 21:40:00+00:00,19.26153846153846,23.307692307692307,3.4,0.6
2023-06-27 21:50:00+00:00,19.246153846153845,23.23076923076923,3.4,0.6
2023-06-27 22:00:00+00:00,19.23076923076923,23.153846153846153,3.4,0.6
2023-06-27 22:10:00+00:00,19.215384615384615,23.076923076923077,3.4,0.6
2023-06-27 22:20:00+00:00,19.2,23.0,3.4,0.6
2023-06-27 22:30:00+00:00,19.18,23.0,3.4,0.61
2023-06-27 22:40:00+00:00,19.16,23.0,3.4,0.62
2023-06-27 22:50:00+00:00,19.14,23.0,3.4,0.63
2023-06-27 23:00:00+00:00,19.12,23.0,3.4,0.64
2023-06-27 23:10:00+00:00,19.1,23.0,3.4,0.6499999999999999
2023-06-27 23:20:00+00:00,19.08,23.0,3.4,0.6599999999999999
2023-06-27 23:30:00+00:00,19.06,23.0,3.4,0.6699999999999999
2023-06-27 23:40:00+00:00,19.04,23.0,3.4,0.6799999999999999
2023-06-27 23:50:00+00:00,19.02,23.0,3.4,0.69
2023-06-28 00:00:00+00:00,19.0,23.0,3.4,0.7
2023-06-28 00:10:00+00:00,18.98,22.9,3.4,0.71
2023-06-28 00:20:00+00:00,18.96,22.8,3.4,0.72
2023-06-28 00:30:00+00:00,18.94,22.7,3.4,0.73
2023-06-28 00:40:00+00:00,18.92,22.6,3.4,0.74
2023-06-28 00:50:00+00:00,18.9,22.5,3.4,0.75
2023-06-28 01:00:00+00:00,18.88,22.4,3.4,0.76
2023-06-28 01:10:00+00:00,18.86,22.3,3.4,0.77
2023-06-28 01:20:00+00:00,18.84,22.2,3.4,0.78
2023-06-28 01:30:00+00:00,18.82,22.1,3.4,0.79
2023-06-28 01:40:00+00:00,18.8,22.0,3.4,0.8
2023-06-28 01:50:00+00:00,18.8,22.0,3.4,1.07
2023-06-28 02:00:00+00:00,18.8,22.0,3.4,1.34
2023-06-28 02:10:00+00:00,18.8,22.0,3.4,1.61
2023-06-28 02:20:00+00:00,18.8,22.0,3.4,1.8800000000000001
2023-06-28 02:30:00+00:00,18.8,22.0,3.4,2.1500000000000004
2023-06-28 02:40:00+00:00,18.8,22.0,3.4,2.42
2023-06-28 02:50:00+00:00,18.8,22.0,3.4,2.6900000000000004
2023-06-28 03:00:00+00:00,18.8,22.0,3.4,2.96
2023-06-28 03:10:00+00:00,18.8,22.0,3.4,3.2300000000000004
2023-06-28 03:20:00+00:00,18.8,22.0,3.4,3.5
2023-06-28 03:30:00+00:00,18.8,22.0,3.4,4.1
2023-06-28 03:40:00+00:00,18.7,22.0,3.4,4.1
2023-06-28 03:50:00+00:00,18.8,22.0,3.4,4.1
2023-06-28 04:00:00+00:00,18.7,22.0,3.4,4.1
2023-06-28 04:10:00+00:00,18.8,22.0,3.3,4.1
2023-06-28 04:20:00+00:00,18.8,22.0,3.3,4.1
2023-06-28 04:30:00+00:00,18.8,22.0,3.4,4.1
2023-06-28 04:40:00+00:00,18.8,22.0,3.3,4.1
2023-06-28 04:50:00+00:00,18.8,22.0,3.3,4.1
2023-06-28 05:00:00+00:00,18.8,22.0,3.3,4.1
2023-06-28 05:10:00+00:00,18.8,22.0,3.3,4.1
2023-06-28 05:20:00+00:00,18.8,22.0,3.3,4.1
2023-06-28 05:30:00+00:00,18.8,22.0,3.3,4.1
2023-06-28 05:40:00+00:00,18.8,22.0,3.3,4.1
2023-06-28 05:50:00+00:00,18.8,22.0,3.3,4.1
2023-06-28 06:00:00+00:00,18.8,22.0,3.3,4.1
2023-06-28 06:10:00+00:00,18.9,22.0,3.2,4.1
2023-06-28 06:20:00+00:00,18.9,22.0,3.3,4.2
2023-06-28 06:30:00+00:00,18.95,25.0,3.25,4.2
2023-06-28 06:40:00+00:00,19.0,28.0,3.2,4.2
2023-06-28 06:50:00+00:00,19.0,21.0,3.2,4.1
2023-06-28 07:00:00+00:00,19.0,22.0,3.2,4.2
2023-06-28 07:10:00+00:00,19.1,21.0,3.2,4.1
2023-06-28 07:20:00+00:00,19.1,21.0,3.2,4.2
2023-06-28 07:30:00+00:00,19.2,20.0,3.1,4.1
2023-06-28 07:40:00+00:00,19.2,21.0,3.2,4.1
2023-06-28 07:50:00+00:00,19.3,21.0,3.2,4.1
2023-06-28 08:00:00+00:00,19.3,21.0,3.2,5.4
2023-06-28 08:10:00+00:00,19.4,21.0,3.1,4.1
2023-06-28 08:20:00+00:00,19.45,21.0,3.1500000000000004,4.1
2023-06-28 08:30:00+00:00,19.5,21.0,3.2,4.1
2023-06-28 08:40:00+00:00,19.5,20.0,3.2,4.1
2023-06-28 08:50:00+00:00,19.6,20.0,3.2,6.1
2023-06-28 09:00:00+00:00,19.7,19.0,3.1,5.4
2023-06-28 09:10:00+00:00,19.8,19.0,3.1,6.0
2023-06-28 09:20:00+00:00,19.9,19.0,3.1,6.0
2023-06-28 09:30:00+00:00,20.0,18.0,3.1,6.0
2023-06-28 09:40:00+00:00,20.1,18.0,3.1,6.1
2023-06-28 09:50:00+00:00,20.2,17.0,3.1,5.7
2023-06-28 10:00:00+00:00,20.3,17.0,3.1,5.9
2023-06-28 10:10:00+00:00,20.4,17.5,3.1,5.95
2023-06-28 10:20:00+00:00,20.5,18.0,3.1,6.0
2023-06-28 10:30:00+00:00,20.6,19.0,3.1,5.9
2023-06-28 10:40:00+00:00,20.8,17.0,3.1,6.0
2023-06-28 10:50:00+00:00,20.9,16.0,3.1,5.9
2023-06-28 11:00:00+00:00,21.0,15.0,3.1,5.9
2023-06-28 11:10:00+00:00,21.1,15.0,3.1,5.9
2023-06-28 11:20:00+00:00,21.3,15.0,3.1,5.8
2023-06-28 11:30:00+00:00,21.5,14.0,3.1,5.7
2023-06-28 11:40:00+00:00,21.5,13.0,3.1,5.6
2023-06-28 11:50:00+00:00,21.6,13.0,3.1,5.5
2023-06-28 12:00:00+00:00,21.65,12.5,3.1,5.3
2023-06-28 12:10:00+00:00,21.7,12.0,3.1,5.1
2023-06-28 12:20:00+00:00,21.8,12.0,3.1,4.5
2023-06-28 12:30:00+00:00,21.8,12.0,3.1,4.1
2023-06-28 12:40:00+00:00,21.8,12.0,3.2,4.1
2023-06-28 12:50:00+00:00,21.8,13.0,3.1500000000000004,4.1
2023-06-28 13:00:00+00:00,21.8,14.0,3.1,4.1
2023-06-28 13:10:00+00:00,21.7,14.0,3.2,4.1
2023-06-28 13:20:00+00:00,21.7,14.0,3.2,4.1
2023-06-28 13:30:00+00:00,21.7,14.0,3.2,4.1
2023-06-28 13:40:00+00:00,21.6,15.0,3.3,4.1
2023-06-28 13:50:00+00:00,21.6,15.0,3.3,4.1
2023-06-28 14:00:00+00:00,21.6,15.0,3.3,4.1
2023-06-28 14:10:00+00:00,21.6,15.0,3.3,4.1
2023-06-28 14:20:00+00:00,21.5,15.0,3.3,4.1
2023-06-28 14:30:00+00:00,21.5,15.0,3.3,4.1
2023-06-28 14:40:00+00:00,21.4,16.0,3.3,4.1
2023-06-28 14:50:00+00:00,21.3,16.0,3.3,4.1
2023-06-28 15:00:00+00:00,21.3,15.0,3.3,4.1
2023-06-28 15:10:00+00:00,21.3,16.0,3.3,4.1
2023-06-28 15:20:00+00:00,21.2,16.0,3.3,4.1
2023-06-28 15:30:00+00:00,21.1,16.0,3.3,4.1
2023-06-28 15:40:00+00:00,21.1,16.0,3.3,4.1
2023-06-28 15:50:00+00:00,21.1,16.0,3.3,4.1
2023-06-28 16:00:00+00:00,21.1,16.0,3.3,4.1
2023-06-28 16:10:00+00:00,21.0,17.0,3.3,4.1
2023-06-28 16:20:00+00:00,21.0,16.0,3.3,4.1
2023-06-28 16:30:00+00:00,20.9,16.0,3.3,4.1
2023-06-28 16:40:00+00:00,20.8,16.0,3.3,4.1
2023-06-28 16:50:00+00:00,20.8,16.0,3.3,4.1
2023-06-28 17:00:00+00:00,20.8,16.0,3.3,4.1
2023-06-28 17:10:00+00:00,20.7,16.0,3.3,4.1
2023-06-28 17:20:00+00:00,20.7,16.0,3.3,4.1
2023-06-28 17:30:00+00:00,20.65,16.5,3.3,4.1
2023-06-28 17:40:00+00:00,20.6,17.0,3.3,4.1
2023-06-28 17:50:00+00:00,20.6,16.0,3.3,4.1
2023-06-28 18:00:00+00:00,20.6,17.0,3.3,4.1
2023-06-28 18:10:00+00:00,20.5,17.0,3.3,4.1
2023-06-28 18:20:00+00:00,20.5,17.0,3.3,4.1
2023-06-28 18:30:00+00:00,20.5,17.0,3.3,4.1
2023-06-28 18:40:00+00:00,20.5,17.0,3.3,4.1
2023-06-28 18:50:00+00:00,20.4,17.0,3.3,4.1
2023-06-28 19:00:00+00:00,20.4,17.0,3.3,3.9
2023-06-28 19:10:00+00:00,20.3,17.0,3.3,3.8
2023-06-28 19:20:00+00:00,20.3,17.0,3.3,3.55
2023-06-28 19:30:00+00:00,20.3,17.0,3.3,3.3
2023-06-28 19:40:00+00:00,20.3,17.0,3.3,2.6
2023-06-28 19:50:00+00:00,20.3,17.0,3.4,1.7
2023-06-28 20:00:00+00:00,20.3,18.0,3.3,1.0
2023-06-28 20:10:00+00:00,20.2,23.0,3.4,0.8
2023-06-28 20:20:00+00:00,20.18,22.6,3.4,0.78
2023-06-28 20:30:00+00:00,20.16,22.2,3.4,0.76
2023-06-28 20:40:00+00:00,20.14,21.8,3.4,0.74
2023-06-28 20:50:00+00:00,20.12,21.4,3.4,0.72
2023-06-28 21:00:00+00:00,20.1,21.0,3.4,0.7
2023-06-28 21:10:00+00:00,20.08,20.6,3.4,0.6799999999999999
2023-06-28 21:20:00+00:00,20.06,20.2,3.4,0.66
2023-06-28 21:30:00+00:00,20.04,19.8,3.4,0.64
2023-06-28 21:40:00+00:00,20.02,19.4,3.4,0.62
2023-06-28 21:50:00+00:00,20.0,19.0,3.4,0.6
2023-06-28 22:00:00+00:00,19.976923076923075,19.53846153846154,3.4,0.6
2023-06-28 22:10:00+00:00,19.953846153846154,20.076923076923077,3.4,0.6
2023-06-28 22:20:00+00:00,19.93076923076923,20.615384615384617,3.4,0.6
2023-06-28 22:30:00+00:00,19.907692307692308,21.153846153846153,3.4,0.6
2023-06-28 22:40:00+00:00,19.884615384615383,21.692307692307693,3.4,0.6
2023-06-28 22:50:00+00:00,19.861538461538462,22.23076923076923,3.4,0.6
2023-06-28 23:00:00+00:00,19.838461538461537,22.76923076923077,3.4,0.6
2023-06-28 23:10:00+00:00,19.815384615384616,23.307692307692307,3.4,0.6
2023-06-28 23:20:00+00:00,19.79230769230769,23.846153846153847,3.4,0.6
2023-06-28 23:30:00+00:00,19.76923076923077,24.384615384615383,3.4,0.6
2023-06-28 23:40:00+00:00,19.746153846153845,24.923076923076923,3.4,0.6
2023-06-28 23:50:00+00:00,19.723076923076924,25.46153846153846,3.4,0.6
2023-06-29 00:00:00+00:00,19.7,26.0,3.4,0.6
2023-06-29 00:10:00+00:00,19.68,25.7,3.4,0.62
2023-06-29 00:20:00+00:00,19.66,25.4,3.4,0.64
2023-06-29 00:30:00+00:00,19.64,25.1,3.4,0.66
2023-06-29 00:40:00+00:00,19.62,24.8,3.4,0.68
2023-06-29 00:50:00+00:00,19.6,24.5,3.4,0.7
2023-06-29 01:00:00+00:00,19.58,24.2,3.4,0.72
2023-06-29 01:10:00+00:00,19.56,23.9,3.4,0.74
2023-06-29 01:20:00+00:00,19.54,23.6,3.4,0.76
2023-06-29 01:30:00+00:00,19.52,23.3,3.4,0.78
2023-06-29 01:40:00+00:00,19.5,23.0,3.4,0.8
2023-06-29 01:50:00+00:00,19.48,23.2,3.4,1.13
2023-06-29 02:00:00+00:00,19.46,23.4,3.4,1.46
2023-06-29 02:10:00+00:00,19.44,23.6,3.4,1.79
2023-06-29 02:20:00+00:00,19.42,23.8,3.4,2.12
2023-06-29 02:30:00+00:00,19.4,24.0,3.4,2.45
2023-06-29 02:40:00+00:00,19.38,24.2,3.4,2.78
2023-06-29 02:50:00+00:00,19.36,24.4,3.4,3.1099999999999994
2023-06-29 03:00:00+00:00,19.34,24.6,3.4,3.4399999999999995
2023-06-29 03:10:00+00:00,19.32,24.8,3.4,3.7699999999999996
2023-06-29 03:20:00+00:00,19.3,25.0,3.4,4.1
2023-06-29 03:30:00+00:00,19.3,24.0,3.4,4.1
2023-06-29 03:40:00+00:00,19.3,24.0,3.3,4.1
2023-06-29 03:50:00+00:00,19.3,24.0,3.3,4.1
2023-06-29 04:00:00+00:00,19.2,24.0,3.3,4.1
2023-06-29 04:10:00+00:00,19.2,25.0,3.3,4.1
2023-06-29 04:20:00+00:00,19.2,28.0,3.3,4.1
2023-06-29 04:30:00+00:00,19.2,32.0,3.3,4.1
2023-06-29 04:40:00+00:00,19.2,37.0,3.3,4.1
2023-06-29 04:50:00+00:00,19.2,31.5,3.3,4.1
2023-06-29 05:00:00+00:00,19.2,26.0,3.3,4.1
2023-06-29 05:10:00+00:00,19.3,24.0,3.3,4.1
2023-06-29 05:20:00+00:00,19.3,24.0,3.3,4.1
2023-06-29 05:30:00+00:00,19.3,24.0,3.3,4.1
2023-06-29 05:40:00+00:00,19.3,23.0,3.3,4.1
2023-06-29 05:50:00+00:00,19.3,24.0,3.3,4.1
2023-06-29 06:00:00+00:00,19.3,23.0,3.3,4.1
2023-06-29 06:10:00+00:00,19.3,23.0,3.3,4.1
2023-06-29 06:20:00+00:00,19.3,23.0,3.3,4.1
2023-06-29 06:30:00+00:00,19.4,23.0,3.3,4.1
2023-06-29 06:40:00+00:00,19.4,23.0,3.3,4.1
2023-06-29 06:50:00+00:00,19.4,23.0,3.3,4.1
2023-06-29 07:00:00+00:00,19.4,21.0,3.2,4.1
2023-06-29 07:10:00+00:00,19.5,21.0,3.2,4.1
2023-06-29 07:20:00+00:00,19.5,21.0,3.2,4.1
2023-06-29 07:30:00+00:00,19.6,20.0,3.1,4.2
2023-06-29 07:40:00+00:00,19.7,19.0,3.1,4.1
2023-06-29 07:50:00+00:00,19.8,19.0,3.1,5.6
2023-06-29 08:00:00+00:00,19.8,18.0,3.1,5.8
2023-06-29 08:10:00+00:00,20.0,18.0,3.1,5.9
2023-06-29 08:20:00+00:00,20.0,17.0,3.1,5.9
2023-06-29 08:30:00+00:00,20.05,17.0,3.1,5.9
2023-06-29 08:40:00+00:00,20.1,17.0,3.1,5.9
2023-06-29 08:50:00+00:00,20.3,16.0,3.1,5.9
2023-06-29 09:00:00+00:00,20.4,16.0,3.1,5.9
2023-06-29 09:10:00+00:00,20.5,16.0,3.1,5.9
2023-06-29 09:20:00+00:00,20.6,15.0,3.1,5.9
2023-06-29 09:30:00+00:00,20.8,14.0,3.1,5.9
2023-06-29 09:40:00+00:00,20.9,14.0,3.1,5.9
2023-06-29 09:50:00+00:00,21.0,14.0,3.1,5.9
2023-06-29 10:00:00+00:00,21.1,13.0,3.1,5.8
2023-06-29 10:10:00+00:00,21.3,12.0,3.1,5.9
2023-06-29 10:20:00+00:00,21.400000000000002,12.333333333333334,3.1,5.866666666666667
2023-06-29 10:30:00+00:00,21.5,12.666666666666666,3.1,5.833333333333333
2023-06-29 10:40:00+00:00,21.6,13.0,3.1,5.8
2023-06-29 10:50:00+00:00,21.8,12.0,3.1,5.7
2023-06-29 11:00:00+00:00,21.9,12.0,3.1,5.7
2023-06-29 11:10:00+00:00,22.0,11.0,3.1,5.5
2023-06-29 11:20:00+00:00,22.1,11.0,3.1,5.4
2023-06-29 11:30:00+00:00,22.3,11.0,3.1,5.2
2023-06-29 11:40:00+00:00,22.4,10.0,3.1,4.7
2023-06-29 11:50:00+00:00,22.5,10.0,3.1,4.1
2023-06-29 12:00:00+00:00,22.5,10.0,3.1,4.1
2023-06-29 12:10:00+00:00,22.55,10.0,3.1,4.1
2023-06-29 12:20:00+00:00,22.6,10.0,3.1,4.1
2023-06-29 12:30:00+00:00,22.6,10.0,3.1,4.1
2023-06-29 12:40:00+00:00,22.6,10.0,3.1,4.1
2023-06-29 12:50:00+00:00,22.6,11.0,3.1,4.1
2023-06-29 13:00:00+00:00,22.6,12.0,3.1,4.1
2023-06-29 13:10:00+00:00,22.5,13.0,3.1,4.1
2023-06-29 13:20:00+00:00,22.5,13.0,3.2,4.1
2023-06-29 13:30:00+00:00,22.4,13.0,3.2,4.1
2023-06-29 13:40:00+00:00,22.3,14.0,3.2,4.1
2023-06-29 13:50:00+00:00,22.3,15.0,3.2,4.1
2023-06-29 14:00:00+00:00,22.3,15.0,3.25,4.1
2023-06-29 14:10:00+00:00,22.3,15.0,3.3,4.1
2023-06-29 14:20:00+00:00,22.2,15.0,3.2,4.1
2023-06-29 14:30:00+00:00,22.1,16.0,3.2,4.1
2023-06-29 14:40:00+00:00,22.1,16.0,3.2,4.1
2023-06-29 14:50:00+00:00,22.0,18.0,3.2,4.1
2023-06-29 15:00:00+00:00,22.0,17.0,3.3,4.1
2023-06-29 15:10:00+00:00,21.9,17.0,3.2,4.1
2023-06-29 15:20:00+00:00,21.8,17.0,3.3,4.1
2023-06-29 15:30:00+00:00,21.8,17.0,3.2,4.1
2023-06-29 15:40:00+00:00,21.7,17.0,3.3,4.1
2023-06-29 15:50:00+00:00,21.65,17.0,3.3,4.1
2023-06-29 16:00:00+00:00,21.6,17.0,3.3,4.1
2023-06-29 16:10:00+00:00,21.6,18.0,3.3,4.1
2023-06-29 16:20:00+00:00,21.6,18.0,3.3,4.1
2023-06-29 16:30:00+00:00,21.5,20.0,3.3,4.1
2023-06-29 16:40:00+00:00,21.5,18.0,3.3,4.1
2023-06-29 16:50:00+00:00,21.5,18.0,3.3,4.1
2023-06-29 17:00:00+00:00,21.4,17.0,3.3,4.1
2023-06-29 17:10:00+00:00,21.3,18.0,3.3,4.1
2023-06-29 17:20:00+00:00,21.3,17.0,3.3,4.1
2023-06-29 17:30:00+00:00,21.3,18.0,3.3,4.1
2023-06-29 17:40:00+00:00,21.25,18.0,3.3,4.1
2023-06-29 17:50:00+00:00,21.2,18.0,3.3,4.1
2023-06-29 18:00:00+00:00,21.2,19.0,3.3,4.1
2023-06-29 18:10:00+00:00,21.1,19.0,3.3,4.1
2023-06-29 18:20:00+00:00,21.1,19.0,3.3,4.1
2023-06-29 18:30:00+00:00,21.1,19.0,3.3,4.1
2023-06-29 18:40:00+00:00,21.0,19.0,3.3,3.9
2023-06-29 18:50:00+00:00,21.0,19.0,3.3,3.9
2023-06-29 19:00:00+00:00,21.0,20.0,3.3,3.8
2023-06-29 19:10:00+00:00,21.0,20.0,3.3,3.5
2023-06-29 19:20:00+00:00,20.9,20.0,3.3,3.0
2023-06-29 19:30:00+00:00,20.85,20.0,3.3499999999999996,2.6
2023-06-29 19:40:00+00:00,20.8,20.0,3.4,2.2
2023-06-29 19:50:00+00:00,20.8,20.0,3.3,1.5
2023-06-29 20:00:00+00:00,20.8,20.0,3.4,1.0
2023-06-29 20:10:00+00:00,20.8,20.0,3.4,0.8
2023-06-29 20:20:00+00:00,20.75,20.2,3.4,0.78
2023-06-29 20:30:00+00:00,20.7,20.4,3.4,0.76
2023-06-29 20:40:00+00:00,20.650000000000002,20.6,3.4,0.74
2023-06-29 20:50:00+00:00,20.6,20.8,3.4,0.72
2023-06-29 21:00:00+00:00,20.55,21.0,3.4,0.7
2023-06-29 21:10:00+00:00,20.5,21.2,3.4,0.6799999999999999
2023-06-29 21:20:00+00:00,20.45,21.4,3.4,0.66
2023-06-29 21:30:00+00:00,20.400000000000002,21.6,3.4,0.64
2023-06-29 21:40:00+00:00,20.35,21.8,3.4,0.62
2023-06-29 21:50:00+00:00,20.3,22.0,3.4,0.6
2023-06-29 22:00:00+00:00,20.27,22.2,3.4,0.6
2023-06-29 22:10:00+00:00,20.240000000000002,22.4,3.4,0.6
2023-06-29 22:20:00+00:00,20.21,22.6,3.4,0.6
2023-06-29 22:30:00+00:00,20.18,22.8,3.4,0.6
2023-06-29 22:40:00+00:00,20.15,23.0,3.4,0.6
2023-06-29 22:50:00+00:00,20.12,23.2,3.4,0.6
2023-06-29 23:00:00+00:00,20.09,23.4,3.4,0.6
2023-06-29 23:10:00+00:00,20.06,23.6,3.4,0.6
2023-06-29 23:20:00+00:00,20.03,23.8,3.4,0.6
2023-06-29 23:30:00+00:00,20.0,24.0,3.4,0.6
2023-06-29 23:40:00+00:00,19.976923076923075,24.076923076923077,3.4,0.6076923076923076
2023-06-29 23:50:00+00:00,19.953846153846154,24.153846153846153,3.4,0.6153846153846153
2023-06-30 00:00:00+00:00,19.93076923076923,24.23076923076923,3.4,0.6230769230769231
2023-06-30 00:10:00+00:00,19.907692307692308,24.307692307692307,3.4,0.6307692307692307
2023-06-30 00:20:00+00:00,19.884615384615383,24.384615384615383,3.4,0.6384615384615384
2023-06-30 00:30:00+00:00,19.861538461538462,24.46153846153846,3.4,0.6461538461538461
2023-06-30 00:40:00+00:00,19.838461538461537,24.53846153846154,3.4,0.6538461538461539
2023-06-30 00:50:00+00:00,19.815384615384616,24.615384615384617,3.4,0.6615384615384615
2023-06-30 01:00:00+00:00,19.79230769230769,24.692307692307693,3.4,0.6692307692307692
2023-06-30 01:10:00+00:00,19.76923076923077,24.76923076923077,3.4,0.6769230769230768
2023-06-30 01:20:00+00:00,19.746153846153845,24.846153846153847,3.4,0.6846153846153846
2023-06-30 01:30:00+00:00,19.723076923076924,24.923076923076923,3.4,0.6923076923076923
2023-06-30 01:40:00+00:00,19.7,25.0,3.4,0.7
2023-06-30 01:50:00+00:00,19.68,25.1,3.4,1.04
2023-06-30 02:00:00+00:00,19.66,25.2,3.4,1.38
2023-06-30 02:10:00+00:00,19.64,25.3,3.4,1.72
2023-06-30 02:20:00+00:00,19.62,25.4,3.4,2.0599999999999996
2023-06-30 02:30:00+00:00,19.6,25.5,3.4,2.3999999999999995
2023-06-30 02:40:00+00:00,19.58,25.6,3.4,2.74
2023-06-30 02:50:00+00:00,19.56,25.7,3.4,3.08
2023-06-30 03:00:00+00:00,19.54,25.8,3.4,3.42
2023-06-30 03:10:00+00:00,19.52,25.9,3.4,3.76
2023-06-30 03:20:00+00:00,19.5,26.0,3.4,4.1
2023-06-30 03:30:00+00:00,19.5,27.0,3.4,4.1
2023-06-30 03:40:00+00:00,19.4,27.0,3.4,4.1
2023-06-30 03:50:00+00:00,19.4,27.0,3.4,4.1
2023-06-30 04:00:00+00:00,19.5,27.0,3.4,4.1
2023-06-30 04:10:00+00:00,19.4,27.0,3.4,4.1
2023-06-30 04:20:00+00:00,19.4,28.0,3.4,4.1
2023-06-30 04:30:00+00:00,19.4,28.0,3.3,4.1
2023-06-30 04:40:00+00:00,19.4,28.0,3.3,4.1
2023-06-30 04:50:00+00:00,19.4,28.0,3.4,4.1
2023-06-30 05:00:00+00:00,19.4,28.0,3.3499999999999996,4.1
2023-06-30 05:10:00+00:00,19.4,28.0,3.3,4.1
2023-06-30 05:20:00+00:00,19.4,27.0,3.3,4.1
2023-06-30 05:30:00+00:00,19.5,27.0,3.3,4.1
2023-06-30 05:40:00+00:00,19.5,27.0,3.3,4.1
2023-06-30 05:50:00+00:00,19.5,27.0,3.3,4.1
2023-06-30 06:00:00+00:00,19.5,26.0,3.3,4.1
2023-06-30 06:10:00+00:00,19.5,26.0,3.3,4.1
2023-06-30 06:20:00+00:00,19.5,26.0,3.3,4.1
2023-06-30 06:30:00+00:00,19.6,26.0,3.3,4.1
2023-06-30 06:40:00+00:00,19.6,25.0,3.3,4.1
2023-06-30 06:50:00+00:00,19.6,25.0,3.3,4.1
2023-06-30 07:00:00+00:00,19.6,25.0,3.3,4.1
2023-06-30 07:10:00+00:00,19.6,24.0,3.3,4.1
2023-06-30 07:20:00+00:00,19.7,24.0,3.2,4.1
2023-06-30 07:30:00+00:00,19.8,24.0,3.3,4.1
2023-06-30 07:40:00+00:00,19.8,24.0,3.3,4.1
2023-06-30 07:50:00+00:00,19.8,24.0,3.2,4.1
2023-06-30 08:00:00+00:00,19.9,23.0,3.2,4.1
2023-06-30 08:10:00+00:00,20.0,22.0,3.2,4.1
2023-06-30 08:20:00+00:00,20.0,22.0,3.2,4.1
2023-06-30 08:30:00+00:00,20.1,22.0,3.2,4.1
2023-06-30 08:40:00+00:00,20.15,21.5,3.1500000000000004,4.1
2023-06-30 08:50:00+00:00,20.2,21.0,3.1,4.1
2023-06-30 09:00:00+00:00,20.3,22.0,3.1,4.1
2023-06-30 09:10:00+00:00,20.3,21.0,3.2,4.1
2023-06-30 09:20:00+00:00,20.3,20.0,3.2,4.1
2023-06-30 09:30:00+00:00,20.3,20.0,3.2,4.1
2023-06-30 09:40:00+00:00,20.3,20.0,3.2,4.1
2023-06-30 09:50:00+00:00,20.4,20.0,3.3,4.1
2023-06-30 10:00:00+00:00,20.4,19.0,3.3,4.1
2023-06-30 10:10:00+00:00,20.4,21.0,3.3,4.1
2023-06-30 10:20:00+00:00,20.4,25.0,3.3,4.1
2023-06-30 10:30:00+00:00,20.4,26.0,3.3,4.1
2023-06-30 10:40:00+00:00,20.4,27.0,3.3,4.1
2023-06-30 10:50:00+00:00,20.4,25.0,3.3,4.1
2023-06-30 11:00:00+00:00,20.5,21.0,3.3,4.1
2023-06-30 11:10:00+00:00,20.5,20.0,3.3,4.1
2023-06-30 11:20:00+00:00,20.5,19.0,3.3,4.1
2023-06-30 11:30:00+00:00,20.5,21.0,3.3,4.1
2023-06-30 11:40:00+00:00,20.5,20.0,3.3,4.1
2023-06-30 11:50:00+00:00,20.5,17.0,3.3,4.1
2023-06-30 12:00:00+00:00,20.5,17.0,3.3,4.1
2023-06-30 12:10:00+00:00,20.5,17.0,3.3,4.1
2023-06-30 12:20:00+00:00,20.5,17.0,3.3,4.1
2023-06-30 12:30:00+00:00,20.5,17.0,3.3,4.1
2023-06-30 12:40:00+00:00,20.4,18.0,3.3,4.1
2023-06-30 12:50:00+00:00,20.5,18.0,3.3,4.1
2023-06-30 13:00:00+00:00,20.5,18.0,3.3,4.1
2023-06-30 13:10:00+00:00,20.4,18.0,3.3,4.1
2023-06-30 13:20:00+00:00,20.5,18.0,3.3,4.1
2023-06-30 13:30:00+00:00,20.5,17.0,3.3,4.1
2023-06-30 13:40:00+00:00,20.5,17.0,3.3,4.1
2023-06-30 13:50:00+00:00,20.5,21.0,3.3,4.1
2023-06-30 14:00:00+00:00,20.5,57.0,3.3,4.1
2023-06-30 14:10:00+00:00,20.5,60.0,3.3,4.1
2023-06-30 14:20:00+00:00,20.5,63.0,3.3,4.1
2023-06-30 14:30:00+00:00,20.4,64.0,3.3,4.1
2023-06-30 14:40:00+00:00,20.4,66.0,3.3,4.1
2023-06-30 14:50:00+00:00,20.4,70.0,3.3,4.1
2023-06-30 15:00:00+00:00,20.4,71.0,3.4,4.1
2023-06-30 15:10:00+00:00,20.4,70.0,3.3,4.1
2023-06-30 15:20:00+00:00,20.3,70.0,3.3,4.1
2023-06-30 15:30:00+00:00,20.3,72.0,3.3,4.1
2023-06-30 15:40:00+00:00,20.3,72.0,3.3,4.1
2023-06-30 15:50:00+00:00,20.3,70.0,3.3,4.1
2023-06-30 16:00:00+00:00,20.3,70.0,3.3,4.1
2023-06-30 16:10:00+00:00,20.3,70.0,3.3,4.1
2023-06-30 16:20:00+00:00,20.3,69.0,3.3,4.1
2023-06-30 16:30:00+00:00,20.3,69.0,3.3,4.1
2023-06-30 16:40:00+00:00,20.3,68.0,3.4,4.1
2023-06-30 16:50:00+00:00,20.3,68.0,3.3,4.1
2023-06-30 17:00:00+00:00,20.2,68.0,3.3,4.1
2023-06-30 17:10:00+00:00,20.2,66.0,3.3,4.1
2023-06-30 17:20:00+00:00,20.2,63.0,3.3,4.1
2023-06-30 17:30:00+00:00,20.1,61.0,3.3,4.1
2023-06-30 17:40:00+00:00,20.1,68.0,3.4,4.1
2023-06-30 17:50:00+00:00,20.1,66.5,3.3499999999999996,4.1
2023-06-30 18:00:00+00:00,20.1,65.0,3.3,4.1
2023-06-30 18:10:00+00:00,20.1,62.0,3.3,3.9
2023-06-30 18:20:00+00:00,20.1,60.0,3.4,3.9
2023-06-30 18:30:00+00:00,20.0,62.0,3.3,3.9
2023-06-30 18:40:00+00:00,20.0,63.0,3.4,3.6
2023-06-30 18:50:00+00:00,20.0,60.0,3.4,3.6
2023-06-30 19:00:00+00:00,20.0,58.0,3.4,3.6
2023-06-30 19:10:00+00:00,20.0,60.0,3.4,3.8
2023-06-30 19:20:00+00:00,19.9,58.0,3.4,3.6
2023-06-30 19:30:00+00:00,19.9,57.5,3.4,3.05
2023-06-30 19:40:00+00:00,19.9,57.0,3.4,2.5
2023-06-30 19:50:00+00:00,19.8,55.0,3.4,1.5
2023-06-30 20:00:00+00:00,19.8,54.0,3.4,0.8
2023-06-30 20:10:00+00:00,19.77,53.5,3.4,0.78
2023-06-30 20:20:00+00:00,19.740000000000002,53.0,3.4,0.76
2023-06-30 20:30:00+00:00,19.71,52.5,3.4,0.74
2023-06-30 20:40:00+00:00,19.68,52.0,3.4,0.72
2023-06-30 20:50:00+00:00,19.65,51.5,3.4,0.7
2023-06-30 21:00:00+00:00,19.62,51.0,3.4,0.6799999999999999
2023-06-30 21:10:00+00:00,19.59,50.5,3.4,0.66
2023-06-30 21:20:00+00:00,19.56,50.0,3.4,0.64
2023-06-30 21:30:00+00:00,19.53,49.5,3.4,0.62
2023-06-30 21:40:00+00:00,19.5,49.0,3.4,0.6
2023-06-30 21:50:00+00:00,19.46923076923077,48.76923076923077,3.4,0.6
2023-06-30 22:00:00+00:00,19.43846153846154,48.53846153846154,3.4,0.6
2023-06-30 22:10:00+00:00,19.407692307692308,48.30769230769231,3.4,0.6
2023-06-30 22:20:00+00:00,19.376923076923077,48.07692307692308,3.4,0.6
2023-06-30 22:30:00+00:00,19.346153846153847,47.84615384615385,3.4,0.6
2023-06-30 22:40:00+00:00,19.315384615384616,47.61538461538461,3.4,0.6
2023-06-30 22:50:00+00:00,19.284615384615385,47.38461538461539,3.4,0.6
2023-06-30 23:00:00+00:00,19.253846153846155,47.15384615384615,3.4,0.6
2023-06-30 23:10:00+00:00,19.223076923076924,46.92307692307692,3.4,0.6
2023-06-30 23:20:00+00:00,19.192307692307693,46.69230769230769,3.4,0.6
2023-06-30 23:30:00+00:00,19.161538461538463,46.46153846153846,3.4,0.6
2023-06-30 23:40:00+00:00,19.130769230769232,46.23076923076923,3.4,0.6
2023-06-30 23:50:00+00:00,19.1,46.0,3.4,0.6
2023-07-01 00:00:00+00:00,19.080000000000002,45.9,3.4,0.6
2023-07-01 00:10:00+00:00,19.060000000000002,45.8,3.4,0.6
2023-07-01 00:20:00+00:00,19.04,45.7,3.4,0.6
2023-07-01 00:30:00+00:00,19.02,45.6,3.4,0.6
2023-07-01 00:40:00+00:00,19.0,45.5,3.4,0.6
2023-07-01 00:50:00+00:00,18.98,45.4,3.4,0.6
2023-07-01 01:00:00+00:00,18.96,45.3,3.4,0.6
2023-07-01 01:10:00+00:00,18.939999999999998,45.2,3.4,0.6
2023-07-01 01:20:00+00:00,18.919999999999998,45.1,3.4,0.6
2023-07-01 01:30:00+00:00,18.9,45.0,3.4,0.6
2023-07-01 01:40:00+00:00,18.869999999999997,44.75,3.4,0.95
2023-07-01 01:50:00+00:00,18.84,44.5,3.4,1.2999999999999998
2023-07-01 02:00:00+00:00,18.81,44.25,3.4,1.65
2023-07-01 02:10:00+00:00,18.78,44.0,3.4,2.0
2023-07-01 02:20:00+00:00,18.75,43.75,3.4,2.35
2023-07-01 02:30:00+00:00,18.72,43.5,3.4,2.6999999999999997
2023-07-01 02:40:00+00:00,18.69,43.25,3.4,3.05
2023-07-01 02:50:00+00:00,18.66,43.0,3.4,3.4
2023-07-01 03:00:00+00:00,18.630000000000003,42.75,3.4,3.75
2023-07-01 03:10:00+00:00,18.6,42.5,3.4,4.1
2023-07-01 03:20:00+00:00,18.6,42.75,3.4,4.1
2023-07-01 03:30:00+00:00,18.6,43.0,3.4,4.1
2023-07-01 03:40:00+00:00,18.5,43.0,3.4,4.1
2023-07-01 03:50:00+00:00,18.5,42.0,3.4,4.1
2023-07-01 04:00:00+00:00,18.5,42.0,3.4,4.1
2023-07-01 04:10:00+00:00,18.5,42.0,3.4,4.1
2023-07-01 04:20:00+00:00,18.5,42.0,3.4,4.1
2023-07-01 04:30:00+00:00,18.5,42.0,3.3,4.1
2023-07-01 04:40:00+00:00,18.5,42.0,3.4,4.1
2023-07-01 04:50:00+00:00,18.5,42.0,3.3,4.1
2023-07-01 05:00:00+00:00,18.5,42.0,3.3,4.1
2023-07-01 05:10:00+00:00,18.5,43.5,3.3,4.1
2023-07-01 05:20:00+00:00,18.5,45.0,3.3,4.1
2023-07-01 05:30:00+00:00,18.5,41.0,3.3,4.1
2023-07-01 05:40:00+00:00,18.5,44.0,3.2,4.1
2023-07-01 05:50:00+00:00,18.5,41.0,3.2,4.1
2023-07-01 06:00:00+00:00,18.6,40.0,3.1,4.1
2023-07-01 06:10:00+00:00,18.6,40.0,3.2,4.1
2023-07-01 06:20:00+00:00,18.6,40.0,3.1,4.1
2023-07-01 06:30:00+00:00,18.6,40.0,3.1,4.2
2023-07-01 06:40:00+00:00,18.7,39.0,3.1,4.1
2023-07-01 06:50:00+00:00,18.8,39.0,3.1,4.1
2023-07-01 07:00:00+00:00,18.8,38.5,3.1,4.15
2023-07-01 07:10:00+00:00,18.8,38.0,3.1,4.2
2023-07-01 07:20:00+00:00,18.9,40.0,3.1,4.1
2023-07-01 07:30:00+00:00,19.0,38.0,3.1,4.1
2023-07-01 07:40:00+00:00,19.1,39.0,3.1,5.5
2023-07-01 07:50:00+00:00,19.1,39.0,3.1,5.8
2023-07-01 08:00:00+00:00,19.3,37.0,3.1,5.8
2023-07-01 08:10:00+00:00,19.4,37.0,3.1,5.9
2023-07-01 08:20:00+00:00,19.5,36.0,3.1,5.9
2023-07-01 08:30:00+00:00,19.6,35.0,3.1,6.0
2023-07-01 08:40:00+00:00,19.7,35.0,3.1,5.8
2023-07-01 08:50:00+00:00,19.75,34.5,3.1,5.85
2023-07-01 09:00:00+00:00,19.8,34.0,3.1,5.9
2023-07-01 09:10:00+00:00,20.0,34.0,3.1,5.9
2023-07-01 09:20:00+00:00,20.1,34.0,3.1,5.0
2023-07-01 09:30:00+00:00,20.1,34.0,3.1,5.8
2023-07-01 09:40:00+00:00,20.3,34.0,3.1,5.9
2023-07-01 09:50:00+00:00,20.5,32.0,3.1,5.9
2023-07-01 10:00:00+00:00,20.6,30.0,3.1,4.2
2023-07-01 10:10:00+00:00,20.7,31.0,3.1,5.2
2023-07-01 10:20:00+00:00,20.8,30.0,3.1,5.3
2023-07-01 10:30:00+00:00,21.0,30.0,3.1,5.8
2023-07-01 10:40:00+00:00,21.05,29.5,3.1,5.85
2023-07-01 10:50:00+00:00,21.1,29.0,3.1,5.9
2023-07-01 11:00:00+00:00,21.3,29.0,3.1,5.9
2023-07-01 11:10:00+00:00,21.5,28.0,3.1,5.8
2023-07-01 11:20:00+00:00,21.5,31.0,3.1,4.1
2023-07-01 11:30:00+00:00,21.6,29.0,3.1,5.7
2023-07-01 11:40:00+00:00,21.6,28.0,3.1,4.1
2023-07-01 11:50:00+00:00,21.6,29.0,3.1,5.6
2023-07-01 12:00:00+00:00,21.7,28.0,3.2,5.5
2023-07-01 12:10:00+00:00,21.9,27.0,3.1,5.2
2023-07-01 12:20:00+00:00,22.0,26.0,3.1,4.1
2023-07-01 12:30:00+00:00,21.95,26.5,3.1,4.1
2023-07-01 12:40:00+00:00,21.9,27.0,3.1,4.1
2023-07-01 12:50:00+00:00,22.0,27.0,3.1,4.2
2023-07-01 13:00:00+00:00,22.0,27.0,3.1,4.1
2023-07-01 13:10:00+00:00,21.9,27.0,3.2,4.1
2023-07-01 13:20:00+00:00,21.9,28.0,3.2,4.1
2023-07-01 13:30:00+00:00,21.9,28.0,3.2,4.1
2023-07-01 13:40:00+00:00,21.8,28.0,3.2,4.1
2023-07-01 13:50:00+00:00,21.8,28.0,3.2,4.1
2023-07-01 14:00:00+00:00,21.8,28.0,3.2,4.1
2023-07-01 14:10:00+00:00,21.8,28.0,3.3,4.1
2023-07-01 14:20:00+00:00,21.8,28.5,3.3,4.1
2023-07-01 14:30:00+00:00,21.8,29.0,3.3,4.1
2023-07-01 14:40:00+00:00,21.7,28.0,3.3,4.1
2023-07-01 14:50:00+00:00,21.6,29.0,3.3,4.1
2023-07-01 15:00:00+00:00,21.6,28.0,3.3,4.1
2023-07-01 15:10:00+00:00,21.6,29.0,3.3,4.1
2023-07-01 15:20:00+00:00,21.5,29.0,3.3,4.1
2023-07-01 15:30:00+00:00,21.5,29.0,3.3,4.1
2023-07-01 15:40:00+00:00,21.5,29.0,3.3,4.1
2023-07-01 15:50:00+00:00,21.4,30.0,3.3,4.1
2023-07-01 16:00:00+00:00,21.4,28.0,3.3,4.1
2023-07-01 16:10:00+00:00,21.35,28.5,3.3,4.1
2023-07-01 16:20:00+00:00,21.3,29.0,3.3,4.1
2023-07-01 16:30:00+00:00,21.3,28.0,3.3,4.1
2023-07-01 16:40:00+00:00,21.3,29.0,3.3,4.1
2023-07-01 16:50:00+00:00,21.2,29.0,3.3,4.1
2023-07-01 17:00:00+00:00,21.2,33.0,3.3,4.1
2023-07-01 17:10:00+00:00,21.1,30.0,3.3,4.1
2023-07-01 17:20:00+00:00,21.1,30.0,3.3,4.1
2023-07-01 17:30:00+00:00,21.1,30.0,3.3,4.1
2023-07-01 17:40:00+00:00,21.1,30.0,3.3,4.1
2023-07-01 17:50:00+00:00,21.0,30.0,3.3,4.1
2023-07-01 18:00:00+00:00,21.0,30.0,3.3,4.1
2023-07-01 18:10:00+00:00,21.0,30.0,3.3,4.1
2023-07-01 18:20:00+00:00,21.0,30.0,3.3,3.9
2023-07-01 18:30:00+00:00,20.9,30.0,3.3,3.8
2023-07-01 18:40:00+00:00,20.9,30.0,3.3,3.6
2023-07-01 18:50:00+00:00,20.8,30.0,3.3,3.3
2023-07-01 19:00:00+00:00,20.8,30.0,3.3,3.3
2023-07-01 19:10:00+00:00,20.8,30.0,3.3,3.4
2023-07-01 19:20:00+00:00,20.7,31.0,3.4,2.3
2023-07-01 19:30:00+00:00,20.7,30.0,3.4,1.4
2023-07-01 19:40:00+00:00,20.65,30.5,3.3499999999999996,1.25
2023-07-01 19:50:00+00:00,20.6,31.0,3.3,1.1
2023-07-01 20:00:00+00:00,20.6,31.0,3.3,0.8
2023-07-01 20:10:00+00:00,20.57,31.1,3.3099999999999996,0.78
2023-07-01 20:20:00+00:00,20.540000000000003,31.2,3.32,0.76
2023-07-01 20:30:00+00:00,20.51,31.3,3.33,0.74
2023-07-01 20:40:00+00:00,20.48,31.4,3.34,0.72
2023-07-01 20:50:00+00:00,20.450000000000003,31.5,3.3499999999999996,0.7
2023-07-01 21:00:00+00:00,20.42,31.6,3.36,0.6799999999999999
2023-07-01 21:10:00+00:00,20.39,31.7,3.37,0.66
2023-07-01 21:20:00+00:00,20.36,31.8,3.38,0.64
2023-07-01 21:30:00+00:00,20.330000000000002,31.9,3.3899999999999997,0.62
2023-07-01 21:40:00+00:00,20.3,32.0,3.4,0.6
2023-07-01 21:50:00+00:00,20.28,32.2,3.3899999999999997,0.6
2023-07-01 22:00:00+00:00,20.26,32.4,3.38,0.6
2023-07-01 22:10:00+00:00,20.240000000000002,32.6,3.37,0.6
2023-07-01 22:20:00+00:00,20.220000000000002,32.8,3.36,0.6
2023-07-01 22:30:00+00:00,20.200000000000003,33.0,3.3499999999999996,0.6
2023-07-01 22:40:00+00:00,20.18,33.2,3.34,0.6
2023-07-01 22:50:00+00:00,20.16,33.4,3.33,0.6
2023-07-01 23:00:00+00:00,20.14,33.6,3.32,0.6
2023-07-01 23:10:00+00:00,20.12,33.8,3.3099999999999996,0.6
2023-07-01 23:20:00+00:00,20.1,34.0,3.3,0.6
2023-07-01 23:30:00+00:00,20.084615384615386,34.07692307692308,3.3076923076923075,0.6
2023-07-01 23:40:00+00:00,20.06923076923077,34.15384615384615,3.315384615384615,0.6
2023-07-01 23:50:00+00:00,20.053846153846155,34.23076923076923,3.323076923076923,0.6
2023-07-02 00:00:00+00:00,20.03846153846154,34.30769230769231,3.3307692307692305,0.6
2023-07-02 00:10:00+00:00,20.023076923076925,34.38461538461539,3.338461538461538,0.6
2023-07-02 00:20:00+00:00,20.00769230769231,34.46153846153846,3.346153846153846,0.6
2023-07-02 00:30:00+00:00,19.99230769230769,34.53846153846154,3.353846153846154,0.6
2023-07-02 00:40:00+00:00,19.976923076923075,34.61538461538461,3.3615384615384616,0.6
2023-07-02 00:50:00+00:00,19.96153846153846,34.69230769230769,3.3692307692307693,0.6
2023-07-02 01:00:00+00:00,19.946153846153845,34.76923076923077,3.376923076923077,0.6
2023-07-02 01:10:00+00:00,19.93076923076923,34.84615384615385,3.3846153846153846,0.6
2023-07-02 01:20:00+00:00,19.915384615384614,34.92307692307692,3.3923076923076922,0.6
2023-07-02 01:30:00+00:00,19.9,35.0,3.4,0.6
2023-07-02 01:40:00+00:00,19.875,35.3,3.4,0.95
2023-07-02 01:50:00+00:00,19.849999999999998,35.6,3.4,1.2999999999999998
2023-07-02 02:00:00+00:00,19.825,35.9,3.4,1.65
2023-07-02 02:10:00+00:00,19.799999999999997,36.2,3.4,2.0
2023-07-02 02:20:00+00:00,19.775,36.5,3.4,2.35
2023-07-02 02:30:00+00:00,19.75,36.8,3.4,2.6999999999999997
2023-07-02 02:40:00+00:00,19.724999999999998,37.1,3.4,3.05
2023-07-02 02:50:00+00:00,19.7,37.4,3.4,3.4
2023-07-02 03:00:00+00:00,19.674999999999997,37.7,3.4,3.75
2023-07-02 03:10:00+00:00,19.65,38.0,3.4,4.1
2023-07-02 03:20:00+00:00,19.6,38.0,3.4,4.1
2023-07-02 03:30:00+00:00,19.6,38.0,3.4,4.1
2023-07-02 03:40:00+00:00,19.6,38.0,3.4,4.1
2023-07-02 03:50:00+00:00,19.6,38.0,3.3,4.1
2023-07-02 04:00:00+00:00,19.6,38.0,3.4,4.1
2023-07-02 04:10:00+00:00,19.6,38.0,3.3,4.1
2023-07-02 04:20:00+00:00,19.6,38.0,3.3,4.1
2023-07-02 04:30:00+00:00,19.6,38.0,3.4,4.1
2023-07-02 04:40:00+00:00,19.6,38.0,3.3,4.1
2023-07-02 04:50:00+00:00,19.6,38.0,3.3,4.1
2023-07-02 05:00:00+00:00,19.6,38.0,3.3,4.1
2023-07-02 05:10:00+00:00,19.6,38.0,3.3,4.1
2023-07-02 05:20:00+00:00,19.6,38.0,3.3,4.1
2023-07-02 05:30:00+00:00,19.6,38.0,3.3,4.1
2023-07-02 05:40:00+00:00,19.6,38.0,3.3,4.1
2023-07-02 05:50:00+00:00,19.6,37.0,3.3,4.1
2023-07-02 06:00:00+00:00,19.6,37.0,3.3,4.1
2023-07-02 06:10:00+00:00,19.6,36.0,3.4,4.1
2023-07-02 06:20:00+00:00,19.6,37.0,3.3,4.1
2023-07-02 06:30:00+00:00,19.6,36.0,3.3,4.1
2023-07-02 06:40:00+00:00,19.6,36.0,3.4,4.1
2023-07-02 06:50:00+00:00,19.5,69.0,3.3,4.1
2023-07-02 07:00:00+00:00,19.5,75.0,3.4,4.1
2023-07-02 07:10:00+00:00,19.5,76.0,3.4,4.1
2023-07-02 07:20:00+00:00,19.5,77.0,3.4,4.1
2023-07-02 07:30:00+00:00,19.5,76.0,3.4,4.1
2023-07-02 07:40:00+00:00,19.5,76.0,3.3,4.1
2023-07-02 07:50:00+00:00,19.5,75.0,3.4,4.1
2023-07-02 08:00:00+00:00,19.5,74.0,3.3,4.1
2023-07-02 08:10:00+00:00,19.5,74.0,3.3,4.1
2023-07-02 08:20:00+00:00,19.5,73.0,3.3,4.1
2023-07-02 08:30:00+00:00,19.5,73.0,3.3,4.1
2023-07-02 08:40:00+00:00,19.5,74.0,3.2,4.1
2023-07-02 08:50:00+00:00,19.6,69.0,3.2,4.1
2023-07-02 09:00:00+00:00,19.65,67.5,3.2,4.1
2023-07-02 09:10:00+00:00,19.7,66.0,3.2,4.1
2023-07-02 09:20:00+00:00,19.8,66.0,3.1,4.2
2023-07-02 09:30:00+00:00,19.8,63.0,3.2,4.1
2023-07-02 09:40:00+00:00,19.8,62.0,3.2,4.1
2023-07-02 09:50:00+00:00,19.9,60.0,3.2,4.1
2023-07-02 10:00:00+00:00,20.0,59.0,3.1,4.1
2023-07-02 10:10:00+00:00,20.1,59.0,3.2,4.1
2023-07-02 10:20:00+00:00,20.1,58.0,3.2,4.1
2023-07-02 10:30:00+00:00,20.2,57.0,3.2,4.1
2023-07-02 10:40:00+00:00,20.2,57.0,3.2,4.1
2023-07-02 10:50:00+00:00,20.2,56.5,3.25,4.1
2023-07-02 11:00:00+00:00,20.2,56.0,3.3,4.1
2023-07-02 11:10:00+00:00,20.3,58.0,3.3,4.1
2023-07-02 11:20:00+00:00,20.3,63.0,3.3,4.1
2023-07-02 11:30:00+00:00,20.3,69.0,3.3,4.1
2023-07-02 11:40:00+00:00,20.4,71.0,3.2,5.5
2023-07-02 11:50:00+00:00,20.5,68.0,3.2,5.4
2023-07-02 12:00:00+00:00,20.6,67.0,3.2,4.1
2023-07-02 12:10:00+00:00,20.6,65.0,3.2,5.1
2023-07-02 12:20:00+00:00,20.6,65.0,3.2,4.1
2023-07-02 12:30:00+00:00,20.6,64.0,3.3,4.1
2023-07-02 12:40:00+00:00,20.6,63.0,3.3,4.1
2023-07-02 12:50:00+00:00,20.6,62.0,3.3,4.1
2023-07-02 13:00:00+00:00,20.6,61.0,3.2,4.1
2023-07-02 13:10:00+00:00,20.6,60.0,3.2,4.1
2023-07-02 13:20:00+00:00,20.5,59.0,3.3,4.1
2023-07-02 13:30:00+00:00,20.5,59.0,3.3,4.1
2023-07-02 13:40:00+00:00,20.5,57.0,3.3,4.1
2023-07-02 13:50:00+00:00,20.5,56.0,3.3,4.1
2023-07-02 14:00:00+00:00,20.5,56.0,3.3,4.1
2023-07-02 14:10:00+00:00,20.4,55.0,3.3,4.1
2023-07-02 14:20:00+00:00,20.3,54.0,3.3,4.1
2023-07-02 14:30:00+00:00,20.3,54.0,3.3,4.1
2023-07-02 14:40:00+00:00,20.3,54.0,3.3,4.1
2023-07-02 14:50:00+00:00,20.3,53.0,3.3,4.1
2023-07-02 15:00:00+00:00,20.2,53.0,3.4,4.1
2023-07-02 15:10:00+00:00,20.2,52.0,3.3,4.1
2023-07-02 15:20:00+00:00,20.15,52.0,3.3,4.1
2023-07-02 15:30:00+00:00,20.1,52.0,3.3,4.1
2023-07-02 15:40:00+00:00,20.1,52.0,3.4,4.1
2023-07-02 15:50:00+00:00,20.1,51.0,3.3,4.1
2023-07-02 16:00:00+00:00,20.0,52.0,3.4,4.1
2023-07-02 16:10:00+00:00,20.0,51.0,3.3,4.1
2023-07-02 16:20:00+00:00,20.0,51.0,3.3499999999999996,4.1
2023-07-02 16:30:00+00:00,20.0,51.0,3.4,4.1
2023-07-02 16:40:00+00:00,19.9,50.0,3.3,4.1
2023-07-02 16:50:00+00:00,19.9,51.0,3.3,4.1
2023-07-02 17:00:00+00:00,19.8,50.0,3.4,4.1
2023-07-02 17:10:00+00:00,19.8,50.0,3.4,4.1
2023-07-02 17:20:00+00:00,19.8,50.0,3.4,4.1
2023-07-02 17:30:00+00:00,19.7,50.0,3.4,4.1
2023-07-02 17:40:00+00:00,19.6,50.0,3.4,4.1
2023-07-02 17:50:00+00:00,19.6,49.0,3.4,4.1
2023-07-02 18:00:00+00:00,19.6,49.0,3.4,4.1
2023-07-02 18:10:00+00:00,19.6,49.0,3.4,4.1
2023-07-02 18:20:00+00:00,19.5,49.0,3.4,4.1
2023-07-02 18:30:00+00:00,19.5,49.0,3.4,4.1
2023-07-02 18:40:00+00:00,19.5,49.0,3.4,4.1
2023-07-02 18:50:00+00:00,19.4,49.0,3.4,4.0
2023-07-02 19:00:00+00:00,19.3,48.0,3.4,3.9
2023-07-02 19:10:00+00:00,19.3,49.0,3.4,3.6
2023-07-02 19:20:00+00:00,19.3,48.0,3.4,3.2
2023-07-02 19:30:00+00:00,19.2,48.0,3.4,2.6
2023-07-02 19:40:00+00:00,19.2,48.0,3.4,1.8
2023-07-02 19:50:00+00:00,19.15,48.0,3.4,1.5
2023-07-02 20:00:00+00:00,19.1,48.0,3.4,1.2
2023-07-02 20:10:00+00:00,19.1,48.0,3.4,0.8
2023-07-02 20:20:00+00:00,19.07,48.0,3.4,0.78
2023-07-02 20:30:00+00:00,19.040000000000003,48.0,3.4,0.76
2023-07-02 20:40:00+00:00,19.01,48.0,3.4,0.74
2023-07-02 20:50:00+00:00,18.98,48.0,3.4,0.72
2023-07-02 21:00:00+00:00,18.950000000000003,48.0,3.4,0.7
2023-07-02 21:10:00+00:00,18.92,48.0,3.4,0.6799999999999999
2023-07-02 21:20:00+00:00,18.89,48.0,3.4,0.66
2023-07-02 21:30:00+00:00,18.86,48.0,3.4,0.64
2023-07-02 21:40:00+00:00,18.830000000000002,48.0,3.4,0.62
2023-07-02 21:50:00+00:00,18.8,48.0,3.4,0.6
2023-07-02 22:00:00+00:00,18.77,47.8,3.4,0.6
2023-07-02 22:10:00+00:00,18.740000000000002,47.6,3.4,0.6
2023-07-02 22:20:00+00:00,18.71,47.4,3.4,0.6
2023-07-02 22:30:00+00:00,18.68,47.2,3.4,0.6
2023-07-02 22:40:00+00:00,18.65,47.0,3.4,0.6
2023-07-02 22:50:00+00:00,18.62,46.8,3.4,0.6
2023-07-02 23:00:00+00:00,18.59,46.6,3.4,0.6
2023-07-02 23:10:00+00:00,18.56,46.4,3.4,0.6
2023-07-02 23:20:00+00:00,18.53,46.2,3.4,0.6
2023-07-02 23:30:00+00:00,18.5,46.0,3.4,0.6
2023-07-02 23:40:00+00:00,18.484615384615385,45.76923076923077,3.4076923076923076,0.5923076923076923
2023-07-02 23:50:00+00:00,18.46923076923077,45.53846153846154,3.4153846153846152,0.5846153846153846
2023-07-03 00:00:00+00:00,18.453846153846154,45.30769230769231,3.423076923076923,0.5769230769230769
2023-07-03 00:10:00+00:00,18.43846153846154,45.07692307692308,3.4307692307692306,0.5692307692307692
2023-07-03 00:20:00+00:00,18.423076923076923,44.84615384615385,3.4384615384615382,0.5615384615384615
2023-07-03 00:30:00+00:00,18.407692307692308,44.61538461538461,3.446153846153846,0.5538461538461539
2023-07-03 00:40:00+00:00,18.392307692307693,44.38461538461539,3.453846153846154,0.5461538461538461
2023-07-03 00:50:00+00:00,18.376923076923077,44.15384615384615,3.4615384615384617,0.5384615384615384
2023-07-03 01:00:00+00:00,18.361538461538462,43.92307692307692,3.4692307692307693,0.5307692307692308
2023-07-03 01:10:00+00:00,18.346153846153847,43.69230769230769,3.476923076923077,0.5230769230769231
2023-07-03 01:20:00+00:00,18.33076923076923,43.46153846153846,3.4846153846153847,0.5153846153846153
2023-07-03 01:30:00+00:00,18.315384615384616,43.23076923076923,3.4923076923076923,0.5076923076923077
2023-07-03 01:40:00+00:00,18.3,43.0,3.5,0.5
2023-07-03 01:50:00+00:00,18.27,42.9,3.495,0.86
2023-07-03 02:00:00+00:00,18.240000000000002,42.8,3.49,1.22
2023-07-03 02:10:00+00:00,18.21,42.7,3.485,1.58
2023-07-03 02:20:00+00:00,18.18,42.6,3.48,1.94
2023-07-03 02:30:00+00:00,18.15,42.5,3.475,2.3
2023-07-03 02:40:00+00:00,18.12,42.4,3.47,2.66
2023-07-03 02:50:00+00:00,18.09,42.3,3.4650000000000003,3.02
2023-07-03 03:00:00+00:00,18.06,42.2,3.46,3.38
2023-07-03 03:10:00+00:00,18.03,42.1,3.455,3.7399999999999998
2023-07-03 03:20:00+00:00,18.0,42.0,3.45,4.1
2023-07-03 03:30:00+00:00,18.0,42.0,3.4,4.1
2023-07-03 03:40:00+00:00,18.0,41.5,3.4,4.1
2023-07-03 03:50:00+00:00,18.0,41.0,3.4,4.1
2023-07-03 04:00:00+00:00,17.9,42.0,3.4,4.1
2023-07-03 04:10:00+00:00,17.9,42.0,3.4,4.1
2023-07-03 04:20:00+00:00,17.9,41.0,3.4,4.1
2023-07-03 04:30:00+00:00,17.9,42.0,3.4,4.1
2023-07-03 04:40:00+00:00,17.9,42.0,3.3,4.1
2023-07-03 04:50:00+00:00,17.9,43.0,3.3,4.1
2023-07-03 05:00:00+00:00,17.9,42.0,3.3,4.1
2023-07-03 05:10:00+00:00,17.9,43.0,3.2,4.1
2023-07-03 05:20:00+00:00,17.9,43.0,3.2,4.1
2023-07-03 05:30:00+00:00,17.9,43.0,3.2,4.15
2023-07-03 05:40:00+00:00,17.9,43.0,3.2,4.2
2023-07-03 05:50:00+00:00,17.9,42.0,3.2,4.1
2023-07-03 06:00:00+00:00,17.9,41.0,3.1,4.1
2023-07-03 06:10:00+00:00,17.9,41.0,3.1,5.8
2023-07-03 06:20:00+00:00,18.0,40.0,3.1,5.9
2023-07-03 06:30:00+00:00,18.0,39.0,3.1,5.9
2023-07-03 06:40:00+00:00,18.0,38.0,3.1,6.0
2023-07-03 06:50:00+00:00,18.1,38.0,3.1,6.0
2023-07-03 07:00:00+00:00,18.1,37.0,3.1,6.0
2023-07-03 07:10:00+00:00,18.2,37.0,3.1,6.0
2023-07-03 07:20:00+00:00,18.25,37.0,3.1,6.05
2023-07-03 07:30:00+00:00,18.3,37.0,3.1,6.1
2023-07-03 07:40:00+00:00,18.3,36.0,3.1,6.0
2023-07-03 07:50:00+00:00,18.4,36.0,3.1,6.0
2023-07-03 08:00:00+00:00,18.5,35.0,3.1,6.0
2023-07-03 08:10:00+00:00,18.6,34.0,3.1,6.0
2023-07-03 08:20:00+00:00,18.7,33.0,3.1,6.0
2023-07-03 08:30:00+00:00,18.8,33.0,3.1,6.2
2023-07-03 08:40:00+00:00,19.0,33.0,3.1,4.1
2023-07-03 08:50:00+00:00,19.0,34.0,3.1,6.1
2023-07-03 09:00:00+00:00,19.1,32.0,3.1,6.0
2023-07-03 09:10:00+00:00,19.200000000000003,32.5,3.1,6.1
2023-07-03 09:20:00+00:00,19.3,33.0,3.1,6.2
2023-07-03 09:30:00+00:00,19.3,32.0,3.1,6.1
2023-07-03 09:40:00+00:00,19.5,31.0,3.1,4.1
2023-07-03 09:50:00+00:00,19.5,32.0,3.2,4.1
2023-07-03 10:00:00+00:00,19.6,31.0,3.2,4.5
2023-07-03 10:10:00+00:00,19.7,31.0,3.2,4.1
2023-07-03 10:20:00+00:00,19.8,31.0,3.2,5.3
2023-07-03 10:30:00+00:00,19.9,30.0,3.2,6.1
2023-07-03 10:40:00+00:00,20.0,29.0,3.1,6.0
2023-07-03 10:50:00+00:00,20.1,30.0,3.2,5.9
2023-07-03 11:00:00+00:00,20.200000000000003,29.5,3.1500000000000004,5.85
2023-07-03 11:10:00+00:00,20.3,29.0,3.1,5.8
2023-07-03 11:20:00+00:00,20.4,28.0,3.1,4.9
2023-07-03 11:30:00+00:00,20.5,29.0,3.1,5.8
2023-07-03 11:40:00+00:00,20.6,28.0,3.1,5.7
2023-07-03 11:50:00+00:00,20.6,28.0,3.2,4.2
2023-07-03 12:00:00+00:00,20.7,28.0,3.2,5.7
2023-07-03 12:10:00+00:00,20.7,28.0,3.2,4.1
2023-07-03 12:20:00+00:00,20.7,29.0,3.2,4.1
2023-07-03 12:30:00+00:00,20.8,28.0,3.2,4.1
2023-07-03 12:40:00+00:00,20.9,28.0,3.1,4.1
2023-07-03 12:50:00+00:00,20.85,28.5,3.1500000000000004,4.1
2023-07-03 13:00:00+00:00,20.8,29.0,3.2,4.1
2023-07-03 13:10:00+00:00,20.8,29.0,3.2,4.8
2023-07-03 13:20:00+00:00,20.8,29.0,3.2,4.1
2023-07-03 13:30:00+00:00,20.8,29.0,3.3,4.1
2023-07-03 13:40:00+00:00,20.8,29.0,3.3,4.1
2023-07-03 13:50:00+00:00,20.7,30.0,3.3,4.1
2023-07-03 14:00:00+00:00,20.7,30.0,3.3,4.1
2023-07-03 14:10:00+00:00,20.7,30.0,3.3,4.1
2023-07-03 14:20:00+00:00,20.6,29.0,3.3,4.1
2023-07-03 14:30:00+00:00,20.6,30.0,3.3,4.1
2023-07-03 14:40:00+00:00,20.6,30.0,3.3,4.1
2023-07-03 14:50:00+00:00,20.6,30.0,3.3,4.1
2023-07-03 15:00:00+00:00,20.6,30.0,3.3,4.1
2023-07-03 15:10:00+00:00,20.5,30.0,3.3,4.1
2023-07-03 15:20:00+00:00,20.5,30.0,3.3,4.1
2023-07-03 15:30:00+00:00,20.5,30.0,3.3,4.1
2023-07-03 15:40:00+00:00,20.5,30.0,3.3,4.1
2023-07-03 15:50:00+00:00,20.4,30.0,3.3,4.1
2023-07-03 16:00:00+00:00,20.3,30.0,3.3,4.1
2023-07-03 16:10:00+00:00,20.3,30.0,3.3,4.1
2023-07-03 16:20:00+00:00,20.3,30.0,3.3,4.1
2023-07-03 16:30:00+00:00,20.3,30.0,3.3,4.1
2023-07-03 16:40:00+00:00,20.3,30.0,3.3,4.1
2023-07-03 16:50:00+00:00,20.3,30.0,3.3,4.1
2023-07-03 17:00:00+00:00,20.2,31.0,3.3,4.1
2023-07-03 17:10:00+00:00,20.2,30.0,3.3,4.1
2023-07-03 17:20:00+00:00,20.1,31.0,3.3,4.1
2023-07-03 17:30:00+00:00,20.1,31.0,3.3,4.1
2023-07-03 17:40:00+00:00,20.1,31.0,3.3,4.1
2023-07-03 17:50:00+00:00,20.1,31.0,3.3,4.1
2023-07-03 18:00:00+00:00,20.1,31.0,3.3,4.1
2023-07-03 18:10:00+00:00,20.05,31.0,3.3,3.75
2023-07-03 18:20:00+00:00,20.0,31.0,3.3,3.4
2023-07-03 18:30:00+00:00,20.0,31.0,3.3,3.7
2023-07-03 18:40:00+00:00,20.0,31.0,3.3,3.9
2023-07-03 18:50:00+00:00,20.0,31.0,3.3,3.9
2023-07-03 19:00:00+00:00,19.9,31.0,3.3,3.8
2023-07-03 19:10:00+00:00,19.9,31.0,3.3,3.4
2023-07-03 19:20:00+00:00,19.8,32.0,3.3,2.9
2023-07-03 19:30:00+00:00,19.8,31.0,3.3,2.1
2023-07-03 19:40:00+00:00,19.8,31.0,3.4,1.0
2023-07-03 19:50:00+00:00,19.8,32.0,3.4,0.5
2023-07-03 20:00:00+00:00,19.77857142857143,32.0,3.4,0.5071428571428571
2023-07-03 20:10:00+00:00,19.757142857142856,32.0,3.4,0.5142857142857142
2023-07-03 20:20:00+00:00,19.735714285714288,32.0,3.4,0.5214285714285715
2023-07-03 20:30:00+00:00,19.714285714285715,32.0,3.4,0.5285714285714286
2023-07-03 20:40:00+00:00,19.692857142857143,32.0,3.4,0.5357142857142857
2023-07-03 20:50:00+00:00,19.67142857142857,32.0,3.4,0.5428571428571428
2023-07-03 21:00:00+00:00,19.65,32.0,3.4,0.55
2023-07-03 21:10:00+00:00,19.62857142857143,32.0,3.4,0.5571428571428572
2023-07-03 21:20:00+00:00,19.607142857142858,32.0,3.4,0.5642857142857143
2023-07-03 21:30:00+00:00,19.585714285714285,32.0,3.4,0.5714285714285714
2023-07-03 21:40:00+00:00,19.564285714285713,32.0,3.4,0.5785714285714285
2023-07-03 21:50:00+00:00,19.542857142857144,32.0,3.4,0.5857142857142856
2023-07-03 22:00:00+00:00,19.521428571428572,32.0,3.4,0.5928571428571429
2023-07-03 22:10:00+00:00,19.5,32.0,3.4,0.6
2023-07-03 22:20:00+00:00,19.47,32.1,3.4,0.6
2023-07-03 22:30:00+00:00,19.44,32.2,3.4,0.6
2023-07-03 22:40:00+00:00,19.41,32.3,3.4,0.6
2023-07-03 22:50:00+00:00,19.38,32.4,3.4,0.6
2023-07-03 23:00:00+00:00,19.35,32.5,3.4,0.6
2023-07-03 23:10:00+00:00,19.32,32.6,3.4,0.6
2023-07-03 23:20:00+00:00,19.29,32.7,3.4,0.6
2023-07-03 23:30:00+00:00,19.259999999999998,32.8,3.4,0.6
2023-07-03 23:40:00+00:00,19.23,32.9,3.4,0.6
2023-07-03 23:50:00+00:00,19.2,33.0,3.4,0.6
2023-07-04 00:00:00+00:00,19.18,33.1,3.4,0.6
2023-07-04 00:10:00+00:00,19.16,33.2,3.4,0.6
2023-07-04 00:20:00+00:00,19.14,33.3,3.4,0.6
2023-07-04 00:30:00+00:00,19.12,33.4,3.4,0.6
2023-07-04 00:40:00+00:00,19.1,33.5,3.4,0.6
2023-07-04 00:50:00+00:00,19.08,33.6,3.4,0.6
2023-07-04 01:00:00+00:00,19.06,33.7,3.4,0.6
2023-07-04 01:10:00+00:00,19.04,33.8,3.4,0.6
2023-07-04 01:20:00+00:00,19.02,33.9,3.4,0.6
2023-07-04 01:30:00+00:00,19.0,34.0,3.4,0.6
2023-07-04 01:40:00+00:00,18.965,34.95,3.4,0.9299999999999999
2023-07-04 01:50:00+00:00,18.93,35.9,3.4,1.2599999999999998
2023-07-04 02:00:00+00:00,18.895,36.85,3.4,1.5899999999999999
2023-07-04 02:10:00+00:00,18.86,37.8,3.4,1.92
2023-07-04 02:20:00+00:00,18.825,38.75,3.4,2.25
2023-07-04 02:30:00+00:00,18.79,39.7,3.4,2.5799999999999996
2023-07-04 02:40:00+00:00,18.755,40.65,3.4,2.9099999999999997
2023-07-04 02:50:00+00:00,18.72,41.6,3.4,3.2399999999999998
2023-07-04 03:00:00+00:00,18.685,42.55,3.4,3.57
2023-07-04 03:10:00+00:00,18.65,43.5,3.4,3.9
2023-07-04 03:20:00+00:00,18.6,42.0,3.4,4.1
2023-07-04 03:30:00+00:00,18.6,44.0,3.4,4.1
2023-07-04 03:40:00+00:00,18.6,44.0,3.4,4.1
2023-07-04 03:50:00+00:00,18.6,45.5,3.4,4.1
2023-07-04 04:00:00+00:00,18.6,47.0,3.4,4.1
2023-07-04 04:10:00+00:00,18.5,48.0,3.4,4.1
2023-07-04 04:20:00+00:00,18.5,48.0,3.4,4.1
2023-07-04 04:30:00+00:00,18.5,46.0,3.4,4.1
2023-07-04 04:40:00+00:00,18.5,44.0,3.4,4.1
2023-07-04 04:50:00+00:00,18.5,43.0,3.4,4.1
2023-07-04 05:00:00+00:00,18.5,42.0,3.4,4.1
2023-07-04 05:10:00+00:00,18.5,42.0,3.4,4.1
2023-07-04 05:20:00+00:00,18.5,42.0,3.4,4.1
2023-07-04 05:30:00+00:00,18.5,44.0,3.4,4.1
2023-07-04 05:40:00+00:00,18.5,44.0,3.3499999999999996,4.1
2023-07-04 05:50:00+00:00,18.5,44.0,3.3,4.1
2023-07-04 06:00:00+00:00,18.5,43.0,3.4,4.1
2023-07-04 06:10:00+00:00,18.5,43.0,3.3,4.1
2023-07-04 06:20:00+00:00,18.5,45.0,3.4,4.1
2023-07-04 06:30:00+00:00,18.5,45.0,3.3,4.1
2023-07-04 06:40:00+00:00,18.5,45.0,3.3,4.1
2023-07-04 06:50:00+00:00,18.5,40.0,3.3,4.1
2023-07-04 07:00:00+00:00,18.6,40.0,3.3,4.1
2023-07-04 07:10:00+00:00,18.6,43.0,3.2,4.1
2023-07-04 07:20:00+00:00,18.7,44.0,3.2,4.2
2023-07-04 07:30:00+00:00,18.75,41.5,3.1500000000000004,4.15
2023-07-04 07:40:00+00:00,18.8,39.0,3.1,4.1
2023-07-04 07:50:00+00:00,18.8,39.0,3.1,4.2
2023-07-04 08:00:00+00:00,18.9,39.0,3.1,5.5
2023-07-04 08:10:00+00:00,19.0,38.0,3.1,5.8
2023-07-04 08:20:00+00:00,19.1,35.0,3.1,6.1
2023-07-04 08:30:00+00:00,19.1,23.0,3.1,5.9
2023-07-04 08:40:00+00:00,19.2,22.0,3.1,4.1
2023-07-04 08:50:00+00:00,19.3,24.0,3.2,4.1
2023-07-04 09:00:00+00:00,19.3,23.0,3.2,4.1
2023-07-04 09:10:00+00:00,19.4,22.0,3.2,5.4
2023-07-04 09:20:00+00:00,19.45,22.0,3.2,5.2
2023-07-04 09:30:00+00:00,19.5,22.0,3.2,5.0
2023-07-04 09:40:00+00:00,19.5,22.0,3.2,4.1
2023-07-04 09:50:00+00:00,19.5,22.0,3.2,4.1
2023-07-04 10:00:00+00:00,19.6,21.0,3.2,4.1
2023-07-04 10:10:00+00:00,19.6,21.0,3.2,4.1
2023-07-04 10:20:00+00:00,19.6,21.0,3.2,4.1
2023-07-04 10:30:00+00:00,19.6,22.0,3.3,5.8
2023-07-04 10:40:00+00:00,19.8,20.0,3.2,5.9
2023-07-04 10:50:00+00:00,19.9,20.0,3.2,6.0
2023-07-04 11:00:00+00:00,20.1,19.0,3.1,4.1
2023-07-04 11:10:00+00:00,20.05,19.5,3.1500000000000004,4.1
2023-07-04 11:20:00+00:00,20.0,20.0,3.2,4.1
2023-07-04 11:30:00+00:00,20.1,20.0,3.2,5.9
2023-07-04 11:40:00+00:00,20.3,18.0,3.1,5.7
2023-07-04 11:50:00+00:00,20.3,19.0,3.2,4.1
2023-07-04 12:00:00+00:00,20.3,19.0,3.2,4.1
2023-07-04 12:10:00+00:00,20.4,19.0,3.2,5.5
2023-07-04 12:20:00+00:00,20.4,18.0,3.2,4.1
2023-07-04 12:30:00+00:00,20.4,19.0,3.2,4.9
2023-07-04 12:40:00+00:00,20.5,18.0,3.2,4.1
2023-07-04 12:50:00+00:00,20.5,19.0,3.2,4.1
2023-07-04 13:00:00+00:00,20.5,18.5,3.2,4.1
2023-07-04 13:10:00+00:00,20.5,18.0,3.2,4.1
2023-07-04 13:20:00+00:00,20.5,19.0,3.2,4.1
2023-07-04 13:30:00+00:00,20.5,19.0,3.2,4.1
2023-07-04 13:40:00+00:00,20.5,20.0,3.2,4.1
2023-07-04 13:50:00+00:00,20.5,20.0,3.2,4.1
2023-07-04 14:00:00+00:00,20.5,20.0,3.3,4.1
2023-07-04 14:10:00+00:00,20.5,20.0,3.3,4.1
2023-07-04 14:20:00+00:00,20.5,20.0,3.3,4.1
2023-07-04 14:30:00+00:00,20.4,20.0,3.3,4.1
2023-07-04 14:40:00+00:00,20.4,20.0,3.3,4.1
2023-07-04 14:50:00+00:00,20.4,20.0,3.3,4.1
2023-07-04 15:00:00+00:00,20.4,20.0,3.3,4.1
2023-07-04 15:10:00+00:00,20.3,20.0,3.3,4.1
2023-07-04 15:20:00+00:00,20.3,20.0,3.3,4.1
2023-07-04 15:30:00+00:00,20.3,20.0,3.3,4.1
2023-07-04 15:40:00+00:00,20.3,20.0,3.3,4.1
2023-07-04 15:50:00+00:00,20.3,21.0,3.3,4.1
2023-07-04 16:00:00+00:00,20.2,21.0,3.3,4.1
2023-07-04 16:10:00+00:00,20.2,21.0,3.3,4.1
2023-07-04 16:20:00+00:00,20.1,21.0,3.4,4.1
2023-07-04 16:30:00+00:00,20.1,21.0,3.4,4.1
2023-07-04 16:40:00+00:00,20.1,21.0,3.4,4.1
2023-07-04 16:50:00+00:00,20.1,21.0,3.4,4.1
2023-07-04 17:00:00+00:00,20.1,22.0,3.4,4.1
2023-07-04 17:10:00+00:00,20.0,22.0,3.4,4.0
2023-07-04 17:20:00+00:00,20.0,22.0,3.4,4.2
2023-07-04 17:30:00+00:00,20.0,22.0,3.4,4.0
2023-07-04 17:40:00+00:00,19.9,23.0,3.4,4.0
2023-07-04 17:50:00+00:00,19.9,23.0,3.4,4.3
2023-07-04 18:00:00+00:00,19.8,23.0,3.4,4.0
2023-07-04 18:10:00+00:00,19.8,23.0,3.4,3.9
2023-07-04 18:20:00+00:00,19.8,23.5,3.4,4.0
2023-07-04 18:30:00+00:00,19.8,24.0,3.4,4.1
2023-07-04 18:40:00+00:00,19.7,24.0,3.4,3.4
2023-07-04 18:50:00+00:00,19.7,24.0,3.4,3.6
2023-07-04 19:00:00+00:00,19.6,24.0,3.4,3.8
2023-07-04 19:10:00+00:00,19.6,25.0,3.4,3.9
2023-07-04 19:20:00+00:00,19.6,25.0,3.4,2.6
2023-07-04 19:30:00+00:00,19.6,26.0,3.4,2.2
2023-07-04 19:40:00+00:00,19.5,25.0,3.4,1.5
2023-07-04 19:50:00+00:00,19.5,26.0,3.4,1.0
2023-07-04 20:00:00+00:00,19.46,26.3,3.4,0.96
2023-07-04 20:10:00+00:00,19.42,26.6,3.4,0.92
2023-07-04 20:20:00+00:00,19.38,26.9,3.4,0.88
2023-07-04 20:30:00+00:00,19.34,27.2,3.4,0.84
2023-07-04 20:40:00+00:00,19.3,27.5,3.4,0.8
2023-07-04 20:50:00+00:00,19.26,27.8,3.4,0.76
2023-07-04 21:00:00+00:00,19.220000000000002,28.1,3.4,0.72
2023-07-04 21:10:00+00:00,19.18,28.4,3.4,0.6799999999999999
2023-07-04 21:20:00+00:00,19.14,28.7,3.4,0.64
2023-07-04 21:30:00+00:00,19.1,29.0,3.4,0.6
2023-07-04 21:40:00+00:00,19.071428571428573,29.071428571428573,3.407142857142857,0.6
2023-07-04 21:50:00+00:00,19.042857142857144,29.142857142857142,3.414285714285714,0.6
2023-07-04 22:00:00+00:00,19.014285714285716,29.214285714285715,3.4214285714285713,0.6
2023-07-04 22:10:00+00:00,18.985714285714288,29.285714285714285,3.4285714285714284,0.6
2023-07-04 22:20:00+00:00,18.95714285714286,29.357142857142858,3.4357142857142855,0.6
2023-07-04 22:30:00+00:00,18.92857142857143,29.428571428571427,3.4428571428571426,0.6
2023-07-04 22:40:00+00:00,18.9,29.5,3.45,0.6
2023-07-04 22:50:00+00:00,18.87142857142857,29.571428571428573,3.4571428571428573,0.6
2023-07-04 23:00:00+00:00,18.84285714285714,29.642857142857142,3.4642857142857144,0.6
2023-07-04 23:10:00+00:00,18.814285714285713,29.714285714285715,3.4714285714285715,0.6
2023-07-04 23:20:00+00:00,18.785714285714285,29.785714285714285,3.4785714285714286,0.6
2023-07-04 23:30:00+00:00,18.757142857142856,29.857142857142858,3.4857142857142858,0.6
2023-07-04 23:40:00+00:00,18.728571428571428,29.928571428571427,3.492857142857143,0.6
2023-07-04 23:50:00+00:00,18.7,30.0,3.5,0.6
2023-07-05 00:00:00+00:00,18.669999999999998,30.2,3.5,0.6
2023-07-05 00:10:00+00:00,18.64,30.4,3.5,0.6
2023-07-05 00:20:00+00:00,18.61,30.6,3.5,0.6
2023-07-05 00:30:00+00:00,18.58,30.8,3.5,0.6
2023-07-05 00:40:00+00:00,18.549999999999997,31.0,3.5,0.6
2023-07-05 00:50:00+00:00,18.52,31.2,3.5,0.6
2023-07-05 01:00:00+00:00,18.49,31.4,3.5,0.6
2023-07-05 01:10:00+00:00,18.459999999999997,31.6,3.5,0.6
2023-07-05 01:20:00+00:00,18.43,31.8,3.5,0.6
2023-07-05 01:30:00+00:00,18.4,32.0,3.5,0.6
2023-07-05 01:40:00+00:00,18.36,32.2,3.5,0.95
2023-07-05 01:50:00+00:00,18.32,32.4,3.5,1.2999999999999998
2023-07-05 02:00:00+00:00,18.279999999999998,32.6,3.5,1.65
2023-07-05 02:10:00+00:00,18.24,32.8,3.5,2.0
2023-07-05 02:20:00+00:00,18.2,33.0,3.5,2.35
2023-07-05 02:30:00+00:00,18.16,33.2,3.5,2.6999999999999997
2023-07-05 02:40:00+00:00,18.12,33.4,3.5,3.05
2023-07-05 02:50:00+00:00,18.08,33.6,3.5,3.4
2023-07-05 03:00:00+00:00,18.04,33.8,3.5,3.75
2023-07-05 03:10:00+00:00,18.0,34.0,3.5,4.1
2023-07-05 03:20:00+00:00,17.9,34.0,3.5,4.1
2023-07-05 03:30:00+00:00,17.9,35.0,3.4,4.1
2023-07-05 03:40:00+00:00,17.8,35.0,3.5,4.1
2023-07-05 03:50:00+00:00,17.8,35.0,3.4,4.1
2023-07-05 04:00:00+00:00,17.8,35.0,3.4,4.1
2023-07-05 04:10:00+00:00,17.8,35.0,3.4,4.1
2023-07-05 04:20:00+00:00,17.8,36.0,3.4,4.1
2023-07-05 04:30:00+00:00,17.8,36.0,3.4,4.1
2023-07-05 04:40:00+00:00,17.8,36.0,3.4,4.1
2023-07-05 04:50:00+00:00,17.8,37.0,3.4,4.1
2023-07-05 05:00:00+00:00,17.8,45.0,3.4,4.1
2023-07-05 05:10:00+00:00,17.8,36.0,3.3,4.1
2023-07-05 05:20:00+00:00,17.8,37.0,3.3,4.1
2023-07-05 05:30:00+00:00,17.8,49.0,3.2,4.1
2023-07-05 05:40:00+00:00,17.8,50.0,3.3,4.1
2023-07-05 05:50:00+00:00,17.8,53.5,3.25,4.1
2023-07-05 06:00:00+00:00,17.8,57.0,3.2,4.1
2023-07-05 06:10:00+00:00,17.8,53.0,3.2,4.2
2023-07-05 06:20:00+00:00,17.9,55.0,3.2,4.1
2023-07-05 06:30:00+00:00,18.0,51.0,3.2,5.5
2023-07-05 06:40:00+00:00,18.0,45.0,3.1,5.8
2023-07-05 06:50:00+00:00,18.0,43.0,3.1,5.9
2023-07-05 07:00:00+00:00,18.1,41.0,3.1,6.0
2023-07-05 07:10:00+00:00,18.1,38.0,3.1,6.0
2023-07-05 07:20:00+00:00,18.3,31.0,3.1,6.0
2023-07-05 07:30:00+00:00,18.3,29.0,3.1,6.0
2023-07-05 07:40:00+00:00,18.4,27.5,3.1,6.0
2023-07-05 07:50:00+00:00,18.5,26.0,3.1,6.0
2023-07-05 08:00:00+00:00,18.5,25.0,3.1,5.9
2023-07-05 08:10:00+00:00,18.6,24.0,3.1,5.9
2023-07-05 08:20:00+00:00,18.8,23.0,3.1,5.9
2023-07-05 08:30:00+00:00,18.9,22.0,3.1,5.9
2023-07-05 08:40:00+00:00,19.0,21.0,3.1,6.0
2023-07-05 08:50:00+00:00,19.1,21.0,3.1,6.0
2023-07-05 09:00:00+00:00,19.3,21.0,3.1,5.7
2023-07-05 09:10:00+00:00,19.4,21.0,3.1,5.8
2023-07-05 09:20:00+00:00,19.5,21.0,3.1,5.6
2023-07-05 09:30:00+00:00,19.55,20.5,3.1,5.75
2023-07-05 09:40:00+00:00,19.6,20.0,3.1,5.9
2023-07-05 09:50:00+00:00,19.8,20.0,3.1,5.8
2023-07-05 10:00:00+00:00,19.9,20.0,3.1,5.9
2023-07-05 10:10:00+00:00,20.1,19.0,3.1,5.7
2023-07-05 10:20:00+00:00,20.2,18.0,3.1,5.8
2023-07-05 10:30:00+00:00,20.3,18.0,3.1,5.9
2023-07-05 10:40:00+00:00,20.5,18.0,3.1,5.9
2023-07-05 10:50:00+00:00,20.6,17.0,3.1,5.6
2023-07-05 11:00:00+00:00,20.8,17.0,3.1,5.8
2023-07-05 11:10:00+00:00,21.0,17.0,3.1,5.7
2023-07-05 11:20:00+00:00,21.1,16.0,3.1,5.7
2023-07-05 11:30:00+00:00,21.3,16.0,3.1,5.6
2023-07-05 11:40:00+00:00,21.4,16.0,3.1,5.6
2023-07-05 11:50:00+00:00,21.45,16.0,3.1,5.5
2023-07-05 12:00:00+00:00,21.5,16.0,3.1,5.4
2023-07-05 12:10:00+00:00,21.5,15.0,3.1,5.3
2023-07-05 12:20:00+00:00,21.6,15.0,3.1,4.4
2023-07-05 12:30:00+00:00,21.7,15.0,3.1,4.1
2023-07-05 12:40:00+00:00,21.8,15.0,3.1,4.1
2023-07-05 12:50:00+00:00,21.8,16.0,3.1,4.1
2023-07-05 13:00:00+00:00,21.8,17.0,3.1,4.1
2023-07-05 13:10:00+00:00,21.7,18.0,3.2,4.1
2023-07-05 13:20:00+00:00,21.7,18.0,3.2,4.1
2023-07-05 13:30:00+00:00,21.7,18.0,3.2,4.1
2023-07-05 13:40:00+00:00,21.65,18.0,3.2,4.1
2023-07-05 13:50:00+00:00,21.6,18.0,3.2,4.1
2023-07-05 14:00:00+00:00,21.6,19.0,3.2,4.1
2023-07-05 14:10:00+00:00,21.6,19.0,3.2,4.1
2023-07-05 14:20:00+00:00,21.6,19.0,3.2,4.1
2023-07-05 14:30:00+00:00,21.5,19.0,3.2,4.1
2023-07-05 14:40:00+00:00,21.5,19.0,3.2,4.1
2023-07-05 14:50:00+00:00,21.4,19.0,3.3,4.1
2023-07-05 15:00:00+00:00,21.4,19.0,3.2,4.1
2023-07-05 15:10:00+00:00,21.4,19.0,3.2,4.1
2023-07-05 15:20:00+00:00,21.3,19.0,3.2,4.1
2023-07-05 15:30:00+00:00,21.3,19.0,3.25,4.1
2023-07-05 15:40:00+00:00,21.3,19.0,3.3,4.1
2023-07-05 15:50:00+00:00,21.3,19.0,3.2,4.1
2023-07-05 16:00:00+00:00,21.2,19.0,3.3,4.1
2023-07-05 16:10:00+00:00,21.1,19.0,3.3,4.0
2023-07-05 16:20:00+00:00,21.1,19.0,3.3,4.0
2023-07-05 16:30:00+00:00,21.1,20.0,3.3,3.8
2023-07-05 16:40:00+00:00,21.1,20.0,3.3,3.6
2023-07-05 16:50:00+00:00,21.0,20.0,3.3,4.0
2023-07-05 17:00:00+00:00,21.0,21.0,3.3,4.0
2023-07-05 17:10:00+00:00,21.0,21.0,3.3,4.3
2023-07-05 17:20:00+00:00,20.95,21.0,3.3,4.0
2023-07-05 17:30:00+00:00,20.9,21.0,3.3,3.7
2023-07-05 17:40:00+00:00,20.9,21.0,3.4,3.1
2023-07-05 17:50:00+00:00,20.8,22.0,3.3,3.2
2023-07-05 18:00:00+00:00,20.8,23.0,3.3,3.1
2023-07-05 18:10:00+00:00,20.7,25.0,3.3,3.6
2023-07-05 18:20:00+00:00,20.6,28.0,3.4,3.3
2023-07-05 18:30:00+00:00,20.6,32.0,3.4,2.9
2023-07-05 18:40:00+00:00,20.6,49.0,3.4,3.0
2023-07-05 18:50:00+00:00,20.5,58.0,3.4,2.4
2023-07-05 19:00:00+00:00,20.5,57.5,3.4,2.2
2023-07-05 19:10:00+00:00,20.5,57.0,3.4,2.0
2023-07-05 19:20:00+00:00,20.5,58.0,3.3,1.9
2023-07-05 19:30:00+00:00,20.5,60.0,3.4,1.3
2023-07-05 19:40:00+00:00,20.4,60.0,3.4,1.0
2023-07-05 19:50:00+00:00,20.3,60.0,3.4,0.9
2023-07-05 20:00:00+00:00,20.27,59.7,3.3899999999999997,0.87
2023-07-05 20:10:00+00:00,20.240000000000002,59.4,3.38,0.84
2023-07-05 20:20:00+00:00,20.21,59.1,3.37,0.81
2023-07-05 20:30:00+00:00,20.18,58.8,3.36,0.78
2023-07-05 20:40:00+00:00,20.15,58.5,3.3499999999999996,0.75
2023-07-05 20:50:00+00:00,20.12,58.2,3.34,0.72
2023-07-05 21:00:00+00:00,20.09,57.9,3.33,0.69
2023-07-05 21:10:00+00:00,20.06,57.6,3.32,0.6599999999999999
2023-07-05 21:20:00+00:00,20.03,57.3,3.3099999999999996,0.6299999999999999
2023-07-05 21:30:00+00:00,20.0,57.0,3.3,0.6
2023-07-05 21:40:00+00:00,19.97,56.6,3.3099999999999996,0.6
2023-07-05 21:50:00+00:00,19.94,56.2,3.32,0.6
2023-07-05 22:00:00+00:00,19.91,55.8,3.33,0.6
2023-07-05 22:10:00+00:00,19.88,55.4,3.34,0.6
2023-07-05 22:20:00+00:00,19.85,55.0,3.3499999999999996,0.6
2023-07-05 22:30:00+00:00,19.82,54.6,3.36,0.6
2023-07-05 22:40:00+00:00,19.79,54.2,3.37,0.6
2023-07-05 22:50:00+00:00,19.759999999999998,53.8,3.38,0.6
2023-07-05 23:00:00+00:00,19.73,53.4,3.3899999999999997,0.6
2023-07-05 23:10:00+00:00,19.7,53.0,3.4,0.6
2023-07-05 23:20:00+00:00,19.684615384615384,52.53846153846154,3.4,0.6
2023-07-05 23:30:00+00:00,19.66923076923077,52.07692307692308,3.4,0.6
2023-07-05 23:40:00+00:00,19.653846153846153,51.61538461538461,3.4,0.6
2023-07-05 23:50:00+00:00,19.638461538461538,51.15384615384615,3.4,0.6
2023-07-06 00:00:00+00:00,19.623076923076923,50.69230769230769,3.4,0.6
2023-07-06 00:10:00+00:00,19.607692307692307,50.23076923076923,3.4,0.6
2023-07-06 00:20:00+00:00,19.592307692307692,49.76923076923077,3.4,0.6
2023-07-06 00:30:00+00:00,19.576923076923077,49.30769230769231,3.4,0.6
2023-07-06 00:40:00+00:00,19.56153846153846,48.84615384615385,3.4,0.6
2023-07-06 00:50:00+00:00,19.546153846153846,48.38461538461539,3.4,0.6
2023-07-06 01:00:00+00:00,19.53076923076923,47.92307692307692,3.4,0.6
2023-07-06 01:10:00+00:00,19.515384615384615,47.46153846153846,3.4,0.6
2023-07-06 01:20:00+00:00,19.5,47.0,3.4,0.6
2023-07-06 01:30:00+00:00,19.46,46.8,3.4,0.9099999999999999
2023-07-06 01:40:00+00:00,19.42,46.6,3.4,1.22
2023-07-06 01:50:00+00:00,19.38,46.4,3.4,1.5299999999999998
2023-07-06 02:00:00+00:00,19.34,46.2,3.4,1.8399999999999999
2023-07-06 02:10:00+00:00,19.3,46.0,3.4,2.15
2023-07-06 02:20:00+00:00,19.26,45.8,3.4,2.46
2023-07-06 02:30:00+00:00,19.220000000000002,45.6,3.4,2.77
2023-07-06 02:40:00+00:00,19.18,45.4,3.4,3.08
2023-07-06 02:50:00+00:00,19.14,45.2,3.4,3.39
2023-07-06 03:00:00+00:00,19.1,45.0,3.4,3.7
2023-07-06 03:10:00+00:00,19.0,45.0,3.4,4.1
2023-07-06 03:20:00+00:00,19.0,45.0,3.4,4.1
2023-07-06 03:30:00+00:00,18.9,45.0,3.4,4.1
2023-07-06 03:40:00+00:00,18.8,44.0,3.4,4.1
2023-07-06 03:50:00+00:00,18.8,48.0,3.4,4.1
2023-07-06 04:00:00+00:00,18.8,45.0,3.4,4.1
2023-07-06 04:10:00+00:00,18.8,45.0,3.4,4.1
2023-07-06 04:20:00+00:00,18.8,48.0,3.3,4.1
2023-07-06 04:30:00+00:00,18.8,49.0,3.3,4.1
2023-07-06 04:40:00+00:00,18.75,48.0,3.3,4.1
2023-07-06 04:50:00+00:00,18.7,47.0,3.3,4.1
2023-07-06 05:00:00+00:00,18.7,46.0,3.3,4.1
2023-07-06 05:10:00+00:00,18.7,42.0,3.3,4.2
2023-07-06 05:20:00+00:00,18.7,46.0,3.2,4.1
2023-07-06 05:30:00+00:00,18.6,42.0,3.2,4.1
2023-07-06 05:40:00+00:00,18.6,42.0,3.2,4.1
2023-07-06 05:50:00+00:00,18.6,41.0,3.1,4.1
2023-07-06 06:00:00+00:00,18.6,41.0,3.1,5.6
2023-07-06 06:10:00+00:00,18.6,40.0,3.1,5.8
2023-07-06 06:20:00+00:00,18.6,40.0,3.1,5.8
2023-07-06 06:30:00+00:00,18.65,40.0,3.1,5.85
2023-07-06 06:40:00+00:00,18.7,40.0,3.1,5.9
2023-07-06 06:50:00+00:00,18.7,39.0,3.1,5.9
2023-07-06 07:00:00+00:00,18.8,40.0,3.1,6.0
2023-07-06 07:10:00+00:00,18.8,38.0,3.1,6.0
2023-07-06 07:20:00+00:00,18.9,38.0,3.1,6.0
2023-07-06 07:30:00+00:00,19.0,38.0,3.1,6.0
2023-07-06 07:40:00+00:00,19.0,37.0,3.1,5.9
2023-07-06 07:50:00+00:00,19.1,38.0,3.1,5.9
2023-07-06 08:00:00+00:00,19.2,37.0,3.1,6.0
2023-07-06 08:10:00+00:00,19.3,37.0,3.1,5.9
2023-07-06 08:20:00+00:00,19.35,36.5,3.1,5.85
2023-07-06 08:30:00+00:00,19.4,36.0,3.1,5.8
2023-07-06 08:40:00+00:00,19.5,36.0,3.1,5.9
2023-07-06 08:50:00+00:00,19.6,36.0,3.1,5.9
2023-07-06 09:00:00+00:00,19.8,35.0,3.1,6.0
2023-07-06 09:10:00+00:00,19.9,35.0,3.1,5.9
2023-07-06 09:20:00+00:00,20.0,35.0,3.1,5.8
2023-07-06 09:30:00+00:00,20.1,34.0,3.1,5.7
2023-07-06 09:40:00+00:00,20.3,34.0,3.1,5.9
2023-07-06 09:50:00+00:00,20.5,34.0,3.1,5.9
2023-07-06 10:00:00+00:00,20.6,33.0,3.1,5.8
2023-07-06 10:10:00+00:00,20.65,33.5,3.1,5.9
2023-07-06 10:20:00+00:00,20.7,34.0,3.1,6.0
2023-07-06 10:30:00+00:00,20.9,33.0,3.1,5.9
2023-07-06 10:40:00+00:00,21.0,33.0,3.1,4.1
2023-07-06 10:50:00+00:00,21.1,33.0,3.1,5.9
2023-07-06 11:00:00+00:00,21.1,33.0,3.1,4.1
2023-07-06 11:10:00+00:00,21.2,34.0,3.2,4.1
2023-07-06 11:20:00+00:00,21.2,35.0,3.2,4.1
2023-07-06 11:30:00+00:00,21.3,35.0,3.2,5.9
2023-07-06 11:40:00+00:00,21.3,35.0,3.2,4.1
2023-07-06 11:50:00+00:00,21.3,35.0,3.2,4.1
2023-07-06 12:00:00+00:00,21.3,35.0,3.2,4.1
2023-07-06 12:10:00+00:00,21.3,35.0,3.2,4.1
2023-07-06 12:20:00+00:00,21.3,35.0,3.2,4.1
2023-07-06 12:30:00+00:00,21.3,35.0,3.2,4.1
2023-07-06 12:40:00+00:00,21.3,35.0,3.3,4.1
2023-07-06 12:50:00+00:00,21.3,35.0,3.3,4.1
2023-07-06 13:00:00+00:00,21.3,36.0,3.3,4.1
2023-07-06 13:10:00+00:00,21.3,36.0,3.3,4.1
2023-07-06 13:20:00+00:00,21.2,36.0,3.3,4.1
2023-07-06 13:30:00+00:00,21.2,36.0,3.3,4.1
2023-07-06 13:40:00+00:00,21.1,36.0,3.3,4.1
2023-07-06 13:50:00+00:00,21.1,39.0,3.3,4.1
2023-07-06 14:00:00+00:00,21.1,42.0,3.3,4.1
2023-07-06 14:10:00+00:00,21.1,36.0,3.3,4.1
2023-07-06 14:20:00+00:00,21.1,36.0,3.3,4.1
2023-07-06 14:30:00+00:00,21.1,36.0,3.3,4.1
2023-07-06 14:40:00+00:00,21.0,36.0,3.2,4.1
2023-07-06 14:50:00+00:00,21.0,36.0,3.3,4.1
2023-07-06 15:00:00+00:00,21.0,36.0,3.3,4.1
2023-07-06 15:10:00+00:00,20.9,36.0,3.3,4.1
2023-07-06 15:20:00+00:00,20.9,37.0,3.3,4.1
2023-07-06 15:30:00+00:00,20.8,36.0,3.3,4.1
2023-07-06 15:40:00+00:00,20.8,36.0,3.3,4.1
2023-07-06 15:50:00+00:00,20.8,36.0,3.3,4.1
2023-07-06 16:00:00+00:00,20.8,36.0,3.3,4.1
2023-07-06 16:10:00+00:00,20.8,36.0,3.3,4.1
2023-07-06 16:20:00+00:00,20.8,36.0,3.3,4.1
2023-07-06 16:30:00+00:00,20.7,36.0,3.3,4.1
2023-07-06 16:40:00+00:00,20.7,36.0,3.3,4.1
2023-07-06 16:50:00+00:00,20.6,36.0,3.3,4.1
2023-07-06 17:00:00+00:00,20.6,36.0,3.3,4.1
2023-07-06 17:10:00+00:00,20.6,36.0,3.3,4.1
2023-07-06 17:20:00+00:00,20.6,36.0,3.3,4.1
2023-07-06 17:30:00+00:00,20.6,36.0,3.3,4.1
2023-07-06 17:40:00+00:00,20.5,37.0,3.3,4.1
2023-07-06 17:50:00+00:00,20.5,36.0,3.3,4.1
2023-07-06 18:00:00+00:00,20.5,37.0,3.3,4.1
2023-07-06 18:10:00+00:00,20.4,36.0,3.4,4.1
2023-07-06 18:20:00+00:00,20.4,37.0,3.4,4.1
2023-07-06 18:30:00+00:00,20.3,37.0,3.4,4.1
2023-07-06 18:40:00+00:00,20.3,37.0,3.4,4.1
2023-07-06 18:50:00+00:00,20.3,37.0,3.4,4.1
2023-07-06 19:00:00+00:00,20.2,37.0,3.4,3.8
2023-07-06 19:10:00+00:00,20.2,37.0,3.4,3.5999999999999996
2023-07-06 19:20:00+00:00,20.2,37.0,3.4,3.4
2023-07-06 19:30:00+00:00,20.1,37.0,3.4,2.6
2023-07-06 19:40:00+00:00,20.1,37.0,3.4,1.8
2023-07-06 19:50:00+00:00,20.1,37.0,3.4,0.9
2023-07-06 20:00:00+00:00,20.06923076923077,37.07692307692308,3.4,0.8769230769230769
2023-07-06 20:10:00+00:00,20.03846153846154,37.15384615384615,3.4,0.8538461538461538
2023-07-06 20:20:00+00:00,20.00769230769231,37.23076923076923,3.4,0.8307692307692308
2023-07-06 20:30:00+00:00,19.97692307692308,37.30769230769231,3.4,0.8076923076923077
2023-07-06 20:40:00+00:00,19.946153846153848,37.38461538461539,3.4,0.7846153846153846
2023-07-06 20:50:00+00:00,19.915384615384617,37.46153846153846,3.4,0.7615384615384615
2023-07-06 21:00:00+00:00,19.884615384615383,37.53846153846154,3.4,0.7384615384615385
2023-07-06 21:10:00+00:00,19.853846153846153,37.61538461538461,3.4,0.7153846153846154
2023-07-06 21:20:00+00:00,19.823076923076922,37.69230769230769,3.4,0.6923076923076923
2023-07-06 21:30:00+00:00,19.79230769230769,37.76923076923077,3.4,0.6692307692307692
2023-07-06 21:40:00+00:00,19.76153846153846,37.84615384615385,3.4,0.6461538461538461
2023-07-06 21:50:00+00:00,19.73076923076923,37.92307692307692,3.4,0.6230769230769231
2023-07-06 22:00:00+00:00,19.7,38.0,3.4,0.6
2023-07-06 22:10:00+00:00,19.669999999999998,38.0,3.4,0.6
2023-07-06 22:20:00+00:00,19.64,38.0,3.4,0.6
2023-07-06 22:30:00+00:00,19.61,38.0,3.4,0.6
2023-07-06 22:40:00+00:00,19.58,38.0,3.4,0.6
2023-07-06 22:50:00+00:00,19.549999999999997,38.0,3.4,0.6
2023-07-06 23:00:00+00:00,19.52,38.0,3.4,0.6
2023-07-06 23:10:00+00:00,19.49,38.0,3.4,0.6
2023-07-06 23:20:00+00:00,19.459999999999997,38.0,3.4,0.6
2023-07-06 23:30:00+00:00,19.43,38.0,3.4,0.6
2023-07-06 23:40:00+00:00,19.4,38.0,3.4,0.6
2023-07-06 23:50:00+00:00,19.36,38.1,3.41,0.6
2023-07-07 00:00:00+00:00,19.32,38.2,3.42,0.6
2023-07-07 00:10:00+00:00,19.279999999999998,38.3,3.4299999999999997,0.6
2023-07-07 00:20:00+00:00,19.24,38.4,3.44,0.6
2023-07-07 00:30:00+00:00,19.2,38.5,3.45,0.6
2023-07-07 00:40:00+00:00,19.16,38.6,3.46,0.6
2023-07-07 00:50:00+00:00,19.12,38.7,3.4699999999999998,0.6
2023-07-07 01:00:00+00:00,19.08,38.8,3.48,0.6
2023-07-07 01:10:00+00:00,19.04,38.9,3.49,0.6
2023-07-07 01:20:00+00:00,19.0,39.0,3.5,0.6
2023-07-07 01:30:00+00:00,18.96,39.4,3.5,0.95
2023-07-07 01:40:00+00:00,18.92,39.8,3.5,1.2999999999999998
2023-07-07 01:50:00+00:00,18.88,40.2,3.5,1.65
2023-07-07 02:00:00+00:00,18.84,40.6,3.5,2.0
2023-07-07 02:10:00+00:00,18.8,41.0,3.5,2.35
2023-07-07 02:20:00+00:00,18.76,41.4,3.5,2.6999999999999997
2023-07-07 02:30:00+00:00,18.720000000000002,41.8,3.5,3.05
2023-07-07 02:40:00+00:00,18.68,42.2,3.5,3.4
2023-07-07 02:50:00+00:00,18.64,42.6,3.5,3.75
2023-07-07 03:00:00+00:00,18.6,43.0,3.5,4.1
2023-07-07 03:10:00+00:00,18.5,43.0,3.4,4.1
2023-07-07 03:20:00+00:00,18.5,42.0,3.4,4.1
2023-07-07 03:30:00+00:00,18.5,42.0,3.4,4.1
2023-07-07 03:40:00+00:00,18.5,42.0,3.4,4.1
2023-07-07 03:50:00+00:00,18.4,42.0,3.4,4.1
2023-07-07 04:00:00+00:00,18.4,44.0,3.4,4.1
2023-07-07 04:10:00+00:00,18.4,46.0,3.4,4.1
2023-07-07 04:20:00+00:00,18.4,45.0,3.4,4.1
2023-07-07 04:30:00+00:00,18.3,46.0,3.4,4.1
2023-07-07 04:40:00+00:00,18.3,44.0,3.4,4.1
2023-07-07 04:50:00+00:00,18.3,44.5,3.4,4.1
2023-07-07 05:00:00+00:00,18.3,45.0,3.4,4.1
2023-07-07 05:10:00+00:00,18.4,44.0,3.3,4.1
2023-07-07 05:20:00+00:00,18.4,47.0,3.2,4.1
2023-07-07 05:30:00+00:00,18.4,47.0,3.2,4.1
2023-07-07 05:40:00+00:00,18.4,46.0,3.2,4.1
2023-07-07 05:50:00+00:00,18.4,42.0,3.1,4.2
2023-07-07 06:00:00+00:00,18.4,41.0,3.1,5.0
2023-07-07 06:10:00+00:00,18.5,39.0,3.1,5.7
2023-07-07 06:20:00+00:00,18.5,37.0,3.1,5.9
2023-07-07 06:30:00+00:00,18.5,34.0,3.1,5.9
2023-07-07 06:40:00+00:00,18.55,33.5,3.1,5.9
2023-07-07 06:50:00+00:00,18.6,33.0,3.1,5.9
2023-07-07 07:00:00+00:00,18.7,32.0,3.1,5.9
2023-07-07 07:10:00+00:00,18.8,31.0,3.1,5.9
2023-07-07 07:20:00+00:00,18.8,31.0,3.1,5.9
2023-07-07 07:30:00+00:00,18.9,32.0,3.1,5.9
2023-07-07 07:40:00+00:00,19.0,29.0,3.1,5.9
2023-07-07 07:50:00+00:00,19.1,27.0,3.1,5.9
2023-07-07 08:00:00+00:00,19.3,27.0,3.1,5.3
2023-07-07 08:10:00+00:00,19.4,26.0,3.1,6.0
2023-07-07 08:20:00+00:00,19.5,25.0,3.1,4.6
2023-07-07 08:30:00+00:00,19.55,25.0,3.1,5.3
2023-07-07 08:40:00+00:00,19.6,25.0,3.1,6.0
2023-07-07 08:50:00+00:00,19.8,24.0,3.1,5.9
2023-07-07 09:00:00+00:00,19.9,22.0,3.1,5.8
2023-07-07 09:10:00+00:00,20.1,21.0,3.1,5.9
2023-07-07 09:20:00+00:00,20.3,21.0,3.1,5.9
2023-07-07 09:30:00+00:00,20.5,20.0,3.1,5.9
2023-07-07 09:40:00+00:00,20.6,20.0,3.1,6.1
2023-07-07 09:50:00+00:00,20.8,20.0,3.1,5.9
2023-07-07 10:00:00+00:00,20.9,20.0,3.1,5.1
2023-07-07 10:10:00+00:00,21.0,20.0,3.1,4.1
2023-07-07 10:20:00+00:00,21.05,20.0,3.1,5.0
2023-07-07 10:30:00+00:00,21.1,20.0,3.1,5.9
2023-07-07 10:40:00+00:00,21.3,20.0,3.1,4.1
2023-07-07 10:50:00+00:00,21.4,20.0,3.1,5.6
2023-07-07 11:00:00+00:00,21.5,19.0,3.1,5.3
2023-07-07 11:10:00+00:00,21.6,19.0,3.1,5.9
2023-07-07 11:20:00+00:00,21.8,18.0,3.1,5.8
2023-07-07 11:30:00+00:00,21.9,17.0,3.1,5.8
2023-07-07 11:40:00+00:00,22.1,17.0,3.1,5.7
2023-07-07 11:50:00+00:00,22.2,16.0,3.1,5.5
2023-07-07 12:00:00+00:00,22.3,15.0,3.1,4.9
2023-07-07 12:10:00+00:00,22.35,15.5,3.1,5.050000000000001
2023-07-07 12:20:00+00:00,22.4,16.0,3.1,5.2
2023-07-07 12:30:00+00:00,22.5,15.0,3.1,4.1
2023-07-07 12:40:00+00:00,22.6,15.0,3.1,4.1
2023-07-07 12:50:00+00:00,22.6,16.0,3.1,4.1
2023-07-07 13:00:00+00:00,22.5,17.0,3.1,4.1
2023-07-07 13:10:00+00:00,22.5,18.0,3.1,4.1
2023-07-07 13:20:00+00:00,22.5,19.0,3.2,4.1
2023-07-07 13:30:00+00:00,22.5,19.0,3.2,4.1
2023-07-07 13:40:00+00:00,22.5,19.0,3.2,4.1
2023-07-07 13:50:00+00:00,22.5,20.0,3.2,4.1
2023-07-07 14:00:00+00:00,22.45,20.0,3.2,4.1
2023-07-07 14:10:00+00:00,22.4,20.0,3.2,4.1
2023-07-07 14:20:00+00:00,22.3,20.0,3.2,4.1
2023-07-07 14:30:00+00:00,22.3,20.0,3.3,4.1
2023-07-07 14:40:00+00:00,22.1,21.0,3.3,4.1
2023-07-07 14:50:00+00:00,22.1,21.0,3.3,4.1
2023-07-07 15:00:00+00:00,22.0,22.0,3.3,4.1
2023-07-07 15:10:00+00:00,22.0,22.0,3.3,4.1
2023-07-07 15:20:00+00:00,21.8,22.0,3.3,4.1
2023-07-07 15:30:00+00:00,21.8,23.0,3.3,4.1
2023-07-07 15:40:00+00:00,21.75,23.0,3.3,4.1
2023-07-07 15:50:00+00:00,21.7,23.0,3.3,4.1
2023-07-07 16:00:00+00:00,21.6,23.0,3.3,4.1
2023-07-07 16:10:00+00:00,21.6,23.0,3.3,4.1
2023-07-07 16:20:00+00:00,21.5,23.0,3.3,4.1
2023-07-07 16:30:00+00:00,21.5,23.0,3.3,4.1
2023-07-07 16:40:00+00:00,21.4,23.0,3.3,4.1
2023-07-07 16:50:00+00:00,21.3,24.0,3.3,4.1
2023-07-07 17:00:00+00:00,21.3,24.0,3.3,4.1
2023-07-07 17:10:00+00:00,21.2,24.0,3.3,4.1
2023-07-07 17:20:00+00:00,21.2,24.0,3.3,4.1
2023-07-07 17:30:00+00:00,21.15,24.0,3.3,4.1
2023-07-07 17:40:00+00:00,21.1,24.0,3.3,4.1
2023-07-07 17:50:00+00:00,21.1,24.0,3.3,4.1
2023-07-07 18:00:00+00:00,21.0,24.0,3.3,4.1
2023-07-07 18:10:00+00:00,21.0,25.0,3.3,4.1
2023-07-07 18:20:00+00:00,21.0,25.0,3.3,4.1
2023-07-07 18:30:00+00:00,20.9,25.0,3.3,4.0
2023-07-07 18:40:00+00:00,20.8,25.0,3.4,3.9
2023-07-07 18:50:00+00:00,20.8,25.0,3.3,3.8
2023-07-07 19:00:00+00:00,20.8,26.0,3.3,3.4
2023-07-07 19:10:00+00:00,20.7,27.0,3.3,3.0
2023-07-07 19:20:00+00:00,20.65,27.0,3.3499999999999996,2.65
2023-07-07 19:30:00+00:00,20.6,27.0,3.4,2.3
2023-07-07 19:40:00+00:00,20.6,28.0,3.4,1.7
2023-07-07 19:50:00+00:00,20.5,28.0,3.4,1.1
2023-07-07 20:00:00+00:00,20.5,28.0,3.4,0.6
2023-07-07 20:10:00+00:00,20.45,28.3,3.4,0.6
2023-07-07 20:20:00+00:00,20.4,28.6,3.4,0.6
2023-07-07 20:30:00+00:00,20.35,28.9,3.4,0.6
2023-07-07 20:40:00+00:00,20.3,29.2,3.4,0.6
2023-07-07 20:50:00+00:00,20.25,29.5,3.4,0.6
2023-07-07 21:00:00+00:00,20.2,29.8,3.4,0.6
2023-07-07 21:10:00+00:00,20.15,30.1,3.4,0.6
2023-07-07 21:20:00+00:00,20.1,30.4,3.4,0.6
2023-07-07 21:30:00+00:00,20.05,30.7,3.4,0.6
2023-07-07 21:40:00+00:00,20.0,31.0,3.4,0.6
2023-07-07 21:50:00+00:00,19.96,31.2,3.4,0.58
2023-07-07 22:00:00+00:00,19.92,31.4,3.4,0.5599999999999999
2023-07-07 22:10:00+00:00,19.88,31.6,3.4,0.54
2023-07-07 22:20:00+00:00,19.84,31.8,3.4,0.52
2023-07-07 22:30:00+00:00,19.8,32.0,3.4,0.5
2023-07-07 22:40:00+00:00,19.76,32.2,3.4,0.48
2023-07-07 22:50:00+00:00,19.720000000000002,32.4,3.4,0.45999999999999996
2023-07-07 23:00:00+00:00,19.68,32.6,3.4,0.44
2023-07-07 23:10:00+00:00,19.64,32.8,3.4,0.42000000000000004
2023-07-07 23:20:00+00:00,19.6,33.0,3.4,0.4
2023-07-07 23:30:00+00:00,19.560000000000002,33.1,3.4,0.43
2023-07-07 23:40:00+00:00,19.52,33.2,3.4,0.46
2023-07-07 23:50:00+00:00,19.48,33.3,3.4,0.49
2023-07-08 00:00:00+00:00,19.44,33.4,3.4,0.52
2023-07-08 00:10:00+00:00,19.4,33.5,3.4,0.55
2023-07-08 00:20:00+00:00,19.36,33.6,3.4,0.58
2023-07-08 00:30:00+00:00,19.32,33.7,3.4,0.61
2023-07-08 00:40:00+00:00,19.28,33.8,3.4,0.6399999999999999
2023-07-08 00:50:00+00:00,19.24,33.9,3.4,0.6699999999999999
2023-07-08 01:00:00+00:00,19.2,34.0,3.4,0.7
2023-07-08 01:10:00+00:00,19.184615384615384,34.07692307692308,3.4,0.9615384615384615
2023-07-08 01:20:00+00:00,19.16923076923077,34.15384615384615,3.4,1.223076923076923
2023-07-08 01:30:00+00:00,19.153846153846153,34.23076923076923,3.4,1.4846153846153844
2023-07-08 01:40:00+00:00,19.138461538461538,34.30769230769231,3.4,1.746153846153846
2023-07-08 01:50:00+00:00,19.123076923076923,34.38461538461539,3.4,2.0076923076923077
2023-07-08 02:00:00+00:00,19.107692307692307,34.46153846153846,3.4,2.269230769230769
2023-07-08 02:10:00+00:00,19.092307692307692,34.53846153846154,3.4,2.5307692307692307
2023-07-08 02:20:00+00:00,19.076923076923077,34.61538461538461,3.4,2.792307692307692
2023-07-08 02:30:00+00:00,19.06153846153846,34.69230769230769,3.4,3.0538461538461537
2023-07-08 02:40:00+00:00,19.046153846153846,34.76923076923077,3.4,3.315384615384615
2023-07-08 02:50:00+00:00,19.03076923076923,34.84615384615385,3.4,3.5769230769230766
2023-07-08 03:00:00+00:00,19.015384615384615,34.92307692307692,3.4,3.838461538461538
2023-07-08 03:10:00+00:00,19.0,35.0,3.4,4.1
2023-07-08 03:20:00+00:00,18.9,36.0,3.4,4.1
2023-07-08 03:30:00+00:00,18.8,36.0,3.4,4.1
2023-07-08 03:40:00+00:00,18.8,37.0,3.4,4.1
2023-07-08 03:50:00+00:00,18.8,36.0,3.4,4.1
2023-07-08 04:00:00+00:00,18.8,36.0,3.4,4.1
2023-07-08 04:10:00+00:00,18.8,36.0,3.4,4.1
2023-07-08 04:20:00+00:00,18.8,36.0,3.4,4.1
2023-07-08 04:30:00+00:00,18.8,36.0,3.4,4.1
2023-07-08 04:40:00+00:00,18.8,36.0,3.4,4.1
2023-07-08 04:50:00+00:00,18.7,36.0,3.3,4.1
2023-07-08 05:00:00+00:00,18.7,35.5,3.3,4.1
2023-07-08 05:10:00+00:00,18.7,35.0,3.3,4.1
2023-07-08 05:20:00+00:00,18.7,36.0,3.3,4.1
2023-07-08 05:30:00+00:00,18.8,36.0,3.2,4.1
2023-07-08 05:40:00+00:00,18.8,36.0,3.2,4.1
2023-07-08 05:50:00+00:00,18.8,35.0,3.2,4.1
2023-07-08 06:00:00+00:00,18.8,35.0,3.2,4.1
2023-07-08 06:10:00+00:00,18.8,35.0,3.3,4.1
2023-07-08 06:20:00+00:00,18.9,34.0,3.2,4.2
2023-07-08 06:30:00+00:00,18.9,33.0,3.1,4.2
2023-07-08 06:40:00+00:00,19.0,32.0,3.1,4.2
2023-07-08 06:50:00+00:00,19.0,31.5,3.1,4.800000000000001
2023-07-08 07:00:00+00:00,19.0,31.0,3.1,5.4
2023-07-08 07:10:00+00:00,19.1,30.0,3.1,5.7
2023-07-08 07:20:00+00:00,19.2,29.0,3.1,5.8
2023-07-08 07:30:00+00:00,19.3,28.0,3.1,5.9
2023-07-08 07:40:00+00:00,19.3,26.0,3.1,5.9
2023-07-08 07:50:00+00:00,19.5,28.0,3.1,5.9
2023-07-08 08:00:00+00:00,19.5,23.0,3.1,5.9
2023-07-08 08:10:00+00:00,19.6,22.0,3.1,5.9
2023-07-08 08:20:00+00:00,19.8,20.0,3.1,5.9
2023-07-08 08:30:00+00:00,19.9,19.0,3.1,5.9
2023-07-08 08:40:00+00:00,20.0,18.0,3.1,5.85
2023-07-08 08:50:00+00:00,20.1,17.0,3.1,5.8
2023-07-08 09:00:00+00:00,20.1,17.0,3.1,5.9
2023-07-08 09:10:00+00:00,20.3,17.0,3.1,5.9
2023-07-08 09:20:00+00:00,20.5,16.0,3.1,4.1
2023-07-08 09:30:00+00:00,20.5,17.0,3.1,6.1
2023-07-08 09:40:00+00:00,20.7,16.0,3.1,4.1
2023-07-08 09:50:00+00:00,20.8,17.0,3.1,5.7
2023-07-08 10:00:00+00:00,20.9,16.0,3.1,4.1
2023-07-08 10:10:00+00:00,21.0,16.0,3.1,6.1
2023-07-08 10:20:00+00:00,21.1,16.0,3.1,5.8
2023-07-08 10:30:00+00:00,21.200000000000003,15.5,3.1,5.85
2023-07-08 10:40:00+00:00,21.3,15.0,3.1,5.9
2023-07-08 10:50:00+00:00,21.4,14.0,3.1,5.8
2023-07-08 11:00:00+00:00,21.5,14.0,3.1,4.1
2023-07-08 11:10:00+00:00,21.5,15.0,3.1,4.1
2023-07-08 11:20:00+00:00,21.6,15.0,3.2,4.1
2023-07-08 11:30:00+00:00,21.8,14.0,3.1,5.7
2023-07-08 11:40:00+00:00,22.0,13.0,3.1,5.5
2023-07-08 11:50:00+00:00,22.1,13.0,3.1,5.5
2023-07-08 12:00:00+00:00,22.1,12.0,3.1,5.4
2023-07-08 12:10:00+00:00,22.3,12.0,3.1,5.1
2023-07-08 12:20:00+00:00,22.3,12.0,3.1,4.6
2023-07-08 12:30:00+00:00,22.3,12.0,3.1,4.1
2023-07-08 12:40:00+00:00,22.3,12.0,3.1,4.1
2023-07-08 12:50:00+00:00,22.5,12.0,3.1,4.1
2023-07-08 13:00:00+00:00,22.4,13.0,3.1,4.1
2023-07-08 13:10:00+00:00,22.3,14.0,3.2,4.1
2023-07-08 13:20:00+00:00,22.3,15.0,3.2,4.1
2023-07-08 13:30:00+00:00,22.3,15.0,3.2,4.1
2023-07-08 13:40:00+00:00,22.3,16.0,3.2,4.1
2023-07-08 13:50:00+00:00,22.3,16.0,3.2,4.1
2023-07-08 14:00:00+00:00,22.25,16.5,3.25,4.1
2023-07-08 14:10:00+00:00,22.2,17.0,3.3,4.1
2023-07-08 14:20:00+00:00,22.1,17.0,3.3,4.1
2023-07-08 14:30:00+00:00,22.1,17.0,3.3,4.1
2023-07-08 14:40:00+00:00,22.0,17.0,3.3,4.1
2023-07-08 14:50:00+00:00,22.0,18.0,3.3,4.1
2023-07-08 15:00:00+00:00,21.8,18.0,3.3,4.1
2023-07-08 15:10:00+00:00,21.8,18.0,3.3,4.1
2023-07-08 15:20:00+00:00,21.7,18.0,3.3,4.1
2023-07-08 15:30:00+00:00,21.6,19.0,3.3,4.1
2023-07-08 15:40:00+00:00,21.6,19.0,3.3,4.1
2023-07-08 15:50:00+00:00,21.55,19.0,3.3,4.1
2023-07-08 16:00:00+00:00,21.5,19.0,3.3,4.1
2023-07-08 16:10:00+00:00,21.5,20.0,3.3,4.1
2023-07-08 16:20:00+00:00,21.4,20.0,3.3,4.1
2023-07-08 16:30:00+00:00,21.3,19.0,3.3,4.1
2023-07-08 16:40:00+00:00,21.3,20.0,3.3,4.1
2023-07-08 16:50:00+00:00,21.2,20.0,3.3,4.1
2023-07-08 17:00:00+00:00,21.1,20.0,3.3,4.1
2023-07-08 17:10:00+00:00,21.1,21.0,3.3,4.1
2023-07-08 17:20:00+00:00,21.0,20.0,3.3,4.1
2023-07-08 17:30:00+00:00,21.0,22.0,3.3,4.1
2023-07-08 17:40:00+00:00,21.0,21.5,3.3,4.1
2023-07-08 17:50:00+00:00,21.0,21.0,3.3,4.1
2023-07-08 18:00:00+00:00,20.9,22.0,3.3,4.1
2023-07-08 18:10:00+00:00,20.8,22.0,3.3,4.0
2023-07-08 18:20:00+00:00,20.8,24.0,3.3,3.9
2023-07-08 18:30:00+00:00,20.8,25.0,3.3,3.9
2023-07-08 18:40:00+00:00,20.7,24.0,3.3,3.9
2023-07-08 18:50:00+00:00,20.7,24.0,3.4,3.9
2023-07-08 19:00:00+00:00,20.6,24.0,3.4,3.7
2023-07-08 19:10:00+00:00,20.6,29.0,3.3,3.0
2023-07-08 19:20:00+00:00,20.5,24.0,3.4,2.6
2023-07-08 19:30:00+00:00,20.5,24.5,3.4,2.25
2023-07-08 19:40:00+00:00,20.5,25.0,3.4,1.9
2023-07-08 19:50:00+00:00,20.5,27.0,3.4,1.1
2023-07-08 20:00:00+00:00,20.4,32.0,3.4,0.6
2023-07-08 20:10:00+00:00,20.369230769230768,32.0,3.4,0.6
2023-07-08 20:20:00+00:00,20.338461538461537,32.0,3.4,0.6
2023-07-08 20:30:00+00:00,20.307692307692307,32.0,3.4,0.6
2023-07-08 20:40:00+00:00,20.276923076923076,32.0,3.4,0.6
2023-07-08 20:50:00+00:00,20.246153846153845,32.0,3.4,0.6
2023-07-08 21:00:00+00:00,20.215384615384615,32.0,3.4,0.6
2023-07-08 21:10:00+00:00,20.184615384615384,32.0,3.4,0.6
2023-07-08 21:20:00+00:00,20.153846153846153,32.0,3.4,0.6
2023-07-08 21:30:00+00:00,20.123076923076923,32.0,3.4,0.6
2023-07-08 21:40:00+00:00,20.092307692307692,32.0,3.4,0.6
2023-07-08 21:50:00+00:00,20.06153846153846,32.0,3.4,0.6
2023-07-08 22:00:00+00:00,20.03076923076923,32.0,3.4,0.6
2023-07-08 22:10:00+00:00,20.0,32.0,3.4,0.6
2023-07-08 22:20:00+00:00,19.96,32.2,3.4,0.6
2023-07-08 22:30:00+00:00,19.92,32.4,3.4,0.6
2023-07-08 22:40:00+00:00,19.88,32.6,3.4,0.6
2023-07-08 22:50:00+00:00,19.84,32.8,3.4,0.6
2023-07-08 23:00:00+00:00,19.8,33.0,3.4,0.6
2023-07-08 23:10:00+00:00,19.76,33.2,3.4,0.6
2023-07-08 23:20:00+00:00,19.720000000000002,33.4,3.4,0.6
2023-07-08 23:30:00+00:00,19.68,33.6,3.4,0.6
2023-07-08 23:40:00+00:00,19.64,33.8,3.4,0.6
2023-07-08 23:50:00+00:00,19.6,34.0,3.4,0.6
2023-07-09 00:00:00+00:00,19.560000000000002,34.1,3.4,0.6
2023-07-09 00:10:00+00:00,19.52,34.2,3.4,0.6
2023-07-09 00:20:00+00:00,19.48,34.3,3.4,0.6
2023-07-09 00:30:00+00:00,19.44,34.4,3.4,0.6
2023-07-09 00:40:00+00:00,19.4,34.5,3.4,0.6
2023-07-09 00:50:00+00:00,19.36,34.6,3.4,0.6
2023-07-09 01:00:00+00:00,19.32,34.7,3.4,0.6
2023-07-09 01:10:00+00:00,19.28,34.8,3.4,0.6
2023-07-09 01:20:00+00:00,19.24,34.9,3.4,0.6
2023-07-09 01:30:00+00:00,19.2,35.0,3.4,0.6
2023-07-09 01:40:00+00:00,19.165,34.8,3.4,0.95
2023-07-09 01:50:00+00:00,19.13,34.6,3.4,1.2999999999999998
2023-07-09 02:00:00+00:00,19.095,34.4,3.4,1.65
2023-07-09 02:10:00+00:00,19.06,34.2,3.4,2.0
2023-07-09 02:20:00+00:00,19.025,34.0,3.4,2.35
2023-07-09 02:30:00+00:00,18.990000000000002,33.8,3.4,2.6999999999999997
2023-07-09 02:40:00+00:00,18.955000000000002,33.6,3.4,3.05
2023-07-09 02:50:00+00:00,18.92,33.4,3.4,3.4
2023-07-09 03:00:00+00:00,18.885,33.2,3.4,3.75
2023-07-09 03:10:00+00:00,18.85,33.0,3.4,4.1
2023-07-09 03:20:00+00:00,18.825000000000003,33.0,3.4,4.1
2023-07-09 03:30:00+00:00,18.8,33.0,3.4,4.1
2023-07-09 03:40:00+00:00,18.8,33.0,3.4,4.1
2023-07-09 03:50:00+00:00,18.8,33.0,3.4,4.1
2023-07-09 04:00:00+00:00,18.8,33.0,3.4,4.1
2023-07-09 04:10:00+00:00,18.7,33.0,3.4,4.1
2023-07-09 04:20:00+00:00,18.7,33.0,3.4,4.1
2023-07-09 04:30:00+00:00,18.7,34.0,3.4,4.1
2023-07-09 04:40:00+00:00,18.7,34.0,3.4,4.1
2023-07-09 04:50:00+00:00,18.7,34.0,3.4,4.1
2023-07-09 05:00:00+00:00,18.7,34.0,3.3,4.1
2023-07-09 05:10:00+00:00,18.7,33.5,3.3,4.1
2023-07-09 05:20:00+00:00,18.7,33.0,3.3,4.1
2023-07-09 05:30:00+00:00,18.7,33.0,3.3,4.1
2023-07-09 05:40:00+00:00,18.7,34.0,3.2,4.1
2023-07-09 05:50:00+00:00,18.7,32.0,3.1,4.1
2023-07-09 06:00:00+00:00,18.8,32.0,3.1,4.1
2023-07-09 06:10:00+00:00,18.8,31.0,3.1,4.1
2023-07-09 06:20:00+00:00,18.8,30.0,3.1,5.6
2023-07-09 06:30:00+00:00,18.9,29.0,3.1,5.8
2023-07-09 06:40:00+00:00,19.0,27.0,3.1,5.8
2023-07-09 06:50:00+00:00,19.0,26.0,3.1,5.8
2023-07-09 07:00:00+00:00,19.05,25.5,3.1,5.8
2023-07-09 07:10:00+00:00,19.1,25.0,3.1,5.8
2023-07-09 07:20:00+00:00,19.2,23.0,3.1,5.8
2023-07-09 07:30:00+00:00,19.3,22.0,3.1,5.8
2023-07-09 07:40:00+00:00,19.4,20.0,3.1,5.8
2023-07-09 07:50:00+00:00,19.5,19.0,3.1,5.8
2023-07-09 08:00:00+00:00,19.6,17.0,3.1,5.8
2023-07-09 08:10:00+00:00,19.8,16.0,3.1,5.8
2023-07-09 08:20:00+00:00,19.9,14.0,3.1,5.8
2023-07-09 08:30:00+00:00,20.1,13.0,3.1,5.7
2023-07-09 08:40:00+00:00,20.2,13.0,3.1,5.8
2023-07-09 08:50:00+00:00,20.299999999999997,12.5,3.1,5.8
2023-07-09 09:00:00+00:00,20.4,12.0,3.1,5.8
2023-07-09 09:10:00+00:00,20.6,12.0,3.1,5.8
2023-07-09 09:20:00+00:00,20.8,11.0,3.1,5.8
2023-07-09 09:30:00+00:00,21.0,11.0,3.1,5.8
2023-07-09 09:40:00+00:00,21.1,11.0,3.1,5.8
2023-07-09 09:50:00+00:00,21.3,10.0,3.1,5.8
2023-07-09 10:00:00+00:00,21.5,10.0,3.1,5.8
2023-07-09 10:10:00+00:00,21.7,10.0,3.1,5.8
2023-07-09 10:20:00+00:00,21.9,10.0,3.1,5.8
2023-07-09 10:30:00+00:00,22.1,10.0,3.1,5.8
2023-07-09 10:40:00+00:00,22.200000000000003,10.0,3.1,5.75
2023-07-09 10:50:00+00:00,22.3,10.0,3.1,5.7
2023-07-09 11:00:00+00:00,22.5,9.0,3.1,5.7
2023-07-09 11:10:00+00:00,22.6,9.0,3.1,5.7
2023-07-09 11:20:00+00:00,22.8,9.0,3.1,5.6
2023-07-09 11:30:00+00:00,23.0,8.0,3.1,5.6
2023-07-09 11:40:00+00:00,23.1,8.0,3.1,5.6
2023-07-09 11:50:00+00:00,23.1,9.0,3.1,4.1
2023-07-09 12:00:00+00:00,23.1,10.0,3.1,4.1
2023-07-09 12:10:00+00:00,23.1,10.0,3.2,4.1
2023-07-09 12:20:00+00:00,23.15,10.0,3.1500000000000004,4.1
2023-07-09 12:30:00+00:00,23.2,10.0,3.1,4.1
2023-07-09 12:40:00+00:00,23.3,9.0,3.1,4.1
2023-07-09 12:50:00+00:00,23.4,9.0,3.1,4.1
2023-07-09 13:00:00+00:00,23.3,10.0,3.1,4.1
2023-07-09 13:10:00+00:00,23.3,11.0,3.1,4.1
2023-07-09 13:20:00+00:00,23.2,11.0,3.2,4.1
2023-07-09 13:30:00+00:00,23.2,11.0,3.2,4.1
2023-07-09 13:40:00+00:00,23.1,12.0,3.2,4.1
2023-07-09 13:50:00+00:00,23.1,12.0,3.2,4.1
2023-07-09 14:00:00+00:00,23.0,12.0,3.2,4.1
2023-07-09 14:10:00+00:00,23.0,12.0,3.2,4.1
2023-07-09 14:20:00+00:00,23.0,12.0,3.2,4.1
2023-07-09 14:30:00+00:00,22.9,13.0,3.2,4.1
2023-07-09 14:40:00+00:00,22.8,13.0,3.2,4.1
2023-07-09 14:50:00+00:00,22.8,13.0,3.2,4.1
2023-07-09 15:00:00+00:00,22.7,13.0,3.3,4.1
2023-07-09 15:10:00+00:00,22.6,13.0,3.2,4.1
2023-07-09 15:20:00+00:00,22.6,13.0,3.2,4.1
2023-07-09 15:30:00+00:00,22.5,14.0,3.2,4.1
2023-07-09 15:40:00+00:00,22.5,14.0,3.3,4.1
2023-07-09 15:50:00+00:00,22.4,14.0,3.3,4.1
2023-07-09 16:00:00+00:00,22.35,14.0,3.25,4.1
2023-07-09 16:10:00+00:00,22.3,14.0,3.2,4.1
2023-07-09 16:20:00+00:00,22.3,14.0,3.3,4.1
2023-07-09 16:30:00+00:00,22.2,14.0,3.3,4.1
2023-07-09 16:40:00+00:00,22.2,14.0,3.3,4.1
2023-07-09 16:50:00+00:00,22.1,14.0,3.2,4.1
2023-07-09 17:00:00+00:00,22.1,14.0,3.3,4.1
2023-07-09 17:10:00+00:00,22.0,14.0,3.3,4.1
2023-07-09 17:20:00+00:00,22.0,14.0,3.3,4.1
2023-07-09 17:30:00+00:00,21.9,15.0,3.3,4.1
2023-07-09 17:40:00+00:00,21.9,15.0,3.3,4.1
2023-07-09 17:50:00+00:00,21.85,15.0,3.3,4.1
2023-07-09 18:00:00+00:00,21.8,15.0,3.3,4.1
2023-07-09 18:10:00+00:00,21.8,15.0,3.3,4.0
2023-07-09 18:20:00+00:00,21.7,15.0,3.3,3.9
2023-07-09 18:30:00+00:00,21.7,15.0,3.3,3.9
2023-07-09 18:40:00+00:00,21.6,16.0,3.3,3.9
2023-07-09 18:50:00+00:00,21.6,16.0,3.3,3.8
2023-07-09 19:00:00+00:00,21.5,16.0,3.3,3.4
2023-07-09 19:10:00+00:00,21.5,16.0,3.3,2.9
2023-07-09 19:20:00+00:00,21.4,16.0,3.3,2.2
2023-07-09 19:30:00+00:00,21.4,17.0,3.3,1.5
2023-07-09 19:40:00+00:00,21.35,17.0,3.3,1.25
2023-07-09 19:50:00+00:00,21.3,17.0,3.3,1.0
2023-07-09 20:00:00+00:00,21.3,17.0,3.3,0.8
2023-07-09 20:10:00+00:00,21.25,17.4,3.3099999999999996,0.78
2023-07-09 20:20:00+00:00,21.2,17.8,3.32,0.76
2023-07-09 20:30:00+00:00,21.150000000000002,18.2,3.33,0.74
2023-07-09 20:40:00+00:00,21.1,18.6,3.34,0.72
2023-07-09 20:50:00+00:00,21.05,19.0,3.3499999999999996,0.7
2023-07-09 21:00:00+00:00,21.0,19.4,3.36,0.6799999999999999
2023-07-09 21:10:00+00:00,20.95,19.8,3.37,0.66
2023-07-09 21:20:00+00:00,20.900000000000002,20.2,3.38,0.64
2023-07-09 21:30:00+00:00,20.85,20.6,3.3899999999999997,0.62
2023-07-09 21:40:00+00:00,20.8,21.0,3.4,0.6
2023-07-09 21:50:00+00:00,20.76153846153846,21.23076923076923,3.4,0.6
2023-07-09 22:00:00+00:00,20.723076923076924,21.46153846153846,3.4,0.6
2023-07-09 22:10:00+00:00,20.684615384615384,21.692307692307693,3.4,0.6
2023-07-09 22:20:00+00:00,20.646153846153847,21.923076923076923,3.4,0.6
2023-07-09 22:30:00+00:00,20.607692307692307,22.153846153846153,3.4,0.6
2023-07-09 22:40:00+00:00,20.56923076923077,22.384615384615383,3.4,0.6
2023-07-09 22:50:00+00:00,20.53076923076923,22.615384615384617,3.4,0.6
2023-07-09 23:00:00+00:00,20.492307692307694,22.846153846153847,3.4,0.6
2023-07-09 23:10:00+00:00,20.453846153846154,23.076923076923077,3.4,0.6
2023-07-09 23:20:00+00:00,20.415384615384617,23.307692307692307,3.4,0.6
2023-07-09 23:30:00+00:00,20.376923076923077,23.53846153846154,3.4,0.6
2023-07-09 23:40:00+00:00,20.33846153846154,23.76923076923077,3.4,0.6
2023-07-09 23:50:00+00:00,20.3,24.0,3.4,0.6
2023-07-10 00:00:00+00:00,20.27,24.1,3.4,0.6
2023-07-10 00:10:00+00:00,20.240000000000002,24.2,3.4,0.6
2023-07-10 00:20:00+00:00,20.21,24.3,3.4,0.6
2023-07-10 00:30:00+00:00,20.18,24.4,3.4,0.6
2023-07-10 00:40:00+00:00,20.15,24.5,3.4,0.6
2023-07-10 00:50:00+00:00,20.12,24.6,3.4,0.6
2023-07-10 01:00:00+00:00,20.09,24.7,3.4,0.6
2023-07-10 01:10:00+00:00,20.06,24.8,3.4,0.6
2023-07-10 01:20:00+00:00,20.03,24.9,3.4,0.6
2023-07-10 01:30:00+00:00,20.0,25.0,3.4,0.6
2023-07-10 01:40:00+00:00,19.96,25.3,3.405,0.9349999999999999
2023-07-10 01:50:00+00:00,19.92,25.6,3.41,1.27
2023-07-10 02:00:00+00:00,19.88,25.9,3.415,1.605
2023-07-10 02:10:00+00:00,19.84,26.2,3.42,1.94
2023-07-10 02:20:00+00:00,19.8,26.5,3.425,2.275
2023-07-10 02:30:00+00:00,19.76,26.8,3.43,2.61
2023-07-10 02:40:00+00:00,19.720000000000002,27.1,3.435,2.945
2023-07-10 02:50:00+00:00,19.68,27.4,3.44,3.28
2023-07-10 03:00:00+00:00,19.64,27.7,3.4450000000000003,3.6149999999999998
2023-07-10 03:10:00+00:00,19.6,28.0,3.45,3.9499999999999997
2023-07-10 03:20:00+00:00,19.6,28.0,3.4,4.1
2023-07-10 03:30:00+00:00,19.55,28.5,3.4,4.1
2023-07-10 03:40:00+00:00,19.5,29.0,3.4,4.1
2023-07-10 03:50:00+00:00,19.5,29.0,3.4,4.1
2023-07-10 04:00:00+00:00,19.5,29.0,3.4,4.1
2023-07-10 04:10:00+00:00,19.5,29.0,3.4,4.1
2023-07-10 04:20:00+00:00,19.5,28.0,3.3,4.1
2023-07-10 04:30:00+00:00,19.5,29.0,3.3,4.1
2023-07-10 04:40:00+00:00,19.5,29.0,3.3,4.1
2023-07-10 04:50:00+00:00,19.5,29.0,3.3,4.1
2023-07-10 05:00:00+00:00,19.5,29.0,3.2,4.1
2023-07-10 05:10:00+00:00,19.5,29.0,3.2,4.1
2023-07-10 05:20:00+00:00,19.5,29.0,3.2,4.1
2023-07-10 05:30:00+00:00,19.5,29.0,3.2,4.1
2023-07-10 05:40:00+00:00,19.6,28.0,3.2,4.2
2023-07-10 05:50:00+00:00,19.6,29.0,3.1,4.2
2023-07-10 06:00:00+00:00,19.6,28.0,3.1,4.1
2023-07-10 06:10:00+00:00,19.6,27.0,3.1,4.1
2023-07-10 06:20:00+00:00,19.6,26.0,3.1,5.5
2023-07-10 06:30:00+00:00,19.7,25.0,3.1,5.5
2023-07-10 06:40:00+00:00,19.8,23.0,3.1,5.8
2023-07-10 06:50:00+00:00,19.8,22.0,3.1,5.9
2023-07-10 07:00:00+00:00,19.9,21.0,3.1,5.9
2023-07-10 07:10:00+00:00,19.95,20.5,3.1,5.85
2023-07-10 07:20:00+00:00,20.0,20.0,3.1,5.8
2023-07-10 07:30:00+00:00,20.0,19.0,3.1,5.8
2023-07-10 07:40:00+00:00,20.1,17.0,3.1,5.8
2023-07-10 07:50:00+00:00,20.1,16.0,3.1,5.9
2023-07-10 08:00:00+00:00,20.3,15.0,3.1,5.8
2023-07-10 08:10:00+00:00,20.4,14.0,3.1,5.9
2023-07-10 08:20:00+00:00,20.5,13.0,3.1,5.8
2023-07-10 08:30:00+00:00,20.6,12.0,3.1,5.8
2023-07-10 08:40:00+00:00,20.8,11.0,3.1,5.8
2023-07-10 08:50:00+00:00,21.0,11.0,3.1,5.9
2023-07-10 09:00:00+00:00,21.05,11.0,3.1,5.85
2023-07-10 09:10:00+00:00,21.1,11.0,3.1,5.8
2023-07-10 09:20:00+00:00,21.3,11.0,3.1,5.9
2023-07-10 09:30:00+00:00,21.4,10.0,3.1,5.9
2023-07-10 09:40:00+00:00,21.6,10.0,3.1,5.8
2023-07-10 09:50:00+00:00,21.8,9.0,3.1,5.8
2023-07-10 10:00:00+00:00,22.0,9.0,3.1,5.8
2023-07-10 10:10:00+00:00,22.1,9.0,3.1,5.8
2023-07-10 10:20:00+00:00,22.3,9.0,3.1,5.8
2023-07-10 10:30:00+00:00,22.5,9.0,3.1,5.7
2023-07-10 10:40:00+00:00,22.55,9.0,3.1,5.7
2023-07-10 10:50:00+00:00,22.6,9.0,3.1,5.7
2023-07-10 11:00:00+00:00,22.6,9.0,3.1,5.4
2023-07-10 11:10:00+00:00,22.7,10.0,3.1,5.9
2023-07-10 11:20:00+00:00,22.8,9.0,3.1,5.4
2023-07-10 11:30:00+00:00,22.8,10.0,3.1,4.6
2023-07-10 11:40:00+00:00,22.9,9.0,3.2,4.1
2023-07-10 11:50:00+00:00,22.8,10.0,3.2,4.1
2023-07-10 12:00:00+00:00,22.8,10.0,3.2,4.1
2023-07-10 12:10:00+00:00,22.8,10.0,3.2,4.5
2023-07-10 12:20:00+00:00,22.8,10.0,3.2,4.8
2023-07-10 12:30:00+00:00,22.85,10.0,3.2,5.1
2023-07-10 12:40:00+00:00,22.9,10.0,3.2,5.4
2023-07-10 12:50:00+00:00,22.9,10.0,3.2,4.1
2023-07-10 13:00:00+00:00,22.9,10.0,3.2,4.1
2023-07-10 13:10:00+00:00,22.8,10.0,3.2,4.1
2023-07-10 13:20:00+00:00,22.8,10.0,3.2,4.1
2023-07-10 13:30:00+00:00,22.8,10.0,3.2,4.1
2023-07-10 13:40:00+00:00,22.8,11.0,3.2,4.1
2023-07-10 13:50:00+00:00,22.7,11.0,3.2,4.1
2023-07-10 14:00:00+00:00,22.7,12.0,3.2,4.1
2023-07-10 14:10:00+00:00,22.7,12.0,3.2,4.1
2023-07-10 14:20:00+00:00,22.65,12.0,3.2,4.1
2023-07-10 14:30:00+00:00,22.6,12.0,3.2,4.1
2023-07-10 14:40:00+00:00,22.6,12.0,3.2,4.1
2023-07-10 14:50:00+00:00,22.6,12.0,3.3,4.1
2023-07-10 15:00:00+00:00,22.5,12.0,3.3,4.1
2023-07-10 15:10:00+00:00,22.5,12.0,3.3,4.1
2023-07-10 15:20:00+00:00,22.5,13.0,3.2,4.1
2023-07-10 15:30:00+00:00,22.4,12.0,3.3,4.1
2023-07-10 15:40:00+00:00,22.4,13.0,3.2,4.1
2023-07-10 15:50:00+00:00,22.3,12.0,3.2,4.1
2023-07-10 16:00:00+00:00,22.3,12.0,3.3,4.1
2023-07-10 16:10:00+00:00,22.3,12.5,3.3,4.1
2023-07-10 16:20:00+00:00,22.3,13.0,3.3,4.1
2023-07-10 16:30:00+00:00,22.2,13.0,3.3,4.1
2023-07-10 16:40:00+00:00,22.1,13.0,3.3,4.1
2023-07-10 16:50:00+00:00,22.1,13.0,3.3,4.1
2023-07-10 17:00:00+00:00,22.1,14.0,3.3,4.1
2023-07-10 17:10:00+00:00,22.0,14.0,3.3,4.1
2023-07-10 17:20:00+00:00,22.0,14.0,3.3,4.1
2023-07-10 17:30:00+00:00,22.0,14.0,3.3,4.1
2023-07-10 17:40:00+00:00,21.9,14.0,3.3,4.0
2023-07-10 17:50:00+00:00,21.8,15.0,3.3,4.0
2023-07-10 18:00:00+00:00,21.8,15.0,3.3,3.85
2023-07-10 18:10:00+00:00,21.8,15.0,3.3,3.7
2023-07-10 18:20:00+00:00,21.8,15.0,3.3,3.4
2023-07-10 18:30:00+00:00,21.7,15.0,3.3,3.0
2023-07-10 18:40:00+00:00,21.7,15.0,3.3,2.6
2023-07-10 18:50:00+00:00,21.6,16.0,3.3,2.1
2023-07-10 19:00:00+00:00,21.6,16.0,3.3,1.9
2023-07-10 19:10:00+00:00,21.5,16.0,3.3,1.4
2023-07-10 19:20:00+00:00,21.5,16.0,3.3,1.2
2023-07-10 19:30:00+00:00,21.5,16.0,3.3,0.8
2023-07-10 19:40:00+00:00,21.46,16.3,3.3099999999999996,0.78
2023-07-10 19:50:00+00:00,21.42,16.6,3.32,0.76
2023-07-10 20:00:00+00:00,21.38,16.9,3.33,0.74
2023-07-10 20:10:00+00:00,21.34,17.2,3.34,0.72
2023-07-10 20:20:00+00:00,21.3,17.5,3.3499999999999996,0.7
2023-07-10 20:30:00+00:00,21.26,17.8,3.36,0.6799999999999999
2023-07-10 20:40:00+00:00,21.220000000000002,18.1,3.37,0.66
2023-07-10 20:50:00+00:00,21.18,18.4,3.38,0.64
2023-07-10 21:00:00+00:00,21.14,18.7,3.3899999999999997,0.62
2023-07-10 21:10:00+00:00,21.1,19.0,3.4,0.6
2023-07-10 21:20:00+00:00,21.07857142857143,20.5,3.4,0.6
2023-07-10 21:30:00+00:00,21.057142857142857,22.0,3.4,0.6
2023-07-10 21:40:00+00:00,21.03571428571429,23.5,3.4,0.6
2023-07-10 21:50:00+00:00,21.014285714285716,25.0,3.4,0.6
2023-07-10 22:00:00+00:00,20.992857142857144,26.5,3.4,0.6
2023-07-10 22:10:00+00:00,20.97142857142857,28.0,3.4,0.6
2023-07-10 22:20:00+00:00,20.950000000000003,29.5,3.4,0.6
2023-07-10 22:30:00+00:00,20.92857142857143,31.0,3.4,0.6
2023-07-10 22:40:00+00:00,20.90714285714286,32.5,3.4,0.6
2023-07-10 22:50:00+00:00,20.885714285714286,34.0,3.4,0.6
2023-07-10 23:00:00+00:00,20.864285714285714,35.5,3.4,0.6
2023-07-10 23:10:00+00:00,20.842857142857145,37.0,3.4,0.6
2023-07-10 23:20:00+00:00,20.821428571428573,38.5,3.4,0.6
2023-07-10 23:30:00+00:00,20.8,40.0,3.4,0.6
2023-07-10 23:40:00+00:00,20.77,41.9,3.4,0.58
2023-07-10 23:50:00+00:00,20.740000000000002,43.8,3.4,0.5599999999999999
2023-07-11 00:00:00+00:00,20.71,45.7,3.4,0.54
2023-07-11 00:10:00+00:00,20.68,47.6,3.4,0.52
2023-07-11 00:20:00+00:00,20.65,49.5,3.4,0.5
2023-07-11 00:30:00+00:00,20.62,51.4,3.4,0.48
2023-07-11 00:40:00+00:00,20.59,53.3,3.4,0.45999999999999996
2023-07-11 00:50:00+00:00,20.56,55.2,3.4,0.44
2023-07-11 01:00:00+00:00,20.53,57.099999999999994,3.4,0.42000000000000004
2023-07-11 01:10:00+00:00,20.5,59.0,3.4,0.4
2023-07-11 01:20:00+00:00,20.47,59.0,3.4,0.615
2023-07-11 01:30:00+00:00,20.44,59.0,3.4,0.8300000000000001
2023-07-11 01:40:00+00:00,20.41,59.0,3.4,1.045
2023-07-11 01:50:00+00:00,20.380000000000003,59.0,3.4,1.26
2023-07-11 02:00:00+00:00,20.35,59.0,3.4,1.475
2023-07-11 02:10:00+00:00,20.32,59.0,3.4,1.69
2023-07-11 02:20:00+00:00,20.290000000000003,59.0,3.4,1.9049999999999998
2023-07-11 02:30:00+00:00,20.26,59.0,3.4,2.12
2023-07-11 02:40:00+00:00,20.230000000000004,59.0,3.4,2.335
2023-07-11 02:50:00+00:00,20.200000000000003,59.0,3.4,2.55
2023-07-11 03:00:00+00:00,20.1,60.0,3.4,3.1
2023-07-11 03:10:00+00:00,20.1,61.0,3.4,3.9
2023-07-11 03:20:00+00:00,20.1,62.0,3.4,3.7
2023-07-11 03:30:00+00:00,20.1,62.0,3.4,4.1
2023-07-11 03:40:00+00:00,20.1,64.5,3.4,4.1
2023-07-11 03:50:00+00:00,20.1,67.0,3.4,4.1
2023-07-11 04:00:00+00:00,20.0,69.0,3.4,4.1
2023-07-11 04:10:00+00:00,20.0,67.0,3.4,4.1
2023-07-11 04:20:00+00:00,20.0,67.0,3.3,4.1
2023-07-11 04:30:00+00:00,20.0,68.0,3.4,4.1
2023-07-11 04:40:00+00:00,20.0,70.0,3.4,4.1
2023-07-11 04:50:00+00:00,20.0,71.0,3.3,4.1
2023-07-11 05:00:00+00:00,20.0,72.0,3.3,4.1
2023-07-11 05:10:00+00:00,20.0,71.0,3.3,4.1
2023-07-11 05:20:00+00:00,20.0,70.0,3.3,4.1
2023-07-11 05:30:00+00:00,20.0,70.0,3.3,4.1
2023-07-11 05:40:00+00:00,20.0,70.0,3.3,4.1
2023-07-11 05:50:00+00:00,20.0,70.0,3.3,4.1
2023-07-11 06:00:00+00:00,20.0,70.0,3.3,4.1
2023-07-11 06:10:00+00:00,20.0,70.0,3.3,4.1
2023-07-11 06:20:00+00:00,20.0,69.0,3.3,4.1
2023-07-11 06:30:00+00:00,20.0,69.0,3.3,4.1
2023-07-11 06:40:00+00:00,20.0,69.0,3.3,4.1
2023-07-11 06:50:00+00:00,20.0,69.0,3.3,4.1
2023-07-11 07:00:00+00:00,20.0,68.0,3.3,4.1
2023-07-11 07:10:00+00:00,20.1,66.0,3.3,4.1
2023-07-11 07:20:00+00:00,20.1,66.0,3.3,4.1
2023-07-11 07:30:00+00:00,20.1,66.0,3.3,4.1
2023-07-11 07:40:00+00:00,20.1,65.0,3.3,4.1
2023-07-11 07:50:00+00:00,20.1,65.0,3.3,4.1
2023-07-11 08:00:00+00:00,20.1,65.0,3.3,4.1
2023-07-11 08:10:00+00:00,20.1,63.0,3.3,4.1
2023-07-11 08:20:00+00:00,20.1,62.0,3.3,4.1
2023-07-11 08:30:00+00:00,20.1,62.0,3.3,4.1
2023-07-11 08:40:00+00:00,20.1,61.0,3.3,4.1
2023-07-11 08:50:00+00:00,20.2,61.0,3.3,4.1
2023-07-11 09:00:00+00:00,20.2,60.5,3.3,4.1
2023-07-11 09:10:00+00:00,20.2,60.0,3.3,4.1
2023-07-11 09:20:00+00:00,20.3,60.0,3.3,4.1
2023-07-11 09:30:00+00:00,20.3,59.0,3.2,4.1
2023-07-11 09:40:00+00:00,20.3,58.0,3.2,4.1
2023-07-11 09:50:00+00:00,20.4,58.0,3.2,4.1
2023-07-11 10:00:00+00:00,20.4,57.0,3.2,4.1
2023-07-11 10:10:00+00:00,20.5,57.0,3.2,4.1
2023-07-11 10:20:00+00:00,20.5,57.0,3.2,4.1
2023-07-11 10:30:00+00:00,20.5,57.0,3.2,4.1
2023-07-11 10:40:00+00:00,20.5,57.0,3.2,4.1
2023-07-11 10:50:00+00:00,20.55,56.5,3.2,4.1
2023-07-11 11:00:00+00:00,20.6,56.0,3.2,4.1
2023-07-11 11:10:00+00:00,20.7,55.0,3.2,4.1
2023-07-11 11:20:00+00:00,20.8,55.0,3.1,4.1
2023-07-11 11:30:00+00:00,20.9,54.0,3.1,4.1
2023-07-11 11:40:00+00:00,20.9,55.0,3.2,4.1
2023-07-11 11:50:00+00:00,21.0,54.0,3.2,4.1
2023-07-11 12:00:00+00:00,21.0,54.0,3.2,4.1
2023-07-11 12:10:00+00:00,21.0,54.0,3.2,4.1
2023-07-11 12:20:00+00:00,21.1,53.0,3.2,4.1
2023-07-11 12:30:00+00:00,21.1,53.0,3.2,4.1
2023-07-11 12:40:00+00:00,21.1,53.0,3.2,4.1
2023-07-11 12:50:00+00:00,21.1,53.0,3.2,4.1
2023-07-11 13:00:00+00:00,21.1,52.0,3.2,4.1
2023-07-11 13:10:00+00:00,21.1,52.0,3.2,4.1
2023-07-11 13:20:00+00:00,21.1,52.0,3.2,4.1
2023-07-11 13:30:00+00:00,21.1,52.0,3.2,4.1
2023-07-11 13:40:00+00:00,21.1,51.0,3.2,4.1
2023-07-11 13:50:00+00:00,21.1,51.0,3.2,4.1
2023-07-11 14:00:00+00:00,21.1,51.0,3.2,4.1
2023-07-11 14:10:00+00:00,21.1,51.0,3.2,4.1
2023-07-11 14:20:00+00:00,21.1,51.0,3.2,4.1
2023-07-11 14:30:00+00:00,21.1,51.0,3.25,4.1
2023-07-11 14:40:00+00:00,21.1,51.0,3.3,4.1
2023-07-11 14:50:00+00:00,21.1,50.0,3.2,4.1
2023-07-11 15:00:00+00:00,21.0,50.0,3.3,4.1
2023-07-11 15:10:00+00:00,21.0,50.0,3.3,4.1
2023-07-11 15:20:00+00:00,21.0,50.0,3.3,4.1
2023-07-11 15:30:00+00:00,21.0,50.0,3.3,4.1
2023-07-11 15:40:00+00:00,21.0,51.0,3.3,4.1
2023-07-11 15:50:00+00:00,21.0,50.0,3.3,4.1
2023-07-11 16:00:00+00:00,21.0,51.0,3.3,4.1
2023-07-11 16:10:00+00:00,21.0,51.0,3.3,4.1
2023-07-11 16:20:00+00:00,21.0,51.0,3.3,4.1
2023-07-11 16:30:00+00:00,21.0,51.0,3.3,4.1
2023-07-11 16:40:00+00:00,21.0,51.0,3.3,4.1
2023-07-11 16:50:00+00:00,20.9,50.0,3.3,4.1
2023-07-11 17:00:00+00:00,20.9,51.0,3.3,4.1
2023-07-11 17:10:00+00:00,20.9,50.0,3.3,4.1
2023-07-11 17:20:00+00:00,20.8,50.0,3.3,4.1
2023-07-11 17:30:00+00:00,20.8,50.0,3.3,4.1
2023-07-11 17:40:00+00:00,20.8,50.0,3.3,4.1
2023-07-11 17:50:00+00:00,20.8,50.0,3.3,4.1
2023-07-11 18:00:00+00:00,20.8,50.0,3.3,4.1
2023-07-11 18:10:00+00:00,20.8,50.0,3.3,4.1
2023-07-11 18:20:00+00:00,20.8,50.0,3.3,4.1
2023-07-11 18:30:00+00:00,20.7,50.0,3.3,4.1
2023-07-11 18:40:00+00:00,20.7,50.0,3.3,3.9
2023-07-11 18:50:00+00:00,20.6,50.0,3.3,3.9
2023-07-11 19:00:00+00:00,20.6,50.0,3.3,3.6
2023-07-11 19:10:00+00:00,20.6,50.0,3.3,3.0
2023-07-11 19:20:00+00:00,20.6,50.0,3.4,2.2
2023-07-11 19:30:00+00:00,20.6,53.0,3.3,1.4
2023-07-11 19:40:00+00:00,20.5,53.0,3.4,0.9
2023-07-11 19:50:00+00:00,20.47,52.8,3.4,0.85
2023-07-11 20:00:00+00:00,20.44,52.6,3.4,0.8
2023-07-11 20:10:00+00:00,20.41,52.4,3.4,0.75
2023-07-11 20:20:00+00:00,20.38,52.2,3.4,0.7
2023-07-11 20:30:00+00:00,20.35,52.0,3.4,0.65
2023-07-11 20:40:00+00:00,20.32,51.8,3.4,0.6
2023-07-11 20:50:00+00:00,20.29,51.6,3.4,0.55
2023-07-11 21:00:00+00:00,20.259999999999998,51.4,3.4,0.5
2023-07-11 21:10:00+00:00,20.23,51.2,3.4,0.45
2023-07-11 21:20:00+00:00,20.2,51.0,3.4,0.4
2023-07-11 21:30:00+00:00,20.17142857142857,51.142857142857146,3.4,0.4142857142857143
2023-07-11 21:40:00+00:00,20.142857142857142,51.285714285714285,3.4,0.4285714285714286
2023-07-11 21:50:00+00:00,20.114285714285714,51.42857142857143,3.4,0.44285714285714284
2023-07-11 22:00:00+00:00,20.085714285714285,51.57142857142857,3.4,0.45714285714285713
2023-07-11 22:10:00+00:00,20.057142857142857,51.714285714285715,3.4,0.4714285714285714
2023-07-11 22:20:00+00:00,20.02857142857143,51.857142857142854,3.4,0.4857142857142857
2023-07-11 22:30:00+00:00,20.0,52.0,3.4,0.5
2023-07-11 22:40:00+00:00,19.97142857142857,52.142857142857146,3.4,0.5142857142857142
2023-07-11 22:50:00+00:00,19.942857142857143,52.285714285714285,3.4,0.5285714285714286
2023-07-11 23:00:00+00:00,19.914285714285715,52.42857142857143,3.4,0.5428571428571428
2023-07-11 23:10:00+00:00,19.885714285714286,52.57142857142857,3.4,0.5571428571428572
2023-07-11 23:20:00+00:00,19.857142857142858,52.714285714285715,3.4,0.5714285714285714
2023-07-11 23:30:00+00:00,19.82857142857143,52.857142857142854,3.4,0.5857142857142856
2023-07-11 23:40:00+00:00,19.8,53.0,3.4,0.6
2023-07-11 23:50:00+00:00,19.77,52.9,3.4,0.58
2023-07-12 00:00:00+00:00,19.740000000000002,52.8,3.4,0.5599999999999999
2023-07-12 00:10:00+00:00,19.71,52.7,3.4,0.54
2023-07-12 00:20:00+00:00,19.68,52.6,3.4,0.52
2023-07-12 00:30:00+00:00,19.65,52.5,3.4,0.5
2023-07-12 00:40:00+00:00,19.62,52.4,3.4,0.48
2023-07-12 00:50:00+00:00,19.59,52.3,3.4,0.45999999999999996
2023-07-12 01:00:00+00:00,19.56,52.2,3.4,0.44
2023-07-12 01:10:00+00:00,19.53,52.1,3.4,0.42000000000000004
2023-07-12 01:20:00+00:00,19.5,52.0,3.4,0.4
2023-07-12 01:30:00+00:00,19.48,51.9,3.4,0.77
2023-07-12 01:40:00+00:00,19.46,51.8,3.4,1.1400000000000001
2023-07-12 01:50:00+00:00,19.44,51.7,3.4,1.5099999999999998
2023-07-12 02:00:00+00:00,19.42,51.6,3.4,1.88
2023-07-12 02:10:00+00:00,19.4,51.5,3.4,2.25
2023-07-12 02:20:00+00:00,19.38,51.4,3.4,2.6199999999999997
2023-07-12 02:30:00+00:00,19.36,51.3,3.4,2.9899999999999998
2023-07-12 02:40:00+00:00,19.34,51.2,3.4,3.36
2023-07-12 02:50:00+00:00,19.32,51.1,3.4,3.73
2023-07-12 03:00:00+00:00,19.3,51.0,3.4,4.1
2023-07-12 03:10:00+00:00,19.2,51.0,3.4,4.1
2023-07-12 03:20:00+00:00,19.2,51.0,3.4,4.1
2023-07-12 03:30:00+00:00,19.2,51.0,3.4,4.1
2023-07-12 03:40:00+00:00,19.2,51.0,3.3,4.1
2023-07-12 03:50:00+00:00,19.2,51.0,3.3499999999999996,4.1
2023-07-12 04:00:00+00:00,19.2,51.0,3.4,4.1
2023-07-12 04:10:00+00:00,19.2,51.0,3.3,4.1
2023-07-12 04:20:00+00:00,19.2,51.0,3.3,4.1
2023-07-12 04:30:00+00:00,19.1,50.0,3.3,4.1
2023-07-12 04:40:00+00:00,19.2,50.0,3.3,4.1
2023-07-12 04:50:00+00:00,19.2,50.0,3.3,4.1
2023-07-12 05:00:00+00:00,19.2,50.0,3.2,4.1
2023-07-12 05:10:00+00:00,19.2,50.0,3.2,4.1
2023-07-12 05:20:00+00:00,19.2,50.0,3.1,4.1
2023-07-12 05:30:00+00:00,19.3,50.0,3.1,4.1
2023-07-12 05:40:00+00:00,19.3,50.5,3.1,4.15
2023-07-12 05:50:00+00:00,19.3,51.0,3.1,4.2
2023-07-12 06:00:00+00:00,19.3,50.0,3.1,4.1
2023-07-12 06:10:00+00:00,19.3,49.0,3.1,4.2
2023-07-12 06:20:00+00:00,19.4,48.0,3.1,5.4
2023-07-12 06:30:00+00:00,19.5,47.0,3.1,5.7
2023-07-12 06:40:00+00:00,19.5,48.0,3.1,5.8
2023-07-12 06:50:00+00:00,19.6,46.0,3.1,5.8
2023-07-12 07:00:00+00:00,19.6,46.0,3.1,5.8
2023-07-12 07:10:00+00:00,19.7,45.0,3.1,5.8
2023-07-12 07:20:00+00:00,19.75,44.5,3.1,5.8
2023-07-12 07:30:00+00:00,19.8,44.0,3.1,5.8
2023-07-12 07:40:00+00:00,19.9,44.0,3.1,5.8
2023-07-12 07:50:00+00:00,20.0,43.0,3.1,5.8
2023-07-12 08:00:00+00:00,20.1,42.0,3.1,5.7
2023-07-12 08:10:00+00:00,20.2,41.0,3.1,5.8
2023-07-12 08:20:00+00:00,20.3,41.0,3.1,5.9
2023-07-12 08:30:00+00:00,20.4,40.0,3.1,5.8
2023-07-12 08:40:00+00:00,20.6,39.0,3.1,5.8
2023-07-12 08:50:00+00:00,20.7,38.0,3.1,5.8
2023-07-12 09:00:00+00:00,20.8,38.0,3.1,5.6
2023-07-12 09:10:00+00:00,20.9,38.0,3.1,5.65
2023-07-12 09:20:00+00:00,21.0,38.0,3.1,5.7
2023-07-12 09:30:00+00:00,21.1,37.0,3.1,5.7
2023-07-12 09:40:00+00:00,21.3,36.0,3.1,5.5
2023-07-12 09:50:00+00:00,21.3,37.0,3.1,4.8
2023-07-12 10:00:00+00:00,21.5,37.0,3.1,5.2
2023-07-12 10:10:00+00:00,21.5,37.0,3.1,5.7
2023-07-12 10:20:00+00:00,21.6,37.0,3.1,4.1
2023-07-12 10:30:00+00:00,21.6,38.0,3.1,4.1
2023-07-12 10:40:00+00:00,21.6,37.0,3.1,4.1
2023-07-12 10:50:00+00:00,21.7,37.0,3.2,4.1
2023-07-12 11:00:00+00:00,21.7,37.5,3.2,4.1
2023-07-12 11:10:00+00:00,21.7,38.0,3.2,4.1
2023-07-12 11:20:00+00:00,21.7,37.0,3.2,4.1
2023-07-12 11:30:00+00:00,21.7,38.0,3.2,4.1
2023-07-12 11:40:00+00:00,21.7,38.0,3.3,4.1
2023-07-12 11:50:00+00:00,21.7,38.0,3.3,4.1
2023-07-12 12:00:00+00:00,21.7,38.0,3.3,4.1
2023-07-12 12:10:00+00:00,21.6,39.0,3.3,4.1
2023-07-12 12:20:00+00:00,21.6,39.0,3.2,4.1
2023-07-12 12:30:00+00:00,21.6,39.0,3.3,4.1
2023-07-12 12:40:00+00:00,21.6,39.0,3.3,4.1
2023-07-12 12:50:00+00:00,21.6,39.0,3.3,4.1
2023-07-12 13:00:00+00:00,21.6,39.0,3.3,4.1
2023-07-12 13:10:00+00:00,21.6,39.0,3.3,3.1
2023-07-12 13:20:00+00:00,21.5,46.0,3.3,3.8
2023-07-12 13:30:00+00:00,21.5,48.0,3.3,4.1
2023-07-12 13:40:00+00:00,21.4,48.0,3.3,5.3
2023-07-12 13:50:00+00:00,21.4,48.0,3.3,5.9
2023-07-12 14:00:00+00:00,21.3,48.0,3.3,4.1
2023-07-12 14:10:00+00:00,21.3,48.0,3.3,4.1
2023-07-12 14:20:00+00:00,21.3,49.0,3.3,4.1
2023-07-12 14:30:00+00:00,21.3,68.0,3.3,4.1
2023-07-12 14:40:00+00:00,21.3,70.5,3.3,4.1
2023-07-12 14:50:00+00:00,21.3,73.0,3.3,4.1
2023-07-12 15:00:00+00:00,21.3,74.0,3.3,4.1
2023-07-12 15:10:00+00:00,21.3,74.0,3.3,4.1
2023-07-12 15:20:00+00:00,21.3,74.0,3.3,4.1
2023-07-12 15:30:00+00:00,21.3,74.0,3.3,4.1
2023-07-12 15:40:00+00:00,21.3,72.0,3.3,4.1
2023-07-12 15:50:00+00:00,21.3,70.0,3.3,4.1
2023-07-12 16:00:00+00:00,21.3,67.0,3.3,4.1
2023-07-12 16:10:00+00:00,21.2,69.0,3.3,4.1
2023-07-12 16:20:00+00:00,21.2,70.0,3.3,4.1
2023-07-12 16:30:00+00:00,21.2,69.5,3.3,4.1
2023-07-12 16:40:00+00:00,21.2,69.0,3.3,4.1
2023-07-12 16:50:00+00:00,21.2,65.0,3.3,4.1
2023-07-12 17:00:00+00:00,21.1,63.0,3.3,4.1
2023-07-12 17:10:00+00:00,21.1,63.0,3.3,4.1
2023-07-12 17:20:00+00:00,21.1,62.0,3.3,4.1
2023-07-12 17:30:00+00:00,21.1,62.0,3.3,4.1
2023-07-12 17:40:00+00:00,21.1,59.0,3.3,4.1
2023-07-12 17:50:00+00:00,21.0,63.0,3.3,4.1
2023-07-12 18:00:00+00:00,21.0,59.0,3.3,4.1
2023-07-12 18:10:00+00:00,21.0,58.0,3.3,4.1
2023-07-12 18:20:00+00:00,21.0,58.0,3.3,4.0
2023-07-12 18:30:00+00:00,21.0,58.0,3.3,3.9
2023-07-12 18:40:00+00:00,20.9,61.0,3.3,3.8
2023-07-12 18:50:00+00:00,20.8,57.0,3.3,3.7
2023-07-12 19:00:00+00:00,20.8,57.0,3.3,3.3
2023-07-12 19:10:00+00:00,20.8,57.0,3.3,2.7
2023-07-12 19:20:00+00:00,20.7,57.0,3.3,2.3
2023-07-12 19:30:00+00:00,20.7,57.0,3.3,1.6
2023-07-12 19:40:00+00:00,20.6,56.0,3.3,1.0
2023-07-12 19:50:00+00:00,20.6,56.0,3.3,0.7
2023-07-12 20:00:00+00:00,20.560000000000002,55.9,3.3099999999999996,0.69
2023-07-12 20:10:00+00:00,20.52,55.8,3.32,0.6799999999999999
2023-07-12 20:20:00+00:00,20.48,55.7,3.33,0.6699999999999999
2023-07-12 20:30:00+00:00,20.44,55.6,3.34,0.6599999999999999
2023-07-12 20:40:00+00:00,20.4,55.5,3.3499999999999996,0.6499999999999999
2023-07-12 20:50:00+00:00,20.36,55.4,3.36,0.64
2023-07-12 21:00:00+00:00,20.32,55.3,3.37,0.63
2023-07-12 21:10:00+00:00,20.28,55.2,3.38,0.62
2023-07-12 21:20:00+00:00,20.24,55.1,3.3899999999999997,0.61
2023-07-12 21:30:00+00:00,20.2,55.0,3.4,0.6
2023-07-12 21:40:00+00:00,20.17142857142857,54.92857142857143,3.4,0.6
2023-07-12 21:50:00+00:00,20.142857142857142,54.857142857142854,3.4,0.6
2023-07-12 22:00:00+00:00,20.114285714285714,54.785714285714285,3.4,0.6
2023-07-12 22:10:00+00:00,20.085714285714285,54.714285714285715,3.4,0.6
2023-07-12 22:20:00+00:00,20.057142857142857,54.642857142857146,3.4,0.6
2023-07-12 22:30:00+00:00,20.02857142857143,54.57142857142857,3.4,0.6
2023-07-12 22:40:00+00:00,20.0,54.5,3.4,0.6
2023-07-12 22:50:00+00:00,19.97142857142857,54.42857142857143,3.4,0.6
2023-07-12 23:00:00+00:00,19.942857142857143,54.357142857142854,3.4,0.6
2023-07-12 23:10:00+00:00,19.914285714285715,54.285714285714285,3.4,0.6
2023-07-12 23:20:00+00:00,19.885714285714286,54.214285714285715,3.4,0.6
2023-07-12 23:30:00+00:00,19.857142857142858,54.142857142857146,3.4,0.6
2023-07-12 23:40:00+00:00,19.82857142857143,54.07142857142857,3.4,0.6
2023-07-12 23:50:00+00:00,19.8,54.0,3.4,0.6
2023-07-13 00:00:00+00:00,19.77,54.0,3.4,0.6
2023-07-13 00:10:00+00:00,19.740000000000002,54.0,3.4,0.6
2023-07-13 00:20:00+00:00,19.71,54.0,3.4,0.6
2023-07-13 00:30:00+00:00,19.68,54.0,3.4,0.6
2023-07-13 00:40:00+00:00,19.65,54.0,3.4,0.6
2023-07-13 00:50:00+00:00,19.62,54.0,3.4,0.6
2023-07-13 01:00:00+00:00,19.59,54.0,3.4,0.6
2023-07-13 01:10:00+00:00,19.56,54.0,3.4,0.6
2023-07-13 01:20:00+00:00,19.53,54.0,3.4,0.6
2023-07-13 01:30:00+00:00,19.5,54.0,3.4,0.6
2023-07-13 01:40:00+00:00,19.48,53.9,3.4,0.94
2023-07-13 01:50:00+00:00,19.46,53.8,3.4,1.2799999999999998
2023-07-13 02:00:00+00:00,19.44,53.7,3.4,1.62
2023-07-13 02:10:00+00:00,19.42,53.6,3.4,1.96
2023-07-13 02:20:00+00:00,19.4,53.5,3.4,2.3
2023-07-13 02:30:00+00:00,19.38,53.4,3.4,2.64
2023-07-13 02:40:00+00:00,19.36,53.3,3.4,2.98
2023-07-13 02:50:00+00:00,19.34,53.2,3.4,3.32
2023-07-13 03:00:00+00:00,19.32,53.1,3.4,3.6599999999999997
2023-07-13 03:10:00+00:00,19.3,53.0,3.4,4.0
2023-07-13 03:20:00+00:00,19.2,52.0,3.4,4.1
2023-07-13 03:30:00+00:00,19.2,53.0,3.4,4.1
2023-07-13 03:40:00+00:00,19.2,53.0,3.4,4.1
2023-07-13 03:50:00+00:00,19.1,53.0,3.4,4.1
2023-07-13 04:00:00+00:00,19.1,53.5,3.4,4.1
2023-07-13 04:10:00+00:00,19.1,54.0,3.4,4.1
2023-07-13 04:20:00+00:00,19.1,52.0,3.3,4.1
2023-07-13 04:30:00+00:00,19.1,52.0,3.3,4.1
2023-07-13 04:40:00+00:00,19.1,52.0,3.3,4.1
2023-07-13 04:50:00+00:00,19.1,52.0,3.3,4.1
2023-07-13 05:00:00+00:00,19.1,52.0,3.2,4.1
2023-07-13 05:10:00+00:00,19.1,52.0,3.3,4.1
2023-07-13 05:20:00+00:00,19.1,52.0,3.2,4.2
2023-07-13 05:30:00+00:00,19.1,52.0,3.2,4.1
2023-07-13 05:40:00+00:00,19.1,51.5,3.1500000000000004,4.1
2023-07-13 05:50:00+00:00,19.1,51.0,3.1,4.1
2023-07-13 06:00:00+00:00,19.2,51.0,3.1,4.2
2023-07-13 06:10:00+00:00,19.2,50.0,3.1,4.2
2023-07-13 06:20:00+00:00,19.2,50.0,3.1,4.9
2023-07-13 06:30:00+00:00,19.3,51.0,3.1,5.1
2023-07-13 06:40:00+00:00,19.3,49.0,3.1,5.8
2023-07-13 06:50:00+00:00,19.3,49.0,3.1,6.0
2023-07-13 07:00:00+00:00,19.3,48.0,3.1,5.9
2023-07-13 07:10:00+00:00,19.4,48.0,3.1,4.3
2023-07-13 07:20:00+00:00,19.5,48.0,3.1,5.8
2023-07-13 07:30:00+00:00,19.5,48.0,3.1,5.699999999999999
2023-07-13 07:40:00+00:00,19.5,48.0,3.1,5.6
2023-07-13 07:50:00+00:00,19.6,48.0,3.1,6.0
2023-07-13 08:00:00+00:00,19.6,47.0,3.1,6.1
2023-07-13 08:10:00+00:00,19.6,47.0,3.1,6.0
2023-07-13 08:20:00+00:00,19.8,47.0,3.1,4.1
2023-07-13 08:30:00+00:00,19.8,47.0,3.1,5.9
2023-07-13 08:40:00+00:00,20.0,47.0,3.1,5.9
2023-07-13 08:50:00+00:00,20.0,46.0,3.1,4.1
2023-07-13 09:00:00+00:00,20.1,47.0,3.1,4.6
2023-07-13 09:10:00+00:00,20.2,47.0,3.1,4.1
2023-07-13 09:20:00+00:00,20.25,46.5,3.1500000000000004,4.1
2023-07-13 09:30:00+00:00,20.3,46.0,3.2,4.1
2023-07-13 09:40:00+00:00,20.3,46.0,3.2,4.1
2023-07-13 09:50:00+00:00,20.3,47.0,3.2,4.1
2023-07-13 10:00:00+00:00,20.4,47.0,3.2,4.1
2023-07-13 10:10:00+00:00,20.5,47.0,3.2,4.6
2023-07-13 10:20:00+00:00,20.5,47.0,3.2,4.1
2023-07-13 10:30:00+00:00,20.6,47.0,3.2,5.9
2023-07-13 10:40:00+00:00,20.6,45.0,3.1,4.1
2023-07-13 10:50:00+00:00,20.7,45.0,3.2,6.0
2023-07-13 11:00:00+00:00,20.8,44.0,3.1,5.8
2023-07-13 11:10:00+00:00,20.9,43.5,3.1,5.85
2023-07-13 11:20:00+00:00,21.0,43.0,3.1,5.9
2023-07-13 11:30:00+00:00,21.0,42.0,3.1,4.6
2023-07-13 11:40:00+00:00,21.1,43.0,3.1,4.1
2023-07-13 11:50:00+00:00,21.1,43.0,3.1,4.1
2023-07-13 12:00:00+00:00,21.15,43.5,3.1500000000000004,4.1
2023-07-13 12:10:00+00:00,21.2,44.0,3.2,4.1
2023-07-13 12:20:00+00:00,21.3,44.0,3.2,5.2
2023-07-13 12:30:00+00:00,21.3,42.0,3.1,4.1
2023-07-13 12:40:00+00:00,21.4,43.0,3.2,5.1
2023-07-13 12:50:00+00:00,21.4,43.0,3.1,4.1
2023-07-13 13:00:00+00:00,21.45,43.5,3.1500000000000004,4.1
2023-07-13 13:10:00+00:00,21.5,44.0,3.2,4.1
2023-07-13 13:20:00+00:00,21.5,44.0,3.2,4.1
2023-07-13 13:30:00+00:00,21.5,44.0,3.2,4.1
2023-07-13 13:40:00+00:00,21.5,45.0,3.3,4.1
2023-07-13 13:50:00+00:00,21.5,45.0,3.2,4.1
2023-07-13 14:00:00+00:00,21.5,45.0,3.2,4.1
2023-07-13 14:10:00+00:00,21.4,45.0,3.2,4.1
2023-07-13 14:20:00+00:00,21.4,45.0,3.2,4.1
2023-07-13 14:30:00+00:00,21.4,45.0,3.3,4.1
2023-07-13 14:40:00+00:00,21.4,45.0,3.2,4.1
2023-07-13 14:50:00+00:00,21.35,45.0,3.25,4.1
2023-07-13 15:00:00+00:00,21.3,45.0,3.3,4.1
2023-07-13 15:10:00+00:00,21.3,46.0,3.3,4.1
2023-07-13 15:20:00+00:00,21.3,45.0,3.3,4.1
2023-07-13 15:30:00+00:00,21.3,46.0,3.3,4.1
2023-07-13 15:40:00+00:00,21.2,46.0,3.3,4.1
2023-07-13 15:50:00+00:00,21.2,46.0,3.3,4.1
2023-07-13 16:00:00+00:00,21.1,46.0,3.3,4.1
2023-07-13 16:10:00+00:00,21.1,46.0,3.3,4.1
2023-07-13 16:20:00+00:00,21.1,46.0,3.3,4.1
2023-07-13 16:30:00+00:00,21.1,46.0,3.3,4.1
2023-07-13 16:40:00+00:00,21.05,46.5,3.3,4.1
2023-07-13 16:50:00+00:00,21.0,47.0,3.3,4.1
2023-07-13 17:00:00+00:00,21.0,46.0,3.3,4.1
2023-07-13 17:10:00+00:00,21.0,46.0,3.3,4.1
2023-07-13 17:20:00+00:00,20.9,47.0,3.3,4.1
2023-07-13 17:30:00+00:00,20.9,47.0,3.3,4.1
2023-07-13 17:40:00+00:00,20.8,47.0,3.3,4.1
2023-07-13 17:50:00+00:00,20.8,46.0,3.3,4.1
2023-07-13 18:00:00+00:00,20.8,47.0,3.3,4.1
2023-07-13 18:10:00+00:00,20.7,47.0,3.3,4.1
2023-07-13 18:20:00+00:00,20.7,47.0,3.3,4.0
2023-07-13 18:30:00+00:00,20.65,47.0,3.3499999999999996,3.95
2023-07-13 18:40:00+00:00,20.6,47.0,3.4,3.9
2023-07-13 18:50:00+00:00,20.6,47.0,3.3,3.8
2023-07-13 19:00:00+00:00,20.6,47.0,3.3,3.6
2023-07-13 19:10:00+00:00,20.5,47.0,3.3,3.3
2023-07-13 19:20:00+00:00,20.5,47.0,3.3,2.1
2023-07-13 19:30:00+00:00,20.5,47.0,3.3,1.3
2023-07-13 19:40:00+00:00,20.5,47.0,3.4,0.9
2023-07-13 19:50:00+00:00,20.46,47.1,3.4,0.87
2023-07-13 20:00:00+00:00,20.42,47.2,3.4,0.84
2023-07-13 20:10:00+00:00,20.38,47.3,3.4,0.81
2023-07-13 20:20:00+00:00,20.34,47.4,3.4,0.78
2023-07-13 20:30:00+00:00,20.3,47.5,3.4,0.75
2023-07-13 20:40:00+00:00,20.26,47.6,3.4,0.72
2023-07-13 20:50:00+00:00,20.220000000000002,47.7,3.4,0.69
2023-07-13 21:00:00+00:00,20.18,47.8,3.4,0.6599999999999999
2023-07-13 21:10:00+00:00,20.14,47.9,3.4,0.6299999999999999
2023-07-13 21:20:00+00:00,20.1,48.0,3.4,0.6
2023-07-13 21:30:00+00:00,20.07,48.1,3.4,0.6
2023-07-13 21:40:00+00:00,20.040000000000003,48.2,3.4,0.6
2023-07-13 21:50:00+00:00,20.01,48.3,3.4,0.6
2023-07-13 22:00:00+00:00,19.98,48.4,3.4,0.6
2023-07-13 22:10:00+00:00,19.950000000000003,48.5,3.4,0.6
2023-07-13 22:20:00+00:00,19.92,48.6,3.4,0.6
2023-07-13 22:30:00+00:00,19.89,48.7,3.4,0.6
2023-07-13 22:40:00+00:00,19.86,48.8,3.4,0.6
2023-07-13 22:50:00+00:00,19.830000000000002,48.9,3.4,0.6
2023-07-13 23:00:00+00:00,19.8,49.0,3.4,0.6
2023-07-13 23:10:00+00:00,19.78,49.0,3.4,0.6
2023-07-13 23:20:00+00:00,19.76,49.0,3.4,0.6
2023-07-13 23:30:00+00:00,19.740000000000002,49.0,3.4,0.6
2023-07-13 23:40:00+00:00,19.720000000000002,49.0,3.4,0.6
2023-07-13 23:50:00+00:00,19.700000000000003,49.0,3.4,0.6
2023-07-14 00:00:00+00:00,19.68,49.0,3.4,0.6
2023-07-14 00:10:00+00:00,19.66,49.0,3.4,0.6
2023-07-14 00:20:00+00:00,19.64,49.0,3.4,0.6
2023-07-14 00:30:00+00:00,19.62,49.0,3.4,0.6
2023-07-14 00:40:00+00:00,19.6,49.0,3.4,0.6
2023-07-14 00:50:00+00:00,19.571428571428573,49.0,3.4,0.8107142857142857
2023-07-14 01:00:00+00:00,19.542857142857144,49.0,3.4,1.0214285714285714
2023-07-14 01:10:00+00:00,19.514285714285716,49.0,3.4,1.2321428571428572
2023-07-14 01:20:00+00:00,19.485714285714288,49.0,3.4,1.4428571428571426
2023-07-14 01:30:00+00:00,19.45714285714286,49.0,3.4,1.6535714285714285
2023-07-14 01:40:00+00:00,19.42857142857143,49.0,3.4,1.8642857142857143
2023-07-14 01:50:00+00:00,19.400000000000002,49.0,3.4,2.0749999999999997
2023-07-14 02:00:00+00:00,19.371428571428574,49.0,3.4,2.2857142857142856
2023-07-14 02:10:00+00:00,19.342857142857145,49.0,3.4,2.496428571428571
2023-07-14 02:20:00+00:00,19.314285714285717,49.0,3.4,2.707142857142857
2023-07-14 02:30:00+00:00,19.28571428571429,49.0,3.4,2.9178571428571427
2023-07-14 02:40:00+00:00,19.25714285714286,49.0,3.4,3.1285714285714286
2023-07-14 02:50:00+00:00,19.22857142857143,49.0,3.4,3.339285714285714
2023-07-14 03:00:00+00:00,19.200000000000003,49.0,3.4,3.55
2023-07-14 03:10:00+00:00,19.1,49.0,3.4,4.1
2023-07-14 03:20:00+00:00,19.1,49.0,3.4,4.1
2023-07-14 03:30:00+00:00,19.1,49.0,3.4,4.1
2023-07-14 03:40:00+00:00,19.1,49.0,3.4,4.1
2023-07-14 03:50:00+00:00,19.0,49.0,3.4,4.1
2023-07-14 04:00:00+00:00,19.05,49.0,3.4,4.1
2023-07-14 04:10:00+00:00,19.1,49.0,3.4,4.1
2023-07-14 04:20:00+00:00,19.0,49.0,3.4,4.1
2023-07-14 04:30:00+00:00,19.0,49.0,3.3,4.1
2023-07-14 04:40:00+00:00,19.0,49.0,3.3,4.1
2023-07-14 04:50:00+00:00,19.0,48.0,3.3,4.1
2023-07-14 05:00:00+00:00,19.0,48.0,3.3,4.1
2023-07-14 05:10:00+00:00,19.0,48.0,3.2,4.1
2023-07-14 05:20:00+00:00,19.0,48.0,3.2,4.1
2023-07-14 05:30:00+00:00,19.0,48.0,3.1,4.1
2023-07-14 05:40:00+00:00,19.0,48.0,3.1,4.2
2023-07-14 05:50:00+00:00,19.0,48.0,3.1,4.15
2023-07-14 06:00:00+00:00,19.0,48.0,3.1,4.1
2023-07-14 06:10:00+00:00,19.0,47.0,3.1,5.4
2023-07-14 06:20:00+00:00,19.1,46.0,3.1,4.1
2023-07-14 06:30:00+00:00,19.1,45.0,3.1,6.0
2023-07-14 06:40:00+00:00,19.1,44.0,3.1,4.1
2023-07-14 06:50:00+00:00,19.1,43.0,3.1,5.9
2023-07-14 07:00:00+00:00,19.2,42.0,3.1,4.1
2023-07-14 07:10:00+00:00,19.2,42.0,3.2,4.1
2023-07-14 07:20:00+00:00,19.3,42.0,3.2,4.5
2023-07-14 07:30:00+00:00,19.3,42.0,3.2,6.1
2023-07-14 07:40:00+00:00,19.3,41.5,3.2,6.15
2023-07-14 07:50:00+00:00,19.3,41.0,3.2,6.2
2023-07-14 08:00:00+00:00,19.5,40.0,3.1,5.9
2023-07-14 08:10:00+00:00,19.6,38.0,3.1,4.1
2023-07-14 08:20:00+00:00,19.6,38.0,3.1,5.9
2023-07-14 08:30:00+00:00,19.7,37.0,3.1,4.1
2023-07-14 08:40:00+00:00,19.8,38.0,3.1,5.9
2023-07-14 08:50:00+00:00,19.9,37.0,3.1,4.1
2023-07-14 09:00:00+00:00,20.0,38.0,3.1,4.1
2023-07-14 09:10:00+00:00,20.0,39.0,3.2,4.1
2023-07-14 09:20:00+00:00,20.0,39.0,3.3,4.1
2023-07-14 09:30:00+00:00,20.05,39.5,3.3,4.1
2023-07-14 09:40:00+00:00,20.1,40.0,3.3,4.1
2023-07-14 09:50:00+00:00,20.1,40.0,3.3,5.1
2023-07-14 10:00:00+00:00,20.2,39.0,3.2,5.8
2023-07-14 10:10:00+00:00,20.3,38.0,3.2,5.9
2023-07-14 10:20:00+00:00,20.5,36.0,3.1,4.1
2023-07-14 10:30:00+00:00,20.5,37.0,3.2,4.1
2023-07-14 10:40:00+00:00,20.5,38.0,3.2,4.1
2023-07-14 10:50:00+00:00,20.5,38.0,3.3,4.1
2023-07-14 11:00:00+00:00,20.6,38.0,3.3,4.1
2023-07-14 11:10:00+00:00,20.6,38.0,3.3,5.2
2023-07-14 11:20:00+00:00,20.700000000000003,37.5,3.25,5.5
2023-07-14 11:30:00+00:00,20.8,37.0,3.2,5.8
2023-07-14 11:40:00+00:00,20.9,35.0,3.1,4.1
2023-07-14 11:50:00+00:00,20.9,36.0,3.2,4.1
2023-07-14 12:00:00+00:00,20.9,36.0,3.2,5.7
2023-07-14 12:10:00+00:00,21.1,34.0,3.1,5.3
2023-07-14 12:20:00+00:00,21.1,33.0,3.1,5.3
2023-07-14 12:30:00+00:00,21.2,32.0,3.1,4.8
2023-07-14 12:40:00+00:00,21.2,33.0,3.2,4.1
2023-07-14 12:50:00+00:00,21.3,33.0,3.2,4.1
2023-07-14 13:00:00+00:00,21.3,34.0,3.2,4.1
2023-07-14 13:10:00+00:00,21.3,34.0,3.2,4.1
2023-07-14 13:20:00+00:00,21.3,34.0,3.2,4.1
2023-07-14 13:30:00+00:00,21.3,35.0,3.2,4.1
2023-07-14 13:40:00+00:00,21.3,35.0,3.2,4.1
2023-07-14 13:50:00+00:00,21.3,36.0,3.3,4.1
2023-07-14 14:00:00+00:00,21.3,36.0,3.3,4.1
2023-07-14 14:10:00+00:00,21.3,36.0,3.3,4.1
2023-07-14 14:20:00+00:00,21.3,36.0,3.2,4.1
2023-07-14 14:30:00+00:00,21.3,37.0,3.3,4.1
2023-07-14 14:40:00+00:00,21.2,37.0,3.3,4.1
2023-07-14 14:50:00+00:00,21.1,39.0,3.3,4.1
2023-07-14 15:00:00+00:00,21.1,39.0,3.3,4.1
2023-07-14 15:10:00+00:00,21.1,39.0,3.3,4.1
2023-07-14 15:20:00+00:00,21.1,39.0,3.3,4.1
2023-07-14 15:30:00+00:00,21.0,40.0,3.3,4.1
2023-07-14 15:40:00+00:00,21.0,43.0,3.3,4.1
2023-07-14 15:50:00+00:00,21.0,39.0,3.3,4.1
2023-07-14 16:00:00+00:00,20.9,39.0,3.3,4.1
2023-07-14 16:10:00+00:00,20.8,39.0,3.3,4.1
2023-07-14 16:20:00+00:00,20.8,40.0,3.3,4.1
2023-07-14 16:30:00+00:00,20.8,40.0,3.3,4.1
2023-07-14 16:40:00+00:00,20.7,40.0,3.3,4.1
2023-07-14 16:50:00+00:00,20.7,40.0,3.3,4.1
2023-07-14 17:00:00+00:00,20.7,40.0,3.3,4.1
2023-07-14 17:10:00+00:00,20.6,40.0,3.3,4.1
2023-07-14 17:20:00+00:00,20.6,40.0,3.3,4.1
2023-07-14 17:30:00+00:00,20.6,40.0,3.3,4.1
2023-07-14 17:40:00+00:00,20.5,40.0,3.3,4.1
2023-07-14 17:50:00+00:00,20.5,41.0,3.3,4.1
2023-07-14 18:00:00+00:00,20.5,40.0,3.3,4.1
2023-07-14 18:10:00+00:00,20.5,41.0,3.3,4.1
2023-07-14 18:20:00+00:00,20.4,41.0,3.3,4.0
2023-07-14 18:30:00+00:00,20.3,41.0,3.3,3.9
2023-07-14 18:40:00+00:00,20.3,41.0,3.3499999999999996,3.8499999999999996
2023-07-14 18:50:00+00:00,20.3,41.0,3.4,3.8
2023-07-14 19:00:00+00:00,20.3,41.0,3.3,3.4
2023-07-14 19:10:00+00:00,20.3,42.0,3.4,2.8
2023-07-14 19:20:00+00:00,20.2,42.0,3.4,2.2
2023-07-14 19:30:00+00:00,20.1,42.0,3.4,1.6
2023-07-14 19:40:00+00:00,20.1,42.0,3.4,1.0
2023-07-14 19:50:00+00:00,20.076923076923077,42.15384615384615,3.4,0.9692307692307692
2023-07-14 20:00:00+00:00,20.053846153846155,42.30769230769231,3.4,0.9384615384615385
2023-07-14 20:10:00+00:00,20.03076923076923,42.46153846153846,3.4,0.9076923076923077
2023-07-14 20:20:00+00:00,20.00769230769231,42.61538461538461,3.4,0.8769230769230769
2023-07-14 20:30:00+00:00,19.984615384615385,42.76923076923077,3.4,0.8461538461538461
2023-07-14 20:40:00+00:00,19.961538461538463,42.92307692307692,3.4,0.8153846153846154
2023-07-14 20:50:00+00:00,19.93846153846154,43.07692307692308,3.4,0.7846153846153846
2023-07-14 21:00:00+00:00,19.915384615384617,43.23076923076923,3.4,0.7538461538461538
2023-07-14 21:10:00+00:00,19.892307692307693,43.38461538461539,3.4,0.7230769230769231
2023-07-14 21:20:00+00:00,19.86923076923077,43.53846153846154,3.4,0.6923076923076923
2023-07-14 21:30:00+00:00,19.846153846153847,43.69230769230769,3.4,0.6615384615384615
2023-07-14 21:40:00+00:00,19.823076923076925,43.84615384615385,3.4,0.6307692307692307
2023-07-14 21:50:00+00:00,19.8,44.0,3.4,0.6
2023-07-14 22:00:00+00:00,19.76,44.0,3.41,0.6
2023-07-14 22:10:00+00:00,19.72,44.0,3.42,0.6
2023-07-14 22:20:00+00:00,19.68,44.0,3.4299999999999997,0.6
2023-07-14 22:30:00+00:00,19.64,44.0,3.44,0.6
2023-07-14 22:40:00+00:00,19.6,44.0,3.45,0.6
2023-07-14 22:50:00+00:00,19.56,44.0,3.46,0.6
2023-07-14 23:00:00+00:00,19.52,44.0,3.4699999999999998,0.6
2023-07-14 23:10:00+00:00,19.48,44.0,3.48,0.6
2023-07-14 23:20:00+00:00,19.439999999999998,44.0,3.49,0.6
2023-07-14 23:30:00+00:00,19.4,44.0,3.5,0.6
2023-07-14 23:40:00+00:00,19.369999999999997,44.1,3.49,0.58
2023-07-14 23:50:00+00:00,19.34,44.2,3.48,0.5599999999999999
2023-07-15 00:00:00+00:00,19.31,44.3,3.4699999999999998,0.54
2023-07-15 00:10:00+00:00,19.28,44.4,3.46,0.52
2023-07-15 00:20:00+00:00,19.25,44.5,3.45,0.5
2023-07-15 00:30:00+00:00,19.22,44.6,3.44,0.48
2023-07-15 00:40:00+00:00,19.19,44.7,3.4299999999999997,0.45999999999999996
2023-07-15 00:50:00+00:00,19.16,44.8,3.42,0.44
2023-07-15 01:00:00+00:00,19.130000000000003,44.9,3.41,0.42000000000000004
2023-07-15 01:10:00+00:00,19.1,45.0,3.4,0.4
2023-07-15 01:20:00+00:00,19.07,45.2,3.4,0.7
2023-07-15 01:30:00+00:00,19.040000000000003,45.4,3.4,1.0
2023-07-15 01:40:00+00:00,19.01,45.6,3.4,1.2999999999999998
2023-07-15 01:50:00+00:00,18.98,45.8,3.4,1.6
2023-07-15 02:00:00+00:00,18.950000000000003,46.0,3.4,1.9
2023-07-15 02:10:00+00:00,18.92,46.2,3.4,2.1999999999999997
2023-07-15 02:20:00+00:00,18.89,46.4,3.4,2.5
2023-07-15 02:30:00+00:00,18.86,46.6,3.4,2.8
2023-07-15 02:40:00+00:00,18.830000000000002,46.8,3.4,3.0999999999999996
2023-07-15 02:50:00+00:00,18.8,47.0,3.4,3.4
2023-07-15 03:00:00+00:00,18.8,46.0,3.4,4.1
2023-07-15 03:10:00+00:00,18.8,45.0,3.4,4.1
2023-07-15 03:20:00+00:00,18.8,46.0,3.4,4.1
2023-07-15 03:30:00+00:00,18.8,50.0,3.4,4.1
2023-07-15 03:40:00+00:00,18.8,44.0,3.4,4.1
2023-07-15 03:50:00+00:00,18.8,48.0,3.4,4.1
2023-07-15 04:00:00+00:00,18.8,44.0,3.3,4.1
2023-07-15 04:10:00+00:00,18.75,44.0,3.3,4.1
2023-07-15 04:20:00+00:00,18.7,44.0,3.3,4.1
2023-07-15 04:30:00+00:00,18.7,44.0,3.3,4.1
2023-07-15 04:40:00+00:00,18.7,52.0,3.3,4.1
2023-07-15 04:50:00+00:00,18.8,53.0,3.3,4.1
2023-07-15 05:00:00+00:00,18.8,54.0,3.3,4.1
2023-07-15 05:10:00+00:00,18.8,53.0,3.3,4.1
2023-07-15 05:20:00+00:00,18.8,53.0,3.2,4.1
2023-07-15 05:30:00+00:00,18.8,54.0,3.2,4.1
2023-07-15 05:40:00+00:00,18.8,53.0,3.1,4.1
2023-07-15 05:50:00+00:00,18.8,53.0,3.1,4.1
2023-07-15 06:00:00+00:00,18.85,53.0,3.1,4.1
2023-07-15 06:10:00+00:00,18.9,53.0,3.1,4.1
2023-07-15 06:20:00+00:00,18.9,53.0,3.1,5.4
2023-07-15 06:30:00+00:00,19.0,52.0,3.1,5.7
2023-07-15 06:40:00+00:00,19.0,51.0,3.1,5.7
2023-07-15 06:50:00+00:00,19.1,51.0,3.1,5.6
2023-07-15 07:00:00+00:00,19.1,50.0,3.1,5.6
2023-07-15 07:10:00+00:00,19.2,49.0,3.1,5.8
2023-07-15 07:20:00+00:00,19.3,49.0,3.1,5.9
2023-07-15 07:30:00+00:00,19.4,47.0,3.1,5.8
2023-07-15 07:40:00+00:00,19.5,47.0,3.1,5.8
2023-07-15 07:50:00+00:00,19.55,46.5,3.1,5.65
2023-07-15 08:00:00+00:00,19.6,46.0,3.1,5.5
2023-07-15 08:10:00+00:00,19.6,46.0,3.1,5.3
2023-07-15 08:20:00+00:00,19.8,44.0,3.1,5.9
2023-07-15 08:30:00+00:00,19.9,43.0,3.1,5.8
2023-07-15 08:40:00+00:00,20.1,42.0,3.1,5.7
2023-07-15 08:50:00+00:00,20.2,42.0,3.1,5.8
2023-07-15 09:00:00+00:00,20.3,40.0,3.1,5.8
2023-07-15 09:10:00+00:00,20.5,38.0,3.1,5.8
2023-07-15 09:20:00+00:00,20.7,33.0,3.1,5.8
2023-07-15 09:30:00+00:00,20.9,31.0,3.1,5.8
2023-07-15 09:40:00+00:00,20.95,29.5,3.1,5.8
2023-07-15 09:50:00+00:00,21.0,28.0,3.1,5.8
2023-07-15 10:00:00+00:00,21.2,25.0,3.1,5.7
2023-07-15 10:10:00+00:00,21.4,25.0,3.1,5.8
2023-07-15 10:20:00+00:00,21.6,24.0,3.1,5.8
2023-07-15 10:30:00+00:00,21.7,22.0,3.1,5.8
2023-07-15 10:40:00+00:00,21.9,22.0,3.1,5.8
2023-07-15 10:50:00+00:00,22.0,21.0,3.1,5.8
2023-07-15 11:00:00+00:00,22.2,21.0,3.1,5.7
2023-07-15 11:10:00+00:00,22.4,20.0,3.1,5.7
2023-07-15 11:20:00+00:00,22.5,20.0,3.1,5.7
2023-07-15 11:30:00+00:00,22.55,20.0,3.1,5.6
2023-07-15 11:40:00+00:00,22.6,20.0,3.1,5.5
2023-07-15 11:50:00+00:00,22.8,19.0,3.1,5.4
2023-07-15 12:00:00+00:00,23.0,19.0,3.1,5.4
2023-07-15 12:10:00+00:00,23.1,18.0,3.1,5.1
2023-07-15 12:20:00+00:00,23.2,17.0,3.1,4.2
2023-07-15 12:30:00+00:00,23.2,17.0,3.1,4.1
2023-07-15 12:40:00+00:00,23.3,17.0,3.1,4.1
2023-07-15 12:50:00+00:00,23.4,18.0,3.1,4.1
2023-07-15 13:00:00+00:00,23.3,19.0,3.1,4.1
2023-07-15 13:10:00+00:00,23.3,20.0,3.2,4.1
2023-07-15 13:20:00+00:00,23.3,20.0,3.2,4.1
2023-07-15 13:30:00+00:00,23.3,20.0,3.2,4.1
2023-07-15 13:40:00+00:00,23.3,21.0,3.2,4.1
2023-07-15 13:50:00+00:00,23.3,21.0,3.2,4.1
2023-07-15 14:00:00+00:00,23.3,22.0,3.2,4.1
2023-07-15 14:10:00+00:00,23.2,22.0,3.2,4.1
2023-07-15 14:20:00+00:00,23.1,22.0,3.2,4.1
2023-07-15 14:30:00+00:00,23.1,23.0,3.2,4.1
2023-07-15 14:40:00+00:00,23.1,23.0,3.2,4.1
2023-07-15 14:50:00+00:00,23.0,23.0,3.2,4.1
2023-07-15 15:00:00+00:00,23.0,23.0,3.2,4.1
2023-07-15 15:10:00+00:00,22.95,23.5,3.2,4.1
2023-07-15 15:20:00+00:00,22.9,24.0,3.2,4.1
2023-07-15 15:30:00+00:00,22.8,23.0,3.2,4.1
2023-07-15 15:40:00+00:00,22.8,24.0,3.2,4.1
2023-07-15 15:50:00+00:00,22.7,24.0,3.2,4.1
2023-07-15 16:00:00+00:00,22.6,24.0,3.2,4.1
2023-07-15 16:10:00+00:00,22.6,24.0,3.2,4.1
2023-07-15 16:20:00+00:00,22.6,24.0,3.2,4.1
2023-07-15 16:30:00+00:00,22.5,24.0,3.2,4.1
2023-07-15 16:40:00+00:00,22.5,24.0,3.2,4.1
2023-07-15 16:50:00+00:00,22.4,25.0,3.3,4.1
2023-07-15 17:00:00+00:00,22.35,25.0,3.25,4.1
2023-07-15 17:10:00+00:00,22.3,25.0,3.2,4.1
2023-07-15 17:20:00+00:00,22.3,25.0,3.3,4.1
2023-07-15 17:30:00+00:00,22.3,25.0,3.2,4.1
2023-07-15 17:40:00+00:00,22.2,25.0,3.2,4.1
2023-07-15 17:50:00+00:00,22.2,25.0,3.3,4.1
2023-07-15 18:00:00+00:00,22.1,25.0,3.3,4.1
2023-07-15 18:10:00+00:00,22.1,25.0,3.3,4.1
2023-07-15 18:20:00+00:00,22.0,26.0,3.2,3.8
2023-07-15 18:30:00+00:00,22.0,26.0,3.3,3.7
2023-07-15 18:40:00+00:00,22.0,26.0,3.3,3.6500000000000004
2023-07-15 18:50:00+00:00,22.0,26.0,3.3,3.6
2023-07-15 19:00:00+00:00,21.9,26.0,3.3,3.2
2023-07-15 19:10:00+00:00,21.9,26.0,3.3,2.8
2023-07-15 19:20:00+00:00,21.8,27.0,3.3,2.0
2023-07-15 19:30:00+00:00,21.8,27.0,3.3,1.5
2023-07-15 19:40:00+00:00,21.8,27.0,3.3,0.9
2023-07-15 19:50:00+00:00,21.76,27.2,3.3,0.87
2023-07-15 20:00:00+00:00,21.72,27.4,3.3,0.84
2023-07-15 20:10:00+00:00,21.68,27.6,3.3,0.81
2023-07-15 20:20:00+00:00,21.64,27.8,3.3,0.78
2023-07-15 20:30:00+00:00,21.6,28.0,3.3,0.75
2023-07-15 20:40:00+00:00,21.56,28.2,3.3,0.72
2023-07-15 20:50:00+00:00,21.52,28.4,3.3,0.69
2023-07-15 21:00:00+00:00,21.48,28.6,3.3,0.6599999999999999
2023-07-15 21:10:00+00:00,21.439999999999998,28.8,3.3,0.6299999999999999
2023-07-15 21:20:00+00:00,21.4,29.0,3.3,0.6
2023-07-15 21:30:00+00:00,21.376923076923077,29.076923076923077,3.3,0.6
2023-07-15 21:40:00+00:00,21.353846153846153,29.153846153846153,3.3,0.6
2023-07-15 21:50:00+00:00,21.33076923076923,29.23076923076923,3.3,0.6
2023-07-15 22:00:00+00:00,21.307692307692307,29.307692307692307,3.3,0.6
2023-07-15 22:10:00+00:00,21.284615384615385,29.384615384615383,3.3,0.6
2023-07-15 22:20:00+00:00,21.26153846153846,29.46153846153846,3.3,0.6
2023-07-15 22:30:00+00:00,21.23846153846154,29.53846153846154,3.3,0.6
2023-07-15 22:40:00+00:00,21.215384615384615,29.615384615384617,3.3,0.6
2023-07-15 22:50:00+00:00,21.192307692307693,29.692307692307693,3.3,0.6
2023-07-15 23:00:00+00:00,21.16923076923077,29.76923076923077,3.3,0.6
2023-07-15 23:10:00+00:00,21.146153846153847,29.846153846153847,3.3,0.6
2023-07-15 23:20:00+00:00,21.123076923076923,29.923076923076923,3.3,0.6
2023-07-15 23:30:00+00:00,21.1,30.0,3.3,0.6
2023-07-15 23:40:00+00:00,21.07,30.2,3.3,0.6
2023-07-15 23:50:00+00:00,21.040000000000003,30.4,3.3,0.6
2023-07-16 00:00:00+00:00,21.01,30.6,3.3,0.6
2023-07-16 00:10:00+00:00,20.98,30.8,3.3,0.6
2023-07-16 00:20:00+00:00,20.950000000000003,31.0,3.3,0.6
2023-07-16 00:30:00+00:00,20.92,31.2,3.3,0.6
2023-07-16 00:40:00+00:00,20.89,31.4,3.3,0.6
2023-07-16 00:50:00+00:00,20.86,31.6,3.3,0.6
2023-07-16 01:00:00+00:00,20.830000000000002,31.8,3.3,0.6
2023-07-16 01:10:00+00:00,20.8,32.0,3.3,0.6
2023-07-16 01:20:00+00:00,20.78,32.1,3.3,0.8799999999999999
2023-07-16 01:30:00+00:00,20.76,32.2,3.3,1.16
2023-07-16 01:40:00+00:00,20.740000000000002,32.3,3.3,1.44
2023-07-16 01:50:00+00:00,20.720000000000002,32.4,3.3,1.7199999999999998
2023-07-16 02:00:00+00:00,20.700000000000003,32.5,3.3,2.0
2023-07-16 02:10:00+00:00,20.68,32.6,3.3,2.28
2023-07-16 02:20:00+00:00,20.66,32.7,3.3,2.5599999999999996
2023-07-16 02:30:00+00:00,20.64,32.8,3.3,2.84
2023-07-16 02:40:00+00:00,20.62,32.9,3.3,3.1199999999999997
2023-07-16 02:50:00+00:00,20.6,33.0,3.3,3.4
2023-07-16 03:00:00+00:00,20.5,33.0,3.3,4.1
2023-07-16 03:10:00+00:00,20.5,33.0,3.3,4.1
2023-07-16 03:20:00+00:00,20.5,33.0,3.3,4.1
2023-07-16 03:30:00+00:00,20.5,33.0,3.3,4.1
2023-07-16 03:40:00+00:00,20.5,33.0,3.3,4.1
2023-07-16 03:50:00+00:00,20.5,33.0,3.3,4.1
2023-07-16 04:00:00+00:00,20.5,33.0,3.3,4.1
2023-07-16 04:10:00+00:00,20.5,33.0,3.3,4.1
2023-07-16 04:20:00+00:00,20.5,33.0,3.25,4.1
2023-07-16 04:30:00+00:00,20.5,33.0,3.2,4.1
2023-07-16 04:40:00+00:00,20.5,33.0,3.2,4.1
2023-07-16 04:50:00+00:00,20.5,33.0,3.2,4.1
2023-07-16 05:00:00+00:00,20.5,32.0,3.2,4.1
2023-07-16 05:10:00+00:00,20.5,33.0,3.2,4.1
2023-07-16 05:20:00+00:00,20.5,33.0,3.2,4.1
2023-07-16 05:30:00+00:00,20.5,32.0,3.3,4.1
2023-07-16 05:40:00+00:00,20.5,32.0,3.2,4.1
2023-07-16 05:50:00+00:00,20.5,32.0,3.3,4.1
2023-07-16 06:00:00+00:00,20.5,32.0,3.2,4.1
2023-07-16 06:10:00+00:00,20.5,31.5,3.2,4.1
2023-07-16 06:20:00+00:00,20.5,31.0,3.2,4.1
2023-07-16 06:30:00+00:00,20.6,31.0,3.2,4.2
2023-07-16 06:40:00+00:00,20.6,30.0,3.1,4.1
2023-07-16 06:50:00+00:00,20.7,28.0,3.1,4.1
2023-07-16 07:00:00+00:00,20.8,27.0,3.1,4.2
2023-07-16 07:10:00+00:00,20.8,25.0,3.1,4.2
2023-07-16 07:20:00+00:00,20.9,24.0,3.1,4.1
2023-07-16 07:30:00+00:00,21.0,23.0,3.1,4.1
2023-07-16 07:40:00+00:00,21.0,22.0,3.1,4.1
2023-07-16 07:50:00+00:00,21.1,21.0,3.1,5.8
2023-07-16 08:00:00+00:00,21.200000000000003,20.5,3.1,5.5
2023-07-16 08:10:00+00:00,21.3,20.0,3.1,5.2
2023-07-16 08:20:00+00:00,21.3,20.0,3.1,5.7
2023-07-16 08:30:00+00:00,21.4,20.0,3.1,5.6
2023-07-16 08:40:00+00:00,21.5,19.0,3.1,5.7
2023-07-16 08:50:00+00:00,21.6,19.0,3.1,4.1
2023-07-16 09:00:00+00:00,21.6,20.0,3.1,4.1
2023-07-16 09:10:00+00:00,21.6,20.0,3.2,4.1
2023-07-16 09:20:00+00:00,21.7,20.0,3.2,4.1
2023-07-16 09:30:00+00:00,21.8,20.0,3.2,4.1
2023-07-16 09:40:00+00:00,21.8,20.0,3.2,4.1
2023-07-16 09:50:00+00:00,21.8,20.0,3.2,4.1
2023-07-16 10:00:00+00:00,21.8,20.0,3.2,4.1
2023-07-16 10:10:00+00:00,21.8,21.0,3.2,4.1
2023-07-16 10:20:00+00:00,21.9,20.0,3.2,4.1
2023-07-16 10:30:00+00:00,21.9,21.0,3.2,4.1
2023-07-16 10:40:00+00:00,21.9,21.0,3.2,4.1
2023-07-16 10:50:00+00:00,21.9,21.0,3.2,4.1
2023-07-16 11:00:00+00:00,21.9,21.0,3.2,4.8
2023-07-16 11:10:00+00:00,22.0,20.0,3.1,5.7
2023-07-16 11:20:00+00:00,22.0,20.0,3.2,4.1
2023-07-16 11:30:00+00:00,22.0,20.0,3.2,4.1
2023-07-16 11:40:00+00:00,22.0,20.0,3.2,4.1
2023-07-16 11:50:00+00:00,22.0,20.0,3.2,4.1
2023-07-16 12:00:00+00:00,22.0,20.0,3.2,5.3
2023-07-16 12:10:00+00:00,22.1,19.0,3.2,5.5
2023-07-16 12:20:00+00:00,22.2,18.0,3.1,4.1
2023-07-16 12:30:00+00:00,22.2,19.0,3.1,4.1
2023-07-16 12:40:00+00:00,22.2,19.0,3.1,4.1
2023-07-16 12:50:00+00:00,22.3,19.0,3.2,5.2
2023-07-16 13:00:00+00:00,22.3,19.0,3.1,4.1
2023-07-16 13:10:00+00:00,22.3,19.0,3.1,4.1
2023-07-16 13:20:00+00:00,22.3,20.0,3.1,4.1
2023-07-16 13:30:00+00:00,22.3,20.0,3.1500000000000004,4.1
2023-07-16 13:40:00+00:00,22.3,20.0,3.2,4.1
2023-07-16 13:50:00+00:00,22.3,20.0,3.2,4.1
2023-07-16 14:00:00+00:00,22.3,20.0,3.2,4.1
2023-07-16 14:10:00+00:00,22.3,20.0,3.2,4.1
2023-07-16 14:20:00+00:00,22.3,20.0,3.2,4.1
2023-07-16 14:30:00+00:00,22.3,20.0,3.2,4.1
2023-07-16 14:40:00+00:00,22.3,20.0,3.2,4.1
2023-07-16 14:50:00+00:00,22.3,20.0,3.2,4.1
2023-07-16 15:00:00+00:00,22.3,20.0,3.2,4.1
2023-07-16 15:10:00+00:00,22.3,20.0,3.2,4.1
2023-07-16 15:20:00+00:00,22.3,20.0,3.2,4.1
2023-07-16 15:30:00+00:00,22.3,20.0,3.2,4.1
2023-07-16 15:40:00+00:00,22.2,21.0,3.2,4.1
2023-07-16 15:50:00+00:00,22.2,21.0,3.2,4.1
2023-07-16 16:00:00+00:00,22.1,21.0,3.2,4.1
2023-07-16 16:10:00+00:00,22.1,22.0,3.2,4.1
2023-07-16 16:20:00+00:00,22.1,22.0,3.3,4.1
2023-07-16 16:30:00+00:00,22.0,23.0,3.3,4.1
2023-07-16 16:40:00+00:00,22.0,23.0,3.3,4.1
2023-07-16 16:50:00+00:00,22.0,23.0,3.2,4.1
2023-07-16 17:00:00+00:00,21.95,23.0,3.2,4.1
2023-07-16 17:10:00+00:00,21.9,23.0,3.2,4.1
2023-07-16 17:20:00+00:00,21.8,23.0,3.3,4.1
2023-07-16 17:30:00+00:00,21.8,24.0,3.3,4.1
2023-07-16 17:40:00+00:00,21.8,23.0,3.3,4.1
2023-07-16 17:50:00+00:00,21.8,24.0,3.3,4.1
2023-07-16 18:00:00+00:00,21.7,24.0,3.3,4.1
2023-07-16 18:10:00+00:00,21.6,24.0,3.3,4.1
2023-07-16 18:20:00+00:00,21.6,24.0,3.3,4.1
2023-07-16 18:30:00+00:00,21.6,24.0,3.3,4.0
2023-07-16 18:40:00+00:00,21.6,25.0,3.3,3.8
2023-07-16 18:50:00+00:00,21.55,25.0,3.3,3.75
2023-07-16 19:00:00+00:00,21.5,25.0,3.3,3.7
2023-07-16 19:10:00+00:00,21.5,25.0,3.3,2.9
2023-07-16 19:20:00+00:00,21.5,26.0,3.3,2.2
2023-07-16 19:30:00+00:00,21.4,26.0,3.3,1.8
2023-07-16 19:40:00+00:00,21.3,26.0,3.3,1.0
2023-07-16 19:50:00+00:00,21.3,26.0,3.3,0.7
2023-07-16 20:00:00+00:00,21.26,26.3,3.3,0.69
2023-07-16 20:10:00+00:00,21.22,26.6,3.3,0.6799999999999999
2023-07-16 20:20:00+00:00,21.18,26.9,3.3,0.6699999999999999
2023-07-16 20:30:00+00:00,21.14,27.2,3.3,0.6599999999999999
2023-07-16 20:40:00+00:00,21.1,27.5,3.3,0.6499999999999999
2023-07-16 20:50:00+00:00,21.06,27.8,3.3,0.64
2023-07-16 21:00:00+00:00,21.02,28.1,3.3,0.63
2023-07-16 21:10:00+00:00,20.98,28.4,3.3,0.62
2023-07-16 21:20:00+00:00,20.939999999999998,28.7,3.3,0.61
2023-07-16 21:30:00+00:00,20.9,29.0,3.3,0.6
2023-07-16 21:40:00+00:00,20.876923076923077,29.153846153846153,3.3076923076923075,0.6
2023-07-16 21:50:00+00:00,20.853846153846153,29.307692307692307,3.315384615384615,0.6
2023-07-16 22:00:00+00:00,20.83076923076923,29.46153846153846,3.323076923076923,0.6
2023-07-16 22:10:00+00:00,20.807692307692307,29.615384615384617,3.3307692307692305,0.6
2023-07-16 22:20:00+00:00,20.784615384615385,29.76923076923077,3.338461538461538,0.6
2023-07-16 22:30:00+00:00,20.76153846153846,29.923076923076923,3.346153846153846,0.6
2023-07-16 22:40:00+00:00,20.73846153846154,30.076923076923077,3.353846153846154,0.6
2023-07-16 22:50:00+00:00,20.715384615384615,30.23076923076923,3.3615384615384616,0.6
2023-07-16 23:00:00+00:00,20.692307692307693,30.384615384615383,3.3692307692307693,0.6
2023-07-16 23:10:00+00:00,20.66923076923077,30.53846153846154,3.376923076923077,0.6
2023-07-16 23:20:00+00:00,20.646153846153847,30.692307692307693,3.3846153846153846,0.6
2023-07-16 23:30:00+00:00,20.623076923076923,30.846153846153847,3.3923076923076922,0.6
2023-07-16 23:40:00+00:00,20.6,31.0,3.4,0.6
2023-07-16 23:50:00+00:00,20.57,31.4,3.4,0.6
2023-07-17 00:00:00+00:00,20.540000000000003,31.8,3.4,0.6
2023-07-17 00:10:00+00:00,20.51,32.2,3.4,0.6
2023-07-17 00:20:00+00:00,20.48,32.6,3.4,0.6
2023-07-17 00:30:00+00:00,20.450000000000003,33.0,3.4,0.6
2023-07-17 00:40:00+00:00,20.42,33.4,3.4,0.6
2023-07-17 00:50:00+00:00,20.39,33.8,3.4,0.6
2023-07-17 01:00:00+00:00,20.36,34.2,3.4,0.6
2023-07-17 01:10:00+00:00,20.330000000000002,34.6,3.4,0.6
2023-07-17 01:20:00+00:00,20.3,35.0,3.4,0.6
2023-07-17 01:30:00+00:00,20.28,35.2,3.4,0.8999999999999999
2023-07-17 01:40:00+00:00,20.26,35.4,3.4,1.2
2023-07-17 01:50:00+00:00,20.240000000000002,35.6,3.4,1.5
2023-07-17 02:00:00+00:00,20.220000000000002,35.8,3.4,1.7999999999999998
2023-07-17 02:10:00+00:00,20.200000000000003,36.0,3.4,2.1
2023-07-17 02:20:00+00:00,20.18,36.2,3.4,2.4
2023-07-17 02:30:00+00:00,20.16,36.4,3.4,2.7
2023-07-17 02:40:00+00:00,20.14,36.6,3.4,3.0
2023-07-17 02:50:00+00:00,20.12,36.8,3.4,3.3
2023-07-17 03:00:00+00:00,20.1,37.0,3.4,3.6
2023-07-17 03:10:00+00:00,20.0,37.0,3.4,4.1
2023-07-17 03:20:00+00:00,20.0,38.0,3.4,4.1
2023-07-17 03:30:00+00:00,20.0,38.0,3.3,4.1
2023-07-17 03:40:00+00:00,20.0,38.0,3.3,4.1
2023-07-17 03:50:00+00:00,20.0,38.0,3.3,4.1
2023-07-17 04:00:00+00:00,20.0,38.0,3.3,4.1
2023-07-17 04:10:00+00:00,20.0,38.0,3.3,4.1
2023-07-17 04:20:00+00:00,20.0,38.0,3.3,4.1
2023-07-17 04:30:00+00:00,19.95,38.0,3.3,4.1
2023-07-17 04:40:00+00:00,19.9,38.0,3.3,4.1
2023-07-17 04:50:00+00:00,20.0,37.0,3.3,4.1
2023-07-17 05:00:00+00:00,20.0,37.0,3.3,4.1
2023-07-17 05:10:00+00:00,20.0,38.0,3.2,4.1
2023-07-17 05:20:00+00:00,20.0,37.0,3.2,4.1
2023-07-17 05:30:00+00:00,20.0,37.0,3.1,4.1
2023-07-17 05:40:00+00:00,20.0,37.0,3.1,4.1
2023-07-17 05:50:00+00:00,20.0,37.0,3.1,4.1
2023-07-17 06:00:00+00:00,20.0,37.0,3.1,4.1
2023-07-17 06:10:00+00:00,20.1,35.0,3.1,5.2
2023-07-17 06:20:00+00:00,20.1,34.5,3.1,5.4
2023-07-17 06:30:00+00:00,20.1,34.0,3.1,5.6
2023-07-17 06:40:00+00:00,20.1,32.0,3.1,5.8
2023-07-17 06:50:00+00:00,20.2,31.0,3.1,5.7
2023-07-17 07:00:00+00:00,20.3,28.0,3.1,5.7
2023-07-17 07:10:00+00:00,20.3,26.0,3.1,5.8
2023-07-17 07:20:00+00:00,20.4,24.0,3.1,5.8
2023-07-17 07:30:00+00:00,20.5,23.0,3.1,5.7
2023-07-17 07:40:00+00:00,20.6,20.0,3.1,5.7
2023-07-17 07:50:00+00:00,20.8,19.0,3.1,5.8
2023-07-17 08:00:00+00:00,20.9,19.0,3.1,5.8
2023-07-17 08:10:00+00:00,20.95,18.0,3.1,5.75
2023-07-17 08:20:00+00:00,21.0,17.0,3.1,5.7
2023-07-17 08:30:00+00:00,21.2,17.0,3.1,5.8
2023-07-17 08:40:00+00:00,21.3,17.0,3.1,4.7
2023-07-17 08:50:00+00:00,21.5,16.0,3.1,4.9
2023-07-17 09:00:00+00:00,21.6,16.0,3.1,4.1
2023-07-17 09:10:00+00:00,21.7,16.0,3.1,5.9
2023-07-17 09:20:00+00:00,21.9,15.0,3.1,5.8
2023-07-17 09:30:00+00:00,22.0,15.0,3.1,4.1
2023-07-17 09:40:00+00:00,22.1,16.0,3.1,4.1
2023-07-17 09:50:00+00:00,22.1,16.0,3.1,4.2
2023-07-17 10:00:00+00:00,22.200000000000003,16.0,3.1,5.1
2023-07-17 10:10:00+00:00,22.3,16.0,3.1,6.0
2023-07-17 10:20:00+00:00,22.4,16.0,3.1,5.6
2023-07-17 10:30:00+00:00,22.4,16.0,3.1,4.1
2023-07-17 10:40:00+00:00,22.5,16.0,3.1,6.0
2023-07-17 10:50:00+00:00,22.5,16.0,3.1,4.1
2023-07-17 11:00:00+00:00,22.5,17.0,3.2,4.1
2023-07-17 11:10:00+00:00,22.5,17.0,3.2,4.1
2023-07-17 11:20:00+00:00,22.6,16.0,3.1,5.4
2023-07-17 11:30:00+00:00,22.6,16.0,3.1,4.1
2023-07-17 11:40:00+00:00,22.6,17.0,3.2,4.1
2023-07-17 11:50:00+00:00,22.6,17.0,3.2,4.1
2023-07-17 12:00:00+00:00,22.6,17.0,3.2,4.1
2023-07-17 12:10:00+00:00,22.6,17.0,3.2,4.1
2023-07-17 12:20:00+00:00,22.6,18.0,3.2,4.1
2023-07-17 12:30:00+00:00,22.6,17.0,3.2,4.3
2023-07-17 12:40:00+00:00,22.6,15.0,3.1,4.1
2023-07-17 12:50:00+00:00,22.6,16.0,3.1,4.1
2023-07-17 13:00:00+00:00,22.6,16.0,3.2,4.1
2023-07-17 13:10:00+00:00,22.6,17.0,3.2,4.1
2023-07-17 13:20:00+00:00,22.5,17.0,3.2,4.1
2023-07-17 13:30:00+00:00,22.5,18.0,3.2,4.1
2023-07-17 13:40:00+00:00,22.5,18.0,3.2,4.1
2023-07-17 13:50:00+00:00,22.5,18.0,3.2,4.1
2023-07-17 14:00:00+00:00,22.4,18.0,3.3,4.1
2023-07-17 14:10:00+00:00,22.4,18.0,3.2,4.1
2023-07-17 14:20:00+00:00,22.4,18.0,3.2,4.1
2023-07-17 14:30:00+00:00,22.4,18.0,3.2,4.1
2023-07-17 14:40:00+00:00,22.3,19.0,3.2,4.1
2023-07-17 14:50:00+00:00,22.3,19.0,3.3,4.1
2023-07-17 15:00:00+00:00,22.3,19.0,3.3,4.1
2023-07-17 15:10:00+00:00,22.2,19.0,3.3,4.1
2023-07-17 15:20:00+00:00,22.15,19.5,3.25,4.1
2023-07-17 15:30:00+00:00,22.1,20.0,3.2,4.1
2023-07-17 15:40:00+00:00,22.1,20.0,3.2,4.1
2023-07-17 15:50:00+00:00,22.1,20.0,3.3,4.1
2023-07-17 16:00:00+00:00,22.1,20.0,3.2,4.1
2023-07-17 16:10:00+00:00,22.0,20.0,3.3,4.1
2023-07-17 16:20:00+00:00,22.0,20.0,3.2,4.1
2023-07-17 16:30:00+00:00,22.0,20.0,3.2,4.1
2023-07-17 16:40:00+00:00,22.0,20.0,3.3,4.1
2023-07-17 16:50:00+00:00,21.9,20.0,3.3,4.1
2023-07-17 17:00:00+00:00,21.9,20.0,3.3,4.1
2023-07-17 17:10:00+00:00,21.85,20.0,3.3,4.0
2023-07-17 17:20:00+00:00,21.8,20.0,3.3,3.9
2023-07-17 17:30:00+00:00,21.8,20.0,3.3,4.0
2023-07-17 17:40:00+00:00,21.8,20.0,3.3,4.0
2023-07-17 17:50:00+00:00,21.8,21.0,3.3,4.0
2023-07-17 18:00:00+00:00,21.7,21.0,3.3,4.1
2023-07-17 18:10:00+00:00,21.7,24.0,3.3,3.9
2023-07-17 18:20:00+00:00,21.6,25.0,3.3,3.9
2023-07-17 18:30:00+00:00,21.6,27.0,3.3,3.9
2023-07-17 18:40:00+00:00,21.6,22.0,3.3,3.7
2023-07-17 18:50:00+00:00,21.6,22.0,3.3,3.4
2023-07-17 19:00:00+00:00,21.55,22.5,3.3,3.0
2023-07-17 19:10:00+00:00,21.5,23.0,3.3,2.6
2023-07-17 19:20:00+00:00,21.5,23.0,3.3,2.1
2023-07-17 19:30:00+00:00,21.5,23.0,3.3,1.4
2023-07-17 19:40:00+00:00,21.4,23.0,3.3,0.9
2023-07-17 19:50:00+00:00,21.369230769230768,23.23076923076923,3.3076923076923075,0.8769230769230769
2023-07-17 20:00:00+00:00,21.338461538461537,23.46153846153846,3.315384615384615,0.8538461538461538
2023-07-17 20:10:00+00:00,21.307692307692307,23.692307692307693,3.323076923076923,0.8307692307692308
2023-07-17 20:20:00+00:00,21.276923076923076,23.923076923076923,3.3307692307692305,0.8076923076923077
2023-07-17 20:30:00+00:00,21.246153846153845,24.153846153846153,3.338461538461538,0.7846153846153846
2023-07-17 20:40:00+00:00,21.215384615384615,24.384615384615383,3.346153846153846,0.7615384615384615
2023-07-17 20:50:00+00:00,21.184615384615384,24.615384615384617,3.353846153846154,0.7384615384615385
2023-07-17 21:00:00+00:00,21.153846153846153,24.846153846153847,3.3615384615384616,0.7153846153846154
2023-07-17 21:10:00+00:00,21.123076923076923,25.076923076923077,3.3692307692307693,0.6923076923076923
2023-07-17 21:20:00+00:00,21.092307692307692,25.307692307692307,3.376923076923077,0.6692307692307692
2023-07-17 21:30:00+00:00,21.06153846153846,25.53846153846154,3.3846153846153846,0.6461538461538461
2023-07-17 21:40:00+00:00,21.03076923076923,25.76923076923077,3.3923076923076922,0.6230769230769231
2023-07-17 21:50:00+00:00,21.0,26.0,3.4,0.6
2023-07-17 22:00:00+00:00,20.97,26.5,3.4,0.6
2023-07-17 22:10:00+00:00,20.94,27.0,3.4,0.6
2023-07-17 22:20:00+00:00,20.91,27.5,3.4,0.6
2023-07-17 22:30:00+00:00,20.88,28.0,3.4,0.6
2023-07-17 22:40:00+00:00,20.85,28.5,3.4,0.6
2023-07-17 22:50:00+00:00,20.82,29.0,3.4,0.6
2023-07-17 23:00:00+00:00,20.79,29.5,3.4,0.6
2023-07-17 23:10:00+00:00,20.759999999999998,30.0,3.4,0.6
2023-07-17 23:20:00+00:00,20.73,30.5,3.4,0.6
2023-07-17 23:30:00+00:00,20.7,31.0,3.4,0.6
2023-07-17 23:40:00+00:00,20.68,31.2,3.4,0.6
2023-07-17 23:50:00+00:00,20.66,31.4,3.4,0.6
2023-07-18 00:00:00+00:00,20.64,31.6,3.4,0.6
2023-07-18 00:10:00+00:00,20.62,31.8,3.4,0.6
2023-07-18 00:20:00+00:00,20.6,32.0,3.4,0.6
2023-07-18 00:30:00+00:00,20.58,32.2,3.4,0.6
2023-07-18 00:40:00+00:00,20.56,32.4,3.4,0.6
2023-07-18 00:50:00+00:00,20.54,32.6,3.4,0.6
2023-07-18 01:00:00+00:00,20.52,32.8,3.4,0.6
2023-07-18 01:10:00+00:00,20.5,33.0,3.4,0.6
2023-07-18 01:20:00+00:00,20.46,33.1,3.4,0.7
2023-07-18 01:30:00+00:00,20.42,33.2,3.4,0.8
2023-07-18 01:40:00+00:00,20.38,33.3,3.4,0.9
2023-07-18 01:50:00+00:00,20.34,33.4,3.4,1.0
2023-07-18 02:00:00+00:00,20.3,33.5,3.4,1.1
2023-07-18 02:10:00+00:00,20.26,33.6,3.4,1.2000000000000002
2023-07-18 02:20:00+00:00,20.220000000000002,33.7,3.4,1.3
2023-07-18 02:30:00+00:00,20.18,33.8,3.4,1.4
2023-07-18 02:40:00+00:00,20.14,33.9,3.4,1.5
2023-07-18 02:50:00+00:00,20.1,34.0,3.4,1.6
2023-07-18 03:00:00+00:00,20.0,35.0,3.4,3.3
2023-07-18 03:10:00+00:00,20.0,35.0,3.4,3.7
2023-07-18 03:20:00+00:00,20.0,36.0,3.4,4.0
2023-07-18 03:30:00+00:00,20.0,36.0,3.4,3.6
2023-07-18 03:40:00+00:00,19.9,37.0,3.4,4.0
2023-07-18 03:50:00+00:00,19.8,54.0,3.4,4.1
2023-07-18 04:00:00+00:00,19.8,63.0,3.4,4.1
2023-07-18 04:10:00+00:00,19.8,64.0,3.4,4.1
2023-07-18 04:20:00+00:00,19.8,66.0,3.4,4.1
2023-07-18 04:30:00+00:00,19.8,66.0,3.4,4.1
2023-07-18 04:40:00+00:00,19.8,66.0,3.4,4.1
2023-07-18 04:50:00+00:00,19.8,66.0,3.4,4.1
2023-07-18 05:00:00+00:00,19.8,67.0,3.3,4.1
2023-07-18 05:10:00+00:00,19.7,68.0,3.3,4.1
2023-07-18 05:20:00+00:00,19.7,68.0,3.3,4.2
2023-07-18 05:30:00+00:00,19.7,69.0,3.2,4.1
2023-07-18 05:40:00+00:00,19.7,70.0,3.2,4.2
2023-07-18 05:50:00+00:00,19.7,69.0,3.2,4.2
2023-07-18 06:00:00+00:00,19.7,70.0,3.1,5.2
2023-07-18 06:10:00+00:00,19.7,69.0,3.1,5.8
2023-07-18 06:20:00+00:00,19.7,68.0,3.1,5.9
2023-07-18 06:30:00+00:00,19.7,68.0,3.1,5.35
2023-07-18 06:40:00+00:00,19.7,68.0,3.1,4.8
2023-07-18 06:50:00+00:00,19.8,68.0,3.2,4.1
2023-07-18 07:00:00+00:00,19.8,70.0,3.2,6.2
2023-07-18 07:10:00+00:00,19.8,65.0,3.2,6.0
2023-07-18 07:20:00+00:00,19.8,64.0,3.1,5.9
2023-07-18 07:30:00+00:00,19.9,63.5,3.1,5.0
2023-07-18 07:40:00+00:00,20.0,63.0,3.1,4.1
2023-07-18 07:50:00+00:00,20.0,63.0,3.2,4.1
2023-07-18 08:00:00+00:00,20.0,62.0,3.3,4.1
2023-07-18 08:10:00+00:00,20.0,61.0,3.3,5.1
2023-07-18 08:20:00+00:00,20.05,60.5,3.25,4.6
2023-07-18 08:30:00+00:00,20.1,60.0,3.2,4.1
2023-07-18 08:40:00+00:00,20.1,60.0,3.2,4.6
2023-07-18 08:50:00+00:00,20.1,62.0,3.2,4.1
2023-07-18 09:00:00+00:00,20.2,62.0,3.2,4.1
2023-07-18 09:10:00+00:00,20.2,61.0,3.3,6.2
2023-07-18 09:20:00+00:00,20.3,59.0,3.2,6.0
2023-07-18 09:30:00+00:00,20.5,59.0,3.2,5.9
2023-07-18 09:40:00+00:00,20.5,58.0,3.2,5.3
2023-07-18 09:50:00+00:00,20.5,58.0,3.3,4.1
2023-07-18 10:00:00+00:00,20.5,58.0,3.2,6.0
2023-07-18 10:10:00+00:00,20.6,57.5,3.2,6.0
2023-07-18 10:20:00+00:00,20.7,57.0,3.2,6.0
2023-07-18 10:30:00+00:00,20.8,57.0,3.2,6.1
2023-07-18 10:40:00+00:00,20.8,56.0,3.2,4.1
2023-07-18 10:50:00+00:00,21.0,56.0,3.2,5.7
2023-07-18 11:00:00+00:00,21.1,55.0,3.1,5.8
2023-07-18 11:10:00+00:00,21.1,55.0,3.1,4.1
2023-07-18 11:20:00+00:00,21.1,56.0,3.2,4.1
2023-07-18 11:30:00+00:00,21.2,56.0,3.2,5.8
2023-07-18 11:40:00+00:00,21.3,55.0,3.2,5.8
2023-07-18 11:50:00+00:00,21.4,55.0,3.2,4.1
2023-07-18 12:00:00+00:00,21.45,54.5,3.1500000000000004,4.8
2023-07-18 12:10:00+00:00,21.5,54.0,3.1,5.5
2023-07-18 12:20:00+00:00,21.5,54.0,3.2,4.1
2023-07-18 12:30:00+00:00,21.5,55.0,3.3,4.1
2023-07-18 12:40:00+00:00,21.4,55.0,3.3,4.1
2023-07-18 12:50:00+00:00,21.5,55.0,3.3,4.1
2023-07-18 13:00:00+00:00,21.4,54.0,3.3,4.1
2023-07-18 13:10:00+00:00,21.4,55.0,3.3,4.1
2023-07-18 13:20:00+00:00,21.4,54.0,3.3,4.1
2023-07-18 13:30:00+00:00,21.4,54.0,3.3,4.1
2023-07-18 13:40:00+00:00,21.35,54.5,3.3,4.1
2023-07-18 13:50:00+00:00,21.3,55.0,3.3,4.1
2023-07-18 14:00:00+00:00,21.3,56.0,3.3,4.1
2023-07-18 14:10:00+00:00,21.3,56.0,3.3,4.1
2023-07-18 14:20:00+00:00,21.3,56.0,3.3,4.1
2023-07-18 14:30:00+00:00,21.2,56.0,3.3,4.1
2023-07-18 14:40:00+00:00,21.2,56.0,3.3,4.1
2023-07-18 14:50:00+00:00,21.1,55.0,3.3,4.1
2023-07-18 15:00:00+00:00,21.1,55.0,3.3,4.1
2023-07-18 15:10:00+00:00,21.1,55.0,3.3,4.1
2023-07-18 15:20:00+00:00,21.0,55.0,3.3,4.1
2023-07-18 15:30:00+00:00,21.0,55.0,3.3,4.1
2023-07-18 15:40:00+00:00,21.0,55.0,3.3,4.1
2023-07-18 15:50:00+00:00,21.0,55.0,3.3,4.1
2023-07-18 16:00:00+00:00,20.9,55.0,3.3,4.1
2023-07-18 16:10:00+00:00,20.8,54.0,3.3,4.1
2023-07-18 16:20:00+00:00,20.8,54.0,3.3,4.1
2023-07-18 16:30:00+00:00,20.8,54.0,3.3,4.1
2023-07-18 16:40:00+00:00,20.7,54.0,3.3,4.1
2023-07-18 16:50:00+00:00,20.6,55.0,3.3,4.1
2023-07-18 17:00:00+00:00,20.6,54.0,3.3,4.1
2023-07-18 17:10:00+00:00,20.6,54.0,3.3,4.1
2023-07-18 17:20:00+00:00,20.6,53.5,3.3,4.1
2023-07-18 17:30:00+00:00,20.6,53.0,3.3,4.1
2023-07-18 17:40:00+00:00,20.5,53.0,3.3,4.1
2023-07-18 17:50:00+00:00,20.5,54.0,3.3,4.1
2023-07-18 18:00:00+00:00,20.5,56.0,3.4,4.1
2023-07-18 18:10:00+00:00,20.4,54.0,3.4,4.1
2023-07-18 18:20:00+00:00,20.3,54.0,3.3,4.0
2023-07-18 18:30:00+00:00,20.3,54.0,3.4,3.9
2023-07-18 18:40:00+00:00,20.3,54.0,3.3,3.8
2023-07-18 18:50:00+00:00,20.3,60.0,3.4,3.5
2023-07-18 19:00:00+00:00,20.2,54.0,3.4,3.0
2023-07-18 19:10:00+00:00,20.2,55.0,3.4,2.7
2023-07-18 19:20:00+00:00,20.2,56.0,3.4,2.4
2023-07-18 19:30:00+00:00,20.1,56.0,3.4,1.5
2023-07-18 19:40:00+00:00,20.1,55.0,3.4,0.8
2023-07-18 19:50:00+00:00,20.076923076923077,54.92307692307692,3.4,0.7846153846153846
2023-07-18 20:00:00+00:00,20.053846153846155,54.84615384615385,3.4,0.7692307692307693
2023-07-18 20:10:00+00:00,20.03076923076923,54.76923076923077,3.4,0.7538461538461538
2023-07-18 20:20:00+00:00,20.00769230769231,54.69230769230769,3.4,0.7384615384615385
2023-07-18 20:30:00+00:00,19.984615384615385,54.61538461538461,3.4,0.7230769230769231
2023-07-18 20:40:00+00:00,19.961538461538463,54.53846153846154,3.4,0.7076923076923077
2023-07-18 20:50:00+00:00,19.93846153846154,54.46153846153846,3.4,0.6923076923076923
2023-07-18 21:00:00+00:00,19.915384615384617,54.38461538461539,3.4,0.676923076923077
2023-07-18 21:10:00+00:00,19.892307692307693,54.30769230769231,3.4,0.6615384615384615
2023-07-18 21:20:00+00:00,19.86923076923077,54.23076923076923,3.4,0.6461538461538462
2023-07-18 21:30:00+00:00,19.846153846153847,54.15384615384615,3.4,0.6307692307692307
2023-07-18 21:40:00+00:00,19.823076923076925,54.07692307692308,3.4,0.6153846153846154
2023-07-18 21:50:00+00:00,19.8,54.0,3.4,0.6
2023-07-18 22:00:00+00:00,19.76,54.0,3.4,0.58
2023-07-18 22:10:00+00:00,19.72,54.0,3.4,0.5599999999999999
2023-07-18 22:20:00+00:00,19.68,54.0,3.4,0.54
2023-07-18 22:30:00+00:00,19.64,54.0,3.4,0.52
2023-07-18 22:40:00+00:00,19.6,54.0,3.4,0.5
2023-07-18 22:50:00+00:00,19.56,54.0,3.4,0.48
2023-07-18 23:00:00+00:00,19.52,54.0,3.4,0.45999999999999996
2023-07-18 23:10:00+00:00,19.48,54.0,3.4,0.44
2023-07-18 23:20:00+00:00,19.439999999999998,54.0,3.4,0.42000000000000004
2023-07-18 23:30:00+00:00,19.4,54.0,3.4,0.4
2023-07-18 23:40:00+00:00,19.369999999999997,54.2,3.4,0.42000000000000004
2023-07-18 23:50:00+00:00,19.34,54.4,3.4,0.44
2023-07-19 00:00:00+00:00,19.31,54.6,3.4,0.46
2023-07-19 00:10:00+00:00,19.28,54.8,3.4,0.48
2023-07-19 00:20:00+00:00,19.25,55.0,3.4,0.5
2023-07-19 00:30:00+00:00,19.22,55.2,3.4,0.52
2023-07-19 00:40:00+00:00,19.19,55.4,3.4,0.54
2023-07-19 00:50:00+00:00,19.16,55.6,3.4,0.56
2023-07-19 01:00:00+00:00,19.130000000000003,55.8,3.4,0.58
2023-07-19 01:10:00+00:00,19.1,56.0,3.4,0.6
2023-07-19 01:20:00+00:00,19.065,55.8,3.41,0.875
2023-07-19 01:30:00+00:00,19.03,55.6,3.42,1.15
2023-07-19 01:40:00+00:00,18.995,55.4,3.4299999999999997,1.425
2023-07-19 01:50:00+00:00,18.96,55.2,3.44,1.7000000000000002
2023-07-19 02:00:00+00:00,18.925,55.0,3.45,1.975
2023-07-19 02:10:00+00:00,18.89,54.8,3.46,2.25
2023-07-19 02:20:00+00:00,18.855,54.6,3.4699999999999998,2.5250000000000004
2023-07-19 02:30:00+00:00,18.82,54.4,3.48,2.8000000000000003
2023-07-19 02:40:00+00:00,18.785,54.2,3.49,3.075
2023-07-19 02:50:00+00:00,18.75,54.0,3.5,3.35
2023-07-19 03:00:00+00:00,18.725,54.0,3.5,3.7249999999999996
2023-07-19 03:10:00+00:00,18.7,54.0,3.5,4.1
2023-07-19 03:20:00+00:00,18.6,54.0,3.5,4.1
2023-07-19 03:30:00+00:00,18.6,53.0,3.4,4.1
2023-07-19 03:40:00+00:00,18.6,53.0,3.4,4.1
2023-07-19 03:50:00+00:00,18.6,53.0,3.4,4.1
2023-07-19 04:00:00+00:00,18.6,54.0,3.4,4.1
2023-07-19 04:10:00+00:00,18.6,53.0,3.4,4.1
2023-07-19 04:20:00+00:00,18.6,54.0,3.4,4.1
2023-07-19 04:30:00+00:00,18.6,54.0,3.4,4.1
2023-07-19 04:40:00+00:00,18.6,52.0,3.4,4.1
2023-07-19 04:50:00+00:00,18.6,52.5,3.4,4.1
2023-07-19 05:00:00+00:00,18.6,53.0,3.4,4.1
2023-07-19 05:10:00+00:00,18.6,53.0,3.4,4.1
2023-07-19 05:20:00+00:00,18.6,52.0,3.4,4.1
2023-07-19 05:30:00+00:00,18.6,52.0,3.4,4.1
2023-07-19 05:40:00+00:00,18.6,52.0,3.4,4.1
2023-07-19 05:50:00+00:00,18.6,52.0,3.4,4.1
2023-07-19 06:00:00+00:00,18.6,52.0,3.3,4.1
2023-07-19 06:10:00+00:00,18.6,52.0,3.3,4.1
2023-07-19 06:20:00+00:00,18.7,52.0,3.3,4.1
2023-07-19 06:30:00+00:00,18.7,51.0,3.3,4.1
2023-07-19 06:40:00+00:00,18.75,51.0,3.3,4.1
2023-07-19 06:50:00+00:00,18.8,51.0,3.3,4.1
2023-07-19 07:00:00+00:00,18.8,51.0,3.3,4.1
2023-07-19 07:10:00+00:00,18.8,51.0,3.3,4.1
2023-07-19 07:20:00+00:00,18.8,51.0,3.3,4.1
2023-07-19 07:30:00+00:00,18.8,51.0,3.3,4.1
2023-07-19 07:40:00+00:00,18.9,51.0,3.3,4.1
2023-07-19 07:50:00+00:00,18.9,51.0,3.3,4.1
2023-07-19 08:00:00+00:00,18.9,50.0,3.3,4.1
2023-07-19 08:10:00+00:00,19.0,51.0,3.3,4.1
2023-07-19 08:20:00+00:00,19.0,51.0,3.3,4.1
2023-07-19 08:30:00+00:00,19.0,50.5,3.3,4.1
2023-07-19 08:40:00+00:00,19.0,50.0,3.3,4.1
2023-07-19 08:50:00+00:00,19.0,50.0,3.3,4.1
2023-07-19 09:00:00+00:00,19.0,50.0,3.3,4.1
2023-07-19 09:10:00+00:00,19.1,50.0,3.3,4.1
2023-07-19 09:20:00+00:00,19.1,50.0,3.3,4.1
2023-07-19 09:30:00+00:00,19.1,50.0,3.3,4.1
2023-07-19 09:40:00+00:00,19.1,50.0,3.3,4.1
2023-07-19 09:50:00+00:00,19.1,50.0,3.3,4.1
2023-07-19 10:00:00+00:00,19.1,50.0,3.3,4.1
2023-07-19 10:10:00+00:00,19.1,50.0,3.3,4.1
2023-07-19 10:20:00+00:00,19.1,50.0,3.3,4.1
2023-07-19 10:30:00+00:00,19.1,50.0,3.3,4.1
2023-07-19 10:40:00+00:00,19.1,50.0,3.3,4.1
2023-07-19 10:50:00+00:00,19.1,50.0,3.4,4.1
2023-07-19 11:00:00+00:00,19.1,50.0,3.4,4.1
2023-07-19 11:10:00+00:00,19.1,50.0,3.4,4.1
2023-07-19 11:20:00+00:00,19.1,50.0,3.4,4.1
2023-07-19 11:30:00+00:00,19.1,50.0,3.4,4.1
2023-07-19 11:40:00+00:00,19.1,50.0,3.4,4.1
2023-07-19 11:50:00+00:00,19.1,50.0,3.4,4.1
2023-07-19 12:00:00+00:00,19.1,50.0,3.4,4.1
2023-07-19 12:10:00+00:00,19.1,50.0,3.4,4.1
2023-07-19 12:20:00+00:00,19.1,50.0,3.4,4.1
2023-07-19 12:30:00+00:00,19.1,50.0,3.4,4.1
2023-07-19 12:40:00+00:00,19.1,51.0,3.4,4.1
2023-07-19 12:50:00+00:00,19.1,58.0,3.4,4.1
2023-07-19 13:00:00+00:00,19.1,60.0,3.4,4.1
2023-07-19 13:10:00+00:00,19.1,61.0,3.4,4.1
2023-07-19 13:20:00+00:00,19.1,80.0,3.4,4.1
2023-07-19 13:30:00+00:00,19.1,79.0,3.4,4.1
2023-07-19 13:40:00+00:00,19.1,79.0,3.3,4.1
2023-07-19 13:50:00+00:00,19.1,79.0,3.3,4.1
2023-07-19 14:00:00+00:00,19.1,79.0,3.3,4.1
2023-07-19 14:10:00+00:00,19.1,76.0,3.3,4.1
2023-07-19 14:20:00+00:00,19.1,75.0,3.3,4.1
2023-07-19 14:30:00+00:00,19.1,79.0,3.3,4.1
2023-07-19 14:40:00+00:00,19.1,74.0,3.3,4.1
2023-07-19 14:50:00+00:00,19.1,73.0,3.3,4.1
2023-07-19 15:00:00+00:00,19.1,75.0,3.3,4.1
2023-07-19 15:10:00+00:00,19.1,74.0,3.3,4.1
2023-07-19 15:20:00+00:00,19.1,74.0,3.3,4.1
2023-07-19 15:30:00+00:00,19.1,75.0,3.3,4.1
2023-07-19 15:40:00+00:00,19.1,74.5,3.3,4.1
2023-07-19 15:50:00+00:00,19.1,74.0,3.3,4.1
2023-07-19 16:00:00+00:00,19.1,73.0,3.3,4.1
2023-07-19 16:10:00+00:00,19.1,73.0,3.4,4.1
2023-07-19 16:20:00+00:00,19.1,73.0,3.3,4.1
2023-07-19 16:30:00+00:00,19.1,72.0,3.3,4.1
2023-07-19 16:40:00+00:00,19.1,73.0,3.3,4.1
2023-07-19 16:50:00+00:00,19.1,72.0,3.3,4.1
2023-07-19 17:00:00+00:00,19.1,71.0,3.4,4.1
2023-07-19 17:10:00+00:00,19.1,73.0,3.3,4.1
2023-07-19 17:20:00+00:00,19.1,71.0,3.3,4.1
2023-07-19 17:30:00+00:00,19.1,71.0,3.3,4.1
2023-07-19 17:40:00+00:00,19.1,71.0,3.3,4.1
2023-07-19 17:50:00+00:00,19.1,70.0,3.4,4.1
2023-07-19 18:00:00+00:00,19.1,69.0,3.4,4.1
2023-07-19 18:10:00+00:00,19.1,65.0,3.4,4.1
2023-07-19 18:20:00+00:00,19.1,63.0,3.4,4.1
2023-07-19 18:30:00+00:00,19.1,63.0,3.4,3.6
2023-07-19 18:40:00+00:00,19.0,63.0,3.4,3.6
2023-07-19 18:50:00+00:00,19.0,62.0,3.4,3.6
2023-07-19 19:00:00+00:00,19.0,62.0,3.4,3.0
2023-07-19 19:10:00+00:00,19.0,62.0,3.4,2.5
2023-07-19 19:20:00+00:00,19.0,62.0,3.4,2.1
2023-07-19 19:30:00+00:00,19.0,62.0,3.4,1.7
2023-07-19 19:40:00+00:00,18.9,62.0,3.4,1.0
2023-07-19 19:50:00+00:00,18.9,61.0,3.4,0.7
2023-07-19 20:00:00+00:00,18.876923076923077,60.92307692307692,3.4,0.6923076923076923
2023-07-19 20:10:00+00:00,18.853846153846153,60.84615384615385,3.4,0.6846153846153846
2023-07-19 20:20:00+00:00,18.83076923076923,60.76923076923077,3.4,0.6769230769230768
2023-07-19 20:30:00+00:00,18.807692307692307,60.69230769230769,3.4,0.6692307692307692
2023-07-19 20:40:00+00:00,18.784615384615385,60.61538461538461,3.4,0.6615384615384615
2023-07-19 20:50:00+00:00,18.76153846153846,60.53846153846154,3.4,0.6538461538461539
2023-07-19 21:00:00+00:00,18.73846153846154,60.46153846153846,3.4,0.6461538461538461
2023-07-19 21:10:00+00:00,18.715384615384615,60.38461538461539,3.4,0.6384615384615384
2023-07-19 21:20:00+00:00,18.692307692307693,60.30769230769231,3.4,0.6307692307692307
2023-07-19 21:30:00+00:00,18.66923076923077,60.23076923076923,3.4,0.6230769230769231
2023-07-19 21:40:00+00:00,18.646153846153847,60.15384615384615,3.4,0.6153846153846153
2023-07-19 21:50:00+00:00,18.623076923076923,60.07692307692308,3.4,0.6076923076923076
2023-07-19 22:00:00+00:00,18.6,60.0,3.4,0.6
2023-07-19 22:10:00+00:00,18.57,60.0,3.4,0.58
2023-07-19 22:20:00+00:00,18.540000000000003,60.0,3.4,0.5599999999999999
2023-07-19 22:30:00+00:00,18.51,60.0,3.4,0.54
2023-07-19 22:40:00+00:00,18.48,60.0,3.4,0.52
2023-07-19 22:50:00+00:00,18.450000000000003,60.0,3.4,0.5
2023-07-19 23:00:00+00:00,18.42,60.0,3.4,0.48
2023-07-19 23:10:00+00:00,18.39,60.0,3.4,0.45999999999999996
2023-07-19 23:20:00+00:00,18.36,60.0,3.4,0.44
2023-07-19 23:30:00+00:00,18.330000000000002,60.0,3.4,0.42000000000000004
2023-07-19 23:40:00+00:00,18.3,60.0,3.4,0.4
2023-07-19 23:50:00+00:00,18.28,59.9,3.41,0.42000000000000004
2023-07-20 00:00:00+00:00,18.26,59.8,3.42,0.44
2023-07-20 00:10:00+00:00,18.240000000000002,59.7,3.4299999999999997,0.46
2023-07-20 00:20:00+00:00,18.220000000000002,59.6,3.44,0.48
2023-07-20 00:30:00+00:00,18.200000000000003,59.5,3.45,0.5
2023-07-20 00:40:00+00:00,18.18,59.4,3.46,0.52
2023-07-20 00:50:00+00:00,18.16,59.3,3.4699999999999998,0.54
2023-07-20 01:00:00+00:00,18.14,59.2,3.48,0.56
2023-07-20 01:10:00+00:00,18.12,59.1,3.49,0.58
2023-07-20 01:20:00+00:00,18.1,59.0,3.5,0.6
2023-07-20 01:30:00+00:00,18.075000000000003,58.85,3.5,0.9199999999999999
2023-07-20 01:40:00+00:00,18.05,58.7,3.5,1.2399999999999998
2023-07-20 01:50:00+00:00,18.025000000000002,58.55,3.5,1.5599999999999998
2023-07-20 02:00:00+00:00,18.0,58.4,3.5,1.88
2023-07-20 02:10:00+00:00,17.975,58.25,3.5,2.1999999999999997
2023-07-20 02:20:00+00:00,17.950000000000003,58.1,3.5,2.5199999999999996
2023-07-20 02:30:00+00:00,17.925,57.95,3.5,2.84
2023-07-20 02:40:00+00:00,17.900000000000002,57.8,3.5,3.1599999999999997
2023-07-20 02:50:00+00:00,17.875,57.65,3.5,3.4799999999999995
2023-07-20 03:00:00+00:00,17.85,57.5,3.5,3.8
2023-07-20 03:10:00+00:00,17.825000000000003,57.25,3.5,3.9499999999999997
2023-07-20 03:20:00+00:00,17.8,57.0,3.5,4.1
2023-07-20 03:30:00+00:00,17.8,57.0,3.5,4.1
2023-07-20 03:40:00+00:00,17.8,57.0,3.4,4.1
2023-07-20 03:50:00+00:00,17.7,57.0,3.4,4.1
2023-07-20 04:00:00+00:00,17.7,57.0,3.4,4.1
2023-07-20 04:10:00+00:00,17.7,56.0,3.4,4.1
2023-07-20 04:20:00+00:00,17.7,57.0,3.4,4.1
2023-07-20 04:30:00+00:00,17.7,56.0,3.4,4.1
2023-07-20 04:40:00+00:00,17.7,56.0,3.4,4.1
2023-07-20 04:50:00+00:00,17.7,56.0,3.4,4.1
2023-07-20 05:00:00+00:00,17.7,56.0,3.4,4.1
2023-07-20 05:10:00+00:00,17.7,56.0,3.4,4.1
2023-07-20 05:20:00+00:00,17.7,56.0,3.4,4.1
2023-07-20 05:30:00+00:00,17.7,56.0,3.4,4.1
2023-07-20 05:40:00+00:00,17.7,56.0,3.4,4.1
2023-07-20 05:50:00+00:00,17.8,56.0,3.4,4.1
2023-07-20 06:00:00+00:00,17.8,56.0,3.4,4.1
2023-07-20 06:10:00+00:00,17.8,55.0,3.4,4.1
2023-07-20 06:20:00+00:00,17.8,55.0,3.4,4.1
2023-07-20 06:30:00+00:00,17.8,55.0,3.4,4.1
2023-07-20 06:40:00+00:00,17.8,56.0,3.4,4.1
2023-07-20 06:50:00+00:00,17.8,55.5,3.4,4.1
2023-07-20 07:00:00+00:00,17.8,55.0,3.4,4.1
2023-07-20 07:10:00+00:00,17.8,55.0,3.3,4.2
2023-07-20 07:20:00+00:00,18.0,54.0,3.2,4.2
2023-07-20 07:30:00+00:00,18.0,53.0,3.1,4.1
2023-07-20 07:40:00+00:00,18.1,53.0,3.1,4.1
2023-07-20 07:50:00+00:00,18.1,53.0,3.2,4.1
2023-07-20 08:00:00+00:00,18.2,52.0,3.1,4.1
2023-07-20 08:10:00+00:00,18.3,52.0,3.1,4.1
2023-07-20 08:20:00+00:00,18.4,51.0,3.1,4.2
2023-07-20 08:30:00+00:00,18.5,51.0,3.1,4.2
2023-07-20 08:40:00+00:00,18.55,50.5,3.1,4.15
2023-07-20 08:50:00+00:00,18.6,50.0,3.1,4.1
2023-07-20 09:00:00+00:00,18.8,50.0,3.1,4.1
2023-07-20 09:10:00+00:00,18.9,50.0,3.1,5.4
2023-07-20 09:20:00+00:00,19.0,50.0,3.1,4.1
2023-07-20 09:30:00+00:00,19.1,51.0,3.2,5.8
2023-07-20 09:40:00+00:00,19.2,50.0,3.1,5.9
2023-07-20 09:50:00+00:00,19.3,50.0,3.2,4.1
2023-07-20 10:00:00+00:00,19.5,50.0,3.1,5.8
2023-07-20 10:10:00+00:00,19.6,50.0,3.1,6.0
2023-07-20 10:20:00+00:00,19.7,50.0,3.1,5.6
2023-07-20 10:30:00+00:00,19.75,50.0,3.1500000000000004,5.6
2023-07-20 10:40:00+00:00,19.8,50.0,3.2,5.6
2023-07-20 10:50:00+00:00,19.8,50.0,3.2,4.1
2023-07-20 11:00:00+00:00,19.9,50.0,3.3,4.1
2023-07-20 11:10:00+00:00,19.9,51.0,3.3,4.1
2023-07-20 11:20:00+00:00,20.0,51.0,3.3,5.8
2023-07-20 11:30:00+00:00,20.0,50.0,3.2,4.5
2023-07-20 11:40:00+00:00,20.0,50.0,3.2,4.1
2023-07-20 11:50:00+00:00,20.1,50.0,3.2,5.9
2023-07-20 12:00:00+00:00,20.1,49.0,3.2,5.0
2023-07-20 12:10:00+00:00,20.15,49.5,3.2,5.0
2023-07-20 12:20:00+00:00,20.2,50.0,3.2,5.0
2023-07-20 12:30:00+00:00,20.2,50.0,3.2,5.6
2023-07-20 12:40:00+00:00,20.3,48.0,3.2,4.1
2023-07-20 12:50:00+00:00,20.3,48.0,3.2,4.1
2023-07-20 13:00:00+00:00,20.3,49.0,3.2,4.1
2023-07-20 13:10:00+00:00,20.3,49.0,3.3,4.1
2023-07-20 13:20:00+00:00,20.3,50.0,3.3,4.1
2023-07-20 13:30:00+00:00,20.3,50.0,3.3,4.1
2023-07-20 13:40:00+00:00,20.3,50.0,3.3,4.1
2023-07-20 13:50:00+00:00,20.3,50.0,3.3,4.1
2023-07-20 14:00:00+00:00,20.3,50.0,3.3,4.1
2023-07-20 14:10:00+00:00,20.3,50.0,3.3,4.1
2023-07-20 14:20:00+00:00,20.2,50.0,3.3,4.1
2023-07-20 14:30:00+00:00,20.2,50.0,3.3,4.1
2023-07-20 14:40:00+00:00,20.1,51.0,3.4,4.1
2023-07-20 14:50:00+00:00,20.1,51.0,3.3,4.1
2023-07-20 15:00:00+00:00,20.1,50.0,3.3,4.1
2023-07-20 15:10:00+00:00,20.0,51.0,3.3,4.1
2023-07-20 15:20:00+00:00,20.0,50.0,3.3,4.1
2023-07-20 15:30:00+00:00,20.0,50.0,3.4,4.1
2023-07-20 15:40:00+00:00,19.9,51.0,3.4,4.1
2023-07-20 15:50:00+00:00,19.9,51.0,3.3499999999999996,4.1
2023-07-20 16:00:00+00:00,19.9,51.0,3.3,4.1
2023-07-20 16:10:00+00:00,19.8,51.0,3.3,4.1
2023-07-20 16:20:00+00:00,19.8,51.0,3.3,4.1
2023-07-20 16:30:00+00:00,19.8,51.0,3.3,4.1
2023-07-20 16:40:00+00:00,19.7,51.0,3.3,4.1
2023-07-20 16:50:00+00:00,19.6,50.0,3.3,4.1
2023-07-20 17:00:00+00:00,19.6,50.0,3.4,4.1
2023-07-20 17:10:00+00:00,19.6,51.0,3.4,4.1
2023-07-20 17:20:00+00:00,19.5,50.0,3.4,4.1
2023-07-20 17:30:00+00:00,19.5,50.0,3.4,4.1
2023-07-20 17:40:00+00:00,19.5,50.5,3.4,4.1
2023-07-20 17:50:00+00:00,19.5,51.0,3.4,4.1
2023-07-20 18:00:00+00:00,19.5,51.0,3.4,4.1
2023-07-20 18:10:00+00:00,19.4,51.0,3.4,4.1
2023-07-20 18:20:00+00:00,19.3,51.0,3.4,3.9
2023-07-20 18:30:00+00:00,19.3,51.0,3.4,3.8
2023-07-20 18:40:00+00:00,19.3,51.0,3.4,3.8
2023-07-20 18:50:00+00:00,19.3,51.0,3.4,3.5
2023-07-20 19:00:00+00:00,19.2,51.0,3.4,3.0
2023-07-20 19:10:00+00:00,19.1,51.0,3.4,2.3
2023-07-20 19:20:00+00:00,19.1,51.0,3.4,1.6
2023-07-20 19:30:00+00:00,19.1,51.0,3.4,1.3
2023-07-20 19:40:00+00:00,19.1,51.0,3.4,1.0
2023-07-20 19:50:00+00:00,19.1,51.0,3.4,0.7
2023-07-20 20:00:00+00:00,19.060000000000002,51.0,3.4,0.69
2023-07-20 20:10:00+00:00,19.02,51.0,3.4,0.6799999999999999
2023-07-20 20:20:00+00:00,18.98,51.0,3.4,0.6699999999999999
2023-07-20 20:30:00+00:00,18.94,51.0,3.4,0.6599999999999999
2023-07-20 20:40:00+00:00,18.9,51.0,3.4,0.6499999999999999
2023-07-20 20:50:00+00:00,18.86,51.0,3.4,0.64
2023-07-20 21:00:00+00:00,18.82,51.0,3.4,0.63
2023-07-20 21:10:00+00:00,18.78,51.0,3.4,0.62
2023-07-20 21:20:00+00:00,18.74,51.0,3.4,0.61
2023-07-20 21:30:00+00:00,18.7,51.0,3.4,0.6
2023-07-20 21:40:00+00:00,18.676923076923075,51.0,3.4,0.6
2023-07-20 21:50:00+00:00,18.653846153846153,51.0,3.4,0.6
2023-07-20 22:00:00+00:00,18.63076923076923,51.0,3.4,0.6
2023-07-20 22:10:00+00:00,18.607692307692307,51.0,3.4,0.6
2023-07-20 22:20:00+00:00,18.584615384615383,51.0,3.4,0.6
2023-07-20 22:30:00+00:00,18.56153846153846,51.0,3.4,0.6
2023-07-20 22:40:00+00:00,18.538461538461537,51.0,3.4,0.6
2023-07-20 22:50:00+00:00,18.515384615384615,51.0,3.4,0.6
2023-07-20 23:00:00+00:00,18.49230769230769,51.0,3.4,0.6
2023-07-20 23:10:00+00:00,18.46923076923077,51.0,3.4,0.6
2023-07-20 23:20:00+00:00,18.446153846153845,51.0,3.4,0.6
2023-07-20 23:30:00+00:00,18.423076923076923,51.0,3.4,0.6
2023-07-20 23:40:00+00:00,18.4,51.0,3.4,0.6
2023-07-20 23:50:00+00:00,18.369999999999997,51.0,3.4,0.6
2023-07-21 00:00:00+00:00,18.34,51.0,3.4,0.6
2023-07-21 00:10:00+00:00,18.31,51.0,3.4,0.6
2023-07-21 00:20:00+00:00,18.28,51.0,3.4,0.6
2023-07-21 00:30:00+00:00,18.25,51.0,3.4,0.6
2023-07-21 00:40:00+00:00,18.22,51.0,3.4,0.6
2023-07-21 00:50:00+00:00,18.19,51.0,3.4,0.6
2023-07-21 01:00:00+00:00,18.16,51.0,3.4,0.6
2023-07-21 01:10:00+00:00,18.130000000000003,51.0,3.4,0.6
2023-07-21 01:20:00+00:00,18.1,51.0,3.4,0.6
2023-07-21 01:30:00+00:00,18.085,51.0,3.405,0.8999999999999999
2023-07-21 01:40:00+00:00,18.07,51.0,3.41,1.1999999999999997
2023-07-21 01:50:00+00:00,18.055,51.0,3.415,1.4999999999999998
2023-07-21 02:00:00+00:00,18.04,51.0,3.42,1.7999999999999998
2023-07-21 02:10:00+00:00,18.025,51.0,3.425,2.0999999999999996
2023-07-21 02:20:00+00:00,18.01,51.0,3.43,2.3999999999999995
2023-07-21 02:30:00+00:00,17.995,51.0,3.435,2.6999999999999997
2023-07-21 02:40:00+00:00,17.98,51.0,3.44,2.9999999999999996
2023-07-21 02:50:00+00:00,17.965,51.0,3.4450000000000003,3.2999999999999994
2023-07-21 03:00:00+00:00,17.95,51.0,3.45,3.5999999999999996
2023-07-21 03:10:00+00:00,17.8,51.0,3.4,4.1
2023-07-21 03:20:00+00:00,17.8,51.0,3.4,4.1
2023-07-21 03:30:00+00:00,17.8,51.0,3.4,4.1
2023-07-21 03:40:00+00:00,17.8,51.0,3.4,4.1
2023-07-21 03:50:00+00:00,17.8,51.0,3.4,4.1
2023-07-21 04:00:00+00:00,17.8,50.0,3.4,4.1
2023-07-21 04:10:00+00:00,17.8,50.0,3.4,4.1
2023-07-21 04:20:00+00:00,17.8,50.0,3.4,4.1
2023-07-21 04:30:00+00:00,17.8,50.0,3.4,4.1
2023-07-21 04:40:00+00:00,17.8,50.0,3.4,4.1
2023-07-21 04:50:00+00:00,17.8,50.0,3.4,4.1
2023-07-21 05:00:00+00:00,17.8,50.0,3.4,4.1
2023-07-21 05:10:00+00:00,17.8,50.0,3.4,4.1
2023-07-21 05:20:00+00:00,17.8,50.0,3.4,4.1
2023-07-21 05:30:00+00:00,17.8,50.0,3.4,4.1
2023-07-21 05:40:00+00:00,17.8,50.0,3.4,4.1
2023-07-21 05:50:00+00:00,17.8,50.0,3.4,4.1
2023-07-21 06:00:00+00:00,17.8,50.0,3.3,4.1
2023-07-21 06:10:00+00:00,17.8,49.0,3.3,4.1
2023-07-21 06:20:00+00:00,17.8,49.0,3.3,4.1
2023-07-21 06:30:00+00:00,17.9,48.0,3.2,4.1
2023-07-21 06:40:00+00:00,17.9,48.0,3.2,4.1
2023-07-21 06:50:00+00:00,18.0,47.0,3.2,4.1
2023-07-21 07:00:00+00:00,18.0,47.0,3.25,4.1
2023-07-21 07:10:00+00:00,18.0,47.0,3.3,4.1
2023-07-21 07:20:00+00:00,18.1,47.0,3.2,4.1
2023-07-21 07:30:00+00:00,18.1,45.0,3.1,5.4
2023-07-21 07:40:00+00:00,18.2,43.0,3.1,5.8
2023-07-21 07:50:00+00:00,18.3,43.0,3.1,4.1
2023-07-21 08:00:00+00:00,18.3,42.0,3.1,6.0
2023-07-21 08:10:00+00:00,18.4,41.0,3.1,4.4
2023-07-21 08:20:00+00:00,18.5,40.0,3.1,4.6
2023-07-21 08:30:00+00:00,18.6,40.0,3.1,5.3
2023-07-21 08:40:00+00:00,18.7,40.0,3.1,6.3
2023-07-21 08:50:00+00:00,18.75,40.5,3.1500000000000004,5.199999999999999
2023-07-21 09:00:00+00:00,18.8,41.0,3.2,4.1
2023-07-21 09:10:00+00:00,18.7,42.0,3.3,4.1
2023-07-21 09:20:00+00:00,18.8,45.0,3.3,6.2
2023-07-21 09:30:00+00:00,19.0,41.0,3.2,6.0
2023-07-21 09:40:00+00:00,19.0,42.0,3.2,4.1
2023-07-21 09:50:00+00:00,19.1,42.0,3.2,4.1
2023-07-21 10:00:00+00:00,19.3,40.0,3.2,5.9
2023-07-21 10:10:00+00:00,19.4,40.0,3.2,6.0
2023-07-21 10:20:00+00:00,19.6,39.0,3.1,5.6
2023-07-21 10:30:00+00:00,19.65,39.0,3.1,4.85
2023-07-21 10:40:00+00:00,19.7,39.0,3.1,4.1
2023-07-21 10:50:00+00:00,19.7,40.0,3.2,4.1
2023-07-21 11:00:00+00:00,19.7,40.0,3.3,4.1
2023-07-21 11:10:00+00:00,19.8,41.0,3.3,4.1
2023-07-21 11:20:00+00:00,19.8,42.0,3.3,4.1
2023-07-21 11:30:00+00:00,19.9,41.0,3.3,5.4
2023-07-21 11:40:00+00:00,20.0,46.0,3.2,5.7
2023-07-21 11:50:00+00:00,20.1,49.0,3.2,5.5
2023-07-21 12:00:00+00:00,20.2,51.0,3.2,5.2
2023-07-21 12:10:00+00:00,20.3,53.0,3.2,5.6
2023-07-21 12:20:00+00:00,20.35,54.0,3.2,4.85
2023-07-21 12:30:00+00:00,20.4,55.0,3.2,4.1
2023-07-21 12:40:00+00:00,20.4,56.0,3.2,4.1
2023-07-21 12:50:00+00:00,20.4,57.0,3.3,4.1
2023-07-21 13:00:00+00:00,20.5,57.0,3.3,4.1
2023-07-21 13:10:00+00:00,20.5,58.0,3.3,4.1
2023-07-21 13:20:00+00:00,20.5,58.0,3.2,4.1
2023-07-21 13:30:00+00:00,20.5,58.0,3.3,4.1
2023-07-21 13:40:00+00:00,20.4,59.0,3.3,4.1
2023-07-21 13:50:00+00:00,20.4,59.0,3.3,4.1
2023-07-21 14:00:00+00:00,20.4,59.0,3.3,4.1
2023-07-21 14:10:00+00:00,20.4,58.5,3.3,4.1
2023-07-21 14:20:00+00:00,20.4,58.0,3.3,4.1
2023-07-21 14:30:00+00:00,20.3,58.0,3.3,4.1
2023-07-21 14:40:00+00:00,20.3,58.0,3.3,4.1
2023-07-21 14:50:00+00:00,20.3,58.0,3.3,4.1
2023-07-21 15:00:00+00:00,20.3,58.0,3.3,4.1
2023-07-21 15:10:00+00:00,20.2,58.0,3.3,4.1
2023-07-21 15:20:00+00:00,20.1,57.0,3.3,4.1
2023-07-21 15:30:00+00:00,20.1,57.0,3.3,4.1
2023-07-21 15:40:00+00:00,20.1,57.0,3.3,4.1
2023-07-21 15:50:00+00:00,20.1,57.0,3.3,4.1
2023-07-21 16:00:00+00:00,20.05,57.0,3.3,4.1
2023-07-21 16:10:00+00:00,20.0,57.0,3.3,4.1
2023-07-21 16:20:00+00:00,20.0,57.0,3.3,4.1
2023-07-21 16:30:00+00:00,20.0,57.0,3.3,4.1
2023-07-21 16:40:00+00:00,19.9,57.0,3.4,4.1
2023-07-21 16:50:00+00:00,19.9,57.0,3.4,4.1
2023-07-21 17:00:00+00:00,19.8,57.0,3.3,4.1
2023-07-21 17:10:00+00:00,19.8,57.0,3.4,4.0
2023-07-21 17:20:00+00:00,19.8,57.0,3.4,4.1
2023-07-21 17:30:00+00:00,19.8,56.0,3.4,4.4
2023-07-21 17:40:00+00:00,19.7,57.0,3.3,4.1
2023-07-21 17:50:00+00:00,19.7,57.0,3.3499999999999996,4.0
2023-07-21 18:00:00+00:00,19.7,57.0,3.4,3.9
2023-07-21 18:10:00+00:00,19.6,57.0,3.4,3.9
2023-07-21 18:20:00+00:00,19.6,57.0,3.4,3.9
2023-07-21 18:30:00+00:00,19.6,57.0,3.4,3.7
2023-07-21 18:40:00+00:00,19.6,57.0,3.4,3.3
2023-07-21 18:50:00+00:00,19.5,57.0,3.4,2.8
2023-07-21 19:00:00+00:00,19.5,57.0,3.4,2.4
2023-07-21 19:10:00+00:00,19.5,57.0,3.4,1.5
2023-07-21 19:20:00+00:00,19.4,56.0,3.4,0.9
2023-07-21 19:30:00+00:00,19.369999999999997,55.9,3.4,0.87
2023-07-21 19:40:00+00:00,19.34,55.8,3.4,0.84
2023-07-21 19:50:00+00:00,19.31,55.7,3.4,0.81
2023-07-21 20:00:00+00:00,19.28,55.6,3.4,0.78
2023-07-21 20:10:00+00:00,19.25,55.5,3.4,0.75
2023-07-21 20:20:00+00:00,19.22,55.4,3.4,0.72
2023-07-21 20:30:00+00:00,19.19,55.3,3.4,0.69
2023-07-21 20:40:00+00:00,19.16,55.2,3.4,0.6599999999999999
2023-07-21 20:50:00+00:00,19.130000000000003,55.1,3.4,0.6299999999999999
2023-07-21 21:00:00+00:00,19.1,55.0,3.4,0.6
2023-07-21 21:10:00+00:00,19.085714285714285,55.0,3.4,0.6
2023-07-21 21:20:00+00:00,19.071428571428573,55.0,3.4,0.6
2023-07-21 21:30:00+00:00,19.057142857142857,55.0,3.4,0.6
2023-07-21 21:40:00+00:00,19.042857142857144,55.0,3.4,0.6
2023-07-21 21:50:00+00:00,19.02857142857143,55.0,3.4,0.6
2023-07-21 22:00:00+00:00,19.014285714285716,55.0,3.4,0.6
2023-07-21 22:10:00+00:00,19.0,55.0,3.4,0.6
2023-07-21 22:20:00+00:00,18.985714285714284,55.0,3.4,0.6
2023-07-21 22:30:00+00:00,18.97142857142857,55.0,3.4,0.6
2023-07-21 22:40:00+00:00,18.957142857142856,55.0,3.4,0.6
2023-07-21 22:50:00+00:00,18.942857142857143,55.0,3.4,0.6
2023-07-21 23:00:00+00:00,18.928571428571427,55.0,3.4,0.6
2023-07-21 23:10:00+00:00,18.914285714285715,55.0,3.4,0.6
2023-07-21 23:20:00+00:00,18.9,55.0,3.4,0.6
2023-07-21 23:30:00+00:00,18.88,55.0,3.4,0.6
2023-07-21 23:40:00+00:00,18.86,55.0,3.4,0.6
2023-07-21 23:50:00+00:00,18.84,55.0,3.4,0.6
2023-07-22 00:00:00+00:00,18.82,55.0,3.4,0.6
2023-07-22 00:10:00+00:00,18.799999999999997,55.0,3.4,0.6
2023-07-22 00:20:00+00:00,18.779999999999998,55.0,3.4,0.6
2023-07-22 00:30:00+00:00,18.759999999999998,55.0,3.4,0.6
2023-07-22 00:40:00+00:00,18.74,55.0,3.4,0.6
2023-07-22 00:50:00+00:00,18.72,55.0,3.4,0.6
2023-07-22 01:00:00+00:00,18.7,55.0,3.4,0.6
2023-07-22 01:10:00+00:00,18.675,55.0,3.4,0.79
2023-07-22 01:20:00+00:00,18.65,55.0,3.4,0.98
2023-07-22 01:30:00+00:00,18.625,55.0,3.4,1.17
2023-07-22 01:40:00+00:00,18.599999999999998,55.0,3.4,1.3599999999999999
2023-07-22 01:50:00+00:00,18.575,55.0,3.4,1.5499999999999998
2023-07-22 02:00:00+00:00,18.55,55.0,3.4,1.7400000000000002
2023-07-22 02:10:00+00:00,18.525,55.0,3.4,1.9300000000000002
2023-07-22 02:20:00+00:00,18.5,55.0,3.4,2.12
2023-07-22 02:30:00+00:00,18.474999999999998,55.0,3.4,2.31
2023-07-22 02:40:00+00:00,18.45,55.0,3.4,2.5
2023-07-22 02:50:00+00:00,18.3,55.0,3.4,3.7
2023-07-22 03:00:00+00:00,18.3,55.0,3.4,4.1
2023-07-22 03:10:00+00:00,18.3,55.0,3.4,4.1
2023-07-22 03:20:00+00:00,18.3,55.0,3.4,4.1
2023-07-22 03:30:00+00:00,18.25,55.0,3.4,4.1
2023-07-22 03:40:00+00:00,18.2,55.0,3.4,4.1
2023-07-22 03:50:00+00:00,18.2,54.0,3.4,4.1
2023-07-22 04:00:00+00:00,18.2,54.0,3.4,4.1
2023-07-22 04:10:00+00:00,18.1,54.0,3.4,4.1
2023-07-22 04:20:00+00:00,18.1,55.0,3.4,4.1
2023-07-22 04:30:00+00:00,18.1,54.0,3.4,4.1
2023-07-22 04:40:00+00:00,18.1,54.0,3.3,4.1
2023-07-22 04:50:00+00:00,18.1,54.0,3.4,4.1
2023-07-22 05:00:00+00:00,18.1,54.0,3.4,4.1
2023-07-22 05:10:00+00:00,18.1,54.0,3.3,4.1
2023-07-22 05:20:00+00:00,18.1,55.5,3.3,4.1
2023-07-22 05:30:00+00:00,18.1,57.0,3.3,4.1
2023-07-22 05:40:00+00:00,18.1,57.0,3.3,4.1
2023-07-22 05:50:00+00:00,18.1,57.0,3.3,4.1
2023-07-22 06:00:00+00:00,18.1,57.0,3.3,4.1
2023-07-22 06:10:00+00:00,18.1,57.0,3.3,4.1
2023-07-22 06:20:00+00:00,18.1,54.0,3.3,4.1
2023-07-22 06:30:00+00:00,18.1,54.0,3.3,4.1
2023-07-22 06:40:00+00:00,18.2,53.0,3.4,4.1
2023-07-22 06:50:00+00:00,18.2,53.0,3.3,4.1
2023-07-22 07:00:00+00:00,18.2,53.0,3.3,4.1
2023-07-22 07:10:00+00:00,18.25,52.5,3.3,4.1
2023-07-22 07:20:00+00:00,18.3,52.0,3.3,4.1
2023-07-22 07:30:00+00:00,18.3,52.0,3.3,4.1
2023-07-22 07:40:00+00:00,18.3,51.0,3.3,4.1
2023-07-22 07:50:00+00:00,18.3,51.0,3.3,4.1
2023-07-22 08:00:00+00:00,18.3,51.0,3.3,4.1
2023-07-22 08:10:00+00:00,18.3,51.0,3.3,4.1
2023-07-22 08:20:00+00:00,18.3,51.0,3.3,4.1
2023-07-22 08:30:00+00:00,18.4,51.0,3.3,4.1
2023-07-22 08:40:00+00:00,18.4,50.0,3.3,4.1
2023-07-22 08:50:00+00:00,18.4,50.5,3.3,4.1
2023-07-22 09:00:00+00:00,18.4,51.0,3.3,4.1
2023-07-22 09:10:00+00:00,18.5,50.0,3.3,4.1
2023-07-22 09:20:00+00:00,18.5,50.0,3.3,4.1
2023-07-22 09:30:00+00:00,18.5,49.0,3.3,4.1
2023-07-22 09:40:00+00:00,18.5,49.0,3.3,4.1
2023-07-22 09:50:00+00:00,18.6,49.0,3.3,4.1
2023-07-22 10:00:00+00:00,18.6,48.0,3.2,4.1
2023-07-22 10:10:00+00:00,18.8,47.0,3.2,4.1
2023-07-22 10:20:00+00:00,18.9,46.0,3.1,4.1
2023-07-22 10:30:00+00:00,19.0,46.0,3.2,4.2
2023-07-22 10:40:00+00:00,19.05,45.5,3.2,4.15
2023-07-22 10:50:00+00:00,19.1,45.0,3.2,4.1
2023-07-22 11:00:00+00:00,19.2,45.0,3.1,5.8
2023-07-22 11:10:00+00:00,19.3,44.0,3.2,5.9
2023-07-22 11:20:00+00:00,19.4,44.0,3.2,5.9
2023-07-22 11:30:00+00:00,19.5,44.0,3.2,4.1
2023-07-22 11:40:00+00:00,19.5,45.0,3.3,4.1
2023-07-22 11:50:00+00:00,19.5,45.0,3.3,4.1
2023-07-22 12:00:00+00:00,19.5,45.0,3.3,4.1
2023-07-22 12:10:00+00:00,19.5,46.0,3.3,4.1
2023-07-22 12:20:00+00:00,19.5,45.0,3.3,4.1
2023-07-22 12:30:00+00:00,19.55,45.0,3.3,4.55
2023-07-22 12:40:00+00:00,19.6,45.0,3.3,5.0
2023-07-22 12:50:00+00:00,19.6,45.0,3.3,4.1
2023-07-22 13:00:00+00:00,19.7,44.0,3.2,4.1
2023-07-22 13:10:00+00:00,19.7,44.0,3.2,4.1
2023-07-22 13:20:00+00:00,19.7,44.0,3.3,4.1
2023-07-22 13:30:00+00:00,19.7,45.0,3.3,4.1
2023-07-22 13:40:00+00:00,19.7,45.0,3.3,4.1
2023-07-22 13:50:00+00:00,19.6,45.0,3.3,4.1
2023-07-22 14:00:00+00:00,19.6,45.0,3.3,4.1
2023-07-22 14:10:00+00:00,19.6,45.0,3.3,4.1
2023-07-22 14:20:00+00:00,19.6,45.0,3.3,4.1
2023-07-22 14:30:00+00:00,19.6,45.0,3.3,4.1
2023-07-22 14:40:00+00:00,19.6,46.0,3.3,4.1
2023-07-22 14:50:00+00:00,19.6,46.0,3.3,4.1
2023-07-22 15:00:00+00:00,19.6,52.0,3.3,4.1
2023-07-22 15:10:00+00:00,19.6,53.0,3.3,4.1
2023-07-22 15:20:00+00:00,19.5,44.0,3.3,4.1
2023-07-22 15:30:00+00:00,19.5,44.0,3.3,4.1
2023-07-22 15:40:00+00:00,19.5,44.0,3.3,4.1
2023-07-22 15:50:00+00:00,19.4,44.0,3.3,4.1
2023-07-22 16:00:00+00:00,19.4,44.0,3.3,4.1
2023-07-22 16:10:00+00:00,19.35,44.0,3.3,4.1
2023-07-22 16:20:00+00:00,19.3,44.0,3.3,4.1
2023-07-22 16:30:00+00:00,19.3,45.0,3.3,4.1
2023-07-22 16:40:00+00:00,19.3,45.0,3.3,4.1
2023-07-22 16:50:00+00:00,19.2,45.0,3.4,4.1
2023-07-22 17:00:00+00:00,19.2,45.0,3.3,4.1
2023-07-22 17:10:00+00:00,19.1,45.0,3.4,4.1
2023-07-22 17:20:00+00:00,19.1,45.0,3.4,4.1
2023-07-22 17:30:00+00:00,19.1,45.0,3.3,4.1
2023-07-22 17:40:00+00:00,19.0,45.0,3.4,4.1
2023-07-22 17:50:00+00:00,19.0,45.0,3.4,4.1
2023-07-22 18:00:00+00:00,19.0,45.0,3.4,4.1
2023-07-22 18:10:00+00:00,19.0,45.0,3.4,4.1
2023-07-22 18:20:00+00:00,19.0,46.0,3.4,4.1
2023-07-22 18:30:00+00:00,18.9,46.0,3.4,4.1
2023-07-22 18:40:00+00:00,18.8,46.0,3.4,4.1
2023-07-22 18:50:00+00:00,18.8,46.0,3.4,4.1
2023-07-22 19:00:00+00:00,18.8,46.0,3.4,3.3
2023-07-22 19:10:00+00:00,18.8,46.0,3.4,2.7
2023-07-22 19:20:00+00:00,18.7,47.0,3.4,1.5
2023-07-22 19:30:00+00:00,18.6,46.0,3.4,0.9
2023-07-22 19:40:00+00:00,18.57,46.2,3.4,0.87
2023-07-22 19:50:00+00:00,18.540000000000003,46.4,3.4,0.84
2023-07-22 20:00:00+00:00,18.51,46.6,3.4,0.81
2023-07-22 20:10:00+00:00,18.48,46.8,3.4,0.78
2023-07-22 20:20:00+00:00,18.450000000000003,47.0,3.4,0.75
2023-07-22 20:30:00+00:00,18.42,47.2,3.4,0.72
2023-07-22 20:40:00+00:00,18.39,47.4,3.4,0.69
2023-07-22 20:50:00+00:00,18.36,47.6,3.4,0.6599999999999999
2023-07-22 21:00:00+00:00,18.330000000000002,47.8,3.4,0.6299999999999999
2023-07-22 21:10:00+00:00,18.3,48.0,3.4,0.6
2023-07-22 21:20:00+00:00,18.27857142857143,48.0,3.407142857142857,0.6
2023-07-22 21:30:00+00:00,18.257142857142856,48.0,3.414285714285714,0.6
2023-07-22 21:40:00+00:00,18.235714285714288,48.0,3.4214285714285713,0.6
2023-07-22 21:50:00+00:00,18.214285714285715,48.0,3.4285714285714284,0.6
2023-07-22 22:00:00+00:00,18.192857142857143,48.0,3.4357142857142855,0.6
2023-07-22 22:10:00+00:00,18.17142857142857,48.0,3.4428571428571426,0.6
2023-07-22 22:20:00+00:00,18.15,48.0,3.45,0.6
2023-07-22 22:30:00+00:00,18.12857142857143,48.0,3.4571428571428573,0.6
2023-07-22 22:40:00+00:00,18.107142857142858,48.0,3.4642857142857144,0.6
2023-07-22 22:50:00+00:00,18.085714285714285,48.0,3.4714285714285715,0.6
2023-07-22 23:00:00+00:00,18.064285714285713,48.0,3.4785714285714286,0.6
2023-07-22 23:10:00+00:00,18.042857142857144,48.0,3.4857142857142858,0.6
2023-07-22 23:20:00+00:00,18.021428571428572,48.0,3.492857142857143,0.6
2023-07-22 23:30:00+00:00,18.0,48.0,3.5,0.6
2023-07-22 23:40:00+00:00,17.98,48.0,3.49,0.6
2023-07-22 23:50:00+00:00,17.96,48.0,3.48,0.6
2023-07-23 00:00:00+00:00,17.94,48.0,3.4699999999999998,0.6
2023-07-23 00:10:00+00:00,17.92,48.0,3.46,0.6
2023-07-23 00:20:00+00:00,17.9,48.0,3.45,0.6
2023-07-23 00:30:00+00:00,17.88,48.0,3.44,0.6
2023-07-23 00:40:00+00:00,17.86,48.0,3.4299999999999997,0.6
2023-07-23 00:50:00+00:00,17.84,48.0,3.42,0.6
2023-07-23 01:00:00+00:00,17.82,48.0,3.41,0.6
2023-07-23 01:10:00+00:00,17.8,48.0,3.4,0.6
2023-07-23 01:20:00+00:00,17.78,48.1,3.4,0.63
2023-07-23 01:30:00+00:00,17.76,48.2,3.4,0.66
2023-07-23 01:40:00+00:00,17.740000000000002,48.3,3.4,0.69
2023-07-23 01:50:00+00:00,17.720000000000002,48.4,3.4,0.72
2023-07-23 02:00:00+00:00,17.700000000000003,48.5,3.4,0.75
2023-07-23 02:10:00+00:00,17.68,48.6,3.4,0.78
2023-07-23 02:20:00+00:00,17.66,48.7,3.4,0.81
2023-07-23 02:30:00+00:00,17.64,48.8,3.4,0.8400000000000001
2023-07-23 02:40:00+00:00,17.62,48.9,3.4,0.8700000000000001
2023-07-23 02:50:00+00:00,17.6,49.0,3.4,0.9
2023-07-23 03:00:00+00:00,17.59,48.95,3.4,1.22
2023-07-23 03:10:00+00:00,17.580000000000002,48.9,3.4,1.54
2023-07-23 03:20:00+00:00,17.57,48.85,3.4,1.8599999999999999
2023-07-23 03:30:00+00:00,17.560000000000002,48.8,3.4,2.1799999999999997
2023-07-23 03:40:00+00:00,17.55,48.75,3.4,2.4999999999999996
2023-07-23 03:50:00+00:00,17.54,48.7,3.4,2.82
2023-07-23 04:00:00+00:00,17.53,48.65,3.4,3.1399999999999997
2023-07-23 04:10:00+00:00,17.52,48.6,3.4,3.4599999999999995
2023-07-23 04:20:00+00:00,17.51,48.55,3.4,3.7799999999999994
2023-07-23 04:30:00+00:00,17.5,48.5,3.4,4.1
2023-07-23 04:40:00+00:00,17.5,48.0,3.4,4.1
2023-07-23 04:50:00+00:00,17.5,48.0,3.4,4.1
2023-07-23 05:00:00+00:00,17.5,48.0,3.4,4.1
2023-07-23 05:10:00+00:00,17.5,48.0,3.4,4.1
2023-07-23 05:20:00+00:00,17.5,48.0,3.4,4.1
2023-07-23 05:30:00+00:00,17.5,48.0,3.4,4.1
2023-07-23 05:40:00+00:00,17.5,48.0,3.4,4.1
2023-07-23 05:50:00+00:00,17.5,48.0,3.4,4.1
2023-07-23 06:00:00+00:00,17.5,49.0,3.4,4.1
2023-07-23 06:10:00+00:00,17.5,50.0,3.4,4.1
2023-07-23 06:20:00+00:00,17.5,53.0,3.4,4.1
2023-07-23 06:30:00+00:00,17.5,54.0,3.4,4.1
2023-07-23 06:40:00+00:00,17.5,54.0,3.4,4.1
2023-07-23 06:50:00+00:00,17.5,54.0,3.4,4.1
2023-07-23 07:00:00+00:00,17.5,54.0,3.4,4.1
2023-07-23 07:10:00+00:00,17.5,54.0,3.4,4.1
2023-07-23 07:20:00+00:00,17.6,55.0,3.3,4.1
2023-07-23 07:30:00+00:00,17.6,55.0,3.4,4.1
2023-07-23 07:40:00+00:00,17.6,56.0,3.3,4.1
2023-07-23 07:50:00+00:00,17.6,57.0,3.3,4.1
2023-07-23 08:00:00+00:00,17.6,57.0,3.3,4.1
2023-07-23 08:10:00+00:00,17.6,57.0,3.3,4.1
2023-07-23 08:20:00+00:00,17.6,59.0,3.4,4.1
2023-07-23 08:30:00+00:00,17.7,59.0,3.3,4.1
2023-07-23 08:40:00+00:00,17.7,59.0,3.3,4.1
2023-07-23 08:50:00+00:00,17.7,59.0,3.3,4.1
2023-07-23 09:00:00+00:00,17.7,60.0,3.4,4.1
2023-07-23 09:10:00+00:00,17.8,60.0,3.3,4.1
2023-07-23 09:20:00+00:00,17.8,60.0,3.4,4.1
2023-07-23 09:30:00+00:00,17.8,60.0,3.3,4.1
2023-07-23 09:40:00+00:00,17.9,59.0,3.2,4.1
2023-07-23 09:50:00+00:00,18.0,58.0,3.3,4.1
2023-07-23 10:00:00+00:00,18.0,58.0,3.3,4.1
2023-07-23 10:10:00+00:00,18.0,57.0,3.3,4.1
2023-07-23 10:20:00+00:00,18.1,57.0,3.2,4.1
2023-07-23 10:30:00+00:00,18.15,56.5,3.2,4.1
2023-07-23 10:40:00+00:00,18.2,56.0,3.2,4.1
2023-07-23 10:50:00+00:00,18.3,57.0,3.2,4.1
2023-07-23 11:00:00+00:00,18.3,56.0,3.2,4.1
2023-07-23 11:10:00+00:00,18.5,58.0,3.1,4.1
2023-07-23 11:20:00+00:00,18.5,57.0,3.1,4.1
2023-07-23 11:30:00+00:00,18.6,56.0,3.1,4.1
2023-07-23 11:40:00+00:00,18.7,56.0,3.2,4.1
2023-07-23 11:50:00+00:00,18.8,55.0,3.2,4.1
2023-07-23 12:00:00+00:00,18.9,56.0,3.2,4.1
2023-07-23 12:10:00+00:00,19.0,55.0,3.2,4.1
2023-07-23 12:20:00+00:00,19.0,55.0,3.2,4.1
2023-07-23 12:30:00+00:00,19.0,55.0,3.2,4.1
2023-07-23 12:40:00+00:00,19.0,54.0,3.2,4.1
2023-07-23 12:50:00+00:00,19.1,55.0,3.2,4.1
2023-07-23 13:00:00+00:00,19.1,55.0,3.2,4.1
2023-07-23 13:10:00+00:00,19.1,55.0,3.2,4.1
2023-07-23 13:20:00+00:00,19.1,52.0,3.2,4.1
2023-07-23 13:30:00+00:00,19.2,53.0,3.2,4.1
2023-07-23 13:40:00+00:00,19.2,52.0,3.2,4.1
2023-07-23 13:50:00+00:00,19.2,52.0,3.2,4.1
2023-07-23 14:00:00+00:00,19.2,52.0,3.3,4.1
2023-07-23 14:10:00+00:00,19.25,52.0,3.3,4.1
2023-07-23 14:20:00+00:00,19.3,52.0,3.3,4.1
2023-07-23 14:30:00+00:00,19.3,52.0,3.3,4.1
2023-07-23 14:40:00+00:00,19.3,52.0,3.3,4.1
2023-07-23 14:50:00+00:00,19.3,52.0,3.3,4.1
2023-07-23 15:00:00+00:00,19.2,52.0,3.3,4.1
2023-07-23 15:10:00+00:00,19.2,52.0,3.3,4.1
2023-07-23 15:20:00+00:00,19.2,52.0,3.3,4.1
2023-07-23 15:30:00+00:00,19.2,52.0,3.3,4.1
2023-07-23 15:40:00+00:00,19.2,52.0,3.4,4.1
2023-07-23 15:50:00+00:00,19.1,52.0,3.3,4.1
2023-07-23 16:00:00+00:00,19.1,52.0,3.3,4.1
2023-07-23 16:10:00+00:00,19.1,52.0,3.3,4.1
2023-07-23 16:20:00+00:00,19.1,52.0,3.3,4.1
2023-07-23 16:30:00+00:00,19.1,51.0,3.4,4.1
2023-07-23 16:40:00+00:00,19.1,52.0,3.3,4.1
2023-07-23 16:50:00+00:00,19.1,52.0,3.3,4.1
2023-07-23 17:00:00+00:00,19.0,55.0,3.3,4.1
2023-07-23 17:10:00+00:00,19.0,56.0,3.3,4.1
2023-07-23 17:20:00+00:00,19.0,58.0,3.3,4.1
2023-07-23 17:30:00+00:00,19.0,60.0,3.4,4.1
2023-07-23 17:40:00+00:00,19.0,62.0,3.3,4.1
2023-07-23 17:50:00+00:00,19.0,62.5,3.3499999999999996,3.9499999999999997
2023-07-23 18:00:00+00:00,19.0,63.0,3.4,3.8
2023-07-23 18:10:00+00:00,18.9,65.0,3.4,4.0
2023-07-23 18:20:00+00:00,18.9,66.0,3.4,4.1
2023-07-23 18:30:00+00:00,18.8,67.0,3.4,3.7
2023-07-23 18:40:00+00:00,18.8,67.0,3.4,3.5
2023-07-23 18:50:00+00:00,18.8,68.0,3.4,2.2
2023-07-23 19:00:00+00:00,18.8,69.0,3.4,1.5
2023-07-23 19:10:00+00:00,18.8,69.0,3.4,1.1
2023-07-23 19:20:00+00:00,18.7,69.0,3.4,0.9
2023-07-23 19:30:00+00:00,18.68,69.1,3.4,0.87
2023-07-23 19:40:00+00:00,18.66,69.2,3.4,0.84
2023-07-23 19:50:00+00:00,18.64,69.3,3.4,0.81
2023-07-23 20:00:00+00:00,18.62,69.4,3.4,0.78
2023-07-23 20:10:00+00:00,18.6,69.5,3.4,0.75
2023-07-23 20:20:00+00:00,18.58,69.6,3.4,0.72
2023-07-23 20:30:00+00:00,18.56,69.7,3.4,0.69
2023-07-23 20:40:00+00:00,18.54,69.8,3.4,0.6599999999999999
2023-07-23 20:50:00+00:00,18.52,69.9,3.4,0.6299999999999999
2023-07-23 21:00:00+00:00,18.5,70.0,3.4,0.6
2023-07-23 21:10:00+00:00,18.485714285714288,70.07142857142857,3.4,0.6
2023-07-23 21:20:00+00:00,18.47142857142857,70.14285714285714,3.4,0.6
2023-07-23 21:30:00+00:00,18.457142857142856,70.21428571428571,3.4,0.6
2023-07-23 21:40:00+00:00,18.442857142857143,70.28571428571429,3.4,0.6
2023-07-23 21:50:00+00:00,18.42857142857143,70.35714285714286,3.4,0.6
2023-07-23 22:00:00+00:00,18.414285714285715,70.42857142857143,3.4,0.6
2023-07-23 22:10:00+00:00,18.4,70.5,3.4,0.6
2023-07-23 22:20:00+00:00,18.385714285714286,70.57142857142857,3.4,0.6
2023-07-23 22:30:00+00:00,18.371428571428574,70.64285714285714,3.4,0.6
2023-07-23 22:40:00+00:00,18.357142857142858,70.71428571428571,3.4,0.6
2023-07-23 22:50:00+00:00,18.34285714285714,70.78571428571429,3.4,0.6
2023-07-23 23:00:00+00:00,18.32857142857143,70.85714285714286,3.4,0.6
2023-07-23 23:10:00+00:00,18.314285714285717,70.92857142857143,3.4,0.6
2023-07-23 23:20:00+00:00,18.3,71.0,3.4,0.6
2023-07-23 23:30:00+00:00,18.28,70.7,3.4,0.6
2023-07-23 23:40:00+00:00,18.26,70.4,3.4,0.6
2023-07-23 23:50:00+00:00,18.240000000000002,70.1,3.4,0.6
2023-07-24 00:00:00+00:00,18.220000000000002,69.8,3.4,0.6
2023-07-24 00:10:00+00:00,18.200000000000003,69.5,3.4,0.6
2023-07-24 00:20:00+00:00,18.18,69.2,3.4,0.6
2023-07-24 00:30:00+00:00,18.16,68.9,3.4,0.6
2023-07-24 00:40:00+00:00,18.14,68.6,3.4,0.6
2023-07-24 00:50:00+00:00,18.12,68.3,3.4,0.6
2023-07-24 01:00:00+00:00,18.1,68.0,3.4,0.6
2023-07-24 01:10:00+00:00,18.09,68.2,3.4,0.62
2023-07-24 01:20:00+00:00,18.080000000000002,68.4,3.4,0.64
2023-07-24 01:30:00+00:00,18.07,68.6,3.4,0.66
2023-07-24 01:40:00+00:00,18.060000000000002,68.8,3.4,0.68
2023-07-24 01:50:00+00:00,18.05,69.0,3.4,0.7
2023-07-24 02:00:00+00:00,18.04,69.2,3.4,0.72
2023-07-24 02:10:00+00:00,18.03,69.4,3.4,0.74
2023-07-24 02:20:00+00:00,18.02,69.6,3.4,0.76
2023-07-24 02:30:00+00:00,18.01,69.8,3.4,0.78
2023-07-24 02:40:00+00:00,18.0,70.0,3.4,0.8
2023-07-24 02:50:00+00:00,17.99,69.2,3.3899999999999997,1.13
2023-07-24 03:00:00+00:00,17.98,68.4,3.38,1.46
2023-07-24 03:10:00+00:00,17.97,67.6,3.37,1.79
2023-07-24 03:20:00+00:00,17.96,66.8,3.36,2.12
2023-07-24 03:30:00+00:00,17.95,66.0,3.3499999999999996,2.45
2023-07-24 03:40:00+00:00,17.939999999999998,65.2,3.34,2.78
2023-07-24 03:50:00+00:00,17.93,64.4,3.33,3.1099999999999994
2023-07-24 04:00:00+00:00,17.919999999999998,63.6,3.32,3.4399999999999995
2023-07-24 04:10:00+00:00,17.91,62.8,3.3099999999999996,3.7699999999999996
2023-07-24 04:20:00+00:00,17.9,62.0,3.3,4.1
2023-07-24 04:30:00+00:00,17.9,62.0,3.4,4.1
2023-07-24 04:40:00+00:00,17.9,62.0,3.3,4.1
2023-07-24 04:50:00+00:00,17.9,62.0,3.3,4.1
2023-07-24 05:00:00+00:00,17.9,62.0,3.3,4.1
2023-07-24 05:10:00+00:00,17.9,62.0,3.3,4.1
2023-07-24 05:20:00+00:00,17.9,61.0,3.2,4.1
2023-07-24 05:30:00+00:00,18.0,61.0,3.3,4.1
2023-07-24 05:40:00+00:00,18.0,61.0,3.2,4.1
2023-07-24 05:50:00+00:00,18.0,60.0,3.3,4.1
2023-07-24 06:00:00+00:00,18.0,61.0,3.2,4.2
2023-07-24 06:10:00+00:00,18.0,60.0,3.2,4.1
2023-07-24 06:20:00+00:00,18.0,60.0,3.3,4.1
2023-07-24 06:30:00+00:00,18.0,60.0,3.3,4.1
2023-07-24 06:40:00+00:00,18.1,60.0,3.3,4.1
2023-07-24 06:50:00+00:00,18.1,60.0,3.3,4.1
2023-07-24 07:00:00+00:00,18.1,60.0,3.3,4.1
2023-07-24 07:10:00+00:00,18.1,60.0,3.3,4.1
2023-07-24 07:20:00+00:00,18.1,60.0,3.3,4.1
2023-07-24 07:30:00+00:00,18.1,60.0,3.3,4.1
2023-07-24 07:40:00+00:00,18.2,60.0,3.2,4.1
2023-07-24 07:50:00+00:00,18.3,59.0,3.2,4.1
2023-07-24 08:00:00+00:00,18.3,60.0,3.2,4.1
2023-07-24 08:10:00+00:00,18.3,59.0,3.2,4.1
2023-07-24 08:20:00+00:00,18.4,59.0,3.2,4.1
2023-07-24 08:30:00+00:00,18.45,58.5,3.1500000000000004,4.15
2023-07-24 08:40:00+00:00,18.5,58.0,3.1,4.2
2023-07-24 08:50:00+00:00,18.6,58.0,3.1,4.1
2023-07-24 09:00:00+00:00,18.7,57.0,3.1,4.5
2023-07-24 09:10:00+00:00,18.8,57.0,3.1,5.6
2023-07-24 09:20:00+00:00,19.0,57.0,3.1,5.8
2023-07-24 09:30:00+00:00,19.1,57.0,3.1,5.9
2023-07-24 09:40:00+00:00,19.3,56.0,3.1,5.9
2023-07-24 09:50:00+00:00,19.4,56.0,3.1,5.8
2023-07-24 10:00:00+00:00,19.6,56.0,3.1,4.1
2023-07-24 10:10:00+00:00,19.8,56.0,3.1,5.8
2023-07-24 10:20:00+00:00,19.9,56.0,3.1,5.55
2023-07-24 10:30:00+00:00,20.0,56.0,3.1,5.3
2023-07-24 10:40:00+00:00,20.1,56.0,3.1,6.0
2023-07-24 10:50:00+00:00,20.2,56.0,3.1,5.4
2023-07-24 11:00:00+00:00,20.3,56.0,3.1,4.1
2023-07-24 11:10:00+00:00,20.5,56.0,3.1,4.1
2023-07-24 11:20:00+00:00,20.5,56.0,3.1,4.4
2023-07-24 11:30:00+00:00,20.6,57.0,3.1,5.0
2023-07-24 11:40:00+00:00,20.6,57.0,3.2,4.1
2023-07-24 11:50:00+00:00,20.7,57.0,3.2,4.1
2023-07-24 12:00:00+00:00,20.7,56.0,3.2,4.1
2023-07-24 12:10:00+00:00,20.75,56.0,3.2,4.75
2023-07-24 12:20:00+00:00,20.8,56.0,3.2,5.4
2023-07-24 12:30:00+00:00,20.9,54.0,3.1,4.9
2023-07-24 12:40:00+00:00,21.0,54.0,3.1,4.1
2023-07-24 12:50:00+00:00,21.0,54.0,3.1,4.1
2023-07-24 13:00:00+00:00,21.0,53.0,3.1,4.1
2023-07-24 13:10:00+00:00,21.1,54.0,3.1,4.1
2023-07-24 13:20:00+00:00,21.1,55.0,3.2,4.1
2023-07-24 13:30:00+00:00,21.1,55.0,3.2,4.1
2023-07-24 13:40:00+00:00,21.1,55.0,3.2,4.1
2023-07-24 13:50:00+00:00,21.1,55.0,3.2,4.1
2023-07-24 14:00:00+00:00,21.1,55.0,3.2,4.1
2023-07-24 14:10:00+00:00,21.1,55.0,3.2,4.1
2023-07-24 14:20:00+00:00,21.1,54.0,3.2,4.1
2023-07-24 14:30:00+00:00,21.1,54.0,3.2,4.1
2023-07-24 14:40:00+00:00,21.0,54.0,3.2,4.1
2023-07-24 14:50:00+00:00,21.0,54.0,3.2,4.1
2023-07-24 15:00:00+00:00,21.0,54.0,3.3,4.1
2023-07-24 15:10:00+00:00,21.0,54.0,3.3,4.1
2023-07-24 15:20:00+00:00,21.0,54.0,3.3,4.1
2023-07-24 15:30:00+00:00,20.9,54.0,3.3,4.1
2023-07-24 15:40:00+00:00,20.9,54.0,3.2,4.1
2023-07-24 15:50:00+00:00,20.85,53.5,3.25,4.1
2023-07-24 16:00:00+00:00,20.8,53.0,3.3,4.1
2023-07-24 16:10:00+00:00,20.8,54.0,3.3,4.1
2023-07-24 16:20:00+00:00,20.8,54.0,3.2,4.1
2023-07-24 16:30:00+00:00,20.8,54.0,3.3,4.1
2023-07-24 16:40:00+00:00,20.7,53.0,3.3,4.1
2023-07-24 16:50:00+00:00,20.6,54.0,3.3,4.0
2023-07-24 17:00:00+00:00,20.6,54.0,3.3,3.4
2023-07-24 17:10:00+00:00,20.6,54.0,3.3,2.8
2023-07-24 17:20:00+00:00,20.5,54.0,3.3,2.5
2023-07-24 17:30:00+00:00,20.5,54.0,3.3,2.2
2023-07-24 17:40:00+00:00,20.5,54.0,3.3,2.05
2023-07-24 17:50:00+00:00,20.5,54.0,3.3,1.9
2023-07-24 18:00:00+00:00,20.4,53.0,3.3,2.0
2023-07-24 18:10:00+00:00,20.3,54.0,3.3,2.4
2023-07-24 18:20:00+00:00,20.3,54.0,3.3,2.9
2023-07-24 18:30:00+00:00,20.3,58.0,3.3,3.5
2023-07-24 18:40:00+00:00,20.2,69.0,3.4,2.9
2023-07-24 18:50:00+00:00,20.2,74.0,3.3,2.4
2023-07-24 19:00:00+00:00,20.1,74.0,3.3,1.6
2023-07-24 19:10:00+00:00,20.1,73.0,3.3,1.5
2023-07-24 19:20:00+00:00,20.1,72.0,3.3,1.0
2023-07-24 19:30:00+00:00,20.05,72.0,3.3499999999999996,0.9
2023-07-24 19:40:00+00:00,20.0,72.0,3.4,0.8
2023-07-24 19:50:00+00:00,19.96,71.8,3.4,0.78
2023-07-24 20:00:00+00:00,19.92,71.6,3.4,0.76
2023-07-24 20:10:00+00:00,19.88,71.4,3.4,0.74
2023-07-24 20:20:00+00:00,19.84,71.2,3.4,0.72
2023-07-24 20:30:00+00:00,19.8,71.0,3.4,0.7
2023-07-24 20:40:00+00:00,19.76,70.8,3.4,0.6799999999999999
2023-07-24 20:50:00+00:00,19.720000000000002,70.6,3.4,0.66
2023-07-24 21:00:00+00:00,19.68,70.4,3.4,0.64
2023-07-24 21:10:00+00:00,19.64,70.2,3.4,0.62
2023-07-24 21:20:00+00:00,19.6,70.0,3.4,0.6
2023-07-24 21:30:00+00:00,19.580000000000002,70.1,3.3899999999999997,0.58
2023-07-24 21:40:00+00:00,19.560000000000002,70.2,3.38,0.5599999999999999
2023-07-24 21:50:00+00:00,19.54,70.3,3.37,0.54
2023-07-24 22:00:00+00:00,19.52,70.4,3.36,0.52
2023-07-24 22:10:00+00:00,19.5,70.5,3.3499999999999996,0.5
2023-07-24 22:20:00+00:00,19.48,70.6,3.34,0.48
2023-07-24 22:30:00+00:00,19.46,70.7,3.33,0.45999999999999996
2023-07-24 22:40:00+00:00,19.439999999999998,70.8,3.32,0.44
2023-07-24 22:50:00+00:00,19.419999999999998,70.9,3.3099999999999996,0.42000000000000004
2023-07-24 23:00:00+00:00,19.4,71.0,3.3,0.4
2023-07-24 23:10:00+00:00,19.376923076923077,70.76923076923077,3.3076923076923075,0.4153846153846154
2023-07-24 23:20:00+00:00,19.353846153846153,70.53846153846153,3.315384615384615,0.4307692307692308
2023-07-24 23:30:00+00:00,19.33076923076923,70.3076923076923,3.323076923076923,0.4461538461538462
2023-07-24 23:40:00+00:00,19.307692307692307,70.07692307692308,3.3307692307692305,0.46153846153846156
2023-07-24 23:50:00+00:00,19.284615384615385,69.84615384615384,3.338461538461538,0.47692307692307695
2023-07-25 00:00:00+00:00,19.26153846153846,69.61538461538461,3.346153846153846,0.49230769230769234
2023-07-25 00:10:00+00:00,19.23846153846154,69.38461538461539,3.353846153846154,0.5076923076923077
2023-07-25 00:20:00+00:00,19.215384615384615,69.15384615384616,3.3615384615384616,0.5230769230769231
2023-07-25 00:30:00+00:00,19.192307692307693,68.92307692307692,3.3692307692307693,0.5384615384615384
2023-07-25 00:40:00+00:00,19.16923076923077,68.6923076923077,3.376923076923077,0.5538461538461539
2023-07-25 00:50:00+00:00,19.146153846153847,68.46153846153847,3.3846153846153846,0.5692307692307692
2023-07-25 01:00:00+00:00,19.123076923076923,68.23076923076923,3.3923076923076922,0.5846153846153845
2023-07-25 01:10:00+00:00,19.1,68.0,3.4,0.6
2023-07-25 01:20:00+00:00,19.085,67.65,3.395,0.7749999999999999
2023-07-25 01:30:00+00:00,19.07,67.3,3.3899999999999997,0.95
2023-07-25 01:40:00+00:00,19.055,66.95,3.385,1.125
2023-07-25 01:50:00+00:00,19.04,66.6,3.38,1.2999999999999998
2023-07-25 02:00:00+00:00,19.025,66.25,3.375,1.475
2023-07-25 02:10:00+00:00,19.01,65.9,3.3699999999999997,1.65
2023-07-25 02:20:00+00:00,18.995,65.55,3.3649999999999998,1.8249999999999997
2023-07-25 02:30:00+00:00,18.98,65.2,3.36,2.0
2023-07-25 02:40:00+00:00,18.965,64.85,3.3549999999999995,2.175
2023-07-25 02:50:00+00:00,18.95,64.5,3.3499999999999996,2.35
2023-07-25 03:00:00+00:00,18.8,65.0,3.4,3.7
2023-07-25 03:10:00+00:00,18.8,63.0,3.4,4.1
2023-07-25 03:20:00+00:00,18.8,63.0,3.3499999999999996,4.1
2023-07-25 03:30:00+00:00,18.8,63.0,3.3,4.1
2023-07-25 03:40:00+00:00,18.8,62.0,3.4,4.1
2023-07-25 03:50:00+00:00,18.8,62.0,3.4,4.1
2023-07-25 04:00:00+00:00,18.8,62.0,3.3,4.1
2023-07-25 04:10:00+00:00,18.7,61.0,3.3,4.1
2023-07-25 04:20:00+00:00,18.7,61.0,3.3,4.1
2023-07-25 04:30:00+00:00,18.7,61.0,3.4,4.1
2023-07-25 04:40:00+00:00,18.7,61.0,3.3,4.1
2023-07-25 04:50:00+00:00,18.7,61.0,3.3,4.1
2023-07-25 05:00:00+00:00,18.7,60.0,3.3,4.1
2023-07-25 05:10:00+00:00,18.7,60.5,3.3,4.1
2023-07-25 05:20:00+00:00,18.7,61.0,3.3,4.1
2023-07-25 05:30:00+00:00,18.7,60.0,3.2,4.1
2023-07-25 05:40:00+00:00,18.7,60.0,3.2,4.1
2023-07-25 05:50:00+00:00,18.7,60.0,3.2,4.1
2023-07-25 06:00:00+00:00,18.7,59.0,3.1,4.2
2023-07-25 06:10:00+00:00,18.7,58.0,3.1,4.2
2023-07-25 06:20:00+00:00,18.7,58.0,3.1,5.4
2023-07-25 06:30:00+00:00,18.8,58.0,3.1,4.1
2023-07-25 06:40:00+00:00,18.8,58.0,3.2,5.9
2023-07-25 06:50:00+00:00,18.8,57.5,3.2,5.9
2023-07-25 07:00:00+00:00,18.8,57.0,3.2,5.9
2023-07-25 07:10:00+00:00,18.8,57.0,3.1,6.2
2023-07-25 07:20:00+00:00,18.9,57.0,3.1,6.0
2023-07-25 07:30:00+00:00,18.9,57.0,3.1,4.1
2023-07-25 07:40:00+00:00,19.0,57.0,3.2,5.8
2023-07-25 07:50:00+00:00,19.0,57.0,3.2,6.2
2023-07-25 08:00:00+00:00,19.0,56.0,3.1,6.0
2023-07-25 08:10:00+00:00,19.1,56.0,3.1,4.1
2023-07-25 08:20:00+00:00,19.1,56.0,3.1,5.9
2023-07-25 08:30:00+00:00,19.2,55.0,3.1,5.0
2023-07-25 08:40:00+00:00,19.25,55.0,3.1,4.85
2023-07-25 08:50:00+00:00,19.3,55.0,3.1,4.7
2023-07-25 09:00:00+00:00,19.4,56.0,3.1,6.0
2023-07-25 09:10:00+00:00,19.5,55.0,3.1,5.9
2023-07-25 09:20:00+00:00,19.6,55.0,3.1,4.5
2023-07-25 09:30:00+00:00,19.7,54.0,3.1,4.1
2023-07-25 09:40:00+00:00,19.8,55.0,3.1,5.2
2023-07-25 09:50:00+00:00,19.8,54.0,3.1,4.1
2023-07-25 10:00:00+00:00,20.0,55.0,3.1,5.9
2023-07-25 10:10:00+00:00,20.1,54.0,3.1,5.5
2023-07-25 10:20:00+00:00,20.1,54.0,3.1,5.7
2023-07-25 10:30:00+00:00,20.15,54.0,3.1500000000000004,4.9
2023-07-25 10:40:00+00:00,20.2,54.0,3.2,4.1
2023-07-25 10:50:00+00:00,20.3,55.0,3.2,4.1
2023-07-25 11:00:00+00:00,20.3,55.0,3.2,4.1
2023-07-25 11:10:00+00:00,20.3,55.0,3.2,4.1
2023-07-25 11:20:00+00:00,20.3,54.0,3.3,4.1
2023-07-25 11:30:00+00:00,20.4,55.0,3.3,4.1
2023-07-25 11:40:00+00:00,20.5,55.0,3.2,4.7
2023-07-25 11:50:00+00:00,20.5,54.0,3.2,4.1
2023-07-25 12:00:00+00:00,20.5,55.0,3.2,4.1
2023-07-25 12:10:00+00:00,20.4,55.0,3.3,4.1
2023-07-25 12:20:00+00:00,20.4,54.5,3.3,4.1
2023-07-25 12:30:00+00:00,20.4,54.0,3.3,4.1
2023-07-25 12:40:00+00:00,20.4,54.0,3.3,4.1
2023-07-25 12:50:00+00:00,20.4,54.0,3.3,4.1
2023-07-25 13:00:00+00:00,20.4,54.0,3.3,4.1
2023-07-25 13:10:00+00:00,20.4,54.0,3.2,4.1
2023-07-25 13:20:00+00:00,20.3,54.0,3.2,4.1
2023-07-25 13:30:00+00:00,20.3,54.0,3.2,4.1
2023-07-25 13:40:00+00:00,20.3,54.0,3.3,4.1
2023-07-25 13:50:00+00:00,20.3,54.0,3.3,4.1
2023-07-25 14:00:00+00:00,20.3,54.0,3.3,4.1
2023-07-25 14:10:00+00:00,20.3,54.0,3.25,4.1
2023-07-25 14:20:00+00:00,20.3,54.0,3.2,4.1
2023-07-25 14:30:00+00:00,20.3,54.0,3.3,4.1
2023-07-25 14:40:00+00:00,20.2,54.0,3.3,4.1
2023-07-25 14:50:00+00:00,20.2,54.0,3.3,4.1
2023-07-25 15:00:00+00:00,20.1,54.0,3.3,4.1
2023-07-25 15:10:00+00:00,20.1,54.0,3.3,4.1
2023-07-25 15:20:00+00:00,20.1,54.0,3.3,4.1
2023-07-25 15:30:00+00:00,20.1,53.0,3.3,4.1
2023-07-25 15:40:00+00:00,20.1,54.0,3.3,4.1
2023-07-25 15:50:00+00:00,20.1,54.0,3.3,4.1
2023-07-25 16:00:00+00:00,20.05,53.5,3.3,4.1
2023-07-25 16:10:00+00:00,20.0,53.0,3.3,4.1
2023-07-25 16:20:00+00:00,20.0,54.0,3.3,4.1
2023-07-25 16:30:00+00:00,20.0,53.0,3.3,4.1
2023-07-25 16:40:00+00:00,20.0,54.0,3.3,4.1
2023-07-25 16:50:00+00:00,19.9,53.0,3.3,4.1
2023-07-25 17:00:00+00:00,19.8,54.0,3.3,4.1
2023-07-25 17:10:00+00:00,19.8,54.0,3.3,4.1
2023-07-25 17:20:00+00:00,19.8,54.0,3.3,4.1
2023-07-25 17:30:00+00:00,19.8,54.0,3.3,4.1
2023-07-25 17:40:00+00:00,19.7,54.0,3.3,4.1
2023-07-25 17:50:00+00:00,19.7,53.5,3.3,4.1
2023-07-25 18:00:00+00:00,19.7,53.0,3.3,4.1
2023-07-25 18:10:00+00:00,19.6,53.0,3.3,4.1
2023-07-25 18:20:00+00:00,19.6,54.0,3.3,4.0
2023-07-25 18:30:00+00:00,19.6,53.0,3.3,3.9
2023-07-25 18:40:00+00:00,19.5,53.0,3.3,3.7
2023-07-25 18:50:00+00:00,19.5,53.0,3.4,3.3
2023-07-25 19:00:00+00:00,19.5,54.0,3.3,2.6
2023-07-25 19:10:00+00:00,19.4,53.0,3.4,1.8
2023-07-25 19:20:00+00:00,19.4,53.0,3.4,1.1
2023-07-25 19:30:00+00:00,19.3,53.0,3.4,0.8
2023-07-25 19:40:00+00:00,19.27857142857143,53.0,3.4,0.7857142857142858
2023-07-25 19:50:00+00:00,19.257142857142856,53.0,3.4,0.7714285714285715
2023-07-25 20:00:00+00:00,19.235714285714288,53.0,3.4,0.7571428571428571
2023-07-25 20:10:00+00:00,19.214285714285715,53.0,3.4,0.7428571428571429
2023-07-25 20:20:00+00:00,19.192857142857143,53.0,3.4,0.7285714285714286
2023-07-25 20:30:00+00:00,19.17142857142857,53.0,3.4,0.7142857142857143
2023-07-25 20:40:00+00:00,19.15,53.0,3.4,0.7
2023-07-25 20:50:00+00:00,19.12857142857143,53.0,3.4,0.6857142857142857
2023-07-25 21:00:00+00:00,19.107142857142858,53.0,3.4,0.6714285714285715
2023-07-25 21:10:00+00:00,19.085714285714285,53.0,3.4,0.6571428571428571
2023-07-25 21:20:00+00:00,19.064285714285713,53.0,3.4,0.6428571428571428
2023-07-25 21:30:00+00:00,19.042857142857144,53.0,3.4,0.6285714285714286
2023-07-25 21:40:00+00:00,19.021428571428572,53.0,3.4,0.6142857142857143
2023-07-25 21:50:00+00:00,19.0,53.0,3.4,0.6
2023-07-25 22:00:00+00:00,18.96,53.0,3.4,0.6
2023-07-25 22:10:00+00:00,18.92,53.0,3.4,0.6
2023-07-25 22:20:00+00:00,18.88,53.0,3.4,0.6
2023-07-25 22:30:00+00:00,18.84,53.0,3.4,0.6
2023-07-25 22:40:00+00:00,18.8,53.0,3.4,0.6
2023-07-25 22:50:00+00:00,18.76,53.0,3.4,0.6
2023-07-25 23:00:00+00:00,18.720000000000002,53.0,3.4,0.6
2023-07-25 23:10:00+00:00,18.68,53.0,3.4,0.6
2023-07-25 23:20:00+00:00,18.64,53.0,3.4,0.6
2023-07-25 23:30:00+00:00,18.6,53.0,3.4,0.6
2023-07-25 23:40:00+00:00,18.57,53.2,3.4,0.6
2023-07-25 23:50:00+00:00,18.540000000000003,53.4,3.4,0.6
2023-07-26 00:00:00+00:00,18.51,53.6,3.4,0.6
2023-07-26 00:10:00+00:00,18.48,53.8,3.4,0.6
2023-07-26 00:20:00+00:00,18.450000000000003,54.0,3.4,0.6
2023-07-26 00:30:00+00:00,18.42,54.2,3.4,0.6
2023-07-26 00:40:00+00:00,18.39,54.4,3.4,0.6
2023-07-26 00:50:00+00:00,18.36,54.6,3.4,0.6
2023-07-26 01:00:00+00:00,18.330000000000002,54.8,3.4,0.6
2023-07-26 01:10:00+00:00,18.3,55.0,3.4,0.6
2023-07-26 01:20:00+00:00,18.27,54.7,3.4,0.815
2023-07-26 01:30:00+00:00,18.240000000000002,54.4,3.4,1.03
2023-07-26 01:40:00+00:00,18.21,54.1,3.4,1.245
2023-07-26 01:50:00+00:00,18.18,53.8,3.4,1.46
2023-07-26 02:00:00+00:00,18.15,53.5,3.4,1.6749999999999998
2023-07-26 02:10:00+00:00,18.12,53.2,3.4,1.8900000000000001
2023-07-26 02:20:00+00:00,18.09,52.9,3.4,2.105
2023-07-26 02:30:00+00:00,18.06,52.6,3.4,2.32
2023-07-26 02:40:00+00:00,18.03,52.3,3.4,2.535
2023-07-26 02:50:00+00:00,18.0,52.0,3.4,2.75
2023-07-26 03:00:00+00:00,18.0,52.0,3.4,3.7
2023-07-26 03:10:00+00:00,18.0,52.0,3.4,4.1
2023-07-26 03:20:00+00:00,18.0,52.0,3.4,4.1
2023-07-26 03:30:00+00:00,17.9,52.0,3.4,4.1
2023-07-26 03:40:00+00:00,17.9,52.0,3.4,4.1
2023-07-26 03:50:00+00:00,17.8,59.0,3.4,4.1
2023-07-26 04:00:00+00:00,17.8,56.0,3.4,4.1
2023-07-26 04:10:00+00:00,17.8,53.0,3.4,4.1
2023-07-26 04:20:00+00:00,17.8,52.0,3.4,4.1
2023-07-26 04:30:00+00:00,17.8,53.0,3.4,4.1
2023-07-26 04:40:00+00:00,17.8,53.0,3.4,4.1
2023-07-26 04:50:00+00:00,17.8,52.0,3.3,4.1
2023-07-26 05:00:00+00:00,17.8,52.0,3.3,4.1
2023-07-26 05:10:00+00:00,17.8,52.0,3.3,4.1
2023-07-26 05:20:00+00:00,17.8,52.0,3.3,4.1
2023-07-26 05:30:00+00:00,17.8,52.0,3.4,4.1
2023-07-26 05:40:00+00:00,17.8,52.0,3.4,4.1
2023-07-26 05:50:00+00:00,17.8,52.0,3.4,4.1
2023-07-26 06:00:00+00:00,17.8,52.0,3.4,4.1
2023-07-26 06:10:00+00:00,17.8,51.0,3.4,4.1
2023-07-26 06:20:00+00:00,17.8,51.0,3.4,4.1
2023-07-26 06:30:00+00:00,17.8,51.0,3.4,4.1
2023-07-26 06:40:00+00:00,17.8,52.0,3.4,4.1
2023-07-26 06:50:00+00:00,17.8,51.0,3.4,4.1
2023-07-26 07:00:00+00:00,17.8,51.0,3.4,4.1
2023-07-26 07:10:00+00:00,17.9,50.0,3.2,4.1
2023-07-26 07:20:00+00:00,18.0,50.0,3.2,4.1
2023-07-26 07:30:00+00:00,18.0,49.0,3.2,4.2
2023-07-26 07:40:00+00:00,18.0,49.0,3.1500000000000004,4.2
2023-07-26 07:50:00+00:00,18.0,49.0,3.1,4.2
2023-07-26 08:00:00+00:00,18.1,48.0,3.1,5.6
2023-07-26 08:10:00+00:00,18.2,47.0,3.1,4.1
2023-07-26 08:20:00+00:00,18.3,47.0,3.1,4.1
2023-07-26 08:30:00+00:00,18.3,48.0,3.3,4.1
2023-07-26 08:40:00+00:00,18.3,48.0,3.3,4.1
2023-07-26 08:50:00+00:00,18.4,48.0,3.3,4.1
2023-07-26 09:00:00+00:00,18.5,47.0,3.2,6.0
2023-07-26 09:10:00+00:00,18.6,46.0,3.2,4.1
2023-07-26 09:20:00+00:00,18.6,46.0,3.2,4.1
2023-07-26 09:30:00+00:00,18.65,46.0,3.2,4.1
2023-07-26 09:40:00+00:00,18.7,46.0,3.2,4.1
2023-07-26 09:50:00+00:00,18.7,47.0,3.3,4.1
2023-07-26 10:00:00+00:00,18.7,47.0,3.3,4.1
2023-07-26 10:10:00+00:00,18.7,48.0,3.3,4.1
2023-07-26 10:20:00+00:00,18.8,48.0,3.4,4.1
2023-07-26 10:30:00+00:00,18.8,48.0,3.4,4.1
2023-07-26 10:40:00+00:00,18.8,48.0,3.3,5.7
2023-07-26 10:50:00+00:00,19.0,50.0,3.3,5.3
2023-07-26 11:00:00+00:00,19.0,62.0,3.3,4.1
2023-07-26 11:10:00+00:00,19.0,63.5,3.3,4.1
2023-07-26 11:20:00+00:00,19.0,65.0,3.3,4.1
2023-07-26 11:30:00+00:00,19.1,66.0,3.3,4.1
2023-07-26 11:40:00+00:00,19.1,67.0,3.3,5.4
2023-07-26 11:50:00+00:00,19.2,67.0,3.2,4.6
2023-07-26 12:00:00+00:00,19.3,67.0,3.2,4.1
2023-07-26 12:10:00+00:00,19.3,67.0,3.3,4.1
2023-07-26 12:20:00+00:00,19.4,67.0,3.3,5.2
2023-07-26 12:30:00+00:00,19.5,66.0,3.2,4.1
2023-07-26 12:40:00+00:00,19.5,66.0,3.2,4.1
2023-07-26 12:50:00+00:00,19.5,66.0,3.2,4.1
2023-07-26 13:00:00+00:00,19.5,66.0,3.25,4.1
2023-07-26 13:10:00+00:00,19.5,66.0,3.3,4.1
2023-07-26 13:20:00+00:00,19.5,65.0,3.3,4.1
2023-07-26 13:30:00+00:00,19.5,65.0,3.3,4.1
2023-07-26 13:40:00+00:00,19.5,64.0,3.3,4.1
2023-07-26 13:50:00+00:00,19.6,64.0,3.3,4.1
2023-07-26 14:00:00+00:00,19.6,64.0,3.3,4.1
2023-07-26 14:10:00+00:00,19.6,64.0,3.3,4.1
2023-07-26 14:20:00+00:00,19.6,63.0,3.3,4.1
2023-07-26 14:30:00+00:00,19.5,62.0,3.3,4.1
2023-07-26 14:40:00+00:00,19.5,62.0,3.3,4.1
2023-07-26 14:50:00+00:00,19.5,62.0,3.3,4.1
2023-07-26 15:00:00+00:00,19.5,62.0,3.3,4.1
2023-07-26 15:10:00+00:00,19.5,61.0,3.3,4.1
2023-07-26 15:20:00+00:00,19.5,61.0,3.3,4.1
2023-07-26 15:30:00+00:00,19.5,61.0,3.3,4.1
2023-07-26 15:40:00+00:00,19.5,61.0,3.3,4.1
2023-07-26 15:50:00+00:00,19.4,61.0,3.3,4.1
2023-07-26 16:00:00+00:00,19.4,60.0,3.3,4.1
2023-07-26 16:10:00+00:00,19.3,60.0,3.3,4.1
2023-07-26 16:20:00+00:00,19.3,60.0,3.3,4.1
2023-07-26 16:30:00+00:00,19.3,60.0,3.3,4.1
2023-07-26 16:40:00+00:00,19.3,60.0,3.3,4.1
2023-07-26 16:50:00+00:00,19.3,60.0,3.3,4.1
2023-07-26 17:00:00+00:00,19.3,60.0,3.3,4.1
2023-07-26 17:10:00+00:00,19.2,60.0,3.3,4.1
2023-07-26 17:20:00+00:00,19.2,60.0,3.4,4.1
2023-07-26 17:30:00+00:00,19.1,60.0,3.4,4.1
2023-07-26 17:40:00+00:00,19.1,60.0,3.3,4.1
2023-07-26 17:50:00+00:00,19.1,59.0,3.4,4.1
2023-07-26 18:00:00+00:00,19.0,58.0,3.4,4.1
2023-07-26 18:10:00+00:00,19.0,59.0,3.4,4.1
2023-07-26 18:20:00+00:00,19.0,58.0,3.4,4.0
2023-07-26 18:30:00+00:00,18.95,57.5,3.4,3.95
2023-07-26 18:40:00+00:00,18.9,57.0,3.4,3.9
2023-07-26 18:50:00+00:00,18.9,57.0,3.4,3.6
2023-07-26 19:00:00+00:00,18.8,58.0,3.4,3.0
2023-07-26 19:10:00+00:00,18.8,60.0,3.4,1.8
2023-07-26 19:20:00+00:00,18.8,56.0,3.4,1.1
2023-07-26 19:30:00+00:00,18.7,56.0,3.4,0.8
2023-07-26 19:40:00+00:00,18.66,56.3,3.4,0.78
2023-07-26 19:50:00+00:00,18.62,56.6,3.4,0.76
2023-07-26 20:00:00+00:00,18.58,56.9,3.4,0.74
2023-07-26 20:10:00+00:00,18.54,57.2,3.4,0.72
2023-07-26 20:20:00+00:00,18.5,57.5,3.4,0.7
2023-07-26 20:30:00+00:00,18.46,57.8,3.4,0.6799999999999999
2023-07-26 20:40:00+00:00,18.42,58.1,3.4,0.66
2023-07-26 20:50:00+00:00,18.38,58.4,3.4,0.64
2023-07-26 21:00:00+00:00,18.34,58.7,3.4,0.62
2023-07-26 21:10:00+00:00,18.3,59.0,3.4,0.6
2023-07-26 21:20:00+00:00,18.26923076923077,58.84615384615385,3.4076923076923076,0.6
2023-07-26 21:30:00+00:00,18.23846153846154,58.69230769230769,3.4153846153846152,0.6
2023-07-26 21:40:00+00:00,18.20769230769231,58.53846153846154,3.423076923076923,0.6
2023-07-26 21:50:00+00:00,18.176923076923078,58.38461538461539,3.4307692307692306,0.6
2023-07-26 22:00:00+00:00,18.146153846153847,58.23076923076923,3.4384615384615382,0.6
2023-07-26 22:10:00+00:00,18.115384615384617,58.07692307692308,3.446153846153846,0.6
2023-07-26 22:20:00+00:00,18.084615384615383,57.92307692307692,3.453846153846154,0.6
2023-07-26 22:30:00+00:00,18.053846153846152,57.76923076923077,3.4615384615384617,0.6
2023-07-26 22:40:00+00:00,18.02307692307692,57.61538461538461,3.4692307692307693,0.6
2023-07-26 22:50:00+00:00,17.99230769230769,57.46153846153846,3.476923076923077,0.6
2023-07-26 23:00:00+00:00,17.96153846153846,57.30769230769231,3.4846153846153847,0.6
2023-07-26 23:10:00+00:00,17.93076923076923,57.15384615384615,3.4923076923076923,0.6
2023-07-26 23:20:00+00:00,17.9,57.0,3.5,0.6
2023-07-26 23:30:00+00:00,17.869999999999997,56.7,3.5,0.6
2023-07-26 23:40:00+00:00,17.84,56.4,3.5,0.6
2023-07-26 23:50:00+00:00,17.81,56.1,3.5,0.6
2023-07-27 00:00:00+00:00,17.78,55.8,3.5,0.6
2023-07-27 00:10:00+00:00,17.75,55.5,3.5,0.6
2023-07-27 00:20:00+00:00,17.72,55.2,3.5,0.6
2023-07-27 00:30:00+00:00,17.69,54.9,3.5,0.6
2023-07-27 00:40:00+00:00,17.66,54.6,3.5,0.6
2023-07-27 00:50:00+00:00,17.630000000000003,54.3,3.5,0.6
2023-07-27 01:00:00+00:00,17.6,54.0,3.5,0.6
2023-07-27 01:10:00+00:00,17.57,54.0,3.5,0.6599999999999999
2023-07-27 01:20:00+00:00,17.540000000000003,54.0,3.5,0.72
2023-07-27 01:30:00+00:00,17.51,54.0,3.5,0.78
2023-07-27 01:40:00+00:00,17.48,54.0,3.5,0.84
2023-07-27 01:50:00+00:00,17.450000000000003,54.0,3.5,0.8999999999999999
2023-07-27 02:00:00+00:00,17.42,54.0,3.5,0.96
2023-07-27 02:10:00+00:00,17.39,54.0,3.5,1.02
2023-07-27 02:20:00+00:00,17.36,54.0,3.5,1.08
2023-07-27 02:30:00+00:00,17.330000000000002,54.0,3.5,1.1400000000000001
2023-07-27 02:40:00+00:00,17.3,54.0,3.5,1.2
2023-07-27 02:50:00+00:00,17.2,53.0,3.5,3.4
2023-07-27 03:00:00+00:00,17.1,53.0,3.5,3.7
2023-07-27 03:10:00+00:00,17.1,53.0,3.5,4.1
2023-07-27 03:20:00+00:00,17.1,53.0,3.5,4.1
2023-07-27 03:30:00+00:00,17.1,53.0,3.5,4.1
2023-07-27 03:40:00+00:00,17.1,53.0,3.5,4.1
2023-07-27 03:50:00+00:00,17.0,53.0,3.4,4.1
2023-07-27 04:00:00+00:00,17.0,53.0,3.4,4.1
2023-07-27 04:10:00+00:00,17.0,53.0,3.4,4.1
2023-07-27 04:20:00+00:00,17.0,53.0,3.4,4.1
2023-07-27 04:30:00+00:00,17.0,52.0,3.5,4.1
2023-07-27 04:40:00+00:00,17.0,53.0,3.4,4.1
2023-07-27 04:50:00+00:00,17.0,52.0,3.4,4.1
2023-07-27 05:00:00+00:00,17.0,52.0,3.4,4.1
2023-07-27 05:10:00+00:00,17.0,52.0,3.3,4.1
2023-07-27 05:20:00+00:00,17.0,52.0,3.3,4.2
2023-07-27 05:30:00+00:00,17.0,52.0,3.2,4.1
2023-07-27 05:40:00+00:00,17.0,51.0,3.2,4.2
2023-07-27 05:50:00+00:00,17.0,52.0,3.2,4.1
2023-07-27 06:00:00+00:00,17.0,51.5,3.1500000000000004,4.85
2023-07-27 06:10:00+00:00,17.0,51.0,3.1,5.6
2023-07-27 06:20:00+00:00,17.0,50.0,3.2,5.9
2023-07-27 06:30:00+00:00,17.0,50.0,3.1,5.9
2023-07-27 06:40:00+00:00,17.1,49.0,3.1,5.9
2023-07-27 06:50:00+00:00,17.1,49.0,3.1,4.1
2023-07-27 07:00:00+00:00,17.1,48.0,3.1,6.0
2023-07-27 07:10:00+00:00,17.2,48.0,3.1,6.0
2023-07-27 07:20:00+00:00,17.3,47.0,3.1,5.9
2023-07-27 07:30:00+00:00,17.3,47.0,3.1,6.0
2023-07-27 07:40:00+00:00,17.4,46.0,3.1,6.0
2023-07-27 07:50:00+00:00,17.45,46.5,3.1,6.05
2023-07-27 08:00:00+00:00,17.5,47.0,3.1,6.1
2023-07-27 08:10:00+00:00,17.6,46.0,3.1,6.0
2023-07-27 08:20:00+00:00,17.7,45.0,3.1,5.9
2023-07-27 08:30:00+00:00,17.8,45.0,3.1,5.9
2023-07-27 08:40:00+00:00,18.0,45.0,3.1,5.9
2023-07-27 08:50:00+00:00,18.1,44.0,3.1,4.1
2023-07-27 09:00:00+00:00,18.1,45.0,3.1,4.1
2023-07-27 09:10:00+00:00,18.2,46.0,3.2,4.1
2023-07-27 09:20:00+00:00,18.3,45.0,3.2,6.0
2023-07-27 09:30:00+00:00,18.4,45.0,3.1500000000000004,5.95
2023-07-27 09:40:00+00:00,18.5,45.0,3.1,5.9
2023-07-27 09:50:00+00:00,18.6,44.0,3.1,4.1
2023-07-27 10:00:00+00:00,18.7,44.0,3.1,5.7
2023-07-27 10:10:00+00:00,18.9,44.0,3.1,6.0
2023-07-27 10:20:00+00:00,19.0,44.0,3.1,5.8
2023-07-27 10:30:00+00:00,19.1,44.0,3.1,5.9
2023-07-27 10:40:00+00:00,19.3,43.0,3.1,5.9
2023-07-27 10:50:00+00:00,19.4,43.0,3.1,5.8
2023-07-27 11:00:00+00:00,19.6,43.0,3.1,5.9
2023-07-27 11:10:00+00:00,19.7,43.0,3.1,5.8
2023-07-27 11:20:00+00:00,19.75,42.5,3.1,4.949999999999999
2023-07-27 11:30:00+00:00,19.8,42.0,3.1,4.1
2023-07-27 11:40:00+00:00,19.9,43.0,3.1,5.8
2023-07-27 11:50:00+00:00,20.0,43.0,3.2,5.8
2023-07-27 12:00:00+00:00,20.1,43.0,3.2,5.7
2023-07-27 12:10:00+00:00,20.2,43.0,3.2,5.4
2023-07-27 12:20:00+00:00,20.3,42.0,3.1,4.1
2023-07-27 12:30:00+00:00,20.3,42.0,3.2,4.1
2023-07-27 12:40:00+00:00,20.4,43.0,3.2,4.1
2023-07-27 12:50:00+00:00,20.4,43.0,3.2,4.1
2023-07-27 13:00:00+00:00,20.4,44.0,3.3,4.1
2023-07-27 13:10:00+00:00,20.4,44.0,3.3,4.1
2023-07-27 13:20:00+00:00,20.4,44.0,3.3,4.1
2023-07-27 13:30:00+00:00,20.4,45.0,3.3,4.1
2023-07-27 13:40:00+00:00,20.4,45.0,3.3,4.1
2023-07-27 13:50:00+00:00,20.4,45.0,3.3,4.1
2023-07-27 14:00:00+00:00,20.4,45.0,3.3,4.1
2023-07-27 14:10:00+00:00,20.4,45.0,3.3,4.1
2023-07-27 14:20:00+00:00,20.4,45.0,3.3,4.1
2023-07-27 14:30:00+00:00,20.3,45.0,3.3,4.1
2023-07-27 14:40:00+00:00,20.3,45.0,3.3,4.1
2023-07-27 14:50:00+00:00,20.3,45.0,3.3,4.1
2023-07-27 15:00:00+00:00,20.25,45.0,3.3,4.1
2023-07-27 15:10:00+00:00,20.2,45.0,3.3,4.1
2023-07-27 15:20:00+00:00,20.2,45.0,3.3,4.1
2023-07-27 15:30:00+00:00,20.1,45.0,3.3,4.1
2023-07-27 15:40:00+00:00,20.1,45.0,3.3,4.1
2023-07-27 15:50:00+00:00,20.1,45.0,3.3,4.1
2023-07-27 16:00:00+00:00,20.0,46.0,3.3,4.1
2023-07-27 16:10:00+00:00,20.0,46.0,3.3,4.1
2023-07-27 16:20:00+00:00,20.0,46.0,3.3,4.1
2023-07-27 16:30:00+00:00,20.0,46.0,3.3,4.1
2023-07-27 16:40:00+00:00,19.9,46.0,3.3,4.1
2023-07-27 16:50:00+00:00,19.9,46.0,3.3,4.1
2023-07-27 17:00:00+00:00,19.9,46.0,3.3,4.1
2023-07-27 17:10:00+00:00,19.8,46.0,3.3,4.1
2023-07-27 17:20:00+00:00,19.8,46.0,3.3,4.1
2023-07-27 17:30:00+00:00,19.8,46.0,3.3,4.1
2023-07-27 17:40:00+00:00,19.8,46.0,3.3,4.1
2023-07-27 17:50:00+00:00,19.7,46.0,3.3,4.1
2023-07-27 18:00:00+00:00,19.6,46.0,3.4,4.1
2023-07-27 18:10:00+00:00,19.6,47.0,3.3,3.9
2023-07-27 18:20:00+00:00,19.6,47.0,3.4,3.9
2023-07-27 18:30:00+00:00,19.5,47.0,3.4,3.6
2023-07-27 18:40:00+00:00,19.5,47.0,3.4,3.35
2023-07-27 18:50:00+00:00,19.5,47.0,3.4,3.1
2023-07-27 19:00:00+00:00,19.5,47.0,3.4,2.5
2023-07-27 19:10:00+00:00,19.4,47.0,3.4,1.7
2023-07-27 19:20:00+00:00,19.3,47.0,3.4,1.0
2023-07-27 19:30:00+00:00,19.3,47.0,3.4,0.8
2023-07-27 19:40:00+00:00,19.27,47.1,3.4,0.78
2023-07-27 19:50:00+00:00,19.240000000000002,47.2,3.4,0.76
2023-07-27 20:00:00+00:00,19.21,47.3,3.4,0.74
2023-07-27 20:10:00+00:00,19.18,47.4,3.4,0.72
2023-07-27 20:20:00+00:00,19.15,47.5,3.4,0.7
2023-07-27 20:30:00+00:00,19.12,47.6,3.4,0.6799999999999999
2023-07-27 20:40:00+00:00,19.09,47.7,3.4,0.66
2023-07-27 20:50:00+00:00,19.06,47.8,3.4,0.64
2023-07-27 21:00:00+00:00,19.03,47.9,3.4,0.62
2023-07-27 21:10:00+00:00,19.0,48.0,3.4,0.6
2023-07-27 21:20:00+00:00,18.96923076923077,48.07692307692308,3.4,0.5846153846153846
2023-07-27 21:30:00+00:00,18.93846153846154,48.15384615384615,3.4,0.5692307692307692
2023-07-27 21:40:00+00:00,18.907692307692308,48.23076923076923,3.4,0.5538461538461539
2023-07-27 21:50:00+00:00,18.876923076923077,48.30769230769231,3.4,0.5384615384615384
2023-07-27 22:00:00+00:00,18.846153846153847,48.38461538461539,3.4,0.5230769230769231
2023-07-27 22:10:00+00:00,18.815384615384616,48.46153846153846,3.4,0.5076923076923077
2023-07-27 22:20:00+00:00,18.784615384615385,48.53846153846154,3.4,0.49230769230769234
2023-07-27 22:30:00+00:00,18.753846153846155,48.61538461538461,3.4,0.4769230769230769
2023-07-27 22:40:00+00:00,18.723076923076924,48.69230769230769,3.4,0.46153846153846156
2023-07-27 22:50:00+00:00,18.692307692307693,48.76923076923077,3.4,0.4461538461538461
2023-07-27 23:00:00+00:00,18.661538461538463,48.84615384615385,3.4,0.4307692307692308
2023-07-27 23:10:00+00:00,18.630769230769232,48.92307692307692,3.4,0.4153846153846154
2023-07-27 23:20:00+00:00,18.6,49.0,3.4,0.4
2023-07-27 23:30:00+00:00,18.580000000000002,49.1,3.4,0.42000000000000004
2023-07-27 23:40:00+00:00,18.560000000000002,49.2,3.4,0.44
2023-07-27 23:50:00+00:00,18.54,49.3,3.4,0.46
2023-07-28 00:00:00+00:00,18.52,49.4,3.4,0.48
2023-07-28 00:10:00+00:00,18.5,49.5,3.4,0.5
2023-07-28 00:20:00+00:00,18.48,49.6,3.4,0.52
2023-07-28 00:30:00+00:00,18.46,49.7,3.4,0.54
2023-07-28 00:40:00+00:00,18.439999999999998,49.8,3.4,0.56
2023-07-28 00:50:00+00:00,18.419999999999998,49.9,3.4,0.58
2023-07-28 01:00:00+00:00,18.4,50.0,3.4,0.6
2023-07-28 01:10:00+00:00,18.38,50.0,3.4,0.61
2023-07-28 01:20:00+00:00,18.36,50.0,3.4,0.62
2023-07-28 01:30:00+00:00,18.34,50.0,3.4,0.63
2023-07-28 01:40:00+00:00,18.32,50.0,3.4,0.64
2023-07-28 01:50:00+00:00,18.299999999999997,50.0,3.4,0.6499999999999999
2023-07-28 02:00:00+00:00,18.279999999999998,50.0,3.4,0.6599999999999999
2023-07-28 02:10:00+00:00,18.259999999999998,50.0,3.4,0.6699999999999999
2023-07-28 02:20:00+00:00,18.24,50.0,3.4,0.6799999999999999
2023-07-28 02:30:00+00:00,18.22,50.0,3.4,0.69
2023-07-28 02:40:00+00:00,18.2,50.0,3.4,0.7
2023-07-28 02:50:00+00:00,18.18,50.0,3.4,1.04
2023-07-28 03:00:00+00:00,18.16,50.0,3.4,1.38
2023-07-28 03:10:00+00:00,18.14,50.0,3.4,1.72
2023-07-28 03:20:00+00:00,18.12,50.0,3.4,2.0599999999999996
2023-07-28 03:30:00+00:00,18.1,50.0,3.4,2.3999999999999995
2023-07-28 03:40:00+00:00,18.08,50.0,3.4,2.74
2023-07-28 03:50:00+00:00,18.06,50.0,3.4,3.08
2023-07-28 04:00:00+00:00,18.04,50.0,3.4,3.42
2023-07-28 04:10:00+00:00,18.02,50.0,3.4,3.76
2023-07-28 04:20:00+00:00,18.0,50.0,3.4,4.1
2023-07-28 04:30:00+00:00,18.0,50.0,3.4,4.1
2023-07-28 04:40:00+00:00,18.0,50.0,3.4,4.1
2023-07-28 04:50:00+00:00,18.0,50.0,3.4,4.1
2023-07-28 05:00:00+00:00,18.0,49.0,3.4,4.1
2023-07-28 05:10:00+00:00,18.0,49.0,3.4,4.1
2023-07-28 05:20:00+00:00,18.0,49.0,3.4,4.1
2023-07-28 05:30:00+00:00,18.0,49.0,3.3,4.1
2023-07-28 05:40:00+00:00,18.0,49.0,3.4,4.1
2023-07-28 05:50:00+00:00,18.0,49.0,3.4,4.1
2023-07-28 06:00:00+00:00,18.0,49.0,3.4,4.1
2023-07-28 06:10:00+00:00,18.0,49.0,3.4,4.1
2023-07-28 06:20:00+00:00,18.0,49.0,3.3,4.1
2023-07-28 06:30:00+00:00,18.0,49.0,3.4,4.1
2023-07-28 06:40:00+00:00,18.0,48.0,3.3,4.1
2023-07-28 06:50:00+00:00,18.0,48.0,3.4,4.1
2023-07-28 07:00:00+00:00,18.0,48.0,3.3,4.1
2023-07-28 07:10:00+00:00,18.0,48.0,3.3,4.1
2023-07-28 07:20:00+00:00,18.0,48.0,3.3,4.1
2023-07-28 07:30:00+00:00,18.0,47.0,3.3,4.1
2023-07-28 07:40:00+00:00,18.0,47.5,3.3,4.1
2023-07-28 07:50:00+00:00,18.0,48.0,3.3,4.1
2023-07-28 08:00:00+00:00,18.0,47.0,3.3,4.1
2023-07-28 08:10:00+00:00,18.1,47.0,3.3,4.1
2023-07-28 08:20:00+00:00,18.1,46.0,3.3,4.1
2023-07-28 08:30:00+00:00,18.1,46.0,3.3,4.1
2023-07-28 08:40:00+00:00,18.1,46.0,3.3,4.1
2023-07-28 08:50:00+00:00,18.1,46.0,3.3,4.1
2023-07-28 09:00:00+00:00,18.2,45.0,3.3,4.1
2023-07-28 09:10:00+00:00,18.2,45.0,3.3,4.1
2023-07-28 09:20:00+00:00,18.2,45.5,3.3,4.1
2023-07-28 09:30:00+00:00,18.2,46.0,3.3,4.1
2023-07-28 09:40:00+00:00,18.3,46.0,3.3,4.1
2023-07-28 09:50:00+00:00,18.3,46.0,3.3,4.1
2023-07-28 10:00:00+00:00,18.3,45.0,3.3,4.1
2023-07-28 10:10:00+00:00,18.3,45.0,3.3,4.1
2023-07-28 10:20:00+00:00,18.3,45.0,3.3,4.1
2023-07-28 10:30:00+00:00,18.3,45.0,3.3,4.1
2023-07-28 10:40:00+00:00,18.4,45.0,3.3,4.1
2023-07-28 10:50:00+00:00,18.4,45.0,3.3,4.1
2023-07-28 11:00:00+00:00,18.5,45.0,3.3,4.1
2023-07-28 11:10:00+00:00,18.5,44.666666666666664,3.3,4.1
2023-07-28 11:20:00+00:00,18.5,44.333333333333336,3.3,4.1
2023-07-28 11:30:00+00:00,18.5,44.0,3.3,4.1
2023-07-28 11:40:00+00:00,18.5,43.0,3.3,4.1
2023-07-28 11:50:00+00:00,18.5,44.0,3.3,4.1
2023-07-28 12:00:00+00:00,18.5,43.0,3.2,4.1
2023-07-28 12:10:00+00:00,18.6,43.0,3.3,4.1
2023-07-28 12:20:00+00:00,18.6,43.0,3.3,4.1
2023-07-28 12:30:00+00:00,18.6,43.0,3.3,4.1
2023-07-28 12:40:00+00:00,18.6,43.0,3.2,4.1
2023-07-28 12:50:00+00:00,18.6,42.0,3.2,4.1
2023-07-28 13:00:00+00:00,18.65,42.0,3.2,4.1
2023-07-28 13:10:00+00:00,18.7,42.0,3.2,4.1
2023-07-28 13:20:00+00:00,18.7,42.0,3.2,4.1
2023-07-28 13:30:00+00:00,18.7,42.0,3.2,4.1
2023-07-28 13:40:00+00:00,18.7,42.0,3.3,4.1
2023-07-28 13:50:00+00:00,18.7,42.0,3.3,4.1
2023-07-28 14:00:00+00:00,18.8,42.0,3.3,4.1
2023-07-28 14:10:00+00:00,18.8,42.0,3.3,4.1
2023-07-28 14:20:00+00:00,18.8,42.0,3.3,4.1
2023-07-28 14:30:00+00:00,18.8,42.0,3.3,4.1
2023-07-28 14:40:00+00:00,18.8,42.0,3.3,4.1
2023-07-28 14:50:00+00:00,18.8,42.0,3.3,4.1
2023-07-28 15:00:00+00:00,18.8,42.0,3.3,4.1
2023-07-28 15:10:00+00:00,18.8,43.0,3.3,4.1
2023-07-28 15:20:00+00:00,18.8,42.0,3.3,4.1
2023-07-28 15:30:00+00:00,18.8,42.0,3.3,4.1
2023-07-28 15:40:00+00:00,18.8,43.0,3.3,4.1
2023-07-28 15:50:00+00:00,18.8,43.0,3.3,4.1
2023-07-28 16:00:00+00:00,18.8,43.0,3.3,4.1
2023-07-28 16:10:00+00:00,18.8,43.0,3.3,4.1
2023-07-28 16:20:00+00:00,18.8,43.0,3.3,4.1
2023-07-28 16:30:00+00:00,18.7,43.0,3.3,4.1
2023-07-28 16:40:00+00:00,18.7,43.0,3.3,4.1
2023-07-28 16:50:00+00:00,18.7,43.0,3.3,4.1
2023-07-28 17:00:00+00:00,18.7,43.0,3.3,4.1
2023-07-28 17:10:00+00:00,18.7,49.0,3.3,4.1
2023-07-28 17:20:00+00:00,18.7,43.0,3.3,4.1
2023-07-28 17:30:00+00:00,18.7,45.0,3.3,4.1
2023-07-28 17:40:00+00:00,18.6,44.0,3.3,4.1
2023-07-28 17:50:00+00:00,18.6,43.0,3.3,4.1
2023-07-28 18:00:00+00:00,18.6,45.0,3.3,4.1
2023-07-28 18:10:00+00:00,18.6,43.0,3.3,3.9
2023-07-28 18:20:00+00:00,18.6,44.0,3.3,3.6
2023-07-28 18:30:00+00:00,18.6,44.0,3.3499999999999996,3.6
2023-07-28 18:40:00+00:00,18.6,44.0,3.4,3.6
2023-07-28 18:50:00+00:00,18.5,44.0,3.4,3.1
2023-07-28 19:00:00+00:00,18.5,44.0,3.4,2.4
2023-07-28 19:10:00+00:00,18.5,44.0,3.4,1.6
2023-07-28 19:20:00+00:00,18.5,46.0,3.4,1.0
2023-07-28 19:30:00+00:00,18.5,43.0,3.4,0.7
2023-07-28 19:40:00+00:00,18.46923076923077,43.0,3.4,0.6769230769230768
2023-07-28 19:50:00+00:00,18.43846153846154,43.0,3.4,0.6538461538461539
2023-07-28 20:00:00+00:00,18.407692307692308,43.0,3.4,0.6307692307692307
2023-07-28 20:10:00+00:00,18.376923076923077,43.0,3.4,0.6076923076923076
2023-07-28 20:20:00+00:00,18.346153846153847,43.0,3.4,0.5846153846153845
2023-07-28 20:30:00+00:00,18.315384615384616,43.0,3.4,0.5615384615384615
2023-07-28 20:40:00+00:00,18.284615384615385,43.0,3.4,0.5384615384615384
2023-07-28 20:50:00+00:00,18.253846153846155,43.0,3.4,0.5153846153846153
2023-07-28 21:00:00+00:00,18.223076923076924,43.0,3.4,0.49230769230769234
2023-07-28 21:10:00+00:00,18.192307692307693,43.0,3.4,0.46923076923076923
2023-07-28 21:20:00+00:00,18.161538461538463,43.0,3.4,0.4461538461538462
2023-07-28 21:30:00+00:00,18.130769230769232,43.0,3.4,0.42307692307692313
2023-07-28 21:40:00+00:00,18.1,43.0,3.4,0.4
2023-07-28 21:50:00+00:00,18.080000000000002,43.1,3.4,0.42000000000000004
2023-07-28 22:00:00+00:00,18.060000000000002,43.2,3.4,0.44
2023-07-28 22:10:00+00:00,18.04,43.3,3.4,0.46
2023-07-28 22:20:00+00:00,18.02,43.4,3.4,0.48
2023-07-28 22:30:00+00:00,18.0,43.5,3.4,0.5
2023-07-28 22:40:00+00:00,17.98,43.6,3.4,0.52
2023-07-28 22:50:00+00:00,17.96,43.7,3.4,0.54
2023-07-28 23:00:00+00:00,17.939999999999998,43.8,3.4,0.56
2023-07-28 23:10:00+00:00,17.919999999999998,43.9,3.4,0.58
2023-07-28 23:20:00+00:00,17.9,44.0,3.4,0.6
2023-07-28 23:30:00+00:00,17.88,44.0,3.4,0.6
2023-07-28 23:40:00+00:00,17.86,44.0,3.4,0.6
2023-07-28 23:50:00+00:00,17.84,44.0,3.4,0.6
2023-07-29 00:00:00+00:00,17.82,44.0,3.4,0.6
2023-07-29 00:10:00+00:00,17.799999999999997,44.0,3.4,0.6
2023-07-29 00:20:00+00:00,17.779999999999998,44.0,3.4,0.6
2023-07-29 00:30:00+00:00,17.759999999999998,44.0,3.4,0.6
2023-07-29 00:40:00+00:00,17.74,44.0,3.4,0.6
2023-07-29 00:50:00+00:00,17.72,44.0,3.4,0.6
2023-07-29 01:00:00+00:00,17.7,44.0,3.4,0.6
2023-07-29 01:10:00+00:00,17.68,44.1,3.4,0.64
2023-07-29 01:20:00+00:00,17.66,44.2,3.4,0.6799999999999999
2023-07-29 01:30:00+00:00,17.64,44.3,3.4,0.72
2023-07-29 01:40:00+00:00,17.62,44.4,3.4,0.76
2023-07-29 01:50:00+00:00,17.6,44.5,3.4,0.8
2023-07-29 02:00:00+00:00,17.58,44.6,3.4,0.84
2023-07-29 02:10:00+00:00,17.56,44.7,3.4,0.88
2023-07-29 02:20:00+00:00,17.54,44.8,3.4,0.9199999999999999
2023-07-29 02:30:00+00:00,17.52,44.9,3.4,0.96
2023-07-29 02:40:00+00:00,17.5,45.0,3.4,1.0
2023-07-29 02:50:00+00:00,17.5,45.0,3.4,3.5
2023-07-29 03:00:00+00:00,17.5,45.0,3.4,4.1
2023-07-29 03:10:00+00:00,17.5,44.0,3.4,4.1
2023-07-29 03:20:00+00:00,17.5,44.0,3.4,4.1
2023-07-29 03:30:00+00:00,17.5,45.0,3.4,4.1
2023-07-29 03:40:00+00:00,17.4,45.0,3.4,4.1
2023-07-29 03:50:00+00:00,17.4,45.0,3.4,4.1
2023-07-29 04:00:00+00:00,17.4,44.0,3.4,4.1
2023-07-29 04:10:00+00:00,17.4,44.5,3.4,4.1
2023-07-29 04:20:00+00:00,17.4,45.0,3.4,4.1
2023-07-29 04:30:00+00:00,17.4,45.0,3.4,4.1
2023-07-29 04:40:00+00:00,17.4,45.0,3.4,4.1
2023-07-29 04:50:00+00:00,17.4,45.0,3.4,4.1
2023-07-29 05:00:00+00:00,17.4,45.0,3.3,4.1
2023-07-29 05:10:00+00:00,17.4,44.0,3.3,4.1
2023-07-29 05:20:00+00:00,17.4,44.0,3.3,4.1
2023-07-29 05:30:00+00:00,17.4,44.0,3.2,4.2
2023-07-29 05:40:00+00:00,17.4,50.0,3.2,4.1
2023-07-29 05:50:00+00:00,17.5,45.0,3.1,4.1
2023-07-29 06:00:00+00:00,17.5,44.5,3.1,4.15
2023-07-29 06:10:00+00:00,17.5,44.0,3.1,4.2
2023-07-29 06:20:00+00:00,17.5,43.0,3.1,4.1
2023-07-29 06:30:00+00:00,17.5,42.0,3.1,4.1
2023-07-29 06:40:00+00:00,17.5,41.0,3.1,4.2
2023-07-29 06:50:00+00:00,17.6,40.0,3.1,4.2
2023-07-29 07:00:00+00:00,17.6,39.0,3.1,4.2
2023-07-29 07:10:00+00:00,17.7,37.0,3.1,5.5
2023-07-29 07:20:00+00:00,17.8,37.0,3.1,5.7
2023-07-29 07:30:00+00:00,17.9,35.0,3.1,5.8
2023-07-29 07:40:00+00:00,17.95,34.5,3.1,5.75
2023-07-29 07:50:00+00:00,18.0,34.0,3.1,5.7
2023-07-29 08:00:00+00:00,18.1,34.0,3.1,5.8
2023-07-29 08:10:00+00:00,18.1,33.0,3.1,5.9
2023-07-29 08:20:00+00:00,18.3,32.0,3.1,5.8
2023-07-29 08:30:00+00:00,18.4,29.0,3.1,5.8
2023-07-29 08:40:00+00:00,18.5,28.0,3.1,5.8
2023-07-29 08:50:00+00:00,18.6,27.0,3.1,5.8
2023-07-29 09:00:00+00:00,18.8,27.0,3.1,5.8
2023-07-29 09:10:00+00:00,19.0,26.0,3.1,5.8
2023-07-29 09:20:00+00:00,19.1,26.0,3.1,5.8
2023-07-29 09:30:00+00:00,19.200000000000003,25.5,3.1,5.8
2023-07-29 09:40:00+00:00,19.3,25.0,3.1,5.8
2023-07-29 09:50:00+00:00,19.4,25.0,3.1,5.8
2023-07-29 10:00:00+00:00,19.6,25.0,3.1,5.8
2023-07-29 10:10:00+00:00,19.8,24.0,3.1,5.8
2023-07-29 10:20:00+00:00,20.0,24.0,3.1,5.8
2023-07-29 10:30:00+00:00,20.1,24.0,3.1,5.8
2023-07-29 10:40:00+00:00,20.3,23.0,3.1,5.8
2023-07-29 10:50:00+00:00,20.5,23.0,3.1,5.7
2023-07-29 11:00:00+00:00,20.6,22.0,3.1,5.6
2023-07-29 11:10:00+00:00,20.8,22.0,3.1,5.6
2023-07-29 11:20:00+00:00,20.9,22.0,3.1,5.65
2023-07-29 11:30:00+00:00,21.0,22.0,3.1,5.7
2023-07-29 11:40:00+00:00,21.1,22.0,3.1,5.6
2023-07-29 11:50:00+00:00,21.2,21.0,3.1,4.8
2023-07-29 12:00:00+00:00,21.3,22.0,3.1,4.1
2023-07-29 12:10:00+00:00,21.4,21.0,3.1,4.9
2023-07-29 12:20:00+00:00,21.5,21.0,3.1,5.0
2023-07-29 12:30:00+00:00,21.6,21.0,3.1,4.1
2023-07-29 12:40:00+00:00,21.6,20.0,3.1,4.1
2023-07-29 12:50:00+00:00,21.7,21.0,3.1,4.1
2023-07-29 13:00:00+00:00,21.7,21.0,3.1,4.1
2023-07-29 13:10:00+00:00,21.75,21.5,3.1500000000000004,4.1
2023-07-29 13:20:00+00:00,21.8,22.0,3.2,4.1
2023-07-29 13:30:00+00:00,21.8,22.0,3.2,4.1
2023-07-29 13:40:00+00:00,21.8,23.0,3.2,4.1
2023-07-29 13:50:00+00:00,21.8,23.0,3.2,4.1
2023-07-29 14:00:00+00:00,21.8,23.0,3.2,4.1
2023-07-29 14:10:00+00:00,21.8,22.0,3.2,4.1
2023-07-29 14:20:00+00:00,21.8,22.0,3.2,4.1
2023-07-29 14:30:00+00:00,21.7,21.0,3.2,4.1
2023-07-29 14:40:00+00:00,21.7,22.0,3.2,4.1
2023-07-29 14:50:00+00:00,21.7,23.0,3.2,4.1
2023-07-29 15:00:00+00:00,21.65,22.5,3.2,4.1
2023-07-29 15:10:00+00:00,21.6,22.0,3.2,4.1
2023-07-29 15:20:00+00:00,21.6,23.0,3.2,4.1
2023-07-29 15:30:00+00:00,21.6,23.0,3.2,4.1
2023-07-29 15:40:00+00:00,21.6,23.0,3.2,4.1
2023-07-29 15:50:00+00:00,21.5,23.0,3.2,4.1
2023-07-29 16:00:00+00:00,21.5,23.0,3.2,4.1
2023-07-29 16:10:00+00:00,21.5,24.0,3.2,4.1
2023-07-29 16:20:00+00:00,21.4,24.0,3.2,4.1
2023-07-29 16:30:00+00:00,21.3,24.0,3.3,4.1
2023-07-29 16:40:00+00:00,21.3,23.0,3.3,4.1
2023-07-29 16:50:00+00:00,21.3,23.5,3.3,4.1
2023-07-29 17:00:00+00:00,21.3,24.0,3.3,4.1
2023-07-29 17:10:00+00:00,21.2,24.0,3.3,4.1
2023-07-29 17:20:00+00:00,21.2,24.0,3.3,3.8
2023-07-29 17:30:00+00:00,21.1,24.0,3.3,3.9
2023-07-29 17:40:00+00:00,21.1,24.0,3.3,3.3
2023-07-29 17:50:00+00:00,21.1,25.0,3.3,2.9
2023-07-29 18:00:00+00:00,21.0,24.0,3.3,2.5
2023-07-29 18:10:00+00:00,21.0,25.0,3.3,1.7
2023-07-29 18:20:00+00:00,20.9,25.0,3.3,1.0
2023-07-29 18:30:00+00:00,20.8,6.0,3.3,1.0
2023-07-29 18:40:00+00:00,20.8,6.0,3.3,0.9
2023-07-29 18:50:00+00:00,20.8,6.0,3.3,0.8
2023-07-29 19:00:00+00:00,20.75,8.0,3.3,0.78
2023-07-29 19:10:00+00:00,20.7,10.0,3.3,0.76
2023-07-29 19:20:00+00:00,20.650000000000002,12.0,3.3,0.74
2023-07-29 19:30:00+00:00,20.6,14.0,3.3,0.72
2023-07-29 19:40:00+00:00,20.55,16.0,3.3,0.7
2023-07-29 19:50:00+00:00,20.5,18.0,3.3,0.6799999999999999
2023-07-29 20:00:00+00:00,20.45,20.0,3.3,0.66
2023-07-29 20:10:00+00:00,20.400000000000002,22.0,3.3,0.64
2023-07-29 20:20:00+00:00,20.35,24.0,3.3,0.62
2023-07-29 20:30:00+00:00,20.3,26.0,3.3,0.6
2023-07-29 20:40:00+00:00,20.26,25.2,3.3099999999999996,0.6
2023-07-29 20:50:00+00:00,20.22,24.4,3.32,0.6
2023-07-29 21:00:00+00:00,20.18,23.6,3.33,0.6
2023-07-29 21:10:00+00:00,20.14,22.8,3.34,0.6
2023-07-29 21:20:00+00:00,20.1,22.0,3.3499999999999996,0.6
2023-07-29 21:30:00+00:00,20.06,21.2,3.36,0.6
2023-07-29 21:40:00+00:00,20.02,20.4,3.37,0.6
2023-07-29 21:50:00+00:00,19.98,19.6,3.38,0.6
2023-07-29 22:00:00+00:00,19.939999999999998,18.8,3.3899999999999997,0.6
2023-07-29 22:10:00+00:00,19.9,18.0,3.4,0.6
2023-07-29 22:20:00+00:00,19.876923076923077,17.153846153846153,3.4,0.6
2023-07-29 22:30:00+00:00,19.853846153846153,16.307692307692307,3.4,0.6
2023-07-29 22:40:00+00:00,19.83076923076923,15.461538461538462,3.4,0.6
2023-07-29 22:50:00+00:00,19.807692307692307,14.615384615384615,3.4,0.6
2023-07-29 23:00:00+00:00,19.784615384615385,13.76923076923077,3.4,0.6
2023-07-29 23:10:00+00:00,19.76153846153846,12.923076923076923,3.4,0.6
2023-07-29 23:20:00+00:00,19.73846153846154,12.076923076923077,3.4,0.6
2023-07-29 23:30:00+00:00,19.715384615384615,11.23076923076923,3.4,0.6
2023-07-29 23:40:00+00:00,19.692307692307693,10.384615384615385,3.4,0.6
2023-07-29 23:50:00+00:00,19.66923076923077,9.538461538461538,3.4,0.6
2023-07-30 00:00:00+00:00,19.646153846153847,8.692307692307692,3.4,0.6
2023-07-30 00:10:00+00:00,19.623076923076923,7.846153846153847,3.4,0.6
2023-07-30 00:20:00+00:00,19.6,7.0,3.4,0.6
2023-07-30 00:30:00+00:00,19.57,6.9,3.4,0.6
2023-07-30 00:40:00+00:00,19.540000000000003,6.8,3.4,0.6
2023-07-30 00:50:00+00:00,19.51,6.7,3.4,0.6
2023-07-30 01:00:00+00:00,19.48,6.6,3.4,0.6
2023-07-30 01:10:00+00:00,19.450000000000003,6.5,3.4,0.6
2023-07-30 01:20:00+00:00,19.42,6.4,3.4,0.6
2023-07-30 01:30:00+00:00,19.39,6.3,3.4,0.6
2023-07-30 01:40:00+00:00,19.36,6.2,3.4,0.6
2023-07-30 01:50:00+00:00,19.330000000000002,6.1,3.4,0.6
2023-07-30 02:00:00+00:00,19.3,6.0,3.4,0.6
2023-07-30 02:10:00+00:00,19.27,6.2,3.4,0.9249999999999999
2023-07-30 02:20:00+00:00,19.240000000000002,6.4,3.4,1.25
2023-07-30 02:30:00+00:00,19.21,6.6,3.4,1.5749999999999997
2023-07-30 02:40:00+00:00,19.18,6.8,3.4,1.9
2023-07-30 02:50:00+00:00,19.15,7.0,3.4,2.2249999999999996
2023-07-30 03:00:00+00:00,19.12,7.2,3.4,2.55
2023-07-30 03:10:00+00:00,19.09,7.4,3.4,2.8749999999999996
2023-07-30 03:20:00+00:00,19.06,7.6,3.4,3.1999999999999997
2023-07-30 03:30:00+00:00,19.03,7.8,3.4,3.525
2023-07-30 03:40:00+00:00,19.0,8.0,3.4,3.8499999999999996
2023-07-30 03:50:00+00:00,19.0,7.0,3.4,4.1
2023-07-30 04:00:00+00:00,19.0,7.0,3.4,4.1
2023-07-30 04:10:00+00:00,19.0,7.0,3.4,4.1
2023-07-30 04:20:00+00:00,18.9,5.0,3.4,4.1
2023-07-30 04:30:00+00:00,18.9,3.0,3.4,4.1
2023-07-30 04:40:00+00:00,18.9,3.0,3.3,4.1
2023-07-30 04:50:00+00:00,18.9,1.0,3.3,4.1
2023-07-30 05:00:00+00:00,18.9,3.0,3.3,4.1
2023-07-30 05:10:00+00:00,18.9,1.0,3.3,4.1
2023-07-30 05:20:00+00:00,18.9,1.0,3.3,4.1
2023-07-30 05:30:00+00:00,18.9,25.75,3.3,4.1
2023-07-30 05:40:00+00:00,18.9,50.5,3.3,4.2
2023-07-30 05:50:00+00:00,18.9,75.25,3.25,4.15
2023-07-30 06:00:00+00:00,18.9,100.0,3.2,4.1
2023-07-30 06:10:00+00:00,18.9,100.0,3.2,4.2
2023-07-30 06:20:00+00:00,18.9,100.0,3.1,4.1
2023-07-30 06:30:00+00:00,18.9,100.0,3.1,5.2
2023-07-30 06:40:00+00:00,19.0,100.0,3.1,5.7
2023-07-30 06:50:00+00:00,19.0,100.0,3.1,5.8
2023-07-30 07:00:00+00:00,19.0,100.0,3.1,5.0
2023-07-30 07:10:00+00:00,19.1,100.0,3.1,4.1
2023-07-30 07:20:00+00:00,19.1,100.0,3.1,5.9
2023-07-30 07:30:00+00:00,19.1,100.0,3.1,5.0
2023-07-30 07:40:00+00:00,19.1,100.0,3.1,4.1
2023-07-30 07:50:00+00:00,19.2,100.0,3.2,5.9
2023-07-30 08:00:00+00:00,19.3,100.0,3.1,6.2
2023-07-30 08:10:00+00:00,19.3,100.0,3.1,6.0
2023-07-30 08:20:00+00:00,19.4,100.0,3.1,6.0
2023-07-30 08:30:00+00:00,19.5,100.0,3.1,6.0
2023-07-30 08:40:00+00:00,19.5,100.0,3.1,6.0
2023-07-30 08:50:00+00:00,19.6,100.0,3.1,5.8
2023-07-30 09:00:00+00:00,19.7,100.0,3.1,6.0
2023-07-30 09:10:00+00:00,19.8,100.0,3.1,4.1
2023-07-30 09:20:00+00:00,19.85,100.0,3.1500000000000004,4.1
2023-07-30 09:30:00+00:00,19.9,100.0,3.2,4.1
2023-07-30 09:40:00+00:00,20.0,100.0,3.2,4.1
2023-07-30 09:50:00+00:00,20.0,100.0,3.2,4.1
2023-07-30 10:00:00+00:00,20.0,100.0,3.3,4.1
2023-07-30 10:10:00+00:00,20.1,100.0,3.2,5.9
2023-07-30 10:20:00+00:00,20.2,100.0,3.2,4.1
2023-07-30 10:30:00+00:00,20.2,100.0,3.2,4.1
2023-07-30 10:40:00+00:00,20.2,100.0,3.3,4.1
2023-07-30 10:50:00+00:00,20.3,100.0,3.3,5.9
2023-07-30 11:00:00+00:00,20.4,100.0,3.2,5.8
2023-07-30 11:10:00+00:00,20.45,100.0,3.2,5.85
2023-07-30 11:20:00+00:00,20.5,100.0,3.2,5.9
2023-07-30 11:30:00+00:00,20.5,100.0,3.2,4.1
2023-07-30 11:40:00+00:00,20.6,100.0,3.2,5.1
2023-07-30 11:50:00+00:00,20.7,100.0,3.2,5.7
2023-07-30 12:00:00+00:00,20.8,100.0,3.2,5.2
2023-07-30 12:10:00+00:00,20.8,100.0,3.2,5.6
2023-07-30 12:20:00+00:00,20.9,100.0,3.2,4.1
2023-07-30 12:30:00+00:00,21.0,100.0,3.2,4.8
2023-07-30 12:40:00+00:00,21.0,100.0,3.2,4.1
2023-07-30 12:50:00+00:00,21.1,100.0,3.2,4.1
2023-07-30 13:00:00+00:00,21.1,54.0,3.2,4.1
2023-07-30 13:10:00+00:00,21.1,8.0,3.2,4.1
2023-07-30 13:20:00+00:00,21.1,15.0,3.2,4.1
2023-07-30 13:30:00+00:00,21.1,21.0,3.2,4.1
2023-07-30 13:40:00+00:00,21.1,25.0,3.2,4.1
2023-07-30 13:50:00+00:00,21.1,29.0,3.2,4.1
2023-07-30 14:00:00+00:00,21.1,33.0,3.3,4.1
2023-07-30 14:10:00+00:00,21.1,34.0,3.3,4.1
2023-07-30 14:20:00+00:00,21.1,35.0,3.3,4.1
2023-07-30 14:30:00+00:00,21.1,40.0,3.2,4.1
2023-07-30 14:40:00+00:00,21.1,42.0,3.3,4.1
2023-07-30 14:50:00+00:00,21.1,41.5,3.3,4.1
2023-07-30 15:00:00+00:00,21.1,41.0,3.3,4.1
2023-07-30 15:10:00+00:00,21.1,41.0,3.3,4.1
2023-07-30 15:20:00+00:00,21.0,43.0,3.3,4.1
2023-07-30 15:30:00+00:00,21.0,41.0,3.3,4.1
2023-07-30 15:40:00+00:00,21.0,41.0,3.3,4.1
2023-07-30 15:50:00+00:00,21.0,41.0,3.3,4.1
2023-07-30 16:00:00+00:00,21.0,42.0,3.3,4.0
2023-07-30 16:10:00+00:00,21.0,42.0,3.3,4.1
2023-07-30 16:20:00+00:00,20.8,43.0,3.3,4.4
2023-07-30 16:30:00+00:00,20.8,46.0,3.3,5.7
2023-07-30 16:40:00+00:00,20.8,46.5,3.3499999999999996,5.6
2023-07-30 16:50:00+00:00,20.8,47.0,3.4,5.5
2023-07-30 17:00:00+00:00,20.8,49.0,3.3,4.7
2023-07-30 17:10:00+00:00,20.7,51.0,3.4,3.9
2023-07-30 17:20:00+00:00,20.7,52.0,3.4,4.2
2023-07-30 17:30:00+00:00,20.6,53.0,3.3,5.0
2023-07-30 17:40:00+00:00,20.6,53.0,3.3,4.8
2023-07-30 17:50:00+00:00,20.6,53.0,3.3,4.2
2023-07-30 18:00:00+00:00,20.5,53.0,3.3,4.1
2023-07-30 18:10:00+00:00,20.5,53.0,3.3,3.9
2023-07-30 18:20:00+00:00,20.5,54.0,3.4,3.5
2023-07-30 18:30:00+00:00,20.5,53.5,3.4,3.35
2023-07-30 18:40:00+00:00,20.5,53.0,3.4,3.2
2023-07-30 18:50:00+00:00,20.4,53.0,3.3,2.5
2023-07-30 19:00:00+00:00,20.4,53.0,3.4,1.7
2023-07-30 19:10:00+00:00,20.3,54.0,3.3,1.1
2023-07-30 19:20:00+00:00,20.3,53.0,3.3,0.8
2023-07-30 19:30:00+00:00,20.27,53.3,3.3099999999999996,0.78
2023-07-30 19:40:00+00:00,20.240000000000002,53.6,3.32,0.76
2023-07-30 19:50:00+00:00,20.21,53.9,3.33,0.74
2023-07-30 20:00:00+00:00,20.18,54.2,3.34,0.72
2023-07-30 20:10:00+00:00,20.15,54.5,3.3499999999999996,0.7
2023-07-30 20:20:00+00:00,20.12,54.8,3.36,0.6799999999999999
2023-07-30 20:30:00+00:00,20.09,55.1,3.37,0.66
2023-07-30 20:40:00+00:00,20.06,55.4,3.38,0.64
2023-07-30 20:50:00+00:00,20.03,55.7,3.3899999999999997,0.62
2023-07-30 21:00:00+00:00,20.0,56.0,3.4,0.6
2023-07-30 21:10:00+00:00,19.96923076923077,56.38461538461539,3.4,0.6
2023-07-30 21:20:00+00:00,19.93846153846154,56.76923076923077,3.4,0.6
2023-07-30 21:30:00+00:00,19.907692307692308,57.15384615384615,3.4,0.6
2023-07-30 21:40:00+00:00,19.876923076923077,57.53846153846154,3.4,0.6
2023-07-30 21:50:00+00:00,19.846153846153847,57.92307692307692,3.4,0.6
2023-07-30 22:00:00+00:00,19.815384615384616,58.30769230769231,3.4,0.6
2023-07-30 22:10:00+00:00,19.784615384615385,58.69230769230769,3.4,0.6
2023-07-30 22:20:00+00:00,19.753846153846155,59.07692307692308,3.4,0.6
2023-07-30 22:30:00+00:00,19.723076923076924,59.46153846153846,3.4,0.6
2023-07-30 22:40:00+00:00,19.692307692307693,59.84615384615385,3.4,0.6
2023-07-30 22:50:00+00:00,19.661538461538463,60.23076923076923,3.4,0.6
2023-07-30 23:00:00+00:00,19.630769230769232,60.61538461538461,3.4,0.6
2023-07-30 23:10:00+00:00,19.6,61.0,3.4,0.6
2023-07-30 23:20:00+00:00,19.57,60.2,3.4,0.6
2023-07-30 23:30:00+00:00,19.540000000000003,59.4,3.4,0.6
2023-07-30 23:40:00+00:00,19.51,58.6,3.4,0.6
2023-07-30 23:50:00+00:00,19.48,57.8,3.4,0.6
2023-07-31 00:00:00+00:00,19.450000000000003,57.0,3.4,0.6
2023-07-31 00:10:00+00:00,19.42,56.2,3.4,0.6
2023-07-31 00:20:00+00:00,19.39,55.4,3.4,0.6
2023-07-31 00:30:00+00:00,19.36,54.6,3.4,0.6
2023-07-31 00:40:00+00:00,19.330000000000002,53.8,3.4,0.6
2023-07-31 00:50:00+00:00,19.3,53.0,3.4,0.6
2023-07-31 01:00:00+00:00,19.28,53.1,3.4,0.61
2023-07-31 01:10:00+00:00,19.26,53.2,3.4,0.62
2023-07-31 01:20:00+00:00,19.240000000000002,53.3,3.4,0.63
2023-07-31 01:30:00+00:00,19.220000000000002,53.4,3.4,0.64
2023-07-31 01:40:00+00:00,19.200000000000003,53.5,3.4,0.6499999999999999
2023-07-31 01:50:00+00:00,19.18,53.6,3.4,0.6599999999999999
2023-07-31 02:00:00+00:00,19.16,53.7,3.4,0.6699999999999999
2023-07-31 02:10:00+00:00,19.14,53.8,3.4,0.6799999999999999
2023-07-31 02:20:00+00:00,19.12,53.9,3.4,0.69
2023-07-31 02:30:00+00:00,19.1,54.0,3.4,0.7
2023-07-31 02:40:00+00:00,19.07,54.0,3.4,1.04
2023-07-31 02:50:00+00:00,19.040000000000003,54.0,3.4,1.38
2023-07-31 03:00:00+00:00,19.01,54.0,3.4,1.72
2023-07-31 03:10:00+00:00,18.98,54.0,3.4,2.0599999999999996
2023-07-31 03:20:00+00:00,18.950000000000003,54.0,3.4,2.3999999999999995
2023-07-31 03:30:00+00:00,18.92,54.0,3.4,2.74
2023-07-31 03:40:00+00:00,18.89,54.0,3.4,3.08
2023-07-31 03:50:00+00:00,18.86,54.0,3.4,3.42
2023-07-31 04:00:00+00:00,18.830000000000002,54.0,3.4,3.76
2023-07-31 04:10:00+00:00,18.8,54.0,3.4,4.1
2023-07-31 04:20:00+00:00,18.6,54.0,3.4,4.1
2023-07-31 04:30:00+00:00,18.6,54.0,3.4,4.1
2023-07-31 04:40:00+00:00,18.6,53.0,3.4,4.1
2023-07-31 04:50:00+00:00,18.6,54.0,3.4,4.1
2023-07-31 05:00:00+00:00,18.6,53.0,3.3,4.1
2023-07-31 05:10:00+00:00,18.6,53.0,3.3,4.1
2023-07-31 05:20:00+00:00,18.5,53.0,3.2,4.1
2023-07-31 05:30:00+00:00,18.5,53.0,3.2,4.1
2023-07-31 05:40:00+00:00,18.5,53.0,3.2,4.1
2023-07-31 05:50:00+00:00,18.5,53.0,3.2,4.1
2023-07-31 06:00:00+00:00,18.5,53.0,3.2,4.1
2023-07-31 06:10:00+00:00,18.5,52.0,3.1,5.3
2023-07-31 06:20:00+00:00,18.5,51.0,3.2,5.7
2023-07-31 06:30:00+00:00,18.5,51.0,3.1,5.9
2023-07-31 06:40:00+00:00,18.6,57.0,3.2,5.9
2023-07-31 06:50:00+00:00,18.6,48.0,3.1,5.9
2023-07-31 07:00:00+00:00,18.6,47.0,3.2,5.9
2023-07-31 07:10:00+00:00,18.6,46.0,3.1,6.0
2023-07-31 07:20:00+00:00,18.65,46.0,3.1500000000000004,5.95
2023-07-31 07:30:00+00:00,18.7,46.0,3.2,5.9
2023-07-31 07:40:00+00:00,18.7,47.0,3.1,5.4
2023-07-31 07:50:00+00:00,18.8,48.0,3.2,5.9
2023-07-31 08:00:00+00:00,18.8,49.0,3.2,6.0
2023-07-31 08:10:00+00:00,18.9,48.0,3.2,6.0
2023-07-31 08:20:00+00:00,19.0,49.0,3.2,5.9
2023-07-31 08:30:00+00:00,19.1,49.0,3.2,5.9
2023-07-31 08:40:00+00:00,19.2,49.0,3.2,5.9
2023-07-31 08:50:00+00:00,19.3,49.0,3.2,5.9
2023-07-31 09:00:00+00:00,19.4,49.0,3.1,6.0
2023-07-31 09:10:00+00:00,19.45,49.0,3.1500000000000004,6.05
2023-07-31 09:20:00+00:00,19.5,49.0,3.2,6.1
2023-07-31 09:30:00+00:00,19.6,48.0,3.2,5.7
2023-07-31 09:40:00+00:00,19.7,48.0,3.2,5.9
2023-07-31 09:50:00+00:00,19.9,48.0,3.2,5.9
2023-07-31 10:00:00+00:00,20.0,47.0,3.2,5.9
2023-07-31 10:10:00+00:00,20.1,48.0,3.1,6.0
2023-07-31 10:20:00+00:00,20.3,48.0,3.1,5.8
2023-07-31 10:30:00+00:00,20.4,52.0,3.2,5.8
2023-07-31 10:40:00+00:00,20.5,49.0,3.1,5.8
2023-07-31 10:50:00+00:00,20.6,49.0,3.1,6.0
2023-07-31 11:00:00+00:00,20.65,48.5,3.1500000000000004,5.05
2023-07-31 11:10:00+00:00,20.7,48.0,3.2,4.1
2023-07-31 11:20:00+00:00,20.8,49.0,3.2,5.2
2023-07-31 11:30:00+00:00,20.9,48.0,3.2,4.1
2023-07-31 11:40:00+00:00,21.0,49.0,3.2,4.1
2023-07-31 11:50:00+00:00,21.0,49.0,3.2,4.1
2023-07-31 12:00:00+00:00,21.0,49.0,3.2,4.1
2023-07-31 12:10:00+00:00,21.1,49.0,3.2,4.1
2023-07-31 12:20:00+00:00,21.1,49.0,3.2,5.3
2023-07-31 12:30:00+00:00,21.1,49.0,3.2,4.1
2023-07-31 12:40:00+00:00,21.1,48.0,3.2,4.1
2023-07-31 12:50:00+00:00,21.1,48.5,3.2,4.1
2023-07-31 13:00:00+00:00,21.1,49.0,3.2,4.1
2023-07-31 13:10:00+00:00,21.1,49.0,3.2,4.1
2023-07-31 13:20:00+00:00,21.1,49.0,3.3,4.1
2023-07-31 13:30:00+00:00,21.1,49.0,3.2,4.1
2023-07-31 13:40:00+00:00,21.1,49.0,3.3,4.1
2023-07-31 13:50:00+00:00,21.1,50.0,3.2,4.1
2023-07-31 14:00:00+00:00,21.1,50.0,3.3,4.1
2023-07-31 14:10:00+00:00,21.0,50.0,3.3,4.1
2023-07-31 14:20:00+00:00,21.0,50.0,3.3,4.1
2023-07-31 14:30:00+00:00,21.0,50.0,3.3,4.1
2023-07-31 14:40:00+00:00,21.0,50.0,3.3,4.1
2023-07-31 14:50:00+00:00,21.0,50.0,3.3,4.1
2023-07-31 15:00:00+00:00,20.9,50.0,3.3,4.1
2023-07-31 15:10:00+00:00,20.9,50.0,3.3,4.1
2023-07-31 15:20:00+00:00,20.9,49.0,3.3,4.1
2023-07-31 15:30:00+00:00,20.8,50.0,3.3,4.1
2023-07-31 15:40:00+00:00,20.8,50.0,3.3,4.1
2023-07-31 15:50:00+00:00,20.8,50.0,3.3,4.1
2023-07-31 16:00:00+00:00,20.8,50.0,3.3,4.1
2023-07-31 16:10:00+00:00,20.7,50.0,3.3,4.1
2023-07-31 16:20:00+00:00,20.7,50.0,3.3,4.1
2023-07-31 16:30:00+00:00,20.65,50.0,3.3,4.1
2023-07-31 16:40:00+00:00,20.6,50.0,3.3,4.1
2023-07-31 16:50:00+00:00,20.6,50.0,3.3,4.1
2023-07-31 17:00:00+00:00,20.6,50.0,3.3,4.1
2023-07-31 17:10:00+00:00,20.6,50.0,3.3,4.1
2023-07-31 17:20:00+00:00,20.5,50.0,3.3,4.1
2023-07-31 17:30:00+00:00,20.5,50.0,3.3,4.1
2023-07-31 17:40:00+00:00,20.5,50.0,3.3,4.1
2023-07-31 17:50:00+00:00,20.5,50.0,3.3,4.0
2023-07-31 18:00:00+00:00,20.5,50.0,3.3,3.8
2023-07-31 18:10:00+00:00,20.4,50.0,3.3,3.8
2023-07-31 18:20:00+00:00,20.4,50.0,3.3,3.45
2023-07-31 18:30:00+00:00,20.4,50.0,3.3,3.1
2023-07-31 18:40:00+00:00,20.3,50.0,3.4,2.0
2023-07-31 18:50:00+00:00,20.3,50.0,3.3,2.1
2023-07-31 19:00:00+00:00,20.3,50.0,3.4,1.5
2023-07-31 19:10:00+00:00,20.3,50.0,3.4,0.8
2023-07-31 19:20:00+00:00,20.27,50.0,3.4,0.78
2023-07-31 19:30:00+00:00,20.240000000000002,50.0,3.4,0.76
2023-07-31 19:40:00+00:00,20.21,50.0,3.4,0.74
2023-07-31 19:50:00+00:00,20.18,50.0,3.4,0.72
2023-07-31 20:00:00+00:00,20.15,50.0,3.4,0.7
2023-07-31 20:10:00+00:00,20.12,50.0,3.4,0.6799999999999999
2023-07-31 20:20:00+00:00,20.09,50.0,3.4,0.66
2023-07-31 20:30:00+00:00,20.06,50.0,3.4,0.64
2023-07-31 20:40:00+00:00,20.03,50.0,3.4,0.62
2023-07-31 20:50:00+00:00,20.0,50.0,3.4,0.6
2023-07-31 21:00:00+00:00,19.984615384615385,50.0,3.3923076923076922,0.6
2023-07-31 21:10:00+00:00,19.96923076923077,50.0,3.3846153846153846,0.6
2023-07-31 21:20:00+00:00,19.953846153846154,50.0,3.376923076923077,0.6
2023-07-31 21:30:00+00:00,19.93846153846154,50.0,3.3692307692307693,0.6
2023-07-31 21:40:00+00:00,19.923076923076923,50.0,3.3615384615384616,0.6
2023-07-31 21:50:00+00:00,19.907692307692308,50.0,3.353846153846154,0.6
2023-07-31 22:00:00+00:00,19.892307692307693,50.0,3.346153846153846,0.6
2023-07-31 22:10:00+00:00,19.876923076923077,50.0,3.338461538461538,0.6
2023-07-31 22:20:00+00:00,19.861538461538462,50.0,3.3307692307692305,0.6
2023-07-31 22:30:00+00:00,19.846153846153847,50.0,3.323076923076923,0.6
2023-07-31 22:40:00+00:00,19.83076923076923,50.0,3.315384615384615,0.6
2023-07-31 22:50:00+00:00,19.815384615384616,50.0,3.3076923076923075,0.6
2023-07-31 23:00:00+00:00,19.8,50.0,3.3,0.6
2023-07-31 23:10:00+00:00,19.78,50.0,3.3099999999999996,0.6
2023-07-31 23:20:00+00:00,19.76,50.0,3.32,0.6
2023-07-31 23:30:00+00:00,19.740000000000002,50.0,3.33,0.6
2023-07-31 23:40:00+00:00,19.720000000000002,50.0,3.34,0.6
2023-07-31 23:50:00+00:00,19.700000000000003,50.0,3.3499999999999996,0.6
2023-08-01 00:00:00+00:00,19.68,50.0,3.36,0.6
2023-08-01 00:10:00+00:00,19.66,50.0,3.37,0.6
2023-08-01 00:20:00+00:00,19.64,50.0,3.38,0.6
2023-08-01 00:30:00+00:00,19.62,50.0,3.3899999999999997,0.6
2023-08-01 00:40:00+00:00,19.6,50.0,3.4,0.6
2023-08-01 00:50:00+00:00,19.57,50.0,3.4,0.6
2023-08-01 01:00:00+00:00,19.540000000000003,50.0,3.4,0.6
2023-08-01 01:10:00+00:00,19.51,50.0,3.4,0.6
2023-08-01 01:20:00+00:00,19.48,50.0,3.4,0.6
2023-08-01 01:30:00+00:00,19.450000000000003,50.0,3.4,0.6
2023-08-01 01:40:00+00:00,19.42,50.0,3.4,0.6
2023-08-01 01:50:00+00:00,19.39,50.0,3.4,0.6
2023-08-01 02:00:00+00:00,19.36,50.0,3.4,0.6
2023-08-01 02:10:00+00:00,19.330000000000002,50.0,3.4,0.6
2023-08-01 02:20:00+00:00,19.3,50.0,3.4,0.6
2023-08-01 02:30:00+00:00,19.29,49.5,3.4,0.8999999999999999
2023-08-01 02:40:00+00:00,19.28,49.0,3.4,1.2
2023-08-01 02:50:00+00:00,19.27,48.5,3.4,1.5
2023-08-01 03:00:00+00:00,19.26,48.0,3.4,1.7999999999999998
2023-08-01 03:10:00+00:00,19.25,47.5,3.4,2.1
2023-08-01 03:20:00+00:00,19.24,47.0,3.4,2.4
2023-08-01 03:30:00+00:00,19.23,46.5,3.4,2.7
2023-08-01 03:40:00+00:00,19.22,46.0,3.4,3.0
2023-08-01 03:50:00+00:00,19.21,45.5,3.4,3.3
2023-08-01 04:00:00+00:00,19.2,45.0,3.4,3.6
2023-08-01 04:10:00+00:00,19.1,45.0,3.4,4.1
2023-08-01 04:20:00+00:00,19.1,45.0,3.4,4.1
2023-08-01 04:30:00+00:00,19.1,44.0,3.4,4.1
2023-08-01 04:40:00+00:00,19.1,45.0,3.4,4.1
2023-08-01 04:50:00+00:00,19.1,45.0,3.4,4.1
2023-08-01 05:00:00+00:00,19.1,44.0,3.4,4.1
2023-08-01 05:10:00+00:00,19.1,44.0,3.4,4.1
2023-08-01 05:20:00+00:00,19.1,44.0,3.3,4.1
2023-08-01 05:30:00+00:00,19.1,44.0,3.3499999999999996,4.1
2023-08-01 05:40:00+00:00,19.1,44.0,3.4,4.1
2023-08-01 05:50:00+00:00,19.1,44.0,3.4,4.1
2023-08-01 06:00:00+00:00,19.1,45.0,3.3,4.1
2023-08-01 06:10:00+00:00,19.1,44.0,3.4,4.1
2023-08-01 06:20:00+00:00,19.1,44.0,3.4,4.1
2023-08-01 06:30:00+00:00,19.1,44.0,3.3,4.1
2023-08-01 06:40:00+00:00,19.1,44.0,3.3,4.1
2023-08-01 06:50:00+00:00,19.1,44.0,3.3,4.1
2023-08-01 07:00:00+00:00,19.1,44.0,3.4,4.1
2023-08-01 07:10:00+00:00,19.1,44.0,3.3499999999999996,4.1
2023-08-01 07:20:00+00:00,19.1,44.0,3.3,4.1
2023-08-01 07:30:00+00:00,19.1,44.0,3.3,4.1
2023-08-01 07:40:00+00:00,19.1,44.0,3.4,4.1
2023-08-01 07:50:00+00:00,19.1,44.0,3.4,4.1
2023-08-01 08:00:00+00:00,19.1,44.0,3.3,4.1
2023-08-01 08:10:00+00:00,19.1,44.0,3.3,4.1
2023-08-01 08:20:00+00:00,19.1,43.0,3.3,4.1
2023-08-01 08:30:00+00:00,19.1,43.0,3.3,4.1
2023-08-01 08:40:00+00:00,19.1,43.0,3.3,4.1
2023-08-01 08:50:00+00:00,19.1,43.0,3.3,4.1
2023-08-01 09:00:00+00:00,19.1,42.5,3.3,4.1
2023-08-01 09:10:00+00:00,19.1,42.0,3.3,4.1
2023-08-01 09:20:00+00:00,19.2,42.0,3.3,4.1
2023-08-01 09:30:00+00:00,19.2,43.0,3.3,4.1
2023-08-01 09:40:00+00:00,19.2,43.0,3.3,4.1
2023-08-01 09:50:00+00:00,19.2,42.0,3.3,4.1
2023-08-01 10:00:00+00:00,19.3,43.0,3.3,4.1
2023-08-01 10:10:00+00:00,19.3,42.0,3.3,4.1
2023-08-01 10:20:00+00:00,19.3,42.0,3.3,4.1
2023-08-01 10:30:00+00:00,19.3,42.0,3.3,4.1
2023-08-01 10:40:00+00:00,19.3,42.0,3.3,4.1
2023-08-01 10:50:00+00:00,19.3,41.5,3.3,4.1
2023-08-01 11:00:00+00:00,19.3,41.0,3.3,4.1
2023-08-01 11:10:00+00:00,19.3,42.0,3.3,4.1
2023-08-01 11:20:00+00:00,19.3,41.0,3.3,4.1
2023-08-01 11:30:00+00:00,19.4,41.0,3.3,4.1
2023-08-01 11:40:00+00:00,19.4,41.0,3.3,4.1
2023-08-01 11:50:00+00:00,19.4,41.0,3.3,4.1
2023-08-01 12:00:00+00:00,19.4,41.0,3.3,4.1
2023-08-01 12:10:00+00:00,19.5,41.0,3.3,4.1
2023-08-01 12:20:00+00:00,19.5,41.0,3.3,4.1
2023-08-01 12:30:00+00:00,19.5,41.0,3.3,4.1
2023-08-01 12:40:00+00:00,19.5,41.0,3.3,4.1
2023-08-01 12:50:00+00:00,19.5,41.0,3.3,4.1
2023-08-01 13:00:00+00:00,19.5,41.0,3.3,4.1
2023-08-01 13:10:00+00:00,19.5,40.0,3.3,4.1
2023-08-01 13:20:00+00:00,19.5,40.0,3.3,4.1
2023-08-01 13:30:00+00:00,19.5,41.0,3.3,4.1
2023-08-01 13:40:00+00:00,19.5,41.0,3.3,4.1
2023-08-01 13:50:00+00:00,19.5,41.0,3.3,4.1
2023-08-01 14:00:00+00:00,19.5,41.0,3.3,4.1
2023-08-01 14:10:00+00:00,19.5,41.0,3.3,4.1
2023-08-01 14:20:00+00:00,19.5,42.0,3.3,4.1
2023-08-01 14:30:00+00:00,19.5,42.0,3.3499999999999996,4.1
2023-08-01 14:40:00+00:00,19.5,42.0,3.4,4.1
2023-08-01 14:50:00+00:00,19.5,46.0,3.4,4.1
2023-08-01 15:00:00+00:00,19.5,49.0,3.4,4.1
2023-08-01 15:10:00+00:00,19.5,52.0,3.3,4.1
2023-08-01 15:20:00+00:00,19.5,53.0,3.3,4.1
2023-08-01 15:30:00+00:00,19.5,54.0,3.3,4.1
2023-08-01 15:40:00+00:00,19.5,56.0,3.3,4.1
2023-08-01 15:50:00+00:00,19.5,56.0,3.3,4.1
2023-08-01 16:00:00+00:00,19.5,57.0,3.3,4.1
2023-08-01 16:10:00+00:00,19.6,57.0,3.3,4.1
2023-08-01 16:20:00+00:00,19.55,57.0,3.3,4.1
2023-08-01 16:30:00+00:00,19.5,57.0,3.3,4.1
2023-08-01 16:40:00+00:00,19.6,57.0,3.3,4.1
2023-08-01 16:50:00+00:00,19.6,57.0,3.3,4.1
2023-08-01 17:00:00+00:00,19.6,57.0,3.3,4.1
2023-08-01 17:10:00+00:00,19.6,57.0,3.3,4.1
2023-08-01 17:20:00+00:00,19.6,57.0,3.3,4.1
2023-08-01 17:30:00+00:00,19.6,57.0,3.3,4.1
2023-08-01 17:40:00+00:00,19.6,57.0,3.3,3.8
2023-08-01 17:50:00+00:00,19.6,57.0,3.3,2.9
2023-08-01 18:00:00+00:00,19.5,56.0,3.3,2.6
2023-08-01 18:10:00+00:00,19.5,56.5,3.3,2.8
2023-08-01 18:20:00+00:00,19.5,57.0,3.3,3.0
2023-08-01 18:30:00+00:00,19.5,65.0,3.3,3.3
2023-08-01 18:40:00+00:00,19.5,68.0,3.3,2.6
2023-08-01 18:50:00+00:00,19.5,68.0,3.3,1.7
2023-08-01 19:00:00+00:00,19.5,66.0,3.4,1.2
2023-08-01 19:10:00+00:00,19.5,66.0,3.4,0.6
2023-08-01 19:20:00+00:00,19.476923076923075,65.92307692307692,3.4,0.6
2023-08-01 19:30:00+00:00,19.453846153846154,65.84615384615384,3.4,0.6
2023-08-01 19:40:00+00:00,19.43076923076923,65.76923076923077,3.4,0.6
2023-08-01 19:50:00+00:00,19.407692307692308,65.6923076923077,3.4,0.6
2023-08-01 20:00:00+00:00,19.384615384615383,65.61538461538461,3.4,0.6
2023-08-01 20:10:00+00:00,19.361538461538462,65.53846153846153,3.4,0.6
2023-08-01 20:20:00+00:00,19.338461538461537,65.46153846153847,3.4,0.6
2023-08-01 20:30:00+00:00,19.315384615384616,65.38461538461539,3.4,0.6
2023-08-01 20:40:00+00:00,19.29230769230769,65.3076923076923,3.4,0.6
2023-08-01 20:50:00+00:00,19.26923076923077,65.23076923076923,3.4,0.6
2023-08-01 21:00:00+00:00,19.246153846153845,65.15384615384616,3.4,0.6
2023-08-01 21:10:00+00:00,19.223076923076924,65.07692307692308,3.4,0.6
2023-08-01 21:20:00+00:00,19.2,65.0,3.4,0.6
2023-08-01 21:30:00+00:00,19.18,64.7,3.4,0.58
2023-08-01 21:40:00+00:00,19.16,64.4,3.4,0.5599999999999999
2023-08-01 21:50:00+00:00,19.14,64.1,3.4,0.54
2023-08-01 22:00:00+00:00,19.12,63.8,3.4,0.52
2023-08-01 22:10:00+00:00,19.1,63.5,3.4,0.5
2023-08-01 22:20:00+00:00,19.08,63.2,3.4,0.48
2023-08-01 22:30:00+00:00,19.06,62.9,3.4,0.45999999999999996
2023-08-01 22:40:00+00:00,19.04,62.6,3.4,0.44
2023-08-01 22:50:00+00:00,19.02,62.3,3.4,0.42000000000000004
2023-08-01 23:00:00+00:00,19.0,62.0,3.4,0.4
2023-08-01 23:10:00+00:00,18.97,61.6,3.4,0.42000000000000004
2023-08-01 23:20:00+00:00,18.94,61.2,3.4,0.44
2023-08-01 23:30:00+00:00,18.91,60.8,3.4,0.46
2023-08-01 23:40:00+00:00,18.88,60.4,3.4,0.48
2023-08-01 23:50:00+00:00,18.85,60.0,3.4,0.5
2023-08-02 00:00:00+00:00,18.82,59.6,3.4,0.52
2023-08-02 00:10:00+00:00,18.79,59.2,3.4,0.54
2023-08-02 00:20:00+00:00,18.759999999999998,58.8,3.4,0.56
2023-08-02 00:30:00+00:00,18.73,58.4,3.4,0.58
2023-08-02 00:40:00+00:00,18.7,58.0,3.4,0.6
2023-08-02 00:50:00+00:00,18.68,57.8,3.4,0.58
2023-08-02 01:00:00+00:00,18.66,57.6,3.4,0.5599999999999999
2023-08-02 01:10:00+00:00,18.64,57.4,3.4,0.54
2023-08-02 01:20:00+00:00,18.62,57.2,3.4,0.52
2023-08-02 01:30:00+00:00,18.6,57.0,3.4,0.5
2023-08-02 01:40:00+00:00,18.58,56.8,3.4,0.48
2023-08-02 01:50:00+00:00,18.56,56.6,3.4,0.45999999999999996
2023-08-02 02:00:00+00:00,18.54,56.4,3.4,0.44
2023-08-02 02:10:00+00:00,18.52,56.2,3.4,0.42000000000000004
2023-08-02 02:20:00+00:00,18.5,56.0,3.4,0.4
2023-08-02 02:30:00+00:00,18.47,55.9,3.4,0.77
2023-08-02 02:40:00+00:00,18.44,55.8,3.4,1.1400000000000001
2023-08-02 02:50:00+00:00,18.41,55.7,3.4,1.5099999999999998
2023-08-02 03:00:00+00:00,18.38,55.6,3.4,1.88
2023-08-02 03:10:00+00:00,18.35,55.5,3.4,2.25
2023-08-02 03:20:00+00:00,18.32,55.4,3.4,2.6199999999999997
2023-08-02 03:30:00+00:00,18.29,55.3,3.4,2.9899999999999998
2023-08-02 03:40:00+00:00,18.259999999999998,55.2,3.4,3.36
2023-08-02 03:50:00+00:00,18.23,55.1,3.4,3.73
2023-08-02 04:00:00+00:00,18.2,55.0,3.4,4.1
2023-08-02 04:10:00+00:00,18.2,54.0,3.4,4.1
2023-08-02 04:20:00+00:00,18.1,54.0,3.4,4.1
2023-08-02 04:30:00+00:00,18.1,54.0,3.4,4.1
2023-08-02 04:40:00+00:00,18.1,54.0,3.4,4.1
2023-08-02 04:50:00+00:00,18.1,53.0,3.4,4.1
2023-08-02 05:00:00+00:00,18.1,53.0,3.3,4.1
2023-08-02 05:10:00+00:00,18.1,53.0,3.3,4.1
2023-08-02 05:20:00+00:00,18.1,53.5,3.3,4.15
2023-08-02 05:30:00+00:00,18.1,54.0,3.3,4.2
2023-08-02 05:40:00+00:00,18.1,53.0,3.3,4.1
2023-08-02 05:50:00+00:00,18.1,53.0,3.2,4.1
2023-08-02 06:00:00+00:00,18.1,53.0,3.2,4.2
2023-08-02 06:10:00+00:00,18.1,52.0,3.2,4.1
2023-08-02 06:20:00+00:00,18.2,52.0,3.2,4.1
2023-08-02 06:30:00+00:00,18.2,52.0,3.2,4.1
2023-08-02 06:40:00+00:00,18.2,52.0,3.3,4.1
2023-08-02 06:50:00+00:00,18.3,52.0,3.3,4.2
2023-08-02 07:00:00+00:00,18.3,51.5,3.25,4.2
2023-08-02 07:10:00+00:00,18.3,51.0,3.2,4.2
2023-08-02 07:20:00+00:00,18.3,50.0,3.2,4.2
2023-08-02 07:30:00+00:00,18.4,50.0,3.2,4.2
2023-08-02 07:40:00+00:00,18.5,49.0,3.2,4.1
2023-08-02 07:50:00+00:00,18.5,53.0,3.2,4.2
2023-08-02 08:00:00+00:00,18.5,50.0,3.2,4.1
2023-08-02 08:10:00+00:00,18.6,48.0,3.3,4.1
2023-08-02 08:20:00+00:00,18.6,47.0,3.3,5.2
2023-08-02 08:30:00+00:00,18.7,47.0,3.2,6.2
2023-08-02 08:40:00+00:00,18.8,47.0,3.2,5.6
2023-08-02 08:50:00+00:00,18.85,47.0,3.2,5.699999999999999
2023-08-02 09:00:00+00:00,18.9,47.0,3.2,5.8
2023-08-02 09:10:00+00:00,19.0,47.0,3.3,5.2
2023-08-02 09:20:00+00:00,19.1,46.0,3.3,4.9
2023-08-02 09:30:00+00:00,19.1,45.0,3.3,5.0
2023-08-02 09:40:00+00:00,19.2,46.0,3.3,4.1
2023-08-02 09:50:00+00:00,19.3,46.0,3.3,6.1
2023-08-02 10:00:00+00:00,19.4,45.0,3.3,6.0
2023-08-02 10:10:00+00:00,19.5,46.0,3.2,4.1
2023-08-02 10:20:00+00:00,19.5,45.0,3.3,5.5
2023-08-02 10:30:00+00:00,19.6,45.0,3.3,4.2
2023-08-02 10:40:00+00:00,19.65,45.0,3.3,4.4
2023-08-02 10:50:00+00:00,19.7,45.0,3.3,4.6
2023-08-02 11:00:00+00:00,19.8,46.0,3.3,4.1
2023-08-02 11:10:00+00:00,19.8,45.0,3.3,5.2
2023-08-02 11:20:00+00:00,19.9,45.0,3.2,4.8
2023-08-02 11:30:00+00:00,20.0,45.0,3.3,5.5
2023-08-02 11:40:00+00:00,20.0,45.0,3.3,4.1
2023-08-02 11:50:00+00:00,20.1,45.0,3.2,5.7
2023-08-02 12:00:00+00:00,20.1,45.0,3.2,5.7
2023-08-02 12:10:00+00:00,20.3,44.0,3.3,5.4
2023-08-02 12:20:00+00:00,20.3,44.0,3.2,4.1
2023-08-02 12:30:00+00:00,20.35,44.0,3.2,4.1
2023-08-02 12:40:00+00:00,20.4,44.0,3.2,4.1
2023-08-02 12:50:00+00:00,20.5,45.0,3.3,4.1
2023-08-02 13:00:00+00:00,20.5,45.0,3.3,4.1
2023-08-02 13:10:00+00:00,20.5,45.0,3.3,4.1
2023-08-02 13:20:00+00:00,20.5,46.0,3.3,4.1
2023-08-02 13:30:00+00:00,20.6,45.0,3.3,4.1
2023-08-02 13:40:00+00:00,20.6,46.0,3.3,4.1
2023-08-02 13:50:00+00:00,20.6,46.0,3.3,4.1
2023-08-02 14:00:00+00:00,20.6,46.0,3.3,4.1
2023-08-02 14:10:00+00:00,20.6,46.0,3.3,4.1
2023-08-02 14:20:00+00:00,20.6,46.0,3.3,4.1
2023-08-02 14:30:00+00:00,20.6,46.0,3.3,4.1
2023-08-02 14:40:00+00:00,20.6,46.0,3.3,4.1
2023-08-02 14:50:00+00:00,20.6,46.0,3.3,4.1
2023-08-02 15:00:00+00:00,20.6,46.0,3.3,4.1
2023-08-02 15:10:00+00:00,20.5,46.0,3.3,4.1
2023-08-02 15:20:00+00:00,20.5,46.0,3.3,4.1
2023-08-02 15:30:00+00:00,20.5,46.0,3.3,4.1
2023-08-02 15:40:00+00:00,20.5,46.0,3.3,4.1
2023-08-02 15:50:00+00:00,20.5,46.0,3.3,4.1
2023-08-02 16:00:00+00:00,20.5,46.0,3.3,4.1
2023-08-02 16:10:00+00:00,20.45,46.0,3.3,4.1
2023-08-02 16:20:00+00:00,20.4,46.0,3.3,4.1
2023-08-02 16:30:00+00:00,20.4,46.0,3.3,4.1
2023-08-02 16:40:00+00:00,20.4,46.0,3.3,4.1
2023-08-02 16:50:00+00:00,20.3,46.0,3.3,4.1
2023-08-02 17:00:00+00:00,20.3,47.0,3.3,4.1
2023-08-02 17:10:00+00:00,20.3,47.0,3.3,4.1
2023-08-02 17:20:00+00:00,20.3,47.0,3.3,4.1
2023-08-02 17:30:00+00:00,20.3,47.0,3.3,4.1
2023-08-02 17:40:00+00:00,20.2,47.0,3.3,4.1
2023-08-02 17:50:00+00:00,20.2,46.0,3.3,4.1
2023-08-02 18:00:00+00:00,20.2,46.5,3.3,4.0
2023-08-02 18:10:00+00:00,20.2,47.0,3.3,3.9
2023-08-02 18:20:00+00:00,20.1,47.0,3.3,3.9
2023-08-02 18:30:00+00:00,20.1,47.0,3.3,3.3
2023-08-02 18:40:00+00:00,20.1,47.0,3.3,2.7
2023-08-02 18:50:00+00:00,20.1,47.0,3.3,2.0
2023-08-02 19:00:00+00:00,20.0,47.0,3.3,1.3
2023-08-02 19:10:00+00:00,20.0,47.0,3.4,0.6
2023-08-02 19:20:00+00:00,19.97,47.2,3.3899999999999997,0.6
2023-08-02 19:30:00+00:00,19.94,47.4,3.38,0.6
2023-08-02 19:40:00+00:00,19.91,47.6,3.37,0.6
2023-08-02 19:50:00+00:00,19.88,47.8,3.36,0.6
2023-08-02 20:00:00+00:00,19.85,48.0,3.3499999999999996,0.6
2023-08-02 20:10:00+00:00,19.82,48.2,3.34,0.6
2023-08-02 20:20:00+00:00,19.79,48.4,3.33,0.6
2023-08-02 20:30:00+00:00,19.759999999999998,48.6,3.32,0.6
2023-08-02 20:40:00+00:00,19.73,48.8,3.3099999999999996,0.6
2023-08-02 20:50:00+00:00,19.7,49.0,3.3,0.6
2023-08-02 21:00:00+00:00,19.68,49.0,3.3,0.6
2023-08-02 21:10:00+00:00,19.66,49.0,3.3,0.6
2023-08-02 21:20:00+00:00,19.64,49.0,3.3,0.6
2023-08-02 21:30:00+00:00,19.62,49.0,3.3,0.6
2023-08-02 21:40:00+00:00,19.6,49.0,3.3,0.6
2023-08-02 21:50:00+00:00,19.58,49.0,3.3,0.6
2023-08-02 22:00:00+00:00,19.56,49.0,3.3,0.6
2023-08-02 22:10:00+00:00,19.54,49.0,3.3,0.6
2023-08-02 22:20:00+00:00,19.52,49.0,3.3,0.6
2023-08-02 22:30:00+00:00,19.5,49.0,3.3,0.6
2023-08-02 22:40:00+00:00,19.48,49.0,3.3,0.6
2023-08-02 22:50:00+00:00,19.46,49.0,3.3,0.6
2023-08-02 23:00:00+00:00,19.44,49.0,3.3,0.6
2023-08-02 23:10:00+00:00,19.42,49.0,3.3,0.6
2023-08-02 23:20:00+00:00,19.4,49.0,3.3,0.6
2023-08-02 23:30:00+00:00,19.38,49.0,3.3,0.6
2023-08-02 23:40:00+00:00,19.36,49.0,3.3,0.6
2023-08-02 23:50:00+00:00,19.34,49.0,3.3,0.6
2023-08-03 00:00:00+00:00,19.32,49.0,3.3,0.6
2023-08-03 00:10:00+00:00,19.3,49.0,3.3,0.6
2023-08-03 00:20:00+00:00,19.285714285714285,48.92857142857143,3.3,0.6
2023-08-03 00:30:00+00:00,19.271428571428572,48.857142857142854,3.3,0.6
2023-08-03 00:40:00+00:00,19.25714285714286,48.785714285714285,3.3,0.6
2023-08-03 00:50:00+00:00,19.242857142857144,48.714285714285715,3.3,0.6
2023-08-03 01:00:00+00:00,19.228571428571428,48.642857142857146,3.3,0.6
2023-08-03 01:10:00+00:00,19.214285714285715,48.57142857142857,3.3,0.6
2023-08-03 01:20:00+00:00,19.200000000000003,48.5,3.3,0.6
2023-08-03 01:30:00+00:00,19.185714285714287,48.42857142857143,3.3,0.6
2023-08-03 01:40:00+00:00,19.17142857142857,48.357142857142854,3.3,0.6
2023-08-03 01:50:00+00:00,19.15714285714286,48.285714285714285,3.3,0.6
2023-08-03 02:00:00+00:00,19.142857142857146,48.214285714285715,3.3,0.6
2023-08-03 02:10:00+00:00,19.12857142857143,48.142857142857146,3.3,0.6
2023-08-03 02:20:00+00:00,19.114285714285714,48.07142857142857,3.3,0.6
2023-08-03 02:30:00+00:00,19.1,48.0,3.3,0.6
2023-08-03 02:40:00+00:00,19.085,47.75,3.3,0.95
2023-08-03 02:50:00+00:00,19.07,47.5,3.3,1.2999999999999998
2023-08-03 03:00:00+00:00,19.055,47.25,3.3,1.65
2023-08-03 03:10:00+00:00,19.04,47.0,3.3,2.0
2023-08-03 03:20:00+00:00,19.025,46.75,3.3,2.35
2023-08-03 03:30:00+00:00,19.01,46.5,3.3,2.6999999999999997
2023-08-03 03:40:00+00:00,18.995,46.25,3.3,3.05
2023-08-03 03:50:00+00:00,18.98,46.0,3.3,3.4
2023-08-03 04:00:00+00:00,18.965,45.75,3.3,3.75
2023-08-03 04:10:00+00:00,18.95,45.5,3.3,4.1
2023-08-03 04:20:00+00:00,18.9,46.0,3.4,4.1
2023-08-03 04:30:00+00:00,18.9,46.0,3.3,4.1
2023-08-03 04:40:00+00:00,18.9,46.0,3.4,4.1
2023-08-03 04:50:00+00:00,18.9,46.0,3.4,4.1
2023-08-03 05:00:00+00:00,18.9,46.0,3.4,4.1
2023-08-03 05:10:00+00:00,18.9,45.5,3.4,4.1
2023-08-03 05:20:00+00:00,18.9,45.0,3.4,4.1
2023-08-03 05:30:00+00:00,18.8,45.0,3.3,4.1
2023-08-03 05:40:00+00:00,18.8,45.0,3.3499999999999996,4.1
2023-08-03 05:50:00+00:00,18.8,45.0,3.4,4.1
2023-08-03 06:00:00+00:00,18.8,45.0,3.4,4.1
2023-08-03 06:10:00+00:00,18.9,44.0,3.4,4.1
2023-08-03 06:20:00+00:00,18.8,44.0,3.3,4.1
2023-08-03 06:30:00+00:00,18.9,44.0,3.3,4.1
2023-08-03 06:40:00+00:00,18.9,44.0,3.3,4.1
2023-08-03 06:50:00+00:00,18.9,43.5,3.3,4.15
2023-08-03 07:00:00+00:00,18.9,43.0,3.3,4.2
2023-08-03 07:10:00+00:00,19.0,42.0,3.2,4.1
2023-08-03 07:20:00+00:00,19.0,41.0,3.2,4.2
2023-08-03 07:30:00+00:00,19.0,40.0,3.2,4.2
2023-08-03 07:40:00+00:00,19.0,39.0,3.1,4.2
2023-08-03 07:50:00+00:00,19.1,39.0,3.1,4.1
2023-08-03 08:00:00+00:00,19.1,39.0,3.2,4.1
2023-08-03 08:10:00+00:00,19.2,39.0,3.2,4.1
2023-08-03 08:20:00+00:00,19.3,38.0,3.2,6.0
2023-08-03 08:30:00+00:00,19.3,37.0,3.2,4.1
2023-08-03 08:40:00+00:00,19.4,36.5,3.1500000000000004,4.75
2023-08-03 08:50:00+00:00,19.5,36.0,3.1,5.4
2023-08-03 09:00:00+00:00,19.5,36.0,3.2,5.6
2023-08-03 09:10:00+00:00,19.6,36.0,3.2,6.0
2023-08-03 09:20:00+00:00,19.7,35.0,3.2,6.0
2023-08-03 09:30:00+00:00,19.8,35.0,3.1,5.9
2023-08-03 09:40:00+00:00,20.0,35.0,3.2,5.0
2023-08-03 09:50:00+00:00,20.05,35.0,3.2,4.55
2023-08-03 10:00:00+00:00,20.1,35.0,3.2,4.1
2023-08-03 10:10:00+00:00,20.3,34.0,3.2,5.8
2023-08-03 10:20:00+00:00,20.3,34.0,3.2,5.9
2023-08-03 10:30:00+00:00,20.4,34.0,3.2,5.95
2023-08-03 10:40:00+00:00,20.5,34.0,3.2,6.0
2023-08-03 10:50:00+00:00,20.6,33.0,3.2,4.1
2023-08-03 11:00:00+00:00,20.7,34.0,3.2,4.1
2023-08-03 11:10:00+00:00,20.7,34.0,3.2,4.1
2023-08-03 11:20:00+00:00,20.8,35.0,3.2,6.0
2023-08-03 11:30:00+00:00,21.0,35.0,3.2,5.8
2023-08-03 11:40:00+00:00,21.0,35.0,3.2,4.1
2023-08-03 11:50:00+00:00,21.1,36.0,3.2,4.1
2023-08-03 12:00:00+00:00,21.2,36.0,3.2,5.4
2023-08-03 12:10:00+00:00,21.3,37.0,3.2,4.1
2023-08-03 12:20:00+00:00,21.3,36.0,3.2,4.1
2023-08-03 12:30:00+00:00,21.3,35.0,3.2,4.1
2023-08-03 12:40:00+00:00,21.3,35.0,3.3,4.0
2023-08-03 12:50:00+00:00,21.3,37.0,3.3,4.0
2023-08-03 13:00:00+00:00,21.2,38.0,3.4,3.9
2023-08-03 13:10:00+00:00,21.2,64.0,3.4,3.7
2023-08-03 13:20:00+00:00,21.2,65.0,3.4,4.1
2023-08-03 13:30:00+00:00,21.1,65.0,3.4,5.5
2023-08-03 13:40:00+00:00,21.1,64.0,3.4,5.7
2023-08-03 13:50:00+00:00,21.1,63.0,3.4,5.4
2023-08-03 14:00:00+00:00,21.0,63.0,3.3,5.6
2023-08-03 14:10:00+00:00,21.0,64.0,3.3,5.4
2023-08-03 14:20:00+00:00,21.0,65.0,3.3,5.2
2023-08-03 14:30:00+00:00,21.0,63.0,3.3,5.5
2023-08-03 14:40:00+00:00,20.9,64.0,3.3,5.1
2023-08-03 14:50:00+00:00,20.9,63.0,3.3,4.4
2023-08-03 15:00:00+00:00,20.8,65.0,3.3,5.2
2023-08-03 15:10:00+00:00,20.8,63.0,3.3,4.9
2023-08-03 15:20:00+00:00,20.8,63.0,3.3,3.9
2023-08-03 15:30:00+00:00,20.8,64.0,3.3,4.9
2023-08-03 15:40:00+00:00,20.7,67.0,3.3,5.2
2023-08-03 15:50:00+00:00,20.6,66.0,3.3,4.1
2023-08-03 16:00:00+00:00,20.6,66.0,3.3,4.1
2023-08-03 16:10:00+00:00,20.6,66.0,3.3,4.1
2023-08-03 16:20:00+00:00,20.6,73.0,3.3,4.1
2023-08-03 16:30:00+00:00,20.6,70.0,3.3,4.1
2023-08-03 16:40:00+00:00,20.5,75.0,3.4,4.1
2023-08-03 16:50:00+00:00,20.5,74.0,3.3,4.1
2023-08-03 17:00:00+00:00,20.5,74.0,3.3,4.1
2023-08-03 17:10:00+00:00,20.5,73.0,3.4,4.1
2023-08-03 17:20:00+00:00,20.4,72.0,3.3,4.1
2023-08-03 17:30:00+00:00,20.4,71.0,3.3,4.1
2023-08-03 17:40:00+00:00,20.3,71.0,3.3,4.1
2023-08-03 17:50:00+00:00,20.3,70.5,3.3499999999999996,4.1
2023-08-03 18:00:00+00:00,20.3,70.0,3.4,4.1
2023-08-03 18:10:00+00:00,20.3,69.0,3.4,3.8
2023-08-03 18:20:00+00:00,20.3,67.0,3.4,3.8
2023-08-03 18:30:00+00:00,20.2,68.0,3.4,3.3
2023-08-03 18:40:00+00:00,20.1,67.0,3.4,3.0
2023-08-03 18:50:00+00:00,20.1,67.0,3.4,1.9
2023-08-03 19:00:00+00:00,20.1,65.0,3.4,1.1
2023-08-03 19:10:00+00:00,20.0,67.0,3.4,0.8
2023-08-03 19:20:00+00:00,19.97,66.4,3.4,0.78
2023-08-03 19:30:00+00:00,19.94,65.8,3.4,0.76
2023-08-03 19:40:00+00:00,19.91,65.2,3.4,0.74
2023-08-03 19:50:00+00:00,19.88,64.6,3.4,0.72
2023-08-03 20:00:00+00:00,19.85,64.0,3.4,0.7
2023-08-03 20:10:00+00:00,19.82,63.4,3.4,0.6799999999999999
2023-08-03 20:20:00+00:00,19.79,62.8,3.4,0.66
2023-08-03 20:30:00+00:00,19.759999999999998,62.2,3.4,0.64
2023-08-03 20:40:00+00:00,19.73,61.6,3.4,0.62
2023-08-03 20:50:00+00:00,19.7,61.0,3.4,0.6
2023-08-03 21:00:00+00:00,19.66,60.6,3.4,0.58
2023-08-03 21:10:00+00:00,19.62,60.2,3.4,0.5599999999999999
2023-08-03 21:20:00+00:00,19.58,59.8,3.4,0.54
2023-08-03 21:30:00+00:00,19.54,59.4,3.4,0.52
2023-08-03 21:40:00+00:00,19.5,59.0,3.4,0.5
2023-08-03 21:50:00+00:00,19.46,58.6,3.4,0.48
2023-08-03 22:00:00+00:00,19.42,58.2,3.4,0.45999999999999996
2023-08-03 22:10:00+00:00,19.38,57.8,3.4,0.44
2023-08-03 22:20:00+00:00,19.34,57.4,3.4,0.42000000000000004
2023-08-03 22:30:00+00:00,19.3,57.0,3.4,0.4
2023-08-03 22:40:00+00:00,19.285714285714285,56.857142857142854,3.4,0.4142857142857143
2023-08-03 22:50:00+00:00,19.271428571428572,56.714285714285715,3.4,0.4285714285714286
2023-08-03 23:00:00+00:00,19.25714285714286,56.57142857142857,3.4,0.44285714285714284
2023-08-03 23:10:00+00:00,19.242857142857144,56.42857142857143,3.4,0.45714285714285713
2023-08-03 23:20:00+00:00,19.228571428571428,56.285714285714285,3.4,0.4714285714285714
2023-08-03 23:30:00+00:00,19.214285714285715,56.142857142857146,3.4,0.4857142857142857
2023-08-03 23:40:00+00:00,19.200000000000003,56.0,3.4,0.5
2023-08-03 23:50:00+00:00,19.185714285714287,55.857142857142854,3.4,0.5142857142857142
2023-08-04 00:00:00+00:00,19.17142857142857,55.714285714285715,3.4,0.5285714285714286
2023-08-04 00:10:00+00:00,19.15714285714286,55.57142857142857,3.4,0.5428571428571428
2023-08-04 00:20:00+00:00,19.142857142857146,55.42857142857143,3.4,0.5571428571428572
2023-08-04 00:30:00+00:00,19.12857142857143,55.285714285714285,3.4,0.5714285714285714
2023-08-04 00:40:00+00:00,19.114285714285714,55.142857142857146,3.4,0.5857142857142856
2023-08-04 00:50:00+00:00,19.1,55.0,3.4,0.6
2023-08-04 01:00:00+00:00,19.080000000000002,54.8,3.4,0.6
2023-08-04 01:10:00+00:00,19.060000000000002,54.6,3.4,0.6
2023-08-04 01:20:00+00:00,19.04,54.4,3.4,0.6
2023-08-04 01:30:00+00:00,19.02,54.2,3.4,0.6
2023-08-04 01:40:00+00:00,19.0,54.0,3.4,0.6
2023-08-04 01:50:00+00:00,18.98,53.8,3.4,0.6
2023-08-04 02:00:00+00:00,18.96,53.6,3.4,0.6
2023-08-04 02:10:00+00:00,18.939999999999998,53.4,3.4,0.6
2023-08-04 02:20:00+00:00,18.919999999999998,53.2,3.4,0.6
2023-08-04 02:30:00+00:00,18.9,53.0,3.4,0.6
2023-08-04 02:40:00+00:00,18.884999999999998,52.85,3.4,0.95
2023-08-04 02:50:00+00:00,18.869999999999997,52.7,3.4,1.2999999999999998
2023-08-04 03:00:00+00:00,18.855,52.55,3.4,1.65
2023-08-04 03:10:00+00:00,18.84,52.4,3.4,2.0
2023-08-04 03:20:00+00:00,18.825,52.25,3.4,2.35
2023-08-04 03:30:00+00:00,18.81,52.1,3.4,2.6999999999999997
2023-08-04 03:40:00+00:00,18.794999999999998,51.95,3.4,3.05
2023-08-04 03:50:00+00:00,18.78,51.8,3.4,3.4
2023-08-04 04:00:00+00:00,18.765,51.65,3.4,3.75
2023-08-04 04:10:00+00:00,18.75,51.5,3.4,4.1
2023-08-04 04:20:00+00:00,18.7,51.0,3.4,4.1
2023-08-04 04:30:00+00:00,18.7,51.0,3.4,4.1
2023-08-04 04:40:00+00:00,18.7,51.0,3.3,4.1
2023-08-04 04:50:00+00:00,18.7,51.0,3.4,4.1
2023-08-04 05:00:00+00:00,18.7,51.0,3.3499999999999996,4.1
2023-08-04 05:10:00+00:00,18.7,51.0,3.3,4.1
2023-08-04 05:20:00+00:00,18.7,51.0,3.3,4.1
2023-08-04 05:30:00+00:00,18.7,50.0,3.3,4.1
2023-08-04 05:40:00+00:00,18.7,50.0,3.2,4.2
2023-08-04 05:50:00+00:00,18.7,50.0,3.2,4.1
2023-08-04 06:00:00+00:00,18.7,50.0,3.2,4.2
2023-08-04 06:10:00+00:00,18.7,49.0,3.2,4.1
2023-08-04 06:20:00+00:00,18.8,49.0,3.2,4.2
2023-08-04 06:30:00+00:00,18.8,49.0,3.2,5.6
2023-08-04 06:40:00+00:00,18.8,49.0,3.2,4.85
2023-08-04 06:50:00+00:00,18.8,49.0,3.2,4.1
2023-08-04 07:00:00+00:00,18.8,49.0,3.2,4.2
2023-08-04 07:10:00+00:00,18.8,48.0,3.2,6.0
2023-08-04 07:20:00+00:00,18.9,48.0,3.2,4.1
2023-08-04 07:30:00+00:00,18.9,48.0,3.2,5.9
2023-08-04 07:40:00+00:00,19.0,47.0,3.2,5.9
2023-08-04 07:50:00+00:00,19.0,47.0,3.2,5.9
2023-08-04 08:00:00+00:00,19.1,47.0,3.2,6.0
2023-08-04 08:10:00+00:00,19.1,46.0,3.2,6.0
2023-08-04 08:20:00+00:00,19.2,47.0,3.2,6.1
2023-08-04 08:30:00+00:00,19.25,46.5,3.2,6.0
2023-08-04 08:40:00+00:00,19.3,46.0,3.2,5.9
2023-08-04 08:50:00+00:00,19.5,46.0,3.2,5.8
2023-08-04 09:00:00+00:00,19.5,45.0,3.2,5.9
2023-08-04 09:10:00+00:00,19.6,45.0,3.2,5.9
2023-08-04 09:20:00+00:00,19.8,44.0,3.2,5.9
2023-08-04 09:30:00+00:00,19.9,45.0,3.2,4.1
2023-08-04 09:40:00+00:00,20.0,45.0,3.2,4.1
2023-08-04 09:50:00+00:00,20.1,45.0,3.2,6.0
2023-08-04 10:00:00+00:00,20.3,45.0,3.2,4.8
2023-08-04 10:10:00+00:00,20.5,45.0,3.2,5.6
2023-08-04 10:20:00+00:00,20.5,45.0,3.2,4.85
2023-08-04 10:30:00+00:00,20.5,45.0,3.2,4.1
2023-08-04 10:40:00+00:00,20.6,45.0,3.2,4.1
2023-08-04 10:50:00+00:00,20.7,46.0,3.2,4.1
2023-08-04 11:00:00+00:00,20.8,46.0,3.2,4.1
2023-08-04 11:10:00+00:00,20.8,46.0,3.2,4.1
2023-08-04 11:20:00+00:00,20.9,46.0,3.3,6.0
2023-08-04 11:30:00+00:00,21.0,46.0,3.2,5.8
2023-08-04 11:40:00+00:00,21.0,46.0,3.2,4.1
2023-08-04 11:50:00+00:00,21.0,46.0,3.2,4.1
2023-08-04 12:00:00+00:00,21.0,46.0,3.3,4.1
2023-08-04 12:10:00+00:00,21.0,46.0,3.3,4.1
2023-08-04 12:20:00+00:00,21.0,46.0,3.3,4.1
2023-08-04 12:30:00+00:00,21.0,46.0,3.3,4.1
2023-08-04 12:40:00+00:00,21.0,47.0,3.3,4.1
2023-08-04 12:50:00+00:00,21.0,47.0,3.3,4.1
2023-08-04 13:00:00+00:00,21.0,47.0,3.3,4.1
2023-08-04 13:10:00+00:00,21.0,47.0,3.3,4.1
2023-08-04 13:20:00+00:00,21.0,47.0,3.3,4.1
2023-08-04 13:30:00+00:00,20.9,47.0,3.3,4.1
2023-08-04 13:40:00+00:00,20.9,47.0,3.3,4.1
2023-08-04 13:50:00+00:00,20.9,47.0,3.3,4.1
2023-08-04 14:00:00+00:00,20.9,47.0,3.3,4.1
2023-08-04 14:10:00+00:00,20.9,47.0,3.3,4.1
2023-08-04 14:20:00+00:00,20.8,47.0,3.3,4.1
2023-08-04 14:30:00+00:00,20.8,47.0,3.3,4.1
2023-08-04 14:40:00+00:00,20.8,47.0,3.3,4.1
2023-08-04 14:50:00+00:00,20.8,47.0,3.3,4.1
2023-08-04 15:00:00+00:00,20.8,47.0,3.3,4.1
2023-08-04 15:10:00+00:00,20.8,47.0,3.3,4.2
2023-08-04 15:20:00+00:00,20.8,48.0,3.3,4.1
2023-08-04 15:30:00+00:00,20.8,47.0,3.3,4.1
2023-08-04 15:40:00+00:00,20.8,47.0,3.3,4.1
2023-08-04 15:50:00+00:00,20.75,47.5,3.3,4.1
2023-08-04 16:00:00+00:00,20.7,48.0,3.3,4.1
2023-08-04 16:10:00+00:00,20.7,48.0,3.3,4.1
2023-08-04 16:20:00+00:00,20.6,48.0,3.3,4.1
2023-08-04 16:30:00+00:00,20.6,48.0,3.3,4.1
2023-08-04 16:40:00+00:00,20.6,49.0,3.3,4.1
2023-08-04 16:50:00+00:00,20.6,49.0,3.3,4.1
2023-08-04 17:00:00+00:00,20.6,49.0,3.3,4.1
2023-08-04 17:10:00+00:00,20.5,49.0,3.3,4.1
2023-08-04 17:20:00+00:00,20.5,50.0,3.3,4.1
2023-08-04 17:30:00+00:00,20.5,49.0,3.4,4.1
2023-08-04 17:40:00+00:00,20.5,49.5,3.4,4.1
2023-08-04 17:50:00+00:00,20.5,50.0,3.4,4.1
2023-08-04 18:00:00+00:00,20.4,50.0,3.4,4.1
2023-08-04 18:10:00+00:00,20.4,50.0,3.4,4.1
2023-08-04 18:20:00+00:00,20.3,50.0,3.4,4.1
2023-08-04 18:30:00+00:00,20.3,50.0,3.4,3.7
2023-08-04 18:40:00+00:00,20.3,50.0,3.4,3.2
2023-08-04 18:50:00+00:00,20.3,50.0,3.4,2.5
2023-08-04 19:00:00+00:00,20.2,50.0,3.4,1.2
2023-08-04 19:10:00+00:00,20.1,50.0,3.4,0.8
2023-08-04 19:20:00+00:00,20.07,50.1,3.4,0.78
2023-08-04 19:30:00+00:00,20.040000000000003,50.2,3.4,0.76
2023-08-04 19:40:00+00:00,20.01,50.3,3.4,0.74
2023-08-04 19:50:00+00:00,19.98,50.4,3.4,0.72
2023-08-04 20:00:00+00:00,19.950000000000003,50.5,3.4,0.7
2023-08-04 20:10:00+00:00,19.92,50.6,3.4,0.6799999999999999
2023-08-04 20:20:00+00:00,19.89,50.7,3.4,0.66
2023-08-04 20:30:00+00:00,19.86,50.8,3.4,0.64
2023-08-04 20:40:00+00:00,19.830000000000002,50.9,3.4,0.62
2023-08-04 20:50:00+00:00,19.8,51.0,3.4,0.6
2023-08-04 21:00:00+00:00,19.77857142857143,51.0,3.4,0.6
2023-08-04 21:10:00+00:00,19.757142857142856,51.0,3.4,0.6
2023-08-04 21:20:00+00:00,19.735714285714288,51.0,3.4,0.6
2023-08-04 21:30:00+00:00,19.714285714285715,51.0,3.4,0.6
2023-08-04 21:40:00+00:00,19.692857142857143,51.0,3.4,0.6
2023-08-04 21:50:00+00:00,19.67142857142857,51.0,3.4,0.6
2023-08-04 22:00:00+00:00,19.65,51.0,3.4,0.6
2023-08-04 22:10:00+00:00,19.62857142857143,51.0,3.4,0.6
2023-08-04 22:20:00+00:00,19.607142857142858,51.0,3.4,0.6
2023-08-04 22:30:00+00:00,19.585714285714285,51.0,3.4,0.6
2023-08-04 22:40:00+00:00,19.564285714285713,51.0,3.4,0.6
2023-08-04 22:50:00+00:00,19.542857142857144,51.0,3.4,0.6
2023-08-04 23:00:00+00:00,19.521428571428572,51.0,3.4,0.6
2023-08-04 23:10:00+00:00,19.5,51.0,3.4,0.6
2023-08-04 23:20:00+00:00,19.46,51.5,3.4,0.6
2023-08-04 23:30:00+00:00,19.42,52.0,3.4,0.6
2023-08-04 23:40:00+00:00,19.38,52.5,3.4,0.6
2023-08-04 23:50:00+00:00,19.34,53.0,3.4,0.6
2023-08-05 00:00:00+00:00,19.3,53.5,3.4,0.6
2023-08-05 00:10:00+00:00,19.26,54.0,3.4,0.6
2023-08-05 00:20:00+00:00,19.220000000000002,54.5,3.4,0.6
2023-08-05 00:30:00+00:00,19.18,55.0,3.4,0.6
2023-08-05 00:40:00+00:00,19.14,55.5,3.4,0.6
2023-08-05 00:50:00+00:00,19.1,56.0,3.4,0.6
2023-08-05 01:00:00+00:00,19.07,55.5,3.4,0.6
2023-08-05 01:10:00+00:00,19.040000000000003,55.0,3.4,0.6
2023-08-05 01:20:00+00:00,19.01,54.5,3.4,0.6
2023-08-05 01:30:00+00:00,18.98,54.0,3.4,0.6
2023-08-05 01:40:00+00:00,18.950000000000003,53.5,3.4,0.6
2023-08-05 01:50:00+00:00,18.92,53.0,3.4,0.6
2023-08-05 02:00:00+00:00,18.89,52.5,3.4,0.6
2023-08-05 02:10:00+00:00,18.86,52.0,3.4,0.6
2023-08-05 02:20:00+00:00,18.830000000000002,51.5,3.4,0.6
2023-08-05 02:30:00+00:00,18.8,51.0,3.4,0.6
2023-08-05 02:40:00+00:00,18.77,50.9,3.405,0.95
2023-08-05 02:50:00+00:00,18.740000000000002,50.8,3.41,1.2999999999999998
2023-08-05 03:00:00+00:00,18.71,50.7,3.415,1.65
2023-08-05 03:10:00+00:00,18.68,50.6,3.42,2.0
2023-08-05 03:20:00+00:00,18.65,50.5,3.425,2.35
2023-08-05 03:30:00+00:00,18.62,50.4,3.43,2.6999999999999997
2023-08-05 03:40:00+00:00,18.59,50.3,3.435,3.05
2023-08-05 03:50:00+00:00,18.56,50.2,3.44,3.4
2023-08-05 04:00:00+00:00,18.53,50.1,3.4450000000000003,3.75
2023-08-05 04:10:00+00:00,18.5,50.0,3.45,4.1
2023-08-05 04:20:00+00:00,18.4,50.0,3.4,4.1
2023-08-05 04:30:00+00:00,18.4,50.0,3.4,4.1
2023-08-05 04:40:00+00:00,18.4,50.0,3.4,4.1
2023-08-05 04:50:00+00:00,18.35,49.5,3.4,4.1
2023-08-05 05:00:00+00:00,18.3,49.0,3.4,4.1
2023-08-05 05:10:00+00:00,18.3,49.0,3.4,4.1
2023-08-05 05:20:00+00:00,18.3,49.0,3.3,4.1
2023-08-05 05:30:00+00:00,18.3,49.0,3.2,4.1
2023-08-05 05:40:00+00:00,18.3,49.0,3.2,4.2
2023-08-05 05:50:00+00:00,18.3,49.0,3.2,4.1
2023-08-05 06:00:00+00:00,18.3,48.0,3.2,4.1
2023-08-05 06:10:00+00:00,18.3,48.0,3.2,4.1
2023-08-05 06:20:00+00:00,18.4,49.0,3.3,4.1
2023-08-05 06:30:00+00:00,18.4,49.0,3.3,4.1
2023-08-05 06:40:00+00:00,18.4,49.0,3.3,4.1
2023-08-05 06:50:00+00:00,18.4,48.0,3.3,4.1
2023-08-05 07:00:00+00:00,18.5,48.0,3.3,4.1
2023-08-05 07:10:00+00:00,18.5,48.0,3.3,4.1
2023-08-05 07:20:00+00:00,18.5,48.0,3.3,4.1
2023-08-05 07:30:00+00:00,18.6,48.0,3.3,4.1
2023-08-05 07:40:00+00:00,18.6,48.0,3.3,4.1
2023-08-05 07:50:00+00:00,18.6,47.0,3.3,4.1
2023-08-05 08:00:00+00:00,18.7,47.0,3.3,4.1
2023-08-05 08:10:00+00:00,18.8,47.0,3.2,4.1
2023-08-05 08:20:00+00:00,18.8,47.0,3.25,4.1
2023-08-05 08:30:00+00:00,18.8,47.0,3.3,4.1
2023-08-05 08:40:00+00:00,18.8,47.0,3.3,4.1
2023-08-05 08:50:00+00:00,18.9,47.0,3.3,4.1
2023-08-05 09:00:00+00:00,18.9,47.0,3.3,4.1
2023-08-05 09:10:00+00:00,19.0,47.0,3.3,4.1
2023-08-05 09:20:00+00:00,19.0,47.0,3.3,4.1
2023-08-05 09:30:00+00:00,19.1,47.0,3.3,4.1
2023-08-05 09:40:00+00:00,19.1,47.0,3.3,4.1
2023-08-05 09:50:00+00:00,19.1,47.0,3.3,4.1
2023-08-05 10:00:00+00:00,19.1,47.0,3.3,4.1
2023-08-05 10:10:00+00:00,19.15,47.0,3.3,4.1
2023-08-05 10:20:00+00:00,19.2,47.0,3.3,4.1
2023-08-05 10:30:00+00:00,19.2,47.0,3.3,4.1
2023-08-05 10:40:00+00:00,19.3,47.0,3.3,4.1
2023-08-05 10:50:00+00:00,19.3,47.0,3.3,4.1
2023-08-05 11:00:00+00:00,19.3,47.0,3.3,4.1
2023-08-05 11:10:00+00:00,19.3,46.0,3.3,4.1
2023-08-05 11:20:00+00:00,19.3,46.0,3.3,4.1
2023-08-05 11:30:00+00:00,19.3,47.0,3.3,4.1
2023-08-05 11:40:00+00:00,19.4,47.0,3.3,5.3
2023-08-05 11:50:00+00:00,19.5,46.0,3.3,4.8
2023-08-05 12:00:00+00:00,19.5,46.0,3.3,4.449999999999999
2023-08-05 12:10:00+00:00,19.5,46.0,3.3,4.1
2023-08-05 12:20:00+00:00,19.5,46.0,3.3,4.1
2023-08-05 12:30:00+00:00,19.5,46.0,3.4,4.1
2023-08-05 12:40:00+00:00,19.5,46.0,3.4,4.1
2023-08-05 12:50:00+00:00,19.6,46.0,3.4,4.1
2023-08-05 13:00:00+00:00,19.6,46.0,3.4,4.1
2023-08-05 13:10:00+00:00,19.6,46.0,3.5,4.1
2023-08-05 13:20:00+00:00,19.6,46.0,3.5,4.1
2023-08-05 13:30:00+00:00,19.6,46.0,3.5,4.1
2023-08-05 13:40:00+00:00,19.6,47.0,3.5,4.1
2023-08-05 13:50:00+00:00,19.6,46.5,3.5,4.1
2023-08-05 14:00:00+00:00,19.6,46.0,3.5,4.1
2023-08-05 14:10:00+00:00,19.6,46.0,3.5,4.1
2023-08-05 14:20:00+00:00,19.6,46.0,3.5,4.1
2023-08-05 14:30:00+00:00,19.6,46.0,3.4,4.1
2023-08-05 14:40:00+00:00,19.6,46.0,3.4,4.1
2023-08-05 14:50:00+00:00,19.6,46.0,3.4,4.1
2023-08-05 15:00:00+00:00,19.6,46.0,3.4,4.1
2023-08-05 15:10:00+00:00,19.6,46.0,3.4,4.1
2023-08-05 15:20:00+00:00,19.6,46.0,3.4,4.1
2023-08-05 15:30:00+00:00,19.6,46.0,3.4,4.1
2023-08-05 15:40:00+00:00,19.6,46.0,3.4,4.1
2023-08-05 15:50:00+00:00,19.6,46.0,3.4,4.1
2023-08-05 16:00:00+00:00,19.6,46.0,3.4,4.1
2023-08-05 16:10:00+00:00,19.6,46.0,3.4,4.1
2023-08-05 16:20:00+00:00,19.6,46.0,3.4,4.1
2023-08-05 16:30:00+00:00,19.5,46.0,3.4,4.1
2023-08-05 16:40:00+00:00,19.5,47.0,3.4,4.1
2023-08-05 16:50:00+00:00,19.5,46.0,3.4,4.1
2023-08-05 17:00:00+00:00,19.5,46.0,3.4,4.1
2023-08-05 17:10:00+00:00,19.5,47.0,3.4,4.1
2023-08-05 17:20:00+00:00,19.5,47.0,3.4,4.1
2023-08-05 17:30:00+00:00,19.5,47.0,3.4,4.0
2023-08-05 17:40:00+00:00,19.5,47.0,3.4,3.9
2023-08-05 17:50:00+00:00,19.5,46.0,3.4,3.6
2023-08-05 18:00:00+00:00,19.4,47.0,3.4,3.0
2023-08-05 18:10:00+00:00,19.4,47.0,3.4,2.9
2023-08-05 18:20:00+00:00,19.4,47.0,3.4,2.2
2023-08-05 18:30:00+00:00,19.4,47.0,3.4,1.8
2023-08-05 18:40:00+00:00,19.3,47.0,3.4,1.0
2023-08-05 18:50:00+00:00,19.3,46.0,3.4,0.8
2023-08-05 19:00:00+00:00,19.28,46.1,3.4,0.76
2023-08-05 19:10:00+00:00,19.26,46.2,3.4,0.7200000000000001
2023-08-05 19:20:00+00:00,19.240000000000002,46.3,3.4,0.68
2023-08-05 19:30:00+00:00,19.220000000000002,46.4,3.4,0.64
2023-08-05 19:40:00+00:00,19.200000000000003,46.5,3.4,0.6000000000000001
2023-08-05 19:50:00+00:00,19.18,46.6,3.4,0.56
2023-08-05 20:00:00+00:00,19.16,46.7,3.4,0.52
2023-08-05 20:10:00+00:00,19.14,46.8,3.4,0.48000000000000004
2023-08-05 20:20:00+00:00,19.12,46.9,3.4,0.44000000000000006
2023-08-05 20:30:00+00:00,19.1,47.0,3.4,0.4
2023-08-05 20:40:00+00:00,19.09,47.1,3.4,0.42000000000000004
2023-08-05 20:50:00+00:00,19.080000000000002,47.2,3.4,0.44
2023-08-05 21:00:00+00:00,19.07,47.3,3.4,0.46
2023-08-05 21:10:00+00:00,19.060000000000002,47.4,3.4,0.48
2023-08-05 21:20:00+00:00,19.05,47.5,3.4,0.5
2023-08-05 21:30:00+00:00,19.04,47.6,3.4,0.52
2023-08-05 21:40:00+00:00,19.03,47.7,3.4,0.54
2023-08-05 21:50:00+00:00,19.02,47.8,3.4,0.56
2023-08-05 22:00:00+00:00,19.01,47.9,3.4,0.58
2023-08-05 22:10:00+00:00,19.0,48.0,3.4,0.6
2023-08-05 22:20:00+00:00,18.985714285714288,48.142857142857146,3.4,0.6
2023-08-05 22:30:00+00:00,18.97142857142857,48.285714285714285,3.4,0.6
2023-08-05 22:40:00+00:00,18.957142857142856,48.42857142857143,3.4,0.6
2023-08-05 22:50:00+00:00,18.942857142857143,48.57142857142857,3.4,0.6
2023-08-05 23:00:00+00:00,18.92857142857143,48.714285714285715,3.4,0.6
2023-08-05 23:10:00+00:00,18.914285714285715,48.857142857142854,3.4,0.6
2023-08-05 23:20:00+00:00,18.9,49.0,3.4,0.6
2023-08-05 23:30:00+00:00,18.885714285714286,49.142857142857146,3.4,0.6
2023-08-05 23:40:00+00:00,18.871428571428574,49.285714285714285,3.4,0.6
2023-08-05 23:50:00+00:00,18.857142857142858,49.42857142857143,3.4,0.6
2023-08-06 00:00:00+00:00,18.84285714285714,49.57142857142857,3.4,0.6
2023-08-06 00:10:00+00:00,18.82857142857143,49.714285714285715,3.4,0.6
2023-08-06 00:20:00+00:00,18.814285714285717,49.857142857142854,3.4,0.6
2023-08-06 00:30:00+00:00,18.8,50.0,3.4,0.6
2023-08-06 00:40:00+00:00,18.78,51.3,3.4,0.6
2023-08-06 00:50:00+00:00,18.76,52.6,3.4,0.6
2023-08-06 01:00:00+00:00,18.740000000000002,53.9,3.4,0.6
2023-08-06 01:10:00+00:00,18.720000000000002,55.2,3.4,0.6
2023-08-06 01:20:00+00:00,18.700000000000003,56.5,3.4,0.6
2023-08-06 01:30:00+00:00,18.68,57.8,3.4,0.6
2023-08-06 01:40:00+00:00,18.66,59.1,3.4,0.6
2023-08-06 01:50:00+00:00,18.64,60.4,3.4,0.6
2023-08-06 02:00:00+00:00,18.62,61.7,3.4,0.6
2023-08-06 02:10:00+00:00,18.6,63.0,3.4,0.6
2023-08-06 02:20:00+00:00,18.575000000000003,63.7,3.4,0.735
2023-08-06 02:30:00+00:00,18.55,64.4,3.4,0.87
2023-08-06 02:40:00+00:00,18.525000000000002,65.1,3.4,1.005
2023-08-06 02:50:00+00:00,18.5,65.8,3.4,1.1400000000000001
2023-08-06 03:00:00+00:00,18.475,66.5,3.4,1.275
2023-08-06 03:10:00+00:00,18.450000000000003,67.2,3.4,1.4100000000000001
2023-08-06 03:20:00+00:00,18.425,67.9,3.4,1.545
2023-08-06 03:30:00+00:00,18.400000000000002,68.6,3.4,1.6800000000000002
2023-08-06 03:40:00+00:00,18.375,69.3,3.4,1.815
2023-08-06 03:50:00+00:00,18.35,70.0,3.4,1.9500000000000002
2023-08-06 04:00:00+00:00,18.3,70.0,3.4,2.9
2023-08-06 04:10:00+00:00,18.3,69.0,3.4,3.1
2023-08-06 04:20:00+00:00,18.3,69.0,3.4,3.2
2023-08-06 04:30:00+00:00,18.3,69.0,3.4,3.3
2023-08-06 04:40:00+00:00,18.3,69.0,3.4,3.25
2023-08-06 04:50:00+00:00,18.3,69.0,3.4,3.2
2023-08-06 05:00:00+00:00,18.3,68.0,3.3,3.4
2023-08-06 05:10:00+00:00,18.3,69.0,3.4,3.1
2023-08-06 05:20:00+00:00,18.2,69.0,3.4,3.6
2023-08-06 05:30:00+00:00,18.2,68.0,3.4,3.7
2023-08-06 05:40:00+00:00,18.2,68.0,3.4,3.7
2023-08-06 05:50:00+00:00,18.2,69.0,3.3,4.1
2023-08-06 06:00:00+00:00,18.2,70.0,3.3,4.1
2023-08-06 06:10:00+00:00,18.2,72.0,3.4,4.1
2023-08-06 06:20:00+00:00,18.2,71.0,3.4,3.9
2023-08-06 06:30:00+00:00,18.2,71.0,3.3499999999999996,3.9
2023-08-06 06:40:00+00:00,18.2,71.0,3.3,3.9
2023-08-06 06:50:00+00:00,18.2,71.0,3.4,3.6
2023-08-06 07:00:00+00:00,18.2,70.0,3.3,4.1
2023-08-06 07:10:00+00:00,18.2,70.0,3.4,4.1
2023-08-06 07:20:00+00:00,18.2,70.0,3.3,4.1
2023-08-06 07:30:00+00:00,18.2,70.0,3.3,4.1
2023-08-06 07:40:00+00:00,18.2,69.0,3.3,4.1
2023-08-06 07:50:00+00:00,18.2,69.0,3.3,4.1
2023-08-06 08:00:00+00:00,18.2,67.0,3.3,4.1
2023-08-06 08:10:00+00:00,18.2,67.0,3.3,4.1
2023-08-06 08:20:00+00:00,18.2,67.0,3.3,4.1
2023-08-06 08:30:00+00:00,18.2,66.0,3.3,4.1
2023-08-06 08:40:00+00:00,18.3,66.0,3.3,4.1
2023-08-06 08:50:00+00:00,18.3,66.0,3.3,4.1
2023-08-06 09:00:00+00:00,18.3,65.0,3.3,4.1
2023-08-06 09:10:00+00:00,18.3,65.0,3.3,4.1
2023-08-06 09:20:00+00:00,18.3,65.0,3.3,4.1
2023-08-06 09:30:00+00:00,18.3,65.0,3.3,4.1
2023-08-06 09:40:00+00:00,18.3,65.0,3.3,4.1
2023-08-06 09:50:00+00:00,18.3,65.0,3.3,4.1
2023-08-06 10:00:00+00:00,18.3,65.5,3.3,4.1
2023-08-06 10:10:00+00:00,18.3,66.0,3.3,4.1
2023-08-06 10:20:00+00:00,18.4,64.0,3.3,4.1
2023-08-06 10:30:00+00:00,18.4,64.0,3.3,4.1
2023-08-06 10:40:00+00:00,18.4,64.0,3.3,4.1
2023-08-06 10:50:00+00:00,18.4,64.0,3.3,4.1
2023-08-06 11:00:00+00:00,18.5,64.0,3.3,4.1
2023-08-06 11:10:00+00:00,18.5,64.0,3.3,4.1
2023-08-06 11:20:00+00:00,18.5,64.0,3.3,4.1
2023-08-06 11:30:00+00:00,18.5,63.0,3.3,4.1
2023-08-06 11:40:00+00:00,18.5,63.0,3.3,4.1
2023-08-06 11:50:00+00:00,18.55,63.0,3.3,4.1
2023-08-06 12:00:00+00:00,18.6,63.0,3.3,4.1
2023-08-06 12:10:00+00:00,18.6,63.0,3.3,4.1
2023-08-06 12:20:00+00:00,18.6,62.0,3.3,4.1
2023-08-06 12:30:00+00:00,18.6,62.0,3.3,4.1
2023-08-06 12:40:00+00:00,18.7,61.0,3.2,4.1
2023-08-06 12:50:00+00:00,18.7,60.0,3.2,4.1
2023-08-06 13:00:00+00:00,18.8,60.0,3.2,4.1
2023-08-06 13:10:00+00:00,18.8,60.0,3.2,4.1
2023-08-06 13:20:00+00:00,18.8,59.0,3.3,4.1
2023-08-06 13:30:00+00:00,18.9,59.0,3.2,4.1
2023-08-06 13:40:00+00:00,18.9,59.0,3.2,4.1
2023-08-06 13:50:00+00:00,18.9,59.0,3.2,4.1
2023-08-06 14:00:00+00:00,19.0,58.0,3.2,4.1
2023-08-06 14:10:00+00:00,19.0,59.0,3.2,4.1
2023-08-06 14:20:00+00:00,19.0,58.0,3.2,4.1
2023-08-06 14:30:00+00:00,19.1,61.0,3.2,4.1
2023-08-06 14:40:00+00:00,19.1,58.0,3.2,4.1
2023-08-06 14:50:00+00:00,19.1,58.0,3.2,4.1
2023-08-06 15:00:00+00:00,19.1,58.0,3.2,4.1
2023-08-06 15:10:00+00:00,19.2,57.0,3.3,4.0
2023-08-06 15:20:00+00:00,19.2,56.0,3.3,4.1
2023-08-06 15:30:00+00:00,19.25,56.0,3.3,4.1
2023-08-06 15:40:00+00:00,19.3,56.0,3.3,4.1
2023-08-06 15:50:00+00:00,19.3,56.0,3.3,4.1
2023-08-06 16:00:00+00:00,19.3,56.0,3.3,4.1
2023-08-06 16:10:00+00:00,19.3,56.0,3.3,4.1
2023-08-06 16:20:00+00:00,19.3,56.0,3.3,2.9
2023-08-06 16:30:00+00:00,19.3,55.0,3.3,3.6
2023-08-06 16:40:00+00:00,19.3,58.0,3.3,4.1
2023-08-06 16:50:00+00:00,19.3,62.0,3.3,4.1
2023-08-06 17:00:00+00:00,19.3,66.0,3.3,4.1
2023-08-06 17:10:00+00:00,19.3,67.0,3.3,4.1
2023-08-06 17:20:00+00:00,19.3,67.5,3.3,4.1
2023-08-06 17:30:00+00:00,19.3,68.0,3.3,4.1
2023-08-06 17:40:00+00:00,19.3,68.0,3.3,3.8
2023-08-06 17:50:00+00:00,19.3,67.0,3.3,4.1
2023-08-06 18:00:00+00:00,19.3,67.0,3.3,4.1
2023-08-06 18:10:00+00:00,19.3,66.0,3.3,3.8
2023-08-06 18:20:00+00:00,19.3,66.0,3.3,3.5
2023-08-06 18:30:00+00:00,19.3,66.0,3.3,2.7
2023-08-06 18:40:00+00:00,19.3,65.0,3.3,1.8
2023-08-06 18:50:00+00:00,19.3,65.0,3.3,1.1
2023-08-06 19:00:00+00:00,19.3,65.0,3.3,0.8
2023-08-06 19:10:00+00:00,19.292857142857144,64.71428571428571,3.3,0.7857142857142858
2023-08-06 19:20:00+00:00,19.285714285714285,64.42857142857143,3.3,0.7714285714285715
2023-08-06 19:30:00+00:00,19.27857142857143,64.14285714285714,3.3,0.7571428571428571
2023-08-06 19:40:00+00:00,19.271428571428572,63.857142857142854,3.3,0.7428571428571429
2023-08-06 19:50:00+00:00,19.264285714285716,63.57142857142857,3.3,0.7285714285714286
2023-08-06 20:00:00+00:00,19.257142857142856,63.285714285714285,3.3,0.7142857142857143
2023-08-06 20:10:00+00:00,19.25,63.0,3.3,0.7
2023-08-06 20:20:00+00:00,19.242857142857144,62.714285714285715,3.3,0.6857142857142857
2023-08-06 20:30:00+00:00,19.235714285714284,62.42857142857143,3.3,0.6714285714285715
2023-08-06 20:40:00+00:00,19.228571428571428,62.142857142857146,3.3,0.6571428571428571
2023-08-06 20:50:00+00:00,19.22142857142857,61.857142857142854,3.3,0.6428571428571428
2023-08-06 21:00:00+00:00,19.214285714285715,61.57142857142857,3.3,0.6285714285714286
2023-08-06 21:10:00+00:00,19.207142857142856,61.285714285714285,3.3,0.6142857142857143
2023-08-06 21:20:00+00:00,19.2,61.0,3.3,0.6
2023-08-06 21:30:00+00:00,19.189999999999998,60.6,3.3,0.6
2023-08-06 21:40:00+00:00,19.18,60.2,3.3,0.6
2023-08-06 21:50:00+00:00,19.17,59.8,3.3,0.6
2023-08-06 22:00:00+00:00,19.16,59.4,3.3,0.6
2023-08-06 22:10:00+00:00,19.15,59.0,3.3,0.6
2023-08-06 22:20:00+00:00,19.14,58.6,3.3,0.6
2023-08-06 22:30:00+00:00,19.130000000000003,58.2,3.3,0.6
2023-08-06 22:40:00+00:00,19.12,57.8,3.3,0.6
2023-08-06 22:50:00+00:00,19.11,57.4,3.3,0.6
2023-08-06 23:00:00+00:00,19.1,57.0,3.3,0.6
2023-08-06 23:10:00+00:00,19.080000000000002,56.7,3.3099999999999996,0.6
2023-08-06 23:20:00+00:00,19.060000000000002,56.4,3.32,0.6
2023-08-06 23:30:00+00:00,19.04,56.1,3.33,0.6
2023-08-06 23:40:00+00:00,19.02,55.8,3.34,0.6
2023-08-06 23:50:00+00:00,19.0,55.5,3.3499999999999996,0.6
2023-08-07 00:00:00+00:00,18.98,55.2,3.36,0.6
2023-08-07 00:10:00+00:00,18.96,54.9,3.37,0.6
2023-08-07 00:20:00+00:00,18.939999999999998,54.6,3.38,0.6
2023-08-07 00:30:00+00:00,18.919999999999998,54.3,3.3899999999999997,0.6
2023-08-07 00:40:00+00:00,18.9,54.0,3.4,0.6
2023-08-07 00:50:00+00:00,18.869999999999997,54.0,3.4,0.6
2023-08-07 01:00:00+00:00,18.84,54.0,3.4,0.6
2023-08-07 01:10:00+00:00,18.81,54.0,3.4,0.6
2023-08-07 01:20:00+00:00,18.78,54.0,3.4,0.6
2023-08-07 01:30:00+00:00,18.75,54.0,3.4,0.6
2023-08-07 01:40:00+00:00,18.72,54.0,3.4,0.6
2023-08-07 01:50:00+00:00,18.69,54.0,3.4,0.6
2023-08-07 02:00:00+00:00,18.66,54.0,3.4,0.6
2023-08-07 02:10:00+00:00,18.630000000000003,54.0,3.4,0.6
2023-08-07 02:20:00+00:00,18.6,54.0,3.4,0.6
2023-08-07 02:30:00+00:00,18.57,53.8,3.4,0.9249999999999999
2023-08-07 02:40:00+00:00,18.540000000000003,53.6,3.4,1.25
2023-08-07 02:50:00+00:00,18.51,53.4,3.4,1.5749999999999997
2023-08-07 03:00:00+00:00,18.48,53.2,3.4,1.9
2023-08-07 03:10:00+00:00,18.450000000000003,53.0,3.4,2.2249999999999996
2023-08-07 03:20:00+00:00,18.42,52.8,3.4,2.55
2023-08-07 03:30:00+00:00,18.39,52.6,3.4,2.8749999999999996
2023-08-07 03:40:00+00:00,18.36,52.4,3.4,3.1999999999999997
2023-08-07 03:50:00+00:00,18.330000000000002,52.2,3.4,3.525
2023-08-07 04:00:00+00:00,18.3,52.0,3.4,3.8499999999999996
2023-08-07 04:10:00+00:00,18.2,52.0,3.4,4.1
2023-08-07 04:20:00+00:00,18.2,51.0,3.4,4.1
2023-08-07 04:30:00+00:00,18.2,51.5,3.4,4.1
2023-08-07 04:40:00+00:00,18.2,52.0,3.4,4.1
2023-08-07 04:50:00+00:00,18.2,52.0,3.4,4.1
2023-08-07 05:00:00+00:00,18.1,51.0,3.3,4.1
2023-08-07 05:10:00+00:00,18.1,51.0,3.4,4.1
2023-08-07 05:20:00+00:00,18.1,51.0,3.4,4.1
2023-08-07 05:30:00+00:00,18.1,51.0,3.4,4.1
2023-08-07 05:40:00+00:00,18.1,51.0,3.3,4.1
2023-08-07 05:50:00+00:00,18.1,51.0,3.3,4.1
2023-08-07 06:00:00+00:00,18.1,51.0,3.2,4.2
2023-08-07 06:10:00+00:00,18.1,51.0,3.2,4.1
2023-08-07 06:20:00+00:00,18.1,51.5,3.2,4.1
2023-08-07 06:30:00+00:00,18.1,52.0,3.2,4.1
2023-08-07 06:40:00+00:00,18.1,50.0,3.2,4.1
2023-08-07 06:50:00+00:00,18.1,50.0,3.2,4.1
2023-08-07 07:00:00+00:00,18.1,50.0,3.3,4.1
2023-08-07 07:10:00+00:00,18.2,49.0,3.2,4.1
2023-08-07 07:20:00+00:00,18.2,49.0,3.2,4.2
2023-08-07 07:30:00+00:00,18.2,49.0,3.2,4.2
2023-08-07 07:40:00+00:00,18.3,48.0,3.1,4.2
2023-08-07 07:50:00+00:00,18.3,57.0,3.1,4.2
2023-08-07 08:00:00+00:00,18.3,56.0,3.1500000000000004,4.15
2023-08-07 08:10:00+00:00,18.3,55.0,3.2,4.1
2023-08-07 08:20:00+00:00,18.4,54.0,3.2,4.1
2023-08-07 08:30:00+00:00,18.4,53.0,3.2,4.1
2023-08-07 08:40:00+00:00,18.5,59.0,3.3,4.1
2023-08-07 08:50:00+00:00,18.5,58.0,3.3,4.1
2023-08-07 09:00:00+00:00,18.5,58.0,3.3,4.1
2023-08-07 09:10:00+00:00,18.6,57.0,3.3,4.1
2023-08-07 09:20:00+00:00,18.6,58.0,3.3,4.1
2023-08-07 09:30:00+00:00,18.6,57.0,3.2,4.1
2023-08-07 09:40:00+00:00,18.7,57.0,3.2,4.1
2023-08-07 09:50:00+00:00,18.7,57.0,3.25,4.1
2023-08-07 10:00:00+00:00,18.7,57.0,3.3,4.1
2023-08-07 10:10:00+00:00,18.8,58.0,3.3,4.1
2023-08-07 10:20:00+00:00,18.8,55.0,3.3,4.1
2023-08-07 10:30:00+00:00,18.8,59.0,3.3,4.1
2023-08-07 10:40:00+00:00,18.8,61.0,3.3,4.1
2023-08-07 10:50:00+00:00,18.8,61.0,3.3,4.1
2023-08-07 11:00:00+00:00,18.9,61.0,3.3,4.1
2023-08-07 11:10:00+00:00,18.9,57.0,3.3,4.1
2023-08-07 11:20:00+00:00,18.9,58.0,3.3,4.1
2023-08-07 11:30:00+00:00,18.9,62.0,3.3,4.1
2023-08-07 11:40:00+00:00,18.9,62.0,3.3,4.1
2023-08-07 11:50:00+00:00,18.9,62.0,3.3,4.1
2023-08-07 12:00:00+00:00,18.9,58.0,3.3,4.1
2023-08-07 12:10:00+00:00,19.0,58.0,3.3,4.1
2023-08-07 12:20:00+00:00,19.0,58.0,3.3,4.1
2023-08-07 12:30:00+00:00,18.9,57.0,3.3,4.1
2023-08-07 12:40:00+00:00,18.9,57.0,3.3,4.1
2023-08-07 12:50:00+00:00,19.0,58.0,3.3,4.1
2023-08-07 13:00:00+00:00,19.0,59.0,3.3,4.1
2023-08-07 13:10:00+00:00,18.9,58.0,3.3,4.1
2023-08-07 13:20:00+00:00,18.9,58.0,3.3,4.1
2023-08-07 13:30:00+00:00,18.9,59.5,3.3,4.1
2023-08-07 13:40:00+00:00,18.9,61.0,3.3,4.1
2023-08-07 13:50:00+00:00,18.9,58.0,3.3,4.1
2023-08-07 14:00:00+00:00,18.9,57.0,3.3,4.1
2023-08-07 14:10:00+00:00,18.8,56.0,3.4,4.1
2023-08-07 14:20:00+00:00,18.8,56.0,3.3,4.1
2023-08-07 14:30:00+00:00,18.8,54.0,3.3,4.1
2023-08-07 14:40:00+00:00,18.8,51.0,3.3,4.1
2023-08-07 14:50:00+00:00,18.8,51.0,3.3,4.1
2023-08-07 15:00:00+00:00,18.8,51.0,3.4,4.1
2023-08-07 15:10:00+00:00,18.8,51.0,3.4,4.1
2023-08-07 15:20:00+00:00,18.8,51.0,3.4,4.1
2023-08-07 15:30:00+00:00,18.8,51.0,3.4,4.1
2023-08-07 15:40:00+00:00,18.8,51.0,3.4,4.1
2023-08-07 15:50:00+00:00,18.8,51.0,3.3,4.1
2023-08-07 16:00:00+00:00,18.8,51.0,3.4,4.1
2023-08-07 16:10:00+00:00,18.8,51.0,3.4,4.1
2023-08-07 16:20:00+00:00,18.8,51.0,3.3,4.1
2023-08-07 16:30:00+00:00,18.7,51.0,3.4,4.1
2023-08-07 16:40:00+00:00,18.7,51.0,3.4,4.1
2023-08-07 16:50:00+00:00,18.6,51.0,3.4,4.1
2023-08-07 17:00:00+00:00,18.6,55.0,3.4,4.1
2023-08-07 17:10:00+00:00,18.6,56.0,3.4,4.1
2023-08-07 17:20:00+00:00,18.6,57.0,3.4,4.1
2023-08-07 17:30:00+00:00,18.6,52.0,3.4,4.1
2023-08-07 17:40:00+00:00,18.6,52.0,3.4,4.1
2023-08-07 17:50:00+00:00,18.6,52.0,3.4,4.1
2023-08-07 18:00:00+00:00,18.5,52.0,3.4,4.0
2023-08-07 18:10:00+00:00,18.5,52.0,3.4,3.9
2023-08-07 18:20:00+00:00,18.5,52.0,3.4,3.4
2023-08-07 18:30:00+00:00,18.5,51.0,3.4,2.8
2023-08-07 18:40:00+00:00,18.5,52.0,3.4,1.9
2023-08-07 18:50:00+00:00,18.4,52.0,3.4,1.2
2023-08-07 19:00:00+00:00,18.35,52.0,3.4,1.0
2023-08-07 19:10:00+00:00,18.3,52.0,3.4,0.8
2023-08-07 19:20:00+00:00,18.28,52.3,3.4,0.78
2023-08-07 19:30:00+00:00,18.26,52.6,3.4,0.76
2023-08-07 19:40:00+00:00,18.240000000000002,52.9,3.4,0.74
2023-08-07 19:50:00+00:00,18.220000000000002,53.2,3.4,0.72
2023-08-07 20:00:00+00:00,18.200000000000003,53.5,3.4,0.7
2023-08-07 20:10:00+00:00,18.18,53.8,3.4,0.6799999999999999
2023-08-07 20:20:00+00:00,18.16,54.1,3.4,0.66
2023-08-07 20:30:00+00:00,18.14,54.4,3.4,0.64
2023-08-07 20:40:00+00:00,18.12,54.7,3.4,0.62
2023-08-07 20:50:00+00:00,18.1,55.0,3.4,0.6
2023-08-07 21:00:00+00:00,18.080000000000002,54.5,3.4,0.6
2023-08-07 21:10:00+00:00,18.060000000000002,54.0,3.4,0.6
2023-08-07 21:20:00+00:00,18.04,53.5,3.4,0.6
2023-08-07 21:30:00+00:00,18.02,53.0,3.4,0.6
2023-08-07 21:40:00+00:00,18.0,52.5,3.4,0.6
2023-08-07 21:50:00+00:00,17.98,52.0,3.4,0.6
2023-08-07 22:00:00+00:00,17.96,51.5,3.4,0.6
2023-08-07 22:10:00+00:00,17.939999999999998,51.0,3.4,0.6
2023-08-07 22:20:00+00:00,17.919999999999998,50.5,3.4,0.6
2023-08-07 22:30:00+00:00,17.9,50.0,3.4,0.6
2023-08-07 22:40:00+00:00,17.876923076923077,50.0,3.4,0.6
2023-08-07 22:50:00+00:00,17.853846153846153,50.0,3.4,0.6
2023-08-07 23:00:00+00:00,17.83076923076923,50.0,3.4,0.6
2023-08-07 23:10:00+00:00,17.807692307692307,50.0,3.4,0.6
2023-08-07 23:20:00+00:00,17.784615384615385,50.0,3.4,0.6
2023-08-07 23:30:00+00:00,17.76153846153846,50.0,3.4,0.6
2023-08-07 23:40:00+00:00,17.73846153846154,50.0,3.4,0.6
2023-08-07 23:50:00+00:00,17.715384615384615,50.0,3.4,0.6
2023-08-08 00:00:00+00:00,17.692307692307693,50.0,3.4,0.6
2023-08-08 00:10:00+00:00,17.66923076923077,50.0,3.4,0.6
2023-08-08 00:20:00+00:00,17.646153846153847,50.0,3.4,0.6
2023-08-08 00:30:00+00:00,17.623076923076923,50.0,3.4,0.6
2023-08-08 00:40:00+00:00,17.6,50.0,3.4,0.6
2023-08-08 00:50:00+00:00,17.580000000000002,51.7,3.4,0.6
2023-08-08 01:00:00+00:00,17.560000000000002,53.4,3.4,0.6
2023-08-08 01:10:00+00:00,17.54,55.1,3.4,0.6
2023-08-08 01:20:00+00:00,17.52,56.8,3.4,0.6
2023-08-08 01:30:00+00:00,17.5,58.5,3.4,0.6
2023-08-08 01:40:00+00:00,17.48,60.2,3.4,0.6
2023-08-08 01:50:00+00:00,17.46,61.9,3.4,0.6
2023-08-08 02:00:00+00:00,17.439999999999998,63.6,3.4,0.6
2023-08-08 02:10:00+00:00,17.419999999999998,65.3,3.4,0.6
2023-08-08 02:20:00+00:00,17.4,67.0,3.4,0.6
2023-08-08 02:30:00+00:00,17.369999999999997,66.25,3.4,0.9199999999999999
2023-08-08 02:40:00+00:00,17.34,65.5,3.4,1.2399999999999998
2023-08-08 02:50:00+00:00,17.31,64.75,3.4,1.5599999999999998
2023-08-08 03:00:00+00:00,17.28,64.0,3.4,1.88
2023-08-08 03:10:00+00:00,17.25,63.25,3.4,2.1999999999999997
2023-08-08 03:20:00+00:00,17.22,62.5,3.4,2.5199999999999996
2023-08-08 03:30:00+00:00,17.19,61.75,3.4,2.84
2023-08-08 03:40:00+00:00,17.16,61.0,3.4,3.1599999999999997
2023-08-08 03:50:00+00:00,17.130000000000003,60.25,3.4,3.4799999999999995
2023-08-08 04:00:00+00:00,17.1,59.5,3.4,3.8
2023-08-08 04:10:00+00:00,17.1,59.0,3.4,4.1
2023-08-08 04:20:00+00:00,17.1,58.5,3.4,4.1
2023-08-08 04:30:00+00:00,17.1,58.0,3.4,4.1
2023-08-08 04:40:00+00:00,17.0,58.0,3.4,4.1
2023-08-08 04:50:00+00:00,17.0,62.0,3.4,4.1
2023-08-08 05:00:00+00:00,17.0,63.0,3.4,4.1
2023-08-08 05:10:00+00:00,17.0,62.0,3.4,4.1
2023-08-08 05:20:00+00:00,17.0,62.0,3.4,4.1
2023-08-08 05:30:00+00:00,17.0,60.0,3.4,4.1
2023-08-08 05:40:00+00:00,17.0,61.0,3.4,4.1
2023-08-08 05:50:00+00:00,17.0,60.0,3.3,4.1
2023-08-08 06:00:00+00:00,17.0,56.0,3.3,4.1
2023-08-08 06:10:00+00:00,17.0,56.0,3.3,4.1
2023-08-08 06:20:00+00:00,17.0,56.0,3.3,4.1
2023-08-08 06:30:00+00:00,17.0,56.0,3.4,4.2
2023-08-08 06:40:00+00:00,17.0,56.0,3.3,4.1
2023-08-08 06:50:00+00:00,17.0,56.0,3.2,4.2
2023-08-08 07:00:00+00:00,17.0,55.0,3.2,4.1
2023-08-08 07:10:00+00:00,17.0,56.0,3.3,4.1
2023-08-08 07:20:00+00:00,17.0,56.0,3.3,6.1
2023-08-08 07:30:00+00:00,17.0,55.0,3.3,6.2
2023-08-08 07:40:00+00:00,17.1,55.0,3.2,6.0
2023-08-08 07:50:00+00:00,17.1,55.0,3.25,5.05
2023-08-08 08:00:00+00:00,17.1,55.0,3.3,4.1
2023-08-08 08:10:00+00:00,17.1,56.0,3.3,5.8
2023-08-08 08:20:00+00:00,17.15,55.0,3.3,4.949999999999999
2023-08-08 08:30:00+00:00,17.2,54.0,3.3,4.1
2023-08-08 08:40:00+00:00,17.2,54.0,3.3,6.0
2023-08-08 08:50:00+00:00,17.3,52.0,3.2,5.8
2023-08-08 09:00:00+00:00,17.3,52.0,3.2,4.1
2023-08-08 09:10:00+00:00,17.3,52.0,3.3,4.1
2023-08-08 09:20:00+00:00,17.4,53.0,3.3,4.1
2023-08-08 09:30:00+00:00,17.5,53.0,3.3,6.0
2023-08-08 09:40:00+00:00,17.5,53.0,3.3,5.05
2023-08-08 09:50:00+00:00,17.5,53.0,3.3,4.1
2023-08-08 10:00:00+00:00,17.5,53.0,3.3,6.3
2023-08-08 10:10:00+00:00,17.6,54.0,3.3,5.8
2023-08-08 10:20:00+00:00,17.7,51.0,3.2,6.0
2023-08-08 10:30:00+00:00,17.8,51.0,3.2,6.1
2023-08-08 10:40:00+00:00,17.8,52.0,3.2,6.0
2023-08-08 10:50:00+00:00,18.0,48.0,3.2,6.0
2023-08-08 11:00:00+00:00,18.1,43.0,3.2,6.1
2023-08-08 11:10:00+00:00,18.1,50.0,3.2,4.1
2023-08-08 11:20:00+00:00,18.2,44.0,3.2,5.9
2023-08-08 11:30:00+00:00,18.299999999999997,44.5,3.25,5.85
2023-08-08 11:40:00+00:00,18.4,45.0,3.3,5.8
2023-08-08 11:50:00+00:00,18.5,47.0,3.2,5.8
2023-08-08 12:00:00+00:00,18.6,41.0,3.2,4.1
2023-08-08 12:10:00+00:00,18.6,41.0,3.3,4.1
2023-08-08 12:20:00+00:00,18.8,41.0,3.3,4.1
2023-08-08 12:30:00+00:00,18.8,46.0,3.3,4.1
2023-08-08 12:40:00+00:00,18.9,48.0,3.3,4.1
2023-08-08 12:50:00+00:00,19.0,50.0,3.3,4.1
2023-08-08 13:00:00+00:00,19.0,50.0,3.3,4.1
2023-08-08 13:10:00+00:00,19.1,50.0,3.3,4.1
2023-08-08 13:20:00+00:00,19.1,46.5,3.3,4.1
2023-08-08 13:30:00+00:00,19.1,43.0,3.3,4.1
2023-08-08 13:40:00+00:00,19.1,44.0,3.4,4.1
2023-08-08 13:50:00+00:00,19.1,46.0,3.5,4.1
2023-08-08 14:00:00+00:00,19.1,45.0,3.5,4.1
2023-08-08 14:10:00+00:00,19.1,44.0,3.5,4.1
2023-08-08 14:20:00+00:00,19.1,44.0,3.5,4.1
2023-08-08 14:30:00+00:00,19.0,44.0,3.5,4.1
2023-08-08 14:40:00+00:00,19.0,44.0,3.5,4.1
2023-08-08 14:50:00+00:00,19.0,43.0,3.5,4.1
2023-08-08 15:00:00+00:00,19.0,44.0,3.4,4.1
2023-08-08 15:10:00+00:00,19.0,44.0,3.4,4.1
2023-08-08 15:20:00+00:00,19.0,44.0,3.4,4.1
2023-08-08 15:30:00+00:00,19.0,46.0,3.4,4.1
2023-08-08 15:40:00+00:00,18.9,55.0,3.5,4.1
2023-08-08 15:50:00+00:00,18.9,55.0,3.5,4.1
2023-08-08 16:00:00+00:00,18.9,56.0,3.4,4.1
2023-08-08 16:10:00+00:00,18.8,56.0,3.4,4.1
2023-08-08 16:20:00+00:00,18.8,56.0,3.4,4.1
2023-08-08 16:30:00+00:00,18.8,55.0,3.4,4.1
2023-08-08 16:40:00+00:00,18.8,51.0,3.4,4.1
2023-08-08 16:50:00+00:00,18.7,51.0,3.5,4.1
2023-08-08 17:00:00+00:00,18.65,50.5,3.5,3.9
2023-08-08 17:10:00+00:00,18.6,50.0,3.5,3.7
2023-08-08 17:20:00+00:00,18.6,50.0,3.5,4.0
2023-08-08 17:30:00+00:00,18.6,54.0,3.5,4.2
2023-08-08 17:40:00+00:00,18.6,53.0,3.5,4.0
2023-08-08 17:50:00+00:00,18.5,55.0,3.5,4.0
2023-08-08 18:00:00+00:00,18.5,54.0,3.5,3.9
2023-08-08 18:10:00+00:00,18.5,54.0,3.5,3.8
2023-08-08 18:20:00+00:00,18.4,54.0,3.5,3.2
2023-08-08 18:30:00+00:00,18.3,54.0,3.5,2.2
2023-08-08 18:40:00+00:00,18.3,55.0,3.5,1.6
2023-08-08 18:50:00+00:00,18.3,54.0,3.5,1.3
2023-08-08 19:00:00+00:00,18.3,53.0,3.5,1.0
2023-08-08 19:10:00+00:00,18.2,54.0,3.5,0.7
2023-08-08 19:20:00+00:00,18.16,54.3,3.5,0.6699999999999999
2023-08-08 19:30:00+00:00,18.12,54.6,3.5,0.64
2023-08-08 19:40:00+00:00,18.08,54.9,3.5,0.61
2023-08-08 19:50:00+00:00,18.04,55.2,3.5,0.58
2023-08-08 20:00:00+00:00,18.0,55.5,3.5,0.55
2023-08-08 20:10:00+00:00,17.96,55.8,3.5,0.52
2023-08-08 20:20:00+00:00,17.92,56.1,3.5,0.49
2023-08-08 20:30:00+00:00,17.88,56.4,3.5,0.46
2023-08-08 20:40:00+00:00,17.84,56.7,3.5,0.43000000000000005
2023-08-08 20:50:00+00:00,17.8,57.0,3.5,0.4
2023-08-08 21:00:00+00:00,17.776923076923076,57.46153846153846,3.5,0.4153846153846154
2023-08-08 21:10:00+00:00,17.753846153846155,57.92307692307692,3.5,0.4307692307692308
2023-08-08 21:20:00+00:00,17.73076923076923,58.38461538461539,3.5,0.4461538461538462
2023-08-08 21:30:00+00:00,17.70769230769231,58.84615384615385,3.5,0.46153846153846156
2023-08-08 21:40:00+00:00,17.684615384615384,59.30769230769231,3.5,0.47692307692307695
2023-08-08 21:50:00+00:00,17.661538461538463,59.76923076923077,3.5,0.49230769230769234
2023-08-08 22:00:00+00:00,17.638461538461538,60.23076923076923,3.5,0.5076923076923077
2023-08-08 22:10:00+00:00,17.615384615384617,60.69230769230769,3.5,0.5230769230769231
2023-08-08 22:20:00+00:00,17.592307692307692,61.15384615384615,3.5,0.5384615384615384
2023-08-08 22:30:00+00:00,17.56923076923077,61.61538461538461,3.5,0.5538461538461539
2023-08-08 22:40:00+00:00,17.546153846153846,62.07692307692308,3.5,0.5692307692307692
2023-08-08 22:50:00+00:00,17.523076923076925,62.53846153846154,3.5,0.5846153846153845
2023-08-08 23:00:00+00:00,17.5,63.0,3.5,0.6
2023-08-08 23:10:00+00:00,17.46,62.5,3.5,0.6
2023-08-08 23:20:00+00:00,17.42,62.0,3.5,0.6
2023-08-08 23:30:00+00:00,17.38,61.5,3.5,0.6
2023-08-08 23:40:00+00:00,17.34,61.0,3.5,0.6
2023-08-08 23:50:00+00:00,17.3,60.5,3.5,0.6
2023-08-09 00:00:00+00:00,17.26,60.0,3.5,0.6
2023-08-09 00:10:00+00:00,17.220000000000002,59.5,3.5,0.6
2023-08-09 00:20:00+00:00,17.18,59.0,3.5,0.6
2023-08-09 00:30:00+00:00,17.14,58.5,3.5,0.6
2023-08-09 00:40:00+00:00,17.1,58.0,3.5,0.6
2023-08-09 00:50:00+00:00,17.07,58.3,3.5,0.6
2023-08-09 01:00:00+00:00,17.040000000000003,58.6,3.5,0.6
2023-08-09 01:10:00+00:00,17.01,58.9,3.5,0.6
2023-08-09 01:20:00+00:00,16.98,59.2,3.5,0.6
2023-08-09 01:30:00+00:00,16.950000000000003,59.5,3.5,0.6
2023-08-09 01:40:00+00:00,16.92,59.8,3.5,0.6
2023-08-09 01:50:00+00:00,16.89,60.1,3.5,0.6
2023-08-09 02:00:00+00:00,16.86,60.4,3.5,0.6
2023-08-09 02:10:00+00:00,16.830000000000002,60.7,3.5,0.6
2023-08-09 02:20:00+00:00,16.8,61.0,3.5,0.6
2023-08-09 02:30:00+00:00,16.775000000000002,60.95,3.5,0.95
2023-08-09 02:40:00+00:00,16.75,60.9,3.5,1.2999999999999998
2023-08-09 02:50:00+00:00,16.725,60.85,3.5,1.65
2023-08-09 03:00:00+00:00,16.7,60.8,3.5,2.0
2023-08-09 03:10:00+00:00,16.675,60.75,3.5,2.35
2023-08-09 03:20:00+00:00,16.650000000000002,60.7,3.5,2.6999999999999997
2023-08-09 03:30:00+00:00,16.625,60.65,3.5,3.05
2023-08-09 03:40:00+00:00,16.6,60.6,3.5,3.4
2023-08-09 03:50:00+00:00,16.575,60.55,3.5,3.75
2023-08-09 04:00:00+00:00,16.55,60.5,3.5,4.1
2023-08-09 04:10:00+00:00,16.525,57.75,3.5,4.1
2023-08-09 04:20:00+00:00,16.5,55.0,3.5,4.1
2023-08-09 04:30:00+00:00,16.5,55.0,3.5,4.1
2023-08-09 04:40:00+00:00,16.5,55.0,3.4,4.1
2023-08-09 04:50:00+00:00,16.4,55.0,3.5,4.1
2023-08-09 05:00:00+00:00,16.4,55.0,3.4,4.1
2023-08-09 05:10:00+00:00,16.4,55.0,3.4,4.1
2023-08-09 05:20:00+00:00,16.4,55.0,3.4,4.1
2023-08-09 05:30:00+00:00,16.4,55.0,3.3,4.1
2023-08-09 05:40:00+00:00,16.4,55.0,3.3,4.2
2023-08-09 05:50:00+00:00,16.4,55.0,3.3,4.2
2023-08-09 06:00:00+00:00,16.4,54.5,3.3,4.15
2023-08-09 06:10:00+00:00,16.4,54.0,3.3,4.1
2023-08-09 06:20:00+00:00,16.4,54.0,3.3,5.8
2023-08-09 06:30:00+00:00,16.4,53.0,3.2,6.0
2023-08-09 06:40:00+00:00,16.4,53.0,3.3,6.0
2023-08-09 06:50:00+00:00,16.4,53.0,3.2,5.9
2023-08-09 07:00:00+00:00,16.4,53.0,3.3,6.0
2023-08-09 07:10:00+00:00,16.5,51.0,3.2,6.0
2023-08-09 07:20:00+00:00,16.5,51.0,3.2,6.0
2023-08-09 07:30:00+00:00,16.5,51.0,3.2,6.1
2023-08-09 07:40:00+00:00,16.55,51.0,3.2,6.1
2023-08-09 07:50:00+00:00,16.6,51.0,3.2,6.1
2023-08-09 08:00:00+00:00,16.65,50.5,3.2,6.05
2023-08-09 08:10:00+00:00,16.7,50.0,3.2,6.0
2023-08-09 08:20:00+00:00,16.75,50.0,3.2,6.0
2023-08-09 08:30:00+00:00,16.8,50.0,3.2,6.0
2023-08-09 08:40:00+00:00,17.0,54.0,3.3,6.0
2023-08-09 08:50:00+00:00,17.0,59.0,3.3,6.1
2023-08-09 09:00:00+00:00,17.1,61.0,3.3,6.0
2023-08-09 09:10:00+00:00,17.3,59.0,3.3,6.0
2023-08-09 09:20:00+00:00,17.4,59.0,3.3,6.0
2023-08-09 09:30:00+00:00,17.45,59.0,3.3,5.95
2023-08-09 09:40:00+00:00,17.5,59.0,3.3,5.9
2023-08-09 09:50:00+00:00,17.6,60.0,3.3,6.2
2023-08-09 10:00:00+00:00,17.8,60.0,3.3,5.3
2023-08-09 10:10:00+00:00,18.0,59.0,3.3,4.1
2023-08-09 10:20:00+00:00,18.00359477124183,58.92483660130719,3.3,4.1
2023-08-09 10:30:00+00:00,18.007189542483662,58.849673202614376,3.3,4.1
2023-08-09 10:40:00+00:00,18.01078431372549,58.77450980392157,3.3,4.1
2023-08-09 10:50:00+00:00,18.01437908496732,58.69934640522876,3.3,4.1
2023-08-09 11:00:00+00:00,18.01797385620915,58.62418300653595,3.3,4.1
2023-08-09 11:10:00+00:00,18.021568627450982,58.549019607843135,3.3,4.1
2023-08-09 11:20:00+00:00,18.02516339869281,58.47385620915033,3.3,4.1
2023-08-09 11:30:00+00:00,18.02875816993464,58.39869281045752,3.3,4.1
2023-08-09 11:40:00+00:00,18.03235294117647,58.3235294117647,3.3,4.1
2023-08-09 11:50:00+00:00,18.035947712418302,58.248366013071895,3.3,4.1
2023-08-09 12:00:00+00:00,18.03954248366013,58.173202614379086,3.3,4.1
2023-08-09 12:10:00+00:00,18.04313725490196,58.09803921568628,3.3,4.1
2023-08-09 12:20:00+00:00,18.04673202614379,58.02287581699346,3.3,4.1
2023-08-09 12:30:00+00:00,18.050326797385623,57.947712418300654,3.3,4.1
2023-08-09 12:40:00+00:00,18.05392156862745,57.872549019607845,3.3,4.1
2023-08-09 12:50:00+00:00,18.05751633986928,57.79738562091503,3.3,4.1
2023-08-09 13:00:00+00:00,18.06111111111111,57.72222222222222,3.3,4.1
2023-08-09 13:10:00+00:00,18.064705882352943,57.64705882352941,3.3,4.1
2023-08-09 13:20:00+00:00,18.068300653594772,57.571895424836605,3.3,4.1
2023-08-09 13:30:00+00:00,18.0718954248366,57.49673202614379,3.3,4.1
2023-08-09 13:40:00+00:00,18.07549019607843,57.42156862745098,3.3,4.1
2023-08-09 13:50:00+00:00,18.079084967320263,57.34640522875817,3.3,4.1
2023-08-09 14:00:00+00:00,18.082679738562092,57.27124183006536,3.3,4.1
2023-08-09 14:10:00+00:00,18.08627450980392,57.19607843137255,3.3,4.1
2023-08-09 14:20:00+00:00,,,,
2023-08-09 14:30:00+00:00,,,,
2023-08-09 14:40:00+00:00,,,,
2023-08-09 14:50:00+00:00,,,,
2023-08-09 15:00:00+00:00,,,,
2023-08-09 15:10:00+00:00,,,,
2023-08-09 15:20:00+00:00,,,,
2023-08-09 15:30:00+00:00,,,,
2023-08-09 15:40:00+00:00,,,,
2023-08-09 15:50:00+00:00,,,,
2023-08-09 16:00:00+00:00,,,,
2023-08-09 16:10:00+00:00,,,,
2023-08-09 16:20:00+00:00,,,,
2023-08-09 16:30:00+00:00,,,,
2023-08-09 16:40:00+00:00,,,,
2023-08-09 16:50:00+00:00,,,,
2023-08-09 17:00:00+00:00,,,,
2023-08-09 17:10:00+00:00,,,,
2023-08-09 17:20:00+00:00,,,,
2023-08-09 17:30:00+00:00,,,,
2023-08-09 17:40:00+00:00,,,,
2023-08-09 17:50:00+00:00,,,,
2023-08-09 18:00:00+00:00,,,,
2023-08-09 18:10:00+00:00,,,,
2023-08-09 18:20:00+00:00,,,,
2023-08-09 18:30:00+00:00,,,,
2023-08-09 18:40:00+00:00,,,,
2023-08-09 18:50:00+00:00,,,,
2023-08-09 19:00:00+00:00,,,,
2023-08-09 19:10:00+00:00,,,,
2023-08-09 19:20:00+00:00,,,,
2023-08-09 19:30:00+00:00,,,,
2023-08-09 19:40:00+00:00,,,,
2023-08-09 19:50:00+00:00,,,,
2023-08-09 20:00:00+00:00,,,,
2023-08-09 20:10:00+00:00,,,,
2023-08-09 20:20:00+00:00,,,,
2023-08-09 20:30:00+00:00,,,,
2023-08-09 20:40:00+00:00,,,,
2023-08-09 20:50:00+00:00,,,,
2023-08-09 21:00:00+00:00,,,,
2023-08-09 21:10:00+00:00,,,,
2023-08-09 21:20:00+00:00,,,,
2023-08-09 21:30:00+00:00,,,,
2023-08-09 21:40:00+00:00,,,,
2023-08-09 21:50:00+00:00,,,,
2023-08-09 22:00:00+00:00,,,,
2023-08-09 22:10:00+00:00,,,,
2023-08-09 22:20:00+00:00,,,,
2023-08-09 22:30:00+00:00,,,,
2023-08-09 22:40:00+00:00,,,,
2023-08-09 22:50:00+00:00,,,,
2023-08-09 23:00:00+00:00,,,,
2023-08-09 23:10:00+00:00,,,,
2023-08-09 23:20:00+00:00,,,,
2023-08-09 23:30:00+00:00,,,,
2023-08-09 23:40:00+00:00,,,,
2023-08-09 23:50:00+00:00,,,,
2023-08-10 00:00:00+00:00,,,,
2023-08-10 00:10:00+00:00,,,,
2023-08-10 00:20:00+00:00,,,,
2023-08-10 00:30:00+00:00,,,,
2023-08-10 00:40:00+00:00,,,,
2023-08-10 00:50:00+00:00,,,,
2023-08-10 01:00:00+00:00,,,,
2023-08-10 01:10:00+00:00,,,,
2023-08-10 01:20:00+00:00,,,,
2023-08-10 01:30:00+00:00,,,,
2023-08-10 01:40:00+00:00,,,,
2023-08-10 01:50:00+00:00,,,,
2023-08-10 02:00:00+00:00,,,,
2023-08-10 02:10:00+00:00,,,,
2023-08-10 02:20:00+00:00,,,,
2023-08-10 02:30:00+00:00,,,,
2023-08-10 02:40:00+00:00,,,,
2023-08-10 02:50:00+00:00,,,,
2023-08-10 03:00:00+00:00,,,,
2023-08-10 03:10:00+00:00,,,,
2023-08-10 03:20:00+00:00,,,,
2023-08-10 03:30:00+00:00,,,,
2023-08-10 03:40:00+00:00,,,,
2023-08-10 03:50:00+00:00,,,,
2023-08-10 04:00:00+00:00,,,,
2023-08-10 04:10:00+00:00,,,,
2023-08-10 04:20:00+00:00,,,,
2023-08-10 04:30:00+00:00,,,,
2023-08-10 04:40:00+00:00,,,,
2023-08-10 04:50:00+00:00,,,,
2023-08-10 05:00:00+00:00,,,,
2023-08-10 05:10:00+00:00,,,,
2023-08-10 05:20:00+00:00,,,,
2023-08-10 05:30:00+00:00,,,,
2023-08-10 05:40:00+00:00,,,,
2023-08-10 05:50:00+00:00,,,,
2023-08-10 06:00:00+00:00,,,,
2023-08-10 06:10:00+00:00,,,,
2023-08-10 06:20:00+00:00,,,,
2023-08-10 06:30:00+00:00,,,,
2023-08-10 06:40:00+00:00,,,,
2023-08-10 06:50:00+00:00,,,,
2023-08-10 07:00:00+00:00,,,,
2023-08-10 07:10:00+00:00,,,,
2023-08-10 07:20:00+00:00,,,,
2023-08-10 07:30:00+00:00,,,,
2023-08-10 07:40:00+00:00,,,,
2023-08-10 07:50:00+00:00,,,,
2023-08-10 08:00:00+00:00,,,,
2023-08-10 08:10:00+00:00,,,,
2023-08-10 08:20:00+00:00,,,,
2023-08-10 08:30:00+00:00,,,,
2023-08-10 08:40:00+00:00,,,,
2023-08-10 08:50:00+00:00,,,,
2023-08-10 09:00:00+00:00,,,,
2023-08-10 09:10:00+00:00,,,,
2023-08-10 09:20:00+00:00,,,,
2023-08-10 09:30:00+00:00,,,,
2023-08-10 09:40:00+00:00,,,,
2023-08-10 09:50:00+00:00,,,,
2023-08-10 10:00:00+00:00,,,,
2023-08-10 10:10:00+00:00,,,,
2023-08-10 10:20:00+00:00,,,,
2023-08-10 10:30:00+00:00,,,,
2023-08-10 10:40:00+00:00,,,,
2023-08-10 10:50:00+00:00,,,,
2023-08-10 11:00:00+00:00,,,,
2023-08-10 11:10:00+00:00,,,,
2023-08-10 11:20:00+00:00,,,,
2023-08-10 11:30:00+00:00,,,,
2023-08-10 11:40:00+00:00,,,,
2023-08-10 11:50:00+00:00,,,,
2023-08-10 12:00:00+00:00,,,,
2023-08-10 12:10:00+00:00,,,,
2023-08-10 12:20:00+00:00,,,,
2023-08-10 12:30:00+00:00,,,,
2023-08-10 12:40:00+00:00,,,,
2023-08-10 12:50:00+00:00,,,,
2023-08-10 13:00:00+00:00,,,,
2023-08-10 13:10:00+00:00,,,,
2023-08-10 13:20:00+00:00,,,,
2023-08-10 13:30:00+00:00,,,,
2023-08-10 13:40:00+00:00,,,,
2023-08-10 13:50:00+00:00,,,,
2023-08-10 14:00:00+00:00,,,,
2023-08-10 14:10:00+00:00,,,,
2023-08-10 14:20:00+00:00,,,,
2023-08-10 14:30:00+00:00,,,,
2023-08-10 14:40:00+00:00,,,,
2023-08-10 14:50:00+00:00,,,,
2023-08-10 15:00:00+00:00,,,,
2023-08-10 15:10:00+00:00,,,,
2023-08-10 15:20:00+00:00,,,,
2023-08-10 15:30:00+00:00,,,,
2023-08-10 15:40:00+00:00,,,,
2023-08-10 15:50:00+00:00,,,,
2023-08-10 16:00:00+00:00,,,,
2023-08-10 16:10:00+00:00,,,,
2023-08-10 16:20:00+00:00,,,,
2023-08-10 16:30:00+00:00,,,,
2023-08-10 16:40:00+00:00,,,,
2023-08-10 16:50:00+00:00,,,,
2023-08-10 17:00:00+00:00,,,,
2023-08-10 17:10:00+00:00,,,,
2023-08-10 17:20:00+00:00,,,,
2023-08-10 17:30:00+00:00,,,,
2023-08-10 17:40:00+00:00,,,,
2023-08-10 17:50:00+00:00,,,,
2023-08-10 18:00:00+00:00,,,,
2023-08-10 18:10:00+00:00,,,,
2023-08-10 18:20:00+00:00,,,,
2023-08-10 18:30:00+00:00,,,,
2023-08-10 18:40:00+00:00,,,,
2023-08-10 18:50:00+00:00,,,,
2023-08-10 19:00:00+00:00,,,,
2023-08-10 19:10:00+00:00,,,,
2023-08-10 19:20:00+00:00,,,,
2023-08-10 19:30:00+00:00,,,,
2023-08-10 19:40:00+00:00,,,,
2023-08-10 19:50:00+00:00,,,,
2023-08-10 20:00:00+00:00,,,,
2023-08-10 20:10:00+00:00,,,,
2023-08-10 20:20:00+00:00,,,,
2023-08-10 20:30:00+00:00,,,,
2023-08-10 20:40:00+00:00,,,,
2023-08-10 20:50:00+00:00,,,,
2023-08-10 21:00:00+00:00,,,,
2023-08-10 21:10:00+00:00,,,,
2023-08-10 21:20:00+00:00,,,,
2023-08-10 21:30:00+00:00,,,,
2023-08-10 21:40:00+00:00,,,,
2023-08-10 21:50:00+00:00,,,,
2023-08-10 22:00:00+00:00,,,,
2023-08-10 22:10:00+00:00,,,,
2023-08-10 22:20:00+00:00,,,,
2023-08-10 22:30:00+00:00,,,,
2023-08-10 22:40:00+00:00,,,,
2023-08-10 22:50:00+00:00,,,,
2023-08-10 23:00:00+00:00,,,,
2023-08-10 23:10:00+00:00,,,,
2023-08-10 23:20:00+00:00,,,,
2023-08-10 23:30:00+00:00,,,,
2023-08-10 23:40:00+00:00,,,,
2023-08-10 23:50:00+00:00,,,,
2023-08-11 00:00:00+00:00,,,,
2023-08-11 00:10:00+00:00,,,,
2023-08-11 00:20:00+00:00,,,,
2023-08-11 00:30:00+00:00,,,,
2023-08-11 00:40:00+00:00,,,,
2023-08-11 00:50:00+00:00,,,,
2023-08-11 01:00:00+00:00,,,,
2023-08-11 01:10:00+00:00,,,,
2023-08-11 01:20:00+00:00,,,,
2023-08-11 01:30:00+00:00,,,,
2023-08-11 01:40:00+00:00,,,,
2023-08-11 01:50:00+00:00,,,,
2023-08-11 02:00:00+00:00,,,,
2023-08-11 02:10:00+00:00,,,,
2023-08-11 02:20:00+00:00,,,,
2023-08-11 02:30:00+00:00,,,,
2023-08-11 02:40:00+00:00,,,,
2023-08-11 02:50:00+00:00,,,,
2023-08-11 03:00:00+00:00,,,,
2023-08-11 03:10:00+00:00,,,,
2023-08-11 03:20:00+00:00,,,,
2023-08-11 03:30:00+00:00,,,,
2023-08-11 03:40:00+00:00,,,,
2023-08-11 03:50:00+00:00,,,,
2023-08-11 04:00:00+00:00,,,,
2023-08-11 04:10:00+00:00,,,,
2023-08-11 04:20:00+00:00,,,,
2023-08-11 04:30:00+00:00,,,,
2023-08-11 04:40:00+00:00,,,,
2023-08-11 04:50:00+00:00,,,,
2023-08-11 05:00:00+00:00,,,,
2023-08-11 05:10:00+00:00,,,,
2023-08-11 05:20:00+00:00,,,,
2023-08-11 05:30:00+00:00,,,,
2023-08-11 05:40:00+00:00,,,,
2023-08-11 05:50:00+00:00,,,,
2023-08-11 06:00:00+00:00,,,,
2023-08-11 06:10:00+00:00,,,,
2023-08-11 06:20:00+00:00,,,,
2023-08-11 06:30:00+00:00,,,,
2023-08-11 06:40:00+00:00,,,,
2023-08-11 06:50:00+00:00,,,,
2023-08-11 07:00:00+00:00,,,,
2023-08-11 07:10:00+00:00,,,,
2023-08-11 07:20:00+00:00,,,,
2023-08-11 07:30:00+00:00,,,,
2023-08-11 07:40:00+00:00,,,,
2023-08-11 07:50:00+00:00,,,,
2023-08-11 08:00:00+00:00,,,,
2023-08-11 08:10:00+00:00,,,,
2023-08-11 08:20:00+00:00,,,,
2023-08-11 08:30:00+00:00,,,,
2023-08-11 08:40:00+00:00,,,,
2023-08-11 08:50:00+00:00,,,,
2023-08-11 09:00:00+00:00,,,,
2023-08-11 09:10:00+00:00,,,,
2023-08-11 09:20:00+00:00,,,,
2023-08-11 09:30:00+00:00,,,,
2023-08-11 09:40:00+00:00,,,,
2023-08-11 09:50:00+00:00,,,,
2023-08-11 10:00:00+00:00,,,,
2023-08-11 10:10:00+00:00,,,,
2023-08-11 10:20:00+00:00,,,,
2023-08-11 10:30:00+00:00,,,,
2023-08-11 10:40:00+00:00,,,,
2023-08-11 10:50:00+00:00,,,,
2023-08-11 11:00:00+00:00,,,,
2023-08-11 11:10:00+00:00,,,,
2023-08-11 11:20:00+00:00,,,,
2023-08-11 11:30:00+00:00,,,,
2023-08-11 11:40:00+00:00,,,,
2023-08-11 11:50:00+00:00,,,,
2023-08-11 12:00:00+00:00,,,,
2023-08-11 12:10:00+00:00,,,,
2023-08-11 12:20:00+00:00,,,,
2023-08-11 12:30:00+00:00,,,,
2023-08-11 12:40:00+00:00,,,,
2023-08-11 12:50:00+00:00,,,,
2023-08-11 13:00:00+00:00,,,,
2023-08-11 13:10:00+00:00,19.1,36.0,3.3,4.1
2023-08-11 13:20:00+00:00,19.1,36.0,3.3,4.1
2023-08-11 13:30:00+00:00,19.1,36.0,3.3,4.1
2023-08-11 13:40:00+00:00,19.1,36.0,3.3,4.1
2023-08-11 13:50:00+00:00,19.1,37.0,3.3,4.1
2023-08-11 14:00:00+00:00,19.1,36.0,3.3,4.1
2023-08-11 14:10:00+00:00,19.1,36.5,3.3,4.1
2023-08-11 14:20:00+00:00,19.1,37.0,3.3,4.1
2023-08-11 14:30:00+00:00,19.0,37.0,3.3,4.1
2023-08-11 14:40:00+00:00,19.0,37.0,3.3,4.1
2023-08-11 14:50:00+00:00,19.0,37.0,3.3,4.1
2023-08-11 15:00:00+00:00,18.9,38.0,3.3,4.1
2023-08-11 15:10:00+00:00,18.9,38.0,3.3,4.1
2023-08-11 15:20:00+00:00,18.8,37.0,3.3,4.1
2023-08-11 15:30:00+00:00,18.8,38.0,3.3,4.1
2023-08-11 15:40:00+00:00,18.8,38.0,3.3,4.1
2023-08-11 15:50:00+00:00,18.8,38.0,3.3,4.1
2023-08-11 16:00:00+00:00,18.75,38.0,3.3,4.1
2023-08-11 16:10:00+00:00,18.7,38.0,3.3,4.1
2023-08-11 16:20:00+00:00,18.6,38.0,3.3,4.1
2023-08-11 16:30:00+00:00,18.6,38.0,3.3,4.1
2023-08-11 16:40:00+00:00,18.6,38.0,3.3,4.1
2023-08-11 16:50:00+00:00,18.6,38.0,3.4,4.1
2023-08-11 17:00:00+00:00,18.5,38.0,3.3,4.1
2023-08-11 17:10:00+00:00,18.5,38.0,3.3,4.1
2023-08-11 17:20:00+00:00,18.5,38.0,3.3,4.1
2023-08-11 17:30:00+00:00,18.5,38.0,3.3,4.0
2023-08-11 17:40:00+00:00,18.4,38.0,3.4,3.9
2023-08-11 17:50:00+00:00,18.4,38.0,3.4,3.9
2023-08-11 18:00:00+00:00,18.4,38.0,3.4,3.9
2023-08-11 18:10:00+00:00,18.3,38.0,3.4,3.6
2023-08-11 18:20:00+00:00,18.3,38.0,3.4,3.2
2023-08-11 18:30:00+00:00,18.3,39.0,3.4,2.6
2023-08-11 18:40:00+00:00,18.3,39.0,3.4,1.8
2023-08-11 18:50:00+00:00,18.2,39.0,3.4,1.0
2023-08-11 19:00:00+00:00,18.2,39.0,3.4,0.7
2023-08-11 19:10:00+00:00,18.169999999999998,39.0,3.4,0.69
2023-08-11 19:20:00+00:00,18.14,39.0,3.4,0.6799999999999999
2023-08-11 19:30:00+00:00,18.11,39.0,3.4,0.6699999999999999
2023-08-11 19:40:00+00:00,18.08,39.0,3.4,0.6599999999999999
2023-08-11 19:50:00+00:00,18.049999999999997,39.0,3.4,0.6499999999999999
2023-08-11 20:00:00+00:00,18.02,39.0,3.4,0.64
2023-08-11 20:10:00+00:00,17.99,39.0,3.4,0.63
2023-08-11 20:20:00+00:00,17.959999999999997,39.0,3.4,0.62
2023-08-11 20:30:00+00:00,17.93,39.0,3.4,0.61
2023-08-11 20:40:00+00:00,17.9,39.0,3.4,0.6
2023-08-11 20:50:00+00:00,17.88,39.0,3.4,0.6
2023-08-11 21:00:00+00:00,17.86,39.0,3.4,0.6
2023-08-11 21:10:00+00:00,17.84,39.0,3.4,0.6
2023-08-11 21:20:00+00:00,17.82,39.0,3.4,0.6
2023-08-11 21:30:00+00:00,17.799999999999997,39.0,3.4,0.6
2023-08-11 21:40:00+00:00,17.779999999999998,39.0,3.4,0.6
2023-08-11 21:50:00+00:00,17.759999999999998,39.0,3.4,0.6
2023-08-11 22:00:00+00:00,17.74,39.0,3.4,0.6
2023-08-11 22:10:00+00:00,17.72,39.0,3.4,0.6
2023-08-11 22:20:00+00:00,17.7,39.0,3.4,0.6
2023-08-11 22:30:00+00:00,17.689999999999998,39.7,3.4,0.6
2023-08-11 22:40:00+00:00,17.68,40.4,3.4,0.6
2023-08-11 22:50:00+00:00,17.67,41.1,3.4,0.6
2023-08-11 23:00:00+00:00,17.66,41.8,3.4,0.6
2023-08-11 23:10:00+00:00,17.65,42.5,3.4,0.6
2023-08-11 23:20:00+00:00,17.64,43.2,3.4,0.6
2023-08-11 23:30:00+00:00,17.630000000000003,43.9,3.4,0.6
2023-08-11 23:40:00+00:00,17.62,44.6,3.4,0.6
2023-08-11 23:50:00+00:00,17.61,45.3,3.4,0.6
2023-08-12 00:00:00+00:00,17.6,46.0,3.4,0.6
2023-08-12 00:10:00+00:00,17.592857142857145,45.714285714285715,3.4,0.6
2023-08-12 00:20:00+00:00,17.585714285714285,45.42857142857143,3.4,0.6
2023-08-12 00:30:00+00:00,17.57857142857143,45.142857142857146,3.4,0.6
2023-08-12 00:40:00+00:00,17.571428571428573,44.857142857142854,3.4,0.6
2023-08-12 00:50:00+00:00,17.564285714285717,44.57142857142857,3.4,0.6
2023-08-12 01:00:00+00:00,17.557142857142857,44.285714285714285,3.4,0.6
2023-08-12 01:10:00+00:00,17.55,44.0,3.4,0.6
2023-08-12 01:20:00+00:00,17.542857142857144,43.714285714285715,3.4,0.6
2023-08-12 01:30:00+00:00,17.535714285714285,43.42857142857143,3.4,0.6
2023-08-12 01:40:00+00:00,17.52857142857143,43.142857142857146,3.4,0.6
2023-08-12 01:50:00+00:00,17.521428571428572,42.857142857142854,3.4,0.6
2023-08-12 02:00:00+00:00,17.514285714285716,42.57142857142857,3.4,0.6
2023-08-12 02:10:00+00:00,17.507142857142856,42.285714285714285,3.4,0.6
2023-08-12 02:20:00+00:00,17.5,42.0,3.4,0.6
2023-08-12 02:30:00+00:00,17.465,42.0,3.4,0.95
2023-08-12 02:40:00+00:00,17.43,42.0,3.4,1.2999999999999998
2023-08-12 02:50:00+00:00,17.395,42.0,3.4,1.65
2023-08-12 03:00:00+00:00,17.36,42.0,3.4,2.0
2023-08-12 03:10:00+00:00,17.325,42.0,3.4,2.35
2023-08-12 03:20:00+00:00,17.29,42.0,3.4,2.6999999999999997
2023-08-12 03:30:00+00:00,17.255,42.0,3.4,3.05
2023-08-12 03:40:00+00:00,17.22,42.0,3.4,3.4
2023-08-12 03:50:00+00:00,17.185,42.0,3.4,3.75
2023-08-12 04:00:00+00:00,17.15,42.0,3.4,4.1
2023-08-12 04:10:00+00:00,17.1,43.0,3.4,4.1
2023-08-12 04:20:00+00:00,17.1,44.0,3.4,4.1
2023-08-12 04:30:00+00:00,17.1,47.0,3.4,4.1
2023-08-12 04:40:00+00:00,17.1,42.0,3.4,4.1
2023-08-12 04:50:00+00:00,17.1,40.0,3.4,4.1
2023-08-12 05:00:00+00:00,17.05,40.0,3.4,4.1
2023-08-12 05:10:00+00:00,17.0,40.0,3.4,4.1
2023-08-12 05:20:00+00:00,17.0,40.0,3.3,4.1
2023-08-12 05:30:00+00:00,17.0,40.0,3.3,4.2
2023-08-12 05:40:00+00:00,17.0,40.0,3.3,4.1
2023-08-12 05:50:00+00:00,17.0,40.0,3.3,4.1
2023-08-12 06:00:00+00:00,17.1,41.0,3.2,4.1
2023-08-12 06:10:00+00:00,17.1,39.0,3.2,4.1
2023-08-12 06:20:00+00:00,17.1,38.0,3.1,4.1
2023-08-12 06:30:00+00:00,17.1,36.0,3.1,4.4
2023-08-12 06:40:00+00:00,17.1,35.0,3.1,5.7
2023-08-12 06:50:00+00:00,17.15,34.5,3.1,5.5
2023-08-12 07:00:00+00:00,17.2,34.0,3.1,5.3
2023-08-12 07:10:00+00:00,17.3,33.0,3.2,5.8
2023-08-12 07:20:00+00:00,17.3,32.0,3.1,5.8
2023-08-12 07:30:00+00:00,17.4,31.0,3.1,5.6
2023-08-12 07:40:00+00:00,17.4,31.0,3.2,5.7
2023-08-12 07:50:00+00:00,17.5,30.0,3.2,5.7
2023-08-12 08:00:00+00:00,17.6,30.0,3.2,5.7
2023-08-12 08:10:00+00:00,17.6,30.0,3.2,5.8
2023-08-12 08:20:00+00:00,17.8,29.0,3.2,5.9
2023-08-12 08:30:00+00:00,17.8,29.0,3.2,5.85
2023-08-12 08:40:00+00:00,17.8,29.0,3.2,5.8
2023-08-12 08:50:00+00:00,17.9,28.0,3.1,5.9
2023-08-12 09:00:00+00:00,18.0,28.0,3.1,5.7
2023-08-12 09:10:00+00:00,18.1,28.0,3.1,6.0
2023-08-12 09:20:00+00:00,18.3,27.0,3.1,5.7
2023-08-12 09:30:00+00:00,18.4,27.0,3.1,5.9
2023-08-12 09:40:00+00:00,18.5,26.0,3.1,5.8
2023-08-12 09:50:00+00:00,18.7,26.0,3.1,5.9
2023-08-12 10:00:00+00:00,18.8,25.0,3.1,5.8
2023-08-12 10:10:00+00:00,19.0,25.0,3.1,5.8
2023-08-12 10:20:00+00:00,19.1,25.0,3.1,5.8
2023-08-12 10:30:00+00:00,19.2,25.0,3.1,5.8
2023-08-12 10:40:00+00:00,19.4,24.0,3.1,5.8
2023-08-12 10:50:00+00:00,19.6,24.0,3.1,5.8
2023-08-12 11:00:00+00:00,19.8,24.0,3.1,5.8
2023-08-12 11:10:00+00:00,20.0,24.0,3.1,5.8
2023-08-12 11:20:00+00:00,20.1,24.0,3.1,5.7
2023-08-12 11:30:00+00:00,20.3,24.0,3.1,5.7
2023-08-12 11:40:00+00:00,20.5,24.0,3.1,5.6
2023-08-12 11:50:00+00:00,20.6,23.0,3.1,5.6
2023-08-12 12:00:00+00:00,20.8,23.0,3.1,5.4
2023-08-12 12:10:00+00:00,20.9,23.0,3.1,4.75
2023-08-12 12:20:00+00:00,21.0,23.0,3.1,4.1
2023-08-12 12:30:00+00:00,21.0,23.0,3.1,5.0
2023-08-12 12:40:00+00:00,21.1,22.0,3.1,4.1
2023-08-12 12:50:00+00:00,21.1,23.0,3.1,4.1
2023-08-12 13:00:00+00:00,21.2,22.0,3.1,4.1
2023-08-12 13:10:00+00:00,21.3,23.0,3.2,4.1
2023-08-12 13:20:00+00:00,21.3,23.0,3.2,4.1
2023-08-12 13:30:00+00:00,21.3,23.0,3.2,4.1
2023-08-12 13:40:00+00:00,21.3,23.0,3.2,4.1
2023-08-12 13:50:00+00:00,21.2,23.0,3.2,4.1
2023-08-12 14:00:00+00:00,21.2,23.5,3.25,4.1
2023-08-12 14:10:00+00:00,21.2,24.0,3.3,4.1
2023-08-12 14:20:00+00:00,21.1,24.0,3.2,4.1
2023-08-12 14:30:00+00:00,21.1,24.0,3.3,4.1
2023-08-12 14:40:00+00:00,21.1,24.0,3.3,4.1
2023-08-12 14:50:00+00:00,21.0,24.0,3.2,4.1
2023-08-12 15:00:00+00:00,21.0,24.0,3.2,4.1
2023-08-12 15:10:00+00:00,21.0,24.0,3.3,4.1
2023-08-12 15:20:00+00:00,20.9,24.0,3.2,4.1
2023-08-12 15:30:00+00:00,20.8,24.0,3.2,4.1
2023-08-12 15:40:00+00:00,20.8,24.0,3.3,4.1
2023-08-12 15:50:00+00:00,20.8,24.0,3.3,4.1
2023-08-12 16:00:00+00:00,20.8,24.0,3.3,4.1
2023-08-12 16:10:00+00:00,20.8,24.0,3.3,4.1
2023-08-12 16:20:00+00:00,20.7,24.0,3.3,4.1
2023-08-12 16:30:00+00:00,20.6,24.0,3.3,4.1
2023-08-12 16:40:00+00:00,20.6,24.0,3.3,4.1
2023-08-12 16:50:00+00:00,20.6,24.0,3.3,4.1
2023-08-12 17:00:00+00:00,20.5,24.0,3.3,4.1
2023-08-12 17:10:00+00:00,20.5,24.0,3.3,4.1
2023-08-12 17:20:00+00:00,20.5,24.0,3.3,4.1
2023-08-12 17:30:00+00:00,20.5,25.0,3.3,4.0
2023-08-12 17:40:00+00:00,20.45,24.5,3.3,3.9
2023-08-12 17:50:00+00:00,20.4,24.0,3.3,3.8
2023-08-12 18:00:00+00:00,20.3,25.0,3.3,3.5
2023-08-12 18:10:00+00:00,20.3,24.0,3.3,2.9
2023-08-12 18:20:00+00:00,20.3,24.0,3.3,2.2
2023-08-12 18:30:00+00:00,20.3,25.0,3.3,1.7
2023-08-12 18:40:00+00:00,20.2,25.0,3.3,0.9
2023-08-12 18:50:00+00:00,20.176923076923075,25.076923076923077,3.3,0.8769230769230769
2023-08-12 19:00:00+00:00,20.153846153846153,25.153846153846153,3.3,0.8538461538461538
2023-08-12 19:10:00+00:00,20.13076923076923,25.23076923076923,3.3,0.8307692307692308
2023-08-12 19:20:00+00:00,20.107692307692307,25.307692307692307,3.3,0.8076923076923077
2023-08-12 19:30:00+00:00,20.084615384615383,25.384615384615383,3.3,0.7846153846153846
2023-08-12 19:40:00+00:00,20.06153846153846,25.46153846153846,3.3,0.7615384615384615
2023-08-12 19:50:00+00:00,20.038461538461537,25.53846153846154,3.3,0.7384615384615385
2023-08-12 20:00:00+00:00,20.015384615384615,25.615384615384617,3.3,0.7153846153846154
2023-08-12 20:10:00+00:00,19.99230769230769,25.692307692307693,3.3,0.6923076923076923
2023-08-12 20:20:00+00:00,19.96923076923077,25.76923076923077,3.3,0.6692307692307692
2023-08-12 20:30:00+00:00,19.946153846153845,25.846153846153847,3.3,0.6461538461538461
2023-08-12 20:40:00+00:00,19.923076923076923,25.923076923076923,3.3,0.6230769230769231
2023-08-12 20:50:00+00:00,19.9,26.0,3.3,0.6
2023-08-12 21:00:00+00:00,19.869999999999997,26.0,3.3,0.58
2023-08-12 21:10:00+00:00,19.84,26.0,3.3,0.5599999999999999
2023-08-12 21:20:00+00:00,19.81,26.0,3.3,0.54
2023-08-12 21:30:00+00:00,19.78,26.0,3.3,0.52
2023-08-12 21:40:00+00:00,19.75,26.0,3.3,0.5
2023-08-12 21:50:00+00:00,19.72,26.0,3.3,0.48
2023-08-12 22:00:00+00:00,19.69,26.0,3.3,0.45999999999999996
2023-08-12 22:10:00+00:00,19.66,26.0,3.3,0.44
2023-08-12 22:20:00+00:00,19.630000000000003,26.0,3.3,0.42000000000000004
2023-08-12 22:30:00+00:00,19.6,26.0,3.3,0.4
2023-08-12 22:40:00+00:00,19.57,26.1,3.3,0.42000000000000004
2023-08-12 22:50:00+00:00,19.540000000000003,26.2,3.3,0.44
2023-08-12 23:00:00+00:00,19.51,26.3,3.3,0.46
2023-08-12 23:10:00+00:00,19.48,26.4,3.3,0.48
2023-08-12 23:20:00+00:00,19.450000000000003,26.5,3.3,0.5
2023-08-12 23:30:00+00:00,19.42,26.6,3.3,0.52
2023-08-12 23:40:00+00:00,19.39,26.7,3.3,0.54
2023-08-12 23:50:00+00:00,19.36,26.8,3.3,0.56
2023-08-13 00:00:00+00:00,19.330000000000002,26.9,3.3,0.58
2023-08-13 00:10:00+00:00,19.3,27.0,3.3,0.6
2023-08-13 00:20:00+00:00,19.28,27.1,3.3,0.6
2023-08-13 00:30:00+00:00,19.26,27.2,3.3,0.6
2023-08-13 00:40:00+00:00,19.240000000000002,27.3,3.3,0.6
2023-08-13 00:50:00+00:00,19.220000000000002,27.4,3.3,0.6
2023-08-13 01:00:00+00:00,19.200000000000003,27.5,3.3,0.6
2023-08-13 01:10:00+00:00,19.18,27.6,3.3,0.6
2023-08-13 01:20:00+00:00,19.16,27.7,3.3,0.6
2023-08-13 01:30:00+00:00,19.14,27.8,3.3,0.6
2023-08-13 01:40:00+00:00,19.12,27.9,3.3,0.6
2023-08-13 01:50:00+00:00,19.1,28.0,3.3,0.6
2023-08-13 02:00:00+00:00,19.09,27.9,3.3,0.83
2023-08-13 02:10:00+00:00,19.080000000000002,27.8,3.3,1.06
2023-08-13 02:20:00+00:00,19.07,27.7,3.3,1.29
2023-08-13 02:30:00+00:00,19.060000000000002,27.6,3.3,1.52
2023-08-13 02:40:00+00:00,19.05,27.5,3.3,1.75
2023-08-13 02:50:00+00:00,19.04,27.4,3.3,1.98
2023-08-13 03:00:00+00:00,19.03,27.3,3.3,2.21
2023-08-13 03:10:00+00:00,19.02,27.2,3.3,2.44
2023-08-13 03:20:00+00:00,19.01,27.1,3.3,2.67
2023-08-13 03:30:00+00:00,19.0,27.0,3.3,2.9
2023-08-13 03:40:00+00:00,19.0,28.0,3.4,3.5
2023-08-13 03:50:00+00:00,19.0,28.0,3.4,3.7
2023-08-13 04:00:00+00:00,19.0,28.0,3.3,4.0
2023-08-13 04:10:00+00:00,18.9,28.0,3.3,4.0
2023-08-13 04:20:00+00:00,18.9,28.0,3.3,4.1
2023-08-13 04:30:00+00:00,18.9,28.0,3.3,4.1
2023-08-13 04:40:00+00:00,18.9,28.0,3.3,4.1
2023-08-13 04:50:00+00:00,18.9,27.5,3.3,4.1
2023-08-13 05:00:00+00:00,18.9,27.0,3.3,4.1
2023-08-13 05:10:00+00:00,18.9,27.0,3.3,4.1
2023-08-13 05:20:00+00:00,18.9,28.0,3.3,4.1
2023-08-13 05:30:00+00:00,18.9,28.0,3.3,4.1
2023-08-13 05:40:00+00:00,18.9,27.0,3.3,4.1
2023-08-13 05:50:00+00:00,18.9,27.0,3.3,4.1
2023-08-13 06:00:00+00:00,18.9,27.0,3.3,4.1
2023-08-13 06:10:00+00:00,18.9,27.0,3.3,4.1
2023-08-13 06:20:00+00:00,18.9,26.0,3.3,4.1
2023-08-13 06:30:00+00:00,18.9,26.0,3.3,4.1
2023-08-13 06:40:00+00:00,18.95,25.5,3.25,4.15
2023-08-13 06:50:00+00:00,19.0,25.0,3.2,4.2
2023-08-13 07:00:00+00:00,19.0,24.0,3.1,4.2
2023-08-13 07:10:00+00:00,19.05,23.0,3.1,4.35
2023-08-13 07:20:00+00:00,19.1,22.0,3.1,4.5
2023-08-13 07:30:00+00:00,19.1,21.0,3.1,5.5
2023-08-13 07:40:00+00:00,19.1,21.0,3.1,4.1
2023-08-13 07:50:00+00:00,19.2,21.0,3.1,4.1
2023-08-13 08:00:00+00:00,19.3,21.0,3.1,5.6
2023-08-13 08:10:00+00:00,19.3,20.0,3.1,5.8
2023-08-13 08:20:00+00:00,19.35,19.5,3.1,5.0
2023-08-13 08:30:00+00:00,19.4,19.0,3.1,4.2
2023-08-13 08:40:00+00:00,19.5,20.0,3.1,4.4
2023-08-13 08:50:00+00:00,19.5,21.0,3.2,5.2
2023-08-13 09:00:00+00:00,19.6,20.0,3.2,5.0
2023-08-13 09:10:00+00:00,19.7,20.0,3.1,6.1
2023-08-13 09:20:00+00:00,19.8,20.0,3.1,5.9
2023-08-13 09:30:00+00:00,19.9,19.0,3.1,4.1
2023-08-13 09:40:00+00:00,20.0,19.0,3.1,5.9
2023-08-13 09:50:00+00:00,20.1,19.0,3.1,4.1
2023-08-13 10:00:00+00:00,20.2,19.0,3.1,5.9
2023-08-13 10:10:00+00:00,20.25,19.0,3.1,6.0
2023-08-13 10:20:00+00:00,20.3,19.0,3.1,6.1
2023-08-13 10:30:00+00:00,20.5,19.0,3.1,5.9
2023-08-13 10:40:00+00:00,20.6,19.0,3.1,4.3
2023-08-13 10:50:00+00:00,20.7,19.0,3.1,5.4
2023-08-13 11:00:00+00:00,20.8,19.0,3.1,4.8
2023-08-13 11:10:00+00:00,20.8,19.0,3.1,4.2
2023-08-13 11:20:00+00:00,21.0,19.0,3.1,5.9
2023-08-13 11:30:00+00:00,21.1,19.0,3.1,5.9
2023-08-13 11:40:00+00:00,21.1,19.0,3.1,4.1
2023-08-13 11:50:00+00:00,21.2,19.0,3.1,4.1
2023-08-13 12:00:00+00:00,21.25,19.5,3.1,4.8
2023-08-13 12:10:00+00:00,21.3,20.0,3.1,5.5
2023-08-13 12:20:00+00:00,21.4,20.0,3.1,4.1
2023-08-13 12:30:00+00:00,21.5,20.0,3.1,4.5
2023-08-13 12:40:00+00:00,21.5,20.0,3.1,4.1
2023-08-13 12:50:00+00:00,21.5,20.0,3.2,4.1
2023-08-13 13:00:00+00:00,21.5,20.0,3.2,4.1
2023-08-13 13:10:00+00:00,21.5,21.0,3.2,4.1
2023-08-13 13:20:00+00:00,21.5,21.0,3.2,4.1
2023-08-13 13:30:00+00:00,21.5,21.0,3.2,4.1
2023-08-13 13:40:00+00:00,21.4,21.0,3.2,4.1
2023-08-13 13:50:00+00:00,21.35,21.0,3.2,4.1
2023-08-13 14:00:00+00:00,21.3,21.0,3.2,4.1
2023-08-13 14:10:00+00:00,21.3,21.0,3.3,4.1
2023-08-13 14:20:00+00:00,21.3,21.0,3.2,4.1
2023-08-13 14:30:00+00:00,21.7,30.0,3.3,4.1
2023-08-13 14:40:00+00:00,21.5,32.0,3.3,4.1
2023-08-13 14:50:00+00:00,21.5,33.0,3.3,4.1
2023-08-13 15:00:00+00:00,21.3,34.0,3.3,4.1
2023-08-13 15:10:00+00:00,21.3,35.0,3.3,4.1
2023-08-13 15:20:00+00:00,21.2,35.0,3.3,4.1
2023-08-13 15:30:00+00:00,21.1,35.0,3.3,4.1
2023-08-13 15:40:00+00:00,21.1,35.0,3.3,4.1
2023-08-13 15:50:00+00:00,21.1,35.0,3.3,4.1
2023-08-13 16:00:00+00:00,21.0,36.0,3.3,4.1
2023-08-13 16:10:00+00:00,21.0,35.0,3.3,4.1
2023-08-13 16:20:00+00:00,20.9,36.0,3.3,4.1
2023-08-13 16:30:00+00:00,20.8,36.0,3.3,4.1
2023-08-13 16:40:00+00:00,20.7,36.0,3.3,4.1
2023-08-13 16:50:00+00:00,20.7,36.0,3.3,4.1
2023-08-13 17:00:00+00:00,20.6,36.0,3.3,4.1
2023-08-13 17:10:00+00:00,20.6,37.0,3.3,4.1
2023-08-13 17:20:00+00:00,20.5,36.0,3.3,4.1
2023-08-13 17:30:00+00:00,20.5,36.0,3.3,4.0
2023-08-13 17:40:00+00:00,20.5,36.0,3.3,3.9
2023-08-13 17:50:00+00:00,20.4,37.0,3.3,3.9
2023-08-13 18:00:00+00:00,20.3,37.0,3.3,3.6
2023-08-13 18:10:00+00:00,20.3,37.0,3.3,3.1
2023-08-13 18:20:00+00:00,20.2,37.0,3.3,2.5
2023-08-13 18:30:00+00:00,20.2,37.0,3.3,1.8
2023-08-13 18:40:00+00:00,20.1,37.0,3.4,1.0
2023-08-13 18:50:00+00:00,20.1,37.0,3.4,0.7
2023-08-13 19:00:00+00:00,20.05,37.1,3.4,0.69
2023-08-13 19:10:00+00:00,20.0,37.2,3.4,0.6799999999999999
2023-08-13 19:20:00+00:00,19.950000000000003,37.3,3.4,0.6699999999999999
2023-08-13 19:30:00+00:00,19.900000000000002,37.4,3.4,0.6599999999999999
2023-08-13 19:40:00+00:00,19.85,37.5,3.4,0.6499999999999999
2023-08-13 19:50:00+00:00,19.8,37.6,3.4,0.64
2023-08-13 20:00:00+00:00,19.75,37.7,3.4,0.63
2023-08-13 20:10:00+00:00,19.700000000000003,37.8,3.4,0.62
2023-08-13 20:20:00+00:00,19.650000000000002,37.9,3.4,0.61
2023-08-13 20:30:00+00:00,19.6,38.0,3.4,0.6
2023-08-13 20:40:00+00:00,19.560000000000002,38.2,3.4,0.6
2023-08-13 20:50:00+00:00,19.52,38.4,3.4,0.6
2023-08-13 21:00:00+00:00,19.48,38.6,3.4,0.6
2023-08-13 21:10:00+00:00,19.44,38.8,3.4,0.6
2023-08-13 21:20:00+00:00,19.4,39.0,3.4,0.6
2023-08-13 21:30:00+00:00,19.36,39.2,3.4,0.6
2023-08-13 21:40:00+00:00,19.32,39.4,3.4,0.6
2023-08-13 21:50:00+00:00,19.28,39.6,3.4,0.6
2023-08-13 22:00:00+00:00,19.24,39.8,3.4,0.6
2023-08-13 22:10:00+00:00,19.2,40.0,3.4,0.6
2023-08-13 22:20:00+00:00,19.178571428571427,40.07142857142857,3.4,0.6
2023-08-13 22:30:00+00:00,19.157142857142855,40.142857142857146,3.4,0.6
2023-08-13 22:40:00+00:00,19.135714285714286,40.214285714285715,3.4,0.6
2023-08-13 22:50:00+00:00,19.114285714285714,40.285714285714285,3.4,0.6
2023-08-13 23:00:00+00:00,19.09285714285714,40.357142857142854,3.4,0.6
2023-08-13 23:10:00+00:00,19.07142857142857,40.42857142857143,3.4,0.6
2023-08-13 23:20:00+00:00,19.049999999999997,40.5,3.4,0.6
2023-08-13 23:30:00+00:00,19.02857142857143,40.57142857142857,3.4,0.6
2023-08-13 23:40:00+00:00,19.007142857142856,40.642857142857146,3.4,0.6
2023-08-13 23:50:00+00:00,18.985714285714284,40.714285714285715,3.4,0.6
2023-08-14 00:00:00+00:00,18.96428571428571,40.785714285714285,3.4,0.6
2023-08-14 00:10:00+00:00,18.942857142857143,40.857142857142854,3.4,0.6
2023-08-14 00:20:00+00:00,18.92142857142857,40.92857142857143,3.4,0.6
2023-08-14 00:30:00+00:00,18.9,41.0,3.4,0.6
2023-08-14 00:40:00+00:00,18.869999999999997,41.7,3.4,0.6
2023-08-14 00:50:00+00:00,18.84,42.4,3.4,0.6
2023-08-14 01:00:00+00:00,18.81,43.1,3.4,0.6
2023-08-14 01:10:00+00:00,18.78,43.8,3.4,0.6
2023-08-14 01:20:00+00:00,18.75,44.5,3.4,0.6
2023-08-14 01:30:00+00:00,18.72,45.2,3.4,0.6
2023-08-14 01:40:00+00:00,18.69,45.9,3.4,0.6
2023-08-14 01:50:00+00:00,18.66,46.6,3.4,0.6
2023-08-14 02:00:00+00:00,18.630000000000003,47.3,3.4,0.6
2023-08-14 02:10:00+00:00,18.6,48.0,3.4,0.6
2023-08-14 02:20:00+00:00,18.57,47.65,3.4,0.895
2023-08-14 02:30:00+00:00,18.540000000000003,47.3,3.4,1.19
2023-08-14 02:40:00+00:00,18.51,46.95,3.4,1.4849999999999999
2023-08-14 02:50:00+00:00,18.48,46.6,3.4,1.7799999999999998
2023-08-14 03:00:00+00:00,18.450000000000003,46.25,3.4,2.0749999999999997
2023-08-14 03:10:00+00:00,18.42,45.9,3.4,2.37
2023-08-14 03:20:00+00:00,18.39,45.55,3.4,2.665
2023-08-14 03:30:00+00:00,18.36,45.2,3.4,2.96
2023-08-14 03:40:00+00:00,18.330000000000002,44.85,3.4,3.255
2023-08-14 03:50:00+00:00,18.3,44.5,3.4,3.55
2023-08-14 04:00:00+00:00,18.3,45.0,3.4,4.1
2023-08-14 04:10:00+00:00,18.3,44.0,3.4,4.1
2023-08-14 04:20:00+00:00,18.2,45.0,3.4,4.1
2023-08-14 04:30:00+00:00,18.2,45.0,3.4,4.1
2023-08-14 04:40:00+00:00,18.2,45.0,3.4,4.1
2023-08-14 04:50:00+00:00,18.2,45.0,3.4,4.1
2023-08-14 05:00:00+00:00,18.2,44.0,3.3,4.1
2023-08-14 05:10:00+00:00,18.2,44.0,3.3,4.1
2023-08-14 05:20:00+00:00,18.1,46.0,3.3,4.1
2023-08-14 05:30:00+00:00,18.2,44.0,3.2,4.1
2023-08-14 05:40:00+00:00,18.1,44.0,3.2,4.2
2023-08-14 05:50:00+00:00,18.2,44.0,3.2,4.2
2023-08-14 06:00:00+00:00,18.2,43.0,3.1,4.1
2023-08-14 06:10:00+00:00,18.2,43.0,3.1,4.2
2023-08-14 06:20:00+00:00,18.2,42.0,3.1,4.6
2023-08-14 06:30:00+00:00,18.25,41.5,3.1,5.1
2023-08-14 06:40:00+00:00,18.3,41.0,3.1,5.6
2023-08-14 06:50:00+00:00,18.3,40.0,3.1,5.7
2023-08-14 07:00:00+00:00,18.3,39.0,3.1,5.8
2023-08-14 07:10:00+00:00,18.4,38.0,3.1,5.8
2023-08-14 07:20:00+00:00,18.5,37.0,3.1,5.8
2023-08-14 07:30:00+00:00,18.5,36.0,3.1,5.8
2023-08-14 07:40:00+00:00,18.6,35.0,3.1,5.8
2023-08-14 07:50:00+00:00,18.7,34.0,3.1,5.8
2023-08-14 08:00:00+00:00,18.8,34.0,3.1,5.8
2023-08-14 08:10:00+00:00,18.85,33.0,3.1,5.8
2023-08-14 08:20:00+00:00,18.9,32.0,3.1,5.8
2023-08-14 08:30:00+00:00,19.0,32.0,3.1,5.8
2023-08-14 08:40:00+00:00,19.1,32.0,3.1,5.8
2023-08-14 08:50:00+00:00,19.3,31.0,3.1,5.8
2023-08-14 09:00:00+00:00,19.5,30.0,3.1,5.8
2023-08-14 09:10:00+00:00,19.6,30.0,3.1,5.7
2023-08-14 09:20:00+00:00,19.8,30.0,3.1,5.8
2023-08-14 09:30:00+00:00,20.0,30.0,3.1,5.7
2023-08-14 09:40:00+00:00,20.1,30.0,3.1,5.7
2023-08-14 09:50:00+00:00,20.3,29.0,3.1,5.8
2023-08-14 10:00:00+00:00,20.4,29.0,3.1,5.6
2023-08-14 10:10:00+00:00,20.5,29.0,3.1,5.4
2023-08-14 10:20:00+00:00,20.7,29.0,3.1,5.7
2023-08-14 10:30:00+00:00,20.9,29.0,3.1,5.8
2023-08-14 10:40:00+00:00,21.0,28.0,3.1,5.8
2023-08-14 10:50:00+00:00,21.2,28.0,3.1,5.8
2023-08-14 11:00:00+00:00,21.4,28.0,3.1,5.8
2023-08-14 11:10:00+00:00,21.5,28.0,3.1,5.8
2023-08-14 11:20:00+00:00,21.6,28.0,3.1,5.8
2023-08-14 11:30:00+00:00,21.8,28.0,3.1,5.7
2023-08-14 11:40:00+00:00,22.0,27.0,3.1,5.6
2023-08-14 11:50:00+00:00,22.05,27.5,3.1,5.15
2023-08-14 12:00:00+00:00,22.1,28.0,3.1,4.7
2023-08-14 12:10:00+00:00,22.1,29.0,3.1,5.3
2023-08-14 12:20:00+00:00,22.2,29.0,3.1,5.3
2023-08-14 12:30:00+00:00,22.3,29.0,3.1,5.0
2023-08-14 12:40:00+00:00,22.3,31.0,3.1,4.9
2023-08-14 12:50:00+00:00,22.3,29.0,3.1,4.1
2023-08-14 13:00:00+00:00,22.3,29.0,3.1,4.1
2023-08-14 13:10:00+00:00,22.3,29.0,3.2,4.1
2023-08-14 13:20:00+00:00,22.3,29.0,3.2,4.1
2023-08-14 13:30:00+00:00,22.3,29.0,3.2,4.1
2023-08-14 13:40:00+00:00,22.3,29.0,3.2,4.1
2023-08-14 13:50:00+00:00,22.3,29.0,3.2,4.1
2023-08-14 14:00:00+00:00,22.2,29.0,3.2,4.1
2023-08-14 14:10:00+00:00,22.2,29.0,3.2,4.1
2023-08-14 14:20:00+00:00,22.2,30.0,3.2,4.1
2023-08-14 14:30:00+00:00,22.1,29.0,3.2,4.1
2023-08-14 14:40:00+00:00,22.1,30.0,3.2,4.1
2023-08-14 14:50:00+00:00,22.0,30.0,3.2,4.1
2023-08-14 15:00:00+00:00,22.0,30.0,3.2,4.1
2023-08-14 15:10:00+00:00,22.0,30.0,3.2,4.1
2023-08-14 15:20:00+00:00,21.9,30.0,3.2,4.1
2023-08-14 15:30:00+00:00,21.9,30.0,3.2,4.1
2023-08-14 15:40:00+00:00,21.9,30.0,3.2,4.1
2023-08-14 15:50:00+00:00,21.8,30.0,3.2,4.1
2023-08-14 16:00:00+00:00,21.8,29.0,3.2,4.1
2023-08-14 16:10:00+00:00,21.8,29.0,3.2,4.1
2023-08-14 16:20:00+00:00,21.7,29.0,3.2,4.1
2023-08-14 16:30:00+00:00,21.7,29.0,3.2,4.1
2023-08-14 16:40:00+00:00,21.6,30.0,3.2,4.1
2023-08-14 16:50:00+00:00,21.6,30.0,3.2,4.1
2023-08-14 17:00:00+00:00,21.6,30.0,3.2,4.1
2023-08-14 17:10:00+00:00,21.5,30.0,3.2,4.1
2023-08-14 17:20:00+00:00,21.5,30.0,3.2,4.1
2023-08-14 17:30:00+00:00,21.5,30.0,3.2,4.1
2023-08-14 17:40:00+00:00,21.5,30.0,3.3,4.0
2023-08-14 17:50:00+00:00,21.5,30.0,3.3,3.8
2023-08-14 18:00:00+00:00,21.4,30.0,3.2,3.2
2023-08-14 18:10:00+00:00,21.3,31.0,3.2,2.7
2023-08-14 18:20:00+00:00,21.3,32.0,3.3,2.0
2023-08-14 18:30:00+00:00,21.3,30.0,3.2,1.5
2023-08-14 18:40:00+00:00,21.3,29.0,3.2,0.9
2023-08-14 18:50:00+00:00,21.26,29.2,3.21,0.85
2023-08-14 19:00:00+00:00,21.22,29.4,3.22,0.8
2023-08-14 19:10:00+00:00,21.18,29.6,3.23,0.75
2023-08-14 19:20:00+00:00,21.14,29.8,3.24,0.7
2023-08-14 19:30:00+00:00,21.1,30.0,3.25,0.65
2023-08-14 19:40:00+00:00,21.06,30.2,3.26,0.6
2023-08-14 19:50:00+00:00,21.02,30.4,3.27,0.55
2023-08-14 20:00:00+00:00,20.98,30.6,3.28,0.5
2023-08-14 20:10:00+00:00,20.939999999999998,30.8,3.29,0.45
2023-08-14 20:20:00+00:00,20.9,31.0,3.3,0.4
2023-08-14 20:30:00+00:00,20.86,31.4,3.3,0.42000000000000004
2023-08-14 20:40:00+00:00,20.82,31.8,3.3,0.44
2023-08-14 20:50:00+00:00,20.779999999999998,32.2,3.3,0.46
2023-08-14 21:00:00+00:00,20.74,32.6,3.3,0.48
2023-08-14 21:10:00+00:00,20.7,33.0,3.3,0.5
2023-08-14 21:20:00+00:00,20.66,33.4,3.3,0.52
2023-08-14 21:30:00+00:00,20.62,33.8,3.3,0.54
2023-08-14 21:40:00+00:00,20.58,34.2,3.3,0.56
2023-08-14 21:50:00+00:00,20.54,34.6,3.3,0.58
2023-08-14 22:00:00+00:00,20.5,35.0,3.3,0.6
2023-08-14 22:10:00+00:00,20.47142857142857,35.214285714285715,3.3,0.6
2023-08-14 22:20:00+00:00,20.442857142857143,35.42857142857143,3.3,0.6
2023-08-14 22:30:00+00:00,20.414285714285715,35.642857142857146,3.3,0.6
2023-08-14 22:40:00+00:00,20.385714285714286,35.857142857142854,3.3,0.6
2023-08-14 22:50:00+00:00,20.357142857142858,36.07142857142857,3.3,0.6
2023-08-14 23:00:00+00:00,20.32857142857143,36.285714285714285,3.3,0.6
2023-08-14 23:10:00+00:00,20.3,36.5,3.3,0.6
2023-08-14 23:20:00+00:00,20.271428571428572,36.714285714285715,3.3,0.6
2023-08-14 23:30:00+00:00,20.242857142857144,36.92857142857143,3.3,0.6
2023-08-14 23:40:00+00:00,20.214285714285715,37.142857142857146,3.3,0.6
2023-08-14 23:50:00+00:00,20.185714285714287,37.357142857142854,3.3,0.6
2023-08-15 00:00:00+00:00,20.15714285714286,37.57142857142857,3.3,0.6
2023-08-15 00:10:00+00:00,20.12857142857143,37.785714285714285,3.3,0.6
2023-08-15 00:20:00+00:00,20.1,38.0,3.3,0.6
2023-08-15 00:30:00+00:00,20.07,37.8,3.3099999999999996,0.6
2023-08-15 00:40:00+00:00,20.040000000000003,37.6,3.32,0.6
2023-08-15 00:50:00+00:00,20.01,37.4,3.33,0.6
2023-08-15 01:00:00+00:00,19.98,37.2,3.34,0.6
2023-08-15 01:10:00+00:00,19.950000000000003,37.0,3.3499999999999996,0.6
2023-08-15 01:20:00+00:00,19.92,36.8,3.36,0.6
2023-08-15 01:30:00+00:00,19.89,36.6,3.37,0.6
2023-08-15 01:40:00+00:00,19.86,36.4,3.38,0.6
2023-08-15 01:50:00+00:00,19.830000000000002,36.2,3.3899999999999997,0.6
2023-08-15 02:00:00+00:00,19.8,36.0,3.4,0.6
2023-08-15 02:10:00+00:00,19.775000000000002,36.1,3.395,0.865
2023-08-15 02:20:00+00:00,19.75,36.2,3.3899999999999997,1.13
2023-08-15 02:30:00+00:00,19.725,36.3,3.385,1.395
2023-08-15 02:40:00+00:00,19.7,36.4,3.38,1.6600000000000001
2023-08-15 02:50:00+00:00,19.675,36.5,3.375,1.9250000000000003
2023-08-15 03:00:00+00:00,19.650000000000002,36.6,3.3699999999999997,2.19
2023-08-15 03:10:00+00:00,19.625,36.7,3.3649999999999998,2.455
2023-08-15 03:20:00+00:00,19.6,36.8,3.36,2.72
2023-08-15 03:30:00+00:00,19.575,36.9,3.3549999999999995,2.9850000000000003
2023-08-15 03:40:00+00:00,19.55,37.0,3.3499999999999996,3.25
2023-08-15 03:50:00+00:00,19.5,37.0,3.3,4.1
2023-08-15 04:00:00+00:00,19.5,38.0,3.3,4.1
2023-08-15 04:10:00+00:00,19.5,37.0,3.3,4.1
2023-08-15 04:20:00+00:00,19.5,37.0,3.3,4.1
2023-08-15 04:30:00+00:00,19.5,37.0,3.3,4.1
2023-08-15 04:40:00+00:00,19.5,37.0,3.3,4.1
2023-08-15 04:50:00+00:00,19.5,37.0,3.3,4.1
2023-08-15 05:00:00+00:00,19.5,37.0,3.3,4.1
2023-08-15 05:10:00+00:00,19.5,37.0,3.3,4.1
2023-08-15 05:20:00+00:00,19.5,37.0,3.3,4.1
2023-08-15 05:30:00+00:00,19.5,36.0,3.2,4.1
2023-08-15 05:40:00+00:00,19.5,46.0,3.1,4.1
2023-08-15 05:50:00+00:00,19.5,36.0,3.2,4.1
2023-08-15 06:00:00+00:00,19.5,36.0,3.2,4.2
2023-08-15 06:10:00+00:00,19.5,34.0,3.1,4.1
2023-08-15 06:20:00+00:00,19.5,33.5,3.1,4.15
2023-08-15 06:30:00+00:00,19.5,33.0,3.1,4.2
2023-08-15 06:40:00+00:00,19.6,31.0,3.1,4.1
2023-08-15 06:50:00+00:00,19.6,30.0,3.1,4.1
2023-08-15 07:00:00+00:00,19.7,28.0,3.1,5.4
2023-08-15 07:10:00+00:00,19.8,26.0,3.1,5.6
2023-08-15 07:20:00+00:00,19.8,25.0,3.1,5.7
2023-08-15 07:30:00+00:00,19.9,24.0,3.1,5.7
2023-08-15 07:40:00+00:00,20.0,24.0,3.1,5.8
2023-08-15 07:50:00+00:00,20.1,23.0,3.1,5.8
2023-08-15 08:00:00+00:00,20.1,23.0,3.1,5.85
2023-08-15 08:10:00+00:00,20.1,23.0,3.1,5.9
2023-08-15 08:20:00+00:00,20.3,22.0,3.1,5.5
2023-08-15 08:30:00+00:00,20.4,22.0,3.1,5.8
2023-08-15 08:40:00+00:00,20.5,22.0,3.1,5.4
2023-08-15 08:50:00+00:00,20.6,22.0,3.1,5.7
2023-08-15 09:00:00+00:00,20.8,21.0,3.1,5.8
2023-08-15 09:10:00+00:00,20.9,21.0,3.1,5.7
2023-08-15 09:20:00+00:00,21.0,21.0,3.1,5.7
2023-08-15 09:30:00+00:00,21.2,20.0,3.1,5.7
2023-08-15 09:40:00+00:00,21.4,21.0,3.1,5.8
2023-08-15 09:50:00+00:00,21.45,20.5,3.1,5.75
2023-08-15 10:00:00+00:00,21.5,20.0,3.1,5.7
2023-08-15 10:10:00+00:00,21.7,20.0,3.1,5.8
2023-08-15 10:20:00+00:00,21.9,20.0,3.1,5.7
2023-08-15 10:30:00+00:00,22.1,20.0,3.1,5.7
2023-08-15 10:40:00+00:00,22.3,20.0,3.1,5.7
2023-08-15 10:50:00+00:00,22.4,20.0,3.1,5.7
2023-08-15 11:00:00+00:00,22.6,19.0,3.1,5.7
2023-08-15 11:10:00+00:00,22.7,19.0,3.1,5.6
2023-08-15 11:20:00+00:00,22.9,18.0,3.1,5.6
2023-08-15 11:30:00+00:00,23.0,18.0,3.1,5.6
2023-08-15 11:40:00+00:00,23.1,18.0,3.1,5.55
2023-08-15 11:50:00+00:00,23.2,18.0,3.1,5.5
2023-08-15 12:00:00+00:00,23.3,19.0,3.1,5.3
2023-08-15 12:10:00+00:00,23.5,19.0,3.1,5.2
2023-08-15 12:20:00+00:00,23.5,19.0,3.1,5.0
2023-08-15 12:30:00+00:00,23.6,19.0,3.1,4.1
2023-08-15 12:40:00+00:00,23.6,19.0,3.1,4.1
2023-08-15 12:50:00+00:00,23.6,19.0,3.1,4.1
2023-08-15 13:00:00+00:00,23.6,20.0,3.1,4.1
2023-08-15 13:10:00+00:00,23.6,19.0,3.1,4.1
2023-08-15 13:20:00+00:00,23.6,19.0,3.1,4.1
2023-08-15 13:30:00+00:00,23.6,19.5,3.1,4.1
2023-08-15 13:40:00+00:00,23.6,20.0,3.1,4.1
2023-08-15 13:50:00+00:00,23.6,20.0,3.1,4.1
2023-08-15 14:00:00+00:00,23.6,20.0,3.1,4.1
2023-08-15 14:10:00+00:00,23.6,20.0,3.1,4.1
2023-08-15 14:20:00+00:00,23.6,20.0,3.1,4.1
2023-08-15 14:30:00+00:00,23.5,20.0,3.1,4.1
2023-08-15 14:40:00+00:00,23.5,20.0,3.1,4.1
2023-08-15 14:50:00+00:00,23.5,20.0,3.1,4.1
2023-08-15 15:00:00+00:00,23.5,20.0,3.1,4.1
2023-08-15 15:10:00+00:00,23.4,20.0,3.1,4.1
2023-08-15 15:20:00+00:00,23.4,20.0,3.1500000000000004,4.1
2023-08-15 15:30:00+00:00,23.4,20.0,3.2,4.1
2023-08-15 15:40:00+00:00,23.3,20.0,3.2,4.1
2023-08-15 15:50:00+00:00,23.3,20.0,3.1,4.1
2023-08-15 16:00:00+00:00,23.3,20.0,3.2,4.1
2023-08-15 16:10:00+00:00,23.2,20.0,3.2,4.1
2023-08-15 16:20:00+00:00,23.2,20.0,3.1,4.1
2023-08-15 16:30:00+00:00,23.1,20.0,3.2,4.1
2023-08-15 16:40:00+00:00,23.1,20.0,3.2,4.1
2023-08-15 16:50:00+00:00,23.1,21.0,3.2,4.1
2023-08-15 17:00:00+00:00,23.0,21.0,3.2,4.1
2023-08-15 17:10:00+00:00,23.0,20.5,3.2,4.1
2023-08-15 17:20:00+00:00,23.0,20.0,3.2,4.1
2023-08-15 17:30:00+00:00,23.0,21.0,3.2,4.1
2023-08-15 17:40:00+00:00,22.9,21.0,3.2,3.9
2023-08-15 17:50:00+00:00,22.8,21.0,3.2,3.8
2023-08-15 18:00:00+00:00,22.8,21.0,3.2,3.5
2023-08-15 18:10:00+00:00,22.8,24.0,3.2,3.0
2023-08-15 18:20:00+00:00,22.7,25.0,3.2,2.1
2023-08-15 18:30:00+00:00,22.7,26.0,3.2,1.3
2023-08-15 18:40:00+00:00,22.6,27.0,3.2,0.8
2023-08-15 18:50:00+00:00,22.560000000000002,26.7,3.21,0.78
2023-08-15 19:00:00+00:00,22.52,26.4,3.22,0.76
2023-08-15 19:10:00+00:00,22.48,26.1,3.23,0.74
2023-08-15 19:20:00+00:00,22.44,25.8,3.24,0.72
2023-08-15 19:30:00+00:00,22.4,25.5,3.25,0.7
2023-08-15 19:40:00+00:00,22.36,25.2,3.26,0.6799999999999999
2023-08-15 19:50:00+00:00,22.32,24.9,3.27,0.66
2023-08-15 20:00:00+00:00,22.28,24.6,3.28,0.64
2023-08-15 20:10:00+00:00,22.24,24.3,3.29,0.62
2023-08-15 20:20:00+00:00,22.2,24.0,3.3,0.6
2023-08-15 20:30:00+00:00,22.17142857142857,24.142857142857142,3.3,0.6
2023-08-15 20:40:00+00:00,22.142857142857142,24.285714285714285,3.3,0.6
2023-08-15 20:50:00+00:00,22.114285714285714,24.428571428571427,3.3,0.6
2023-08-15 21:00:00+00:00,22.085714285714285,24.571428571428573,3.3,0.6
2023-08-15 21:10:00+00:00,22.057142857142857,24.714285714285715,3.3,0.6
2023-08-15 21:20:00+00:00,22.02857142857143,24.857142857142858,3.3,0.6
2023-08-15 21:30:00+00:00,22.0,25.0,3.3,0.6
2023-08-15 21:40:00+00:00,21.97142857142857,25.142857142857142,3.3,0.6
2023-08-15 21:50:00+00:00,21.942857142857143,25.285714285714285,3.3,0.6
2023-08-15 22:00:00+00:00,21.914285714285715,25.428571428571427,3.3,0.6
2023-08-15 22:10:00+00:00,21.885714285714286,25.571428571428573,3.3,0.6
2023-08-15 22:20:00+00:00,21.857142857142858,25.714285714285715,3.3,0.6
2023-08-15 22:30:00+00:00,21.82857142857143,25.857142857142858,3.3,0.6
2023-08-15 22:40:00+00:00,21.8,26.0,3.3,0.6
2023-08-15 22:50:00+00:00,21.77,26.1,3.3,0.6
2023-08-15 23:00:00+00:00,21.740000000000002,26.2,3.3,0.6
2023-08-15 23:10:00+00:00,21.71,26.3,3.3,0.6
2023-08-15 23:20:00+00:00,21.68,26.4,3.3,0.6
2023-08-15 23:30:00+00:00,21.65,26.5,3.3,0.6
2023-08-15 23:40:00+00:00,21.62,26.6,3.3,0.6
2023-08-15 23:50:00+00:00,21.59,26.7,3.3,0.6
2023-08-16 00:00:00+00:00,21.56,26.8,3.3,0.6
2023-08-16 00:10:00+00:00,21.53,26.9,3.3,0.6
2023-08-16 00:20:00+00:00,21.5,27.0,3.3,0.6
2023-08-16 00:30:00+00:00,21.47,27.2,3.3,0.6
2023-08-16 00:40:00+00:00,21.44,27.4,3.3,0.6
2023-08-16 00:50:00+00:00,21.41,27.6,3.3,0.6
2023-08-16 01:00:00+00:00,21.38,27.8,3.3,0.6
2023-08-16 01:10:00+00:00,21.35,28.0,3.3,0.6
2023-08-16 01:20:00+00:00,21.32,28.2,3.3,0.6
2023-08-16 01:30:00+00:00,21.29,28.4,3.3,0.6
2023-08-16 01:40:00+00:00,21.259999999999998,28.6,3.3,0.6
2023-08-16 01:50:00+00:00,21.23,28.8,3.3,0.6
2023-08-16 02:00:00+00:00,21.2,29.0,3.3,0.6
2023-08-16 02:10:00+00:00,21.165,29.05,3.3049999999999997,0.855
2023-08-16 02:20:00+00:00,21.13,29.1,3.3099999999999996,1.1099999999999999
2023-08-16 02:30:00+00:00,21.095,29.15,3.315,1.365
2023-08-16 02:40:00+00:00,21.06,29.2,3.32,1.62
2023-08-16 02:50:00+00:00,21.025,29.25,3.3249999999999997,1.875
2023-08-16 03:00:00+00:00,20.990000000000002,29.3,3.3299999999999996,2.13
2023-08-16 03:10:00+00:00,20.955000000000002,29.35,3.3349999999999995,2.3850000000000002
2023-08-16 03:20:00+00:00,20.92,29.4,3.34,2.64
2023-08-16 03:30:00+00:00,20.885,29.45,3.3449999999999998,2.895
2023-08-16 03:40:00+00:00,20.85,29.5,3.3499999999999996,3.15
2023-08-16 03:50:00+00:00,20.8,30.0,3.3,4.1
2023-08-16 04:00:00+00:00,20.8,30.0,3.3,4.1
2023-08-16 04:10:00+00:00,20.8,30.0,3.3,4.1
2023-08-16 04:20:00+00:00,20.8,30.0,3.3,4.1
2023-08-16 04:30:00+00:00,20.8,30.0,3.3,4.1
2023-08-16 04:40:00+00:00,20.8,30.0,3.3,4.1
2023-08-16 04:50:00+00:00,20.7,30.0,3.3,4.1
2023-08-16 05:00:00+00:00,20.7,30.0,3.3,4.1
2023-08-16 05:10:00+00:00,20.7,30.0,3.2,4.1
2023-08-16 05:20:00+00:00,20.7,30.0,3.3,4.1
2023-08-16 05:30:00+00:00,20.7,30.0,3.2,4.2
2023-08-16 05:40:00+00:00,20.7,29.0,3.1,4.1
2023-08-16 05:50:00+00:00,20.7,30.0,3.1,4.2
2023-08-16 06:00:00+00:00,20.8,29.0,3.1,4.1
2023-08-16 06:10:00+00:00,20.8,28.0,3.1,4.1
2023-08-16 06:20:00+00:00,20.8,27.0,3.1,4.1
2023-08-16 06:30:00+00:00,20.8,27.0,3.1,4.2
2023-08-16 06:40:00+00:00,20.8,26.0,3.1,4.1
2023-08-16 06:50:00+00:00,20.8,25.0,3.1,4.1
2023-08-16 07:00:00+00:00,20.9,25.0,3.1,5.2
2023-08-16 07:10:00+00:00,20.9,24.0,3.1,5.7
2023-08-16 07:20:00+00:00,21.0,21.0,3.1,5.7
2023-08-16 07:30:00+00:00,21.0,20.0,3.1,5.7
2023-08-16 07:40:00+00:00,21.1,19.0,3.1,5.8
2023-08-16 07:50:00+00:00,21.1,18.5,3.1,5.8
2023-08-16 08:00:00+00:00,21.1,18.0,3.1,5.8
2023-08-16 08:10:00+00:00,21.2,18.0,3.1,5.8
2023-08-16 08:20:00+00:00,21.3,17.0,3.1,5.1
2023-08-16 08:30:00+00:00,21.4,18.0,3.1,5.9
2023-08-16 08:40:00+00:00,21.5,18.0,3.1,5.9
2023-08-16 08:50:00+00:00,21.6,17.0,3.1,5.8
2023-08-16 09:00:00+00:00,21.7,17.0,3.1,5.9
2023-08-16 09:10:00+00:00,21.8,17.0,3.1,5.5
2023-08-16 09:20:00+00:00,21.9,17.0,3.1,5.9
2023-08-16 09:30:00+00:00,22.0,17.0,3.1,5.8
2023-08-16 09:40:00+00:00,22.05,17.0,3.1,5.8
2023-08-16 09:50:00+00:00,22.1,17.0,3.1,5.8
2023-08-16 10:00:00+00:00,22.3,16.0,3.1,5.8
2023-08-16 10:10:00+00:00,22.4,16.0,3.1,5.7
2023-08-16 10:20:00+00:00,22.6,16.0,3.1,5.8
2023-08-16 10:30:00+00:00,22.6,16.0,3.1,5.8
2023-08-16 10:40:00+00:00,22.8,16.0,3.1,5.8
2023-08-16 10:50:00+00:00,23.0,16.0,3.1,5.8
2023-08-16 11:00:00+00:00,23.1,15.0,3.1,5.7
2023-08-16 11:10:00+00:00,23.1,16.0,3.1,5.8
2023-08-16 11:20:00+00:00,23.3,17.0,3.1,5.7
2023-08-16 11:30:00+00:00,23.35,16.5,3.1,5.7
2023-08-16 11:40:00+00:00,23.4,16.0,3.1,5.7
2023-08-16 11:50:00+00:00,23.5,16.0,3.1,5.6
2023-08-16 12:00:00+00:00,23.6,16.0,3.1,5.6
2023-08-16 12:10:00+00:00,23.6,15.0,3.1,5.3
2023-08-16 12:20:00+00:00,23.6,16.0,3.1,5.2
2023-08-16 12:30:00+00:00,23.7,16.0,3.1,4.1
2023-08-16 12:40:00+00:00,23.6,17.0,3.1,4.1
2023-08-16 12:50:00+00:00,23.6,17.0,3.1,4.1
2023-08-16 13:00:00+00:00,23.6,17.0,3.2,4.1
2023-08-16 13:10:00+00:00,23.6,17.0,3.2,4.1
2023-08-16 13:20:00+00:00,23.6,17.0,3.2,4.1
2023-08-16 13:30:00+00:00,23.6,17.0,3.2,4.1
2023-08-16 13:40:00+00:00,23.5,17.0,3.2,4.1
2023-08-16 13:50:00+00:00,23.5,17.0,3.2,4.1
2023-08-16 14:00:00+00:00,23.4,17.0,3.2,4.1
2023-08-16 14:10:00+00:00,23.3,18.0,3.2,4.1
2023-08-16 14:20:00+00:00,23.3,18.0,3.2,4.1
2023-08-16 14:30:00+00:00,23.2,18.0,3.2,4.1
2023-08-16 14:40:00+00:00,23.1,18.0,3.2,4.1
2023-08-16 14:50:00+00:00,23.1,18.0,3.2,4.1
2023-08-16 15:00:00+00:00,23.1,19.0,3.2,4.1
2023-08-16 15:10:00+00:00,23.05,19.0,3.2,4.1
2023-08-16 15:20:00+00:00,23.0,19.0,3.2,4.1
2023-08-16 15:30:00+00:00,23.0,19.0,3.3,4.1
2023-08-16 15:40:00+00:00,22.9,20.0,3.2,4.1
2023-08-16 15:50:00+00:00,22.8,20.0,3.3,4.0
2023-08-16 16:00:00+00:00,22.7,20.0,3.2,4.1
2023-08-16 16:10:00+00:00,22.7,20.0,3.3,4.1
2023-08-16 16:20:00+00:00,22.6,20.0,3.3,4.1
2023-08-16 16:30:00+00:00,22.5,20.0,3.3,4.1
2023-08-16 16:40:00+00:00,22.5,21.0,3.3,4.1
2023-08-16 16:50:00+00:00,22.5,20.0,3.3,4.1
2023-08-16 17:00:00+00:00,22.4,20.5,3.3,4.1
2023-08-16 17:10:00+00:00,22.3,21.0,3.3,4.1
2023-08-16 17:20:00+00:00,22.3,20.0,3.3,4.1
2023-08-16 17:30:00+00:00,22.3,21.0,3.3,4.0
2023-08-16 17:40:00+00:00,22.2,21.0,3.3,3.8
2023-08-16 17:50:00+00:00,22.1,21.0,3.3,3.8
2023-08-16 18:00:00+00:00,22.1,21.0,3.3,3.6
2023-08-16 18:10:00+00:00,22.0,21.0,3.3,3.3
2023-08-16 18:20:00+00:00,22.0,21.0,3.3,2.5
2023-08-16 18:30:00+00:00,22.0,21.0,3.3,1.6
2023-08-16 18:40:00+00:00,21.9,21.0,3.3,0.8
2023-08-16 18:50:00+00:00,21.87142857142857,21.214285714285715,3.3,0.7857142857142858
2023-08-16 19:00:00+00:00,21.84285714285714,21.428571428571427,3.3,0.7714285714285715
2023-08-16 19:10:00+00:00,21.814285714285713,21.642857142857142,3.3,0.7571428571428571
2023-08-16 19:20:00+00:00,21.785714285714285,21.857142857142858,3.3,0.7428571428571429
2023-08-16 19:30:00+00:00,21.757142857142856,22.071428571428573,3.3,0.7285714285714286
2023-08-16 19:40:00+00:00,21.728571428571428,22.285714285714285,3.3,0.7142857142857143
2023-08-16 19:50:00+00:00,21.7,22.5,3.3,0.7
2023-08-16 20:00:00+00:00,21.67142857142857,22.714285714285715,3.3,0.6857142857142857
2023-08-16 20:10:00+00:00,21.642857142857142,22.928571428571427,3.3,0.6714285714285715
2023-08-16 20:20:00+00:00,21.614285714285714,23.142857142857142,3.3,0.6571428571428571
2023-08-16 20:30:00+00:00,21.585714285714285,23.357142857142858,3.3,0.6428571428571428
2023-08-16 20:40:00+00:00,21.557142857142857,23.57142857142857,3.3,0.6285714285714286
2023-08-16 20:50:00+00:00,21.52857142857143,23.785714285714285,3.3,0.6142857142857143
2023-08-16 21:00:00+00:00,21.5,24.0,3.3,0.6
2023-08-16 21:10:00+00:00,21.46,24.1,3.3,0.6
2023-08-16 21:20:00+00:00,21.42,24.2,3.3,0.6
2023-08-16 21:30:00+00:00,21.38,24.3,3.3,0.6
2023-08-16 21:40:00+00:00,21.34,24.4,3.3,0.6
2023-08-16 21:50:00+00:00,21.3,24.5,3.3,0.6
2023-08-16 22:00:00+00:00,21.26,24.6,3.3,0.6
2023-08-16 22:10:00+00:00,21.220000000000002,24.7,3.3,0.6
2023-08-16 22:20:00+00:00,21.18,24.8,3.3,0.6
2023-08-16 22:30:00+00:00,21.14,24.9,3.3,0.6
2023-08-16 22:40:00+00:00,21.1,25.0,3.3,0.6
2023-08-16 22:50:00+00:00,21.07,25.2,3.3,0.6
2023-08-16 23:00:00+00:00,21.040000000000003,25.4,3.3,0.6
2023-08-16 23:10:00+00:00,21.01,25.6,3.3,0.6
2023-08-16 23:20:00+00:00,20.98,25.8,3.3,0.6
2023-08-16 23:30:00+00:00,20.950000000000003,26.0,3.3,0.6
2023-08-16 23:40:00+00:00,20.92,26.2,3.3,0.6
2023-08-16 23:50:00+00:00,20.89,26.4,3.3,0.6
2023-08-17 00:00:00+00:00,20.86,26.6,3.3,0.6
2023-08-17 00:10:00+00:00,20.830000000000002,26.8,3.3,0.6
2023-08-17 00:20:00+00:00,20.8,27.0,3.3,0.6
2023-08-17 00:30:00+00:00,20.77,27.2,3.3099999999999996,0.6
2023-08-17 00:40:00+00:00,20.740000000000002,27.4,3.32,0.6
2023-08-17 00:50:00+00:00,20.71,27.6,3.33,0.6
2023-08-17 01:00:00+00:00,20.68,27.8,3.34,0.6
2023-08-17 01:10:00+00:00,20.65,28.0,3.3499999999999996,0.6
2023-08-17 01:20:00+00:00,20.62,28.2,3.36,0.6
2023-08-17 01:30:00+00:00,20.59,28.4,3.37,0.6
2023-08-17 01:40:00+00:00,20.56,28.6,3.38,0.6
2023-08-17 01:50:00+00:00,20.53,28.8,3.3899999999999997,0.6
2023-08-17 02:00:00+00:00,20.5,29.0,3.4,0.6
2023-08-17 02:10:00+00:00,20.465,29.1,3.4,0.82
2023-08-17 02:20:00+00:00,20.43,29.2,3.4,1.04
2023-08-17 02:30:00+00:00,20.395,29.3,3.4,1.2599999999999998
2023-08-17 02:40:00+00:00,20.36,29.4,3.4,1.48
2023-08-17 02:50:00+00:00,20.325,29.5,3.4,1.6999999999999997
2023-08-17 03:00:00+00:00,20.29,29.6,3.4,1.92
2023-08-17 03:10:00+00:00,20.255,29.7,3.4,2.1399999999999997
2023-08-17 03:20:00+00:00,20.22,29.8,3.4,2.36
2023-08-17 03:30:00+00:00,20.185,29.9,3.4,2.5799999999999996
2023-08-17 03:40:00+00:00,20.15,30.0,3.4,2.8
2023-08-17 03:50:00+00:00,20.1,31.0,3.4,3.9
2023-08-17 04:00:00+00:00,20.1,30.0,3.4,4.1
2023-08-17 04:10:00+00:00,20.05,30.5,3.4,4.1
2023-08-17 04:20:00+00:00,20.0,31.0,3.4,4.1
2023-08-17 04:30:00+00:00,20.0,30.0,3.4,4.1
2023-08-17 04:40:00+00:00,20.0,30.0,3.4,4.1
2023-08-17 04:50:00+00:00,20.0,30.0,3.4,4.1
2023-08-17 05:00:00+00:00,20.0,31.0,3.3,4.1
2023-08-17 05:10:00+00:00,20.0,31.0,3.4,4.1
2023-08-17 05:20:00+00:00,20.0,30.0,3.3,4.1
2023-08-17 05:30:00+00:00,20.0,30.0,3.3,4.1
2023-08-17 05:40:00+00:00,20.0,31.0,3.3,4.1
2023-08-17 05:50:00+00:00,20.0,31.0,3.3,4.1
2023-08-17 06:00:00+00:00,20.0,31.0,3.3,4.1
2023-08-17 06:10:00+00:00,20.0,31.0,3.3,4.1
2023-08-17 06:20:00+00:00,20.0,31.0,3.3,4.1
2023-08-17 06:30:00+00:00,20.0,33.0,3.3,4.1
2023-08-17 06:40:00+00:00,20.0,29.0,3.3,4.1
2023-08-17 06:50:00+00:00,20.0,30.0,3.3,4.1
2023-08-17 07:00:00+00:00,20.0,29.0,3.3,4.1
2023-08-17 07:10:00+00:00,20.0,28.0,3.3,4.1
2023-08-17 07:20:00+00:00,20.0,29.0,3.3,4.1
2023-08-17 07:30:00+00:00,20.0,33.0,3.3,4.1
2023-08-17 07:40:00+00:00,20.0,31.5,3.3,4.1
2023-08-17 07:50:00+00:00,20.0,30.0,3.3,4.1
2023-08-17 08:00:00+00:00,20.0,30.0,3.3,4.1
2023-08-17 08:10:00+00:00,20.0,29.0,3.3,4.1
2023-08-17 08:20:00+00:00,20.0,30.0,3.3,4.1
2023-08-17 08:30:00+00:00,20.0,31.0,3.2,4.1
2023-08-17 08:40:00+00:00,20.1,31.0,3.2,4.2
2023-08-17 08:50:00+00:00,20.1,28.0,3.2,4.2
2023-08-17 09:00:00+00:00,20.1,28.0,3.2,4.1
2023-08-17 09:10:00+00:00,20.1,29.0,3.2,4.1
2023-08-17 09:20:00+00:00,20.1,29.0,3.3,4.1
2023-08-17 09:30:00+00:00,20.15,29.0,3.3,4.1
2023-08-17 09:40:00+00:00,20.2,29.0,3.3,4.1
2023-08-17 09:50:00+00:00,20.2,29.0,3.3,4.1
2023-08-17 10:00:00+00:00,20.2,28.0,3.2,4.1
2023-08-17 10:10:00+00:00,20.3,28.0,3.3,4.1
2023-08-17 10:20:00+00:00,20.3,26.0,3.3,4.1
2023-08-17 10:30:00+00:00,20.3,30.0,3.3,4.1
2023-08-17 10:40:00+00:00,20.3,29.0,3.3,4.1
2023-08-17 10:50:00+00:00,20.3,31.0,3.3,4.1
2023-08-17 11:00:00+00:00,20.3,33.0,3.3,4.1
2023-08-17 11:10:00+00:00,20.3,31.0,3.3,4.1
2023-08-17 11:20:00+00:00,20.35,30.5,3.25,4.1
2023-08-17 11:30:00+00:00,20.4,30.0,3.2,4.1
2023-08-17 11:40:00+00:00,20.5,30.0,3.2,4.1
2023-08-17 11:50:00+00:00,20.5,29.0,3.2,4.1
2023-08-17 12:00:00+00:00,20.6,30.0,3.1,4.1
2023-08-17 12:10:00+00:00,20.6,29.0,3.1,4.1
2023-08-17 12:20:00+00:00,20.6,29.0,3.2,4.1
2023-08-17 12:30:00+00:00,20.7,29.0,3.2,4.1
2023-08-17 12:40:00+00:00,20.7,36.0,3.2,4.1
2023-08-17 12:50:00+00:00,20.8,36.0,3.2,4.1
2023-08-17 13:00:00+00:00,20.8,25.0,3.2,4.1
2023-08-17 13:10:00+00:00,20.8,23.5,3.2,4.1
2023-08-17 13:20:00+00:00,20.8,22.0,3.2,4.1
2023-08-17 13:30:00+00:00,20.8,23.0,3.2,4.1
2023-08-17 13:40:00+00:00,20.8,23.0,3.3,4.1
2023-08-17 13:50:00+00:00,20.8,23.0,3.3,4.1
2023-08-17 14:00:00+00:00,20.8,23.0,3.3,4.1
2023-08-17 14:10:00+00:00,20.8,23.0,3.3,4.1
2023-08-17 14:20:00+00:00,20.8,23.0,3.3,4.1
2023-08-17 14:30:00+00:00,20.8,21.0,3.3,4.1
2023-08-17 14:40:00+00:00,20.8,21.0,3.3,4.1
2023-08-17 14:50:00+00:00,20.8,22.0,3.3,4.1
2023-08-17 15:00:00+00:00,20.75,22.0,3.3,4.1
2023-08-17 15:10:00+00:00,20.7,22.0,3.3,4.1
2023-08-17 15:20:00+00:00,20.7,22.0,3.3,4.1
2023-08-17 15:30:00+00:00,20.7,22.0,3.3,4.1
2023-08-17 15:40:00+00:00,20.6,23.0,3.3,4.1
2023-08-17 15:50:00+00:00,20.6,22.0,3.3,4.1
2023-08-17 16:00:00+00:00,20.6,22.0,3.3,4.1
2023-08-17 16:10:00+00:00,20.6,22.0,3.3,4.1
2023-08-17 16:20:00+00:00,20.6,22.0,3.3,4.1
2023-08-17 16:30:00+00:00,20.6,23.0,3.3,4.1
2023-08-17 16:40:00+00:00,20.5,22.0,3.3,4.1
2023-08-17 16:50:00+00:00,20.5,22.0,3.3,4.1
2023-08-17 17:00:00+00:00,20.5,22.0,3.3,4.1
2023-08-17 17:10:00+00:00,20.5,22.0,3.3,4.1
2023-08-17 17:20:00+00:00,20.5,21.0,3.3,4.1
2023-08-17 17:30:00+00:00,20.5,21.0,3.3,4.0
2023-08-17 17:40:00+00:00,20.5,22.0,3.3,3.7
2023-08-17 17:50:00+00:00,20.4,22.0,3.3,3.6
2023-08-17 18:00:00+00:00,20.4,22.0,3.3,3.1
2023-08-17 18:10:00+00:00,20.4,22.0,3.3,2.5
2023-08-17 18:20:00+00:00,20.3,22.0,3.3,1.6
2023-08-17 18:30:00+00:00,20.3,22.0,3.3,0.9
2023-08-17 18:40:00+00:00,20.285714285714285,22.142857142857142,3.3,0.8785714285714286
2023-08-17 18:50:00+00:00,20.271428571428572,22.285714285714285,3.3,0.8571428571428572
2023-08-17 19:00:00+00:00,20.25714285714286,22.428571428571427,3.3,0.8357142857142857
2023-08-17 19:10:00+00:00,20.242857142857144,22.571428571428573,3.3,0.8142857142857143
2023-08-17 19:20:00+00:00,20.228571428571428,22.714285714285715,3.3,0.7928571428571428
2023-08-17 19:30:00+00:00,20.214285714285715,22.857142857142858,3.3,0.7714285714285715
2023-08-17 19:40:00+00:00,20.200000000000003,23.0,3.3,0.75
2023-08-17 19:50:00+00:00,20.185714285714287,23.142857142857142,3.3,0.7285714285714285
2023-08-17 20:00:00+00:00,20.17142857142857,23.285714285714285,3.3,0.7071428571428571
2023-08-17 20:10:00+00:00,20.15714285714286,23.428571428571427,3.3,0.6857142857142857
2023-08-17 20:20:00+00:00,20.142857142857146,23.571428571428573,3.3,0.6642857142857143
2023-08-17 20:30:00+00:00,20.12857142857143,23.714285714285715,3.3,0.6428571428571428
2023-08-17 20:40:00+00:00,20.114285714285714,23.857142857142858,3.3,0.6214285714285714
2023-08-17 20:50:00+00:00,20.1,24.0,3.3,0.6
2023-08-17 21:00:00+00:00,20.09,24.1,3.3,0.6
2023-08-17 21:10:00+00:00,20.080000000000002,24.2,3.3,0.6
2023-08-17 21:20:00+00:00,20.07,24.3,3.3,0.6
2023-08-17 21:30:00+00:00,20.060000000000002,24.4,3.3,0.6
2023-08-17 21:40:00+00:00,20.05,24.5,3.3,0.6
2023-08-17 21:50:00+00:00,20.04,24.6,3.3,0.6
2023-08-17 22:00:00+00:00,20.03,24.7,3.3,0.6
2023-08-17 22:10:00+00:00,20.02,24.8,3.3,0.6
2023-08-17 22:20:00+00:00,20.01,24.9,3.3,0.6
2023-08-17 22:30:00+00:00,20.0,25.0,3.3,0.6
2023-08-17 22:40:00+00:00,20.0,25.1,3.3099999999999996,0.6
2023-08-17 22:50:00+00:00,20.0,25.2,3.32,0.6
2023-08-17 23:00:00+00:00,20.0,25.3,3.33,0.6
2023-08-17 23:10:00+00:00,20.0,25.4,3.34,0.6
2023-08-17 23:20:00+00:00,20.0,25.5,3.3499999999999996,0.6
2023-08-17 23:30:00+00:00,20.0,25.6,3.36,0.6
2023-08-17 23:40:00+00:00,20.0,25.7,3.37,0.6
2023-08-17 23:50:00+00:00,20.0,25.8,3.38,0.6
2023-08-18 00:00:00+00:00,20.0,25.9,3.3899999999999997,0.6
2023-08-18 00:10:00+00:00,20.0,26.0,3.4,0.6
2023-08-18 00:20:00+00:00,19.99,26.1,3.3899999999999997,0.58
2023-08-18 00:30:00+00:00,19.98,26.2,3.38,0.5599999999999999
2023-08-18 00:40:00+00:00,19.97,26.3,3.37,0.54
2023-08-18 00:50:00+00:00,19.96,26.4,3.36,0.52
2023-08-18 01:00:00+00:00,19.95,26.5,3.3499999999999996,0.5
2023-08-18 01:10:00+00:00,19.939999999999998,26.6,3.34,0.48
2023-08-18 01:20:00+00:00,19.93,26.7,3.33,0.45999999999999996
2023-08-18 01:30:00+00:00,19.919999999999998,26.8,3.32,0.44
2023-08-18 01:40:00+00:00,19.91,26.9,3.3099999999999996,0.42000000000000004
2023-08-18 01:50:00+00:00,19.9,27.0,3.3,0.4
2023-08-18 02:00:00+00:00,19.89,27.2,3.3,0.43
2023-08-18 02:10:00+00:00,19.88,27.4,3.3,0.46
2023-08-18 02:20:00+00:00,19.869999999999997,27.6,3.3,0.49
2023-08-18 02:30:00+00:00,19.86,27.8,3.3,0.52
2023-08-18 02:40:00+00:00,19.85,28.0,3.3,0.55
2023-08-18 02:50:00+00:00,19.84,28.2,3.3,0.58
2023-08-18 03:00:00+00:00,19.83,28.4,3.3,0.61
2023-08-18 03:10:00+00:00,19.82,28.6,3.3,0.6399999999999999
2023-08-18 03:20:00+00:00,19.810000000000002,28.8,3.3,0.6699999999999999
2023-08-18 03:30:00+00:00,19.8,29.0,3.3,0.7
2023-08-18 03:40:00+00:00,19.8,28.8,3.3,1.04
2023-08-18 03:50:00+00:00,19.8,28.6,3.3,1.38
2023-08-18 04:00:00+00:00,19.8,28.4,3.3,1.72
2023-08-18 04:10:00+00:00,19.8,28.2,3.3,2.0599999999999996
2023-08-18 04:20:00+00:00,19.8,28.0,3.3,2.3999999999999995
2023-08-18 04:30:00+00:00,19.8,27.8,3.3,2.74
2023-08-18 04:40:00+00:00,19.8,27.6,3.3,3.08
2023-08-18 04:50:00+00:00,19.8,27.4,3.3,3.42
2023-08-18 05:00:00+00:00,19.8,27.2,3.3,3.76
2023-08-18 05:10:00+00:00,19.8,27.0,3.3,4.1
2023-08-18 05:20:00+00:00,19.8,27.0,3.3,4.1
2023-08-18 05:30:00+00:00,19.8,27.0,3.3,4.1
2023-08-18 05:40:00+00:00,19.8,27.0,3.3,4.1
2023-08-18 05:50:00+00:00,19.8,27.0,3.3,4.1
2023-08-18 06:00:00+00:00,19.8,26.0,3.3,4.1
2023-08-18 06:10:00+00:00,19.8,26.0,3.3,4.1
2023-08-18 06:20:00+00:00,19.8,26.0,3.3,4.1
2023-08-18 06:30:00+00:00,19.8,26.0,3.3,4.1
2023-08-18 06:40:00+00:00,19.8,26.0,3.3,4.1
2023-08-18 06:50:00+00:00,19.9,26.0,3.3,4.1
2023-08-18 07:00:00+00:00,19.9,26.0,3.3,4.1
2023-08-18 07:10:00+00:00,20.0,24.0,3.3,4.1
2023-08-18 07:20:00+00:00,20.0,24.0,3.25,4.1
2023-08-18 07:30:00+00:00,20.0,24.0,3.2,4.1
2023-08-18 07:40:00+00:00,20.0,24.0,3.3,4.1
2023-08-18 07:50:00+00:00,20.0,24.0,3.2,4.1
2023-08-18 08:00:00+00:00,20.1,23.0,3.3,4.1
2023-08-18 08:10:00+00:00,20.1,22.0,3.2,4.1
2023-08-18 08:20:00+00:00,20.1,22.0,3.2,4.1
2023-08-18 08:30:00+00:00,20.2,20.0,3.2,4.1
2023-08-18 08:40:00+00:00,20.3,20.0,3.2,4.1
2023-08-18 08:50:00+00:00,20.3,20.0,3.2,4.1
2023-08-18 09:00:00+00:00,20.35,19.5,3.2,4.1
2023-08-18 09:10:00+00:00,20.4,19.0,3.2,4.1
2023-08-18 09:20:00+00:00,20.5,19.0,3.2,4.1
2023-08-18 09:30:00+00:00,20.5,19.0,3.2,4.1
2023-08-18 09:40:00+00:00,20.6,19.0,3.2,4.1
2023-08-18 09:50:00+00:00,20.6,18.0,3.2,4.1
2023-08-18 10:00:00+00:00,20.7,18.0,3.2,4.1
2023-08-18 10:10:00+00:00,20.8,18.0,3.2,4.1
2023-08-18 10:20:00+00:00,20.8,18.0,3.2,4.1
2023-08-18 10:30:00+00:00,20.9,17.0,3.1,4.1
2023-08-18 10:40:00+00:00,21.0,17.0,3.1,4.2
2023-08-18 10:50:00+00:00,21.05,16.5,3.1,4.15
2023-08-18 11:00:00+00:00,21.1,16.0,3.1,4.1
2023-08-18 11:10:00+00:00,21.1,16.0,3.1,4.1
2023-08-18 11:20:00+00:00,21.2,16.0,3.1,4.1
2023-08-18 11:30:00+00:00,21.3,16.0,3.2,4.1
2023-08-18 11:40:00+00:00,21.3,16.0,3.2,4.1
2023-08-18 11:50:00+00:00,21.4,17.0,3.2,4.1
2023-08-18 12:00:00+00:00,21.4,17.0,3.2,4.1
2023-08-18 12:10:00+00:00,21.5,16.0,3.2,4.1
2023-08-18 12:20:00+00:00,21.5,17.0,3.2,4.1
2023-08-18 12:30:00+00:00,21.5,16.0,3.2,4.1
2023-08-18 12:40:00+00:00,21.5,16.5,3.2,4.1
2023-08-18 12:50:00+00:00,21.5,17.0,3.2,4.1
2023-08-18 13:00:00+00:00,21.6,17.0,3.2,4.1
2023-08-18 13:10:00+00:00,21.6,16.0,3.2,4.1
2023-08-18 13:20:00+00:00,21.6,16.0,3.2,4.1
2023-08-18 13:30:00+00:00,21.6,17.0,3.2,4.1
2023-08-18 13:40:00+00:00,21.6,17.0,3.2,4.1
2023-08-18 13:50:00+00:00,21.6,17.0,3.2,4.1
2023-08-18 14:00:00+00:00,21.6,17.0,3.2,4.1
2023-08-18 14:10:00+00:00,21.6,17.0,3.2,4.1
2023-08-18 14:20:00+00:00,21.6,17.0,3.2,4.1
2023-08-18 14:30:00+00:00,21.6,17.0,3.2,4.1
2023-08-18 14:40:00+00:00,21.6,17.0,3.2,4.1
2023-08-18 14:50:00+00:00,21.6,17.0,3.2,4.1
2023-08-18 15:00:00+00:00,21.6,17.0,3.2,4.1
2023-08-18 15:10:00+00:00,21.6,17.0,3.2,4.1
2023-08-18 15:20:00+00:00,21.6,17.0,3.2,4.1
2023-08-18 15:30:00+00:00,21.6,17.0,3.2,4.1
2023-08-18 15:40:00+00:00,21.6,17.0,3.2,4.1
2023-08-18 15:50:00+00:00,21.6,17.0,3.2,4.1
2023-08-18 16:00:00+00:00,21.6,17.0,3.2,4.1
2023-08-18 16:10:00+00:00,21.6,17.0,3.2,4.1
2023-08-18 16:20:00+00:00,21.6,17.0,3.2,4.1
2023-08-18 16:30:00+00:00,21.6,17.0,3.2,4.1
2023-08-18 16:40:00+00:00,21.6,17.0,3.2,4.1
2023-08-18 16:50:00+00:00,21.5,18.0,3.2,4.1
2023-08-18 17:00:00+00:00,21.5,17.0,3.3,4.0
2023-08-18 17:10:00+00:00,21.5,18.0,3.3,3.8
2023-08-18 17:20:00+00:00,21.5,18.0,3.3,3.6
2023-08-18 17:30:00+00:00,21.5,17.0,3.3,3.7
2023-08-18 17:40:00+00:00,21.5,18.0,3.3,3.6
2023-08-18 17:50:00+00:00,21.4,18.0,3.3,2.8
2023-08-18 18:00:00+00:00,21.4,18.0,3.3,2.1
2023-08-18 18:10:00+00:00,21.4,18.0,3.3,1.9
2023-08-18 18:20:00+00:00,21.4,18.0,3.3,1.7
2023-08-18 18:30:00+00:00,21.3,18.0,3.3,1.1
2023-08-18 18:40:00+00:00,21.3,18.0,3.3,0.6
2023-08-18 18:50:00+00:00,21.284615384615385,18.076923076923077,3.3,0.6
2023-08-18 19:00:00+00:00,21.26923076923077,18.153846153846153,3.3,0.6
2023-08-18 19:10:00+00:00,21.253846153846155,18.23076923076923,3.3,0.6
2023-08-18 19:20:00+00:00,21.23846153846154,18.307692307692307,3.3,0.6
2023-08-18 19:30:00+00:00,21.223076923076924,18.384615384615383,3.3,0.6
2023-08-18 19:40:00+00:00,21.20769230769231,18.46153846153846,3.3,0.6
2023-08-18 19:50:00+00:00,21.192307692307693,18.53846153846154,3.3,0.6
2023-08-18 20:00:00+00:00,21.176923076923078,18.615384615384617,3.3,0.6
2023-08-18 20:10:00+00:00,21.161538461538463,18.692307692307693,3.3,0.6
2023-08-18 20:20:00+00:00,21.146153846153847,18.76923076923077,3.3,0.6
2023-08-18 20:30:00+00:00,21.130769230769232,18.846153846153847,3.3,0.6
2023-08-18 20:40:00+00:00,21.115384615384617,18.923076923076923,3.3,0.6
2023-08-18 20:50:00+00:00,21.1,19.0,3.3,0.6
2023-08-18 21:00:00+00:00,21.080000000000002,19.1,3.3,0.6
2023-08-18 21:10:00+00:00,21.060000000000002,19.2,3.3,0.6
2023-08-18 21:20:00+00:00,21.04,19.3,3.3,0.6
2023-08-18 21:30:00+00:00,21.02,19.4,3.3,0.6
2023-08-18 21:40:00+00:00,21.0,19.5,3.3,0.6
2023-08-18 21:50:00+00:00,20.98,19.6,3.3,0.6
2023-08-18 22:00:00+00:00,20.96,19.7,3.3,0.6
2023-08-18 22:10:00+00:00,20.939999999999998,19.8,3.3,0.6
2023-08-18 22:20:00+00:00,20.919999999999998,19.9,3.3,0.6
2023-08-18 22:30:00+00:00,20.9,20.0,3.3,0.6
2023-08-18 22:40:00+00:00,20.88,20.2,3.3,0.6
2023-08-18 22:50:00+00:00,20.86,20.4,3.3,0.6
2023-08-18 23:00:00+00:00,20.84,20.6,3.3,0.6
2023-08-18 23:10:00+00:00,20.82,20.8,3.3,0.6
2023-08-18 23:20:00+00:00,20.799999999999997,21.0,3.3,0.6
2023-08-18 23:30:00+00:00,20.779999999999998,21.2,3.3,0.6
2023-08-18 23:40:00+00:00,20.759999999999998,21.4,3.3,0.6
2023-08-18 23:50:00+00:00,20.74,21.6,3.3,0.6
2023-08-19 00:00:00+00:00,20.72,21.8,3.3,0.6
2023-08-19 00:10:00+00:00,20.7,22.0,3.3,0.6
2023-08-19 00:20:00+00:00,20.68,22.1,3.3,0.6
2023-08-19 00:30:00+00:00,20.66,22.2,3.3,0.6
2023-08-19 00:40:00+00:00,20.64,22.3,3.3,0.6
2023-08-19 00:50:00+00:00,20.62,22.4,3.3,0.6
2023-08-19 01:00:00+00:00,20.6,22.5,3.3,0.6
2023-08-19 01:10:00+00:00,20.58,22.6,3.3,0.6
2023-08-19 01:20:00+00:00,20.56,22.7,3.3,0.6
2023-08-19 01:30:00+00:00,20.54,22.8,3.3,0.6
2023-08-19 01:40:00+00:00,20.52,22.9,3.3,0.6
2023-08-19 01:50:00+00:00,20.5,23.0,3.3,0.6
2023-08-19 02:00:00+00:00,20.49,23.0,3.3,0.61
2023-08-19 02:10:00+00:00,20.48,23.0,3.3,0.62
2023-08-19 02:20:00+00:00,20.47,23.0,3.3,0.63
2023-08-19 02:30:00+00:00,20.46,23.0,3.3,0.64
2023-08-19 02:40:00+00:00,20.45,23.0,3.3,0.6499999999999999
2023-08-19 02:50:00+00:00,20.439999999999998,23.0,3.3,0.6599999999999999
2023-08-19 03:00:00+00:00,20.43,23.0,3.3,0.6699999999999999
2023-08-19 03:10:00+00:00,20.419999999999998,23.0,3.3,0.6799999999999999
2023-08-19 03:20:00+00:00,20.41,23.0,3.3,0.69
2023-08-19 03:30:00+00:00,20.4,23.0,3.3,0.7
2023-08-19 03:40:00+00:00,20.4,24.8,3.3,1.04
2023-08-19 03:50:00+00:00,20.4,26.6,3.3,1.38
2023-08-19 04:00:00+00:00,20.4,28.4,3.3,1.72
2023-08-19 04:10:00+00:00,20.4,30.2,3.3,2.0599999999999996
2023-08-19 04:20:00+00:00,20.4,32.0,3.3,2.3999999999999995
2023-08-19 04:30:00+00:00,20.4,33.8,3.3,2.74
2023-08-19 04:40:00+00:00,20.4,35.6,3.3,3.08
2023-08-19 04:50:00+00:00,20.4,37.4,3.3,3.42
2023-08-19 05:00:00+00:00,20.4,39.2,3.3,3.76
2023-08-19 05:10:00+00:00,20.4,41.0,3.3,4.1
2023-08-19 05:20:00+00:00,20.4,39.0,3.3,4.1
2023-08-19 05:30:00+00:00,20.4,39.0,3.3,4.1
2023-08-19 05:40:00+00:00,20.4,38.0,3.3,4.1
2023-08-19 05:50:00+00:00,20.4,37.0,3.3,4.1
2023-08-19 06:00:00+00:00,20.4,37.0,3.3,4.1
2023-08-19 06:10:00+00:00,20.4,37.0,3.3,4.1
2023-08-19 06:20:00+00:00,20.4,37.0,3.3,4.1
2023-08-19 06:30:00+00:00,20.4,37.0,3.3,4.1
2023-08-19 06:40:00+00:00,20.4,37.0,3.3,4.1
2023-08-19 06:50:00+00:00,20.4,36.5,3.3,4.1
2023-08-19 07:00:00+00:00,20.4,36.0,3.3,4.1
2023-08-19 07:10:00+00:00,20.4,36.0,3.3,4.1
2023-08-19 07:20:00+00:00,20.4,36.0,3.3,4.1
2023-08-19 07:30:00+00:00,20.5,38.0,3.3,4.1
2023-08-19 07:40:00+00:00,20.5,33.0,3.2,4.1
2023-08-19 07:50:00+00:00,20.5,29.0,3.3,4.1
2023-08-19 08:00:00+00:00,20.5,24.0,3.2,4.1
2023-08-19 08:10:00+00:00,20.5,21.0,3.2,4.1
2023-08-19 08:20:00+00:00,20.6,20.0,3.2,4.1
2023-08-19 08:30:00+00:00,20.6,20.0,3.2,4.1
2023-08-19 08:40:00+00:00,20.6,19.5,3.2,4.1
2023-08-19 08:50:00+00:00,20.6,19.0,3.2,4.1
2023-08-19 09:00:00+00:00,20.7,17.0,3.1,4.2
2023-08-19 09:10:00+00:00,20.8,16.0,3.1,4.1
2023-08-19 09:20:00+00:00,21.0,15.0,3.1,4.1
2023-08-19 09:30:00+00:00,21.1,14.0,3.1,4.2
2023-08-19 09:40:00+00:00,21.2,14.0,3.1,4.1
2023-08-19 09:50:00+00:00,21.4,13.0,3.1,4.2
2023-08-19 10:00:00+00:00,21.6,13.0,3.1,4.2
2023-08-19 10:10:00+00:00,21.8,12.0,3.1,4.1
2023-08-19 10:20:00+00:00,21.85,12.0,3.1,4.1
2023-08-19 10:30:00+00:00,21.9,12.0,3.1,4.1
2023-08-19 10:40:00+00:00,22.1,12.0,3.1,4.1
2023-08-19 10:50:00+00:00,22.3,12.0,3.1,4.1
2023-08-19 11:00:00+00:00,22.5,12.0,3.1,5.1
2023-08-19 11:10:00+00:00,22.6,12.0,3.1,5.5
2023-08-19 11:20:00+00:00,22.8,12.0,3.1,5.6
2023-08-19 11:30:00+00:00,22.9,12.0,3.1,5.5
2023-08-19 11:40:00+00:00,23.0,12.0,3.1,5.6
2023-08-19 11:50:00+00:00,23.1,12.0,3.1,5.4
2023-08-19 12:00:00+00:00,23.2,12.0,3.1,5.3
2023-08-19 12:10:00+00:00,23.25,12.0,3.1,4.949999999999999
2023-08-19 12:20:00+00:00,23.3,12.0,3.1,4.6
2023-08-19 12:30:00+00:00,23.3,31.0,3.1,4.1
2023-08-19 12:40:00+00:00,23.3,31.0,3.1,4.1
2023-08-19 12:50:00+00:00,23.3,28.0,3.1,4.1
2023-08-19 13:00:00+00:00,23.3,16.0,3.1,4.1
2023-08-19 13:10:00+00:00,23.3,16.0,3.2,4.1
2023-08-19 13:20:00+00:00,23.3,16.0,3.2,4.1
2023-08-19 13:30:00+00:00,23.3,16.0,3.2,4.1
2023-08-19 13:40:00+00:00,23.3,15.0,3.2,4.1
2023-08-19 13:50:00+00:00,23.2,16.0,3.2,4.1
2023-08-19 14:00:00+00:00,23.2,16.0,3.2,4.1
2023-08-19 14:10:00+00:00,23.2,16.0,3.2,4.1
2023-08-19 14:20:00+00:00,23.1,16.0,3.2,4.1
2023-08-19 14:30:00+00:00,23.1,16.0,3.2,4.1
2023-08-19 14:40:00+00:00,23.1,16.0,3.2,4.1
2023-08-19 14:50:00+00:00,23.1,16.0,3.2,4.1
2023-08-19 15:00:00+00:00,23.0,16.0,3.2,4.1
2023-08-19 15:10:00+00:00,23.0,16.0,3.2,4.1
2023-08-19 15:20:00+00:00,23.0,16.0,3.2,4.1
2023-08-19 15:30:00+00:00,23.0,16.0,3.2,4.1
2023-08-19 15:40:00+00:00,22.9,16.0,3.2,4.1
2023-08-19 15:50:00+00:00,22.9,16.0,3.2,4.1
2023-08-19 16:00:00+00:00,22.9,16.0,3.2,4.1
2023-08-19 16:10:00+00:00,22.8,16.0,3.2,4.1
2023-08-19 16:20:00+00:00,22.8,16.0,3.2,4.1
2023-08-19 16:30:00+00:00,22.8,17.0,3.2,4.1
2023-08-19 16:40:00+00:00,22.7,17.0,3.2,4.1
2023-08-19 16:50:00+00:00,22.7,16.0,3.2,4.1
2023-08-19 17:00:00+00:00,22.7,17.0,3.2,4.1
2023-08-19 17:10:00+00:00,22.6,17.0,3.3,4.1
2023-08-19 17:20:00+00:00,22.6,17.0,3.3,4.1
2023-08-19 17:30:00+00:00,22.6,17.0,3.2,3.8
2023-08-19 17:40:00+00:00,22.55,17.0,3.25,3.8
2023-08-19 17:50:00+00:00,22.5,17.0,3.3,3.8
2023-08-19 18:00:00+00:00,22.5,17.0,3.3,3.3
2023-08-19 18:10:00+00:00,22.5,17.0,3.3,2.5
2023-08-19 18:20:00+00:00,22.5,17.0,3.3,1.4
2023-08-19 18:30:00+00:00,22.4,17.0,3.3,0.9
2023-08-19 18:40:00+00:00,22.369999999999997,17.2,3.3,0.87
2023-08-19 18:50:00+00:00,22.34,17.4,3.3,0.84
2023-08-19 19:00:00+00:00,22.31,17.6,3.3,0.81
2023-08-19 19:10:00+00:00,22.28,17.8,3.3,0.78
2023-08-19 19:20:00+00:00,22.25,18.0,3.3,0.75
2023-08-19 19:30:00+00:00,22.22,18.2,3.3,0.72
2023-08-19 19:40:00+00:00,22.19,18.4,3.3,0.69
2023-08-19 19:50:00+00:00,22.16,18.6,3.3,0.6599999999999999
2023-08-19 20:00:00+00:00,22.130000000000003,18.8,3.3,0.6299999999999999
2023-08-19 20:10:00+00:00,22.1,19.0,3.3,0.6
2023-08-19 20:20:00+00:00,22.07,19.1,3.3,0.6
2023-08-19 20:30:00+00:00,22.040000000000003,19.2,3.3,0.6
2023-08-19 20:40:00+00:00,22.01,19.3,3.3,0.6
2023-08-19 20:50:00+00:00,21.98,19.4,3.3,0.6
2023-08-19 21:00:00+00:00,21.950000000000003,19.5,3.3,0.6
2023-08-19 21:10:00+00:00,21.92,19.6,3.3,0.6
2023-08-19 21:20:00+00:00,21.89,19.7,3.3,0.6
2023-08-19 21:30:00+00:00,21.86,19.8,3.3,0.6
2023-08-19 21:40:00+00:00,21.830000000000002,19.9,3.3,0.6
2023-08-19 21:50:00+00:00,21.8,20.0,3.3,0.6
2023-08-19 22:00:00+00:00,21.776923076923076,20.46153846153846,3.3,0.6
2023-08-19 22:10:00+00:00,21.753846153846155,20.923076923076923,3.3,0.6
2023-08-19 22:20:00+00:00,21.73076923076923,21.384615384615383,3.3,0.6
2023-08-19 22:30:00+00:00,21.70769230769231,21.846153846153847,3.3,0.6
2023-08-19 22:40:00+00:00,21.684615384615384,22.307692307692307,3.3,0.6
2023-08-19 22:50:00+00:00,21.661538461538463,22.76923076923077,3.3,0.6
2023-08-19 23:00:00+00:00,21.638461538461538,23.23076923076923,3.3,0.6
2023-08-19 23:10:00+00:00,21.615384615384617,23.692307692307693,3.3,0.6
2023-08-19 23:20:00+00:00,21.592307692307692,24.153846153846153,3.3,0.6
2023-08-19 23:30:00+00:00,21.56923076923077,24.615384615384617,3.3,0.6
2023-08-19 23:40:00+00:00,21.546153846153846,25.076923076923077,3.3,0.6
2023-08-19 23:50:00+00:00,21.523076923076925,25.53846153846154,3.3,0.6
2023-08-20 00:00:00+00:00,21.5,26.0,3.3,0.6
2023-08-20 00:10:00+00:00,21.47,26.4,3.3,0.6
2023-08-20 00:20:00+00:00,21.44,26.8,3.3,0.6
2023-08-20 00:30:00+00:00,21.41,27.2,3.3,0.6
2023-08-20 00:40:00+00:00,21.38,27.6,3.3,0.6
2023-08-20 00:50:00+00:00,21.35,28.0,3.3,0.6
2023-08-20 01:00:00+00:00,21.32,28.4,3.3,0.6
2023-08-20 01:10:00+00:00,21.29,28.8,3.3,0.6
2023-08-20 01:20:00+00:00,21.259999999999998,29.2,3.3,0.6
2023-08-20 01:30:00+00:00,21.23,29.6,3.3,0.6
2023-08-20 01:40:00+00:00,21.2,30.0,3.3,0.6
2023-08-20 01:50:00+00:00,21.18,30.2,3.3,0.6
2023-08-20 02:00:00+00:00,21.16,30.4,3.3,0.6
2023-08-20 02:10:00+00:00,21.14,30.6,3.3,0.6
2023-08-20 02:20:00+00:00,21.12,30.8,3.3,0.6
2023-08-20 02:30:00+00:00,21.1,31.0,3.3,0.6
2023-08-20 02:40:00+00:00,21.08,31.2,3.3,0.6
2023-08-20 02:50:00+00:00,21.06,31.4,3.3,0.6
2023-08-20 03:00:00+00:00,21.04,31.6,3.3,0.6
2023-08-20 03:10:00+00:00,21.02,31.8,3.3,0.6
2023-08-20 03:20:00+00:00,21.0,32.0,3.3,0.6
2023-08-20 03:30:00+00:00,20.97,32.2,3.3099999999999996,0.95
2023-08-20 03:40:00+00:00,20.94,32.4,3.32,1.2999999999999998
2023-08-20 03:50:00+00:00,20.91,32.6,3.33,1.65
2023-08-20 04:00:00+00:00,20.88,32.8,3.34,2.0
2023-08-20 04:10:00+00:00,20.85,33.0,3.3499999999999996,2.35
2023-08-20 04:20:00+00:00,20.82,33.2,3.36,2.6999999999999997
2023-08-20 04:30:00+00:00,20.79,33.4,3.37,3.05
2023-08-20 04:40:00+00:00,20.759999999999998,33.6,3.38,3.4
2023-08-20 04:50:00+00:00,20.73,33.8,3.3899999999999997,3.75
2023-08-20 05:00:00+00:00,20.7,34.0,3.4,4.1
2023-08-20 05:10:00+00:00,20.6,32.0,3.3,4.1
2023-08-20 05:20:00+00:00,20.6,32.0,3.3,4.1
2023-08-20 05:30:00+00:00,20.7,32.0,3.2,4.1
2023-08-20 05:40:00+00:00,20.7,31.0,3.2,4.1
2023-08-20 05:50:00+00:00,20.7,31.0,3.2,4.1
2023-08-20 06:00:00+00:00,20.7,31.0,3.2,4.1
2023-08-20 06:10:00+00:00,20.7,31.0,3.2,4.1
2023-08-20 06:20:00+00:00,20.75,30.5,3.2,4.1
2023-08-20 06:30:00+00:00,20.8,30.0,3.2,4.1
2023-08-20 06:40:00+00:00,20.8,29.0,3.1,4.1
2023-08-20 06:50:00+00:00,20.8,27.0,3.1,4.2
2023-08-20 07:00:00+00:00,20.8,26.0,3.1,4.1
2023-08-20 07:10:00+00:00,20.9,25.0,3.1,4.1
2023-08-20 07:20:00+00:00,21.0,24.0,3.1,4.1
2023-08-20 07:30:00+00:00,21.0,23.0,3.1,4.2
2023-08-20 07:40:00+00:00,21.1,22.0,3.1,5.1
2023-08-20 07:50:00+00:00,21.1,22.0,3.1,5.3
2023-08-20 08:00:00+00:00,21.2,21.0,3.1,5.7
2023-08-20 08:10:00+00:00,21.25,20.5,3.1,5.7
2023-08-20 08:20:00+00:00,21.3,20.0,3.1,5.7
2023-08-20 08:30:00+00:00,21.3,20.0,3.1,5.8
2023-08-20 08:40:00+00:00,21.5,20.0,3.1,5.8
2023-08-20 08:50:00+00:00,21.5,19.0,3.1,5.1
2023-08-20 09:00:00+00:00,21.6,19.0,3.1,5.0
2023-08-20 09:10:00+00:00,21.7,19.0,3.1,4.8
2023-08-20 09:20:00+00:00,21.8,20.0,3.1,5.3
2023-08-20 09:30:00+00:00,21.9,19.0,3.1,5.3
2023-08-20 09:40:00+00:00,22.0,19.0,3.1,5.0
2023-08-20 09:50:00+00:00,22.1,19.0,3.1,5.9
2023-08-20 10:00:00+00:00,22.200000000000003,18.5,3.1,5.6
2023-08-20 10:10:00+00:00,22.3,18.0,3.1,5.3
2023-08-20 10:20:00+00:00,22.3,18.0,3.1,5.4
2023-08-20 10:30:00+00:00,22.4,18.0,3.1,5.8
2023-08-20 10:40:00+00:00,22.5,18.0,3.1,5.7
2023-08-20 10:50:00+00:00,22.6,18.0,3.1,5.8
2023-08-20 11:00:00+00:00,22.7,18.0,3.1,4.1
2023-08-20 11:10:00+00:00,22.8,18.0,3.1,5.7
2023-08-20 11:20:00+00:00,22.8,18.0,3.1,4.1
2023-08-20 11:30:00+00:00,22.9,18.0,3.1,4.1
2023-08-20 11:40:00+00:00,22.9,18.0,3.1,4.1
2023-08-20 11:50:00+00:00,22.9,18.0,3.1,4.1
2023-08-20 12:00:00+00:00,22.9,19.0,3.2,4.1
2023-08-20 12:10:00+00:00,23.0,19.0,3.2,5.3
2023-08-20 12:20:00+00:00,23.0,18.0,3.1,4.1
2023-08-20 12:30:00+00:00,23.0,18.0,3.1,4.1
2023-08-20 12:40:00+00:00,23.0,19.0,3.1,4.1
2023-08-20 12:50:00+00:00,23.0,19.0,3.1,4.1
2023-08-20 13:00:00+00:00,23.0,19.0,3.2,4.1
2023-08-20 13:10:00+00:00,22.9,19.0,3.2,4.1
2023-08-20 13:20:00+00:00,22.9,19.0,3.2,4.1
2023-08-20 13:30:00+00:00,22.9,19.0,3.2,4.1
2023-08-20 13:40:00+00:00,22.9,19.0,3.2,4.1
2023-08-20 13:50:00+00:00,22.9,19.0,3.2,4.1
2023-08-20 14:00:00+00:00,22.8,19.0,3.2,4.1
2023-08-20 14:10:00+00:00,22.8,19.0,3.2,4.1
2023-08-20 14:20:00+00:00,22.8,19.0,3.2,4.1
2023-08-20 14:30:00+00:00,22.8,19.0,3.2,4.1
2023-08-20 14:40:00+00:00,22.8,19.0,3.2,4.1
2023-08-20 14:50:00+00:00,22.8,19.0,3.2,4.1
2023-08-20 15:00:00+00:00,22.7,19.0,3.2,4.1
2023-08-20 15:10:00+00:00,22.7,20.0,3.2,4.1
2023-08-20 15:20:00+00:00,22.65,19.5,3.2,4.1
2023-08-20 15:30:00+00:00,22.6,19.0,3.2,4.1
2023-08-20 15:40:00+00:00,22.6,19.0,3.2,4.1
2023-08-20 15:50:00+00:00,22.6,20.0,3.2,4.1
2023-08-20 16:00:00+00:00,22.6,20.0,3.2,4.1
2023-08-20 16:10:00+00:00,22.6,20.0,3.3,4.1
2023-08-20 16:20:00+00:00,22.5,20.0,3.3,4.1
2023-08-20 16:30:00+00:00,22.5,20.0,3.3,4.1
2023-08-20 16:40:00+00:00,22.5,20.0,3.3,4.1
2023-08-20 16:50:00+00:00,22.4,20.0,3.3,4.1
2023-08-20 17:00:00+00:00,22.4,20.0,3.3,4.1
2023-08-20 17:10:00+00:00,22.35,20.5,3.3,4.1
2023-08-20 17:20:00+00:00,22.3,21.0,3.3,4.1
2023-08-20 17:30:00+00:00,22.3,20.0,3.3,3.9
2023-08-20 17:40:00+00:00,22.3,21.0,3.3,3.9
2023-08-20 17:50:00+00:00,22.3,21.0,3.3,3.7
2023-08-20 18:00:00+00:00,22.2,21.0,3.3,3.2
2023-08-20 18:10:00+00:00,22.2,21.0,3.3,2.6
2023-08-20 18:20:00+00:00,22.1,22.0,3.3,1.7
2023-08-20 18:30:00+00:00,22.1,21.0,3.3,0.8
2023-08-20 18:40:00+00:00,22.07,21.2,3.3,0.78
2023-08-20 18:50:00+00:00,22.040000000000003,21.4,3.3,0.76
2023-08-20 19:00:00+00:00,22.01,21.6,3.3,0.74
2023-08-20 19:10:00+00:00,21.98,21.8,3.3,0.72
2023-08-20 19:20:00+00:00,21.950000000000003,22.0,3.3,0.7
2023-08-20 19:30:00+00:00,21.92,22.2,3.3,0.6799999999999999
2023-08-20 19:40:00+00:00,21.89,22.4,3.3,0.66
2023-08-20 19:50:00+00:00,21.86,22.6,3.3,0.64
2023-08-20 20:00:00+00:00,21.830000000000002,22.8,3.3,0.62
2023-08-20 20:10:00+00:00,21.8,23.0,3.3,0.6
2023-08-20 20:20:00+00:00,21.77,23.1,3.3,0.58
2023-08-20 20:30:00+00:00,21.740000000000002,23.2,3.3,0.5599999999999999
2023-08-20 20:40:00+00:00,21.71,23.3,3.3,0.54
2023-08-20 20:50:00+00:00,21.68,23.4,3.3,0.52
2023-08-20 21:00:00+00:00,21.65,23.5,3.3,0.5
2023-08-20 21:10:00+00:00,21.62,23.6,3.3,0.48
2023-08-20 21:20:00+00:00,21.59,23.7,3.3,0.45999999999999996
2023-08-20 21:30:00+00:00,21.56,23.8,3.3,0.44
2023-08-20 21:40:00+00:00,21.53,23.9,3.3,0.42000000000000004
2023-08-20 21:50:00+00:00,21.5,24.0,3.3,0.4
2023-08-20 22:00:00+00:00,21.485714285714288,24.0,3.3,0.4142857142857143
2023-08-20 22:10:00+00:00,21.47142857142857,24.0,3.3,0.4285714285714286
2023-08-20 22:20:00+00:00,21.457142857142856,24.0,3.3,0.44285714285714284
2023-08-20 22:30:00+00:00,21.442857142857143,24.0,3.3,0.45714285714285713
2023-08-20 22:40:00+00:00,21.42857142857143,24.0,3.3,0.4714285714285714
2023-08-20 22:50:00+00:00,21.414285714285715,24.0,3.3,0.4857142857142857
2023-08-20 23:00:00+00:00,21.4,24.0,3.3,0.5
2023-08-20 23:10:00+00:00,21.385714285714286,24.0,3.3,0.5142857142857142
2023-08-20 23:20:00+00:00,21.371428571428574,24.0,3.3,0.5285714285714286
2023-08-20 23:30:00+00:00,21.357142857142858,24.0,3.3,0.5428571428571428
2023-08-20 23:40:00+00:00,21.34285714285714,24.0,3.3,0.5571428571428572
2023-08-20 23:50:00+00:00,21.32857142857143,24.0,3.3,0.5714285714285714
2023-08-21 00:00:00+00:00,21.314285714285717,24.0,3.3,0.5857142857142856
2023-08-21 00:10:00+00:00,21.3,24.0,3.3,0.6
2023-08-21 00:20:00+00:00,21.28,24.2,3.3,0.6
2023-08-21 00:30:00+00:00,21.26,24.4,3.3,0.6
2023-08-21 00:40:00+00:00,21.240000000000002,24.6,3.3,0.6
2023-08-21 00:50:00+00:00,21.220000000000002,24.8,3.3,0.6
2023-08-21 01:00:00+00:00,21.200000000000003,25.0,3.3,0.6
2023-08-21 01:10:00+00:00,21.18,25.2,3.3,0.6
2023-08-21 01:20:00+00:00,21.16,25.4,3.3,0.6
2023-08-21 01:30:00+00:00,21.14,25.6,3.3,0.6
2023-08-21 01:40:00+00:00,21.12,25.8,3.3,0.6
2023-08-21 01:50:00+00:00,21.1,26.0,3.3,0.6
2023-08-21 02:00:00+00:00,21.07,26.2,3.3,0.61
2023-08-21 02:10:00+00:00,21.040000000000003,26.4,3.3,0.62
2023-08-21 02:20:00+00:00,21.01,26.6,3.3,0.63
2023-08-21 02:30:00+00:00,20.98,26.8,3.3,0.64
2023-08-21 02:40:00+00:00,20.950000000000003,27.0,3.3,0.6499999999999999
2023-08-21 02:50:00+00:00,20.92,27.2,3.3,0.6599999999999999
2023-08-21 03:00:00+00:00,20.89,27.4,3.3,0.6699999999999999
2023-08-21 03:10:00+00:00,20.86,27.6,3.3,0.6799999999999999
2023-08-21 03:20:00+00:00,20.830000000000002,27.8,3.3,0.69
2023-08-21 03:30:00+00:00,20.8,28.0,3.3,0.7
2023-08-21 03:40:00+00:00,20.77,28.95,3.3049999999999997,1.04
2023-08-21 03:50:00+00:00,20.740000000000002,29.9,3.3099999999999996,1.38
2023-08-21 04:00:00+00:00,20.71,30.85,3.315,1.72
2023-08-21 04:10:00+00:00,20.68,31.8,3.32,2.0599999999999996
2023-08-21 04:20:00+00:00,20.65,32.75,3.3249999999999997,2.3999999999999995
2023-08-21 04:30:00+00:00,20.62,33.7,3.3299999999999996,2.74
2023-08-21 04:40:00+00:00,20.59,34.65,3.3349999999999995,3.08
2023-08-21 04:50:00+00:00,20.56,35.6,3.34,3.42
2023-08-21 05:00:00+00:00,20.53,36.55,3.3449999999999998,3.76
2023-08-21 05:10:00+00:00,20.5,37.5,3.3499999999999996,4.1
2023-08-21 05:20:00+00:00,20.5,34.0,3.3,4.1
2023-08-21 05:30:00+00:00,20.5,33.5,3.25,4.1
2023-08-21 05:40:00+00:00,20.5,33.0,3.2,4.1
2023-08-21 05:50:00+00:00,20.45,32.5,3.2,4.15
2023-08-21 06:00:00+00:00,20.4,32.0,3.2,4.2
2023-08-21 06:10:00+00:00,20.4,31.0,3.1,4.1
2023-08-21 06:20:00+00:00,20.4,30.0,3.1,4.2
2023-08-21 06:30:00+00:00,20.4,29.0,3.1,4.2
2023-08-21 06:40:00+00:00,20.5,27.0,3.1,5.5
2023-08-21 06:50:00+00:00,20.5,25.0,3.1,5.7
2023-08-21 07:00:00+00:00,20.5,23.0,3.1,5.9
2023-08-21 07:10:00+00:00,20.5,23.0,3.1,5.9
2023-08-21 07:20:00+00:00,20.5,21.0,3.1,5.9
2023-08-21 07:30:00+00:00,20.6,20.0,3.1,5.9
2023-08-21 07:40:00+00:00,20.6,19.5,3.1,5.85
2023-08-21 07:50:00+00:00,20.6,19.0,3.1,5.8
2023-08-21 08:00:00+00:00,20.6,18.0,3.1,5.9
2023-08-21 08:10:00+00:00,20.7,17.0,3.1,5.9
2023-08-21 08:20:00+00:00,20.8,17.0,3.1,5.9
2023-08-21 08:30:00+00:00,20.8,17.0,3.1,5.9
2023-08-21 08:40:00+00:00,21.0,17.0,3.1,5.9
2023-08-21 08:50:00+00:00,21.1,16.0,3.1,4.1
2023-08-21 09:00:00+00:00,21.2,16.0,3.1,5.8
2023-08-21 09:10:00+00:00,21.3,15.0,3.1,5.8
2023-08-21 09:20:00+00:00,21.5,15.0,3.1,5.8
2023-08-21 09:30:00+00:00,21.55,15.0,3.1,5.8
2023-08-21 09:40:00+00:00,21.6,15.0,3.1,5.8
2023-08-21 09:50:00+00:00,21.8,15.0,3.1,4.1
2023-08-21 10:00:00+00:00,21.9,15.0,3.1,4.1
2023-08-21 10:10:00+00:00,22.1,15.0,3.1,5.9
2023-08-21 10:20:00+00:00,22.3,15.0,3.1,4.9
2023-08-21 10:30:00+00:00,22.3,15.0,3.1,5.7
2023-08-21 10:40:00+00:00,22.5,15.0,3.1,4.1
2023-08-21 10:50:00+00:00,22.55,15.0,3.1,4.6
2023-08-21 11:00:00+00:00,22.6,15.0,3.1,5.1
2023-08-21 11:10:00+00:00,22.8,15.0,3.1,5.9
2023-08-21 11:20:00+00:00,22.8,15.0,3.1,5.9
2023-08-21 11:30:00+00:00,22.8,15.0,3.1,5.9
2023-08-21 11:40:00+00:00,22.9,15.0,3.1,4.1
2023-08-21 11:50:00+00:00,22.9,15.0,3.1,4.1
2023-08-21 12:00:00+00:00,22.9,15.0,3.2,5.4
2023-08-21 12:10:00+00:00,22.9,16.0,3.1,4.1
2023-08-21 12:20:00+00:00,22.9,16.0,3.1,4.1
2023-08-21 12:30:00+00:00,22.8,16.0,3.1,4.1
2023-08-21 12:40:00+00:00,22.8,17.0,3.2,4.1
2023-08-21 12:50:00+00:00,22.8,16.0,3.2,4.1
2023-08-21 13:00:00+00:00,22.8,17.0,3.2,4.1
2023-08-21 13:10:00+00:00,22.75,17.5,3.2,4.1
2023-08-21 13:20:00+00:00,22.7,18.0,3.2,4.1
2023-08-21 13:30:00+00:00,22.6,18.0,3.2,4.1
2023-08-21 13:40:00+00:00,22.6,16.0,3.2,4.1
2023-08-21 13:50:00+00:00,22.6,17.0,3.2,4.1
2023-08-21 14:00:00+00:00,22.5,17.0,3.2,4.1
2023-08-21 14:10:00+00:00,22.5,17.0,3.2,4.1
2023-08-21 14:20:00+00:00,22.5,17.0,3.2,4.1
2023-08-21 14:30:00+00:00,22.4,17.0,3.3,4.1
2023-08-21 14:40:00+00:00,22.3,17.0,3.2,4.1
2023-08-21 14:50:00+00:00,22.3,17.0,3.2,4.1
2023-08-21 15:00:00+00:00,22.3,17.0,3.2,4.1
2023-08-21 15:10:00+00:00,22.3,17.0,3.3,4.1
2023-08-21 15:20:00+00:00,22.3,17.0,3.2,4.1
2023-08-21 15:30:00+00:00,22.2,17.0,3.2,4.1
2023-08-21 15:40:00+00:00,22.1,17.0,3.2,4.1
2023-08-21 15:50:00+00:00,22.1,17.0,3.3,4.1
2023-08-21 16:00:00+00:00,22.1,17.0,3.2,4.1
2023-08-21 16:10:00+00:00,22.1,17.0,3.3,4.1
2023-08-21 16:20:00+00:00,22.0,17.0,3.3,4.1
2023-08-21 16:30:00+00:00,22.0,18.0,3.3,4.1
2023-08-21 16:40:00+00:00,22.0,18.0,3.3,4.1
2023-08-21 16:50:00+00:00,22.0,18.0,3.3,4.1
2023-08-21 17:00:00+00:00,21.9,18.0,3.3,4.1
2023-08-21 17:10:00+00:00,21.8,18.0,3.3,4.1
2023-08-21 17:20:00+00:00,21.8,18.0,3.3,4.1
2023-08-21 17:30:00+00:00,21.8,19.0,3.3,3.8
2023-08-21 17:40:00+00:00,21.8,19.0,3.3,3.8
2023-08-21 17:50:00+00:00,21.7,19.0,3.3,3.4
2023-08-21 18:00:00+00:00,21.6,19.0,3.3,2.7
2023-08-21 18:10:00+00:00,21.6,20.0,3.3,2.0
2023-08-21 18:20:00+00:00,21.6,20.0,3.3,1.1
2023-08-21 18:30:00+00:00,21.55,20.0,3.3,0.9
2023-08-21 18:40:00+00:00,21.5,20.0,3.3,0.7
2023-08-21 18:50:00+00:00,21.47,20.1,3.3,0.69
2023-08-21 19:00:00+00:00,21.44,20.2,3.3,0.6799999999999999
2023-08-21 19:10:00+00:00,21.41,20.3,3.3,0.6699999999999999
2023-08-21 19:20:00+00:00,21.38,20.4,3.3,0.6599999999999999
2023-08-21 19:30:00+00:00,21.35,20.5,3.3,0.6499999999999999
2023-08-21 19:40:00+00:00,21.32,20.6,3.3,0.64
2023-08-21 19:50:00+00:00,21.29,20.7,3.3,0.63
2023-08-21 20:00:00+00:00,21.259999999999998,20.8,3.3,0.62
2023-08-21 20:10:00+00:00,21.23,20.9,3.3,0.61
2023-08-21 20:20:00+00:00,21.2,21.0,3.3,0.6
2023-08-21 20:30:00+00:00,21.16,21.2,3.3099999999999996,0.6
2023-08-21 20:40:00+00:00,21.12,21.4,3.32,0.6
2023-08-21 20:50:00+00:00,21.08,21.6,3.33,0.6
2023-08-21 21:00:00+00:00,21.04,21.8,3.34,0.6
2023-08-21 21:10:00+00:00,21.0,22.0,3.3499999999999996,0.6
2023-08-21 21:20:00+00:00,20.96,22.2,3.36,0.6
2023-08-21 21:30:00+00:00,20.92,22.4,3.37,0.6
2023-08-21 21:40:00+00:00,20.88,22.6,3.38,0.6
2023-08-21 21:50:00+00:00,20.84,22.8,3.3899999999999997,0.6
2023-08-21 22:00:00+00:00,20.8,23.0,3.4,0.6
2023-08-21 22:10:00+00:00,20.776923076923076,23.153846153846153,3.4,0.5846153846153846
2023-08-21 22:20:00+00:00,20.753846153846155,23.307692307692307,3.4,0.5692307692307692
2023-08-21 22:30:00+00:00,20.73076923076923,23.46153846153846,3.4,0.5538461538461539
2023-08-21 22:40:00+00:00,20.70769230769231,23.615384615384617,3.4,0.5384615384615384
2023-08-21 22:50:00+00:00,20.684615384615384,23.76923076923077,3.4,0.5230769230769231
2023-08-21 23:00:00+00:00,20.661538461538463,23.923076923076923,3.4,0.5076923076923077
2023-08-21 23:10:00+00:00,20.638461538461538,24.076923076923077,3.4,0.49230769230769234
2023-08-21 23:20:00+00:00,20.615384615384617,24.23076923076923,3.4,0.4769230769230769
2023-08-21 23:30:00+00:00,20.592307692307692,24.384615384615383,3.4,0.46153846153846156
2023-08-21 23:40:00+00:00,20.56923076923077,24.53846153846154,3.4,0.4461538461538461
2023-08-21 23:50:00+00:00,20.546153846153846,24.692307692307693,3.4,0.4307692307692308
2023-08-22 00:00:00+00:00,20.523076923076925,24.846153846153847,3.4,0.4153846153846154
2023-08-22 00:10:00+00:00,20.5,25.0,3.4,0.4
2023-08-22 00:20:00+00:00,20.48,25.2,3.4,0.42000000000000004
2023-08-22 00:30:00+00:00,20.46,25.4,3.4,0.44
2023-08-22 00:40:00+00:00,20.44,25.6,3.4,0.46
2023-08-22 00:50:00+00:00,20.42,25.8,3.4,0.48
2023-08-22 01:00:00+00:00,20.4,26.0,3.4,0.5
2023-08-22 01:10:00+00:00,20.38,26.2,3.4,0.52
2023-08-22 01:20:00+00:00,20.36,26.4,3.4,0.54
2023-08-22 01:30:00+00:00,20.34,26.6,3.4,0.56
2023-08-22 01:40:00+00:00,20.32,26.8,3.4,0.58
2023-08-22 01:50:00+00:00,20.3,27.0,3.4,0.6
2023-08-22 02:00:00+00:00,20.27,27.2,3.4,0.62
2023-08-22 02:10:00+00:00,20.240000000000002,27.4,3.4,0.64
2023-08-22 02:20:00+00:00,20.21,27.6,3.4,0.66
2023-08-22 02:30:00+00:00,20.18,27.8,3.4,0.68
2023-08-22 02:40:00+00:00,20.15,28.0,3.4,0.7
2023-08-22 02:50:00+00:00,20.12,28.2,3.4,0.72
2023-08-22 03:00:00+00:00,20.09,28.4,3.4,0.74
2023-08-22 03:10:00+00:00,20.06,28.6,3.4,0.76
2023-08-22 03:20:00+00:00,20.03,28.8,3.4,0.78
2023-08-22 03:30:00+00:00,20.0,29.0,3.4,0.8
2023-08-22 03:40:00+00:00,19.98,29.3,3.4,1.13
2023-08-22 03:50:00+00:00,19.96,29.6,3.4,1.46
2023-08-22 04:00:00+00:00,19.94,29.9,3.4,1.79
2023-08-22 04:10:00+00:00,19.92,30.2,3.4,2.12
2023-08-22 04:20:00+00:00,19.9,30.5,3.4,2.45
2023-08-22 04:30:00+00:00,19.88,30.8,3.4,2.78
2023-08-22 04:40:00+00:00,19.86,31.1,3.4,3.1099999999999994
2023-08-22 04:50:00+00:00,19.84,31.4,3.4,3.4399999999999995
2023-08-22 05:00:00+00:00,19.82,31.7,3.4,3.7699999999999996
2023-08-22 05:10:00+00:00,19.8,32.0,3.4,4.1
2023-08-22 05:20:00+00:00,19.8,31.5,3.3499999999999996,4.1
2023-08-22 05:30:00+00:00,19.8,31.0,3.3,4.1
2023-08-22 05:40:00+00:00,19.8,32.0,3.3,4.1
2023-08-22 05:50:00+00:00,19.8,31.0,3.3,4.1
2023-08-22 06:00:00+00:00,19.8,31.0,3.3,4.1
2023-08-22 06:10:00+00:00,19.8,31.0,3.2,4.1
2023-08-22 06:20:00+00:00,19.8,30.0,3.1,4.1
2023-08-22 06:30:00+00:00,19.8,30.0,3.1,4.2
2023-08-22 06:40:00+00:00,19.8,29.0,3.1,4.1
2023-08-22 06:50:00+00:00,19.8,28.0,3.1,4.1
2023-08-22 07:00:00+00:00,19.9,29.0,3.2,4.1
2023-08-22 07:10:00+00:00,19.95,28.5,3.2,4.1
2023-08-22 07:20:00+00:00,20.0,28.0,3.2,4.1
2023-08-22 07:30:00+00:00,20.0,28.0,3.3,4.1
2023-08-22 07:40:00+00:00,20.0,28.0,3.3,4.1
2023-08-22 07:50:00+00:00,20.0,27.0,3.2,5.3
2023-08-22 08:00:00+00:00,20.1,26.0,3.2,6.0
2023-08-22 08:10:00+00:00,20.1,26.0,3.2,5.5
2023-08-22 08:20:00+00:00,20.1,24.0,3.2,5.3
2023-08-22 08:30:00+00:00,20.2,24.0,3.2,4.1
2023-08-22 08:40:00+00:00,20.2,24.0,3.2,4.1
2023-08-22 08:50:00+00:00,20.3,23.0,3.2,4.1
2023-08-22 09:00:00+00:00,20.3,23.0,3.2,4.1
2023-08-22 09:10:00+00:00,20.3,23.0,3.2,4.1
2023-08-22 09:20:00+00:00,20.4,22.0,3.2,6.0
2023-08-22 09:30:00+00:00,20.5,21.0,3.1,5.9
2023-08-22 09:40:00+00:00,20.6,21.0,3.1,5.8
2023-08-22 09:50:00+00:00,20.7,20.0,3.1,5.8
2023-08-22 10:00:00+00:00,20.8,20.0,3.1,5.9
2023-08-22 10:10:00+00:00,21.0,20.0,3.1,5.9
2023-08-22 10:20:00+00:00,21.1,20.0,3.1,5.8
2023-08-22 10:30:00+00:00,21.2,19.0,3.1,5.8
2023-08-22 10:40:00+00:00,21.3,19.0,3.1,5.8
2023-08-22 10:50:00+00:00,21.4,18.5,3.1,5.8
2023-08-22 11:00:00+00:00,21.5,18.0,3.1,5.8
2023-08-22 11:10:00+00:00,21.6,18.0,3.1,5.7
2023-08-22 11:20:00+00:00,21.6,18.0,3.1,5.4
2023-08-22 11:30:00+00:00,21.7,18.0,3.1,5.7
2023-08-22 11:40:00+00:00,21.8,18.0,3.2,4.1
2023-08-22 11:50:00+00:00,21.8,19.0,3.1,5.6
2023-08-22 12:00:00+00:00,21.9,18.0,3.1,4.9
2023-08-22 12:10:00+00:00,21.9,18.0,3.2,4.1
2023-08-22 12:20:00+00:00,21.9,19.0,3.2,4.1
2023-08-22 12:30:00+00:00,21.9,18.0,3.2,4.1
2023-08-22 12:40:00+00:00,21.9,18.0,3.2,4.1
2023-08-22 12:50:00+00:00,21.9,18.0,3.2,4.1
2023-08-22 13:00:00+00:00,21.9,18.0,3.2,4.1
2023-08-22 13:10:00+00:00,21.9,19.0,3.2,4.1
2023-08-22 13:20:00+00:00,21.8,18.0,3.2,4.1
2023-08-22 13:30:00+00:00,21.8,18.0,3.2,4.1
2023-08-22 13:40:00+00:00,21.8,18.0,3.3,4.1
2023-08-22 13:50:00+00:00,21.8,18.0,3.2,4.1
2023-08-22 14:00:00+00:00,21.8,18.0,3.2,4.1
2023-08-22 14:10:00+00:00,21.7,19.0,3.2,4.1
2023-08-22 14:20:00+00:00,21.7,18.0,3.2,4.1
2023-08-22 14:30:00+00:00,21.7,18.0,3.2,4.1
2023-08-22 14:40:00+00:00,21.7,18.0,3.2,4.1
2023-08-22 14:50:00+00:00,21.6,18.0,3.2,4.1
2023-08-22 15:00:00+00:00,21.6,19.0,3.3,4.1
2023-08-22 15:10:00+00:00,21.6,19.0,3.3,4.1
2023-08-22 15:20:00+00:00,21.6,22.0,3.3,4.1
2023-08-22 15:30:00+00:00,21.5,18.0,3.3,4.1
2023-08-22 15:40:00+00:00,21.5,19.0,3.3,4.1
2023-08-22 15:50:00+00:00,21.5,19.0,3.3,4.1
2023-08-22 16:00:00+00:00,21.5,19.0,3.3,4.1
2023-08-22 16:10:00+00:00,21.5,19.0,3.3,4.1
2023-08-22 16:20:00+00:00,21.5,19.0,3.3,4.1
2023-08-22 16:30:00+00:00,21.4,19.0,3.3,4.1
2023-08-22 16:40:00+00:00,21.4,19.0,3.3,4.1
2023-08-22 16:50:00+00:00,21.3,20.0,3.3,4.1
2023-08-22 17:00:00+00:00,21.3,19.0,3.3,4.1
2023-08-22 17:10:00+00:00,21.3,19.0,3.3,4.1
2023-08-22 17:20:00+00:00,21.3,20.0,3.3,3.9
2023-08-22 17:30:00+00:00,21.3,20.0,3.3,3.9
2023-08-22 17:40:00+00:00,21.2,20.0,3.3,3.6
2023-08-22 17:50:00+00:00,21.2,20.0,3.3,3.0
2023-08-22 18:00:00+00:00,21.15,20.0,3.3,2.65
2023-08-22 18:10:00+00:00,21.1,20.0,3.3,2.3
2023-08-22 18:20:00+00:00,21.1,20.0,3.3,1.4
2023-08-22 18:30:00+00:00,21.1,21.0,3.3,0.8
2023-08-22 18:40:00+00:00,21.060000000000002,21.2,3.3099999999999996,0.78
2023-08-22 18:50:00+00:00,21.02,21.4,3.32,0.76
2023-08-22 19:00:00+00:00,20.98,21.6,3.33,0.74
2023-08-22 19:10:00+00:00,20.94,21.8,3.34,0.72
2023-08-22 19:20:00+00:00,20.9,22.0,3.3499999999999996,0.7
2023-08-22 19:30:00+00:00,20.86,22.2,3.36,0.6799999999999999
2023-08-22 19:40:00+00:00,20.82,22.4,3.37,0.66
2023-08-22 19:50:00+00:00,20.78,22.6,3.38,0.64
2023-08-22 20:00:00+00:00,20.74,22.8,3.3899999999999997,0.62
2023-08-22 20:10:00+00:00,20.7,23.0,3.4,0.6
2023-08-22 20:20:00+00:00,20.66923076923077,23.384615384615383,3.4,0.6
2023-08-22 20:30:00+00:00,20.638461538461538,23.76923076923077,3.4,0.6
2023-08-22 20:40:00+00:00,20.607692307692307,24.153846153846153,3.4,0.6
2023-08-22 20:50:00+00:00,20.576923076923077,24.53846153846154,3.4,0.6
2023-08-22 21:00:00+00:00,20.546153846153846,24.923076923076923,3.4,0.6
2023-08-22 21:10:00+00:00,20.515384615384615,25.307692307692307,3.4,0.6
2023-08-22 21:20:00+00:00,20.484615384615385,25.692307692307693,3.4,0.6
2023-08-22 21:30:00+00:00,20.453846153846154,26.076923076923077,3.4,0.6
2023-08-22 21:40:00+00:00,20.423076923076923,26.46153846153846,3.4,0.6
2023-08-22 21:50:00+00:00,20.392307692307693,26.846153846153847,3.4,0.6
2023-08-22 22:00:00+00:00,20.361538461538462,27.23076923076923,3.4,0.6
2023-08-22 22:10:00+00:00,20.33076923076923,27.615384615384617,3.4,0.6
2023-08-22 22:20:00+00:00,20.3,28.0,3.4,0.6
2023-08-22 22:30:00+00:00,20.27,28.2,3.4,0.6
2023-08-22 22:40:00+00:00,20.240000000000002,28.4,3.4,0.6
2023-08-22 22:50:00+00:00,20.21,28.6,3.4,0.6
2023-08-22 23:00:00+00:00,20.18,28.8,3.4,0.6
2023-08-22 23:10:00+00:00,20.15,29.0,3.4,0.6
2023-08-22 23:20:00+00:00,20.12,29.2,3.4,0.6
2023-08-22 23:30:00+00:00,20.09,29.4,3.4,0.6
2023-08-22 23:40:00+00:00,20.06,29.6,3.4,0.6
2023-08-22 23:50:00+00:00,20.03,29.8,3.4,0.6
2023-08-23 00:00:00+00:00,20.0,30.0,3.4,0.6
2023-08-23 00:10:00+00:00,19.98,30.0,3.4,0.6
2023-08-23 00:20:00+00:00,19.96,30.0,3.4,0.6
2023-08-23 00:30:00+00:00,19.94,30.0,3.4,0.6
2023-08-23 00:40:00+00:00,19.92,30.0,3.4,0.6
2023-08-23 00:50:00+00:00,19.9,30.0,3.4,0.6
2023-08-23 01:00:00+00:00,19.88,30.0,3.4,0.6
2023-08-23 01:10:00+00:00,19.86,30.0,3.4,0.6
2023-08-23 01:20:00+00:00,19.84,30.0,3.4,0.6
2023-08-23 01:30:00+00:00,19.82,30.0,3.4,0.6
2023-08-23 01:40:00+00:00,19.8,30.0,3.4,0.6
2023-08-23 01:50:00+00:00,19.77,30.0,3.4,0.61
2023-08-23 02:00:00+00:00,19.740000000000002,30.0,3.4,0.62
2023-08-23 02:10:00+00:00,19.71,30.0,3.4,0.63
2023-08-23 02:20:00+00:00,19.68,30.0,3.4,0.64
2023-08-23 02:30:00+00:00,19.65,30.0,3.4,0.6499999999999999
2023-08-23 02:40:00+00:00,19.62,30.0,3.4,0.6599999999999999
2023-08-23 02:50:00+00:00,19.59,30.0,3.4,0.6699999999999999
2023-08-23 03:00:00+00:00,19.56,30.0,3.4,0.6799999999999999
2023-08-23 03:10:00+00:00,19.53,30.0,3.4,0.69
2023-08-23 03:20:00+00:00,19.5,30.0,3.4,0.7
2023-08-23 03:30:00+00:00,19.48,30.1,3.4,1.04
2023-08-23 03:40:00+00:00,19.46,30.2,3.4,1.38
2023-08-23 03:50:00+00:00,19.44,30.3,3.4,1.72
2023-08-23 04:00:00+00:00,19.42,30.4,3.4,2.0599999999999996
2023-08-23 04:10:00+00:00,19.4,30.5,3.4,2.3999999999999995
2023-08-23 04:20:00+00:00,19.38,30.6,3.4,2.74
2023-08-23 04:30:00+00:00,19.36,30.7,3.4,3.08
2023-08-23 04:40:00+00:00,19.34,30.8,3.4,3.42
2023-08-23 04:50:00+00:00,19.32,30.9,3.4,3.76
2023-08-23 05:00:00+00:00,19.3,31.0,3.4,4.1
2023-08-23 05:10:00+00:00,19.3,32.0,3.4,4.1
2023-08-23 05:20:00+00:00,19.3,32.0,3.3,4.1
2023-08-23 05:30:00+00:00,19.3,32.0,3.3,4.1
2023-08-23 05:40:00+00:00,19.3,32.0,3.2,4.2
2023-08-23 05:50:00+00:00,19.3,32.0,3.2,4.1
2023-08-23 06:00:00+00:00,19.3,32.0,3.1,4.2
2023-08-23 06:10:00+00:00,19.3,31.0,3.1,4.1
2023-08-23 06:20:00+00:00,19.3,30.0,3.1,4.2
2023-08-23 06:30:00+00:00,19.3,29.0,3.1,5.5
2023-08-23 06:40:00+00:00,19.4,28.0,3.1,5.7
2023-08-23 06:50:00+00:00,19.5,26.0,3.1,5.8
2023-08-23 07:00:00+00:00,19.5,24.0,3.1,5.8
2023-08-23 07:10:00+00:00,19.55,23.5,3.1,5.8
2023-08-23 07:20:00+00:00,19.6,23.0,3.1,5.8
2023-08-23 07:30:00+00:00,19.6,21.0,3.1,5.8
2023-08-23 07:40:00+00:00,19.6,20.0,3.1,5.8
2023-08-23 07:50:00+00:00,19.8,18.0,3.1,5.8
2023-08-23 08:00:00+00:00,19.8,17.0,3.1,5.8
2023-08-23 08:10:00+00:00,19.9,17.0,3.1,5.8
2023-08-23 08:20:00+00:00,20.0,16.0,3.1,5.8
2023-08-23 08:30:00+00:00,20.0,15.0,3.1,5.8
2023-08-23 08:40:00+00:00,20.1,15.0,3.1,5.8
2023-08-23 08:50:00+00:00,20.3,15.0,3.1,5.8
2023-08-23 09:00:00+00:00,20.35,14.5,3.1,5.8
2023-08-23 09:10:00+00:00,20.4,14.0,3.1,5.8
2023-08-23 09:20:00+00:00,20.6,14.0,3.1,5.8
2023-08-23 09:30:00+00:00,20.7,14.0,3.1,5.8
2023-08-23 09:40:00+00:00,20.9,14.0,3.1,5.8
2023-08-23 09:50:00+00:00,21.1,14.0,3.1,5.8
2023-08-23 10:00:00+00:00,21.3,14.0,3.1,5.8
2023-08-23 10:10:00+00:00,21.4,14.0,3.1,4.1
2023-08-23 10:20:00+00:00,21.5,14.0,3.1,5.8
2023-08-23 10:30:00+00:00,21.6,14.0,3.1,5.6
2023-08-23 10:40:00+00:00,21.7,14.0,3.1,6.2
2023-08-23 10:50:00+00:00,21.799999999999997,14.0,3.1,6.050000000000001
2023-08-23 11:00:00+00:00,21.9,14.0,3.1,5.9
2023-08-23 11:10:00+00:00,22.0,14.0,3.1,4.1
2023-08-23 11:20:00+00:00,22.0,14.0,3.1,4.1
2023-08-23 11:30:00+00:00,22.1,15.0,3.1,4.1
2023-08-23 11:40:00+00:00,22.1,15.0,3.2,4.1
2023-08-23 11:50:00+00:00,22.1,15.0,3.1,5.4
2023-08-23 12:00:00+00:00,22.2,15.0,3.1,4.1
2023-08-23 12:10:00+00:00,22.2,15.0,3.2,4.1
2023-08-23 12:20:00+00:00,22.2,15.0,3.2,4.1
2023-08-23 12:30:00+00:00,22.2,15.0,3.2,4.1
2023-08-23 12:40:00+00:00,22.2,15.0,3.2,4.1
2023-08-23 12:50:00+00:00,22.2,15.0,3.2,4.1
2023-08-23 13:00:00+00:00,22.2,15.0,3.2,4.1
2023-08-23 13:10:00+00:00,22.1,15.0,3.2,4.1
2023-08-23 13:20:00+00:00,22.1,15.0,3.3,4.1
2023-08-23 13:30:00+00:00,22.1,15.0,3.2,4.1
2023-08-23 13:40:00+00:00,22.1,16.0,3.2,4.1
2023-08-23 13:50:00+00:00,22.1,15.0,3.2,4.1
2023-08-23 14:00:00+00:00,22.1,16.0,3.2,4.1
2023-08-23 14:10:00+00:00,22.1,16.0,3.3,4.1
2023-08-23 14:20:00+00:00,22.0,16.0,3.2,4.1
2023-08-23 14:30:00+00:00,22.0,16.0,3.2,4.1
2023-08-23 14:40:00+00:00,22.0,16.0,3.2,4.1
2023-08-23 14:50:00+00:00,22.0,16.0,3.2,4.1
2023-08-23 15:00:00+00:00,22.0,16.0,3.2,4.1
2023-08-23 15:10:00+00:00,22.0,16.0,3.3,4.1
2023-08-23 15:20:00+00:00,21.9,16.0,3.3,4.1
2023-08-23 15:30:00+00:00,21.9,16.0,3.2,4.1
2023-08-23 15:40:00+00:00,21.9,16.0,3.3,4.1
2023-08-23 15:50:00+00:00,21.8,16.0,3.3,4.1
2023-08-23 16:00:00+00:00,21.8,16.0,3.3,4.1
2023-08-23 16:10:00+00:00,21.8,16.0,3.2,4.1
2023-08-23 16:20:00+00:00,21.8,16.0,3.25,4.1
2023-08-23 16:30:00+00:00,21.8,16.0,3.3,4.1
2023-08-23 16:40:00+00:00,21.8,16.0,3.3,4.1
2023-08-23 16:50:00+00:00,21.7,16.0,3.3,4.1
2023-08-23 17:00:00+00:00,21.7,17.0,3.3,4.1
2023-08-23 17:10:00+00:00,21.6,17.0,3.3,4.1
2023-08-23 17:20:00+00:00,21.6,17.0,3.3,3.9
2023-08-23 17:30:00+00:00,21.6,17.0,3.3,3.7
2023-08-23 17:40:00+00:00,21.5,17.0,3.3,3.3
2023-08-23 17:50:00+00:00,21.5,17.0,3.3,2.6
2023-08-23 18:00:00+00:00,21.5,18.0,3.3,1.5
2023-08-23 18:10:00+00:00,21.5,18.0,3.3,1.25
2023-08-23 18:20:00+00:00,21.5,18.0,3.3,1.0
2023-08-23 18:30:00+00:00,21.4,18.0,3.4,0.7
2023-08-23 18:40:00+00:00,21.369999999999997,18.1,3.3899999999999997,0.69
2023-08-23 18:50:00+00:00,21.34,18.2,3.38,0.6799999999999999
2023-08-23 19:00:00+00:00,21.31,18.3,3.37,0.6699999999999999
2023-08-23 19:10:00+00:00,21.28,18.4,3.36,0.6599999999999999
2023-08-23 19:20:00+00:00,21.25,18.5,3.3499999999999996,0.6499999999999999
2023-08-23 19:30:00+00:00,21.22,18.6,3.34,0.64
2023-08-23 19:40:00+00:00,21.19,18.7,3.33,0.63
2023-08-23 19:50:00+00:00,21.16,18.8,3.32,0.62
2023-08-23 20:00:00+00:00,21.130000000000003,18.9,3.3099999999999996,0.61
2023-08-23 20:10:00+00:00,21.1,19.0,3.3,0.6
2023-08-23 20:20:00+00:00,21.076923076923077,19.076923076923077,3.3,0.6
2023-08-23 20:30:00+00:00,21.053846153846155,19.153846153846153,3.3,0.6
2023-08-23 20:40:00+00:00,21.03076923076923,19.23076923076923,3.3,0.6
2023-08-23 20:50:00+00:00,21.00769230769231,19.307692307692307,3.3,0.6
2023-08-23 21:00:00+00:00,20.984615384615385,19.384615384615383,3.3,0.6
2023-08-23 21:10:00+00:00,20.961538461538463,19.46153846153846,3.3,0.6
2023-08-23 21:20:00+00:00,20.93846153846154,19.53846153846154,3.3,0.6
2023-08-23 21:30:00+00:00,20.915384615384617,19.615384615384617,3.3,0.6
2023-08-23 21:40:00+00:00,20.892307692307693,19.692307692307693,3.3,0.6
2023-08-23 21:50:00+00:00,20.86923076923077,19.76923076923077,3.3,0.6
2023-08-23 22:00:00+00:00,20.846153846153847,19.846153846153847,3.3,0.6
2023-08-23 22:10:00+00:00,20.823076923076925,19.923076923076923,3.3,0.6
2023-08-23 22:20:00+00:00,20.8,20.0,3.3,0.6
2023-08-23 22:30:00+00:00,20.78,20.2,3.3099999999999996,0.6
2023-08-23 22:40:00+00:00,20.76,20.4,3.32,0.6
2023-08-23 22:50:00+00:00,20.740000000000002,20.6,3.33,0.6
2023-08-23 23:00:00+00:00,20.720000000000002,20.8,3.34,0.6
2023-08-23 23:10:00+00:00,20.700000000000003,21.0,3.3499999999999996,0.6
2023-08-23 23:20:00+00:00,20.68,21.2,3.36,0.6
2023-08-23 23:30:00+00:00,20.66,21.4,3.37,0.6
2023-08-23 23:40:00+00:00,20.64,21.6,3.38,0.6
2023-08-23 23:50:00+00:00,20.62,21.8,3.3899999999999997,0.6
2023-08-24 00:00:00+00:00,20.6,22.0,3.4,0.6
2023-08-24 00:10:00+00:00,20.59,22.1,3.4,0.6
2023-08-24 00:20:00+00:00,20.580000000000002,22.2,3.4,0.6
2023-08-24 00:30:00+00:00,20.57,22.3,3.4,0.6
2023-08-24 00:40:00+00:00,20.560000000000002,22.4,3.4,0.6
2023-08-24 00:50:00+00:00,20.55,22.5,3.4,0.6
2023-08-24 01:00:00+00:00,20.54,22.6,3.4,0.6
2023-08-24 01:10:00+00:00,20.53,22.7,3.4,0.6
2023-08-24 01:20:00+00:00,20.52,22.8,3.4,0.6
2023-08-24 01:30:00+00:00,20.51,22.9,3.4,0.6
2023-08-24 01:40:00+00:00,20.5,23.0,3.4,0.6
2023-08-24 01:50:00+00:00,20.48,23.1,3.4,0.6
2023-08-24 02:00:00+00:00,20.46,23.2,3.4,0.6
2023-08-24 02:10:00+00:00,20.44,23.3,3.4,0.6
2023-08-24 02:20:00+00:00,20.42,23.4,3.4,0.6
2023-08-24 02:30:00+00:00,20.4,23.5,3.4,0.6
2023-08-24 02:40:00+00:00,20.38,23.6,3.4,0.6
2023-08-24 02:50:00+00:00,20.36,23.7,3.4,0.6
2023-08-24 03:00:00+00:00,20.34,23.8,3.4,0.6
2023-08-24 03:10:00+00:00,20.32,23.9,3.4,0.6
2023-08-24 03:20:00+00:00,20.3,24.0,3.4,0.6
2023-08-24 03:30:00+00:00,20.28,24.1,3.3899999999999997,0.95
2023-08-24 03:40:00+00:00,20.26,24.2,3.38,1.2999999999999998
2023-08-24 03:50:00+00:00,20.240000000000002,24.3,3.37,1.65
2023-08-24 04:00:00+00:00,20.220000000000002,24.4,3.36,2.0
2023-08-24 04:10:00+00:00,20.200000000000003,24.5,3.3499999999999996,2.35
2023-08-24 04:20:00+00:00,20.18,24.6,3.34,2.6999999999999997
2023-08-24 04:30:00+00:00,20.16,24.7,3.33,3.05
2023-08-24 04:40:00+00:00,20.14,24.8,3.32,3.4
2023-08-24 04:50:00+00:00,20.12,24.9,3.3099999999999996,3.75
2023-08-24 05:00:00+00:00,20.1,25.0,3.3,4.1
2023-08-24 05:10:00+00:00,20.0,29.0,3.3,4.1
2023-08-24 05:20:00+00:00,20.0,26.0,3.3,4.1
2023-08-24 05:30:00+00:00,20.0,26.0,3.3,4.1
2023-08-24 05:40:00+00:00,20.0,26.0,3.3,4.1
2023-08-24 05:50:00+00:00,20.0,26.0,3.2,4.1
2023-08-24 06:00:00+00:00,20.0,25.0,3.2,4.1
2023-08-24 06:10:00+00:00,20.1,25.0,3.2,4.1
2023-08-24 06:20:00+00:00,20.1,25.0,3.3,4.1
2023-08-24 06:30:00+00:00,20.1,24.0,3.3,4.1
2023-08-24 06:40:00+00:00,20.1,24.0,3.3,4.1
2023-08-24 06:50:00+00:00,20.1,24.0,3.3,4.1
2023-08-24 07:00:00+00:00,20.1,24.0,3.3,4.1
2023-08-24 07:10:00+00:00,20.1,24.0,3.3,4.1
2023-08-24 07:20:00+00:00,20.1,24.0,3.3,4.1
2023-08-24 07:30:00+00:00,20.1,24.0,3.3,4.1
2023-08-24 07:40:00+00:00,20.1,24.0,3.3,4.1
2023-08-24 07:50:00+00:00,20.1,24.0,3.3,4.1
2023-08-24 08:00:00+00:00,20.2,23.0,3.2,4.2
2023-08-24 08:10:00+00:00,20.2,22.0,3.2,4.1
2023-08-24 08:20:00+00:00,20.3,22.0,3.2,4.1
2023-08-24 08:30:00+00:00,20.3,22.0,3.2,4.1
2023-08-24 08:40:00+00:00,20.3,22.0,3.2,4.1
2023-08-24 08:50:00+00:00,20.3,22.0,3.3,4.1
2023-08-24 09:00:00+00:00,20.3,21.0,3.2,4.1
2023-08-24 09:10:00+00:00,20.4,21.0,3.1,4.1
2023-08-24 09:20:00+00:00,20.5,20.0,3.1,4.2
2023-08-24 09:30:00+00:00,20.5,20.0,3.1,4.2
2023-08-24 09:40:00+00:00,20.7,19.0,3.1,5.4
2023-08-24 09:50:00+00:00,20.8,18.0,3.1,4.1
2023-08-24 10:00:00+00:00,20.8,18.0,3.1,4.1
2023-08-24 10:10:00+00:00,20.9,18.0,3.1,4.1
2023-08-24 10:20:00+00:00,20.95,18.0,3.1500000000000004,5.0
2023-08-24 10:30:00+00:00,21.0,18.0,3.2,5.9
2023-08-24 10:40:00+00:00,21.1,17.0,3.1,5.8
2023-08-24 10:50:00+00:00,21.3,17.0,3.1,5.9
2023-08-24 11:00:00+00:00,21.3,17.0,3.1,6.0
2023-08-24 11:10:00+00:00,21.4,17.0,3.1,4.1
2023-08-24 11:20:00+00:00,21.5,17.0,3.1,5.7
2023-08-24 11:30:00+00:00,21.5,17.0,3.1,4.1
2023-08-24 11:40:00+00:00,21.5,17.0,3.2,4.1
2023-08-24 11:50:00+00:00,21.6,17.0,3.2,5.5
2023-08-24 12:00:00+00:00,21.6,17.0,3.2,4.1
2023-08-24 12:10:00+00:00,21.6,17.0,3.2,4.1
2023-08-24 12:20:00+00:00,21.6,17.0,3.2,4.1
2023-08-24 12:30:00+00:00,21.6,17.0,3.2,4.1
2023-08-24 12:40:00+00:00,21.6,17.0,3.2,4.1
2023-08-24 12:50:00+00:00,21.6,17.0,3.2,4.1
2023-08-24 13:00:00+00:00,21.6,17.0,3.2,4.1
2023-08-24 13:10:00+00:00,21.6,17.0,3.2,4.1
2023-08-24 13:20:00+00:00,21.6,17.0,3.2,4.1
2023-08-24 13:30:00+00:00,21.5,17.0,3.2,4.1
2023-08-24 13:40:00+00:00,21.5,17.0,3.2,4.1
2023-08-24 13:50:00+00:00,21.5,17.0,3.2,4.1
2023-08-24 14:00:00+00:00,21.5,17.0,3.2,4.1
2023-08-24 14:10:00+00:00,21.5,17.0,3.2,4.1
2023-08-24 14:20:00+00:00,21.5,17.0,3.3,4.1
2023-08-24 14:30:00+00:00,21.5,17.0,3.2,4.1
2023-08-24 14:40:00+00:00,21.5,19.0,3.2,4.1
2023-08-24 14:50:00+00:00,21.5,20.0,3.3,4.1
2023-08-24 15:00:00+00:00,21.5,20.0,3.3,4.1
2023-08-24 15:10:00+00:00,21.4,25.0,3.3,4.1
2023-08-24 15:20:00+00:00,21.4,21.0,3.3,4.1
2023-08-24 15:30:00+00:00,21.4,22.0,3.3,4.1
2023-08-24 15:40:00+00:00,21.3,18.0,3.3,4.1
2023-08-24 15:50:00+00:00,21.3,18.5,3.3,4.1
2023-08-24 16:00:00+00:00,21.3,19.0,3.3,4.1
2023-08-24 16:10:00+00:00,21.3,19.0,3.3,4.1
2023-08-24 16:20:00+00:00,21.3,20.0,3.3,4.1
2023-08-24 16:30:00+00:00,21.3,20.0,3.3,4.1
2023-08-24 16:40:00+00:00,21.3,19.0,3.3,4.1
2023-08-24 16:50:00+00:00,21.2,18.0,3.3,4.1
2023-08-24 17:00:00+00:00,21.2,19.0,3.3,3.9
2023-08-24 17:10:00+00:00,21.1,19.0,3.3,3.8
2023-08-24 17:20:00+00:00,21.1,19.0,3.3,3.9
2023-08-24 17:30:00+00:00,21.1,22.0,3.3,3.5
2023-08-24 17:40:00+00:00,21.1,24.5,3.3,3.25
2023-08-24 17:50:00+00:00,21.1,27.0,3.3,3.0
2023-08-24 18:00:00+00:00,21.1,20.0,3.3,2.2
2023-08-24 18:10:00+00:00,21.0,20.0,3.3,1.4
2023-08-24 18:20:00+00:00,21.0,20.0,3.3,0.8
2023-08-24 18:30:00+00:00,20.97,20.2,3.3099999999999996,0.78
2023-08-24 18:40:00+00:00,20.94,20.4,3.32,0.76
2023-08-24 18:50:00+00:00,20.91,20.6,3.33,0.74
2023-08-24 19:00:00+00:00,20.88,20.8,3.34,0.72
2023-08-24 19:10:00+00:00,20.85,21.0,3.3499999999999996,0.7
2023-08-24 19:20:00+00:00,20.82,21.2,3.36,0.6799999999999999
2023-08-24 19:30:00+00:00,20.79,21.4,3.37,0.66
2023-08-24 19:40:00+00:00,20.759999999999998,21.6,3.38,0.64
2023-08-24 19:50:00+00:00,20.73,21.8,3.3899999999999997,0.62
2023-08-24 20:00:00+00:00,20.7,22.0,3.4,0.6
2023-08-24 20:10:00+00:00,20.669999999999998,22.3,3.4,0.6
2023-08-24 20:20:00+00:00,20.64,22.6,3.4,0.6
2023-08-24 20:30:00+00:00,20.61,22.9,3.4,0.6
2023-08-24 20:40:00+00:00,20.58,23.2,3.4,0.6
2023-08-24 20:50:00+00:00,20.549999999999997,23.5,3.4,0.6
2023-08-24 21:00:00+00:00,20.52,23.8,3.4,0.6
2023-08-24 21:10:00+00:00,20.49,24.1,3.4,0.6
2023-08-24 21:20:00+00:00,20.459999999999997,24.4,3.4,0.6
2023-08-24 21:30:00+00:00,20.43,24.7,3.4,0.6
2023-08-24 21:40:00+00:00,20.4,25.0,3.4,0.6
2023-08-24 21:50:00+00:00,20.376923076923077,25.23076923076923,3.4,0.6
2023-08-24 22:00:00+00:00,20.353846153846153,25.46153846153846,3.4,0.6
2023-08-24 22:10:00+00:00,20.33076923076923,25.692307692307693,3.4,0.6
2023-08-24 22:20:00+00:00,20.307692307692307,25.923076923076923,3.4,0.6
2023-08-24 22:30:00+00:00,20.284615384615385,26.153846153846153,3.4,0.6
2023-08-24 22:40:00+00:00,20.26153846153846,26.384615384615383,3.4,0.6
2023-08-24 22:50:00+00:00,20.23846153846154,26.615384615384617,3.4,0.6
2023-08-24 23:00:00+00:00,20.215384615384615,26.846153846153847,3.4,0.6
2023-08-24 23:10:00+00:00,20.192307692307693,27.076923076923077,3.4,0.6
2023-08-24 23:20:00+00:00,20.16923076923077,27.307692307692307,3.4,0.6
2023-08-24 23:30:00+00:00,20.146153846153847,27.53846153846154,3.4,0.6
2023-08-24 23:40:00+00:00,20.123076923076923,27.76923076923077,3.4,0.6
2023-08-24 23:50:00+00:00,20.1,28.0,3.4,0.6
2023-08-25 00:00:00+00:00,20.080000000000002,28.1,3.4,0.6
2023-08-25 00:10:00+00:00,20.060000000000002,28.2,3.4,0.6
2023-08-25 00:20:00+00:00,20.04,28.3,3.4,0.6
2023-08-25 00:30:00+00:00,20.02,28.4,3.4,0.6
2023-08-25 00:40:00+00:00,20.0,28.5,3.4,0.6
2023-08-25 00:50:00+00:00,19.98,28.6,3.4,0.6
2023-08-25 01:00:00+00:00,19.96,28.7,3.4,0.6
2023-08-25 01:10:00+00:00,19.939999999999998,28.8,3.4,0.6
2023-08-25 01:20:00+00:00,19.919999999999998,28.9,3.4,0.6
2023-08-25 01:30:00+00:00,19.9,29.0,3.4,0.6
2023-08-25 01:40:00+00:00,19.89,29.1,3.4,0.6
2023-08-25 01:50:00+00:00,19.88,29.2,3.4,0.6
2023-08-25 02:00:00+00:00,19.869999999999997,29.3,3.4,0.6
2023-08-25 02:10:00+00:00,19.86,29.4,3.4,0.6
2023-08-25 02:20:00+00:00,19.85,29.5,3.4,0.6
2023-08-25 02:30:00+00:00,19.84,29.6,3.4,0.6
2023-08-25 02:40:00+00:00,19.83,29.7,3.4,0.6
2023-08-25 02:50:00+00:00,19.82,29.8,3.4,0.6
2023-08-25 03:00:00+00:00,19.810000000000002,29.9,3.4,0.6
2023-08-25 03:10:00+00:00,19.8,30.0,3.4,0.6
2023-08-25 03:20:00+00:00,19.79,30.1,3.4,0.9199999999999999
2023-08-25 03:30:00+00:00,19.78,30.2,3.4,1.2399999999999998
2023-08-25 03:40:00+00:00,19.77,30.3,3.4,1.5599999999999998
2023-08-25 03:50:00+00:00,19.76,30.4,3.4,1.88
2023-08-25 04:00:00+00:00,19.75,30.5,3.4,2.1999999999999997
2023-08-25 04:10:00+00:00,19.74,30.6,3.4,2.5199999999999996
2023-08-25 04:20:00+00:00,19.73,30.7,3.4,2.84
2023-08-25 04:30:00+00:00,19.72,30.8,3.4,3.1599999999999997
2023-08-25 04:40:00+00:00,19.71,30.9,3.4,3.4799999999999995
2023-08-25 04:50:00+00:00,19.7,31.0,3.4,3.8
2023-08-25 05:00:00+00:00,19.6,31.0,3.4,4.1
2023-08-25 05:10:00+00:00,19.6,31.0,3.3,4.1
2023-08-25 05:20:00+00:00,19.6,31.0,3.3,4.1
2023-08-25 05:30:00+00:00,19.6,31.0,3.3,4.1
2023-08-25 05:40:00+00:00,19.6,31.0,3.3,4.1
2023-08-25 05:50:00+00:00,19.6,31.0,3.4,4.1
2023-08-25 06:00:00+00:00,19.6,31.0,3.3,4.1
2023-08-25 06:10:00+00:00,19.7,30.0,3.3,4.1
2023-08-25 06:20:00+00:00,19.7,30.0,3.3,4.1
2023-08-25 06:30:00+00:00,19.7,30.0,3.3,4.1
2023-08-25 06:40:00+00:00,19.7,30.0,3.3,4.1
2023-08-25 06:50:00+00:00,19.8,29.0,3.3,4.1
2023-08-25 07:00:00+00:00,19.8,29.0,3.3,4.1
2023-08-25 07:10:00+00:00,19.8,28.0,3.3,4.1
2023-08-25 07:20:00+00:00,19.8,28.0,3.2,4.1
2023-08-25 07:30:00+00:00,19.9,27.0,3.2,4.1
2023-08-25 07:40:00+00:00,19.9,26.0,3.2,4.1
2023-08-25 07:50:00+00:00,20.0,26.0,3.2,4.1
2023-08-25 08:00:00+00:00,20.0,25.5,3.2,4.1
2023-08-25 08:10:00+00:00,20.0,25.0,3.2,4.1
2023-08-25 08:20:00+00:00,20.0,25.0,3.2,4.1
2023-08-25 08:30:00+00:00,20.1,24.0,3.2,4.1
2023-08-25 08:40:00+00:00,20.1,24.0,3.2,4.1
2023-08-25 08:50:00+00:00,20.1,24.0,3.2,4.1
2023-08-25 09:00:00+00:00,20.2,23.0,3.2,4.1
2023-08-25 09:10:00+00:00,20.2,23.0,3.2,4.1
2023-08-25 09:20:00+00:00,20.3,22.0,3.2,4.1
2023-08-25 09:30:00+00:00,20.3,22.0,3.2,4.1
2023-08-25 09:40:00+00:00,20.3,22.0,3.2,4.1
2023-08-25 09:50:00+00:00,20.4,21.5,3.2,4.1
2023-08-25 10:00:00+00:00,20.5,21.0,3.2,4.1
2023-08-25 10:10:00+00:00,20.5,21.0,3.2,4.1
2023-08-25 10:20:00+00:00,20.5,20.0,3.2,4.1
2023-08-25 10:30:00+00:00,20.6,20.0,3.2,4.1
2023-08-25 10:40:00+00:00,20.6,20.0,3.2,4.1
2023-08-25 10:50:00+00:00,20.6,20.0,3.2,4.1
2023-08-25 11:00:00+00:00,20.7,20.0,3.2,4.1
2023-08-25 11:10:00+00:00,20.8,20.0,3.1,4.1
2023-08-25 11:20:00+00:00,20.8,20.0,3.2,4.1
2023-08-25 11:30:00+00:00,20.9,19.0,3.1,4.1
2023-08-25 11:40:00+00:00,20.9,19.0,3.1,4.1
2023-08-25 11:50:00+00:00,20.9,19.0,3.1,4.1
2023-08-25 12:00:00+00:00,20.9,19.0,3.1,4.1
2023-08-25 12:10:00+00:00,21.0,20.0,3.1,4.1
2023-08-25 12:20:00+00:00,21.0,19.0,3.2,4.1
2023-08-25 12:30:00+00:00,21.0,19.0,3.2,4.1
2023-08-25 12:40:00+00:00,21.0,19.0,3.2,4.1
2023-08-25 12:50:00+00:00,21.0,19.0,3.2,4.1
2023-08-25 13:00:00+00:00,21.0,19.0,3.2,4.1
2023-08-25 13:10:00+00:00,21.0,19.0,3.2,4.1
2023-08-25 13:20:00+00:00,21.0,19.0,3.2,4.1
2023-08-25 13:30:00+00:00,21.05,19.0,3.2,4.1
2023-08-25 13:40:00+00:00,21.1,19.0,3.2,4.1
2023-08-25 13:50:00+00:00,21.1,19.0,3.2,4.1
2023-08-25 14:00:00+00:00,21.1,18.0,3.2,4.1
2023-08-25 14:10:00+00:00,21.1,19.0,3.2,4.1
2023-08-25 14:20:00+00:00,21.1,18.0,3.2,4.1
2023-08-25 14:30:00+00:00,21.1,19.0,3.2,4.1
2023-08-25 14:40:00+00:00,21.1,19.0,3.2,4.1
2023-08-25 14:50:00+00:00,21.1,19.0,3.2,4.1
2023-08-25 15:00:00+00:00,21.1,19.0,3.2,4.1
2023-08-25 15:10:00+00:00,21.1,18.0,3.2,4.1
2023-08-25 15:20:00+00:00,21.1,18.0,3.2,4.1
2023-08-25 15:30:00+00:00,21.1,18.0,3.2,4.1
2023-08-25 15:40:00+00:00,21.1,19.0,3.2,4.1
2023-08-25 15:50:00+00:00,21.1,19.0,3.2,4.1
2023-08-25 16:00:00+00:00,21.1,19.0,3.2,4.1
2023-08-25 16:10:00+00:00,21.1,18.0,3.2,4.1
2023-08-25 16:20:00+00:00,21.1,18.0,3.2,4.1
2023-08-25 16:30:00+00:00,21.1,19.0,3.2,4.1
2023-08-25 16:40:00+00:00,21.1,18.0,3.3,4.1
2023-08-25 16:50:00+00:00,21.1,19.0,3.2,4.1
2023-08-25 17:00:00+00:00,21.1,18.0,3.2,4.1
2023-08-25 17:10:00+00:00,21.1,18.5,3.2,4.1
2023-08-25 17:20:00+00:00,21.1,19.0,3.2,4.1
2023-08-25 17:30:00+00:00,21.0,19.0,3.3,3.7
2023-08-25 17:40:00+00:00,21.0,19.0,3.2,2.8
2023-08-25 17:50:00+00:00,21.0,19.0,3.3,2.0
2023-08-25 18:00:00+00:00,21.0,19.0,3.3,1.5
2023-08-25 18:10:00+00:00,21.0,19.0,3.3,0.9
2023-08-25 18:20:00+00:00,20.98,19.1,3.3,0.87
2023-08-25 18:30:00+00:00,20.96,19.2,3.3,0.84
2023-08-25 18:40:00+00:00,20.94,19.3,3.3,0.81
2023-08-25 18:50:00+00:00,20.92,19.4,3.3,0.78
2023-08-25 19:00:00+00:00,20.9,19.5,3.3,0.75
2023-08-25 19:10:00+00:00,20.88,19.6,3.3,0.72
2023-08-25 19:20:00+00:00,20.86,19.7,3.3,0.69
2023-08-25 19:30:00+00:00,20.84,19.8,3.3,0.6599999999999999
2023-08-25 19:40:00+00:00,20.82,19.9,3.3,0.6299999999999999
2023-08-25 19:50:00+00:00,20.8,20.0,3.3,0.6
2023-08-25 20:00:00+00:00,20.79230769230769,20.0,3.3,0.5846153846153846
2023-08-25 20:10:00+00:00,20.784615384615385,20.0,3.3,0.5692307692307692
2023-08-25 20:20:00+00:00,20.776923076923076,20.0,3.3,0.5538461538461539
2023-08-25 20:30:00+00:00,20.76923076923077,20.0,3.3,0.5384615384615384
2023-08-25 20:40:00+00:00,20.76153846153846,20.0,3.3,0.5230769230769231
2023-08-25 20:50:00+00:00,20.753846153846155,20.0,3.3,0.5076923076923077
2023-08-25 21:00:00+00:00,20.746153846153845,20.0,3.3,0.49230769230769234
2023-08-25 21:10:00+00:00,20.73846153846154,20.0,3.3,0.4769230769230769
2023-08-25 21:20:00+00:00,20.73076923076923,20.0,3.3,0.46153846153846156
2023-08-25 21:30:00+00:00,20.723076923076924,20.0,3.3,0.4461538461538461
2023-08-25 21:40:00+00:00,20.715384615384615,20.0,3.3,0.4307692307692308
2023-08-25 21:50:00+00:00,20.70769230769231,20.0,3.3,0.4153846153846154
2023-08-25 22:00:00+00:00,20.7,20.0,3.3,0.4
2023-08-25 22:10:00+00:00,20.689999999999998,20.1,3.3,0.4
2023-08-25 22:20:00+00:00,20.68,20.2,3.3,0.4
2023-08-25 22:30:00+00:00,20.67,20.3,3.3,0.4
2023-08-25 22:40:00+00:00,20.66,20.4,3.3,0.4
2023-08-25 22:50:00+00:00,20.65,20.5,3.3,0.4
2023-08-25 23:00:00+00:00,20.64,20.6,3.3,0.4
2023-08-25 23:10:00+00:00,20.630000000000003,20.7,3.3,0.4
2023-08-25 23:20:00+00:00,20.62,20.8,3.3,0.4
2023-08-25 23:30:00+00:00,20.61,20.9,3.3,0.4
2023-08-25 23:40:00+00:00,20.6,21.0,3.3,0.4
2023-08-25 23:50:00+00:00,20.59,21.1,3.3,0.42000000000000004
2023-08-26 00:00:00+00:00,20.580000000000002,21.2,3.3,0.44
2023-08-26 00:10:00+00:00,20.57,21.3,3.3,0.46
2023-08-26 00:20:00+00:00,20.560000000000002,21.4,3.3,0.48
2023-08-26 00:30:00+00:00,20.55,21.5,3.3,0.5
2023-08-26 00:40:00+00:00,20.54,21.6,3.3,0.52
2023-08-26 00:50:00+00:00,20.53,21.7,3.3,0.54
2023-08-26 01:00:00+00:00,20.52,21.8,3.3,0.56
2023-08-26 01:10:00+00:00,20.51,21.9,3.3,0.58
2023-08-26 01:20:00+00:00,20.5,22.0,3.3,0.6
2023-08-26 01:30:00+00:00,20.48,22.3,3.3,0.6
2023-08-26 01:40:00+00:00,20.46,22.6,3.3,0.6
2023-08-26 01:50:00+00:00,20.44,22.9,3.3,0.6
2023-08-26 02:00:00+00:00,20.42,23.2,3.3,0.6
2023-08-26 02:10:00+00:00,20.4,23.5,3.3,0.6
2023-08-26 02:20:00+00:00,20.38,23.8,3.3,0.6
2023-08-26 02:30:00+00:00,20.36,24.1,3.3,0.6
2023-08-26 02:40:00+00:00,20.34,24.4,3.3,0.6
2023-08-26 02:50:00+00:00,20.32,24.7,3.3,0.6
2023-08-26 03:00:00+00:00,20.3,25.0,3.3,0.6
2023-08-26 03:10:00+00:00,20.28,25.1,3.3,0.95
2023-08-26 03:20:00+00:00,20.26,25.2,3.3,1.2999999999999998
2023-08-26 03:30:00+00:00,20.240000000000002,25.3,3.3,1.65
2023-08-26 03:40:00+00:00,20.220000000000002,25.4,3.3,2.0
2023-08-26 03:50:00+00:00,20.200000000000003,25.5,3.3,2.35
2023-08-26 04:00:00+00:00,20.18,25.6,3.3,2.6999999999999997
2023-08-26 04:10:00+00:00,20.16,25.7,3.3,3.05
2023-08-26 04:20:00+00:00,20.14,25.8,3.3,3.4
2023-08-26 04:30:00+00:00,20.12,25.9,3.3,3.75
2023-08-26 04:40:00+00:00,20.1,26.0,3.3,4.1
2023-08-26 04:50:00+00:00,20.1,27.0,3.4,4.1
2023-08-26 05:00:00+00:00,20.1,27.0,3.3,4.1
2023-08-26 05:10:00+00:00,20.1,28.0,3.3,4.1
2023-08-26 05:20:00+00:00,20.1,28.0,3.3,4.1
2023-08-26 05:30:00+00:00,20.1,28.0,3.3,4.1
2023-08-26 05:40:00+00:00,20.1,28.0,3.3,4.1
2023-08-26 05:50:00+00:00,20.1,27.5,3.3,4.1
2023-08-26 06:00:00+00:00,20.1,27.0,3.3,4.1
2023-08-26 06:10:00+00:00,20.1,27.0,3.3,4.1
2023-08-26 06:20:00+00:00,20.1,26.0,3.3,4.1
2023-08-26 06:30:00+00:00,20.1,26.0,3.3,4.1
2023-08-26 06:40:00+00:00,20.1,26.0,3.3,4.1
2023-08-26 06:50:00+00:00,20.1,26.0,3.3,4.1
2023-08-26 07:00:00+00:00,20.1,26.0,3.3,4.1
2023-08-26 07:10:00+00:00,20.1,26.0,3.3,4.1
2023-08-26 07:20:00+00:00,20.2,25.0,3.3,4.1
2023-08-26 07:30:00+00:00,20.3,25.0,3.2,4.1
2023-08-26 07:40:00+00:00,20.3,24.5,3.2,4.1
2023-08-26 07:50:00+00:00,20.3,24.0,3.2,4.1
2023-08-26 08:00:00+00:00,20.3,24.0,3.2,4.1
2023-08-26 08:10:00+00:00,20.3,23.0,3.2,4.1
2023-08-26 08:20:00+00:00,20.4,22.0,3.2,4.1
2023-08-26 08:30:00+00:00,20.5,24.0,3.2,4.1
2023-08-26 08:40:00+00:00,20.5,21.0,3.2,4.1
2023-08-26 08:50:00+00:00,20.6,21.0,3.1,4.1
2023-08-26 09:00:00+00:00,20.6,20.0,3.2,4.2
2023-08-26 09:10:00+00:00,20.8,20.0,3.1,4.2
2023-08-26 09:20:00+00:00,20.8,20.0,3.1,4.15
2023-08-26 09:30:00+00:00,20.8,20.0,3.1,4.1
2023-08-26 09:40:00+00:00,20.9,19.0,3.1,4.1
2023-08-26 09:50:00+00:00,21.0,18.0,3.1,4.1
2023-08-26 10:00:00+00:00,21.1,18.0,3.1,4.1
2023-08-26 10:10:00+00:00,21.1,19.0,3.1,4.1
2023-08-26 10:20:00+00:00,21.2,19.0,3.2,4.1
2023-08-26 10:30:00+00:00,21.3,19.0,3.2,4.1
2023-08-26 10:40:00+00:00,21.3,19.0,3.2,4.1
2023-08-26 10:50:00+00:00,21.3,18.0,3.2,4.1
2023-08-26 11:00:00+00:00,21.3,19.0,3.2,4.1
2023-08-26 11:10:00+00:00,21.3,19.0,3.2,4.1
2023-08-26 11:20:00+00:00,21.3,19.0,3.2,4.1
2023-08-26 11:30:00+00:00,21.3,19.0,3.2,4.1
2023-08-26 11:40:00+00:00,21.4,19.0,3.2,4.1
2023-08-26 11:50:00+00:00,21.4,20.0,3.2,4.1
2023-08-26 12:00:00+00:00,21.4,19.0,3.2,4.1
2023-08-26 12:10:00+00:00,21.4,19.0,3.2,4.1
2023-08-26 12:20:00+00:00,21.5,19.0,3.2,4.1
2023-08-26 12:30:00+00:00,21.5,19.0,3.2,4.1
2023-08-26 12:40:00+00:00,21.5,19.0,3.2,4.1
2023-08-26 12:50:00+00:00,21.5,19.0,3.2,4.1
2023-08-26 13:00:00+00:00,21.5,19.0,3.2,4.1
2023-08-26 13:10:00+00:00,21.5,19.0,3.2,4.1
2023-08-26 13:20:00+00:00,21.5,19.0,3.2,4.1
2023-08-26 13:30:00+00:00,21.5,19.0,3.2,4.1
2023-08-26 13:40:00+00:00,21.5,19.0,3.2,4.1
2023-08-26 13:50:00+00:00,21.5,19.0,3.2,4.1
2023-08-26 14:00:00+00:00,21.6,19.0,3.2,4.1
2023-08-26 14:10:00+00:00,21.6,19.0,3.2,4.1
2023-08-26 14:20:00+00:00,21.6,19.0,3.2,4.1
2023-08-26 14:30:00+00:00,21.6,20.0,3.2,4.1
2023-08-26 14:40:00+00:00,21.6,20.0,3.3,4.1
2023-08-26 14:50:00+00:00,21.6,20.0,3.3,4.1
2023-08-26 15:00:00+00:00,21.6,20.0,3.3,4.1
2023-08-26 15:10:00+00:00,21.6,20.0,3.2,4.1
2023-08-26 15:20:00+00:00,21.6,20.0,3.2,4.1
2023-08-26 15:30:00+00:00,21.6,20.0,3.2,4.1
2023-08-26 15:40:00+00:00,21.6,20.0,3.3,4.1
2023-08-26 15:50:00+00:00,21.5,20.0,3.3,4.1
2023-08-26 16:00:00+00:00,21.5,20.0,3.3,4.1
2023-08-26 16:10:00+00:00,21.5,20.0,3.3,4.1
2023-08-26 16:20:00+00:00,21.5,20.0,3.3,4.1
2023-08-26 16:30:00+00:00,21.5,20.0,3.3,4.1
2023-08-26 16:40:00+00:00,21.5,20.0,3.3,3.6999999999999997
2023-08-26 16:50:00+00:00,21.5,20.0,3.3,3.3
2023-08-26 17:00:00+00:00,21.5,20.0,3.3,3.6
2023-08-26 17:10:00+00:00,21.5,21.0,3.3,3.5
2023-08-26 17:20:00+00:00,21.4,20.0,3.3,3.0
2023-08-26 17:30:00+00:00,21.4,21.0,3.3,3.6
2023-08-26 17:40:00+00:00,21.4,21.0,3.3,3.1
2023-08-26 17:50:00+00:00,21.3,21.0,3.3,2.3
2023-08-26 18:00:00+00:00,21.3,21.0,3.3,1.4
2023-08-26 18:10:00+00:00,21.3,21.0,3.3,0.8
2023-08-26 18:20:00+00:00,21.27,21.2,3.3,0.78
2023-08-26 18:30:00+00:00,21.240000000000002,21.4,3.3,0.76
2023-08-26 18:40:00+00:00,21.21,21.6,3.3,0.74
2023-08-26 18:50:00+00:00,21.18,21.8,3.3,0.72
2023-08-26 19:00:00+00:00,21.15,22.0,3.3,0.7
2023-08-26 19:10:00+00:00,21.12,22.2,3.3,0.6799999999999999
2023-08-26 19:20:00+00:00,21.09,22.4,3.3,0.66
2023-08-26 19:30:00+00:00,21.06,22.6,3.3,0.64
2023-08-26 19:40:00+00:00,21.03,22.8,3.3,0.62
2023-08-26 19:50:00+00:00,21.0,23.0,3.3,0.6
2023-08-26 20:00:00+00:00,20.985714285714288,23.214285714285715,3.3,0.6
2023-08-26 20:10:00+00:00,20.97142857142857,23.428571428571427,3.3,0.6
2023-08-26 20:20:00+00:00,20.957142857142856,23.642857142857142,3.3,0.6
2023-08-26 20:30:00+00:00,20.942857142857143,23.857142857142858,3.3,0.6
2023-08-26 20:40:00+00:00,20.92857142857143,24.071428571428573,3.3,0.6
2023-08-26 20:50:00+00:00,20.914285714285715,24.285714285714285,3.3,0.6
2023-08-26 21:00:00+00:00,20.9,24.5,3.3,0.6
2023-08-26 21:10:00+00:00,20.885714285714286,24.714285714285715,3.3,0.6
2023-08-26 21:20:00+00:00,20.871428571428574,24.928571428571427,3.3,0.6
2023-08-26 21:30:00+00:00,20.857142857142858,25.142857142857142,3.3,0.6
2023-08-26 21:40:00+00:00,20.84285714285714,25.357142857142858,3.3,0.6
2023-08-26 21:50:00+00:00,20.82857142857143,25.57142857142857,3.3,0.6
2023-08-26 22:00:00+00:00,20.814285714285717,25.785714285714285,3.3,0.6
2023-08-26 22:10:00+00:00,20.8,26.0,3.3,0.6
2023-08-26 22:20:00+00:00,20.78,26.2,3.3099999999999996,0.6
2023-08-26 22:30:00+00:00,20.76,26.4,3.32,0.6
2023-08-26 22:40:00+00:00,20.740000000000002,26.6,3.33,0.6
2023-08-26 22:50:00+00:00,20.720000000000002,26.8,3.34,0.6
2023-08-26 23:00:00+00:00,20.700000000000003,27.0,3.3499999999999996,0.6
2023-08-26 23:10:00+00:00,20.68,27.2,3.36,0.6
2023-08-26 23:20:00+00:00,20.66,27.4,3.37,0.6
2023-08-26 23:30:00+00:00,20.64,27.6,3.38,0.6
2023-08-26 23:40:00+00:00,20.62,27.8,3.3899999999999997,0.6
2023-08-26 23:50:00+00:00,20.6,28.0,3.4,0.6
2023-08-27 00:00:00+00:00,20.57,29.6,3.4,0.6
2023-08-27 00:10:00+00:00,20.540000000000003,31.2,3.4,0.6
2023-08-27 00:20:00+00:00,20.51,32.8,3.4,0.6
2023-08-27 00:30:00+00:00,20.48,34.4,3.4,0.6
2023-08-27 00:40:00+00:00,20.450000000000003,36.0,3.4,0.6
2023-08-27 00:50:00+00:00,20.42,37.6,3.4,0.6
2023-08-27 01:00:00+00:00,20.39,39.2,3.4,0.6
2023-08-27 01:10:00+00:00,20.36,40.8,3.4,0.6
2023-08-27 01:20:00+00:00,20.330000000000002,42.4,3.4,0.6
2023-08-27 01:30:00+00:00,20.3,44.0,3.4,0.6
2023-08-27 01:40:00+00:00,20.28,44.5,3.4,0.6
2023-08-27 01:50:00+00:00,20.26,45.0,3.4,0.6
2023-08-27 02:00:00+00:00,20.240000000000002,45.5,3.4,0.6
2023-08-27 02:10:00+00:00,20.220000000000002,46.0,3.4,0.6
2023-08-27 02:20:00+00:00,20.200000000000003,46.5,3.4,0.6
2023-08-27 02:30:00+00:00,20.18,47.0,3.4,0.6
2023-08-27 02:40:00+00:00,20.16,47.5,3.4,0.6
2023-08-27 02:50:00+00:00,20.14,48.0,3.4,0.6
2023-08-27 03:00:00+00:00,20.12,48.5,3.4,0.6
2023-08-27 03:10:00+00:00,20.1,49.0,3.4,0.6
2023-08-27 03:20:00+00:00,20.080000000000002,48.5,3.4,0.95
2023-08-27 03:30:00+00:00,20.060000000000002,48.0,3.4,1.2999999999999998
2023-08-27 03:40:00+00:00,20.04,47.5,3.4,1.65
2023-08-27 03:50:00+00:00,20.02,47.0,3.4,2.0
2023-08-27 04:00:00+00:00,20.0,46.5,3.4,2.35
2023-08-27 04:10:00+00:00,19.98,46.0,3.4,2.6999999999999997
2023-08-27 04:20:00+00:00,19.96,45.5,3.4,3.05
2023-08-27 04:30:00+00:00,19.939999999999998,45.0,3.4,3.4
2023-08-27 04:40:00+00:00,19.919999999999998,44.5,3.4,3.75
2023-08-27 04:50:00+00:00,19.9,44.0,3.4,4.1
2023-08-27 05:00:00+00:00,19.8,43.0,3.3,4.1
2023-08-27 05:10:00+00:00,19.8,44.0,3.4,4.1
2023-08-27 05:20:00+00:00,19.8,43.5,3.4,4.1
2023-08-27 05:30:00+00:00,19.8,43.0,3.4,4.1
2023-08-27 05:40:00+00:00,19.8,44.0,3.3,4.1
2023-08-27 05:50:00+00:00,19.8,44.0,3.4,4.1
2023-08-27 06:00:00+00:00,19.8,43.0,3.3,4.1
2023-08-27 06:10:00+00:00,19.8,44.0,3.3,4.1
2023-08-27 06:20:00+00:00,19.8,43.0,3.3,4.1
2023-08-27 06:30:00+00:00,19.8,43.0,3.3,4.1
2023-08-27 06:40:00+00:00,19.8,43.0,3.3,4.1
2023-08-27 06:50:00+00:00,19.8,43.0,3.3,4.1
2023-08-27 07:00:00+00:00,19.8,42.0,3.3,4.1
2023-08-27 07:10:00+00:00,19.8,42.0,3.3,4.1
2023-08-27 07:20:00+00:00,19.8,42.0,3.3,4.1
2023-08-27 07:30:00+00:00,19.9,42.0,3.3,4.1
2023-08-27 07:40:00+00:00,19.9,44.0,3.2,4.1
2023-08-27 07:50:00+00:00,19.9,47.0,3.2,4.2
2023-08-27 08:00:00+00:00,20.0,45.0,3.1,4.2
2023-08-27 08:10:00+00:00,20.0,43.0,3.1,4.1
2023-08-27 08:20:00+00:00,20.0,42.0,3.1,4.1
2023-08-27 08:30:00+00:00,20.1,39.0,3.2,4.1
2023-08-27 08:40:00+00:00,20.1,37.0,3.2,4.1
2023-08-27 08:50:00+00:00,20.1,36.0,3.2,4.1
2023-08-27 09:00:00+00:00,20.15,35.5,3.2,4.15
2023-08-27 09:10:00+00:00,20.2,35.0,3.2,4.2
2023-08-27 09:20:00+00:00,20.3,34.0,3.1,4.4
2023-08-27 09:30:00+00:00,20.4,33.0,3.1,5.4
2023-08-27 09:40:00+00:00,20.5,33.0,3.1,5.7
2023-08-27 09:50:00+00:00,20.6,32.0,3.1,5.7
2023-08-27 10:00:00+00:00,20.7,32.0,3.1,5.5
2023-08-27 10:10:00+00:00,20.8,32.0,3.1,5.9
2023-08-27 10:20:00+00:00,20.9,32.0,3.1,4.1
2023-08-27 10:30:00+00:00,21.0,32.0,3.2,5.1
2023-08-27 10:40:00+00:00,21.0,32.0,3.2,5.6
2023-08-27 10:50:00+00:00,21.05,31.5,3.2,5.699999999999999
2023-08-27 11:00:00+00:00,21.1,31.0,3.2,5.8
2023-08-27 11:10:00+00:00,21.1,32.0,3.1,4.3
2023-08-27 11:20:00+00:00,21.2,32.0,3.2,4.1
2023-08-27 11:30:00+00:00,21.2,32.0,3.2,4.1
2023-08-27 11:40:00+00:00,21.2,32.0,3.2,4.1
2023-08-27 11:50:00+00:00,21.2,32.0,3.3,4.1
2023-08-27 12:00:00+00:00,21.2,33.0,3.2,4.1
2023-08-27 12:10:00+00:00,21.2,33.0,3.3,4.1
2023-08-27 12:20:00+00:00,21.2,33.0,3.3,4.1
2023-08-27 12:30:00+00:00,21.2,33.0,3.3,4.1
2023-08-27 12:40:00+00:00,21.2,33.0,3.3,4.1
2023-08-27 12:50:00+00:00,21.2,33.0,3.2,4.1
2023-08-27 13:00:00+00:00,21.1,33.0,3.3,4.1
2023-08-27 13:10:00+00:00,21.1,33.0,3.3,4.1
2023-08-27 13:20:00+00:00,21.1,33.0,3.3,4.1
2023-08-27 13:30:00+00:00,21.1,33.0,3.3,4.1
2023-08-27 13:40:00+00:00,21.1,33.0,3.3,4.1
2023-08-27 13:50:00+00:00,21.1,33.0,3.3,4.1
2023-08-27 14:00:00+00:00,21.1,33.0,3.3,4.1
2023-08-27 14:10:00+00:00,21.0,33.0,3.3,4.1
2023-08-27 14:20:00+00:00,21.0,33.0,3.3,4.1
2023-08-27 14:30:00+00:00,21.0,33.0,3.3,4.1
2023-08-27 14:40:00+00:00,21.0,33.0,3.3,4.1
2023-08-27 14:50:00+00:00,21.0,33.0,3.3,4.1
2023-08-27 15:00:00+00:00,21.0,33.0,3.3,4.1
2023-08-27 15:10:00+00:00,21.0,33.0,3.3,4.1
2023-08-27 15:20:00+00:00,21.0,33.0,3.3,4.1
2023-08-27 15:30:00+00:00,20.9,33.0,3.3,4.1
2023-08-27 15:40:00+00:00,20.9,33.0,3.3,4.1
2023-08-27 15:50:00+00:00,20.8,33.0,3.3,4.1
2023-08-27 16:00:00+00:00,20.8,34.0,3.3,4.1
2023-08-27 16:10:00+00:00,20.8,34.0,3.3,4.0
2023-08-27 16:20:00+00:00,20.8,34.0,3.3,3.9
2023-08-27 16:30:00+00:00,20.8,34.0,3.3,4.0
2023-08-27 16:40:00+00:00,20.8,34.0,3.3,4.0
2023-08-27 16:50:00+00:00,20.7,33.0,3.3,3.5
2023-08-27 17:00:00+00:00,20.7,33.0,3.3,3.9
2023-08-27 17:10:00+00:00,20.6,33.0,3.3,3.8
2023-08-27 17:20:00+00:00,20.6,33.0,3.3,3.3
2023-08-27 17:30:00+00:00,20.6,33.0,3.3,2.6
2023-08-27 17:40:00+00:00,20.6,33.0,3.3,1.8
2023-08-27 17:50:00+00:00,20.6,33.0,3.3,1.1
2023-08-27 18:00:00+00:00,20.55,33.5,3.3,0.9500000000000001
2023-08-27 18:10:00+00:00,20.5,34.0,3.3,0.8
2023-08-27 18:20:00+00:00,20.48,34.1,3.3099999999999996,0.78
2023-08-27 18:30:00+00:00,20.46,34.2,3.32,0.76
2023-08-27 18:40:00+00:00,20.44,34.3,3.33,0.74
2023-08-27 18:50:00+00:00,20.42,34.4,3.34,0.72
2023-08-27 19:00:00+00:00,20.4,34.5,3.3499999999999996,0.7
2023-08-27 19:10:00+00:00,20.38,34.6,3.36,0.6799999999999999
2023-08-27 19:20:00+00:00,20.36,34.7,3.37,0.66
2023-08-27 19:30:00+00:00,20.34,34.8,3.38,0.64
2023-08-27 19:40:00+00:00,20.32,34.9,3.3899999999999997,0.62
2023-08-27 19:50:00+00:00,20.3,35.0,3.4,0.6
2023-08-27 20:00:00+00:00,20.27,39.9,3.4,0.58
2023-08-27 20:10:00+00:00,20.240000000000002,44.8,3.4,0.5599999999999999
2023-08-27 20:20:00+00:00,20.21,49.7,3.4,0.54
2023-08-27 20:30:00+00:00,20.18,54.6,3.4,0.52
2023-08-27 20:40:00+00:00,20.15,59.5,3.4,0.5
2023-08-27 20:50:00+00:00,20.12,64.4,3.4,0.48
2023-08-27 21:00:00+00:00,20.09,69.30000000000001,3.4,0.45999999999999996
2023-08-27 21:10:00+00:00,20.06,74.2,3.4,0.44
2023-08-27 21:20:00+00:00,20.03,79.1,3.4,0.42000000000000004
2023-08-27 21:30:00+00:00,20.0,84.0,3.4,0.4
2023-08-27 21:40:00+00:00,19.976923076923075,84.15384615384616,3.4,0.4153846153846154
2023-08-27 21:50:00+00:00,19.953846153846154,84.3076923076923,3.4,0.4307692307692308
2023-08-27 22:00:00+00:00,19.93076923076923,84.46153846153847,3.4,0.4461538461538462
2023-08-27 22:10:00+00:00,19.907692307692308,84.61538461538461,3.4,0.46153846153846156
2023-08-27 22:20:00+00:00,19.884615384615383,84.76923076923077,3.4,0.47692307692307695
2023-08-27 22:30:00+00:00,19.861538461538462,84.92307692307692,3.4,0.49230769230769234
2023-08-27 22:40:00+00:00,19.838461538461537,85.07692307692308,3.4,0.5076923076923077
2023-08-27 22:50:00+00:00,19.815384615384616,85.23076923076923,3.4,0.5230769230769231
2023-08-27 23:00:00+00:00,19.79230769230769,85.38461538461539,3.4,0.5384615384615384
2023-08-27 23:10:00+00:00,19.76923076923077,85.53846153846153,3.4,0.5538461538461539
2023-08-27 23:20:00+00:00,19.746153846153845,85.6923076923077,3.4,0.5692307692307692
2023-08-27 23:30:00+00:00,19.723076923076924,85.84615384615384,3.4,0.5846153846153845
2023-08-27 23:40:00+00:00,19.7,86.0,3.4,0.6
2023-08-27 23:50:00+00:00,19.68,85.8,3.4,0.6
2023-08-28 00:00:00+00:00,19.66,85.6,3.4,0.6
2023-08-28 00:10:00+00:00,19.64,85.4,3.4,0.6
2023-08-28 00:20:00+00:00,19.62,85.2,3.4,0.6
2023-08-28 00:30:00+00:00,19.6,85.0,3.4,0.6
2023-08-28 00:40:00+00:00,19.58,84.8,3.4,0.6
2023-08-28 00:50:00+00:00,19.56,84.6,3.4,0.6
2023-08-28 01:00:00+00:00,19.54,84.4,3.4,0.6
2023-08-28 01:10:00+00:00,19.52,84.2,3.4,0.6
2023-08-28 01:20:00+00:00,19.5,84.0,3.4,0.6
2023-08-28 01:30:00+00:00,19.47,82.9,3.4,0.6
2023-08-28 01:40:00+00:00,19.44,81.8,3.4,0.6
2023-08-28 01:50:00+00:00,19.41,80.7,3.4,0.6
2023-08-28 02:00:00+00:00,19.38,79.6,3.4,0.6
2023-08-28 02:10:00+00:00,19.35,78.5,3.4,0.6
2023-08-28 02:20:00+00:00,19.32,77.4,3.4,0.6
2023-08-28 02:30:00+00:00,19.29,76.3,3.4,0.6
2023-08-28 02:40:00+00:00,19.259999999999998,75.2,3.4,0.6
2023-08-28 02:50:00+00:00,19.23,74.1,3.4,0.6
2023-08-28 03:00:00+00:00,19.2,73.0,3.4,0.6
2023-08-28 03:10:00+00:00,19.18,72.55,3.4,0.95
2023-08-28 03:20:00+00:00,19.16,72.1,3.4,1.2999999999999998
2023-08-28 03:30:00+00:00,19.14,71.65,3.4,1.65
2023-08-28 03:40:00+00:00,19.12,71.2,3.4,2.0
2023-08-28 03:50:00+00:00,19.1,70.75,3.4,2.35
2023-08-28 04:00:00+00:00,19.08,70.3,3.4,2.6999999999999997
2023-08-28 04:10:00+00:00,19.06,69.85,3.4,3.05
2023-08-28 04:20:00+00:00,19.04,69.4,3.4,3.4
2023-08-28 04:30:00+00:00,19.02,68.95,3.4,3.75
2023-08-28 04:40:00+00:00,19.0,68.5,3.4,4.1
2023-08-28 04:50:00+00:00,19.0,67.75,3.4,4.1
2023-08-28 05:00:00+00:00,19.0,67.0,3.4,4.1
2023-08-28 05:10:00+00:00,19.0,67.0,3.4,4.1
2023-08-28 05:20:00+00:00,18.9,67.0,3.4,4.1
2023-08-28 05:30:00+00:00,18.9,66.0,3.3,4.2
2023-08-28 05:40:00+00:00,18.9,65.0,3.3,4.2
2023-08-28 05:50:00+00:00,18.9,65.0,3.3,4.2
2023-08-28 06:00:00+00:00,18.9,64.0,3.2,4.2
2023-08-28 06:10:00+00:00,18.9,63.0,3.2,4.2
2023-08-28 06:20:00+00:00,18.9,62.0,3.2,5.3
2023-08-28 06:30:00+00:00,18.9,62.0,3.2,5.6
2023-08-28 06:40:00+00:00,18.9,61.5,3.1500000000000004,5.699999999999999
2023-08-28 06:50:00+00:00,18.9,61.0,3.1,5.8
2023-08-28 07:00:00+00:00,19.0,61.0,3.1,5.9
2023-08-28 07:10:00+00:00,19.0,60.0,3.1,5.9
2023-08-28 07:20:00+00:00,19.0,60.0,3.1,5.9
2023-08-28 07:30:00+00:00,19.1,59.0,3.1,5.9
2023-08-28 07:40:00+00:00,19.1,59.0,3.1,5.9
2023-08-28 07:50:00+00:00,19.2,59.0,3.1,5.5
2023-08-28 08:00:00+00:00,19.2,59.0,3.1,4.1
2023-08-28 08:10:00+00:00,19.3,58.0,3.2,4.1
2023-08-28 08:20:00+00:00,19.3,58.0,3.2,4.1
2023-08-28 08:30:00+00:00,19.35,58.0,3.25,4.25
2023-08-28 08:40:00+00:00,19.4,58.0,3.3,4.4
2023-08-28 08:50:00+00:00,19.5,57.0,3.3,6.0
2023-08-28 09:00:00+00:00,19.5,57.0,3.2,6.0
2023-08-28 09:10:00+00:00,19.6,56.0,3.2,5.9
2023-08-28 09:20:00+00:00,19.6,56.0,3.1,5.9
2023-08-28 09:30:00+00:00,19.8,56.0,3.1,5.9
2023-08-28 09:40:00+00:00,19.8,56.0,3.1,5.9
2023-08-28 09:50:00+00:00,20.0,56.0,3.1,6.0
2023-08-28 10:00:00+00:00,20.1,56.0,3.1,4.1
2023-08-28 10:10:00+00:00,20.2,56.0,3.1,6.0
2023-08-28 10:20:00+00:00,20.25,56.0,3.1,5.9
2023-08-28 10:30:00+00:00,20.3,56.0,3.1,5.8
2023-08-28 10:40:00+00:00,20.5,55.0,3.1,5.9
2023-08-28 10:50:00+00:00,20.6,55.0,3.1,5.5
2023-08-28 11:00:00+00:00,20.7,55.0,3.1,5.9
2023-08-28 11:10:00+00:00,20.8,55.0,3.1,5.9
2023-08-28 11:20:00+00:00,20.9,55.0,3.1,5.8
2023-08-28 11:30:00+00:00,21.0,55.0,3.2,4.1
2023-08-28 11:40:00+00:00,21.0,55.0,3.2,4.1
2023-08-28 11:50:00+00:00,21.0,54.0,3.2,4.1
2023-08-28 12:00:00+00:00,21.1,54.0,3.3,4.1
2023-08-28 12:10:00+00:00,21.1,54.0,3.3,4.1
2023-08-28 12:20:00+00:00,21.1,54.0,3.3,4.1
2023-08-28 12:30:00+00:00,21.1,54.0,3.3,4.1
2023-08-28 12:40:00+00:00,21.1,54.0,3.2,4.1
2023-08-28 12:50:00+00:00,21.1,54.0,3.2,4.1
2023-08-28 13:00:00+00:00,21.1,54.0,3.2,4.1
2023-08-28 13:10:00+00:00,21.0,53.0,3.3,4.1
2023-08-28 13:20:00+00:00,21.0,53.0,3.3,4.1
2023-08-28 13:30:00+00:00,21.0,53.0,3.3,4.1
2023-08-28 13:40:00+00:00,21.0,53.0,3.3,4.1
2023-08-28 13:50:00+00:00,21.0,53.0,3.3,4.1
2023-08-28 14:00:00+00:00,21.0,53.0,3.3,4.1
2023-08-28 14:10:00+00:00,21.0,53.0,3.3,4.1
2023-08-28 14:20:00+00:00,20.9,53.0,3.3,4.1
2023-08-28 14:30:00+00:00,20.9,53.0,3.3,4.1
2023-08-28 14:40:00+00:00,20.9,53.0,3.3,4.1
2023-08-28 14:50:00+00:00,20.8,53.0,3.3,4.1
2023-08-28 15:00:00+00:00,20.8,53.0,3.3,4.1
2023-08-28 15:10:00+00:00,20.8,53.0,3.3,4.1
2023-08-28 15:20:00+00:00,20.8,53.0,3.3,4.1
2023-08-28 15:30:00+00:00,20.8,53.0,3.3,4.1
2023-08-28 15:40:00+00:00,20.8,52.5,3.3,4.1
2023-08-28 15:50:00+00:00,20.8,52.0,3.3,4.1
2023-08-28 16:00:00+00:00,20.7,53.0,3.3,4.1
2023-08-28 16:10:00+00:00,20.7,52.0,3.3,4.1
2023-08-28 16:20:00+00:00,20.7,52.0,3.3,4.1
2023-08-28 16:30:00+00:00,20.6,52.0,3.3,4.1
2023-08-28 16:40:00+00:00,20.6,52.0,3.3,4.1
2023-08-28 16:50:00+00:00,20.6,52.0,3.3,4.1
2023-08-28 17:00:00+00:00,20.6,53.0,3.3,4.1
2023-08-28 17:10:00+00:00,20.5,53.0,3.3,3.5
2023-08-28 17:20:00+00:00,20.5,50.0,3.3,3.2
2023-08-28 17:30:00+00:00,20.5,50.0,3.3,3.05
2023-08-28 17:40:00+00:00,20.5,50.0,3.3,2.9
2023-08-28 17:50:00+00:00,20.5,50.0,3.4,2.5
2023-08-28 18:00:00+00:00,20.4,50.0,3.3,1.4
2023-08-28 18:10:00+00:00,20.4,50.0,3.3,0.8
2023-08-28 18:20:00+00:00,20.369999999999997,50.1,3.3099999999999996,0.78
2023-08-28 18:30:00+00:00,20.34,50.2,3.32,0.76
2023-08-28 18:40:00+00:00,20.31,50.3,3.33,0.74
2023-08-28 18:50:00+00:00,20.28,50.4,3.34,0.72
2023-08-28 19:00:00+00:00,20.25,50.5,3.3499999999999996,0.7
2023-08-28 19:10:00+00:00,20.22,50.6,3.36,0.6799999999999999
2023-08-28 19:20:00+00:00,20.19,50.7,3.37,0.66
2023-08-28 19:30:00+00:00,20.16,50.8,3.38,0.64
2023-08-28 19:40:00+00:00,20.130000000000003,50.9,3.3899999999999997,0.62
2023-08-28 19:50:00+00:00,20.1,51.0,3.4,0.6
2023-08-28 20:00:00+00:00,20.07,51.4,3.4,0.6
2023-08-28 20:10:00+00:00,20.040000000000003,51.8,3.4,0.6
2023-08-28 20:20:00+00:00,20.01,52.2,3.4,0.6
2023-08-28 20:30:00+00:00,19.98,52.6,3.4,0.6
2023-08-28 20:40:00+00:00,19.950000000000003,53.0,3.4,0.6
2023-08-28 20:50:00+00:00,19.92,53.4,3.4,0.6
2023-08-28 21:00:00+00:00,19.89,53.8,3.4,0.6
2023-08-28 21:10:00+00:00,19.86,54.2,3.4,0.6
2023-08-28 21:20:00+00:00,19.830000000000002,54.6,3.4,0.6
2023-08-28 21:30:00+00:00,19.8,55.0,3.4,0.6
2023-08-28 21:40:00+00:00,19.77,54.3,3.4,0.6
2023-08-28 21:50:00+00:00,19.740000000000002,53.6,3.4,0.6
2023-08-28 22:00:00+00:00,19.71,52.9,3.4,0.6
2023-08-28 22:10:00+00:00,19.68,52.2,3.4,0.6
2023-08-28 22:20:00+00:00,19.65,51.5,3.4,0.6
2023-08-28 22:30:00+00:00,19.62,50.8,3.4,0.6
2023-08-28 22:40:00+00:00,19.59,50.1,3.4,0.6
2023-08-28 22:50:00+00:00,19.56,49.4,3.4,0.6
2023-08-28 23:00:00+00:00,19.53,48.7,3.4,0.6
2023-08-28 23:10:00+00:00,19.5,48.0,3.4,0.6
2023-08-28 23:20:00+00:00,19.484615384615385,48.0,3.4,0.6
2023-08-28 23:30:00+00:00,19.46923076923077,48.0,3.4,0.6
2023-08-28 23:40:00+00:00,19.453846153846154,48.0,3.4,0.6
2023-08-28 23:50:00+00:00,19.43846153846154,48.0,3.4,0.6
2023-08-29 00:00:00+00:00,19.423076923076923,48.0,3.4,0.6
2023-08-29 00:10:00+00:00,19.407692307692308,48.0,3.4,0.6
2023-08-29 00:20:00+00:00,19.392307692307693,48.0,3.4,0.6
2023-08-29 00:30:00+00:00,19.376923076923077,48.0,3.4,0.6
2023-08-29 00:40:00+00:00,19.361538461538462,48.0,3.4,0.6
2023-08-29 00:50:00+00:00,19.346153846153847,48.0,3.4,0.6
2023-08-29 01:00:00+00:00,19.33076923076923,48.0,3.4,0.6
2023-08-29 01:10:00+00:00,19.315384615384616,48.0,3.4,0.6
2023-08-29 01:20:00+00:00,19.3,48.0,3.4,0.6
2023-08-29 01:30:00+00:00,19.29,48.0,3.4,0.6
2023-08-29 01:40:00+00:00,19.28,48.0,3.4,0.6
2023-08-29 01:50:00+00:00,19.27,48.0,3.4,0.6
2023-08-29 02:00:00+00:00,19.26,48.0,3.4,0.6
2023-08-29 02:10:00+00:00,19.25,48.0,3.4,0.6
2023-08-29 02:20:00+00:00,19.24,48.0,3.4,0.6
2023-08-29 02:30:00+00:00,19.23,48.0,3.4,0.6
2023-08-29 02:40:00+00:00,19.22,48.0,3.4,0.6
2023-08-29 02:50:00+00:00,19.21,48.0,3.4,0.6
2023-08-29 03:00:00+00:00,19.2,48.0,3.4,0.6
2023-08-29 03:10:00+00:00,19.18,47.9,3.4,0.6699999999999999
2023-08-29 03:20:00+00:00,19.16,47.8,3.4,0.74
2023-08-29 03:30:00+00:00,19.14,47.7,3.4,0.81
2023-08-29 03:40:00+00:00,19.12,47.6,3.4,0.88
2023-08-29 03:50:00+00:00,19.1,47.5,3.4,0.95
2023-08-29 04:00:00+00:00,19.08,47.4,3.4,1.02
2023-08-29 04:10:00+00:00,19.06,47.3,3.4,1.09
2023-08-29 04:20:00+00:00,19.04,47.2,3.4,1.1600000000000001
2023-08-29 04:30:00+00:00,19.02,47.1,3.4,1.23
2023-08-29 04:40:00+00:00,19.0,47.0,3.4,1.3
2023-08-29 04:50:00+00:00,19.0,47.0,3.4,2.5
2023-08-29 05:00:00+00:00,19.0,47.0,3.4,2.6
2023-08-29 05:10:00+00:00,19.0,47.0,3.4,2.6
2023-08-29 05:20:00+00:00,19.0,48.0,3.4,3.7
2023-08-29 05:30:00+00:00,19.0,77.0,3.4,3.2
2023-08-29 05:40:00+00:00,19.0,78.0,3.4,4.1
2023-08-29 05:50:00+00:00,19.0,78.0,3.4,4.1
2023-08-29 06:00:00+00:00,19.0,78.0,3.4,4.1
2023-08-29 06:10:00+00:00,18.95,78.0,3.4,4.1
2023-08-29 06:20:00+00:00,18.9,78.0,3.4,4.1
2023-08-29 06:30:00+00:00,18.9,78.0,3.4,4.1
2023-08-29 06:40:00+00:00,18.9,77.0,3.4,4.1
2023-08-29 06:50:00+00:00,18.9,77.0,3.4,4.1
2023-08-29 07:00:00+00:00,18.9,77.0,3.4,4.1
2023-08-29 07:10:00+00:00,18.9,76.0,3.4,4.1
2023-08-29 07:20:00+00:00,18.9,75.0,3.4,4.1
2023-08-29 07:30:00+00:00,18.9,75.0,3.4,4.1
2023-08-29 07:40:00+00:00,18.9,73.0,3.4,4.1
2023-08-29 07:50:00+00:00,18.8,75.0,3.4,4.1
2023-08-29 08:00:00+00:00,18.85,75.0,3.4,4.1
2023-08-29 08:10:00+00:00,18.9,75.0,3.4,4.1
2023-08-29 08:20:00+00:00,18.8,78.0,3.4,4.1
2023-08-29 08:30:00+00:00,18.8,76.0,3.4,4.1
2023-08-29 08:40:00+00:00,18.8,75.0,3.4,4.1
2023-08-29 08:50:00+00:00,18.8,74.0,3.4,4.1
2023-08-29 09:00:00+00:00,18.8,74.0,3.4,4.1
2023-08-29 09:10:00+00:00,18.8,75.0,3.4,4.1
2023-08-29 09:20:00+00:00,18.8,79.0,3.4,4.1
2023-08-29 09:30:00+00:00,18.8,72.0,3.4,4.1
2023-08-29 09:40:00+00:00,18.8,70.0,3.4,4.1
2023-08-29 09:50:00+00:00,18.8,71.0,3.4,4.1
2023-08-29 10:00:00+00:00,18.8,72.0,3.4,4.1
2023-08-29 10:10:00+00:00,18.8,72.0,3.4,4.1
2023-08-29 10:20:00+00:00,18.8,70.0,3.4,4.1
2023-08-29 10:30:00+00:00,18.7,69.0,3.4,4.1
2023-08-29 10:40:00+00:00,18.7,68.0,3.4,4.1
2023-08-29 10:50:00+00:00,18.7,68.0,3.4,4.1
2023-08-29 11:00:00+00:00,18.7,68.0,3.4,4.1
2023-08-29 11:10:00+00:00,18.7,67.0,3.4,4.1
2023-08-29 11:20:00+00:00,18.6,66.0,3.4,4.1
2023-08-29 11:30:00+00:00,18.6,66.0,3.4,4.1
2023-08-29 11:40:00+00:00,18.6,65.5,3.4,4.1
2023-08-29 11:50:00+00:00,18.6,65.0,3.4,4.1
2023-08-29 12:00:00+00:00,18.6,64.0,3.4,4.1
2023-08-29 12:10:00+00:00,18.6,60.0,3.4,4.1
2023-08-29 12:20:00+00:00,18.6,64.0,3.4,4.1
2023-08-29 12:30:00+00:00,18.6,69.0,3.4,4.1
2023-08-29 12:40:00+00:00,18.6,68.0,3.4,4.1
2023-08-29 12:50:00+00:00,18.6,65.0,3.4,4.1
2023-08-29 13:00:00+00:00,18.6,66.0,3.4,4.1
2023-08-29 13:10:00+00:00,18.6,63.0,3.4,4.1
2023-08-29 13:20:00+00:00,18.6,65.0,3.4,4.1
2023-08-29 13:30:00+00:00,18.6,64.5,3.4,4.1
2023-08-29 13:40:00+00:00,18.6,64.0,3.4,4.1
2023-08-29 13:50:00+00:00,18.6,63.0,3.4,4.1
2023-08-29 14:00:00+00:00,18.6,62.0,3.4,4.1
2023-08-29 14:10:00+00:00,18.6,61.0,3.4,4.1
2023-08-29 14:20:00+00:00,18.6,62.0,3.4,4.1
2023-08-29 14:30:00+00:00,18.6,62.0,3.4,4.1
2023-08-29 14:40:00+00:00,18.6,62.0,3.4,4.1
2023-08-29 14:50:00+00:00,18.6,62.0,3.4,4.1
2023-08-29 15:00:00+00:00,18.6,62.0,3.4,4.1
2023-08-29 15:10:00+00:00,18.6,61.5,3.4,4.05
2023-08-29 15:20:00+00:00,18.6,61.0,3.4,4.0
2023-08-29 15:30:00+00:00,18.6,60.0,3.4,4.1
2023-08-29 15:40:00+00:00,18.6,60.0,3.4,4.1
2023-08-29 15:50:00+00:00,18.5,59.0,3.4,4.1
2023-08-29 16:00:00+00:00,18.6,61.0,3.4,4.1
2023-08-29 16:10:00+00:00,18.6,60.0,3.4,3.8
2023-08-29 16:20:00+00:00,18.6,60.0,3.4,3.6
2023-08-29 16:30:00+00:00,18.6,60.0,3.4,3.5
2023-08-29 16:40:00+00:00,18.6,60.0,3.4,3.1
2023-08-29 16:50:00+00:00,18.6,60.0,3.4,2.9
2023-08-29 17:00:00+00:00,18.6,59.5,3.4,2.45
2023-08-29 17:10:00+00:00,18.6,59.0,3.4,2.0
2023-08-29 17:20:00+00:00,18.6,57.0,3.4,1.9
2023-08-29 17:30:00+00:00,18.6,57.0,3.4,1.6
2023-08-29 17:40:00+00:00,18.6,56.0,3.4,1.1
2023-08-29 17:50:00+00:00,18.6,57.0,3.4,0.9
2023-08-29 18:00:00+00:00,18.6,56.7,3.4,0.87
2023-08-29 18:10:00+00:00,18.6,56.4,3.4,0.84
2023-08-29 18:20:00+00:00,18.6,56.1,3.4,0.81
2023-08-29 18:30:00+00:00,18.6,55.8,3.4,0.78
2023-08-29 18:40:00+00:00,18.6,55.5,3.4,0.75
2023-08-29 18:50:00+00:00,18.6,55.2,3.4,0.72
2023-08-29 19:00:00+00:00,18.6,54.9,3.4,0.69
2023-08-29 19:10:00+00:00,18.6,54.6,3.4,0.6599999999999999
2023-08-29 19:20:00+00:00,18.6,54.3,3.4,0.6299999999999999
2023-08-29 19:30:00+00:00,18.6,54.0,3.4,0.6
2023-08-29 19:40:00+00:00,18.6,54.2,3.4,0.6
2023-08-29 19:50:00+00:00,18.6,54.4,3.4,0.6
2023-08-29 20:00:00+00:00,18.6,54.6,3.4,0.6
2023-08-29 20:10:00+00:00,18.6,54.8,3.4,0.6
2023-08-29 20:20:00+00:00,18.6,55.0,3.4,0.6
2023-08-29 20:30:00+00:00,18.6,55.2,3.4,0.6
2023-08-29 20:40:00+00:00,18.6,55.4,3.4,0.6
2023-08-29 20:50:00+00:00,18.6,55.6,3.4,0.6
2023-08-29 21:00:00+00:00,18.6,55.8,3.4,0.6
2023-08-29 21:10:00+00:00,18.6,56.0,3.4,0.6
2023-08-29 21:20:00+00:00,18.6,56.07692307692308,3.4,0.6
2023-08-29 21:30:00+00:00,18.6,56.15384615384615,3.4,0.6
2023-08-29 21:40:00+00:00,18.6,56.23076923076923,3.4,0.6
2023-08-29 21:50:00+00:00,18.6,56.30769230769231,3.4,0.6
2023-08-29 22:00:00+00:00,18.6,56.38461538461539,3.4,0.6
2023-08-29 22:10:00+00:00,18.6,56.46153846153846,3.4,0.6
2023-08-29 22:20:00+00:00,18.6,56.53846153846154,3.4,0.6
2023-08-29 22:30:00+00:00,18.6,56.61538461538461,3.4,0.6
2023-08-29 22:40:00+00:00,18.6,56.69230769230769,3.4,0.6
2023-08-29 22:50:00+00:00,18.6,56.76923076923077,3.4,0.6
2023-08-29 23:00:00+00:00,18.6,56.84615384615385,3.4,0.6
2023-08-29 23:10:00+00:00,18.6,56.92307692307692,3.4,0.6
2023-08-29 23:20:00+00:00,18.6,57.0,3.4,0.6
2023-08-29 23:30:00+00:00,18.6,57.0,3.3899999999999997,0.58
2023-08-29 23:40:00+00:00,18.6,57.0,3.38,0.5599999999999999
2023-08-29 23:50:00+00:00,18.6,57.0,3.37,0.54
2023-08-30 00:00:00+00:00,18.6,57.0,3.36,0.52
2023-08-30 00:10:00+00:00,18.6,57.0,3.3499999999999996,0.5
2023-08-30 00:20:00+00:00,18.6,57.0,3.34,0.48
2023-08-30 00:30:00+00:00,18.6,57.0,3.33,0.45999999999999996
2023-08-30 00:40:00+00:00,18.6,57.0,3.32,0.44
2023-08-30 00:50:00+00:00,18.6,57.0,3.3099999999999996,0.42000000000000004
2023-08-30 01:00:00+00:00,18.6,57.0,3.3,0.4
2023-08-30 01:10:00+00:00,18.6,56.8,3.3099999999999996,0.42000000000000004
2023-08-30 01:20:00+00:00,18.6,56.6,3.32,0.44
2023-08-30 01:30:00+00:00,18.6,56.4,3.33,0.46
2023-08-30 01:40:00+00:00,18.6,56.2,3.34,0.48
2023-08-30 01:50:00+00:00,18.6,56.0,3.3499999999999996,0.5
2023-08-30 02:00:00+00:00,18.6,55.8,3.36,0.52
2023-08-30 02:10:00+00:00,18.6,55.6,3.37,0.54
2023-08-30 02:20:00+00:00,18.6,55.4,3.38,0.56
2023-08-30 02:30:00+00:00,18.6,55.2,3.3899999999999997,0.58
2023-08-30 02:40:00+00:00,18.6,55.0,3.4,0.6
2023-08-30 02:50:00+00:00,18.6,54.8,3.4,0.6599999999999999
2023-08-30 03:00:00+00:00,18.6,54.6,3.4,0.72
2023-08-30 03:10:00+00:00,18.6,54.4,3.4,0.78
2023-08-30 03:20:00+00:00,18.6,54.2,3.4,0.84
2023-08-30 03:30:00+00:00,18.6,54.0,3.4,0.8999999999999999
2023-08-30 03:40:00+00:00,18.6,53.8,3.4,0.96
2023-08-30 03:50:00+00:00,18.6,53.6,3.4,1.02
2023-08-30 04:00:00+00:00,18.6,53.4,3.4,1.08
2023-08-30 04:10:00+00:00,18.6,53.2,3.4,1.1400000000000001
2023-08-30 04:20:00+00:00,18.6,53.0,3.4,1.2
2023-08-30 04:30:00+00:00,18.6,53.0,3.3,3.2
2023-08-30 04:40:00+00:00,18.6,53.0,3.4,3.2
2023-08-30 04:50:00+00:00,18.6,53.0,3.4,3.4
2023-08-30 05:00:00+00:00,18.6,53.0,3.3,4.1
2023-08-30 05:10:00+00:00,18.6,53.0,3.4,4.1
2023-08-30 05:20:00+00:00,18.6,52.8,3.4,4.1
2023-08-30 05:30:00+00:00,18.6,52.6,3.4,4.1
2023-08-30 05:40:00+00:00,18.6,52.4,3.4,4.1
2023-08-30 05:50:00+00:00,18.6,52.2,3.4,4.1
2023-08-30 06:00:00+00:00,18.6,52.0,3.4,4.1
2023-08-30 06:10:00+00:00,18.6,51.8,3.4,4.1
2023-08-30 06:20:00+00:00,18.6,51.6,3.4,4.1
2023-08-30 06:30:00+00:00,18.6,51.4,3.4,4.1
2023-08-30 06:40:00+00:00,18.6,51.2,3.4,4.1
2023-08-30 06:50:00+00:00,18.6,51.0,3.4,4.1
2023-08-30 07:00:00+00:00,18.6,52.0,3.3,4.1
2023-08-30 07:10:00+00:00,18.6,53.0,3.3,4.1
2023-08-30 07:20:00+00:00,18.59887720548922,52.99768312243807,3.3000356442701833,4.1
2023-08-30 07:30:00+00:00,18.597754410978435,52.99536624487614,3.300071288540367,4.1
2023-08-30 07:40:00+00:00,18.596631616467654,52.99304936731421,3.3001069328105506,4.1
2023-08-30 07:50:00+00:00,18.595508821956873,52.990732489752276,3.300142577080734,4.1
2023-08-30 08:00:00+00:00,18.594386027446088,52.98841561219034,3.300178221350918,4.1
2023-08-30 08:10:00+00:00,18.593263232935307,52.986098734628406,3.3002138656211013,4.1
2023-08-30 08:20:00+00:00,18.592140438424526,52.983781857066475,3.3002495098912847,4.1
2023-08-30 08:30:00+00:00,18.59101764391374,52.981464979504544,3.300285154161468,4.1
2023-08-30 08:40:00+00:00,18.58989484940296,52.97914810194261,3.300320798431652,4.1
2023-08-30 08:50:00+00:00,18.58877205489218,52.97683122438068,3.3003564427018355,4.1
2023-08-30 09:00:00+00:00,18.587649260381394,52.97451434681875,3.300392086972019,4.1
2023-08-30 09:10:00+00:00,18.586526465870612,52.97219746925682,3.300427731242203,4.1
2023-08-30 09:20:00+00:00,18.58540367135983,52.96988059169489,3.300463375512386,4.1
2023-08-30 09:30:00+00:00,18.584280876849046,52.96756371413295,3.3004990197825697,4.1
2023-08-30 09:40:00+00:00,18.583158082338265,52.96524683657102,3.3005346640527535,4.1
2023-08-30 09:50:00+00:00,18.582035287827484,52.96292995900909,3.300570308322937,4.1
2023-08-30 10:00:00+00:00,18.5809124933167,52.96061308144716,3.3006059525931204,4.1
2023-08-30 10:10:00+00:00,18.579789698805918,52.958296203885226,3.300641596863304,4.1
2023-08-30 10:20:00+00:00,18.578666904295137,52.955979326323295,3.3006772411334877,4.1
2023-08-30 10:30:00+00:00,18.577544109784352,52.953662448761364,3.300712885403671,4.1
2023-08-30 10:40:00+00:00,18.57642131527357,52.95134557119943,3.3007485296738546,4.1
2023-08-30 10:50:00+00:00,18.57529852076279,52.949028693637494,3.3007841739440384,4.1
2023-08-30 11:00:00+00:00,18.574175726252005,52.94671181607556,3.300819818214222,4.1
2023-08-30 11:10:00+00:00,18.573052931741223,52.94439493851363,3.3008554624844053,4.1
2023-08-30 11:20:00+00:00,,,,
2023-08-30 11:30:00+00:00,,,,
2023-08-30 11:40:00+00:00,,,,
2023-08-30 11:50:00+00:00,,,,
2023-08-30 12:00:00+00:00,,,,
2023-08-30 12:10:00+00:00,,,,
2023-08-30 12:20:00+00:00,,,,
2023-08-30 12:30:00+00:00,,,,
2023-08-30 12:40:00+00:00,,,,
2023-08-30 12:50:00+00:00,,,,
2023-08-30 13:00:00+00:00,,,,
2023-08-30 13:10:00+00:00,,,,
2023-08-30 13:20:00+00:00,,,,
2023-08-30 13:30:00+00:00,,,,
2023-08-30 13:40:00+00:00,,,,
2023-08-30 13:50:00+00:00,,,,
2023-08-30 14:00:00+00:00,,,,
2023-08-30 14:10:00+00:00,,,,
2023-08-30 14:20:00+00:00,,,,
2023-08-30 14:30:00+00:00,,,,
2023-08-30 14:40:00+00:00,,,,
2023-08-30 14:50:00+00:00,,,,
2023-08-30 15:00:00+00:00,,,,
2023-08-30 15:10:00+00:00,,,,
2023-08-30 15:20:00+00:00,,,,
2023-08-30 15:30:00+00:00,,,,
2023-08-30 15:40:00+00:00,,,,
2023-08-30 15:50:00+00:00,,,,
2023-08-30 16:00:00+00:00,,,,
2023-08-30 16:10:00+00:00,,,,
2023-08-30 16:20:00+00:00,,,,
2023-08-30 16:30:00+00:00,,,,
2023-08-30 16:40:00+00:00,,,,
2023-08-30 16:50:00+00:00,,,,
2023-08-30 17:00:00+00:00,,,,
2023-08-30 17:10:00+00:00,,,,
2023-08-30 17:20:00+00:00,,,,
2023-08-30 17:30:00+00:00,,,,
2023-08-30 17:40:00+00:00,,,,
2023-08-30 17:50:00+00:00,,,,
2023-08-30 18:00:00+00:00,,,,
2023-08-30 18:10:00+00:00,,,,
2023-08-30 18:20:00+00:00,,,,
2023-08-30 18:30:00+00:00,,,,
2023-08-30 18:40:00+00:00,,,,
2023-08-30 18:50:00+00:00,,,,
2023-08-30 19:00:00+00:00,,,,
2023-08-30 19:10:00+00:00,,,,
2023-08-30 19:20:00+00:00,,,,
2023-08-30 19:30:00+00:00,,,,
2023-08-30 19:40:00+00:00,,,,
2023-08-30 19:50:00+00:00,,,,
2023-08-30 20:00:00+00:00,,,,
2023-08-30 20:10:00+00:00,,,,
2023-08-30 20:20:00+00:00,,,,
2023-08-30 20:30:00+00:00,,,,
2023-08-30 20:40:00+00:00,,,,
2023-08-30 20:50:00+00:00,,,,
2023-08-30 21:00:00+00:00,,,,
2023-08-30 21:10:00+00:00,,,,
2023-08-30 21:20:00+00:00,,,,
2023-08-30 21:30:00+00:00,,,,
2023-08-30 21:40:00+00:00,,,,
2023-08-30 21:50:00+00:00,,,,
2023-08-30 22:00:00+00:00,,,,
2023-08-30 22:10:00+00:00,,,,
2023-08-30 22:20:00+00:00,,,,
2023-08-30 22:30:00+00:00,,,,
2023-08-30 22:40:00+00:00,,,,
2023-08-30 22:50:00+00:00,,,,
2023-08-30 23:00:00+00:00,,,,
2023-08-30 23:10:00+00:00,,,,
2023-08-30 23:20:00+00:00,,,,
2023-08-30 23:30:00+00:00,,,,
2023-08-30 23:40:00+00:00,,,,
2023-08-30 23:50:00+00:00,,,,
2023-08-31 00:00:00+00:00,,,,
2023-08-31 00:10:00+00:00,,,,
2023-08-31 00:20:00+00:00,,,,
2023-08-31 00:30:00+00:00,,,,
2023-08-31 00:40:00+00:00,,,,
2023-08-31 00:50:00+00:00,,,,
2023-08-31 01:00:00+00:00,,,,
2023-08-31 01:10:00+00:00,,,,
2023-08-31 01:20:00+00:00,,,,
2023-08-31 01:30:00+00:00,,,,
2023-08-31 01:40:00+00:00,,,,
2023-08-31 01:50:00+00:00,,,,
2023-08-31 02:00:00+00:00,,,,
2023-08-31 02:10:00+00:00,,,,
2023-08-31 02:20:00+00:00,,,,
2023-08-31 02:30:00+00:00,,,,
2023-08-31 02:40:00+00:00,,,,
2023-08-31 02:50:00+00:00,,,,
2023-08-31 03:00:00+00:00,,,,
2023-08-31 03:10:00+00:00,,,,
2023-08-31 03:20:00+00:00,,,,
2023-08-31 03:30:00+00:00,,,,
2023-08-31 03:40:00+00:00,,,,
2023-08-31 03:50:00+00:00,,,,
2023-08-31 04:00:00+00:00,,,,
2023-08-31 04:10:00+00:00,,,,
2023-08-31 04:20:00+00:00,,,,
2023-08-31 04:30:00+00:00,,,,
2023-08-31 04:40:00+00:00,,,,
2023-08-31 04:50:00+00:00,,,,
2023-08-31 05:00:00+00:00,,,,
2023-08-31 05:10:00+00:00,,,,
2023-08-31 05:20:00+00:00,,,,
2023-08-31 05:30:00+00:00,,,,
2023-08-31 05:40:00+00:00,,,,
2023-08-31 05:50:00+00:00,,,,
2023-08-31 06:00:00+00:00,,,,
2023-08-31 06:10:00+00:00,,,,
2023-08-31 06:20:00+00:00,,,,
2023-08-31 06:30:00+00:00,,,,
2023-08-31 06:40:00+00:00,,,,
2023-08-31 06:50:00+00:00,,,,
2023-08-31 07:00:00+00:00,,,,
2023-08-31 07:10:00+00:00,,,,
2023-08-31 07:20:00+00:00,,,,
2023-08-31 07:30:00+00:00,,,,
2023-08-31 07:40:00+00:00,,,,
2023-08-31 07:50:00+00:00,,,,
2023-08-31 08:00:00+00:00,,,,
2023-08-31 08:10:00+00:00,,,,
2023-08-31 08:20:00+00:00,,,,
2023-08-31 08:30:00+00:00,,,,
2023-08-31 08:40:00+00:00,,,,
2023-08-31 08:50:00+00:00,,,,
2023-08-31 09:00:00+00:00,,,,
2023-08-31 09:10:00+00:00,,,,
2023-08-31 09:20:00+00:00,,,,
2023-08-31 09:30:00+00:00,,,,
2023-08-31 09:40:00+00:00,,,,
2023-08-31 09:50:00+00:00,,,,
2023-08-31 10:00:00+00:00,,,,
2023-08-31 10:10:00+00:00,,,,
2023-08-31 10:20:00+00:00,,,,
2023-08-31 10:30:00+00:00,,,,
2023-08-31 10:40:00+00:00,,,,
2023-08-31 10:50:00+00:00,,,,
2023-08-31 11:00:00+00:00,,,,
2023-08-31 11:10:00+00:00,,,,
2023-08-31 11:20:00+00:00,,,,
2023-08-31 11:30:00+00:00,,,,
2023-08-31 11:40:00+00:00,,,,
2023-08-31 11:50:00+00:00,,,,
2023-08-31 12:00:00+00:00,,,,
2023-08-31 12:10:00+00:00,,,,
2023-08-31 12:20:00+00:00,,,,
2023-08-31 12:30:00+00:00,,,,
2023-08-31 12:40:00+00:00,,,,
2023-08-31 12:50:00+00:00,,,,
2023-08-31 13:00:00+00:00,,,,
2023-08-31 13:10:00+00:00,,,,
2023-08-31 13:20:00+00:00,,,,
2023-08-31 13:30:00+00:00,,,,
2023-08-31 13:40:00+00:00,,,,
2023-08-31 13:50:00+00:00,,,,
2023-08-31 14:00:00+00:00,,,,
2023-08-31 14:10:00+00:00,,,,
2023-08-31 14:20:00+00:00,,,,
2023-08-31 14:30:00+00:00,,,,
2023-08-31 14:40:00+00:00,,,,
2023-08-31 14:50:00+00:00,,,,
2023-08-31 15:00:00+00:00,,,,
2023-08-31 15:10:00+00:00,,,,
2023-08-31 15:20:00+00:00,,,,
2023-08-31 15:30:00+00:00,,,,
2023-08-31 15:40:00+00:00,,,,
2023-08-31 15:50:00+00:00,,,,
2023-08-31 16:00:00+00:00,,,,
2023-08-31 16:10:00+00:00,,,,
2023-08-31 16:20:00+00:00,,,,
2023-08-31 16:30:00+00:00,,,,
2023-08-31 16:40:00+00:00,,,,
2023-08-31 16:50:00+00:00,,,,
2023-08-31 17:00:00+00:00,,,,
2023-08-31 17:10:00+00:00,,,,
2023-08-31 17:20:00+00:00,,,,
2023-08-31 17:30:00+00:00,,,,
2023-08-31 17:40:00+00:00,,,,
2023-08-31 17:50:00+00:00,,,,
2023-08-31 18:00:00+00:00,,,,
2023-08-31 18:10:00+00:00,,,,
2023-08-31 18:20:00+00:00,,,,
2023-08-31 18:30:00+00:00,,,,
2023-08-31 18:40:00+00:00,,,,
2023-08-31 18:50:00+00:00,,,,
2023-08-31 19:00:00+00:00,,,,
2023-08-31 19:10:00+00:00,,,,
2023-08-31 19:20:00+00:00,,,,
2023-08-31 19:30:00+00:00,,,,
2023-08-31 19:40:00+00:00,,,,
2023-08-31 19:50:00+00:00,,,,
2023-08-31 20:00:00+00:00,,,,
2023-08-31 20:10:00+00:00,,,,
2023-08-31 20:20:00+00:00,,,,
2023-08-31 20:30:00+00:00,,,,
2023-08-31 20:40:00+00:00,,,,
2023-08-31 20:50:00+00:00,,,,
2023-08-31 21:00:00+00:00,,,,
2023-08-31 21:10:00+00:00,,,,
2023-08-31 21:20:00+00:00,,,,
2023-08-31 21:30:00+00:00,,,,
2023-08-31 21:40:00+00:00,,,,
2023-08-31 21:50:00+00:00,,,,
2023-08-31 22:00:00+00:00,,,,
2023-08-31 22:10:00+00:00,,,,
2023-08-31 22:20:00+00:00,,,,
2023-08-31 22:30:00+00:00,,,,
2023-08-31 22:40:00+00:00,,,,
2023-08-31 22:50:00+00:00,,,,
2023-08-31 23:00:00+00:00,,,,
2023-08-31 23:10:00+00:00,,,,
2023-08-31 23:20:00+00:00,,,,
2023-08-31 23:30:00+00:00,,,,
2023-08-31 23:40:00+00:00,,,,
2023-08-31 23:50:00+00:00,,,,
2023-09-01 00:00:00+00:00,,,,
2023-09-01 00:10:00+00:00,,,,
2023-09-01 00:20:00+00:00,,,,
2023-09-01 00:30:00+00:00,,,,
2023-09-01 00:40:00+00:00,,,,
2023-09-01 00:50:00+00:00,,,,
2023-09-01 01:00:00+00:00,,,,
2023-09-01 01:10:00+00:00,,,,
2023-09-01 01:20:00+00:00,,,,
2023-09-01 01:30:00+00:00,,,,
2023-09-01 01:40:00+00:00,,,,
2023-09-01 01:50:00+00:00,,,,
2023-09-01 02:00:00+00:00,,,,
2023-09-01 02:10:00+00:00,,,,
2023-09-01 02:20:00+00:00,,,,
2023-09-01 02:30:00+00:00,,,,
2023-09-01 02:40:00+00:00,,,,
2023-09-01 02:50:00+00:00,,,,
2023-09-01 03:00:00+00:00,,,,
2023-09-01 03:10:00+00:00,,,,
2023-09-01 03:20:00+00:00,,,,
2023-09-01 03:30:00+00:00,,,,
2023-09-01 03:40:00+00:00,,,,
2023-09-01 03:50:00+00:00,,,,
2023-09-01 04:00:00+00:00,,,,
2023-09-01 04:10:00+00:00,,,,
2023-09-01 04:20:00+00:00,,,,
2023-09-01 04:30:00+00:00,,,,
2023-09-01 04:40:00+00:00,,,,
2023-09-01 04:50:00+00:00,,,,
2023-09-01 05:00:00+00:00,,,,
2023-09-01 05:10:00+00:00,,,,
2023-09-01 05:20:00+00:00,,,,
2023-09-01 05:30:00+00:00,,,,
2023-09-01 05:40:00+00:00,,,,
2023-09-01 05:50:00+00:00,,,,
2023-09-01 06:00:00+00:00,,,,
2023-09-01 06:10:00+00:00,,,,
2023-09-01 06:20:00+00:00,,,,
2023-09-01 06:30:00+00:00,,,,
2023-09-01 06:40:00+00:00,,,,
2023-09-01 06:50:00+00:00,,,,
2023-09-01 07:00:00+00:00,,,,
2023-09-01 07:10:00+00:00,,,,
2023-09-01 07:20:00+00:00,,,,
2023-09-01 07:30:00+00:00,,,,
2023-09-01 07:40:00+00:00,,,,
2023-09-01 07:50:00+00:00,,,,
2023-09-01 08:00:00+00:00,,,,
2023-09-01 08:10:00+00:00,,,,
2023-09-01 08:20:00+00:00,,,,
2023-09-01 08:30:00+00:00,,,,
2023-09-01 08:40:00+00:00,,,,
2023-09-01 08:50:00+00:00,,,,
2023-09-01 09:00:00+00:00,,,,
2023-09-01 09:10:00+00:00,,,,
2023-09-01 09:20:00+00:00,,,,
2023-09-01 09:30:00+00:00,,,,
2023-09-01 09:40:00+00:00,,,,
2023-09-01 09:50:00+00:00,,,,
2023-09-01 10:00:00+00:00,,,,
2023-09-01 10:10:00+00:00,,,,
2023-09-01 10:20:00+00:00,,,,
2023-09-01 10:30:00+00:00,,,,
2023-09-01 10:40:00+00:00,,,,
2023-09-01 10:50:00+00:00,,,,
2023-09-01 11:00:00+00:00,,,,
2023-09-01 11:10:00+00:00,,,,
2023-09-01 11:20:00+00:00,,,,
2023-09-01 11:30:00+00:00,,,,
2023-09-01 11:40:00+00:00,,,,
2023-09-01 11:50:00+00:00,,,,
2023-09-01 12:00:00+00:00,,,,
2023-09-01 12:10:00+00:00,,,,
2023-09-01 12:20:00+00:00,,,,
2023-09-01 12:30:00+00:00,,,,
2023-09-01 12:40:00+00:00,,,,
2023-09-01 12:50:00+00:00,,,,
2023-09-01 13:00:00+00:00,,,,
2023-09-01 13:10:00+00:00,,,,
2023-09-01 13:20:00+00:00,,,,
2023-09-01 13:30:00+00:00,,,,
2023-09-01 13:40:00+00:00,,,,
2023-09-01 13:50:00+00:00,,,,
2023-09-01 14:00:00+00:00,,,,
2023-09-01 14:10:00+00:00,,,,
2023-09-01 14:20:00+00:00,,,,
2023-09-01 14:30:00+00:00,,,,
2023-09-01 14:40:00+00:00,,,,
2023-09-01 14:50:00+00:00,,,,
2023-09-01 15:00:00+00:00,,,,
2023-09-01 15:10:00+00:00,,,,
2023-09-01 15:20:00+00:00,,,,
2023-09-01 15:30:00+00:00,,,,
2023-09-01 15:40:00+00:00,,,,
2023-09-01 15:50:00+00:00,,,,
2023-09-01 16:00:00+00:00,,,,
2023-09-01 16:10:00+00:00,,,,
2023-09-01 16:20:00+00:00,,,,
2023-09-01 16:30:00+00:00,,,,
2023-09-01 16:40:00+00:00,,,,
2023-09-01 16:50:00+00:00,,,,
2023-09-01 17:00:00+00:00,,,,
2023-09-01 17:10:00+00:00,,,,
2023-09-01 17:20:00+00:00,,,,
2023-09-01 17:30:00+00:00,,,,
2023-09-01 17:40:00+00:00,,,,
2023-09-01 17:50:00+00:00,,,,
2023-09-01 18:00:00+00:00,,,,
2023-09-01 18:10:00+00:00,,,,
2023-09-01 18:20:00+00:00,,,,
2023-09-01 18:30:00+00:00,,,,
2023-09-01 18:40:00+00:00,,,,
2023-09-01 18:50:00+00:00,,,,
2023-09-01 19:00:00+00:00,,,,
2023-09-01 19:10:00+00:00,,,,
2023-09-01 19:20:00+00:00,,,,
2023-09-01 19:30:00+00:00,,,,
2023-09-01 19:40:00+00:00,,,,
2023-09-01 19:50:00+00:00,,,,
2023-09-01 20:00:00+00:00,,,,
2023-09-01 20:10:00+00:00,,,,
2023-09-01 20:20:00+00:00,,,,
2023-09-01 20:30:00+00:00,,,,
2023-09-01 20:40:00+00:00,,,,
2023-09-01 20:50:00+00:00,,,,
2023-09-01 21:00:00+00:00,,,,
2023-09-01 21:10:00+00:00,,,,
2023-09-01 21:20:00+00:00,,,,
2023-09-01 21:30:00+00:00,,,,
2023-09-01 21:40:00+00:00,,,,
2023-09-01 21:50:00+00:00,,,,
2023-09-01 22:00:00+00:00,,,,
2023-09-01 22:10:00+00:00,,,,
2023-09-01 22:20:00+00:00,,,,
2023-09-01 22:30:00+00:00,,,,
2023-09-01 22:40:00+00:00,,,,
2023-09-01 22:50:00+00:00,,,,
2023-09-01 23:00:00+00:00,,,,
2023-09-01 23:10:00+00:00,,,,
2023-09-01 23:20:00+00:00,,,,
2023-09-01 23:30:00+00:00,,,,
2023-09-01 23:40:00+00:00,,,,
2023-09-01 23:50:00+00:00,,,,
2023-09-02 00:00:00+00:00,,,,
2023-09-02 00:10:00+00:00,,,,
2023-09-02 00:20:00+00:00,,,,
2023-09-02 00:30:00+00:00,,,,
2023-09-02 00:40:00+00:00,,,,
2023-09-02 00:50:00+00:00,,,,
2023-09-02 01:00:00+00:00,,,,
2023-09-02 01:10:00+00:00,,,,
2023-09-02 01:20:00+00:00,,,,
2023-09-02 01:30:00+00:00,,,,
2023-09-02 01:40:00+00:00,,,,
2023-09-02 01:50:00+00:00,,,,
2023-09-02 02:00:00+00:00,,,,
2023-09-02 02:10:00+00:00,,,,
2023-09-02 02:20:00+00:00,,,,
2023-09-02 02:30:00+00:00,,,,
2023-09-02 02:40:00+00:00,,,,
2023-09-02 02:50:00+00:00,,,,
2023-09-02 03:00:00+00:00,,,,
2023-09-02 03:10:00+00:00,,,,
2023-09-02 03:20:00+00:00,,,,
2023-09-02 03:30:00+00:00,,,,
2023-09-02 03:40:00+00:00,,,,
2023-09-02 03:50:00+00:00,,,,
2023-09-02 04:00:00+00:00,,,,
2023-09-02 04:10:00+00:00,,,,
2023-09-02 04:20:00+00:00,,,,
2023-09-02 04:30:00+00:00,,,,
2023-09-02 04:40:00+00:00,,,,
2023-09-02 04:50:00+00:00,,,,
2023-09-02 05:00:00+00:00,,,,
2023-09-02 05:10:00+00:00,,,,
2023-09-02 05:20:00+00:00,,,,
2023-09-02 05:30:00+00:00,,,,
2023-09-02 05:40:00+00:00,,,,
2023-09-02 05:50:00+00:00,,,,
2023-09-02 06:00:00+00:00,,,,
2023-09-02 06:10:00+00:00,,,,
2023-09-02 06:20:00+00:00,,,,
2023-09-02 06:30:00+00:00,,,,
2023-09-02 06:40:00+00:00,,,,
2023-09-02 06:50:00+00:00,,,,
2023-09-02 07:00:00+00:00,,,,
2023-09-02 07:10:00+00:00,,,,
2023-09-02 07:20:00+00:00,,,,
2023-09-02 07:30:00+00:00,,,,
2023-09-02 07:40:00+00:00,,,,
2023-09-02 07:50:00+00:00,,,,
2023-09-02 08:00:00+00:00,,,,
2023-09-02 08:10:00+00:00,,,,
2023-09-02 08:20:00+00:00,,,,
2023-09-02 08:30:00+00:00,,,,
2023-09-02 08:40:00+00:00,,,,
2023-09-02 08:50:00+00:00,,,,
2023-09-02 09:00:00+00:00,,,,
2023-09-02 09:10:00+00:00,,,,
2023-09-02 09:20:00+00:00,,,,
2023-09-02 09:30:00+00:00,,,,
2023-09-02 09:40:00+00:00,,,,
2023-09-02 09:50:00+00:00,,,,
2023-09-02 10:00:00+00:00,,,,
2023-09-02 10:10:00+00:00,,,,
2023-09-02 10:20:00+00:00,,,,
2023-09-02 10:30:00+00:00,,,,
2023-09-02 10:40:00+00:00,,,,
2023-09-02 10:50:00+00:00,,,,
2023-09-02 11:00:00+00:00,,,,
2023-09-02 11:10:00+00:00,,,,
2023-09-02 11:20:00+00:00,,,,
2023-09-02 11:30:00+00:00,,,,
2023-09-02 11:40:00+00:00,,,,
2023-09-02 11:50:00+00:00,,,,
2023-09-02 12:00:00+00:00,,,,
2023-09-02 12:10:00+00:00,,,,
2023-09-02 12:20:00+00:00,,,,
2023-09-02 12:30:00+00:00,,,,
2023-09-02 12:40:00+00:00,,,,
2023-09-02 12:50:00+00:00,,,,
2023-09-02 13:00:00+00:00,,,,
2023-09-02 13:10:00+00:00,,,,
2023-09-02 13:20:00+00:00,,,,
2023-09-02 13:30:00+00:00,,,,
2023-09-02 13:40:00+00:00,,,,
2023-09-02 13:50:00+00:00,,,,
2023-09-02 14:00:00+00:00,,,,
2023-09-02 14:10:00+00:00,,,,
2023-09-02 14:20:00+00:00,,,,
2023-09-02 14:30:00+00:00,,,,
2023-09-02 14:40:00+00:00,,,,
2023-09-02 14:50:00+00:00,,,,
2023-09-02 15:00:00+00:00,,,,
2023-09-02 15:10:00+00:00,,,,
2023-09-02 15:20:00+00:00,,,,
2023-09-02 15:30:00+00:00,,,,
2023-09-02 15:40:00+00:00,,,,
2023-09-02 15:50:00+00:00,,,,
2023-09-02 16:00:00+00:00,,,,
2023-09-02 16:10:00+00:00,,,,
2023-09-02 16:20:00+00:00,,,,
2023-09-02 16:30:00+00:00,,,,
2023-09-02 16:40:00+00:00,,,,
2023-09-02 16:50:00+00:00,,,,
2023-09-02 17:00:00+00:00,,,,
2023-09-02 17:10:00+00:00,,,,
2023-09-02 17:20:00+00:00,,,,
2023-09-02 17:30:00+00:00,,,,
2023-09-02 17:40:00+00:00,,,,
2023-09-02 17:50:00+00:00,,,,
2023-09-02 18:00:00+00:00,,,,
2023-09-02 18:10:00+00:00,,,,
2023-09-02 18:20:00+00:00,,,,
2023-09-02 18:30:00+00:00,,,,
2023-09-02 18:40:00+00:00,,,,
2023-09-02 18:50:00+00:00,,,,
2023-09-02 19:00:00+00:00,,,,
2023-09-02 19:10:00+00:00,,,,
2023-09-02 19:20:00+00:00,,,,
2023-09-02 19:30:00+00:00,,,,
2023-09-02 19:40:00+00:00,,,,
2023-09-02 19:50:00+00:00,,,,
2023-09-02 20:00:00+00:00,,,,
2023-09-02 20:10:00+00:00,,,,
2023-09-02 20:20:00+00:00,,,,
2023-09-02 20:30:00+00:00,,,,
2023-09-02 20:40:00+00:00,,,,
2023-09-02 20:50:00+00:00,,,,
2023-09-02 21:00:00+00:00,,,,
2023-09-02 21:10:00+00:00,,,,
2023-09-02 21:20:00+00:00,,,,
2023-09-02 21:30:00+00:00,,,,
2023-09-02 21:40:00+00:00,,,,
2023-09-02 21:50:00+00:00,,,,
2023-09-02 22:00:00+00:00,,,,
2023-09-02 22:10:00+00:00,,,,
2023-09-02 22:20:00+00:00,,,,
2023-09-02 22:30:00+00:00,,,,
2023-09-02 22:40:00+00:00,,,,
2023-09-02 22:50:00+00:00,,,,
2023-09-02 23:00:00+00:00,,,,
2023-09-02 23:10:00+00:00,,,,
2023-09-02 23:20:00+00:00,,,,
2023-09-02 23:30:00+00:00,,,,
2023-09-02 23:40:00+00:00,,,,
2023-09-02 23:50:00+00:00,,,,
2023-09-03 00:00:00+00:00,,,,
2023-09-03 00:10:00+00:00,,,,
2023-09-03 00:20:00+00:00,,,,
2023-09-03 00:30:00+00:00,,,,
2023-09-03 00:40:00+00:00,,,,
2023-09-03 00:50:00+00:00,,,,
2023-09-03 01:00:00+00:00,,,,
2023-09-03 01:10:00+00:00,,,,
2023-09-03 01:20:00+00:00,,,,
2023-09-03 01:30:00+00:00,,,,
2023-09-03 01:40:00+00:00,,,,
2023-09-03 01:50:00+00:00,,,,
2023-09-03 02:00:00+00:00,,,,
2023-09-03 02:10:00+00:00,,,,
2023-09-03 02:20:00+00:00,,,,
2023-09-03 02:30:00+00:00,,,,
2023-09-03 02:40:00+00:00,,,,
2023-09-03 02:50:00+00:00,,,,
2023-09-03 03:00:00+00:00,,,,
2023-09-03 03:10:00+00:00,,,,
2023-09-03 03:20:00+00:00,,,,
2023-09-03 03:30:00+00:00,,,,
2023-09-03 03:40:00+00:00,,,,
2023-09-03 03:50:00+00:00,,,,
2023-09-03 04:00:00+00:00,,,,
2023-09-03 04:10:00+00:00,,,,
2023-09-03 04:20:00+00:00,,,,
2023-09-03 04:30:00+00:00,,,,
2023-09-03 04:40:00+00:00,,,,
2023-09-03 04:50:00+00:00,,,,
2023-09-03 05:00:00+00:00,,,,
2023-09-03 05:10:00+00:00,,,,
2023-09-03 05:20:00+00:00,,,,
2023-09-03 05:30:00+00:00,,,,
2023-09-03 05:40:00+00:00,,,,
2023-09-03 05:50:00+00:00,,,,
2023-09-03 06:00:00+00:00,,,,
2023-09-03 06:10:00+00:00,,,,
2023-09-03 06:20:00+00:00,,,,
2023-09-03 06:30:00+00:00,,,,
2023-09-03 06:40:00+00:00,,,,
2023-09-03 06:50:00+00:00,,,,
2023-09-03 07:00:00+00:00,,,,
2023-09-03 07:10:00+00:00,,,,
2023-09-03 07:20:00+00:00,,,,
2023-09-03 07:30:00+00:00,,,,
2023-09-03 07:40:00+00:00,,,,
2023-09-03 07:50:00+00:00,,,,
2023-09-03 08:00:00+00:00,,,,
2023-09-03 08:10:00+00:00,,,,
2023-09-03 08:20:00+00:00,,,,
2023-09-03 08:30:00+00:00,,,,
2023-09-03 08:40:00+00:00,,,,
2023-09-03 08:50:00+00:00,,,,
2023-09-03 09:00:00+00:00,,,,
2023-09-03 09:10:00+00:00,,,,
2023-09-03 09:20:00+00:00,,,,
2023-09-03 09:30:00+00:00,,,,
2023-09-03 09:40:00+00:00,,,,
2023-09-03 09:50:00+00:00,,,,
2023-09-03 10:00:00+00:00,,,,
2023-09-03 10:10:00+00:00,,,,
2023-09-03 10:20:00+00:00,,,,
2023-09-03 10:30:00+00:00,,,,
2023-09-03 10:40:00+00:00,,,,
2023-09-03 10:50:00+00:00,,,,
2023-09-03 11:00:00+00:00,,,,
2023-09-03 11:10:00+00:00,,,,
2023-09-03 11:20:00+00:00,,,,
2023-09-03 11:30:00+00:00,,,,
2023-09-03 11:40:00+00:00,,,,
2023-09-03 11:50:00+00:00,,,,
2023-09-03 12:00:00+00:00,,,,
2023-09-03 12:10:00+00:00,,,,
2023-09-03 12:20:00+00:00,,,,
2023-09-03 12:30:00+00:00,,,,
2023-09-03 12:40:00+00:00,,,,
2023-09-03 12:50:00+00:00,,,,
2023-09-03 13:00:00+00:00,,,,
2023-09-03 13:10:00+00:00,,,,
2023-09-03 13:20:00+00:00,,,,
2023-09-03 13:30:00+00:00,,,,
2023-09-03 13:40:00+00:00,,,,
2023-09-03 13:50:00+00:00,,,,
2023-09-03 14:00:00+00:00,,,,
2023-09-03 14:10:00+00:00,,,,
2023-09-03 14:20:00+00:00,,,,
2023-09-03 14:30:00+00:00,,,,
2023-09-03 14:40:00+00:00,,,,
2023-09-03 14:50:00+00:00,,,,
2023-09-03 15:00:00+00:00,,,,
2023-09-03 15:10:00+00:00,,,,
2023-09-03 15:20:00+00:00,,,,
2023-09-03 15:30:00+00:00,,,,
2023-09-03 15:40:00+00:00,,,,
2023-09-03 15:50:00+00:00,,,,
2023-09-03 16:00:00+00:00,,,,
2023-09-03 16:10:00+00:00,,,,
2023-09-03 16:20:00+00:00,,,,
2023-09-03 16:30:00+00:00,,,,
2023-09-03 16:40:00+00:00,,,,
2023-09-03 16:50:00+00:00,,,,
2023-09-03 17:00:00+00:00,,,,
2023-09-03 17:10:00+00:00,,,,
2023-09-03 17:20:00+00:00,,,,
2023-09-03 17:30:00+00:00,,,,
2023-09-03 17:40:00+00:00,,,,
2023-09-03 17:50:00+00:00,,,,
2023-09-03 18:00:00+00:00,,,,
2023-09-03 18:10:00+00:00,,,,
2023-09-03 18:20:00+00:00,,,,
2023-09-03 18:30:00+00:00,,,,
2023-09-03 18:40:00+00:00,,,,
2023-09-03 18:50:00+00:00,,,,
2023-09-03 19:00:00+00:00,,,,
2023-09-03 19:10:00+00:00,,,,
2023-09-03 19:20:00+00:00,,,,
2023-09-03 19:30:00+00:00,,,,
2023-09-03 19:40:00+00:00,,,,
2023-09-03 19:50:00+00:00,,,,
2023-09-03 20:00:00+00:00,,,,
2023-09-03 20:10:00+00:00,,,,
2023-09-03 20:20:00+00:00,,,,
2023-09-03 20:30:00+00:00,,,,
2023-09-03 20:40:00+00:00,,,,
2023-09-03 20:50:00+00:00,,,,
2023-09-03 21:00:00+00:00,,,,
2023-09-03 21:10:00+00:00,,,,
2023-09-03 21:20:00+00:00,,,,
2023-09-03 21:30:00+00:00,,,,
2023-09-03 21:40:00+00:00,,,,
2023-09-03 21:50:00+00:00,,,,
2023-09-03 22:00:00+00:00,,,,
2023-09-03 22:10:00+00:00,,,,
2023-09-03 22:20:00+00:00,,,,
2023-09-03 22:30:00+00:00,,,,
2023-09-03 22:40:00+00:00,,,,
2023-09-03 22:50:00+00:00,,,,
2023-09-03 23:00:00+00:00,,,,
2023-09-03 23:10:00+00:00,,,,
2023-09-03 23:20:00+00:00,,,,
2023-09-03 23:30:00+00:00,,,,
2023-09-03 23:40:00+00:00,,,,
2023-09-03 23:50:00+00:00,,,,
2023-09-04 00:00:00+00:00,,,,
2023-09-04 00:10:00+00:00,,,,
2023-09-04 00:20:00+00:00,,,,
2023-09-04 00:30:00+00:00,,,,
2023-09-04 00:40:00+00:00,,,,
2023-09-04 00:50:00+00:00,,,,
2023-09-04 01:00:00+00:00,,,,
2023-09-04 01:10:00+00:00,,,,
2023-09-04 01:20:00+00:00,,,,
2023-09-04 01:30:00+00:00,,,,
2023-09-04 01:40:00+00:00,,,,
2023-09-04 01:50:00+00:00,,,,
2023-09-04 02:00:00+00:00,,,,
2023-09-04 02:10:00+00:00,,,,
2023-09-04 02:20:00+00:00,,,,
2023-09-04 02:30:00+00:00,,,,
2023-09-04 02:40:00+00:00,,,,
2023-09-04 02:50:00+00:00,,,,
2023-09-04 03:00:00+00:00,,,,
2023-09-04 03:10:00+00:00,,,,
2023-09-04 03:20:00+00:00,,,,
2023-09-04 03:30:00+00:00,,,,
2023-09-04 03:40:00+00:00,,,,
2023-09-04 03:50:00+00:00,,,,
2023-09-04 04:00:00+00:00,,,,
2023-09-04 04:10:00+00:00,,,,
2023-09-04 04:20:00+00:00,,,,
2023-09-04 04:30:00+00:00,,,,
2023-09-04 04:40:00+00:00,,,,
2023-09-04 04:50:00+00:00,,,,
2023-09-04 05:00:00+00:00,,,,
2023-09-04 05:10:00+00:00,,,,
2023-09-04 05:20:00+00:00,,,,
2023-09-04 05:30:00+00:00,,,,
2023-09-04 05:40:00+00:00,,,,
2023-09-04 05:50:00+00:00,,,,
2023-09-04 06:00:00+00:00,,,,
2023-09-04 06:10:00+00:00,,,,
2023-09-04 06:20:00+00:00,,,,
2023-09-04 06:30:00+00:00,,,,
2023-09-04 06:40:00+00:00,,,,
2023-09-04 06:50:00+00:00,,,,
2023-09-04 07:00:00+00:00,,,,
2023-09-04 07:10:00+00:00,,,,
2023-09-04 07:20:00+00:00,,,,
2023-09-04 07:30:00+00:00,,,,
2023-09-04 07:40:00+00:00,,,,
2023-09-04 07:50:00+00:00,,,,
2023-09-04 08:00:00+00:00,,,,
2023-09-04 08:10:00+00:00,,,,
2023-09-04 08:20:00+00:00,,,,
2023-09-04 08:30:00+00:00,,,,
2023-09-04 08:40:00+00:00,,,,
2023-09-04 08:50:00+00:00,,,,
2023-09-04 09:00:00+00:00,,,,
2023-09-04 09:10:00+00:00,,,,
2023-09-04 09:20:00+00:00,,,,
2023-09-04 09:30:00+00:00,,,,
2023-09-04 09:40:00+00:00,,,,
2023-09-04 09:50:00+00:00,,,,
2023-09-04 10:00:00+00:00,,,,
2023-09-04 10:10:00+00:00,,,,
2023-09-04 10:20:00+00:00,,,,
2023-09-04 10:30:00+00:00,,,,
2023-09-04 10:40:00+00:00,,,,
2023-09-04 10:50:00+00:00,,,,
2023-09-04 11:00:00+00:00,,,,
2023-09-04 11:10:00+00:00,,,,
2023-09-04 11:20:00+00:00,,,,
2023-09-04 11:30:00+00:00,,,,
2023-09-04 11:40:00+00:00,,,,
2023-09-04 11:50:00+00:00,,,,
2023-09-04 12:00:00+00:00,,,,
2023-09-04 12:10:00+00:00,,,,
2023-09-04 12:20:00+00:00,,,,
2023-09-04 12:30:00+00:00,,,,
2023-09-04 12:40:00+00:00,,,,
2023-09-04 12:50:00+00:00,,,,
2023-09-04 13:00:00+00:00,,,,
2023-09-04 13:10:00+00:00,,,,
2023-09-04 13:20:00+00:00,,,,
2023-09-04 13:30:00+00:00,,,,
2023-09-04 13:40:00+00:00,,,,
2023-09-04 13:50:00+00:00,,,,
2023-09-04 14:00:00+00:00,,,,
2023-09-04 14:10:00+00:00,,,,
2023-09-04 14:20:00+00:00,,,,
2023-09-04 14:30:00+00:00,,,,
2023-09-04 14:40:00+00:00,,,,
2023-09-04 14:50:00+00:00,,,,
2023-09-04 15:00:00+00:00,,,,
2023-09-04 15:10:00+00:00,,,,
2023-09-04 15:20:00+00:00,,,,
2023-09-04 15:30:00+00:00,,,,
2023-09-04 15:40:00+00:00,,,,
2023-09-04 15:50:00+00:00,,,,
2023-09-04 16:00:00+00:00,,,,
2023-09-04 16:10:00+00:00,,,,
2023-09-04 16:20:00+00:00,,,,
2023-09-04 16:30:00+00:00,,,,
2023-09-04 16:40:00+00:00,,,,
2023-09-04 16:50:00+00:00,,,,
2023-09-04 17:00:00+00:00,,,,
2023-09-04 17:10:00+00:00,,,,
2023-09-04 17:20:00+00:00,,,,
2023-09-04 17:30:00+00:00,,,,
2023-09-04 17:40:00+00:00,,,,
2023-09-04 17:50:00+00:00,,,,
2023-09-04 18:00:00+00:00,,,,
2023-09-04 18:10:00+00:00,,,,
2023-09-04 18:20:00+00:00,,,,
2023-09-04 18:30:00+00:00,,,,
2023-09-04 18:40:00+00:00,,,,
2023-09-04 18:50:00+00:00,,,,
2023-09-04 19:00:00+00:00,,,,
2023-09-04 19:10:00+00:00,,,,
2023-09-04 19:20:00+00:00,,,,
2023-09-04 19:30:00+00:00,,,,
2023-09-04 19:40:00+00:00,,,,
2023-09-04 19:50:00+00:00,,,,
2023-09-04 20:00:00+00:00,,,,
2023-09-04 20:10:00+00:00,,,,
2023-09-04 20:20:00+00:00,,,,
2023-09-04 20:30:00+00:00,,,,
2023-09-04 20:40:00+00:00,,,,
2023-09-04 20:50:00+00:00,,,,
2023-09-04 21:00:00+00:00,,,,
2023-09-04 21:10:00+00:00,,,,
2023-09-04 21:20:00+00:00,,,,
2023-09-04 21:30:00+00:00,,,,
2023-09-04 21:40:00+00:00,,,,
2023-09-04 21:50:00+00:00,,,,
2023-09-04 22:00:00+00:00,,,,
2023-09-04 22:10:00+00:00,,,,
2023-09-04 22:20:00+00:00,,,,
2023-09-04 22:30:00+00:00,,,,
2023-09-04 22:40:00+00:00,,,,
2023-09-04 22:50:00+00:00,,,,
2023-09-04 23:00:00+00:00,,,,
2023-09-04 23:10:00+00:00,,,,
2023-09-04 23:20:00+00:00,,,,
2023-09-04 23:30:00+00:00,,,,
2023-09-04 23:40:00+00:00,,,,
2023-09-04 23:50:00+00:00,,,,
2023-09-05 00:00:00+00:00,,,,
2023-09-05 00:10:00+00:00,,,,
2023-09-05 00:20:00+00:00,,,,
2023-09-05 00:30:00+00:00,,,,
2023-09-05 00:40:00+00:00,,,,
2023-09-05 00:50:00+00:00,,,,
2023-09-05 01:00:00+00:00,,,,
2023-09-05 01:10:00+00:00,,,,
2023-09-05 01:20:00+00:00,,,,
2023-09-05 01:30:00+00:00,,,,
2023-09-05 01:40:00+00:00,,,,
2023-09-05 01:50:00+00:00,,,,
2023-09-05 02:00:00+00:00,,,,
2023-09-05 02:10:00+00:00,,,,
2023-09-05 02:20:00+00:00,,,,
2023-09-05 02:30:00+00:00,,,,
2023-09-05 02:40:00+00:00,,,,
2023-09-05 02:50:00+00:00,,,,
2023-09-05 03:00:00+00:00,,,,
2023-09-05 03:10:00+00:00,,,,
2023-09-05 03:20:00+00:00,,,,
2023-09-05 03:30:00+00:00,,,,
2023-09-05 03:40:00+00:00,,,,
2023-09-05 03:50:00+00:00,,,,
2023-09-05 04:00:00+00:00,,,,
2023-09-05 04:10:00+00:00,,,,
2023-09-05 04:20:00+00:00,,,,
2023-09-05 04:30:00+00:00,,,,
2023-09-05 04:40:00+00:00,,,,
2023-09-05 04:50:00+00:00,,,,
2023-09-05 05:00:00+00:00,,,,
2023-09-05 05:10:00+00:00,,,,
2023-09-05 05:20:00+00:00,,,,
2023-09-05 05:30:00+00:00,,,,
2023-09-05 05:40:00+00:00,,,,
2023-09-05 05:50:00+00:00,,,,
2023-09-05 06:00:00+00:00,,,,
2023-09-05 06:10:00+00:00,,,,
2023-09-05 06:20:00+00:00,,,,
2023-09-05 06:30:00+00:00,,,,
2023-09-05 06:40:00+00:00,,,,
2023-09-05 06:50:00+00:00,,,,
2023-09-05 07:00:00+00:00,,,,
2023-09-05 07:10:00+00:00,,,,
2023-09-05 07:20:00+00:00,,,,
2023-09-05 07:30:00+00:00,,,,
2023-09-05 07:40:00+00:00,,,,
2023-09-05 07:50:00+00:00,,,,
2023-09-05 08:00:00+00:00,,,,
2023-09-05 08:10:00+00:00,,,,
2023-09-05 08:20:00+00:00,,,,
2023-09-05 08:30:00+00:00,,,,
2023-09-05 08:40:00+00:00,,,,
2023-09-05 08:50:00+00:00,,,,
2023-09-05 09:00:00+00:00,,,,
2023-09-05 09:10:00+00:00,,,,
2023-09-05 09:20:00+00:00,,,,
2023-09-05 09:30:00+00:00,,,,
2023-09-05 09:40:00+00:00,,,,
2023-09-05 09:50:00+00:00,,,,
2023-09-05 10:00:00+00:00,,,,
2023-09-05 10:10:00+00:00,,,,
2023-09-05 10:20:00+00:00,,,,
2023-09-05 10:30:00+00:00,,,,
2023-09-05 10:40:00+00:00,,,,
2023-09-05 10:50:00+00:00,,,,
2023-09-05 11:00:00+00:00,,,,
2023-09-05 11:10:00+00:00,,,,
2023-09-05 11:20:00+00:00,,,,
2023-09-05 11:30:00+00:00,,,,
2023-09-05 11:40:00+00:00,,,,
2023-09-05 11:50:00+00:00,,,,
2023-09-05 12:00:00+00:00,,,,
2023-09-05 12:10:00+00:00,,,,
2023-09-05 12:20:00+00:00,,,,
2023-09-05 12:30:00+00:00,,,,
2023-09-05 12:40:00+00:00,,,,
2023-09-05 12:50:00+00:00,,,,
2023-09-05 13:00:00+00:00,,,,
2023-09-05 13:10:00+00:00,,,,
2023-09-05 13:20:00+00:00,,,,
2023-09-05 13:30:00+00:00,,,,
2023-09-05 13:40:00+00:00,,,,
2023-09-05 13:50:00+00:00,,,,
2023-09-05 14:00:00+00:00,,,,
2023-09-05 14:10:00+00:00,,,,
2023-09-05 14:20:00+00:00,,,,
2023-09-05 14:30:00+00:00,,,,
2023-09-05 14:40:00+00:00,,,,
2023-09-05 14:50:00+00:00,,,,
2023-09-05 15:00:00+00:00,,,,
2023-09-05 15:10:00+00:00,,,,
2023-09-05 15:20:00+00:00,,,,
2023-09-05 15:30:00+00:00,,,,
2023-09-05 15:40:00+00:00,,,,
2023-09-05 15:50:00+00:00,,,,
2023-09-05 16:00:00+00:00,,,,
2023-09-05 16:10:00+00:00,,,,
2023-09-05 16:20:00+00:00,,,,
2023-09-05 16:30:00+00:00,,,,
2023-09-05 16:40:00+00:00,,,,
2023-09-05 16:50:00+00:00,,,,
2023-09-05 17:00:00+00:00,,,,
2023-09-05 17:10:00+00:00,,,,
2023-09-05 17:20:00+00:00,,,,
2023-09-05 17:30:00+00:00,,,,
2023-09-05 17:40:00+00:00,,,,
2023-09-05 17:50:00+00:00,,,,
2023-09-05 18:00:00+00:00,,,,
2023-09-05 18:10:00+00:00,,,,
2023-09-05 18:20:00+00:00,,,,
2023-09-05 18:30:00+00:00,,,,
2023-09-05 18:40:00+00:00,,,,
2023-09-05 18:50:00+00:00,,,,
2023-09-05 19:00:00+00:00,,,,
2023-09-05 19:10:00+00:00,,,,
2023-09-05 19:20:00+00:00,,,,
2023-09-05 19:30:00+00:00,,,,
2023-09-05 19:40:00+00:00,,,,
2023-09-05 19:50:00+00:00,,,,
2023-09-05 20:00:00+00:00,,,,
2023-09-05 20:10:00+00:00,,,,
2023-09-05 20:20:00+00:00,,,,
2023-09-05 20:30:00+00:00,,,,
2023-09-05 20:40:00+00:00,,,,
2023-09-05 20:50:00+00:00,,,,
2023-09-05 21:00:00+00:00,,,,
2023-09-05 21:10:00+00:00,,,,
2023-09-05 21:20:00+00:00,,,,
2023-09-05 21:30:00+00:00,,,,
2023-09-05 21:40:00+00:00,,,,
2023-09-05 21:50:00+00:00,,,,
2023-09-05 22:00:00+00:00,,,,
2023-09-05 22:10:00+00:00,,,,
2023-09-05 22:20:00+00:00,,,,
2023-09-05 22:30:00+00:00,,,,
2023-09-05 22:40:00+00:00,,,,
2023-09-05 22:50:00+00:00,,,,
2023-09-05 23:00:00+00:00,,,,
2023-09-05 23:10:00+00:00,,,,
2023-09-05 23:20:00+00:00,,,,
2023-09-05 23:30:00+00:00,,,,
2023-09-05 23:40:00+00:00,,,,
2023-09-05 23:50:00+00:00,,,,
2023-09-06 00:00:00+00:00,,,,
2023-09-06 00:10:00+00:00,,,,
2023-09-06 00:20:00+00:00,,,,
2023-09-06 00:30:00+00:00,,,,
2023-09-06 00:40:00+00:00,,,,
2023-09-06 00:50:00+00:00,,,,
2023-09-06 01:00:00+00:00,,,,
2023-09-06 01:10:00+00:00,,,,
2023-09-06 01:20:00+00:00,,,,
2023-09-06 01:30:00+00:00,,,,
2023-09-06 01:40:00+00:00,,,,
2023-09-06 01:50:00+00:00,,,,
2023-09-06 02:00:00+00:00,,,,
2023-09-06 02:10:00+00:00,,,,
2023-09-06 02:20:00+00:00,,,,
2023-09-06 02:30:00+00:00,,,,
2023-09-06 02:40:00+00:00,,,,
2023-09-06 02:50:00+00:00,,,,
2023-09-06 03:00:00+00:00,,,,
2023-09-06 03:10:00+00:00,,,,
2023-09-06 03:20:00+00:00,,,,
2023-09-06 03:30:00+00:00,,,,
2023-09-06 03:40:00+00:00,,,,
2023-09-06 03:50:00+00:00,,,,
2023-09-06 04:00:00+00:00,,,,
2023-09-06 04:10:00+00:00,,,,
2023-09-06 04:20:00+00:00,,,,
2023-09-06 04:30:00+00:00,,,,
2023-09-06 04:40:00+00:00,,,,
2023-09-06 04:50:00+00:00,,,,
2023-09-06 05:00:00+00:00,,,,
2023-09-06 05:10:00+00:00,,,,
2023-09-06 05:20:00+00:00,,,,
2023-09-06 05:30:00+00:00,,,,
2023-09-06 05:40:00+00:00,,,,
2023-09-06 05:50:00+00:00,,,,
2023-09-06 06:00:00+00:00,,,,
2023-09-06 06:10:00+00:00,,,,
2023-09-06 06:20:00+00:00,,,,
2023-09-06 06:30:00+00:00,,,,
2023-09-06 06:40:00+00:00,,,,
2023-09-06 06:50:00+00:00,,,,
2023-09-06 07:00:00+00:00,,,,
2023-09-06 07:10:00+00:00,,,,
2023-09-06 07:20:00+00:00,,,,
2023-09-06 07:30:00+00:00,,,,
2023-09-06 07:40:00+00:00,,,,
2023-09-06 07:50:00+00:00,,,,
2023-09-06 08:00:00+00:00,,,,
2023-09-06 08:10:00+00:00,,,,
2023-09-06 08:20:00+00:00,,,,
2023-09-06 08:30:00+00:00,,,,
2023-09-06 08:40:00+00:00,,,,
2023-09-06 08:50:00+00:00,,,,
2023-09-06 09:00:00+00:00,,,,
2023-09-06 09:10:00+00:00,,,,
2023-09-06 09:20:00+00:00,,,,
2023-09-06 09:30:00+00:00,,,,
2023-09-06 09:40:00+00:00,,,,
2023-09-06 09:50:00+00:00,,,,
2023-09-06 10:00:00+00:00,,,,
2023-09-06 10:10:00+00:00,,,,
2023-09-06 10:20:00+00:00,,,,
2023-09-06 10:30:00+00:00,,,,
2023-09-06 10:40:00+00:00,,,,
2023-09-06 10:50:00+00:00,,,,
2023-09-06 11:00:00+00:00,,,,
2023-09-06 11:10:00+00:00,,,,
2023-09-06 11:20:00+00:00,,,,
2023-09-06 11:30:00+00:00,,,,
2023-09-06 11:40:00+00:00,,,,
2023-09-06 11:50:00+00:00,,,,
2023-09-06 12:00:00+00:00,,,,
2023-09-06 12:10:00+00:00,,,,
2023-09-06 12:20:00+00:00,,,,
2023-09-06 12:30:00+00:00,,,,
2023-09-06 12:40:00+00:00,,,,
2023-09-06 12:50:00+00:00,,,,
2023-09-06 13:00:00+00:00,,,,
2023-09-06 13:10:00+00:00,,,,
2023-09-06 13:20:00+00:00,,,,
2023-09-06 13:30:00+00:00,,,,
2023-09-06 13:40:00+00:00,,,,
2023-09-06 13:50:00+00:00,,,,
2023-09-06 14:00:00+00:00,,,,
2023-09-06 14:10:00+00:00,,,,
2023-09-06 14:20:00+00:00,,,,
2023-09-06 14:30:00+00:00,,,,
2023-09-06 14:40:00+00:00,,,,
2023-09-06 14:50:00+00:00,,,,
2023-09-06 15:00:00+00:00,,,,
2023-09-06 15:10:00+00:00,,,,
2023-09-06 15:20:00+00:00,,,,
2023-09-06 15:30:00+00:00,,,,
2023-09-06 15:40:00+00:00,,,,
2023-09-06 15:50:00+00:00,,,,
2023-09-06 16:00:00+00:00,,,,
2023-09-06 16:10:00+00:00,,,,
2023-09-06 16:20:00+00:00,,,,
2023-09-06 16:30:00+00:00,,,,
2023-09-06 16:40:00+00:00,,,,
2023-09-06 16:50:00+00:00,,,,
2023-09-06 17:00:00+00:00,,,,
2023-09-06 17:10:00+00:00,,,,
2023-09-06 17:20:00+00:00,,,,
2023-09-06 17:30:00+00:00,,,,
2023-09-06 17:40:00+00:00,,,,
2023-09-06 17:50:00+00:00,,,,
2023-09-06 18:00:00+00:00,,,,
2023-09-06 18:10:00+00:00,,,,
2023-09-06 18:20:00+00:00,,,,
2023-09-06 18:30:00+00:00,,,,
2023-09-06 18:40:00+00:00,,,,
2023-09-06 18:50:00+00:00,,,,
2023-09-06 19:00:00+00:00,,,,
2023-09-06 19:10:00+00:00,,,,
2023-09-06 19:20:00+00:00,,,,
2023-09-06 19:30:00+00:00,,,,
2023-09-06 19:40:00+00:00,,,,
2023-09-06 19:50:00+00:00,,,,
2023-09-06 20:00:00+00:00,,,,
2023-09-06 20:10:00+00:00,,,,
2023-09-06 20:20:00+00:00,,,,
2023-09-06 20:30:00+00:00,,,,
2023-09-06 20:40:00+00:00,,,,
2023-09-06 20:50:00+00:00,,,,
2023-09-06 21:00:00+00:00,,,,
2023-09-06 21:10:00+00:00,,,,
2023-09-06 21:20:00+00:00,,,,
2023-09-06 21:30:00+00:00,,,,
2023-09-06 21:40:00+00:00,,,,
2023-09-06 21:50:00+00:00,,,,
2023-09-06 22:00:00+00:00,,,,
2023-09-06 22:10:00+00:00,,,,
2023-09-06 22:20:00+00:00,,,,
2023-09-06 22:30:00+00:00,,,,
2023-09-06 22:40:00+00:00,,,,
2023-09-06 22:50:00+00:00,,,,
2023-09-06 23:00:00+00:00,,,,
2023-09-06 23:10:00+00:00,,,,
2023-09-06 23:20:00+00:00,,,,
2023-09-06 23:30:00+00:00,,,,
2023-09-06 23:40:00+00:00,,,,
2023-09-06 23:50:00+00:00,,,,
2023-09-07 00:00:00+00:00,,,,
2023-09-07 00:10:00+00:00,,,,
2023-09-07 00:20:00+00:00,,,,
2023-09-07 00:30:00+00:00,,,,
2023-09-07 00:40:00+00:00,,,,
2023-09-07 00:50:00+00:00,,,,
2023-09-07 01:00:00+00:00,,,,
2023-09-07 01:10:00+00:00,,,,
2023-09-07 01:20:00+00:00,,,,
2023-09-07 01:30:00+00:00,,,,
2023-09-07 01:40:00+00:00,,,,
2023-09-07 01:50:00+00:00,,,,
2023-09-07 02:00:00+00:00,,,,
2023-09-07 02:10:00+00:00,,,,
2023-09-07 02:20:00+00:00,,,,
2023-09-07 02:30:00+00:00,,,,
2023-09-07 02:40:00+00:00,,,,
2023-09-07 02:50:00+00:00,,,,
2023-09-07 03:00:00+00:00,,,,
2023-09-07 03:10:00+00:00,,,,
2023-09-07 03:20:00+00:00,,,,
2023-09-07 03:30:00+00:00,,,,
2023-09-07 03:40:00+00:00,,,,
2023-09-07 03:50:00+00:00,,,,
2023-09-07 04:00:00+00:00,,,,
2023-09-07 04:10:00+00:00,,,,
2023-09-07 04:20:00+00:00,,,,
2023-09-07 04:30:00+00:00,,,,
2023-09-07 04:40:00+00:00,,,,
2023-09-07 04:50:00+00:00,,,,
2023-09-07 05:00:00+00:00,,,,
2023-09-07 05:10:00+00:00,,,,
2023-09-07 05:20:00+00:00,,,,
2023-09-07 05:30:00+00:00,,,,
2023-09-07 05:40:00+00:00,,,,
2023-09-07 05:50:00+00:00,,,,
2023-09-07 06:00:00+00:00,,,,
2023-09-07 06:10:00+00:00,,,,
2023-09-07 06:20:00+00:00,,,,
2023-09-07 06:30:00+00:00,,,,
2023-09-07 06:40:00+00:00,,,,
2023-09-07 06:50:00+00:00,,,,
2023-09-07 07:00:00+00:00,,,,
2023-09-07 07:10:00+00:00,,,,
2023-09-07 07:20:00+00:00,,,,
2023-09-07 07:30:00+00:00,,,,
2023-09-07 07:40:00+00:00,,,,
2023-09-07 07:50:00+00:00,,,,
2023-09-07 08:00:00+00:00,,,,
2023-09-07 08:10:00+00:00,,,,
2023-09-07 08:20:00+00:00,,,,
2023-09-07 08:30:00+00:00,,,,
2023-09-07 08:40:00+00:00,,,,
2023-09-07 08:50:00+00:00,,,,
2023-09-07 09:00:00+00:00,,,,
2023-09-07 09:10:00+00:00,,,,
2023-09-07 09:20:00+00:00,,,,
2023-09-07 09:30:00+00:00,,,,
2023-09-07 09:40:00+00:00,,,,
2023-09-07 09:50:00+00:00,,,,
2023-09-07 10:00:00+00:00,,,,
2023-09-07 10:10:00+00:00,,,,
2023-09-07 10:20:00+00:00,,,,
2023-09-07 10:30:00+00:00,,,,
2023-09-07 10:40:00+00:00,,,,
2023-09-07 10:50:00+00:00,,,,
2023-09-07 11:00:00+00:00,,,,
2023-09-07 11:10:00+00:00,,,,
2023-09-07 11:20:00+00:00,,,,
2023-09-07 11:30:00+00:00,,,,
2023-09-07 11:40:00+00:00,,,,
2023-09-07 11:50:00+00:00,,,,
2023-09-07 12:00:00+00:00,,,,
2023-09-07 12:10:00+00:00,,,,
2023-09-07 12:20:00+00:00,,,,
2023-09-07 12:30:00+00:00,,,,
2023-09-07 12:40:00+00:00,,,,
2023-09-07 12:50:00+00:00,,,,
2023-09-07 13:00:00+00:00,,,,
2023-09-07 13:10:00+00:00,,,,
2023-09-07 13:20:00+00:00,,,,
2023-09-07 13:30:00+00:00,,,,
2023-09-07 13:40:00+00:00,,,,
2023-09-07 13:50:00+00:00,,,,
2023-09-07 14:00:00+00:00,,,,
2023-09-07 14:10:00+00:00,,,,
2023-09-07 14:20:00+00:00,,,,
2023-09-07 14:30:00+00:00,,,,
2023-09-07 14:40:00+00:00,,,,
2023-09-07 14:50:00+00:00,,,,
2023-09-07 15:00:00+00:00,,,,
2023-09-07 15:10:00+00:00,,,,
2023-09-07 15:20:00+00:00,,,,
2023-09-07 15:30:00+00:00,,,,
2023-09-07 15:40:00+00:00,,,,
2023-09-07 15:50:00+00:00,,,,
2023-09-07 16:00:00+00:00,,,,
2023-09-07 16:10:00+00:00,,,,
2023-09-07 16:20:00+00:00,,,,
2023-09-07 16:30:00+00:00,,,,
2023-09-07 16:40:00+00:00,,,,
2023-09-07 16:50:00+00:00,,,,
2023-09-07 17:00:00+00:00,,,,
2023-09-07 17:10:00+00:00,,,,
2023-09-07 17:20:00+00:00,,,,
2023-09-07 17:30:00+00:00,,,,
2023-09-07 17:40:00+00:00,,,,
2023-09-07 17:50:00+00:00,,,,
2023-09-07 18:00:00+00:00,,,,
2023-09-07 18:10:00+00:00,,,,
2023-09-07 18:20:00+00:00,,,,
2023-09-07 18:30:00+00:00,,,,
2023-09-07 18:40:00+00:00,,,,
2023-09-07 18:50:00+00:00,,,,
2023-09-07 19:00:00+00:00,,,,
2023-09-07 19:10:00+00:00,,,,
2023-09-07 19:20:00+00:00,,,,
2023-09-07 19:30:00+00:00,,,,
2023-09-07 19:40:00+00:00,,,,
2023-09-07 19:50:00+00:00,,,,
2023-09-07 20:00:00+00:00,,,,
2023-09-07 20:10:00+00:00,,,,
2023-09-07 20:20:00+00:00,,,,
2023-09-07 20:30:00+00:00,,,,
2023-09-07 20:40:00+00:00,,,,
2023-09-07 20:50:00+00:00,,,,
2023-09-07 21:00:00+00:00,,,,
2023-09-07 21:10:00+00:00,,,,
2023-09-07 21:20:00+00:00,,,,
2023-09-07 21:30:00+00:00,,,,
2023-09-07 21:40:00+00:00,,,,
2023-09-07 21:50:00+00:00,,,,
2023-09-07 22:00:00+00:00,,,,
2023-09-07 22:10:00+00:00,,,,
2023-09-07 22:20:00+00:00,,,,
2023-09-07 22:30:00+00:00,,,,
2023-09-07 22:40:00+00:00,,,,
2023-09-07 22:50:00+00:00,,,,
2023-09-07 23:00:00+00:00,,,,
2023-09-07 23:10:00+00:00,,,,
2023-09-07 23:20:00+00:00,,,,
2023-09-07 23:30:00+00:00,,,,
2023-09-07 23:40:00+00:00,,,,
2023-09-07 23:50:00+00:00,,,,
2023-09-08 00:00:00+00:00,,,,
2023-09-08 00:10:00+00:00,,,,
2023-09-08 00:20:00+00:00,,,,
2023-09-08 00:30:00+00:00,,,,
2023-09-08 00:40:00+00:00,,,,
2023-09-08 00:50:00+00:00,,,,
2023-09-08 01:00:00+00:00,,,,
2023-09-08 01:10:00+00:00,,,,
2023-09-08 01:20:00+00:00,,,,
2023-09-08 01:30:00+00:00,,,,
2023-09-08 01:40:00+00:00,,,,
2023-09-08 01:50:00+00:00,,,,
2023-09-08 02:00:00+00:00,,,,
2023-09-08 02:10:00+00:00,,,,
2023-09-08 02:20:00+00:00,,,,
2023-09-08 02:30:00+00:00,,,,
2023-09-08 02:40:00+00:00,,,,
2023-09-08 02:50:00+00:00,,,,
2023-09-08 03:00:00+00:00,,,,
2023-09-08 03:10:00+00:00,,,,
2023-09-08 03:20:00+00:00,,,,
2023-09-08 03:30:00+00:00,,,,
2023-09-08 03:40:00+00:00,,,,
2023-09-08 03:50:00+00:00,,,,
2023-09-08 04:00:00+00:00,,,,
2023-09-08 04:10:00+00:00,,,,
2023-09-08 04:20:00+00:00,,,,
2023-09-08 04:30:00+00:00,,,,
2023-09-08 04:40:00+00:00,,,,
2023-09-08 04:50:00+00:00,,,,
2023-09-08 05:00:00+00:00,,,,
2023-09-08 05:10:00+00:00,,,,
2023-09-08 05:20:00+00:00,,,,
2023-09-08 05:30:00+00:00,,,,
2023-09-08 05:40:00+00:00,,,,
2023-09-08 05:50:00+00:00,,,,
2023-09-08 06:00:00+00:00,,,,
2023-09-08 06:10:00+00:00,,,,
2023-09-08 06:20:00+00:00,,,,
2023-09-08 06:30:00+00:00,,,,
2023-09-08 06:40:00+00:00,,,,
2023-09-08 06:50:00+00:00,,,,
2023-09-08 07:00:00+00:00,,,,
2023-09-08 07:10:00+00:00,,,,
2023-09-08 07:20:00+00:00,,,,
2023-09-08 07:30:00+00:00,,,,
2023-09-08 07:40:00+00:00,,,,
2023-09-08 07:50:00+00:00,,,,
2023-09-08 08:00:00+00:00,,,,
2023-09-08 08:10:00+00:00,,,,
2023-09-08 08:20:00+00:00,,,,
2023-09-08 08:30:00+00:00,,,,
2023-09-08 08:40:00+00:00,,,,
2023-09-08 08:50:00+00:00,,,,
2023-09-08 09:00:00+00:00,,,,
2023-09-08 09:10:00+00:00,,,,
2023-09-08 09:20:00+00:00,,,,
2023-09-08 09:30:00+00:00,,,,
2023-09-08 09:40:00+00:00,,,,
2023-09-08 09:50:00+00:00,,,,
2023-09-08 10:00:00+00:00,,,,
2023-09-08 10:10:00+00:00,,,,
2023-09-08 10:20:00+00:00,,,,
2023-09-08 10:30:00+00:00,,,,
2023-09-08 10:40:00+00:00,,,,
2023-09-08 10:50:00+00:00,,,,
2023-09-08 11:00:00+00:00,,,,
2023-09-08 11:10:00+00:00,,,,
2023-09-08 11:20:00+00:00,,,,
2023-09-08 11:30:00+00:00,,,,
2023-09-08 11:40:00+00:00,,,,
2023-09-08 11:50:00+00:00,,,,
2023-09-08 12:00:00+00:00,,,,
2023-09-08 12:10:00+00:00,,,,
2023-09-08 12:20:00+00:00,,,,
2023-09-08 12:30:00+00:00,,,,
2023-09-08 12:40:00+00:00,,,,
2023-09-08 12:50:00+00:00,,,,
2023-09-08 13:00:00+00:00,,,,
2023-09-08 13:10:00+00:00,,,,
2023-09-08 13:20:00+00:00,,,,
2023-09-08 13:30:00+00:00,,,,
2023-09-08 13:40:00+00:00,,,,
2023-09-08 13:50:00+00:00,,,,
2023-09-08 14:00:00+00:00,,,,
2023-09-08 14:10:00+00:00,,,,
2023-09-08 14:20:00+00:00,,,,
2023-09-08 14:30:00+00:00,,,,
2023-09-08 14:40:00+00:00,,,,
2023-09-08 14:50:00+00:00,,,,
2023-09-08 15:00:00+00:00,,,,
2023-09-08 15:10:00+00:00,,,,
2023-09-08 15:20:00+00:00,,,,
2023-09-08 15:30:00+00:00,,,,
2023-09-08 15:40:00+00:00,,,,
2023-09-08 15:50:00+00:00,,,,
2023-09-08 16:00:00+00:00,,,,
2023-09-08 16:10:00+00:00,,,,
2023-09-08 16:20:00+00:00,,,,
2023-09-08 16:30:00+00:00,,,,
2023-09-08 16:40:00+00:00,,,,
2023-09-08 16:50:00+00:00,,,,
2023-09-08 17:00:00+00:00,,,,
2023-09-08 17:10:00+00:00,,,,
2023-09-08 17:20:00+00:00,,,,
2023-09-08 17:30:00+00:00,,,,
2023-09-08 17:40:00+00:00,,,,
2023-09-08 17:50:00+00:00,,,,
2023-09-08 18:00:00+00:00,,,,
2023-09-08 18:10:00+00:00,,,,
2023-09-08 18:20:00+00:00,,,,
2023-09-08 18:30:00+00:00,,,,
2023-09-08 18:40:00+00:00,,,,
2023-09-08 18:50:00+00:00,,,,
2023-09-08 19:00:00+00:00,,,,
2023-09-08 19:10:00+00:00,,,,
2023-09-08 19:20:00+00:00,,,,
2023-09-08 19:30:00+00:00,,,,
2023-09-08 19:40:00+00:00,,,,
2023-09-08 19:50:00+00:00,,,,
2023-09-08 20:00:00+00:00,,,,
2023-09-08 20:10:00+00:00,,,,
2023-09-08 20:20:00+00:00,,,,
2023-09-08 20:30:00+00:00,,,,
2023-09-08 20:40:00+00:00,,,,
2023-09-08 20:50:00+00:00,,,,
2023-09-08 21:00:00+00:00,,,,
2023-09-08 21:10:00+00:00,,,,
2023-09-08 21:20:00+00:00,,,,
2023-09-08 21:30:00+00:00,,,,
2023-09-08 21:40:00+00:00,,,,
2023-09-08 21:50:00+00:00,,,,
2023-09-08 22:00:00+00:00,,,,
2023-09-08 22:10:00+00:00,,,,
2023-09-08 22:20:00+00:00,,,,
2023-09-08 22:30:00+00:00,,,,
2023-09-08 22:40:00+00:00,,,,
2023-09-08 22:50:00+00:00,,,,
2023-09-08 23:00:00+00:00,,,,
2023-09-08 23:10:00+00:00,,,,
2023-09-08 23:20:00+00:00,,,,
2023-09-08 23:30:00+00:00,,,,
2023-09-08 23:40:00+00:00,,,,
2023-09-08 23:50:00+00:00,,,,
2023-09-09 00:00:00+00:00,,,,
2023-09-09 00:10:00+00:00,,,,
2023-09-09 00:20:00+00:00,,,,
2023-09-09 00:30:00+00:00,,,,
2023-09-09 00:40:00+00:00,,,,
2023-09-09 00:50:00+00:00,,,,
2023-09-09 01:00:00+00:00,,,,
2023-09-09 01:10:00+00:00,,,,
2023-09-09 01:20:00+00:00,,,,
2023-09-09 01:30:00+00:00,,,,
2023-09-09 01:40:00+00:00,,,,
2023-09-09 01:50:00+00:00,,,,
2023-09-09 02:00:00+00:00,,,,
2023-09-09 02:10:00+00:00,,,,
2023-09-09 02:20:00+00:00,,,,
2023-09-09 02:30:00+00:00,,,,
2023-09-09 02:40:00+00:00,,,,
2023-09-09 02:50:00+00:00,,,,
2023-09-09 03:00:00+00:00,,,,
2023-09-09 03:10:00+00:00,,,,
2023-09-09 03:20:00+00:00,,,,
2023-09-09 03:30:00+00:00,,,,
2023-09-09 03:40:00+00:00,,,,
2023-09-09 03:50:00+00:00,,,,
2023-09-09 04:00:00+00:00,,,,
2023-09-09 04:10:00+00:00,,,,
2023-09-09 04:20:00+00:00,,,,
2023-09-09 04:30:00+00:00,,,,
2023-09-09 04:40:00+00:00,,,,
2023-09-09 04:50:00+00:00,,,,
2023-09-09 05:00:00+00:00,,,,
2023-09-09 05:10:00+00:00,,,,
2023-09-09 05:20:00+00:00,,,,
2023-09-09 05:30:00+00:00,,,,
2023-09-09 05:40:00+00:00,,,,
2023-09-09 05:50:00+00:00,,,,
2023-09-09 06:00:00+00:00,,,,
2023-09-09 06:10:00+00:00,,,,
2023-09-09 06:20:00+00:00,,,,
2023-09-09 06:30:00+00:00,,,,
2023-09-09 06:40:00+00:00,,,,
2023-09-09 06:50:00+00:00,,,,
2023-09-09 07:00:00+00:00,,,,
2023-09-09 07:10:00+00:00,,,,
2023-09-09 07:20:00+00:00,,,,
2023-09-09 07:30:00+00:00,,,,
2023-09-09 07:40:00+00:00,,,,
2023-09-09 07:50:00+00:00,,,,
2023-09-09 08:00:00+00:00,,,,
2023-09-09 08:10:00+00:00,,,,
2023-09-09 08:20:00+00:00,,,,
2023-09-09 08:30:00+00:00,,,,
2023-09-09 08:40:00+00:00,,,,
2023-09-09 08:50:00+00:00,,,,
2023-09-09 09:00:00+00:00,,,,
2023-09-09 09:10:00+00:00,,,,
2023-09-09 09:20:00+00:00,,,,
2023-09-09 09:30:00+00:00,,,,
2023-09-09 09:40:00+00:00,,,,
2023-09-09 09:50:00+00:00,,,,
2023-09-09 10:00:00+00:00,,,,
2023-09-09 10:10:00+00:00,,,,
2023-09-09 10:20:00+00:00,,,,
2023-09-09 10:30:00+00:00,,,,
2023-09-09 10:40:00+00:00,,,,
2023-09-09 10:50:00+00:00,,,,
2023-09-09 11:00:00+00:00,,,,
2023-09-09 11:10:00+00:00,,,,
2023-09-09 11:20:00+00:00,,,,
2023-09-09 11:30:00+00:00,,,,
2023-09-09 11:40:00+00:00,,,,
2023-09-09 11:50:00+00:00,,,,
2023-09-09 12:00:00+00:00,,,,
2023-09-09 12:10:00+00:00,,,,
2023-09-09 12:20:00+00:00,,,,
2023-09-09 12:30:00+00:00,,,,
2023-09-09 12:40:00+00:00,,,,
2023-09-09 12:50:00+00:00,,,,
2023-09-09 13:00:00+00:00,,,,
2023-09-09 13:10:00+00:00,,,,
2023-09-09 13:20:00+00:00,,,,
2023-09-09 13:30:00+00:00,,,,
2023-09-09 13:40:00+00:00,,,,
2023-09-09 13:50:00+00:00,,,,
2023-09-09 14:00:00+00:00,,,,
2023-09-09 14:10:00+00:00,,,,
2023-09-09 14:20:00+00:00,,,,
2023-09-09 14:30:00+00:00,,,,
2023-09-09 14:40:00+00:00,,,,
2023-09-09 14:50:00+00:00,,,,
2023-09-09 15:00:00+00:00,,,,
2023-09-09 15:10:00+00:00,,,,
2023-09-09 15:20:00+00:00,,,,
2023-09-09 15:30:00+00:00,,,,
2023-09-09 15:40:00+00:00,,,,
2023-09-09 15:50:00+00:00,,,,
2023-09-09 16:00:00+00:00,,,,
2023-09-09 16:10:00+00:00,,,,
2023-09-09 16:20:00+00:00,,,,
2023-09-09 16:30:00+00:00,,,,
2023-09-09 16:40:00+00:00,,,,
2023-09-09 16:50:00+00:00,,,,
2023-09-09 17:00:00+00:00,,,,
2023-09-09 17:10:00+00:00,,,,
2023-09-09 17:20:00+00:00,,,,
2023-09-09 17:30:00+00:00,,,,
2023-09-09 17:40:00+00:00,,,,
2023-09-09 17:50:00+00:00,,,,
2023-09-09 18:00:00+00:00,,,,
2023-09-09 18:10:00+00:00,,,,
2023-09-09 18:20:00+00:00,,,,
2023-09-09 18:30:00+00:00,,,,
2023-09-09 18:40:00+00:00,,,,
2023-09-09 18:50:00+00:00,,,,
2023-09-09 19:00:00+00:00,,,,
2023-09-09 19:10:00+00:00,,,,
2023-09-09 19:20:00+00:00,,,,
2023-09-09 19:30:00+00:00,,,,
2023-09-09 19:40:00+00:00,,,,
2023-09-09 19:50:00+00:00,,,,
2023-09-09 20:00:00+00:00,,,,
2023-09-09 20:10:00+00:00,,,,
2023-09-09 20:20:00+00:00,,,,
2023-09-09 20:30:00+00:00,,,,
2023-09-09 20:40:00+00:00,,,,
2023-09-09 20:50:00+00:00,,,,
2023-09-09 21:00:00+00:00,,,,
2023-09-09 21:10:00+00:00,,,,
2023-09-09 21:20:00+00:00,,,,
2023-09-09 21:30:00+00:00,,,,
2023-09-09 21:40:00+00:00,,,,
2023-09-09 21:50:00+00:00,,,,
2023-09-09 22:00:00+00:00,,,,
2023-09-09 22:10:00+00:00,,,,
2023-09-09 22:20:00+00:00,,,,
2023-09-09 22:30:00+00:00,,,,
2023-09-09 22:40:00+00:00,,,,
2023-09-09 22:50:00+00:00,,,,
2023-09-09 23:00:00+00:00,,,,
2023-09-09 23:10:00+00:00,,,,
2023-09-09 23:20:00+00:00,,,,
2023-09-09 23:30:00+00:00,,,,
2023-09-09 23:40:00+00:00,,,,
2023-09-09 23:50:00+00:00,,,,
2023-09-10 00:00:00+00:00,,,,
2023-09-10 00:10:00+00:00,,,,
2023-09-10 00:20:00+00:00,,,,
2023-09-10 00:30:00+00:00,,,,
2023-09-10 00:40:00+00:00,,,,
2023-09-10 00:50:00+00:00,,,,
2023-09-10 01:00:00+00:00,,,,
2023-09-10 01:10:00+00:00,,,,
2023-09-10 01:20:00+00:00,,,,
2023-09-10 01:30:00+00:00,,,,
2023-09-10 01:40:00+00:00,,,,
2023-09-10 01:50:00+00:00,,,,
2023-09-10 02:00:00+00:00,,,,
2023-09-10 02:10:00+00:00,,,,
2023-09-10 02:20:00+00:00,,,,
2023-09-10 02:30:00+00:00,,,,
2023-09-10 02:40:00+00:00,,,,
2023-09-10 02:50:00+00:00,,,,
2023-09-10 03:00:00+00:00,,,,
2023-09-10 03:10:00+00:00,,,,
2023-09-10 03:20:00+00:00,,,,
2023-09-10 03:30:00+00:00,,,,
2023-09-10 03:40:00+00:00,,,,
2023-09-10 03:50:00+00:00,,,,
2023-09-10 04:00:00+00:00,,,,
2023-09-10 04:10:00+00:00,,,,
2023-09-10 04:20:00+00:00,,,,
2023-09-10 04:30:00+00:00,,,,
2023-09-10 04:40:00+00:00,,,,
2023-09-10 04:50:00+00:00,,,,
2023-09-10 05:00:00+00:00,,,,
2023-09-10 05:10:00+00:00,,,,
2023-09-10 05:20:00+00:00,,,,
2023-09-10 05:30:00+00:00,,,,
2023-09-10 05:40:00+00:00,,,,
2023-09-10 05:50:00+00:00,,,,
2023-09-10 06:00:00+00:00,,,,
2023-09-10 06:10:00+00:00,,,,
2023-09-10 06:20:00+00:00,,,,
2023-09-10 06:30:00+00:00,,,,
2023-09-10 06:40:00+00:00,,,,
2023-09-10 06:50:00+00:00,,,,
2023-09-10 07:00:00+00:00,,,,
2023-09-10 07:10:00+00:00,,,,
2023-09-10 07:20:00+00:00,,,,
2023-09-10 07:30:00+00:00,,,,
2023-09-10 07:40:00+00:00,,,,
2023-09-10 07:50:00+00:00,,,,
2023-09-10 08:00:00+00:00,,,,
2023-09-10 08:10:00+00:00,,,,
2023-09-10 08:20:00+00:00,,,,
2023-09-10 08:30:00+00:00,,,,
2023-09-10 08:40:00+00:00,,,,
2023-09-10 08:50:00+00:00,,,,
2023-09-10 09:00:00+00:00,,,,
2023-09-10 09:10:00+00:00,,,,
2023-09-10 09:20:00+00:00,,,,
2023-09-10 09:30:00+00:00,,,,
2023-09-10 09:40:00+00:00,,,,
2023-09-10 09:50:00+00:00,,,,
2023-09-10 10:00:00+00:00,,,,
2023-09-10 10:10:00+00:00,,,,
2023-09-10 10:20:00+00:00,,,,
2023-09-10 10:30:00+00:00,,,,
2023-09-10 10:40:00+00:00,,,,
2023-09-10 10:50:00+00:00,,,,
2023-09-10 11:00:00+00:00,,,,
2023-09-10 11:10:00+00:00,,,,
2023-09-10 11:20:00+00:00,,,,
2023-09-10 11:30:00+00:00,,,,
2023-09-10 11:40:00+00:00,,,,
2023-09-10 11:50:00+00:00,,,,
2023-09-10 12:00:00+00:00,,,,
2023-09-10 12:10:00+00:00,,,,
2023-09-10 12:20:00+00:00,,,,
2023-09-10 12:30:00+00:00,,,,
2023-09-10 12:40:00+00:00,,,,
2023-09-10 12:50:00+00:00,,,,
2023-09-10 13:00:00+00:00,,,,
2023-09-10 13:10:00+00:00,,,,
2023-09-10 13:20:00+00:00,,,,
2023-09-10 13:30:00+00:00,,,,
2023-09-10 13:40:00+00:00,,,,
2023-09-10 13:50:00+00:00,,,,
2023-09-10 14:00:00+00:00,,,,
2023-09-10 14:10:00+00:00,,,,
2023-09-10 14:20:00+00:00,,,,
2023-09-10 14:30:00+00:00,,,,
2023-09-10 14:40:00+00:00,,,,
2023-09-10 14:50:00+00:00,,,,
2023-09-10 15:00:00+00:00,,,,
2023-09-10 15:10:00+00:00,,,,
2023-09-10 15:20:00+00:00,,,,
2023-09-10 15:30:00+00:00,,,,
2023-09-10 15:40:00+00:00,,,,
2023-09-10 15:50:00+00:00,,,,
2023-09-10 16:00:00+00:00,,,,
2023-09-10 16:10:00+00:00,,,,
2023-09-10 16:20:00+00:00,,,,
2023-09-10 16:30:00+00:00,,,,
2023-09-10 16:40:00+00:00,,,,
2023-09-10 16:50:00+00:00,,,,
2023-09-10 17:00:00+00:00,,,,
2023-09-10 17:10:00+00:00,,,,
2023-09-10 17:20:00+00:00,,,,
2023-09-10 17:30:00+00:00,,,,
2023-09-10 17:40:00+00:00,,,,
2023-09-10 17:50:00+00:00,,,,
2023-09-10 18:00:00+00:00,,,,
2023-09-10 18:10:00+00:00,,,,
2023-09-10 18:20:00+00:00,,,,
2023-09-10 18:30:00+00:00,,,,
2023-09-10 18:40:00+00:00,,,,
2023-09-10 18:50:00+00:00,,,,
2023-09-10 19:00:00+00:00,,,,
2023-09-10 19:10:00+00:00,,,,
2023-09-10 19:20:00+00:00,,,,
2023-09-10 19:30:00+00:00,,,,
2023-09-10 19:40:00+00:00,,,,
2023-09-10 19:50:00+00:00,,,,
2023-09-10 20:00:00+00:00,,,,
2023-09-10 20:10:00+00:00,,,,
2023-09-10 20:20:00+00:00,,,,
2023-09-10 20:30:00+00:00,,,,
2023-09-10 20:40:00+00:00,,,,
2023-09-10 20:50:00+00:00,,,,
2023-09-10 21:00:00+00:00,,,,
2023-09-10 21:10:00+00:00,,,,
2023-09-10 21:20:00+00:00,,,,
2023-09-10 21:30:00+00:00,,,,
2023-09-10 21:40:00+00:00,,,,
2023-09-10 21:50:00+00:00,,,,
2023-09-10 22:00:00+00:00,,,,
2023-09-10 22:10:00+00:00,,,,
2023-09-10 22:20:00+00:00,,,,
2023-09-10 22:30:00+00:00,,,,
2023-09-10 22:40:00+00:00,,,,
2023-09-10 22:50:00+00:00,,,,
2023-09-10 23:00:00+00:00,,,,
2023-09-10 23:10:00+00:00,,,,
2023-09-10 23:20:00+00:00,,,,
2023-09-10 23:30:00+00:00,,,,
2023-09-10 23:40:00+00:00,,,,
2023-09-10 23:50:00+00:00,,,,
2023-09-11 00:00:00+00:00,,,,
2023-09-11 00:10:00+00:00,,,,
2023-09-11 00:20:00+00:00,,,,
2023-09-11 00:30:00+00:00,,,,
2023-09-11 00:40:00+00:00,,,,
2023-09-11 00:50:00+00:00,,,,
2023-09-11 01:00:00+00:00,,,,
2023-09-11 01:10:00+00:00,,,,
2023-09-11 01:20:00+00:00,,,,
2023-09-11 01:30:00+00:00,,,,
2023-09-11 01:40:00+00:00,,,,
2023-09-11 01:50:00+00:00,,,,
2023-09-11 02:00:00+00:00,,,,
2023-09-11 02:10:00+00:00,,,,
2023-09-11 02:20:00+00:00,,,,
2023-09-11 02:30:00+00:00,,,,
2023-09-11 02:40:00+00:00,,,,
2023-09-11 02:50:00+00:00,,,,
2023-09-11 03:00:00+00:00,,,,
2023-09-11 03:10:00+00:00,,,,
2023-09-11 03:20:00+00:00,,,,
2023-09-11 03:30:00+00:00,,,,
2023-09-11 03:40:00+00:00,,,,
2023-09-11 03:50:00+00:00,,,,
2023-09-11 04:00:00+00:00,,,,
2023-09-11 04:10:00+00:00,,,,
2023-09-11 04:20:00+00:00,,,,
2023-09-11 04:30:00+00:00,,,,
2023-09-11 04:40:00+00:00,,,,
2023-09-11 04:50:00+00:00,,,,
2023-09-11 05:00:00+00:00,,,,
2023-09-11 05:10:00+00:00,,,,
2023-09-11 05:20:00+00:00,,,,
2023-09-11 05:30:00+00:00,,,,
2023-09-11 05:40:00+00:00,,,,
2023-09-11 05:50:00+00:00,,,,
2023-09-11 06:00:00+00:00,,,,
2023-09-11 06:10:00+00:00,,,,
2023-09-11 06:20:00+00:00,,,,
2023-09-11 06:30:00+00:00,,,,
2023-09-11 06:40:00+00:00,,,,
2023-09-11 06:50:00+00:00,,,,
2023-09-11 07:00:00+00:00,,,,
2023-09-11 07:10:00+00:00,,,,
2023-09-11 07:20:00+00:00,,,,
2023-09-11 07:30:00+00:00,,,,
2023-09-11 07:40:00+00:00,,,,
2023-09-11 07:50:00+00:00,,,,
2023-09-11 08:00:00+00:00,,,,
2023-09-11 08:10:00+00:00,,,,
2023-09-11 08:20:00+00:00,,,,
2023-09-11 08:30:00+00:00,,,,
2023-09-11 08:40:00+00:00,,,,
2023-09-11 08:50:00+00:00,,,,
2023-09-11 09:00:00+00:00,,,,
2023-09-11 09:10:00+00:00,,,,
2023-09-11 09:20:00+00:00,,,,
2023-09-11 09:30:00+00:00,,,,
2023-09-11 09:40:00+00:00,,,,
2023-09-11 09:50:00+00:00,,,,
2023-09-11 10:00:00+00:00,,,,
2023-09-11 10:10:00+00:00,,,,
2023-09-11 10:20:00+00:00,,,,
2023-09-11 10:30:00+00:00,,,,
2023-09-11 10:40:00+00:00,,,,
2023-09-11 10:50:00+00:00,,,,
2023-09-11 11:00:00+00:00,,,,
2023-09-11 11:10:00+00:00,,,,
2023-09-11 11:20:00+00:00,,,,
2023-09-11 11:30:00+00:00,,,,
2023-09-11 11:40:00+00:00,,,,
2023-09-11 11:50:00+00:00,,,,
2023-09-11 12:00:00+00:00,,,,
2023-09-11 12:10:00+00:00,,,,
2023-09-11 12:20:00+00:00,,,,
2023-09-11 12:30:00+00:00,,,,
2023-09-11 12:40:00+00:00,,,,
2023-09-11 12:50:00+00:00,,,,
2023-09-11 13:00:00+00:00,,,,
2023-09-11 13:10:00+00:00,,,,
2023-09-11 13:20:00+00:00,,,,
2023-09-11 13:30:00+00:00,,,,
2023-09-11 13:40:00+00:00,,,,
2023-09-11 13:50:00+00:00,,,,
2023-09-11 14:00:00+00:00,,,,
2023-09-11 14:10:00+00:00,,,,
2023-09-11 14:20:00+00:00,,,,
2023-09-11 14:30:00+00:00,,,,
2023-09-11 14:40:00+00:00,,,,
2023-09-11 14:50:00+00:00,,,,
2023-09-11 15:00:00+00:00,,,,
2023-09-11 15:10:00+00:00,,,,
2023-09-11 15:20:00+00:00,,,,
2023-09-11 15:30:00+00:00,,,,
2023-09-11 15:40:00+00:00,,,,
2023-09-11 15:50:00+00:00,,,,
2023-09-11 16:00:00+00:00,,,,
2023-09-11 16:10:00+00:00,,,,
2023-09-11 16:20:00+00:00,,,,
2023-09-11 16:30:00+00:00,,,,
2023-09-11 16:40:00+00:00,,,,
2023-09-11 16:50:00+00:00,,,,
2023-09-11 17:00:00+00:00,,,,
2023-09-11 17:10:00+00:00,,,,
2023-09-11 17:20:00+00:00,,,,
2023-09-11 17:30:00+00:00,,,,
2023-09-11 17:40:00+00:00,,,,
2023-09-11 17:50:00+00:00,,,,
2023-09-11 18:00:00+00:00,,,,
2023-09-11 18:10:00+00:00,,,,
2023-09-11 18:20:00+00:00,,,,
2023-09-11 18:30:00+00:00,,,,
2023-09-11 18:40:00+00:00,,,,
2023-09-11 18:50:00+00:00,,,,
2023-09-11 19:00:00+00:00,,,,
2023-09-11 19:10:00+00:00,,,,
2023-09-11 19:20:00+00:00,,,,
2023-09-11 19:30:00+00:00,,,,
2023-09-11 19:40:00+00:00,,,,
2023-09-11 19:50:00+00:00,,,,
2023-09-11 20:00:00+00:00,,,,
2023-09-11 20:10:00+00:00,,,,
2023-09-11 20:20:00+00:00,,,,
2023-09-11 20:30:00+00:00,,,,
2023-09-11 20:40:00+00:00,,,,
2023-09-11 20:50:00+00:00,,,,
2023-09-11 21:00:00+00:00,,,,
2023-09-11 21:10:00+00:00,,,,
2023-09-11 21:20:00+00:00,,,,
2023-09-11 21:30:00+00:00,,,,
2023-09-11 21:40:00+00:00,,,,
2023-09-11 21:50:00+00:00,,,,
2023-09-11 22:00:00+00:00,,,,
2023-09-11 22:10:00+00:00,,,,
2023-09-11 22:20:00+00:00,,,,
2023-09-11 22:30:00+00:00,,,,
2023-09-11 22:40:00+00:00,,,,
2023-09-11 22:50:00+00:00,,,,
2023-09-11 23:00:00+00:00,,,,
2023-09-11 23:10:00+00:00,,,,
2023-09-11 23:20:00+00:00,,,,
2023-09-11 23:30:00+00:00,,,,
2023-09-11 23:40:00+00:00,,,,
2023-09-11 23:50:00+00:00,,,,
2023-09-12 00:00:00+00:00,,,,
2023-09-12 00:10:00+00:00,,,,
2023-09-12 00:20:00+00:00,,,,
2023-09-12 00:30:00+00:00,,,,
2023-09-12 00:40:00+00:00,,,,
2023-09-12 00:50:00+00:00,,,,
2023-09-12 01:00:00+00:00,,,,
2023-09-12 01:10:00+00:00,,,,
2023-09-12 01:20:00+00:00,,,,
2023-09-12 01:30:00+00:00,,,,
2023-09-12 01:40:00+00:00,,,,
2023-09-12 01:50:00+00:00,,,,
2023-09-12 02:00:00+00:00,,,,
2023-09-12 02:10:00+00:00,,,,
2023-09-12 02:20:00+00:00,,,,
2023-09-12 02:30:00+00:00,,,,
2023-09-12 02:40:00+00:00,,,,
2023-09-12 02:50:00+00:00,,,,
2023-09-12 03:00:00+00:00,,,,
2023-09-12 03:10:00+00:00,,,,
2023-09-12 03:20:00+00:00,,,,
2023-09-12 03:30:00+00:00,,,,
2023-09-12 03:40:00+00:00,,,,
2023-09-12 03:50:00+00:00,,,,
2023-09-12 04:00:00+00:00,,,,
2023-09-12 04:10:00+00:00,,,,
2023-09-12 04:20:00+00:00,,,,
2023-09-12 04:30:00+00:00,,,,
2023-09-12 04:40:00+00:00,,,,
2023-09-12 04:50:00+00:00,,,,
2023-09-12 05:00:00+00:00,,,,
2023-09-12 05:10:00+00:00,,,,
2023-09-12 05:20:00+00:00,,,,
2023-09-12 05:30:00+00:00,,,,
2023-09-12 05:40:00+00:00,,,,
2023-09-12 05:50:00+00:00,,,,
2023-09-12 06:00:00+00:00,,,,
2023-09-12 06:10:00+00:00,,,,
2023-09-12 06:20:00+00:00,,,,
2023-09-12 06:30:00+00:00,,,,
2023-09-12 06:40:00+00:00,,,,
2023-09-12 06:50:00+00:00,,,,
2023-09-12 07:00:00+00:00,,,,
2023-09-12 07:10:00+00:00,,,,
2023-09-12 07:20:00+00:00,,,,
2023-09-12 07:30:00+00:00,,,,
2023-09-12 07:40:00+00:00,,,,
2023-09-12 07:50:00+00:00,,,,
2023-09-12 08:00:00+00:00,,,,
2023-09-12 08:10:00+00:00,,,,
2023-09-12 08:20:00+00:00,,,,
2023-09-12 08:30:00+00:00,,,,
2023-09-12 08:40:00+00:00,,,,
2023-09-12 08:50:00+00:00,,,,
2023-09-12 09:00:00+00:00,,,,
2023-09-12 09:10:00+00:00,,,,
2023-09-12 09:20:00+00:00,,,,
2023-09-12 09:30:00+00:00,,,,
2023-09-12 09:40:00+00:00,,,,
2023-09-12 09:50:00+00:00,,,,
2023-09-12 10:00:00+00:00,,,,
2023-09-12 10:10:00+00:00,,,,
2023-09-12 10:20:00+00:00,,,,
2023-09-12 10:30:00+00:00,,,,
2023-09-12 10:40:00+00:00,,,,
2023-09-12 10:50:00+00:00,,,,
2023-09-12 11:00:00+00:00,,,,
2023-09-12 11:10:00+00:00,,,,
2023-09-12 11:20:00+00:00,,,,
2023-09-12 11:30:00+00:00,,,,
2023-09-12 11:40:00+00:00,,,,
2023-09-12 11:50:00+00:00,,,,
2023-09-12 12:00:00+00:00,,,,
2023-09-12 12:10:00+00:00,,,,
2023-09-12 12:20:00+00:00,,,,
2023-09-12 12:30:00+00:00,,,,
2023-09-12 12:40:00+00:00,,,,
2023-09-12 12:50:00+00:00,,,,
2023-09-12 13:00:00+00:00,,,,
2023-09-12 13:10:00+00:00,,,,
2023-09-12 13:20:00+00:00,,,,
2023-09-12 13:30:00+00:00,,,,
2023-09-12 13:40:00+00:00,,,,
2023-09-12 13:50:00+00:00,,,,
2023-09-12 14:00:00+00:00,,,,
2023-09-12 14:10:00+00:00,,,,
2023-09-12 14:20:00+00:00,,,,
2023-09-12 14:30:00+00:00,,,,
2023-09-12 14:40:00+00:00,,,,
2023-09-12 14:50:00+00:00,,,,
2023-09-12 15:00:00+00:00,,,,
2023-09-12 15:10:00+00:00,,,,
2023-09-12 15:20:00+00:00,,,,
2023-09-12 15:30:00+00:00,,,,
2023-09-12 15:40:00+00:00,,,,
2023-09-12 15:50:00+00:00,,,,
2023-09-12 16:00:00+00:00,,,,
2023-09-12 16:10:00+00:00,,,,
2023-09-12 16:20:00+00:00,,,,
2023-09-12 16:30:00+00:00,,,,
2023-09-12 16:40:00+00:00,,,,
2023-09-12 16:50:00+00:00,,,,
2023-09-12 17:00:00+00:00,,,,
2023-09-12 17:10:00+00:00,,,,
2023-09-12 17:20:00+00:00,,,,
2023-09-12 17:30:00+00:00,,,,
2023-09-12 17:40:00+00:00,,,,
2023-09-12 17:50:00+00:00,,,,
2023-09-12 18:00:00+00:00,,,,
2023-09-12 18:10:00+00:00,,,,
2023-09-12 18:20:00+00:00,,,,
2023-09-12 18:30:00+00:00,,,,
2023-09-12 18:40:00+00:00,,,,
2023-09-12 18:50:00+00:00,,,,
2023-09-12 19:00:00+00:00,,,,
2023-09-12 19:10:00+00:00,,,,
2023-09-12 19:20:00+00:00,,,,
2023-09-12 19:30:00+00:00,,,,
2023-09-12 19:40:00+00:00,,,,
2023-09-12 19:50:00+00:00,,,,
2023-09-12 20:00:00+00:00,,,,
2023-09-12 20:10:00+00:00,,,,
2023-09-12 20:20:00+00:00,,,,
2023-09-12 20:30:00+00:00,,,,
2023-09-12 20:40:00+00:00,,,,
2023-09-12 20:50:00+00:00,,,,
2023-09-12 21:00:00+00:00,,,,
2023-09-12 21:10:00+00:00,,,,
2023-09-12 21:20:00+00:00,,,,
2023-09-12 21:30:00+00:00,,,,
2023-09-12 21:40:00+00:00,,,,
2023-09-12 21:50:00+00:00,,,,
2023-09-12 22:00:00+00:00,,,,
2023-09-12 22:10:00+00:00,,,,
2023-09-12 22:20:00+00:00,,,,
2023-09-12 22:30:00+00:00,,,,
2023-09-12 22:40:00+00:00,,,,
2023-09-12 22:50:00+00:00,,,,
2023-09-12 23:00:00+00:00,,,,
2023-09-12 23:10:00+00:00,,,,
2023-09-12 23:20:00+00:00,,,,
2023-09-12 23:30:00+00:00,,,,
2023-09-12 23:40:00+00:00,,,,
2023-09-12 23:50:00+00:00,,,,
2023-09-13 00:00:00+00:00,,,,
2023-09-13 00:10:00+00:00,,,,
2023-09-13 00:20:00+00:00,,,,
2023-09-13 00:30:00+00:00,,,,
2023-09-13 00:40:00+00:00,,,,
2023-09-13 00:50:00+00:00,,,,
2023-09-13 01:00:00+00:00,,,,
2023-09-13 01:10:00+00:00,,,,
2023-09-13 01:20:00+00:00,,,,
2023-09-13 01:30:00+00:00,,,,
2023-09-13 01:40:00+00:00,,,,
2023-09-13 01:50:00+00:00,,,,
2023-09-13 02:00:00+00:00,,,,
2023-09-13 02:10:00+00:00,,,,
2023-09-13 02:20:00+00:00,,,,
2023-09-13 02:30:00+00:00,,,,
2023-09-13 02:40:00+00:00,,,,
2023-09-13 02:50:00+00:00,,,,
2023-09-13 03:00:00+00:00,,,,
2023-09-13 03:10:00+00:00,,,,
2023-09-13 03:20:00+00:00,,,,
2023-09-13 03:30:00+00:00,,,,
2023-09-13 03:40:00+00:00,,,,
2023-09-13 03:50:00+00:00,,,,
2023-09-13 04:00:00+00:00,,,,
2023-09-13 04:10:00+00:00,,,,
2023-09-13 04:20:00+00:00,,,,
2023-09-13 04:30:00+00:00,,,,
2023-09-13 04:40:00+00:00,,,,
2023-09-13 04:50:00+00:00,,,,
2023-09-13 05:00:00+00:00,,,,
2023-09-13 05:10:00+00:00,,,,
2023-09-13 05:20:00+00:00,,,,
2023-09-13 05:30:00+00:00,,,,
2023-09-13 05:40:00+00:00,,,,
2023-09-13 05:50:00+00:00,,,,
2023-09-13 06:00:00+00:00,,,,
2023-09-13 06:10:00+00:00,,,,
2023-09-13 06:20:00+00:00,,,,
2023-09-13 06:30:00+00:00,,,,
2023-09-13 06:40:00+00:00,,,,
2023-09-13 06:50:00+00:00,,,,
2023-09-13 07:00:00+00:00,,,,
2023-09-13 07:10:00+00:00,,,,
2023-09-13 07:20:00+00:00,,,,
2023-09-13 07:30:00+00:00,,,,
2023-09-13 07:40:00+00:00,,,,
2023-09-13 07:50:00+00:00,,,,
2023-09-13 08:00:00+00:00,,,,
2023-09-13 08:10:00+00:00,,,,
2023-09-13 08:20:00+00:00,,,,
2023-09-13 08:30:00+00:00,,,,
2023-09-13 08:40:00+00:00,,,,
2023-09-13 08:50:00+00:00,,,,
2023-09-13 09:00:00+00:00,,,,
2023-09-13 09:10:00+00:00,,,,
2023-09-13 09:20:00+00:00,,,,
2023-09-13 09:30:00+00:00,,,,
2023-09-13 09:40:00+00:00,,,,
2023-09-13 09:50:00+00:00,,,,
2023-09-13 10:00:00+00:00,,,,
2023-09-13 10:10:00+00:00,,,,
2023-09-13 10:20:00+00:00,,,,
2023-09-13 10:30:00+00:00,,,,
2023-09-13 10:40:00+00:00,,,,
2023-09-13 10:50:00+00:00,,,,
2023-09-13 11:00:00+00:00,,,,
2023-09-13 11:10:00+00:00,,,,
2023-09-13 11:20:00+00:00,,,,
2023-09-13 11:30:00+00:00,,,,
2023-09-13 11:40:00+00:00,,,,
2023-09-13 11:50:00+00:00,,,,
2023-09-13 12:00:00+00:00,,,,
2023-09-13 12:10:00+00:00,,,,
2023-09-13 12:20:00+00:00,,,,
2023-09-13 12:30:00+00:00,,,,
2023-09-13 12:40:00+00:00,,,,
2023-09-13 12:50:00+00:00,,,,
2023-09-13 13:00:00+00:00,,,,
2023-09-13 13:10:00+00:00,,,,
2023-09-13 13:20:00+00:00,,,,
2023-09-13 13:30:00+00:00,,,,
2023-09-13 13:40:00+00:00,,,,
2023-09-13 13:50:00+00:00,,,,
2023-09-13 14:00:00+00:00,,,,
2023-09-13 14:10:00+00:00,,,,
2023-09-13 14:20:00+00:00,,,,
2023-09-13 14:30:00+00:00,,,,
2023-09-13 14:40:00+00:00,,,,
2023-09-13 14:50:00+00:00,,,,
2023-09-13 15:00:00+00:00,,,,
2023-09-13 15:10:00+00:00,,,,
2023-09-13 15:20:00+00:00,,,,
2023-09-13 15:30:00+00:00,,,,
2023-09-13 15:40:00+00:00,,,,
2023-09-13 15:50:00+00:00,,,,
2023-09-13 16:00:00+00:00,,,,
2023-09-13 16:10:00+00:00,,,,
2023-09-13 16:20:00+00:00,,,,
2023-09-13 16:30:00+00:00,,,,
2023-09-13 16:40:00+00:00,,,,
2023-09-13 16:50:00+00:00,,,,
2023-09-13 17:00:00+00:00,,,,
2023-09-13 17:10:00+00:00,,,,
2023-09-13 17:20:00+00:00,,,,
2023-09-13 17:30:00+00:00,,,,
2023-09-13 17:40:00+00:00,,,,
2023-09-13 17:50:00+00:00,,,,
2023-09-13 18:00:00+00:00,,,,
2023-09-13 18:10:00+00:00,,,,
2023-09-13 18:20:00+00:00,,,,
2023-09-13 18:30:00+00:00,,,,
2023-09-13 18:40:00+00:00,,,,
2023-09-13 18:50:00+00:00,,,,
2023-09-13 19:00:00+00:00,,,,
2023-09-13 19:10:00+00:00,,,,
2023-09-13 19:20:00+00:00,,,,
2023-09-13 19:30:00+00:00,,,,
2023-09-13 19:40:00+00:00,,,,
2023-09-13 19:50:00+00:00,,,,
2023-09-13 20:00:00+00:00,,,,
2023-09-13 20:10:00+00:00,,,,
2023-09-13 20:20:00+00:00,,,,
2023-09-13 20:30:00+00:00,,,,
2023-09-13 20:40:00+00:00,,,,
2023-09-13 20:50:00+00:00,,,,
2023-09-13 21:00:00+00:00,,,,
2023-09-13 21:10:00+00:00,,,,
2023-09-13 21:20:00+00:00,,,,
2023-09-13 21:30:00+00:00,,,,
2023-09-13 21:40:00+00:00,,,,
2023-09-13 21:50:00+00:00,,,,
2023-09-13 22:00:00+00:00,,,,
2023-09-13 22:10:00+00:00,,,,
2023-09-13 22:20:00+00:00,,,,
2023-09-13 22:30:00+00:00,,,,
2023-09-13 22:40:00+00:00,,,,
2023-09-13 22:50:00+00:00,,,,
2023-09-13 23:00:00+00:00,,,,
2023-09-13 23:10:00+00:00,,,,
2023-09-13 23:20:00+00:00,,,,
2023-09-13 23:30:00+00:00,,,,
2023-09-13 23:40:00+00:00,,,,
2023-09-13 23:50:00+00:00,,,,
2023-09-14 00:00:00+00:00,,,,
2023-09-14 00:10:00+00:00,,,,
2023-09-14 00:20:00+00:00,,,,
2023-09-14 00:30:00+00:00,,,,
2023-09-14 00:40:00+00:00,,,,
2023-09-14 00:50:00+00:00,,,,
2023-09-14 01:00:00+00:00,,,,
2023-09-14 01:10:00+00:00,,,,
2023-09-14 01:20:00+00:00,,,,
2023-09-14 01:30:00+00:00,,,,
2023-09-14 01:40:00+00:00,,,,
2023-09-14 01:50:00+00:00,,,,
2023-09-14 02:00:00+00:00,,,,
2023-09-14 02:10:00+00:00,,,,
2023-09-14 02:20:00+00:00,,,,
2023-09-14 02:30:00+00:00,,,,
2023-09-14 02:40:00+00:00,,,,
2023-09-14 02:50:00+00:00,,,,
2023-09-14 03:00:00+00:00,,,,
2023-09-14 03:10:00+00:00,,,,
2023-09-14 03:20:00+00:00,,,,
2023-09-14 03:30:00+00:00,,,,
2023-09-14 03:40:00+00:00,,,,
2023-09-14 03:50:00+00:00,,,,
2023-09-14 04:00:00+00:00,,,,
2023-09-14 04:10:00+00:00,,,,
2023-09-14 04:20:00+00:00,,,,
2023-09-14 04:30:00+00:00,,,,
2023-09-14 04:40:00+00:00,,,,
2023-09-14 04:50:00+00:00,,,,
2023-09-14 05:00:00+00:00,,,,
2023-09-14 05:10:00+00:00,,,,
2023-09-14 05:20:00+00:00,,,,
2023-09-14 05:30:00+00:00,,,,
2023-09-14 05:40:00+00:00,,,,
2023-09-14 05:50:00+00:00,,,,
2023-09-14 06:00:00+00:00,,,,
2023-09-14 06:10:00+00:00,,,,
2023-09-14 06:20:00+00:00,,,,
2023-09-14 06:30:00+00:00,,,,
2023-09-14 06:40:00+00:00,,,,
2023-09-14 06:50:00+00:00,,,,
2023-09-14 07:00:00+00:00,,,,
2023-09-14 07:10:00+00:00,,,,
2023-09-14 07:20:00+00:00,,,,
2023-09-14 07:30:00+00:00,,,,
2023-09-14 07:40:00+00:00,,,,
2023-09-14 07:50:00+00:00,,,,
2023-09-14 08:00:00+00:00,,,,
2023-09-14 08:10:00+00:00,,,,
2023-09-14 08:20:00+00:00,,,,
2023-09-14 08:30:00+00:00,,,,
2023-09-14 08:40:00+00:00,,,,
2023-09-14 08:50:00+00:00,,,,
2023-09-14 09:00:00+00:00,,,,
2023-09-14 09:10:00+00:00,,,,
2023-09-14 09:20:00+00:00,,,,
2023-09-14 09:30:00+00:00,,,,
2023-09-14 09:40:00+00:00,,,,
2023-09-14 09:50:00+00:00,,,,
2023-09-14 10:00:00+00:00,,,,
2023-09-14 10:10:00+00:00,,,,
2023-09-14 10:20:00+00:00,,,,
2023-09-14 10:30:00+00:00,,,,
2023-09-14 10:40:00+00:00,,,,
2023-09-14 10:50:00+00:00,,,,
2023-09-14 11:00:00+00:00,,,,
2023-09-14 11:10:00+00:00,,,,
2023-09-14 11:20:00+00:00,,,,
2023-09-14 11:30:00+00:00,,,,
2023-09-14 11:40:00+00:00,,,,
2023-09-14 11:50:00+00:00,,,,
2023-09-14 12:00:00+00:00,,,,
2023-09-14 12:10:00+00:00,,,,
2023-09-14 12:20:00+00:00,,,,
2023-09-14 12:30:00+00:00,,,,
2023-09-14 12:40:00+00:00,,,,
2023-09-14 12:50:00+00:00,,,,
2023-09-14 13:00:00+00:00,,,,
2023-09-14 13:10:00+00:00,,,,
2023-09-14 13:20:00+00:00,,,,
2023-09-14 13:30:00+00:00,,,,
2023-09-14 13:40:00+00:00,,,,
2023-09-14 13:50:00+00:00,,,,
2023-09-14 14:00:00+00:00,,,,
2023-09-14 14:10:00+00:00,,,,
2023-09-14 14:20:00+00:00,,,,
2023-09-14 14:30:00+00:00,,,,
2023-09-14 14:40:00+00:00,,,,
2023-09-14 14:50:00+00:00,,,,
2023-09-14 15:00:00+00:00,,,,
2023-09-14 15:10:00+00:00,,,,
2023-09-14 15:20:00+00:00,,,,
2023-09-14 15:30:00+00:00,,,,
2023-09-14 15:40:00+00:00,,,,
2023-09-14 15:50:00+00:00,,,,
2023-09-14 16:00:00+00:00,,,,
2023-09-14 16:10:00+00:00,,,,
2023-09-14 16:20:00+00:00,,,,
2023-09-14 16:30:00+00:00,,,,
2023-09-14 16:40:00+00:00,,,,
2023-09-14 16:50:00+00:00,,,,
2023-09-14 17:00:00+00:00,,,,
2023-09-14 17:10:00+00:00,,,,
2023-09-14 17:20:00+00:00,,,,
2023-09-14 17:30:00+00:00,,,,
2023-09-14 17:40:00+00:00,,,,
2023-09-14 17:50:00+00:00,,,,
2023-09-14 18:00:00+00:00,,,,
2023-09-14 18:10:00+00:00,,,,
2023-09-14 18:20:00+00:00,,,,
2023-09-14 18:30:00+00:00,,,,
2023-09-14 18:40:00+00:00,,,,
2023-09-14 18:50:00+00:00,,,,
2023-09-14 19:00:00+00:00,,,,
2023-09-14 19:10:00+00:00,,,,
2023-09-14 19:20:00+00:00,,,,
2023-09-14 19:30:00+00:00,,,,
2023-09-14 19:40:00+00:00,,,,
2023-09-14 19:50:00+00:00,,,,
2023-09-14 20:00:00+00:00,,,,
2023-09-14 20:10:00+00:00,,,,
2023-09-14 20:20:00+00:00,,,,
2023-09-14 20:30:00+00:00,,,,
2023-09-14 20:40:00+00:00,,,,
2023-09-14 20:50:00+00:00,,,,
2023-09-14 21:00:00+00:00,,,,
2023-09-14 21:10:00+00:00,,,,
2023-09-14 21:20:00+00:00,,,,
2023-09-14 21:30:00+00:00,,,,
2023-09-14 21:40:00+00:00,,,,
2023-09-14 21:50:00+00:00,,,,
2023-09-14 22:00:00+00:00,,,,
2023-09-14 22:10:00+00:00,,,,
2023-09-14 22:20:00+00:00,,,,
2023-09-14 22:30:00+00:00,,,,
2023-09-14 22:40:00+00:00,,,,
2023-09-14 22:50:00+00:00,,,,
2023-09-14 23:00:00+00:00,,,,
2023-09-14 23:10:00+00:00,,,,
2023-09-14 23:20:00+00:00,,,,
2023-09-14 23:30:00+00:00,,,,
2023-09-14 23:40:00+00:00,,,,
2023-09-14 23:50:00+00:00,,,,
2023-09-15 00:00:00+00:00,,,,
2023-09-15 00:10:00+00:00,,,,
2023-09-15 00:20:00+00:00,,,,
2023-09-15 00:30:00+00:00,,,,
2023-09-15 00:40:00+00:00,,,,
2023-09-15 00:50:00+00:00,,,,
2023-09-15 01:00:00+00:00,,,,
2023-09-15 01:10:00+00:00,,,,
2023-09-15 01:20:00+00:00,,,,
2023-09-15 01:30:00+00:00,,,,
2023-09-15 01:40:00+00:00,,,,
2023-09-15 01:50:00+00:00,,,,
2023-09-15 02:00:00+00:00,,,,
2023-09-15 02:10:00+00:00,,,,
2023-09-15 02:20:00+00:00,,,,
2023-09-15 02:30:00+00:00,,,,
2023-09-15 02:40:00+00:00,,,,
2023-09-15 02:50:00+00:00,,,,
2023-09-15 03:00:00+00:00,,,,
2023-09-15 03:10:00+00:00,,,,
2023-09-15 03:20:00+00:00,,,,
2023-09-15 03:30:00+00:00,,,,
2023-09-15 03:40:00+00:00,,,,
2023-09-15 03:50:00+00:00,,,,
2023-09-15 04:00:00+00:00,,,,
2023-09-15 04:10:00+00:00,,,,
2023-09-15 04:20:00+00:00,,,,
2023-09-15 04:30:00+00:00,,,,
2023-09-15 04:40:00+00:00,,,,
2023-09-15 04:50:00+00:00,,,,
2023-09-15 05:00:00+00:00,,,,
2023-09-15 05:10:00+00:00,,,,
2023-09-15 05:20:00+00:00,,,,
2023-09-15 05:30:00+00:00,,,,
2023-09-15 05:40:00+00:00,,,,
2023-09-15 05:50:00+00:00,,,,
2023-09-15 06:00:00+00:00,,,,
2023-09-15 06:10:00+00:00,,,,
2023-09-15 06:20:00+00:00,,,,
2023-09-15 06:30:00+00:00,,,,
2023-09-15 06:40:00+00:00,,,,
2023-09-15 06:50:00+00:00,,,,
2023-09-15 07:00:00+00:00,,,,
2023-09-15 07:10:00+00:00,,,,
2023-09-15 07:20:00+00:00,,,,
2023-09-15 07:30:00+00:00,,,,
2023-09-15 07:40:00+00:00,,,,
2023-09-15 07:50:00+00:00,,,,
2023-09-15 08:00:00+00:00,,,,
2023-09-15 08:10:00+00:00,,,,
2023-09-15 08:20:00+00:00,,,,
2023-09-15 08:30:00+00:00,,,,
2023-09-15 08:40:00+00:00,,,,
2023-09-15 08:50:00+00:00,,,,
2023-09-15 09:00:00+00:00,,,,
2023-09-15 09:10:00+00:00,,,,
2023-09-15 09:20:00+00:00,,,,
2023-09-15 09:30:00+00:00,,,,
2023-09-15 09:40:00+00:00,,,,
2023-09-15 09:50:00+00:00,,,,
2023-09-15 10:00:00+00:00,,,,
2023-09-15 10:10:00+00:00,,,,
2023-09-15 10:20:00+00:00,,,,
2023-09-15 10:30:00+00:00,,,,
2023-09-15 10:40:00+00:00,,,,
2023-09-15 10:50:00+00:00,,,,
2023-09-15 11:00:00+00:00,,,,
2023-09-15 11:10:00+00:00,,,,
2023-09-15 11:20:00+00:00,,,,
2023-09-15 11:30:00+00:00,,,,
2023-09-15 11:40:00+00:00,,,,
2023-09-15 11:50:00+00:00,,,,
2023-09-15 12:00:00+00:00,,,,
2023-09-15 12:10:00+00:00,,,,
2023-09-15 12:20:00+00:00,,,,
2023-09-15 12:30:00+00:00,,,,
2023-09-15 12:40:00+00:00,,,,
2023-09-15 12:50:00+00:00,,,,
2023-09-15 13:00:00+00:00,,,,
2023-09-15 13:10:00+00:00,,,,
2023-09-15 13:20:00+00:00,,,,
2023-09-15 13:30:00+00:00,,,,
2023-09-15 13:40:00+00:00,,,,
2023-09-15 13:50:00+00:00,,,,
2023-09-15 14:00:00+00:00,,,,
2023-09-15 14:10:00+00:00,,,,
2023-09-15 14:20:00+00:00,,,,
2023-09-15 14:30:00+00:00,,,,
2023-09-15 14:40:00+00:00,,,,
2023-09-15 14:50:00+00:00,,,,
2023-09-15 15:00:00+00:00,,,,
2023-09-15 15:10:00+00:00,,,,
2023-09-15 15:20:00+00:00,,,,
2023-09-15 15:30:00+00:00,,,,
2023-09-15 15:40:00+00:00,,,,
2023-09-15 15:50:00+00:00,,,,
2023-09-15 16:00:00+00:00,,,,
2023-09-15 16:10:00+00:00,,,,
2023-09-15 16:20:00+00:00,,,,
2023-09-15 16:30:00+00:00,,,,
2023-09-15 16:40:00+00:00,,,,
2023-09-15 16:50:00+00:00,,,,
2023-09-15 17:00:00+00:00,,,,
2023-09-15 17:10:00+00:00,,,,
2023-09-15 17:20:00+00:00,,,,
2023-09-15 17:30:00+00:00,,,,
2023-09-15 17:40:00+00:00,,,,
2023-09-15 17:50:00+00:00,,,,
2023-09-15 18:00:00+00:00,,,,
2023-09-15 18:10:00+00:00,,,,
2023-09-15 18:20:00+00:00,,,,
2023-09-15 18:30:00+00:00,,,,
2023-09-15 18:40:00+00:00,,,,
2023-09-15 18:50:00+00:00,,,,
2023-09-15 19:00:00+00:00,,,,
2023-09-15 19:10:00+00:00,,,,
2023-09-15 19:20:00+00:00,,,,
2023-09-15 19:30:00+00:00,,,,
2023-09-15 19:40:00+00:00,,,,
2023-09-15 19:50:00+00:00,,,,
2023-09-15 20:00:00+00:00,,,,
2023-09-15 20:10:00+00:00,,,,
2023-09-15 20:20:00+00:00,,,,
2023-09-15 20:30:00+00:00,,,,
2023-09-15 20:40:00+00:00,,,,
2023-09-15 20:50:00+00:00,,,,
2023-09-15 21:00:00+00:00,,,,
2023-09-15 21:10:00+00:00,,,,
2023-09-15 21:20:00+00:00,,,,
2023-09-15 21:30:00+00:00,,,,
2023-09-15 21:40:00+00:00,,,,
2023-09-15 21:50:00+00:00,,,,
2023-09-15 22:00:00+00:00,,,,
2023-09-15 22:10:00+00:00,,,,
2023-09-15 22:20:00+00:00,,,,
2023-09-15 22:30:00+00:00,,,,
2023-09-15 22:40:00+00:00,,,,
2023-09-15 22:50:00+00:00,,,,
2023-09-15 23:00:00+00:00,,,,
2023-09-15 23:10:00+00:00,,,,
2023-09-15 23:20:00+00:00,,,,
2023-09-15 23:30:00+00:00,,,,
2023-09-15 23:40:00+00:00,,,,
2023-09-15 23:50:00+00:00,,,,
2023-09-16 00:00:00+00:00,,,,
2023-09-16 00:10:00+00:00,,,,
2023-09-16 00:20:00+00:00,,,,
2023-09-16 00:30:00+00:00,,,,
2023-09-16 00:40:00+00:00,,,,
2023-09-16 00:50:00+00:00,,,,
2023-09-16 01:00:00+00:00,,,,
2023-09-16 01:10:00+00:00,,,,
2023-09-16 01:20:00+00:00,,,,
2023-09-16 01:30:00+00:00,,,,
2023-09-16 01:40:00+00:00,,,,
2023-09-16 01:50:00+00:00,,,,
2023-09-16 02:00:00+00:00,,,,
2023-09-16 02:10:00+00:00,,,,
2023-09-16 02:20:00+00:00,,,,
2023-09-16 02:30:00+00:00,,,,
2023-09-16 02:40:00+00:00,,,,
2023-09-16 02:50:00+00:00,,,,
2023-09-16 03:00:00+00:00,,,,
2023-09-16 03:10:00+00:00,,,,
2023-09-16 03:20:00+00:00,,,,
2023-09-16 03:30:00+00:00,,,,
2023-09-16 03:40:00+00:00,,,,
2023-09-16 03:50:00+00:00,,,,
2023-09-16 04:00:00+00:00,,,,
2023-09-16 04:10:00+00:00,,,,
2023-09-16 04:20:00+00:00,,,,
2023-09-16 04:30:00+00:00,,,,
2023-09-16 04:40:00+00:00,,,,
2023-09-16 04:50:00+00:00,,,,
2023-09-16 05:00:00+00:00,,,,
2023-09-16 05:10:00+00:00,,,,
2023-09-16 05:20:00+00:00,,,,
2023-09-16 05:30:00+00:00,,,,
2023-09-16 05:40:00+00:00,,,,
2023-09-16 05:50:00+00:00,,,,
2023-09-16 06:00:00+00:00,,,,
2023-09-16 06:10:00+00:00,,,,
2023-09-16 06:20:00+00:00,,,,
2023-09-16 06:30:00+00:00,,,,
2023-09-16 06:40:00+00:00,,,,
2023-09-16 06:50:00+00:00,,,,
2023-09-16 07:00:00+00:00,,,,
2023-09-16 07:10:00+00:00,,,,
2023-09-16 07:20:00+00:00,,,,
2023-09-16 07:30:00+00:00,,,,
2023-09-16 07:40:00+00:00,,,,
2023-09-16 07:50:00+00:00,,,,
2023-09-16 08:00:00+00:00,,,,
2023-09-16 08:10:00+00:00,,,,
2023-09-16 08:20:00+00:00,,,,
2023-09-16 08:30:00+00:00,,,,
2023-09-16 08:40:00+00:00,,,,
2023-09-16 08:50:00+00:00,,,,
2023-09-16 09:00:00+00:00,,,,
2023-09-16 09:10:00+00:00,,,,
2023-09-16 09:20:00+00:00,,,,
2023-09-16 09:30:00+00:00,,,,
2023-09-16 09:40:00+00:00,,,,
2023-09-16 09:50:00+00:00,,,,
2023-09-16 10:00:00+00:00,,,,
2023-09-16 10:10:00+00:00,,,,
2023-09-16 10:20:00+00:00,,,,
2023-09-16 10:30:00+00:00,,,,
2023-09-16 10:40:00+00:00,,,,
2023-09-16 10:50:00+00:00,,,,
2023-09-16 11:00:00+00:00,,,,
2023-09-16 11:10:00+00:00,,,,
2023-09-16 11:20:00+00:00,,,,
2023-09-16 11:30:00+00:00,,,,
2023-09-16 11:40:00+00:00,,,,
2023-09-16 11:50:00+00:00,,,,
2023-09-16 12:00:00+00:00,,,,
2023-09-16 12:10:00+00:00,,,,
2023-09-16 12:20:00+00:00,,,,
2023-09-16 12:30:00+00:00,,,,
2023-09-16 12:40:00+00:00,,,,
2023-09-16 12:50:00+00:00,,,,
2023-09-16 13:00:00+00:00,,,,
2023-09-16 13:10:00+00:00,,,,
2023-09-16 13:20:00+00:00,,,,
2023-09-16 13:30:00+00:00,,,,
2023-09-16 13:40:00+00:00,,,,
2023-09-16 13:50:00+00:00,,,,
2023-09-16 14:00:00+00:00,,,,
2023-09-16 14:10:00+00:00,,,,
2023-09-16 14:20:00+00:00,,,,
2023-09-16 14:30:00+00:00,,,,
2023-09-16 14:40:00+00:00,,,,
2023-09-16 14:50:00+00:00,,,,
2023-09-16 15:00:00+00:00,,,,
2023-09-16 15:10:00+00:00,,,,
2023-09-16 15:20:00+00:00,,,,
2023-09-16 15:30:00+00:00,,,,
2023-09-16 15:40:00+00:00,,,,
2023-09-16 15:50:00+00:00,,,,
2023-09-16 16:00:00+00:00,,,,
2023-09-16 16:10:00+00:00,,,,
2023-09-16 16:20:00+00:00,,,,
2023-09-16 16:30:00+00:00,,,,
2023-09-16 16:40:00+00:00,,,,
2023-09-16 16:50:00+00:00,,,,
2023-09-16 17:00:00+00:00,,,,
2023-09-16 17:10:00+00:00,,,,
2023-09-16 17:20:00+00:00,,,,
2023-09-16 17:30:00+00:00,,,,
2023-09-16 17:40:00+00:00,,,,
2023-09-16 17:50:00+00:00,,,,
2023-09-16 18:00:00+00:00,,,,
2023-09-16 18:10:00+00:00,,,,
2023-09-16 18:20:00+00:00,,,,
2023-09-16 18:30:00+00:00,,,,
2023-09-16 18:40:00+00:00,,,,
2023-09-16 18:50:00+00:00,,,,
2023-09-16 19:00:00+00:00,,,,
2023-09-16 19:10:00+00:00,,,,
2023-09-16 19:20:00+00:00,,,,
2023-09-16 19:30:00+00:00,,,,
2023-09-16 19:40:00+00:00,,,,
2023-09-16 19:50:00+00:00,,,,
2023-09-16 20:00:00+00:00,,,,
2023-09-16 20:10:00+00:00,,,,
2023-09-16 20:20:00+00:00,,,,
2023-09-16 20:30:00+00:00,,,,
2023-09-16 20:40:00+00:00,,,,
2023-09-16 20:50:00+00:00,,,,
2023-09-16 21:00:00+00:00,,,,
2023-09-16 21:10:00+00:00,,,,
2023-09-16 21:20:00+00:00,,,,
2023-09-16 21:30:00+00:00,,,,
2023-09-16 21:40:00+00:00,,,,
2023-09-16 21:50:00+00:00,,,,
2023-09-16 22:00:00+00:00,,,,
2023-09-16 22:10:00+00:00,,,,
2023-09-16 22:20:00+00:00,,,,
2023-09-16 22:30:00+00:00,,,,
2023-09-16 22:40:00+00:00,,,,
2023-09-16 22:50:00+00:00,,,,
2023-09-16 23:00:00+00:00,,,,
2023-09-16 23:10:00+00:00,,,,
2023-09-16 23:20:00+00:00,,,,
2023-09-16 23:30:00+00:00,,,,
2023-09-16 23:40:00+00:00,,,,
2023-09-16 23:50:00+00:00,,,,
2023-09-17 00:00:00+00:00,,,,
2023-09-17 00:10:00+00:00,,,,
2023-09-17 00:20:00+00:00,,,,
2023-09-17 00:30:00+00:00,,,,
2023-09-17 00:40:00+00:00,,,,
2023-09-17 00:50:00+00:00,,,,
2023-09-17 01:00:00+00:00,,,,
2023-09-17 01:10:00+00:00,,,,
2023-09-17 01:20:00+00:00,,,,
2023-09-17 01:30:00+00:00,,,,
2023-09-17 01:40:00+00:00,,,,
2023-09-17 01:50:00+00:00,,,,
2023-09-17 02:00:00+00:00,,,,
2023-09-17 02:10:00+00:00,,,,
2023-09-17 02:20:00+00:00,,,,
2023-09-17 02:30:00+00:00,,,,
2023-09-17 02:40:00+00:00,,,,
2023-09-17 02:50:00+00:00,,,,
2023-09-17 03:00:00+00:00,,,,
2023-09-17 03:10:00+00:00,,,,
2023-09-17 03:20:00+00:00,,,,
2023-09-17 03:30:00+00:00,,,,
2023-09-17 03:40:00+00:00,,,,
2023-09-17 03:50:00+00:00,,,,
2023-09-17 04:00:00+00:00,,,,
2023-09-17 04:10:00+00:00,,,,
2023-09-17 04:20:00+00:00,,,,
2023-09-17 04:30:00+00:00,,,,
2023-09-17 04:40:00+00:00,,,,
2023-09-17 04:50:00+00:00,,,,
2023-09-17 05:00:00+00:00,,,,
2023-09-17 05:10:00+00:00,,,,
2023-09-17 05:20:00+00:00,,,,
2023-09-17 05:30:00+00:00,,,,
2023-09-17 05:40:00+00:00,,,,
2023-09-17 05:50:00+00:00,,,,
2023-09-17 06:00:00+00:00,,,,
2023-09-17 06:10:00+00:00,,,,
2023-09-17 06:20:00+00:00,,,,
2023-09-17 06:30:00+00:00,,,,
2023-09-17 06:40:00+00:00,,,,
2023-09-17 06:50:00+00:00,,,,
2023-09-17 07:00:00+00:00,,,,
2023-09-17 07:10:00+00:00,,,,
2023-09-17 07:20:00+00:00,,,,
2023-09-17 07:30:00+00:00,,,,
2023-09-17 07:40:00+00:00,,,,
2023-09-17 07:50:00+00:00,,,,
2023-09-17 08:00:00+00:00,,,,
2023-09-17 08:10:00+00:00,,,,
2023-09-17 08:20:00+00:00,,,,
2023-09-17 08:30:00+00:00,,,,
2023-09-17 08:40:00+00:00,,,,
2023-09-17 08:50:00+00:00,,,,
2023-09-17 09:00:00+00:00,,,,
2023-09-17 09:10:00+00:00,,,,
2023-09-17 09:20:00+00:00,,,,
2023-09-17 09:30:00+00:00,,,,
2023-09-17 09:40:00+00:00,,,,
2023-09-17 09:50:00+00:00,,,,
2023-09-17 10:00:00+00:00,,,,
2023-09-17 10:10:00+00:00,,,,
2023-09-17 10:20:00+00:00,,,,
2023-09-17 10:30:00+00:00,,,,
2023-09-17 10:40:00+00:00,,,,
2023-09-17 10:50:00+00:00,,,,
2023-09-17 11:00:00+00:00,,,,
2023-09-17 11:10:00+00:00,,,,
2023-09-17 11:20:00+00:00,,,,
2023-09-17 11:30:00+00:00,,,,
2023-09-17 11:40:00+00:00,,,,
2023-09-17 11:50:00+00:00,,,,
2023-09-17 12:00:00+00:00,,,,
2023-09-17 12:10:00+00:00,,,,
2023-09-17 12:20:00+00:00,,,,
2023-09-17 12:30:00+00:00,,,,
2023-09-17 12:40:00+00:00,,,,
2023-09-17 12:50:00+00:00,,,,
2023-09-17 13:00:00+00:00,,,,
2023-09-17 13:10:00+00:00,,,,
2023-09-17 13:20:00+00:00,,,,
2023-09-17 13:30:00+00:00,,,,
2023-09-17 13:40:00+00:00,,,,
2023-09-17 13:50:00+00:00,,,,
2023-09-17 14:00:00+00:00,,,,
2023-09-17 14:10:00+00:00,,,,
2023-09-17 14:20:00+00:00,,,,
2023-09-17 14:30:00+00:00,,,,
2023-09-17 14:40:00+00:00,,,,
2023-09-17 14:50:00+00:00,,,,
2023-09-17 15:00:00+00:00,,,,
2023-09-17 15:10:00+00:00,,,,
2023-09-17 15:20:00+00:00,,,,
2023-09-17 15:30:00+00:00,,,,
2023-09-17 15:40:00+00:00,,,,
2023-09-17 15:50:00+00:00,,,,
2023-09-17 16:00:00+00:00,,,,
2023-09-17 16:10:00+00:00,,,,
2023-09-17 16:20:00+00:00,,,,
2023-09-17 16:30:00+00:00,,,,
2023-09-17 16:40:00+00:00,,,,
2023-09-17 16:50:00+00:00,,,,
2023-09-17 17:00:00+00:00,,,,
2023-09-17 17:10:00+00:00,,,,
2023-09-17 17:20:00+00:00,,,,
2023-09-17 17:30:00+00:00,,,,
2023-09-17 17:40:00+00:00,,,,
2023-09-17 17:50:00+00:00,,,,
2023-09-17 18:00:00+00:00,,,,
2023-09-17 18:10:00+00:00,,,,
2023-09-17 18:20:00+00:00,,,,
2023-09-17 18:30:00+00:00,,,,
2023-09-17 18:40:00+00:00,,,,
2023-09-17 18:50:00+00:00,,,,
2023-09-17 19:00:00+00:00,,,,
2023-09-17 19:10:00+00:00,,,,
2023-09-17 19:20:00+00:00,,,,
2023-09-17 19:30:00+00:00,,,,
2023-09-17 19:40:00+00:00,,,,
2023-09-17 19:50:00+00:00,,,,
2023-09-17 20:00:00+00:00,,,,
2023-09-17 20:10:00+00:00,,,,
2023-09-17 20:20:00+00:00,,,,
2023-09-17 20:30:00+00:00,,,,
2023-09-17 20:40:00+00:00,,,,
2023-09-17 20:50:00+00:00,,,,
2023-09-17 21:00:00+00:00,,,,
2023-09-17 21:10:00+00:00,,,,
2023-09-17 21:20:00+00:00,,,,
2023-09-17 21:30:00+00:00,,,,
2023-09-17 21:40:00+00:00,,,,
2023-09-17 21:50:00+00:00,,,,
2023-09-17 22:00:00+00:00,,,,
2023-09-17 22:10:00+00:00,,,,
2023-09-17 22:20:00+00:00,,,,
2023-09-17 22:30:00+00:00,,,,
2023-09-17 22:40:00+00:00,,,,
2023-09-17 22:50:00+00:00,,,,
2023-09-17 23:00:00+00:00,,,,
2023-09-17 23:10:00+00:00,,,,
2023-09-17 23:20:00+00:00,,,,
2023-09-17 23:30:00+00:00,,,,
2023-09-17 23:40:00+00:00,,,,
2023-09-17 23:50:00+00:00,,,,
2023-09-18 00:00:00+00:00,,,,
2023-09-18 00:10:00+00:00,,,,
2023-09-18 00:20:00+00:00,,,,
2023-09-18 00:30:00+00:00,,,,
2023-09-18 00:40:00+00:00,,,,
2023-09-18 00:50:00+00:00,,,,
2023-09-18 01:00:00+00:00,,,,
2023-09-18 01:10:00+00:00,,,,
2023-09-18 01:20:00+00:00,,,,
2023-09-18 01:30:00+00:00,,,,
2023-09-18 01:40:00+00:00,,,,
2023-09-18 01:50:00+00:00,,,,
2023-09-18 02:00:00+00:00,,,,
2023-09-18 02:10:00+00:00,,,,
2023-09-18 02:20:00+00:00,,,,
2023-09-18 02:30:00+00:00,,,,
2023-09-18 02:40:00+00:00,,,,
2023-09-18 02:50:00+00:00,,,,
2023-09-18 03:00:00+00:00,,,,
2023-09-18 03:10:00+00:00,,,,
2023-09-18 03:20:00+00:00,,,,
2023-09-18 03:30:00+00:00,,,,
2023-09-18 03:40:00+00:00,,,,
2023-09-18 03:50:00+00:00,,,,
2023-09-18 04:00:00+00:00,,,,
2023-09-18 04:10:00+00:00,,,,
2023-09-18 04:20:00+00:00,,,,
2023-09-18 04:30:00+00:00,,,,
2023-09-18 04:40:00+00:00,,,,
2023-09-18 04:50:00+00:00,,,,
2023-09-18 05:00:00+00:00,,,,
2023-09-18 05:10:00+00:00,,,,
2023-09-18 05:20:00+00:00,,,,
2023-09-18 05:30:00+00:00,,,,
2023-09-18 05:40:00+00:00,,,,
2023-09-18 05:50:00+00:00,,,,
2023-09-18 06:00:00+00:00,,,,
2023-09-18 06:10:00+00:00,,,,
2023-09-18 06:20:00+00:00,,,,
2023-09-18 06:30:00+00:00,,,,
2023-09-18 06:40:00+00:00,,,,
2023-09-18 06:50:00+00:00,,,,
2023-09-18 07:00:00+00:00,,,,
2023-09-18 07:10:00+00:00,,,,
2023-09-18 07:20:00+00:00,,,,
2023-09-18 07:30:00+00:00,,,,
2023-09-18 07:40:00+00:00,,,,
2023-09-18 07:50:00+00:00,,,,
2023-09-18 08:00:00+00:00,,,,
2023-09-18 08:10:00+00:00,,,,
2023-09-18 08:20:00+00:00,,,,
2023-09-18 08:30:00+00:00,,,,
2023-09-18 08:40:00+00:00,,,,
2023-09-18 08:50:00+00:00,,,,
2023-09-18 09:00:00+00:00,,,,
2023-09-18 09:10:00+00:00,,,,
2023-09-18 09:20:00+00:00,,,,
2023-09-18 09:30:00+00:00,,,,
2023-09-18 09:40:00+00:00,,,,
2023-09-18 09:50:00+00:00,,,,
2023-09-18 10:00:00+00:00,,,,
2023-09-18 10:10:00+00:00,,,,
2023-09-18 10:20:00+00:00,,,,
2023-09-18 10:30:00+00:00,,,,
2023-09-18 10:40:00+00:00,,,,
2023-09-18 10:50:00+00:00,,,,
2023-09-18 11:00:00+00:00,,,,
2023-09-18 11:10:00+00:00,,,,
2023-09-18 11:20:00+00:00,,,,
2023-09-18 11:30:00+00:00,,,,
2023-09-18 11:40:00+00:00,,,,
2023-09-18 11:50:00+00:00,,,,
2023-09-18 12:00:00+00:00,,,,
2023-09-18 12:10:00+00:00,,,,
2023-09-18 12:20:00+00:00,,,,
2023-09-18 12:30:00+00:00,,,,
2023-09-18 12:40:00+00:00,,,,
2023-09-18 12:50:00+00:00,,,,
2023-09-18 13:00:00+00:00,,,,
2023-09-18 13:10:00+00:00,,,,
2023-09-18 13:20:00+00:00,,,,
2023-09-18 13:30:00+00:00,,,,
2023-09-18 13:40:00+00:00,,,,
2023-09-18 13:50:00+00:00,,,,
2023-09-18 14:00:00+00:00,,,,
2023-09-18 14:10:00+00:00,,,,
2023-09-18 14:20:00+00:00,,,,
2023-09-18 14:30:00+00:00,,,,
2023-09-18 14:40:00+00:00,,,,
2023-09-18 14:50:00+00:00,,,,
2023-09-18 15:00:00+00:00,,,,
2023-09-18 15:10:00+00:00,,,,
2023-09-18 15:20:00+00:00,,,,
2023-09-18 15:30:00+00:00,,,,
2023-09-18 15:40:00+00:00,,,,
2023-09-18 15:50:00+00:00,,,,
2023-09-18 16:00:00+00:00,,,,
2023-09-18 16:10:00+00:00,,,,
2023-09-18 16:20:00+00:00,,,,
2023-09-18 16:30:00+00:00,,,,
2023-09-18 16:40:00+00:00,,,,
2023-09-18 16:50:00+00:00,,,,
2023-09-18 17:00:00+00:00,,,,
2023-09-18 17:10:00+00:00,,,,
2023-09-18 17:20:00+00:00,,,,
2023-09-18 17:30:00+00:00,,,,
2023-09-18 17:40:00+00:00,,,,
2023-09-18 17:50:00+00:00,,,,
2023-09-18 18:00:00+00:00,,,,
2023-09-18 18:10:00+00:00,,,,
2023-09-18 18:20:00+00:00,,,,
2023-09-18 18:30:00+00:00,,,,
2023-09-18 18:40:00+00:00,,,,
2023-09-18 18:50:00+00:00,,,,
2023-09-18 19:00:00+00:00,,,,
2023-09-18 19:10:00+00:00,,,,
2023-09-18 19:20:00+00:00,,,,
2023-09-18 19:30:00+00:00,,,,
2023-09-18 19:40:00+00:00,,,,
2023-09-18 19:50:00+00:00,,,,
2023-09-18 20:00:00+00:00,,,,
2023-09-18 20:10:00+00:00,,,,
2023-09-18 20:20:00+00:00,,,,
2023-09-18 20:30:00+00:00,,,,
2023-09-18 20:40:00+00:00,,,,
2023-09-18 20:50:00+00:00,,,,
2023-09-18 21:00:00+00:00,,,,
2023-09-18 21:10:00+00:00,,,,
2023-09-18 21:20:00+00:00,,,,
2023-09-18 21:30:00+00:00,,,,
2023-09-18 21:40:00+00:00,,,,
2023-09-18 21:50:00+00:00,,,,
2023-09-18 22:00:00+00:00,,,,
2023-09-18 22:10:00+00:00,,,,
2023-09-18 22:20:00+00:00,,,,
2023-09-18 22:30:00+00:00,,,,
2023-09-18 22:40:00+00:00,,,,
2023-09-18 22:50:00+00:00,,,,
2023-09-18 23:00:00+00:00,,,,
2023-09-18 23:10:00+00:00,,,,
2023-09-18 23:20:00+00:00,,,,
2023-09-18 23:30:00+00:00,,,,
2023-09-18 23:40:00+00:00,,,,
2023-09-18 23:50:00+00:00,,,,
2023-09-19 00:00:00+00:00,,,,
2023-09-19 00:10:00+00:00,,,,
2023-09-19 00:20:00+00:00,,,,
2023-09-19 00:30:00+00:00,,,,
2023-09-19 00:40:00+00:00,,,,
2023-09-19 00:50:00+00:00,,,,
2023-09-19 01:00:00+00:00,,,,
2023-09-19 01:10:00+00:00,,,,
2023-09-19 01:20:00+00:00,,,,
2023-09-19 01:30:00+00:00,,,,
2023-09-19 01:40:00+00:00,,,,
2023-09-19 01:50:00+00:00,,,,
2023-09-19 02:00:00+00:00,,,,
2023-09-19 02:10:00+00:00,,,,
2023-09-19 02:20:00+00:00,,,,
2023-09-19 02:30:00+00:00,,,,
2023-09-19 02:40:00+00:00,,,,
2023-09-19 02:50:00+00:00,,,,
2023-09-19 03:00:00+00:00,,,,
2023-09-19 03:10:00+00:00,,,,
2023-09-19 03:20:00+00:00,,,,
2023-09-19 03:30:00+00:00,,,,
2023-09-19 03:40:00+00:00,,,,
2023-09-19 03:50:00+00:00,,,,
2023-09-19 04:00:00+00:00,,,,
2023-09-19 04:10:00+00:00,,,,
2023-09-19 04:20:00+00:00,,,,
2023-09-19 04:30:00+00:00,,,,
2023-09-19 04:40:00+00:00,,,,
2023-09-19 04:50:00+00:00,,,,
2023-09-19 05:00:00+00:00,,,,
2023-09-19 05:10:00+00:00,,,,
2023-09-19 05:20:00+00:00,,,,
2023-09-19 05:30:00+00:00,,,,
2023-09-19 05:40:00+00:00,,,,
2023-09-19 05:50:00+00:00,,,,
2023-09-19 06:00:00+00:00,,,,
2023-09-19 06:10:00+00:00,,,,
2023-09-19 06:20:00+00:00,,,,
2023-09-19 06:30:00+00:00,,,,
2023-09-19 06:40:00+00:00,,,,
2023-09-19 06:50:00+00:00,,,,
2023-09-19 07:00:00+00:00,,,,
2023-09-19 07:10:00+00:00,,,,
2023-09-19 07:20:00+00:00,,,,
2023-09-19 07:30:00+00:00,,,,
2023-09-19 07:40:00+00:00,,,,
2023-09-19 07:50:00+00:00,,,,
2023-09-19 08:00:00+00:00,,,,
2023-09-19 08:10:00+00:00,,,,
2023-09-19 08:20:00+00:00,,,,
2023-09-19 08:30:00+00:00,,,,
2023-09-19 08:40:00+00:00,,,,
2023-09-19 08:50:00+00:00,,,,
2023-09-19 09:00:00+00:00,,,,
2023-09-19 09:10:00+00:00,,,,
2023-09-19 09:20:00+00:00,,,,
2023-09-19 09:30:00+00:00,,,,
2023-09-19 09:40:00+00:00,,,,
2023-09-19 09:50:00+00:00,,,,
2023-09-19 10:00:00+00:00,,,,
2023-09-19 10:10:00+00:00,,,,
2023-09-19 10:20:00+00:00,,,,
2023-09-19 10:30:00+00:00,,,,
2023-09-19 10:40:00+00:00,,,,
2023-09-19 10:50:00+00:00,,,,
2023-09-19 11:00:00+00:00,,,,
2023-09-19 11:10:00+00:00,,,,
2023-09-19 11:20:00+00:00,,,,
2023-09-19 11:30:00+00:00,,,,
2023-09-19 11:40:00+00:00,,,,
2023-09-19 11:50:00+00:00,,,,
2023-09-19 12:00:00+00:00,,,,
2023-09-19 12:10:00+00:00,,,,
2023-09-19 12:20:00+00:00,,,,
2023-09-19 12:30:00+00:00,,,,
2023-09-19 12:40:00+00:00,,,,
2023-09-19 12:50:00+00:00,,,,
2023-09-19 13:00:00+00:00,,,,
2023-09-19 13:10:00+00:00,,,,
2023-09-19 13:20:00+00:00,,,,
2023-09-19 13:30:00+00:00,,,,
2023-09-19 13:40:00+00:00,,,,
2023-09-19 13:50:00+00:00,,,,
2023-09-19 14:00:00+00:00,,,,
2023-09-19 14:10:00+00:00,,,,
2023-09-19 14:20:00+00:00,,,,
2023-09-19 14:30:00+00:00,,,,
2023-09-19 14:40:00+00:00,,,,
2023-09-19 14:50:00+00:00,,,,
2023-09-19 15:00:00+00:00,,,,
2023-09-19 15:10:00+00:00,,,,
2023-09-19 15:20:00+00:00,,,,
2023-09-19 15:30:00+00:00,,,,
2023-09-19 15:40:00+00:00,,,,
2023-09-19 15:50:00+00:00,,,,
2023-09-19 16:00:00+00:00,,,,
2023-09-19 16:10:00+00:00,,,,
2023-09-19 16:20:00+00:00,,,,
2023-09-19 16:30:00+00:00,,,,
2023-09-19 16:40:00+00:00,,,,
2023-09-19 16:50:00+00:00,,,,
2023-09-19 17:00:00+00:00,,,,
2023-09-19 17:10:00+00:00,,,,
2023-09-19 17:20:00+00:00,,,,
2023-09-19 17:30:00+00:00,,,,
2023-09-19 17:40:00+00:00,,,,
2023-09-19 17:50:00+00:00,,,,
2023-09-19 18:00:00+00:00,,,,
2023-09-19 18:10:00+00:00,,,,
2023-09-19 18:20:00+00:00,,,,
2023-09-19 18:30:00+00:00,,,,
2023-09-19 18:40:00+00:00,,,,
2023-09-19 18:50:00+00:00,,,,
2023-09-19 19:00:00+00:00,,,,
2023-09-19 19:10:00+00:00,,,,
2023-09-19 19:20:00+00:00,,,,
2023-09-19 19:30:00+00:00,,,,
2023-09-19 19:40:00+00:00,,,,
2023-09-19 19:50:00+00:00,,,,
2023-09-19 20:00:00+00:00,,,,
2023-09-19 20:10:00+00:00,,,,
2023-09-19 20:20:00+00:00,,,,
2023-09-19 20:30:00+00:00,,,,
2023-09-19 20:40:00+00:00,,,,
2023-09-19 20:50:00+00:00,,,,
2023-09-19 21:00:00+00:00,,,,
2023-09-19 21:10:00+00:00,,,,
2023-09-19 21:20:00+00:00,,,,
2023-09-19 21:30:00+00:00,,,,
2023-09-19 21:40:00+00:00,,,,
2023-09-19 21:50:00+00:00,,,,
2023-09-19 22:00:00+00:00,,,,
2023-09-19 22:10:00+00:00,,,,
2023-09-19 22:20:00+00:00,,,,
2023-09-19 22:30:00+00:00,,,,
2023-09-19 22:40:00+00:00,,,,
2023-09-19 22:50:00+00:00,,,,
2023-09-19 23:00:00+00:00,,,,
2023-09-19 23:10:00+00:00,,,,
2023-09-19 23:20:00+00:00,,,,
2023-09-19 23:30:00+00:00,,,,
2023-09-19 23:40:00+00:00,,,,
2023-09-19 23:50:00+00:00,,,,
2023-09-20 00:00:00+00:00,,,,
2023-09-20 00:10:00+00:00,,,,
2023-09-20 00:20:00+00:00,,,,
2023-09-20 00:30:00+00:00,,,,
2023-09-20 00:40:00+00:00,,,,
2023-09-20 00:50:00+00:00,,,,
2023-09-20 01:00:00+00:00,,,,
2023-09-20 01:10:00+00:00,,,,
2023-09-20 01:20:00+00:00,,,,
2023-09-20 01:30:00+00:00,,,,
2023-09-20 01:40:00+00:00,,,,
2023-09-20 01:50:00+00:00,,,,
2023-09-20 02:00:00+00:00,,,,
2023-09-20 02:10:00+00:00,,,,
2023-09-20 02:20:00+00:00,,,,
2023-09-20 02:30:00+00:00,,,,
2023-09-20 02:40:00+00:00,,,,
2023-09-20 02:50:00+00:00,,,,
2023-09-20 03:00:00+00:00,,,,
2023-09-20 03:10:00+00:00,,,,
2023-09-20 03:20:00+00:00,,,,
2023-09-20 03:30:00+00:00,,,,
2023-09-20 03:40:00+00:00,,,,
2023-09-20 03:50:00+00:00,,,,
2023-09-20 04:00:00+00:00,,,,
2023-09-20 04:10:00+00:00,,,,
2023-09-20 04:20:00+00:00,,,,
2023-09-20 04:30:00+00:00,,,,
2023-09-20 04:40:00+00:00,,,,
2023-09-20 04:50:00+00:00,,,,
2023-09-20 05:00:00+00:00,,,,
2023-09-20 05:10:00+00:00,,,,
2023-09-20 05:20:00+00:00,,,,
2023-09-20 05:30:00+00:00,,,,
2023-09-20 05:40:00+00:00,,,,
2023-09-20 05:50:00+00:00,,,,
2023-09-20 06:00:00+00:00,,,,
2023-09-20 06:10:00+00:00,,,,
2023-09-20 06:20:00+00:00,,,,
2023-09-20 06:30:00+00:00,,,,
2023-09-20 06:40:00+00:00,,,,
2023-09-20 06:50:00+00:00,,,,
2023-09-20 07:00:00+00:00,,,,
2023-09-20 07:10:00+00:00,,,,
2023-09-20 07:20:00+00:00,,,,
2023-09-20 07:30:00+00:00,,,,
2023-09-20 07:40:00+00:00,,,,
2023-09-20 07:50:00+00:00,,,,
2023-09-20 08:00:00+00:00,,,,
2023-09-20 08:10:00+00:00,,,,
2023-09-20 08:20:00+00:00,,,,
2023-09-20 08:30:00+00:00,,,,
2023-09-20 08:40:00+00:00,,,,
2023-09-20 08:50:00+00:00,,,,
2023-09-20 09:00:00+00:00,,,,
2023-09-20 09:10:00+00:00,,,,
2023-09-20 09:20:00+00:00,,,,
2023-09-20 09:30:00+00:00,,,,
2023-09-20 09:40:00+00:00,,,,
2023-09-20 09:50:00+00:00,,,,
2023-09-20 10:00:00+00:00,,,,
2023-09-20 10:10:00+00:00,,,,
2023-09-20 10:20:00+00:00,,,,
2023-09-20 10:30:00+00:00,,,,
2023-09-20 10:40:00+00:00,,,,
2023-09-20 10:50:00+00:00,,,,
2023-09-20 11:00:00+00:00,,,,
2023-09-20 11:10:00+00:00,,,,
2023-09-20 11:20:00+00:00,,,,
2023-09-20 11:30:00+00:00,,,,
2023-09-20 11:40:00+00:00,,,,
2023-09-20 11:50:00+00:00,,,,
2023-09-20 12:00:00+00:00,,,,
2023-09-20 12:10:00+00:00,,,,
2023-09-20 12:20:00+00:00,,,,
2023-09-20 12:30:00+00:00,,,,
2023-09-20 12:40:00+00:00,,,,
2023-09-20 12:50:00+00:00,,,,
2023-09-20 13:00:00+00:00,,,,
2023-09-20 13:10:00+00:00,,,,
2023-09-20 13:20:00+00:00,,,,
2023-09-20 13:30:00+00:00,,,,
2023-09-20 13:40:00+00:00,,,,
2023-09-20 13:50:00+00:00,,,,
2023-09-20 14:00:00+00:00,,,,
2023-09-20 14:10:00+00:00,,,,
2023-09-20 14:20:00+00:00,,,,
2023-09-20 14:30:00+00:00,,,,
2023-09-20 14:40:00+00:00,,,,
2023-09-20 14:50:00+00:00,,,,
2023-09-20 15:00:00+00:00,,,,
2023-09-20 15:10:00+00:00,,,,
2023-09-20 15:20:00+00:00,,,,
2023-09-20 15:30:00+00:00,,,,
2023-09-20 15:40:00+00:00,,,,
2023-09-20 15:50:00+00:00,,,,
2023-09-20 16:00:00+00:00,,,,
2023-09-20 16:10:00+00:00,,,,
2023-09-20 16:20:00+00:00,,,,
2023-09-20 16:30:00+00:00,,,,
2023-09-20 16:40:00+00:00,,,,
2023-09-20 16:50:00+00:00,,,,
2023-09-20 17:00:00+00:00,,,,
2023-09-20 17:10:00+00:00,,,,
2023-09-20 17:20:00+00:00,,,,
2023-09-20 17:30:00+00:00,,,,
2023-09-20 17:40:00+00:00,,,,
2023-09-20 17:50:00+00:00,,,,
2023-09-20 18:00:00+00:00,,,,
2023-09-20 18:10:00+00:00,,,,
2023-09-20 18:20:00+00:00,,,,
2023-09-20 18:30:00+00:00,,,,
2023-09-20 18:40:00+00:00,,,,
2023-09-20 18:50:00+00:00,,,,
2023-09-20 19:00:00+00:00,,,,
2023-09-20 19:10:00+00:00,,,,
2023-09-20 19:20:00+00:00,,,,
2023-09-20 19:30:00+00:00,,,,
2023-09-20 19:40:00+00:00,,,,
2023-09-20 19:50:00+00:00,,,,
2023-09-20 20:00:00+00:00,,,,
2023-09-20 20:10:00+00:00,,,,
2023-09-20 20:20:00+00:00,,,,
2023-09-20 20:30:00+00:00,,,,
2023-09-20 20:40:00+00:00,,,,
2023-09-20 20:50:00+00:00,,,,
2023-09-20 21:00:00+00:00,,,,
2023-09-20 21:10:00+00:00,,,,
2023-09-20 21:20:00+00:00,,,,
2023-09-20 21:30:00+00:00,,,,
2023-09-20 21:40:00+00:00,,,,
2023-09-20 21:50:00+00:00,,,,
2023-09-20 22:00:00+00:00,,,,
2023-09-20 22:10:00+00:00,,,,
2023-09-20 22:20:00+00:00,,,,
2023-09-20 22:30:00+00:00,,,,
2023-09-20 22:40:00+00:00,,,,
2023-09-20 22:50:00+00:00,,,,
2023-09-20 23:00:00+00:00,,,,
2023-09-20 23:10:00+00:00,,,,
2023-09-20 23:20:00+00:00,,,,
2023-09-20 23:30:00+00:00,,,,
2023-09-20 23:40:00+00:00,,,,
2023-09-20 23:50:00+00:00,,,,
2023-09-21 00:00:00+00:00,,,,
2023-09-21 00:10:00+00:00,,,,
2023-09-21 00:20:00+00:00,,,,
2023-09-21 00:30:00+00:00,,,,
2023-09-21 00:40:00+00:00,,,,
2023-09-21 00:50:00+00:00,,,,
2023-09-21 01:00:00+00:00,,,,
2023-09-21 01:10:00+00:00,,,,
2023-09-21 01:20:00+00:00,,,,
2023-09-21 01:30:00+00:00,,,,
2023-09-21 01:40:00+00:00,,,,
2023-09-21 01:50:00+00:00,,,,
2023-09-21 02:00:00+00:00,,,,
2023-09-21 02:10:00+00:00,,,,
2023-09-21 02:20:00+00:00,,,,
2023-09-21 02:30:00+00:00,,,,
2023-09-21 02:40:00+00:00,,,,
2023-09-21 02:50:00+00:00,,,,
2023-09-21 03:00:00+00:00,,,,
2023-09-21 03:10:00+00:00,,,,
2023-09-21 03:20:00+00:00,,,,
2023-09-21 03:30:00+00:00,,,,
2023-09-21 03:40:00+00:00,,,,
2023-09-21 03:50:00+00:00,,,,
2023-09-21 04:00:00+00:00,,,,
2023-09-21 04:10:00+00:00,,,,
2023-09-21 04:20:00+00:00,,,,
2023-09-21 04:30:00+00:00,,,,
2023-09-21 04:40:00+00:00,,,,
2023-09-21 04:50:00+00:00,,,,
2023-09-21 05:00:00+00:00,,,,
2023-09-21 05:10:00+00:00,,,,
2023-09-21 05:20:00+00:00,,,,
2023-09-21 05:30:00+00:00,,,,
2023-09-21 05:40:00+00:00,,,,
2023-09-21 05:50:00+00:00,,,,
2023-09-21 06:00:00+00:00,,,,
2023-09-21 06:10:00+00:00,,,,
2023-09-21 06:20:00+00:00,,,,
2023-09-21 06:30:00+00:00,,,,
2023-09-21 06:40:00+00:00,,,,
2023-09-21 06:50:00+00:00,,,,
2023-09-21 07:00:00+00:00,,,,
2023-09-21 07:10:00+00:00,,,,
2023-09-21 07:20:00+00:00,,,,
2023-09-21 07:30:00+00:00,,,,
2023-09-21 07:40:00+00:00,,,,
2023-09-21 07:50:00+00:00,,,,
2023-09-21 08:00:00+00:00,,,,
2023-09-21 08:10:00+00:00,,,,
2023-09-21 08:20:00+00:00,,,,
2023-09-21 08:30:00+00:00,,,,
2023-09-21 08:40:00+00:00,,,,
2023-09-21 08:50:00+00:00,,,,
2023-09-21 09:00:00+00:00,,,,
2023-09-21 09:10:00+00:00,,,,
2023-09-21 09:20:00+00:00,,,,
2023-09-21 09:30:00+00:00,,,,
2023-09-21 09:40:00+00:00,,,,
2023-09-21 09:50:00+00:00,,,,
2023-09-21 10:00:00+00:00,,,,
2023-09-21 10:10:00+00:00,,,,
2023-09-21 10:20:00+00:00,,,,
2023-09-21 10:30:00+00:00,,,,
2023-09-21 10:40:00+00:00,,,,
2023-09-21 10:50:00+00:00,,,,
2023-09-21 11:00:00+00:00,,,,
2023-09-21 11:10:00+00:00,,,,
2023-09-21 11:20:00+00:00,,,,
2023-09-21 11:30:00+00:00,,,,
2023-09-21 11:40:00+00:00,,,,
2023-09-21 11:50:00+00:00,,,,
2023-09-21 12:00:00+00:00,,,,
2023-09-21 12:10:00+00:00,,,,
2023-09-21 12:20:00+00:00,,,,
2023-09-21 12:30:00+00:00,,,,
2023-09-21 12:40:00+00:00,,,,
2023-09-21 12:50:00+00:00,,,,
2023-09-21 13:00:00+00:00,,,,
2023-09-21 13:10:00+00:00,,,,
2023-09-21 13:20:00+00:00,,,,
2023-09-21 13:30:00+00:00,,,,
2023-09-21 13:40:00+00:00,,,,
2023-09-21 13:50:00+00:00,,,,
2023-09-21 14:00:00+00:00,,,,
2023-09-21 14:10:00+00:00,,,,
2023-09-21 14:20:00+00:00,,,,
2023-09-21 14:30:00+00:00,,,,
2023-09-21 14:40:00+00:00,,,,
2023-09-21 14:50:00+00:00,,,,
2023-09-21 15:00:00+00:00,,,,
2023-09-21 15:10:00+00:00,,,,
2023-09-21 15:20:00+00:00,,,,
2023-09-21 15:30:00+00:00,,,,
2023-09-21 15:40:00+00:00,,,,
2023-09-21 15:50:00+00:00,,,,
2023-09-21 16:00:00+00:00,,,,
2023-09-21 16:10:00+00:00,,,,
2023-09-21 16:20:00+00:00,,,,
2023-09-21 16:30:00+00:00,,,,
2023-09-21 16:40:00+00:00,,,,
2023-09-21 16:50:00+00:00,,,,
2023-09-21 17:00:00+00:00,,,,
2023-09-21 17:10:00+00:00,,,,
2023-09-21 17:20:00+00:00,,,,
2023-09-21 17:30:00+00:00,,,,
2023-09-21 17:40:00+00:00,,,,
2023-09-21 17:50:00+00:00,,,,
2023-09-21 18:00:00+00:00,,,,
2023-09-21 18:10:00+00:00,,,,
2023-09-21 18:20:00+00:00,,,,
2023-09-21 18:30:00+00:00,,,,
2023-09-21 18:40:00+00:00,,,,
2023-09-21 18:50:00+00:00,,,,
2023-09-21 19:00:00+00:00,,,,
2023-09-21 19:10:00+00:00,,,,
2023-09-21 19:20:00+00:00,,,,
2023-09-21 19:30:00+00:00,,,,
2023-09-21 19:40:00+00:00,,,,
2023-09-21 19:50:00+00:00,,,,
2023-09-21 20:00:00+00:00,,,,
2023-09-21 20:10:00+00:00,,,,
2023-09-21 20:20:00+00:00,,,,
2023-09-21 20:30:00+00:00,,,,
2023-09-21 20:40:00+00:00,,,,
2023-09-21 20:50:00+00:00,,,,
2023-09-21 21:00:00+00:00,,,,
2023-09-21 21:10:00+00:00,,,,
2023-09-21 21:20:00+00:00,,,,
2023-09-21 21:30:00+00:00,,,,
2023-09-21 21:40:00+00:00,,,,
2023-09-21 21:50:00+00:00,,,,
2023-09-21 22:00:00+00:00,,,,
2023-09-21 22:10:00+00:00,,,,
2023-09-21 22:20:00+00:00,,,,
2023-09-21 22:30:00+00:00,,,,
2023-09-21 22:40:00+00:00,,,,
2023-09-21 22:50:00+00:00,,,,
2023-09-21 23:00:00+00:00,,,,
2023-09-21 23:10:00+00:00,,,,
2023-09-21 23:20:00+00:00,,,,
2023-09-21 23:30:00+00:00,,,,
2023-09-21 23:40:00+00:00,,,,
2023-09-21 23:50:00+00:00,,,,
2023-09-22 00:00:00+00:00,,,,
2023-09-22 00:10:00+00:00,,,,
2023-09-22 00:20:00+00:00,,,,
2023-09-22 00:30:00+00:00,,,,
2023-09-22 00:40:00+00:00,,,,
2023-09-22 00:50:00+00:00,,,,
2023-09-22 01:00:00+00:00,,,,
2023-09-22 01:10:00+00:00,,,,
2023-09-22 01:20:00+00:00,,,,
2023-09-22 01:30:00+00:00,,,,
2023-09-22 01:40:00+00:00,,,,
2023-09-22 01:50:00+00:00,,,,
2023-09-22 02:00:00+00:00,,,,
2023-09-22 02:10:00+00:00,,,,
2023-09-22 02:20:00+00:00,,,,
2023-09-22 02:30:00+00:00,,,,
2023-09-22 02:40:00+00:00,,,,
2023-09-22 02:50:00+00:00,,,,
2023-09-22 03:00:00+00:00,,,,
2023-09-22 03:10:00+00:00,,,,
2023-09-22 03:20:00+00:00,,,,
2023-09-22 03:30:00+00:00,,,,
2023-09-22 03:40:00+00:00,,,,
2023-09-22 03:50:00+00:00,,,,
2023-09-22 04:00:00+00:00,,,,
2023-09-22 04:10:00+00:00,,,,
2023-09-22 04:20:00+00:00,,,,
2023-09-22 04:30:00+00:00,,,,
2023-09-22 04:40:00+00:00,,,,
2023-09-22 04:50:00+00:00,,,,
2023-09-22 05:00:00+00:00,,,,
2023-09-22 05:10:00+00:00,,,,
2023-09-22 05:20:00+00:00,,,,
2023-09-22 05:30:00+00:00,,,,
2023-09-22 05:40:00+00:00,,,,
2023-09-22 05:50:00+00:00,,,,
2023-09-22 06:00:00+00:00,,,,
2023-09-22 06:10:00+00:00,,,,
2023-09-22 06:20:00+00:00,,,,
2023-09-22 06:30:00+00:00,,,,
2023-09-22 06:40:00+00:00,,,,
2023-09-22 06:50:00+00:00,,,,
2023-09-22 07:00:00+00:00,,,,
2023-09-22 07:10:00+00:00,,,,
2023-09-22 07:20:00+00:00,,,,
2023-09-22 07:30:00+00:00,,,,
2023-09-22 07:40:00+00:00,,,,
2023-09-22 07:50:00+00:00,,,,
2023-09-22 08:00:00+00:00,,,,
2023-09-22 08:10:00+00:00,,,,
2023-09-22 08:20:00+00:00,,,,
2023-09-22 08:30:00+00:00,,,,
2023-09-22 08:40:00+00:00,,,,
2023-09-22 08:50:00+00:00,,,,
2023-09-22 09:00:00+00:00,,,,
2023-09-22 09:10:00+00:00,,,,
2023-09-22 09:20:00+00:00,,,,
2023-09-22 09:30:00+00:00,,,,
2023-09-22 09:40:00+00:00,,,,
2023-09-22 09:50:00+00:00,,,,
2023-09-22 10:00:00+00:00,,,,
2023-09-22 10:10:00+00:00,,,,
2023-09-22 10:20:00+00:00,,,,
2023-09-22 10:30:00+00:00,,,,
2023-09-22 10:40:00+00:00,,,,
2023-09-22 10:50:00+00:00,,,,
2023-09-22 11:00:00+00:00,,,,
2023-09-22 11:10:00+00:00,,,,
2023-09-22 11:20:00+00:00,,,,
2023-09-22 11:30:00+00:00,,,,
2023-09-22 11:40:00+00:00,,,,
2023-09-22 11:50:00+00:00,,,,
2023-09-22 12:00:00+00:00,,,,
2023-09-22 12:10:00+00:00,,,,
2023-09-22 12:20:00+00:00,,,,
2023-09-22 12:30:00+00:00,,,,
2023-09-22 12:40:00+00:00,,,,
2023-09-22 12:50:00+00:00,,,,
2023-09-22 13:00:00+00:00,,,,
2023-09-22 13:10:00+00:00,,,,
2023-09-22 13:20:00+00:00,,,,
2023-09-22 13:30:00+00:00,,,,
2023-09-22 13:40:00+00:00,,,,
2023-09-22 13:50:00+00:00,,,,
2023-09-22 14:00:00+00:00,,,,
2023-09-22 14:10:00+00:00,,,,
2023-09-22 14:20:00+00:00,,,,
2023-09-22 14:30:00+00:00,,,,
2023-09-22 14:40:00+00:00,,,,
2023-09-22 14:50:00+00:00,,,,
2023-09-22 15:00:00+00:00,,,,
2023-09-22 15:10:00+00:00,,,,
2023-09-22 15:20:00+00:00,,,,
2023-09-22 15:30:00+00:00,,,,
2023-09-22 15:40:00+00:00,,,,
2023-09-22 15:50:00+00:00,,,,
2023-09-22 16:00:00+00:00,,,,
2023-09-22 16:10:00+00:00,,,,
2023-09-22 16:20:00+00:00,,,,
2023-09-22 16:30:00+00:00,,,,
2023-09-22 16:40:00+00:00,,,,
2023-09-22 16:50:00+00:00,,,,
2023-09-22 17:00:00+00:00,,,,
2023-09-22 17:10:00+00:00,,,,
2023-09-22 17:20:00+00:00,,,,
2023-09-22 17:30:00+00:00,,,,
2023-09-22 17:40:00+00:00,,,,
2023-09-22 17:50:00+00:00,,,,
2023-09-22 18:00:00+00:00,,,,
2023-09-22 18:10:00+00:00,,,,
2023-09-22 18:20:00+00:00,,,,
2023-09-22 18:30:00+00:00,,,,
2023-09-22 18:40:00+00:00,,,,
2023-09-22 18:50:00+00:00,,,,
2023-09-22 19:00:00+00:00,,,,
2023-09-22 19:10:00+00:00,,,,
2023-09-22 19:20:00+00:00,,,,
2023-09-22 19:30:00+00:00,,,,
2023-09-22 19:40:00+00:00,,,,
2023-09-22 19:50:00+00:00,,,,
2023-09-22 20:00:00+00:00,,,,
2023-09-22 20:10:00+00:00,,,,
2023-09-22 20:20:00+00:00,,,,
2023-09-22 20:30:00+00:00,,,,
2023-09-22 20:40:00+00:00,,,,
2023-09-22 20:50:00+00:00,,,,
2023-09-22 21:00:00+00:00,,,,
2023-09-22 21:10:00+00:00,,,,
2023-09-22 21:20:00+00:00,,,,
2023-09-22 21:30:00+00:00,,,,
2023-09-22 21:40:00+00:00,,,,
2023-09-22 21:50:00+00:00,,,,
2023-09-22 22:00:00+00:00,,,,
2023-09-22 22:10:00+00:00,,,,
2023-09-22 22:20:00+00:00,,,,
2023-09-22 22:30:00+00:00,,,,
2023-09-22 22:40:00+00:00,,,,
2023-09-22 22:50:00+00:00,,,,
2023-09-22 23:00:00+00:00,,,,
2023-09-22 23:10:00+00:00,,,,
2023-09-22 23:20:00+00:00,,,,
2023-09-22 23:30:00+00:00,,,,
2023-09-22 23:40:00+00:00,,,,
2023-09-22 23:50:00+00:00,,,,
2023-09-23 00:00:00+00:00,,,,
2023-09-23 00:10:00+00:00,,,,
2023-09-23 00:20:00+00:00,,,,
2023-09-23 00:30:00+00:00,,,,
2023-09-23 00:40:00+00:00,,,,
2023-09-23 00:50:00+00:00,,,,
2023-09-23 01:00:00+00:00,,,,
2023-09-23 01:10:00+00:00,,,,
2023-09-23 01:20:00+00:00,,,,
2023-09-23 01:30:00+00:00,,,,
2023-09-23 01:40:00+00:00,,,,
2023-09-23 01:50:00+00:00,,,,
2023-09-23 02:00:00+00:00,,,,
2023-09-23 02:10:00+00:00,,,,
2023-09-23 02:20:00+00:00,,,,
2023-09-23 02:30:00+00:00,,,,
2023-09-23 02:40:00+00:00,,,,
2023-09-23 02:50:00+00:00,,,,
2023-09-23 03:00:00+00:00,,,,
2023-09-23 03:10:00+00:00,,,,
2023-09-23 03:20:00+00:00,,,,
2023-09-23 03:30:00+00:00,,,,
2023-09-23 03:40:00+00:00,,,,
2023-09-23 03:50:00+00:00,,,,
2023-09-23 04:00:00+00:00,,,,
2023-09-23 04:10:00+00:00,,,,
2023-09-23 04:20:00+00:00,,,,
2023-09-23 04:30:00+00:00,,,,
2023-09-23 04:40:00+00:00,,,,
2023-09-23 04:50:00+00:00,,,,
2023-09-23 05:00:00+00:00,,,,
2023-09-23 05:10:00+00:00,,,,
2023-09-23 05:20:00+00:00,,,,
2023-09-23 05:30:00+00:00,,,,
2023-09-23 05:40:00+00:00,,,,
2023-09-23 05:50:00+00:00,,,,
2023-09-23 06:00:00+00:00,,,,
2023-09-23 06:10:00+00:00,,,,
2023-09-23 06:20:00+00:00,,,,
2023-09-23 06:30:00+00:00,,,,
2023-09-23 06:40:00+00:00,,,,
2023-09-23 06:50:00+00:00,,,,
2023-09-23 07:00:00+00:00,,,,
2023-09-23 07:10:00+00:00,,,,
2023-09-23 07:20:00+00:00,,,,
2023-09-23 07:30:00+00:00,,,,
2023-09-23 07:40:00+00:00,,,,
2023-09-23 07:50:00+00:00,,,,
2023-09-23 08:00:00+00:00,,,,
2023-09-23 08:10:00+00:00,,,,
2023-09-23 08:20:00+00:00,,,,
2023-09-23 08:30:00+00:00,,,,
2023-09-23 08:40:00+00:00,,,,
2023-09-23 08:50:00+00:00,,,,
2023-09-23 09:00:00+00:00,,,,
2023-09-23 09:10:00+00:00,,,,
2023-09-23 09:20:00+00:00,,,,
2023-09-23 09:30:00+00:00,,,,
2023-09-23 09:40:00+00:00,,,,
2023-09-23 09:50:00+00:00,,,,
2023-09-23 10:00:00+00:00,,,,
2023-09-23 10:10:00+00:00,,,,
2023-09-23 10:20:00+00:00,,,,
2023-09-23 10:30:00+00:00,,,,
2023-09-23 10:40:00+00:00,,,,
2023-09-23 10:50:00+00:00,,,,
2023-09-23 11:00:00+00:00,,,,
2023-09-23 11:10:00+00:00,,,,
2023-09-23 11:20:00+00:00,,,,
2023-09-23 11:30:00+00:00,,,,
2023-09-23 11:40:00+00:00,,,,
2023-09-23 11:50:00+00:00,,,,
2023-09-23 12:00:00+00:00,,,,
2023-09-23 12:10:00+00:00,,,,
2023-09-23 12:20:00+00:00,,,,
2023-09-23 12:30:00+00:00,,,,
2023-09-23 12:40:00+00:00,,,,
2023-09-23 12:50:00+00:00,,,,
2023-09-23 13:00:00+00:00,,,,
2023-09-23 13:10:00+00:00,,,,
2023-09-23 13:20:00+00:00,,,,
2023-09-23 13:30:00+00:00,,,,
2023-09-23 13:40:00+00:00,,,,
2023-09-23 13:50:00+00:00,,,,
2023-09-23 14:00:00+00:00,,,,
2023-09-23 14:10:00+00:00,,,,
2023-09-23 14:20:00+00:00,,,,
2023-09-23 14:30:00+00:00,,,,
2023-09-23 14:40:00+00:00,,,,
2023-09-23 14:50:00+00:00,,,,
2023-09-23 15:00:00+00:00,,,,
2023-09-23 15:10:00+00:00,,,,
2023-09-23 15:20:00+00:00,,,,
2023-09-23 15:30:00+00:00,,,,
2023-09-23 15:40:00+00:00,,,,
2023-09-23 15:50:00+00:00,,,,
2023-09-23 16:00:00+00:00,,,,
2023-09-23 16:10:00+00:00,,,,
2023-09-23 16:20:00+00:00,,,,
2023-09-23 16:30:00+00:00,,,,
2023-09-23 16:40:00+00:00,,,,
2023-09-23 16:50:00+00:00,,,,
2023-09-23 17:00:00+00:00,,,,
2023-09-23 17:10:00+00:00,,,,
2023-09-23 17:20:00+00:00,,,,
2023-09-23 17:30:00+00:00,,,,
2023-09-23 17:40:00+00:00,,,,
2023-09-23 17:50:00+00:00,,,,
2023-09-23 18:00:00+00:00,,,,
2023-09-23 18:10:00+00:00,,,,
2023-09-23 18:20:00+00:00,,,,
2023-09-23 18:30:00+00:00,,,,
2023-09-23 18:40:00+00:00,,,,
2023-09-23 18:50:00+00:00,,,,
2023-09-23 19:00:00+00:00,,,,
2023-09-23 19:10:00+00:00,,,,
2023-09-23 19:20:00+00:00,,,,
2023-09-23 19:30:00+00:00,,,,
2023-09-23 19:40:00+00:00,,,,
2023-09-23 19:50:00+00:00,,,,
2023-09-23 20:00:00+00:00,,,,
2023-09-23 20:10:00+00:00,,,,
2023-09-23 20:20:00+00:00,,,,
2023-09-23 20:30:00+00:00,,,,
2023-09-23 20:40:00+00:00,,,,
2023-09-23 20:50:00+00:00,,,,
2023-09-23 21:00:00+00:00,,,,
2023-09-23 21:10:00+00:00,,,,
2023-09-23 21:20:00+00:00,,,,
2023-09-23 21:30:00+00:00,,,,
2023-09-23 21:40:00+00:00,,,,
2023-09-23 21:50:00+00:00,,,,
2023-09-23 22:00:00+00:00,,,,
2023-09-23 22:10:00+00:00,,,,
2023-09-23 22:20:00+00:00,,,,
2023-09-23 22:30:00+00:00,,,,
2023-09-23 22:40:00+00:00,,,,
2023-09-23 22:50:00+00:00,,,,
2023-09-23 23:00:00+00:00,,,,
2023-09-23 23:10:00+00:00,,,,
2023-09-23 23:20:00+00:00,,,,
2023-09-23 23:30:00+00:00,,,,
2023-09-23 23:40:00+00:00,,,,
2023-09-23 23:50:00+00:00,,,,
2023-09-24 00:00:00+00:00,,,,
2023-09-24 00:10:00+00:00,,,,
2023-09-24 00:20:00+00:00,,,,
2023-09-24 00:30:00+00:00,,,,
2023-09-24 00:40:00+00:00,,,,
2023-09-24 00:50:00+00:00,,,,
2023-09-24 01:00:00+00:00,,,,
2023-09-24 01:10:00+00:00,,,,
2023-09-24 01:20:00+00:00,,,,
2023-09-24 01:30:00+00:00,,,,
2023-09-24 01:40:00+00:00,,,,
2023-09-24 01:50:00+00:00,,,,
2023-09-24 02:00:00+00:00,,,,
2023-09-24 02:10:00+00:00,,,,
2023-09-24 02:20:00+00:00,,,,
2023-09-24 02:30:00+00:00,,,,
2023-09-24 02:40:00+00:00,,,,
2023-09-24 02:50:00+00:00,,,,
2023-09-24 03:00:00+00:00,,,,
2023-09-24 03:10:00+00:00,,,,
2023-09-24 03:20:00+00:00,,,,
2023-09-24 03:30:00+00:00,,,,
2023-09-24 03:40:00+00:00,,,,
2023-09-24 03:50:00+00:00,,,,
2023-09-24 04:00:00+00:00,,,,
2023-09-24 04:10:00+00:00,,,,
2023-09-24 04:20:00+00:00,,,,
2023-09-24 04:30:00+00:00,,,,
2023-09-24 04:40:00+00:00,,,,
2023-09-24 04:50:00+00:00,,,,
2023-09-24 05:00:00+00:00,,,,
2023-09-24 05:10:00+00:00,,,,
2023-09-24 05:20:00+00:00,,,,
2023-09-24 05:30:00+00:00,,,,
2023-09-24 05:40:00+00:00,,,,
2023-09-24 05:50:00+00:00,,,,
2023-09-24 06:00:00+00:00,,,,
2023-09-24 06:10:00+00:00,,,,
2023-09-24 06:20:00+00:00,,,,
2023-09-24 06:30:00+00:00,,,,
2023-09-24 06:40:00+00:00,,,,
2023-09-24 06:50:00+00:00,,,,
2023-09-24 07:00:00+00:00,,,,
2023-09-24 07:10:00+00:00,,,,
2023-09-24 07:20:00+00:00,,,,
2023-09-24 07:30:00+00:00,,,,
2023-09-24 07:40:00+00:00,,,,
2023-09-24 07:50:00+00:00,,,,
2023-09-24 08:00:00+00:00,,,,
2023-09-24 08:10:00+00:00,,,,
2023-09-24 08:20:00+00:00,,,,
2023-09-24 08:30:00+00:00,,,,
2023-09-24 08:40:00+00:00,,,,
2023-09-24 08:50:00+00:00,,,,
2023-09-24 09:00:00+00:00,,,,
2023-09-24 09:10:00+00:00,,,,
2023-09-24 09:20:00+00:00,,,,
2023-09-24 09:30:00+00:00,,,,
2023-09-24 09:40:00+00:00,,,,
2023-09-24 09:50:00+00:00,,,,
2023-09-24 10:00:00+00:00,,,,
2023-09-24 10:10:00+00:00,,,,
2023-09-24 10:20:00+00:00,,,,
2023-09-24 10:30:00+00:00,,,,
2023-09-24 10:40:00+00:00,,,,
2023-09-24 10:50:00+00:00,,,,
2023-09-24 11:00:00+00:00,,,,
2023-09-24 11:10:00+00:00,,,,
2023-09-24 11:20:00+00:00,,,,
2023-09-24 11:30:00+00:00,,,,
2023-09-24 11:40:00+00:00,,,,
2023-09-24 11:50:00+00:00,,,,
2023-09-24 12:00:00+00:00,,,,
2023-09-24 12:10:00+00:00,,,,
2023-09-24 12:20:00+00:00,,,,
2023-09-24 12:30:00+00:00,,,,
2023-09-24 12:40:00+00:00,,,,
2023-09-24 12:50:00+00:00,,,,
2023-09-24 13:00:00+00:00,,,,
2023-09-24 13:10:00+00:00,,,,
2023-09-24 13:20:00+00:00,,,,
2023-09-24 13:30:00+00:00,,,,
2023-09-24 13:40:00+00:00,,,,
2023-09-24 13:50:00+00:00,,,,
2023-09-24 14:00:00+00:00,,,,
2023-09-24 14:10:00+00:00,,,,
2023-09-24 14:20:00+00:00,,,,
2023-09-24 14:30:00+00:00,,,,
2023-09-24 14:40:00+00:00,,,,
2023-09-24 14:50:00+00:00,,,,
2023-09-24 15:00:00+00:00,,,,
2023-09-24 15:10:00+00:00,,,,
2023-09-24 15:20:00+00:00,,,,
2023-09-24 15:30:00+00:00,,,,
2023-09-24 15:40:00+00:00,,,,
2023-09-24 15:50:00+00:00,,,,
2023-09-24 16:00:00+00:00,,,,
2023-09-24 16:10:00+00:00,,,,
2023-09-24 16:20:00+00:00,,,,
2023-09-24 16:30:00+00:00,,,,
2023-09-24 16:40:00+00:00,,,,
2023-09-24 16:50:00+00:00,,,,
2023-09-24 17:00:00+00:00,,,,
2023-09-24 17:10:00+00:00,,,,
2023-09-24 17:20:00+00:00,,,,
2023-09-24 17:30:00+00:00,,,,
2023-09-24 17:40:00+00:00,,,,
2023-09-24 17:50:00+00:00,,,,
2023-09-24 18:00:00+00:00,,,,
2023-09-24 18:10:00+00:00,,,,
2023-09-24 18:20:00+00:00,,,,
2023-09-24 18:30:00+00:00,,,,
2023-09-24 18:40:00+00:00,,,,
2023-09-24 18:50:00+00:00,,,,
2023-09-24 19:00:00+00:00,,,,
2023-09-24 19:10:00+00:00,,,,
2023-09-24 19:20:00+00:00,,,,
2023-09-24 19:30:00+00:00,,,,
2023-09-24 19:40:00+00:00,,,,
2023-09-24 19:50:00+00:00,,,,
2023-09-24 20:00:00+00:00,,,,
2023-09-24 20:10:00+00:00,,,,
2023-09-24 20:20:00+00:00,,,,
2023-09-24 20:30:00+00:00,,,,
2023-09-24 20:40:00+00:00,,,,
2023-09-24 20:50:00+00:00,,,,
2023-09-24 21:00:00+00:00,,,,
2023-09-24 21:10:00+00:00,,,,
2023-09-24 21:20:00+00:00,,,,
2023-09-24 21:30:00+00:00,,,,
2023-09-24 21:40:00+00:00,,,,
2023-09-24 21:50:00+00:00,,,,
2023-09-24 22:00:00+00:00,,,,
2023-09-24 22:10:00+00:00,,,,
2023-09-24 22:20:00+00:00,,,,
2023-09-24 22:30:00+00:00,,,,
2023-09-24 22:40:00+00:00,,,,
2023-09-24 22:50:00+00:00,,,,
2023-09-24 23:00:00+00:00,,,,
2023-09-24 23:10:00+00:00,,,,
2023-09-24 23:20:00+00:00,,,,
2023-09-24 23:30:00+00:00,,,,
2023-09-24 23:40:00+00:00,,,,
2023-09-24 23:50:00+00:00,,,,
2023-09-25 00:00:00+00:00,,,,
2023-09-25 00:10:00+00:00,,,,
2023-09-25 00:20:00+00:00,,,,
2023-09-25 00:30:00+00:00,,,,
2023-09-25 00:40:00+00:00,,,,
2023-09-25 00:50:00+00:00,,,,
2023-09-25 01:00:00+00:00,,,,
2023-09-25 01:10:00+00:00,,,,
2023-09-25 01:20:00+00:00,,,,
2023-09-25 01:30:00+00:00,,,,
2023-09-25 01:40:00+00:00,,,,
2023-09-25 01:50:00+00:00,,,,
2023-09-25 02:00:00+00:00,,,,
2023-09-25 02:10:00+00:00,,,,
2023-09-25 02:20:00+00:00,,,,
2023-09-25 02:30:00+00:00,,,,
2023-09-25 02:40:00+00:00,,,,
2023-09-25 02:50:00+00:00,,,,
2023-09-25 03:00:00+00:00,,,,
2023-09-25 03:10:00+00:00,,,,
2023-09-25 03:20:00+00:00,,,,
2023-09-25 03:30:00+00:00,,,,
2023-09-25 03:40:00+00:00,,,,
2023-09-25 03:50:00+00:00,,,,
2023-09-25 04:00:00+00:00,,,,
2023-09-25 04:10:00+00:00,,,,
2023-09-25 04:20:00+00:00,,,,
2023-09-25 04:30:00+00:00,,,,
2023-09-25 04:40:00+00:00,,,,
2023-09-25 04:50:00+00:00,,,,
2023-09-25 05:00:00+00:00,,,,
2023-09-25 05:10:00+00:00,,,,
2023-09-25 05:20:00+00:00,,,,
2023-09-25 05:30:00+00:00,,,,
2023-09-25 05:40:00+00:00,,,,
2023-09-25 05:50:00+00:00,,,,
2023-09-25 06:00:00+00:00,,,,
2023-09-25 06:10:00+00:00,,,,
2023-09-25 06:20:00+00:00,,,,
2023-09-25 06:30:00+00:00,,,,
2023-09-25 06:40:00+00:00,,,,
2023-09-25 06:50:00+00:00,,,,
2023-09-25 07:00:00+00:00,,,,
2023-09-25 07:10:00+00:00,,,,
2023-09-25 07:20:00+00:00,,,,
2023-09-25 07:30:00+00:00,,,,
2023-09-25 07:40:00+00:00,,,,
2023-09-25 07:50:00+00:00,,,,
2023-09-25 08:00:00+00:00,,,,
2023-09-25 08:10:00+00:00,,,,
2023-09-25 08:20:00+00:00,,,,
2023-09-25 08:30:00+00:00,,,,
2023-09-25 08:40:00+00:00,,,,
2023-09-25 08:50:00+00:00,,,,
2023-09-25 09:00:00+00:00,,,,
2023-09-25 09:10:00+00:00,,,,
2023-09-25 09:20:00+00:00,,,,
2023-09-25 09:30:00+00:00,,,,
2023-09-25 09:40:00+00:00,,,,
2023-09-25 09:50:00+00:00,,,,
2023-09-25 10:00:00+00:00,,,,
2023-09-25 10:10:00+00:00,,,,
2023-09-25 10:20:00+00:00,,,,
2023-09-25 10:30:00+00:00,,,,
2023-09-25 10:40:00+00:00,,,,
2023-09-25 10:50:00+00:00,,,,
2023-09-25 11:00:00+00:00,,,,
2023-09-25 11:10:00+00:00,,,,
2023-09-25 11:20:00+00:00,,,,
2023-09-25 11:30:00+00:00,,,,
2023-09-25 11:40:00+00:00,,,,
2023-09-25 11:50:00+00:00,,,,
2023-09-25 12:00:00+00:00,,,,
2023-09-25 12:10:00+00:00,,,,
2023-09-25 12:20:00+00:00,,,,
2023-09-25 12:30:00+00:00,,,,
2023-09-25 12:40:00+00:00,,,,
2023-09-25 12:50:00+00:00,,,,
2023-09-25 13:00:00+00:00,,,,
2023-09-25 13:10:00+00:00,,,,
2023-09-25 13:20:00+00:00,,,,
2023-09-25 13:30:00+00:00,,,,
2023-09-25 13:40:00+00:00,,,,
2023-09-25 13:50:00+00:00,,,,
2023-09-25 14:00:00+00:00,,,,
2023-09-25 14:10:00+00:00,,,,
2023-09-25 14:20:00+00:00,,,,
2023-09-25 14:30:00+00:00,,,,
2023-09-25 14:40:00+00:00,,,,
2023-09-25 14:50:00+00:00,,,,
2023-09-25 15:00:00+00:00,,,,
2023-09-25 15:10:00+00:00,,,,
2023-09-25 15:20:00+00:00,,,,
2023-09-25 15:30:00+00:00,,,,
2023-09-25 15:40:00+00:00,,,,
2023-09-25 15:50:00+00:00,,,,
2023-09-25 16:00:00+00:00,,,,
2023-09-25 16:10:00+00:00,,,,
2023-09-25 16:20:00+00:00,,,,
2023-09-25 16:30:00+00:00,,,,
2023-09-25 16:40:00+00:00,,,,
2023-09-25 16:50:00+00:00,,,,
2023-09-25 17:00:00+00:00,,,,
2023-09-25 17:10:00+00:00,,,,
2023-09-25 17:20:00+00:00,,,,
2023-09-25 17:30:00+00:00,,,,
2023-09-25 17:40:00+00:00,,,,
2023-09-25 17:50:00+00:00,,,,
2023-09-25 18:00:00+00:00,,,,
2023-09-25 18:10:00+00:00,,,,
2023-09-25 18:20:00+00:00,,,,
2023-09-25 18:30:00+00:00,,,,
2023-09-25 18:40:00+00:00,,,,
2023-09-25 18:50:00+00:00,,,,
2023-09-25 19:00:00+00:00,,,,
2023-09-25 19:10:00+00:00,,,,
2023-09-25 19:20:00+00:00,,,,
2023-09-25 19:30:00+00:00,,,,
2023-09-25 19:40:00+00:00,,,,
2023-09-25 19:50:00+00:00,,,,
2023-09-25 20:00:00+00:00,,,,
2023-09-25 20:10:00+00:00,,,,
2023-09-25 20:20:00+00:00,,,,
2023-09-25 20:30:00+00:00,,,,
2023-09-25 20:40:00+00:00,,,,
2023-09-25 20:50:00+00:00,,,,
2023-09-25 21:00:00+00:00,,,,
2023-09-25 21:10:00+00:00,,,,
2023-09-25 21:20:00+00:00,,,,
2023-09-25 21:30:00+00:00,,,,
2023-09-25 21:40:00+00:00,,,,
2023-09-25 21:50:00+00:00,,,,
2023-09-25 22:00:00+00:00,,,,
2023-09-25 22:10:00+00:00,,,,
2023-09-25 22:20:00+00:00,,,,
2023-09-25 22:30:00+00:00,,,,
2023-09-25 22:40:00+00:00,,,,
2023-09-25 22:50:00+00:00,,,,
2023-09-25 23:00:00+00:00,,,,
2023-09-25 23:10:00+00:00,,,,
2023-09-25 23:20:00+00:00,,,,
2023-09-25 23:30:00+00:00,,,,
2023-09-25 23:40:00+00:00,,,,
2023-09-25 23:50:00+00:00,,,,
2023-09-26 00:00:00+00:00,,,,
2023-09-26 00:10:00+00:00,,,,
2023-09-26 00:20:00+00:00,,,,
2023-09-26 00:30:00+00:00,,,,
2023-09-26 00:40:00+00:00,,,,
2023-09-26 00:50:00+00:00,,,,
2023-09-26 01:00:00+00:00,,,,
2023-09-26 01:10:00+00:00,,,,
2023-09-26 01:20:00+00:00,,,,
2023-09-26 01:30:00+00:00,,,,
2023-09-26 01:40:00+00:00,,,,
2023-09-26 01:50:00+00:00,,,,
2023-09-26 02:00:00+00:00,,,,
2023-09-26 02:10:00+00:00,,,,
2023-09-26 02:20:00+00:00,,,,
2023-09-26 02:30:00+00:00,,,,
2023-09-26 02:40:00+00:00,,,,
2023-09-26 02:50:00+00:00,,,,
2023-09-26 03:00:00+00:00,,,,
2023-09-26 03:10:00+00:00,,,,
2023-09-26 03:20:00+00:00,,,,
2023-09-26 03:30:00+00:00,,,,
2023-09-26 03:40:00+00:00,,,,
2023-09-26 03:50:00+00:00,,,,
2023-09-26 04:00:00+00:00,,,,
2023-09-26 04:10:00+00:00,,,,
2023-09-26 04:20:00+00:00,,,,
2023-09-26 04:30:00+00:00,,,,
2023-09-26 04:40:00+00:00,,,,
2023-09-26 04:50:00+00:00,,,,
2023-09-26 05:00:00+00:00,,,,
2023-09-26 05:10:00+00:00,,,,
2023-09-26 05:20:00+00:00,,,,
2023-09-26 05:30:00+00:00,,,,
2023-09-26 05:40:00+00:00,,,,
2023-09-26 05:50:00+00:00,,,,
2023-09-26 06:00:00+00:00,,,,
2023-09-26 06:10:00+00:00,,,,
2023-09-26 06:20:00+00:00,,,,
2023-09-26 06:30:00+00:00,,,,
2023-09-26 06:40:00+00:00,,,,
2023-09-26 06:50:00+00:00,,,,
2023-09-26 07:00:00+00:00,,,,
2023-09-26 07:10:00+00:00,,,,
2023-09-26 07:20:00+00:00,,,,
2023-09-26 07:30:00+00:00,,,,
2023-09-26 07:40:00+00:00,,,,
2023-09-26 07:50:00+00:00,,,,
2023-09-26 08:00:00+00:00,,,,
2023-09-26 08:10:00+00:00,,,,
2023-09-26 08:20:00+00:00,,,,
2023-09-26 08:30:00+00:00,,,,
2023-09-26 08:40:00+00:00,,,,
2023-09-26 08:50:00+00:00,,,,
2023-09-26 09:00:00+00:00,,,,
2023-09-26 09:10:00+00:00,,,,
2023-09-26 09:20:00+00:00,,,,
2023-09-26 09:30:00+00:00,,,,
2023-09-26 09:40:00+00:00,,,,
2023-09-26 09:50:00+00:00,,,,
2023-09-26 10:00:00+00:00,,,,
2023-09-26 10:10:00+00:00,,,,
2023-09-26 10:20:00+00:00,,,,
2023-09-26 10:30:00+00:00,,,,
2023-09-26 10:40:00+00:00,,,,
2023-09-26 10:50:00+00:00,,,,
2023-09-26 11:00:00+00:00,,,,
2023-09-26 11:10:00+00:00,,,,
2023-09-26 11:20:00+00:00,,,,
2023-09-26 11:30:00+00:00,,,,
2023-09-26 11:40:00+00:00,,,,
2023-09-26 11:50:00+00:00,,,,
2023-09-26 12:00:00+00:00,,,,
2023-09-26 12:10:00+00:00,,,,
2023-09-26 12:20:00+00:00,,,,
2023-09-26 12:30:00+00:00,,,,
2023-09-26 12:40:00+00:00,,,,
2023-09-26 12:50:00+00:00,,,,
2023-09-26 13:00:00+00:00,,,,
2023-09-26 13:10:00+00:00,,,,
2023-09-26 13:20:00+00:00,,,,
2023-09-26 13:30:00+00:00,,,,
2023-09-26 13:40:00+00:00,,,,
2023-09-26 13:50:00+00:00,,,,
2023-09-26 14:00:00+00:00,,,,
2023-09-26 14:10:00+00:00,,,,
2023-09-26 14:20:00+00:00,,,,
2023-09-26 14:30:00+00:00,,,,
2023-09-26 14:40:00+00:00,,,,
2023-09-26 14:50:00+00:00,,,,
2023-09-26 15:00:00+00:00,,,,
2023-09-26 15:10:00+00:00,,,,
2023-09-26 15:20:00+00:00,,,,
2023-09-26 15:30:00+00:00,,,,
2023-09-26 15:40:00+00:00,,,,
2023-09-26 15:50:00+00:00,,,,
2023-09-26 16:00:00+00:00,,,,
2023-09-26 16:10:00+00:00,,,,
2023-09-26 16:20:00+00:00,,,,
2023-09-26 16:30:00+00:00,,,,
2023-09-26 16:40:00+00:00,,,,
2023-09-26 16:50:00+00:00,,,,
2023-09-26 17:00:00+00:00,,,,
2023-09-26 17:10:00+00:00,,,,
2023-09-26 17:20:00+00:00,,,,
2023-09-26 17:30:00+00:00,,,,
2023-09-26 17:40:00+00:00,,,,
2023-09-26 17:50:00+00:00,,,,
2023-09-26 18:00:00+00:00,,,,
2023-09-26 18:10:00+00:00,,,,
2023-09-26 18:20:00+00:00,,,,
2023-09-26 18:30:00+00:00,,,,
2023-09-26 18:40:00+00:00,,,,
2023-09-26 18:50:00+00:00,,,,
2023-09-26 19:00:00+00:00,,,,
2023-09-26 19:10:00+00:00,,,,
2023-09-26 19:20:00+00:00,,,,
2023-09-26 19:30:00+00:00,,,,
2023-09-26 19:40:00+00:00,,,,
2023-09-26 19:50:00+00:00,,,,
2023-09-26 20:00:00+00:00,,,,
2023-09-26 20:10:00+00:00,,,,
2023-09-26 20:20:00+00:00,,,,
2023-09-26 20:30:00+00:00,,,,
2023-09-26 20:40:00+00:00,,,,
2023-09-26 20:50:00+00:00,,,,
2023-09-26 21:00:00+00:00,,,,
2023-09-26 21:10:00+00:00,,,,
2023-09-26 21:20:00+00:00,,,,
2023-09-26 21:30:00+00:00,,,,
2023-09-26 21:40:00+00:00,,,,
2023-09-26 21:50:00+00:00,,,,
2023-09-26 22:00:00+00:00,,,,
2023-09-26 22:10:00+00:00,,,,
2023-09-26 22:20:00+00:00,,,,
2023-09-26 22:30:00+00:00,,,,
2023-09-26 22:40:00+00:00,,,,
2023-09-26 22:50:00+00:00,,,,
2023-09-26 23:00:00+00:00,,,,
2023-09-26 23:10:00+00:00,,,,
2023-09-26 23:20:00+00:00,,,,
2023-09-26 23:30:00+00:00,,,,
2023-09-26 23:40:00+00:00,,,,
2023-09-26 23:50:00+00:00,,,,
2023-09-27 00:00:00+00:00,,,,
2023-09-27 00:10:00+00:00,,,,
2023-09-27 00:20:00+00:00,,,,
2023-09-27 00:30:00+00:00,,,,
2023-09-27 00:40:00+00:00,,,,
2023-09-27 00:50:00+00:00,,,,
2023-09-27 01:00:00+00:00,,,,
2023-09-27 01:10:00+00:00,,,,
2023-09-27 01:20:00+00:00,,,,
2023-09-27 01:30:00+00:00,,,,
2023-09-27 01:40:00+00:00,,,,
2023-09-27 01:50:00+00:00,,,,
2023-09-27 02:00:00+00:00,,,,
2023-09-27 02:10:00+00:00,,,,
2023-09-27 02:20:00+00:00,,,,
2023-09-27 02:30:00+00:00,,,,
2023-09-27 02:40:00+00:00,,,,
2023-09-27 02:50:00+00:00,,,,
2023-09-27 03:00:00+00:00,,,,
2023-09-27 03:10:00+00:00,,,,
2023-09-27 03:20:00+00:00,,,,
2023-09-27 03:30:00+00:00,,,,
2023-09-27 03:40:00+00:00,,,,
2023-09-27 03:50:00+00:00,,,,
2023-09-27 04:00:00+00:00,,,,
2023-09-27 04:10:00+00:00,,,,
2023-09-27 04:20:00+00:00,,,,
2023-09-27 04:30:00+00:00,,,,
2023-09-27 04:40:00+00:00,,,,
2023-09-27 04:50:00+00:00,,,,
2023-09-27 05:00:00+00:00,,,,
2023-09-27 05:10:00+00:00,,,,
2023-09-27 05:20:00+00:00,,,,
2023-09-27 05:30:00+00:00,,,,
2023-09-27 05:40:00+00:00,,,,
2023-09-27 05:50:00+00:00,,,,
2023-09-27 06:00:00+00:00,,,,
2023-09-27 06:10:00+00:00,,,,
2023-09-27 06:20:00+00:00,,,,
2023-09-27 06:30:00+00:00,,,,
2023-09-27 06:40:00+00:00,,,,
2023-09-27 06:50:00+00:00,,,,
2023-09-27 07:00:00+00:00,,,,
2023-09-27 07:10:00+00:00,,,,
2023-09-27 07:20:00+00:00,,,,
2023-09-27 07:30:00+00:00,,,,
2023-09-27 07:40:00+00:00,,,,
2023-09-27 07:50:00+00:00,,,,
2023-09-27 08:00:00+00:00,,,,
2023-09-27 08:10:00+00:00,,,,
2023-09-27 08:20:00+00:00,,,,
2023-09-27 08:30:00+00:00,,,,
2023-09-27 08:40:00+00:00,,,,
2023-09-27 08:50:00+00:00,,,,
2023-09-27 09:00:00+00:00,,,,
2023-09-27 09:10:00+00:00,,,,
2023-09-27 09:20:00+00:00,,,,
2023-09-27 09:30:00+00:00,,,,
2023-09-27 09:40:00+00:00,,,,
2023-09-27 09:50:00+00:00,,,,
2023-09-27 10:00:00+00:00,,,,
2023-09-27 10:10:00+00:00,,,,
2023-09-27 10:20:00+00:00,,,,
2023-09-27 10:30:00+00:00,,,,
2023-09-27 10:40:00+00:00,,,,
2023-09-27 10:50:00+00:00,,,,
2023-09-27 11:00:00+00:00,,,,
2023-09-27 11:10:00+00:00,,,,
2023-09-27 11:20:00+00:00,,,,
2023-09-27 11:30:00+00:00,,,,
2023-09-27 11:40:00+00:00,,,,
2023-09-27 11:50:00+00:00,,,,
2023-09-27 12:00:00+00:00,,,,
2023-09-27 12:10:00+00:00,,,,
2023-09-27 12:20:00+00:00,,,,
2023-09-27 12:30:00+00:00,,,,
2023-09-27 12:40:00+00:00,,,,
2023-09-27 12:50:00+00:00,,,,
2023-09-27 13:00:00+00:00,,,,
2023-09-27 13:10:00+00:00,,,,
2023-09-27 13:20:00+00:00,,,,
2023-09-27 13:30:00+00:00,,,,
2023-09-27 13:40:00+00:00,,,,
2023-09-27 13:50:00+00:00,,,,
2023-09-27 14:00:00+00:00,,,,
2023-09-27 14:10:00+00:00,,,,
2023-09-27 14:20:00+00:00,,,,
2023-09-27 14:30:00+00:00,,,,
2023-09-27 14:40:00+00:00,,,,
2023-09-27 14:50:00+00:00,,,,
2023-09-27 15:00:00+00:00,,,,
2023-09-27 15:10:00+00:00,,,,
2023-09-27 15:20:00+00:00,,,,
2023-09-27 15:30:00+00:00,,,,
2023-09-27 15:40:00+00:00,,,,
2023-09-27 15:50:00+00:00,,,,
2023-09-27 16:00:00+00:00,,,,
2023-09-27 16:10:00+00:00,,,,
2023-09-27 16:20:00+00:00,,,,
2023-09-27 16:30:00+00:00,,,,
2023-09-27 16:40:00+00:00,,,,
2023-09-27 16:50:00+00:00,,,,
2023-09-27 17:00:00+00:00,,,,
2023-09-27 17:10:00+00:00,,,,
2023-09-27 17:20:00+00:00,,,,
2023-09-27 17:30:00+00:00,,,,
2023-09-27 17:40:00+00:00,,,,
2023-09-27 17:50:00+00:00,,,,
2023-09-27 18:00:00+00:00,,,,
2023-09-27 18:10:00+00:00,,,,
2023-09-27 18:20:00+00:00,,,,
2023-09-27 18:30:00+00:00,,,,
2023-09-27 18:40:00+00:00,,,,
2023-09-27 18:50:00+00:00,,,,
2023-09-27 19:00:00+00:00,,,,
2023-09-27 19:10:00+00:00,,,,
2023-09-27 19:20:00+00:00,,,,
2023-09-27 19:30:00+00:00,,,,
2023-09-27 19:40:00+00:00,,,,
2023-09-27 19:50:00+00:00,,,,
2023-09-27 20:00:00+00:00,,,,
2023-09-27 20:10:00+00:00,,,,
2023-09-27 20:20:00+00:00,,,,
2023-09-27 20:30:00+00:00,,,,
2023-09-27 20:40:00+00:00,,,,
2023-09-27 20:50:00+00:00,,,,
2023-09-27 21:00:00+00:00,,,,
2023-09-27 21:10:00+00:00,,,,
2023-09-27 21:20:00+00:00,,,,
2023-09-27 21:30:00+00:00,,,,
2023-09-27 21:40:00+00:00,,,,
2023-09-27 21:50:00+00:00,,,,
2023-09-27 22:00:00+00:00,,,,
2023-09-27 22:10:00+00:00,,,,
2023-09-27 22:20:00+00:00,,,,
2023-09-27 22:30:00+00:00,,,,
2023-09-27 22:40:00+00:00,,,,
2023-09-27 22:50:00+00:00,,,,
2023-09-27 23:00:00+00:00,,,,
2023-09-27 23:10:00+00:00,,,,
2023-09-27 23:20:00+00:00,,,,
2023-09-27 23:30:00+00:00,,,,
2023-09-27 23:40:00+00:00,,,,
2023-09-27 23:50:00+00:00,,,,
2023-09-28 00:00:00+00:00,,,,
2023-09-28 00:10:00+00:00,,,,
2023-09-28 00:20:00+00:00,,,,
2023-09-28 00:30:00+00:00,,,,
2023-09-28 00:40:00+00:00,,,,
2023-09-28 00:50:00+00:00,,,,
2023-09-28 01:00:00+00:00,,,,
2023-09-28 01:10:00+00:00,,,,
2023-09-28 01:20:00+00:00,,,,
2023-09-28 01:30:00+00:00,,,,
2023-09-28 01:40:00+00:00,,,,
2023-09-28 01:50:00+00:00,,,,
2023-09-28 02:00:00+00:00,,,,
2023-09-28 02:10:00+00:00,,,,
2023-09-28 02:20:00+00:00,,,,
2023-09-28 02:30:00+00:00,,,,
2023-09-28 02:40:00+00:00,,,,
2023-09-28 02:50:00+00:00,,,,
2023-09-28 03:00:00+00:00,,,,
2023-09-28 03:10:00+00:00,,,,
2023-09-28 03:20:00+00:00,,,,
2023-09-28 03:30:00+00:00,,,,
2023-09-28 03:40:00+00:00,,,,
2023-09-28 03:50:00+00:00,,,,
2023-09-28 04:00:00+00:00,,,,
2023-09-28 04:10:00+00:00,,,,
2023-09-28 04:20:00+00:00,,,,
2023-09-28 04:30:00+00:00,,,,
2023-09-28 04:40:00+00:00,,,,
2023-09-28 04:50:00+00:00,,,,
2023-09-28 05:00:00+00:00,,,,
2023-09-28 05:10:00+00:00,,,,
2023-09-28 05:20:00+00:00,,,,
2023-09-28 05:30:00+00:00,,,,
2023-09-28 05:40:00+00:00,,,,
2023-09-28 05:50:00+00:00,,,,
2023-09-28 06:00:00+00:00,,,,
2023-09-28 06:10:00+00:00,,,,
2023-09-28 06:20:00+00:00,,,,
2023-09-28 06:30:00+00:00,,,,
2023-09-28 06:40:00+00:00,,,,
2023-09-28 06:50:00+00:00,,,,
2023-09-28 07:00:00+00:00,,,,
2023-09-28 07:10:00+00:00,,,,
2023-09-28 07:20:00+00:00,,,,
2023-09-28 07:30:00+00:00,,,,
2023-09-28 07:40:00+00:00,,,,
2023-09-28 07:50:00+00:00,,,,
2023-09-28 08:00:00+00:00,,,,
2023-09-28 08:10:00+00:00,,,,
2023-09-28 08:20:00+00:00,,,,
2023-09-28 08:30:00+00:00,,,,
2023-09-28 08:40:00+00:00,,,,
2023-09-28 08:50:00+00:00,,,,
2023-09-28 09:00:00+00:00,,,,
2023-09-28 09:10:00+00:00,,,,
2023-09-28 09:20:00+00:00,,,,
2023-09-28 09:30:00+00:00,,,,
2023-09-28 09:40:00+00:00,,,,
2023-09-28 09:50:00+00:00,,,,
2023-09-28 10:00:00+00:00,,,,
2023-09-28 10:10:00+00:00,,,,
2023-09-28 10:20:00+00:00,,,,
2023-09-28 10:30:00+00:00,,,,
2023-09-28 10:40:00+00:00,,,,
2023-09-28 10:50:00+00:00,,,,
2023-09-28 11:00:00+00:00,,,,
2023-09-28 11:10:00+00:00,,,,
2023-09-28 11:20:00+00:00,,,,
2023-09-28 11:30:00+00:00,,,,
2023-09-28 11:40:00+00:00,,,,
2023-09-28 11:50:00+00:00,,,,
2023-09-28 12:00:00+00:00,,,,
2023-09-28 12:10:00+00:00,,,,
2023-09-28 12:20:00+00:00,,,,
2023-09-28 12:30:00+00:00,,,,
2023-09-28 12:40:00+00:00,,,,
2023-09-28 12:50:00+00:00,,,,
2023-09-28 13:00:00+00:00,,,,
2023-09-28 13:10:00+00:00,,,,
2023-09-28 13:20:00+00:00,,,,
2023-09-28 13:30:00+00:00,,,,
2023-09-28 13:40:00+00:00,,,,
2023-09-28 13:50:00+00:00,,,,
2023-09-28 14:00:00+00:00,,,,
2023-09-28 14:10:00+00:00,,,,
2023-09-28 14:20:00+00:00,,,,
2023-09-28 14:30:00+00:00,,,,
2023-09-28 14:40:00+00:00,,,,
2023-09-28 14:50:00+00:00,,,,
2023-09-28 15:00:00+00:00,,,,
2023-09-28 15:10:00+00:00,,,,
2023-09-28 15:20:00+00:00,,,,
2023-09-28 15:30:00+00:00,,,,
2023-09-28 15:40:00+00:00,,,,
2023-09-28 15:50:00+00:00,,,,
2023-09-28 16:00:00+00:00,,,,
2023-09-28 16:10:00+00:00,,,,
2023-09-28 16:20:00+00:00,,,,
2023-09-28 16:30:00+00:00,,,,
2023-09-28 16:40:00+00:00,,,,
2023-09-28 16:50:00+00:00,,,,
2023-09-28 17:00:00+00:00,,,,
2023-09-28 17:10:00+00:00,,,,
2023-09-28 17:20:00+00:00,,,,
2023-09-28 17:30:00+00:00,,,,
2023-09-28 17:40:00+00:00,,,,
2023-09-28 17:50:00+00:00,,,,
2023-09-28 18:00:00+00:00,,,,
2023-09-28 18:10:00+00:00,,,,
2023-09-28 18:20:00+00:00,,,,
2023-09-28 18:30:00+00:00,,,,
2023-09-28 18:40:00+00:00,,,,
2023-09-28 18:50:00+00:00,,,,
2023-09-28 19:00:00+00:00,,,,
2023-09-28 19:10:00+00:00,,,,
2023-09-28 19:20:00+00:00,,,,
2023-09-28 19:30:00+00:00,,,,
2023-09-28 19:40:00+00:00,,,,
2023-09-28 19:50:00+00:00,,,,
2023-09-28 20:00:00+00:00,,,,
2023-09-28 20:10:00+00:00,,,,
2023-09-28 20:20:00+00:00,,,,
2023-09-28 20:30:00+00:00,,,,
2023-09-28 20:40:00+00:00,,,,
2023-09-28 20:50:00+00:00,,,,
2023-09-28 21:00:00+00:00,,,,
2023-09-28 21:10:00+00:00,,,,
2023-09-28 21:20:00+00:00,,,,
2023-09-28 21:30:00+00:00,,,,
2023-09-28 21:40:00+00:00,,,,
2023-09-28 21:50:00+00:00,,,,
2023-09-28 22:00:00+00:00,,,,
2023-09-28 22:10:00+00:00,,,,
2023-09-28 22:20:00+00:00,,,,
2023-09-28 22:30:00+00:00,,,,
2023-09-28 22:40:00+00:00,,,,
2023-09-28 22:50:00+00:00,,,,
2023-09-28 23:00:00+00:00,,,,
2023-09-28 23:10:00+00:00,,,,
2023-09-28 23:20:00+00:00,,,,
2023-09-28 23:30:00+00:00,,,,
2023-09-28 23:40:00+00:00,,,,
2023-09-28 23:50:00+00:00,,,,
2023-09-29 00:00:00+00:00,,,,
2023-09-29 00:10:00+00:00,,,,
2023-09-29 00:20:00+00:00,,,,
2023-09-29 00:30:00+00:00,,,,
2023-09-29 00:40:00+00:00,,,,
2023-09-29 00:50:00+00:00,,,,
2023-09-29 01:00:00+00:00,,,,
2023-09-29 01:10:00+00:00,,,,
2023-09-29 01:20:00+00:00,,,,
2023-09-29 01:30:00+00:00,,,,
2023-09-29 01:40:00+00:00,,,,
2023-09-29 01:50:00+00:00,,,,
2023-09-29 02:00:00+00:00,,,,
2023-09-29 02:10:00+00:00,,,,
2023-09-29 02:20:00+00:00,,,,
2023-09-29 02:30:00+00:00,,,,
2023-09-29 02:40:00+00:00,,,,
2023-09-29 02:50:00+00:00,,,,
2023-09-29 03:00:00+00:00,,,,
2023-09-29 03:10:00+00:00,,,,
2023-09-29 03:20:00+00:00,,,,
2023-09-29 03:30:00+00:00,,,,
2023-09-29 03:40:00+00:00,,,,
2023-09-29 03:50:00+00:00,,,,
2023-09-29 04:00:00+00:00,,,,
2023-09-29 04:10:00+00:00,,,,
2023-09-29 04:20:00+00:00,,,,
2023-09-29 04:30:00+00:00,,,,
2023-09-29 04:40:00+00:00,,,,
2023-09-29 04:50:00+00:00,,,,
2023-09-29 05:00:00+00:00,,,,
2023-09-29 05:10:00+00:00,,,,
2023-09-29 05:20:00+00:00,,,,
2023-09-29 05:30:00+00:00,,,,
2023-09-29 05:40:00+00:00,,,,
2023-09-29 05:50:00+00:00,,,,
2023-09-29 06:00:00+00:00,,,,
2023-09-29 06:10:00+00:00,,,,
2023-09-29 06:20:00+00:00,,,,
2023-09-29 06:30:00+00:00,,,,
2023-09-29 06:40:00+00:00,,,,
2023-09-29 06:50:00+00:00,,,,
2023-09-29 07:00:00+00:00,,,,
2023-09-29 07:10:00+00:00,,,,
2023-09-29 07:20:00+00:00,,,,
2023-09-29 07:30:00+00:00,,,,
2023-09-29 07:40:00+00:00,,,,
2023-09-29 07:50:00+00:00,,,,
2023-09-29 08:00:00+00:00,,,,
2023-09-29 08:10:00+00:00,,,,
2023-09-29 08:20:00+00:00,,,,
2023-09-29 08:30:00+00:00,,,,
2023-09-29 08:40:00+00:00,,,,
2023-09-29 08:50:00+00:00,,,,
2023-09-29 09:00:00+00:00,,,,
2023-09-29 09:10:00+00:00,,,,
2023-09-29 09:20:00+00:00,,,,
2023-09-29 09:30:00+00:00,,,,
2023-09-29 09:40:00+00:00,,,,
2023-09-29 09:50:00+00:00,,,,
2023-09-29 10:00:00+00:00,,,,
2023-09-29 10:10:00+00:00,,,,
2023-09-29 10:20:00+00:00,,,,
2023-09-29 10:30:00+00:00,,,,
2023-09-29 10:40:00+00:00,,,,
2023-09-29 10:50:00+00:00,,,,
2023-09-29 11:00:00+00:00,,,,
2023-09-29 11:10:00+00:00,,,,
2023-09-29 11:20:00+00:00,,,,
2023-09-29 11:30:00+00:00,,,,
2023-09-29 11:40:00+00:00,,,,
2023-09-29 11:50:00+00:00,,,,
2023-09-29 12:00:00+00:00,,,,
2023-09-29 12:10:00+00:00,,,,
2023-09-29 12:20:00+00:00,,,,
2023-09-29 12:30:00+00:00,,,,
2023-09-29 12:40:00+00:00,,,,
2023-09-29 12:50:00+00:00,,,,
2023-09-29 13:00:00+00:00,,,,
2023-09-29 13:10:00+00:00,,,,
2023-09-29 13:20:00+00:00,,,,
2023-09-29 13:30:00+00:00,,,,
2023-09-29 13:40:00+00:00,,,,
2023-09-29 13:50:00+00:00,,,,
2023-09-29 14:00:00+00:00,,,,
2023-09-29 14:10:00+00:00,,,,
2023-09-29 14:20:00+00:00,,,,
2023-09-29 14:30:00+00:00,,,,
2023-09-29 14:40:00+00:00,,,,
2023-09-29 14:50:00+00:00,,,,
2023-09-29 15:00:00+00:00,,,,
2023-09-29 15:10:00+00:00,,,,
2023-09-29 15:20:00+00:00,,,,
2023-09-29 15:30:00+00:00,,,,
2023-09-29 15:40:00+00:00,,,,
2023-09-29 15:50:00+00:00,,,,
2023-09-29 16:00:00+00:00,,,,
2023-09-29 16:10:00+00:00,,,,
2023-09-29 16:20:00+00:00,,,,
2023-09-29 16:30:00+00:00,,,,
2023-09-29 16:40:00+00:00,,,,
2023-09-29 16:50:00+00:00,,,,
2023-09-29 17:00:00+00:00,,,,
2023-09-29 17:10:00+00:00,,,,
2023-09-29 17:20:00+00:00,,,,
2023-09-29 17:30:00+00:00,,,,
2023-09-29 17:40:00+00:00,,,,
2023-09-29 17:50:00+00:00,,,,
2023-09-29 18:00:00+00:00,,,,
2023-09-29 18:10:00+00:00,,,,
2023-09-29 18:20:00+00:00,,,,
2023-09-29 18:30:00+00:00,,,,
2023-09-29 18:40:00+00:00,,,,
2023-09-29 18:50:00+00:00,,,,
2023-09-29 19:00:00+00:00,,,,
2023-09-29 19:10:00+00:00,,,,
2023-09-29 19:20:00+00:00,,,,
2023-09-29 19:30:00+00:00,,,,
2023-09-29 19:40:00+00:00,,,,
2023-09-29 19:50:00+00:00,,,,
2023-09-29 20:00:00+00:00,,,,
2023-09-29 20:10:00+00:00,,,,
2023-09-29 20:20:00+00:00,,,,
2023-09-29 20:30:00+00:00,,,,
2023-09-29 20:40:00+00:00,,,,
2023-09-29 20:50:00+00:00,,,,
2023-09-29 21:00:00+00:00,,,,
2023-09-29 21:10:00+00:00,,,,
2023-09-29 21:20:00+00:00,,,,
2023-09-29 21:30:00+00:00,,,,
2023-09-29 21:40:00+00:00,,,,
2023-09-29 21:50:00+00:00,,,,
2023-09-29 22:00:00+00:00,,,,
2023-09-29 22:10:00+00:00,,,,
2023-09-29 22:20:00+00:00,,,,
2023-09-29 22:30:00+00:00,,,,
2023-09-29 22:40:00+00:00,,,,
2023-09-29 22:50:00+00:00,,,,
2023-09-29 23:00:00+00:00,,,,
2023-09-29 23:10:00+00:00,,,,
2023-09-29 23:20:00+00:00,,,,
2023-09-29 23:30:00+00:00,,,,
2023-09-29 23:40:00+00:00,,,,
2023-09-29 23:50:00+00:00,,,,
2023-09-30 00:00:00+00:00,,,,
2023-09-30 00:10:00+00:00,,,,
2023-09-30 00:20:00+00:00,,,,
2023-09-30 00:30:00+00:00,,,,
2023-09-30 00:40:00+00:00,,,,
2023-09-30 00:50:00+00:00,,,,
2023-09-30 01:00:00+00:00,,,,
2023-09-30 01:10:00+00:00,,,,
2023-09-30 01:20:00+00:00,,,,
2023-09-30 01:30:00+00:00,,,,
2023-09-30 01:40:00+00:00,,,,
2023-09-30 01:50:00+00:00,,,,
2023-09-30 02:00:00+00:00,,,,
2023-09-30 02:10:00+00:00,,,,
2023-09-30 02:20:00+00:00,,,,
2023-09-30 02:30:00+00:00,,,,
2023-09-30 02:40:00+00:00,,,,
2023-09-30 02:50:00+00:00,,,,
2023-09-30 03:00:00+00:00,,,,
2023-09-30 03:10:00+00:00,,,,
2023-09-30 03:20:00+00:00,,,,
2023-09-30 03:30:00+00:00,,,,
2023-09-30 03:40:00+00:00,,,,
2023-09-30 03:50:00+00:00,,,,
2023-09-30 04:00:00+00:00,,,,
2023-09-30 04:10:00+00:00,,,,
2023-09-30 04:20:00+00:00,,,,
2023-09-30 04:30:00+00:00,,,,
2023-09-30 04:40:00+00:00,,,,
2023-09-30 04:50:00+00:00,,,,
2023-09-30 05:00:00+00:00,,,,
2023-09-30 05:10:00+00:00,,,,
2023-09-30 05:20:00+00:00,,,,
2023-09-30 05:30:00+00:00,,,,
2023-09-30 05:40:00+00:00,,,,
2023-09-30 05:50:00+00:00,,,,
2023-09-30 06:00:00+00:00,,,,
2023-09-30 06:10:00+00:00,,,,
2023-09-30 06:20:00+00:00,,,,
2023-09-30 06:30:00+00:00,,,,
2023-09-30 06:40:00+00:00,,,,
2023-09-30 06:50:00+00:00,,,,
2023-09-30 07:00:00+00:00,,,,
2023-09-30 07:10:00+00:00,,,,
2023-09-30 07:20:00+00:00,,,,
2023-09-30 07:30:00+00:00,,,,
2023-09-30 07:40:00+00:00,,,,
2023-09-30 07:50:00+00:00,,,,
2023-09-30 08:00:00+00:00,,,,
2023-09-30 08:10:00+00:00,,,,
2023-09-30 08:20:00+00:00,,,,
2023-09-30 08:30:00+00:00,,,,
2023-09-30 08:40:00+00:00,,,,
2023-09-30 08:50:00+00:00,,,,
2023-09-30 09:00:00+00:00,,,,
2023-09-30 09:10:00+00:00,,,,
2023-09-30 09:20:00+00:00,,,,
2023-09-30 09:30:00+00:00,,,,
2023-09-30 09:40:00+00:00,,,,
2023-09-30 09:50:00+00:00,,,,
2023-09-30 10:00:00+00:00,,,,
2023-09-30 10:10:00+00:00,,,,
2023-09-30 10:20:00+00:00,,,,
2023-09-30 10:30:00+00:00,,,,
2023-09-30 10:40:00+00:00,,,,
2023-09-30 10:50:00+00:00,,,,
2023-09-30 11:00:00+00:00,,,,
2023-09-30 11:10:00+00:00,,,,
2023-09-30 11:20:00+00:00,,,,
2023-09-30 11:30:00+00:00,,,,
2023-09-30 11:40:00+00:00,,,,
2023-09-30 11:50:00+00:00,,,,
2023-09-30 12:00:00+00:00,,,,
2023-09-30 12:10:00+00:00,,,,
2023-09-30 12:20:00+00:00,,,,
2023-09-30 12:30:00+00:00,,,,
2023-09-30 12:40:00+00:00,,,,
2023-09-30 12:50:00+00:00,,,,
2023-09-30 13:00:00+00:00,,,,
2023-09-30 13:10:00+00:00,,,,
2023-09-30 13:20:00+00:00,,,,
2023-09-30 13:30:00+00:00,,,,
2023-09-30 13:40:00+00:00,,,,
2023-09-30 13:50:00+00:00,,,,
2023-09-30 14:00:00+00:00,,,,
2023-09-30 14:10:00+00:00,,,,
2023-09-30 14:20:00+00:00,,,,
2023-09-30 14:30:00+00:00,,,,
2023-09-30 14:40:00+00:00,,,,
2023-09-30 14:50:00+00:00,,,,
2023-09-30 15:00:00+00:00,,,,
2023-09-30 15:10:00+00:00,,,,
2023-09-30 15:20:00+00:00,,,,
2023-09-30 15:30:00+00:00,,,,
2023-09-30 15:40:00+00:00,,,,
2023-09-30 15:50:00+00:00,,,,
2023-09-30 16:00:00+00:00,,,,
2023-09-30 16:10:00+00:00,,,,
2023-09-30 16:20:00+00:00,,,,
2023-09-30 16:30:00+00:00,,,,
2023-09-30 16:40:00+00:00,,,,
2023-09-30 16:50:00+00:00,,,,
2023-09-30 17:00:00+00:00,,,,
2023-09-30 17:10:00+00:00,,,,
2023-09-30 17:20:00+00:00,,,,
2023-09-30 17:30:00+00:00,,,,
2023-09-30 17:40:00+00:00,,,,
2023-09-30 17:50:00+00:00,,,,
2023-09-30 18:00:00+00:00,,,,
2023-09-30 18:10:00+00:00,,,,
2023-09-30 18:20:00+00:00,,,,
2023-09-30 18:30:00+00:00,,,,
2023-09-30 18:40:00+00:00,,,,
2023-09-30 18:50:00+00:00,,,,
2023-09-30 19:00:00+00:00,,,,
2023-09-30 19:10:00+00:00,,,,
2023-09-30 19:20:00+00:00,,,,
2023-09-30 19:30:00+00:00,,,,
2023-09-30 19:40:00+00:00,,,,
2023-09-30 19:50:00+00:00,,,,
2023-09-30 20:00:00+00:00,,,,
2023-09-30 20:10:00+00:00,,,,
2023-09-30 20:20:00+00:00,,,,
2023-09-30 20:30:00+00:00,,,,
2023-09-30 20:40:00+00:00,,,,
2023-09-30 20:50:00+00:00,,,,
2023-09-30 21:00:00+00:00,,,,
2023-09-30 21:10:00+00:00,,,,
2023-09-30 21:20:00+00:00,,,,
2023-09-30 21:30:00+00:00,,,,
2023-09-30 21:40:00+00:00,,,,
2023-09-30 21:50:00+00:00,,,,
2023-09-30 22:00:00+00:00,,,,
2023-09-30 22:10:00+00:00,,,,
2023-09-30 22:20:00+00:00,,,,
2023-09-30 22:30:00+00:00,,,,
2023-09-30 22:40:00+00:00,,,,
2023-09-30 22:50:00+00:00,,,,
2023-09-30 23:00:00+00:00,,,,
2023-09-30 23:10:00+00:00,,,,
2023-09-30 23:20:00+00:00,,,,
2023-09-30 23:30:00+00:00,,,,
2023-09-30 23:40:00+00:00,,,,
2023-09-30 23:50:00+00:00,,,,
2023-10-01 00:00:00+00:00,,,,
2023-10-01 00:10:00+00:00,,,,
2023-10-01 00:20:00+00:00,,,,
2023-10-01 00:30:00+00:00,,,,
2023-10-01 00:40:00+00:00,,,,
2023-10-01 00:50:00+00:00,,,,
2023-10-01 01:00:00+00:00,,,,
2023-10-01 01:10:00+00:00,,,,
2023-10-01 01:20:00+00:00,,,,
2023-10-01 01:30:00+00:00,,,,
2023-10-01 01:40:00+00:00,,,,
2023-10-01 01:50:00+00:00,,,,
2023-10-01 02:00:00+00:00,,,,
2023-10-01 02:10:00+00:00,,,,
2023-10-01 02:20:00+00:00,,,,
2023-10-01 02:30:00+00:00,,,,
2023-10-01 02:40:00+00:00,,,,
2023-10-01 02:50:00+00:00,,,,
2023-10-01 03:00:00+00:00,,,,
2023-10-01 03:10:00+00:00,,,,
2023-10-01 03:20:00+00:00,,,,
2023-10-01 03:30:00+00:00,,,,
2023-10-01 03:40:00+00:00,,,,
2023-10-01 03:50:00+00:00,,,,
2023-10-01 04:00:00+00:00,,,,
2023-10-01 04:10:00+00:00,,,,
2023-10-01 04:20:00+00:00,,,,
2023-10-01 04:30:00+00:00,,,,
2023-10-01 04:40:00+00:00,,,,
2023-10-01 04:50:00+00:00,,,,
2023-10-01 05:00:00+00:00,,,,
2023-10-01 05:10:00+00:00,,,,
2023-10-01 05:20:00+00:00,,,,
2023-10-01 05:30:00+00:00,,,,
2023-10-01 05:40:00+00:00,,,,
2023-10-01 05:50:00+00:00,,,,
2023-10-01 06:00:00+00:00,,,,
2023-10-01 06:10:00+00:00,,,,
2023-10-01 06:20:00+00:00,,,,
2023-10-01 06:30:00+00:00,,,,
2023-10-01 06:40:00+00:00,,,,
2023-10-01 06:50:00+00:00,,,,
2023-10-01 07:00:00+00:00,,,,
2023-10-01 07:10:00+00:00,,,,
2023-10-01 07:20:00+00:00,,,,
2023-10-01 07:30:00+00:00,,,,
2023-10-01 07:40:00+00:00,,,,
2023-10-01 07:50:00+00:00,,,,
2023-10-01 08:00:00+00:00,,,,
2023-10-01 08:10:00+00:00,,,,
2023-10-01 08:20:00+00:00,,,,
2023-10-01 08:30:00+00:00,,,,
2023-10-01 08:40:00+00:00,,,,
2023-10-01 08:50:00+00:00,,,,
2023-10-01 09:00:00+00:00,,,,
2023-10-01 09:10:00+00:00,,,,
2023-10-01 09:20:00+00:00,,,,
2023-10-01 09:30:00+00:00,,,,
2023-10-01 09:40:00+00:00,,,,
2023-10-01 09:50:00+00:00,,,,
2023-10-01 10:00:00+00:00,,,,
2023-10-01 10:10:00+00:00,,,,
2023-10-01 10:20:00+00:00,,,,
2023-10-01 10:30:00+00:00,,,,
2023-10-01 10:40:00+00:00,,,,
2023-10-01 10:50:00+00:00,,,,
2023-10-01 11:00:00+00:00,,,,
2023-10-01 11:10:00+00:00,,,,
2023-10-01 11:20:00+00:00,,,,
2023-10-01 11:30:00+00:00,,,,
2023-10-01 11:40:00+00:00,,,,
2023-10-01 11:50:00+00:00,,,,
2023-10-01 12:00:00+00:00,,,,
2023-10-01 12:10:00+00:00,,,,
2023-10-01 12:20:00+00:00,,,,
2023-10-01 12:30:00+00:00,,,,
2023-10-01 12:40:00+00:00,,,,
2023-10-01 12:50:00+00:00,,,,
2023-10-01 13:00:00+00:00,,,,
2023-10-01 13:10:00+00:00,,,,
2023-10-01 13:20:00+00:00,,,,
2023-10-01 13:30:00+00:00,,,,
2023-10-01 13:40:00+00:00,,,,
2023-10-01 13:50:00+00:00,,,,
2023-10-01 14:00:00+00:00,,,,
2023-10-01 14:10:00+00:00,,,,
2023-10-01 14:20:00+00:00,,,,
2023-10-01 14:30:00+00:00,,,,
2023-10-01 14:40:00+00:00,,,,
2023-10-01 14:50:00+00:00,,,,
2023-10-01 15:00:00+00:00,,,,
2023-10-01 15:10:00+00:00,,,,
2023-10-01 15:20:00+00:00,,,,
2023-10-01 15:30:00+00:00,,,,
2023-10-01 15:40:00+00:00,,,,
2023-10-01 15:50:00+00:00,,,,
2023-10-01 16:00:00+00:00,,,,
2023-10-01 16:10:00+00:00,,,,
2023-10-01 16:20:00+00:00,,,,
2023-10-01 16:30:00+00:00,,,,
2023-10-01 16:40:00+00:00,,,,
2023-10-01 16:50:00+00:00,,,,
2023-10-01 17:00:00+00:00,,,,
2023-10-01 17:10:00+00:00,,,,
2023-10-01 17:20:00+00:00,,,,
2023-10-01 17:30:00+00:00,,,,
2023-10-01 17:40:00+00:00,,,,
2023-10-01 17:50:00+00:00,,,,
2023-10-01 18:00:00+00:00,,,,
2023-10-01 18:10:00+00:00,,,,
2023-10-01 18:20:00+00:00,,,,
2023-10-01 18:30:00+00:00,,,,
2023-10-01 18:40:00+00:00,,,,
2023-10-01 18:50:00+00:00,,,,
2023-10-01 19:00:00+00:00,,,,
2023-10-01 19:10:00+00:00,,,,
2023-10-01 19:20:00+00:00,,,,
2023-10-01 19:30:00+00:00,,,,
2023-10-01 19:40:00+00:00,,,,
2023-10-01 19:50:00+00:00,,,,
2023-10-01 20:00:00+00:00,,,,
2023-10-01 20:10:00+00:00,,,,
2023-10-01 20:20:00+00:00,,,,
2023-10-01 20:30:00+00:00,,,,
2023-10-01 20:40:00+00:00,,,,
2023-10-01 20:50:00+00:00,,,,
2023-10-01 21:00:00+00:00,,,,
2023-10-01 21:10:00+00:00,,,,
2023-10-01 21:20:00+00:00,,,,
2023-10-01 21:30:00+00:00,,,,
2023-10-01 21:40:00+00:00,,,,
2023-10-01 21:50:00+00:00,,,,
2023-10-01 22:00:00+00:00,,,,
2023-10-01 22:10:00+00:00,,,,
2023-10-01 22:20:00+00:00,,,,
2023-10-01 22:30:00+00:00,,,,
2023-10-01 22:40:00+00:00,,,,
2023-10-01 22:50:00+00:00,,,,
2023-10-01 23:00:00+00:00,,,,
2023-10-01 23:10:00+00:00,,,,
2023-10-01 23:20:00+00:00,,,,
2023-10-01 23:30:00+00:00,,,,
2023-10-01 23:40:00+00:00,,,,
2023-10-01 23:50:00+00:00,,,,
2023-10-02 00:00:00+00:00,,,,
2023-10-02 00:10:00+00:00,,,,
2023-10-02 00:20:00+00:00,,,,
2023-10-02 00:30:00+00:00,,,,
2023-10-02 00:40:00+00:00,,,,
2023-10-02 00:50:00+00:00,,,,
2023-10-02 01:00:00+00:00,,,,
2023-10-02 01:10:00+00:00,,,,
2023-10-02 01:20:00+00:00,,,,
2023-10-02 01:30:00+00:00,,,,
2023-10-02 01:40:00+00:00,,,,
2023-10-02 01:50:00+00:00,,,,
2023-10-02 02:00:00+00:00,,,,
2023-10-02 02:10:00+00:00,,,,
2023-10-02 02:20:00+00:00,,,,
2023-10-02 02:30:00+00:00,,,,
2023-10-02 02:40:00+00:00,,,,
2023-10-02 02:50:00+00:00,,,,
2023-10-02 03:00:00+00:00,,,,
2023-10-02 03:10:00+00:00,,,,
2023-10-02 03:20:00+00:00,,,,
2023-10-02 03:30:00+00:00,,,,
2023-10-02 03:40:00+00:00,,,,
2023-10-02 03:50:00+00:00,,,,
2023-10-02 04:00:00+00:00,,,,
2023-10-02 04:10:00+00:00,,,,
2023-10-02 04:20:00+00:00,,,,
2023-10-02 04:30:00+00:00,,,,
2023-10-02 04:40:00+00:00,,,,
2023-10-02 04:50:00+00:00,,,,
2023-10-02 05:00:00+00:00,,,,
2023-10-02 05:10:00+00:00,,,,
2023-10-02 05:20:00+00:00,,,,
2023-10-02 05:30:00+00:00,,,,
2023-10-02 05:40:00+00:00,,,,
2023-10-02 05:50:00+00:00,,,,
2023-10-02 06:00:00+00:00,,,,
2023-10-02 06:10:00+00:00,,,,
2023-10-02 06:20:00+00:00,,,,
2023-10-02 06:30:00+00:00,,,,
2023-10-02 06:40:00+00:00,,,,
2023-10-02 06:50:00+00:00,,,,
2023-10-02 07:00:00+00:00,,,,
2023-10-02 07:10:00+00:00,,,,
2023-10-02 07:20:00+00:00,,,,
2023-10-02 07:30:00+00:00,,,,
2023-10-02 07:40:00+00:00,,,,
2023-10-02 07:50:00+00:00,,,,
2023-10-02 08:00:00+00:00,,,,
2023-10-02 08:10:00+00:00,,,,
2023-10-02 08:20:00+00:00,,,,
2023-10-02 08:30:00+00:00,,,,
2023-10-02 08:40:00+00:00,,,,
2023-10-02 08:50:00+00:00,,,,
2023-10-02 09:00:00+00:00,,,,
2023-10-02 09:10:00+00:00,,,,
2023-10-02 09:20:00+00:00,,,,
2023-10-02 09:30:00+00:00,,,,
2023-10-02 09:40:00+00:00,,,,
2023-10-02 09:50:00+00:00,,,,
2023-10-02 10:00:00+00:00,,,,
2023-10-02 10:10:00+00:00,,,,
2023-10-02 10:20:00+00:00,,,,
2023-10-02 10:30:00+00:00,,,,
2023-10-02 10:40:00+00:00,,,,
2023-10-02 10:50:00+00:00,,,,
2023-10-02 11:00:00+00:00,,,,
2023-10-02 11:10:00+00:00,,,,
2023-10-02 11:20:00+00:00,,,,
2023-10-02 11:30:00+00:00,,,,
2023-10-02 11:40:00+00:00,,,,
2023-10-02 11:50:00+00:00,,,,
2023-10-02 12:00:00+00:00,,,,
2023-10-02 12:10:00+00:00,,,,
2023-10-02 12:20:00+00:00,,,,
2023-10-02 12:30:00+00:00,,,,
2023-10-02 12:40:00+00:00,,,,
2023-10-02 12:50:00+00:00,,,,
2023-10-02 13:00:00+00:00,,,,
2023-10-02 13:10:00+00:00,,,,
2023-10-02 13:20:00+00:00,,,,
2023-10-02 13:30:00+00:00,,,,
2023-10-02 13:40:00+00:00,,,,
2023-10-02 13:50:00+00:00,,,,
2023-10-02 14:00:00+00:00,,,,
2023-10-02 14:10:00+00:00,,,,
2023-10-02 14:20:00+00:00,,,,
2023-10-02 14:30:00+00:00,,,,
2023-10-02 14:40:00+00:00,,,,
2023-10-02 14:50:00+00:00,,,,
2023-10-02 15:00:00+00:00,,,,
2023-10-02 15:10:00+00:00,,,,
2023-10-02 15:20:00+00:00,,,,
2023-10-02 15:30:00+00:00,,,,
2023-10-02 15:40:00+00:00,,,,
2023-10-02 15:50:00+00:00,,,,
2023-10-02 16:00:00+00:00,,,,
2023-10-02 16:10:00+00:00,,,,
2023-10-02 16:20:00+00:00,,,,
2023-10-02 16:30:00+00:00,,,,
2023-10-02 16:40:00+00:00,,,,
2023-10-02 16:50:00+00:00,,,,
2023-10-02 17:00:00+00:00,,,,
2023-10-02 17:10:00+00:00,,,,
2023-10-02 17:20:00+00:00,,,,
2023-10-02 17:30:00+00:00,,,,
2023-10-02 17:40:00+00:00,,,,
2023-10-02 17:50:00+00:00,,,,
2023-10-02 18:00:00+00:00,,,,
2023-10-02 18:10:00+00:00,,,,
2023-10-02 18:20:00+00:00,,,,
2023-10-02 18:30:00+00:00,,,,
2023-10-02 18:40:00+00:00,,,,
2023-10-02 18:50:00+00:00,,,,
2023-10-02 19:00:00+00:00,,,,
2023-10-02 19:10:00+00:00,,,,
2023-10-02 19:20:00+00:00,,,,
2023-10-02 19:30:00+00:00,,,,
2023-10-02 19:40:00+00:00,,,,
2023-10-02 19:50:00+00:00,,,,
2023-10-02 20:00:00+00:00,,,,
2023-10-02 20:10:00+00:00,,,,
2023-10-02 20:20:00+00:00,,,,
2023-10-02 20:30:00+00:00,,,,
2023-10-02 20:40:00+00:00,,,,
2023-10-02 20:50:00+00:00,,,,
2023-10-02 21:00:00+00:00,,,,
2023-10-02 21:10:00+00:00,,,,
2023-10-02 21:20:00+00:00,,,,
2023-10-02 21:30:00+00:00,,,,
2023-10-02 21:40:00+00:00,,,,
2023-10-02 21:50:00+00:00,,,,
2023-10-02 22:00:00+00:00,,,,
2023-10-02 22:10:00+00:00,,,,
2023-10-02 22:20:00+00:00,,,,
2023-10-02 22:30:00+00:00,,,,
2023-10-02 22:40:00+00:00,,,,
2023-10-02 22:50:00+00:00,,,,
2023-10-02 23:00:00+00:00,,,,
2023-10-02 23:10:00+00:00,,,,
2023-10-02 23:20:00+00:00,,,,
2023-10-02 23:30:00+00:00,,,,
2023-10-02 23:40:00+00:00,,,,
2023-10-02 23:50:00+00:00,,,,
2023-10-03 00:00:00+00:00,,,,
2023-10-03 00:10:00+00:00,,,,
2023-10-03 00:20:00+00:00,,,,
2023-10-03 00:30:00+00:00,,,,
2023-10-03 00:40:00+00:00,,,,
2023-10-03 00:50:00+00:00,,,,
2023-10-03 01:00:00+00:00,,,,
2023-10-03 01:10:00+00:00,,,,
2023-10-03 01:20:00+00:00,,,,
2023-10-03 01:30:00+00:00,,,,
2023-10-03 01:40:00+00:00,,,,
2023-10-03 01:50:00+00:00,,,,
2023-10-03 02:00:00+00:00,,,,
2023-10-03 02:10:00+00:00,,,,
2023-10-03 02:20:00+00:00,,,,
2023-10-03 02:30:00+00:00,,,,
2023-10-03 02:40:00+00:00,,,,
2023-10-03 02:50:00+00:00,,,,
2023-10-03 03:00:00+00:00,,,,
2023-10-03 03:10:00+00:00,,,,
2023-10-03 03:20:00+00:00,,,,
2023-10-03 03:30:00+00:00,,,,
2023-10-03 03:40:00+00:00,,,,
2023-10-03 03:50:00+00:00,,,,
2023-10-03 04:00:00+00:00,,,,
2023-10-03 04:10:00+00:00,,,,
2023-10-03 04:20:00+00:00,,,,
2023-10-03 04:30:00+00:00,,,,
2023-10-03 04:40:00+00:00,,,,
2023-10-03 04:50:00+00:00,,,,
2023-10-03 05:00:00+00:00,,,,
2023-10-03 05:10:00+00:00,,,,
2023-10-03 05:20:00+00:00,,,,
2023-10-03 05:30:00+00:00,,,,
2023-10-03 05:40:00+00:00,,,,
2023-10-03 05:50:00+00:00,,,,
2023-10-03 06:00:00+00:00,,,,
2023-10-03 06:10:00+00:00,,,,
2023-10-03 06:20:00+00:00,,,,
2023-10-03 06:30:00+00:00,,,,
2023-10-03 06:40:00+00:00,,,,
2023-10-03 06:50:00+00:00,,,,
2023-10-03 07:00:00+00:00,,,,
2023-10-03 07:10:00+00:00,,,,
2023-10-03 07:20:00+00:00,,,,
2023-10-03 07:30:00+00:00,,,,
2023-10-03 07:40:00+00:00,,,,
2023-10-03 07:50:00+00:00,,,,
2023-10-03 08:00:00+00:00,,,,
2023-10-03 08:10:00+00:00,,,,
2023-10-03 08:20:00+00:00,,,,
2023-10-03 08:30:00+00:00,,,,
2023-10-03 08:40:00+00:00,,,,
2023-10-03 08:50:00+00:00,,,,
2023-10-03 09:00:00+00:00,,,,
2023-10-03 09:10:00+00:00,,,,
2023-10-03 09:20:00+00:00,,,,
2023-10-03 09:30:00+00:00,,,,
2023-10-03 09:40:00+00:00,,,,
2023-10-03 09:50:00+00:00,,,,
2023-10-03 10:00:00+00:00,,,,
2023-10-03 10:10:00+00:00,,,,
2023-10-03 10:20:00+00:00,,,,
2023-10-03 10:30:00+00:00,,,,
2023-10-03 10:40:00+00:00,,,,
2023-10-03 10:50:00+00:00,,,,
2023-10-03 11:00:00+00:00,,,,
2023-10-03 11:10:00+00:00,,,,
2023-10-03 11:20:00+00:00,,,,
2023-10-03 11:30:00+00:00,,,,
2023-10-03 11:40:00+00:00,,,,
2023-10-03 11:50:00+00:00,,,,
2023-10-03 12:00:00+00:00,,,,
2023-10-03 12:10:00+00:00,,,,
2023-10-03 12:20:00+00:00,,,,
2023-10-03 12:30:00+00:00,,,,
2023-10-03 12:40:00+00:00,,,,
2023-10-03 12:50:00+00:00,,,,
2023-10-03 13:00:00+00:00,,,,
2023-10-03 13:10:00+00:00,,,,
2023-10-03 13:20:00+00:00,,,,
2023-10-03 13:30:00+00:00,,,,
2023-10-03 13:40:00+00:00,,,,
2023-10-03 13:50:00+00:00,,,,
2023-10-03 14:00:00+00:00,,,,
2023-10-03 14:10:00+00:00,,,,
2023-10-03 14:20:00+00:00,,,,
2023-10-03 14:30:00+00:00,,,,
2023-10-03 14:40:00+00:00,,,,
2023-10-03 14:50:00+00:00,,,,
2023-10-03 15:00:00+00:00,,,,
2023-10-03 15:10:00+00:00,,,,
2023-10-03 15:20:00+00:00,,,,
2023-10-03 15:30:00+00:00,,,,
2023-10-03 15:40:00+00:00,,,,
2023-10-03 15:50:00+00:00,,,,
2023-10-03 16:00:00+00:00,,,,
2023-10-03 16:10:00+00:00,,,,
2023-10-03 16:20:00+00:00,,,,
2023-10-03 16:30:00+00:00,,,,
2023-10-03 16:40:00+00:00,,,,
2023-10-03 16:50:00+00:00,,,,
2023-10-03 17:00:00+00:00,,,,
2023-10-03 17:10:00+00:00,,,,
2023-10-03 17:20:00+00:00,,,,
2023-10-03 17:30:00+00:00,,,,
2023-10-03 17:40:00+00:00,,,,
2023-10-03 17:50:00+00:00,,,,
2023-10-03 18:00:00+00:00,,,,
2023-10-03 18:10:00+00:00,,,,
2023-10-03 18:20:00+00:00,,,,
2023-10-03 18:30:00+00:00,,,,
2023-10-03 18:40:00+00:00,,,,
2023-10-03 18:50:00+00:00,,,,
2023-10-03 19:00:00+00:00,,,,
2023-10-03 19:10:00+00:00,,,,
2023-10-03 19:20:00+00:00,,,,
2023-10-03 19:30:00+00:00,,,,
2023-10-03 19:40:00+00:00,,,,
2023-10-03 19:50:00+00:00,,,,
2023-10-03 20:00:00+00:00,,,,
2023-10-03 20:10:00+00:00,,,,
2023-10-03 20:20:00+00:00,,,,
2023-10-03 20:30:00+00:00,,,,
2023-10-03 20:40:00+00:00,,,,
2023-10-03 20:50:00+00:00,,,,
2023-10-03 21:00:00+00:00,,,,
2023-10-03 21:10:00+00:00,,,,
2023-10-03 21:20:00+00:00,,,,
2023-10-03 21:30:00+00:00,,,,
2023-10-03 21:40:00+00:00,,,,
2023-10-03 21:50:00+00:00,,,,
2023-10-03 22:00:00+00:00,,,,
2023-10-03 22:10:00+00:00,,,,
2023-10-03 22:20:00+00:00,,,,
2023-10-03 22:30:00+00:00,,,,
2023-10-03 22:40:00+00:00,,,,
2023-10-03 22:50:00+00:00,,,,
2023-10-03 23:00:00+00:00,,,,
2023-10-03 23:10:00+00:00,,,,
2023-10-03 23:20:00+00:00,,,,
2023-10-03 23:30:00+00:00,,,,
2023-10-03 23:40:00+00:00,,,,
2023-10-03 23:50:00+00:00,,,,
2023-10-04 00:00:00+00:00,,,,
2023-10-04 00:10:00+00:00,,,,
2023-10-04 00:20:00+00:00,,,,
2023-10-04 00:30:00+00:00,,,,
2023-10-04 00:40:00+00:00,,,,
2023-10-04 00:50:00+00:00,,,,
2023-10-04 01:00:00+00:00,,,,
2023-10-04 01:10:00+00:00,,,,
2023-10-04 01:20:00+00:00,,,,
2023-10-04 01:30:00+00:00,,,,
2023-10-04 01:40:00+00:00,,,,
2023-10-04 01:50:00+00:00,,,,
2023-10-04 02:00:00+00:00,,,,
2023-10-04 02:10:00+00:00,,,,
2023-10-04 02:20:00+00:00,,,,
2023-10-04 02:30:00+00:00,,,,
2023-10-04 02:40:00+00:00,,,,
2023-10-04 02:50:00+00:00,,,,
2023-10-04 03:00:00+00:00,,,,
2023-10-04 03:10:00+00:00,,,,
2023-10-04 03:20:00+00:00,,,,
2023-10-04 03:30:00+00:00,,,,
2023-10-04 03:40:00+00:00,,,,
2023-10-04 03:50:00+00:00,,,,
2023-10-04 04:00:00+00:00,,,,
2023-10-04 04:10:00+00:00,,,,
2023-10-04 04:20:00+00:00,,,,
2023-10-04 04:30:00+00:00,,,,
2023-10-04 04:40:00+00:00,,,,
2023-10-04 04:50:00+00:00,,,,
2023-10-04 05:00:00+00:00,,,,
2023-10-04 05:10:00+00:00,,,,
2023-10-04 05:20:00+00:00,,,,
2023-10-04 05:30:00+00:00,,,,
2023-10-04 05:40:00+00:00,,,,
2023-10-04 05:50:00+00:00,,,,
2023-10-04 06:00:00+00:00,,,,
2023-10-04 06:10:00+00:00,,,,
2023-10-04 06:20:00+00:00,,,,
2023-10-04 06:30:00+00:00,,,,
2023-10-04 06:40:00+00:00,,,,
2023-10-04 06:50:00+00:00,,,,
2023-10-04 07:00:00+00:00,,,,
2023-10-04 07:10:00+00:00,,,,
2023-10-04 07:20:00+00:00,,,,
2023-10-04 07:30:00+00:00,,,,
2023-10-04 07:40:00+00:00,,,,
2023-10-04 07:50:00+00:00,,,,
2023-10-04 08:00:00+00:00,,,,
2023-10-04 08:10:00+00:00,,,,
2023-10-04 08:20:00+00:00,,,,
2023-10-04 08:30:00+00:00,,,,
2023-10-04 08:40:00+00:00,,,,
2023-10-04 08:50:00+00:00,,,,
2023-10-04 09:00:00+00:00,,,,
2023-10-04 09:10:00+00:00,,,,
2023-10-04 09:20:00+00:00,,,,
2023-10-04 09:30:00+00:00,,,,
2023-10-04 09:40:00+00:00,,,,
2023-10-04 09:50:00+00:00,,,,
2023-10-04 10:00:00+00:00,,,,
2023-10-04 10:10:00+00:00,,,,
2023-10-04 10:20:00+00:00,,,,
2023-10-04 10:30:00+00:00,,,,
2023-10-04 10:40:00+00:00,,,,
2023-10-04 10:50:00+00:00,,,,
2023-10-04 11:00:00+00:00,,,,
2023-10-04 11:10:00+00:00,,,,
2023-10-04 11:20:00+00:00,,,,
2023-10-04 11:30:00+00:00,,,,
2023-10-04 11:40:00+00:00,,,,
2023-10-04 11:50:00+00:00,,,,
2023-10-04 12:00:00+00:00,,,,
2023-10-04 12:10:00+00:00,,,,
2023-10-04 12:20:00+00:00,,,,
2023-10-04 12:30:00+00:00,,,,
2023-10-04 12:40:00+00:00,,,,
2023-10-04 12:50:00+00:00,,,,
2023-10-04 13:00:00+00:00,,,,
2023-10-04 13:10:00+00:00,,,,
2023-10-04 13:20:00+00:00,,,,
2023-10-04 13:30:00+00:00,,,,
2023-10-04 13:40:00+00:00,,,,
2023-10-04 13:50:00+00:00,,,,
2023-10-04 14:00:00+00:00,,,,
2023-10-04 14:10:00+00:00,,,,
2023-10-04 14:20:00+00:00,,,,
2023-10-04 14:30:00+00:00,,,,
2023-10-04 14:40:00+00:00,,,,
2023-10-04 14:50:00+00:00,,,,
2023-10-04 15:00:00+00:00,,,,
2023-10-04 15:10:00+00:00,,,,
2023-10-04 15:20:00+00:00,,,,
2023-10-04 15:30:00+00:00,,,,
2023-10-04 15:40:00+00:00,,,,
2023-10-04 15:50:00+00:00,,,,
2023-10-04 16:00:00+00:00,,,,
2023-10-04 16:10:00+00:00,,,,
2023-10-04 16:20:00+00:00,,,,
2023-10-04 16:30:00+00:00,,,,
2023-10-04 16:40:00+00:00,,,,
2023-10-04 16:50:00+00:00,,,,
2023-10-04 17:00:00+00:00,,,,
2023-10-04 17:10:00+00:00,,,,
2023-10-04 17:20:00+00:00,,,,
2023-10-04 17:30:00+00:00,,,,
2023-10-04 17:40:00+00:00,,,,
2023-10-04 17:50:00+00:00,,,,
2023-10-04 18:00:00+00:00,,,,
2023-10-04 18:10:00+00:00,,,,
2023-10-04 18:20:00+00:00,,,,
2023-10-04 18:30:00+00:00,,,,
2023-10-04 18:40:00+00:00,,,,
2023-10-04 18:50:00+00:00,,,,
2023-10-04 19:00:00+00:00,,,,
2023-10-04 19:10:00+00:00,,,,
2023-10-04 19:20:00+00:00,,,,
2023-10-04 19:30:00+00:00,,,,
2023-10-04 19:40:00+00:00,,,,
2023-10-04 19:50:00+00:00,,,,
2023-10-04 20:00:00+00:00,,,,
2023-10-04 20:10:00+00:00,,,,
2023-10-04 20:20:00+00:00,,,,
2023-10-04 20:30:00+00:00,,,,
2023-10-04 20:40:00+00:00,,,,
2023-10-04 20:50:00+00:00,,,,
2023-10-04 21:00:00+00:00,,,,
2023-10-04 21:10:00+00:00,,,,
2023-10-04 21:20:00+00:00,,,,
2023-10-04 21:30:00+00:00,,,,
2023-10-04 21:40:00+00:00,,,,
2023-10-04 21:50:00+00:00,,,,
2023-10-04 22:00:00+00:00,,,,
2023-10-04 22:10:00+00:00,,,,
2023-10-04 22:20:00+00:00,,,,
2023-10-04 22:30:00+00:00,,,,
2023-10-04 22:40:00+00:00,,,,
2023-10-04 22:50:00+00:00,,,,
2023-10-04 23:00:00+00:00,,,,
2023-10-04 23:10:00+00:00,,,,
2023-10-04 23:20:00+00:00,,,,
2023-10-04 23:30:00+00:00,,,,
2023-10-04 23:40:00+00:00,,,,
2023-10-04 23:50:00+00:00,,,,
2023-10-05 00:00:00+00:00,,,,
2023-10-05 00:10:00+00:00,,,,
2023-10-05 00:20:00+00:00,,,,
2023-10-05 00:30:00+00:00,,,,
2023-10-05 00:40:00+00:00,,,,
2023-10-05 00:50:00+00:00,,,,
2023-10-05 01:00:00+00:00,,,,
2023-10-05 01:10:00+00:00,,,,
2023-10-05 01:20:00+00:00,,,,
2023-10-05 01:30:00+00:00,,,,
2023-10-05 01:40:00+00:00,,,,
2023-10-05 01:50:00+00:00,,,,
2023-10-05 02:00:00+00:00,,,,
2023-10-05 02:10:00+00:00,,,,
2023-10-05 02:20:00+00:00,,,,
2023-10-05 02:30:00+00:00,,,,
2023-10-05 02:40:00+00:00,,,,
2023-10-05 02:50:00+00:00,,,,
2023-10-05 03:00:00+00:00,,,,
2023-10-05 03:10:00+00:00,,,,
2023-10-05 03:20:00+00:00,,,,
2023-10-05 03:30:00+00:00,,,,
2023-10-05 03:40:00+00:00,,,,
2023-10-05 03:50:00+00:00,,,,
2023-10-05 04:00:00+00:00,,,,
2023-10-05 04:10:00+00:00,,,,
2023-10-05 04:20:00+00:00,,,,
2023-10-05 04:30:00+00:00,,,,
2023-10-05 04:40:00+00:00,,,,
2023-10-05 04:50:00+00:00,,,,
2023-10-05 05:00:00+00:00,,,,
2023-10-05 05:10:00+00:00,,,,
2023-10-05 05:20:00+00:00,,,,
2023-10-05 05:30:00+00:00,,,,
2023-10-05 05:40:00+00:00,,,,
2023-10-05 05:50:00+00:00,,,,
2023-10-05 06:00:00+00:00,,,,
2023-10-05 06:10:00+00:00,,,,
2023-10-05 06:20:00+00:00,,,,
2023-10-05 06:30:00+00:00,,,,
2023-10-05 06:40:00+00:00,,,,
2023-10-05 06:50:00+00:00,,,,
2023-10-05 07:00:00+00:00,,,,
2023-10-05 07:10:00+00:00,,,,
2023-10-05 07:20:00+00:00,,,,
2023-10-05 07:30:00+00:00,,,,
2023-10-05 07:40:00+00:00,,,,
2023-10-05 07:50:00+00:00,,,,
2023-10-05 08:00:00+00:00,,,,
2023-10-05 08:10:00+00:00,,,,
2023-10-05 08:20:00+00:00,,,,
2023-10-05 08:30:00+00:00,,,,
2023-10-05 08:40:00+00:00,,,,
2023-10-05 08:50:00+00:00,,,,
2023-10-05 09:00:00+00:00,,,,
2023-10-05 09:10:00+00:00,,,,
2023-10-05 09:20:00+00:00,,,,
2023-10-05 09:30:00+00:00,,,,
2023-10-05 09:40:00+00:00,,,,
2023-10-05 09:50:00+00:00,,,,
2023-10-05 10:00:00+00:00,,,,
2023-10-05 10:10:00+00:00,,,,
2023-10-05 10:20:00+00:00,,,,
2023-10-05 10:30:00+00:00,,,,
2023-10-05 10:40:00+00:00,,,,
2023-10-05 10:50:00+00:00,,,,
2023-10-05 11:00:00+00:00,,,,
2023-10-05 11:10:00+00:00,,,,
2023-10-05 11:20:00+00:00,,,,
2023-10-05 11:30:00+00:00,,,,
2023-10-05 11:40:00+00:00,,,,
2023-10-05 11:50:00+00:00,,,,
2023-10-05 12:00:00+00:00,,,,
2023-10-05 12:10:00+00:00,,,,
2023-10-05 12:20:00+00:00,,,,
2023-10-05 12:30:00+00:00,,,,
2023-10-05 12:40:00+00:00,,,,
2023-10-05 12:50:00+00:00,,,,
2023-10-05 13:00:00+00:00,,,,
2023-10-05 13:10:00+00:00,,,,
2023-10-05 13:20:00+00:00,,,,
2023-10-05 13:30:00+00:00,,,,
2023-10-05 13:40:00+00:00,,,,
2023-10-05 13:50:00+00:00,,,,
2023-10-05 14:00:00+00:00,,,,
2023-10-05 14:10:00+00:00,,,,
2023-10-05 14:20:00+00:00,,,,
2023-10-05 14:30:00+00:00,,,,
2023-10-05 14:40:00+00:00,,,,
2023-10-05 14:50:00+00:00,,,,
2023-10-05 15:00:00+00:00,,,,
2023-10-05 15:10:00+00:00,,,,
2023-10-05 15:20:00+00:00,,,,
2023-10-05 15:30:00+00:00,,,,
2023-10-05 15:40:00+00:00,,,,
2023-10-05 15:50:00+00:00,,,,
2023-10-05 16:00:00+00:00,,,,
2023-10-05 16:10:00+00:00,,,,
2023-10-05 16:20:00+00:00,,,,
2023-10-05 16:30:00+00:00,,,,
2023-10-05 16:40:00+00:00,,,,
2023-10-05 16:50:00+00:00,,,,
2023-10-05 17:00:00+00:00,,,,
2023-10-05 17:10:00+00:00,,,,
2023-10-05 17:20:00+00:00,,,,
2023-10-05 17:30:00+00:00,,,,
2023-10-05 17:40:00+00:00,,,,
2023-10-05 17:50:00+00:00,,,,
2023-10-05 18:00:00+00:00,,,,
2023-10-05 18:10:00+00:00,,,,
2023-10-05 18:20:00+00:00,,,,
2023-10-05 18:30:00+00:00,,,,
2023-10-05 18:40:00+00:00,,,,
2023-10-05 18:50:00+00:00,,,,
2023-10-05 19:00:00+00:00,,,,
2023-10-05 19:10:00+00:00,,,,
2023-10-05 19:20:00+00:00,,,,
2023-10-05 19:30:00+00:00,,,,
2023-10-05 19:40:00+00:00,,,,
2023-10-05 19:50:00+00:00,,,,
2023-10-05 20:00:00+00:00,,,,
2023-10-05 20:10:00+00:00,,,,
2023-10-05 20:20:00+00:00,,,,
2023-10-05 20:30:00+00:00,,,,
2023-10-05 20:40:00+00:00,,,,
2023-10-05 20:50:00+00:00,,,,
2023-10-05 21:00:00+00:00,,,,
2023-10-05 21:10:00+00:00,,,,
2023-10-05 21:20:00+00:00,,,,
2023-10-05 21:30:00+00:00,,,,
2023-10-05 21:40:00+00:00,,,,
2023-10-05 21:50:00+00:00,,,,
2023-10-05 22:00:00+00:00,,,,
2023-10-05 22:10:00+00:00,,,,
2023-10-05 22:20:00+00:00,,,,
2023-10-05 22:30:00+00:00,,,,
2023-10-05 22:40:00+00:00,,,,
2023-10-05 22:50:00+00:00,,,,
2023-10-05 23:00:00+00:00,,,,
2023-10-05 23:10:00+00:00,,,,
2023-10-05 23:20:00+00:00,,,,
2023-10-05 23:30:00+00:00,,,,
2023-10-05 23:40:00+00:00,,,,
2023-10-05 23:50:00+00:00,,,,
2023-10-06 00:00:00+00:00,,,,
2023-10-06 00:10:00+00:00,,,,
2023-10-06 00:20:00+00:00,,,,
2023-10-06 00:30:00+00:00,,,,
2023-10-06 00:40:00+00:00,,,,
2023-10-06 00:50:00+00:00,,,,
2023-10-06 01:00:00+00:00,,,,
2023-10-06 01:10:00+00:00,,,,
2023-10-06 01:20:00+00:00,,,,
2023-10-06 01:30:00+00:00,,,,
2023-10-06 01:40:00+00:00,,,,
2023-10-06 01:50:00+00:00,,,,
2023-10-06 02:00:00+00:00,,,,
2023-10-06 02:10:00+00:00,,,,
2023-10-06 02:20:00+00:00,,,,
2023-10-06 02:30:00+00:00,,,,
2023-10-06 02:40:00+00:00,,,,
2023-10-06 02:50:00+00:00,,,,
2023-10-06 03:00:00+00:00,,,,
2023-10-06 03:10:00+00:00,,,,
2023-10-06 03:20:00+00:00,,,,
2023-10-06 03:30:00+00:00,,,,
2023-10-06 03:40:00+00:00,,,,
2023-10-06 03:50:00+00:00,,,,
2023-10-06 04:00:00+00:00,,,,
2023-10-06 04:10:00+00:00,,,,
2023-10-06 04:20:00+00:00,,,,
2023-10-06 04:30:00+00:00,,,,
2023-10-06 04:40:00+00:00,,,,
2023-10-06 04:50:00+00:00,,,,
2023-10-06 05:00:00+00:00,,,,
2023-10-06 05:10:00+00:00,,,,
2023-10-06 05:20:00+00:00,,,,
2023-10-06 05:30:00+00:00,,,,
2023-10-06 05:40:00+00:00,,,,
2023-10-06 05:50:00+00:00,,,,
2023-10-06 06:00:00+00:00,,,,
2023-10-06 06:10:00+00:00,,,,
2023-10-06 06:20:00+00:00,,,,
2023-10-06 06:30:00+00:00,,,,
2023-10-06 06:40:00+00:00,,,,
2023-10-06 06:50:00+00:00,,,,
2023-10-06 07:00:00+00:00,,,,
2023-10-06 07:10:00+00:00,,,,
2023-10-06 07:20:00+00:00,,,,
2023-10-06 07:30:00+00:00,,,,
2023-10-06 07:40:00+00:00,,,,
2023-10-06 07:50:00+00:00,,,,
2023-10-06 08:00:00+00:00,,,,
2023-10-06 08:10:00+00:00,,,,
2023-10-06 08:20:00+00:00,,,,
2023-10-06 08:30:00+00:00,,,,
2023-10-06 08:40:00+00:00,,,,
2023-10-06 08:50:00+00:00,,,,
2023-10-06 09:00:00+00:00,,,,
2023-10-06 09:10:00+00:00,,,,
2023-10-06 09:20:00+00:00,,,,
2023-10-06 09:30:00+00:00,,,,
2023-10-06 09:40:00+00:00,,,,
2023-10-06 09:50:00+00:00,,,,
2023-10-06 10:00:00+00:00,,,,
2023-10-06 10:10:00+00:00,,,,
2023-10-06 10:20:00+00:00,,,,
2023-10-06 10:30:00+00:00,,,,
2023-10-06 10:40:00+00:00,,,,
2023-10-06 10:50:00+00:00,,,,
2023-10-06 11:00:00+00:00,,,,
2023-10-06 11:10:00+00:00,,,,
2023-10-06 11:20:00+00:00,,,,
2023-10-06 11:30:00+00:00,,,,
2023-10-06 11:40:00+00:00,,,,
2023-10-06 11:50:00+00:00,,,,
2023-10-06 12:00:00+00:00,,,,
2023-10-06 12:10:00+00:00,,,,
2023-10-06 12:20:00+00:00,,,,
2023-10-06 12:30:00+00:00,,,,
2023-10-06 12:40:00+00:00,,,,
2023-10-06 12:50:00+00:00,,,,
2023-10-06 13:00:00+00:00,,,,
2023-10-06 13:10:00+00:00,,,,
2023-10-06 13:20:00+00:00,,,,
2023-10-06 13:30:00+00:00,,,,
2023-10-06 13:40:00+00:00,,,,
2023-10-06 13:50:00+00:00,,,,
2023-10-06 14:00:00+00:00,,,,
2023-10-06 14:10:00+00:00,,,,
2023-10-06 14:20:00+00:00,,,,
2023-10-06 14:30:00+00:00,,,,
2023-10-06 14:40:00+00:00,,,,
2023-10-06 14:50:00+00:00,,,,
2023-10-06 15:00:00+00:00,,,,
2023-10-06 15:10:00+00:00,,,,
2023-10-06 15:20:00+00:00,,,,
2023-10-06 15:30:00+00:00,,,,
2023-10-06 15:40:00+00:00,,,,
2023-10-06 15:50:00+00:00,,,,
2023-10-06 16:00:00+00:00,,,,
2023-10-06 16:10:00+00:00,,,,
2023-10-06 16:20:00+00:00,,,,
2023-10-06 16:30:00+00:00,,,,
2023-10-06 16:40:00+00:00,,,,
2023-10-06 16:50:00+00:00,,,,
2023-10-06 17:00:00+00:00,,,,
2023-10-06 17:10:00+00:00,,,,
2023-10-06 17:20:00+00:00,,,,
2023-10-06 17:30:00+00:00,,,,
2023-10-06 17:40:00+00:00,,,,
2023-10-06 17:50:00+00:00,,,,
2023-10-06 18:00:00+00:00,,,,
2023-10-06 18:10:00+00:00,,,,
2023-10-06 18:20:00+00:00,,,,
2023-10-06 18:30:00+00:00,,,,
2023-10-06 18:40:00+00:00,,,,
2023-10-06 18:50:00+00:00,,,,
2023-10-06 19:00:00+00:00,,,,
2023-10-06 19:10:00+00:00,,,,
2023-10-06 19:20:00+00:00,,,,
2023-10-06 19:30:00+00:00,,,,
2023-10-06 19:40:00+00:00,,,,
2023-10-06 19:50:00+00:00,,,,
2023-10-06 20:00:00+00:00,,,,
2023-10-06 20:10:00+00:00,,,,
2023-10-06 20:20:00+00:00,,,,
2023-10-06 20:30:00+00:00,,,,
2023-10-06 20:40:00+00:00,,,,
2023-10-06 20:50:00+00:00,,,,
2023-10-06 21:00:00+00:00,,,,
2023-10-06 21:10:00+00:00,,,,
2023-10-06 21:20:00+00:00,,,,
2023-10-06 21:30:00+00:00,,,,
2023-10-06 21:40:00+00:00,,,,
2023-10-06 21:50:00+00:00,,,,
2023-10-06 22:00:00+00:00,,,,
2023-10-06 22:10:00+00:00,,,,
2023-10-06 22:20:00+00:00,,,,
2023-10-06 22:30:00+00:00,,,,
2023-10-06 22:40:00+00:00,,,,
2023-10-06 22:50:00+00:00,,,,
2023-10-06 23:00:00+00:00,,,,
2023-10-06 23:10:00+00:00,,,,
2023-10-06 23:20:00+00:00,,,,
2023-10-06 23:30:00+00:00,,,,
2023-10-06 23:40:00+00:00,,,,
2023-10-06 23:50:00+00:00,,,,
2023-10-07 00:00:00+00:00,,,,
2023-10-07 00:10:00+00:00,,,,
2023-10-07 00:20:00+00:00,,,,
2023-10-07 00:30:00+00:00,,,,
2023-10-07 00:40:00+00:00,,,,
2023-10-07 00:50:00+00:00,,,,
2023-10-07 01:00:00+00:00,,,,
2023-10-07 01:10:00+00:00,,,,
2023-10-07 01:20:00+00:00,,,,
2023-10-07 01:30:00+00:00,,,,
2023-10-07 01:40:00+00:00,,,,
2023-10-07 01:50:00+00:00,,,,
2023-10-07 02:00:00+00:00,,,,
2023-10-07 02:10:00+00:00,,,,
2023-10-07 02:20:00+00:00,,,,
2023-10-07 02:30:00+00:00,,,,
2023-10-07 02:40:00+00:00,,,,
2023-10-07 02:50:00+00:00,,,,
2023-10-07 03:00:00+00:00,,,,
2023-10-07 03:10:00+00:00,,,,
2023-10-07 03:20:00+00:00,,,,
2023-10-07 03:30:00+00:00,,,,
2023-10-07 03:40:00+00:00,,,,
2023-10-07 03:50:00+00:00,,,,
2023-10-07 04:00:00+00:00,,,,
2023-10-07 04:10:00+00:00,,,,
2023-10-07 04:20:00+00:00,,,,
2023-10-07 04:30:00+00:00,,,,
2023-10-07 04:40:00+00:00,,,,
2023-10-07 04:50:00+00:00,,,,
2023-10-07 05:00:00+00:00,,,,
2023-10-07 05:10:00+00:00,,,,
2023-10-07 05:20:00+00:00,,,,
2023-10-07 05:30:00+00:00,,,,
2023-10-07 05:40:00+00:00,,,,
2023-10-07 05:50:00+00:00,,,,
2023-10-07 06:00:00+00:00,,,,
2023-10-07 06:10:00+00:00,,,,
2023-10-07 06:20:00+00:00,,,,
2023-10-07 06:30:00+00:00,,,,
2023-10-07 06:40:00+00:00,,,,
2023-10-07 06:50:00+00:00,,,,
2023-10-07 07:00:00+00:00,,,,
2023-10-07 07:10:00+00:00,,,,
2023-10-07 07:20:00+00:00,,,,
2023-10-07 07:30:00+00:00,,,,
2023-10-07 07:40:00+00:00,,,,
2023-10-07 07:50:00+00:00,,,,
2023-10-07 08:00:00+00:00,,,,
2023-10-07 08:10:00+00:00,,,,
2023-10-07 08:20:00+00:00,,,,
2023-10-07 08:30:00+00:00,,,,
2023-10-07 08:40:00+00:00,,,,
2023-10-07 08:50:00+00:00,,,,
2023-10-07 09:00:00+00:00,,,,
2023-10-07 09:10:00+00:00,,,,
2023-10-07 09:20:00+00:00,,,,
2023-10-07 09:30:00+00:00,,,,
2023-10-07 09:40:00+00:00,,,,
2023-10-07 09:50:00+00:00,,,,
2023-10-07 10:00:00+00:00,,,,
2023-10-07 10:10:00+00:00,,,,
2023-10-07 10:20:00+00:00,,,,
2023-10-07 10:30:00+00:00,,,,
2023-10-07 10:40:00+00:00,,,,
2023-10-07 10:50:00+00:00,,,,
2023-10-07 11:00:00+00:00,,,,
2023-10-07 11:10:00+00:00,,,,
2023-10-07 11:20:00+00:00,,,,
2023-10-07 11:30:00+00:00,,,,
2023-10-07 11:40:00+00:00,,,,
2023-10-07 11:50:00+00:00,,,,
2023-10-07 12:00:00+00:00,,,,
2023-10-07 12:10:00+00:00,,,,
2023-10-07 12:20:00+00:00,,,,
2023-10-07 12:30:00+00:00,,,,
2023-10-07 12:40:00+00:00,,,,
2023-10-07 12:50:00+00:00,,,,
2023-10-07 13:00:00+00:00,,,,
2023-10-07 13:10:00+00:00,,,,
2023-10-07 13:20:00+00:00,,,,
2023-10-07 13:30:00+00:00,,,,
2023-10-07 13:40:00+00:00,,,,
2023-10-07 13:50:00+00:00,,,,
2023-10-07 14:00:00+00:00,,,,
2023-10-07 14:10:00+00:00,,,,
2023-10-07 14:20:00+00:00,,,,
2023-10-07 14:30:00+00:00,,,,
2023-10-07 14:40:00+00:00,,,,
2023-10-07 14:50:00+00:00,,,,
2023-10-07 15:00:00+00:00,,,,
2023-10-07 15:10:00+00:00,,,,
2023-10-07 15:20:00+00:00,,,,
2023-10-07 15:30:00+00:00,,,,
2023-10-07 15:40:00+00:00,,,,
2023-10-07 15:50:00+00:00,,,,
2023-10-07 16:00:00+00:00,,,,
2023-10-07 16:10:00+00:00,,,,
2023-10-07 16:20:00+00:00,,,,
2023-10-07 16:30:00+00:00,,,,
2023-10-07 16:40:00+00:00,,,,
2023-10-07 16:50:00+00:00,,,,
2023-10-07 17:00:00+00:00,,,,
2023-10-07 17:10:00+00:00,,,,
2023-10-07 17:20:00+00:00,,,,
2023-10-07 17:30:00+00:00,,,,
2023-10-07 17:40:00+00:00,,,,
2023-10-07 17:50:00+00:00,,,,
2023-10-07 18:00:00+00:00,,,,
2023-10-07 18:10:00+00:00,,,,
2023-10-07 18:20:00+00:00,,,,
2023-10-07 18:30:00+00:00,,,,
2023-10-07 18:40:00+00:00,,,,
2023-10-07 18:50:00+00:00,,,,
2023-10-07 19:00:00+00:00,,,,
2023-10-07 19:10:00+00:00,,,,
2023-10-07 19:20:00+00:00,,,,
2023-10-07 19:30:00+00:00,,,,
2023-10-07 19:40:00+00:00,,,,
2023-10-07 19:50:00+00:00,,,,
2023-10-07 20:00:00+00:00,,,,
2023-10-07 20:10:00+00:00,,,,
2023-10-07 20:20:00+00:00,,,,
2023-10-07 20:30:00+00:00,,,,
2023-10-07 20:40:00+00:00,,,,
2023-10-07 20:50:00+00:00,,,,
2023-10-07 21:00:00+00:00,,,,
2023-10-07 21:10:00+00:00,,,,
2023-10-07 21:20:00+00:00,,,,
2023-10-07 21:30:00+00:00,,,,
2023-10-07 21:40:00+00:00,,,,
2023-10-07 21:50:00+00:00,,,,
2023-10-07 22:00:00+00:00,,,,
2023-10-07 22:10:00+00:00,,,,
2023-10-07 22:20:00+00:00,,,,
2023-10-07 22:30:00+00:00,,,,
2023-10-07 22:40:00+00:00,,,,
2023-10-07 22:50:00+00:00,,,,
2023-10-07 23:00:00+00:00,,,,
2023-10-07 23:10:00+00:00,,,,
2023-10-07 23:20:00+00:00,,,,
2023-10-07 23:30:00+00:00,,,,
2023-10-07 23:40:00+00:00,,,,
2023-10-07 23:50:00+00:00,,,,
2023-10-08 00:00:00+00:00,,,,
2023-10-08 00:10:00+00:00,,,,
2023-10-08 00:20:00+00:00,,,,
2023-10-08 00:30:00+00:00,,,,
2023-10-08 00:40:00+00:00,,,,
2023-10-08 00:50:00+00:00,,,,
2023-10-08 01:00:00+00:00,,,,
2023-10-08 01:10:00+00:00,,,,
2023-10-08 01:20:00+00:00,,,,
2023-10-08 01:30:00+00:00,,,,
2023-10-08 01:40:00+00:00,,,,
2023-10-08 01:50:00+00:00,,,,
2023-10-08 02:00:00+00:00,,,,
2023-10-08 02:10:00+00:00,,,,
2023-10-08 02:20:00+00:00,,,,
2023-10-08 02:30:00+00:00,,,,
2023-10-08 02:40:00+00:00,,,,
2023-10-08 02:50:00+00:00,,,,
2023-10-08 03:00:00+00:00,,,,
2023-10-08 03:10:00+00:00,,,,
2023-10-08 03:20:00+00:00,,,,
2023-10-08 03:30:00+00:00,,,,
2023-10-08 03:40:00+00:00,,,,
2023-10-08 03:50:00+00:00,,,,
2023-10-08 04:00:00+00:00,,,,
2023-10-08 04:10:00+00:00,,,,
2023-10-08 04:20:00+00:00,,,,
2023-10-08 04:30:00+00:00,,,,
2023-10-08 04:40:00+00:00,,,,
2023-10-08 04:50:00+00:00,,,,
2023-10-08 05:00:00+00:00,,,,
2023-10-08 05:10:00+00:00,,,,
2023-10-08 05:20:00+00:00,,,,
2023-10-08 05:30:00+00:00,,,,
2023-10-08 05:40:00+00:00,,,,
2023-10-08 05:50:00+00:00,,,,
2023-10-08 06:00:00+00:00,,,,
2023-10-08 06:10:00+00:00,,,,
2023-10-08 06:20:00+00:00,12.3,40.0,3.5,4.1
2023-10-08 06:30:00+00:00,12.3,40.0,3.5,4.1
2023-10-08 06:40:00+00:00,12.275,40.0,3.5,4.1
2023-10-08 06:50:00+00:00,12.25,40.0,3.5,4.1
2023-10-08 07:00:00+00:00,12.225,40.0,3.5,4.1
2023-10-08 07:10:00+00:00,12.2,40.0,3.5,4.1
2023-10-08 07:20:00+00:00,12.2,40.0,3.5,4.1
2023-10-08 07:30:00+00:00,12.2,40.0,3.5,4.1
2023-10-08 07:40:00+00:00,12.2,40.0,3.5,4.1
2023-10-08 07:50:00+00:00,12.2,40.0,3.5,4.1
2023-10-08 08:00:00+00:00,12.1,40.0,3.5,4.1
2023-10-08 08:10:00+00:00,12.1,40.0,3.5,4.1
2023-10-08 08:20:00+00:00,12.1,39.0,3.5,4.1
2023-10-08 08:30:00+00:00,12.1,39.0,3.5,4.1
2023-10-08 08:40:00+00:00,12.1,39.0,3.5,4.1
2023-10-08 08:50:00+00:00,12.1,39.0,3.5,4.1
2023-10-08 09:00:00+00:00,12.1,39.0,3.4,4.2
2023-10-08 09:10:00+00:00,12.1,39.0,3.3,4.2
2023-10-08 09:20:00+00:00,12.1,39.0,3.4,4.1
2023-10-08 09:30:00+00:00,12.1,39.0,3.4,4.1
2023-10-08 09:40:00+00:00,12.1,38.0,3.4,4.1
2023-10-08 09:50:00+00:00,12.1,39.0,3.4,4.1
2023-10-08 10:00:00+00:00,12.1,38.0,3.5,4.1
2023-10-08 10:10:00+00:00,12.1,38.0,3.5,4.1
2023-10-08 10:20:00+00:00,12.1,39.0,3.5,4.1
2023-10-08 10:30:00+00:00,12.1,38.5,3.5,4.1
2023-10-08 10:40:00+00:00,12.1,38.0,3.5,4.1
2023-10-08 10:50:00+00:00,12.1,38.0,3.5,4.1
2023-10-08 11:00:00+00:00,12.1,38.0,3.5,4.1
2023-10-08 11:10:00+00:00,12.1,38.0,3.5,4.1
2023-10-08 11:20:00+00:00,12.1,38.0,3.5,4.1
2023-10-08 11:30:00+00:00,12.1,38.0,3.5,4.1
2023-10-08 11:40:00+00:00,12.1,38.0,3.5,4.1
2023-10-08 11:50:00+00:00,12.1,39.0,3.5,4.1
2023-10-08 12:00:00+00:00,12.1,39.0,3.5,4.1
2023-10-08 12:10:00+00:00,12.1,38.0,3.5,4.1
2023-10-08 12:20:00+00:00,12.1,38.0,3.5,4.1
2023-10-08 12:30:00+00:00,12.1,38.0,3.5,4.1
2023-10-08 12:40:00+00:00,12.1,38.0,3.5,4.1
2023-10-08 12:50:00+00:00,12.1,38.0,3.5,4.1
2023-10-08 13:00:00+00:00,12.1,38.0,3.5,4.1
2023-10-08 13:10:00+00:00,12.1,39.0,3.5,4.1
2023-10-08 13:20:00+00:00,12.1,38.0,3.5,4.1
2023-10-08 13:30:00+00:00,12.1,38.0,3.5,4.1
2023-10-08 13:40:00+00:00,12.1,38.0,3.5,4.1
2023-10-08 13:50:00+00:00,12.0,38.0,3.5,4.1
2023-10-08 14:00:00+00:00,12.0,38.0,3.5,4.1
2023-10-08 14:10:00+00:00,12.0,38.0,3.5,4.1
2023-10-08 14:20:00+00:00,12.0,38.0,3.5,4.1
2023-10-08 14:30:00+00:00,12.0,38.0,3.5,4.1
2023-10-08 14:40:00+00:00,12.0,38.0,3.5,4.1
2023-10-08 14:50:00+00:00,12.0,38.0,3.5,4.1
2023-10-08 15:00:00+00:00,12.0,38.0,3.5,4.1
2023-10-08 15:10:00+00:00,12.0,38.0,3.5,4.1
2023-10-08 15:20:00+00:00,12.0,38.0,3.5,4.1
2023-10-08 15:30:00+00:00,12.0,38.0,3.5,4.0
2023-10-08 15:40:00+00:00,12.0,38.0,3.5,3.2
2023-10-08 15:50:00+00:00,12.0,39.0,3.5,3.1
2023-10-08 16:00:00+00:00,11.989010989010989,39.0,3.5,3.110989010989011
2023-10-08 16:10:00+00:00,11.978021978021978,39.0,3.5,3.121978021978022
2023-10-08 16:20:00+00:00,11.967032967032967,39.0,3.5,3.132967032967033
2023-10-08 16:30:00+00:00,11.956043956043956,39.0,3.5,3.143956043956044
2023-10-08 16:40:00+00:00,11.945054945054945,39.0,3.5,3.154945054945055
2023-10-08 16:50:00+00:00,11.934065934065934,39.0,3.5,3.165934065934066
2023-10-08 17:00:00+00:00,11.923076923076923,39.0,3.5,3.176923076923077
2023-10-08 17:10:00+00:00,11.912087912087912,39.0,3.5,3.187912087912088
2023-10-08 17:20:00+00:00,11.901098901098901,39.0,3.5,3.198901098901099
2023-10-08 17:30:00+00:00,11.89010989010989,39.0,3.5,3.20989010989011
2023-10-08 17:40:00+00:00,11.87912087912088,39.0,3.5,3.220879120879121
2023-10-08 17:50:00+00:00,11.868131868131869,39.0,3.5,3.231868131868132
2023-10-08 18:00:00+00:00,11.857142857142858,39.0,3.5,3.242857142857143
2023-10-08 18:10:00+00:00,11.846153846153847,39.0,3.5,3.253846153846154
2023-10-08 18:20:00+00:00,11.835164835164836,39.0,3.5,3.264835164835165
2023-10-08 18:30:00+00:00,11.824175824175825,39.0,3.5,3.2758241758241757
2023-10-08 18:40:00+00:00,11.813186813186814,39.0,3.5,3.2868131868131867
2023-10-08 18:50:00+00:00,11.802197802197803,39.0,3.5,3.2978021978021976
2023-10-08 19:00:00+00:00,11.791208791208792,39.0,3.5,3.3087912087912086
2023-10-08 19:10:00+00:00,11.780219780219781,39.0,3.5,3.31978021978022
2023-10-08 19:20:00+00:00,11.76923076923077,39.0,3.5,3.330769230769231
2023-10-08 19:30:00+00:00,11.758241758241759,39.0,3.5,3.341758241758242
2023-10-08 19:40:00+00:00,11.747252747252746,39.0,3.5,3.352747252747253
2023-10-08 19:50:00+00:00,11.736263736263735,39.0,3.5,3.3637362637362638
2023-10-08 20:00:00+00:00,,,,
2023-10-08 20:10:00+00:00,,,,
2023-10-08 20:20:00+00:00,,,,
2023-10-08 20:30:00+00:00,,,,
2023-10-08 20:40:00+00:00,,,,
2023-10-08 20:50:00+00:00,,,,
2023-10-08 21:00:00+00:00,,,,
2023-10-08 21:10:00+00:00,,,,
2023-10-08 21:20:00+00:00,,,,
2023-10-08 21:30:00+00:00,,,,
2023-10-08 21:40:00+00:00,,,,
2023-10-08 21:50:00+00:00,,,,
2023-10-08 22:00:00+00:00,,,,
2023-10-08 22:10:00+00:00,,,,
2023-10-08 22:20:00+00:00,,,,
2023-10-08 22:30:00+00:00,,,,
2023-10-08 22:40:00+00:00,,,,
2023-10-08 22:50:00+00:00,,,,
2023-10-08 23:00:00+00:00,,,,
2023-10-08 23:10:00+00:00,,,,
2023-10-08 23:20:00+00:00,,,,
2023-10-08 23:30:00+00:00,,,,
2023-10-08 23:40:00+00:00,,,,
2023-10-08 23:50:00+00:00,,,,
2023-10-09 00:00:00+00:00,,,,
2023-10-09 00:10:00+00:00,,,,
2023-10-09 00:20:00+00:00,,,,
2023-10-09 00:30:00+00:00,,,,
2023-10-09 00:40:00+00:00,,,,
2023-10-09 00:50:00+00:00,,,,
2023-10-09 01:00:00+00:00,,,,
2023-10-09 01:10:00+00:00,,,,
2023-10-09 01:20:00+00:00,,,,
2023-10-09 01:30:00+00:00,,,,
2023-10-09 01:40:00+00:00,,,,
2023-10-09 01:50:00+00:00,,,,
2023-10-09 02:00:00+00:00,,,,
2023-10-09 02:10:00+00:00,,,,
2023-10-09 02:20:00+00:00,,,,
2023-10-09 02:30:00+00:00,,,,
2023-10-09 02:40:00+00:00,,,,
2023-10-09 02:50:00+00:00,,,,
2023-10-09 03:00:00+00:00,,,,
2023-10-09 03:10:00+00:00,,,,
2023-10-09 03:20:00+00:00,,,,
2023-10-09 03:30:00+00:00,,,,
2023-10-09 03:40:00+00:00,,,,
2023-10-09 03:50:00+00:00,,,,
2023-10-09 04:00:00+00:00,,,,
2023-10-09 04:10:00+00:00,,,,
2023-10-09 04:20:00+00:00,,,,
2023-10-09 04:30:00+00:00,,,,
2023-10-09 04:40:00+00:00,,,,
2023-10-09 04:50:00+00:00,,,,
2023-10-09 05:00:00+00:00,,,,
2023-10-09 05:10:00+00:00,,,,
2023-10-09 05:20:00+00:00,,,,
2023-10-09 05:30:00+00:00,,,,
2023-10-09 05:40:00+00:00,,,,
2023-10-09 05:50:00+00:00,,,,
2023-10-09 06:00:00+00:00,,,,
2023-10-09 06:10:00+00:00,,,,
2023-10-09 06:20:00+00:00,,,,
2023-10-09 06:30:00+00:00,,,,
2023-10-09 06:40:00+00:00,,,,
2023-10-09 06:50:00+00:00,,,,
2023-10-09 07:00:00+00:00,11.0,39.0,3.5,4.1
2023-10-09 07:10:00+00:00,11.0,39.0,3.5,4.1
2023-10-09 07:20:00+00:00,11.0,39.0,3.5,4.1
2023-10-09 07:30:00+00:00,11.05,39.0,3.5,4.1
2023-10-09 07:40:00+00:00,11.1,39.0,3.5,4.1
2023-10-09 07:50:00+00:00,11.1,38.0,3.5,4.1
2023-10-09 08:00:00+00:00,11.1,38.0,3.5,4.1
2023-10-09 08:10:00+00:00,11.1,38.0,3.5,4.1
2023-10-09 08:20:00+00:00,11.1,38.0,3.5,4.1
2023-10-09 08:30:00+00:00,11.1,38.0,3.4,4.1
2023-10-09 08:40:00+00:00,11.2,38.0,3.5,4.1
2023-10-09 08:50:00+00:00,11.2,37.0,3.4,4.1
2023-10-09 09:00:00+00:00,11.3,37.0,3.3,4.1
2023-10-09 09:10:00+00:00,11.3,37.0,3.3,4.1
2023-10-09 09:20:00+00:00,11.3,37.0,3.3,4.1
2023-10-09 09:30:00+00:00,11.3,37.0,3.3,4.1
2023-10-09 09:40:00+00:00,11.4,36.0,3.4,4.1
2023-10-09 09:50:00+00:00,11.4,36.0,3.4,4.1
2023-10-09 10:00:00+00:00,11.5,36.0,3.4,4.1
2023-10-09 10:10:00+00:00,11.5,36.0,3.4,4.1
2023-10-09 10:20:00+00:00,11.5,36.0,3.4,4.1
2023-10-09 10:30:00+00:00,11.6,36.0,3.5,4.1
2023-10-09 10:40:00+00:00,11.6,36.0,3.5,4.1
2023-10-09 10:50:00+00:00,11.6,36.0,3.5,4.1
2023-10-09 11:00:00+00:00,11.6,36.0,3.5,4.1
2023-10-09 11:10:00+00:00,11.6,36.0,3.5,4.1
2023-10-09 11:20:00+00:00,11.6,36.0,3.5,4.1
2023-10-09 11:30:00+00:00,11.6,36.0,3.5,4.1
2023-10-09 11:40:00+00:00,11.7,36.0,3.4,4.1
2023-10-09 11:50:00+00:00,11.7,35.0,3.4,4.1
2023-10-09 12:00:00+00:00,11.7,36.0,3.4,4.1
2023-10-09 12:10:00+00:00,11.8,35.0,3.4,4.1
2023-10-09 12:20:00+00:00,11.8,35.0,3.5,4.1
2023-10-09 12:30:00+00:00,11.8,35.0,3.4,4.1
2023-10-09 12:40:00+00:00,11.8,35.0,3.5,4.1
2023-10-09 12:50:00+00:00,11.8,35.5,3.5,4.1
2023-10-09 13:00:00+00:00,11.8,36.0,3.5,4.1
2023-10-09 13:10:00+00:00,11.8,35.0,3.5,4.1
2023-10-09 13:20:00+00:00,11.8,36.0,3.5,4.1
2023-10-09 13:30:00+00:00,11.8,36.0,3.5,4.1
2023-10-09 13:40:00+00:00,11.8,36.0,3.5,4.1
2023-10-09 13:50:00+00:00,11.8,36.0,3.5,4.1
2023-10-09 14:00:00+00:00,11.8,35.0,3.5,4.1
2023-10-09 14:10:00+00:00,11.8,35.0,3.5,4.1
2023-10-09 14:20:00+00:00,11.8,35.0,3.5,4.1
2023-10-09 14:30:00+00:00,11.9,35.0,3.5,4.1
2023-10-09 14:40:00+00:00,11.9,35.5,3.5,4.1
2023-10-09 14:50:00+00:00,11.9,36.0,3.5,4.1
2023-10-09 15:00:00+00:00,11.9,36.0,3.5,4.1
2023-10-09 15:10:00+00:00,11.9,35.0,3.5,4.1
2023-10-09 15:20:00+00:00,11.9,36.0,3.5,3.9
2023-10-09 15:30:00+00:00,11.9,36.0,3.5,3.6
2023-10-09 15:40:00+00:00,11.9,36.0,3.5,3.4
2023-10-09 15:50:00+00:00,11.9,36.0,3.5,3.2
2023-10-09 16:00:00+00:00,11.9,36.0,3.5,2.7
2023-10-09 16:10:00+00:00,11.885057471264368,36.03448275862069,3.5011494252873563,2.7160919540229886
2023-10-09 16:20:00+00:00,11.870114942528735,36.06896551724138,3.5022988505747126,2.732183908045977
2023-10-09 16:30:00+00:00,11.855172413793104,36.10344827586207,3.503448275862069,2.7482758620689656
2023-10-09 16:40:00+00:00,11.840229885057472,36.13793103448276,3.504597701149425,2.764367816091954
2023-10-09 16:50:00+00:00,11.825287356321839,36.172413793103445,3.5057471264367814,2.7804597701149425
2023-10-09 17:00:00+00:00,11.810344827586206,36.206896551724135,3.5068965517241377,2.796551724137931
2023-10-09 17:10:00+00:00,11.795402298850576,36.241379310344826,3.5080459770114945,2.81264367816092
2023-10-09 17:20:00+00:00,11.780459770114943,36.275862068965516,3.5091954022988507,2.8287356321839083
2023-10-09 17:30:00+00:00,11.76551724137931,36.310344827586206,3.510344827586207,2.844827586206897
2023-10-09 17:40:00+00:00,11.750574712643678,36.3448275862069,3.5114942528735633,2.8609195402298853
2023-10-09 17:50:00+00:00,11.735632183908047,36.37931034482759,3.5126436781609196,2.8770114942528737
2023-10-09 18:00:00+00:00,11.720689655172414,36.41379310344828,3.513793103448276,2.893103448275862
2023-10-09 18:10:00+00:00,11.705747126436782,36.44827586206897,3.514942528735632,2.9091954022988507
2023-10-09 18:20:00+00:00,11.690804597701149,36.48275862068966,3.5160919540229885,2.925287356321839
2023-10-09 18:30:00+00:00,11.675862068965518,36.51724137931034,3.5172413793103448,2.9413793103448276
2023-10-09 18:40:00+00:00,11.660919540229886,36.55172413793103,3.518390804597701,2.957471264367816
2023-10-09 18:50:00+00:00,11.645977011494253,36.58620689655172,3.5195402298850573,2.9735632183908045
2023-10-09 19:00:00+00:00,11.63103448275862,36.62068965517241,3.5206896551724136,2.989655172413793
2023-10-09 19:10:00+00:00,11.61609195402299,36.6551724137931,3.5218390804597703,3.0057471264367814
2023-10-09 19:20:00+00:00,11.601149425287357,36.689655172413794,3.5229885057471266,3.0218390804597703
2023-10-09 19:30:00+00:00,11.586206896551724,36.724137931034484,3.524137931034483,3.037931034482759
2023-10-09 19:40:00+00:00,11.571264367816092,36.758620689655174,3.525287356321839,3.0540229885057473
2023-10-09 19:50:00+00:00,11.55632183908046,36.793103448275865,3.5264367816091955,3.0701149425287357
2023-10-09 20:00:00+00:00,11.541379310344828,36.827586206896555,3.527586206896552,3.086206896551724
2023-10-09 20:10:00+00:00,,,,
2023-10-09 20:20:00+00:00,,,,
2023-10-09 20:30:00+00:00,,,,
2023-10-09 20:40:00+00:00,,,,
2023-10-09 20:50:00+00:00,,,,
2023-10-09 21:00:00+00:00,,,,
2023-10-09 21:10:00+00:00,,,,
2023-10-09 21:20:00+00:00,,,,
2023-10-09 21:30:00+00:00,,,,
2023-10-09 21:40:00+00:00,,,,
2023-10-09 21:50:00+00:00,,,,
2023-10-09 22:00:00+00:00,,,,
2023-10-09 22:10:00+00:00,,,,
2023-10-09 22:20:00+00:00,,,,
2023-10-09 22:30:00+00:00,,,,
2023-10-09 22:40:00+00:00,,,,
2023-10-09 22:50:00+00:00,,,,
2023-10-09 23:00:00+00:00,,,,
2023-10-09 23:10:00+00:00,,,,
2023-10-09 23:20:00+00:00,,,,
2023-10-09 23:30:00+00:00,,,,
2023-10-09 23:40:00+00:00,,,,
2023-10-09 23:50:00+00:00,,,,
2023-10-10 00:00:00+00:00,,,,
2023-10-10 00:10:00+00:00,,,,
2023-10-10 00:20:00+00:00,,,,
2023-10-10 00:30:00+00:00,,,,
2023-10-10 00:40:00+00:00,,,,
2023-10-10 00:50:00+00:00,,,,
2023-10-10 01:00:00+00:00,,,,
2023-10-10 01:10:00+00:00,,,,
2023-10-10 01:20:00+00:00,,,,
2023-10-10 01:30:00+00:00,,,,
2023-10-10 01:40:00+00:00,,,,
2023-10-10 01:50:00+00:00,,,,
2023-10-10 02:00:00+00:00,,,,
2023-10-10 02:10:00+00:00,,,,
2023-10-10 02:20:00+00:00,,,,
2023-10-10 02:30:00+00:00,,,,
2023-10-10 02:40:00+00:00,,,,
2023-10-10 02:50:00+00:00,,,,
2023-10-10 03:00:00+00:00,,,,
2023-10-10 03:10:00+00:00,,,,
2023-10-10 03:20:00+00:00,,,,
2023-10-10 03:30:00+00:00,,,,
2023-10-10 03:40:00+00:00,,,,
2023-10-10 03:50:00+00:00,,,,
2023-10-10 04:00:00+00:00,,,,
2023-10-10 04:10:00+00:00,,,,
2023-10-10 04:20:00+00:00,,,,
2023-10-10 04:30:00+00:00,,,,
2023-10-10 04:40:00+00:00,,,,
2023-10-10 04:50:00+00:00,,,,
2023-10-10 05:00:00+00:00,,,,
2023-10-10 05:10:00+00:00,,,,
2023-10-10 05:20:00+00:00,,,,
2023-10-10 05:30:00+00:00,,,,
2023-10-10 05:40:00+00:00,,,,
2023-10-10 05:50:00+00:00,,,,
2023-10-10 06:00:00+00:00,,,,
2023-10-10 06:10:00+00:00,,,,
2023-10-10 06:20:00+00:00,,,,
2023-10-10 06:30:00+00:00,10.6,39.0,3.6,4.1
2023-10-10 06:40:00+00:00,10.7,38.0,3.5,4.1
2023-10-10 06:50:00+00:00,10.7,39.0,3.5,4.1
2023-10-10 07:00:00+00:00,10.7,38.0,3.5,4.1
2023-10-10 07:10:00+00:00,10.7,38.0,3.5,4.1
2023-10-10 07:20:00+00:00,10.7,39.0,3.5,4.1
2023-10-10 07:30:00+00:00,10.714285714285714,38.714285714285715,3.5,4.1
2023-10-10 07:40:00+00:00,10.728571428571428,38.42857142857143,3.5,4.1
2023-10-10 07:50:00+00:00,10.742857142857142,38.142857142857146,3.5,4.1
2023-10-10 08:00:00+00:00,10.757142857142858,37.857142857142854,3.5,4.1
2023-10-10 08:10:00+00:00,10.771428571428572,37.57142857142857,3.5,4.1
2023-10-10 08:20:00+00:00,10.785714285714286,37.285714285714285,3.5,4.1
2023-10-10 08:30:00+00:00,10.8,37.0,3.5,4.1
2023-10-10 08:40:00+00:00,10.9,37.0,3.5,4.1
2023-10-10 08:50:00+00:00,10.9,37.0,3.5,4.1
2023-10-10 09:00:00+00:00,10.95,37.5,3.5,4.1
2023-10-10 09:10:00+00:00,11.0,38.0,3.5,4.1
2023-10-10 09:20:00+00:00,11.004440497335702,37.99644760213144,3.499822380106572,4.1
2023-10-10 09:30:00+00:00,11.008880994671403,37.99289520426288,3.499644760213144,4.1
2023-10-10 09:40:00+00:00,11.013321492007105,37.98934280639432,3.499467140319716,4.1
2023-10-10 09:50:00+00:00,11.017761989342807,37.98579040852575,3.499289520426288,4.1
2023-10-10 10:00:00+00:00,11.022202486678507,37.98223801065719,3.4991119005328595,4.1
2023-10-10 10:10:00+00:00,11.02664298401421,37.97868561278863,3.4989342806394315,4.1
2023-10-10 10:20:00+00:00,11.031083481349912,37.97513321492007,3.4987566607460034,4.1
2023-10-10 10:30:00+00:00,11.035523978685612,37.97158081705151,3.4985790408525754,4.1
2023-10-10 10:40:00+00:00,11.039964476021314,37.96802841918295,3.4984014209591474,4.1
2023-10-10 10:50:00+00:00,11.044404973357016,37.96447602131439,3.4982238010657194,4.1
2023-10-10 11:00:00+00:00,11.048845470692717,37.96092362344583,3.4980461811722914,4.1
2023-10-10 11:10:00+00:00,11.053285968028419,37.95737122557726,3.4978685612788634,4.1
2023-10-10 11:20:00+00:00,11.057726465364121,37.9538188277087,3.4976909413854353,4.1
2023-10-10 11:30:00+00:00,11.062166962699822,37.95026642984014,3.497513321492007,4.1
2023-10-10 11:40:00+00:00,11.066607460035524,37.94671403197158,3.497335701598579,4.1
2023-10-10 11:50:00+00:00,11.071047957371226,37.94316163410302,3.497158081705151,4.1
2023-10-10 12:00:00+00:00,11.075488454706926,37.93960923623446,3.496980461811723,4.1
2023-10-10 12:10:00+00:00,11.079928952042629,37.9360568383659,3.496802841918295,4.1
2023-10-10 12:20:00+00:00,11.08436944937833,37.93250444049733,3.496625222024867,4.1
2023-10-10 12:30:00+00:00,11.088809946714033,37.92895204262877,3.496447602131439,4.1
2023-10-10 12:40:00+00:00,11.093250444049733,37.92539964476021,3.4962699822380108,4.1
2023-10-10 12:50:00+00:00,11.097690941385435,37.92184724689165,3.4960923623445828,4.1
2023-10-10 13:00:00+00:00,11.102131438721138,37.91829484902309,3.4959147424511547,4.1
2023-10-10 13:10:00+00:00,11.106571936056838,37.91474245115453,3.4957371225577263,4.1
2023-10-10 13:20:00+00:00,,,,
2023-10-10 13:30:00+00:00,,,,
2023-10-10 13:40:00+00:00,,,,
2023-10-10 13:50:00+00:00,,,,
2023-10-10 14:00:00+00:00,,,,
2023-10-10 14:10:00+00:00,,,,
2023-10-10 14:20:00+00:00,,,,
2023-10-10 14:30:00+00:00,,,,
2023-10-10 14:40:00+00:00,,,,
2023-10-10 14:50:00+00:00,,,,
2023-10-10 15:00:00+00:00,,,,
2023-10-10 15:10:00+00:00,,,,
2023-10-10 15:20:00+00:00,,,,
2023-10-10 15:30:00+00:00,,,,
2023-10-10 15:40:00+00:00,,,,
2023-10-10 15:50:00+00:00,,,,
2023-10-10 16:00:00+00:00,,,,
2023-10-10 16:10:00+00:00,,,,
2023-10-10 16:20:00+00:00,,,,
2023-10-10 16:30:00+00:00,,,,
2023-10-10 16:40:00+00:00,,,,
2023-10-10 16:50:00+00:00,,,,
2023-10-10 17:00:00+00:00,,,,
2023-10-10 17:10:00+00:00,,,,
2023-10-10 17:20:00+00:00,,,,
2023-10-10 17:30:00+00:00,,,,
2023-10-10 17:40:00+00:00,,,,
2023-10-10 17:50:00+00:00,,,,
2023-10-10 18:00:00+00:00,,,,
2023-10-10 18:10:00+00:00,,,,
2023-10-10 18:20:00+00:00,,,,
2023-10-10 18:30:00+00:00,,,,
2023-10-10 18:40:00+00:00,,,,
2023-10-10 18:50:00+00:00,,,,
2023-10-10 19:00:00+00:00,,,,
2023-10-10 19:10:00+00:00,,,,
2023-10-10 19:20:00+00:00,,,,
2023-10-10 19:30:00+00:00,,,,
2023-10-10 19:40:00+00:00,,,,
2023-10-10 19:50:00+00:00,,,,
2023-10-10 20:00:00+00:00,,,,
2023-10-10 20:10:00+00:00,,,,
2023-10-10 20:20:00+00:00,,,,
2023-10-10 20:30:00+00:00,,,,
2023-10-10 20:40:00+00:00,,,,
2023-10-10 20:50:00+00:00,,,,
2023-10-10 21:00:00+00:00,,,,
2023-10-10 21:10:00+00:00,,,,
2023-10-10 21:20:00+00:00,,,,
2023-10-10 21:30:00+00:00,,,,
2023-10-10 21:40:00+00:00,,,,
2023-10-10 21:50:00+00:00,,,,
2023-10-10 22:00:00+00:00,,,,
2023-10-10 22:10:00+00:00,,,,
2023-10-10 22:20:00+00:00,,,,
2023-10-10 22:30:00+00:00,,,,
2023-10-10 22:40:00+00:00,,,,
2023-10-10 22:50:00+00:00,,,,
2023-10-10 23:00:00+00:00,,,,
2023-10-10 23:10:00+00:00,,,,
2023-10-10 23:20:00+00:00,,,,
2023-10-10 23:30:00+00:00,,,,
2023-10-10 23:40:00+00:00,,,,
2023-10-10 23:50:00+00:00,,,,
2023-10-11 00:00:00+00:00,,,,
2023-10-11 00:10:00+00:00,,,,
2023-10-11 00:20:00+00:00,,,,
2023-10-11 00:30:00+00:00,,,,
2023-10-11 00:40:00+00:00,,,,
2023-10-11 00:50:00+00:00,,,,
2023-10-11 01:00:00+00:00,,,,
2023-10-11 01:10:00+00:00,,,,
2023-10-11 01:20:00+00:00,,,,
2023-10-11 01:30:00+00:00,,,,
2023-10-11 01:40:00+00:00,,,,
2023-10-11 01:50:00+00:00,,,,
2023-10-11 02:00:00+00:00,,,,
2023-10-11 02:10:00+00:00,,,,
2023-10-11 02:20:00+00:00,,,,
2023-10-11 02:30:00+00:00,,,,
2023-10-11 02:40:00+00:00,,,,
2023-10-11 02:50:00+00:00,,,,
2023-10-11 03:00:00+00:00,,,,
2023-10-11 03:10:00+00:00,,,,
2023-10-11 03:20:00+00:00,,,,
2023-10-11 03:30:00+00:00,,,,
2023-10-11 03:40:00+00:00,,,,
2023-10-11 03:50:00+00:00,,,,
2023-10-11 04:00:00+00:00,,,,
2023-10-11 04:10:00+00:00,,,,
2023-10-11 04:20:00+00:00,,,,
2023-10-11 04:30:00+00:00,,,,
2023-10-11 04:40:00+00:00,,,,
2023-10-11 04:50:00+00:00,,,,
2023-10-11 05:00:00+00:00,,,,
2023-10-11 05:10:00+00:00,,,,
2023-10-11 05:20:00+00:00,,,,
2023-10-11 05:30:00+00:00,,,,
2023-10-11 05:40:00+00:00,,,,
2023-10-11 05:50:00+00:00,,,,
2023-10-11 06:00:00+00:00,,,,
2023-10-11 06:10:00+00:00,,,,
2023-10-11 06:20:00+00:00,,,,
2023-10-11 06:30:00+00:00,,,,
2023-10-11 06:40:00+00:00,,,,
2023-10-11 06:50:00+00:00,,,,
2023-10-11 07:00:00+00:00,,,,
2023-10-11 07:10:00+00:00,,,,
2023-10-11 07:20:00+00:00,,,,
2023-10-11 07:30:00+00:00,,,,
2023-10-11 07:40:00+00:00,,,,
2023-10-11 07:50:00+00:00,,,,
2023-10-11 08:00:00+00:00,,,,
2023-10-11 08:10:00+00:00,,,,
2023-10-11 08:20:00+00:00,,,,
2023-10-11 08:30:00+00:00,,,,
2023-10-11 08:40:00+00:00,,,,
2023-10-11 08:50:00+00:00,,,,
2023-10-11 09:00:00+00:00,,,,
2023-10-11 09:10:00+00:00,,,,
2023-10-11 09:20:00+00:00,,,,
2023-10-11 09:30:00+00:00,,,,
2023-10-11 09:40:00+00:00,,,,
2023-10-11 09:50:00+00:00,,,,
2023-10-11 10:00:00+00:00,,,,
2023-10-11 10:10:00+00:00,,,,
2023-10-11 10:20:00+00:00,,,,
2023-10-11 10:30:00+00:00,,,,
2023-10-11 10:40:00+00:00,,,,
2023-10-11 10:50:00+00:00,,,,
2023-10-11 11:00:00+00:00,,,,
2023-10-11 11:10:00+00:00,,,,
2023-10-11 11:20:00+00:00,,,,
2023-10-11 11:30:00+00:00,,,,
2023-10-11 11:40:00+00:00,,,,
2023-10-11 11:50:00+00:00,,,,
2023-10-11 12:00:00+00:00,,,,
2023-10-11 12:10:00+00:00,,,,
2023-10-11 12:20:00+00:00,,,,
2023-10-11 12:30:00+00:00,,,,
2023-10-11 12:40:00+00:00,,,,
2023-10-11 12:50:00+00:00,,,,
2023-10-11 13:00:00+00:00,,,,
2023-10-11 13:10:00+00:00,,,,
2023-10-11 13:20:00+00:00,,,,
2023-10-11 13:30:00+00:00,,,,
2023-10-11 13:40:00+00:00,,,,
2023-10-11 13:50:00+00:00,,,,
2023-10-11 14:00:00+00:00,,,,
2023-10-11 14:10:00+00:00,,,,
2023-10-11 14:20:00+00:00,,,,
2023-10-11 14:30:00+00:00,,,,
2023-10-11 14:40:00+00:00,,,,
2023-10-11 14:50:00+00:00,,,,
2023-10-11 15:00:00+00:00,,,,
2023-10-11 15:10:00+00:00,,,,
2023-10-11 15:20:00+00:00,,,,
2023-10-11 15:30:00+00:00,,,,
2023-10-11 15:40:00+00:00,,,,
2023-10-11 15:50:00+00:00,,,,
2023-10-11 16:00:00+00:00,,,,
2023-10-11 16:10:00+00:00,,,,
2023-10-11 16:20:00+00:00,,,,
2023-10-11 16:30:00+00:00,,,,
2023-10-11 16:40:00+00:00,,,,
2023-10-11 16:50:00+00:00,,,,
2023-10-11 17:00:00+00:00,,,,
2023-10-11 17:10:00+00:00,,,,
2023-10-11 17:20:00+00:00,,,,
2023-10-11 17:30:00+00:00,,,,
2023-10-11 17:40:00+00:00,,,,
2023-10-11 17:50:00+00:00,,,,
2023-10-11 18:00:00+00:00,,,,
2023-10-11 18:10:00+00:00,,,,
2023-10-11 18:20:00+00:00,,,,
2023-10-11 18:30:00+00:00,,,,
2023-10-11 18:40:00+00:00,,,,
2023-10-11 18:50:00+00:00,,,,
2023-10-11 19:00:00+00:00,,,,
2023-10-11 19:10:00+00:00,,,,
2023-10-11 19:20:00+00:00,,,,
2023-10-11 19:30:00+00:00,,,,
2023-10-11 19:40:00+00:00,,,,
2023-10-11 19:50:00+00:00,,,,
2023-10-11 20:00:00+00:00,,,,
2023-10-11 20:10:00+00:00,,,,
2023-10-11 20:20:00+00:00,,,,
2023-10-11 20:30:00+00:00,,,,
2023-10-11 20:40:00+00:00,,,,
2023-10-11 20:50:00+00:00,,,,
2023-10-11 21:00:00+00:00,,,,
2023-10-11 21:10:00+00:00,,,,
2023-10-11 21:20:00+00:00,,,,
2023-10-11 21:30:00+00:00,,,,
2023-10-11 21:40:00+00:00,,,,
2023-10-11 21:50:00+00:00,,,,
2023-10-11 22:00:00+00:00,,,,
2023-10-11 22:10:00+00:00,,,,
2023-10-11 22:20:00+00:00,,,,
2023-10-11 22:30:00+00:00,,,,
2023-10-11 22:40:00+00:00,,,,
2023-10-11 22:50:00+00:00,,,,
2023-10-11 23:00:00+00:00,,,,
2023-10-11 23:10:00+00:00,,,,
2023-10-11 23:20:00+00:00,,,,
2023-10-11 23:30:00+00:00,,,,
2023-10-11 23:40:00+00:00,,,,
2023-10-11 23:50:00+00:00,,,,
2023-10-12 00:00:00+00:00,,,,
2023-10-12 00:10:00+00:00,,,,
2023-10-12 00:20:00+00:00,,,,
2023-10-12 00:30:00+00:00,,,,
2023-10-12 00:40:00+00:00,,,,
2023-10-12 00:50:00+00:00,,,,
2023-10-12 01:00:00+00:00,,,,
2023-10-12 01:10:00+00:00,,,,
2023-10-12 01:20:00+00:00,,,,
2023-10-12 01:30:00+00:00,,,,
2023-10-12 01:40:00+00:00,,,,
2023-10-12 01:50:00+00:00,,,,
2023-10-12 02:00:00+00:00,,,,
2023-10-12 02:10:00+00:00,,,,
2023-10-12 02:20:00+00:00,,,,
2023-10-12 02:30:00+00:00,,,,
2023-10-12 02:40:00+00:00,,,,
2023-10-12 02:50:00+00:00,,,,
2023-10-12 03:00:00+00:00,,,,
2023-10-12 03:10:00+00:00,,,,
2023-10-12 03:20:00+00:00,,,,
2023-10-12 03:30:00+00:00,,,,
2023-10-12 03:40:00+00:00,,,,
2023-10-12 03:50:00+00:00,,,,
2023-10-12 04:00:00+00:00,,,,
2023-10-12 04:10:00+00:00,,,,
2023-10-12 04:20:00+00:00,,,,
2023-10-12 04:30:00+00:00,,,,
2023-10-12 04:40:00+00:00,,,,
2023-10-12 04:50:00+00:00,,,,
2023-10-12 05:00:00+00:00,,,,
2023-10-12 05:10:00+00:00,,,,
2023-10-12 05:20:00+00:00,,,,
2023-10-12 05:30:00+00:00,,,,
2023-10-12 05:40:00+00:00,,,,
2023-10-12 05:50:00+00:00,,,,
2023-10-12 06:00:00+00:00,,,,
2023-10-12 06:10:00+00:00,,,,
2023-10-12 06:20:00+00:00,,,,
2023-10-12 06:30:00+00:00,,,,
2023-10-12 06:40:00+00:00,,,,
2023-10-12 06:50:00+00:00,,,,
2023-10-12 07:00:00+00:00,,,,
2023-10-12 07:10:00+00:00,,,,
2023-10-12 07:20:00+00:00,,,,
2023-10-12 07:30:00+00:00,,,,
2023-10-12 07:40:00+00:00,,,,
2023-10-12 07:50:00+00:00,,,,
2023-10-12 08:00:00+00:00,,,,
2023-10-12 08:10:00+00:00,,,,
2023-10-12 08:20:00+00:00,,,,
2023-10-12 08:30:00+00:00,,,,
2023-10-12 08:40:00+00:00,,,,
2023-10-12 08:50:00+00:00,,,,
2023-10-12 09:00:00+00:00,,,,
2023-10-12 09:10:00+00:00,,,,
2023-10-12 09:20:00+00:00,,,,
2023-10-12 09:30:00+00:00,,,,
2023-10-12 09:40:00+00:00,,,,
2023-10-12 09:50:00+00:00,,,,
2023-10-12 10:00:00+00:00,,,,
2023-10-12 10:10:00+00:00,,,,
2023-10-12 10:20:00+00:00,,,,
2023-10-12 10:30:00+00:00,,,,
2023-10-12 10:40:00+00:00,,,,
2023-10-12 10:50:00+00:00,,,,
2023-10-12 11:00:00+00:00,,,,
2023-10-12 11:10:00+00:00,,,,
2023-10-12 11:20:00+00:00,,,,
2023-10-12 11:30:00+00:00,,,,
2023-10-12 11:40:00+00:00,,,,
2023-10-12 11:50:00+00:00,,,,
2023-10-12 12:00:00+00:00,,,,
2023-10-12 12:10:00+00:00,,,,
2023-10-12 12:20:00+00:00,,,,
2023-10-12 12:30:00+00:00,,,,
2023-10-12 12:40:00+00:00,,,,
2023-10-12 12:50:00+00:00,,,,
2023-10-12 13:00:00+00:00,,,,
2023-10-12 13:10:00+00:00,,,,
2023-10-12 13:20:00+00:00,,,,
2023-10-12 13:30:00+00:00,,,,
2023-10-12 13:40:00+00:00,,,,
2023-10-12 13:50:00+00:00,,,,
2023-10-12 14:00:00+00:00,,,,
2023-10-12 14:10:00+00:00,,,,
2023-10-12 14:20:00+00:00,,,,
2023-10-12 14:30:00+00:00,,,,
2023-10-12 14:40:00+00:00,,,,
2023-10-12 14:50:00+00:00,,,,
2023-10-12 15:00:00+00:00,,,,
2023-10-12 15:10:00+00:00,,,,
2023-10-12 15:20:00+00:00,,,,
2023-10-12 15:30:00+00:00,,,,
2023-10-12 15:40:00+00:00,,,,
2023-10-12 15:50:00+00:00,,,,
2023-10-12 16:00:00+00:00,,,,
2023-10-12 16:10:00+00:00,,,,
2023-10-12 16:20:00+00:00,,,,
2023-10-12 16:30:00+00:00,,,,
2023-10-12 16:40:00+00:00,,,,
2023-10-12 16:50:00+00:00,,,,
2023-10-12 17:00:00+00:00,,,,
2023-10-12 17:10:00+00:00,,,,
2023-10-12 17:20:00+00:00,,,,
2023-10-12 17:30:00+00:00,,,,
2023-10-12 17:40:00+00:00,,,,
2023-10-12 17:50:00+00:00,,,,
2023-10-12 18:00:00+00:00,,,,
2023-10-12 18:10:00+00:00,,,,
2023-10-12 18:20:00+00:00,,,,
2023-10-12 18:30:00+00:00,,,,
2023-10-12 18:40:00+00:00,,,,
2023-10-12 18:50:00+00:00,,,,
2023-10-12 19:00:00+00:00,,,,
2023-10-12 19:10:00+00:00,,,,
2023-10-12 19:20:00+00:00,,,,
2023-10-12 19:30:00+00:00,,,,
2023-10-12 19:40:00+00:00,,,,
2023-10-12 19:50:00+00:00,,,,
2023-10-12 20:00:00+00:00,,,,
2023-10-12 20:10:00+00:00,,,,
2023-10-12 20:20:00+00:00,,,,
2023-10-12 20:30:00+00:00,,,,
2023-10-12 20:40:00+00:00,,,,
2023-10-12 20:50:00+00:00,,,,
2023-10-12 21:00:00+00:00,,,,
2023-10-12 21:10:00+00:00,,,,
2023-10-12 21:20:00+00:00,,,,
2023-10-12 21:30:00+00:00,,,,
2023-10-12 21:40:00+00:00,,,,
2023-10-12 21:50:00+00:00,,,,
2023-10-12 22:00:00+00:00,,,,
2023-10-12 22:10:00+00:00,,,,
2023-10-12 22:20:00+00:00,,,,
2023-10-12 22:30:00+00:00,,,,
2023-10-12 22:40:00+00:00,,,,
2023-10-12 22:50:00+00:00,,,,
2023-10-12 23:00:00+00:00,,,,
2023-10-12 23:10:00+00:00,,,,
2023-10-12 23:20:00+00:00,,,,
2023-10-12 23:30:00+00:00,,,,
2023-10-12 23:40:00+00:00,,,,
2023-10-12 23:50:00+00:00,,,,
2023-10-13 00:00:00+00:00,,,,
2023-10-13 00:10:00+00:00,,,,
2023-10-13 00:20:00+00:00,,,,
2023-10-13 00:30:00+00:00,,,,
2023-10-13 00:40:00+00:00,,,,
2023-10-13 00:50:00+00:00,,,,
2023-10-13 01:00:00+00:00,,,,
2023-10-13 01:10:00+00:00,,,,
2023-10-13 01:20:00+00:00,,,,
2023-10-13 01:30:00+00:00,,,,
2023-10-13 01:40:00+00:00,,,,
2023-10-13 01:50:00+00:00,,,,
2023-10-13 02:00:00+00:00,,,,
2023-10-13 02:10:00+00:00,,,,
2023-10-13 02:20:00+00:00,,,,
2023-10-13 02:30:00+00:00,,,,
2023-10-13 02:40:00+00:00,,,,
2023-10-13 02:50:00+00:00,,,,
2023-10-13 03:00:00+00:00,,,,
2023-10-13 03:10:00+00:00,,,,
2023-10-13 03:20:00+00:00,,,,
2023-10-13 03:30:00+00:00,,,,
2023-10-13 03:40:00+00:00,,,,
2023-10-13 03:50:00+00:00,,,,
2023-10-13 04:00:00+00:00,,,,
2023-10-13 04:10:00+00:00,,,,
2023-10-13 04:20:00+00:00,,,,
2023-10-13 04:30:00+00:00,,,,
2023-10-13 04:40:00+00:00,,,,
2023-10-13 04:50:00+00:00,,,,
2023-10-13 05:00:00+00:00,,,,
2023-10-13 05:10:00+00:00,,,,
2023-10-13 05:20:00+00:00,,,,
2023-10-13 05:30:00+00:00,,,,
2023-10-13 05:40:00+00:00,,,,
2023-10-13 05:50:00+00:00,,,,
2023-10-13 06:00:00+00:00,,,,
2023-10-13 06:10:00+00:00,,,,
2023-10-13 06:20:00+00:00,,,,
2023-10-13 06:30:00+00:00,,,,
2023-10-13 06:40:00+00:00,,,,
2023-10-13 06:50:00+00:00,,,,
2023-10-13 07:00:00+00:00,,,,
2023-10-13 07:10:00+00:00,,,,
2023-10-13 07:20:00+00:00,,,,
2023-10-13 07:30:00+00:00,,,,
2023-10-13 07:40:00+00:00,,,,
2023-10-13 07:50:00+00:00,,,,
2023-10-13 08:00:00+00:00,,,,
2023-10-13 08:10:00+00:00,,,,
2023-10-13 08:20:00+00:00,,,,
2023-10-13 08:30:00+00:00,,,,
2023-10-13 08:40:00+00:00,,,,
2023-10-13 08:50:00+00:00,,,,
2023-10-13 09:00:00+00:00,,,,
2023-10-13 09:10:00+00:00,,,,
2023-10-13 09:20:00+00:00,,,,
2023-10-13 09:30:00+00:00,,,,
2023-10-13 09:40:00+00:00,,,,
2023-10-13 09:50:00+00:00,,,,
2023-10-13 10:00:00+00:00,,,,
2023-10-13 10:10:00+00:00,,,,
2023-10-13 10:20:00+00:00,,,,
2023-10-13 10:30:00+00:00,,,,
2023-10-13 10:40:00+00:00,,,,
2023-10-13 10:50:00+00:00,,,,
2023-10-13 11:00:00+00:00,,,,
2023-10-13 11:10:00+00:00,,,,
2023-10-13 11:20:00+00:00,,,,
2023-10-13 11:30:00+00:00,,,,
2023-10-13 11:40:00+00:00,,,,
2023-10-13 11:50:00+00:00,,,,
2023-10-13 12:00:00+00:00,,,,
2023-10-13 12:10:00+00:00,,,,
2023-10-13 12:20:00+00:00,,,,
2023-10-13 12:30:00+00:00,,,,
2023-10-13 12:40:00+00:00,,,,
2023-10-13 12:50:00+00:00,,,,
2023-10-13 13:00:00+00:00,,,,
2023-10-13 13:10:00+00:00,,,,
2023-10-13 13:20:00+00:00,,,,
2023-10-13 13:30:00+00:00,,,,
2023-10-13 13:40:00+00:00,,,,
2023-10-13 13:50:00+00:00,,,,
2023-10-13 14:00:00+00:00,,,,
2023-10-13 14:10:00+00:00,,,,
2023-10-13 14:20:00+00:00,,,,
2023-10-13 14:30:00+00:00,,,,
2023-10-13 14:40:00+00:00,,,,
2023-10-13 14:50:00+00:00,,,,
2023-10-13 15:00:00+00:00,,,,
2023-10-13 15:10:00+00:00,,,,
2023-10-13 15:20:00+00:00,,,,
2023-10-13 15:30:00+00:00,,,,
2023-10-13 15:40:00+00:00,,,,
2023-10-13 15:50:00+00:00,,,,
2023-10-13 16:00:00+00:00,,,,
2023-10-13 16:10:00+00:00,,,,
2023-10-13 16:20:00+00:00,,,,
2023-10-13 16:30:00+00:00,,,,
2023-10-13 16:40:00+00:00,,,,
2023-10-13 16:50:00+00:00,,,,
2023-10-13 17:00:00+00:00,,,,
2023-10-13 17:10:00+00:00,,,,
2023-10-13 17:20:00+00:00,,,,
2023-10-13 17:30:00+00:00,,,,
2023-10-13 17:40:00+00:00,,,,
2023-10-13 17:50:00+00:00,,,,
2023-10-13 18:00:00+00:00,,,,
2023-10-13 18:10:00+00:00,,,,
2023-10-13 18:20:00+00:00,,,,
2023-10-13 18:30:00+00:00,,,,
2023-10-13 18:40:00+00:00,,,,
2023-10-13 18:50:00+00:00,,,,
2023-10-13 19:00:00+00:00,,,,
2023-10-13 19:10:00+00:00,,,,
2023-10-13 19:20:00+00:00,,,,
2023-10-13 19:30:00+00:00,,,,
2023-10-13 19:40:00+00:00,,,,
2023-10-13 19:50:00+00:00,,,,
2023-10-13 20:00:00+00:00,,,,
2023-10-13 20:10:00+00:00,,,,
2023-10-13 20:20:00+00:00,,,,
2023-10-13 20:30:00+00:00,,,,
2023-10-13 20:40:00+00:00,,,,
2023-10-13 20:50:00+00:00,,,,
2023-10-13 21:00:00+00:00,,,,
2023-10-13 21:10:00+00:00,,,,
2023-10-13 21:20:00+00:00,,,,
2023-10-13 21:30:00+00:00,,,,
2023-10-13 21:40:00+00:00,,,,
2023-10-13 21:50:00+00:00,,,,
2023-10-13 22:00:00+00:00,,,,
2023-10-13 22:10:00+00:00,,,,
2023-10-13 22:20:00+00:00,,,,
2023-10-13 22:30:00+00:00,,,,
2023-10-13 22:40:00+00:00,,,,
2023-10-13 22:50:00+00:00,,,,
2023-10-13 23:00:00+00:00,,,,
2023-10-13 23:10:00+00:00,,,,
2023-10-13 23:20:00+00:00,,,,
2023-10-13 23:30:00+00:00,,,,
2023-10-13 23:40:00+00:00,,,,
2023-10-13 23:50:00+00:00,,,,
2023-10-14 00:00:00+00:00,,,,
2023-10-14 00:10:00+00:00,,,,
2023-10-14 00:20:00+00:00,,,,
2023-10-14 00:30:00+00:00,,,,
2023-10-14 00:40:00+00:00,,,,
2023-10-14 00:50:00+00:00,,,,
2023-10-14 01:00:00+00:00,,,,
2023-10-14 01:10:00+00:00,,,,
2023-10-14 01:20:00+00:00,,,,
2023-10-14 01:30:00+00:00,,,,
2023-10-14 01:40:00+00:00,,,,
2023-10-14 01:50:00+00:00,,,,
2023-10-14 02:00:00+00:00,,,,
2023-10-14 02:10:00+00:00,,,,
2023-10-14 02:20:00+00:00,,,,
2023-10-14 02:30:00+00:00,,,,
2023-10-14 02:40:00+00:00,,,,
2023-10-14 02:50:00+00:00,,,,
2023-10-14 03:00:00+00:00,,,,
2023-10-14 03:10:00+00:00,,,,
2023-10-14 03:20:00+00:00,,,,
2023-10-14 03:30:00+00:00,,,,
2023-10-14 03:40:00+00:00,,,,
2023-10-14 03:50:00+00:00,,,,
2023-10-14 04:00:00+00:00,,,,
2023-10-14 04:10:00+00:00,,,,
2023-10-14 04:20:00+00:00,,,,
2023-10-14 04:30:00+00:00,,,,
2023-10-14 04:40:00+00:00,,,,
2023-10-14 04:50:00+00:00,,,,
2023-10-14 05:00:00+00:00,,,,
2023-10-14 05:10:00+00:00,,,,
2023-10-14 05:20:00+00:00,,,,
2023-10-14 05:30:00+00:00,,,,
2023-10-14 05:40:00+00:00,,,,
2023-10-14 05:50:00+00:00,,,,
2023-10-14 06:00:00+00:00,,,,
2023-10-14 06:10:00+00:00,,,,
2023-10-14 06:20:00+00:00,,,,
2023-10-14 06:30:00+00:00,,,,
2023-10-14 06:40:00+00:00,,,,
2023-10-14 06:50:00+00:00,,,,
2023-10-14 07:00:00+00:00,13.5,36.0,3.4,4.1
2023-10-14 07:10:00+00:00,13.5,35.0,3.4,4.1
2023-10-14 07:20:00+00:00,13.5,35.080882352941174,3.400735294117647,4.111029411764705
2023-10-14 07:30:00+00:00,13.5,35.161764705882355,3.401470588235294,4.122058823529412
2023-10-14 07:40:00+00:00,13.5,35.24264705882353,3.4022058823529413,4.133088235294117
2023-10-14 07:50:00+00:00,13.5,35.3235294117647,3.402941176470588,4.144117647058823
2023-10-14 08:00:00+00:00,13.5,35.404411764705884,3.4036764705882354,4.155147058823529
2023-10-14 08:10:00+00:00,13.5,35.48529411764706,3.4044117647058822,4.166176470588235
2023-10-14 08:20:00+00:00,13.5,35.56617647058823,3.4051470588235295,4.177205882352941
2023-10-14 08:30:00+00:00,13.5,35.64705882352941,3.4058823529411764,4.188235294117646
2023-10-14 08:40:00+00:00,13.5,35.72794117647059,3.4066176470588236,4.199264705882353
2023-10-14 08:50:00+00:00,13.5,35.80882352941177,3.4073529411764705,4.2102941176470585
2023-10-14 09:00:00+00:00,13.5,35.88970588235294,3.4080882352941178,4.221323529411764
2023-10-14 09:10:00+00:00,13.5,35.970588235294116,3.4088235294117646,4.232352941176471
2023-10-14 09:20:00+00:00,13.5,36.0514705882353,3.409558823529412,4.243382352941176
2023-10-14 09:30:00+00:00,13.5,36.13235294117647,3.4102941176470587,4.254411764705882
2023-10-14 09:40:00+00:00,13.5,36.213235294117645,3.411029411764706,4.2654411764705875
2023-10-14 09:50:00+00:00,13.5,36.294117647058826,3.411764705882353,4.276470588235294
2023-10-14 10:00:00+00:00,13.5,36.375,3.4125,4.2875
2023-10-14 10:10:00+00:00,13.5,36.455882352941174,3.413235294117647,4.298529411764705
2023-10-14 10:20:00+00:00,13.5,36.536764705882355,3.413970588235294,4.309558823529412
2023-10-14 10:30:00+00:00,13.5,36.61764705882353,3.414705882352941,4.320588235294117
2023-10-14 10:40:00+00:00,13.5,36.6985294117647,3.4154411764705883,4.331617647058823
2023-10-14 10:50:00+00:00,13.5,36.779411764705884,3.416176470588235,4.342647058823529
2023-10-14 11:00:00+00:00,13.5,36.86029411764706,3.4169117647058824,4.353676470588235
2023-10-14 11:10:00+00:00,13.5,36.94117647058823,3.4176470588235293,4.364705882352941
2023-10-14 11:20:00+00:00,,,,
2023-10-14 11:30:00+00:00,,,,
2023-10-14 11:40:00+00:00,,,,
2023-10-14 11:50:00+00:00,,,,
2023-10-14 12:00:00+00:00,,,,
2023-10-14 12:10:00+00:00,,,,
2023-10-14 12:20:00+00:00,,,,
2023-10-14 12:30:00+00:00,,,,
2023-10-14 12:40:00+00:00,,,,
2023-10-14 12:50:00+00:00,,,,
2023-10-14 13:00:00+00:00,,,,
2023-10-14 13:10:00+00:00,,,,
2023-10-14 13:20:00+00:00,,,,
2023-10-14 13:30:00+00:00,,,,
2023-10-14 13:40:00+00:00,,,,
2023-10-14 13:50:00+00:00,,,,
2023-10-14 14:00:00+00:00,,,,
2023-10-14 14:10:00+00:00,,,,
2023-10-14 14:20:00+00:00,,,,
2023-10-14 14:30:00+00:00,,,,
2023-10-14 14:40:00+00:00,,,,
2023-10-14 14:50:00+00:00,,,,
2023-10-14 15:00:00+00:00,,,,
2023-10-14 15:10:00+00:00,,,,
2023-10-14 15:20:00+00:00,,,,
2023-10-14 15:30:00+00:00,,,,
2023-10-14 15:40:00+00:00,,,,
2023-10-14 15:50:00+00:00,,,,
2023-10-14 16:00:00+00:00,,,,
2023-10-14 16:10:00+00:00,,,,
2023-10-14 16:20:00+00:00,,,,
2023-10-14 16:30:00+00:00,,,,
2023-10-14 16:40:00+00:00,,,,
2023-10-14 16:50:00+00:00,,,,
2023-10-14 17:00:00+00:00,,,,
2023-10-14 17:10:00+00:00,,,,
2023-10-14 17:20:00+00:00,,,,
2023-10-14 17:30:00+00:00,,,,
2023-10-14 17:40:00+00:00,,,,
2023-10-14 17:50:00+00:00,,,,
2023-10-14 18:00:00+00:00,,,,
2023-10-14 18:10:00+00:00,,,,
2023-10-14 18:20:00+00:00,,,,
2023-10-14 18:30:00+00:00,,,,
2023-10-14 18:40:00+00:00,,,,
2023-10-14 18:50:00+00:00,,,,
2023-10-14 19:00:00+00:00,,,,
2023-10-14 19:10:00+00:00,,,,
2023-10-14 19:20:00+00:00,,,,
2023-10-14 19:30:00+00:00,,,,
2023-10-14 19:40:00+00:00,,,,
2023-10-14 19:50:00+00:00,,,,
2023-10-14 20:00:00+00:00,,,,
2023-10-14 20:10:00+00:00,,,,
2023-10-14 20:20:00+00:00,,,,
2023-10-14 20:30:00+00:00,,,,
2023-10-14 20:40:00+00:00,,,,
2023-10-14 20:50:00+00:00,,,,
2023-10-14 21:00:00+00:00,,,,
2023-10-14 21:10:00+00:00,,,,
2023-10-14 21:20:00+00:00,,,,
2023-10-14 21:30:00+00:00,,,,
2023-10-14 21:40:00+00:00,,,,
2023-10-14 21:50:00+00:00,,,,
2023-10-14 22:00:00+00:00,,,,
2023-10-14 22:10:00+00:00,,,,
2023-10-14 22:20:00+00:00,,,,
2023-10-14 22:30:00+00:00,,,,
2023-10-14 22:40:00+00:00,,,,
2023-10-14 22:50:00+00:00,,,,
2023-10-14 23:00:00+00:00,,,,
2023-10-14 23:10:00+00:00,,,,
2023-10-14 23:20:00+00:00,,,,
2023-10-14 23:30:00+00:00,,,,
2023-10-14 23:40:00+00:00,,,,
2023-10-14 23:50:00+00:00,,,,
2023-10-15 00:00:00+00:00,,,,
2023-10-15 00:10:00+00:00,,,,
2023-10-15 00:20:00+00:00,,,,
2023-10-15 00:30:00+00:00,,,,
2023-10-15 00:40:00+00:00,,,,
2023-10-15 00:50:00+00:00,,,,
2023-10-15 01:00:00+00:00,,,,
2023-10-15 01:10:00+00:00,,,,
2023-10-15 01:20:00+00:00,,,,
2023-10-15 01:30:00+00:00,,,,
2023-10-15 01:40:00+00:00,,,,
2023-10-15 01:50:00+00:00,,,,
2023-10-15 02:00:00+00:00,,,,
2023-10-15 02:10:00+00:00,,,,
2023-10-15 02:20:00+00:00,,,,
2023-10-15 02:30:00+00:00,,,,
2023-10-15 02:40:00+00:00,,,,
2023-10-15 02:50:00+00:00,,,,
2023-10-15 03:00:00+00:00,,,,
2023-10-15 03:10:00+00:00,,,,
2023-10-15 03:20:00+00:00,,,,
2023-10-15 03:30:00+00:00,,,,
2023-10-15 03:40:00+00:00,,,,
2023-10-15 03:50:00+00:00,,,,
2023-10-15 04:00:00+00:00,,,,
2023-10-15 04:10:00+00:00,,,,
2023-10-15 04:20:00+00:00,,,,
2023-10-15 04:30:00+00:00,,,,
2023-10-15 04:40:00+00:00,,,,
2023-10-15 04:50:00+00:00,,,,
2023-10-15 05:00:00+00:00,,,,
2023-10-15 05:10:00+00:00,,,,
2023-10-15 05:20:00+00:00,,,,
2023-10-15 05:30:00+00:00,,,,
2023-10-15 05:40:00+00:00,,,,
2023-10-15 05:50:00+00:00,13.5,46.0,3.5,5.6
