time,value_temp,value_hum,value_acid,value_PV
2023-04-07 11:50:00+00:00,5.5,61.0,11.3,4.2
2023-04-07 12:00:00+00:00,6.0,61.0,11.3,4.2
2023-04-07 12:10:00+00:00,6.0,60.0,11.3,4.2
2023-04-07 12:20:00+00:00,6.0,60.0,11.3,4.2
2023-04-07 12:30:00+00:00,6.5,60.0,11.3,4.2
2023-04-07 12:40:00+00:00,6.5,60.0,11.3,4.2
2023-04-07 12:50:00+00:00,6.5,59.0,11.3,4.2
2023-04-07 13:00:00+00:00,6.5,59.0,11.3,4.2
2023-04-07 13:10:00+00:00,6.5,59.0,11.3,4.2
2023-04-07 13:20:00+00:00,6.5,59.0,11.3,4.2
2023-04-07 13:30:00+00:00,6.5,59.0,11.3,4.2
2023-04-07 13:40:00+00:00,6.5,59.0,11.3,4.2
2023-04-07 13:50:00+00:00,6.5,60.0,11.3,4.2
2023-04-07 14:00:00+00:00,6.5,60.125,11.3,4.2
2023-04-07 14:10:00+00:00,6.5,60.25,11.3,4.2
2023-04-07 14:20:00+00:00,6.5,60.375,11.3,4.2
2023-04-07 14:30:00+00:00,6.5,60.5,11.3,4.2
2023-04-07 14:40:00+00:00,6.5,60.625,11.3,4.2
2023-04-07 14:50:00+00:00,6.5,60.75,11.3,4.2
2023-04-07 15:00:00+00:00,6.5,60.875,11.3,4.2
2023-04-07 15:10:00+00:00,6.5,61.0,11.3,4.2
2023-04-07 15:20:00+00:00,6.515315315315315,61.090090090090094,11.297297297297298,4.2
2023-04-07 15:30:00+00:00,6.530630630630631,61.18018018018018,11.294594594594596,4.2
2023-04-07 15:40:00+00:00,6.545945945945946,61.270270270270274,11.291891891891893,4.2
2023-04-07 15:50:00+00:00,6.5612612612612615,61.36036036036036,11.28918918918919,4.2
2023-04-07 16:00:00+00:00,6.576576576576577,61.450450450450454,11.286486486486487,4.2
2023-04-07 16:10:00+00:00,6.591891891891892,61.54054054054054,11.283783783783784,4.2
2023-04-07 16:20:00+00:00,6.607207207207207,61.630630630630634,11.281081081081082,4.2
2023-04-07 16:30:00+00:00,6.622522522522522,61.72072072072072,11.27837837837838,4.2
2023-04-07 16:40:00+00:00,6.6378378378378375,61.810810810810814,11.275675675675677,4.2
2023-04-07 16:50:00+00:00,6.653153153153153,61.9009009009009,11.272972972972974,4.2
2023-04-07 17:00:00+00:00,6.668468468468468,61.990990990990994,11.27027027027027,4.2
2023-04-07 17:10:00+00:00,6.683783783783784,62.08108108108108,11.267567567567568,4.2
2023-04-07 17:20:00+00:00,6.699099099099099,62.171171171171174,11.264864864864865,4.2
2023-04-07 17:30:00+00:00,6.7144144144144144,62.26126126126126,11.262162162162163,4.2
2023-04-07 17:40:00+00:00,6.72972972972973,62.351351351351354,11.25945945945946,4.2
2023-04-07 17:50:00+00:00,6.745045045045045,62.44144144144144,11.256756756756758,4.2
2023-04-07 18:00:00+00:00,6.760360360360361,62.531531531531535,11.254054054054055,4.2
2023-04-07 18:10:00+00:00,6.775675675675675,62.62162162162162,11.251351351351351,4.2
2023-04-07 18:20:00+00:00,6.7909909909909905,62.711711711711715,11.248648648648649,4.2
2023-04-07 18:30:00+00:00,6.806306306306306,62.8018018018018,11.245945945945946,4.2
2023-04-07 18:40:00+00:00,6.821621621621621,62.891891891891895,11.243243243243244,4.2
2023-04-07 18:50:00+00:00,6.836936936936937,62.98198198198198,11.240540540540541,4.2
2023-04-07 19:00:00+00:00,6.852252252252252,63.072072072072075,11.237837837837839,4.2
2023-04-07 19:10:00+00:00,6.867567567567567,63.16216216216216,11.235135135135137,4.2
2023-04-07 19:20:00+00:00,,,,
2023-04-07 19:30:00+00:00,,,,
2023-04-07 19:40:00+00:00,,,,
2023-04-07 19:50:00+00:00,,,,
2023-04-07 20:00:00+00:00,,,,
2023-04-07 20:10:00+00:00,,,,
2023-04-07 20:20:00+00:00,,,,
2023-04-07 20:30:00+00:00,,,,
2023-04-07 20:40:00+00:00,,,,
2023-04-07 20:50:00+00:00,,,,
2023-04-07 21:00:00+00:00,,,,
2023-04-07 21:10:00+00:00,,,,
2023-04-07 21:20:00+00:00,,,,
2023-04-07 21:30:00+00:00,,,,
2023-04-07 21:40:00+00:00,,,,
2023-04-07 21:50:00+00:00,,,,
2023-04-07 22:00:00+00:00,,,,
2023-04-07 22:10:00+00:00,,,,
2023-04-07 22:20:00+00:00,,,,
2023-04-07 22:30:00+00:00,,,,
2023-04-07 22:40:00+00:00,,,,
2023-04-07 22:50:00+00:00,,,,
2023-04-07 23:00:00+00:00,,,,
2023-04-07 23:10:00+00:00,,,,
2023-04-07 23:20:00+00:00,,,,
2023-04-07 23:30:00+00:00,,,,
2023-04-07 23:40:00+00:00,,,,
2023-04-07 23:50:00+00:00,,,,
2023-04-08 00:00:00+00:00,,,,
2023-04-08 00:10:00+00:00,,,,
2023-04-08 00:20:00+00:00,,,,
2023-04-08 00:30:00+00:00,,,,
2023-04-08 00:40:00+00:00,,,,
2023-04-08 00:50:00+00:00,,,,
2023-04-08 01:00:00+00:00,,,,
2023-04-08 01:10:00+00:00,,,,
2023-04-08 01:20:00+00:00,,,,
2023-04-08 01:30:00+00:00,,,,
2023-04-08 01:40:00+00:00,,,,
2023-04-08 01:50:00+00:00,,,,
2023-04-08 02:00:00+00:00,,,,
2023-04-08 02:10:00+00:00,,,,
2023-04-08 02:20:00+00:00,,,,
2023-04-08 02:30:00+00:00,,,,
2023-04-08 02:40:00+00:00,,,,
2023-04-08 02:50:00+00:00,,,,
2023-04-08 03:00:00+00:00,,,,
2023-04-08 03:10:00+00:00,,,,
2023-04-08 03:20:00+00:00,,,,
2023-04-08 03:30:00+00:00,,,,
2023-04-08 03:40:00+00:00,,,,
2023-04-08 03:50:00+00:00,,,,
2023-04-08 04:00:00+00:00,,,,
2023-04-08 04:10:00+00:00,,,,
2023-04-08 04:20:00+00:00,,,,
2023-04-08 04:30:00+00:00,,,,
2023-04-08 04:40:00+00:00,,,,
2023-04-08 04:50:00+00:00,,,,
2023-04-08 05:00:00+00:00,,,,
2023-04-08 05:10:00+00:00,,,,
2023-04-08 05:20:00+00:00,,,,
2023-04-08 05:30:00+00:00,,,,
2023-04-08 05:40:00+00:00,,,,
2023-04-08 05:50:00+00:00,,,,
2023-04-08 06:00:00+00:00,,,,
2023-04-08 06:10:00+00:00,,,,
2023-04-08 06:20:00+00:00,,,,
2023-04-08 06:30:00+00:00,,,,
2023-04-08 06:40:00+00:00,,,,
2023-04-08 06:50:00+00:00,,,,
2023-04-08 07:00:00+00:00,,,,
2023-04-08 07:10:00+00:00,,,,
2023-04-08 07:20:00+00:00,,,,
2023-04-08 07:30:00+00:00,,,,
2023-04-08 07:40:00+00:00,,,,
2023-04-08 07:50:00+00:00,,,,
2023-04-08 08:00:00+00:00,,,,
2023-04-08 08:10:00+00:00,,,,
2023-04-08 08:20:00+00:00,,,,
2023-04-08 08:30:00+00:00,,,,
2023-04-08 08:40:00+00:00,,,,
2023-04-08 08:50:00+00:00,,,,
2023-04-08 09:00:00+00:00,,,,
2023-04-08 09:10:00+00:00,,,,
2023-04-08 09:20:00+00:00,,,,
2023-04-08 09:30:00+00:00,,,,
2023-04-08 09:40:00+00:00,8.2,71.0,11.0,4.2
2023-04-08 09:50:00+00:00,8.1,70.0,11.0,4.2
2023-04-08 10:00:00+00:00,8.3,69.0,11.0,4.2
2023-04-08 10:10:00+00:00,8.6,69.0,11.0,4.2
2023-04-08 10:20:00+00:00,9.0,68.0,11.0,4.2
2023-04-08 10:30:00+00:00,9.3,68.0,11.0,4.2
2023-04-08 10:40:00+00:00,9.6,68.0,11.0,4.2
2023-04-08 10:50:00+00:00,9.8,67.0,11.0,4.2
2023-04-08 11:00:00+00:00,9.8,68.0,11.0,4.2
2023-04-08 11:10:00+00:00,10.0,69.0,11.0,4.2
2023-04-08 11:20:00+00:00,10.0,68.0,11.0,4.2
2023-04-08 11:30:00+00:00,10.0,68.0,11.0,4.2
2023-04-08 11:40:00+00:00,10.0,68.0,11.0,4.2
2023-04-08 11:50:00+00:00,10.1,67.0,11.0,4.2
2023-04-08 12:00:00+00:00,10.05,67.5,11.0,4.2
2023-04-08 12:10:00+00:00,10.0,68.0,11.0,4.2
2023-04-08 12:20:00+00:00,10.1,67.0,11.0,4.2
2023-04-08 12:30:00+00:00,10.2,67.0,11.0,4.2
2023-04-08 12:40:00+00:00,10.3,67.0,11.1,4.2
2023-04-08 12:50:00+00:00,10.3,68.0,11.1,4.2
2023-04-08 13:00:00+00:00,10.3,67.0,11.1,4.2
2023-04-08 13:10:00+00:00,10.3,68.0,11.1,4.2
2023-04-08 13:20:00+00:00,10.3,67.0,11.1,4.2
2023-04-08 13:30:00+00:00,10.2,67.0,11.1,4.2
2023-04-08 13:40:00+00:00,10.25,67.0,11.1,4.2
2023-04-08 13:50:00+00:00,10.2,67.0,11.1,4.2
2023-04-08 14:00:00+00:00,10.3,67.0,11.1,4.2
2023-04-08 14:10:00+00:00,10.283333333333333,67.16666666666667,11.1,4.2
2023-04-08 14:20:00+00:00,10.266666666666667,67.33333333333333,11.1,4.2
2023-04-08 14:30:00+00:00,10.25,67.5,11.1,4.2
2023-04-08 14:40:00+00:00,10.233333333333333,67.66666666666667,11.1,4.2
2023-04-08 14:50:00+00:00,10.216666666666667,67.83333333333333,11.1,4.2
2023-04-08 15:00:00+00:00,10.2,68.0,11.1,4.2
2023-04-08 15:10:00+00:00,10.148314606741572,67.9438202247191,11.1,4.2
2023-04-08 15:20:00+00:00,10.096629213483146,67.88764044943821,11.1,4.2
2023-04-08 15:30:00+00:00,10.044943820224718,67.8314606741573,11.1,4.2
2023-04-08 15:40:00+00:00,9.99325842696629,67.7752808988764,11.1,4.2
2023-04-08 15:50:00+00:00,9.941573033707865,67.71910112359551,11.1,4.2
2023-04-08 16:00:00+00:00,9.889887640449437,67.66292134831461,11.1,4.2
2023-04-08 16:10:00+00:00,9.83820224719101,67.6067415730337,11.1,4.2
2023-04-08 16:20:00+00:00,9.786516853932584,67.5505617977528,11.1,4.2
2023-04-08 16:30:00+00:00,9.734831460674156,67.49438202247191,11.1,4.2
2023-04-08 16:40:00+00:00,9.68314606741573,67.43820224719101,11.1,4.2
2023-04-08 16:50:00+00:00,9.631460674157303,67.38202247191012,11.1,4.2
2023-04-08 17:00:00+00:00,9.579775280898875,67.32584269662921,11.1,4.2
2023-04-08 17:10:00+00:00,9.528089887640448,67.26966292134831,11.1,4.2
2023-04-08 17:20:00+00:00,9.476404494382022,67.21348314606742,11.1,4.2
2023-04-08 17:30:00+00:00,9.424719101123594,67.15730337078652,11.1,4.2
2023-04-08 17:40:00+00:00,9.373033707865169,67.10112359550561,11.1,4.2
2023-04-08 17:50:00+00:00,9.321348314606741,67.04494382022472,11.1,4.2
2023-04-08 18:00:00+00:00,9.269662921348313,66.98876404494382,11.1,4.2
2023-04-08 18:10:00+00:00,9.217977528089888,66.93258426966293,11.1,4.2
2023-04-08 18:20:00+00:00,9.16629213483146,66.87640449438203,11.1,4.2
2023-04-08 18:30:00+00:00,9.114606741573033,66.82022471910112,11.1,4.2
2023-04-08 18:40:00+00:00,9.062921348314607,66.76404494382022,11.1,4.2
2023-04-08 18:50:00+00:00,9.01123595505618,66.70786516853933,11.1,4.2
2023-04-08 19:00:00+00:00,8.959550561797752,66.65168539325843,11.1,4.2
2023-04-08 19:10:00+00:00,,,,
2023-04-08 19:20:00+00:00,,,,
2023-04-08 19:30:00+00:00,,,,
2023-04-08 19:40:00+00:00,,,,
2023-04-08 19:50:00+00:00,,,,
2023-04-08 20:00:00+00:00,,,,
2023-04-08 20:10:00+00:00,,,,
2023-04-08 20:20:00+00:00,,,,
2023-04-08 20:30:00+00:00,,,,
2023-04-08 20:40:00+00:00,,,,
2023-04-08 20:50:00+00:00,,,,
2023-04-08 21:00:00+00:00,,,,
2023-04-08 21:10:00+00:00,,,,
2023-04-08 21:20:00+00:00,,,,
2023-04-08 21:30:00+00:00,,,,
2023-04-08 21:40:00+00:00,,,,
2023-04-08 21:50:00+00:00,,,,
2023-04-08 22:00:00+00:00,,,,
2023-04-08 22:10:00+00:00,,,,
2023-04-08 22:20:00+00:00,,,,
2023-04-08 22:30:00+00:00,,,,
2023-04-08 22:40:00+00:00,,,,
2023-04-08 22:50:00+00:00,,,,
2023-04-08 23:00:00+00:00,,,,
2023-04-08 23:10:00+00:00,,,,
2023-04-08 23:20:00+00:00,,,,
2023-04-08 23:30:00+00:00,,,,
2023-04-08 23:40:00+00:00,,,,
2023-04-08 23:50:00+00:00,,,,
2023-04-09 00:00:00+00:00,,,,
2023-04-09 00:10:00+00:00,,,,
2023-04-09 00:20:00+00:00,,,,
2023-04-09 00:30:00+00:00,,,,
2023-04-09 00:40:00+00:00,,,,
2023-04-09 00:50:00+00:00,,,,
2023-04-09 01:00:00+00:00,,,,
2023-04-09 01:10:00+00:00,,,,
2023-04-09 01:20:00+00:00,,,,
2023-04-09 01:30:00+00:00,,,,
2023-04-09 01:40:00+00:00,,,,
2023-04-09 01:50:00+00:00,,,,
2023-04-09 02:00:00+00:00,,,,
2023-04-09 02:10:00+00:00,,,,
2023-04-09 02:20:00+00:00,,,,
2023-04-09 02:30:00+00:00,,,,
2023-04-09 02:40:00+00:00,,,,
2023-04-09 02:50:00+00:00,,,,
2023-04-09 03:00:00+00:00,,,,
2023-04-09 03:10:00+00:00,,,,
2023-04-09 03:20:00+00:00,,,,
2023-04-09 03:30:00+00:00,,,,
2023-04-09 03:40:00+00:00,,,,
2023-04-09 03:50:00+00:00,,,,
2023-04-09 04:00:00+00:00,,,,
2023-04-09 04:10:00+00:00,,,,
2023-04-09 04:20:00+00:00,,,,
2023-04-09 04:30:00+00:00,,,,
2023-04-09 04:40:00+00:00,,,,
2023-04-09 04:50:00+00:00,,,,
2023-04-09 05:00:00+00:00,,,,
2023-04-09 05:10:00+00:00,,,,
2023-04-09 05:20:00+00:00,,,,
2023-04-09 05:30:00+00:00,,,,
2023-04-09 05:40:00+00:00,,,,
2023-04-09 05:50:00+00:00,5.6,63.0,11.1,4.2
2023-04-09 06:00:00+00:00,5.5,61.0,11.1,4.2
2023-04-09 06:10:00+00:00,5.6,60.0,11.1,4.2
2023-04-09 06:20:00+00:00,5.8,60.0,11.1,4.2
2023-04-09 06:30:00+00:00,5.780141843971631,59.97163120567376,11.099290780141844,4.2
2023-04-09 06:40:00+00:00,5.760283687943263,59.94326241134752,11.098581560283687,4.2
2023-04-09 06:50:00+00:00,5.740425531914894,59.91489361702128,11.097872340425532,4.2
2023-04-09 07:00:00+00:00,5.7205673758865245,59.88652482269504,11.097163120567375,4.2
2023-04-09 07:10:00+00:00,5.7007092198581555,59.858156028368796,11.09645390070922,4.2
2023-04-09 07:20:00+00:00,5.680851063829787,59.829787234042556,11.095744680851064,4.2
2023-04-09 07:30:00+00:00,5.660992907801418,59.801418439716315,11.095035460992907,4.2
2023-04-09 07:40:00+00:00,5.641134751773049,59.773049645390074,11.094326241134752,4.2
2023-04-09 07:50:00+00:00,5.621276595744681,59.744680851063826,11.093617021276595,4.2
2023-04-09 08:00:00+00:00,5.601418439716312,59.716312056737586,11.09290780141844,4.2
2023-04-09 08:10:00+00:00,5.581560283687943,59.687943262411345,11.092198581560284,4.2
2023-04-09 08:20:00+00:00,5.561702127659574,59.659574468085104,11.091489361702127,4.2
2023-04-09 08:30:00+00:00,5.541843971631206,59.63120567375886,11.090780141843972,4.2
2023-04-09 08:40:00+00:00,5.521985815602837,59.60283687943262,11.090070921985815,4.2
2023-04-09 08:50:00+00:00,5.502127659574468,59.57446808510638,11.08936170212766,4.2
2023-04-09 09:00:00+00:00,5.4822695035460995,59.54609929078014,11.088652482269504,4.2
2023-04-09 09:10:00+00:00,5.4624113475177305,59.5177304964539,11.087943262411347,4.2
2023-04-09 09:20:00+00:00,5.4425531914893615,59.48936170212766,11.087234042553192,4.2
2023-04-09 09:30:00+00:00,5.422695035460992,59.46099290780142,11.086524822695035,4.2
2023-04-09 09:40:00+00:00,5.402836879432624,59.43262411347518,11.08581560283688,4.2
2023-04-09 09:50:00+00:00,5.382978723404255,59.40425531914894,11.085106382978724,4.2
2023-04-09 10:00:00+00:00,5.363120567375886,59.3758865248227,11.084397163120567,4.2
2023-04-09 10:10:00+00:00,5.343262411347518,59.347517730496456,11.083687943262412,4.2
2023-04-09 10:20:00+00:00,5.323404255319149,59.319148936170215,11.082978723404254,4.2
2023-04-09 10:30:00+00:00,,,,
2023-04-09 10:40:00+00:00,,,,
2023-04-09 10:50:00+00:00,,,,
2023-04-09 11:00:00+00:00,,,,
2023-04-09 11:10:00+00:00,,,,
2023-04-09 11:20:00+00:00,,,,
2023-04-09 11:30:00+00:00,,,,
2023-04-09 11:40:00+00:00,,,,
2023-04-09 11:50:00+00:00,,,,
2023-04-09 12:00:00+00:00,,,,
2023-04-09 12:10:00+00:00,,,,
2023-04-09 12:20:00+00:00,,,,
2023-04-09 12:30:00+00:00,,,,
2023-04-09 12:40:00+00:00,,,,
2023-04-09 12:50:00+00:00,,,,
2023-04-09 13:00:00+00:00,,,,
2023-04-09 13:10:00+00:00,,,,
2023-04-09 13:20:00+00:00,,,,
2023-04-09 13:30:00+00:00,,,,
2023-04-09 13:40:00+00:00,,,,
2023-04-09 13:50:00+00:00,,,,
2023-04-09 14:00:00+00:00,,,,
2023-04-09 14:10:00+00:00,,,,
2023-04-09 14:20:00+00:00,,,,
2023-04-09 14:30:00+00:00,,,,
2023-04-09 14:40:00+00:00,,,,
2023-04-09 14:50:00+00:00,,,,
2023-04-09 15:00:00+00:00,,,,
2023-04-09 15:10:00+00:00,,,,
2023-04-09 15:20:00+00:00,,,,
2023-04-09 15:30:00+00:00,,,,
2023-04-09 15:40:00+00:00,,,,
2023-04-09 15:50:00+00:00,,,,
2023-04-09 16:00:00+00:00,,,,
2023-04-09 16:10:00+00:00,,,,
2023-04-09 16:20:00+00:00,,,,
2023-04-09 16:30:00+00:00,,,,
2023-04-09 16:40:00+00:00,,,,
2023-04-09 16:50:00+00:00,,,,
2023-04-09 17:00:00+00:00,,,,
2023-04-09 17:10:00+00:00,,,,
2023-04-09 17:20:00+00:00,,,,
2023-04-09 17:30:00+00:00,,,,
2023-04-09 17:40:00+00:00,,,,
2023-04-09 17:50:00+00:00,,,,
2023-04-09 18:00:00+00:00,,,,
2023-04-09 18:10:00+00:00,,,,
2023-04-09 18:20:00+00:00,,,,
2023-04-09 18:30:00+00:00,,,,
2023-04-09 18:40:00+00:00,,,,
2023-04-09 18:50:00+00:00,,,,
2023-04-09 19:00:00+00:00,,,,
2023-04-09 19:10:00+00:00,,,,
2023-04-09 19:20:00+00:00,,,,
2023-04-09 19:30:00+00:00,,,,
2023-04-09 19:40:00+00:00,,,,
2023-04-09 19:50:00+00:00,,,,
2023-04-09 20:00:00+00:00,,,,
2023-04-09 20:10:00+00:00,,,,
2023-04-09 20:20:00+00:00,,,,
2023-04-09 20:30:00+00:00,,,,
2023-04-09 20:40:00+00:00,,,,
2023-04-09 20:50:00+00:00,,,,
2023-04-09 21:00:00+00:00,,,,
2023-04-09 21:10:00+00:00,,,,
2023-04-09 21:20:00+00:00,,,,
2023-04-09 21:30:00+00:00,,,,
2023-04-09 21:40:00+00:00,,,,
2023-04-09 21:50:00+00:00,,,,
2023-04-09 22:00:00+00:00,,,,
2023-04-09 22:10:00+00:00,,,,
2023-04-09 22:20:00+00:00,,,,
2023-04-09 22:30:00+00:00,,,,
2023-04-09 22:40:00+00:00,,,,
2023-04-09 22:50:00+00:00,,,,
2023-04-09 23:00:00+00:00,,,,
2023-04-09 23:10:00+00:00,,,,
2023-04-09 23:20:00+00:00,,,,
2023-04-09 23:30:00+00:00,,,,
2023-04-09 23:40:00+00:00,,,,
2023-04-09 23:50:00+00:00,,,,
2023-04-10 00:00:00+00:00,,,,
2023-04-10 00:10:00+00:00,,,,
2023-04-10 00:20:00+00:00,,,,
2023-04-10 00:30:00+00:00,,,,
2023-04-10 00:40:00+00:00,,,,
2023-04-10 00:50:00+00:00,,,,
2023-04-10 01:00:00+00:00,,,,
2023-04-10 01:10:00+00:00,,,,
2023-04-10 01:20:00+00:00,,,,
2023-04-10 01:30:00+00:00,,,,
2023-04-10 01:40:00+00:00,,,,
2023-04-10 01:50:00+00:00,,,,
2023-04-10 02:00:00+00:00,,,,
2023-04-10 02:10:00+00:00,,,,
2023-04-10 02:20:00+00:00,,,,
2023-04-10 02:30:00+00:00,,,,
2023-04-10 02:40:00+00:00,,,,
2023-04-10 02:50:00+00:00,,,,
2023-04-10 03:00:00+00:00,,,,
2023-04-10 03:10:00+00:00,,,,
2023-04-10 03:20:00+00:00,,,,
2023-04-10 03:30:00+00:00,,,,
2023-04-10 03:40:00+00:00,,,,
2023-04-10 03:50:00+00:00,,,,
2023-04-10 04:00:00+00:00,,,,
2023-04-10 04:10:00+00:00,,,,
2023-04-10 04:20:00+00:00,,,,
2023-04-10 04:30:00+00:00,,,,
2023-04-10 04:40:00+00:00,,,,
2023-04-10 04:50:00+00:00,,,,
2023-04-10 05:00:00+00:00,,,,
2023-04-10 05:10:00+00:00,,,,
2023-04-10 05:20:00+00:00,,,,
2023-04-10 05:30:00+00:00,,,,
2023-04-10 05:40:00+00:00,,,,
2023-04-10 05:50:00+00:00,3.0,56.0,11.0,4.2
2023-04-10 06:00:00+00:00,2.5,55.0,11.0,4.2
2023-04-10 06:10:00+00:00,3.0,53.0,11.0,4.2
2023-04-10 06:20:00+00:00,3.0,53.0,11.0,4.2
2023-04-10 06:30:00+00:00,3.0,53.0,11.0,4.2
2023-04-10 06:40:00+00:00,3.5,52.0,11.0,4.2
2023-04-10 06:50:00+00:00,3.5,53.0,11.0,4.2
2023-04-10 07:00:00+00:00,4.0,53.0,11.0,4.2
2023-04-10 07:10:00+00:00,4.0,54.0,11.0,4.2
2023-04-10 07:20:00+00:00,4.0,55.0,11.0,4.2
2023-04-10 07:30:00+00:00,4.5,55.0,11.0,4.2
2023-04-10 07:40:00+00:00,4.5,57.0,11.1,4.2
2023-04-10 07:50:00+00:00,4.5,57.0,11.1,4.2
2023-04-10 08:00:00+00:00,5.0,58.0,11.1,4.2
2023-04-10 08:10:00+00:00,5.5,59.0,11.1,4.2
2023-04-10 08:20:00+00:00,6.0,59.0,11.1,4.2
2023-04-10 08:30:00+00:00,6.5,60.0,11.1,4.2
2023-04-10 08:40:00+00:00,7.5,60.0,11.0,4.2
2023-04-10 08:50:00+00:00,8.5,60.0,11.1,4.2
2023-04-10 09:00:00+00:00,9.0,60.0,11.0,4.2
2023-04-10 09:10:00+00:00,9.5,60.0,11.1,4.2
2023-04-10 09:20:00+00:00,10.0,61.0,11.1,4.2
2023-04-10 09:30:00+00:00,10.5,61.0,11.2,4.2
2023-04-10 09:40:00+00:00,11.0,62.0,11.2,4.2
2023-04-10 09:50:00+00:00,11.5,62.0,11.2,4.2
2023-04-10 10:00:00+00:00,12.0,61.0,11.2,4.2
2023-04-10 10:10:00+00:00,12.5,63.0,11.3,4.2
2023-04-10 10:20:00+00:00,12.5,62.0,11.2,4.2
2023-04-10 10:30:00+00:00,12.5,63.0,11.2,4.2
2023-04-10 10:40:00+00:00,12.0,61.0,11.1,4.2
2023-04-10 10:50:00+00:00,11.5,62.0,11.0,4.2
2023-04-10 11:00:00+00:00,11.0,66.0,11.3,4.2
2023-04-10 11:10:00+00:00,10.5,64.0,11.2,4.2
2023-04-10 11:20:00+00:00,10.5,63.0,11.3,4.2
2023-04-10 11:30:00+00:00,10.0,63.0,11.3,4.2
2023-04-10 11:40:00+00:00,10.0,62.0,11.3,4.2
2023-04-10 11:50:00+00:00,9.5,62.0,11.3,4.2
2023-04-10 12:00:00+00:00,9.5,61.0,11.2,4.2
2023-04-10 12:10:00+00:00,9.5,61.0,11.2,4.2
2023-04-10 12:20:00+00:00,9.0,60.0,11.2,4.2
2023-04-10 12:30:00+00:00,9.0,60.0,11.3,4.2
2023-04-10 12:40:00+00:00,9.0,60.0,11.3,4.2
2023-04-10 12:50:00+00:00,9.0,59.0,11.1,4.2
2023-04-10 13:00:00+00:00,9.0,59.0,10.9,4.2
2023-04-10 13:10:00+00:00,9.0,59.0,10.9,4.2
2023-04-10 13:20:00+00:00,8.5,59.0,11.2,4.2
2023-04-10 13:30:00+00:00,8.5,58.0,11.3,4.2
2023-04-10 13:40:00+00:00,8.5,58.0,11.2,4.2
2023-04-10 13:50:00+00:00,8.5,58.0,11.1,4.2
2023-04-10 14:00:00+00:00,8.5,58.0,11.2,4.2
2023-04-10 14:10:00+00:00,8.5,57.0,11.1,4.2
2023-04-10 14:20:00+00:00,8.5,57.0,11.2,4.2
2023-04-10 14:30:00+00:00,8.0,57.0,11.2,4.2
2023-04-10 14:40:00+00:00,8.0,57.0,11.3,4.2
2023-04-10 14:50:00+00:00,8.0,57.0,11.1,4.2
2023-04-10 15:00:00+00:00,8.0,57.0,11.1,4.2
2023-04-10 15:10:00+00:00,8.0,57.0,11.1,4.2
2023-04-10 15:20:00+00:00,8.0,56.0,11.1,4.2
2023-04-10 15:30:00+00:00,8.0,56.0,11.0,4.2
2023-04-10 15:40:00+00:00,8.0,56.0,11.1,4.2
2023-04-10 15:50:00+00:00,8.0,56.0,11.2,4.2
2023-04-10 16:00:00+00:00,7.5,55.0,11.1,4.2
2023-04-10 16:10:00+00:00,7.5,56.0,11.2,4.2
2023-04-10 16:20:00+00:00,7.5,55.0,11.2,4.2
2023-04-10 16:30:00+00:00,7.5,55.0,11.2,4.2
2023-04-10 16:40:00+00:00,7.5,55.0,11.1,4.2
2023-04-10 16:50:00+00:00,7.0,54.0,11.1,4.2
2023-04-10 17:00:00+00:00,7.0,54.0,11.1,4.2
2023-04-10 17:10:00+00:00,7.0,54.0,11.1,4.2
2023-04-10 17:20:00+00:00,7.0,54.0,11.1,4.2
2023-04-10 17:30:00+00:00,7.0,53.0,11.0,3.6
2023-04-10 17:40:00+00:00,7.0,53.0,11.1,3.6
2023-04-10 17:50:00+00:00,6.5,53.0,11.1,2.7
2023-04-10 18:00:00+00:00,6.5,53.0,11.1,1.4
2023-04-10 18:10:00+00:00,6.5,53.0,11.1,0.8
2023-04-10 18:20:00+00:00,6.5,52.0,11.1,0.7
2023-04-10 18:30:00+00:00,6.5,52.0,11.1,0.6
2023-04-10 18:40:00+00:00,6.0,52.0,11.1,0.6
2023-04-10 18:50:00+00:00,6.0,52.0,11.1,0.6
2023-04-10 19:00:00+00:00,6.0,52.0,11.1,0.6
2023-04-10 19:10:00+00:00,6.0,52.0,11.1,0.6
2023-04-10 19:20:00+00:00,6.0,52.0,11.0,0.6
2023-04-10 19:30:00+00:00,5.5,51.0,11.0,0.6
2023-04-10 19:40:00+00:00,5.5,51.0,11.1,0.6
2023-04-10 19:50:00+00:00,5.5,51.0,11.1,0.6
2023-04-10 20:00:00+00:00,5.5,51.0,11.0,0.6
2023-04-10 20:10:00+00:00,5.5,51.0,11.1,0.6
2023-04-10 20:20:00+00:00,5.5,51.0,11.0,0.6
2023-04-10 20:30:00+00:00,5.5,51.0,11.0,0.6
2023-04-10 20:40:00+00:00,5.0,51.0,11.0,0.6
2023-04-10 20:50:00+00:00,5.0,50.0,11.0,0.6
2023-04-10 21:00:00+00:00,5.0,50.0,11.1,0.6
2023-04-10 21:10:00+00:00,5.0,50.0,11.1,0.6
2023-04-10 21:20:00+00:00,5.0,50.0,11.1,0.6
2023-04-10 21:30:00+00:00,5.0,50.0,11.1,0.6
2023-04-10 21:40:00+00:00,5.0,50.0,11.1,0.4
2023-04-10 21:50:00+00:00,4.5,50.0,11.1,0.6
2023-04-10 22:00:00+00:00,4.5,50.0,11.1,0.6
2023-04-10 22:10:00+00:00,4.5,50.0,11.1,0.6
2023-04-10 22:20:00+00:00,4.5,50.0,11.1,0.6
2023-04-10 22:30:00+00:00,4.5,50.0,11.1,0.6
2023-04-10 22:40:00+00:00,4.5,50.0,11.1,0.6
2023-04-10 22:50:00+00:00,4.5,50.0,11.1,0.6
2023-04-10 23:00:00+00:00,4.5,50.0,11.1,0.6
2023-04-10 23:10:00+00:00,4.5,50.0,11.1,0.6
2023-04-10 23:20:00+00:00,4.0,49.0,11.1,0.6
2023-04-10 23:30:00+00:00,4.0,49.0,11.1,0.6
2023-04-10 23:40:00+00:00,4.0,50.0,11.1,0.6
2023-04-10 23:50:00+00:00,4.0,49.0,11.1,0.6
2023-04-11 00:00:00+00:00,4.0,50.0,11.1,0.6
2023-04-11 00:10:00+00:00,4.0,50.0,11.1,0.6
2023-04-11 00:20:00+00:00,4.0,50.0,11.1,0.6
2023-04-11 00:30:00+00:00,4.0,49.0,11.1,0.6
2023-04-11 00:40:00+00:00,4.0,50.0,11.1,0.6
2023-04-11 00:50:00+00:00,4.0,50.0,11.1,0.6
2023-04-11 01:00:00+00:00,4.0,50.0,11.1,0.6
2023-04-11 01:10:00+00:00,4.0,50.0,11.1,0.6
2023-04-11 01:20:00+00:00,4.0,50.0,11.1,0.6
2023-04-11 01:30:00+00:00,4.0,50.0,11.1,0.6
2023-04-11 01:40:00+00:00,4.0,50.0,11.1,0.6
2023-04-11 01:50:00+00:00,4.0,50.0,11.1,0.6
2023-04-11 02:00:00+00:00,4.0,50.0,11.1,0.6
2023-04-11 02:10:00+00:00,4.0,50.0,11.1,0.6
2023-04-11 02:20:00+00:00,4.0,50.0,11.1,0.6
2023-04-11 02:30:00+00:00,4.0476190476190474,50.23809523809524,11.1,0.7714285714285714
2023-04-11 02:40:00+00:00,4.095238095238095,50.476190476190474,11.1,0.9428571428571428
2023-04-11 02:50:00+00:00,4.142857142857143,50.714285714285715,11.1,1.1142857142857143
2023-04-11 03:00:00+00:00,4.190476190476191,50.95238095238095,11.1,1.2857142857142856
2023-04-11 03:10:00+00:00,4.238095238095238,51.19047619047619,11.1,1.4571428571428573
2023-04-11 03:20:00+00:00,4.285714285714286,51.42857142857143,11.1,1.6285714285714286
2023-04-11 03:30:00+00:00,4.333333333333333,51.666666666666664,11.1,1.7999999999999998
2023-04-11 03:40:00+00:00,4.380952380952381,51.904761904761905,11.1,1.9714285714285715
2023-04-11 03:50:00+00:00,4.428571428571429,52.142857142857146,11.1,2.142857142857143
2023-04-11 04:00:00+00:00,4.476190476190476,52.38095238095238,11.1,2.3142857142857145
2023-04-11 04:10:00+00:00,4.523809523809524,52.61904761904762,11.1,2.4857142857142858
2023-04-11 04:20:00+00:00,4.571428571428571,52.857142857142854,11.1,2.657142857142857
2023-04-11 04:30:00+00:00,4.619047619047619,53.095238095238095,11.1,2.8285714285714287
2023-04-11 04:40:00+00:00,4.666666666666667,53.333333333333336,11.1,3.0
2023-04-11 04:50:00+00:00,4.714285714285714,53.57142857142857,11.1,3.1714285714285717
2023-04-11 05:00:00+00:00,4.761904761904762,53.80952380952381,11.1,3.342857142857143
2023-04-11 05:10:00+00:00,4.809523809523809,54.04761904761905,11.1,3.5142857142857142
2023-04-11 05:20:00+00:00,4.857142857142857,54.285714285714285,11.1,3.685714285714286
2023-04-11 05:30:00+00:00,4.904761904761905,54.523809523809526,11.1,3.857142857142857
2023-04-11 05:40:00+00:00,4.9523809523809526,54.76190476190476,11.1,4.0285714285714285
2023-04-11 05:50:00+00:00,5.0,55.0,11.1,4.2
2023-04-11 06:00:00+00:00,5.0,54.0,11.1,4.2
2023-04-11 06:10:00+00:00,5.0,53.0,11.1,4.2
2023-04-11 06:20:00+00:00,5.5,53.0,11.1,4.2
2023-04-11 06:30:00+00:00,5.5,53.0,11.1,4.2
2023-04-11 06:40:00+00:00,5.5,53.0,11.1,4.2
2023-04-11 06:50:00+00:00,6.0,53.0,11.2,4.2
2023-04-11 07:00:00+00:00,6.0,54.0,11.2,4.2
2023-04-11 07:10:00+00:00,6.5,55.0,11.2,4.2
2023-04-11 07:20:00+00:00,6.5,55.0,11.2,4.2
2023-04-11 07:30:00+00:00,7.0,56.0,11.2,4.2
2023-04-11 07:40:00+00:00,7.0,56.0,11.2,4.2
2023-04-11 07:50:00+00:00,7.5,57.0,11.3,4.2
2023-04-11 08:00:00+00:00,7.5,57.0,11.2,4.2
2023-04-11 08:10:00+00:00,8.0,58.0,11.2,4.2
2023-04-11 08:20:00+00:00,8.5,58.0,11.3,4.2
2023-04-11 08:30:00+00:00,8.5,58.0,11.2,4.2
2023-04-11 08:40:00+00:00,9.0,58.0,11.1,4.2
2023-04-11 08:50:00+00:00,9.0,58.0,11.0,4.2
2023-04-11 09:00:00+00:00,9.5,58.0,11.1,4.2
2023-04-11 09:10:00+00:00,10.0,58.0,11.3,4.2
2023-04-11 09:20:00+00:00,10.5,57.0,11.4,4.2
2023-04-11 09:30:00+00:00,11.0,58.0,11.3,4.2
2023-04-11 09:40:00+00:00,11.5,57.0,11.4,4.2
2023-04-11 09:50:00+00:00,11.5,59.0,11.4,4.2
2023-04-11 10:00:00+00:00,11.5,59.0,11.4,4.2
2023-04-11 10:10:00+00:00,12.0,59.0,11.4,4.2
2023-04-11 10:20:00+00:00,12.0,57.0,11.4,4.2
2023-04-11 10:30:00+00:00,12.0,58.0,11.3,4.2
2023-04-11 10:40:00+00:00,12.0,57.0,11.0,4.2
2023-04-11 10:50:00+00:00,12.0,57.0,11.3,4.2
2023-04-11 11:00:00+00:00,12.0,58.0,11.3,4.2
2023-04-11 11:10:00+00:00,11.5,58.0,11.3,4.2
2023-04-11 11:20:00+00:00,11.5,57.0,11.3,4.2
2023-04-11 11:30:00+00:00,11.5,57.0,11.3,4.2
2023-04-11 11:40:00+00:00,11.5,57.0,11.3,4.2
2023-04-11 11:50:00+00:00,11.5,56.0,11.3,4.2
2023-04-11 12:00:00+00:00,11.5,56.0,11.3,4.2
2023-04-11 12:10:00+00:00,11.5,56.0,11.3,4.2
2023-04-11 12:20:00+00:00,11.5,56.0,11.3,4.2
2023-04-11 12:30:00+00:00,11.5,56.0,11.3,4.2
2023-04-11 12:40:00+00:00,11.5,56.0,11.3,4.2
2023-04-11 12:50:00+00:00,11.5,55.0,11.3,4.2
2023-04-11 13:00:00+00:00,11.5,55.0,11.3,4.2
2023-04-11 13:10:00+00:00,11.5,56.0,11.3,4.2
2023-04-11 13:20:00+00:00,11.5,55.0,11.3,4.2
2023-04-11 13:30:00+00:00,11.5,55.0,11.3,4.2
2023-04-11 13:40:00+00:00,11.0,55.0,11.3,4.2
2023-04-11 13:50:00+00:00,11.0,55.0,11.3,4.2
2023-04-11 14:00:00+00:00,11.0,54.0,11.3,4.2
2023-04-11 14:10:00+00:00,11.0,55.0,11.3,4.2
2023-04-11 14:20:00+00:00,11.0,55.0,11.3,4.2
2023-04-11 14:30:00+00:00,11.0,54.0,11.3,4.2
2023-04-11 14:40:00+00:00,11.0,54.0,11.3,4.2
2023-04-11 14:50:00+00:00,11.0,54.0,11.3,4.2
2023-04-11 15:00:00+00:00,11.0,54.0,11.3,4.2
2023-04-11 15:10:00+00:00,10.5,54.0,11.3,4.2
2023-04-11 15:20:00+00:00,10.5,54.0,11.3,4.2
2023-04-11 15:30:00+00:00,10.5,53.0,11.3,4.2
2023-04-11 15:40:00+00:00,10.5,53.0,11.3,4.2
2023-04-11 15:50:00+00:00,10.5,53.0,11.3,4.2
2023-04-11 16:00:00+00:00,10.5,52.0,11.3,4.2
2023-04-11 16:10:00+00:00,10.5,53.0,11.3,4.2
2023-04-11 16:20:00+00:00,10.5,53.0,11.2,3.5
2023-04-11 16:30:00+00:00,10.0,53.0,11.2,4.2
2023-04-11 16:40:00+00:00,10.0,52.0,11.2,3.5
2023-04-11 16:50:00+00:00,10.0,52.0,11.2,3.5
2023-04-11 17:00:00+00:00,9.5,52.0,11.2,3.5
2023-04-11 17:10:00+00:00,9.5,51.0,11.1,3.4
2023-04-11 17:20:00+00:00,9.5,51.0,11.1,2.6
2023-04-11 17:30:00+00:00,9.0,51.0,11.1,2.4
2023-04-11 17:40:00+00:00,9.0,51.0,11.1,1.8
2023-04-11 17:50:00+00:00,9.0,51.0,11.1,1.1
2023-04-11 18:00:00+00:00,9.0,51.0,11.1,0.9
2023-04-11 18:10:00+00:00,9.0,51.0,11.0,0.6
2023-04-11 18:20:00+00:00,9.0,50.0,11.0,0.6
2023-04-11 18:30:00+00:00,8.5,51.0,10.8,0.6
2023-04-11 18:40:00+00:00,8.5,51.0,10.7,0.6
2023-04-11 18:50:00+00:00,8.5,50.0,10.6,0.6
2023-04-11 19:00:00+00:00,8.5,50.0,10.6,0.6
2023-04-11 19:10:00+00:00,8.48939393939394,50.196969696969695,10.59090909090909,0.6545454545454545
2023-04-11 19:20:00+00:00,8.478787878787879,50.39393939393939,10.581818181818182,0.7090909090909091
2023-04-11 19:30:00+00:00,8.468181818181819,50.59090909090909,10.572727272727272,0.7636363636363637
2023-04-11 19:40:00+00:00,8.457575757575757,50.78787878787879,10.563636363636363,0.8181818181818181
2023-04-11 19:50:00+00:00,8.446969696969697,50.984848484848484,10.554545454545455,0.8727272727272728
2023-04-11 20:00:00+00:00,8.436363636363636,51.18181818181818,10.545454545454545,0.9272727272727272
2023-04-11 20:10:00+00:00,8.425757575757576,51.378787878787875,10.536363636363635,0.9818181818181818
2023-04-11 20:20:00+00:00,8.415151515151516,51.57575757575758,10.527272727272727,1.0363636363636364
2023-04-11 20:30:00+00:00,8.404545454545454,51.77272727272727,10.518181818181818,1.0909090909090908
2023-04-11 20:40:00+00:00,8.393939393939394,51.96969696969697,10.509090909090908,1.1454545454545455
2023-04-11 20:50:00+00:00,8.383333333333333,52.166666666666664,10.5,1.2000000000000002
2023-04-11 21:00:00+00:00,8.372727272727273,52.36363636363636,10.49090909090909,1.2545454545454544
2023-04-11 21:10:00+00:00,8.362121212121211,52.56060606060606,10.481818181818182,1.309090909090909
2023-04-11 21:20:00+00:00,8.351515151515152,52.75757575757576,10.472727272727273,1.3636363636363638
2023-04-11 21:30:00+00:00,8.340909090909092,52.95454545454545,10.463636363636363,1.4181818181818182
2023-04-11 21:40:00+00:00,8.33030303030303,53.15151515151515,10.454545454545455,1.4727272727272727
2023-04-11 21:50:00+00:00,8.31969696969697,53.34848484848485,10.445454545454545,1.5272727272727273
2023-04-11 22:00:00+00:00,8.309090909090909,53.54545454545455,10.436363636363636,1.581818181818182
2023-04-11 22:10:00+00:00,8.298484848484849,53.74242424242424,10.427272727272728,1.6363636363636362
2023-04-11 22:20:00+00:00,8.287878787878787,53.93939393939394,10.418181818181818,1.690909090909091
2023-04-11 22:30:00+00:00,8.277272727272727,54.13636363636363,10.409090909090908,1.7454545454545456
2023-04-11 22:40:00+00:00,8.266666666666666,54.333333333333336,10.4,1.8000000000000003
2023-04-11 22:50:00+00:00,8.256060606060606,54.53030303030303,10.39090909090909,1.8545454545454545
2023-04-11 23:00:00+00:00,8.245454545454546,54.72727272727273,10.381818181818181,1.9090909090909092
2023-04-11 23:10:00+00:00,,,,
2023-04-11 23:20:00+00:00,,,,
2023-04-11 23:30:00+00:00,,,,
2023-04-11 23:40:00+00:00,,,,
2023-04-11 23:50:00+00:00,,,,
2023-04-12 00:00:00+00:00,,,,
2023-04-12 00:10:00+00:00,,,,
2023-04-12 00:20:00+00:00,,,,
2023-04-12 00:30:00+00:00,,,,
2023-04-12 00:40:00+00:00,,,,
2023-04-12 00:50:00+00:00,,,,
2023-04-12 01:00:00+00:00,,,,
2023-04-12 01:10:00+00:00,,,,
2023-04-12 01:20:00+00:00,,,,
2023-04-12 01:30:00+00:00,,,,
2023-04-12 01:40:00+00:00,,,,
2023-04-12 01:50:00+00:00,,,,
2023-04-12 02:00:00+00:00,,,,
2023-04-12 02:10:00+00:00,,,,
2023-04-12 02:20:00+00:00,,,,
2023-04-12 02:30:00+00:00,,,,
2023-04-12 02:40:00+00:00,,,,
2023-04-12 02:50:00+00:00,,,,
2023-04-12 03:00:00+00:00,,,,
2023-04-12 03:10:00+00:00,,,,
2023-04-12 03:20:00+00:00,,,,
2023-04-12 03:30:00+00:00,,,,
2023-04-12 03:40:00+00:00,,,,
2023-04-12 03:50:00+00:00,,,,
2023-04-12 04:00:00+00:00,,,,
2023-04-12 04:10:00+00:00,,,,
2023-04-12 04:20:00+00:00,,,,
2023-04-12 04:30:00+00:00,,,,
2023-04-12 04:40:00+00:00,,,,
2023-04-12 04:50:00+00:00,,,,
2023-04-12 05:00:00+00:00,,,,
2023-04-12 05:10:00+00:00,,,,
2023-04-12 05:20:00+00:00,,,,
2023-04-12 05:30:00+00:00,,,,
2023-04-12 05:40:00+00:00,,,,
2023-04-12 05:50:00+00:00,,,,
2023-04-12 06:00:00+00:00,7.8,63.0,10.0,4.2
2023-04-12 06:10:00+00:00,7.6,62.0,10.0,4.2
2023-04-12 06:20:00+00:00,7.6,62.0,10.1,4.2
2023-04-12 06:30:00+00:00,7.7,61.0,10.1,4.2
2023-04-12 06:40:00+00:00,7.8,61.0,10.1,4.2
2023-04-12 06:50:00+00:00,7.9,61.0,10.1,4.2
2023-04-12 07:00:00+00:00,8.0,61.0,10.1,4.2
2023-04-12 07:10:00+00:00,8.1,61.0,10.1,4.2
2023-04-12 07:20:00+00:00,8.3,61.0,10.1,4.2
2023-04-12 07:30:00+00:00,8.428571428571429,61.142857142857146,10.1,4.2
2023-04-12 07:40:00+00:00,8.557142857142857,61.285714285714285,10.1,4.2
2023-04-12 07:50:00+00:00,8.685714285714285,61.42857142857143,10.1,4.2
2023-04-12 08:00:00+00:00,8.814285714285715,61.57142857142857,10.1,4.2
2023-04-12 08:10:00+00:00,8.942857142857143,61.714285714285715,10.1,4.2
2023-04-12 08:20:00+00:00,9.071428571428571,61.857142857142854,10.1,4.2
2023-04-12 08:30:00+00:00,9.2,62.0,10.1,4.2
2023-04-12 08:40:00+00:00,9.174999999999999,62.25,10.1,4.2
2023-04-12 08:50:00+00:00,9.149999999999999,62.5,10.1,4.2
2023-04-12 09:00:00+00:00,9.125,62.75,10.1,4.2
2023-04-12 09:10:00+00:00,9.1,63.0,10.1,4.2
2023-04-12 09:20:00+00:00,9.077952755905512,63.00787401574803,10.096850393700787,4.2
2023-04-12 09:30:00+00:00,9.055905511811023,63.01574803149607,10.093700787401575,4.2
2023-04-12 09:40:00+00:00,9.033858267716536,63.023622047244096,10.090551181102361,4.2
2023-04-12 09:50:00+00:00,9.011811023622046,63.031496062992126,10.087401574803149,4.2
2023-04-12 10:00:00+00:00,8.989763779527559,63.039370078740156,10.084251968503937,4.2
2023-04-12 10:10:00+00:00,8.96771653543307,63.04724409448819,10.081102362204724,4.2
2023-04-12 10:20:00+00:00,8.945669291338582,63.05511811023622,10.077952755905512,4.2
2023-04-12 10:30:00+00:00,8.923622047244095,63.06299212598425,10.074803149606298,4.2
2023-04-12 10:40:00+00:00,8.901574803149606,63.07086614173228,10.071653543307086,4.2
2023-04-12 10:50:00+00:00,8.879527559055118,63.07874015748032,10.068503937007874,4.2
2023-04-12 11:00:00+00:00,8.857480314960629,63.08661417322835,10.065354330708661,4.2
2023-04-12 11:10:00+00:00,8.835433070866141,63.09448818897638,10.06220472440945,4.2
2023-04-12 11:20:00+00:00,8.813385826771654,63.10236220472441,10.059055118110235,4.2
2023-04-12 11:30:00+00:00,8.791338582677165,63.110236220472444,10.055905511811023,4.2
2023-04-12 11:40:00+00:00,8.769291338582677,63.118110236220474,10.05275590551181,4.2
2023-04-12 11:50:00+00:00,8.747244094488188,63.125984251968504,10.049606299212599,4.2
2023-04-12 12:00:00+00:00,8.7251968503937,63.13385826771653,10.046456692913386,4.2
2023-04-12 12:10:00+00:00,8.703149606299212,63.14173228346457,10.043307086614172,4.2
2023-04-12 12:20:00+00:00,8.681102362204724,63.1496062992126,10.04015748031496,4.2
2023-04-12 12:30:00+00:00,8.659055118110237,63.15748031496063,10.037007874015748,4.2
2023-04-12 12:40:00+00:00,8.637007874015747,63.16535433070866,10.033858267716536,4.2
2023-04-12 12:50:00+00:00,8.61496062992126,63.173228346456696,10.030708661417322,4.2
2023-04-12 13:00:00+00:00,8.59291338582677,63.181102362204726,10.02755905511811,4.2
2023-04-12 13:10:00+00:00,8.570866141732283,63.188976377952756,10.024409448818897,4.2
2023-04-12 13:20:00+00:00,,,,
2023-04-12 13:30:00+00:00,,,,
2023-04-12 13:40:00+00:00,,,,
2023-04-12 13:50:00+00:00,,,,
2023-04-12 14:00:00+00:00,,,,
2023-04-12 14:10:00+00:00,,,,
2023-04-12 14:20:00+00:00,,,,
2023-04-12 14:30:00+00:00,,,,
2023-04-12 14:40:00+00:00,,,,
2023-04-12 14:50:00+00:00,,,,
2023-04-12 15:00:00+00:00,,,,
2023-04-12 15:10:00+00:00,,,,
2023-04-12 15:20:00+00:00,,,,
2023-04-12 15:30:00+00:00,,,,
2023-04-12 15:40:00+00:00,,,,
2023-04-12 15:50:00+00:00,,,,
2023-04-12 16:00:00+00:00,,,,
2023-04-12 16:10:00+00:00,,,,
2023-04-12 16:20:00+00:00,,,,
2023-04-12 16:30:00+00:00,,,,
2023-04-12 16:40:00+00:00,,,,
2023-04-12 16:50:00+00:00,,,,
2023-04-12 17:00:00+00:00,,,,
2023-04-12 17:10:00+00:00,,,,
2023-04-12 17:20:00+00:00,,,,
2023-04-12 17:30:00+00:00,,,,
2023-04-12 17:40:00+00:00,,,,
2023-04-12 17:50:00+00:00,,,,
2023-04-12 18:00:00+00:00,,,,
2023-04-12 18:10:00+00:00,,,,
2023-04-12 18:20:00+00:00,,,,
2023-04-12 18:30:00+00:00,,,,
2023-04-12 18:40:00+00:00,,,,
2023-04-12 18:50:00+00:00,,,,
2023-04-12 19:00:00+00:00,,,,
2023-04-12 19:10:00+00:00,,,,
2023-04-12 19:20:00+00:00,,,,
2023-04-12 19:30:00+00:00,,,,
2023-04-12 19:40:00+00:00,,,,
2023-04-12 19:50:00+00:00,,,,
2023-04-12 20:00:00+00:00,,,,
2023-04-12 20:10:00+00:00,,,,
2023-04-12 20:20:00+00:00,,,,
2023-04-12 20:30:00+00:00,,,,
2023-04-12 20:40:00+00:00,,,,
2023-04-12 20:50:00+00:00,,,,
2023-04-12 21:00:00+00:00,,,,
2023-04-12 21:10:00+00:00,,,,
2023-04-12 21:20:00+00:00,,,,
2023-04-12 21:30:00+00:00,,,,
2023-04-12 21:40:00+00:00,,,,
2023-04-12 21:50:00+00:00,,,,
2023-04-12 22:00:00+00:00,,,,
2023-04-12 22:10:00+00:00,,,,
2023-04-12 22:20:00+00:00,,,,
2023-04-12 22:30:00+00:00,,,,
2023-04-12 22:40:00+00:00,,,,
2023-04-12 22:50:00+00:00,,,,
2023-04-12 23:00:00+00:00,,,,
2023-04-12 23:10:00+00:00,,,,
2023-04-12 23:20:00+00:00,,,,
2023-04-12 23:30:00+00:00,,,,
2023-04-12 23:40:00+00:00,,,,
2023-04-12 23:50:00+00:00,,,,
2023-04-13 00:00:00+00:00,,,,
2023-04-13 00:10:00+00:00,,,,
2023-04-13 00:20:00+00:00,,,,
2023-04-13 00:30:00+00:00,,,,
2023-04-13 00:40:00+00:00,,,,
2023-04-13 00:50:00+00:00,,,,
2023-04-13 01:00:00+00:00,,,,
2023-04-13 01:10:00+00:00,,,,
2023-04-13 01:20:00+00:00,,,,
2023-04-13 01:30:00+00:00,,,,
2023-04-13 01:40:00+00:00,,,,
2023-04-13 01:50:00+00:00,,,,
2023-04-13 02:00:00+00:00,,,,
2023-04-13 02:10:00+00:00,,,,
2023-04-13 02:20:00+00:00,,,,
2023-04-13 02:30:00+00:00,,,,
2023-04-13 02:40:00+00:00,,,,
2023-04-13 02:50:00+00:00,,,,
2023-04-13 03:00:00+00:00,,,,
2023-04-13 03:10:00+00:00,,,,
2023-04-13 03:20:00+00:00,,,,
2023-04-13 03:30:00+00:00,,,,
2023-04-13 03:40:00+00:00,,,,
2023-04-13 03:50:00+00:00,,,,
2023-04-13 04:00:00+00:00,,,,
2023-04-13 04:10:00+00:00,,,,
2023-04-13 04:20:00+00:00,,,,
2023-04-13 04:30:00+00:00,,,,
2023-04-13 04:40:00+00:00,,,,
2023-04-13 04:50:00+00:00,,,,
2023-04-13 05:00:00+00:00,,,,
2023-04-13 05:10:00+00:00,,,,
2023-04-13 05:20:00+00:00,,,,
2023-04-13 05:30:00+00:00,,,,
2023-04-13 05:40:00+00:00,,,,
2023-04-13 05:50:00+00:00,,,,
2023-04-13 06:00:00+00:00,,,,
2023-04-13 06:10:00+00:00,,,,
2023-04-13 06:20:00+00:00,6.3,64.0,9.7,4.2
2023-04-13 06:30:00+00:00,6.3,63.0,9.7,4.2
2023-04-13 06:40:00+00:00,6.317006802721088,63.0,9.701360544217687,4.2
2023-04-13 06:50:00+00:00,6.334013605442177,63.0,9.702721088435373,4.2
2023-04-13 07:00:00+00:00,6.351020408163265,63.0,9.704081632653061,4.2
2023-04-13 07:10:00+00:00,6.368027210884353,63.0,9.705442176870747,4.2
2023-04-13 07:20:00+00:00,6.385034013605442,63.0,9.706802721088435,4.2
2023-04-13 07:30:00+00:00,6.40204081632653,63.0,9.708163265306121,4.2
2023-04-13 07:40:00+00:00,6.419047619047619,63.0,9.709523809523809,4.2
2023-04-13 07:50:00+00:00,6.4360544217687075,63.0,9.710884353741497,4.2
2023-04-13 08:00:00+00:00,6.453061224489796,63.0,9.712244897959183,4.2
2023-04-13 08:10:00+00:00,6.470068027210885,63.0,9.71360544217687,4.2
2023-04-13 08:20:00+00:00,6.487074829931973,63.0,9.714965986394557,4.2
2023-04-13 08:30:00+00:00,6.504081632653061,63.0,9.716326530612244,4.2
2023-04-13 08:40:00+00:00,6.52108843537415,63.0,9.717687074829932,4.2
2023-04-13 08:50:00+00:00,6.538095238095238,63.0,9.719047619047618,4.2
2023-04-13 09:00:00+00:00,6.555102040816326,63.0,9.720408163265306,4.2
2023-04-13 09:10:00+00:00,6.572108843537415,63.0,9.721768707482992,4.2
2023-04-13 09:20:00+00:00,6.589115646258503,63.0,9.72312925170068,4.2
2023-04-13 09:30:00+00:00,6.606122448979592,63.0,9.724489795918366,4.2
2023-04-13 09:40:00+00:00,6.62312925170068,63.0,9.725850340136054,4.2
2023-04-13 09:50:00+00:00,6.6401360544217685,63.0,9.727210884353742,4.2
2023-04-13 10:00:00+00:00,6.6571428571428575,63.0,9.728571428571428,4.2
2023-04-13 10:10:00+00:00,6.674149659863946,63.0,9.729931972789116,4.2
2023-04-13 10:20:00+00:00,6.691156462585034,63.0,9.731292517006802,4.2
2023-04-13 10:30:00+00:00,6.708163265306123,63.0,9.73265306122449,4.2
2023-04-13 10:40:00+00:00,,,,
2023-04-13 10:50:00+00:00,,,,
2023-04-13 11:00:00+00:00,,,,
2023-04-13 11:10:00+00:00,,,,
2023-04-13 11:20:00+00:00,,,,
2023-04-13 11:30:00+00:00,,,,
2023-04-13 11:40:00+00:00,,,,
2023-04-13 11:50:00+00:00,,,,
2023-04-13 12:00:00+00:00,,,,
2023-04-13 12:10:00+00:00,,,,
2023-04-13 12:20:00+00:00,,,,
2023-04-13 12:30:00+00:00,,,,
2023-04-13 12:40:00+00:00,,,,
2023-04-13 12:50:00+00:00,,,,
2023-04-13 13:00:00+00:00,,,,
2023-04-13 13:10:00+00:00,,,,
2023-04-13 13:20:00+00:00,,,,
2023-04-13 13:30:00+00:00,,,,
2023-04-13 13:40:00+00:00,,,,
2023-04-13 13:50:00+00:00,,,,
2023-04-13 14:00:00+00:00,,,,
2023-04-13 14:10:00+00:00,,,,
2023-04-13 14:20:00+00:00,,,,
2023-04-13 14:30:00+00:00,,,,
2023-04-13 14:40:00+00:00,,,,
2023-04-13 14:50:00+00:00,,,,
2023-04-13 15:00:00+00:00,,,,
2023-04-13 15:10:00+00:00,,,,
2023-04-13 15:20:00+00:00,,,,
2023-04-13 15:30:00+00:00,,,,
2023-04-13 15:40:00+00:00,,,,
2023-04-13 15:50:00+00:00,,,,
2023-04-13 16:00:00+00:00,,,,
2023-04-13 16:10:00+00:00,,,,
2023-04-13 16:20:00+00:00,,,,
2023-04-13 16:30:00+00:00,,,,
2023-04-13 16:40:00+00:00,,,,
2023-04-13 16:50:00+00:00,,,,
2023-04-13 17:00:00+00:00,,,,
2023-04-13 17:10:00+00:00,,,,
2023-04-13 17:20:00+00:00,,,,
2023-04-13 17:30:00+00:00,,,,
2023-04-13 17:40:00+00:00,,,,
2023-04-13 17:50:00+00:00,,,,
2023-04-13 18:00:00+00:00,,,,
2023-04-13 18:10:00+00:00,,,,
2023-04-13 18:20:00+00:00,,,,
2023-04-13 18:30:00+00:00,,,,
2023-04-13 18:40:00+00:00,,,,
2023-04-13 18:50:00+00:00,,,,
2023-04-13 19:00:00+00:00,,,,
2023-04-13 19:10:00+00:00,,,,
2023-04-13 19:20:00+00:00,,,,
2023-04-13 19:30:00+00:00,,,,
2023-04-13 19:40:00+00:00,,,,
2023-04-13 19:50:00+00:00,,,,
2023-04-13 20:00:00+00:00,,,,
2023-04-13 20:10:00+00:00,,,,
2023-04-13 20:20:00+00:00,,,,
2023-04-13 20:30:00+00:00,,,,
2023-04-13 20:40:00+00:00,,,,
2023-04-13 20:50:00+00:00,,,,
2023-04-13 21:00:00+00:00,,,,
2023-04-13 21:10:00+00:00,,,,
2023-04-13 21:20:00+00:00,,,,
2023-04-13 21:30:00+00:00,,,,
2023-04-13 21:40:00+00:00,,,,
2023-04-13 21:50:00+00:00,,,,
2023-04-13 22:00:00+00:00,,,,
2023-04-13 22:10:00+00:00,,,,
2023-04-13 22:20:00+00:00,,,,
2023-04-13 22:30:00+00:00,,,,
2023-04-13 22:40:00+00:00,,,,
2023-04-13 22:50:00+00:00,,,,
2023-04-13 23:00:00+00:00,,,,
2023-04-13 23:10:00+00:00,,,,
2023-04-13 23:20:00+00:00,,,,
2023-04-13 23:30:00+00:00,,,,
2023-04-13 23:40:00+00:00,,,,
2023-04-13 23:50:00+00:00,,,,
2023-04-14 00:00:00+00:00,,,,
2023-04-14 00:10:00+00:00,,,,
2023-04-14 00:20:00+00:00,,,,
2023-04-14 00:30:00+00:00,,,,
2023-04-14 00:40:00+00:00,,,,
2023-04-14 00:50:00+00:00,,,,
2023-04-14 01:00:00+00:00,,,,
2023-04-14 01:10:00+00:00,,,,
2023-04-14 01:20:00+00:00,,,,
2023-04-14 01:30:00+00:00,,,,
2023-04-14 01:40:00+00:00,,,,
2023-04-14 01:50:00+00:00,,,,
2023-04-14 02:00:00+00:00,,,,
2023-04-14 02:10:00+00:00,,,,
2023-04-14 02:20:00+00:00,,,,
2023-04-14 02:30:00+00:00,,,,
2023-04-14 02:40:00+00:00,,,,
2023-04-14 02:50:00+00:00,,,,
2023-04-14 03:00:00+00:00,,,,
2023-04-14 03:10:00+00:00,,,,
2023-04-14 03:20:00+00:00,,,,
2023-04-14 03:30:00+00:00,,,,
2023-04-14 03:40:00+00:00,,,,
2023-04-14 03:50:00+00:00,,,,
2023-04-14 04:00:00+00:00,,,,
2023-04-14 04:10:00+00:00,,,,
2023-04-14 04:20:00+00:00,,,,
2023-04-14 04:30:00+00:00,,,,
2023-04-14 04:40:00+00:00,,,,
2023-04-14 04:50:00+00:00,,,,
2023-04-14 05:00:00+00:00,,,,
2023-04-14 05:10:00+00:00,,,,
2023-04-14 05:20:00+00:00,,,,
2023-04-14 05:30:00+00:00,,,,
2023-04-14 05:40:00+00:00,,,,
2023-04-14 05:50:00+00:00,,,,
2023-04-14 06:00:00+00:00,,,,
2023-04-14 06:10:00+00:00,,,,
2023-04-14 06:20:00+00:00,,,,
2023-04-14 06:30:00+00:00,,,,
2023-04-14 06:40:00+00:00,,,,
2023-04-14 06:50:00+00:00,,,,
2023-04-14 07:00:00+00:00,8.8,63.0,9.9,4.2
2023-04-14 07:10:00+00:00,8.8,62.0,9.9,4.2
2023-04-14 07:20:00+00:00,9.1,62.0,9.9,4.2
2023-04-14 07:30:00+00:00,9.4,62.0,9.9,4.2
2023-04-14 07:40:00+00:00,9.6,63.0,9.9,4.2
2023-04-14 07:50:00+00:00,9.8,64.0,9.9,4.2
2023-04-14 08:00:00+00:00,10.1,65.0,9.9,4.2
2023-04-14 08:10:00+00:00,10.5,66.0,9.9,4.2
2023-04-14 08:20:00+00:00,10.9,66.0,9.9,4.2
2023-04-14 08:30:00+00:00,11.3,66.0,9.9,4.2
2023-04-14 08:40:00+00:00,11.7,66.0,9.9,4.2
2023-04-14 08:50:00+00:00,12.1,65.0,9.9,4.2
2023-04-14 09:00:00+00:00,12.5,66.0,9.9,4.2
2023-04-14 09:10:00+00:00,12.6,65.0,9.9,4.2
2023-04-14 09:20:00+00:00,12.5,64.0,9.9,4.2
2023-04-14 09:30:00+00:00,12.7,64.0,9.9,4.2
2023-04-14 09:40:00+00:00,13.0,64.0,9.9,4.2
2023-04-14 09:50:00+00:00,13.3,64.0,9.9,4.2
2023-04-14 10:00:00+00:00,13.8,63.0,9.9,4.2
2023-04-14 10:10:00+00:00,14.0,63.0,9.9,4.2
2023-04-14 10:20:00+00:00,13.8,64.0,9.9,4.2
2023-04-14 10:30:00+00:00,13.8,62.0,9.9,4.2
2023-04-14 10:40:00+00:00,13.6,63.0,9.9,4.2
2023-04-14 10:50:00+00:00,13.4,62.0,9.9,4.2
2023-04-14 11:00:00+00:00,13.1,61.0,9.9,4.2
2023-04-14 11:10:00+00:00,13.0,61.0,9.9,4.2
2023-04-14 11:20:00+00:00,12.8,62.0,9.9,4.2
2023-04-14 11:30:00+00:00,12.7,62.0,9.9,4.2
2023-04-14 11:40:00+00:00,12.6,62.0,9.9,4.2
2023-04-14 11:50:00+00:00,12.6,61.0,9.9,4.2
2023-04-14 12:00:00+00:00,12.5,61.0,9.9,4.2
2023-04-14 12:10:00+00:00,12.5,62.0,9.9,4.2
2023-04-14 12:20:00+00:00,12.5,61.0,9.8,4.2
2023-04-14 12:30:00+00:00,12.5,61.0,9.8,4.2
2023-04-14 12:40:00+00:00,12.4,61.0,9.7,4.2
2023-04-14 12:50:00+00:00,12.4,61.0,9.7,4.2
2023-04-14 13:00:00+00:00,12.4,60.0,9.7,4.2
2023-04-14 13:10:00+00:00,12.4,61.0,9.7,4.2
2023-04-14 13:20:00+00:00,12.3,61.0,9.8,4.2
2023-04-14 13:30:00+00:00,12.3,60.0,9.8,4.2
2023-04-14 13:40:00+00:00,12.2,60.0,9.8,4.2
2023-04-14 13:50:00+00:00,12.1,60.0,9.8,4.2
2023-04-14 14:00:00+00:00,12.1,60.0,9.8,4.2
2023-04-14 14:10:00+00:00,12.1,60.0,9.7,4.2
2023-04-14 14:20:00+00:00,12.1,60.0,9.5,4.2
2023-04-14 14:30:00+00:00,12.0,60.0,9.5,4.2
2023-04-14 14:40:00+00:00,12.0,60.0,9.5,4.2
2023-04-14 14:50:00+00:00,11.9,60.0,9.7,4.2
2023-04-14 15:00:00+00:00,11.8,60.0,9.6,4.2
2023-04-14 15:10:00+00:00,11.8,60.0,9.6,4.2
2023-04-14 15:20:00+00:00,11.6,60.0,9.6,4.2
2023-04-14 15:30:00+00:00,11.6,60.0,9.6,4.2
2023-04-14 15:40:00+00:00,11.6,60.0,9.7,4.2
2023-04-14 15:50:00+00:00,11.6,60.0,9.6,4.2
2023-04-14 16:00:00+00:00,11.5,60.0,9.6,4.2
2023-04-14 16:10:00+00:00,11.5,60.0,9.6,4.2
2023-04-14 16:20:00+00:00,11.5,60.0,9.6,4.2
2023-04-14 16:30:00+00:00,11.4,60.0,9.6,4.2
2023-04-14 16:40:00+00:00,11.4,60.0,9.6,4.2
2023-04-14 16:50:00+00:00,11.3,60.0,9.6,3.9
2023-04-14 17:00:00+00:00,11.2,59.0,9.6,3.5
2023-04-14 17:10:00+00:00,11.1,59.0,9.6,3.5
2023-04-14 17:20:00+00:00,11.1,59.0,9.6,3.5
2023-04-14 17:30:00+00:00,11.0,59.0,9.6,3.5
2023-04-14 17:40:00+00:00,11.0,59.0,9.6,3.4
2023-04-14 17:50:00+00:00,11.0,59.0,9.6,2.9
2023-04-14 18:00:00+00:00,10.9,59.0,9.6,2.0
2023-04-14 18:10:00+00:00,10.8,59.0,9.6,1.1
2023-04-14 18:20:00+00:00,10.6,59.0,9.6,0.5
2023-04-14 18:30:00+00:00,10.6,59.0,9.6,0.6
2023-04-14 18:40:00+00:00,10.5,59.0,9.6,0.6
2023-04-14 18:50:00+00:00,10.3,59.0,9.6,0.6
2023-04-14 19:00:00+00:00,10.3,59.0,9.6,0.6
2023-04-14 19:10:00+00:00,10.2,59.0,9.6,0.6
2023-04-14 19:20:00+00:00,10.1,59.0,9.6,0.6
2023-04-14 19:30:00+00:00,10.1,59.0,9.6,0.6
2023-04-14 19:40:00+00:00,10.1,59.0,9.6,0.4
2023-04-14 19:50:00+00:00,10.1,59.0,9.6,0.6
2023-04-14 20:00:00+00:00,10.1,59.0,9.6,0.6
2023-04-14 20:10:00+00:00,10.1,59.0,9.6,0.6
2023-04-14 20:20:00+00:00,10.0,59.0,9.6,0.6
2023-04-14 20:30:00+00:00,9.8,59.0,9.6,0.6
2023-04-14 20:40:00+00:00,9.8,59.0,9.6,0.6
2023-04-14 20:50:00+00:00,9.8,58.0,9.6,0.6
2023-04-14 21:00:00+00:00,9.6,58.0,9.6,0.6
2023-04-14 21:10:00+00:00,9.6,58.0,9.6,0.4
2023-04-14 21:20:00+00:00,9.596969696969696,58.10606060606061,9.595454545454546,0.4575757575757576
2023-04-14 21:30:00+00:00,9.593939393939394,58.21212121212121,9.59090909090909,0.5151515151515151
2023-04-14 21:40:00+00:00,9.59090909090909,58.31818181818182,9.586363636363636,0.5727272727272728
2023-04-14 21:50:00+00:00,9.587878787878788,58.42424242424242,9.581818181818182,0.6303030303030304
2023-04-14 22:00:00+00:00,9.584848484848484,58.53030303030303,9.577272727272726,0.687878787878788
2023-04-14 22:10:00+00:00,9.581818181818182,58.63636363636363,9.572727272727272,0.7454545454545455
2023-04-14 22:20:00+00:00,9.578787878787878,58.74242424242424,9.568181818181818,0.8030303030303031
2023-04-14 22:30:00+00:00,9.575757575757576,58.84848484848485,9.563636363636363,0.8606060606060606
2023-04-14 22:40:00+00:00,9.572727272727272,58.95454545454545,9.559090909090909,0.9181818181818182
2023-04-14 22:50:00+00:00,9.56969696969697,59.06060606060606,9.554545454545455,0.9757575757575758
2023-04-14 23:00:00+00:00,9.566666666666666,59.166666666666664,9.55,1.0333333333333334
2023-04-14 23:10:00+00:00,9.563636363636363,59.27272727272727,9.545454545454545,1.0909090909090908
2023-04-14 23:20:00+00:00,9.56060606060606,59.378787878787875,9.540909090909091,1.1484848484848484
2023-04-14 23:30:00+00:00,9.557575757575757,59.484848484848484,9.536363636363637,1.206060606060606
2023-04-14 23:40:00+00:00,9.554545454545455,59.59090909090909,9.531818181818181,1.2636363636363637
2023-04-14 23:50:00+00:00,9.55151515151515,59.696969696969695,9.527272727272727,1.3212121212121213
2023-04-15 00:00:00+00:00,9.548484848484849,59.803030303030305,9.522727272727273,1.378787878787879
2023-04-15 00:10:00+00:00,9.545454545454545,59.90909090909091,9.518181818181818,1.4363636363636365
2023-04-15 00:20:00+00:00,9.542424242424243,60.015151515151516,9.513636363636364,1.4939393939393941
2023-04-15 00:30:00+00:00,9.539393939393939,60.121212121212125,9.50909090909091,1.5515151515151517
2023-04-15 00:40:00+00:00,9.536363636363637,60.22727272727273,9.504545454545454,1.6090909090909093
2023-04-15 00:50:00+00:00,9.533333333333333,60.333333333333336,9.5,1.666666666666667
2023-04-15 01:00:00+00:00,9.53030303030303,60.43939393939394,9.495454545454546,1.7242424242424241
2023-04-15 01:10:00+00:00,9.527272727272727,60.54545454545455,9.49090909090909,1.7818181818181817
2023-04-15 01:20:00+00:00,,,,
2023-04-15 01:30:00+00:00,,,,
2023-04-15 01:40:00+00:00,,,,
2023-04-15 01:50:00+00:00,,,,
2023-04-15 02:00:00+00:00,,,,
2023-04-15 02:10:00+00:00,,,,
2023-04-15 02:20:00+00:00,,,,
2023-04-15 02:30:00+00:00,,,,
2023-04-15 02:40:00+00:00,,,,
2023-04-15 02:50:00+00:00,,,,
2023-04-15 03:00:00+00:00,,,,
2023-04-15 03:10:00+00:00,,,,
2023-04-15 03:20:00+00:00,,,,
2023-04-15 03:30:00+00:00,,,,
2023-04-15 03:40:00+00:00,,,,
2023-04-15 03:50:00+00:00,,,,
2023-04-15 04:00:00+00:00,,,,
2023-04-15 04:10:00+00:00,,,,
2023-04-15 04:20:00+00:00,,,,
2023-04-15 04:30:00+00:00,,,,
2023-04-15 04:40:00+00:00,,,,
2023-04-15 04:50:00+00:00,,,,
2023-04-15 05:00:00+00:00,,,,
2023-04-15 05:10:00+00:00,,,,
2023-04-15 05:20:00+00:00,,,,
2023-04-15 05:30:00+00:00,,,,
2023-04-15 05:40:00+00:00,,,,
2023-04-15 05:50:00+00:00,,,,
2023-04-15 06:00:00+00:00,,,,
2023-04-15 06:10:00+00:00,,,,
2023-04-15 06:20:00+00:00,,,,
2023-04-15 06:30:00+00:00,,,,
2023-04-15 06:40:00+00:00,,,,
2023-04-15 06:50:00+00:00,,,,
2023-04-15 07:00:00+00:00,,,,
2023-04-15 07:10:00+00:00,,,,
2023-04-15 07:20:00+00:00,,,,
2023-04-15 07:30:00+00:00,,,,
2023-04-15 07:40:00+00:00,,,,
2023-04-15 07:50:00+00:00,,,,
2023-04-15 08:00:00+00:00,,,,
2023-04-15 08:10:00+00:00,9.4,65.0,9.3,4.2
2023-04-15 08:20:00+00:00,9.3,63.0,9.3,4.2
2023-04-15 08:30:00+00:00,9.4,63.0,9.3,4.2
2023-04-15 08:40:00+00:00,9.5,63.0,9.3,4.2
2023-04-15 08:50:00+00:00,9.8,63.0,9.3,4.2
2023-04-15 09:00:00+00:00,9.8,63.0,9.3,4.2
2023-04-15 09:10:00+00:00,9.9,63.0,9.3,4.2
2023-04-15 09:20:00+00:00,10.0,62.0,9.3,4.2
2023-04-15 09:30:00+00:00,10.1,62.0,9.3,4.2
2023-04-15 09:40:00+00:00,10.1,62.0,9.3,4.2
2023-04-15 09:50:00+00:00,10.1,62.0,9.3,4.2
2023-04-15 10:00:00+00:00,10.125,62.0,9.3,4.2
2023-04-15 10:10:00+00:00,10.15,62.0,9.3,4.2
2023-04-15 10:20:00+00:00,10.175,62.0,9.3,4.2
2023-04-15 10:30:00+00:00,10.2,62.0,9.3,4.2
2023-04-15 10:40:00+00:00,10.225,62.0,9.3,4.2
2023-04-15 10:50:00+00:00,10.25,62.0,9.3,4.2
2023-04-15 11:00:00+00:00,10.275,62.0,9.3,4.2
2023-04-15 11:10:00+00:00,10.3,62.0,9.3,4.2
2023-04-15 11:20:00+00:00,10.325,62.0,9.3,4.2
2023-04-15 11:30:00+00:00,10.35,62.0,9.3,4.2
2023-04-15 11:40:00+00:00,10.375,62.0,9.3,4.2
2023-04-15 11:50:00+00:00,10.4,62.0,9.3,4.2
2023-04-15 12:00:00+00:00,10.381196581196582,62.324786324786324,9.298290598290599,4.2
2023-04-15 12:10:00+00:00,10.362393162393163,62.64957264957265,9.296581196581197,4.2
2023-04-15 12:20:00+00:00,10.343589743589744,62.97435897435898,9.294871794871796,4.2
2023-04-15 12:30:00+00:00,10.324786324786325,63.2991452991453,9.293162393162394,4.2
2023-04-15 12:40:00+00:00,10.305982905982907,63.623931623931625,9.291452991452992,4.2
2023-04-15 12:50:00+00:00,10.287179487179488,63.94871794871795,9.28974358974359,4.2
2023-04-15 13:00:00+00:00,10.26837606837607,64.27350427350427,9.288034188034189,4.2
2023-04-15 13:10:00+00:00,10.24957264957265,64.5982905982906,9.286324786324787,4.2
2023-04-15 13:20:00+00:00,10.230769230769232,64.92307692307692,9.284615384615385,4.2
2023-04-15 13:30:00+00:00,10.211965811965813,65.24786324786325,9.282905982905984,4.2
2023-04-15 13:40:00+00:00,10.193162393162394,65.57264957264957,9.281196581196582,4.2
2023-04-15 13:50:00+00:00,10.174358974358974,65.8974358974359,9.27948717948718,4.2
2023-04-15 14:00:00+00:00,10.155555555555555,66.22222222222223,9.277777777777779,4.2
2023-04-15 14:10:00+00:00,10.136752136752136,66.54700854700855,9.276068376068377,4.2
2023-04-15 14:20:00+00:00,10.117948717948718,66.87179487179488,9.274358974358975,4.2
2023-04-15 14:30:00+00:00,10.099145299145299,67.19658119658119,9.272649572649573,4.2
2023-04-15 14:40:00+00:00,10.08034188034188,67.52136752136752,9.270940170940172,4.2
2023-04-15 14:50:00+00:00,10.061538461538461,67.84615384615384,9.26923076923077,4.2
2023-04-15 15:00:00+00:00,10.042735042735043,68.17094017094017,9.267521367521368,4.2
2023-04-15 15:10:00+00:00,10.023931623931624,68.4957264957265,9.265811965811967,4.2
2023-04-15 15:20:00+00:00,10.005128205128205,68.82051282051282,9.264102564102565,4.2
2023-04-15 15:30:00+00:00,9.986324786324786,69.14529914529915,9.262393162393163,4.2
2023-04-15 15:40:00+00:00,9.967521367521368,69.47008547008546,9.260683760683762,4.2
2023-04-15 15:50:00+00:00,9.948717948717949,69.7948717948718,9.25897435897436,4.2
2023-04-15 16:00:00+00:00,,,,
2023-04-15 16:10:00+00:00,,,,
2023-04-15 16:20:00+00:00,,,,
2023-04-15 16:30:00+00:00,,,,
2023-04-15 16:40:00+00:00,,,,
2023-04-15 16:50:00+00:00,,,,
2023-04-15 17:00:00+00:00,,,,
2023-04-15 17:10:00+00:00,,,,
2023-04-15 17:20:00+00:00,,,,
2023-04-15 17:30:00+00:00,,,,
2023-04-15 17:40:00+00:00,,,,
2023-04-15 17:50:00+00:00,,,,
2023-04-15 18:00:00+00:00,,,,
2023-04-15 18:10:00+00:00,,,,
2023-04-15 18:20:00+00:00,,,,
2023-04-15 18:30:00+00:00,,,,
2023-04-15 18:40:00+00:00,,,,
2023-04-15 18:50:00+00:00,,,,
2023-04-15 19:00:00+00:00,,,,
2023-04-15 19:10:00+00:00,,,,
2023-04-15 19:20:00+00:00,,,,
2023-04-15 19:30:00+00:00,,,,
2023-04-15 19:40:00+00:00,,,,
2023-04-15 19:50:00+00:00,,,,
2023-04-15 20:00:00+00:00,,,,
2023-04-15 20:10:00+00:00,,,,
2023-04-15 20:20:00+00:00,,,,
2023-04-15 20:30:00+00:00,,,,
2023-04-15 20:40:00+00:00,,,,
2023-04-15 20:50:00+00:00,,,,
2023-04-15 21:00:00+00:00,,,,
2023-04-15 21:10:00+00:00,,,,
2023-04-15 21:20:00+00:00,,,,
2023-04-15 21:30:00+00:00,,,,
2023-04-15 21:40:00+00:00,,,,
2023-04-15 21:50:00+00:00,,,,
2023-04-15 22:00:00+00:00,,,,
2023-04-15 22:10:00+00:00,,,,
2023-04-15 22:20:00+00:00,,,,
2023-04-15 22:30:00+00:00,,,,
2023-04-15 22:40:00+00:00,,,,
2023-04-15 22:50:00+00:00,,,,
2023-04-15 23:00:00+00:00,,,,
2023-04-15 23:10:00+00:00,,,,
2023-04-15 23:20:00+00:00,,,,
2023-04-15 23:30:00+00:00,,,,
2023-04-15 23:40:00+00:00,,,,
2023-04-15 23:50:00+00:00,,,,
2023-04-16 00:00:00+00:00,,,,
2023-04-16 00:10:00+00:00,,,,
2023-04-16 00:20:00+00:00,,,,
2023-04-16 00:30:00+00:00,,,,
2023-04-16 00:40:00+00:00,,,,
2023-04-16 00:50:00+00:00,,,,
2023-04-16 01:00:00+00:00,,,,
2023-04-16 01:10:00+00:00,,,,
2023-04-16 01:20:00+00:00,,,,
2023-04-16 01:30:00+00:00,,,,
2023-04-16 01:40:00+00:00,,,,
2023-04-16 01:50:00+00:00,,,,
2023-04-16 02:00:00+00:00,,,,
2023-04-16 02:10:00+00:00,,,,
2023-04-16 02:20:00+00:00,,,,
2023-04-16 02:30:00+00:00,,,,
2023-04-16 02:40:00+00:00,,,,
2023-04-16 02:50:00+00:00,,,,
2023-04-16 03:00:00+00:00,,,,
2023-04-16 03:10:00+00:00,,,,
2023-04-16 03:20:00+00:00,,,,
2023-04-16 03:30:00+00:00,,,,
2023-04-16 03:40:00+00:00,,,,
2023-04-16 03:50:00+00:00,,,,
2023-04-16 04:00:00+00:00,,,,
2023-04-16 04:10:00+00:00,,,,
2023-04-16 04:20:00+00:00,,,,
2023-04-16 04:30:00+00:00,,,,
2023-04-16 04:40:00+00:00,,,,
2023-04-16 04:50:00+00:00,,,,
2023-04-16 05:00:00+00:00,,,,
2023-04-16 05:10:00+00:00,,,,
2023-04-16 05:20:00+00:00,,,,
2023-04-16 05:30:00+00:00,,,,
2023-04-16 05:40:00+00:00,,,,
2023-04-16 05:50:00+00:00,,,,
2023-04-16 06:00:00+00:00,,,,
2023-04-16 06:10:00+00:00,,,,
2023-04-16 06:20:00+00:00,,,,
2023-04-16 06:30:00+00:00,,,,
2023-04-16 06:40:00+00:00,,,,
2023-04-16 06:50:00+00:00,,,,
2023-04-16 07:00:00+00:00,,,,
2023-04-16 07:10:00+00:00,,,,
2023-04-16 07:20:00+00:00,8.2,100.0,9.1,4.2
2023-04-16 07:30:00+00:00,8.19568345323741,99.92446043165468,9.099640287769784,4.2
2023-04-16 07:40:00+00:00,8.19136690647482,99.84892086330935,9.099280575539568,4.2
2023-04-16 07:50:00+00:00,8.187050359712229,99.77338129496403,9.098920863309353,4.2
2023-04-16 08:00:00+00:00,8.182733812949639,99.6978417266187,9.098561151079137,4.2
2023-04-16 08:10:00+00:00,8.178417266187049,99.62230215827338,9.098201438848921,4.2
2023-04-16 08:20:00+00:00,8.17410071942446,99.54676258992805,9.097841726618705,4.2
2023-04-16 08:30:00+00:00,8.16978417266187,99.47122302158273,9.097482014388488,4.2
2023-04-16 08:40:00+00:00,8.16546762589928,99.39568345323741,9.097122302158272,4.2
2023-04-16 08:50:00+00:00,8.16115107913669,99.32014388489209,9.096762589928057,4.2
2023-04-16 09:00:00+00:00,8.1568345323741,99.24460431654676,9.096402877697841,4.2
2023-04-16 09:10:00+00:00,8.15251798561151,99.16906474820144,9.096043165467625,4.2
2023-04-16 09:20:00+00:00,8.14820143884892,99.09352517985612,9.09568345323741,4.2
2023-04-16 09:30:00+00:00,8.14388489208633,99.0179856115108,9.095323741007194,4.2
2023-04-16 09:40:00+00:00,8.13956834532374,98.94244604316546,9.094964028776978,4.2
2023-04-16 09:50:00+00:00,8.13525179856115,98.86690647482014,9.094604316546762,4.2
2023-04-16 10:00:00+00:00,8.13093525179856,98.79136690647482,9.094244604316547,4.2
2023-04-16 10:10:00+00:00,8.12661870503597,98.7158273381295,9.093884892086331,4.2
2023-04-16 10:20:00+00:00,8.122302158273381,98.64028776978417,9.093525179856115,4.2
2023-04-16 10:30:00+00:00,8.117985611510791,98.56474820143885,9.0931654676259,4.2
2023-04-16 10:40:00+00:00,8.113669064748201,98.48920863309353,9.092805755395682,4.2
2023-04-16 10:50:00+00:00,8.109352517985611,98.4136690647482,9.092446043165467,4.2
2023-04-16 11:00:00+00:00,8.105035971223021,98.33812949640287,9.09208633093525,4.2
2023-04-16 11:10:00+00:00,8.100719424460431,98.26258992805755,9.091726618705035,4.2
2023-04-16 11:20:00+00:00,8.096402877697841,98.18705035971223,9.09136690647482,4.2
2023-04-16 11:30:00+00:00,,,,
2023-04-16 11:40:00+00:00,,,,
2023-04-16 11:50:00+00:00,,,,
2023-04-16 12:00:00+00:00,,,,
2023-04-16 12:10:00+00:00,,,,
2023-04-16 12:20:00+00:00,,,,
2023-04-16 12:30:00+00:00,,,,
2023-04-16 12:40:00+00:00,,,,
2023-04-16 12:50:00+00:00,,,,
2023-04-16 13:00:00+00:00,,,,
2023-04-16 13:10:00+00:00,,,,
2023-04-16 13:20:00+00:00,,,,
2023-04-16 13:30:00+00:00,,,,
2023-04-16 13:40:00+00:00,,,,
2023-04-16 13:50:00+00:00,,,,
2023-04-16 14:00:00+00:00,,,,
2023-04-16 14:10:00+00:00,,,,
2023-04-16 14:20:00+00:00,,,,
2023-04-16 14:30:00+00:00,,,,
2023-04-16 14:40:00+00:00,,,,
2023-04-16 14:50:00+00:00,,,,
2023-04-16 15:00:00+00:00,,,,
2023-04-16 15:10:00+00:00,,,,
2023-04-16 15:20:00+00:00,,,,
2023-04-16 15:30:00+00:00,,,,
2023-04-16 15:40:00+00:00,,,,
2023-04-16 15:50:00+00:00,,,,
2023-04-16 16:00:00+00:00,,,,
2023-04-16 16:10:00+00:00,,,,
2023-04-16 16:20:00+00:00,,,,
2023-04-16 16:30:00+00:00,,,,
2023-04-16 16:40:00+00:00,,,,
2023-04-16 16:50:00+00:00,,,,
2023-04-16 17:00:00+00:00,,,,
2023-04-16 17:10:00+00:00,,,,
2023-04-16 17:20:00+00:00,,,,
2023-04-16 17:30:00+00:00,,,,
2023-04-16 17:40:00+00:00,,,,
2023-04-16 17:50:00+00:00,,,,
2023-04-16 18:00:00+00:00,,,,
2023-04-16 18:10:00+00:00,,,,
2023-04-16 18:20:00+00:00,,,,
2023-04-16 18:30:00+00:00,,,,
2023-04-16 18:40:00+00:00,,,,
2023-04-16 18:50:00+00:00,,,,
2023-04-16 19:00:00+00:00,,,,
2023-04-16 19:10:00+00:00,,,,
2023-04-16 19:20:00+00:00,,,,
2023-04-16 19:30:00+00:00,,,,
2023-04-16 19:40:00+00:00,,,,
2023-04-16 19:50:00+00:00,,,,
2023-04-16 20:00:00+00:00,,,,
2023-04-16 20:10:00+00:00,,,,
2023-04-16 20:20:00+00:00,,,,
2023-04-16 20:30:00+00:00,,,,
2023-04-16 20:40:00+00:00,,,,
2023-04-16 20:50:00+00:00,,,,
2023-04-16 21:00:00+00:00,,,,
2023-04-16 21:10:00+00:00,,,,
2023-04-16 21:20:00+00:00,,,,
2023-04-16 21:30:00+00:00,,,,
2023-04-16 21:40:00+00:00,,,,
2023-04-16 21:50:00+00:00,,,,
2023-04-16 22:00:00+00:00,,,,
2023-04-16 22:10:00+00:00,,,,
2023-04-16 22:20:00+00:00,,,,
2023-04-16 22:30:00+00:00,,,,
2023-04-16 22:40:00+00:00,,,,
2023-04-16 22:50:00+00:00,,,,
2023-04-16 23:00:00+00:00,,,,
2023-04-16 23:10:00+00:00,,,,
2023-04-16 23:20:00+00:00,,,,
2023-04-16 23:30:00+00:00,,,,
2023-04-16 23:40:00+00:00,,,,
2023-04-16 23:50:00+00:00,,,,
2023-04-17 00:00:00+00:00,,,,
2023-04-17 00:10:00+00:00,,,,
2023-04-17 00:20:00+00:00,,,,
2023-04-17 00:30:00+00:00,,,,
2023-04-17 00:40:00+00:00,,,,
2023-04-17 00:50:00+00:00,,,,
2023-04-17 01:00:00+00:00,,,,
2023-04-17 01:10:00+00:00,,,,
2023-04-17 01:20:00+00:00,,,,
2023-04-17 01:30:00+00:00,,,,
2023-04-17 01:40:00+00:00,,,,
2023-04-17 01:50:00+00:00,,,,
2023-04-17 02:00:00+00:00,,,,
2023-04-17 02:10:00+00:00,,,,
2023-04-17 02:20:00+00:00,,,,
2023-04-17 02:30:00+00:00,,,,
2023-04-17 02:40:00+00:00,,,,
2023-04-17 02:50:00+00:00,,,,
2023-04-17 03:00:00+00:00,,,,
2023-04-17 03:10:00+00:00,,,,
2023-04-17 03:20:00+00:00,,,,
2023-04-17 03:30:00+00:00,,,,
2023-04-17 03:40:00+00:00,,,,
2023-04-17 03:50:00+00:00,,,,
2023-04-17 04:00:00+00:00,,,,
2023-04-17 04:10:00+00:00,,,,
2023-04-17 04:20:00+00:00,,,,
2023-04-17 04:30:00+00:00,,,,
2023-04-17 04:40:00+00:00,,,,
2023-04-17 04:50:00+00:00,,,,
2023-04-17 05:00:00+00:00,,,,
2023-04-17 05:10:00+00:00,,,,
2023-04-17 05:20:00+00:00,,,,
2023-04-17 05:30:00+00:00,,,,
2023-04-17 05:40:00+00:00,,,,
2023-04-17 05:50:00+00:00,,,,
2023-04-17 06:00:00+00:00,,,,
2023-04-17 06:10:00+00:00,,,,
2023-04-17 06:20:00+00:00,,,,
2023-04-17 06:30:00+00:00,,,,
2023-04-17 06:40:00+00:00,,,,
2023-04-17 06:50:00+00:00,,,,
2023-04-17 07:00:00+00:00,,,,
2023-04-17 07:10:00+00:00,,,,
2023-04-17 07:20:00+00:00,,,,
2023-04-17 07:30:00+00:00,,,,
2023-04-17 07:40:00+00:00,,,,
2023-04-17 07:50:00+00:00,,,,
2023-04-17 08:00:00+00:00,,,,
2023-04-17 08:10:00+00:00,,,,
2023-04-17 08:20:00+00:00,,,,
2023-04-17 08:30:00+00:00,,,,
2023-04-17 08:40:00+00:00,,,,
2023-04-17 08:50:00+00:00,,,,
2023-04-17 09:00:00+00:00,,,,
2023-04-17 09:10:00+00:00,,,,
2023-04-17 09:20:00+00:00,,,,
2023-04-17 09:30:00+00:00,,,,
2023-04-17 09:40:00+00:00,,,,
2023-04-17 09:50:00+00:00,,,,
2023-04-17 10:00:00+00:00,,,,
2023-04-17 10:10:00+00:00,,,,
2023-04-17 10:20:00+00:00,,,,
2023-04-17 10:30:00+00:00,,,,
2023-04-17 10:40:00+00:00,,,,
2023-04-17 10:50:00+00:00,,,,
2023-04-17 11:00:00+00:00,,,,
2023-04-17 11:10:00+00:00,,,,
2023-04-17 11:20:00+00:00,,,,
2023-04-17 11:30:00+00:00,,,,
2023-04-17 11:40:00+00:00,,,,
2023-04-17 11:50:00+00:00,,,,
2023-04-17 12:00:00+00:00,,,,
2023-04-17 12:10:00+00:00,,,,
2023-04-17 12:20:00+00:00,,,,
2023-04-17 12:30:00+00:00,,,,
2023-04-17 12:40:00+00:00,,,,
2023-04-17 12:50:00+00:00,,,,
2023-04-17 13:00:00+00:00,,,,
2023-04-17 13:10:00+00:00,,,,
2023-04-17 13:20:00+00:00,,,,
2023-04-17 13:30:00+00:00,,,,
2023-04-17 13:40:00+00:00,,,,
2023-04-17 13:50:00+00:00,,,,
2023-04-17 14:00:00+00:00,,,,
2023-04-17 14:10:00+00:00,,,,
2023-04-17 14:20:00+00:00,,,,
2023-04-17 14:30:00+00:00,,,,
2023-04-17 14:40:00+00:00,,,,
2023-04-17 14:50:00+00:00,,,,
2023-04-17 15:00:00+00:00,,,,
2023-04-17 15:10:00+00:00,,,,
2023-04-17 15:20:00+00:00,,,,
2023-04-17 15:30:00+00:00,,,,
2023-04-17 15:40:00+00:00,,,,
2023-04-17 15:50:00+00:00,,,,
2023-04-17 16:00:00+00:00,,,,
2023-04-17 16:10:00+00:00,,,,
2023-04-17 16:20:00+00:00,,,,
2023-04-17 16:30:00+00:00,,,,
2023-04-17 16:40:00+00:00,,,,
2023-04-17 16:50:00+00:00,,,,
2023-04-17 17:00:00+00:00,,,,
2023-04-17 17:10:00+00:00,,,,
2023-04-17 17:20:00+00:00,,,,
2023-04-17 17:30:00+00:00,,,,
2023-04-17 17:40:00+00:00,,,,
2023-04-17 17:50:00+00:00,,,,
2023-04-17 18:00:00+00:00,,,,
2023-04-17 18:10:00+00:00,,,,
2023-04-17 18:20:00+00:00,,,,
2023-04-17 18:30:00+00:00,,,,
2023-04-17 18:40:00+00:00,,,,
2023-04-17 18:50:00+00:00,,,,
2023-04-17 19:00:00+00:00,,,,
2023-04-17 19:10:00+00:00,,,,
2023-04-17 19:20:00+00:00,,,,
2023-04-17 19:30:00+00:00,,,,
2023-04-17 19:40:00+00:00,,,,
2023-04-17 19:50:00+00:00,,,,
2023-04-17 20:00:00+00:00,,,,
2023-04-17 20:10:00+00:00,,,,
2023-04-17 20:20:00+00:00,,,,
2023-04-17 20:30:00+00:00,,,,
2023-04-17 20:40:00+00:00,,,,
2023-04-17 20:50:00+00:00,,,,
2023-04-17 21:00:00+00:00,,,,
2023-04-17 21:10:00+00:00,,,,
2023-04-17 21:20:00+00:00,,,,
2023-04-17 21:30:00+00:00,,,,
2023-04-17 21:40:00+00:00,,,,
2023-04-17 21:50:00+00:00,,,,
2023-04-17 22:00:00+00:00,,,,
2023-04-17 22:10:00+00:00,,,,
2023-04-17 22:20:00+00:00,,,,
2023-04-17 22:30:00+00:00,,,,
2023-04-17 22:40:00+00:00,,,,
2023-04-17 22:50:00+00:00,,,,
2023-04-17 23:00:00+00:00,,,,
2023-04-17 23:10:00+00:00,,,,
2023-04-17 23:20:00+00:00,,,,
2023-04-17 23:30:00+00:00,,,,
2023-04-17 23:40:00+00:00,,,,
2023-04-17 23:50:00+00:00,,,,
2023-04-18 00:00:00+00:00,,,,
2023-04-18 00:10:00+00:00,,,,
2023-04-18 00:20:00+00:00,,,,
2023-04-18 00:30:00+00:00,,,,
2023-04-18 00:40:00+00:00,,,,
2023-04-18 00:50:00+00:00,,,,
2023-04-18 01:00:00+00:00,,,,
2023-04-18 01:10:00+00:00,,,,
2023-04-18 01:20:00+00:00,,,,
2023-04-18 01:30:00+00:00,,,,
2023-04-18 01:40:00+00:00,,,,
2023-04-18 01:50:00+00:00,,,,
2023-04-18 02:00:00+00:00,,,,
2023-04-18 02:10:00+00:00,,,,
2023-04-18 02:20:00+00:00,,,,
2023-04-18 02:30:00+00:00,,,,
2023-04-18 02:40:00+00:00,,,,
2023-04-18 02:50:00+00:00,,,,
2023-04-18 03:00:00+00:00,,,,
2023-04-18 03:10:00+00:00,,,,
2023-04-18 03:20:00+00:00,,,,
2023-04-18 03:30:00+00:00,,,,
2023-04-18 03:40:00+00:00,,,,
2023-04-18 03:50:00+00:00,,,,
2023-04-18 04:00:00+00:00,,,,
2023-04-18 04:10:00+00:00,,,,
2023-04-18 04:20:00+00:00,,,,
2023-04-18 04:30:00+00:00,,,,
2023-04-18 04:40:00+00:00,,,,
2023-04-18 04:50:00+00:00,,,,
2023-04-18 05:00:00+00:00,,,,
2023-04-18 05:10:00+00:00,,,,
2023-04-18 05:20:00+00:00,,,,
2023-04-18 05:30:00+00:00,,,,
2023-04-18 05:40:00+00:00,7.0,79.0,9.0,4.2
2023-04-18 05:50:00+00:00,6.5,78.0,9.0,4.2
2023-04-18 06:00:00+00:00,7.0,77.0,9.0,4.2
2023-04-18 06:10:00+00:00,7.0,77.0,9.0,4.2
2023-04-18 06:20:00+00:00,7.0,77.0,9.0,4.2
2023-04-18 06:30:00+00:00,7.0,76.0,9.0,4.2
2023-04-18 06:40:00+00:00,7.0,77.0,9.0,4.2
2023-04-18 06:50:00+00:00,7.5,78.0,9.0,4.2
2023-04-18 07:00:00+00:00,7.5,77.0,9.0,4.2
2023-04-18 07:10:00+00:00,7.5,77.0,9.0,4.2
2023-04-18 07:20:00+00:00,8.0,78.0,9.0,4.2
2023-04-18 07:30:00+00:00,8.0,80.0,9.0,4.2
2023-04-18 07:40:00+00:00,8.0,80.0,9.0,4.2
2023-04-18 07:50:00+00:00,8.0,80.0,9.0,4.2
2023-04-18 08:00:00+00:00,8.5,80.0,9.0,4.2
2023-04-18 08:10:00+00:00,9.0,82.0,9.0,4.2
2023-04-18 08:20:00+00:00,9.0,81.0,9.0,4.2
2023-04-18 08:30:00+00:00,9.5,80.0,9.0,4.2
2023-04-18 08:40:00+00:00,10.0,80.0,9.0,4.2
2023-04-18 08:50:00+00:00,10.0,81.0,9.0,4.2
2023-04-18 09:00:00+00:00,10.5,84.0,9.0,4.2
2023-04-18 09:10:00+00:00,11.0,82.0,9.0,4.2
2023-04-18 09:20:00+00:00,11.5,83.0,9.0,4.2
2023-04-18 09:30:00+00:00,11.5,81.0,9.0,4.2
2023-04-18 09:40:00+00:00,12.0,80.0,9.0,4.2
2023-04-18 09:50:00+00:00,12.0,79.0,9.0,4.2
2023-04-18 10:00:00+00:00,11.5,78.0,9.0,4.2
2023-04-18 10:10:00+00:00,12.0,78.0,9.0,4.2
2023-04-18 10:20:00+00:00,12.0,78.0,9.0,4.2
2023-04-18 10:30:00+00:00,12.0,78.0,9.0,4.2
2023-04-18 10:40:00+00:00,12.0,78.0,9.0,4.2
2023-04-18 10:50:00+00:00,12.0,77.0,9.0,4.2
2023-04-18 11:00:00+00:00,12.0,76.0,9.0,4.2
2023-04-18 11:10:00+00:00,11.5,76.0,9.0,4.2
2023-04-18 11:20:00+00:00,11.5,76.0,9.0,4.2
2023-04-18 11:30:00+00:00,11.5,77.0,9.0,4.2
2023-04-18 11:40:00+00:00,11.5,77.0,9.0,4.2
2023-04-18 11:50:00+00:00,11.0,78.0,9.0,4.2
2023-04-18 12:00:00+00:00,11.5,78.0,9.0,4.2
2023-04-18 12:10:00+00:00,11.5,78.0,9.0,4.2
2023-04-18 12:20:00+00:00,11.5,77.0,9.0,4.2
2023-04-18 12:30:00+00:00,11.5,76.0,9.0,4.2
2023-04-18 12:40:00+00:00,11.0,75.0,9.0,4.2
2023-04-18 12:50:00+00:00,11.0,75.0,9.0,4.2
2023-04-18 13:00:00+00:00,11.0,75.0,9.0,4.2
2023-04-18 13:10:00+00:00,11.0,75.0,9.0,4.2
2023-04-18 13:20:00+00:00,11.0,74.0,9.0,4.2
2023-04-18 13:30:00+00:00,11.0,74.0,9.0,4.2
2023-04-18 13:40:00+00:00,11.0,74.0,9.0,4.2
2023-04-18 13:50:00+00:00,10.5,74.0,9.0,4.2
2023-04-18 14:00:00+00:00,10.5,75.0,9.0,4.2
2023-04-18 14:10:00+00:00,10.5,74.0,9.0,4.2
2023-04-18 14:20:00+00:00,10.5,74.0,9.0,4.2
2023-04-18 14:30:00+00:00,10.5,74.0,9.0,4.2
2023-04-18 14:40:00+00:00,10.5,74.0,9.0,4.2
2023-04-18 14:50:00+00:00,10.5,75.0,9.0,4.2
2023-04-18 15:00:00+00:00,10.5,75.0,9.0,4.2
2023-04-18 15:10:00+00:00,10.5,74.0,9.0,4.2
2023-04-18 15:20:00+00:00,10.0,73.0,9.0,4.2
2023-04-18 15:30:00+00:00,10.0,73.0,9.0,4.2
2023-04-18 15:40:00+00:00,10.0,73.0,9.0,4.2
2023-04-18 15:50:00+00:00,10.0,73.0,9.0,4.2
2023-04-18 16:00:00+00:00,9.5,73.0,9.0,4.2
2023-04-18 16:10:00+00:00,9.5,72.0,9.0,4.2
2023-04-18 16:20:00+00:00,9.5,72.0,9.0,4.2
2023-04-18 16:30:00+00:00,9.5,72.0,9.0,4.2
2023-04-18 16:40:00+00:00,9.0,72.0,9.0,4.2
2023-04-18 16:50:00+00:00,9.0,71.0,9.0,4.2
2023-04-18 17:00:00+00:00,9.0,72.0,9.0,4.2
2023-04-18 17:10:00+00:00,9.0,72.0,9.0,4.2
2023-04-18 17:20:00+00:00,8.5,72.0,9.0,4.2
2023-04-18 17:30:00+00:00,8.5,71.0,9.0,4.2
2023-04-18 17:40:00+00:00,8.5,72.0,9.0,4.2
2023-04-18 17:50:00+00:00,8.5,71.0,9.0,3.4
2023-04-18 18:00:00+00:00,8.0,71.0,9.0,3.4
2023-04-18 18:10:00+00:00,8.0,71.0,9.0,2.4
2023-04-18 18:20:00+00:00,8.0,71.0,9.0,1.3
2023-04-18 18:30:00+00:00,8.0,71.0,9.0,0.8
2023-04-18 18:40:00+00:00,7.5,71.0,9.0,0.5
2023-04-18 18:50:00+00:00,7.5,70.0,9.0,0.6
2023-04-18 19:00:00+00:00,7.4765625,70.125,9.0015625,0.65625
2023-04-18 19:10:00+00:00,7.453125,70.25,9.003125,0.7125
2023-04-18 19:20:00+00:00,7.4296875,70.375,9.0046875,0.76875
2023-04-18 19:30:00+00:00,7.40625,70.5,9.00625,0.825
2023-04-18 19:40:00+00:00,7.3828125,70.625,9.0078125,0.88125
2023-04-18 19:50:00+00:00,7.359375,70.75,9.009375,0.9375
2023-04-18 20:00:00+00:00,7.3359375,70.875,9.0109375,0.9937499999999999
2023-04-18 20:10:00+00:00,7.3125,71.0,9.0125,1.05
2023-04-18 20:20:00+00:00,7.2890625,71.125,9.0140625,1.10625
2023-04-18 20:30:00+00:00,7.265625,71.25,9.015625,1.1625
2023-04-18 20:40:00+00:00,7.2421875,71.375,9.0171875,1.21875
2023-04-18 20:50:00+00:00,7.21875,71.5,9.01875,1.275
2023-04-18 21:00:00+00:00,7.1953125,71.625,9.0203125,1.33125
2023-04-18 21:10:00+00:00,7.171875,71.75,9.021875,1.3875
2023-04-18 21:20:00+00:00,7.1484375,71.875,9.0234375,1.44375
2023-04-18 21:30:00+00:00,7.125,72.0,9.025,1.5
2023-04-18 21:40:00+00:00,7.1015625,72.125,9.0265625,1.55625
2023-04-18 21:50:00+00:00,7.078125,72.25,9.028125,1.6124999999999998
2023-04-18 22:00:00+00:00,7.0546875,72.375,9.0296875,1.6687500000000002
2023-04-18 22:10:00+00:00,7.03125,72.5,9.03125,1.725
2023-04-18 22:20:00+00:00,7.0078125,72.625,9.0328125,1.78125
2023-04-18 22:30:00+00:00,6.984375,72.75,9.034375,1.8375
2023-04-18 22:40:00+00:00,6.9609375,72.875,9.0359375,1.8937499999999998
2023-04-18 22:50:00+00:00,6.9375,73.0,9.0375,1.9500000000000002
2023-04-18 23:00:00+00:00,,,,
2023-04-18 23:10:00+00:00,,,,
2023-04-18 23:20:00+00:00,,,,
2023-04-18 23:30:00+00:00,,,,
2023-04-18 23:40:00+00:00,,,,
2023-04-18 23:50:00+00:00,,,,
2023-04-19 00:00:00+00:00,,,,
2023-04-19 00:10:00+00:00,,,,
2023-04-19 00:20:00+00:00,,,,
2023-04-19 00:30:00+00:00,,,,
2023-04-19 00:40:00+00:00,,,,
2023-04-19 00:50:00+00:00,,,,
2023-04-19 01:00:00+00:00,,,,
2023-04-19 01:10:00+00:00,,,,
2023-04-19 01:20:00+00:00,,,,
2023-04-19 01:30:00+00:00,,,,
2023-04-19 01:40:00+00:00,,,,
2023-04-19 01:50:00+00:00,,,,
2023-04-19 02:00:00+00:00,,,,
2023-04-19 02:10:00+00:00,,,,
2023-04-19 02:20:00+00:00,,,,
2023-04-19 02:30:00+00:00,,,,
2023-04-19 02:40:00+00:00,,,,
2023-04-19 02:50:00+00:00,,,,
2023-04-19 03:00:00+00:00,,,,
2023-04-19 03:10:00+00:00,,,,
2023-04-19 03:20:00+00:00,,,,
2023-04-19 03:30:00+00:00,,,,
2023-04-19 03:40:00+00:00,,,,
2023-04-19 03:50:00+00:00,,,,
2023-04-19 04:00:00+00:00,,,,
2023-04-19 04:10:00+00:00,,,,
2023-04-19 04:20:00+00:00,,,,
2023-04-19 04:30:00+00:00,,,,
2023-04-19 04:40:00+00:00,,,,
2023-04-19 04:50:00+00:00,,,,
2023-04-19 05:00:00+00:00,,,,
2023-04-19 05:10:00+00:00,,,,
2023-04-19 05:20:00+00:00,,,,
2023-04-19 05:30:00+00:00,6.0,78.0,9.1,4.2
2023-04-19 05:40:00+00:00,5.75,77.0,9.1,4.2
2023-04-19 05:50:00+00:00,5.5,76.0,9.1,4.2
2023-04-19 06:00:00+00:00,5.5,76.0,9.1,4.2
2023-04-19 06:10:00+00:00,5.5,76.0,9.1,4.2
2023-04-19 06:20:00+00:00,5.5,76.0,9.1,4.2
2023-04-19 06:30:00+00:00,6.0,76.0,9.1,4.2
2023-04-19 06:40:00+00:00,6.0,76.0,9.1,4.2
2023-04-19 06:50:00+00:00,6.0,76.0,9.1,4.2
2023-04-19 07:00:00+00:00,6.0,76.0,9.1,4.2
2023-04-19 07:10:00+00:00,6.0,76.0,9.1,4.2
2023-04-19 07:20:00+00:00,6.0,76.0,9.1,4.2
2023-04-19 07:30:00+00:00,6.5,77.0,9.1,4.2
2023-04-19 07:40:00+00:00,6.5,79.0,9.1,4.2
2023-04-19 07:50:00+00:00,6.5,79.0,9.1,4.2
2023-04-19 08:00:00+00:00,6.5,78.0,9.1,4.2
2023-04-19 08:10:00+00:00,7.0,79.0,9.1,4.2
2023-04-19 08:20:00+00:00,7.0,79.0,9.1,4.2
2023-04-19 08:30:00+00:00,7.0,77.0,9.1,4.2
2023-04-19 08:40:00+00:00,6.5,75.0,9.1,4.2
2023-04-19 08:50:00+00:00,6.5,75.0,9.1,4.2
2023-04-19 09:00:00+00:00,6.5,74.0,9.1,4.2
2023-04-19 09:10:00+00:00,6.5,74.0,9.1,4.2
2023-04-19 09:20:00+00:00,6.521428571428571,74.57142857142857,9.089285714285714,4.2
2023-04-19 09:30:00+00:00,6.542857142857143,75.14285714285714,9.07857142857143,4.2
2023-04-19 09:40:00+00:00,6.564285714285714,75.71428571428571,9.067857142857143,4.2
2023-04-19 09:50:00+00:00,6.585714285714285,76.28571428571429,9.057142857142857,4.2
2023-04-19 10:00:00+00:00,6.607142857142857,76.85714285714286,9.04642857142857,4.2
2023-04-19 10:10:00+00:00,6.628571428571428,77.42857142857143,9.035714285714285,4.2
2023-04-19 10:20:00+00:00,6.65,78.0,9.025,4.2
2023-04-19 10:30:00+00:00,6.671428571428572,78.57142857142857,9.014285714285714,4.2
2023-04-19 10:40:00+00:00,6.692857142857143,79.14285714285714,9.003571428571428,4.2
2023-04-19 10:50:00+00:00,6.714285714285714,79.71428571428571,8.992857142857144,4.2
2023-04-19 11:00:00+00:00,6.735714285714286,80.28571428571429,8.982142857142858,4.2
2023-04-19 11:10:00+00:00,6.757142857142857,80.85714285714286,8.971428571428572,4.2
2023-04-19 11:20:00+00:00,6.7785714285714285,81.42857142857143,8.960714285714285,4.2
2023-04-19 11:30:00+00:00,6.8,82.0,8.95,4.2
2023-04-19 11:40:00+00:00,6.821428571428571,82.57142857142857,8.939285714285715,4.2
2023-04-19 11:50:00+00:00,6.8428571428571425,83.14285714285714,8.928571428571429,4.2
2023-04-19 12:00:00+00:00,6.864285714285714,83.71428571428571,8.917857142857143,4.2
2023-04-19 12:10:00+00:00,6.885714285714285,84.28571428571428,8.907142857142858,4.2
2023-04-19 12:20:00+00:00,6.907142857142857,84.85714285714286,8.896428571428572,4.2
2023-04-19 12:30:00+00:00,6.928571428571428,85.42857142857143,8.885714285714286,4.2
2023-04-19 12:40:00+00:00,6.949999999999999,86.0,8.875,4.2
2023-04-19 12:50:00+00:00,6.9714285714285715,86.57142857142857,8.864285714285714,4.2
2023-04-19 13:00:00+00:00,6.992857142857143,87.14285714285714,8.85357142857143,4.2
2023-04-19 13:10:00+00:00,7.014285714285714,87.71428571428571,8.842857142857143,4.2
2023-04-19 13:20:00+00:00,,,,
2023-04-19 13:30:00+00:00,,,,
2023-04-19 13:40:00+00:00,,,,
2023-04-19 13:50:00+00:00,7.1,90.0,8.8,4.2
2023-04-19 14:00:00+00:00,7.1,90.5,8.850000000000001,4.2
2023-04-19 14:10:00+00:00,7.1,91.0,8.9,4.2
2023-04-19 14:20:00+00:00,7.2,91.0,8.8,4.2
2023-04-19 14:30:00+00:00,7.3,90.0,8.9,4.2
2023-04-19 14:40:00+00:00,7.3,88.0,8.9,4.2
2023-04-19 14:50:00+00:00,7.4,87.0,8.9,4.2
2023-04-19 15:00:00+00:00,7.5,86.0,8.9,4.2
2023-04-19 15:10:00+00:00,7.5,86.0,8.9,4.2
2023-04-19 15:20:00+00:00,7.55,86.0,8.9,4.2
2023-04-19 15:30:00+00:00,7.6,86.0,8.9,4.2
2023-04-19 15:40:00+00:00,7.5,87.0,8.9,4.2
2023-04-19 15:50:00+00:00,7.5,100.0,8.9,4.2
2023-04-19 16:00:00+00:00,7.5,100.0,8.9,4.2
2023-04-19 16:10:00+00:00,7.4,100.0,8.9,4.2
2023-04-19 16:20:00+00:00,7.3,100.0,8.9,4.2
2023-04-19 16:30:00+00:00,7.285,100.0,8.9,4.2
2023-04-19 16:40:00+00:00,7.27,100.0,8.9,4.2
2023-04-19 16:50:00+00:00,7.255,100.0,8.9,4.2
2023-04-19 17:00:00+00:00,7.24,100.0,8.9,4.2
2023-04-19 17:10:00+00:00,7.225,100.0,8.9,4.2
2023-04-19 17:20:00+00:00,7.21,100.0,8.9,4.2
2023-04-19 17:30:00+00:00,7.194999999999999,100.0,8.9,4.2
2023-04-19 17:40:00+00:00,7.18,100.0,8.9,4.2
2023-04-19 17:50:00+00:00,7.165,100.0,8.9,4.2
2023-04-19 18:00:00+00:00,7.1499999999999995,100.0,8.9,4.2
2023-04-19 18:10:00+00:00,7.135,100.0,8.9,4.2
2023-04-19 18:20:00+00:00,7.12,100.0,8.9,4.2
2023-04-19 18:30:00+00:00,7.1049999999999995,100.0,8.9,4.2
2023-04-19 18:40:00+00:00,7.09,100.0,8.9,4.2
2023-04-19 18:50:00+00:00,7.075,100.0,8.9,4.2
2023-04-19 19:00:00+00:00,7.06,100.0,8.9,4.2
2023-04-19 19:10:00+00:00,7.045,100.0,8.9,4.2
2023-04-19 19:20:00+00:00,7.029999999999999,100.0,8.9,4.2
2023-04-19 19:30:00+00:00,7.015,100.0,8.9,4.2
2023-04-19 19:40:00+00:00,7.0,100.0,8.9,4.2
2023-04-19 19:50:00+00:00,6.984999999999999,100.0,8.9,4.2
2023-04-19 20:00:00+00:00,6.97,100.0,8.9,4.2
2023-04-19 20:10:00+00:00,6.955,100.0,8.9,4.2
2023-04-19 20:20:00+00:00,6.9399999999999995,100.0,8.9,4.2
2023-04-19 20:30:00+00:00,,,,
2023-04-19 20:40:00+00:00,,,,
2023-04-19 20:50:00+00:00,,,,
2023-04-19 21:00:00+00:00,,,,
2023-04-19 21:10:00+00:00,,,,
2023-04-19 21:20:00+00:00,,,,
2023-04-19 21:30:00+00:00,,,,
2023-04-19 21:40:00+00:00,,,,
2023-04-19 21:50:00+00:00,,,,
2023-04-19 22:00:00+00:00,,,,
2023-04-19 22:10:00+00:00,,,,
2023-04-19 22:20:00+00:00,,,,
2023-04-19 22:30:00+00:00,,,,
2023-04-19 22:40:00+00:00,,,,
2023-04-19 22:50:00+00:00,,,,
2023-04-19 23:00:00+00:00,,,,
2023-04-19 23:10:00+00:00,,,,
2023-04-19 23:20:00+00:00,,,,
2023-04-19 23:30:00+00:00,,,,
2023-04-19 23:40:00+00:00,,,,
2023-04-19 23:50:00+00:00,,,,
2023-04-20 00:00:00+00:00,,,,
2023-04-20 00:10:00+00:00,,,,
2023-04-20 00:20:00+00:00,,,,
2023-04-20 00:30:00+00:00,,,,
2023-04-20 00:40:00+00:00,,,,
2023-04-20 00:50:00+00:00,,,,
2023-04-20 01:00:00+00:00,,,,
2023-04-20 01:10:00+00:00,,,,
2023-04-20 01:20:00+00:00,,,,
2023-04-20 01:30:00+00:00,,,,
2023-04-20 01:40:00+00:00,,,,
2023-04-20 01:50:00+00:00,,,,
2023-04-20 02:00:00+00:00,,,,
2023-04-20 02:10:00+00:00,,,,
2023-04-20 02:20:00+00:00,,,,
2023-04-20 02:30:00+00:00,,,,
2023-04-20 02:40:00+00:00,,,,
2023-04-20 02:50:00+00:00,,,,
2023-04-20 03:00:00+00:00,,,,
2023-04-20 03:10:00+00:00,,,,
2023-04-20 03:20:00+00:00,,,,
2023-04-20 03:30:00+00:00,,,,
2023-04-20 03:40:00+00:00,,,,
2023-04-20 03:50:00+00:00,,,,
2023-04-20 04:00:00+00:00,,,,
2023-04-20 04:10:00+00:00,,,,
2023-04-20 04:20:00+00:00,,,,
2023-04-20 04:30:00+00:00,,,,
2023-04-20 04:40:00+00:00,,,,
2023-04-20 04:50:00+00:00,,,,
2023-04-20 05:00:00+00:00,,,,
2023-04-20 05:10:00+00:00,,,,
2023-04-20 05:20:00+00:00,,,,
2023-04-20 05:30:00+00:00,,,,
2023-04-20 05:40:00+00:00,6.1,100.0,8.9,4.2
2023-04-20 05:50:00+00:00,5.8,100.0,8.9,4.2
2023-04-20 06:00:00+00:00,6.1,100.0,8.9,4.2
2023-04-20 06:10:00+00:00,6.2,100.0,8.9,4.2
2023-04-20 06:20:00+00:00,6.5,98.0,8.9,4.2
2023-04-20 06:30:00+00:00,6.6,97.0,8.9,4.2
2023-04-20 06:40:00+00:00,6.7,98.0,8.9,4.2
2023-04-20 06:50:00+00:00,6.8,99.0,8.9,4.2
2023-04-20 07:00:00+00:00,7.0,96.0,8.9,4.2
2023-04-20 07:10:00+00:00,7.1,94.0,9.0,4.2
2023-04-20 07:20:00+00:00,7.5,98.0,8.9,4.2
2023-04-20 07:30:00+00:00,7.6,100.0,9.0,4.2
2023-04-20 07:40:00+00:00,7.7,100.0,9.0,4.2
2023-04-20 07:50:00+00:00,7.8,100.0,9.0,4.2
2023-04-20 08:00:00+00:00,8.3,100.0,9.0,4.2
2023-04-20 08:10:00+00:00,8.7,100.0,9.0,4.2
2023-04-20 08:20:00+00:00,9.2,100.0,9.0,4.2
2023-04-20 08:30:00+00:00,9.8,100.0,9.0,4.2
2023-04-20 08:40:00+00:00,10.5,98.0,9.0,4.2
2023-04-20 08:50:00+00:00,11.0,97.0,9.0,4.2
2023-04-20 09:00:00+00:00,11.3,96.0,9.0,4.2
2023-04-20 09:10:00+00:00,12.1,96.0,9.0,4.2
2023-04-20 09:20:00+00:00,12.6,96.0,9.0,4.2
2023-04-20 09:30:00+00:00,13.2,94.0,9.0,4.2
2023-04-20 09:40:00+00:00,13.6,92.0,9.0,4.2
2023-04-20 09:50:00+00:00,14.1,91.0,9.0,4.2
2023-04-20 10:00:00+00:00,14.5,89.0,8.9,4.2
2023-04-20 10:10:00+00:00,14.6,89.0,8.95,4.2
2023-04-20 10:20:00+00:00,14.7,89.0,9.0,4.2
2023-04-20 10:30:00+00:00,15.0,89.0,8.9,4.2
2023-04-20 10:40:00+00:00,14.7,100.0,8.9,4.2
2023-04-20 10:50:00+00:00,14.1,90.0,8.9,4.2
2023-04-20 11:00:00+00:00,13.6,85.0,8.9,4.2
2023-04-20 11:10:00+00:00,13.0,85.0,8.9,4.2
2023-04-20 11:20:00+00:00,12.6,89.0,8.9,4.2
2023-04-20 11:30:00+00:00,12.1,100.0,8.9,4.2
2023-04-20 11:40:00+00:00,11.8,100.0,8.9,4.2
2023-04-20 11:50:00+00:00,11.6,100.0,8.9,4.2
2023-04-20 12:00:00+00:00,11.3,100.0,8.9,4.2
2023-04-20 12:10:00+00:00,11.2,100.0,9.0,4.2
2023-04-20 12:20:00+00:00,11.1,99.0,8.9,4.2
2023-04-20 12:30:00+00:00,10.8,96.0,9.0,4.2
2023-04-20 12:40:00+00:00,10.7,93.0,8.9,4.2
2023-04-20 12:50:00+00:00,10.7,93.0,9.0,4.2
2023-04-20 13:00:00+00:00,10.6,91.0,9.0,4.2
2023-04-20 13:10:00+00:00,10.5,90.0,9.0,4.2
2023-04-20 13:20:00+00:00,10.5,89.0,9.0,4.2
2023-04-20 13:30:00+00:00,10.5,88.0,9.0,4.2
2023-04-20 13:40:00+00:00,10.3,87.0,9.0,4.2
2023-04-20 13:50:00+00:00,10.3,87.0,9.0,4.2
2023-04-20 14:00:00+00:00,10.2,86.0,9.0,4.2
2023-04-20 14:10:00+00:00,10.2,86.0,9.0,4.2
2023-04-20 14:20:00+00:00,10.1,85.0,9.0,4.2
2023-04-20 14:30:00+00:00,10.1,85.0,9.0,4.2
2023-04-20 14:40:00+00:00,10.1,85.0,9.0,4.2
2023-04-20 14:50:00+00:00,10.0,84.0,9.0,4.2
2023-04-20 15:00:00+00:00,10.1,84.0,9.0,4.2
2023-04-20 15:10:00+00:00,10.1,87.0,9.0,4.2
2023-04-20 15:20:00+00:00,10.1,91.0,9.0,4.2
2023-04-20 15:30:00+00:00,10.2,90.0,9.0,4.2
2023-04-20 15:40:00+00:00,10.2,88.0,9.0,4.2
2023-04-20 15:50:00+00:00,10.2,86.0,9.0,4.2
2023-04-20 16:00:00+00:00,10.2,85.0,9.0,4.2
2023-04-20 16:10:00+00:00,10.1,83.0,9.0,4.2
2023-04-20 16:20:00+00:00,10.0,81.0,9.0,4.2
2023-04-20 16:30:00+00:00,9.8,81.0,9.0,4.2
2023-04-20 16:40:00+00:00,9.7,81.0,9.0,4.2
2023-04-20 16:50:00+00:00,9.6,83.0,9.0,4.2
2023-04-20 17:00:00+00:00,9.5,83.0,9.0,4.2
2023-04-20 17:10:00+00:00,9.3,84.0,9.0,4.2
2023-04-20 17:20:00+00:00,9.2,84.0,9.0,4.2
2023-04-20 17:30:00+00:00,9.2,84.0,9.0,4.2
2023-04-20 17:40:00+00:00,9.1,83.0,9.0,4.2
2023-04-20 17:50:00+00:00,9.0,84.0,9.0,3.6
2023-04-20 18:00:00+00:00,8.8,84.0,9.0,3.6
2023-04-20 18:10:00+00:00,8.7,84.0,9.0,3.1
2023-04-20 18:20:00+00:00,8.7,84.0,9.0,1.7
2023-04-20 18:30:00+00:00,8.6,83.0,9.0,1.0
2023-04-20 18:40:00+00:00,8.5,83.0,9.0,0.7
2023-04-20 18:50:00+00:00,8.3,83.0,9.0,0.6
2023-04-20 19:00:00+00:00,8.2,83.0,9.0,0.6
2023-04-20 19:10:00+00:00,8.2,82.0,9.0,0.6
2023-04-20 19:20:00+00:00,8.1,83.0,9.0,0.6
2023-04-20 19:30:00+00:00,8.0,82.0,9.0,0.6
2023-04-20 19:40:00+00:00,7.8,82.0,9.0,0.6
2023-04-20 19:50:00+00:00,7.8,82.0,9.0,0.6
2023-04-20 20:00:00+00:00,7.7,82.0,9.0,0.6
2023-04-20 20:10:00+00:00,7.6,82.0,9.0,0.6
2023-04-20 20:20:00+00:00,7.6,82.0,9.0,0.6
2023-04-20 20:30:00+00:00,7.5,83.0,9.0,0.6
2023-04-20 20:40:00+00:00,7.3,83.0,9.0,0.6
2023-04-20 20:50:00+00:00,7.3,83.0,9.0,0.6
2023-04-20 21:00:00+00:00,7.2,83.0,9.0,0.6
2023-04-20 21:10:00+00:00,7.2,83.0,9.0,0.6
2023-04-20 21:20:00+00:00,7.1,84.0,9.0,0.6
2023-04-20 21:30:00+00:00,7.0,84.0,9.0,0.6
2023-04-20 21:40:00+00:00,7.0,83.0,9.0,0.6
2023-04-20 21:50:00+00:00,6.8,84.0,9.0,0.6
2023-04-20 22:00:00+00:00,6.8,83.0,9.0,0.6
2023-04-20 22:10:00+00:00,6.8,83.0,9.0,0.6
2023-04-20 22:20:00+00:00,6.7,82.0,9.0,0.6
2023-04-20 22:30:00+00:00,6.6,83.0,9.0,0.6
2023-04-20 22:40:00+00:00,6.6,82.0,9.0,0.6
2023-04-20 22:50:00+00:00,6.5,83.0,9.0,0.6
2023-04-20 23:00:00+00:00,6.3,82.0,9.0,0.6
2023-04-20 23:10:00+00:00,6.3,83.0,9.0,0.6
2023-04-20 23:20:00+00:00,6.2,83.0,9.0,0.6
2023-04-20 23:30:00+00:00,6.2,83.0,9.0,0.6
2023-04-20 23:40:00+00:00,6.2,83.0,9.0,0.6
2023-04-20 23:50:00+00:00,6.1,83.0,9.0,0.6
2023-04-21 00:00:00+00:00,6.1,84.0,9.0,0.6
2023-04-21 00:10:00+00:00,6.0,84.0,9.0,0.6
2023-04-21 00:20:00+00:00,6.0,83.0,9.0,0.6
2023-04-21 00:30:00+00:00,5.8,83.0,9.0,0.6
2023-04-21 00:40:00+00:00,6.0,83.0,9.0,0.4
2023-04-21 00:50:00+00:00,5.8,83.0,9.0,0.4
2023-04-21 01:00:00+00:00,5.8,83.0,9.0,0.4
2023-04-21 01:10:00+00:00,5.7,83.0,9.0,0.6
2023-04-21 01:20:00+00:00,5.7,82.0,9.0,0.6
2023-04-21 01:30:00+00:00,5.6,82.0,9.0,0.6
2023-04-21 01:40:00+00:00,5.6,82.0,9.0,0.6
2023-04-21 01:50:00+00:00,5.6,82.0,9.0,0.6
2023-04-21 02:00:00+00:00,5.5,81.0,9.0,0.6
2023-04-21 02:10:00+00:00,5.3,82.0,9.0,0.6
2023-04-21 02:20:00+00:00,5.3,82.0,9.0,0.6
2023-04-21 02:30:00+00:00,5.2,82.0,9.0,0.6
2023-04-21 02:40:00+00:00,5.2,83.0,9.0,0.7
2023-04-21 02:50:00+00:00,5.1,83.0,9.0,0.9
2023-04-21 03:00:00+00:00,5.1,84.0,9.0,1.6
2023-04-21 03:10:00+00:00,5.1,85.0,9.0,2.7
2023-04-21 03:20:00+00:00,5.1,86.0,9.0,3.3
2023-04-21 03:30:00+00:00,5.1,85.0,9.0,3.4
2023-04-21 03:40:00+00:00,5.0,84.0,9.0,4.2
2023-04-21 03:50:00+00:00,5.0636363636363635,84.63636363636364,9.0,4.2
2023-04-21 04:00:00+00:00,5.127272727272727,85.27272727272727,9.0,4.2
2023-04-21 04:10:00+00:00,5.190909090909091,85.9090909090909,9.0,4.2
2023-04-21 04:20:00+00:00,5.254545454545455,86.54545454545455,9.0,4.2
2023-04-21 04:30:00+00:00,5.318181818181818,87.18181818181819,9.0,4.2
2023-04-21 04:40:00+00:00,5.381818181818182,87.81818181818181,9.0,4.2
2023-04-21 04:50:00+00:00,5.445454545454545,88.45454545454545,9.0,4.2
2023-04-21 05:00:00+00:00,5.50909090909091,89.0909090909091,9.0,4.2
2023-04-21 05:10:00+00:00,5.572727272727273,89.72727272727273,9.0,4.2
2023-04-21 05:20:00+00:00,5.636363636363637,90.36363636363636,9.0,4.2
2023-04-21 05:30:00+00:00,5.7,91.0,9.0,4.2
2023-04-21 05:40:00+00:00,5.65,90.5,9.0,4.2
2023-04-21 05:50:00+00:00,5.6,90.0,9.0,4.2
2023-04-21 06:00:00+00:00,5.8,89.0,9.0,4.2
2023-04-21 06:10:00+00:00,5.9,88.0,9.0,4.2
2023-04-21 06:20:00+00:00,6.0,87.0,9.0,4.2
2023-04-21 06:30:00+00:00,6.2,87.0,9.0,4.2
2023-04-21 06:40:00+00:00,6.3,87.0,9.0,4.2
2023-04-21 06:50:00+00:00,6.5,88.0,9.0,4.2
2023-04-21 07:00:00+00:00,6.6,87.0,9.0,4.2
2023-04-21 07:10:00+00:00,6.8,86.0,9.0,4.2
2023-04-21 07:20:00+00:00,7.1,86.0,9.1,4.2
2023-04-21 07:30:00+00:00,7.3,88.0,9.0,4.2
2023-04-21 07:40:00+00:00,7.5,90.0,9.0,4.2
2023-04-21 07:50:00+00:00,7.5,90.0,9.1,4.2
2023-04-21 08:00:00+00:00,8.0,91.0,9.1,4.2
2023-04-21 08:10:00+00:00,8.4,92.0,9.1,4.2
2023-04-21 08:20:00+00:00,8.8,92.0,9.1,4.2
2023-04-21 08:30:00+00:00,9.2,92.0,9.1,4.2
2023-04-21 08:40:00+00:00,9.8,91.0,9.1,4.2
2023-04-21 08:50:00+00:00,10.4,91.0,9.1,4.2
2023-04-21 09:00:00+00:00,11.0,91.0,9.0,4.2
2023-04-21 09:10:00+00:00,11.8,91.0,9.1,4.2
2023-04-21 09:20:00+00:00,12.3,90.0,9.1,4.2
2023-04-21 09:30:00+00:00,13.35,88.0,9.1,4.2
2023-04-21 09:40:00+00:00,14.3,88.0,9.2,4.2
2023-04-21 09:50:00+00:00,14.7,86.0,9.2,4.2
2023-04-21 10:00:00+00:00,15.1,85.0,9.2,4.2
2023-04-21 10:10:00+00:00,15.5,83.0,9.2,4.2
2023-04-21 10:20:00+00:00,15.8,83.0,9.2,4.2
2023-04-21 10:30:00+00:00,15.9,82.0,9.1,4.2
2023-04-21 10:40:00+00:00,15.1,80.0,9.1,4.2
2023-04-21 10:50:00+00:00,14.4,80.0,9.1,4.2
2023-04-21 11:00:00+00:00,13.7,79.0,9.2,4.2
2023-04-21 11:10:00+00:00,13.1,79.0,9.2,4.2
2023-04-21 11:20:00+00:00,12.7,83.0,9.2,4.2
2023-04-21 11:30:00+00:00,12.3,85.0,9.2,4.2
2023-04-21 11:40:00+00:00,12.0,86.0,9.2,4.2
2023-04-21 11:50:00+00:00,11.7,87.0,9.2,4.2
2023-04-21 12:00:00+00:00,11.5,86.0,9.2,4.2
2023-04-21 12:10:00+00:00,11.3,85.0,9.2,4.2
2023-04-21 12:20:00+00:00,11.1,84.0,9.2,4.2
2023-04-21 12:30:00+00:00,11.0,83.0,9.2,4.2
2023-04-21 12:40:00+00:00,10.8,82.0,9.2,4.2
2023-04-21 12:50:00+00:00,10.7,82.0,9.2,4.2
2023-04-21 13:00:00+00:00,10.649999999999999,82.0,9.2,4.2
2023-04-21 13:10:00+00:00,10.6,82.0,9.2,4.2
2023-04-21 13:20:00+00:00,10.4,81.0,9.2,4.2
2023-04-21 13:30:00+00:00,10.3,81.0,9.2,4.2
2023-04-21 13:40:00+00:00,10.2,81.0,9.2,4.2
2023-04-21 13:50:00+00:00,10.0,80.0,9.2,4.2
2023-04-21 14:00:00+00:00,10.0,80.0,9.2,4.2
2023-04-21 14:10:00+00:00,9.9,80.0,9.2,4.2
2023-04-21 14:20:00+00:00,9.8,80.0,9.2,4.2
2023-04-21 14:30:00+00:00,9.8,80.0,9.2,4.2
2023-04-21 14:40:00+00:00,9.8,80.0,9.2,4.2
2023-04-21 14:50:00+00:00,9.7,80.0,9.2,4.2
2023-04-21 15:00:00+00:00,9.7,80.0,9.2,4.2
2023-04-21 15:10:00+00:00,9.8,81.0,9.2,4.2
2023-04-21 15:20:00+00:00,9.8,86.0,9.2,4.2
2023-04-21 15:30:00+00:00,9.8,87.0,9.3,4.2
2023-04-21 15:40:00+00:00,9.9,86.0,9.3,4.2
2023-04-21 15:50:00+00:00,9.8,84.0,9.3,4.2
2023-04-21 16:00:00+00:00,9.6,82.0,9.2,4.2
2023-04-21 16:10:00+00:00,9.5,82.0,9.2,4.2
2023-04-21 16:20:00+00:00,9.5,81.0,9.2,4.2
2023-04-21 16:30:00+00:00,9.3,80.0,9.2,4.2
2023-04-21 16:40:00+00:00,9.1,80.0,9.2,4.2
2023-04-21 16:50:00+00:00,9.0,80.0,9.2,4.2
2023-04-21 17:00:00+00:00,8.9,80.0,9.2,4.2
2023-04-21 17:10:00+00:00,8.8,80.0,9.2,4.2
2023-04-21 17:20:00+00:00,8.8,80.0,9.2,4.2
2023-04-21 17:30:00+00:00,8.6,79.0,9.2,4.2
2023-04-21 17:40:00+00:00,8.5,79.0,9.2,4.2
2023-04-21 17:50:00+00:00,8.5,80.0,9.2,4.2
2023-04-21 18:00:00+00:00,8.3,79.0,9.2,3.7
2023-04-21 18:10:00+00:00,8.3,79.0,9.2,3.7
2023-04-21 18:20:00+00:00,8.1,80.0,9.2,3.3
2023-04-21 18:30:00+00:00,8.0,80.0,9.2,1.6
2023-04-21 18:40:00+00:00,7.9,80.0,9.2,0.9
2023-04-21 18:50:00+00:00,7.8,80.0,9.2,0.7
2023-04-21 19:00:00+00:00,7.7,80.0,9.2,0.6
2023-04-21 19:10:00+00:00,7.6,80.0,9.2,0.6
2023-04-21 19:20:00+00:00,7.5,80.0,9.2,0.6
2023-04-21 19:30:00+00:00,7.5,80.0,9.2,0.6
2023-04-21 19:40:00+00:00,7.3,80.0,9.2,0.6
2023-04-21 19:50:00+00:00,7.3,80.0,9.2,0.6
2023-04-21 20:00:00+00:00,7.1,80.0,9.2,0.4
2023-04-21 20:10:00+00:00,7.0,80.0,9.2,0.6
2023-04-21 20:20:00+00:00,7.0,80.0,9.2,0.6
2023-04-21 20:30:00+00:00,6.85,80.0,9.2,0.6
2023-04-21 20:40:00+00:00,6.7,80.0,9.3,0.6
2023-04-21 20:50:00+00:00,6.5,79.0,9.3,0.6
2023-04-21 21:00:00+00:00,6.5,79.0,9.3,0.6
2023-04-21 21:10:00+00:00,6.4,79.0,9.2,0.6
2023-04-21 21:20:00+00:00,6.3,79.0,9.3,0.6
2023-04-21 21:30:00+00:00,6.3,79.0,9.3,0.6
2023-04-21 21:40:00+00:00,6.2,79.0,9.3,0.6
2023-04-21 21:50:00+00:00,6.1,79.0,9.3,0.6
2023-04-21 22:00:00+00:00,6.0,79.0,9.3,0.4
2023-04-21 22:10:00+00:00,6.0,79.0,9.3,0.6
2023-04-21 22:20:00+00:00,5.8,79.0,9.3,0.6
2023-04-21 22:30:00+00:00,5.8,79.0,9.3,0.6
2023-04-21 22:40:00+00:00,5.8,79.0,9.3,0.6
2023-04-21 22:50:00+00:00,5.7,79.0,9.3,0.6
2023-04-21 23:00:00+00:00,5.7,79.0,9.3,0.6
2023-04-21 23:10:00+00:00,5.6,79.0,9.3,0.6
2023-04-21 23:20:00+00:00,5.5,79.0,9.3,0.6
2023-04-21 23:30:00+00:00,5.5,79.0,9.3,0.6
2023-04-21 23:40:00+00:00,5.5,79.0,9.3,0.6
2023-04-21 23:50:00+00:00,5.3,79.0,9.3,0.6
2023-04-22 00:00:00+00:00,5.3,79.0,9.3,0.6
2023-04-22 00:10:00+00:00,5.1,79.0,9.3,0.6
2023-04-22 00:20:00+00:00,5.1,79.0,9.3,0.6
2023-04-22 00:30:00+00:00,5.1,79.0,9.3,0.6
2023-04-22 00:40:00+00:00,5.0,79.0,9.3,0.6
2023-04-22 00:50:00+00:00,5.0,79.0,9.3,0.6
2023-04-22 01:00:00+00:00,5.0,79.0,9.3,0.4
2023-04-22 01:10:00+00:00,4.8,79.0,9.3,0.4
2023-04-22 01:20:00+00:00,4.8,79.0,9.3,0.6
2023-04-22 01:30:00+00:00,4.7,79.0,9.3,0.6
2023-04-22 01:40:00+00:00,4.7,79.0,9.3,0.6
2023-04-22 01:50:00+00:00,4.7,79.0,9.3,0.6
2023-04-22 02:00:00+00:00,4.6,79.0,9.3,0.6
2023-04-22 02:10:00+00:00,4.6,79.0,9.3,0.6
2023-04-22 02:20:00+00:00,4.5,79.0,9.3,0.6
2023-04-22 02:30:00+00:00,4.5,79.0,9.3,0.6
2023-04-22 02:40:00+00:00,4.5,79.0,9.3,0.7
2023-04-22 02:50:00+00:00,4.5,79.0,9.3,1.0
2023-04-22 03:00:00+00:00,4.3,79.0,9.3,1.9
2023-04-22 03:10:00+00:00,4.3,78.0,9.3,3.1
2023-04-22 03:20:00+00:00,4.3,78.0,9.3,3.5
2023-04-22 03:30:00+00:00,4.2,79.0,9.3,3.4
2023-04-22 03:40:00+00:00,4.1,78.0,9.3,4.2
2023-04-22 03:50:00+00:00,4.1,78.0,9.3,4.2
2023-04-22 04:00:00+00:00,4.1,79.0,9.3,4.2
2023-04-22 04:10:00+00:00,4.1,79.0,9.3,4.2
2023-04-22 04:20:00+00:00,4.1,79.0,9.3,4.2
2023-04-22 04:30:00+00:00,4.1,80.0,9.3,4.2
2023-04-22 04:40:00+00:00,4.3,80.0,9.3,4.2
2023-04-22 04:50:00+00:00,4.3,80.0,9.3,4.2
2023-04-22 05:00:00+00:00,4.4,80.0,9.3,4.2
2023-04-22 05:10:00+00:00,4.5,80.0,9.3,4.2
2023-04-22 05:20:00+00:00,4.5,81.0,9.3,4.2
2023-04-22 05:30:00+00:00,4.6,81.0,9.3,4.2
2023-04-22 05:40:00+00:00,4.8,81.0,9.3,4.2
2023-04-22 05:50:00+00:00,4.9,82.0,9.3,4.2
2023-04-22 06:00:00+00:00,5.1,82.0,9.3,4.2
2023-04-22 06:10:00+00:00,5.3,83.0,9.3,4.2
2023-04-22 06:20:00+00:00,5.6,83.0,9.3,4.2
2023-04-22 06:30:00+00:00,5.8,82.0,9.3,4.2
2023-04-22 06:40:00+00:00,6.0,83.0,9.3,4.2
2023-04-22 06:50:00+00:00,6.1,84.0,9.3,4.2
2023-04-22 07:00:00+00:00,6.3,84.0,9.3,4.2
2023-04-22 07:10:00+00:00,6.5,83.0,9.3,4.2
2023-04-22 07:20:00+00:00,6.9,82.0,9.3,4.2
2023-04-22 07:30:00+00:00,7.300000000000001,83.5,9.3,4.2
2023-04-22 07:40:00+00:00,7.5,85.0,9.3,4.2
2023-04-22 07:50:00+00:00,8.2,86.0,9.3,4.2
2023-04-22 08:00:00+00:00,8.7,86.0,9.3,4.2
2023-04-22 08:10:00+00:00,8.899999999999999,86.0,9.3,4.2
2023-04-22 08:20:00+00:00,9.1,86.0,9.3,4.2
2023-04-22 08:30:00+00:00,9.9,85.0,9.3,4.2
2023-04-22 08:40:00+00:00,10.6,84.0,9.3,4.2
2023-04-22 08:50:00+00:00,11.5,85.0,9.3,4.2
2023-04-22 09:00:00+00:00,12.3,85.0,9.3,4.2
2023-04-22 09:10:00+00:00,12.9,84.0,9.3,4.2
2023-04-22 09:20:00+00:00,13.5,83.0,9.3,4.2
2023-04-22 09:30:00+00:00,14.1,83.0,9.3,4.2
2023-04-22 09:40:00+00:00,14.5,82.0,9.3,4.2
2023-04-22 09:50:00+00:00,14.8,82.0,9.3,4.2
2023-04-22 10:00:00+00:00,15.2,82.0,9.3,4.2
2023-04-22 10:10:00+00:00,15.5,81.0,9.3,4.2
2023-04-22 10:20:00+00:00,16.0,82.0,9.3,4.2
2023-04-22 10:30:00+00:00,16.3,81.0,9.3,4.2
2023-04-22 10:40:00+00:00,16.1,80.0,9.3,4.2
2023-04-22 10:50:00+00:00,15.3,79.0,9.3,4.2
2023-04-22 11:00:00+00:00,14.6,79.0,9.3,4.2
2023-04-22 11:10:00+00:00,14.0,78.0,9.3,4.2
2023-04-22 11:20:00+00:00,13.5,77.0,9.3,4.2
2023-04-22 11:30:00+00:00,13.1,77.0,9.3,4.2
2023-04-22 11:40:00+00:00,12.6,78.0,9.3,4.2
2023-04-22 11:50:00+00:00,12.4,79.0,9.3,4.2
2023-04-22 12:00:00+00:00,12.1,79.0,9.3,4.2
2023-04-22 12:10:00+00:00,11.9,79.0,9.3,4.2
2023-04-22 12:20:00+00:00,11.7,79.0,9.3,4.2
2023-04-22 12:30:00+00:00,11.6,79.0,9.3,4.2
2023-04-22 12:40:00+00:00,11.3,78.0,9.3,4.2
2023-04-22 12:50:00+00:00,11.3,78.0,9.3,4.2
2023-04-22 13:00:00+00:00,11.2,78.0,9.3,4.2
2023-04-22 13:10:00+00:00,11.1,78.0,9.3,4.2
2023-04-22 13:20:00+00:00,11.0,78.0,9.3,4.2
2023-04-22 13:30:00+00:00,10.9,78.0,9.3,4.2
2023-04-22 13:40:00+00:00,10.9,78.0,9.3,4.2
2023-04-22 13:50:00+00:00,10.8,78.0,9.3,4.2
2023-04-22 14:00:00+00:00,10.7,78.0,9.3,4.2
2023-04-22 14:10:00+00:00,10.7,78.0,9.3,4.2
2023-04-22 14:20:00+00:00,10.649999999999999,77.5,9.3,4.2
2023-04-22 14:30:00+00:00,10.6,77.0,9.3,4.2
2023-04-22 14:40:00+00:00,10.6,78.0,9.3,4.2
2023-04-22 14:50:00+00:00,10.5,78.0,9.4,4.2
2023-04-22 15:00:00+00:00,10.6,77.0,9.4,4.2
2023-04-22 15:10:00+00:00,10.6,78.0,9.4,4.2
2023-04-22 15:20:00+00:00,10.6,80.0,9.4,4.2
2023-04-22 15:30:00+00:00,10.8,82.0,9.4,4.2
2023-04-22 15:40:00+00:00,10.8,82.0,9.4,4.2
2023-04-22 15:50:00+00:00,10.9,80.0,9.4,4.2
2023-04-22 16:00:00+00:00,10.8,80.0,9.4,4.2
2023-04-22 16:10:00+00:00,10.8,78.0,9.4,4.2
2023-04-22 16:20:00+00:00,10.7,77.0,9.4,4.2
2023-04-22 16:30:00+00:00,10.5,76.0,9.4,4.2
2023-04-22 16:40:00+00:00,10.5,75.0,9.4,4.2
2023-04-22 16:50:00+00:00,10.3,75.0,9.4,4.2
2023-04-22 17:00:00+00:00,10.1,75.0,9.4,4.2
2023-04-22 17:10:00+00:00,10.1,75.0,9.4,4.2
2023-04-22 17:20:00+00:00,10.0,76.0,9.4,4.2
2023-04-22 17:30:00+00:00,9.8,75.0,9.4,4.2
2023-04-22 17:40:00+00:00,9.8,76.0,9.4,4.2
2023-04-22 17:50:00+00:00,9.7,76.0,9.4,3.9
2023-04-22 18:00:00+00:00,9.6,75.0,9.4,3.8
2023-04-22 18:10:00+00:00,9.5,75.0,9.4,3.4
2023-04-22 18:20:00+00:00,9.3,75.0,9.4,2.2
2023-04-22 18:30:00+00:00,9.2,75.0,9.4,1.1
2023-04-22 18:40:00+00:00,9.0,76.0,9.4,0.8
2023-04-22 18:50:00+00:00,9.0,76.0,9.4,0.6
2023-04-22 19:00:00+00:00,8.8,76.0,9.4,0.6
2023-04-22 19:10:00+00:00,8.7,76.0,9.4,0.6
2023-04-22 19:20:00+00:00,8.6,76.0,9.4,0.6
2023-04-22 19:30:00+00:00,8.6,76.0,9.4,0.6
2023-04-22 19:40:00+00:00,8.5,76.0,9.4,0.6
2023-04-22 19:50:00+00:00,8.3,77.0,9.4,0.6
2023-04-22 20:00:00+00:00,8.2,76.0,9.4,0.6
2023-04-22 20:10:00+00:00,8.1,77.0,9.4,0.6
2023-04-22 20:20:00+00:00,8.1,76.0,9.4,0.6
2023-04-22 20:30:00+00:00,8.0,77.0,9.4,0.6
2023-04-22 20:40:00+00:00,8.0,77.0,9.4,0.6
2023-04-22 20:50:00+00:00,7.8,77.0,9.4,0.4
2023-04-22 21:00:00+00:00,7.7,77.0,9.4,0.6
2023-04-22 21:10:00+00:00,7.7,77.0,9.4,0.4
2023-04-22 21:20:00+00:00,7.6,77.0,9.4,0.6
2023-04-22 21:30:00+00:00,7.5,77.0,9.4,0.6
2023-04-22 21:40:00+00:00,7.5,77.0,9.4,0.4
2023-04-22 21:50:00+00:00,7.3,77.0,9.4,0.6
2023-04-22 22:00:00+00:00,7.3,77.0,9.4,0.6
2023-04-22 22:10:00+00:00,7.2,77.0,9.4,0.4
2023-04-22 22:20:00+00:00,7.1,77.0,9.4,0.6
2023-04-22 22:30:00+00:00,7.0,77.0,9.4,0.6
2023-04-22 22:40:00+00:00,7.0,77.0,9.4,0.6
2023-04-22 22:50:00+00:00,7.0,78.0,9.4,0.6
2023-04-22 23:00:00+00:00,6.9,77.0,9.4,0.6
2023-04-22 23:10:00+00:00,6.9,77.0,9.4,0.6
2023-04-22 23:20:00+00:00,6.8,77.0,9.4,0.6
2023-04-22 23:30:00+00:00,6.7,77.0,9.4,0.6
2023-04-22 23:40:00+00:00,6.7,78.0,9.4,0.6
2023-04-22 23:50:00+00:00,6.6,78.0,9.4,0.6
2023-04-23 00:00:00+00:00,6.6,78.0,9.4,0.6
2023-04-23 00:10:00+00:00,6.6,78.0,9.4,0.6
2023-04-23 00:20:00+00:00,6.6,78.0,9.4,0.6
2023-04-23 00:30:00+00:00,6.5,78.0,9.4,0.6
2023-04-23 00:40:00+00:00,6.5,79.0,9.4,0.6
2023-04-23 00:50:00+00:00,6.6,79.0,9.4,0.6
2023-04-23 01:00:00+00:00,6.6,79.0,9.4,0.6
2023-04-23 01:10:00+00:00,6.7,79.0,9.4,0.6
2023-04-23 01:20:00+00:00,6.6,79.0,9.4,0.6
2023-04-23 01:30:00+00:00,6.7,79.0,9.4,0.6
2023-04-23 01:40:00+00:00,6.7,79.0,9.4,0.6
2023-04-23 01:50:00+00:00,6.7,79.0,9.4,0.6
2023-04-23 02:00:00+00:00,6.8,78.0,9.4,0.6
2023-04-23 02:10:00+00:00,6.8,78.0,9.4,0.6
2023-04-23 02:20:00+00:00,7.0,78.0,9.4,0.6
2023-04-23 02:30:00+00:00,7.0,78.0,9.4,0.6
2023-04-23 02:40:00+00:00,6.9,78.0,9.4,0.7
2023-04-23 02:50:00+00:00,6.8,78.0,9.4,1.1
2023-04-23 03:00:00+00:00,6.8,78.0,9.4,2.0
2023-04-23 03:10:00+00:00,6.7,78.0,9.4,3.1
2023-04-23 03:20:00+00:00,6.7,77.0,9.4,3.6
2023-04-23 03:30:00+00:00,6.7,78.0,9.4,3.5
2023-04-23 03:40:00+00:00,6.7,78.0,9.4,4.2
2023-04-23 03:50:00+00:00,6.8,78.0,9.4,4.2
2023-04-23 04:00:00+00:00,6.7,78.0,9.4,4.2
2023-04-23 04:10:00+00:00,6.7,78.0,9.4,4.2
2023-04-23 04:20:00+00:00,6.8,78.0,9.4,4.2
2023-04-23 04:30:00+00:00,7.0,78.0,9.4,4.2
2023-04-23 04:40:00+00:00,7.0,79.0,9.4,4.2
2023-04-23 04:50:00+00:00,7.1,79.0,9.4,4.2
2023-04-23 05:00:00+00:00,7.3,80.0,9.4,4.2
2023-04-23 05:10:00+00:00,7.4,80.0,9.4,4.2
2023-04-23 05:20:00+00:00,7.5,80.0,9.4,4.2
2023-04-23 05:30:00+00:00,7.6,80.0,9.3,4.2
2023-04-23 05:40:00+00:00,7.7,80.0,9.3,4.2
2023-04-23 05:50:00+00:00,7.9,80.0,9.3,4.2
2023-04-23 06:00:00+00:00,8.1,80.0,9.3,4.2
2023-04-23 06:10:00+00:00,8.3,80.0,9.3,4.2
2023-04-23 06:20:00+00:00,8.4,80.0,9.3,4.2
2023-04-23 06:30:00+00:00,8.6,81.0,9.3,4.2
2023-04-23 06:40:00+00:00,8.8,81.0,9.3,4.2
2023-04-23 06:50:00+00:00,9.0,82.0,9.2,4.2
2023-04-23 07:00:00+00:00,9.2,81.0,9.2,4.2
2023-04-23 07:10:00+00:00,9.3,81.0,9.2,4.2
2023-04-23 07:20:00+00:00,9.7,81.0,9.2,4.2
2023-04-23 07:30:00+00:00,10.0,82.0,9.2,4.2
2023-04-23 07:40:00+00:00,10.1,82.0,9.3,4.2
2023-04-23 07:50:00+00:00,10.3,83.0,9.3,4.2
2023-04-23 08:00:00+00:00,11.0,83.0,9.3,4.2
2023-04-23 08:10:00+00:00,11.3,83.0,9.3,4.2
2023-04-23 08:20:00+00:00,11.8,83.0,9.3,4.2
2023-04-23 08:30:00+00:00,12.5,84.0,9.3,4.2
2023-04-23 08:40:00+00:00,13.3,84.0,9.3,4.2
2023-04-23 08:50:00+00:00,14.1,84.0,9.3,4.2
2023-04-23 09:00:00+00:00,14.7,84.0,9.3,4.2
2023-04-23 09:10:00+00:00,15.4,84.0,9.3,4.2
2023-04-23 09:20:00+00:00,16.0,83.0,9.3,4.2
2023-04-23 09:30:00+00:00,16.7,84.0,9.3,4.2
2023-04-23 09:40:00+00:00,17.2,84.0,9.3,4.2
2023-04-23 09:50:00+00:00,17.8,84.0,9.3,4.2
2023-04-23 10:00:00+00:00,18.3,84.0,9.3,4.2
2023-04-23 10:10:00+00:00,18.8,84.0,9.3,4.2
2023-04-23 10:20:00+00:00,19.1,84.0,9.3,4.2
2023-04-23 10:30:00+00:00,19.4,84.0,9.3,4.2
2023-04-23 10:40:00+00:00,19.6,83.0,9.2,5.7
2023-04-23 10:50:00+00:00,18.9,83.0,9.2,5.9
2023-04-23 11:00:00+00:00,18.1,81.0,9.2,4.2
2023-04-23 11:10:00+00:00,17.6,80.0,9.2,4.2
2023-04-23 11:20:00+00:00,17.1,79.0,9.2,4.2
2023-04-23 11:30:00+00:00,16.7,78.0,9.2,4.2
2023-04-23 11:40:00+00:00,16.3,77.0,9.2,4.2
2023-04-23 11:50:00+00:00,16.1,77.0,9.2,4.2
2023-04-23 12:00:00+00:00,15.9,77.0,9.3,4.2
2023-04-23 12:10:00+00:00,15.6,77.0,9.3,4.2
2023-04-23 12:20:00+00:00,15.5,77.0,9.3,4.2
2023-04-23 12:30:00+00:00,15.3,77.0,9.3,4.2
2023-04-23 12:40:00+00:00,15.1,77.0,9.3,4.2
2023-04-23 12:50:00+00:00,15.1,77.0,9.3,4.2
2023-04-23 13:00:00+00:00,15.0,77.0,9.3,4.2
2023-04-23 13:10:00+00:00,14.9,76.0,9.3,4.2
2023-04-23 13:20:00+00:00,14.8,77.0,9.3,4.2
2023-04-23 13:30:00+00:00,14.8,76.0,9.3,4.2
2023-04-23 13:40:00+00:00,14.6,76.0,9.3,4.2
2023-04-23 13:50:00+00:00,14.6,76.0,9.3,4.2
2023-04-23 14:00:00+00:00,14.6,76.0,9.3,4.2
2023-04-23 14:10:00+00:00,14.5,76.0,9.3,4.2
2023-04-23 14:20:00+00:00,14.4,76.0,9.3,4.2
2023-04-23 14:30:00+00:00,14.3,76.0,9.3,4.2
2023-04-23 14:40:00+00:00,14.3,76.0,9.3,4.2
2023-04-23 14:50:00+00:00,14.2,76.0,9.3,4.2
2023-04-23 15:00:00+00:00,14.3,76.0,9.3,4.2
2023-04-23 15:10:00+00:00,14.3,76.0,9.3,4.2
2023-04-23 15:20:00+00:00,14.4,77.0,9.3,4.2
2023-04-23 15:30:00+00:00,14.3,77.0,9.3,4.2
2023-04-23 15:40:00+00:00,14.3,77.0,9.3,4.2
2023-04-23 15:50:00+00:00,14.2,76.0,9.3,4.2
2023-04-23 16:00:00+00:00,14.1,75.0,9.3,4.2
2023-04-23 16:10:00+00:00,14.0,74.0,9.3,4.2
2023-04-23 16:20:00+00:00,13.9,74.0,9.3,4.2
2023-04-23 16:30:00+00:00,13.8,74.0,9.3,4.2
2023-04-23 16:40:00+00:00,13.7,74.0,9.3,4.2
2023-04-23 16:50:00+00:00,13.6,74.0,9.3,4.2
2023-04-23 17:00:00+00:00,13.6,74.0,9.3,4.2
2023-04-23 17:10:00+00:00,13.5,74.0,9.3,4.2
2023-04-23 17:20:00+00:00,13.4,74.0,9.3,4.2
2023-04-23 17:30:00+00:00,13.3,74.0,9.3,4.05
2023-04-23 17:40:00+00:00,13.2,74.0,9.3,3.9
2023-04-23 17:50:00+00:00,13.1,74.0,9.3,3.8
2023-04-23 18:00:00+00:00,13.0,74.0,9.3,3.2
2023-04-23 18:10:00+00:00,12.9,74.0,9.3,2.0
2023-04-23 18:20:00+00:00,12.8,75.0,9.3,1.0
2023-04-23 18:30:00+00:00,12.8,75.0,9.3,0.7
2023-04-23 18:40:00+00:00,12.7,75.0,9.3,0.6
2023-04-23 18:50:00+00:00,12.6,75.0,9.3,0.6
2023-04-23 19:00:00+00:00,12.6,75.0,9.3,0.6
2023-04-23 19:10:00+00:00,12.5,75.0,9.3,0.6
2023-04-23 19:20:00+00:00,12.4,75.0,9.3,0.6
2023-04-23 19:30:00+00:00,12.4,75.0,9.3,0.6
2023-04-23 19:40:00+00:00,12.3,75.0,9.3,0.6
2023-04-23 19:50:00+00:00,12.3,75.0,9.3,0.6
2023-04-23 20:00:00+00:00,12.2,75.0,9.3,0.6
2023-04-23 20:10:00+00:00,12.1,75.0,9.3,0.6
2023-04-23 20:20:00+00:00,12.1,75.0,9.3,0.6
2023-04-23 20:30:00+00:00,12.1,75.0,9.3,0.4
2023-04-23 20:40:00+00:00,12.05,75.5,9.3,0.5
2023-04-23 20:50:00+00:00,12.0,76.0,9.3,0.6
2023-04-23 21:00:00+00:00,11.9,75.0,9.3,0.6
2023-04-23 21:10:00+00:00,11.8,75.0,9.3,0.6
2023-04-23 21:20:00+00:00,11.8,76.0,9.3,0.6
2023-04-23 21:30:00+00:00,11.8,76.0,9.3,0.6
2023-04-23 21:40:00+00:00,11.8,76.0,9.3,0.6
2023-04-23 21:50:00+00:00,11.8,76.0,9.3,0.6
2023-04-23 22:00:00+00:00,11.7,76.0,9.3,0.6
2023-04-23 22:10:00+00:00,11.6,76.0,9.3,0.6
2023-04-23 22:20:00+00:00,11.6,76.0,9.3,0.6
2023-04-23 22:30:00+00:00,11.6,76.0,9.3,0.6
2023-04-23 22:40:00+00:00,11.6,76.0,9.3,0.6
2023-04-23 22:50:00+00:00,11.5,76.0,9.3,0.6
2023-04-23 23:00:00+00:00,11.5,76.0,9.3,0.4
2023-04-23 23:10:00+00:00,11.5,76.0,9.3,0.6
2023-04-23 23:20:00+00:00,11.5,76.0,9.3,0.6
2023-04-23 23:30:00+00:00,11.4,76.0,9.3,0.6
2023-04-23 23:40:00+00:00,11.4,76.0,9.3,0.6
2023-04-23 23:50:00+00:00,11.3,76.0,9.3,0.6
2023-04-24 00:00:00+00:00,11.3,76.0,9.3,0.6
2023-04-24 00:10:00+00:00,11.3,76.0,9.3,0.6
2023-04-24 00:20:00+00:00,11.3,76.0,9.3,0.6
2023-04-24 00:30:00+00:00,11.2,76.0,9.3,0.6
2023-04-24 00:40:00+00:00,11.1,76.0,9.3,0.6
2023-04-24 00:50:00+00:00,11.1,77.0,9.3,0.4
2023-04-24 01:00:00+00:00,11.1,77.0,9.3,0.6
2023-04-24 01:10:00+00:00,11.1,77.0,9.3,0.6
2023-04-24 01:20:00+00:00,11.1,77.0,9.3,0.6
2023-04-24 01:30:00+00:00,11.0,77.0,9.3,0.6
2023-04-24 01:40:00+00:00,11.0,77.0,9.3,0.6
2023-04-24 01:50:00+00:00,11.0,77.0,9.3,0.6
2023-04-24 02:00:00+00:00,11.0,77.0,9.3,0.6
2023-04-24 02:10:00+00:00,11.0,77.0,9.3,0.6
2023-04-24 02:20:00+00:00,10.9,77.0,9.3,0.6
2023-04-24 02:30:00+00:00,10.9,77.0,9.3,0.6
2023-04-24 02:40:00+00:00,10.9,77.0,9.3,0.6
2023-04-24 02:50:00+00:00,10.9,77.0,9.3,0.7
2023-04-24 03:00:00+00:00,10.8,77.0,9.3,1.2
2023-04-24 03:10:00+00:00,10.8,77.0,9.3,2.0
2023-04-24 03:20:00+00:00,10.7,77.0,9.3,2.8
2023-04-24 03:30:00+00:00,10.7,77.0,9.3,3.3
2023-04-24 03:40:00+00:00,10.6,77.0,9.3,3.6
2023-04-24 03:50:00+00:00,10.6,77.0,9.3,3.5
2023-04-24 04:00:00+00:00,10.6,77.0,9.3,3.5
2023-04-24 04:10:00+00:00,10.6,77.0,9.3,3.5
2023-04-24 04:20:00+00:00,10.5,77.0,9.3,4.2
2023-04-24 04:30:00+00:00,10.5,78.0,9.3,4.2
2023-04-24 04:40:00+00:00,10.5,78.0,9.3,4.2
2023-04-24 04:50:00+00:00,10.6,78.0,9.3,4.2
2023-04-24 05:00:00+00:00,10.6,78.0,9.3,4.2
2023-04-24 05:10:00+00:00,10.6,78.0,9.3,4.2
2023-04-24 05:20:00+00:00,10.6,78.0,9.3,4.2
2023-04-24 05:30:00+00:00,10.7,78.0,9.3,4.2
2023-04-24 05:40:00+00:00,10.6,78.0,9.3,4.2
2023-04-24 05:50:00+00:00,10.7,78.0,9.3,4.2
2023-04-24 06:00:00+00:00,10.7,78.0,9.3,4.2
2023-04-24 06:10:00+00:00,10.8,78.0,9.3,4.2
2023-04-24 06:20:00+00:00,10.8,79.0,9.3,4.2
2023-04-24 06:30:00+00:00,10.9,79.0,9.3,4.2
2023-04-24 06:40:00+00:00,10.9,79.0,9.3,4.2
2023-04-24 06:50:00+00:00,10.9,79.0,9.3,4.2
2023-04-24 07:00:00+00:00,10.9,78.0,9.3,4.2
2023-04-24 07:10:00+00:00,11.0,79.0,9.3,4.2
2023-04-24 07:20:00+00:00,11.1,79.0,9.3,4.2
2023-04-24 07:30:00+00:00,11.1,79.0,9.3,4.2
2023-04-24 07:40:00+00:00,11.1,79.0,9.3,4.2
2023-04-24 07:50:00+00:00,11.1,79.0,9.3,4.2
2023-04-24 08:00:00+00:00,11.2,79.0,9.3,4.2
2023-04-24 08:10:00+00:00,11.3,79.0,9.3,4.2
2023-04-24 08:20:00+00:00,11.3,79.0,9.3,4.2
2023-04-24 08:30:00+00:00,11.3,79.0,9.3,4.2
2023-04-24 08:40:00+00:00,11.3,80.0,9.3,4.2
2023-04-24 08:50:00+00:00,11.4,79.0,9.3,4.2
2023-04-24 09:00:00+00:00,11.5,80.0,9.3,4.2
2023-04-24 09:10:00+00:00,11.6,80.0,9.3,4.2
2023-04-24 09:20:00+00:00,12.3,80.0,9.3,4.2
2023-04-24 09:30:00+00:00,13.1,82.0,9.3,4.2
2023-04-24 09:40:00+00:00,14.1,84.0,9.3,4.2
2023-04-24 09:50:00+00:00,15.0,85.0,9.3,4.2
2023-04-24 10:00:00+00:00,15.3,85.0,9.3,4.2
2023-04-24 10:10:00+00:00,16.1,84.0,9.3,4.2
2023-04-24 10:20:00+00:00,16.9,85.0,9.3,4.2
2023-04-24 10:30:00+00:00,17.6,86.0,9.3,4.2
2023-04-24 10:40:00+00:00,18.0,85.0,9.3,4.2
2023-04-24 10:50:00+00:00,17.6,85.0,9.3,4.2
2023-04-24 11:00:00+00:00,17.1,85.0,9.3,4.2
2023-04-24 11:10:00+00:00,16.8,84.0,9.3,4.2
2023-04-24 11:20:00+00:00,16.5,82.0,9.3,4.2
2023-04-24 11:30:00+00:00,16.3,81.0,9.3,4.2
2023-04-24 11:40:00+00:00,16.0,80.0,9.3,4.2
2023-04-24 11:50:00+00:00,15.8,80.0,9.3,4.2
2023-04-24 12:00:00+00:00,15.7,80.0,9.3,4.2
2023-04-24 12:10:00+00:00,15.6,80.0,9.3,4.2
2023-04-24 12:20:00+00:00,15.6,81.0,9.3,4.2
2023-04-24 12:30:00+00:00,15.5,80.0,9.3,4.2
2023-04-24 12:40:00+00:00,15.5,80.0,9.3,4.2
2023-04-24 12:50:00+00:00,15.6,80.0,9.3,4.2
2023-04-24 13:00:00+00:00,15.6,81.0,9.3,4.2
2023-04-24 13:10:00+00:00,15.5,81.0,9.3,4.2
2023-04-24 13:20:00+00:00,15.5,80.0,9.3,4.2
2023-04-24 13:30:00+00:00,15.5,80.0,9.3,4.2
2023-04-24 13:40:00+00:00,15.5,81.0,9.3,4.2
2023-04-24 13:50:00+00:00,15.4,81.0,9.3,4.2
2023-04-24 14:00:00+00:00,15.3,81.0,9.3,4.2
2023-04-24 14:10:00+00:00,15.2,81.0,9.3,4.2
2023-04-24 14:20:00+00:00,15.3,80.0,9.3,4.2
2023-04-24 14:30:00+00:00,15.3,80.0,9.3,4.2
2023-04-24 14:40:00+00:00,15.2,80.0,9.3,4.2
2023-04-24 14:50:00+00:00,15.1,80.0,9.3,4.2
2023-04-24 15:00:00+00:00,15.1,80.0,9.3,4.2
2023-04-24 15:10:00+00:00,15.0,80.0,9.3,4.2
2023-04-24 15:20:00+00:00,15.0,80.0,9.3,4.2
2023-04-24 15:30:00+00:00,14.8,80.0,9.3,3.5
2023-04-24 15:40:00+00:00,14.6,80.0,9.3,3.5
2023-04-24 15:50:00+00:00,14.5,79.0,9.3,4.2
2023-04-24 16:00:00+00:00,14.3,79.0,9.3,4.2
2023-04-24 16:10:00+00:00,14.2,79.0,9.3,4.2
2023-04-24 16:20:00+00:00,14.1,79.0,9.3,4.2
2023-04-24 16:30:00+00:00,14.0,79.0,9.2,4.2
2023-04-24 16:40:00+00:00,13.9,80.0,9.2,4.2
2023-04-24 16:50:00+00:00,13.8,80.0,9.2,4.2
2023-04-24 17:00:00+00:00,13.7,80.0,9.2,4.2
2023-04-24 17:10:00+00:00,13.6,80.0,9.2,4.1
2023-04-24 17:20:00+00:00,13.5,80.0,9.2,3.5
2023-04-24 17:30:00+00:00,13.5,81.0,9.2,3.5
2023-04-24 17:40:00+00:00,13.4,81.0,9.2,3.6
2023-04-24 17:50:00+00:00,13.3,81.0,9.2,3.4
2023-04-24 18:00:00+00:00,13.3,81.0,9.2,2.8
2023-04-24 18:10:00+00:00,13.2,81.0,9.2,2.1
2023-04-24 18:20:00+00:00,13.1,81.0,9.2,1.6
2023-04-24 18:30:00+00:00,13.0,81.0,9.2,0.9
2023-04-24 18:40:00+00:00,13.0,81.0,9.2,0.7
2023-04-24 18:50:00+00:00,12.9,82.0,9.1,0.6
2023-04-24 19:00:00+00:00,12.9,82.0,9.0,0.6
2023-04-24 19:10:00+00:00,12.8,82.0,9.0,0.6
2023-04-24 19:20:00+00:00,12.7,82.0,9.0,0.6
2023-04-24 19:30:00+00:00,12.6,82.0,9.0,0.6
2023-04-24 19:40:00+00:00,12.5,82.0,9.0,0.6
2023-04-24 19:50:00+00:00,12.5,82.0,9.0,0.4
2023-04-24 20:00:00+00:00,12.3,82.0,9.0,0.6
2023-04-24 20:10:00+00:00,12.3,83.0,9.0,0.6
2023-04-24 20:20:00+00:00,12.3,83.0,9.0,0.6
2023-04-24 20:30:00+00:00,12.1,83.0,9.1,0.6
2023-04-24 20:40:00+00:00,12.1,83.0,9.1,0.6
2023-04-24 20:50:00+00:00,12.1,84.0,9.0,0.6
2023-04-24 21:00:00+00:00,12.0,84.0,9.0,0.6
2023-04-24 21:10:00+00:00,12.0,84.0,8.8,0.6
2023-04-24 21:20:00+00:00,12.0,84.0,8.7,0.6
2023-04-24 21:30:00+00:00,12.0,84.0,8.7,0.6
2023-04-24 21:40:00+00:00,12.0,85.0,8.6,0.6
2023-04-24 21:50:00+00:00,12.0,85.0,8.6,0.6
2023-04-24 22:00:00+00:00,11.9,86.0,8.7,0.6
2023-04-24 22:10:00+00:00,11.9,86.0,8.7,0.6
2023-04-24 22:20:00+00:00,11.8,86.0,8.7,0.6
2023-04-24 22:30:00+00:00,11.8,86.0,8.7,0.6
2023-04-24 22:40:00+00:00,11.8,86.0,8.7,0.6
2023-04-24 22:50:00+00:00,11.772222222222222,86.22222222222223,8.696296296296296,0.6666666666666666
2023-04-24 23:00:00+00:00,11.744444444444445,86.44444444444444,8.692592592592591,0.7333333333333333
2023-04-24 23:10:00+00:00,11.716666666666667,86.66666666666667,8.688888888888888,0.8
2023-04-24 23:20:00+00:00,11.68888888888889,86.88888888888889,8.685185185185185,0.8666666666666667
2023-04-24 23:30:00+00:00,11.661111111111111,87.11111111111111,8.68148148148148,0.9333333333333333
2023-04-24 23:40:00+00:00,11.633333333333335,87.33333333333333,8.677777777777777,1.0
2023-04-24 23:50:00+00:00,11.605555555555556,87.55555555555556,8.674074074074074,1.0666666666666667
2023-04-25 00:00:00+00:00,11.57777777777778,87.77777777777777,8.67037037037037,1.1333333333333333
2023-04-25 00:10:00+00:00,11.55,88.0,8.666666666666666,1.2
2023-04-25 00:20:00+00:00,11.522222222222222,88.22222222222223,8.662962962962963,1.2666666666666666
2023-04-25 00:30:00+00:00,11.494444444444445,88.44444444444444,8.659259259259258,1.3333333333333333
2023-04-25 00:40:00+00:00,11.466666666666667,88.66666666666667,8.655555555555555,1.4
2023-04-25 00:50:00+00:00,11.43888888888889,88.88888888888889,8.651851851851852,1.4666666666666668
2023-04-25 01:00:00+00:00,11.411111111111111,89.11111111111111,8.648148148148147,1.5333333333333332
2023-04-25 01:10:00+00:00,11.383333333333335,89.33333333333333,8.644444444444444,1.6
2023-04-25 01:20:00+00:00,11.355555555555556,89.55555555555556,8.64074074074074,1.6666666666666665
2023-04-25 01:30:00+00:00,11.32777777777778,89.77777777777777,8.637037037037036,1.7333333333333334
2023-04-25 01:40:00+00:00,11.3,90.0,8.633333333333333,1.7999999999999998
2023-04-25 01:50:00+00:00,11.272222222222222,90.22222222222223,8.62962962962963,1.8666666666666667
2023-04-25 02:00:00+00:00,11.244444444444445,90.44444444444444,8.625925925925925,1.9333333333333331
2023-04-25 02:10:00+00:00,11.216666666666667,90.66666666666667,8.622222222222222,2.0
2023-04-25 02:20:00+00:00,11.18888888888889,90.88888888888889,8.618518518518519,2.0666666666666664
2023-04-25 02:30:00+00:00,11.161111111111111,91.11111111111111,8.614814814814814,2.1333333333333333
2023-04-25 02:40:00+00:00,11.133333333333335,91.33333333333333,8.61111111111111,2.2
2023-04-25 02:50:00+00:00,,,,
2023-04-25 03:00:00+00:00,,,,
2023-04-25 03:10:00+00:00,,,,
2023-04-25 03:20:00+00:00,,,,
2023-04-25 03:30:00+00:00,,,,
2023-04-25 03:40:00+00:00,,,,
2023-04-25 03:50:00+00:00,,,,
2023-04-25 04:00:00+00:00,,,,
2023-04-25 04:10:00+00:00,,,,
2023-04-25 04:20:00+00:00,,,,
2023-04-25 04:30:00+00:00,,,,
2023-04-25 04:40:00+00:00,,,,
2023-04-25 04:50:00+00:00,,,,
2023-04-25 05:00:00+00:00,,,,
2023-04-25 05:10:00+00:00,,,,
2023-04-25 05:20:00+00:00,,,,
2023-04-25 05:30:00+00:00,,,,
2023-04-25 05:40:00+00:00,,,,
2023-04-25 05:50:00+00:00,,,,
2023-04-25 06:00:00+00:00,,,,
2023-04-25 06:10:00+00:00,,,,
2023-04-25 06:20:00+00:00,,,,
2023-04-25 06:30:00+00:00,,,,
2023-04-25 06:40:00+00:00,,,,
2023-04-25 06:50:00+00:00,,,,
2023-04-25 07:00:00+00:00,,,,
2023-04-25 07:10:00+00:00,,,,
2023-04-25 07:20:00+00:00,,,,
2023-04-25 07:30:00+00:00,,,,
2023-04-25 07:40:00+00:00,10.3,98.0,8.5,4.2
2023-04-25 07:50:00+00:00,10.2,97.0,8.5,4.2
2023-04-25 08:00:00+00:00,10.3,96.0,8.5,4.2
2023-04-25 08:10:00+00:00,10.3,95.0,8.5,4.2
2023-04-25 08:20:00+00:00,10.5,94.0,8.5,4.2
2023-04-25 08:30:00+00:00,10.6,94.0,8.6,4.2
2023-04-25 08:40:00+00:00,10.7,93.0,8.6,4.2
2023-04-25 08:50:00+00:00,11.1,93.0,8.6,4.2
2023-04-25 09:00:00+00:00,11.2,93.0,8.5,4.2
2023-04-25 09:10:00+00:00,11.2,92.0,8.5,4.2
2023-04-25 09:20:00+00:00,11.195454545454545,92.0,8.5,4.2
2023-04-25 09:30:00+00:00,11.19090909090909,92.0,8.5,4.2
2023-04-25 09:40:00+00:00,11.186363636363636,92.0,8.5,4.2
2023-04-25 09:50:00+00:00,11.181818181818182,92.0,8.5,4.2
2023-04-25 10:00:00+00:00,11.177272727272726,92.0,8.5,4.2
2023-04-25 10:10:00+00:00,11.172727272727272,92.0,8.5,4.2
2023-04-25 10:20:00+00:00,11.168181818181818,92.0,8.5,4.2
2023-04-25 10:30:00+00:00,11.163636363636362,92.0,8.5,4.2
2023-04-25 10:40:00+00:00,11.159090909090908,92.0,8.5,4.2
2023-04-25 10:50:00+00:00,11.154545454545454,92.0,8.5,4.2
2023-04-25 11:00:00+00:00,11.149999999999999,92.0,8.5,4.2
2023-04-25 11:10:00+00:00,11.145454545454545,92.0,8.5,4.2
2023-04-25 11:20:00+00:00,11.14090909090909,92.0,8.5,4.2
2023-04-25 11:30:00+00:00,11.136363636363637,92.0,8.5,4.2
2023-04-25 11:40:00+00:00,11.131818181818181,92.0,8.5,4.2
2023-04-25 11:50:00+00:00,11.127272727272727,92.0,8.5,4.2
2023-04-25 12:00:00+00:00,11.122727272727273,92.0,8.5,4.2
2023-04-25 12:10:00+00:00,11.118181818181817,92.0,8.5,4.2
2023-04-25 12:20:00+00:00,11.113636363636363,92.0,8.5,4.2
2023-04-25 12:30:00+00:00,11.10909090909091,92.0,8.5,4.2
2023-04-25 12:40:00+00:00,11.104545454545454,92.0,8.5,4.2
2023-04-25 12:50:00+00:00,11.1,92.0,8.5,4.2
2023-04-25 13:00:00+00:00,11.1,92.0,8.6,4.2
2023-04-25 13:10:00+00:00,11.065384615384614,92.01923076923077,8.601923076923077,4.2
2023-04-25 13:20:00+00:00,11.03076923076923,92.03846153846153,8.603846153846154,4.2
2023-04-25 13:30:00+00:00,10.996153846153845,92.0576923076923,8.60576923076923,4.2
2023-04-25 13:40:00+00:00,10.961538461538462,92.07692307692308,8.607692307692307,4.2
2023-04-25 13:50:00+00:00,10.926923076923076,92.09615384615384,8.609615384615385,4.2
2023-04-25 14:00:00+00:00,10.892307692307693,92.11538461538461,8.611538461538462,4.2
2023-04-25 14:10:00+00:00,10.857692307692307,92.13461538461539,8.613461538461538,4.2
2023-04-25 14:20:00+00:00,10.823076923076922,92.15384615384616,8.615384615384615,4.2
2023-04-25 14:30:00+00:00,10.788461538461538,92.17307692307692,8.617307692307692,4.2
2023-04-25 14:40:00+00:00,10.753846153846153,92.1923076923077,8.61923076923077,4.2
2023-04-25 14:50:00+00:00,10.71923076923077,92.21153846153847,8.621153846153845,4.2
2023-04-25 15:00:00+00:00,10.684615384615384,92.23076923076923,8.623076923076923,4.2
2023-04-25 15:10:00+00:00,10.65,92.25,8.625,4.2
2023-04-25 15:20:00+00:00,10.615384615384615,92.26923076923077,8.626923076923077,4.2
2023-04-25 15:30:00+00:00,10.580769230769231,92.28846153846153,8.628846153846153,4.2
2023-04-25 15:40:00+00:00,10.546153846153846,92.3076923076923,8.63076923076923,4.2
2023-04-25 15:50:00+00:00,10.51153846153846,92.32692307692308,8.632692307692308,4.2
2023-04-25 16:00:00+00:00,10.476923076923077,92.34615384615384,8.634615384615385,4.2
2023-04-25 16:10:00+00:00,10.442307692307692,92.36538461538461,8.63653846153846,4.2
2023-04-25 16:20:00+00:00,10.407692307692308,92.38461538461539,8.638461538461538,4.2
2023-04-25 16:30:00+00:00,10.373076923076923,92.40384615384616,8.640384615384615,4.2
2023-04-25 16:40:00+00:00,10.338461538461539,92.42307692307692,8.642307692307693,4.2
2023-04-25 16:50:00+00:00,10.303846153846154,92.4423076923077,8.644230769230768,4.2
2023-04-25 17:00:00+00:00,10.269230769230768,92.46153846153847,8.646153846153846,4.2
2023-04-25 17:10:00+00:00,,,,
2023-04-25 17:20:00+00:00,,,,
2023-04-25 17:30:00+00:00,,,,
2023-04-25 17:40:00+00:00,,,,
2023-04-25 17:50:00+00:00,,,,
2023-04-25 18:00:00+00:00,,,,
2023-04-25 18:10:00+00:00,,,,
2023-04-25 18:20:00+00:00,,,,
2023-04-25 18:30:00+00:00,,,,
2023-04-25 18:40:00+00:00,,,,
2023-04-25 18:50:00+00:00,,,,
2023-04-25 19:00:00+00:00,,,,
2023-04-25 19:10:00+00:00,,,,
2023-04-25 19:20:00+00:00,,,,
2023-04-25 19:30:00+00:00,,,,
2023-04-25 19:40:00+00:00,,,,
2023-04-25 19:50:00+00:00,,,,
2023-04-25 20:00:00+00:00,,,,
2023-04-25 20:10:00+00:00,,,,
2023-04-25 20:20:00+00:00,,,,
2023-04-25 20:30:00+00:00,,,,
2023-04-25 20:40:00+00:00,,,,
2023-04-25 20:50:00+00:00,,,,
2023-04-25 21:00:00+00:00,,,,
2023-04-25 21:10:00+00:00,,,,
2023-04-25 21:20:00+00:00,,,,
2023-04-25 21:30:00+00:00,,,,
2023-04-25 21:40:00+00:00,,,,
2023-04-25 21:50:00+00:00,,,,
2023-04-25 22:00:00+00:00,,,,
2023-04-25 22:10:00+00:00,,,,
2023-04-25 22:20:00+00:00,,,,
2023-04-25 22:30:00+00:00,,,,
2023-04-25 22:40:00+00:00,,,,
2023-04-25 22:50:00+00:00,,,,
2023-04-25 23:00:00+00:00,,,,
2023-04-25 23:10:00+00:00,,,,
2023-04-25 23:20:00+00:00,,,,
2023-04-25 23:30:00+00:00,,,,
2023-04-25 23:40:00+00:00,,,,
2023-04-25 23:50:00+00:00,,,,
2023-04-26 00:00:00+00:00,,,,
2023-04-26 00:10:00+00:00,,,,
2023-04-26 00:20:00+00:00,,,,
2023-04-26 00:30:00+00:00,,,,
2023-04-26 00:40:00+00:00,,,,
2023-04-26 00:50:00+00:00,,,,
2023-04-26 01:00:00+00:00,,,,
2023-04-26 01:10:00+00:00,,,,
2023-04-26 01:20:00+00:00,,,,
2023-04-26 01:30:00+00:00,,,,
2023-04-26 01:40:00+00:00,,,,
2023-04-26 01:50:00+00:00,,,,
2023-04-26 02:00:00+00:00,,,,
2023-04-26 02:10:00+00:00,,,,
2023-04-26 02:20:00+00:00,,,,
2023-04-26 02:30:00+00:00,,,,
2023-04-26 02:40:00+00:00,,,,
2023-04-26 02:50:00+00:00,,,,
2023-04-26 03:00:00+00:00,,,,
2023-04-26 03:10:00+00:00,,,,
2023-04-26 03:20:00+00:00,,,,
2023-04-26 03:30:00+00:00,,,,
2023-04-26 03:40:00+00:00,,,,
2023-04-26 03:50:00+00:00,,,,
2023-04-26 04:00:00+00:00,,,,
2023-04-26 04:10:00+00:00,,,,
2023-04-26 04:20:00+00:00,,,,
2023-04-26 04:30:00+00:00,,,,
2023-04-26 04:40:00+00:00,,,,
2023-04-26 04:50:00+00:00,,,,
2023-04-26 05:00:00+00:00,,,,
2023-04-26 05:10:00+00:00,,,,
2023-04-26 05:20:00+00:00,,,,
2023-04-26 05:30:00+00:00,,,,
2023-04-26 05:40:00+00:00,,,,
2023-04-26 05:50:00+00:00,,,,
2023-04-26 06:00:00+00:00,,,,
2023-04-26 06:10:00+00:00,,,,
2023-04-26 06:20:00+00:00,7.5,94.0,8.8,4.2
2023-04-26 06:30:00+00:00,7.6,94.0,8.8,4.2
2023-04-26 06:40:00+00:00,7.585,93.6,8.790000000000001,4.2
2023-04-26 06:50:00+00:00,7.57,93.2,8.780000000000001,4.2
2023-04-26 07:00:00+00:00,7.555,92.8,8.77,4.2
2023-04-26 07:10:00+00:00,7.54,92.4,8.76,4.2
2023-04-26 07:20:00+00:00,7.525,92.0,8.75,4.2
2023-04-26 07:30:00+00:00,7.6109375,91.8125,8.734375,4.2
2023-04-26 07:40:00+00:00,7.696875,91.625,8.71875,4.2
2023-04-26 07:50:00+00:00,7.7828125,91.4375,8.703125,4.2
2023-04-26 08:00:00+00:00,7.86875,91.25,8.6875,4.2
2023-04-26 08:10:00+00:00,7.9546875,91.0625,8.671875,4.2
2023-04-26 08:20:00+00:00,8.040625,90.875,8.65625,4.2
2023-04-26 08:30:00+00:00,8.1265625,90.6875,8.640625,4.2
2023-04-26 08:40:00+00:00,8.2125,90.5,8.625,4.2
2023-04-26 08:50:00+00:00,8.2984375,90.3125,8.609375,4.2
2023-04-26 09:00:00+00:00,8.384375,90.125,8.59375,4.2
2023-04-26 09:10:00+00:00,8.4703125,89.9375,8.578125,4.2
2023-04-26 09:20:00+00:00,8.55625,89.75,8.5625,4.2
2023-04-26 09:30:00+00:00,8.6421875,89.5625,8.546875,4.2
2023-04-26 09:40:00+00:00,8.728125,89.375,8.53125,4.2
2023-04-26 09:50:00+00:00,8.8140625,89.1875,8.515625,4.2
2023-04-26 10:00:00+00:00,8.9,89.0,8.5,4.2
2023-04-26 10:10:00+00:00,8.84,89.8,8.5,4.2
2023-04-26 10:20:00+00:00,8.78,90.6,8.5,4.2
2023-04-26 10:30:00+00:00,8.72,91.4,8.5,4.2
2023-04-26 10:40:00+00:00,8.66,92.2,8.5,4.2
2023-04-26 10:50:00+00:00,8.6,93.0,8.5,4.2
2023-04-26 11:00:00+00:00,8.55,93.0,8.55,4.2
2023-04-26 11:10:00+00:00,8.5,93.0,8.6,4.2
2023-04-26 11:20:00+00:00,8.6,94.0,8.6,4.2
2023-04-26 11:30:00+00:00,8.577272727272726,93.9090909090909,8.6,4.2
2023-04-26 11:40:00+00:00,8.554545454545455,93.81818181818181,8.6,4.2
2023-04-26 11:50:00+00:00,8.531818181818181,93.72727272727273,8.6,4.2
2023-04-26 12:00:00+00:00,8.509090909090908,93.63636363636364,8.6,4.2
2023-04-26 12:10:00+00:00,8.486363636363636,93.54545454545455,8.6,4.2
2023-04-26 12:20:00+00:00,8.463636363636363,93.45454545454545,8.6,4.2
2023-04-26 12:30:00+00:00,8.440909090909091,93.36363636363636,8.6,4.2
2023-04-26 12:40:00+00:00,8.418181818181818,93.27272727272727,8.6,4.2
2023-04-26 12:50:00+00:00,8.395454545454545,93.18181818181819,8.6,4.2
2023-04-26 13:00:00+00:00,8.372727272727273,93.0909090909091,8.6,4.2
2023-04-26 13:10:00+00:00,8.35,93.0,8.6,4.2
2023-04-26 13:20:00+00:00,8.327272727272726,92.9090909090909,8.6,4.2
2023-04-26 13:30:00+00:00,8.304545454545455,92.81818181818181,8.6,4.2
2023-04-26 13:40:00+00:00,8.281818181818181,92.72727272727273,8.6,4.2
2023-04-26 13:50:00+00:00,8.259090909090908,92.63636363636364,8.6,4.2
2023-04-26 14:00:00+00:00,8.236363636363636,92.54545454545455,8.6,4.2
2023-04-26 14:10:00+00:00,8.213636363636363,92.45454545454545,8.6,4.2
2023-04-26 14:20:00+00:00,8.190909090909091,92.36363636363636,8.6,4.2
2023-04-26 14:30:00+00:00,8.168181818181818,92.27272727272727,8.6,4.2
2023-04-26 14:40:00+00:00,8.145454545454545,92.18181818181819,8.6,4.2
2023-04-26 14:50:00+00:00,8.122727272727273,92.0909090909091,8.6,4.2
2023-04-26 15:00:00+00:00,8.1,92.0,8.6,4.2
2023-04-26 15:10:00+00:00,8.2,92.0,8.6,4.2
2023-04-26 15:20:00+00:00,8.3,92.0,8.6,4.2
2023-04-26 15:30:00+00:00,8.260714285714286,92.07142857142857,8.601190476190476,4.2
2023-04-26 15:40:00+00:00,8.221428571428572,92.14285714285714,8.602380952380951,4.2
2023-04-26 15:50:00+00:00,8.182142857142857,92.21428571428571,8.603571428571428,4.2
2023-04-26 16:00:00+00:00,8.142857142857144,92.28571428571429,8.604761904761904,4.2
2023-04-26 16:10:00+00:00,8.10357142857143,92.35714285714286,8.605952380952381,4.2
2023-04-26 16:20:00+00:00,8.064285714285715,92.42857142857143,8.607142857142858,4.2
2023-04-26 16:30:00+00:00,8.025,92.5,8.608333333333333,4.2
2023-04-26 16:40:00+00:00,7.985714285714287,92.57142857142857,8.60952380952381,4.2
2023-04-26 16:50:00+00:00,7.946428571428572,92.64285714285714,8.610714285714286,4.2
2023-04-26 17:00:00+00:00,7.9071428571428575,92.71428571428571,8.61190476190476,4.2
2023-04-26 17:10:00+00:00,7.867857142857144,92.78571428571429,8.613095238095237,4.2
2023-04-26 17:20:00+00:00,7.828571428571429,92.85714285714286,8.614285714285714,4.2
2023-04-26 17:30:00+00:00,7.789285714285715,92.92857142857143,8.61547619047619,4.2
2023-04-26 17:40:00+00:00,7.750000000000001,93.0,8.616666666666667,4.2
2023-04-26 17:50:00+00:00,7.710714285714286,93.07142857142857,8.617857142857142,4.2
2023-04-26 18:00:00+00:00,7.671428571428572,93.14285714285714,8.619047619047619,4.2
2023-04-26 18:10:00+00:00,7.632142857142858,93.21428571428571,8.620238095238095,4.2
2023-04-26 18:20:00+00:00,7.592857142857143,93.28571428571429,8.62142857142857,4.2
2023-04-26 18:30:00+00:00,7.553571428571429,93.35714285714286,8.622619047619047,4.2
2023-04-26 18:40:00+00:00,7.514285714285715,93.42857142857143,8.623809523809523,4.2
2023-04-26 18:50:00+00:00,7.4750000000000005,93.5,8.625,4.2
2023-04-26 19:00:00+00:00,7.435714285714286,93.57142857142857,8.626190476190477,4.2
2023-04-26 19:10:00+00:00,7.396428571428572,93.64285714285714,8.627380952380951,4.2
2023-04-26 19:20:00+00:00,7.357142857142858,93.71428571428571,8.628571428571428,4.2
2023-04-26 19:30:00+00:00,,,,
2023-04-26 19:40:00+00:00,,,,
2023-04-26 19:50:00+00:00,,,,
2023-04-26 20:00:00+00:00,,,,
2023-04-26 20:10:00+00:00,,,,
2023-04-26 20:20:00+00:00,,,,
2023-04-26 20:30:00+00:00,,,,
2023-04-26 20:40:00+00:00,,,,
2023-04-26 20:50:00+00:00,,,,
2023-04-26 21:00:00+00:00,,,,
2023-04-26 21:10:00+00:00,,,,
2023-04-26 21:20:00+00:00,,,,
2023-04-26 21:30:00+00:00,,,,
2023-04-26 21:40:00+00:00,,,,
2023-04-26 21:50:00+00:00,,,,
2023-04-26 22:00:00+00:00,,,,
2023-04-26 22:10:00+00:00,,,,
2023-04-26 22:20:00+00:00,,,,
2023-04-26 22:30:00+00:00,,,,
2023-04-26 22:40:00+00:00,,,,
2023-04-26 22:50:00+00:00,,,,
2023-04-26 23:00:00+00:00,,,,
2023-04-26 23:10:00+00:00,,,,
2023-04-26 23:20:00+00:00,,,,
2023-04-26 23:30:00+00:00,,,,
2023-04-26 23:40:00+00:00,,,,
2023-04-26 23:50:00+00:00,,,,
2023-04-27 00:00:00+00:00,,,,
2023-04-27 00:10:00+00:00,,,,
2023-04-27 00:20:00+00:00,,,,
2023-04-27 00:30:00+00:00,,,,
2023-04-27 00:40:00+00:00,,,,
2023-04-27 00:50:00+00:00,,,,
2023-04-27 01:00:00+00:00,,,,
2023-04-27 01:10:00+00:00,,,,
2023-04-27 01:20:00+00:00,,,,
2023-04-27 01:30:00+00:00,,,,
2023-04-27 01:40:00+00:00,,,,
2023-04-27 01:50:00+00:00,,,,
2023-04-27 02:00:00+00:00,,,,
2023-04-27 02:10:00+00:00,,,,
2023-04-27 02:20:00+00:00,,,,
2023-04-27 02:30:00+00:00,,,,
2023-04-27 02:40:00+00:00,,,,
2023-04-27 02:50:00+00:00,,,,
2023-04-27 03:00:00+00:00,,,,
2023-04-27 03:10:00+00:00,,,,
2023-04-27 03:20:00+00:00,,,,
2023-04-27 03:30:00+00:00,,,,
2023-04-27 03:40:00+00:00,,,,
2023-04-27 03:50:00+00:00,,,,
2023-04-27 04:00:00+00:00,,,,
2023-04-27 04:10:00+00:00,,,,
2023-04-27 04:20:00+00:00,,,,
2023-04-27 04:30:00+00:00,,,,
2023-04-27 04:40:00+00:00,,,,
2023-04-27 04:50:00+00:00,,,,
2023-04-27 05:00:00+00:00,,,,
2023-04-27 05:10:00+00:00,,,,
2023-04-27 05:20:00+00:00,5.0,98.0,8.7,4.2
2023-04-27 05:30:00+00:00,5.0,96.0,8.7,4.2
2023-04-27 05:40:00+00:00,5.0,96.0,8.7,4.2
2023-04-27 05:50:00+00:00,5.5,96.0,8.7,4.2
2023-04-27 06:00:00+00:00,5.5,96.0,8.7,4.2
2023-04-27 06:10:00+00:00,5.5,95.0,8.7,4.2
2023-04-27 06:20:00+00:00,5.5,95.0,8.7,4.2
2023-04-27 06:30:00+00:00,6.0,95.0,8.7,4.2
2023-04-27 06:40:00+00:00,6.0,95.0,8.7,4.2
2023-04-27 06:50:00+00:00,6.1,94.66666666666667,8.7,4.2
2023-04-27 07:00:00+00:00,6.2,94.33333333333333,8.7,4.2
2023-04-27 07:10:00+00:00,6.3,94.0,8.7,4.2
2023-04-27 07:20:00+00:00,6.2,93.0,8.7,4.2
2023-04-27 07:30:00+00:00,6.190839694656488,93.03053435114504,8.7,4.2
2023-04-27 07:40:00+00:00,6.181679389312977,93.06106870229007,8.7,4.2
2023-04-27 07:50:00+00:00,6.1725190839694655,93.09160305343511,8.7,4.2
2023-04-27 08:00:00+00:00,6.1633587786259545,93.12213740458016,8.7,4.2
2023-04-27 08:10:00+00:00,6.154198473282443,93.1526717557252,8.7,4.2
2023-04-27 08:20:00+00:00,6.145038167938932,93.18320610687023,8.7,4.2
2023-04-27 08:30:00+00:00,6.13587786259542,93.21374045801527,8.7,4.2
2023-04-27 08:40:00+00:00,6.126717557251909,93.2442748091603,8.7,4.2
2023-04-27 08:50:00+00:00,6.117557251908397,93.27480916030534,8.7,4.2
2023-04-27 09:00:00+00:00,6.108396946564886,93.30534351145039,8.7,4.2
2023-04-27 09:10:00+00:00,6.099236641221374,93.33587786259542,8.7,4.2
2023-04-27 09:20:00+00:00,6.090076335877863,93.36641221374046,8.7,4.2
2023-04-27 09:30:00+00:00,6.080916030534351,93.3969465648855,8.7,4.2
2023-04-27 09:40:00+00:00,6.07175572519084,93.42748091603053,8.7,4.2
2023-04-27 09:50:00+00:00,6.062595419847328,93.45801526717557,8.7,4.2
2023-04-27 10:00:00+00:00,6.0534351145038165,93.4885496183206,8.7,4.2
2023-04-27 10:10:00+00:00,6.044274809160306,93.51908396946565,8.7,4.2
2023-04-27 10:20:00+00:00,6.035114503816794,93.54961832061069,8.7,4.2
2023-04-27 10:30:00+00:00,6.025954198473283,93.58015267175573,8.7,4.2
2023-04-27 10:40:00+00:00,6.016793893129771,93.61068702290076,8.7,4.2
2023-04-27 10:50:00+00:00,6.00763358778626,93.6412213740458,8.7,4.2
2023-04-27 11:00:00+00:00,5.998473282442748,93.67175572519083,8.7,4.2
2023-04-27 11:10:00+00:00,5.989312977099237,93.70229007633588,8.7,4.2
2023-04-27 11:20:00+00:00,5.980152671755725,93.73282442748092,8.7,4.2
2023-04-27 11:30:00+00:00,,,,
2023-04-27 11:40:00+00:00,,,,
2023-04-27 11:50:00+00:00,,,,
2023-04-27 12:00:00+00:00,,,,
2023-04-27 12:10:00+00:00,,,,
2023-04-27 12:20:00+00:00,,,,
2023-04-27 12:30:00+00:00,,,,
2023-04-27 12:40:00+00:00,,,,
2023-04-27 12:50:00+00:00,,,,
2023-04-27 13:00:00+00:00,,,,
2023-04-27 13:10:00+00:00,,,,
2023-04-27 13:20:00+00:00,,,,
2023-04-27 13:30:00+00:00,,,,
2023-04-27 13:40:00+00:00,,,,
2023-04-27 13:50:00+00:00,,,,
2023-04-27 14:00:00+00:00,,,,
2023-04-27 14:10:00+00:00,,,,
2023-04-27 14:20:00+00:00,,,,
2023-04-27 14:30:00+00:00,,,,
2023-04-27 14:40:00+00:00,,,,
2023-04-27 14:50:00+00:00,,,,
2023-04-27 15:00:00+00:00,,,,
2023-04-27 15:10:00+00:00,,,,
2023-04-27 15:20:00+00:00,,,,
2023-04-27 15:30:00+00:00,,,,
2023-04-27 15:40:00+00:00,,,,
2023-04-27 15:50:00+00:00,,,,
2023-04-27 16:00:00+00:00,,,,
2023-04-27 16:10:00+00:00,,,,
2023-04-27 16:20:00+00:00,,,,
2023-04-27 16:30:00+00:00,,,,
2023-04-27 16:40:00+00:00,,,,
2023-04-27 16:50:00+00:00,,,,
2023-04-27 17:00:00+00:00,,,,
2023-04-27 17:10:00+00:00,,,,
2023-04-27 17:20:00+00:00,,,,
2023-04-27 17:30:00+00:00,,,,
2023-04-27 17:40:00+00:00,,,,
2023-04-27 17:50:00+00:00,,,,
2023-04-27 18:00:00+00:00,,,,
2023-04-27 18:10:00+00:00,,,,
2023-04-27 18:20:00+00:00,,,,
2023-04-27 18:30:00+00:00,,,,
2023-04-27 18:40:00+00:00,,,,
2023-04-27 18:50:00+00:00,,,,
2023-04-27 19:00:00+00:00,,,,
2023-04-27 19:10:00+00:00,,,,
2023-04-27 19:20:00+00:00,,,,
2023-04-27 19:30:00+00:00,,,,
2023-04-27 19:40:00+00:00,,,,
2023-04-27 19:50:00+00:00,,,,
2023-04-27 20:00:00+00:00,,,,
2023-04-27 20:10:00+00:00,,,,
2023-04-27 20:20:00+00:00,,,,
2023-04-27 20:30:00+00:00,,,,
2023-04-27 20:40:00+00:00,,,,
2023-04-27 20:50:00+00:00,,,,
2023-04-27 21:00:00+00:00,,,,
2023-04-27 21:10:00+00:00,,,,
2023-04-27 21:20:00+00:00,,,,
2023-04-27 21:30:00+00:00,,,,
2023-04-27 21:40:00+00:00,,,,
2023-04-27 21:50:00+00:00,,,,
2023-04-27 22:00:00+00:00,,,,
2023-04-27 22:10:00+00:00,,,,
2023-04-27 22:20:00+00:00,,,,
2023-04-27 22:30:00+00:00,,,,
2023-04-27 22:40:00+00:00,,,,
2023-04-27 22:50:00+00:00,,,,
2023-04-27 23:00:00+00:00,,,,
2023-04-27 23:10:00+00:00,,,,
2023-04-27 23:20:00+00:00,,,,
2023-04-27 23:30:00+00:00,,,,
2023-04-27 23:40:00+00:00,,,,
2023-04-27 23:50:00+00:00,,,,
2023-04-28 00:00:00+00:00,,,,
2023-04-28 00:10:00+00:00,,,,
2023-04-28 00:20:00+00:00,,,,
2023-04-28 00:30:00+00:00,,,,
2023-04-28 00:40:00+00:00,,,,
2023-04-28 00:50:00+00:00,,,,
2023-04-28 01:00:00+00:00,,,,
2023-04-28 01:10:00+00:00,,,,
2023-04-28 01:20:00+00:00,,,,
2023-04-28 01:30:00+00:00,,,,
2023-04-28 01:40:00+00:00,,,,
2023-04-28 01:50:00+00:00,,,,
2023-04-28 02:00:00+00:00,,,,
2023-04-28 02:10:00+00:00,,,,
2023-04-28 02:20:00+00:00,,,,
2023-04-28 02:30:00+00:00,,,,
2023-04-28 02:40:00+00:00,,,,
2023-04-28 02:50:00+00:00,,,,
2023-04-28 03:00:00+00:00,,,,
2023-04-28 03:10:00+00:00,,,,
2023-04-28 03:20:00+00:00,,,,
2023-04-28 03:30:00+00:00,,,,
2023-04-28 03:40:00+00:00,,,,
2023-04-28 03:50:00+00:00,,,,
2023-04-28 04:00:00+00:00,,,,
2023-04-28 04:10:00+00:00,,,,
2023-04-28 04:20:00+00:00,,,,
2023-04-28 04:30:00+00:00,,,,
2023-04-28 04:40:00+00:00,,,,
2023-04-28 04:50:00+00:00,,,,
2023-04-28 05:00:00+00:00,,,,
2023-04-28 05:10:00+00:00,5.0,97.0,8.7,4.2
2023-04-28 05:20:00+00:00,5.0,96.0,8.8,4.2
2023-04-28 05:30:00+00:00,5.0,95.0,8.8,4.2
2023-04-28 05:40:00+00:00,5.0,95.0,8.8,4.2
2023-04-28 05:50:00+00:00,5.0,95.0,8.8,4.2
2023-04-28 06:00:00+00:00,5.25,95.0,8.75,4.2
2023-04-28 06:10:00+00:00,5.5,95.0,8.7,4.2
2023-04-28 06:20:00+00:00,5.5,95.0,8.7,4.2
2023-04-28 06:30:00+00:00,5.5,95.0,8.7,4.2
2023-04-28 06:40:00+00:00,6.0,94.0,8.7,4.2
2023-04-28 06:50:00+00:00,6.0,95.0,8.7,4.2
2023-04-28 07:00:00+00:00,6.0,95.0,8.7,4.2
2023-04-28 07:10:00+00:00,6.0,95.0,8.7,4.2
2023-04-28 07:20:00+00:00,6.5,94.0,8.7,4.2
2023-04-28 07:30:00+00:00,7.0,95.0,8.7,4.2
2023-04-28 07:40:00+00:00,7.0,95.0,8.7,4.2
2023-04-28 07:50:00+00:00,7.0,95.0,8.7,4.2
2023-04-28 08:00:00+00:00,7.5,95.0,8.7,4.2
2023-04-28 08:10:00+00:00,8.5,96.0,8.7,4.2
2023-04-28 08:20:00+00:00,8.5,97.0,8.7,4.2
2023-04-28 08:30:00+00:00,9.0,97.0,8.7,4.2
2023-04-28 08:40:00+00:00,9.5,98.0,8.7,4.2
2023-04-28 08:50:00+00:00,9.5,97.0,8.7,4.2
2023-04-28 09:00:00+00:00,9.5,95.0,8.7,4.2
2023-04-28 09:10:00+00:00,9.75,94.5,8.7,4.2
2023-04-28 09:20:00+00:00,9.5,93.0,8.7,4.2
2023-04-28 09:30:00+00:00,9.5,93.0,8.7,4.2
2023-04-28 09:40:00+00:00,9.0,92.0,8.7,4.2
2023-04-28 09:50:00+00:00,9.5,92.0,8.7,4.2
2023-04-28 10:00:00+00:00,9.5,92.0,8.7,4.2
2023-04-28 10:10:00+00:00,9.0,92.0,8.7,4.2
2023-04-28 10:20:00+00:00,9.0,92.0,8.7,4.2
2023-04-28 10:30:00+00:00,9.0,91.0,8.7,4.2
2023-04-28 10:40:00+00:00,9.0,91.0,8.7,4.2
2023-04-28 10:50:00+00:00,9.0,91.0,8.7,4.2
2023-04-28 11:00:00+00:00,9.0,93.0,8.7,4.2
2023-04-28 11:10:00+00:00,9.0,95.0,8.7,4.2
2023-04-28 11:20:00+00:00,9.0,94.0,8.7,4.2
2023-04-28 11:30:00+00:00,9.5,92.0,8.7,4.2
2023-04-28 11:40:00+00:00,9.0,91.0,8.7,4.2
2023-04-28 11:50:00+00:00,9.0,92.0,8.7,4.2
2023-04-28 12:00:00+00:00,9.0,91.0,8.7,4.2
2023-04-28 12:10:00+00:00,9.0,91.0,8.7,4.2
2023-04-28 12:20:00+00:00,9.0,92.0,8.7,4.2
2023-04-28 12:30:00+00:00,9.0,92.0,8.7,4.2
2023-04-28 12:40:00+00:00,9.0,92.0,8.7,4.2
2023-04-28 12:50:00+00:00,9.0,92.0,8.7,4.2
2023-04-28 13:00:00+00:00,9.0,91.0,8.7,4.2
2023-04-28 13:10:00+00:00,9.0,91.0,8.7,4.2
2023-04-28 13:20:00+00:00,9.0,92.0,8.7,4.2
2023-04-28 13:30:00+00:00,9.0,91.0,8.7,4.2
2023-04-28 13:40:00+00:00,9.0,91.0,8.7,4.2
2023-04-28 13:50:00+00:00,9.0,91.0,8.7,4.2
2023-04-28 14:00:00+00:00,8.5,91.0,8.7,4.2
2023-04-28 14:10:00+00:00,8.5,92.0,8.6,4.2
2023-04-28 14:20:00+00:00,8.5,91.0,8.6,4.2
2023-04-28 14:30:00+00:00,8.5,91.0,8.7,4.2
2023-04-28 14:40:00+00:00,8.5,91.0,8.7,4.2
2023-04-28 14:50:00+00:00,8.5,91.0,8.7,4.2
2023-04-28 15:00:00+00:00,8.5,91.0,8.7,4.2
2023-04-28 15:10:00+00:00,8.5,92.0,8.7,4.2
2023-04-28 15:20:00+00:00,8.5,93.0,8.7,4.2
2023-04-28 15:30:00+00:00,8.5,93.0,8.7,4.2
2023-04-28 15:40:00+00:00,8.5,93.0,8.7,4.2
2023-04-28 15:50:00+00:00,8.5,93.0,8.7,4.2
2023-04-28 16:00:00+00:00,8.0,93.0,8.7,4.2
2023-04-28 16:10:00+00:00,8.5,93.0,8.7,4.2
2023-04-28 16:20:00+00:00,8.0,93.0,8.6,4.2
2023-04-28 16:30:00+00:00,8.0,93.0,8.7,4.2
2023-04-28 16:40:00+00:00,8.0,92.0,8.7,4.2
2023-04-28 16:50:00+00:00,8.0,91.0,8.7,4.2
2023-04-28 17:00:00+00:00,8.0,91.0,8.7,4.2
2023-04-28 17:10:00+00:00,8.0,91.0,8.7,4.2
2023-04-28 17:20:00+00:00,7.5,90.0,8.7,4.2
2023-04-28 17:30:00+00:00,7.5,90.0,8.7,4.2
2023-04-28 17:40:00+00:00,7.5,90.0,8.7,4.2
2023-04-28 17:50:00+00:00,7.5,90.0,8.7,4.2
2023-04-28 18:00:00+00:00,7.5,90.0,8.7,4.1
2023-04-28 18:10:00+00:00,7.5,90.0,8.7,3.4
2023-04-28 18:20:00+00:00,7.5,90.0,8.7,3.4
2023-04-28 18:30:00+00:00,7.0,90.0,8.7,2.4
2023-04-28 18:40:00+00:00,7.0,90.0,8.7,1.5
2023-04-28 18:50:00+00:00,7.0,90.0,8.7,0.7
2023-04-28 19:00:00+00:00,7.0,90.1159420289855,8.7,0.7507246376811594
2023-04-28 19:10:00+00:00,7.0,90.23188405797102,8.7,0.8014492753623188
2023-04-28 19:20:00+00:00,7.0,90.34782608695652,8.7,0.8521739130434782
2023-04-28 19:30:00+00:00,7.0,90.46376811594203,8.7,0.9028985507246376
2023-04-28 19:40:00+00:00,7.0,90.57971014492753,8.7,0.9536231884057971
2023-04-28 19:50:00+00:00,7.0,90.69565217391305,8.7,1.0043478260869565
2023-04-28 20:00:00+00:00,7.0,90.81159420289855,8.7,1.055072463768116
2023-04-28 20:10:00+00:00,7.0,90.92753623188406,8.7,1.1057971014492753
2023-04-28 20:20:00+00:00,7.0,91.04347826086956,8.7,1.1565217391304348
2023-04-28 20:30:00+00:00,7.0,91.15942028985508,8.7,1.2072463768115942
2023-04-28 20:40:00+00:00,7.0,91.27536231884058,8.7,1.2579710144927536
2023-04-28 20:50:00+00:00,7.0,91.3913043478261,8.7,1.308695652173913
2023-04-28 21:00:00+00:00,7.0,91.5072463768116,8.7,1.3594202898550725
2023-04-28 21:10:00+00:00,7.0,91.6231884057971,8.7,1.4101449275362319
2023-04-28 21:20:00+00:00,7.0,91.73913043478261,8.7,1.4608695652173913
2023-04-28 21:30:00+00:00,7.0,91.85507246376811,8.7,1.5115942028985507
2023-04-28 21:40:00+00:00,7.0,91.97101449275362,8.7,1.5623188405797102
2023-04-28 21:50:00+00:00,7.0,92.08695652173913,8.7,1.6130434782608696
2023-04-28 22:00:00+00:00,7.0,92.20289855072464,8.7,1.663768115942029
2023-04-28 22:10:00+00:00,7.0,92.31884057971014,8.7,1.7144927536231884
2023-04-28 22:20:00+00:00,7.0,92.43478260869566,8.7,1.7652173913043478
2023-04-28 22:30:00+00:00,7.0,92.55072463768116,8.7,1.8159420289855073
2023-04-28 22:40:00+00:00,7.0,92.66666666666667,8.7,1.8666666666666667
2023-04-28 22:50:00+00:00,7.0,92.78260869565217,8.7,1.9173913043478261
2023-04-28 23:00:00+00:00,,,,
2023-04-28 23:10:00+00:00,,,,
2023-04-28 23:20:00+00:00,,,,
2023-04-28 23:30:00+00:00,,,,
2023-04-28 23:40:00+00:00,,,,
2023-04-28 23:50:00+00:00,,,,
2023-04-29 00:00:00+00:00,,,,
2023-04-29 00:10:00+00:00,,,,
2023-04-29 00:20:00+00:00,,,,
2023-04-29 00:30:00+00:00,,,,
2023-04-29 00:40:00+00:00,,,,
2023-04-29 00:50:00+00:00,,,,
2023-04-29 01:00:00+00:00,,,,
2023-04-29 01:10:00+00:00,,,,
2023-04-29 01:20:00+00:00,,,,
2023-04-29 01:30:00+00:00,,,,
2023-04-29 01:40:00+00:00,,,,
2023-04-29 01:50:00+00:00,,,,
2023-04-29 02:00:00+00:00,,,,
2023-04-29 02:10:00+00:00,,,,
2023-04-29 02:20:00+00:00,,,,
2023-04-29 02:30:00+00:00,,,,
2023-04-29 02:40:00+00:00,,,,
2023-04-29 02:50:00+00:00,,,,
2023-04-29 03:00:00+00:00,,,,
2023-04-29 03:10:00+00:00,,,,
2023-04-29 03:20:00+00:00,,,,
2023-04-29 03:30:00+00:00,,,,
2023-04-29 03:40:00+00:00,,,,
2023-04-29 03:50:00+00:00,,,,
2023-04-29 04:00:00+00:00,,,,
2023-04-29 04:10:00+00:00,,,,
2023-04-29 04:20:00+00:00,,,,
2023-04-29 04:30:00+00:00,,,,
2023-04-29 04:40:00+00:00,,,,
2023-04-29 04:50:00+00:00,,,,
2023-04-29 05:00:00+00:00,,,,
2023-04-29 05:10:00+00:00,,,,
2023-04-29 05:20:00+00:00,,,,
2023-04-29 05:30:00+00:00,,,,
2023-04-29 05:40:00+00:00,,,,
2023-04-29 05:50:00+00:00,,,,
2023-04-29 06:00:00+00:00,,,,
2023-04-29 06:10:00+00:00,,,,
2023-04-29 06:20:00+00:00,7.0,98.0,8.7,4.2
2023-04-29 06:30:00+00:00,7.0,97.5,8.7,4.2
2023-04-29 06:40:00+00:00,7.0,97.0,8.7,4.2
2023-04-29 06:50:00+00:00,7.0,97.0,8.7,4.2
2023-04-29 07:00:00+00:00,7.0,97.0,8.7,4.2
2023-04-29 07:10:00+00:00,7.5,97.0,8.7,4.2
2023-04-29 07:20:00+00:00,7.5,98.0,8.7,4.2
2023-04-29 07:30:00+00:00,8.0,98.0,8.7,4.2
2023-04-29 07:40:00+00:00,8.0,98.0,8.7,4.2
2023-04-29 07:50:00+00:00,8.5,97.0,8.7,4.2
2023-04-29 08:00:00+00:00,9.0,98.0,8.7,4.2
2023-04-29 08:10:00+00:00,9.0,97.0,8.7,4.2
2023-04-29 08:20:00+00:00,9.5,96.0,8.7,4.2
2023-04-29 08:30:00+00:00,9.5,97.0,8.7,4.2
2023-04-29 08:40:00+00:00,10.0,97.0,8.7,4.2
2023-04-29 08:50:00+00:00,11.0,98.0,8.7,4.2
2023-04-29 09:00:00+00:00,11.5,98.0,8.7,4.2
2023-04-29 09:10:00+00:00,12.0,97.0,8.7,4.2
2023-04-29 09:20:00+00:00,13.0,98.0,8.7,4.2
2023-04-29 09:30:00+00:00,13.5,98.0,8.7,4.2
2023-04-29 09:40:00+00:00,13.5,98.0,8.7,4.2
2023-04-29 09:50:00+00:00,13.5,96.0,8.7,4.2
2023-04-29 10:00:00+00:00,13.5,95.0,8.7,4.2
2023-04-29 10:10:00+00:00,14.0,95.0,8.7,4.2
2023-04-29 10:20:00+00:00,15.0,97.0,8.7,4.2
2023-04-29 10:30:00+00:00,15.0,97.0,8.7,4.2
2023-04-29 10:40:00+00:00,15.0,96.0,8.7,4.2
2023-04-29 10:50:00+00:00,14.5,94.0,8.7,4.2
2023-04-29 11:00:00+00:00,14.25,93.5,8.7,4.2
2023-04-29 11:10:00+00:00,14.0,93.0,8.7,4.2
2023-04-29 11:20:00+00:00,14.0,93.0,8.7,4.2
2023-04-29 11:30:00+00:00,13.5,93.0,8.7,4.2
2023-04-29 11:40:00+00:00,13.5,93.0,8.7,4.2
2023-04-29 11:50:00+00:00,13.5,93.0,8.7,4.2
2023-04-29 12:00:00+00:00,13.5,93.0,8.7,4.2
2023-04-29 12:10:00+00:00,13.5,92.0,8.7,4.2
2023-04-29 12:20:00+00:00,13.0,93.0,8.7,4.2
2023-04-29 12:30:00+00:00,13.0,92.5,8.7,4.2
2023-04-29 12:40:00+00:00,13.0,92.0,8.7,4.2
2023-04-29 12:50:00+00:00,13.0,92.0,8.7,4.2
2023-04-29 13:00:00+00:00,13.0,92.0,8.7,4.2
2023-04-29 13:10:00+00:00,13.0,92.0,8.7,4.2
2023-04-29 13:20:00+00:00,13.0,92.0,8.7,4.2
2023-04-29 13:30:00+00:00,13.0,92.0,8.7,4.2
2023-04-29 13:40:00+00:00,13.0,92.0,8.7,4.2
2023-04-29 13:50:00+00:00,13.0,91.0,8.7,4.2
2023-04-29 14:00:00+00:00,13.0,91.0,8.7,4.2
2023-04-29 14:10:00+00:00,13.0,92.0,8.7,4.2
2023-04-29 14:20:00+00:00,13.0,91.0,8.7,4.2
2023-04-29 14:30:00+00:00,12.5,91.0,8.7,4.2
2023-04-29 14:40:00+00:00,12.5,91.0,8.7,4.2
2023-04-29 14:50:00+00:00,12.5,91.0,8.7,4.2
2023-04-29 15:00:00+00:00,12.5,91.0,8.7,4.2
2023-04-29 15:10:00+00:00,12.5,91.0,8.7,4.2
2023-04-29 15:20:00+00:00,12.5,91.0,8.7,4.2
2023-04-29 15:30:00+00:00,12.5,91.0,8.7,4.2
2023-04-29 15:40:00+00:00,12.5,91.0,8.7,4.2
2023-04-29 15:50:00+00:00,12.5,90.0,8.7,4.2
2023-04-29 16:00:00+00:00,12.5,91.0,8.7,4.2
2023-04-29 16:10:00+00:00,12.5,90.0,8.7,4.2
2023-04-29 16:20:00+00:00,12.0,90.0,8.7,4.2
2023-04-29 16:30:00+00:00,12.0,90.0,8.7,4.2
2023-04-29 16:40:00+00:00,12.0,90.0,8.8,4.2
2023-04-29 16:50:00+00:00,12.0,90.0,8.7,4.2
2023-04-29 17:00:00+00:00,12.0,90.0,8.8,4.2
2023-04-29 17:10:00+00:00,12.0,90.0,8.8,4.2
2023-04-29 17:20:00+00:00,12.0,90.0,8.7,4.2
2023-04-29 17:30:00+00:00,11.5,90.0,8.8,4.2
2023-04-29 17:40:00+00:00,11.5,90.0,8.8,3.5
2023-04-29 17:50:00+00:00,11.5,90.0,8.8,3.4
2023-04-29 18:00:00+00:00,11.5,90.0,8.8,3.5
2023-04-29 18:10:00+00:00,11.5,90.0,8.8,3.5
2023-04-29 18:20:00+00:00,11.0,89.0,8.8,3.1
2023-04-29 18:30:00+00:00,11.0,90.0,8.8,2.3
2023-04-29 18:40:00+00:00,11.0,90.0,8.8,1.5
2023-04-29 18:50:00+00:00,11.0,89.0,8.8,0.8
2023-04-29 19:00:00+00:00,11.0,90.0,8.8,0.6
2023-04-29 19:10:00+00:00,10.5,90.0,8.8,0.6
2023-04-29 19:20:00+00:00,10.5,90.0,8.8,0.6
2023-04-29 19:30:00+00:00,10.5,90.0,8.8,0.6
2023-04-29 19:40:00+00:00,10.5,90.0,8.8,0.4
2023-04-29 19:50:00+00:00,10.5,90.0,8.8,0.6
2023-04-29 20:00:00+00:00,10.5,90.0,8.8,0.6
2023-04-29 20:10:00+00:00,10.0,90.0,8.8,0.6
2023-04-29 20:20:00+00:00,10.0,90.0,8.8,0.6
2023-04-29 20:30:00+00:00,10.0,90.0,8.8,0.6
2023-04-29 20:40:00+00:00,9.5,90.0,8.8,0.6
2023-04-29 20:50:00+00:00,9.44,90.12,8.802000000000001,0.6719999999999999
2023-04-29 21:00:00+00:00,9.38,90.24,8.804,0.744
2023-04-29 21:10:00+00:00,9.32,90.36,8.806000000000001,0.8160000000000001
2023-04-29 21:20:00+00:00,9.26,90.48,8.808,0.888
2023-04-29 21:30:00+00:00,9.2,90.6,8.81,0.96
2023-04-29 21:40:00+00:00,9.14,90.72,8.812000000000001,1.032
2023-04-29 21:50:00+00:00,9.08,90.84,8.814,1.104
2023-04-29 22:00:00+00:00,9.02,90.96,8.816,1.1760000000000002
2023-04-29 22:10:00+00:00,8.96,91.08,8.818000000000001,1.2480000000000002
2023-04-29 22:20:00+00:00,8.9,91.2,8.82,1.32
2023-04-29 22:30:00+00:00,8.84,91.32,8.822000000000001,1.392
2023-04-29 22:40:00+00:00,8.78,91.44,8.824,1.464
2023-04-29 22:50:00+00:00,8.72,91.56,8.826,1.536
2023-04-29 23:00:00+00:00,8.66,91.68,8.828000000000001,1.608
2023-04-29 23:10:00+00:00,8.6,91.8,8.83,1.6800000000000002
2023-04-29 23:20:00+00:00,8.54,91.92,8.832,1.7520000000000002
2023-04-29 23:30:00+00:00,8.48,92.04,8.834000000000001,1.8240000000000003
2023-04-29 23:40:00+00:00,8.42,92.16,8.836,1.8960000000000004
2023-04-29 23:50:00+00:00,8.36,92.28,8.838000000000001,1.968
2023-04-30 00:00:00+00:00,8.3,92.4,8.84,2.04
2023-04-30 00:10:00+00:00,8.24,92.52,8.842,2.112
2023-04-30 00:20:00+00:00,8.18,92.64,8.844000000000001,2.184
2023-04-30 00:30:00+00:00,8.120000000000001,92.76,8.846,2.2560000000000002
2023-04-30 00:40:00+00:00,8.06,92.88,8.848,2.3280000000000003
2023-04-30 00:50:00+00:00,,,,
2023-04-30 01:00:00+00:00,,,,
2023-04-30 01:10:00+00:00,,,,
2023-04-30 01:20:00+00:00,,,,
2023-04-30 01:30:00+00:00,,,,
2023-04-30 01:40:00+00:00,,,,
2023-04-30 01:50:00+00:00,,,,
2023-04-30 02:00:00+00:00,,,,
2023-04-30 02:10:00+00:00,,,,
2023-04-30 02:20:00+00:00,,,,
2023-04-30 02:30:00+00:00,,,,
2023-04-30 02:40:00+00:00,,,,
2023-04-30 02:50:00+00:00,,,,
2023-04-30 03:00:00+00:00,,,,
2023-04-30 03:10:00+00:00,,,,
2023-04-30 03:20:00+00:00,,,,
2023-04-30 03:30:00+00:00,,,,
2023-04-30 03:40:00+00:00,,,,
2023-04-30 03:50:00+00:00,,,,
2023-04-30 04:00:00+00:00,,,,
2023-04-30 04:10:00+00:00,,,,
2023-04-30 04:20:00+00:00,,,,
2023-04-30 04:30:00+00:00,,,,
2023-04-30 04:40:00+00:00,,,,
2023-04-30 04:50:00+00:00,,,,
2023-04-30 05:00:00+00:00,6.5,96.0,8.9,4.2
2023-04-30 05:10:00+00:00,6.5,94.0,8.9,4.2
2023-04-30 05:20:00+00:00,6.5,94.0,8.9,4.2
2023-04-30 05:30:00+00:00,6.5,94.0,8.9,4.2
2023-04-30 05:40:00+00:00,7.0,93.0,8.9,4.2
2023-04-30 05:50:00+00:00,7.0,93.0,8.9,4.2
2023-04-30 06:00:00+00:00,7.0,93.0,8.9,4.2
2023-04-30 06:10:00+00:00,7.0,93.0,8.9,4.2
2023-04-30 06:20:00+00:00,7.5,93.0,8.9,4.2
2023-04-30 06:30:00+00:00,7.5,92.0,8.9,4.2
2023-04-30 06:40:00+00:00,7.5,93.0,8.9,4.2
2023-04-30 06:50:00+00:00,7.5,93.0,8.9,4.2
2023-04-30 07:00:00+00:00,8.0,93.0,8.9,4.2
2023-04-30 07:10:00+00:00,8.0,93.0,8.9,4.2
2023-04-30 07:20:00+00:00,8.0,93.0,8.9,4.2
2023-04-30 07:30:00+00:00,8.5,93.0,8.9,4.2
2023-04-30 07:40:00+00:00,8.5,93.0,8.9,4.2
2023-04-30 07:50:00+00:00,8.5,93.0,8.9,4.2
2023-04-30 08:00:00+00:00,8.5,93.0,8.9,4.2
2023-04-30 08:10:00+00:00,9.0,93.0,8.9,4.2
2023-04-30 08:20:00+00:00,9.5,93.0,8.9,4.2
2023-04-30 08:30:00+00:00,9.5,93.0,8.9,4.2
2023-04-30 08:40:00+00:00,9.5,93.0,8.9,4.2
2023-04-30 08:50:00+00:00,9.5,92.0,8.9,4.2
2023-04-30 09:00:00+00:00,10.25,92.0,8.9,4.2
2023-04-30 09:10:00+00:00,11.0,92.0,8.9,4.2
2023-04-30 09:20:00+00:00,11.5,93.0,8.9,4.2
2023-04-30 09:30:00+00:00,12.5,94.0,8.9,4.2
2023-04-30 09:40:00+00:00,12.5,95.0,8.8,4.2
2023-04-30 09:50:00+00:00,13.0,94.0,8.9,4.2
2023-04-30 10:00:00+00:00,13.5,95.0,8.8,4.2
2023-04-30 10:10:00+00:00,14.0,95.0,8.8,4.2
2023-04-30 10:20:00+00:00,14.5,95.5,8.8,4.2
2023-04-30 10:30:00+00:00,15.0,96.0,8.8,4.2
2023-04-30 10:40:00+00:00,15.0,96.0,8.8,4.2
2023-04-30 10:50:00+00:00,14.5,95.0,8.8,4.2
2023-04-30 11:00:00+00:00,14.0,94.0,8.8,4.2
2023-04-30 11:10:00+00:00,13.5,94.0,8.8,4.2
2023-04-30 11:20:00+00:00,13.0,93.0,8.8,4.2
2023-04-30 11:30:00+00:00,12.5,91.0,8.9,4.2
2023-04-30 11:40:00+00:00,12.0,90.0,8.8,4.2
2023-04-30 11:50:00+00:00,12.0,90.0,8.9,4.2
2023-04-30 12:00:00+00:00,11.5,91.0,8.9,4.2
2023-04-30 12:10:00+00:00,11.5,90.0,8.9,4.2
2023-04-30 12:20:00+00:00,11.5,91.0,8.9,4.2
2023-04-30 12:30:00+00:00,11.0,90.0,8.9,4.2
2023-04-30 12:40:00+00:00,11.0,90.0,8.9,4.2
2023-04-30 12:50:00+00:00,11.0,90.0,8.9,4.2
2023-04-30 13:00:00+00:00,10.5,90.0,8.9,4.2
2023-04-30 13:10:00+00:00,10.5,90.0,8.9,4.2
2023-04-30 13:20:00+00:00,10.5,90.0,8.9,4.2
2023-04-30 13:30:00+00:00,10.5,90.0,8.9,4.2
2023-04-30 13:40:00+00:00,10.0,90.0,8.9,4.2
2023-04-30 13:50:00+00:00,10.0,90.0,8.9,4.2
2023-04-30 14:00:00+00:00,10.0,90.0,8.9,4.2
2023-04-30 14:10:00+00:00,10.0,90.0,8.9,4.2
2023-04-30 14:20:00+00:00,10.0,90.0,8.9,4.2
2023-04-30 14:30:00+00:00,10.0,90.0,8.9,4.2
2023-04-30 14:40:00+00:00,10.0,90.0,8.9,4.2
2023-04-30 14:50:00+00:00,10.0,90.0,8.9,4.2
2023-04-30 15:00:00+00:00,10.0,90.0,8.9,4.2
2023-04-30 15:10:00+00:00,10.0,90.0,8.9,4.2
2023-04-30 15:20:00+00:00,10.0,90.0,8.9,4.2
2023-04-30 15:30:00+00:00,10.0,90.0,8.9,4.2
2023-04-30 15:40:00+00:00,10.0,91.0,8.9,4.2
2023-04-30 15:50:00+00:00,9.5,90.0,8.9,4.2
2023-04-30 16:00:00+00:00,9.5,90.0,8.9,4.2
2023-04-30 16:10:00+00:00,9.5,90.0,8.9,4.2
2023-04-30 16:20:00+00:00,9.5,91.0,8.9,4.2
2023-04-30 16:30:00+00:00,9.5,91.0,8.9,4.2
2023-04-30 16:40:00+00:00,9.5,90.0,8.9,4.2
2023-04-30 16:50:00+00:00,9.0,90.0,8.9,4.2
2023-04-30 17:00:00+00:00,9.0,89.0,8.9,4.2
2023-04-30 17:10:00+00:00,9.0,89.0,8.95,4.2
2023-04-30 17:20:00+00:00,9.0,89.0,9.0,4.2
2023-04-30 17:30:00+00:00,9.0,90.0,9.0,4.2
2023-04-30 17:40:00+00:00,9.0,89.0,8.9,4.2
2023-04-30 17:50:00+00:00,9.0,90.0,9.0,4.2
2023-04-30 18:00:00+00:00,8.5,90.0,9.0,4.2
2023-04-30 18:10:00+00:00,8.5,90.0,9.0,3.6
2023-04-30 18:20:00+00:00,8.5,89.0,9.0,3.6
2023-04-30 18:30:00+00:00,8.5,90.0,9.0,3.3
2023-04-30 18:40:00+00:00,8.5,89.0,9.0,2.3
2023-04-30 18:50:00+00:00,8.0,90.0,9.0,1.1
2023-04-30 19:00:00+00:00,8.0,89.0,9.0,0.8
2023-04-30 19:10:00+00:00,8.0,90.0,9.0,0.6
2023-04-30 19:20:00+00:00,8.0,90.0,9.0,0.6
2023-04-30 19:30:00+00:00,8.0,90.0,9.0,0.6
2023-04-30 19:40:00+00:00,7.5,90.0,9.0,0.6
2023-04-30 19:50:00+00:00,7.5,90.0,9.0,0.6
2023-04-30 20:00:00+00:00,7.5,90.0,9.0,0.6
2023-04-30 20:10:00+00:00,7.5,90.0,9.0,0.6
2023-04-30 20:20:00+00:00,7.5,90.0,9.0,0.6
2023-04-30 20:30:00+00:00,7.5,90.0,9.0,0.6
2023-04-30 20:40:00+00:00,7.0,90.0,9.0,0.6
2023-04-30 20:50:00+00:00,7.0,90.0,9.0,0.6
2023-04-30 21:00:00+00:00,7.0,90.0,9.0,0.6
2023-04-30 21:10:00+00:00,7.0,90.0,9.0,0.6
2023-04-30 21:20:00+00:00,7.0,90.0,9.0,0.6
2023-04-30 21:30:00+00:00,7.0,90.0,9.0,0.6
2023-04-30 21:40:00+00:00,7.0,90.0,9.0,0.6
2023-04-30 21:50:00+00:00,7.0,90.0,9.0,0.6
2023-04-30 22:00:00+00:00,6.5,90.0,9.0,0.6
2023-04-30 22:10:00+00:00,6.5,90.0,9.0,0.6
2023-04-30 22:20:00+00:00,6.5,90.0,9.0,0.6
2023-04-30 22:30:00+00:00,6.5,90.0,9.0,0.6
2023-04-30 22:40:00+00:00,6.5,90.0,9.0,0.6
2023-04-30 22:50:00+00:00,6.5,90.0,9.0,0.6
2023-04-30 23:00:00+00:00,6.5,90.0,9.0,0.6
2023-04-30 23:10:00+00:00,6.5,90.0,9.0,0.6
2023-04-30 23:20:00+00:00,6.5,90.0,9.0,0.6
2023-04-30 23:30:00+00:00,6.5,90.0,9.0,0.6
2023-04-30 23:40:00+00:00,6.0,90.0,9.0,0.6
2023-04-30 23:50:00+00:00,6.0,90.15625,9.0,0.7125
2023-05-01 00:00:00+00:00,6.0,90.3125,9.0,0.825
2023-05-01 00:10:00+00:00,6.0,90.46875,9.0,0.9375
2023-05-01 00:20:00+00:00,6.0,90.625,9.0,1.05
2023-05-01 00:30:00+00:00,6.0,90.78125,9.0,1.1625
2023-05-01 00:40:00+00:00,6.0,90.9375,9.0,1.275
2023-05-01 00:50:00+00:00,6.0,91.09375,9.0,1.3875
2023-05-01 01:00:00+00:00,6.0,91.25,9.0,1.5
2023-05-01 01:10:00+00:00,6.0,91.40625,9.0,1.6124999999999998
2023-05-01 01:20:00+00:00,6.0,91.5625,9.0,1.725
2023-05-01 01:30:00+00:00,6.0,91.71875,9.0,1.8375
2023-05-01 01:40:00+00:00,6.0,91.875,9.0,1.9500000000000002
2023-05-01 01:50:00+00:00,6.0,92.03125,9.0,2.0625
2023-05-01 02:00:00+00:00,6.0,92.1875,9.0,2.175
2023-05-01 02:10:00+00:00,6.0,92.34375,9.0,2.2875
2023-05-01 02:20:00+00:00,6.0,92.5,9.0,2.4
2023-05-01 02:30:00+00:00,6.0,92.65625,9.0,2.5125
2023-05-01 02:40:00+00:00,6.0,92.8125,9.0,2.625
2023-05-01 02:50:00+00:00,6.0,92.96875,9.0,2.7375000000000003
2023-05-01 03:00:00+00:00,6.0,93.125,9.0,2.85
2023-05-01 03:10:00+00:00,6.0,93.28125,9.0,2.9625000000000004
2023-05-01 03:20:00+00:00,6.0,93.4375,9.0,3.075
2023-05-01 03:30:00+00:00,6.0,93.59375,9.0,3.1875
2023-05-01 03:40:00+00:00,6.0,93.75,9.0,3.3000000000000003
2023-05-01 03:50:00+00:00,,,,
2023-05-01 04:00:00+00:00,,,,
2023-05-01 04:10:00+00:00,,,,
2023-05-01 04:20:00+00:00,,,,
2023-05-01 04:30:00+00:00,,,,
2023-05-01 04:40:00+00:00,,,,
2023-05-01 04:50:00+00:00,,,,
2023-05-01 05:00:00+00:00,6.0,95.0,9.0,4.2
2023-05-01 05:10:00+00:00,6.0,94.0,9.0,4.2
2023-05-01 05:20:00+00:00,6.0,94.0,9.0,4.2
2023-05-01 05:30:00+00:00,6.0,93.0,9.0,4.2
2023-05-01 05:40:00+00:00,6.5,93.0,9.0,4.2
2023-05-01 05:50:00+00:00,6.5,93.0,9.0,4.2
2023-05-01 06:00:00+00:00,6.5,93.0,9.0,4.2
2023-05-01 06:10:00+00:00,6.5,93.0,9.0,4.2
2023-05-01 06:20:00+00:00,7.0,93.0,9.0,4.2
2023-05-01 06:30:00+00:00,7.0,92.0,9.1,4.2
2023-05-01 06:40:00+00:00,7.0,93.0,9.0,4.2
2023-05-01 06:50:00+00:00,7.0,93.0,9.0,4.2
2023-05-01 07:00:00+00:00,7.0,93.0,9.0,4.2
2023-05-01 07:10:00+00:00,7.5,93.0,9.0,4.2
2023-05-01 07:20:00+00:00,7.5,93.0,9.0,4.2
2023-05-01 07:30:00+00:00,8.0,93.0,9.0,4.2
2023-05-01 07:40:00+00:00,8.0,93.0,9.0,4.2
2023-05-01 07:50:00+00:00,8.5,94.0,9.0,4.2
2023-05-01 08:00:00+00:00,9.0,94.0,9.0,4.2
2023-05-01 08:10:00+00:00,9.5,94.0,9.0,4.2
2023-05-01 08:20:00+00:00,9.5,95.0,9.0,4.2
2023-05-01 08:30:00+00:00,10.0,94.0,9.0,4.2
2023-05-01 08:40:00+00:00,10.5,95.0,9.0,4.2
2023-05-01 08:50:00+00:00,11.0,95.0,9.0,4.2
2023-05-01 09:00:00+00:00,12.0,95.0,9.0,4.2
2023-05-01 09:10:00+00:00,13.0,95.0,9.0,4.2
2023-05-01 09:20:00+00:00,13.5,96.0,9.0,4.2
2023-05-01 09:30:00+00:00,14.5,97.0,9.0,4.2
2023-05-01 09:40:00+00:00,15.0,97.0,9.0,4.2
2023-05-01 09:50:00+00:00,15.5,97.0,9.0,4.2
2023-05-01 10:00:00+00:00,16.0,96.0,9.0,4.2
2023-05-01 10:10:00+00:00,16.5,97.0,9.0,4.2
2023-05-01 10:20:00+00:00,17.0,98.0,9.0,4.2
2023-05-01 10:30:00+00:00,17.5,99.0,9.0,4.2
2023-05-01 10:40:00+00:00,18.0,98.0,9.0,4.2
2023-05-01 10:50:00+00:00,17.5,98.0,9.0,4.2
2023-05-01 11:00:00+00:00,16.5,97.0,9.0,4.2
2023-05-01 11:10:00+00:00,16.0,96.0,9.0,4.2
2023-05-01 11:20:00+00:00,15.5,93.0,9.0,4.2
2023-05-01 11:30:00+00:00,15.0,92.0,9.0,4.2
2023-05-01 11:40:00+00:00,14.5,91.0,9.0,4.2
2023-05-01 11:50:00+00:00,14.0,91.0,9.0,4.2
2023-05-01 12:00:00+00:00,14.0,90.0,9.0,4.2
2023-05-01 12:10:00+00:00,13.5,90.0,9.0,4.2
2023-05-01 12:20:00+00:00,13.5,90.0,9.1,4.2
2023-05-01 12:30:00+00:00,13.0,90.0,9.1,4.2
2023-05-01 12:40:00+00:00,13.0,90.0,9.1,4.2
2023-05-01 12:50:00+00:00,13.0,90.0,9.1,4.2
2023-05-01 13:00:00+00:00,12.5,90.0,9.1,4.2
2023-05-01 13:10:00+00:00,12.5,90.0,9.1,4.2
2023-05-01 13:20:00+00:00,12.5,90.0,9.1,4.2
2023-05-01 13:30:00+00:00,12.5,90.0,9.1,4.2
2023-05-01 13:40:00+00:00,12.5,90.0,9.1,4.2
2023-05-01 13:50:00+00:00,12.5,90.0,9.1,4.2
2023-05-01 14:00:00+00:00,12.0,89.0,9.1,4.2
2023-05-01 14:10:00+00:00,12.0,89.0,9.1,4.2
2023-05-01 14:20:00+00:00,12.0,89.0,9.1,4.2
2023-05-01 14:30:00+00:00,12.0,89.0,9.1,4.2
2023-05-01 14:40:00+00:00,12.0,89.0,9.1,4.2
2023-05-01 14:50:00+00:00,12.0,89.0,9.1,4.2
2023-05-01 15:00:00+00:00,12.0,89.0,9.1,4.2
2023-05-01 15:10:00+00:00,12.0,90.0,9.1,4.2
2023-05-01 15:20:00+00:00,12.0,91.0,9.1,4.2
2023-05-01 15:30:00+00:00,12.0,92.0,9.1,4.2
2023-05-01 15:40:00+00:00,12.5,92.0,9.1,4.2
2023-05-01 15:50:00+00:00,12.5,91.0,9.1,4.2
2023-05-01 16:00:00+00:00,12.5,90.0,9.1,4.2
2023-05-01 16:10:00+00:00,12.0,90.0,9.1,4.2
2023-05-01 16:20:00+00:00,12.0,89.0,9.1,4.2
2023-05-01 16:30:00+00:00,12.0,89.0,9.1,4.2
2023-05-01 16:40:00+00:00,12.0,88.0,9.1,4.2
2023-05-01 16:50:00+00:00,12.0,87.0,9.1,4.2
2023-05-01 17:00:00+00:00,12.0,87.0,9.1,4.2
2023-05-01 17:10:00+00:00,11.5,86.0,9.1,4.2
2023-05-01 17:20:00+00:00,11.5,86.0,9.1,4.2
2023-05-01 17:30:00+00:00,11.5,87.0,9.1,4.2
2023-05-01 17:40:00+00:00,11.5,86.0,9.1,4.2
2023-05-01 17:50:00+00:00,11.5,86.0,9.1,4.2
2023-05-01 18:00:00+00:00,11.5,86.0,9.2,3.7
2023-05-01 18:10:00+00:00,11.0,86.0,9.1,3.6
2023-05-01 18:20:00+00:00,11.0,86.0,9.1,2.9
2023-05-01 18:30:00+00:00,11.0,86.0,9.2,1.8
2023-05-01 18:40:00+00:00,10.75,86.0,9.2,1.4500000000000002
2023-05-01 18:50:00+00:00,10.5,86.0,9.2,1.1
2023-05-01 19:00:00+00:00,10.5,86.0,9.2,0.6
2023-05-01 19:10:00+00:00,10.5,86.0,9.2,0.6
2023-05-01 19:20:00+00:00,10.5,87.0,9.2,0.6
2023-05-01 19:30:00+00:00,10.0,87.0,9.2,0.6
2023-05-01 19:40:00+00:00,10.0,87.0,9.2,0.6
2023-05-01 19:50:00+00:00,10.0,87.0,9.2,0.6
2023-05-01 20:00:00+00:00,10.0,87.0,9.2,0.6
2023-05-01 20:10:00+00:00,10.0,87.0,9.2,0.6
2023-05-01 20:20:00+00:00,9.5,88.0,9.2,0.6
2023-05-01 20:30:00+00:00,9.5,87.0,9.2,0.6
2023-05-01 20:40:00+00:00,9.5,87.0,9.2,0.4
2023-05-01 20:50:00+00:00,9.5,87.0,9.2,0.4
2023-05-01 21:00:00+00:00,9.5,87.0,9.2,0.4
2023-05-01 21:10:00+00:00,9.0,88.0,9.2,0.4
2023-05-01 21:20:00+00:00,9.0,88.0,9.2,0.6
2023-05-01 21:30:00+00:00,9.0,88.0,9.2,0.6
2023-05-01 21:40:00+00:00,9.0,88.0,9.2,0.6
2023-05-01 21:50:00+00:00,9.0,88.0,9.2,0.6
2023-05-01 22:00:00+00:00,9.0,88.0,9.2,0.6
2023-05-01 22:10:00+00:00,9.0,88.0,9.2,0.4
2023-05-01 22:20:00+00:00,9.0,88.0,9.2,0.6
2023-05-01 22:30:00+00:00,9.0,88.0,9.2,0.6
2023-05-01 22:40:00+00:00,9.0,88.0,9.2,0.6
2023-05-01 22:50:00+00:00,9.0,88.0,9.2,0.6
2023-05-01 23:00:00+00:00,9.0,88.0,9.2,0.6
2023-05-01 23:10:00+00:00,9.0,88.0,9.2,0.6
2023-05-01 23:20:00+00:00,9.0,88.0,9.2,0.6
2023-05-01 23:30:00+00:00,8.5,88.0,9.2,0.6
2023-05-01 23:40:00+00:00,8.5,88.0,9.2,0.6
2023-05-01 23:50:00+00:00,8.5,88.0,9.2,0.6
2023-05-02 00:00:00+00:00,8.5,88.0,9.2,0.6
2023-05-02 00:10:00+00:00,8.5,88.0,9.2,0.4
2023-05-02 00:20:00+00:00,8.5,88.0,9.2,0.6
2023-05-02 00:30:00+00:00,8.5,88.0,9.2,0.6
2023-05-02 00:40:00+00:00,8.5,88.0,9.2,0.6
2023-05-02 00:50:00+00:00,8.5,88.0,9.2,0.6
2023-05-02 01:00:00+00:00,8.5,89.0,9.2,0.6
2023-05-02 01:10:00+00:00,8.5,88.0,9.2,0.4
2023-05-02 01:20:00+00:00,8.5,89.0,9.2,0.6
2023-05-02 01:30:00+00:00,8.5,89.0,9.2,0.4
2023-05-02 01:40:00+00:00,8.5,89.0,9.2,0.6
2023-05-02 01:50:00+00:00,8.5,89.0,9.2,0.6
2023-05-02 02:00:00+00:00,8.5,89.0,9.2,0.4
2023-05-02 02:10:00+00:00,8.0,89.0,9.2,0.6
2023-05-02 02:20:00+00:00,8.5,89.0,9.2,0.7
2023-05-02 02:30:00+00:00,8.0,89.0,9.2,1.0
2023-05-02 02:40:00+00:00,8.0,89.0,9.2,1.8
2023-05-02 02:50:00+00:00,8.0,89.0,9.2,2.9
2023-05-02 03:00:00+00:00,8.0,88.0,9.2,3.4
2023-05-02 03:10:00+00:00,8.0,89.0,9.2,3.4
2023-05-02 03:20:00+00:00,8.0,89.0,9.2,3.3
2023-05-02 03:30:00+00:00,8.0,89.0,9.2,4.2
2023-05-02 03:40:00+00:00,8.0,89.0,9.2,4.2
2023-05-02 03:50:00+00:00,8.083333333333334,89.25,9.2,4.2
2023-05-02 04:00:00+00:00,8.166666666666666,89.5,9.2,4.2
2023-05-02 04:10:00+00:00,8.25,89.75,9.2,4.2
2023-05-02 04:20:00+00:00,8.333333333333334,90.0,9.2,4.2
2023-05-02 04:30:00+00:00,8.416666666666666,90.25,9.2,4.2
2023-05-02 04:40:00+00:00,8.5,90.5,9.2,4.2
2023-05-02 04:50:00+00:00,8.583333333333334,90.75,9.2,4.2
2023-05-02 05:00:00+00:00,8.666666666666666,91.0,9.2,4.2
2023-05-02 05:10:00+00:00,8.75,91.25,9.2,4.2
2023-05-02 05:20:00+00:00,8.833333333333334,91.5,9.2,4.2
2023-05-02 05:30:00+00:00,8.916666666666666,91.75,9.2,4.2
2023-05-02 05:40:00+00:00,9.0,92.0,9.2,4.2
2023-05-02 05:50:00+00:00,9.0,91.0,9.2,4.2
2023-05-02 06:00:00+00:00,9.0,90.0,9.2,4.2
2023-05-02 06:10:00+00:00,9.0,90.0,9.2,4.2
2023-05-02 06:20:00+00:00,9.0,90.0,9.3,4.2
2023-05-02 06:30:00+00:00,9.5,90.0,9.2,4.2
2023-05-02 06:40:00+00:00,9.5,91.0,9.2,4.2
2023-05-02 06:50:00+00:00,9.5,90.0,9.3,4.2
2023-05-02 07:00:00+00:00,9.5,91.0,9.3,4.2
2023-05-02 07:10:00+00:00,10.0,91.0,9.2,4.2
2023-05-02 07:20:00+00:00,10.0,91.0,9.3,4.2
2023-05-02 07:30:00+00:00,10.5,91.0,9.3,4.2
2023-05-02 07:40:00+00:00,11.0,91.0,9.3,4.2
2023-05-02 07:50:00+00:00,11.0,91.0,9.3,4.2
2023-05-02 08:00:00+00:00,11.5,92.0,9.2,4.2
2023-05-02 08:10:00+00:00,12.0,92.0,9.3,4.2
2023-05-02 08:20:00+00:00,12.0,92.0,9.3,4.2
2023-05-02 08:30:00+00:00,12.5,93.0,9.2,4.2
2023-05-02 08:40:00+00:00,13.0,92.0,9.3,4.2
2023-05-02 08:50:00+00:00,13.5,93.0,9.3,4.2
2023-05-02 09:00:00+00:00,13.5,93.0,9.2,4.2
2023-05-02 09:10:00+00:00,13.5,92.0,9.2,4.2
2023-05-02 09:20:00+00:00,13.5,92.0,9.2,4.2
2023-05-02 09:30:00+00:00,13.5,91.0,9.2,4.2
2023-05-02 09:40:00+00:00,13.5,90.0,9.2,4.2
2023-05-02 09:50:00+00:00,13.5,90.0,9.2,4.2
2023-05-02 10:00:00+00:00,13.5,91.0,9.2,4.2
2023-05-02 10:10:00+00:00,13.5,90.0,9.2,4.2
2023-05-02 10:20:00+00:00,13.5,91.0,9.2,4.2
2023-05-02 10:30:00+00:00,13.5,91.0,9.2,4.2
2023-05-02 10:40:00+00:00,13.5,91.0,9.2,4.2
2023-05-02 10:50:00+00:00,13.5,90.0,9.2,4.2
2023-05-02 11:00:00+00:00,13.0,90.0,9.2,4.2
2023-05-02 11:10:00+00:00,13.0,90.0,9.2,4.2
2023-05-02 11:20:00+00:00,13.0,90.0,9.2,4.2
2023-05-02 11:30:00+00:00,12.5,89.0,9.2,4.2
2023-05-02 11:40:00+00:00,12.5,89.0,9.2,4.2
2023-05-02 11:50:00+00:00,12.5,89.0,9.2,4.2
2023-05-02 12:00:00+00:00,12.0,89.0,9.2,4.2
2023-05-02 12:10:00+00:00,12.0,89.0,9.2,4.2
2023-05-02 12:20:00+00:00,12.0,89.0,9.3,4.2
2023-05-02 12:30:00+00:00,12.0,89.0,9.3,4.2
2023-05-02 12:40:00+00:00,12.0,89.0,9.3,4.2
2023-05-02 12:50:00+00:00,12.0,89.0,9.3,4.2
2023-05-02 13:00:00+00:00,12.0,89.0,9.3,4.2
2023-05-02 13:10:00+00:00,11.5,89.0,9.3,4.2
2023-05-02 13:20:00+00:00,11.5,89.0,9.3,4.2
2023-05-02 13:30:00+00:00,11.5,89.0,9.3,4.2
2023-05-02 13:40:00+00:00,11.5,89.0,9.3,4.2
2023-05-02 13:50:00+00:00,11.5,89.0,9.3,4.2
2023-05-02 14:00:00+00:00,11.5,89.0,9.3,4.2
2023-05-02 14:10:00+00:00,11.5,89.0,9.3,4.2
2023-05-02 14:20:00+00:00,11.5,89.0,9.3,4.2
2023-05-02 14:30:00+00:00,11.0,89.0,9.3,4.2
2023-05-02 14:40:00+00:00,11.0,89.0,9.3,4.2
2023-05-02 14:50:00+00:00,11.0,89.0,9.3,4.2
2023-05-02 15:00:00+00:00,11.0,89.0,9.3,4.2
2023-05-02 15:10:00+00:00,11.0,89.0,9.3,4.2
2023-05-02 15:20:00+00:00,11.0,90.0,9.3,4.2
2023-05-02 15:30:00+00:00,11.0,91.0,9.3,4.2
2023-05-02 15:40:00+00:00,11.0,91.0,9.3,4.2
2023-05-02 15:50:00+00:00,11.5,91.0,9.3,4.2
2023-05-02 16:00:00+00:00,11.0,90.0,9.3,4.2
2023-05-02 16:10:00+00:00,11.0,89.0,9.3,4.2
2023-05-02 16:20:00+00:00,11.0,89.0,9.3,4.2
2023-05-02 16:30:00+00:00,11.0,89.0,9.3,4.2
2023-05-02 16:40:00+00:00,10.5,88.0,9.3,4.2
2023-05-02 16:50:00+00:00,10.5,88.0,9.3,4.2
2023-05-02 17:00:00+00:00,10.5,88.0,9.3,4.2
2023-05-02 17:10:00+00:00,10.0,87.0,9.3,4.2
2023-05-02 17:20:00+00:00,10.0,88.0,9.3,4.2
2023-05-02 17:30:00+00:00,10.0,88.0,9.3,4.2
2023-05-02 17:40:00+00:00,10.0,88.0,9.3,4.2
2023-05-02 17:50:00+00:00,10.0,88.0,9.3,4.2
2023-05-02 18:00:00+00:00,9.5,88.0,9.3,4.2
2023-05-02 18:10:00+00:00,9.5,88.0,9.3,3.4
2023-05-02 18:20:00+00:00,9.5,88.0,9.3,3.5
2023-05-02 18:30:00+00:00,9.5,88.0,9.3,3.2
2023-05-02 18:40:00+00:00,9.0,88.0,9.3,2.2
2023-05-02 18:50:00+00:00,9.0,88.0,9.3,1.2
2023-05-02 19:00:00+00:00,9.0,88.0,9.3,0.8
2023-05-02 19:10:00+00:00,9.0,89.0,9.4,0.6
2023-05-02 19:20:00+00:00,8.5,89.0,9.4,0.6
2023-05-02 19:30:00+00:00,8.5,89.0,9.4,0.6
2023-05-02 19:40:00+00:00,8.5,89.0,9.4,0.6
2023-05-02 19:50:00+00:00,8.5,89.0,9.4,0.6
2023-05-02 20:00:00+00:00,8.0,89.0,9.4,0.4
2023-05-02 20:10:00+00:00,7.971698113207547,89.09433962264151,9.4,0.4716981132075472
2023-05-02 20:20:00+00:00,7.943396226415095,89.18867924528301,9.4,0.5433962264150944
2023-05-02 20:30:00+00:00,7.915094339622642,89.28301886792453,9.4,0.6150943396226416
2023-05-02 20:40:00+00:00,7.886792452830188,89.37735849056604,9.4,0.6867924528301887
2023-05-02 20:50:00+00:00,7.8584905660377355,89.47169811320755,9.4,0.7584905660377359
2023-05-02 21:00:00+00:00,7.830188679245283,89.56603773584905,9.4,0.8301886792452831
2023-05-02 21:10:00+00:00,7.80188679245283,89.66037735849056,9.4,0.9018867924528303
2023-05-02 21:20:00+00:00,7.773584905660377,89.75471698113208,9.4,0.9735849056603775
2023-05-02 21:30:00+00:00,7.745283018867925,89.84905660377359,9.4,1.0452830188679245
2023-05-02 21:40:00+00:00,7.716981132075472,89.94339622641509,9.4,1.116981132075472
2023-05-02 21:50:00+00:00,7.688679245283019,90.0377358490566,9.4,1.188679245283019
2023-05-02 22:00:00+00:00,7.660377358490566,90.13207547169812,9.4,1.2603773584905662
2023-05-02 22:10:00+00:00,7.632075471698113,90.22641509433963,9.4,1.3320754716981134
2023-05-02 22:20:00+00:00,7.60377358490566,90.32075471698113,9.4,1.4037735849056605
2023-05-02 22:30:00+00:00,7.5754716981132075,90.41509433962264,9.4,1.4754716981132079
2023-05-02 22:40:00+00:00,7.547169811320755,90.50943396226415,9.4,1.5471698113207548
2023-05-02 22:50:00+00:00,7.518867924528302,90.60377358490567,9.4,1.6188679245283022
2023-05-02 23:00:00+00:00,7.490566037735849,90.69811320754717,9.4,1.6905660377358491
2023-05-02 23:10:00+00:00,7.462264150943396,90.79245283018868,9.4,1.7622641509433965
2023-05-02 23:20:00+00:00,7.433962264150943,90.88679245283019,9.4,1.8339622641509434
2023-05-02 23:30:00+00:00,7.40566037735849,90.98113207547169,9.4,1.9056603773584908
2023-05-02 23:40:00+00:00,7.377358490566038,91.0754716981132,9.4,1.9773584905660382
2023-05-02 23:50:00+00:00,7.349056603773585,91.16981132075472,9.4,2.049056603773585
2023-05-03 00:00:00+00:00,7.320754716981132,91.26415094339623,9.4,2.1207547169811325
2023-05-03 00:10:00+00:00,,,,
2023-05-03 00:20:00+00:00,,,,
2023-05-03 00:30:00+00:00,,,,
2023-05-03 00:40:00+00:00,,,,
2023-05-03 00:50:00+00:00,,,,
2023-05-03 01:00:00+00:00,,,,
2023-05-03 01:10:00+00:00,,,,
2023-05-03 01:20:00+00:00,,,,
2023-05-03 01:30:00+00:00,,,,
2023-05-03 01:40:00+00:00,,,,
2023-05-03 01:50:00+00:00,,,,
2023-05-03 02:00:00+00:00,,,,
2023-05-03 02:10:00+00:00,,,,
2023-05-03 02:20:00+00:00,,,,
2023-05-03 02:30:00+00:00,,,,
2023-05-03 02:40:00+00:00,,,,
2023-05-03 02:50:00+00:00,,,,
2023-05-03 03:00:00+00:00,,,,
2023-05-03 03:10:00+00:00,,,,
2023-05-03 03:20:00+00:00,,,,
2023-05-03 03:30:00+00:00,,,,
2023-05-03 03:40:00+00:00,,,,
2023-05-03 03:50:00+00:00,,,,
2023-05-03 04:00:00+00:00,,,,
2023-05-03 04:10:00+00:00,,,,
2023-05-03 04:20:00+00:00,,,,
2023-05-03 04:30:00+00:00,,,,
2023-05-03 04:40:00+00:00,,,,
2023-05-03 04:50:00+00:00,6.5,94.0,9.4,4.2
2023-05-03 05:00:00+00:00,6.5,93.0,9.4,4.2
2023-05-03 05:10:00+00:00,6.5,93.0,9.4,4.2
2023-05-03 05:20:00+00:00,6.5,92.0,9.4,4.2
2023-05-03 05:30:00+00:00,7.0,92.0,9.4,4.2
2023-05-03 05:40:00+00:00,7.0,92.0,9.4,4.2
2023-05-03 05:50:00+00:00,7.0,92.0,9.4,4.2
2023-05-03 06:00:00+00:00,7.0,92.0,9.4,4.2
2023-05-03 06:10:00+00:00,7.0,92.0,9.4,4.2
2023-05-03 06:20:00+00:00,7.5,92.0,9.4,4.2
2023-05-03 06:30:00+00:00,7.5,92.0,9.4,4.2
2023-05-03 06:40:00+00:00,7.5,92.0,9.4,4.2
2023-05-03 06:50:00+00:00,7.5,92.0,9.4,4.2
2023-05-03 07:00:00+00:00,8.0,92.0,9.4,4.2
2023-05-03 07:10:00+00:00,8.0,92.0,9.4,4.2
2023-05-03 07:20:00+00:00,8.0,92.0,9.4,4.2
2023-05-03 07:30:00+00:00,8.5,92.0,9.4,4.2
2023-05-03 07:40:00+00:00,8.5,92.0,9.4,4.2
2023-05-03 07:50:00+00:00,9.0,92.0,9.4,4.2
2023-05-03 08:00:00+00:00,9.5,93.0,9.4,4.2
2023-05-03 08:10:00+00:00,10.0,92.0,9.4,4.2
2023-05-03 08:20:00+00:00,10.0,93.0,9.4,4.2
2023-05-03 08:30:00+00:00,10.5,93.0,9.4,4.2
2023-05-03 08:40:00+00:00,11.0,93.0,9.4,4.2
2023-05-03 08:50:00+00:00,11.5,93.0,9.4,4.2
2023-05-03 09:00:00+00:00,12.0,94.0,9.4,4.2
2023-05-03 09:10:00+00:00,13.0,94.0,9.4,4.2
2023-05-03 09:20:00+00:00,14.0,94.0,9.4,4.2
2023-05-03 09:30:00+00:00,15.0,95.0,9.4,4.2
2023-05-03 09:40:00+00:00,15.5,95.0,9.4,4.2
2023-05-03 09:50:00+00:00,16.5,95.0,9.4,4.2
2023-05-03 10:00:00+00:00,17.0,97.0,9.4,4.2
2023-05-03 10:10:00+00:00,17.5,98.0,9.4,4.2
2023-05-03 10:20:00+00:00,18.0,100.0,9.4,4.2
2023-05-03 10:30:00+00:00,18.5,100.0,9.4,4.2
2023-05-03 10:40:00+00:00,19.0,100.0,9.4,4.2
2023-05-03 10:50:00+00:00,18.0,98.0,9.4,4.2
2023-05-03 11:00:00+00:00,17.5,97.0,9.4,4.2
2023-05-03 11:10:00+00:00,16.5,96.0,9.4,4.2
2023-05-03 11:20:00+00:00,16.0,94.0,9.4,4.2
2023-05-03 11:30:00+00:00,15.5,93.0,9.4,4.2
2023-05-03 11:40:00+00:00,15.0,92.0,9.4,4.2
2023-05-03 11:50:00+00:00,14.5,92.0,9.4,4.2
2023-05-03 12:00:00+00:00,14.5,91.0,9.4,4.2
2023-05-03 12:10:00+00:00,14.0,91.0,9.4,4.2
2023-05-03 12:20:00+00:00,13.5,91.0,9.5,4.2
2023-05-03 12:30:00+00:00,13.5,91.0,9.5,4.2
2023-05-03 12:40:00+00:00,13.5,91.0,9.5,4.2
2023-05-03 12:50:00+00:00,13.0,91.0,9.5,4.2
2023-05-03 13:00:00+00:00,13.0,91.0,9.5,4.2
2023-05-03 13:10:00+00:00,13.0,91.0,9.5,4.2
2023-05-03 13:20:00+00:00,12.5,90.0,9.5,4.2
2023-05-03 13:30:00+00:00,12.5,90.0,9.5,4.2
2023-05-03 13:40:00+00:00,12.5,90.0,9.5,4.2
2023-05-03 13:50:00+00:00,12.5,90.0,9.5,4.2
2023-05-03 14:00:00+00:00,12.0,90.0,9.5,4.2
2023-05-03 14:10:00+00:00,12.0,90.0,9.5,4.2
2023-05-03 14:20:00+00:00,12.0,90.0,9.5,4.2
2023-05-03 14:30:00+00:00,12.0,90.0,9.5,4.2
2023-05-03 14:40:00+00:00,12.0,89.0,9.5,4.2
2023-05-03 14:50:00+00:00,12.0,89.0,9.5,4.2
2023-05-03 15:00:00+00:00,12.0,89.0,9.5,4.2
2023-05-03 15:10:00+00:00,12.0,90.0,9.5,4.2
2023-05-03 15:20:00+00:00,12.0,91.0,9.5,4.2
2023-05-03 15:30:00+00:00,12.0,91.0,9.5,4.2
2023-05-03 15:40:00+00:00,12.0,90.0,9.5,4.2
2023-05-03 15:50:00+00:00,12.0,90.0,9.5,4.2
2023-05-03 16:00:00+00:00,11.5,90.0,9.5,4.2
2023-05-03 16:10:00+00:00,11.5,89.0,9.5,4.2
2023-05-03 16:20:00+00:00,11.5,89.0,9.5,4.2
2023-05-03 16:30:00+00:00,11.5,89.0,9.5,4.2
2023-05-03 16:40:00+00:00,11.5,89.0,9.5,4.2
2023-05-03 16:50:00+00:00,11.0,89.0,9.5,4.2
2023-05-03 17:00:00+00:00,11.0,89.0,9.5,4.2
2023-05-03 17:10:00+00:00,11.0,88.0,9.5,4.2
2023-05-03 17:20:00+00:00,11.0,88.0,9.5,4.2
2023-05-03 17:30:00+00:00,11.0,88.0,9.5,4.2
2023-05-03 17:40:00+00:00,10.5,88.0,9.5,4.2
2023-05-03 17:50:00+00:00,10.5,88.0,9.5,4.2
2023-05-03 18:00:00+00:00,10.5,88.0,9.5,4.2
2023-05-03 18:10:00+00:00,10.5,88.0,9.5,4.0
2023-05-03 18:20:00+00:00,10.0,88.0,9.5,3.5
2023-05-03 18:30:00+00:00,10.0,88.0,9.5,3.4
2023-05-03 18:40:00+00:00,10.0,88.0,9.5,2.2
2023-05-03 18:50:00+00:00,9.5,88.0,9.5,1.3
2023-05-03 19:00:00+00:00,9.5,88.0,9.5,0.8
2023-05-03 19:10:00+00:00,9.5,89.0,9.5,0.6
2023-05-03 19:20:00+00:00,9.5,88.0,9.5,0.6
2023-05-03 19:30:00+00:00,9.0,88.0,9.5,0.6
2023-05-03 19:40:00+00:00,9.0,89.0,9.5,0.6
2023-05-03 19:50:00+00:00,9.0,89.0,9.5,0.6
2023-05-03 20:00:00+00:00,9.0,89.0,9.5,0.6
2023-05-03 20:10:00+00:00,9.0,89.0,9.5,0.6
2023-05-03 20:20:00+00:00,8.5,89.0,9.5,0.6
2023-05-03 20:30:00+00:00,8.5,89.0,9.5,0.4
2023-05-03 20:40:00+00:00,8.5,89.0,9.6,0.6
2023-05-03 20:50:00+00:00,8.5,89.0,9.6,0.6
2023-05-03 21:00:00+00:00,8.5,89.0,9.6,0.6
2023-05-03 21:10:00+00:00,8.5,89.0,9.6,0.6
2023-05-03 21:20:00+00:00,8.0,89.0,9.6,0.6
2023-05-03 21:30:00+00:00,8.0,89.0,9.6,0.6
2023-05-03 21:40:00+00:00,8.0,89.0,9.6,0.6
2023-05-03 21:50:00+00:00,8.0,89.0,9.6,0.6
2023-05-03 22:00:00+00:00,8.0,89.0,9.6,0.6
2023-05-03 22:10:00+00:00,7.5,89.0,9.6,0.6
2023-05-03 22:20:00+00:00,7.5,89.0,9.6,0.6
2023-05-03 22:30:00+00:00,7.5,89.0,9.6,0.6
2023-05-03 22:40:00+00:00,7.5,89.0,9.6,0.6
2023-05-03 22:50:00+00:00,7.5,89.0,9.6,0.6
2023-05-03 23:00:00+00:00,7.0,89.0,9.6,0.6
2023-05-03 23:10:00+00:00,7.0,89.0,9.6,0.6
2023-05-03 23:20:00+00:00,7.0,89.0,9.6,0.6
2023-05-03 23:30:00+00:00,7.0,90.0,9.6,0.6
2023-05-03 23:40:00+00:00,7.0,89.0,9.6,0.4
2023-05-03 23:50:00+00:00,7.0,90.0,9.6,0.6
2023-05-04 00:00:00+00:00,7.0,90.0,9.6,0.6
2023-05-04 00:10:00+00:00,6.5,89.0,9.6,0.6
2023-05-04 00:20:00+00:00,6.5,90.0,9.6,0.4
2023-05-04 00:30:00+00:00,6.5,90.0,9.6,0.6
2023-05-04 00:40:00+00:00,6.5,89.0,9.6,0.6
2023-05-04 00:50:00+00:00,6.5,90.0,9.6,0.6
2023-05-04 01:00:00+00:00,6.5,90.0,9.6,0.6
2023-05-04 01:10:00+00:00,6.5,90.0,9.6,0.6
2023-05-04 01:20:00+00:00,6.0,90.0,9.6,0.6
2023-05-04 01:30:00+00:00,6.0,89.0,9.6,0.4
2023-05-04 01:40:00+00:00,6.0,90.0,9.6,0.6
2023-05-04 01:50:00+00:00,6.0,90.0,9.6,0.6
2023-05-04 02:00:00+00:00,6.0,90.0,9.6,0.6
2023-05-04 02:10:00+00:00,6.0,89.0,9.6,0.7
2023-05-04 02:20:00+00:00,6.01875,89.1875,9.6,0.91875
2023-05-04 02:30:00+00:00,6.0375,89.375,9.6,1.1375
2023-05-04 02:40:00+00:00,6.05625,89.5625,9.6,1.35625
2023-05-04 02:50:00+00:00,6.075,89.75,9.6,1.575
2023-05-04 03:00:00+00:00,6.09375,89.9375,9.6,1.79375
2023-05-04 03:10:00+00:00,6.1125,90.125,9.6,2.0125
2023-05-04 03:20:00+00:00,6.13125,90.3125,9.6,2.23125
2023-05-04 03:30:00+00:00,6.15,90.5,9.6,2.45
2023-05-04 03:40:00+00:00,6.16875,90.6875,9.6,2.66875
2023-05-04 03:50:00+00:00,6.1875,90.875,9.6,2.8875
2023-05-04 04:00:00+00:00,6.20625,91.0625,9.6,3.10625
2023-05-04 04:10:00+00:00,6.225,91.25,9.6,3.325
2023-05-04 04:20:00+00:00,6.2437499999999995,91.4375,9.6,3.54375
2023-05-04 04:30:00+00:00,6.2625,91.625,9.6,3.7625
2023-05-04 04:40:00+00:00,6.28125,91.8125,9.6,3.98125
2023-05-04 04:50:00+00:00,6.3,92.0,9.6,4.2
2023-05-04 05:00:00+00:00,6.1,92.0,9.6,4.2
2023-05-04 05:10:00+00:00,6.3,91.0,9.6,4.2
2023-05-04 05:20:00+00:00,6.4,91.0,9.6,4.2
2023-05-04 05:30:00+00:00,6.5,91.0,9.6,4.2
2023-05-04 05:40:00+00:00,6.6,91.0,9.6,4.2
2023-05-04 05:50:00+00:00,6.8,91.0,9.6,4.2
2023-05-04 06:00:00+00:00,7.0,91.0,9.6,4.2
2023-05-04 06:10:00+00:00,7.1,91.0,9.6,4.2
2023-05-04 06:20:00+00:00,7.3,91.0,9.6,4.2
2023-05-04 06:30:00+00:00,7.4,91.0,9.6,4.2
2023-05-04 06:40:00+00:00,7.6,91.0,9.6,4.2
2023-05-04 06:50:00+00:00,7.7,91.0,9.6,4.2
2023-05-04 07:00:00+00:00,7.8,92.0,9.6,4.2
2023-05-04 07:10:00+00:00,8.0,91.0,9.6,4.2
2023-05-04 07:20:00+00:00,8.2,92.0,9.6,4.2
2023-05-04 07:30:00+00:00,8.5,91.0,9.6,4.2
2023-05-04 07:40:00+00:00,8.8,91.0,9.6,4.2
2023-05-04 07:50:00+00:00,9.0,92.0,9.6,4.2
2023-05-04 08:00:00+00:00,9.5,93.0,9.6,4.2
2023-05-04 08:10:00+00:00,10.1,93.0,9.6,4.2
2023-05-04 08:20:00+00:00,10.2,93.0,9.6,4.2
2023-05-04 08:30:00+00:00,10.6,93.0,9.6,4.2
2023-05-04 08:40:00+00:00,11.1,93.0,9.6,4.2
2023-05-04 08:50:00+00:00,11.7,93.0,9.6,4.2
2023-05-04 09:00:00+00:00,11.9,93.0,9.6,4.2
2023-05-04 09:10:00+00:00,12.8,94.0,9.6,4.2
2023-05-04 09:20:00+00:00,13.6,94.0,9.6,4.2
2023-05-04 09:30:00+00:00,14.3,94.0,9.6,4.2
2023-05-04 09:40:00+00:00,15.2,95.0,9.6,4.2
2023-05-04 09:50:00+00:00,15.8,96.0,9.6,4.2
2023-05-04 10:00:00+00:00,16.200000000000003,96.5,9.6,4.2
2023-05-04 10:10:00+00:00,16.6,97.0,9.6,4.2
2023-05-04 10:20:00+00:00,17.0,97.0,9.5,4.2
2023-05-04 10:30:00+00:00,17.1,96.0,9.6,4.2
2023-05-04 10:40:00+00:00,17.3,96.0,9.5,4.2
2023-05-04 10:50:00+00:00,17.1,96.0,9.5,4.2
2023-05-04 11:00:00+00:00,16.5,95.0,9.5,4.2
2023-05-04 11:10:00+00:00,15.9,95.0,9.5,4.2
2023-05-04 11:20:00+00:00,15.4,94.0,9.6,4.2
2023-05-04 11:30:00+00:00,14.9,93.0,9.6,4.2
2023-05-04 11:40:00+00:00,14.5,93.0,9.6,4.2
2023-05-04 11:50:00+00:00,14.1,92.0,9.6,4.2
2023-05-04 12:00:00+00:00,13.9,92.0,9.6,4.2
2023-05-04 12:10:00+00:00,13.7,92.0,9.6,4.2
2023-05-04 12:20:00+00:00,13.5,92.0,9.6,4.2
2023-05-04 12:30:00+00:00,13.4,92.0,9.6,4.2
2023-05-04 12:40:00+00:00,13.3,92.0,9.6,4.2
2023-05-04 12:50:00+00:00,13.3,92.0,9.6,4.2
2023-05-04 13:00:00+00:00,13.1,92.0,9.6,4.2
2023-05-04 13:10:00+00:00,13.0,92.0,9.6,4.2
2023-05-04 13:20:00+00:00,12.9,92.0,9.6,4.2
2023-05-04 13:30:00+00:00,12.7,91.0,9.6,4.2
2023-05-04 13:40:00+00:00,12.6,91.0,9.6,4.2
2023-05-04 13:50:00+00:00,12.6,91.0,9.6,4.2
2023-05-04 14:00:00+00:00,12.5,91.0,9.6,4.2
2023-05-04 14:10:00+00:00,12.4,91.0,9.6,4.2
2023-05-04 14:20:00+00:00,12.3,91.0,9.6,4.2
2023-05-04 14:30:00+00:00,12.3,91.0,9.6,4.2
2023-05-04 14:40:00+00:00,12.2,90.0,9.6,4.2
2023-05-04 14:50:00+00:00,12.2,91.0,9.6,4.2
2023-05-04 15:00:00+00:00,12.1,91.0,9.6,4.2
2023-05-04 15:10:00+00:00,12.0,91.0,9.6,4.2
2023-05-04 15:20:00+00:00,11.9,90.0,9.7,4.2
2023-05-04 15:30:00+00:00,11.8,90.0,9.6,4.2
2023-05-04 15:40:00+00:00,11.8,90.0,9.7,4.2
2023-05-04 15:50:00+00:00,11.6,90.0,9.6,4.2
2023-05-04 16:00:00+00:00,11.6,90.0,9.7,4.2
2023-05-04 16:10:00+00:00,11.5,90.0,9.7,4.2
2023-05-04 16:20:00+00:00,11.4,90.0,9.7,4.2
2023-05-04 16:30:00+00:00,11.3,90.0,9.7,4.2
2023-05-04 16:40:00+00:00,11.2,90.0,9.7,4.2
2023-05-04 16:50:00+00:00,11.1,90.0,9.7,4.2
2023-05-04 17:00:00+00:00,11.0,90.0,9.7,4.2
2023-05-04 17:10:00+00:00,10.9,89.0,9.7,4.2
2023-05-04 17:20:00+00:00,10.8,90.0,9.7,4.2
2023-05-04 17:30:00+00:00,10.8,89.0,9.7,4.2
2023-05-04 17:40:00+00:00,10.6,89.0,9.7,4.2
2023-05-04 17:50:00+00:00,10.5,89.0,9.7,4.2
2023-05-04 18:00:00+00:00,10.3,89.0,9.7,4.2
2023-05-04 18:10:00+00:00,10.3,90.0,9.7,3.5
2023-05-04 18:20:00+00:00,10.1,89.0,9.7,3.5
2023-05-04 18:30:00+00:00,10.1,89.0,9.7,3.6
2023-05-04 18:40:00+00:00,10.0,89.0,9.7,2.6
2023-05-04 18:50:00+00:00,9.9,89.0,9.7,1.6
2023-05-04 19:00:00+00:00,9.8,89.0,9.7,0.9
2023-05-04 19:10:00+00:00,9.7,89.0,9.7,0.5
2023-05-04 19:20:00+00:00,9.7,89.0,9.7,0.6
2023-05-04 19:30:00+00:00,9.6,89.0,9.7,0.4
2023-05-04 19:40:00+00:00,9.5,89.0,9.7,0.4
2023-05-04 19:50:00+00:00,9.4,90.0,9.7,0.6
2023-05-04 20:00:00+00:00,9.4,90.0,9.7,0.6
2023-05-04 20:10:00+00:00,9.4,89.0,9.7,0.6
2023-05-04 20:20:00+00:00,9.3,90.0,9.7,0.6
2023-05-04 20:30:00+00:00,9.3,90.0,9.7,0.6
2023-05-04 20:40:00+00:00,9.3,90.0,9.7,0.6
2023-05-04 20:50:00+00:00,9.2,90.0,9.7,0.6
2023-05-04 21:00:00+00:00,9.1,90.0,9.7,0.6
2023-05-04 21:10:00+00:00,9.0,90.0,9.7,0.6
2023-05-04 21:20:00+00:00,9.0,90.0,9.7,0.6
2023-05-04 21:30:00+00:00,9.0,90.0,9.7,0.6
2023-05-04 21:40:00+00:00,8.9,90.0,9.7,0.6
2023-05-04 21:50:00+00:00,8.8,90.0,9.7,0.6
2023-05-04 22:00:00+00:00,8.8,90.0,9.7,0.6
2023-05-04 22:10:00+00:00,8.7,90.0,9.7,0.6
2023-05-04 22:20:00+00:00,8.7,90.0,9.7,0.6
2023-05-04 22:30:00+00:00,8.6,90.0,9.7,0.4
2023-05-04 22:40:00+00:00,8.6,90.0,9.7,0.6
2023-05-04 22:50:00+00:00,8.5,90.0,9.7,0.6
2023-05-04 23:00:00+00:00,8.5,90.0,9.7,0.6
2023-05-04 23:10:00+00:00,8.5,90.0,9.7,0.6
2023-05-04 23:20:00+00:00,8.4,90.0,9.7,0.6
2023-05-04 23:30:00+00:00,8.4,90.0,9.7,0.6
2023-05-04 23:40:00+00:00,8.3,90.0,9.7,0.6
2023-05-04 23:50:00+00:00,8.4,90.0,9.7,0.4
2023-05-05 00:00:00+00:00,8.366666666666667,90.11111111111111,9.7,0.5407407407407407
2023-05-05 00:10:00+00:00,8.333333333333334,90.22222222222223,9.7,0.6814814814814816
2023-05-05 00:20:00+00:00,8.3,90.33333333333333,9.7,0.8222222222222223
2023-05-05 00:30:00+00:00,8.266666666666667,90.44444444444444,9.7,0.962962962962963
2023-05-05 00:40:00+00:00,8.233333333333334,90.55555555555556,9.7,1.1037037037037036
2023-05-05 00:50:00+00:00,8.200000000000001,90.66666666666667,9.7,1.2444444444444445
2023-05-05 01:00:00+00:00,8.166666666666666,90.77777777777777,9.7,1.3851851851851853
2023-05-05 01:10:00+00:00,8.133333333333333,90.88888888888889,9.7,1.5259259259259261
2023-05-05 01:20:00+00:00,8.1,91.0,9.7,1.666666666666667
2023-05-05 01:30:00+00:00,8.066666666666666,91.11111111111111,9.7,1.8074074074074074
2023-05-05 01:40:00+00:00,8.033333333333333,91.22222222222223,9.7,1.9481481481481482
2023-05-05 01:50:00+00:00,8.0,91.33333333333333,9.7,2.088888888888889
2023-05-05 02:00:00+00:00,7.966666666666667,91.44444444444444,9.7,2.22962962962963
2023-05-05 02:10:00+00:00,7.933333333333334,91.55555555555556,9.7,2.3703703703703707
2023-05-05 02:20:00+00:00,7.9,91.66666666666667,9.7,2.511111111111111
2023-05-05 02:30:00+00:00,7.866666666666667,91.77777777777777,9.7,2.651851851851852
2023-05-05 02:40:00+00:00,7.833333333333334,91.88888888888889,9.7,2.7925925925925927
2023-05-05 02:50:00+00:00,7.8,92.0,9.7,2.9333333333333336
2023-05-05 03:00:00+00:00,7.766666666666667,92.11111111111111,9.7,3.074074074074074
2023-05-05 03:10:00+00:00,7.733333333333333,92.22222222222223,9.7,3.214814814814815
2023-05-05 03:20:00+00:00,7.7,92.33333333333333,9.7,3.3555555555555556
2023-05-05 03:30:00+00:00,7.666666666666667,92.44444444444444,9.7,3.4962962962962965
2023-05-05 03:40:00+00:00,7.633333333333334,92.55555555555556,9.7,3.6370370370370373
2023-05-05 03:50:00+00:00,7.6,92.66666666666667,9.7,3.777777777777778
2023-05-05 04:00:00+00:00,,,,
2023-05-05 04:10:00+00:00,,,,
2023-05-05 04:20:00+00:00,7.5,93.0,9.7,4.2
2023-05-05 04:30:00+00:00,7.5,92.5,9.7,4.2
2023-05-05 04:40:00+00:00,7.5,92.0,9.7,4.2
2023-05-05 04:50:00+00:00,7.5,91.0,9.7,4.2
2023-05-05 05:00:00+00:00,7.5,91.0,9.7,4.2
2023-05-05 05:10:00+00:00,7.5,91.0,9.7,4.2
2023-05-05 05:20:00+00:00,7.5,91.0,9.7,4.2
2023-05-05 05:30:00+00:00,7.5,91.0,9.7,4.2
2023-05-05 05:40:00+00:00,7.5,90.0,9.7,4.2
2023-05-05 05:50:00+00:00,8.0,91.0,9.7,4.2
2023-05-05 06:00:00+00:00,8.0,91.0,9.7,4.2
2023-05-05 06:10:00+00:00,8.0,91.0,9.7,4.2
2023-05-05 06:20:00+00:00,8.0,91.0,9.7,4.2
2023-05-05 06:30:00+00:00,8.0,90.0,9.7,4.2
2023-05-05 06:40:00+00:00,8.0,91.0,9.7,4.2
2023-05-05 06:50:00+00:00,8.0,90.0,9.7,4.2
2023-05-05 07:00:00+00:00,8.0,91.0,9.7,4.2
2023-05-05 07:10:00+00:00,8.0,90.0,9.7,4.2
2023-05-05 07:20:00+00:00,8.0,90.0,9.7,4.2
2023-05-05 07:30:00+00:00,8.0,90.0,9.7,4.2
2023-05-05 07:40:00+00:00,8.5,90.0,9.7,4.2
2023-05-05 07:50:00+00:00,8.5,90.0,9.7,4.2
2023-05-05 08:00:00+00:00,8.5,90.0,9.7,4.2
2023-05-05 08:10:00+00:00,8.5,90.0,9.7,4.2
2023-05-05 08:20:00+00:00,8.5,90.0,9.7,4.2
2023-05-05 08:30:00+00:00,8.75,90.5,9.7,4.2
2023-05-05 08:40:00+00:00,9.0,91.0,9.7,4.2
2023-05-05 08:50:00+00:00,9.5,91.0,9.8,4.2
2023-05-05 09:00:00+00:00,10.0,92.0,9.8,4.2
2023-05-05 09:10:00+00:00,10.5,93.0,9.7,4.2
2023-05-05 09:20:00+00:00,11.0,93.0,9.7,4.2
2023-05-05 09:30:00+00:00,12.0,94.0,9.7,4.2
2023-05-05 09:40:00+00:00,13.0,94.0,9.7,4.2
2023-05-05 09:50:00+00:00,13.5,95.0,9.7,4.2
2023-05-05 10:00:00+00:00,14.0,95.0,9.7,4.2
2023-05-05 10:10:00+00:00,14.5,96.0,9.7,4.2
2023-05-05 10:20:00+00:00,14.5,96.0,9.7,4.2
2023-05-05 10:30:00+00:00,15.0,96.0,9.7,4.2
2023-05-05 10:40:00+00:00,15.5,96.0,9.7,4.2
2023-05-05 10:50:00+00:00,15.0,96.0,9.7,4.2
2023-05-05 11:00:00+00:00,14.5,95.0,9.7,4.2
2023-05-05 11:10:00+00:00,14.0,94.0,9.7,4.2
2023-05-05 11:20:00+00:00,13.0,94.0,9.7,4.2
2023-05-05 11:30:00+00:00,12.5,93.0,9.7,4.2
2023-05-05 11:40:00+00:00,12.0,92.0,9.7,4.2
2023-05-05 11:50:00+00:00,12.0,92.0,9.7,4.2
2023-05-05 12:00:00+00:00,11.5,91.0,9.7,4.2
2023-05-05 12:10:00+00:00,11.0,91.0,9.8,4.2
2023-05-05 12:20:00+00:00,11.0,91.0,9.8,4.2
2023-05-05 12:30:00+00:00,11.0,91.0,9.8,4.2
2023-05-05 12:40:00+00:00,10.5,91.0,9.8,4.2
2023-05-05 12:50:00+00:00,10.5,91.0,9.8,4.2
2023-05-05 13:00:00+00:00,10.5,90.0,9.8,4.2
2023-05-05 13:10:00+00:00,10.0,91.0,9.8,4.2
2023-05-05 13:20:00+00:00,10.0,90.0,9.8,4.2
2023-05-05 13:30:00+00:00,10.0,90.0,9.8,4.2
2023-05-05 13:40:00+00:00,9.5,90.0,9.8,4.2
2023-05-05 13:50:00+00:00,9.5,90.0,9.8,4.2
2023-05-05 14:00:00+00:00,9.5,90.0,9.8,4.2
2023-05-05 14:10:00+00:00,9.5,90.0,9.8,4.2
2023-05-05 14:20:00+00:00,9.5,90.0,9.8,4.2
2023-05-05 14:30:00+00:00,9.5,90.0,9.8,4.2
2023-05-05 14:40:00+00:00,9.5,90.0,9.8,4.2
2023-05-05 14:50:00+00:00,9.0,90.0,9.8,4.2
2023-05-05 15:00:00+00:00,9.0,90.0,9.8,4.2
2023-05-05 15:10:00+00:00,9.0,90.0,9.8,4.2
2023-05-05 15:20:00+00:00,9.0,90.0,9.8,4.2
2023-05-05 15:30:00+00:00,9.0,90.0,9.8,4.2
2023-05-05 15:40:00+00:00,9.0,90.0,9.8,4.2
2023-05-05 15:50:00+00:00,9.0,90.0,9.8,4.2
2023-05-05 16:00:00+00:00,9.0,90.0,9.8,4.2
2023-05-05 16:10:00+00:00,9.0,90.0,9.8,4.2
2023-05-05 16:20:00+00:00,9.0,90.0,9.8,4.2
2023-05-05 16:30:00+00:00,9.0,90.0,9.8,4.2
2023-05-05 16:40:00+00:00,8.5,91.0,9.8,4.2
2023-05-05 16:50:00+00:00,8.5,90.0,9.8,4.2
2023-05-05 17:00:00+00:00,8.5,90.0,9.8,4.2
2023-05-05 17:10:00+00:00,8.5,90.0,9.8,4.2
2023-05-05 17:20:00+00:00,8.5,90.0,9.8,4.2
2023-05-05 17:30:00+00:00,8.5,90.0,9.8,4.2
2023-05-05 17:40:00+00:00,8.0,90.0,9.8,4.2
2023-05-05 17:50:00+00:00,8.0,90.0,9.8,4.2
2023-05-05 18:00:00+00:00,8.0,90.0,9.8,4.2
2023-05-05 18:10:00+00:00,8.0,90.0,9.8,4.2
2023-05-05 18:20:00+00:00,8.0,90.0,9.8,3.5
2023-05-05 18:30:00+00:00,8.0,90.0,9.8,3.4
2023-05-05 18:40:00+00:00,7.5,90.0,9.8,2.5
2023-05-05 18:50:00+00:00,7.5,90.0,9.8,1.5
2023-05-05 19:00:00+00:00,7.5,90.0,9.8,0.8
2023-05-05 19:10:00+00:00,7.5,90.0,9.8,0.7
2023-05-05 19:20:00+00:00,7.5,90.0,9.8,0.6
2023-05-05 19:30:00+00:00,7.5,90.0,9.8,0.4
2023-05-05 19:40:00+00:00,7.5,90.0,9.8,0.6
2023-05-05 19:50:00+00:00,7.5,90.0,9.8,0.6
2023-05-05 20:00:00+00:00,7.5,89.0,9.8,0.6
2023-05-05 20:10:00+00:00,7.5,90.0,9.8,0.6
2023-05-05 20:20:00+00:00,7.0,89.0,9.8,0.6
2023-05-05 20:30:00+00:00,7.0,90.0,9.9,0.6
2023-05-05 20:40:00+00:00,7.0,90.0,9.9,0.6
2023-05-05 20:50:00+00:00,7.0,90.0,9.8,0.4
2023-05-05 21:00:00+00:00,7.0,90.0,9.9,0.6
2023-05-05 21:10:00+00:00,7.0,90.0,9.9,0.4
2023-05-05 21:20:00+00:00,7.0,90.0,9.9,0.4
2023-05-05 21:30:00+00:00,7.0,89.0,9.8,0.6
2023-05-05 21:40:00+00:00,6.5,89.0,9.9,0.6
2023-05-05 21:50:00+00:00,6.5,90.0,9.8,0.6
2023-05-05 22:00:00+00:00,6.5,90.0,9.9,0.6
2023-05-05 22:10:00+00:00,6.5,90.0,9.8,0.6
2023-05-05 22:20:00+00:00,6.5,90.0,9.9,0.6
2023-05-05 22:30:00+00:00,6.5,90.0,9.9,0.6
2023-05-05 22:40:00+00:00,6.5,90.0,9.9,0.6
2023-05-05 22:50:00+00:00,6.5,90.0,9.9,0.6
2023-05-05 23:00:00+00:00,6.5,90.0,9.9,0.6
2023-05-05 23:10:00+00:00,6.5,90.0,9.9,0.6
2023-05-05 23:20:00+00:00,6.5,90.0,9.9,0.6
2023-05-05 23:30:00+00:00,6.5,90.0,9.9,0.6
2023-05-05 23:40:00+00:00,6.0,90.0,9.9,0.6
2023-05-05 23:50:00+00:00,6.0,90.0,9.9,0.6
2023-05-06 00:00:00+00:00,6.0256410256410255,90.1025641025641,9.9,0.6923076923076923
2023-05-06 00:10:00+00:00,6.051282051282051,90.2051282051282,9.9,0.7846153846153846
2023-05-06 00:20:00+00:00,6.076923076923077,90.3076923076923,9.9,0.8769230769230769
2023-05-06 00:30:00+00:00,6.102564102564102,90.41025641025641,9.9,0.9692307692307692
2023-05-06 00:40:00+00:00,6.128205128205128,90.51282051282051,9.9,1.0615384615384615
2023-05-06 00:50:00+00:00,6.153846153846154,90.61538461538461,9.9,1.1538461538461537
2023-05-06 01:00:00+00:00,6.17948717948718,90.71794871794872,9.9,1.2461538461538462
2023-05-06 01:10:00+00:00,6.205128205128205,90.82051282051282,9.9,1.3384615384615386
2023-05-06 01:20:00+00:00,6.230769230769231,90.92307692307692,9.9,1.4307692307692308
2023-05-06 01:30:00+00:00,6.256410256410256,91.02564102564102,9.9,1.523076923076923
2023-05-06 01:40:00+00:00,6.282051282051282,91.12820512820512,9.9,1.6153846153846154
2023-05-06 01:50:00+00:00,6.3076923076923075,91.23076923076923,9.9,1.7076923076923078
2023-05-06 02:00:00+00:00,6.333333333333333,91.33333333333333,9.9,1.8000000000000003
2023-05-06 02:10:00+00:00,6.358974358974359,91.43589743589743,9.9,1.8923076923076922
2023-05-06 02:20:00+00:00,6.384615384615385,91.53846153846153,9.9,1.9846153846153847
2023-05-06 02:30:00+00:00,6.410256410256411,91.64102564102564,9.9,2.076923076923077
2023-05-06 02:40:00+00:00,6.435897435897436,91.74358974358974,9.9,2.1692307692307695
2023-05-06 02:50:00+00:00,6.461538461538462,91.84615384615384,9.9,2.2615384615384615
2023-05-06 03:00:00+00:00,6.487179487179487,91.94871794871794,9.9,2.353846153846154
2023-05-06 03:10:00+00:00,6.512820512820513,92.05128205128204,9.9,2.4461538461538463
2023-05-06 03:20:00+00:00,6.538461538461538,92.15384615384616,9.9,2.5384615384615388
2023-05-06 03:30:00+00:00,6.564102564102564,92.25641025641026,9.9,2.6307692307692307
2023-05-06 03:40:00+00:00,6.589743589743589,92.35897435897436,9.9,2.723076923076923
2023-05-06 03:50:00+00:00,6.615384615384615,92.46153846153847,9.9,2.8153846153846156
2023-05-06 04:00:00+00:00,,,,
2023-05-06 04:10:00+00:00,,,,
2023-05-06 04:20:00+00:00,,,,
2023-05-06 04:30:00+00:00,,,,
2023-05-06 04:40:00+00:00,,,,
2023-05-06 04:50:00+00:00,,,,
2023-05-06 05:00:00+00:00,,,,
2023-05-06 05:10:00+00:00,,,,
2023-05-06 05:20:00+00:00,,,,
2023-05-06 05:30:00+00:00,,,,
2023-05-06 05:40:00+00:00,,,,
2023-05-06 05:50:00+00:00,,,,
2023-05-06 06:00:00+00:00,,,,
2023-05-06 06:10:00+00:00,,,,
2023-05-06 06:20:00+00:00,7.0,94.0,9.9,4.2
2023-05-06 06:30:00+00:00,7.0,93.0,9.9,4.2
2023-05-06 06:40:00+00:00,7.0,92.0,9.9,4.2
2023-05-06 06:50:00+00:00,7.0,92.0,9.9,4.2
2023-05-06 07:00:00+00:00,7.0,92.0,9.9,4.2
2023-05-06 07:10:00+00:00,7.5,92.0,9.9,4.2
2023-05-06 07:20:00+00:00,7.5,92.0,9.9,4.2
2023-05-06 07:30:00+00:00,7.5,92.0,9.9,4.2
2023-05-06 07:40:00+00:00,7.5,92.0,9.9,4.2
2023-05-06 07:50:00+00:00,8.0,92.0,9.9,4.2
2023-05-06 08:00:00+00:00,8.0,92.0,9.9,4.2
2023-05-06 08:10:00+00:00,8.0,92.0,9.9,4.2
2023-05-06 08:20:00+00:00,8.0,92.0,9.9,4.2
2023-05-06 08:30:00+00:00,8.5,91.0,9.9,4.2
2023-05-06 08:40:00+00:00,8.5,92.0,9.9,4.2
2023-05-06 08:50:00+00:00,9.0,93.0,9.9,4.2
2023-05-06 09:00:00+00:00,9.0,92.0,9.9,4.2
2023-05-06 09:10:00+00:00,9.0,92.0,9.9,4.2
2023-05-06 09:20:00+00:00,9.0,92.0,9.9,4.2
2023-05-06 09:30:00+00:00,9.0,92.0,9.9,4.2
2023-05-06 09:40:00+00:00,9.0,92.0,9.9,4.2
2023-05-06 09:50:00+00:00,9.5,92.0,9.9,4.2
2023-05-06 10:00:00+00:00,9.5,92.0,9.9,4.2
2023-05-06 10:10:00+00:00,9.0,92.0,9.9,4.2
2023-05-06 10:20:00+00:00,9.0,92.0,9.9,4.2
2023-05-06 10:30:00+00:00,9.5,92.0,9.9,4.2
2023-05-06 10:40:00+00:00,9.5,92.0,9.9,4.2
2023-05-06 10:50:00+00:00,9.5,92.0,9.9,4.2
2023-05-06 11:00:00+00:00,9.5,92.0,9.9,4.2
2023-05-06 11:10:00+00:00,9.5,92.0,9.9,4.2
2023-05-06 11:20:00+00:00,9.5,92.0,9.9,4.2
2023-05-06 11:30:00+00:00,9.5,92.0,9.9,4.2
2023-05-06 11:40:00+00:00,9.5,91.0,9.9,4.2
2023-05-06 11:50:00+00:00,9.5,91.0,9.9,4.2
2023-05-06 12:00:00+00:00,9.5,92.0,9.9,4.2
2023-05-06 12:10:00+00:00,9.5,92.0,9.9,4.2
2023-05-06 12:20:00+00:00,9.5,91.0,9.9,4.2
2023-05-06 12:30:00+00:00,9.5,92.0,9.9,4.2
2023-05-06 12:40:00+00:00,9.5,92.0,9.9,4.2
2023-05-06 12:50:00+00:00,9.5,91.0,9.9,4.2
2023-05-06 13:00:00+00:00,9.5,92.0,9.9,4.2
2023-05-06 13:10:00+00:00,9.5,92.0,9.9,4.2
2023-05-06 13:20:00+00:00,9.5,92.0,9.9,4.2
2023-05-06 13:30:00+00:00,9.5,92.0,9.9,4.2
2023-05-06 13:40:00+00:00,9.5,91.0,9.9,4.2
2023-05-06 13:50:00+00:00,9.5,91.0,9.9,4.2
2023-05-06 14:00:00+00:00,9.5,91.0,9.9,4.2
2023-05-06 14:10:00+00:00,9.5,91.0,9.9,4.2
2023-05-06 14:20:00+00:00,9.5,91.0,9.9,4.2
2023-05-06 14:30:00+00:00,9.5,91.0,9.9,4.2
2023-05-06 14:40:00+00:00,9.5,91.0,9.9,4.2
2023-05-06 14:50:00+00:00,9.5,91.0,9.9,4.2
2023-05-06 15:00:00+00:00,9.5,91.0,9.9,4.2
2023-05-06 15:10:00+00:00,9.5,90.0,9.9,4.2
2023-05-06 15:20:00+00:00,9.5,90.0,9.9,4.2
2023-05-06 15:30:00+00:00,9.5,91.0,9.9,4.2
2023-05-06 15:40:00+00:00,9.5,92.0,9.9,4.2
2023-05-06 15:50:00+00:00,9.5,92.0,9.9,4.2
2023-05-06 16:00:00+00:00,9.5,92.0,9.9,4.2
2023-05-06 16:10:00+00:00,9.5,92.0,9.9,4.2
2023-05-06 16:20:00+00:00,9.5,91.0,9.9,4.2
2023-05-06 16:30:00+00:00,9.5,91.0,9.9,4.2
2023-05-06 16:40:00+00:00,9.0,91.0,9.9,4.2
2023-05-06 16:50:00+00:00,9.0,91.0,9.9,4.2
2023-05-06 17:00:00+00:00,9.0,90.0,9.9,4.2
2023-05-06 17:10:00+00:00,9.0,90.0,9.9,4.2
2023-05-06 17:20:00+00:00,9.0,90.0,9.9,4.2
2023-05-06 17:30:00+00:00,8.5,90.0,9.9,4.2
2023-05-06 17:40:00+00:00,8.5,90.0,9.9,4.2
2023-05-06 17:50:00+00:00,8.5,90.0,9.9,4.2
2023-05-06 18:00:00+00:00,8.5,90.0,9.9,4.2
2023-05-06 18:10:00+00:00,8.5,90.0,9.9,4.2
2023-05-06 18:20:00+00:00,8.5,89.0,9.9,3.8
2023-05-06 18:30:00+00:00,8.0,90.0,9.9,3.3
2023-05-06 18:40:00+00:00,8.0,90.0,9.9,3.4
2023-05-06 18:50:00+00:00,8.0,89.0,9.9,2.0
2023-05-06 19:00:00+00:00,8.0,90.0,9.9,1.1
2023-05-06 19:10:00+00:00,7.9655172413793105,90.05172413793103,9.9,1.153448275862069
2023-05-06 19:20:00+00:00,7.931034482758621,90.10344827586206,9.9,1.2068965517241381
2023-05-06 19:30:00+00:00,7.896551724137931,90.15517241379311,9.9,1.260344827586207
2023-05-06 19:40:00+00:00,7.862068965517241,90.20689655172414,9.9,1.313793103448276
2023-05-06 19:50:00+00:00,7.827586206896552,90.25862068965517,9.9,1.3672413793103448
2023-05-06 20:00:00+00:00,7.793103448275862,90.3103448275862,9.9,1.420689655172414
2023-05-06 20:10:00+00:00,7.758620689655173,90.36206896551724,9.9,1.4741379310344829
2023-05-06 20:20:00+00:00,7.724137931034483,90.41379310344827,9.9,1.5275862068965518
2023-05-06 20:30:00+00:00,7.689655172413793,90.46551724137932,9.9,1.581034482758621
2023-05-06 20:40:00+00:00,7.655172413793103,90.51724137931035,9.9,1.6344827586206898
2023-05-06 20:50:00+00:00,7.620689655172414,90.56896551724138,9.9,1.6879310344827587
2023-05-06 21:00:00+00:00,7.586206896551724,90.62068965517241,9.9,1.7413793103448278
2023-05-06 21:10:00+00:00,7.551724137931035,90.67241379310344,9.9,1.7948275862068965
2023-05-06 21:20:00+00:00,7.517241379310345,90.72413793103448,9.9,1.8482758620689657
2023-05-06 21:30:00+00:00,7.482758620689655,90.77586206896552,9.9,1.9017241379310346
2023-05-06 21:40:00+00:00,7.448275862068965,90.82758620689656,9.9,1.9551724137931035
2023-05-06 21:50:00+00:00,7.413793103448276,90.87931034482759,9.9,2.0086206896551726
2023-05-06 22:00:00+00:00,7.379310344827586,90.93103448275862,9.9,2.0620689655172413
2023-05-06 22:10:00+00:00,7.344827586206897,90.98275862068965,9.9,2.1155172413793104
2023-05-06 22:20:00+00:00,7.310344827586206,91.03448275862068,9.9,2.1689655172413795
2023-05-06 22:30:00+00:00,7.275862068965517,91.08620689655173,9.9,2.222413793103448
2023-05-06 22:40:00+00:00,7.241379310344827,91.13793103448276,9.9,2.2758620689655173
2023-05-06 22:50:00+00:00,7.206896551724138,91.1896551724138,9.9,2.3293103448275865
2023-05-06 23:00:00+00:00,7.172413793103448,91.24137931034483,9.9,2.382758620689655
2023-05-06 23:10:00+00:00,,,,
2023-05-06 23:20:00+00:00,,,,
2023-05-06 23:30:00+00:00,,,,
2023-05-06 23:40:00+00:00,,,,
2023-05-06 23:50:00+00:00,,,,
2023-05-07 00:00:00+00:00,,,,
2023-05-07 00:10:00+00:00,,,,
2023-05-07 00:20:00+00:00,,,,
2023-05-07 00:30:00+00:00,,,,
2023-05-07 00:40:00+00:00,,,,
2023-05-07 00:50:00+00:00,,,,
2023-05-07 01:00:00+00:00,,,,
2023-05-07 01:10:00+00:00,,,,
2023-05-07 01:20:00+00:00,,,,
2023-05-07 01:30:00+00:00,,,,
2023-05-07 01:40:00+00:00,,,,
2023-05-07 01:50:00+00:00,,,,
2023-05-07 02:00:00+00:00,,,,
2023-05-07 02:10:00+00:00,,,,
2023-05-07 02:20:00+00:00,,,,
2023-05-07 02:30:00+00:00,,,,
2023-05-07 02:40:00+00:00,,,,
2023-05-07 02:50:00+00:00,,,,
2023-05-07 03:00:00+00:00,,,,
2023-05-07 03:10:00+00:00,,,,
2023-05-07 03:20:00+00:00,,,,
2023-05-07 03:30:00+00:00,,,,
2023-05-07 03:40:00+00:00,,,,
2023-05-07 03:50:00+00:00,,,,
2023-05-07 04:00:00+00:00,,,,
2023-05-07 04:10:00+00:00,,,,
2023-05-07 04:20:00+00:00,,,,
2023-05-07 04:30:00+00:00,,,,
2023-05-07 04:40:00+00:00,6.0,93.0,9.9,4.2
2023-05-07 04:50:00+00:00,5.9,92.0,9.9,4.2
2023-05-07 05:00:00+00:00,6.0,92.0,9.9,4.2
2023-05-07 05:10:00+00:00,6.1,92.0,9.9,4.2
2023-05-07 05:20:00+00:00,6.3,91.0,9.9,4.2
2023-05-07 05:30:00+00:00,6.5,92.0,9.9,4.2
2023-05-07 05:40:00+00:00,6.6,92.0,9.9,4.2
2023-05-07 05:50:00+00:00,6.7,92.0,9.9,4.2
2023-05-07 06:00:00+00:00,7.0,92.0,9.9,4.2
2023-05-07 06:10:00+00:00,7.1,92.0,9.9,4.2
2023-05-07 06:20:00+00:00,7.2,92.0,9.9,4.2
2023-05-07 06:30:00+00:00,7.3,92.0,9.9,4.2
2023-05-07 06:40:00+00:00,7.5,92.0,9.9,4.2
2023-05-07 06:50:00+00:00,7.6,92.0,9.9,4.2
2023-05-07 07:00:00+00:00,7.8,92.0,9.9,4.2
2023-05-07 07:10:00+00:00,7.9,93.0,9.9,4.2
2023-05-07 07:20:00+00:00,8.1,93.0,9.9,4.2
2023-05-07 07:30:00+00:00,8.4,93.0,9.9,4.2
2023-05-07 07:40:00+00:00,8.6,94.0,10.0,4.2
2023-05-07 07:50:00+00:00,8.8,94.0,10.0,4.2
2023-05-07 08:00:00+00:00,9.6,94.0,9.9,4.2
2023-05-07 08:10:00+00:00,10.1,94.0,9.9,4.2
2023-05-07 08:20:00+00:00,10.3,95.0,9.9,4.2
2023-05-07 08:30:00+00:00,10.5,95.0,9.9,4.2
2023-05-07 08:40:00+00:00,11.3,95.0,9.9,4.2
2023-05-07 08:50:00+00:00,11.8,95.0,9.9,4.2
2023-05-07 09:00:00+00:00,12.1,96.0,9.9,4.2
2023-05-07 09:10:00+00:00,12.9,96.0,9.9,4.2
2023-05-07 09:20:00+00:00,14.0,97.0,9.9,4.2
2023-05-07 09:30:00+00:00,15.0,98.0,9.9,4.2
2023-05-07 09:40:00+00:00,16.0,98.0,9.9,4.2
2023-05-07 09:50:00+00:00,16.7,99.0,9.9,4.2
2023-05-07 10:00:00+00:00,17.1,99.0,9.9,4.2
2023-05-07 10:10:00+00:00,17.6,100.0,9.9,4.2
2023-05-07 10:20:00+00:00,18.3,100.0,9.9,4.2
2023-05-07 10:30:00+00:00,18.6,100.0,9.9,4.2
2023-05-07 10:40:00+00:00,18.9,100.0,9.9,4.2
2023-05-07 10:50:00+00:00,18.8,100.0,9.9,4.2
2023-05-07 11:00:00+00:00,17.9,99.0,9.9,4.2
2023-05-07 11:10:00+00:00,17.0,98.0,9.9,4.2
2023-05-07 11:20:00+00:00,16.3,97.0,9.9,4.2
2023-05-07 11:30:00+00:00,15.6,96.0,9.9,4.2
2023-05-07 11:40:00+00:00,15.1,95.0,10.0,4.2
2023-05-07 11:50:00+00:00,14.6,94.0,10.0,4.2
2023-05-07 12:00:00+00:00,14.3,94.0,10.0,4.2
2023-05-07 12:10:00+00:00,14.0,93.0,10.0,4.2
2023-05-07 12:20:00+00:00,13.7,93.0,10.0,4.2
2023-05-07 12:30:00+00:00,13.5,93.0,10.0,4.2
2023-05-07 12:40:00+00:00,13.2,93.0,10.0,4.2
2023-05-07 12:50:00+00:00,13.0,92.0,10.0,4.2
2023-05-07 13:00:00+00:00,12.8,92.0,10.0,4.2
2023-05-07 13:10:00+00:00,12.6,92.0,10.0,4.2
2023-05-07 13:20:00+00:00,12.5,92.0,10.0,4.2
2023-05-07 13:30:00+00:00,12.3,91.0,10.0,4.2
2023-05-07 13:40:00+00:00,12.1,91.0,10.0,4.2
2023-05-07 13:50:00+00:00,12.0,91.0,10.0,4.2
2023-05-07 14:00:00+00:00,12.0,91.0,10.0,4.2
2023-05-07 14:10:00+00:00,11.8,91.0,10.0,4.2
2023-05-07 14:20:00+00:00,11.7,90.0,10.0,4.2
2023-05-07 14:30:00+00:00,11.6,90.0,10.0,4.2
2023-05-07 14:40:00+00:00,11.5,90.0,10.0,4.2
2023-05-07 14:50:00+00:00,11.5,90.0,10.0,4.2
2023-05-07 15:00:00+00:00,11.5,90.0,10.0,4.2
2023-05-07 15:10:00+00:00,11.5,90.0,10.0,4.2
2023-05-07 15:20:00+00:00,11.5,90.0,10.1,4.2
2023-05-07 15:30:00+00:00,11.5,92.0,10.0,4.2
2023-05-07 15:40:00+00:00,11.5,91.0,10.1,4.2
2023-05-07 15:50:00+00:00,11.5,91.0,10.1,4.2
2023-05-07 16:00:00+00:00,11.5,92.0,10.1,4.2
2023-05-07 16:10:00+00:00,11.4,91.0,10.0,4.2
2023-05-07 16:20:00+00:00,11.4,91.0,10.0,4.2
2023-05-07 16:30:00+00:00,11.3,91.0,10.0,4.2
2023-05-07 16:40:00+00:00,11.1,90.0,10.1,4.2
2023-05-07 16:50:00+00:00,11.0,90.0,10.0,4.2
2023-05-07 17:00:00+00:00,10.9,89.0,10.1,4.2
2023-05-07 17:10:00+00:00,10.8,89.0,10.0,4.2
2023-05-07 17:20:00+00:00,10.8,89.0,10.0,4.2
2023-05-07 17:30:00+00:00,10.6,89.0,10.0,4.2
2023-05-07 17:40:00+00:00,10.6,89.0,10.1,4.2
2023-05-07 17:50:00+00:00,10.4,88.0,10.0,4.2
2023-05-07 18:00:00+00:00,10.3,89.0,10.0,4.2
2023-05-07 18:10:00+00:00,10.1,88.0,10.0,4.1
2023-05-07 18:20:00+00:00,10.1,88.0,10.1,3.6
2023-05-07 18:30:00+00:00,9.9,88.0,10.1,3.6
2023-05-07 18:40:00+00:00,9.7,88.0,10.1,3.3
2023-05-07 18:50:00+00:00,9.6,88.0,10.0,2.3
2023-05-07 19:00:00+00:00,9.6,89.0,10.0,1.3
2023-05-07 19:10:00+00:00,9.4,88.0,10.0,0.8
2023-05-07 19:20:00+00:00,9.3,89.0,10.1,0.6
2023-05-07 19:30:00+00:00,9.1,88.0,10.1,0.6
2023-05-07 19:40:00+00:00,9.1,89.0,10.1,0.6
2023-05-07 19:50:00+00:00,9.0,88.0,10.1,0.6
2023-05-07 20:00:00+00:00,8.9,89.0,10.1,0.6
2023-05-07 20:10:00+00:00,8.8,89.0,10.1,0.6
2023-05-07 20:20:00+00:00,8.7,89.0,10.1,0.6
2023-05-07 20:30:00+00:00,8.6,89.0,10.1,0.6
2023-05-07 20:40:00+00:00,8.5,89.0,10.1,0.6
2023-05-07 20:50:00+00:00,8.4,89.0,10.1,0.6
2023-05-07 21:00:00+00:00,8.4,89.0,10.1,0.6
2023-05-07 21:10:00+00:00,8.3,89.0,10.1,0.6
2023-05-07 21:20:00+00:00,8.2,89.0,10.1,0.4
2023-05-07 21:30:00+00:00,8.1,89.0,10.1,0.6
2023-05-07 21:40:00+00:00,8.0,89.0,10.1,0.6
2023-05-07 21:50:00+00:00,8.0,89.0,10.1,0.6
2023-05-07 22:00:00+00:00,7.9,89.0,10.1,0.6
2023-05-07 22:10:00+00:00,7.8,89.0,10.1,0.6
2023-05-07 22:20:00+00:00,7.8,89.0,10.1,0.6
2023-05-07 22:30:00+00:00,7.8,89.0,10.1,0.6
2023-05-07 22:40:00+00:00,7.6,89.0,10.1,0.6
2023-05-07 22:50:00+00:00,7.6,90.0,10.1,0.6
2023-05-07 23:00:00+00:00,7.6,89.0,10.1,0.6
2023-05-07 23:10:00+00:00,7.5,89.0,10.1,0.6
2023-05-07 23:20:00+00:00,7.5,89.0,10.1,0.6
2023-05-07 23:30:00+00:00,7.3,89.0,10.1,0.6
2023-05-07 23:40:00+00:00,7.3,89.0,10.1,0.6
2023-05-07 23:50:00+00:00,7.3,89.0,10.1,0.4
2023-05-08 00:00:00+00:00,7.1,89.0,10.1,0.6
2023-05-08 00:10:00+00:00,7.1,89.0,10.1,0.6
2023-05-08 00:20:00+00:00,7.0,89.0,10.1,0.6
2023-05-08 00:30:00+00:00,7.0,89.0,10.1,0.6
2023-05-08 00:40:00+00:00,7.0,89.0,10.1,0.6
2023-05-08 00:50:00+00:00,6.9,89.0,10.1,0.6
2023-05-08 01:00:00+00:00,6.8,89.0,10.1,0.6
2023-05-08 01:10:00+00:00,6.7,89.0,10.1,0.6
2023-05-08 01:20:00+00:00,6.7,89.0,10.1,0.6
2023-05-08 01:30:00+00:00,6.6,89.0,10.1,0.6
2023-05-08 01:40:00+00:00,6.6,89.0,10.1,0.6
2023-05-08 01:50:00+00:00,6.5,89.0,10.1,0.6
2023-05-08 02:00:00+00:00,6.5,89.0,10.1,0.7
2023-05-08 02:10:00+00:00,6.506666666666667,89.2,10.1,0.9333333333333333
2023-05-08 02:20:00+00:00,6.513333333333334,89.4,10.1,1.1666666666666665
2023-05-08 02:30:00+00:00,6.52,89.6,10.1,1.4
2023-05-08 02:40:00+00:00,6.526666666666666,89.8,10.1,1.6333333333333333
2023-05-08 02:50:00+00:00,6.533333333333333,90.0,10.1,1.8666666666666667
2023-05-08 03:00:00+00:00,6.54,90.2,10.1,2.0999999999999996
2023-05-08 03:10:00+00:00,6.546666666666667,90.4,10.1,2.333333333333333
2023-05-08 03:20:00+00:00,6.553333333333333,90.6,10.1,2.5666666666666664
2023-05-08 03:30:00+00:00,6.56,90.8,10.1,2.8
2023-05-08 03:40:00+00:00,6.566666666666666,91.0,10.1,3.033333333333333
2023-05-08 03:50:00+00:00,6.573333333333333,91.2,10.1,3.2666666666666666
2023-05-08 04:00:00+00:00,6.58,91.4,10.1,3.5
2023-05-08 04:10:00+00:00,6.586666666666666,91.6,10.1,3.7333333333333334
2023-05-08 04:20:00+00:00,6.593333333333333,91.8,10.1,3.966666666666667
2023-05-08 04:30:00+00:00,6.6,92.0,10.1,4.2
2023-05-08 04:40:00+00:00,6.5,91.0,10.1,4.2
2023-05-08 04:50:00+00:00,6.6,91.0,10.1,4.2
2023-05-08 05:00:00+00:00,6.7,90.0,10.1,4.2
2023-05-08 05:10:00+00:00,6.9,91.0,10.1,4.2
2023-05-08 05:20:00+00:00,7.0,90.0,10.1,4.2
2023-05-08 05:30:00+00:00,7.2,91.0,10.1,4.2
2023-05-08 05:40:00+00:00,7.4,91.0,10.1,4.2
2023-05-08 05:50:00+00:00,7.5,91.0,10.1,4.2
2023-05-08 06:00:00+00:00,7.7,91.0,10.1,4.2
2023-05-08 06:10:00+00:00,7.9,91.0,10.1,4.2
2023-05-08 06:20:00+00:00,8.0,91.0,10.1,4.2
2023-05-08 06:30:00+00:00,8.2,91.0,10.1,4.2
2023-05-08 06:40:00+00:00,8.4,91.0,10.1,4.2
2023-05-08 06:50:00+00:00,8.6,91.0,10.1,4.2
2023-05-08 07:00:00+00:00,8.7,91.0,10.1,4.2
2023-05-08 07:10:00+00:00,8.9,92.0,10.1,4.2
2023-05-08 07:20:00+00:00,9.1,92.0,10.1,4.2
2023-05-08 07:30:00+00:00,9.5,92.0,10.1,4.2
2023-05-08 07:40:00+00:00,9.8,93.0,10.1,4.2
2023-05-08 07:50:00+00:00,10.1,93.0,10.1,4.2
2023-05-08 08:00:00+00:00,10.9,94.0,10.1,4.2
2023-05-08 08:10:00+00:00,11.2,94.0,10.1,4.2
2023-05-08 08:20:00+00:00,11.4,93.0,10.1,4.2
2023-05-08 08:30:00+00:00,11.8,94.0,10.1,4.2
2023-05-08 08:40:00+00:00,12.4,94.0,10.1,4.2
2023-05-08 08:50:00+00:00,12.8,94.0,10.1,4.2
2023-05-08 09:00:00+00:00,13.2,95.0,10.1,4.2
2023-05-08 09:10:00+00:00,14.0,96.0,10.1,4.2
2023-05-08 09:20:00+00:00,15.1,97.0,10.1,4.2
2023-05-08 09:30:00+00:00,16.1,98.0,10.1,4.2
2023-05-08 09:40:00+00:00,17.1,100.0,10.1,4.2
2023-05-08 09:50:00+00:00,17.8,100.0,10.1,4.2
2023-05-08 10:00:00+00:00,18.3,100.0,10.1,4.2
2023-05-08 10:10:00+00:00,18.8,100.0,10.1,4.2
2023-05-08 10:20:00+00:00,19.1,100.0,10.1,4.2
2023-05-08 10:30:00+00:00,19.6,100.0,10.1,4.2
2023-05-08 10:40:00+00:00,19.8,100.0,10.1,4.2
2023-05-08 10:50:00+00:00,19.6,100.0,10.1,4.2
2023-05-08 11:00:00+00:00,18.8,100.0,10.1,4.2
2023-05-08 11:10:00+00:00,18.0,100.0,10.2,4.2
2023-05-08 11:20:00+00:00,17.3,99.0,10.2,4.2
2023-05-08 11:30:00+00:00,16.8,97.0,10.2,4.2
2023-05-08 11:40:00+00:00,16.2,95.0,10.2,4.2
2023-05-08 11:50:00+00:00,15.8,95.0,10.2,4.2
2023-05-08 12:00:00+00:00,15.5,94.0,10.2,4.2
2023-05-08 12:10:00+00:00,15.1,94.0,10.2,4.2
2023-05-08 12:20:00+00:00,14.9,93.0,10.2,4.2
2023-05-08 12:30:00+00:00,14.6,93.0,10.2,4.2
2023-05-08 12:40:00+00:00,14.4,93.0,10.2,4.2
2023-05-08 12:50:00+00:00,14.3,93.0,10.2,4.2
2023-05-08 13:00:00+00:00,14.1,93.0,10.2,4.2
2023-05-08 13:10:00+00:00,13.9,92.0,10.2,4.2
2023-05-08 13:20:00+00:00,13.8,92.0,10.2,4.2
2023-05-08 13:30:00+00:00,13.6,92.0,10.2,4.2
2023-05-08 13:40:00+00:00,13.5,92.0,10.2,4.2
2023-05-08 13:50:00+00:00,13.4,92.0,10.2,4.2
2023-05-08 14:00:00+00:00,13.3,91.0,10.2,4.2
2023-05-08 14:10:00+00:00,13.2,91.0,10.2,4.2
2023-05-08 14:20:00+00:00,13.2,91.0,10.2,4.2
2023-05-08 14:30:00+00:00,13.1,91.0,10.2,4.2
2023-05-08 14:40:00+00:00,13.0,91.0,10.2,4.2
2023-05-08 14:50:00+00:00,12.9,91.0,10.3,4.2
2023-05-08 15:00:00+00:00,13.0,90.0,10.2,4.2
2023-05-08 15:10:00+00:00,13.0,91.0,10.3,4.2
2023-05-08 15:20:00+00:00,13.0,92.0,10.3,4.2
2023-05-08 15:30:00+00:00,13.0,93.0,10.3,4.2
2023-05-08 15:40:00+00:00,13.1,93.0,10.3,4.2
2023-05-08 15:50:00+00:00,13.1,93.0,10.3,4.2
2023-05-08 16:00:00+00:00,13.1,93.0,10.3,4.2
2023-05-08 16:10:00+00:00,13.0,93.0,10.2,4.2
2023-05-08 16:20:00+00:00,12.8,92.0,10.3,4.2
2023-05-08 16:30:00+00:00,12.7,91.0,10.3,4.2
2023-05-08 16:40:00+00:00,12.6,90.0,10.3,4.2
2023-05-08 16:50:00+00:00,12.5,90.0,10.3,4.2
2023-05-08 17:00:00+00:00,12.3,90.0,10.3,4.2
2023-05-08 17:10:00+00:00,12.2,89.0,10.3,4.2
2023-05-08 17:20:00+00:00,12.1,89.0,10.3,4.2
2023-05-08 17:30:00+00:00,12.0,89.0,10.3,4.2
2023-05-08 17:40:00+00:00,11.9,88.0,10.3,4.2
2023-05-08 17:50:00+00:00,11.8,89.0,10.3,4.2
2023-05-08 18:00:00+00:00,11.6,88.0,10.3,4.2
2023-05-08 18:10:00+00:00,11.5,88.0,10.3,3.9
2023-05-08 18:20:00+00:00,11.4,88.0,10.3,3.6
2023-05-08 18:30:00+00:00,11.2,88.0,10.3,3.6
2023-05-08 18:40:00+00:00,11.1,88.0,10.2,2.8
2023-05-08 18:50:00+00:00,11.0,88.0,10.3,1.7
2023-05-08 19:00:00+00:00,10.8,88.0,10.3,1.0
2023-05-08 19:10:00+00:00,10.6,88.0,10.3,0.5
2023-05-08 19:20:00+00:00,10.5,88.0,10.3,0.6
2023-05-08 19:30:00+00:00,10.4,88.0,10.2,0.6
2023-05-08 19:40:00+00:00,10.3,88.0,10.3,0.6
2023-05-08 19:50:00+00:00,10.1,88.0,10.3,0.6
2023-05-08 20:00:00+00:00,10.1,88.0,10.3,0.6
2023-05-08 20:10:00+00:00,10.0,88.0,10.3,0.6
2023-05-08 20:20:00+00:00,9.9,88.0,10.3,0.4
2023-05-08 20:30:00+00:00,9.8,89.0,10.3,0.6
2023-05-08 20:40:00+00:00,9.6,88.0,10.3,0.4
2023-05-08 20:50:00+00:00,9.6,89.0,10.3,0.6
2023-05-08 21:00:00+00:00,9.5,89.0,10.3,0.6
2023-05-08 21:10:00+00:00,9.4,89.0,10.3,0.6
2023-05-08 21:20:00+00:00,9.3,89.0,10.3,0.6
2023-05-08 21:30:00+00:00,9.3,89.0,10.3,0.6
2023-05-08 21:40:00+00:00,9.1,89.0,10.3,0.6
2023-05-08 21:50:00+00:00,9.1,89.0,10.3,0.6
2023-05-08 22:00:00+00:00,9.0,89.0,10.3,0.6
2023-05-08 22:10:00+00:00,8.9,89.0,10.3,0.6
2023-05-08 22:20:00+00:00,8.8,89.0,10.3,0.6
2023-05-08 22:30:00+00:00,8.7,89.0,10.3,0.6
2023-05-08 22:40:00+00:00,8.6,89.0,10.3,0.6
2023-05-08 22:50:00+00:00,8.6,89.0,10.3,0.6
2023-05-08 23:00:00+00:00,8.5,89.0,10.3,0.6
2023-05-08 23:10:00+00:00,8.5,89.0,10.3,0.6
2023-05-08 23:20:00+00:00,8.5,89.0,10.3,0.4
2023-05-08 23:30:00+00:00,8.3,89.0,10.3,0.6
2023-05-08 23:40:00+00:00,8.3,89.0,10.3,0.6
2023-05-08 23:50:00+00:00,8.1,89.0,10.3,0.6
2023-05-09 00:00:00+00:00,8.1,89.0,10.3,0.6
2023-05-09 00:10:00+00:00,8.1,89.0,10.3,0.6
2023-05-09 00:20:00+00:00,8.0,89.0,10.3,0.6
2023-05-09 00:30:00+00:00,8.0,89.0,10.3,0.6
2023-05-09 00:40:00+00:00,8.0,89.0,10.3,0.6
2023-05-09 00:50:00+00:00,7.8,89.0,10.3,0.6
2023-05-09 01:00:00+00:00,7.78695652173913,89.08695652173913,10.3,0.7565217391304347
2023-05-09 01:10:00+00:00,7.77391304347826,89.17391304347827,10.3,0.9130434782608696
2023-05-09 01:20:00+00:00,7.760869565217392,89.26086956521739,10.3,1.0695652173913044
2023-05-09 01:30:00+00:00,7.747826086956522,89.34782608695652,10.3,1.2260869565217392
2023-05-09 01:40:00+00:00,7.734782608695652,89.43478260869566,10.3,1.382608695652174
2023-05-09 01:50:00+00:00,7.721739130434782,89.52173913043478,10.3,1.5391304347826087
2023-05-09 02:00:00+00:00,7.708695652173913,89.6086956521739,10.3,1.6956521739130435
2023-05-09 02:10:00+00:00,7.695652173913043,89.69565217391305,10.3,1.8521739130434782
2023-05-09 02:20:00+00:00,7.682608695652174,89.78260869565217,10.3,2.008695652173913
2023-05-09 02:30:00+00:00,7.6695652173913045,89.8695652173913,10.3,2.1652173913043478
2023-05-09 02:40:00+00:00,7.656521739130435,89.95652173913044,10.3,2.3217391304347825
2023-05-09 02:50:00+00:00,7.643478260869565,90.04347826086956,10.3,2.4782608695652177
2023-05-09 03:00:00+00:00,7.630434782608695,90.1304347826087,10.3,2.6347826086956525
2023-05-09 03:10:00+00:00,7.617391304347826,90.21739130434783,10.3,2.7913043478260873
2023-05-09 03:20:00+00:00,7.604347826086957,90.30434782608695,10.3,2.947826086956522
2023-05-09 03:30:00+00:00,7.591304347826087,90.3913043478261,10.3,3.104347826086957
2023-05-09 03:40:00+00:00,7.578260869565217,90.47826086956522,10.3,3.2608695652173916
2023-05-09 03:50:00+00:00,7.565217391304348,90.56521739130434,10.3,3.4173913043478263
2023-05-09 04:00:00+00:00,7.552173913043478,90.65217391304348,10.3,3.573913043478261
2023-05-09 04:10:00+00:00,7.539130434782608,90.73913043478261,10.3,3.730434782608696
2023-05-09 04:20:00+00:00,7.526086956521739,90.82608695652173,10.3,3.8869565217391306
2023-05-09 04:30:00+00:00,7.51304347826087,90.91304347826087,10.3,4.043478260869565
2023-05-09 04:40:00+00:00,7.5,91.0,10.3,4.2
2023-05-09 04:50:00+00:00,7.5,91.0,10.3,4.2
2023-05-09 05:00:00+00:00,7.5,91.0,10.3,4.2
2023-05-09 05:10:00+00:00,8.0,90.0,10.3,4.2
2023-05-09 05:20:00+00:00,8.0,90.0,10.3,4.2
2023-05-09 05:30:00+00:00,8.0,90.0,10.3,4.2
2023-05-09 05:40:00+00:00,8.5,90.0,10.3,4.2
2023-05-09 05:50:00+00:00,8.5,90.0,10.3,4.2
2023-05-09 06:00:00+00:00,8.5,90.0,10.3,4.2
2023-05-09 06:10:00+00:00,9.0,90.0,10.3,4.2
2023-05-09 06:20:00+00:00,9.0,91.0,10.3,4.2
2023-05-09 06:30:00+00:00,9.0,91.0,10.3,4.2
2023-05-09 06:40:00+00:00,9.5,91.0,10.3,4.2
2023-05-09 06:50:00+00:00,9.5,91.0,10.3,4.2
2023-05-09 07:00:00+00:00,9.5,91.0,10.3,4.2
2023-05-09 07:10:00+00:00,10.0,92.0,10.3,4.2
2023-05-09 07:20:00+00:00,10.0,92.0,10.3,4.2
2023-05-09 07:30:00+00:00,10.5,92.0,10.3,4.2
2023-05-09 07:40:00+00:00,10.5,92.0,10.3,4.2
2023-05-09 07:50:00+00:00,10.5,93.0,10.3,4.2
2023-05-09 08:00:00+00:00,11.5,93.0,10.3,4.2
2023-05-09 08:10:00+00:00,12.0,93.0,10.3,4.2
2023-05-09 08:20:00+00:00,12.0,94.0,10.3,4.2
2023-05-09 08:30:00+00:00,12.0,94.0,10.3,4.2
2023-05-09 08:40:00+00:00,13.0,94.0,10.3,4.2
2023-05-09 08:50:00+00:00,13.5,94.0,10.3,4.2
2023-05-09 09:00:00+00:00,14.0,95.0,10.3,4.2
2023-05-09 09:10:00+00:00,14.5,95.0,10.4,4.2
2023-05-09 09:20:00+00:00,15.5,96.0,10.4,4.2
2023-05-09 09:30:00+00:00,16.5,97.0,10.4,4.2
2023-05-09 09:40:00+00:00,17.0,98.0,10.4,4.2
2023-05-09 09:50:00+00:00,18.0,98.0,10.4,4.2
2023-05-09 10:00:00+00:00,18.5,98.0,10.4,4.2
2023-05-09 10:10:00+00:00,19.0,99.0,10.4,4.2
2023-05-09 10:20:00+00:00,19.5,100.0,10.4,4.2
2023-05-09 10:30:00+00:00,20.0,100.0,10.4,4.2
2023-05-09 10:40:00+00:00,20.5,100.0,10.4,4.2
2023-05-09 10:50:00+00:00,20.5,100.0,10.4,4.2
2023-05-09 11:00:00+00:00,20.0,100.0,10.4,4.2
2023-05-09 11:10:00+00:00,19.0,100.0,10.4,4.2
2023-05-09 11:20:00+00:00,18.5,98.0,10.4,4.2
2023-05-09 11:30:00+00:00,17.5,97.0,10.4,4.2
2023-05-09 11:40:00+00:00,17.0,95.0,10.4,4.2
2023-05-09 11:50:00+00:00,17.0,94.0,10.4,4.2
2023-05-09 12:00:00+00:00,16.5,93.0,10.4,4.2
2023-05-09 12:10:00+00:00,16.0,93.0,10.4,4.2
2023-05-09 12:20:00+00:00,16.0,92.0,10.4,4.2
2023-05-09 12:30:00+00:00,15.5,92.0,10.4,4.2
2023-05-09 12:40:00+00:00,15.5,92.0,10.5,4.2
2023-05-09 12:50:00+00:00,15.0,91.0,10.5,4.2
2023-05-09 13:00:00+00:00,15.0,91.0,10.5,4.2
2023-05-09 13:10:00+00:00,15.0,91.0,10.5,4.2
2023-05-09 13:20:00+00:00,14.5,91.0,10.5,4.2
2023-05-09 13:30:00+00:00,14.5,91.0,10.5,4.2
2023-05-09 13:40:00+00:00,14.5,91.0,10.5,4.2
2023-05-09 13:50:00+00:00,14.5,91.0,10.5,4.2
2023-05-09 14:00:00+00:00,14.0,91.0,10.5,4.2
2023-05-09 14:10:00+00:00,14.0,90.0,10.5,4.2
2023-05-09 14:20:00+00:00,14.0,90.0,10.5,4.2
2023-05-09 14:30:00+00:00,14.0,90.0,10.5,4.2
2023-05-09 14:40:00+00:00,14.0,90.0,10.5,4.2
2023-05-09 14:50:00+00:00,13.5,90.0,10.5,4.2
2023-05-09 15:00:00+00:00,14.0,90.0,10.5,4.2
2023-05-09 15:10:00+00:00,14.0,89.0,10.5,4.2
2023-05-09 15:20:00+00:00,14.0,90.0,10.5,4.2
2023-05-09 15:30:00+00:00,14.0,91.0,10.5,4.2
2023-05-09 15:40:00+00:00,14.0,91.0,10.5,4.2
2023-05-09 15:50:00+00:00,14.0,91.0,10.5,4.2
2023-05-09 16:00:00+00:00,14.0,92.0,10.5,4.2
2023-05-09 16:10:00+00:00,14.0,91.0,10.5,4.2
2023-05-09 16:20:00+00:00,13.5,90.0,10.5,4.2
2023-05-09 16:30:00+00:00,13.5,90.0,10.5,4.2
2023-05-09 16:40:00+00:00,13.5,90.0,10.5,4.2
2023-05-09 16:50:00+00:00,13.5,89.0,10.5,4.2
2023-05-09 17:00:00+00:00,13.0,88.0,10.5,4.2
2023-05-09 17:10:00+00:00,13.0,88.0,10.5,4.2
2023-05-09 17:20:00+00:00,13.0,87.0,10.5,4.2
2023-05-09 17:30:00+00:00,13.0,88.0,10.5,4.2
2023-05-09 17:40:00+00:00,12.5,87.0,10.5,4.2
2023-05-09 17:50:00+00:00,12.5,87.0,10.5,4.2
2023-05-09 18:00:00+00:00,12.5,87.0,10.5,4.2
2023-05-09 18:10:00+00:00,12.5,87.0,10.5,4.2
2023-05-09 18:20:00+00:00,12.5,87.0,10.5,3.7
2023-05-09 18:30:00+00:00,12.0,87.0,10.5,3.6
2023-05-09 18:40:00+00:00,12.0,87.0,10.5,3.2
2023-05-09 18:50:00+00:00,12.0,86.0,10.5,2.2
2023-05-09 19:00:00+00:00,12.0,86.0,10.5,1.2
2023-05-09 19:10:00+00:00,11.5,86.0,10.5,0.8
2023-05-09 19:20:00+00:00,11.5,86.0,10.5,0.6
2023-05-09 19:30:00+00:00,11.5,86.0,10.5,0.6
2023-05-09 19:40:00+00:00,11.5,85.0,10.5,0.4
2023-05-09 19:50:00+00:00,11.0,85.0,10.5,0.6
2023-05-09 20:00:00+00:00,11.0,85.0,10.5,0.6
2023-05-09 20:10:00+00:00,11.0,86.0,10.5,0.6
2023-05-09 20:20:00+00:00,11.0,86.0,10.5,0.4
2023-05-09 20:30:00+00:00,11.0,86.0,10.5,0.6
2023-05-09 20:40:00+00:00,10.5,86.0,10.5,0.4
2023-05-09 20:50:00+00:00,10.5,86.0,10.5,0.6
2023-05-09 21:00:00+00:00,10.5,86.0,10.5,0.4
2023-05-09 21:10:00+00:00,10.5,86.0,10.5,0.6
2023-05-09 21:20:00+00:00,10.5,86.0,10.5,0.6
2023-05-09 21:30:00+00:00,10.5,86.0,10.5,0.6
2023-05-09 21:40:00+00:00,10.0,86.0,10.5,0.6
2023-05-09 21:50:00+00:00,10.0,86.0,10.5,0.6
2023-05-09 22:00:00+00:00,10.0,87.0,10.5,0.6
2023-05-09 22:10:00+00:00,10.0,87.0,10.5,0.6
2023-05-09 22:20:00+00:00,9.5,87.0,10.5,0.6
2023-05-09 22:30:00+00:00,9.5,87.0,10.5,0.6
2023-05-09 22:40:00+00:00,9.5,87.0,10.5,0.6
2023-05-09 22:50:00+00:00,9.5,86.0,10.5,0.6
2023-05-09 23:00:00+00:00,9.5,87.0,10.5,0.6
2023-05-09 23:10:00+00:00,9.5,87.0,10.5,0.6
2023-05-09 23:20:00+00:00,9.0,87.0,10.5,0.6
2023-05-09 23:30:00+00:00,9.0,87.0,10.5,0.6
2023-05-09 23:40:00+00:00,9.0,87.0,10.5,0.6
2023-05-09 23:50:00+00:00,9.0,87.0,10.5,0.6
2023-05-10 00:00:00+00:00,9.0,87.0,10.5,0.6
2023-05-10 00:10:00+00:00,9.0,87.0,10.5,0.6
2023-05-10 00:20:00+00:00,9.0,87.0,10.5,0.6
2023-05-10 00:30:00+00:00,9.0,87.0,10.5,0.4
2023-05-10 00:40:00+00:00,9.0,87.0,10.5,0.6
2023-05-10 00:50:00+00:00,9.008695652173913,87.1304347826087,10.5,0.7565217391304347
2023-05-10 01:00:00+00:00,9.017391304347827,87.26086956521739,10.5,0.9130434782608696
2023-05-10 01:10:00+00:00,9.02608695652174,87.3913043478261,10.5,1.0695652173913044
2023-05-10 01:20:00+00:00,9.034782608695652,87.52173913043478,10.5,1.2260869565217392
2023-05-10 01:30:00+00:00,9.043478260869565,87.65217391304348,10.5,1.382608695652174
2023-05-10 01:40:00+00:00,9.052173913043479,87.78260869565217,10.5,1.5391304347826087
2023-05-10 01:50:00+00:00,9.060869565217391,87.91304347826087,10.5,1.6956521739130435
2023-05-10 02:00:00+00:00,9.069565217391304,88.04347826086956,10.5,1.8521739130434782
2023-05-10 02:10:00+00:00,9.078260869565216,88.17391304347827,10.5,2.008695652173913
2023-05-10 02:20:00+00:00,9.08695652173913,88.30434782608695,10.5,2.1652173913043478
2023-05-10 02:30:00+00:00,9.095652173913043,88.43478260869566,10.5,2.3217391304347825
2023-05-10 02:40:00+00:00,9.104347826086956,88.56521739130434,10.5,2.4782608695652177
2023-05-10 02:50:00+00:00,9.113043478260868,88.69565217391305,10.5,2.6347826086956525
2023-05-10 03:00:00+00:00,9.121739130434783,88.82608695652173,10.5,2.7913043478260873
2023-05-10 03:10:00+00:00,9.130434782608695,88.95652173913044,10.5,2.947826086956522
2023-05-10 03:20:00+00:00,9.139130434782608,89.08695652173913,10.5,3.104347826086957
2023-05-10 03:30:00+00:00,9.14782608695652,89.21739130434783,10.5,3.2608695652173916
2023-05-10 03:40:00+00:00,9.156521739130435,89.34782608695652,10.5,3.4173913043478263
2023-05-10 03:50:00+00:00,9.165217391304347,89.47826086956522,10.5,3.573913043478261
2023-05-10 04:00:00+00:00,9.17391304347826,89.6086956521739,10.5,3.730434782608696
2023-05-10 04:10:00+00:00,9.182608695652172,89.73913043478261,10.5,3.8869565217391306
2023-05-10 04:20:00+00:00,9.191304347826087,89.8695652173913,10.5,4.043478260869565
2023-05-10 04:30:00+00:00,9.2,90.0,10.5,4.2
2023-05-10 04:40:00+00:00,9.1,89.0,10.5,4.2
2023-05-10 04:50:00+00:00,9.1,89.0,10.5,4.2
2023-05-10 05:00:00+00:00,9.3,89.0,10.5,4.2
2023-05-10 05:10:00+00:00,9.4,89.0,10.5,4.2
2023-05-10 05:20:00+00:00,9.5,89.0,10.5,4.2
2023-05-10 05:30:00+00:00,9.6,89.0,10.5,4.2
2023-05-10 05:40:00+00:00,9.8,90.0,10.5,4.2
2023-05-10 05:50:00+00:00,10.0,90.0,10.5,4.2
2023-05-10 06:00:00+00:00,10.1,90.0,10.5,4.2
2023-05-10 06:10:00+00:00,10.2,90.0,10.5,4.2
2023-05-10 06:20:00+00:00,10.3,91.0,10.5,4.2
2023-05-10 06:30:00+00:00,10.5,91.0,10.5,4.2
2023-05-10 06:40:00+00:00,10.6,90.0,10.5,4.2
2023-05-10 06:50:00+00:00,10.7,91.0,10.5,4.2
2023-05-10 07:00:00+00:00,10.8,91.0,10.5,4.2
2023-05-10 07:10:00+00:00,11.0,91.0,10.5,4.2
2023-05-10 07:20:00+00:00,11.1,90.0,10.6,4.2
2023-05-10 07:30:00+00:00,11.3,91.0,10.6,4.2
2023-05-10 07:40:00+00:00,11.5,91.0,10.6,4.2
2023-05-10 07:50:00+00:00,11.6,92.0,10.6,4.2
2023-05-10 08:00:00+00:00,12.2,92.0,10.6,4.2
2023-05-10 08:10:00+00:00,12.6,92.0,10.6,4.2
2023-05-10 08:20:00+00:00,12.7,93.0,10.6,4.2
2023-05-10 08:30:00+00:00,12.9,93.0,10.6,4.2
2023-05-10 08:40:00+00:00,13.3,93.0,10.6,4.2
2023-05-10 08:50:00+00:00,13.6,94.0,10.6,4.2
2023-05-10 09:00:00+00:00,14.0,95.0,10.6,4.2
2023-05-10 09:10:00+00:00,14.8,95.0,10.6,4.2
2023-05-10 09:20:00+00:00,15.6,96.0,10.6,4.2
2023-05-10 09:30:00+00:00,16.5,97.0,10.6,4.2
2023-05-10 09:40:00+00:00,17.3,98.0,10.7,4.2
2023-05-10 09:50:00+00:00,18.0,99.0,10.7,4.2
2023-05-10 10:00:00+00:00,18.5,100.0,10.7,4.2
2023-05-10 10:10:00+00:00,19.1,100.0,10.7,4.2
2023-05-10 10:20:00+00:00,19.6,100.0,10.7,4.2
2023-05-10 10:30:00+00:00,20.2,100.0,10.8,4.2
2023-05-10 10:40:00+00:00,20.45,100.0,10.75,4.2
2023-05-10 10:50:00+00:00,20.7,100.0,10.7,4.2
2023-05-10 11:00:00+00:00,20.1,100.0,10.7,4.2
2023-05-10 11:10:00+00:00,19.3,100.0,10.7,4.2
2023-05-10 11:20:00+00:00,18.6,100.0,10.7,4.2
2023-05-10 11:30:00+00:00,18.1,99.0,10.7,4.2
2023-05-10 11:40:00+00:00,17.6,98.0,10.7,4.2
2023-05-10 11:50:00+00:00,17.3,97.0,10.7,4.2
2023-05-10 12:00:00+00:00,17.0,97.0,10.8,4.2
2023-05-10 12:10:00+00:00,16.7,96.0,10.7,4.2
2023-05-10 12:20:00+00:00,16.4,96.0,10.8,4.2
2023-05-10 12:30:00+00:00,16.1,96.0,10.8,4.2
2023-05-10 12:40:00+00:00,16.0,96.0,10.8,4.2
2023-05-10 12:50:00+00:00,15.8,96.0,10.8,4.2
2023-05-10 13:00:00+00:00,15.6,95.0,10.8,4.2
2023-05-10 13:10:00+00:00,15.5,95.0,10.8,4.2
2023-05-10 13:20:00+00:00,15.4,95.0,10.8,4.2
2023-05-10 13:30:00+00:00,15.3,95.0,10.8,4.2
2023-05-10 13:40:00+00:00,15.2,95.0,10.8,4.2
2023-05-10 13:50:00+00:00,15.1,95.0,10.8,4.2
2023-05-10 14:00:00+00:00,15.1,95.0,10.8,4.2
2023-05-10 14:10:00+00:00,15.0,95.0,10.8,4.2
2023-05-10 14:20:00+00:00,15.0,95.0,10.8,4.2
2023-05-10 14:30:00+00:00,14.9,95.0,10.8,4.2
2023-05-10 14:40:00+00:00,14.9,95.0,10.8,4.2
2023-05-10 14:50:00+00:00,14.8,94.0,10.8,4.2
2023-05-10 15:00:00+00:00,14.9,94.0,10.8,4.2
2023-05-10 15:10:00+00:00,15.0,95.0,10.8,4.2
2023-05-10 15:20:00+00:00,15.0,96.0,10.8,4.2
2023-05-10 15:30:00+00:00,15.1,97.0,10.8,4.2
2023-05-10 15:40:00+00:00,15.1,97.0,10.8,4.2
2023-05-10 15:50:00+00:00,15.1,97.0,10.8,4.2
2023-05-10 16:00:00+00:00,15.1,97.0,10.8,4.2
2023-05-10 16:10:00+00:00,15.1,96.0,10.8,4.2
2023-05-10 16:20:00+00:00,15.1,96.0,10.8,4.2
2023-05-10 16:30:00+00:00,15.0,95.0,10.8,4.2
2023-05-10 16:40:00+00:00,14.9,95.0,10.8,4.2
2023-05-10 16:50:00+00:00,14.8,95.0,10.8,4.2
2023-05-10 17:00:00+00:00,14.6,94.0,10.8,4.2
2023-05-10 17:10:00+00:00,14.5,93.0,10.8,4.2
2023-05-10 17:20:00+00:00,14.5,93.0,10.8,4.2
2023-05-10 17:30:00+00:00,14.3,93.0,10.8,4.2
2023-05-10 17:40:00+00:00,14.2,93.0,10.8,4.1
2023-05-10 17:50:00+00:00,14.1,93.0,10.8,4.2
2023-05-10 18:00:00+00:00,14.0,92.0,10.8,4.2
2023-05-10 18:10:00+00:00,14.0,92.0,10.8,4.2
2023-05-10 18:20:00+00:00,13.8,92.0,10.8,3.6
2023-05-10 18:30:00+00:00,13.6,91.0,10.8,3.6
2023-05-10 18:40:00+00:00,13.5,91.0,10.8,3.4
2023-05-10 18:50:00+00:00,13.3,91.0,10.8,2.7
2023-05-10 19:00:00+00:00,13.2,90.0,10.8,1.6
2023-05-10 19:10:00+00:00,13.1,90.0,10.8,0.8
2023-05-10 19:20:00+00:00,13.0,90.0,10.8,0.7
2023-05-10 19:30:00+00:00,12.8,90.0,10.8,0.6
2023-05-10 19:40:00+00:00,12.7,90.0,10.8,0.6
2023-05-10 19:50:00+00:00,12.6,90.0,10.8,0.4
2023-05-10 20:00:00+00:00,12.5,89.0,10.8,0.6
2023-05-10 20:10:00+00:00,12.45,89.0,10.8,0.6
2023-05-10 20:20:00+00:00,12.4,89.0,10.8,0.6
2023-05-10 20:30:00+00:00,12.2,89.0,10.8,0.6
2023-05-10 20:40:00+00:00,12.2,89.0,10.8,0.6
2023-05-10 20:50:00+00:00,12.1,89.0,10.8,0.4
2023-05-10 21:00:00+00:00,12.0,89.0,10.8,0.6
2023-05-10 21:10:00+00:00,12.0,90.0,10.8,0.6
2023-05-10 21:20:00+00:00,11.9,89.0,10.8,0.6
2023-05-10 21:30:00+00:00,11.8,90.0,10.8,0.6
2023-05-10 21:40:00+00:00,11.8,90.0,10.8,0.6
2023-05-10 21:50:00+00:00,11.8,89.0,10.8,0.6
2023-05-10 22:00:00+00:00,11.8,90.0,10.8,0.6
2023-05-10 22:10:00+00:00,11.7,90.0,10.8,0.6
2023-05-10 22:20:00+00:00,11.6,90.0,10.8,0.6
2023-05-10 22:30:00+00:00,11.6,90.0,10.8,0.6
2023-05-10 22:40:00+00:00,11.6,90.0,10.8,0.6
2023-05-10 22:50:00+00:00,11.6,90.0,10.8,0.6
2023-05-10 23:00:00+00:00,11.5,90.0,10.8,0.4
2023-05-10 23:10:00+00:00,11.5,90.0,10.8,0.6
2023-05-10 23:20:00+00:00,11.5,90.0,10.8,0.6
2023-05-10 23:30:00+00:00,11.4,90.0,10.8,0.6
2023-05-10 23:40:00+00:00,11.3,90.0,10.8,0.6
2023-05-10 23:50:00+00:00,11.4,90.0,10.8,0.6
2023-05-11 00:00:00+00:00,11.3,90.0,10.8,0.6
2023-05-11 00:10:00+00:00,11.2,90.0,10.8,0.6
2023-05-11 00:20:00+00:00,11.2,90.0,10.8,0.6
2023-05-11 00:30:00+00:00,11.1,90.0,10.8,0.6
2023-05-11 00:40:00+00:00,11.066666666666666,90.125,10.8,0.75
2023-05-11 00:50:00+00:00,11.033333333333333,90.25,10.8,0.8999999999999999
2023-05-11 01:00:00+00:00,11.0,90.375,10.8,1.0499999999999998
2023-05-11 01:10:00+00:00,10.966666666666667,90.5,10.8,1.2
2023-05-11 01:20:00+00:00,10.933333333333334,90.625,10.8,1.35
2023-05-11 01:30:00+00:00,10.9,90.75,10.8,1.5
2023-05-11 01:40:00+00:00,10.866666666666667,90.875,10.8,1.65
2023-05-11 01:50:00+00:00,10.833333333333334,91.0,10.8,1.7999999999999998
2023-05-11 02:00:00+00:00,10.8,91.125,10.8,1.9499999999999997
2023-05-11 02:10:00+00:00,10.766666666666667,91.25,10.8,2.1
2023-05-11 02:20:00+00:00,10.733333333333334,91.375,10.8,2.25
2023-05-11 02:30:00+00:00,10.7,91.5,10.8,2.4
2023-05-11 02:40:00+00:00,10.666666666666666,91.625,10.8,2.55
2023-05-11 02:50:00+00:00,10.633333333333333,91.75,10.8,2.7
2023-05-11 03:00:00+00:00,10.6,91.875,10.8,2.85
2023-05-11 03:10:00+00:00,10.566666666666666,92.0,10.8,3.0
2023-05-11 03:20:00+00:00,10.533333333333333,92.125,10.8,3.15
2023-05-11 03:30:00+00:00,10.5,92.25,10.8,3.3
2023-05-11 03:40:00+00:00,10.466666666666667,92.375,10.8,3.45
2023-05-11 03:50:00+00:00,10.433333333333334,92.5,10.8,3.6
2023-05-11 04:00:00+00:00,10.4,92.625,10.8,3.75
2023-05-11 04:10:00+00:00,10.366666666666667,92.75,10.8,3.9
2023-05-11 04:20:00+00:00,10.333333333333334,92.875,10.8,4.05
2023-05-11 04:30:00+00:00,10.3,93.0,10.8,4.2
2023-05-11 04:40:00+00:00,10.1,92.0,10.8,4.2
2023-05-11 04:50:00+00:00,10.3,93.0,10.8,4.2
2023-05-11 05:00:00+00:00,10.3,93.0,10.8,4.2
2023-05-11 05:10:00+00:00,10.5,93.0,10.8,4.2
2023-05-11 05:20:00+00:00,10.6,93.0,10.8,4.2
2023-05-11 05:30:00+00:00,10.8,94.0,10.8,4.2
2023-05-11 05:40:00+00:00,11.0,94.0,10.8,4.2
2023-05-11 05:50:00+00:00,11.1,94.0,10.8,4.2
2023-05-11 06:00:00+00:00,11.1,95.0,10.8,4.2
2023-05-11 06:10:00+00:00,11.3,95.0,10.8,4.2
2023-05-11 06:20:00+00:00,11.5,95.0,10.8,4.2
2023-05-11 06:30:00+00:00,11.6,95.0,10.8,4.2
2023-05-11 06:40:00+00:00,11.7,95.0,10.8,4.2
2023-05-11 06:50:00+00:00,11.8,95.0,10.8,4.2
2023-05-11 07:00:00+00:00,12.0,95.0,10.8,4.2
2023-05-11 07:10:00+00:00,12.1,96.0,10.8,4.2
2023-05-11 07:20:00+00:00,12.2,96.0,10.9,4.2
2023-05-11 07:30:00+00:00,12.5,96.0,10.9,4.2
2023-05-11 07:40:00+00:00,12.6,96.0,10.9,4.2
2023-05-11 07:50:00+00:00,12.8,97.0,10.9,4.2
2023-05-11 08:00:00+00:00,13.3,97.0,10.9,4.2
2023-05-11 08:10:00+00:00,13.5,97.0,10.9,4.2
2023-05-11 08:20:00+00:00,13.6,97.0,10.9,4.2
2023-05-11 08:30:00+00:00,13.6,98.0,10.9,4.2
2023-05-11 08:40:00+00:00,14.3,98.0,10.9,4.2
2023-05-11 08:50:00+00:00,14.5,98.0,10.9,4.2
2023-05-11 09:00:00+00:00,14.9,99.0,10.9,4.2
2023-05-11 09:10:00+00:00,15.8,100.0,11.0,4.2
2023-05-11 09:20:00+00:00,16.8,100.0,11.0,4.2
2023-05-11 09:30:00+00:00,17.6,100.0,11.0,4.2
2023-05-11 09:40:00+00:00,18.4,100.0,11.0,4.2
2023-05-11 09:50:00+00:00,19.0,100.0,11.0,4.2
2023-05-11 10:00:00+00:00,19.6,100.0,11.1,4.2
2023-05-11 10:10:00+00:00,20.3,100.0,11.1,4.2
2023-05-11 10:20:00+00:00,20.8,100.0,11.1,4.2
2023-05-11 10:30:00+00:00,21.3,100.0,11.1,4.2
2023-05-11 10:40:00+00:00,21.6,100.0,11.1,4.2
2023-05-11 10:50:00+00:00,21.6,100.0,11.1,4.2
2023-05-11 11:00:00+00:00,20.9,100.0,11.1,4.2
2023-05-11 11:10:00+00:00,20.1,100.0,11.1,4.2
2023-05-11 11:20:00+00:00,19.3,100.0,11.1,4.2
2023-05-11 11:30:00+00:00,18.7,100.0,11.1,4.2
2023-05-11 11:40:00+00:00,18.3,100.0,11.1,4.2
2023-05-11 11:50:00+00:00,17.8,99.0,11.1,4.2
2023-05-11 12:00:00+00:00,17.5,99.0,11.1,4.2
2023-05-11 12:10:00+00:00,17.2,98.0,11.1,4.2
2023-05-11 12:20:00+00:00,17.0,97.0,11.1,4.2
2023-05-11 12:30:00+00:00,16.7,97.0,11.1,4.2
2023-05-11 12:40:00+00:00,16.5,97.0,11.1,4.2
2023-05-11 12:50:00+00:00,16.3,97.0,11.1,4.2
2023-05-11 13:00:00+00:00,16.2,96.0,11.1,4.2
2023-05-11 13:10:00+00:00,16.0,96.0,11.1,4.2
2023-05-11 13:20:00+00:00,16.0,96.0,11.1,4.2
2023-05-11 13:30:00+00:00,15.8,96.0,11.1,4.2
2023-05-11 13:40:00+00:00,15.7,96.0,11.1,4.2
2023-05-11 13:50:00+00:00,15.6,96.0,11.1,4.2
2023-05-11 14:00:00+00:00,15.6,96.0,11.1,4.2
2023-05-11 14:10:00+00:00,15.5,96.0,11.1,4.2
2023-05-11 14:20:00+00:00,15.4,95.0,11.1,4.2
2023-05-11 14:30:00+00:00,15.3,95.0,11.1,4.2
2023-05-11 14:40:00+00:00,15.3,95.0,11.1,4.2
2023-05-11 14:50:00+00:00,15.3,95.0,11.1,4.2
2023-05-11 15:00:00+00:00,15.3,95.0,11.1,4.2
2023-05-11 15:10:00+00:00,15.4,96.0,11.1,4.2
2023-05-11 15:20:00+00:00,15.4,96.0,11.1,4.2
2023-05-11 15:30:00+00:00,15.5,97.0,11.1,4.2
2023-05-11 15:40:00+00:00,15.5,97.0,11.1,4.2
2023-05-11 15:50:00+00:00,15.6,97.0,11.1,4.2
2023-05-11 16:00:00+00:00,15.6,97.0,11.1,4.2
2023-05-11 16:10:00+00:00,15.6,97.0,11.1,4.2
2023-05-11 16:20:00+00:00,15.5,97.0,11.1,4.2
2023-05-11 16:30:00+00:00,15.4,96.0,11.1,4.2
2023-05-11 16:40:00+00:00,15.3,95.0,11.1,4.2
2023-05-11 16:50:00+00:00,15.1,94.0,11.1,4.2
2023-05-11 17:00:00+00:00,15.0,93.0,11.1,4.2
2023-05-11 17:10:00+00:00,14.9,93.0,11.1,4.2
2023-05-11 17:20:00+00:00,14.8,92.0,11.1,4.2
2023-05-11 17:30:00+00:00,14.7,92.0,11.1,4.2
2023-05-11 17:40:00+00:00,14.6,92.0,11.1,4.2
2023-05-11 17:50:00+00:00,14.4,91.0,11.1,4.2
2023-05-11 18:00:00+00:00,14.3,91.0,11.1,4.2
2023-05-11 18:10:00+00:00,14.1,91.0,11.1,4.1
2023-05-11 18:20:00+00:00,14.0,91.0,11.1,3.6
2023-05-11 18:30:00+00:00,13.8,90.0,11.0,3.5
2023-05-11 18:40:00+00:00,13.7,90.0,11.0,3.5
2023-05-11 18:50:00+00:00,13.6,90.0,11.0,2.7
2023-05-11 19:00:00+00:00,13.4,90.0,11.0,1.6
2023-05-11 19:10:00+00:00,13.3,89.0,11.0,0.9
2023-05-11 19:20:00+00:00,13.1,89.0,11.0,0.7
2023-05-11 19:30:00+00:00,13.1,89.0,11.0,0.6
2023-05-11 19:40:00+00:00,13.0,89.0,11.0,0.6
2023-05-11 19:50:00+00:00,12.8,89.0,11.0,0.6
2023-05-11 20:00:00+00:00,12.7,89.0,11.0,0.6
2023-05-11 20:10:00+00:00,12.5,89.0,11.0,0.6
2023-05-11 20:20:00+00:00,12.5,89.0,11.0,0.6
2023-05-11 20:30:00+00:00,12.3,89.0,11.0,0.6
2023-05-11 20:40:00+00:00,12.2,89.0,11.0,0.6
2023-05-11 20:50:00+00:00,12.1,89.0,11.0,0.6
2023-05-11 21:00:00+00:00,12.0,89.0,11.0,0.6
2023-05-11 21:10:00+00:00,12.0,89.0,11.0,0.6
2023-05-11 21:20:00+00:00,11.8,89.0,11.0,0.6
2023-05-11 21:30:00+00:00,11.8,89.0,11.0,0.6
2023-05-11 21:40:00+00:00,11.6,89.0,11.0,0.6
2023-05-11 21:50:00+00:00,11.6,89.0,11.0,0.6
2023-05-11 22:00:00+00:00,11.5,89.0,11.0,0.6
2023-05-11 22:10:00+00:00,11.4,89.0,11.0,0.6
2023-05-11 22:20:00+00:00,11.3,89.0,11.0,0.4
2023-05-11 22:30:00+00:00,11.2,90.0,11.0,0.4
2023-05-11 22:40:00+00:00,11.163888888888888,90.08333333333333,10.997222222222222,0.5055555555555555
2023-05-11 22:50:00+00:00,11.127777777777776,90.16666666666667,10.994444444444444,0.6111111111111112
2023-05-11 23:00:00+00:00,11.091666666666667,90.25,10.991666666666667,0.7166666666666668
2023-05-11 23:10:00+00:00,11.055555555555555,90.33333333333333,10.988888888888889,0.8222222222222223
2023-05-11 23:20:00+00:00,11.019444444444444,90.41666666666667,10.98611111111111,0.9277777777777779
2023-05-11 23:30:00+00:00,10.983333333333333,90.5,10.983333333333334,1.0333333333333334
2023-05-11 23:40:00+00:00,10.947222222222221,90.58333333333333,10.980555555555556,1.1388888888888888
2023-05-11 23:50:00+00:00,10.911111111111111,90.66666666666667,10.977777777777778,1.2444444444444445
2023-05-12 00:00:00+00:00,10.875,90.75,10.975,1.35
2023-05-12 00:10:00+00:00,10.838888888888889,90.83333333333333,10.972222222222221,1.4555555555555557
2023-05-12 00:20:00+00:00,10.802777777777777,90.91666666666667,10.969444444444445,1.5611111111111113
2023-05-12 00:30:00+00:00,10.766666666666666,91.0,10.966666666666667,1.666666666666667
2023-05-12 00:40:00+00:00,10.730555555555556,91.08333333333333,10.963888888888889,1.7722222222222226
2023-05-12 00:50:00+00:00,10.694444444444445,91.16666666666667,10.961111111111112,1.8777777777777778
2023-05-12 01:00:00+00:00,10.658333333333333,91.25,10.958333333333334,1.9833333333333334
2023-05-12 01:10:00+00:00,10.622222222222222,91.33333333333333,10.955555555555556,2.088888888888889
2023-05-12 01:20:00+00:00,10.58611111111111,91.41666666666667,10.952777777777778,2.1944444444444446
2023-05-12 01:30:00+00:00,10.55,91.5,10.95,2.3000000000000003
2023-05-12 01:40:00+00:00,10.51388888888889,91.58333333333333,10.947222222222223,2.405555555555556
2023-05-12 01:50:00+00:00,10.477777777777778,91.66666666666667,10.944444444444445,2.5111111111111115
2023-05-12 02:00:00+00:00,10.441666666666666,91.75,10.941666666666666,2.6166666666666667
2023-05-12 02:10:00+00:00,10.405555555555555,91.83333333333333,10.93888888888889,2.7222222222222223
2023-05-12 02:20:00+00:00,10.369444444444444,91.91666666666667,10.936111111111112,2.827777777777778
2023-05-12 02:30:00+00:00,10.333333333333334,92.0,10.933333333333334,2.9333333333333336
2023-05-12 02:40:00+00:00,,,,
2023-05-12 02:50:00+00:00,,,,
2023-05-12 03:00:00+00:00,,,,
2023-05-12 03:10:00+00:00,,,,
2023-05-12 03:20:00+00:00,,,,
2023-05-12 03:30:00+00:00,,,,
2023-05-12 03:40:00+00:00,,,,
2023-05-12 03:50:00+00:00,,,,
2023-05-12 04:00:00+00:00,,,,
2023-05-12 04:10:00+00:00,,,,
2023-05-12 04:20:00+00:00,,,,
2023-05-12 04:30:00+00:00,9.9,93.0,10.9,4.2
2023-05-12 04:40:00+00:00,9.8,93.0,10.9,4.2
2023-05-12 04:50:00+00:00,9.9,93.0,10.9,4.2
2023-05-12 05:00:00+00:00,10.1,93.0,11.0,4.2
2023-05-12 05:10:00+00:00,10.1,93.0,11.0,4.2
2023-05-12 05:20:00+00:00,10.3,93.0,11.0,4.2
2023-05-12 05:30:00+00:00,10.5,93.0,11.0,4.2
2023-05-12 05:40:00+00:00,10.6,94.0,11.0,4.2
2023-05-12 05:50:00+00:00,10.8,94.0,11.0,4.2
2023-05-12 06:00:00+00:00,10.9,94.0,11.0,4.2
2023-05-12 06:10:00+00:00,11.1,94.0,11.0,4.2
2023-05-12 06:20:00+00:00,11.2,95.0,11.0,4.2
2023-05-12 06:30:00+00:00,11.4,95.0,11.0,4.2
2023-05-12 06:40:00+00:00,11.5,95.0,11.0,4.2
2023-05-12 06:50:00+00:00,11.6,95.0,11.0,4.2
2023-05-12 07:00:00+00:00,11.7,95.0,11.0,4.2
2023-05-12 07:10:00+00:00,12.0,95.0,11.0,4.2
2023-05-12 07:20:00+00:00,12.0,95.0,11.0,4.2
2023-05-12 07:30:00+00:00,12.2,96.0,11.0,4.2
2023-05-12 07:40:00+00:00,12.4,96.0,11.1,4.2
2023-05-12 07:50:00+00:00,12.6,96.0,11.1,4.2
2023-05-12 08:00:00+00:00,13.0,96.0,11.1,4.2
2023-05-12 08:10:00+00:00,13.2,97.0,11.1,4.2
2023-05-12 08:20:00+00:00,13.5,98.0,11.1,4.2
2023-05-12 08:30:00+00:00,13.5,98.0,11.1,4.2
2023-05-12 08:40:00+00:00,14.0,98.0,11.1,4.2
2023-05-12 08:50:00+00:00,14.3,98.0,11.1,4.2
2023-05-12 09:00:00+00:00,14.6,99.0,11.1,4.2
2023-05-12 09:10:00+00:00,15.5,99.0,11.2,4.2
2023-05-12 09:20:00+00:00,16.6,100.0,11.2,4.2
2023-05-12 09:30:00+00:00,17.4,100.0,11.2,4.2
2023-05-12 09:40:00+00:00,18.3,100.0,11.2,4.2
2023-05-12 09:50:00+00:00,19.1,100.0,11.2,4.2
2023-05-12 10:00:00+00:00,19.7,100.0,11.2,4.2
2023-05-12 10:10:00+00:00,20.5,100.0,11.3,4.2
2023-05-12 10:20:00+00:00,21.1,100.0,11.3,4.2
2023-05-12 10:30:00+00:00,21.6,100.0,11.3,4.2
2023-05-12 10:40:00+00:00,22.1,100.0,11.3,4.2
2023-05-12 10:50:00+00:00,22.3,100.0,11.3,4.2
2023-05-12 11:00:00+00:00,21.5,100.0,11.2,4.2
2023-05-12 11:10:00+00:00,20.6,100.0,11.2,4.2
2023-05-12 11:20:00+00:00,19.9,100.0,11.2,4.2
2023-05-12 11:30:00+00:00,19.3,100.0,11.2,4.2
2023-05-12 11:40:00+00:00,18.8,100.0,11.2,4.2
2023-05-12 11:50:00+00:00,18.3,100.0,11.2,4.2
2023-05-12 12:00:00+00:00,18.0,99.0,11.2,4.2
2023-05-12 12:10:00+00:00,17.6,99.0,11.2,4.2
2023-05-12 12:20:00+00:00,17.4,98.0,11.2,4.2
2023-05-12 12:30:00+00:00,17.2,97.0,11.2,4.2
2023-05-12 12:40:00+00:00,17.0,98.0,11.2,4.2
2023-05-12 12:50:00+00:00,16.8,97.0,11.2,4.2
2023-05-12 13:00:00+00:00,16.7,97.0,11.2,4.2
2023-05-12 13:10:00+00:00,16.6,97.0,11.2,4.2
2023-05-12 13:20:00+00:00,16.4,97.0,11.2,4.2
2023-05-12 13:30:00+00:00,16.3,97.0,11.2,4.2
2023-05-12 13:40:00+00:00,16.3,96.0,11.2,4.2
2023-05-12 13:50:00+00:00,16.1,96.0,11.2,4.2
2023-05-12 14:00:00+00:00,16.0,96.0,11.2,4.2
2023-05-12 14:10:00+00:00,15.9,95.0,11.2,4.2
2023-05-12 14:20:00+00:00,15.8,95.0,11.2,4.2
2023-05-12 14:30:00+00:00,15.7,95.0,11.2,4.2
2023-05-12 14:40:00+00:00,15.6,95.0,11.2,4.2
2023-05-12 14:50:00+00:00,15.6,95.0,11.2,4.2
2023-05-12 15:00:00+00:00,15.6,95.0,11.2,4.2
2023-05-12 15:10:00+00:00,15.6,95.0,11.2,4.2
2023-05-12 15:20:00+00:00,15.6,96.0,11.2,4.2
2023-05-12 15:30:00+00:00,15.7,96.0,11.2,4.2
2023-05-12 15:40:00+00:00,15.7,96.0,11.2,4.2
2023-05-12 15:50:00+00:00,15.8,96.0,11.2,4.2
2023-05-12 16:00:00+00:00,15.8,96.0,11.2,4.2
2023-05-12 16:10:00+00:00,15.8,96.0,11.2,4.2
2023-05-12 16:20:00+00:00,15.7,95.0,11.2,4.2
2023-05-12 16:30:00+00:00,15.6,95.0,11.2,4.2
2023-05-12 16:40:00+00:00,15.5,94.0,11.2,4.2
2023-05-12 16:50:00+00:00,15.3,94.0,11.2,4.2
2023-05-12 17:00:00+00:00,15.2,93.0,11.2,4.2
2023-05-12 17:10:00+00:00,15.0,93.0,11.2,4.2
2023-05-12 17:20:00+00:00,15.0,92.0,11.2,4.2
2023-05-12 17:30:00+00:00,14.8,92.0,11.2,4.2
2023-05-12 17:40:00+00:00,14.6,92.0,11.2,4.2
2023-05-12 17:50:00+00:00,14.6,91.0,11.2,4.2
2023-05-12 18:00:00+00:00,14.5,91.0,11.2,4.2
2023-05-12 18:10:00+00:00,14.3,90.0,11.2,4.2
2023-05-12 18:20:00+00:00,14.1,90.0,11.2,3.7
2023-05-12 18:30:00+00:00,14.1,90.0,11.2,3.5
2023-05-12 18:40:00+00:00,13.9,90.0,11.2,3.4
2023-05-12 18:50:00+00:00,13.8,90.0,11.2,2.8
2023-05-12 19:00:00+00:00,13.6,89.0,11.1,1.8
2023-05-12 19:10:00+00:00,13.5,89.0,11.2,1.0
2023-05-12 19:20:00+00:00,13.3,89.0,11.1,0.7
2023-05-12 19:30:00+00:00,13.3,89.0,11.1,0.6
2023-05-12 19:40:00+00:00,13.1,88.0,11.1,0.6
2023-05-12 19:50:00+00:00,13.0,89.0,11.1,0.6
2023-05-12 20:00:00+00:00,12.9,89.0,11.1,0.6
2023-05-12 20:10:00+00:00,12.8,88.0,11.1,0.6
2023-05-12 20:20:00+00:00,12.8,88.0,11.1,0.6
2023-05-12 20:30:00+00:00,12.6,88.0,11.1,0.6
2023-05-12 20:40:00+00:00,12.6,89.0,11.1,0.6
2023-05-12 20:50:00+00:00,12.5,89.0,11.1,0.6
2023-05-12 21:00:00+00:00,12.4,88.0,11.1,0.6
2023-05-12 21:10:00+00:00,12.357777777777779,88.08888888888889,11.1,0.6799999999999999
2023-05-12 21:20:00+00:00,12.315555555555555,88.17777777777778,11.1,0.76
2023-05-12 21:30:00+00:00,12.273333333333333,88.26666666666667,11.1,0.84
2023-05-12 21:40:00+00:00,12.231111111111112,88.35555555555555,11.1,0.9199999999999999
2023-05-12 21:50:00+00:00,12.18888888888889,88.44444444444444,11.1,1.0
2023-05-12 22:00:00+00:00,12.146666666666667,88.53333333333333,11.1,1.08
2023-05-12 22:10:00+00:00,12.104444444444445,88.62222222222222,11.1,1.1600000000000001
2023-05-12 22:20:00+00:00,12.062222222222223,88.71111111111111,11.1,1.24
2023-05-12 22:30:00+00:00,12.02,88.8,11.1,1.3199999999999998
2023-05-12 22:40:00+00:00,11.977777777777778,88.88888888888889,11.1,1.4
2023-05-12 22:50:00+00:00,11.935555555555556,88.97777777777777,11.1,1.48
2023-05-12 23:00:00+00:00,11.893333333333334,89.06666666666666,11.1,1.56
2023-05-12 23:10:00+00:00,11.851111111111111,89.15555555555555,11.1,1.6400000000000001
2023-05-12 23:20:00+00:00,11.80888888888889,89.24444444444444,11.1,1.7200000000000002
2023-05-12 23:30:00+00:00,11.766666666666667,89.33333333333333,11.1,1.7999999999999998
2023-05-12 23:40:00+00:00,11.724444444444444,89.42222222222222,11.1,1.88
2023-05-12 23:50:00+00:00,11.682222222222222,89.5111111111111,11.1,1.96
2023-05-13 00:00:00+00:00,11.64,89.6,11.1,2.04
2023-05-13 00:10:00+00:00,11.597777777777779,89.68888888888888,11.1,2.12
2023-05-13 00:20:00+00:00,11.555555555555555,89.77777777777777,11.1,2.2
2023-05-13 00:30:00+00:00,11.513333333333334,89.86666666666666,11.1,2.28
2023-05-13 00:40:00+00:00,11.471111111111112,89.95555555555555,11.1,2.36
2023-05-13 00:50:00+00:00,11.428888888888888,90.04444444444445,11.1,2.44
2023-05-13 01:00:00+00:00,11.386666666666667,90.13333333333334,11.1,2.52
2023-05-13 01:10:00+00:00,,,,
2023-05-13 01:20:00+00:00,,,,
2023-05-13 01:30:00+00:00,,,,
2023-05-13 01:40:00+00:00,,,,
2023-05-13 01:50:00+00:00,,,,
2023-05-13 02:00:00+00:00,,,,
2023-05-13 02:10:00+00:00,,,,
2023-05-13 02:20:00+00:00,,,,
2023-05-13 02:30:00+00:00,,,,
2023-05-13 02:40:00+00:00,,,,
2023-05-13 02:50:00+00:00,,,,
2023-05-13 03:00:00+00:00,,,,
2023-05-13 03:10:00+00:00,,,,
2023-05-13 03:20:00+00:00,,,,
2023-05-13 03:30:00+00:00,,,,
2023-05-13 03:40:00+00:00,,,,
2023-05-13 03:50:00+00:00,,,,
2023-05-13 04:00:00+00:00,,,,
2023-05-13 04:10:00+00:00,,,,
2023-05-13 04:20:00+00:00,,,,
2023-05-13 04:30:00+00:00,10.5,92.0,11.1,4.2
2023-05-13 04:40:00+00:00,10.5,92.0,11.1,4.2
2023-05-13 04:50:00+00:00,10.5,92.0,11.1,4.2
2023-05-13 05:00:00+00:00,10.5,92.0,11.1,4.2
2023-05-13 05:10:00+00:00,10.5,92.0,11.1,4.2
2023-05-13 05:20:00+00:00,11.0,92.0,11.1,4.2
2023-05-13 05:30:00+00:00,11.0,93.0,11.1,4.2
2023-05-13 05:40:00+00:00,11.0,92.0,11.1,4.2
2023-05-13 05:50:00+00:00,11.5,93.0,11.1,4.2
2023-05-13 06:00:00+00:00,11.5,93.0,11.1,4.2
2023-05-13 06:10:00+00:00,11.5,93.0,11.1,4.2
2023-05-13 06:20:00+00:00,12.0,93.0,11.1,4.2
2023-05-13 06:30:00+00:00,12.0,94.0,11.1,4.2
2023-05-13 06:40:00+00:00,12.0,94.0,11.1,4.2
2023-05-13 06:50:00+00:00,12.5,94.0,11.1,4.2
2023-05-13 07:00:00+00:00,12.5,94.0,11.1,4.2
2023-05-13 07:10:00+00:00,12.5,94.0,11.1,4.2
2023-05-13 07:20:00+00:00,12.5,94.0,11.2,4.2
2023-05-13 07:30:00+00:00,13.0,95.0,11.2,4.2
2023-05-13 07:40:00+00:00,13.0,95.0,11.2,4.2
2023-05-13 07:50:00+00:00,13.5,96.0,11.2,4.2
2023-05-13 08:00:00+00:00,13.5,96.0,11.2,4.2
2023-05-13 08:10:00+00:00,14.0,96.0,11.2,4.2
2023-05-13 08:20:00+00:00,14.0,97.0,11.2,4.2
2023-05-13 08:30:00+00:00,14.25,97.0,11.2,4.2
2023-05-13 08:40:00+00:00,14.5,97.0,11.2,4.2
2023-05-13 08:50:00+00:00,14.5,97.0,11.2,4.2
2023-05-13 09:00:00+00:00,15.0,97.0,11.2,4.2
2023-05-13 09:10:00+00:00,15.5,98.0,11.3,4.2
2023-05-13 09:20:00+00:00,16.5,99.0,11.3,4.2
2023-05-13 09:30:00+00:00,17.5,99.0,11.3,4.2
2023-05-13 09:40:00+00:00,18.5,100.0,11.3,4.2
2023-05-13 09:50:00+00:00,19.5,100.0,11.3,4.2
2023-05-13 10:00:00+00:00,20.0,100.0,11.4,4.2
2023-05-13 10:10:00+00:00,21.0,100.0,11.4,4.2
2023-05-13 10:20:00+00:00,21.5,100.0,11.4,4.2
2023-05-13 10:30:00+00:00,22.0,100.0,11.4,4.2
2023-05-13 10:40:00+00:00,22.5,100.0,11.4,4.2
2023-05-13 10:50:00+00:00,23.0,100.0,11.4,4.2
2023-05-13 11:00:00+00:00,22.5,100.0,11.4,4.2
2023-05-13 11:10:00+00:00,22.0,100.0,11.3,4.2
2023-05-13 11:20:00+00:00,21.0,100.0,11.3,4.2
2023-05-13 11:30:00+00:00,20.5,100.0,11.3,4.2
2023-05-13 11:40:00+00:00,20.0,100.0,11.3,4.2
2023-05-13 11:50:00+00:00,19.5,100.0,11.3,4.2
2023-05-13 12:00:00+00:00,19.0,99.0,11.3,4.2
2023-05-13 12:10:00+00:00,18.5,99.0,11.3,4.2
2023-05-13 12:20:00+00:00,18.5,98.0,11.3,4.2
2023-05-13 12:30:00+00:00,18.0,98.0,11.3,4.2
2023-05-13 12:40:00+00:00,18.0,97.0,11.3,4.2
2023-05-13 12:50:00+00:00,18.0,97.0,11.3,4.2
2023-05-13 13:00:00+00:00,17.5,97.0,11.3,4.2
2023-05-13 13:10:00+00:00,17.5,96.0,11.3,4.2
2023-05-13 13:20:00+00:00,17.5,96.0,11.3,4.2
2023-05-13 13:30:00+00:00,17.0,96.0,11.3,4.2
2023-05-13 13:40:00+00:00,17.0,96.0,11.3,4.2
2023-05-13 13:50:00+00:00,17.0,95.0,11.3,4.2
2023-05-13 14:00:00+00:00,17.0,95.0,11.3,4.2
2023-05-13 14:10:00+00:00,17.0,95.0,11.3,4.2
2023-05-13 14:20:00+00:00,17.0,95.0,11.3,4.2
2023-05-13 14:30:00+00:00,17.0,95.0,11.3,4.2
2023-05-13 14:40:00+00:00,16.93764705882353,94.94117647058823,11.298823529411765,4.2
2023-05-13 14:50:00+00:00,16.87529411764706,94.88235294117646,11.29764705882353,4.2
2023-05-13 15:00:00+00:00,16.812941176470588,94.82352941176471,11.296470588235294,4.2
2023-05-13 15:10:00+00:00,16.750588235294117,94.76470588235294,11.29529411764706,4.2
2023-05-13 15:20:00+00:00,16.688235294117646,94.70588235294117,11.294117647058824,4.2
2023-05-13 15:30:00+00:00,16.625882352941176,94.6470588235294,11.292941176470588,4.2
2023-05-13 15:40:00+00:00,16.563529411764705,94.58823529411765,11.291764705882354,4.2
2023-05-13 15:50:00+00:00,16.501176470588234,94.52941176470588,11.290588235294118,4.2
2023-05-13 16:00:00+00:00,16.438823529411764,94.47058823529412,11.289411764705882,4.2
2023-05-13 16:10:00+00:00,16.376470588235293,94.41176470588235,11.288235294117648,4.2
2023-05-13 16:20:00+00:00,16.314117647058822,94.3529411764706,11.287058823529412,4.2
2023-05-13 16:30:00+00:00,16.25176470588235,94.29411764705883,11.285882352941178,4.2
2023-05-13 16:40:00+00:00,16.18941176470588,94.23529411764706,11.284705882352942,4.2
2023-05-13 16:50:00+00:00,16.12705882352941,94.17647058823529,11.283529411764706,4.2
2023-05-13 17:00:00+00:00,16.064705882352943,94.11764705882354,11.282352941176471,4.2
2023-05-13 17:10:00+00:00,16.002352941176472,94.05882352941177,11.281176470588235,4.2
2023-05-13 17:20:00+00:00,15.94,94.0,11.280000000000001,4.2
2023-05-13 17:30:00+00:00,15.877647058823529,93.94117647058823,11.278823529411765,4.2
2023-05-13 17:40:00+00:00,15.815294117647058,93.88235294117646,11.27764705882353,4.2
2023-05-13 17:50:00+00:00,15.752941176470587,93.82352941176471,11.276470588235295,4.2
2023-05-13 18:00:00+00:00,15.690588235294118,93.76470588235294,11.275294117647059,4.2
2023-05-13 18:10:00+00:00,15.628235294117648,93.70588235294117,11.274117647058825,4.2
2023-05-13 18:20:00+00:00,15.565882352941177,93.6470588235294,11.272941176470589,4.2
2023-05-13 18:30:00+00:00,15.503529411764706,93.58823529411765,11.271764705882353,4.2
2023-05-13 18:40:00+00:00,,,,
2023-05-13 18:50:00+00:00,,,,
2023-05-13 19:00:00+00:00,,,,
2023-05-13 19:10:00+00:00,,,,
2023-05-13 19:20:00+00:00,,,,
2023-05-13 19:30:00+00:00,,,,
2023-05-13 19:40:00+00:00,,,,
2023-05-13 19:50:00+00:00,,,,
2023-05-13 20:00:00+00:00,,,,
2023-05-13 20:10:00+00:00,,,,
2023-05-13 20:20:00+00:00,,,,
2023-05-13 20:30:00+00:00,,,,
2023-05-13 20:40:00+00:00,,,,
2023-05-13 20:50:00+00:00,,,,
2023-05-13 21:00:00+00:00,,,,
2023-05-13 21:10:00+00:00,,,,
2023-05-13 21:20:00+00:00,,,,
2023-05-13 21:30:00+00:00,,,,
2023-05-13 21:40:00+00:00,,,,
2023-05-13 21:50:00+00:00,,,,
2023-05-13 22:00:00+00:00,,,,
2023-05-13 22:10:00+00:00,,,,
2023-05-13 22:20:00+00:00,,,,
2023-05-13 22:30:00+00:00,,,,
2023-05-13 22:40:00+00:00,,,,
2023-05-13 22:50:00+00:00,,,,
2023-05-13 23:00:00+00:00,,,,
2023-05-13 23:10:00+00:00,,,,
2023-05-13 23:20:00+00:00,,,,
2023-05-13 23:30:00+00:00,,,,
2023-05-13 23:40:00+00:00,,,,
2023-05-13 23:50:00+00:00,,,,
2023-05-14 00:00:00+00:00,,,,
2023-05-14 00:10:00+00:00,,,,
2023-05-14 00:20:00+00:00,,,,
2023-05-14 00:30:00+00:00,,,,
2023-05-14 00:40:00+00:00,,,,
2023-05-14 00:50:00+00:00,,,,
2023-05-14 01:00:00+00:00,,,,
2023-05-14 01:10:00+00:00,,,,
2023-05-14 01:20:00+00:00,,,,
2023-05-14 01:30:00+00:00,,,,
2023-05-14 01:40:00+00:00,,,,
2023-05-14 01:50:00+00:00,,,,
2023-05-14 02:00:00+00:00,,,,
2023-05-14 02:10:00+00:00,,,,
2023-05-14 02:20:00+00:00,,,,
2023-05-14 02:30:00+00:00,,,,
2023-05-14 02:40:00+00:00,,,,
2023-05-14 02:50:00+00:00,,,,
2023-05-14 03:00:00+00:00,,,,
2023-05-14 03:10:00+00:00,,,,
2023-05-14 03:20:00+00:00,,,,
2023-05-14 03:30:00+00:00,,,,
2023-05-14 03:40:00+00:00,,,,
2023-05-14 03:50:00+00:00,,,,
2023-05-14 04:00:00+00:00,,,,
2023-05-14 04:10:00+00:00,,,,
2023-05-14 04:20:00+00:00,,,,
2023-05-14 04:30:00+00:00,,,,
2023-05-14 04:40:00+00:00,11.7,90.0,11.2,4.2
2023-05-14 04:50:00+00:00,11.6,90.0,11.2,4.2
2023-05-14 05:00:00+00:00,11.7,90.0,11.2,4.2
2023-05-14 05:10:00+00:00,11.8,90.0,11.2,4.2
2023-05-14 05:20:00+00:00,12.0,90.0,11.2,4.2
2023-05-14 05:30:00+00:00,12.1,90.0,11.2,4.2
2023-05-14 05:40:00+00:00,12.3,90.0,11.2,4.2
2023-05-14 05:50:00+00:00,12.5,91.0,11.2,4.2
2023-05-14 06:00:00+00:00,12.6,91.0,11.2,4.2
2023-05-14 06:10:00+00:00,12.7,92.0,11.2,4.2
2023-05-14 06:20:00+00:00,12.9,92.0,11.2,4.2
2023-05-14 06:30:00+00:00,13.1,92.0,11.2,4.2
2023-05-14 06:40:00+00:00,13.2,92.0,11.2,4.2
2023-05-14 06:50:00+00:00,13.4,92.0,11.2,4.2
2023-05-14 07:00:00+00:00,13.6,93.0,11.2,4.2
2023-05-14 07:10:00+00:00,13.8,93.0,11.2,4.2
2023-05-14 07:20:00+00:00,14.0,93.0,11.3,4.2
2023-05-14 07:30:00+00:00,14.1,94.0,11.3,4.2
2023-05-14 07:40:00+00:00,14.4,94.0,11.3,4.2
2023-05-14 07:50:00+00:00,14.5,95.0,11.3,4.2
2023-05-14 08:00:00+00:00,14.8,95.0,11.3,4.2
2023-05-14 08:10:00+00:00,15.1,95.0,11.3,4.2
2023-05-14 08:20:00+00:00,15.3,96.0,11.3,4.2
2023-05-14 08:30:00+00:00,15.4,96.0,11.3,4.2
2023-05-14 08:40:00+00:00,15.5,96.0,11.3,4.2
2023-05-14 08:50:00+00:00,15.8,97.0,11.3,4.2
2023-05-14 09:00:00+00:00,16.0,97.0,11.3,4.2
2023-05-14 09:10:00+00:00,16.5,97.0,11.4,4.2
2023-05-14 09:20:00+00:00,17.5,98.0,11.4,4.2
2023-05-14 09:30:00+00:00,18.5,98.0,11.4,4.2
2023-05-14 09:40:00+00:00,19.4,99.0,11.4,4.2
2023-05-14 09:50:00+00:00,20.3,100.0,11.4,4.2
2023-05-14 10:00:00+00:00,21.1,100.0,11.4,4.2
2023-05-14 10:10:00+00:00,21.8,100.0,11.4,4.2
2023-05-14 10:20:00+00:00,22.6,100.0,11.5,4.2
2023-05-14 10:30:00+00:00,23.3,100.0,11.5,4.2
2023-05-14 10:40:00+00:00,23.8,100.0,11.5,4.2
2023-05-14 10:50:00+00:00,24.3,100.0,11.5,4.2
2023-05-14 11:00:00+00:00,23.9,100.0,11.4,4.2
2023-05-14 11:10:00+00:00,23.0,100.0,11.4,4.2
2023-05-14 11:20:00+00:00,22.2,100.0,11.4,4.2
2023-05-14 11:30:00+00:00,21.5,100.0,11.4,4.2
2023-05-14 11:40:00+00:00,21.0,99.0,11.4,4.2
2023-05-14 11:50:00+00:00,20.5,98.0,11.4,4.2
2023-05-14 12:00:00+00:00,20.2,98.0,11.4,4.2
2023-05-14 12:10:00+00:00,19.8,97.0,11.4,4.2
2023-05-14 12:20:00+00:00,19.6,96.0,11.4,4.2
2023-05-14 12:30:00+00:00,19.4,96.0,11.4,4.2
2023-05-14 12:40:00+00:00,19.1,96.0,11.4,4.2
2023-05-14 12:50:00+00:00,19.0,96.0,11.4,4.2
2023-05-14 13:00:00+00:00,18.8,95.0,11.4,4.2
2023-05-14 13:10:00+00:00,18.6,95.0,11.4,4.2
2023-05-14 13:20:00+00:00,18.5,95.0,11.4,4.2
2023-05-14 13:30:00+00:00,18.3,94.0,11.4,4.2
2023-05-14 13:40:00+00:00,18.1,94.0,11.4,4.2
2023-05-14 13:50:00+00:00,18.1,93.0,11.4,4.2
2023-05-14 14:00:00+00:00,18.0,94.0,11.4,4.2
2023-05-14 14:10:00+00:00,18.0,94.0,11.4,4.2
2023-05-14 14:20:00+00:00,17.8,93.0,11.4,4.2
2023-05-14 14:30:00+00:00,17.8,93.0,11.385714285714286,4.2
2023-05-14 14:40:00+00:00,17.8,93.0,11.371428571428572,4.2
2023-05-14 14:50:00+00:00,17.8,93.0,11.357142857142858,4.2
2023-05-14 15:00:00+00:00,17.8,93.0,11.342857142857143,4.2
2023-05-14 15:10:00+00:00,17.8,93.0,11.32857142857143,4.2
2023-05-14 15:20:00+00:00,17.8,93.0,11.314285714285715,4.2
2023-05-14 15:30:00+00:00,17.8,93.0,11.3,4.2
2023-05-14 15:40:00+00:00,17.763809523809524,92.98095238095237,11.3,4.2
2023-05-14 15:50:00+00:00,17.727619047619047,92.96190476190476,11.3,4.2
2023-05-14 16:00:00+00:00,17.69142857142857,92.94285714285714,11.3,4.2
2023-05-14 16:10:00+00:00,17.655238095238097,92.92380952380952,11.3,4.2
2023-05-14 16:20:00+00:00,17.61904761904762,92.9047619047619,11.3,4.2
2023-05-14 16:30:00+00:00,17.582857142857144,92.88571428571429,11.3,4.2
2023-05-14 16:40:00+00:00,17.546666666666667,92.86666666666666,11.3,4.2
2023-05-14 16:50:00+00:00,17.51047619047619,92.84761904761905,11.3,4.2
2023-05-14 17:00:00+00:00,17.474285714285713,92.82857142857142,11.3,4.2
2023-05-14 17:10:00+00:00,17.43809523809524,92.80952380952381,11.3,4.2
2023-05-14 17:20:00+00:00,17.401904761904763,92.79047619047618,11.3,4.2
2023-05-14 17:30:00+00:00,17.365714285714287,92.77142857142857,11.3,4.2
2023-05-14 17:40:00+00:00,17.32952380952381,92.75238095238095,11.3,4.2
2023-05-14 17:50:00+00:00,17.293333333333333,92.73333333333333,11.3,4.2
2023-05-14 18:00:00+00:00,17.257142857142856,92.71428571428571,11.3,4.2
2023-05-14 18:10:00+00:00,17.220952380952383,92.6952380952381,11.3,4.2
2023-05-14 18:20:00+00:00,17.184761904761906,92.67619047619047,11.3,4.2
2023-05-14 18:30:00+00:00,17.14857142857143,92.65714285714286,11.3,4.2
2023-05-14 18:40:00+00:00,17.112380952380953,92.63809523809523,11.3,4.2
2023-05-14 18:50:00+00:00,17.076190476190476,92.61904761904762,11.3,4.2
2023-05-14 19:00:00+00:00,17.04,92.6,11.3,4.2
2023-05-14 19:10:00+00:00,17.003809523809526,92.58095238095238,11.3,4.2
2023-05-14 19:20:00+00:00,16.96761904761905,92.56190476190476,11.3,4.2
2023-05-14 19:30:00+00:00,16.931428571428572,92.54285714285714,11.3,4.2
2023-05-14 19:40:00+00:00,,,,
2023-05-14 19:50:00+00:00,,,,
2023-05-14 20:00:00+00:00,,,,
2023-05-14 20:10:00+00:00,,,,
2023-05-14 20:20:00+00:00,,,,
2023-05-14 20:30:00+00:00,,,,
2023-05-14 20:40:00+00:00,,,,
2023-05-14 20:50:00+00:00,,,,
2023-05-14 21:00:00+00:00,,,,
2023-05-14 21:10:00+00:00,,,,
2023-05-14 21:20:00+00:00,,,,
2023-05-14 21:30:00+00:00,,,,
2023-05-14 21:40:00+00:00,,,,
2023-05-14 21:50:00+00:00,,,,
2023-05-14 22:00:00+00:00,,,,
2023-05-14 22:10:00+00:00,,,,
2023-05-14 22:20:00+00:00,,,,
2023-05-14 22:30:00+00:00,,,,
2023-05-14 22:40:00+00:00,,,,
2023-05-14 22:50:00+00:00,,,,
2023-05-14 23:00:00+00:00,,,,
2023-05-14 23:10:00+00:00,,,,
2023-05-14 23:20:00+00:00,,,,
2023-05-14 23:30:00+00:00,,,,
2023-05-14 23:40:00+00:00,,,,
2023-05-14 23:50:00+00:00,,,,
2023-05-15 00:00:00+00:00,,,,
2023-05-15 00:10:00+00:00,,,,
2023-05-15 00:20:00+00:00,,,,
2023-05-15 00:30:00+00:00,,,,
2023-05-15 00:40:00+00:00,,,,
2023-05-15 00:50:00+00:00,,,,
2023-05-15 01:00:00+00:00,,,,
2023-05-15 01:10:00+00:00,,,,
2023-05-15 01:20:00+00:00,,,,
2023-05-15 01:30:00+00:00,,,,
2023-05-15 01:40:00+00:00,,,,
2023-05-15 01:50:00+00:00,,,,
2023-05-15 02:00:00+00:00,,,,
2023-05-15 02:10:00+00:00,,,,
2023-05-15 02:20:00+00:00,,,,
2023-05-15 02:30:00+00:00,,,,
2023-05-15 02:40:00+00:00,,,,
2023-05-15 02:50:00+00:00,,,,
2023-05-15 03:00:00+00:00,,,,
2023-05-15 03:10:00+00:00,,,,
2023-05-15 03:20:00+00:00,,,,
2023-05-15 03:30:00+00:00,,,,
2023-05-15 03:40:00+00:00,,,,
2023-05-15 03:50:00+00:00,,,,
2023-05-15 04:00:00+00:00,,,,
2023-05-15 04:10:00+00:00,,,,
2023-05-15 04:20:00+00:00,,,,
2023-05-15 04:30:00+00:00,,,,
2023-05-15 04:40:00+00:00,,,,
2023-05-15 04:50:00+00:00,,,,
2023-05-15 05:00:00+00:00,,,,
2023-05-15 05:10:00+00:00,,,,
2023-05-15 05:20:00+00:00,,,,
2023-05-15 05:30:00+00:00,,,,
2023-05-15 05:40:00+00:00,,,,
2023-05-15 05:50:00+00:00,,,,
2023-05-15 06:00:00+00:00,,,,
2023-05-15 06:10:00+00:00,,,,
2023-05-15 06:20:00+00:00,,,,
2023-05-15 06:30:00+00:00,,,,
2023-05-15 06:40:00+00:00,,,,
2023-05-15 06:50:00+00:00,,,,
2023-05-15 07:00:00+00:00,,,,
2023-05-15 07:10:00+00:00,,,,
2023-05-15 07:20:00+00:00,,,,
2023-05-15 07:30:00+00:00,,,,
2023-05-15 07:40:00+00:00,,,,
2023-05-15 07:50:00+00:00,,,,
2023-05-15 08:00:00+00:00,,,,
2023-05-15 08:10:00+00:00,,,,
2023-05-15 08:20:00+00:00,,,,
2023-05-15 08:30:00+00:00,,,,
2023-05-15 08:40:00+00:00,,,,
2023-05-15 08:50:00+00:00,,,,
2023-05-15 09:00:00+00:00,14.0,91.0,11.3,4.2
2023-05-15 09:10:00+00:00,13.987068965517242,91.01231527093596,11.293596059113302,4.2
2023-05-15 09:20:00+00:00,13.974137931034482,91.02463054187191,11.287192118226601,4.2
2023-05-15 09:30:00+00:00,13.961206896551724,91.03694581280789,11.280788177339902,4.2
2023-05-15 09:40:00+00:00,13.948275862068966,91.04926108374384,11.274384236453203,4.2
2023-05-15 09:50:00+00:00,13.935344827586206,91.0615763546798,11.267980295566502,4.2
2023-05-15 10:00:00+00:00,13.922413793103448,91.07389162561576,11.261576354679804,4.2
2023-05-15 10:10:00+00:00,13.90948275862069,91.08620689655173,11.255172413793105,4.2
2023-05-15 10:20:00+00:00,13.89655172413793,91.09852216748769,11.248768472906404,4.2
2023-05-15 10:30:00+00:00,13.883620689655173,91.11083743842364,11.242364532019705,4.2
2023-05-15 10:40:00+00:00,13.870689655172415,91.1231527093596,11.235960591133006,4.2
2023-05-15 10:50:00+00:00,13.857758620689655,91.13546798029557,11.229556650246305,4.2
2023-05-15 11:00:00+00:00,13.844827586206897,91.14778325123153,11.223152709359606,4.2
2023-05-15 11:10:00+00:00,13.831896551724139,91.16009852216749,11.216748768472907,4.2
2023-05-15 11:20:00+00:00,13.818965517241379,91.17241379310344,11.210344827586207,4.2
2023-05-15 11:30:00+00:00,13.806034482758621,91.1847290640394,11.203940886699508,4.2
2023-05-15 11:40:00+00:00,13.793103448275861,91.19704433497537,11.197536945812809,4.2
2023-05-15 11:50:00+00:00,13.780172413793103,91.20935960591133,11.191133004926108,4.2
2023-05-15 12:00:00+00:00,13.767241379310345,91.22167487684729,11.18472906403941,4.2
2023-05-15 12:10:00+00:00,13.754310344827585,91.23399014778325,11.17832512315271,4.2
2023-05-15 12:20:00+00:00,13.741379310344827,91.24630541871922,11.171921182266011,4.2
2023-05-15 12:30:00+00:00,13.72844827586207,91.25862068965517,11.16551724137931,4.2
2023-05-15 12:40:00+00:00,13.71551724137931,91.27093596059113,11.159113300492612,4.2
2023-05-15 12:50:00+00:00,13.702586206896552,91.28325123152709,11.152709359605913,4.2
2023-05-15 13:00:00+00:00,13.689655172413794,91.29556650246306,11.146305418719212,4.2
2023-05-15 13:10:00+00:00,,,,
2023-05-15 13:20:00+00:00,,,,
2023-05-15 13:30:00+00:00,,,,
2023-05-15 13:40:00+00:00,,,,
2023-05-15 13:50:00+00:00,,,,
2023-05-15 14:00:00+00:00,,,,
2023-05-15 14:10:00+00:00,,,,
2023-05-15 14:20:00+00:00,,,,
2023-05-15 14:30:00+00:00,,,,
2023-05-15 14:40:00+00:00,,,,
2023-05-15 14:50:00+00:00,,,,
2023-05-15 15:00:00+00:00,,,,
2023-05-15 15:10:00+00:00,,,,
2023-05-15 15:20:00+00:00,,,,
2023-05-15 15:30:00+00:00,,,,
2023-05-15 15:40:00+00:00,,,,
2023-05-15 15:50:00+00:00,,,,
2023-05-15 16:00:00+00:00,,,,
2023-05-15 16:10:00+00:00,,,,
2023-05-15 16:20:00+00:00,,,,
2023-05-15 16:30:00+00:00,,,,
2023-05-15 16:40:00+00:00,,,,
2023-05-15 16:50:00+00:00,,,,
2023-05-15 17:00:00+00:00,,,,
2023-05-15 17:10:00+00:00,,,,
2023-05-15 17:20:00+00:00,,,,
2023-05-15 17:30:00+00:00,,,,
2023-05-15 17:40:00+00:00,,,,
2023-05-15 17:50:00+00:00,,,,
2023-05-15 18:00:00+00:00,,,,
2023-05-15 18:10:00+00:00,,,,
2023-05-15 18:20:00+00:00,,,,
2023-05-15 18:30:00+00:00,,,,
2023-05-15 18:40:00+00:00,,,,
2023-05-15 18:50:00+00:00,,,,
2023-05-15 19:00:00+00:00,,,,
2023-05-15 19:10:00+00:00,,,,
2023-05-15 19:20:00+00:00,,,,
2023-05-15 19:30:00+00:00,,,,
2023-05-15 19:40:00+00:00,,,,
2023-05-15 19:50:00+00:00,,,,
2023-05-15 20:00:00+00:00,,,,
2023-05-15 20:10:00+00:00,,,,
2023-05-15 20:20:00+00:00,,,,
2023-05-15 20:30:00+00:00,,,,
2023-05-15 20:40:00+00:00,,,,
2023-05-15 20:50:00+00:00,,,,
2023-05-15 21:00:00+00:00,,,,
2023-05-15 21:10:00+00:00,,,,
2023-05-15 21:20:00+00:00,,,,
2023-05-15 21:30:00+00:00,,,,
2023-05-15 21:40:00+00:00,,,,
2023-05-15 21:50:00+00:00,,,,
2023-05-15 22:00:00+00:00,,,,
2023-05-15 22:10:00+00:00,,,,
2023-05-15 22:20:00+00:00,,,,
2023-05-15 22:30:00+00:00,,,,
2023-05-15 22:40:00+00:00,,,,
2023-05-15 22:50:00+00:00,,,,
2023-05-15 23:00:00+00:00,,,,
2023-05-15 23:10:00+00:00,,,,
2023-05-15 23:20:00+00:00,,,,
2023-05-15 23:30:00+00:00,,,,
2023-05-15 23:40:00+00:00,,,,
2023-05-15 23:50:00+00:00,,,,
2023-05-16 00:00:00+00:00,,,,
2023-05-16 00:10:00+00:00,,,,
2023-05-16 00:20:00+00:00,,,,
2023-05-16 00:30:00+00:00,,,,
2023-05-16 00:40:00+00:00,,,,
2023-05-16 00:50:00+00:00,,,,
2023-05-16 01:00:00+00:00,,,,
2023-05-16 01:10:00+00:00,,,,
2023-05-16 01:20:00+00:00,,,,
2023-05-16 01:30:00+00:00,,,,
2023-05-16 01:40:00+00:00,,,,
2023-05-16 01:50:00+00:00,,,,
2023-05-16 02:00:00+00:00,,,,
2023-05-16 02:10:00+00:00,,,,
2023-05-16 02:20:00+00:00,,,,
2023-05-16 02:30:00+00:00,,,,
2023-05-16 02:40:00+00:00,,,,
2023-05-16 02:50:00+00:00,,,,
2023-05-16 03:00:00+00:00,,,,
2023-05-16 03:10:00+00:00,,,,
2023-05-16 03:20:00+00:00,,,,
2023-05-16 03:30:00+00:00,,,,
2023-05-16 03:40:00+00:00,,,,
2023-05-16 03:50:00+00:00,,,,
2023-05-16 04:00:00+00:00,,,,
2023-05-16 04:10:00+00:00,,,,
2023-05-16 04:20:00+00:00,,,,
2023-05-16 04:30:00+00:00,,,,
2023-05-16 04:40:00+00:00,,,,
2023-05-16 04:50:00+00:00,,,,
2023-05-16 05:00:00+00:00,,,,
2023-05-16 05:10:00+00:00,,,,
2023-05-16 05:20:00+00:00,,,,
2023-05-16 05:30:00+00:00,,,,
2023-05-16 05:40:00+00:00,,,,
2023-05-16 05:50:00+00:00,,,,
2023-05-16 06:00:00+00:00,,,,
2023-05-16 06:10:00+00:00,,,,
2023-05-16 06:20:00+00:00,,,,
2023-05-16 06:30:00+00:00,,,,
2023-05-16 06:40:00+00:00,,,,
2023-05-16 06:50:00+00:00,,,,
2023-05-16 07:00:00+00:00,,,,
2023-05-16 07:10:00+00:00,,,,
2023-05-16 07:20:00+00:00,,,,
2023-05-16 07:30:00+00:00,,,,
2023-05-16 07:40:00+00:00,,,,
2023-05-16 07:50:00+00:00,,,,
2023-05-16 08:00:00+00:00,,,,
2023-05-16 08:10:00+00:00,,,,
2023-05-16 08:20:00+00:00,,,,
2023-05-16 08:30:00+00:00,,,,
2023-05-16 08:40:00+00:00,,,,
2023-05-16 08:50:00+00:00,,,,
2023-05-16 09:00:00+00:00,,,,
2023-05-16 09:10:00+00:00,,,,
2023-05-16 09:20:00+00:00,,,,
2023-05-16 09:30:00+00:00,,,,
2023-05-16 09:40:00+00:00,,,,
2023-05-16 09:50:00+00:00,,,,
2023-05-16 10:00:00+00:00,,,,
2023-05-16 10:10:00+00:00,,,,
2023-05-16 10:20:00+00:00,,,,
2023-05-16 10:30:00+00:00,,,,
2023-05-16 10:40:00+00:00,,,,
2023-05-16 10:50:00+00:00,,,,
2023-05-16 11:00:00+00:00,,,,
2023-05-16 11:10:00+00:00,,,,
2023-05-16 11:20:00+00:00,,,,
2023-05-16 11:30:00+00:00,,,,
2023-05-16 11:40:00+00:00,,,,
2023-05-16 11:50:00+00:00,,,,
2023-05-16 12:00:00+00:00,,,,
2023-05-16 12:10:00+00:00,,,,
2023-05-16 12:20:00+00:00,,,,
2023-05-16 12:30:00+00:00,,,,
2023-05-16 12:40:00+00:00,,,,
2023-05-16 12:50:00+00:00,,,,
2023-05-16 13:00:00+00:00,,,,
2023-05-16 13:10:00+00:00,,,,
2023-05-16 13:20:00+00:00,,,,
2023-05-16 13:30:00+00:00,,,,
2023-05-16 13:40:00+00:00,,,,
2023-05-16 13:50:00+00:00,,,,
2023-05-16 14:00:00+00:00,,,,
2023-05-16 14:10:00+00:00,,,,
2023-05-16 14:20:00+00:00,,,,
2023-05-16 14:30:00+00:00,,,,
2023-05-16 14:40:00+00:00,,,,
2023-05-16 14:50:00+00:00,,,,
2023-05-16 15:00:00+00:00,,,,
2023-05-16 15:10:00+00:00,,,,
2023-05-16 15:20:00+00:00,,,,
2023-05-16 15:30:00+00:00,,,,
2023-05-16 15:40:00+00:00,,,,
2023-05-16 15:50:00+00:00,,,,
2023-05-16 16:00:00+00:00,,,,
2023-05-16 16:10:00+00:00,,,,
2023-05-16 16:20:00+00:00,,,,
2023-05-16 16:30:00+00:00,,,,
2023-05-16 16:40:00+00:00,,,,
2023-05-16 16:50:00+00:00,,,,
2023-05-16 17:00:00+00:00,,,,
2023-05-16 17:10:00+00:00,,,,
2023-05-16 17:20:00+00:00,,,,
2023-05-16 17:30:00+00:00,,,,
2023-05-16 17:40:00+00:00,,,,
2023-05-16 17:50:00+00:00,,,,
2023-05-16 18:00:00+00:00,,,,
2023-05-16 18:10:00+00:00,,,,
2023-05-16 18:20:00+00:00,,,,
2023-05-16 18:30:00+00:00,,,,
2023-05-16 18:40:00+00:00,,,,
2023-05-16 18:50:00+00:00,,,,
2023-05-16 19:00:00+00:00,,,,
2023-05-16 19:10:00+00:00,,,,
2023-05-16 19:20:00+00:00,,,,
2023-05-16 19:30:00+00:00,,,,
2023-05-16 19:40:00+00:00,,,,
2023-05-16 19:50:00+00:00,,,,
2023-05-16 20:00:00+00:00,,,,
2023-05-16 20:10:00+00:00,,,,
2023-05-16 20:20:00+00:00,,,,
2023-05-16 20:30:00+00:00,,,,
2023-05-16 20:40:00+00:00,,,,
2023-05-16 20:50:00+00:00,,,,
2023-05-16 21:00:00+00:00,,,,
2023-05-16 21:10:00+00:00,,,,
2023-05-16 21:20:00+00:00,,,,
2023-05-16 21:30:00+00:00,,,,
2023-05-16 21:40:00+00:00,,,,
2023-05-16 21:50:00+00:00,,,,
2023-05-16 22:00:00+00:00,,,,
2023-05-16 22:10:00+00:00,,,,
2023-05-16 22:20:00+00:00,,,,
2023-05-16 22:30:00+00:00,,,,
2023-05-16 22:40:00+00:00,,,,
2023-05-16 22:50:00+00:00,,,,
2023-05-16 23:00:00+00:00,,,,
2023-05-16 23:10:00+00:00,,,,
2023-05-16 23:20:00+00:00,,,,
2023-05-16 23:30:00+00:00,,,,
2023-05-16 23:40:00+00:00,,,,
2023-05-16 23:50:00+00:00,,,,
2023-05-17 00:00:00+00:00,,,,
2023-05-17 00:10:00+00:00,,,,
2023-05-17 00:20:00+00:00,,,,
2023-05-17 00:30:00+00:00,,,,
2023-05-17 00:40:00+00:00,,,,
2023-05-17 00:50:00+00:00,,,,
2023-05-17 01:00:00+00:00,,,,
2023-05-17 01:10:00+00:00,,,,
2023-05-17 01:20:00+00:00,,,,
2023-05-17 01:30:00+00:00,,,,
2023-05-17 01:40:00+00:00,,,,
2023-05-17 01:50:00+00:00,,,,
2023-05-17 02:00:00+00:00,,,,
2023-05-17 02:10:00+00:00,,,,
2023-05-17 02:20:00+00:00,,,,
2023-05-17 02:30:00+00:00,,,,
2023-05-17 02:40:00+00:00,,,,
2023-05-17 02:50:00+00:00,,,,
2023-05-17 03:00:00+00:00,,,,
2023-05-17 03:10:00+00:00,,,,
2023-05-17 03:20:00+00:00,,,,
2023-05-17 03:30:00+00:00,,,,
2023-05-17 03:40:00+00:00,,,,
2023-05-17 03:50:00+00:00,,,,
2023-05-17 04:00:00+00:00,,,,
2023-05-17 04:10:00+00:00,,,,
2023-05-17 04:20:00+00:00,,,,
2023-05-17 04:30:00+00:00,,,,
2023-05-17 04:40:00+00:00,,,,
2023-05-17 04:50:00+00:00,,,,
2023-05-17 05:00:00+00:00,,,,
2023-05-17 05:10:00+00:00,,,,
2023-05-17 05:20:00+00:00,,,,
2023-05-17 05:30:00+00:00,,,,
2023-05-17 05:40:00+00:00,,,,
2023-05-17 05:50:00+00:00,,,,
2023-05-17 06:00:00+00:00,,,,
2023-05-17 06:10:00+00:00,,,,
2023-05-17 06:20:00+00:00,,,,
2023-05-17 06:30:00+00:00,,,,
2023-05-17 06:40:00+00:00,,,,
2023-05-17 06:50:00+00:00,,,,
2023-05-17 07:00:00+00:00,,,,
2023-05-17 07:10:00+00:00,,,,
2023-05-17 07:20:00+00:00,,,,
2023-05-17 07:30:00+00:00,,,,
2023-05-17 07:40:00+00:00,,,,
2023-05-17 07:50:00+00:00,,,,
2023-05-17 08:00:00+00:00,,,,
2023-05-17 08:10:00+00:00,,,,
2023-05-17 08:20:00+00:00,,,,
2023-05-17 08:30:00+00:00,,,,
2023-05-17 08:40:00+00:00,,,,
2023-05-17 08:50:00+00:00,,,,
2023-05-17 09:00:00+00:00,,,,
2023-05-17 09:10:00+00:00,,,,
2023-05-17 09:20:00+00:00,,,,
2023-05-17 09:30:00+00:00,,,,
2023-05-17 09:40:00+00:00,,,,
2023-05-17 09:50:00+00:00,,,,
2023-05-17 10:00:00+00:00,,,,
2023-05-17 10:10:00+00:00,,,,
2023-05-17 10:20:00+00:00,,,,
2023-05-17 10:30:00+00:00,,,,
2023-05-17 10:40:00+00:00,,,,
2023-05-17 10:50:00+00:00,,,,
2023-05-17 11:00:00+00:00,,,,
2023-05-17 11:10:00+00:00,,,,
2023-05-17 11:20:00+00:00,,,,
2023-05-17 11:30:00+00:00,,,,
2023-05-17 11:40:00+00:00,,,,
2023-05-17 11:50:00+00:00,,,,
2023-05-17 12:00:00+00:00,,,,
2023-05-17 12:10:00+00:00,,,,
2023-05-17 12:20:00+00:00,,,,
2023-05-17 12:30:00+00:00,,,,
2023-05-17 12:40:00+00:00,,,,
2023-05-17 12:50:00+00:00,,,,
2023-05-17 13:00:00+00:00,,,,
2023-05-17 13:10:00+00:00,,,,
2023-05-17 13:20:00+00:00,,,,
2023-05-17 13:30:00+00:00,,,,
2023-05-17 13:40:00+00:00,,,,
2023-05-17 13:50:00+00:00,,,,
2023-05-17 14:00:00+00:00,,,,
2023-05-17 14:10:00+00:00,,,,
2023-05-17 14:20:00+00:00,,,,
2023-05-17 14:30:00+00:00,,,,
2023-05-17 14:40:00+00:00,,,,
2023-05-17 14:50:00+00:00,,,,
2023-05-17 15:00:00+00:00,,,,
2023-05-17 15:10:00+00:00,,,,
2023-05-17 15:20:00+00:00,,,,
2023-05-17 15:30:00+00:00,,,,
2023-05-17 15:40:00+00:00,,,,
2023-05-17 15:50:00+00:00,,,,
2023-05-17 16:00:00+00:00,,,,
2023-05-17 16:10:00+00:00,,,,
2023-05-17 16:20:00+00:00,,,,
2023-05-17 16:30:00+00:00,,,,
2023-05-17 16:40:00+00:00,,,,
2023-05-17 16:50:00+00:00,,,,
2023-05-17 17:00:00+00:00,,,,
2023-05-17 17:10:00+00:00,,,,
2023-05-17 17:20:00+00:00,,,,
2023-05-17 17:30:00+00:00,,,,
2023-05-17 17:40:00+00:00,,,,
2023-05-17 17:50:00+00:00,,,,
2023-05-17 18:00:00+00:00,,,,
2023-05-17 18:10:00+00:00,,,,
2023-05-17 18:20:00+00:00,,,,
2023-05-17 18:30:00+00:00,,,,
2023-05-17 18:40:00+00:00,,,,
2023-05-17 18:50:00+00:00,,,,
2023-05-17 19:00:00+00:00,,,,
2023-05-17 19:10:00+00:00,,,,
2023-05-17 19:20:00+00:00,,,,
2023-05-17 19:30:00+00:00,,,,
2023-05-17 19:40:00+00:00,,,,
2023-05-17 19:50:00+00:00,,,,
2023-05-17 20:00:00+00:00,,,,
2023-05-17 20:10:00+00:00,,,,
2023-05-17 20:20:00+00:00,,,,
2023-05-17 20:30:00+00:00,,,,
2023-05-17 20:40:00+00:00,,,,
2023-05-17 20:50:00+00:00,,,,
2023-05-17 21:00:00+00:00,,,,
2023-05-17 21:10:00+00:00,,,,
2023-05-17 21:20:00+00:00,,,,
2023-05-17 21:30:00+00:00,,,,
2023-05-17 21:40:00+00:00,,,,
2023-05-17 21:50:00+00:00,,,,
2023-05-17 22:00:00+00:00,,,,
2023-05-17 22:10:00+00:00,,,,
2023-05-17 22:20:00+00:00,,,,
2023-05-17 22:30:00+00:00,,,,
2023-05-17 22:40:00+00:00,,,,
2023-05-17 22:50:00+00:00,,,,
2023-05-17 23:00:00+00:00,,,,
2023-05-17 23:10:00+00:00,,,,
2023-05-17 23:20:00+00:00,,,,
2023-05-17 23:30:00+00:00,,,,
2023-05-17 23:40:00+00:00,,,,
2023-05-17 23:50:00+00:00,,,,
2023-05-18 00:00:00+00:00,,,,
2023-05-18 00:10:00+00:00,,,,
2023-05-18 00:20:00+00:00,,,,
2023-05-18 00:30:00+00:00,,,,
2023-05-18 00:40:00+00:00,,,,
2023-05-18 00:50:00+00:00,,,,
2023-05-18 01:00:00+00:00,,,,
2023-05-18 01:10:00+00:00,,,,
2023-05-18 01:20:00+00:00,,,,
2023-05-18 01:30:00+00:00,,,,
2023-05-18 01:40:00+00:00,,,,
2023-05-18 01:50:00+00:00,,,,
2023-05-18 02:00:00+00:00,,,,
2023-05-18 02:10:00+00:00,,,,
2023-05-18 02:20:00+00:00,,,,
2023-05-18 02:30:00+00:00,,,,
2023-05-18 02:40:00+00:00,,,,
2023-05-18 02:50:00+00:00,,,,
2023-05-18 03:00:00+00:00,,,,
2023-05-18 03:10:00+00:00,,,,
2023-05-18 03:20:00+00:00,,,,
2023-05-18 03:30:00+00:00,,,,
2023-05-18 03:40:00+00:00,,,,
2023-05-18 03:50:00+00:00,,,,
2023-05-18 04:00:00+00:00,,,,
2023-05-18 04:10:00+00:00,,,,
2023-05-18 04:20:00+00:00,,,,
2023-05-18 04:30:00+00:00,,,,
2023-05-18 04:40:00+00:00,8.75,96.0,8.7,4.2
2023-05-18 04:50:00+00:00,8.877173913043478,95.95652173913044,8.7,4.2
2023-05-18 05:00:00+00:00,9.004347826086956,95.91304347826087,8.7,4.2
2023-05-18 05:10:00+00:00,9.131521739130434,95.8695652173913,8.7,4.2
2023-05-18 05:20:00+00:00,9.258695652173913,95.82608695652173,8.7,4.2
2023-05-18 05:30:00+00:00,9.38586956521739,95.78260869565217,8.7,4.2
2023-05-18 05:40:00+00:00,9.513043478260869,95.73913043478261,8.7,4.2
2023-05-18 05:50:00+00:00,9.640217391304347,95.69565217391305,8.7,4.2
2023-05-18 06:00:00+00:00,9.767391304347825,95.65217391304348,8.7,4.2
2023-05-18 06:10:00+00:00,9.894565217391303,95.6086956521739,8.7,4.2
2023-05-18 06:20:00+00:00,10.021739130434783,95.56521739130434,8.7,4.2
2023-05-18 06:30:00+00:00,10.148913043478261,95.52173913043478,8.7,4.2
2023-05-18 06:40:00+00:00,10.27608695652174,95.47826086956522,8.7,4.2
2023-05-18 06:50:00+00:00,10.403260869565218,95.43478260869566,8.7,4.2
2023-05-18 07:00:00+00:00,10.530434782608696,95.3913043478261,8.7,4.2
2023-05-18 07:10:00+00:00,10.657608695652174,95.34782608695652,8.7,4.2
2023-05-18 07:20:00+00:00,10.784782608695652,95.30434782608695,8.7,4.2
2023-05-18 07:30:00+00:00,10.91195652173913,95.26086956521739,8.7,4.2
2023-05-18 07:40:00+00:00,11.039130434782608,95.21739130434783,8.7,4.2
2023-05-18 07:50:00+00:00,11.166304347826086,95.17391304347827,8.7,4.2
2023-05-18 08:00:00+00:00,11.293478260869565,95.1304347826087,8.7,4.2
2023-05-18 08:10:00+00:00,11.420652173913043,95.08695652173913,8.7,4.2
2023-05-18 08:20:00+00:00,11.547826086956523,95.04347826086956,8.7,4.2
2023-05-18 08:30:00+00:00,11.675,95.0,8.7,4.2
2023-05-18 08:40:00+00:00,11.802173913043479,94.95652173913044,8.7,4.2
2023-05-18 08:50:00+00:00,,,,
2023-05-18 09:00:00+00:00,,,,
2023-05-18 09:10:00+00:00,,,,
2023-05-18 09:20:00+00:00,,,,
2023-05-18 09:30:00+00:00,,,,
2023-05-18 09:40:00+00:00,,,,
2023-05-18 09:50:00+00:00,,,,
2023-05-18 10:00:00+00:00,,,,
2023-05-18 10:10:00+00:00,,,,
2023-05-18 10:20:00+00:00,,,,
2023-05-18 10:30:00+00:00,,,,
2023-05-18 10:40:00+00:00,,,,
2023-05-18 10:50:00+00:00,,,,
2023-05-18 11:00:00+00:00,,,,
2023-05-18 11:10:00+00:00,,,,
2023-05-18 11:20:00+00:00,,,,
2023-05-18 11:30:00+00:00,,,,
2023-05-18 11:40:00+00:00,,,,
2023-05-18 11:50:00+00:00,,,,
2023-05-18 12:00:00+00:00,,,,
2023-05-18 12:10:00+00:00,,,,
2023-05-18 12:20:00+00:00,14.6,94.0,8.7,4.2
2023-05-18 12:30:00+00:00,14.478571428571428,94.0,8.707142857142857,4.2
2023-05-18 12:40:00+00:00,14.357142857142858,94.0,8.714285714285714,4.2
2023-05-18 12:50:00+00:00,14.235714285714286,94.0,8.721428571428572,4.2
2023-05-18 13:00:00+00:00,14.114285714285714,94.0,8.728571428571428,4.2
2023-05-18 13:10:00+00:00,13.992857142857142,94.0,8.735714285714286,4.2
2023-05-18 13:20:00+00:00,13.871428571428572,94.0,8.742857142857142,4.2
2023-05-18 13:30:00+00:00,13.75,94.0,8.75,4.2
2023-05-18 13:40:00+00:00,13.628571428571428,94.0,8.757142857142858,4.2
2023-05-18 13:50:00+00:00,13.507142857142858,94.0,8.764285714285714,4.2
2023-05-18 14:00:00+00:00,13.385714285714286,94.0,8.771428571428572,4.2
2023-05-18 14:10:00+00:00,13.264285714285714,94.0,8.778571428571428,4.2
2023-05-18 14:20:00+00:00,13.142857142857142,94.0,8.785714285714286,4.2
2023-05-18 14:30:00+00:00,13.021428571428572,94.0,8.792857142857143,4.2
2023-05-18 14:40:00+00:00,12.9,94.0,8.8,4.2
2023-05-18 14:50:00+00:00,12.975000000000001,94.25,8.8,4.2875
2023-05-18 15:00:00+00:00,13.05,94.5,8.8,4.375
2023-05-18 15:10:00+00:00,13.00406976744186,94.52906976744185,8.80232558139535,4.37296511627907
2023-05-18 15:20:00+00:00,12.958139534883722,94.55813953488372,8.804651162790698,4.370930232558139
2023-05-18 15:30:00+00:00,12.912209302325582,94.58720930232558,8.806976744186047,4.368895348837209
2023-05-18 15:40:00+00:00,12.866279069767442,94.61627906976744,8.809302325581395,4.366860465116279
2023-05-18 15:50:00+00:00,12.820348837209304,94.6453488372093,8.811627906976744,4.3648255813953485
2023-05-18 16:00:00+00:00,12.774418604651164,94.67441860465117,8.813953488372094,4.362790697674418
2023-05-18 16:10:00+00:00,12.728488372093024,94.70348837209302,8.816279069767443,4.360755813953489
2023-05-18 16:20:00+00:00,12.682558139534883,94.73255813953489,8.818604651162792,4.3587209302325585
2023-05-18 16:30:00+00:00,12.636627906976745,94.76162790697674,8.82093023255814,4.356686046511628
2023-05-18 16:40:00+00:00,12.590697674418605,94.79069767441861,8.82325581395349,4.354651162790698
2023-05-18 16:50:00+00:00,12.544767441860465,94.81976744186046,8.825581395348838,4.352616279069768
2023-05-18 17:00:00+00:00,12.498837209302327,94.84883720930233,8.827906976744186,4.350581395348837
2023-05-18 17:10:00+00:00,12.452906976744186,94.87790697674419,8.830232558139535,4.348546511627907
2023-05-18 17:20:00+00:00,12.406976744186046,94.90697674418605,8.832558139534884,4.346511627906977
2023-05-18 17:30:00+00:00,12.361046511627908,94.93604651162791,8.834883720930232,4.344476744186046
2023-05-18 17:40:00+00:00,12.315116279069768,94.96511627906976,8.837209302325581,4.342441860465116
2023-05-18 17:50:00+00:00,12.269186046511628,94.99418604651163,8.839534883720932,4.340406976744186
2023-05-18 18:00:00+00:00,12.22325581395349,95.02325581395348,8.84186046511628,4.338372093023255
2023-05-18 18:10:00+00:00,12.17732558139535,95.05232558139535,8.844186046511629,4.336337209302326
2023-05-18 18:20:00+00:00,12.13139534883721,95.0813953488372,8.846511627906978,4.334302325581396
2023-05-18 18:30:00+00:00,12.085465116279071,95.11046511627907,8.848837209302326,4.332267441860465
2023-05-18 18:40:00+00:00,12.03953488372093,95.13953488372093,8.851162790697675,4.330232558139535
2023-05-18 18:50:00+00:00,11.99360465116279,95.1686046511628,8.853488372093024,4.328197674418605
2023-05-18 19:00:00+00:00,11.947674418604652,95.19767441860465,8.855813953488372,4.3261627906976745
2023-05-18 19:10:00+00:00,,,,
2023-05-18 19:20:00+00:00,,,,
2023-05-18 19:30:00+00:00,,,,
2023-05-18 19:40:00+00:00,,,,
2023-05-18 19:50:00+00:00,,,,
2023-05-18 20:00:00+00:00,,,,
2023-05-18 20:10:00+00:00,,,,
2023-05-18 20:20:00+00:00,,,,
2023-05-18 20:30:00+00:00,,,,
2023-05-18 20:40:00+00:00,,,,
2023-05-18 20:50:00+00:00,,,,
2023-05-18 21:00:00+00:00,,,,
2023-05-18 21:10:00+00:00,,,,
2023-05-18 21:20:00+00:00,,,,
2023-05-18 21:30:00+00:00,,,,
2023-05-18 21:40:00+00:00,,,,
2023-05-18 21:50:00+00:00,,,,
2023-05-18 22:00:00+00:00,,,,
2023-05-18 22:10:00+00:00,,,,
2023-05-18 22:20:00+00:00,,,,
2023-05-18 22:30:00+00:00,,,,
2023-05-18 22:40:00+00:00,,,,
2023-05-18 22:50:00+00:00,,,,
2023-05-18 23:00:00+00:00,,,,
2023-05-18 23:10:00+00:00,,,,
2023-05-18 23:20:00+00:00,,,,
2023-05-18 23:30:00+00:00,,,,
2023-05-18 23:40:00+00:00,,,,
2023-05-18 23:50:00+00:00,,,,
2023-05-19 00:00:00+00:00,,,,
2023-05-19 00:10:00+00:00,,,,
2023-05-19 00:20:00+00:00,,,,
2023-05-19 00:30:00+00:00,,,,
2023-05-19 00:40:00+00:00,,,,
2023-05-19 00:50:00+00:00,,,,
2023-05-19 01:00:00+00:00,,,,
2023-05-19 01:10:00+00:00,,,,
2023-05-19 01:20:00+00:00,,,,
2023-05-19 01:30:00+00:00,,,,
2023-05-19 01:40:00+00:00,,,,
2023-05-19 01:50:00+00:00,,,,
2023-05-19 02:00:00+00:00,,,,
2023-05-19 02:10:00+00:00,,,,
2023-05-19 02:20:00+00:00,,,,
2023-05-19 02:30:00+00:00,,,,
2023-05-19 02:40:00+00:00,,,,
2023-05-19 02:50:00+00:00,,,,
2023-05-19 03:00:00+00:00,,,,
2023-05-19 03:10:00+00:00,,,,
2023-05-19 03:20:00+00:00,,,,
2023-05-19 03:30:00+00:00,,,,
2023-05-19 03:40:00+00:00,,,,
2023-05-19 03:50:00+00:00,,,,
2023-05-19 04:00:00+00:00,,,,
2023-05-19 04:10:00+00:00,,,,
2023-05-19 04:20:00+00:00,,,,
2023-05-19 04:30:00+00:00,,,,
2023-05-19 04:40:00+00:00,,,,
2023-05-19 04:50:00+00:00,,,,
2023-05-19 05:00:00+00:00,,,,
2023-05-19 05:10:00+00:00,,,,
2023-05-19 05:20:00+00:00,9.1,97.0,9.0,4.2
2023-05-19 05:30:00+00:00,9.1,96.0,9.0,4.2
2023-05-19 05:40:00+00:00,9.1,95.0,9.0,4.2
2023-05-19 05:50:00+00:00,9.3,95.0,9.0,4.2
2023-05-19 06:00:00+00:00,9.4,95.0,9.0,4.2
2023-05-19 06:10:00+00:00,9.5,95.0,9.0,4.2
2023-05-19 06:20:00+00:00,9.6,95.0,9.0,4.2
2023-05-19 06:30:00+00:00,9.8,95.0,9.0,4.2
2023-05-19 06:40:00+00:00,9.9,95.0,9.0,4.2
2023-05-19 06:50:00+00:00,10.1,94.0,9.0,4.2
2023-05-19 07:00:00+00:00,10.2,94.0,9.0,4.2
2023-05-19 07:10:00+00:00,10.3,95.0,9.0,4.2
2023-05-19 07:20:00+00:00,10.5,95.0,9.0,4.2
2023-05-19 07:30:00+00:00,10.6,94.0,9.0,4.2
2023-05-19 07:40:00+00:00,10.8,95.0,9.0,4.2
2023-05-19 07:50:00+00:00,10.9,95.0,9.0,4.2
2023-05-19 08:00:00+00:00,11.0,95.0,9.0,4.2
2023-05-19 08:10:00+00:00,11.2,95.0,9.0,4.2
2023-05-19 08:20:00+00:00,11.3,95.0,9.0,4.2
2023-05-19 08:30:00+00:00,11.3,94.0,9.0,4.2
2023-05-19 08:40:00+00:00,11.5,94.0,9.0,4.2
2023-05-19 08:50:00+00:00,11.6,94.0,9.0,4.2
2023-05-19 09:00:00+00:00,11.7,94.0,9.0,4.2
2023-05-19 09:10:00+00:00,11.7,94.0,9.0,4.2
2023-05-19 09:20:00+00:00,11.8,93.0,9.0,4.2
2023-05-19 09:30:00+00:00,11.9,94.0,9.0,4.2
2023-05-19 09:40:00+00:00,12.0,94.0,9.0,4.2
2023-05-19 09:50:00+00:00,12.1,94.0,9.0,4.2
2023-05-19 10:00:00+00:00,12.2,94.0,9.0,4.2
2023-05-19 10:10:00+00:00,12.3,94.0,9.0,4.2
2023-05-19 10:20:00+00:00,12.3,94.0,9.0,4.2
2023-05-19 10:30:00+00:00,12.3,94.0,9.0,4.2
2023-05-19 10:40:00+00:00,12.1,94.0,9.0,4.2
2023-05-19 10:50:00+00:00,12.2,94.0,9.0,4.2
2023-05-19 11:00:00+00:00,12.2,94.0,9.0,4.2
2023-05-19 11:10:00+00:00,12.1,94.0,9.0,4.2
2023-05-19 11:20:00+00:00,12.2,94.0,9.0,4.2
2023-05-19 11:30:00+00:00,12.1,94.0,9.0,4.2
2023-05-19 11:40:00+00:00,12.1,94.0,9.0,4.2
2023-05-19 11:50:00+00:00,12.093103448275862,94.03448275862068,9.000862068965517,4.2
2023-05-19 12:00:00+00:00,12.086206896551724,94.06896551724138,9.001724137931035,4.2
2023-05-19 12:10:00+00:00,12.079310344827586,94.10344827586206,9.002586206896552,4.2
2023-05-19 12:20:00+00:00,12.072413793103449,94.13793103448276,9.00344827586207,4.2
2023-05-19 12:30:00+00:00,12.06551724137931,94.17241379310344,9.004310344827585,4.2
2023-05-19 12:40:00+00:00,12.058620689655172,94.20689655172414,9.005172413793103,4.2
2023-05-19 12:50:00+00:00,12.051724137931034,94.24137931034483,9.00603448275862,4.2
2023-05-19 13:00:00+00:00,12.044827586206896,94.27586206896552,9.006896551724138,4.2
2023-05-19 13:10:00+00:00,12.037931034482758,94.3103448275862,9.007758620689655,4.2
2023-05-19 13:20:00+00:00,12.03103448275862,94.34482758620689,9.008620689655173,4.2
2023-05-19 13:30:00+00:00,12.024137931034483,94.37931034482759,9.00948275862069,4.2
2023-05-19 13:40:00+00:00,12.017241379310345,94.41379310344827,9.010344827586207,4.2
2023-05-19 13:50:00+00:00,12.010344827586207,94.44827586206897,9.011206896551725,4.2
2023-05-19 14:00:00+00:00,12.003448275862068,94.48275862068965,9.01206896551724,4.2
2023-05-19 14:10:00+00:00,11.99655172413793,94.51724137931035,9.012931034482758,4.2
2023-05-19 14:20:00+00:00,11.989655172413793,94.55172413793103,9.013793103448275,4.2
2023-05-19 14:30:00+00:00,11.982758620689655,94.58620689655173,9.014655172413793,4.2
2023-05-19 14:40:00+00:00,11.975862068965517,94.62068965517241,9.01551724137931,4.2
2023-05-19 14:50:00+00:00,11.96896551724138,94.65517241379311,9.016379310344828,4.2
2023-05-19 15:00:00+00:00,11.962068965517242,94.6896551724138,9.017241379310345,4.2
2023-05-19 15:10:00+00:00,11.955172413793104,94.72413793103448,9.018103448275863,4.2
2023-05-19 15:20:00+00:00,11.948275862068966,94.75862068965517,9.01896551724138,4.2
2023-05-19 15:30:00+00:00,11.941379310344827,94.79310344827586,9.019827586206896,4.2
2023-05-19 15:40:00+00:00,11.934482758620689,94.82758620689656,9.020689655172413,4.2
2023-05-19 15:50:00+00:00,,,,
2023-05-19 16:00:00+00:00,,,,
2023-05-19 16:10:00+00:00,,,,
2023-05-19 16:20:00+00:00,,,,
2023-05-19 16:30:00+00:00,,,,
2023-05-19 16:40:00+00:00,,,,
2023-05-19 16:50:00+00:00,,,,
2023-05-19 17:00:00+00:00,,,,
2023-05-19 17:10:00+00:00,,,,
2023-05-19 17:20:00+00:00,,,,
2023-05-19 17:30:00+00:00,,,,
2023-05-19 17:40:00+00:00,,,,
2023-05-19 17:50:00+00:00,,,,
2023-05-19 18:00:00+00:00,,,,
2023-05-19 18:10:00+00:00,,,,
2023-05-19 18:20:00+00:00,,,,
2023-05-19 18:30:00+00:00,,,,
2023-05-19 18:40:00+00:00,,,,
2023-05-19 18:50:00+00:00,,,,
2023-05-19 19:00:00+00:00,,,,
2023-05-19 19:10:00+00:00,,,,
2023-05-19 19:20:00+00:00,,,,
2023-05-19 19:30:00+00:00,,,,
2023-05-19 19:40:00+00:00,,,,
2023-05-19 19:50:00+00:00,,,,
2023-05-19 20:00:00+00:00,,,,
2023-05-19 20:10:00+00:00,,,,
2023-05-19 20:20:00+00:00,,,,
2023-05-19 20:30:00+00:00,,,,
2023-05-19 20:40:00+00:00,,,,
2023-05-19 20:50:00+00:00,,,,
2023-05-19 21:00:00+00:00,,,,
2023-05-19 21:10:00+00:00,,,,
2023-05-19 21:20:00+00:00,,,,
2023-05-19 21:30:00+00:00,,,,
2023-05-19 21:40:00+00:00,,,,
2023-05-19 21:50:00+00:00,,,,
2023-05-19 22:00:00+00:00,,,,
2023-05-19 22:10:00+00:00,,,,
2023-05-19 22:20:00+00:00,,,,
2023-05-19 22:30:00+00:00,,,,
2023-05-19 22:40:00+00:00,,,,
2023-05-19 22:50:00+00:00,,,,
2023-05-19 23:00:00+00:00,,,,
2023-05-19 23:10:00+00:00,,,,
2023-05-19 23:20:00+00:00,,,,
2023-05-19 23:30:00+00:00,,,,
2023-05-19 23:40:00+00:00,,,,
2023-05-19 23:50:00+00:00,,,,
2023-05-20 00:00:00+00:00,,,,
2023-05-20 00:10:00+00:00,,,,
2023-05-20 00:20:00+00:00,,,,
2023-05-20 00:30:00+00:00,,,,
2023-05-20 00:40:00+00:00,,,,
2023-05-20 00:50:00+00:00,,,,
2023-05-20 01:00:00+00:00,,,,
2023-05-20 01:10:00+00:00,,,,
2023-05-20 01:20:00+00:00,,,,
2023-05-20 01:30:00+00:00,,,,
2023-05-20 01:40:00+00:00,,,,
2023-05-20 01:50:00+00:00,,,,
2023-05-20 02:00:00+00:00,,,,
2023-05-20 02:10:00+00:00,,,,
2023-05-20 02:20:00+00:00,,,,
2023-05-20 02:30:00+00:00,,,,
2023-05-20 02:40:00+00:00,,,,
2023-05-20 02:50:00+00:00,,,,
2023-05-20 03:00:00+00:00,,,,
2023-05-20 03:10:00+00:00,,,,
2023-05-20 03:20:00+00:00,,,,
2023-05-20 03:30:00+00:00,,,,
2023-05-20 03:40:00+00:00,,,,
2023-05-20 03:50:00+00:00,,,,
2023-05-20 04:00:00+00:00,,,,
2023-05-20 04:10:00+00:00,,,,
2023-05-20 04:20:00+00:00,,,,
2023-05-20 04:30:00+00:00,,,,
2023-05-20 04:40:00+00:00,,,,
2023-05-20 04:50:00+00:00,,,,
2023-05-20 05:00:00+00:00,,,,
2023-05-20 05:10:00+00:00,,,,
2023-05-20 05:20:00+00:00,,,,
2023-05-20 05:30:00+00:00,,,,
2023-05-20 05:40:00+00:00,,,,
2023-05-20 05:50:00+00:00,,,,
2023-05-20 06:00:00+00:00,,,,
2023-05-20 06:10:00+00:00,,,,
2023-05-20 06:20:00+00:00,,,,
2023-05-20 06:30:00+00:00,,,,
2023-05-20 06:40:00+00:00,,,,
2023-05-20 06:50:00+00:00,,,,
2023-05-20 07:00:00+00:00,11.3,98.0,9.1,4.2
2023-05-20 07:10:00+00:00,11.37241379310345,97.93103448275862,9.1,4.2
2023-05-20 07:20:00+00:00,11.444827586206896,97.86206896551724,9.1,4.2
2023-05-20 07:30:00+00:00,11.517241379310345,97.79310344827586,9.1,4.2
2023-05-20 07:40:00+00:00,11.589655172413794,97.72413793103448,9.1,4.2
2023-05-20 07:50:00+00:00,11.662068965517243,97.65517241379311,9.1,4.2
2023-05-20 08:00:00+00:00,11.73448275862069,97.58620689655173,9.1,4.2
2023-05-20 08:10:00+00:00,11.806896551724138,97.51724137931035,9.1,4.2
2023-05-20 08:20:00+00:00,11.879310344827587,97.44827586206897,9.1,4.2
2023-05-20 08:30:00+00:00,11.951724137931036,97.37931034482759,9.1,4.2
2023-05-20 08:40:00+00:00,12.024137931034483,97.3103448275862,9.1,4.2
2023-05-20 08:50:00+00:00,12.096551724137932,97.24137931034483,9.1,4.2
2023-05-20 09:00:00+00:00,12.16896551724138,97.17241379310344,9.1,4.2
2023-05-20 09:10:00+00:00,12.241379310344827,97.10344827586206,9.1,4.2
2023-05-20 09:20:00+00:00,12.313793103448276,97.03448275862068,9.1,4.2
2023-05-20 09:30:00+00:00,12.386206896551725,96.96551724137932,9.1,4.2
2023-05-20 09:40:00+00:00,12.458620689655174,96.89655172413794,9.1,4.2
2023-05-20 09:50:00+00:00,12.53103448275862,96.82758620689656,9.1,4.2
2023-05-20 10:00:00+00:00,12.60344827586207,96.75862068965517,9.1,4.2
2023-05-20 10:10:00+00:00,12.675862068965518,96.6896551724138,9.1,4.2
2023-05-20 10:20:00+00:00,12.748275862068965,96.62068965517241,9.1,4.2
2023-05-20 10:30:00+00:00,12.820689655172414,96.55172413793103,9.1,4.2
2023-05-20 10:40:00+00:00,12.893103448275863,96.48275862068965,9.1,4.2
2023-05-20 10:50:00+00:00,12.965517241379311,96.41379310344827,9.1,4.2
2023-05-20 11:00:00+00:00,13.03793103448276,96.34482758620689,9.1,4.2
2023-05-20 11:10:00+00:00,,,,
2023-05-20 11:20:00+00:00,,,,
2023-05-20 11:30:00+00:00,,,,
2023-05-20 11:40:00+00:00,,,,
2023-05-20 11:50:00+00:00,13.4,96.0,9.1,4.2
2023-05-20 12:00:00+00:00,13.350000000000001,95.5,9.1,4.2
2023-05-20 12:10:00+00:00,13.3,95.0,9.1,4.2
2023-05-20 12:20:00+00:00,13.321428571428573,95.0,9.1,4.2
2023-05-20 12:30:00+00:00,13.342857142857143,95.0,9.1,4.2
2023-05-20 12:40:00+00:00,13.364285714285714,95.0,9.1,4.2
2023-05-20 12:50:00+00:00,13.385714285714286,95.0,9.1,4.2
2023-05-20 13:00:00+00:00,13.407142857142858,95.0,9.1,4.2
2023-05-20 13:10:00+00:00,13.428571428571429,95.0,9.1,4.2
2023-05-20 13:20:00+00:00,13.45,95.0,9.1,4.2
2023-05-20 13:30:00+00:00,13.471428571428572,95.0,9.1,4.2
2023-05-20 13:40:00+00:00,13.492857142857144,95.0,9.1,4.2
2023-05-20 13:50:00+00:00,13.514285714285714,95.0,9.1,4.2
2023-05-20 14:00:00+00:00,13.535714285714285,95.0,9.1,4.2
2023-05-20 14:10:00+00:00,13.557142857142857,95.0,9.1,4.2
2023-05-20 14:20:00+00:00,13.57857142857143,95.0,9.1,4.2
2023-05-20 14:30:00+00:00,13.6,95.0,9.1,4.2
2023-05-20 14:40:00+00:00,13.6,95.0,9.1,4.2
2023-05-20 14:50:00+00:00,13.6,95.0,9.1,4.2
2023-05-20 15:00:00+00:00,13.6,95.0,9.1,4.2
2023-05-20 15:10:00+00:00,13.6,95.0,9.1,4.2
2023-05-20 15:20:00+00:00,13.6,95.0,9.1,4.2
2023-05-20 15:30:00+00:00,13.6,95.0,9.1,4.2
2023-05-20 15:40:00+00:00,13.6,95.0,9.1,4.2
2023-05-20 15:50:00+00:00,13.6,95.0,9.1,4.2
2023-05-20 16:00:00+00:00,13.6,95.0,9.1,4.2
2023-05-20 16:10:00+00:00,13.6,95.0,9.1,4.2
2023-05-20 16:20:00+00:00,13.6,95.0,9.1,4.2
2023-05-20 16:30:00+00:00,13.6,95.0,9.1,4.2
2023-05-20 16:40:00+00:00,13.597783933518006,95.00277008310249,9.101939058171745,4.2
2023-05-20 16:50:00+00:00,13.59556786703601,95.00554016620498,9.10387811634349,4.2
2023-05-20 17:00:00+00:00,13.593351800554016,95.00831024930748,9.105817174515234,4.2
2023-05-20 17:10:00+00:00,13.591135734072022,95.01108033240997,9.107756232686981,4.2
2023-05-20 17:20:00+00:00,13.588919667590027,95.01385041551247,9.109695290858726,4.2
2023-05-20 17:30:00+00:00,13.586703601108033,95.01662049861496,9.11163434903047,4.2
2023-05-20 17:40:00+00:00,13.584487534626039,95.01939058171745,9.113573407202216,4.2
2023-05-20 17:50:00+00:00,13.582271468144045,95.02216066481995,9.11551246537396,4.2
2023-05-20 18:00:00+00:00,13.58005540166205,95.02493074792244,9.117451523545705,4.2
2023-05-20 18:10:00+00:00,13.577839335180055,95.02770083102493,9.11939058171745,4.2
2023-05-20 18:20:00+00:00,13.575623268698061,95.03047091412742,9.121329639889197,4.2
2023-05-20 18:30:00+00:00,13.573407202216066,95.03324099722991,9.123268698060942,4.2
2023-05-20 18:40:00+00:00,13.571191135734072,95.03601108033241,9.125207756232687,4.2
2023-05-20 18:50:00+00:00,13.568975069252078,95.0387811634349,9.127146814404432,4.2
2023-05-20 19:00:00+00:00,13.566759002770082,95.0415512465374,9.129085872576177,4.2
2023-05-20 19:10:00+00:00,13.564542936288088,95.04432132963989,9.131024930747921,4.2
2023-05-20 19:20:00+00:00,13.562326869806094,95.04709141274238,9.132963988919668,4.2
2023-05-20 19:30:00+00:00,13.560110803324099,95.04986149584488,9.134903047091413,4.2
2023-05-20 19:40:00+00:00,13.557894736842105,95.05263157894737,9.136842105263158,4.2
2023-05-20 19:50:00+00:00,13.55567867036011,95.05540166204986,9.138781163434903,4.2
2023-05-20 20:00:00+00:00,13.553462603878115,95.05817174515235,9.140720221606648,4.2
2023-05-20 20:10:00+00:00,13.551246537396121,95.06094182825485,9.142659279778393,4.2
2023-05-20 20:20:00+00:00,13.549030470914127,95.06371191135734,9.144598337950137,4.2
2023-05-20 20:30:00+00:00,13.546814404432133,95.06648199445983,9.146537396121884,4.2
2023-05-20 20:40:00+00:00,,,,
2023-05-20 20:50:00+00:00,,,,
2023-05-20 21:00:00+00:00,,,,
2023-05-20 21:10:00+00:00,,,,
2023-05-20 21:20:00+00:00,,,,
2023-05-20 21:30:00+00:00,,,,
2023-05-20 21:40:00+00:00,,,,
2023-05-20 21:50:00+00:00,,,,
2023-05-20 22:00:00+00:00,,,,
2023-05-20 22:10:00+00:00,,,,
2023-05-20 22:20:00+00:00,,,,
2023-05-20 22:30:00+00:00,,,,
2023-05-20 22:40:00+00:00,,,,
2023-05-20 22:50:00+00:00,,,,
2023-05-20 23:00:00+00:00,,,,
2023-05-20 23:10:00+00:00,,,,
2023-05-20 23:20:00+00:00,,,,
2023-05-20 23:30:00+00:00,,,,
2023-05-20 23:40:00+00:00,,,,
2023-05-20 23:50:00+00:00,,,,
2023-05-21 00:00:00+00:00,,,,
2023-05-21 00:10:00+00:00,,,,
2023-05-21 00:20:00+00:00,,,,
2023-05-21 00:30:00+00:00,,,,
2023-05-21 00:40:00+00:00,,,,
2023-05-21 00:50:00+00:00,,,,
2023-05-21 01:00:00+00:00,,,,
2023-05-21 01:10:00+00:00,,,,
2023-05-21 01:20:00+00:00,,,,
2023-05-21 01:30:00+00:00,,,,
2023-05-21 01:40:00+00:00,,,,
2023-05-21 01:50:00+00:00,,,,
2023-05-21 02:00:00+00:00,,,,
2023-05-21 02:10:00+00:00,,,,
2023-05-21 02:20:00+00:00,,,,
2023-05-21 02:30:00+00:00,,,,
2023-05-21 02:40:00+00:00,,,,
2023-05-21 02:50:00+00:00,,,,
2023-05-21 03:00:00+00:00,,,,
2023-05-21 03:10:00+00:00,,,,
2023-05-21 03:20:00+00:00,,,,
2023-05-21 03:30:00+00:00,,,,
2023-05-21 03:40:00+00:00,,,,
2023-05-21 03:50:00+00:00,,,,
2023-05-21 04:00:00+00:00,,,,
2023-05-21 04:10:00+00:00,,,,
2023-05-21 04:20:00+00:00,,,,
2023-05-21 04:30:00+00:00,,,,
2023-05-21 04:40:00+00:00,,,,
2023-05-21 04:50:00+00:00,,,,
2023-05-21 05:00:00+00:00,,,,
2023-05-21 05:10:00+00:00,,,,
2023-05-21 05:20:00+00:00,,,,
2023-05-21 05:30:00+00:00,,,,
2023-05-21 05:40:00+00:00,,,,
2023-05-21 05:50:00+00:00,,,,
2023-05-21 06:00:00+00:00,,,,
2023-05-21 06:10:00+00:00,,,,
2023-05-21 06:20:00+00:00,,,,
2023-05-21 06:30:00+00:00,,,,
2023-05-21 06:40:00+00:00,,,,
2023-05-21 06:50:00+00:00,,,,
2023-05-21 07:00:00+00:00,,,,
2023-05-21 07:10:00+00:00,,,,
2023-05-21 07:20:00+00:00,,,,
2023-05-21 07:30:00+00:00,,,,
2023-05-21 07:40:00+00:00,,,,
2023-05-21 07:50:00+00:00,,,,
2023-05-21 08:00:00+00:00,,,,
2023-05-21 08:10:00+00:00,,,,
2023-05-21 08:20:00+00:00,,,,
2023-05-21 08:30:00+00:00,,,,
2023-05-21 08:40:00+00:00,,,,
2023-05-21 08:50:00+00:00,,,,
2023-05-21 09:00:00+00:00,,,,
2023-05-21 09:10:00+00:00,,,,
2023-05-21 09:20:00+00:00,,,,
2023-05-21 09:30:00+00:00,,,,
2023-05-21 09:40:00+00:00,,,,
2023-05-21 09:50:00+00:00,,,,
2023-05-21 10:00:00+00:00,,,,
2023-05-21 10:10:00+00:00,,,,
2023-05-21 10:20:00+00:00,,,,
2023-05-21 10:30:00+00:00,,,,
2023-05-21 10:40:00+00:00,,,,
2023-05-21 10:50:00+00:00,,,,
2023-05-21 11:00:00+00:00,,,,
2023-05-21 11:10:00+00:00,,,,
2023-05-21 11:20:00+00:00,,,,
2023-05-21 11:30:00+00:00,,,,
2023-05-21 11:40:00+00:00,,,,
2023-05-21 11:50:00+00:00,,,,
2023-05-21 12:00:00+00:00,,,,
2023-05-21 12:10:00+00:00,,,,
2023-05-21 12:20:00+00:00,,,,
2023-05-21 12:30:00+00:00,,,,
2023-05-21 12:40:00+00:00,,,,
2023-05-21 12:50:00+00:00,,,,
2023-05-21 13:00:00+00:00,,,,
2023-05-21 13:10:00+00:00,,,,
2023-05-21 13:20:00+00:00,,,,
2023-05-21 13:30:00+00:00,,,,
2023-05-21 13:40:00+00:00,,,,
2023-05-21 13:50:00+00:00,,,,
2023-05-21 14:00:00+00:00,,,,
2023-05-21 14:10:00+00:00,,,,
2023-05-21 14:20:00+00:00,,,,
2023-05-21 14:30:00+00:00,,,,
2023-05-21 14:40:00+00:00,,,,
2023-05-21 14:50:00+00:00,,,,
2023-05-21 15:00:00+00:00,,,,
2023-05-21 15:10:00+00:00,,,,
2023-05-21 15:20:00+00:00,,,,
2023-05-21 15:30:00+00:00,,,,
2023-05-21 15:40:00+00:00,,,,
2023-05-21 15:50:00+00:00,,,,
2023-05-21 16:00:00+00:00,,,,
2023-05-21 16:10:00+00:00,,,,
2023-05-21 16:20:00+00:00,,,,
2023-05-21 16:30:00+00:00,,,,
2023-05-21 16:40:00+00:00,,,,
2023-05-21 16:50:00+00:00,,,,
2023-05-21 17:00:00+00:00,,,,
2023-05-21 17:10:00+00:00,,,,
2023-05-21 17:20:00+00:00,,,,
2023-05-21 17:30:00+00:00,,,,
2023-05-21 17:40:00+00:00,,,,
2023-05-21 17:50:00+00:00,,,,
2023-05-21 18:00:00+00:00,,,,
2023-05-21 18:10:00+00:00,,,,
2023-05-21 18:20:00+00:00,,,,
2023-05-21 18:30:00+00:00,,,,
2023-05-21 18:40:00+00:00,,,,
2023-05-21 18:50:00+00:00,,,,
2023-05-21 19:00:00+00:00,,,,
2023-05-21 19:10:00+00:00,,,,
2023-05-21 19:20:00+00:00,,,,
2023-05-21 19:30:00+00:00,,,,
2023-05-21 19:40:00+00:00,,,,
2023-05-21 19:50:00+00:00,,,,
2023-05-21 20:00:00+00:00,,,,
2023-05-21 20:10:00+00:00,,,,
2023-05-21 20:20:00+00:00,,,,
2023-05-21 20:30:00+00:00,,,,
2023-05-21 20:40:00+00:00,,,,
2023-05-21 20:50:00+00:00,,,,
2023-05-21 21:00:00+00:00,,,,
2023-05-21 21:10:00+00:00,,,,
2023-05-21 21:20:00+00:00,,,,
2023-05-21 21:30:00+00:00,,,,
2023-05-21 21:40:00+00:00,,,,
2023-05-21 21:50:00+00:00,,,,
2023-05-21 22:00:00+00:00,,,,
2023-05-21 22:10:00+00:00,,,,
2023-05-21 22:20:00+00:00,,,,
2023-05-21 22:30:00+00:00,,,,
2023-05-21 22:40:00+00:00,,,,
2023-05-21 22:50:00+00:00,,,,
2023-05-21 23:00:00+00:00,,,,
2023-05-21 23:10:00+00:00,,,,
2023-05-21 23:20:00+00:00,,,,
2023-05-21 23:30:00+00:00,,,,
2023-05-21 23:40:00+00:00,,,,
2023-05-21 23:50:00+00:00,,,,
2023-05-22 00:00:00+00:00,,,,
2023-05-22 00:10:00+00:00,,,,
2023-05-22 00:20:00+00:00,,,,
2023-05-22 00:30:00+00:00,,,,
2023-05-22 00:40:00+00:00,,,,
2023-05-22 00:50:00+00:00,,,,
2023-05-22 01:00:00+00:00,,,,
2023-05-22 01:10:00+00:00,,,,
2023-05-22 01:20:00+00:00,,,,
2023-05-22 01:30:00+00:00,,,,
2023-05-22 01:40:00+00:00,,,,
2023-05-22 01:50:00+00:00,,,,
2023-05-22 02:00:00+00:00,,,,
2023-05-22 02:10:00+00:00,,,,
2023-05-22 02:20:00+00:00,,,,
2023-05-22 02:30:00+00:00,,,,
2023-05-22 02:40:00+00:00,,,,
2023-05-22 02:50:00+00:00,,,,
2023-05-22 03:00:00+00:00,,,,
2023-05-22 03:10:00+00:00,,,,
2023-05-22 03:20:00+00:00,,,,
2023-05-22 03:30:00+00:00,,,,
2023-05-22 03:40:00+00:00,,,,
2023-05-22 03:50:00+00:00,,,,
2023-05-22 04:00:00+00:00,,,,
2023-05-22 04:10:00+00:00,,,,
2023-05-22 04:20:00+00:00,,,,
2023-05-22 04:30:00+00:00,,,,
2023-05-22 04:40:00+00:00,,,,
2023-05-22 04:50:00+00:00,,,,
2023-05-22 05:00:00+00:00,,,,
2023-05-22 05:10:00+00:00,,,,
2023-05-22 05:20:00+00:00,,,,
2023-05-22 05:30:00+00:00,,,,
2023-05-22 05:40:00+00:00,,,,
2023-05-22 05:50:00+00:00,,,,
2023-05-22 06:00:00+00:00,,,,
2023-05-22 06:10:00+00:00,,,,
2023-05-22 06:20:00+00:00,,,,
2023-05-22 06:30:00+00:00,,,,
2023-05-22 06:40:00+00:00,,,,
2023-05-22 06:50:00+00:00,,,,
2023-05-22 07:00:00+00:00,,,,
2023-05-22 07:10:00+00:00,,,,
2023-05-22 07:20:00+00:00,,,,
2023-05-22 07:30:00+00:00,,,,
2023-05-22 07:40:00+00:00,,,,
2023-05-22 07:50:00+00:00,,,,
2023-05-22 08:00:00+00:00,,,,
2023-05-22 08:10:00+00:00,,,,
2023-05-22 08:20:00+00:00,,,,
2023-05-22 08:30:00+00:00,,,,
2023-05-22 08:40:00+00:00,,,,
2023-05-22 08:50:00+00:00,,,,
2023-05-22 09:00:00+00:00,,,,
2023-05-22 09:10:00+00:00,,,,
2023-05-22 09:20:00+00:00,,,,
2023-05-22 09:30:00+00:00,,,,
2023-05-22 09:40:00+00:00,,,,
2023-05-22 09:50:00+00:00,,,,
2023-05-22 10:00:00+00:00,,,,
2023-05-22 10:10:00+00:00,,,,
2023-05-22 10:20:00+00:00,,,,
2023-05-22 10:30:00+00:00,,,,
2023-05-22 10:40:00+00:00,,,,
2023-05-22 10:50:00+00:00,,,,
2023-05-22 11:00:00+00:00,,,,
2023-05-22 11:10:00+00:00,,,,
2023-05-22 11:20:00+00:00,,,,
2023-05-22 11:30:00+00:00,,,,
2023-05-22 11:40:00+00:00,,,,
2023-05-22 11:50:00+00:00,,,,
2023-05-22 12:00:00+00:00,,,,
2023-05-22 12:10:00+00:00,,,,
2023-05-22 12:20:00+00:00,,,,
2023-05-22 12:30:00+00:00,,,,
2023-05-22 12:40:00+00:00,,,,
2023-05-22 12:50:00+00:00,,,,
2023-05-22 13:00:00+00:00,,,,
2023-05-22 13:10:00+00:00,,,,
2023-05-22 13:20:00+00:00,,,,
2023-05-22 13:30:00+00:00,,,,
2023-05-22 13:40:00+00:00,,,,
2023-05-22 13:50:00+00:00,,,,
2023-05-22 14:00:00+00:00,,,,
2023-05-22 14:10:00+00:00,,,,
2023-05-22 14:20:00+00:00,,,,
2023-05-22 14:30:00+00:00,,,,
2023-05-22 14:40:00+00:00,,,,
2023-05-22 14:50:00+00:00,,,,
2023-05-22 15:00:00+00:00,,,,
2023-05-22 15:10:00+00:00,,,,
2023-05-22 15:20:00+00:00,,,,
2023-05-22 15:30:00+00:00,,,,
2023-05-22 15:40:00+00:00,,,,
2023-05-22 15:50:00+00:00,,,,
2023-05-22 16:00:00+00:00,,,,
2023-05-22 16:10:00+00:00,,,,
2023-05-22 16:20:00+00:00,,,,
2023-05-22 16:30:00+00:00,,,,
2023-05-22 16:40:00+00:00,,,,
2023-05-22 16:50:00+00:00,,,,
2023-05-22 17:00:00+00:00,,,,
2023-05-22 17:10:00+00:00,,,,
2023-05-22 17:20:00+00:00,,,,
2023-05-22 17:30:00+00:00,,,,
2023-05-22 17:40:00+00:00,,,,
2023-05-22 17:50:00+00:00,,,,
2023-05-22 18:00:00+00:00,,,,
2023-05-22 18:10:00+00:00,,,,
2023-05-22 18:20:00+00:00,,,,
2023-05-22 18:30:00+00:00,,,,
2023-05-22 18:40:00+00:00,,,,
2023-05-22 18:50:00+00:00,,,,
2023-05-22 19:00:00+00:00,,,,
2023-05-22 19:10:00+00:00,,,,
2023-05-22 19:20:00+00:00,,,,
2023-05-22 19:30:00+00:00,,,,
2023-05-22 19:40:00+00:00,,,,
2023-05-22 19:50:00+00:00,,,,
2023-05-22 20:00:00+00:00,,,,
2023-05-22 20:10:00+00:00,,,,
2023-05-22 20:20:00+00:00,,,,
2023-05-22 20:30:00+00:00,,,,
2023-05-22 20:40:00+00:00,,,,
2023-05-22 20:50:00+00:00,,,,
2023-05-22 21:00:00+00:00,,,,
2023-05-22 21:10:00+00:00,,,,
2023-05-22 21:20:00+00:00,,,,
2023-05-22 21:30:00+00:00,,,,
2023-05-22 21:40:00+00:00,,,,
2023-05-22 21:50:00+00:00,,,,
2023-05-22 22:00:00+00:00,,,,
2023-05-22 22:10:00+00:00,,,,
2023-05-22 22:20:00+00:00,,,,
2023-05-22 22:30:00+00:00,,,,
2023-05-22 22:40:00+00:00,,,,
2023-05-22 22:50:00+00:00,,,,
2023-05-22 23:00:00+00:00,,,,
2023-05-22 23:10:00+00:00,,,,
2023-05-22 23:20:00+00:00,,,,
2023-05-22 23:30:00+00:00,,,,
2023-05-22 23:40:00+00:00,,,,
2023-05-22 23:50:00+00:00,,,,
2023-05-23 00:00:00+00:00,,,,
2023-05-23 00:10:00+00:00,,,,
2023-05-23 00:20:00+00:00,,,,
2023-05-23 00:30:00+00:00,,,,
2023-05-23 00:40:00+00:00,,,,
2023-05-23 00:50:00+00:00,,,,
2023-05-23 01:00:00+00:00,,,,
2023-05-23 01:10:00+00:00,,,,
2023-05-23 01:20:00+00:00,,,,
2023-05-23 01:30:00+00:00,,,,
2023-05-23 01:40:00+00:00,,,,
2023-05-23 01:50:00+00:00,,,,
2023-05-23 02:00:00+00:00,,,,
2023-05-23 02:10:00+00:00,,,,
2023-05-23 02:20:00+00:00,,,,
2023-05-23 02:30:00+00:00,,,,
2023-05-23 02:40:00+00:00,,,,
2023-05-23 02:50:00+00:00,,,,
2023-05-23 03:00:00+00:00,,,,
2023-05-23 03:10:00+00:00,,,,
2023-05-23 03:20:00+00:00,,,,
2023-05-23 03:30:00+00:00,,,,
2023-05-23 03:40:00+00:00,,,,
2023-05-23 03:50:00+00:00,,,,
2023-05-23 04:00:00+00:00,,,,
2023-05-23 04:10:00+00:00,,,,
2023-05-23 04:20:00+00:00,,,,
2023-05-23 04:30:00+00:00,,,,
2023-05-23 04:40:00+00:00,12.8,96.0,9.8,4.2
2023-05-23 04:50:00+00:00,12.817,96.0,9.804333333333334,4.2
2023-05-23 05:00:00+00:00,12.834000000000001,96.0,9.808666666666667,4.2
2023-05-23 05:10:00+00:00,12.851,96.0,9.813,4.2
2023-05-23 05:20:00+00:00,12.868,96.0,9.817333333333334,4.2
2023-05-23 05:30:00+00:00,12.885000000000002,96.0,9.821666666666667,4.2
2023-05-23 05:40:00+00:00,12.902000000000001,96.0,9.826,4.2
2023-05-23 05:50:00+00:00,12.919,96.0,9.830333333333334,4.2
2023-05-23 06:00:00+00:00,12.936,96.0,9.834666666666667,4.2
2023-05-23 06:10:00+00:00,12.953000000000001,96.0,9.839,4.2
2023-05-23 06:20:00+00:00,12.97,96.0,9.843333333333334,4.2
2023-05-23 06:30:00+00:00,12.987,96.0,9.847666666666667,4.2
2023-05-23 06:40:00+00:00,13.004000000000001,96.0,9.852,4.2
2023-05-23 06:50:00+00:00,13.021,96.0,9.856333333333334,4.2
2023-05-23 07:00:00+00:00,13.038,96.0,9.860666666666667,4.2
2023-05-23 07:10:00+00:00,13.055,96.0,9.865,4.2
2023-05-23 07:20:00+00:00,13.072000000000001,96.0,9.869333333333334,4.2
2023-05-23 07:30:00+00:00,13.089,96.0,9.873666666666667,4.2
2023-05-23 07:40:00+00:00,13.106,96.0,9.878,4.2
2023-05-23 07:50:00+00:00,13.123000000000001,96.0,9.882333333333333,4.2
2023-05-23 08:00:00+00:00,13.14,96.0,9.886666666666667,4.2
2023-05-23 08:10:00+00:00,13.157,96.0,9.891,4.2
2023-05-23 08:20:00+00:00,13.174000000000001,96.0,9.895333333333333,4.2
2023-05-23 08:30:00+00:00,13.191,96.0,9.899666666666667,4.2
2023-05-23 08:40:00+00:00,13.208,96.0,9.904,4.2
2023-05-23 08:50:00+00:00,,,,
2023-05-23 09:00:00+00:00,,,,
2023-05-23 09:10:00+00:00,,,,
2023-05-23 09:20:00+00:00,,,,
2023-05-23 09:30:00+00:00,,,,
2023-05-23 09:40:00+00:00,,,,
2023-05-23 09:50:00+00:00,,,,
2023-05-23 10:00:00+00:00,,,,
2023-05-23 10:10:00+00:00,,,,
2023-05-23 10:20:00+00:00,,,,
2023-05-23 10:30:00+00:00,,,,
2023-05-23 10:40:00+00:00,,,,
2023-05-23 10:50:00+00:00,,,,
2023-05-23 11:00:00+00:00,,,,
2023-05-23 11:10:00+00:00,,,,
2023-05-23 11:20:00+00:00,,,,
2023-05-23 11:30:00+00:00,,,,
2023-05-23 11:40:00+00:00,,,,
2023-05-23 11:50:00+00:00,,,,
2023-05-23 12:00:00+00:00,,,,
2023-05-23 12:10:00+00:00,,,,
2023-05-23 12:20:00+00:00,,,,
2023-05-23 12:30:00+00:00,,,,
2023-05-23 12:40:00+00:00,,,,
2023-05-23 12:50:00+00:00,,,,
2023-05-23 13:00:00+00:00,,,,
2023-05-23 13:10:00+00:00,,,,
2023-05-23 13:20:00+00:00,,,,
2023-05-23 13:30:00+00:00,,,,
2023-05-23 13:40:00+00:00,,,,
2023-05-23 13:50:00+00:00,,,,
2023-05-23 14:00:00+00:00,,,,
2023-05-23 14:10:00+00:00,,,,
2023-05-23 14:20:00+00:00,,,,
2023-05-23 14:30:00+00:00,,,,
2023-05-23 14:40:00+00:00,,,,
2023-05-23 14:50:00+00:00,,,,
2023-05-23 15:00:00+00:00,,,,
2023-05-23 15:10:00+00:00,,,,
2023-05-23 15:20:00+00:00,,,,
2023-05-23 15:30:00+00:00,,,,
2023-05-23 15:40:00+00:00,,,,
2023-05-23 15:50:00+00:00,,,,
2023-05-23 16:00:00+00:00,,,,
2023-05-23 16:10:00+00:00,,,,
2023-05-23 16:20:00+00:00,,,,
2023-05-23 16:30:00+00:00,,,,
2023-05-23 16:40:00+00:00,,,,
2023-05-23 16:50:00+00:00,,,,
2023-05-23 17:00:00+00:00,,,,
2023-05-23 17:10:00+00:00,,,,
2023-05-23 17:20:00+00:00,,,,
2023-05-23 17:30:00+00:00,,,,
2023-05-23 17:40:00+00:00,,,,
2023-05-23 17:50:00+00:00,,,,
2023-05-23 18:00:00+00:00,,,,
2023-05-23 18:10:00+00:00,,,,
2023-05-23 18:20:00+00:00,,,,
2023-05-23 18:30:00+00:00,,,,
2023-05-23 18:40:00+00:00,,,,
2023-05-23 18:50:00+00:00,,,,
2023-05-23 19:00:00+00:00,,,,
2023-05-23 19:10:00+00:00,,,,
2023-05-23 19:20:00+00:00,,,,
2023-05-23 19:30:00+00:00,,,,
2023-05-23 19:40:00+00:00,,,,
2023-05-23 19:50:00+00:00,,,,
2023-05-23 20:00:00+00:00,,,,
2023-05-23 20:10:00+00:00,,,,
2023-05-23 20:20:00+00:00,,,,
2023-05-23 20:30:00+00:00,,,,
2023-05-23 20:40:00+00:00,,,,
2023-05-23 20:50:00+00:00,,,,
2023-05-23 21:00:00+00:00,,,,
2023-05-23 21:10:00+00:00,,,,
2023-05-23 21:20:00+00:00,,,,
2023-05-23 21:30:00+00:00,,,,
2023-05-23 21:40:00+00:00,,,,
2023-05-23 21:50:00+00:00,,,,
2023-05-23 22:00:00+00:00,,,,
2023-05-23 22:10:00+00:00,,,,
2023-05-23 22:20:00+00:00,,,,
2023-05-23 22:30:00+00:00,,,,
2023-05-23 22:40:00+00:00,,,,
2023-05-23 22:50:00+00:00,,,,
2023-05-23 23:00:00+00:00,,,,
2023-05-23 23:10:00+00:00,,,,
2023-05-23 23:20:00+00:00,,,,
2023-05-23 23:30:00+00:00,,,,
2023-05-23 23:40:00+00:00,,,,
2023-05-23 23:50:00+00:00,,,,
2023-05-24 00:00:00+00:00,,,,
2023-05-24 00:10:00+00:00,,,,
2023-05-24 00:20:00+00:00,,,,
2023-05-24 00:30:00+00:00,,,,
2023-05-24 00:40:00+00:00,,,,
2023-05-24 00:50:00+00:00,,,,
2023-05-24 01:00:00+00:00,,,,
2023-05-24 01:10:00+00:00,,,,
2023-05-24 01:20:00+00:00,,,,
2023-05-24 01:30:00+00:00,,,,
2023-05-24 01:40:00+00:00,,,,
2023-05-24 01:50:00+00:00,,,,
2023-05-24 02:00:00+00:00,,,,
2023-05-24 02:10:00+00:00,,,,
2023-05-24 02:20:00+00:00,,,,
2023-05-24 02:30:00+00:00,,,,
2023-05-24 02:40:00+00:00,,,,
2023-05-24 02:50:00+00:00,,,,
2023-05-24 03:00:00+00:00,,,,
2023-05-24 03:10:00+00:00,,,,
2023-05-24 03:20:00+00:00,,,,
2023-05-24 03:30:00+00:00,,,,
2023-05-24 03:40:00+00:00,,,,
2023-05-24 03:50:00+00:00,,,,
2023-05-24 04:00:00+00:00,,,,
2023-05-24 04:10:00+00:00,,,,
2023-05-24 04:20:00+00:00,,,,
2023-05-24 04:30:00+00:00,,,,
2023-05-24 04:40:00+00:00,,,,
2023-05-24 04:50:00+00:00,,,,
2023-05-24 05:00:00+00:00,,,,
2023-05-24 05:10:00+00:00,,,,
2023-05-24 05:20:00+00:00,,,,
2023-05-24 05:30:00+00:00,,,,
2023-05-24 05:40:00+00:00,,,,
2023-05-24 05:50:00+00:00,,,,
2023-05-24 06:00:00+00:00,,,,
2023-05-24 06:10:00+00:00,,,,
2023-05-24 06:20:00+00:00,,,,
2023-05-24 06:30:00+00:00,,,,
2023-05-24 06:40:00+00:00,,,,
2023-05-24 06:50:00+00:00,,,,
2023-05-24 07:00:00+00:00,,,,
2023-05-24 07:10:00+00:00,,,,
2023-05-24 07:20:00+00:00,,,,
2023-05-24 07:30:00+00:00,,,,
2023-05-24 07:40:00+00:00,,,,
2023-05-24 07:50:00+00:00,,,,
2023-05-24 08:00:00+00:00,,,,
2023-05-24 08:10:00+00:00,,,,
2023-05-24 08:20:00+00:00,,,,
2023-05-24 08:30:00+00:00,,,,
2023-05-24 08:40:00+00:00,,,,
2023-05-24 08:50:00+00:00,,,,
2023-05-24 09:00:00+00:00,,,,
2023-05-24 09:10:00+00:00,,,,
2023-05-24 09:20:00+00:00,,,,
2023-05-24 09:30:00+00:00,,,,
2023-05-24 09:40:00+00:00,,,,
2023-05-24 09:50:00+00:00,,,,
2023-05-24 10:00:00+00:00,,,,
2023-05-24 10:10:00+00:00,,,,
2023-05-24 10:20:00+00:00,,,,
2023-05-24 10:30:00+00:00,,,,
2023-05-24 10:40:00+00:00,,,,
2023-05-24 10:50:00+00:00,,,,
2023-05-24 11:00:00+00:00,,,,
2023-05-24 11:10:00+00:00,,,,
2023-05-24 11:20:00+00:00,,,,
2023-05-24 11:30:00+00:00,,,,
2023-05-24 11:40:00+00:00,,,,
2023-05-24 11:50:00+00:00,,,,
2023-05-24 12:00:00+00:00,,,,
2023-05-24 12:10:00+00:00,,,,
2023-05-24 12:20:00+00:00,,,,
2023-05-24 12:30:00+00:00,,,,
2023-05-24 12:40:00+00:00,,,,
2023-05-24 12:50:00+00:00,,,,
2023-05-24 13:00:00+00:00,,,,
2023-05-24 13:10:00+00:00,,,,
2023-05-24 13:20:00+00:00,,,,
2023-05-24 13:30:00+00:00,,,,
2023-05-24 13:40:00+00:00,,,,
2023-05-24 13:50:00+00:00,,,,
2023-05-24 14:00:00+00:00,,,,
2023-05-24 14:10:00+00:00,,,,
2023-05-24 14:20:00+00:00,,,,
2023-05-24 14:30:00+00:00,,,,
2023-05-24 14:40:00+00:00,,,,
2023-05-24 14:50:00+00:00,,,,
2023-05-24 15:00:00+00:00,,,,
2023-05-24 15:10:00+00:00,,,,
2023-05-24 15:20:00+00:00,,,,
2023-05-24 15:30:00+00:00,,,,
2023-05-24 15:40:00+00:00,,,,
2023-05-24 15:50:00+00:00,,,,
2023-05-24 16:00:00+00:00,,,,
2023-05-24 16:10:00+00:00,,,,
2023-05-24 16:20:00+00:00,,,,
2023-05-24 16:30:00+00:00,,,,
2023-05-24 16:40:00+00:00,,,,
2023-05-24 16:50:00+00:00,,,,
2023-05-24 17:00:00+00:00,,,,
2023-05-24 17:10:00+00:00,,,,
2023-05-24 17:20:00+00:00,,,,
2023-05-24 17:30:00+00:00,,,,
2023-05-24 17:40:00+00:00,,,,
2023-05-24 17:50:00+00:00,,,,
2023-05-24 18:00:00+00:00,,,,
2023-05-24 18:10:00+00:00,,,,
2023-05-24 18:20:00+00:00,,,,
2023-05-24 18:30:00+00:00,,,,
2023-05-24 18:40:00+00:00,,,,
2023-05-24 18:50:00+00:00,,,,
2023-05-24 19:00:00+00:00,,,,
2023-05-24 19:10:00+00:00,,,,
2023-05-24 19:20:00+00:00,,,,
2023-05-24 19:30:00+00:00,,,,
2023-05-24 19:40:00+00:00,,,,
2023-05-24 19:50:00+00:00,,,,
2023-05-24 20:00:00+00:00,,,,
2023-05-24 20:10:00+00:00,,,,
2023-05-24 20:20:00+00:00,,,,
2023-05-24 20:30:00+00:00,,,,
2023-05-24 20:40:00+00:00,,,,
2023-05-24 20:50:00+00:00,,,,
2023-05-24 21:00:00+00:00,,,,
2023-05-24 21:10:00+00:00,,,,
2023-05-24 21:20:00+00:00,,,,
2023-05-24 21:30:00+00:00,,,,
2023-05-24 21:40:00+00:00,,,,
2023-05-24 21:50:00+00:00,,,,
2023-05-24 22:00:00+00:00,,,,
2023-05-24 22:10:00+00:00,,,,
2023-05-24 22:20:00+00:00,,,,
2023-05-24 22:30:00+00:00,,,,
2023-05-24 22:40:00+00:00,,,,
2023-05-24 22:50:00+00:00,,,,
2023-05-24 23:00:00+00:00,,,,
2023-05-24 23:10:00+00:00,,,,
2023-05-24 23:20:00+00:00,,,,
2023-05-24 23:30:00+00:00,,,,
2023-05-24 23:40:00+00:00,,,,
2023-05-24 23:50:00+00:00,,,,
2023-05-25 00:00:00+00:00,,,,
2023-05-25 00:10:00+00:00,,,,
2023-05-25 00:20:00+00:00,,,,
2023-05-25 00:30:00+00:00,,,,
2023-05-25 00:40:00+00:00,,,,
2023-05-25 00:50:00+00:00,,,,
2023-05-25 01:00:00+00:00,,,,
2023-05-25 01:10:00+00:00,,,,
2023-05-25 01:20:00+00:00,,,,
2023-05-25 01:30:00+00:00,,,,
2023-05-25 01:40:00+00:00,,,,
2023-05-25 01:50:00+00:00,,,,
2023-05-25 02:00:00+00:00,,,,
2023-05-25 02:10:00+00:00,,,,
2023-05-25 02:20:00+00:00,,,,
2023-05-25 02:30:00+00:00,,,,
2023-05-25 02:40:00+00:00,,,,
2023-05-25 02:50:00+00:00,,,,
2023-05-25 03:00:00+00:00,,,,
2023-05-25 03:10:00+00:00,,,,
2023-05-25 03:20:00+00:00,,,,
2023-05-25 03:30:00+00:00,,,,
2023-05-25 03:40:00+00:00,,,,
2023-05-25 03:50:00+00:00,,,,
2023-05-25 04:00:00+00:00,,,,
2023-05-25 04:10:00+00:00,,,,
2023-05-25 04:20:00+00:00,,,,
2023-05-25 04:30:00+00:00,,,,
2023-05-25 04:40:00+00:00,,,,
2023-05-25 04:50:00+00:00,,,,
2023-05-25 05:00:00+00:00,,,,
2023-05-25 05:10:00+00:00,,,,
2023-05-25 05:20:00+00:00,,,,
2023-05-25 05:30:00+00:00,,,,
2023-05-25 05:40:00+00:00,,,,
2023-05-25 05:50:00+00:00,,,,
2023-05-25 06:00:00+00:00,,,,
2023-05-25 06:10:00+00:00,,,,
2023-05-25 06:20:00+00:00,,,,
2023-05-25 06:30:00+00:00,,,,
2023-05-25 06:40:00+00:00,17.9,96.0,11.1,4.2
2023-05-25 06:50:00+00:00,17.5,95.0,11.1,4.2
2023-05-25 07:00:00+00:00,17.3,95.0,11.1,4.2
2023-05-25 07:10:00+00:00,18.1,94.0,11.1,4.2
2023-05-25 07:20:00+00:00,19.0,94.0,11.2,4.2
2023-05-25 07:30:00+00:00,19.4,94.0,11.2,4.2
2023-05-25 07:40:00+00:00,20.0,95.0,11.2,4.2
2023-05-25 07:50:00+00:00,19.6,95.0,11.2,4.2
2023-05-25 08:00:00+00:00,19.6,95.0,11.2,4.2
2023-05-25 08:10:00+00:00,19.6,95.0,11.2,4.2
2023-05-25 08:20:00+00:00,19.9,94.0,11.2,4.2
2023-05-25 08:30:00+00:00,19.8,94.0,11.2,4.2
2023-05-25 08:40:00+00:00,19.5,94.0,11.2,4.2
2023-05-25 08:50:00+00:00,19.3,93.0,11.2,4.2
2023-05-25 09:00:00+00:00,19.8,93.0,11.3,4.2
2023-05-25 09:10:00+00:00,20.0,96.0,11.3,4.2
2023-05-25 09:20:00+00:00,20.0,98.0,11.3,4.2
2023-05-25 09:30:00+00:00,20.4,100.0,11.4,4.2
2023-05-25 09:40:00+00:00,21.1,100.0,11.4,4.2
2023-05-25 09:50:00+00:00,20.5,100.0,11.4,4.2
2023-05-25 10:00:00+00:00,22.5,100.0,11.4,4.2
2023-05-25 10:10:00+00:00,22.6,100.0,11.4,4.2
2023-05-25 10:20:00+00:00,21.8,100.0,11.4,4.2
2023-05-25 10:30:00+00:00,25.2,100.0,11.4,4.2
2023-05-25 10:40:00+00:00,27.9,100.0,11.4,4.2
2023-05-25 10:50:00+00:00,25.1,100.0,11.4,4.2
2023-05-25 11:00:00+00:00,25.8,99.0,11.4,4.2
2023-05-25 11:10:00+00:00,27.7,98.0,11.4,4.2
2023-05-25 11:20:00+00:00,23.8,97.0,11.4,4.2
2023-05-25 11:30:00+00:00,24.5,96.0,11.4,4.2
2023-05-25 11:40:00+00:00,21.7,96.0,11.4,4.2
2023-05-25 11:50:00+00:00,20.5,93.0,11.4,4.2
2023-05-25 12:00:00+00:00,20.4,92.0,11.4,4.2
2023-05-25 12:10:00+00:00,21.7,92.0,11.4,4.2
2023-05-25 12:20:00+00:00,22.8,92.0,11.4,4.2
2023-05-25 12:30:00+00:00,25.5,92.0,11.4,4.2
2023-05-25 12:40:00+00:00,25.7,93.0,11.4,4.2
2023-05-25 12:50:00+00:00,22.8,94.0,11.4,4.2
2023-05-25 13:00:00+00:00,23.0,92.0,11.4,4.2
2023-05-25 13:10:00+00:00,27.5,92.0,11.4,4.2
2023-05-25 13:20:00+00:00,26.4,92.0,11.4,4.2
2023-05-25 13:30:00+00:00,23.8,91.0,11.4,4.2
2023-05-25 13:40:00+00:00,21.7,91.0,11.4,4.2
2023-05-25 13:50:00+00:00,21.2,90.0,11.4,4.2
2023-05-25 14:00:00+00:00,21.7,90.0,11.4,4.2
2023-05-25 14:10:00+00:00,21.1,90.0,11.4,4.2
2023-05-25 14:20:00+00:00,20.5,91.0,11.4,4.2
2023-05-25 14:30:00+00:00,20.5,90.0,11.4,4.2
2023-05-25 14:40:00+00:00,19.5,90.0,11.4,4.2
2023-05-25 14:50:00+00:00,18.5,90.0,11.4,4.2
2023-05-25 15:00:00+00:00,18.3,90.0,11.3,4.2
2023-05-25 15:10:00+00:00,18.2,90.0,11.4,4.2
2023-05-25 15:20:00+00:00,18.5,91.0,11.4,4.2
2023-05-25 15:30:00+00:00,18.3,91.0,11.4,4.2
2023-05-25 15:40:00+00:00,18.0,91.0,11.3,4.2
2023-05-25 15:50:00+00:00,18.1,91.0,11.3,4.2
2023-05-25 16:00:00+00:00,18.1,91.0,11.4,4.2
2023-05-25 16:10:00+00:00,17.6,92.0,11.3,4.2
2023-05-25 16:20:00+00:00,17.1,91.0,11.3,4.2
2023-05-25 16:30:00+00:00,16.7,91.0,11.3,4.2
2023-05-25 16:40:00+00:00,17.0,91.0,11.3,4.2
2023-05-25 16:50:00+00:00,17.0,92.0,11.3,4.2
2023-05-25 17:00:00+00:00,17.0,93.0,11.3,4.2
2023-05-25 17:10:00+00:00,16.934285714285714,93.1,11.29857142857143,4.2
2023-05-25 17:20:00+00:00,16.86857142857143,93.2,11.297142857142857,4.2
2023-05-25 17:30:00+00:00,16.802857142857142,93.3,11.295714285714286,4.2
2023-05-25 17:40:00+00:00,16.737142857142857,93.4,11.294285714285715,4.2
2023-05-25 17:50:00+00:00,16.67142857142857,93.5,11.292857142857143,4.2
2023-05-25 18:00:00+00:00,16.605714285714285,93.6,11.291428571428572,4.2
2023-05-25 18:10:00+00:00,16.54,93.7,11.290000000000001,4.2
2023-05-25 18:20:00+00:00,16.474285714285713,93.8,11.288571428571428,4.2
2023-05-25 18:30:00+00:00,16.408571428571427,93.9,11.287142857142857,4.2
2023-05-25 18:40:00+00:00,16.34285714285714,94.0,11.285714285714286,4.2
2023-05-25 18:50:00+00:00,16.277142857142856,94.1,11.284285714285716,4.2
2023-05-25 19:00:00+00:00,16.21142857142857,94.2,11.282857142857143,4.2
2023-05-25 19:10:00+00:00,16.145714285714284,94.3,11.281428571428572,4.2
2023-05-25 19:20:00+00:00,16.08,94.4,11.280000000000001,4.2
2023-05-25 19:30:00+00:00,16.014285714285716,94.5,11.278571428571428,4.2
2023-05-25 19:40:00+00:00,15.948571428571428,94.6,11.277142857142858,4.2
2023-05-25 19:50:00+00:00,15.882857142857143,94.7,11.275714285714287,4.2
2023-05-25 20:00:00+00:00,15.817142857142857,94.8,11.274285714285714,4.2
2023-05-25 20:10:00+00:00,15.751428571428571,94.9,11.272857142857143,4.2
2023-05-25 20:20:00+00:00,15.685714285714285,95.0,11.271428571428572,4.2
2023-05-25 20:30:00+00:00,15.620000000000001,95.1,11.27,4.2
2023-05-25 20:40:00+00:00,15.554285714285715,95.2,11.268571428571429,4.2
2023-05-25 20:50:00+00:00,15.48857142857143,95.3,11.267142857142858,4.2
2023-05-25 21:00:00+00:00,15.422857142857143,95.4,11.265714285714285,4.2
2023-05-25 21:10:00+00:00,,,,
2023-05-25 21:20:00+00:00,,,,
2023-05-25 21:30:00+00:00,,,,
2023-05-25 21:40:00+00:00,,,,
2023-05-25 21:50:00+00:00,,,,
2023-05-25 22:00:00+00:00,,,,
2023-05-25 22:10:00+00:00,,,,
2023-05-25 22:20:00+00:00,,,,
2023-05-25 22:30:00+00:00,,,,
2023-05-25 22:40:00+00:00,,,,
2023-05-25 22:50:00+00:00,,,,
2023-05-25 23:00:00+00:00,,,,
2023-05-25 23:10:00+00:00,,,,
2023-05-25 23:20:00+00:00,,,,
2023-05-25 23:30:00+00:00,,,,
2023-05-25 23:40:00+00:00,,,,
2023-05-25 23:50:00+00:00,,,,
2023-05-26 00:00:00+00:00,,,,
2023-05-26 00:10:00+00:00,,,,
2023-05-26 00:20:00+00:00,,,,
2023-05-26 00:30:00+00:00,,,,
2023-05-26 00:40:00+00:00,,,,
2023-05-26 00:50:00+00:00,,,,
2023-05-26 01:00:00+00:00,,,,
2023-05-26 01:10:00+00:00,,,,
2023-05-26 01:20:00+00:00,,,,
2023-05-26 01:30:00+00:00,,,,
2023-05-26 01:40:00+00:00,,,,
2023-05-26 01:50:00+00:00,,,,
2023-05-26 02:00:00+00:00,,,,
2023-05-26 02:10:00+00:00,,,,
2023-05-26 02:20:00+00:00,,,,
2023-05-26 02:30:00+00:00,,,,
2023-05-26 02:40:00+00:00,,,,
2023-05-26 02:50:00+00:00,,,,
2023-05-26 03:00:00+00:00,,,,
2023-05-26 03:10:00+00:00,,,,
2023-05-26 03:20:00+00:00,,,,
2023-05-26 03:30:00+00:00,,,,
2023-05-26 03:40:00+00:00,,,,
2023-05-26 03:50:00+00:00,,,,
2023-05-26 04:00:00+00:00,,,,
2023-05-26 04:10:00+00:00,,,,
2023-05-26 04:20:00+00:00,,,,
2023-05-26 04:30:00+00:00,,,,
2023-05-26 04:40:00+00:00,12.4,100.0,11.2,4.2
2023-05-26 04:50:00+00:00,12.3,100.0,11.2,4.2
2023-05-26 05:00:00+00:00,12.4,100.0,11.2,4.2
2023-05-26 05:10:00+00:00,12.5,100.0,11.2,4.2
2023-05-26 05:20:00+00:00,12.6,98.0,11.2,4.2
2023-05-26 05:30:00+00:00,12.601334106728538,97.99825986078886,11.200116009280741,4.2
2023-05-26 05:40:00+00:00,12.602668213457076,97.99651972157773,11.200232018561485,4.2
2023-05-26 05:50:00+00:00,12.604002320185614,97.99477958236659,11.200348027842226,4.2
2023-05-26 06:00:00+00:00,12.605336426914153,97.99303944315545,11.20046403712297,4.2
2023-05-26 06:10:00+00:00,12.60667053364269,97.99129930394432,11.200580046403712,4.2
2023-05-26 06:20:00+00:00,12.60800464037123,97.98955916473318,11.200696055684453,4.2
2023-05-26 06:30:00+00:00,12.609338747099768,97.98781902552204,11.200812064965197,4.2
2023-05-26 06:40:00+00:00,12.610672853828305,97.9860788863109,11.200928074245939,4.2
2023-05-26 06:50:00+00:00,12.612006960556844,97.98433874709977,11.201044083526682,4.2
2023-05-26 07:00:00+00:00,12.613341067285383,97.98259860788863,11.201160092807424,4.2
2023-05-26 07:10:00+00:00,12.614675174013922,97.9808584686775,11.201276102088165,4.2
2023-05-26 07:20:00+00:00,12.616009280742459,97.97911832946636,11.201392111368909,4.2
2023-05-26 07:30:00+00:00,12.617343387470997,97.97737819025522,11.20150812064965,4.2
2023-05-26 07:40:00+00:00,12.618677494199536,97.97563805104409,11.201624129930394,4.2
2023-05-26 07:50:00+00:00,12.620011600928073,97.97389791183295,11.201740139211136,4.2
2023-05-26 08:00:00+00:00,12.621345707656612,97.97215777262181,11.20185614849188,4.2
2023-05-26 08:10:00+00:00,12.622679814385151,97.97041763341068,11.201972157772621,4.2
2023-05-26 08:20:00+00:00,12.624013921113688,97.96867749419954,11.202088167053363,4.2
2023-05-26 08:30:00+00:00,12.625348027842227,97.9669373549884,11.202204176334106,4.2
2023-05-26 08:40:00+00:00,12.626682134570766,97.96519721577727,11.202320185614848,4.2
2023-05-26 08:50:00+00:00,12.628016241299303,97.96345707656613,11.202436194895592,4.2
2023-05-26 09:00:00+00:00,12.629350348027842,97.96171693735499,11.202552204176333,4.2
2023-05-26 09:10:00+00:00,12.63068445475638,97.95997679814386,11.202668213457075,4.2
2023-05-26 09:20:00+00:00,12.632018561484918,97.95823665893272,11.202784222737819,4.2
2023-05-26 09:30:00+00:00,,,,
2023-05-26 09:40:00+00:00,,,,
2023-05-26 09:50:00+00:00,,,,
2023-05-26 10:00:00+00:00,,,,
2023-05-26 10:10:00+00:00,,,,
2023-05-26 10:20:00+00:00,,,,
2023-05-26 10:30:00+00:00,,,,
2023-05-26 10:40:00+00:00,,,,
2023-05-26 10:50:00+00:00,,,,
2023-05-26 11:00:00+00:00,,,,
2023-05-26 11:10:00+00:00,,,,
2023-05-26 11:20:00+00:00,,,,
2023-05-26 11:30:00+00:00,,,,
2023-05-26 11:40:00+00:00,,,,
2023-05-26 11:50:00+00:00,,,,
2023-05-26 12:00:00+00:00,,,,
2023-05-26 12:10:00+00:00,,,,
2023-05-26 12:20:00+00:00,,,,
2023-05-26 12:30:00+00:00,,,,
2023-05-26 12:40:00+00:00,,,,
2023-05-26 12:50:00+00:00,,,,
2023-05-26 13:00:00+00:00,,,,
2023-05-26 13:10:00+00:00,,,,
2023-05-26 13:20:00+00:00,,,,
2023-05-26 13:30:00+00:00,,,,
2023-05-26 13:40:00+00:00,,,,
2023-05-26 13:50:00+00:00,,,,
2023-05-26 14:00:00+00:00,,,,
2023-05-26 14:10:00+00:00,,,,
2023-05-26 14:20:00+00:00,,,,
2023-05-26 14:30:00+00:00,,,,
2023-05-26 14:40:00+00:00,,,,
2023-05-26 14:50:00+00:00,,,,
2023-05-26 15:00:00+00:00,,,,
2023-05-26 15:10:00+00:00,,,,
2023-05-26 15:20:00+00:00,,,,
2023-05-26 15:30:00+00:00,,,,
2023-05-26 15:40:00+00:00,,,,
2023-05-26 15:50:00+00:00,,,,
2023-05-26 16:00:00+00:00,,,,
2023-05-26 16:10:00+00:00,,,,
2023-05-26 16:20:00+00:00,,,,
2023-05-26 16:30:00+00:00,,,,
2023-05-26 16:40:00+00:00,,,,
2023-05-26 16:50:00+00:00,,,,
2023-05-26 17:00:00+00:00,,,,
2023-05-26 17:10:00+00:00,,,,
2023-05-26 17:20:00+00:00,,,,
2023-05-26 17:30:00+00:00,,,,
2023-05-26 17:40:00+00:00,,,,
2023-05-26 17:50:00+00:00,,,,
2023-05-26 18:00:00+00:00,,,,
2023-05-26 18:10:00+00:00,,,,
2023-05-26 18:20:00+00:00,,,,
2023-05-26 18:30:00+00:00,,,,
2023-05-26 18:40:00+00:00,,,,
2023-05-26 18:50:00+00:00,,,,
2023-05-26 19:00:00+00:00,,,,
2023-05-26 19:10:00+00:00,,,,
2023-05-26 19:20:00+00:00,,,,
2023-05-26 19:30:00+00:00,,,,
2023-05-26 19:40:00+00:00,,,,
2023-05-26 19:50:00+00:00,,,,
2023-05-26 20:00:00+00:00,,,,
2023-05-26 20:10:00+00:00,,,,
2023-05-26 20:20:00+00:00,,,,
2023-05-26 20:30:00+00:00,,,,
2023-05-26 20:40:00+00:00,,,,
2023-05-26 20:50:00+00:00,,,,
2023-05-26 21:00:00+00:00,,,,
2023-05-26 21:10:00+00:00,,,,
2023-05-26 21:20:00+00:00,,,,
2023-05-26 21:30:00+00:00,,,,
2023-05-26 21:40:00+00:00,,,,
2023-05-26 21:50:00+00:00,,,,
2023-05-26 22:00:00+00:00,,,,
2023-05-26 22:10:00+00:00,,,,
2023-05-26 22:20:00+00:00,,,,
2023-05-26 22:30:00+00:00,,,,
2023-05-26 22:40:00+00:00,,,,
2023-05-26 22:50:00+00:00,,,,
2023-05-26 23:00:00+00:00,,,,
2023-05-26 23:10:00+00:00,,,,
2023-05-26 23:20:00+00:00,,,,
2023-05-26 23:30:00+00:00,,,,
2023-05-26 23:40:00+00:00,,,,
2023-05-26 23:50:00+00:00,,,,
2023-05-27 00:00:00+00:00,,,,
2023-05-27 00:10:00+00:00,,,,
2023-05-27 00:20:00+00:00,,,,
2023-05-27 00:30:00+00:00,,,,
2023-05-27 00:40:00+00:00,,,,
2023-05-27 00:50:00+00:00,,,,
2023-05-27 01:00:00+00:00,,,,
2023-05-27 01:10:00+00:00,,,,
2023-05-27 01:20:00+00:00,,,,
2023-05-27 01:30:00+00:00,,,,
2023-05-27 01:40:00+00:00,,,,
2023-05-27 01:50:00+00:00,,,,
2023-05-27 02:00:00+00:00,,,,
2023-05-27 02:10:00+00:00,,,,
2023-05-27 02:20:00+00:00,,,,
2023-05-27 02:30:00+00:00,,,,
2023-05-27 02:40:00+00:00,,,,
2023-05-27 02:50:00+00:00,,,,
2023-05-27 03:00:00+00:00,,,,
2023-05-27 03:10:00+00:00,,,,
2023-05-27 03:20:00+00:00,,,,
2023-05-27 03:30:00+00:00,,,,
2023-05-27 03:40:00+00:00,,,,
2023-05-27 03:50:00+00:00,,,,
2023-05-27 04:00:00+00:00,,,,
2023-05-27 04:10:00+00:00,,,,
2023-05-27 04:20:00+00:00,,,,
2023-05-27 04:30:00+00:00,,,,
2023-05-27 04:40:00+00:00,,,,
2023-05-27 04:50:00+00:00,,,,
2023-05-27 05:00:00+00:00,,,,
2023-05-27 05:10:00+00:00,,,,
2023-05-27 05:20:00+00:00,,,,
2023-05-27 05:30:00+00:00,,,,
2023-05-27 05:40:00+00:00,,,,
2023-05-27 05:50:00+00:00,,,,
2023-05-27 06:00:00+00:00,,,,
2023-05-27 06:10:00+00:00,,,,
2023-05-27 06:20:00+00:00,,,,
2023-05-27 06:30:00+00:00,,,,
2023-05-27 06:40:00+00:00,,,,
2023-05-27 06:50:00+00:00,,,,
2023-05-27 07:00:00+00:00,,,,
2023-05-27 07:10:00+00:00,,,,
2023-05-27 07:20:00+00:00,,,,
2023-05-27 07:30:00+00:00,,,,
2023-05-27 07:40:00+00:00,,,,
2023-05-27 07:50:00+00:00,,,,
2023-05-27 08:00:00+00:00,,,,
2023-05-27 08:10:00+00:00,,,,
2023-05-27 08:20:00+00:00,,,,
2023-05-27 08:30:00+00:00,,,,
2023-05-27 08:40:00+00:00,,,,
2023-05-27 08:50:00+00:00,,,,
2023-05-27 09:00:00+00:00,,,,
2023-05-27 09:10:00+00:00,,,,
2023-05-27 09:20:00+00:00,,,,
2023-05-27 09:30:00+00:00,,,,
2023-05-27 09:40:00+00:00,,,,
2023-05-27 09:50:00+00:00,,,,
2023-05-27 10:00:00+00:00,,,,
2023-05-27 10:10:00+00:00,,,,
2023-05-27 10:20:00+00:00,,,,
2023-05-27 10:30:00+00:00,,,,
2023-05-27 10:40:00+00:00,,,,
2023-05-27 10:50:00+00:00,,,,
2023-05-27 11:00:00+00:00,,,,
2023-05-27 11:10:00+00:00,,,,
2023-05-27 11:20:00+00:00,,,,
2023-05-27 11:30:00+00:00,,,,
2023-05-27 11:40:00+00:00,,,,
2023-05-27 11:50:00+00:00,,,,
2023-05-27 12:00:00+00:00,,,,
2023-05-27 12:10:00+00:00,,,,
2023-05-27 12:20:00+00:00,,,,
2023-05-27 12:30:00+00:00,,,,
2023-05-27 12:40:00+00:00,,,,
2023-05-27 12:50:00+00:00,,,,
2023-05-27 13:00:00+00:00,,,,
2023-05-27 13:10:00+00:00,,,,
2023-05-27 13:20:00+00:00,,,,
2023-05-27 13:30:00+00:00,,,,
2023-05-27 13:40:00+00:00,,,,
2023-05-27 13:50:00+00:00,,,,
2023-05-27 14:00:00+00:00,,,,
2023-05-27 14:10:00+00:00,,,,
2023-05-27 14:20:00+00:00,,,,
2023-05-27 14:30:00+00:00,,,,
2023-05-27 14:40:00+00:00,,,,
2023-05-27 14:50:00+00:00,,,,
2023-05-27 15:00:00+00:00,,,,
2023-05-27 15:10:00+00:00,,,,
2023-05-27 15:20:00+00:00,,,,
2023-05-27 15:30:00+00:00,,,,
2023-05-27 15:40:00+00:00,,,,
2023-05-27 15:50:00+00:00,,,,
2023-05-27 16:00:00+00:00,,,,
2023-05-27 16:10:00+00:00,,,,
2023-05-27 16:20:00+00:00,,,,
2023-05-27 16:30:00+00:00,,,,
2023-05-27 16:40:00+00:00,,,,
2023-05-27 16:50:00+00:00,,,,
2023-05-27 17:00:00+00:00,,,,
2023-05-27 17:10:00+00:00,,,,
2023-05-27 17:20:00+00:00,,,,
2023-05-27 17:30:00+00:00,,,,
2023-05-27 17:40:00+00:00,,,,
2023-05-27 17:50:00+00:00,,,,
2023-05-27 18:00:00+00:00,,,,
2023-05-27 18:10:00+00:00,,,,
2023-05-27 18:20:00+00:00,,,,
2023-05-27 18:30:00+00:00,,,,
2023-05-27 18:40:00+00:00,,,,
2023-05-27 18:50:00+00:00,,,,
2023-05-27 19:00:00+00:00,,,,
2023-05-27 19:10:00+00:00,,,,
2023-05-27 19:20:00+00:00,,,,
2023-05-27 19:30:00+00:00,,,,
2023-05-27 19:40:00+00:00,,,,
2023-05-27 19:50:00+00:00,,,,
2023-05-27 20:00:00+00:00,,,,
2023-05-27 20:10:00+00:00,,,,
2023-05-27 20:20:00+00:00,,,,
2023-05-27 20:30:00+00:00,,,,
2023-05-27 20:40:00+00:00,,,,
2023-05-27 20:50:00+00:00,,,,
2023-05-27 21:00:00+00:00,,,,
2023-05-27 21:10:00+00:00,,,,
2023-05-27 21:20:00+00:00,,,,
2023-05-27 21:30:00+00:00,,,,
2023-05-27 21:40:00+00:00,,,,
2023-05-27 21:50:00+00:00,,,,
2023-05-27 22:00:00+00:00,,,,
2023-05-27 22:10:00+00:00,,,,
2023-05-27 22:20:00+00:00,,,,
2023-05-27 22:30:00+00:00,,,,
2023-05-27 22:40:00+00:00,,,,
2023-05-27 22:50:00+00:00,,,,
2023-05-27 23:00:00+00:00,,,,
2023-05-27 23:10:00+00:00,,,,
2023-05-27 23:20:00+00:00,,,,
2023-05-27 23:30:00+00:00,,,,
2023-05-27 23:40:00+00:00,,,,
2023-05-27 23:50:00+00:00,,,,
2023-05-28 00:00:00+00:00,,,,
2023-05-28 00:10:00+00:00,,,,
2023-05-28 00:20:00+00:00,,,,
2023-05-28 00:30:00+00:00,,,,
2023-05-28 00:40:00+00:00,,,,
2023-05-28 00:50:00+00:00,,,,
2023-05-28 01:00:00+00:00,,,,
2023-05-28 01:10:00+00:00,,,,
2023-05-28 01:20:00+00:00,,,,
2023-05-28 01:30:00+00:00,,,,
2023-05-28 01:40:00+00:00,,,,
2023-05-28 01:50:00+00:00,,,,
2023-05-28 02:00:00+00:00,,,,
2023-05-28 02:10:00+00:00,,,,
2023-05-28 02:20:00+00:00,,,,
2023-05-28 02:30:00+00:00,,,,
2023-05-28 02:40:00+00:00,,,,
2023-05-28 02:50:00+00:00,,,,
2023-05-28 03:00:00+00:00,,,,
2023-05-28 03:10:00+00:00,,,,
2023-05-28 03:20:00+00:00,,,,
2023-05-28 03:30:00+00:00,,,,
2023-05-28 03:40:00+00:00,,,,
2023-05-28 03:50:00+00:00,,,,
2023-05-28 04:00:00+00:00,,,,
2023-05-28 04:10:00+00:00,,,,
2023-05-28 04:20:00+00:00,,,,
2023-05-28 04:30:00+00:00,,,,
2023-05-28 04:40:00+00:00,,,,
2023-05-28 04:50:00+00:00,,,,
2023-05-28 05:00:00+00:00,,,,
2023-05-28 05:10:00+00:00,,,,
2023-05-28 05:20:00+00:00,,,,
2023-05-28 05:30:00+00:00,,,,
2023-05-28 05:40:00+00:00,,,,
2023-05-28 05:50:00+00:00,,,,
2023-05-28 06:00:00+00:00,,,,
2023-05-28 06:10:00+00:00,,,,
2023-05-28 06:20:00+00:00,,,,
2023-05-28 06:30:00+00:00,,,,
2023-05-28 06:40:00+00:00,,,,
2023-05-28 06:50:00+00:00,,,,
2023-05-28 07:00:00+00:00,,,,
2023-05-28 07:10:00+00:00,,,,
2023-05-28 07:20:00+00:00,,,,
2023-05-28 07:30:00+00:00,,,,
2023-05-28 07:40:00+00:00,,,,
2023-05-28 07:50:00+00:00,,,,
2023-05-28 08:00:00+00:00,,,,
2023-05-28 08:10:00+00:00,,,,
2023-05-28 08:20:00+00:00,,,,
2023-05-28 08:30:00+00:00,,,,
2023-05-28 08:40:00+00:00,,,,
2023-05-28 08:50:00+00:00,,,,
2023-05-28 09:00:00+00:00,,,,
2023-05-28 09:10:00+00:00,,,,
2023-05-28 09:20:00+00:00,,,,
2023-05-28 09:30:00+00:00,,,,
2023-05-28 09:40:00+00:00,,,,
2023-05-28 09:50:00+00:00,,,,
2023-05-28 10:00:00+00:00,,,,
2023-05-28 10:10:00+00:00,,,,
2023-05-28 10:20:00+00:00,,,,
2023-05-28 10:30:00+00:00,,,,
2023-05-28 10:40:00+00:00,,,,
2023-05-28 10:50:00+00:00,,,,
2023-05-28 11:00:00+00:00,,,,
2023-05-28 11:10:00+00:00,,,,
2023-05-28 11:20:00+00:00,,,,
2023-05-28 11:30:00+00:00,,,,
2023-05-28 11:40:00+00:00,,,,
2023-05-28 11:50:00+00:00,,,,
2023-05-28 12:00:00+00:00,,,,
2023-05-28 12:10:00+00:00,,,,
2023-05-28 12:20:00+00:00,,,,
2023-05-28 12:30:00+00:00,,,,
2023-05-28 12:40:00+00:00,,,,
2023-05-28 12:50:00+00:00,,,,
2023-05-28 13:00:00+00:00,,,,
2023-05-28 13:10:00+00:00,,,,
2023-05-28 13:20:00+00:00,,,,
2023-05-28 13:30:00+00:00,,,,
2023-05-28 13:40:00+00:00,,,,
2023-05-28 13:50:00+00:00,,,,
2023-05-28 14:00:00+00:00,,,,
2023-05-28 14:10:00+00:00,,,,
2023-05-28 14:20:00+00:00,,,,
2023-05-28 14:30:00+00:00,,,,
2023-05-28 14:40:00+00:00,,,,
2023-05-28 14:50:00+00:00,,,,
2023-05-28 15:00:00+00:00,,,,
2023-05-28 15:10:00+00:00,,,,
2023-05-28 15:20:00+00:00,,,,
2023-05-28 15:30:00+00:00,,,,
2023-05-28 15:40:00+00:00,,,,
2023-05-28 15:50:00+00:00,,,,
2023-05-28 16:00:00+00:00,,,,
2023-05-28 16:10:00+00:00,,,,
2023-05-28 16:20:00+00:00,,,,
2023-05-28 16:30:00+00:00,,,,
2023-05-28 16:40:00+00:00,,,,
2023-05-28 16:50:00+00:00,,,,
2023-05-28 17:00:00+00:00,,,,
2023-05-28 17:10:00+00:00,,,,
2023-05-28 17:20:00+00:00,,,,
2023-05-28 17:30:00+00:00,,,,
2023-05-28 17:40:00+00:00,,,,
2023-05-28 17:50:00+00:00,,,,
2023-05-28 18:00:00+00:00,,,,
2023-05-28 18:10:00+00:00,,,,
2023-05-28 18:20:00+00:00,,,,
2023-05-28 18:30:00+00:00,,,,
2023-05-28 18:40:00+00:00,,,,
2023-05-28 18:50:00+00:00,,,,
2023-05-28 19:00:00+00:00,,,,
2023-05-28 19:10:00+00:00,,,,
2023-05-28 19:20:00+00:00,,,,
2023-05-28 19:30:00+00:00,,,,
2023-05-28 19:40:00+00:00,,,,
2023-05-28 19:50:00+00:00,,,,
2023-05-28 20:00:00+00:00,,,,
2023-05-28 20:10:00+00:00,,,,
2023-05-28 20:20:00+00:00,,,,
2023-05-28 20:30:00+00:00,,,,
2023-05-28 20:40:00+00:00,,,,
2023-05-28 20:50:00+00:00,,,,
2023-05-28 21:00:00+00:00,,,,
2023-05-28 21:10:00+00:00,,,,
2023-05-28 21:20:00+00:00,,,,
2023-05-28 21:30:00+00:00,,,,
2023-05-28 21:40:00+00:00,,,,
2023-05-28 21:50:00+00:00,,,,
2023-05-28 22:00:00+00:00,,,,
2023-05-28 22:10:00+00:00,,,,
2023-05-28 22:20:00+00:00,,,,
2023-05-28 22:30:00+00:00,,,,
2023-05-28 22:40:00+00:00,,,,
2023-05-28 22:50:00+00:00,,,,
2023-05-28 23:00:00+00:00,,,,
2023-05-28 23:10:00+00:00,,,,
2023-05-28 23:20:00+00:00,,,,
2023-05-28 23:30:00+00:00,,,,
2023-05-28 23:40:00+00:00,,,,
2023-05-28 23:50:00+00:00,,,,
2023-05-29 00:00:00+00:00,,,,
2023-05-29 00:10:00+00:00,,,,
2023-05-29 00:20:00+00:00,,,,
2023-05-29 00:30:00+00:00,,,,
2023-05-29 00:40:00+00:00,,,,
2023-05-29 00:50:00+00:00,,,,
2023-05-29 01:00:00+00:00,,,,
2023-05-29 01:10:00+00:00,,,,
2023-05-29 01:20:00+00:00,,,,
2023-05-29 01:30:00+00:00,,,,
2023-05-29 01:40:00+00:00,,,,
2023-05-29 01:50:00+00:00,,,,
2023-05-29 02:00:00+00:00,,,,
2023-05-29 02:10:00+00:00,,,,
2023-05-29 02:20:00+00:00,,,,
2023-05-29 02:30:00+00:00,,,,
2023-05-29 02:40:00+00:00,,,,
2023-05-29 02:50:00+00:00,,,,
2023-05-29 03:00:00+00:00,,,,
2023-05-29 03:10:00+00:00,,,,
2023-05-29 03:20:00+00:00,,,,
2023-05-29 03:30:00+00:00,,,,
2023-05-29 03:40:00+00:00,,,,
2023-05-29 03:50:00+00:00,,,,
2023-05-29 04:00:00+00:00,,,,
2023-05-29 04:10:00+00:00,,,,
2023-05-29 04:20:00+00:00,,,,
2023-05-29 04:30:00+00:00,,,,
2023-05-29 04:40:00+00:00,,,,
2023-05-29 04:50:00+00:00,,,,
2023-05-29 05:00:00+00:00,,,,
2023-05-29 05:10:00+00:00,,,,
2023-05-29 05:20:00+00:00,,,,
2023-05-29 05:30:00+00:00,,,,
2023-05-29 05:40:00+00:00,,,,
2023-05-29 05:50:00+00:00,,,,
2023-05-29 06:00:00+00:00,,,,
2023-05-29 06:10:00+00:00,,,,
2023-05-29 06:20:00+00:00,,,,
2023-05-29 06:30:00+00:00,,,,
2023-05-29 06:40:00+00:00,,,,
2023-05-29 06:50:00+00:00,,,,
2023-05-29 07:00:00+00:00,,,,
2023-05-29 07:10:00+00:00,,,,
2023-05-29 07:20:00+00:00,,,,
2023-05-29 07:30:00+00:00,,,,
2023-05-29 07:40:00+00:00,,,,
2023-05-29 07:50:00+00:00,,,,
2023-05-29 08:00:00+00:00,,,,
2023-05-29 08:10:00+00:00,,,,
2023-05-29 08:20:00+00:00,,,,
2023-05-29 08:30:00+00:00,,,,
2023-05-29 08:40:00+00:00,,,,
2023-05-29 08:50:00+00:00,,,,
2023-05-29 09:00:00+00:00,,,,
2023-05-29 09:10:00+00:00,,,,
2023-05-29 09:20:00+00:00,,,,
2023-05-29 09:30:00+00:00,,,,
2023-05-29 09:40:00+00:00,,,,
2023-05-29 09:50:00+00:00,,,,
2023-05-29 10:00:00+00:00,,,,
2023-05-29 10:10:00+00:00,,,,
2023-05-29 10:20:00+00:00,,,,
2023-05-29 10:30:00+00:00,,,,
2023-05-29 10:40:00+00:00,,,,
2023-05-29 10:50:00+00:00,,,,
2023-05-29 11:00:00+00:00,,,,
2023-05-29 11:10:00+00:00,,,,
2023-05-29 11:20:00+00:00,,,,
2023-05-29 11:30:00+00:00,,,,
2023-05-29 11:40:00+00:00,,,,
2023-05-29 11:50:00+00:00,,,,
2023-05-29 12:00:00+00:00,,,,
2023-05-29 12:10:00+00:00,,,,
2023-05-29 12:20:00+00:00,,,,
2023-05-29 12:30:00+00:00,,,,
2023-05-29 12:40:00+00:00,,,,
2023-05-29 12:50:00+00:00,,,,
2023-05-29 13:00:00+00:00,,,,
2023-05-29 13:10:00+00:00,,,,
2023-05-29 13:20:00+00:00,,,,
2023-05-29 13:30:00+00:00,,,,
2023-05-29 13:40:00+00:00,,,,
2023-05-29 13:50:00+00:00,,,,
2023-05-29 14:00:00+00:00,,,,
2023-05-29 14:10:00+00:00,,,,
2023-05-29 14:20:00+00:00,,,,
2023-05-29 14:30:00+00:00,,,,
2023-05-29 14:40:00+00:00,,,,
2023-05-29 14:50:00+00:00,,,,
2023-05-29 15:00:00+00:00,,,,
2023-05-29 15:10:00+00:00,,,,
2023-05-29 15:20:00+00:00,,,,
2023-05-29 15:30:00+00:00,,,,
2023-05-29 15:40:00+00:00,,,,
2023-05-29 15:50:00+00:00,,,,
2023-05-29 16:00:00+00:00,,,,
2023-05-29 16:10:00+00:00,,,,
2023-05-29 16:20:00+00:00,,,,
2023-05-29 16:30:00+00:00,,,,
2023-05-29 16:40:00+00:00,,,,
2023-05-29 16:50:00+00:00,,,,
2023-05-29 17:00:00+00:00,,,,
2023-05-29 17:10:00+00:00,,,,
2023-05-29 17:20:00+00:00,,,,
2023-05-29 17:30:00+00:00,,,,
2023-05-29 17:40:00+00:00,,,,
2023-05-29 17:50:00+00:00,,,,
2023-05-29 18:00:00+00:00,,,,
2023-05-29 18:10:00+00:00,,,,
2023-05-29 18:20:00+00:00,,,,
2023-05-29 18:30:00+00:00,,,,
2023-05-29 18:40:00+00:00,,,,
2023-05-29 18:50:00+00:00,,,,
2023-05-29 19:00:00+00:00,,,,
2023-05-29 19:10:00+00:00,,,,
2023-05-29 19:20:00+00:00,,,,
2023-05-29 19:30:00+00:00,,,,
2023-05-29 19:40:00+00:00,,,,
2023-05-29 19:50:00+00:00,,,,
2023-05-29 20:00:00+00:00,,,,
2023-05-29 20:10:00+00:00,,,,
2023-05-29 20:20:00+00:00,,,,
2023-05-29 20:30:00+00:00,,,,
2023-05-29 20:40:00+00:00,,,,
2023-05-29 20:50:00+00:00,,,,
2023-05-29 21:00:00+00:00,,,,
2023-05-29 21:10:00+00:00,,,,
2023-05-29 21:20:00+00:00,,,,
2023-05-29 21:30:00+00:00,,,,
2023-05-29 21:40:00+00:00,,,,
2023-05-29 21:50:00+00:00,,,,
2023-05-29 22:00:00+00:00,,,,
2023-05-29 22:10:00+00:00,,,,
2023-05-29 22:20:00+00:00,,,,
2023-05-29 22:30:00+00:00,,,,
2023-05-29 22:40:00+00:00,,,,
2023-05-29 22:50:00+00:00,,,,
2023-05-29 23:00:00+00:00,,,,
2023-05-29 23:10:00+00:00,,,,
2023-05-29 23:20:00+00:00,,,,
2023-05-29 23:30:00+00:00,,,,
2023-05-29 23:40:00+00:00,,,,
2023-05-29 23:50:00+00:00,,,,
2023-05-30 00:00:00+00:00,,,,
2023-05-30 00:10:00+00:00,,,,
2023-05-30 00:20:00+00:00,,,,
2023-05-30 00:30:00+00:00,,,,
2023-05-30 00:40:00+00:00,,,,
2023-05-30 00:50:00+00:00,,,,
2023-05-30 01:00:00+00:00,,,,
2023-05-30 01:10:00+00:00,,,,
2023-05-30 01:20:00+00:00,,,,
2023-05-30 01:30:00+00:00,,,,
2023-05-30 01:40:00+00:00,,,,
2023-05-30 01:50:00+00:00,,,,
2023-05-30 02:00:00+00:00,,,,
2023-05-30 02:10:00+00:00,,,,
2023-05-30 02:20:00+00:00,,,,
2023-05-30 02:30:00+00:00,,,,
2023-05-30 02:40:00+00:00,,,,
2023-05-30 02:50:00+00:00,,,,
2023-05-30 03:00:00+00:00,,,,
2023-05-30 03:10:00+00:00,,,,
2023-05-30 03:20:00+00:00,,,,
2023-05-30 03:30:00+00:00,,,,
2023-05-30 03:40:00+00:00,,,,
2023-05-30 03:50:00+00:00,,,,
2023-05-30 04:00:00+00:00,,,,
2023-05-30 04:10:00+00:00,,,,
2023-05-30 04:20:00+00:00,,,,
2023-05-30 04:30:00+00:00,,,,
2023-05-30 04:40:00+00:00,,,,
2023-05-30 04:50:00+00:00,,,,
2023-05-30 05:00:00+00:00,,,,
2023-05-30 05:10:00+00:00,,,,
2023-05-30 05:20:00+00:00,,,,
2023-05-30 05:30:00+00:00,,,,
2023-05-30 05:40:00+00:00,,,,
2023-05-30 05:50:00+00:00,,,,
2023-05-30 06:00:00+00:00,,,,
2023-05-30 06:10:00+00:00,,,,
2023-05-30 06:20:00+00:00,,,,
2023-05-30 06:30:00+00:00,,,,
2023-05-30 06:40:00+00:00,,,,
2023-05-30 06:50:00+00:00,,,,
2023-05-30 07:00:00+00:00,,,,
2023-05-30 07:10:00+00:00,,,,
2023-05-30 07:20:00+00:00,,,,
2023-05-30 07:30:00+00:00,,,,
2023-05-30 07:40:00+00:00,,,,
2023-05-30 07:50:00+00:00,,,,
2023-05-30 08:00:00+00:00,,,,
2023-05-30 08:10:00+00:00,,,,
2023-05-30 08:20:00+00:00,,,,
2023-05-30 08:30:00+00:00,,,,
2023-05-30 08:40:00+00:00,,,,
2023-05-30 08:50:00+00:00,,,,
2023-05-30 09:00:00+00:00,,,,
2023-05-30 09:10:00+00:00,,,,
2023-05-30 09:20:00+00:00,,,,
2023-05-30 09:30:00+00:00,,,,
2023-05-30 09:40:00+00:00,,,,
2023-05-30 09:50:00+00:00,,,,
2023-05-30 10:00:00+00:00,,,,
2023-05-30 10:10:00+00:00,,,,
2023-05-30 10:20:00+00:00,,,,
2023-05-30 10:30:00+00:00,,,,
2023-05-30 10:40:00+00:00,,,,
2023-05-30 10:50:00+00:00,,,,
2023-05-30 11:00:00+00:00,,,,
2023-05-30 11:10:00+00:00,,,,
2023-05-30 11:20:00+00:00,,,,
2023-05-30 11:30:00+00:00,,,,
2023-05-30 11:40:00+00:00,,,,
2023-05-30 11:50:00+00:00,,,,
2023-05-30 12:00:00+00:00,,,,
2023-05-30 12:10:00+00:00,,,,
2023-05-30 12:20:00+00:00,,,,
2023-05-30 12:30:00+00:00,,,,
2023-05-30 12:40:00+00:00,,,,
2023-05-30 12:50:00+00:00,,,,
2023-05-30 13:00:00+00:00,,,,
2023-05-30 13:10:00+00:00,,,,
2023-05-30 13:20:00+00:00,,,,
2023-05-30 13:30:00+00:00,,,,
2023-05-30 13:40:00+00:00,,,,
2023-05-30 13:50:00+00:00,,,,
2023-05-30 14:00:00+00:00,,,,
2023-05-30 14:10:00+00:00,,,,
2023-05-30 14:20:00+00:00,,,,
2023-05-30 14:30:00+00:00,,,,
2023-05-30 14:40:00+00:00,,,,
2023-05-30 14:50:00+00:00,,,,
2023-05-30 15:00:00+00:00,,,,
2023-05-30 15:10:00+00:00,,,,
2023-05-30 15:20:00+00:00,,,,
2023-05-30 15:30:00+00:00,,,,
2023-05-30 15:40:00+00:00,,,,
2023-05-30 15:50:00+00:00,,,,
2023-05-30 16:00:00+00:00,,,,
2023-05-30 16:10:00+00:00,,,,
2023-05-30 16:20:00+00:00,,,,
2023-05-30 16:30:00+00:00,,,,
2023-05-30 16:40:00+00:00,,,,
2023-05-30 16:50:00+00:00,,,,
2023-05-30 17:00:00+00:00,,,,
2023-05-30 17:10:00+00:00,,,,
2023-05-30 17:20:00+00:00,,,,
2023-05-30 17:30:00+00:00,,,,
2023-05-30 17:40:00+00:00,,,,
2023-05-30 17:50:00+00:00,,,,
2023-05-30 18:00:00+00:00,,,,
2023-05-30 18:10:00+00:00,,,,
2023-05-30 18:20:00+00:00,,,,
2023-05-30 18:30:00+00:00,,,,
2023-05-30 18:40:00+00:00,,,,
2023-05-30 18:50:00+00:00,,,,
2023-05-30 19:00:00+00:00,,,,
2023-05-30 19:10:00+00:00,,,,
2023-05-30 19:20:00+00:00,,,,
2023-05-30 19:30:00+00:00,,,,
2023-05-30 19:40:00+00:00,,,,
2023-05-30 19:50:00+00:00,,,,
2023-05-30 20:00:00+00:00,,,,
2023-05-30 20:10:00+00:00,,,,
2023-05-30 20:20:00+00:00,,,,
2023-05-30 20:30:00+00:00,,,,
2023-05-30 20:40:00+00:00,,,,
2023-05-30 20:50:00+00:00,,,,
2023-05-30 21:00:00+00:00,,,,
2023-05-30 21:10:00+00:00,,,,
2023-05-30 21:20:00+00:00,,,,
2023-05-30 21:30:00+00:00,,,,
2023-05-30 21:40:00+00:00,,,,
2023-05-30 21:50:00+00:00,,,,
2023-05-30 22:00:00+00:00,,,,
2023-05-30 22:10:00+00:00,,,,
2023-05-30 22:20:00+00:00,,,,
2023-05-30 22:30:00+00:00,,,,
2023-05-30 22:40:00+00:00,,,,
2023-05-30 22:50:00+00:00,,,,
2023-05-30 23:00:00+00:00,,,,
2023-05-30 23:10:00+00:00,,,,
2023-05-30 23:20:00+00:00,,,,
2023-05-30 23:30:00+00:00,,,,
2023-05-30 23:40:00+00:00,,,,
2023-05-30 23:50:00+00:00,,,,
2023-05-31 00:00:00+00:00,,,,
2023-05-31 00:10:00+00:00,,,,
2023-05-31 00:20:00+00:00,,,,
2023-05-31 00:30:00+00:00,,,,
2023-05-31 00:40:00+00:00,,,,
2023-05-31 00:50:00+00:00,,,,
2023-05-31 01:00:00+00:00,,,,
2023-05-31 01:10:00+00:00,,,,
2023-05-31 01:20:00+00:00,,,,
2023-05-31 01:30:00+00:00,,,,
2023-05-31 01:40:00+00:00,,,,
2023-05-31 01:50:00+00:00,,,,
2023-05-31 02:00:00+00:00,,,,
2023-05-31 02:10:00+00:00,,,,
2023-05-31 02:20:00+00:00,,,,
2023-05-31 02:30:00+00:00,,,,
2023-05-31 02:40:00+00:00,,,,
2023-05-31 02:50:00+00:00,,,,
2023-05-31 03:00:00+00:00,,,,
2023-05-31 03:10:00+00:00,,,,
2023-05-31 03:20:00+00:00,,,,
2023-05-31 03:30:00+00:00,,,,
2023-05-31 03:40:00+00:00,,,,
2023-05-31 03:50:00+00:00,,,,
2023-05-31 04:00:00+00:00,,,,
2023-05-31 04:10:00+00:00,,,,
2023-05-31 04:20:00+00:00,,,,
2023-05-31 04:30:00+00:00,,,,
2023-05-31 04:40:00+00:00,,,,
2023-05-31 04:50:00+00:00,,,,
2023-05-31 05:00:00+00:00,,,,
2023-05-31 05:10:00+00:00,,,,
2023-05-31 05:20:00+00:00,,,,
2023-05-31 05:30:00+00:00,,,,
2023-05-31 05:40:00+00:00,,,,
2023-05-31 05:50:00+00:00,,,,
2023-05-31 06:00:00+00:00,,,,
2023-05-31 06:10:00+00:00,,,,
2023-05-31 06:20:00+00:00,,,,
2023-05-31 06:30:00+00:00,,,,
2023-05-31 06:40:00+00:00,,,,
2023-05-31 06:50:00+00:00,,,,
2023-05-31 07:00:00+00:00,,,,
2023-05-31 07:10:00+00:00,,,,
2023-05-31 07:20:00+00:00,,,,
2023-05-31 07:30:00+00:00,,,,
2023-05-31 07:40:00+00:00,,,,
2023-05-31 07:50:00+00:00,,,,
2023-05-31 08:00:00+00:00,,,,
2023-05-31 08:10:00+00:00,,,,
2023-05-31 08:20:00+00:00,,,,
2023-05-31 08:30:00+00:00,,,,
2023-05-31 08:40:00+00:00,,,,
2023-05-31 08:50:00+00:00,,,,
2023-05-31 09:00:00+00:00,,,,
2023-05-31 09:10:00+00:00,,,,
2023-05-31 09:20:00+00:00,,,,
2023-05-31 09:30:00+00:00,,,,
2023-05-31 09:40:00+00:00,,,,
2023-05-31 09:50:00+00:00,,,,
2023-05-31 10:00:00+00:00,,,,
2023-05-31 10:10:00+00:00,,,,
2023-05-31 10:20:00+00:00,,,,
2023-05-31 10:30:00+00:00,,,,
2023-05-31 10:40:00+00:00,,,,
2023-05-31 10:50:00+00:00,,,,
2023-05-31 11:00:00+00:00,,,,
2023-05-31 11:10:00+00:00,,,,
2023-05-31 11:20:00+00:00,,,,
2023-05-31 11:30:00+00:00,,,,
2023-05-31 11:40:00+00:00,,,,
2023-05-31 11:50:00+00:00,,,,
2023-05-31 12:00:00+00:00,,,,
2023-05-31 12:10:00+00:00,,,,
2023-05-31 12:20:00+00:00,,,,
2023-05-31 12:30:00+00:00,,,,
2023-05-31 12:40:00+00:00,,,,
2023-05-31 12:50:00+00:00,,,,
2023-05-31 13:00:00+00:00,,,,
2023-05-31 13:10:00+00:00,,,,
2023-05-31 13:20:00+00:00,,,,
2023-05-31 13:30:00+00:00,,,,
2023-05-31 13:40:00+00:00,,,,
2023-05-31 13:50:00+00:00,,,,
2023-05-31 14:00:00+00:00,,,,
2023-05-31 14:10:00+00:00,,,,
2023-05-31 14:20:00+00:00,,,,
2023-05-31 14:30:00+00:00,,,,
2023-05-31 14:40:00+00:00,,,,
2023-05-31 14:50:00+00:00,,,,
2023-05-31 15:00:00+00:00,,,,
2023-05-31 15:10:00+00:00,,,,
2023-05-31 15:20:00+00:00,,,,
2023-05-31 15:30:00+00:00,,,,
2023-05-31 15:40:00+00:00,,,,
2023-05-31 15:50:00+00:00,,,,
2023-05-31 16:00:00+00:00,,,,
2023-05-31 16:10:00+00:00,,,,
2023-05-31 16:20:00+00:00,,,,
2023-05-31 16:30:00+00:00,,,,
2023-05-31 16:40:00+00:00,,,,
2023-05-31 16:50:00+00:00,,,,
2023-05-31 17:00:00+00:00,,,,
2023-05-31 17:10:00+00:00,,,,
2023-05-31 17:20:00+00:00,,,,
2023-05-31 17:30:00+00:00,,,,
2023-05-31 17:40:00+00:00,,,,
2023-05-31 17:50:00+00:00,,,,
2023-05-31 18:00:00+00:00,,,,
2023-05-31 18:10:00+00:00,,,,
2023-05-31 18:20:00+00:00,,,,
2023-05-31 18:30:00+00:00,,,,
2023-05-31 18:40:00+00:00,,,,
2023-05-31 18:50:00+00:00,,,,
2023-05-31 19:00:00+00:00,,,,
2023-05-31 19:10:00+00:00,,,,
2023-05-31 19:20:00+00:00,,,,
2023-05-31 19:30:00+00:00,,,,
2023-05-31 19:40:00+00:00,,,,
2023-05-31 19:50:00+00:00,,,,
2023-05-31 20:00:00+00:00,,,,
2023-05-31 20:10:00+00:00,,,,
2023-05-31 20:20:00+00:00,,,,
2023-05-31 20:30:00+00:00,,,,
2023-05-31 20:40:00+00:00,,,,
2023-05-31 20:50:00+00:00,,,,
2023-05-31 21:00:00+00:00,,,,
2023-05-31 21:10:00+00:00,,,,
2023-05-31 21:20:00+00:00,,,,
2023-05-31 21:30:00+00:00,,,,
2023-05-31 21:40:00+00:00,,,,
2023-05-31 21:50:00+00:00,,,,
2023-05-31 22:00:00+00:00,,,,
2023-05-31 22:10:00+00:00,,,,
2023-05-31 22:20:00+00:00,,,,
2023-05-31 22:30:00+00:00,,,,
2023-05-31 22:40:00+00:00,,,,
2023-05-31 22:50:00+00:00,,,,
2023-05-31 23:00:00+00:00,,,,
2023-05-31 23:10:00+00:00,,,,
2023-05-31 23:20:00+00:00,,,,
2023-05-31 23:30:00+00:00,,,,
2023-05-31 23:40:00+00:00,,,,
2023-05-31 23:50:00+00:00,,,,
2023-06-01 00:00:00+00:00,,,,
2023-06-01 00:10:00+00:00,,,,
2023-06-01 00:20:00+00:00,,,,
2023-06-01 00:30:00+00:00,,,,
2023-06-01 00:40:00+00:00,,,,
2023-06-01 00:50:00+00:00,,,,
2023-06-01 01:00:00+00:00,,,,
2023-06-01 01:10:00+00:00,,,,
2023-06-01 01:20:00+00:00,,,,
2023-06-01 01:30:00+00:00,,,,
2023-06-01 01:40:00+00:00,,,,
2023-06-01 01:50:00+00:00,,,,
2023-06-01 02:00:00+00:00,,,,
2023-06-01 02:10:00+00:00,,,,
2023-06-01 02:20:00+00:00,,,,
2023-06-01 02:30:00+00:00,,,,
2023-06-01 02:40:00+00:00,,,,
2023-06-01 02:50:00+00:00,,,,
2023-06-01 03:00:00+00:00,,,,
2023-06-01 03:10:00+00:00,,,,
2023-06-01 03:20:00+00:00,,,,
2023-06-01 03:30:00+00:00,,,,
2023-06-01 03:40:00+00:00,,,,
2023-06-01 03:50:00+00:00,,,,
2023-06-01 04:00:00+00:00,,,,
2023-06-01 04:10:00+00:00,,,,
2023-06-01 04:20:00+00:00,,,,
2023-06-01 04:30:00+00:00,,,,
2023-06-01 04:40:00+00:00,,,,
2023-06-01 04:50:00+00:00,,,,
2023-06-01 05:00:00+00:00,,,,
2023-06-01 05:10:00+00:00,,,,
2023-06-01 05:20:00+00:00,,,,
2023-06-01 05:30:00+00:00,,,,
2023-06-01 05:40:00+00:00,,,,
2023-06-01 05:50:00+00:00,,,,
2023-06-01 06:00:00+00:00,,,,
2023-06-01 06:10:00+00:00,,,,
2023-06-01 06:20:00+00:00,,,,
2023-06-01 06:30:00+00:00,,,,
2023-06-01 06:40:00+00:00,,,,
2023-06-01 06:50:00+00:00,,,,
2023-06-01 07:00:00+00:00,,,,
2023-06-01 07:10:00+00:00,,,,
2023-06-01 07:20:00+00:00,,,,
2023-06-01 07:30:00+00:00,,,,
2023-06-01 07:40:00+00:00,,,,
2023-06-01 07:50:00+00:00,,,,
2023-06-01 08:00:00+00:00,,,,
2023-06-01 08:10:00+00:00,,,,
2023-06-01 08:20:00+00:00,,,,
2023-06-01 08:30:00+00:00,,,,
2023-06-01 08:40:00+00:00,,,,
2023-06-01 08:50:00+00:00,,,,
2023-06-01 09:00:00+00:00,,,,
2023-06-01 09:10:00+00:00,,,,
2023-06-01 09:20:00+00:00,,,,
2023-06-01 09:30:00+00:00,,,,
2023-06-01 09:40:00+00:00,,,,
2023-06-01 09:50:00+00:00,,,,
2023-06-01 10:00:00+00:00,,,,
2023-06-01 10:10:00+00:00,,,,
2023-06-01 10:20:00+00:00,,,,
2023-06-01 10:30:00+00:00,,,,
2023-06-01 10:40:00+00:00,,,,
2023-06-01 10:50:00+00:00,,,,
2023-06-01 11:00:00+00:00,,,,
2023-06-01 11:10:00+00:00,,,,
2023-06-01 11:20:00+00:00,,,,
2023-06-01 11:30:00+00:00,,,,
2023-06-01 11:40:00+00:00,,,,
2023-06-01 11:50:00+00:00,,,,
2023-06-01 12:00:00+00:00,,,,
2023-06-01 12:10:00+00:00,,,,
2023-06-01 12:20:00+00:00,,,,
2023-06-01 12:30:00+00:00,,,,
2023-06-01 12:40:00+00:00,,,,
2023-06-01 12:50:00+00:00,,,,
2023-06-01 13:00:00+00:00,,,,
2023-06-01 13:10:00+00:00,,,,
2023-06-01 13:20:00+00:00,,,,
2023-06-01 13:30:00+00:00,,,,
2023-06-01 13:40:00+00:00,,,,
2023-06-01 13:50:00+00:00,,,,
2023-06-01 14:00:00+00:00,,,,
2023-06-01 14:10:00+00:00,,,,
2023-06-01 14:20:00+00:00,,,,
2023-06-01 14:30:00+00:00,,,,
2023-06-01 14:40:00+00:00,,,,
2023-06-01 14:50:00+00:00,,,,
2023-06-01 15:00:00+00:00,,,,
2023-06-01 15:10:00+00:00,,,,
2023-06-01 15:20:00+00:00,,,,
2023-06-01 15:30:00+00:00,,,,
2023-06-01 15:40:00+00:00,,,,
2023-06-01 15:50:00+00:00,,,,
2023-06-01 16:00:00+00:00,,,,
2023-06-01 16:10:00+00:00,,,,
2023-06-01 16:20:00+00:00,,,,
2023-06-01 16:30:00+00:00,,,,
2023-06-01 16:40:00+00:00,,,,
2023-06-01 16:50:00+00:00,,,,
2023-06-01 17:00:00+00:00,,,,
2023-06-01 17:10:00+00:00,,,,
2023-06-01 17:20:00+00:00,,,,
2023-06-01 17:30:00+00:00,,,,
2023-06-01 17:40:00+00:00,,,,
2023-06-01 17:50:00+00:00,,,,
2023-06-01 18:00:00+00:00,,,,
2023-06-01 18:10:00+00:00,,,,
2023-06-01 18:20:00+00:00,,,,
2023-06-01 18:30:00+00:00,,,,
2023-06-01 18:40:00+00:00,,,,
2023-06-01 18:50:00+00:00,,,,
2023-06-01 19:00:00+00:00,,,,
2023-06-01 19:10:00+00:00,,,,
2023-06-01 19:20:00+00:00,,,,
2023-06-01 19:30:00+00:00,,,,
2023-06-01 19:40:00+00:00,,,,
2023-06-01 19:50:00+00:00,,,,
2023-06-01 20:00:00+00:00,,,,
2023-06-01 20:10:00+00:00,,,,
2023-06-01 20:20:00+00:00,,,,
2023-06-01 20:30:00+00:00,,,,
2023-06-01 20:40:00+00:00,,,,
2023-06-01 20:50:00+00:00,,,,
2023-06-01 21:00:00+00:00,,,,
2023-06-01 21:10:00+00:00,,,,
2023-06-01 21:20:00+00:00,,,,
2023-06-01 21:30:00+00:00,,,,
2023-06-01 21:40:00+00:00,,,,
2023-06-01 21:50:00+00:00,,,,
2023-06-01 22:00:00+00:00,,,,
2023-06-01 22:10:00+00:00,,,,
2023-06-01 22:20:00+00:00,,,,
2023-06-01 22:30:00+00:00,,,,
2023-06-01 22:40:00+00:00,,,,
2023-06-01 22:50:00+00:00,,,,
2023-06-01 23:00:00+00:00,,,,
2023-06-01 23:10:00+00:00,,,,
2023-06-01 23:20:00+00:00,,,,
2023-06-01 23:30:00+00:00,,,,
2023-06-01 23:40:00+00:00,,,,
2023-06-01 23:50:00+00:00,,,,
2023-06-02 00:00:00+00:00,,,,
2023-06-02 00:10:00+00:00,,,,
2023-06-02 00:20:00+00:00,,,,
2023-06-02 00:30:00+00:00,,,,
2023-06-02 00:40:00+00:00,,,,
2023-06-02 00:50:00+00:00,,,,
2023-06-02 01:00:00+00:00,,,,
2023-06-02 01:10:00+00:00,,,,
2023-06-02 01:20:00+00:00,,,,
2023-06-02 01:30:00+00:00,,,,
2023-06-02 01:40:00+00:00,,,,
2023-06-02 01:50:00+00:00,,,,
2023-06-02 02:00:00+00:00,,,,
2023-06-02 02:10:00+00:00,,,,
2023-06-02 02:20:00+00:00,,,,
2023-06-02 02:30:00+00:00,,,,
2023-06-02 02:40:00+00:00,,,,
2023-06-02 02:50:00+00:00,,,,
2023-06-02 03:00:00+00:00,,,,
2023-06-02 03:10:00+00:00,,,,
2023-06-02 03:20:00+00:00,,,,
2023-06-02 03:30:00+00:00,,,,
2023-06-02 03:40:00+00:00,,,,
2023-06-02 03:50:00+00:00,,,,
2023-06-02 04:00:00+00:00,,,,
2023-06-02 04:10:00+00:00,,,,
2023-06-02 04:20:00+00:00,,,,
2023-06-02 04:30:00+00:00,,,,
2023-06-02 04:40:00+00:00,,,,
2023-06-02 04:50:00+00:00,,,,
2023-06-02 05:00:00+00:00,,,,
2023-06-02 05:10:00+00:00,,,,
2023-06-02 05:20:00+00:00,,,,
2023-06-02 05:30:00+00:00,,,,
2023-06-02 05:40:00+00:00,,,,
2023-06-02 05:50:00+00:00,,,,
2023-06-02 06:00:00+00:00,,,,
2023-06-02 06:10:00+00:00,,,,
2023-06-02 06:20:00+00:00,,,,
2023-06-02 06:30:00+00:00,,,,
2023-06-02 06:40:00+00:00,,,,
2023-06-02 06:50:00+00:00,,,,
2023-06-02 07:00:00+00:00,,,,
2023-06-02 07:10:00+00:00,,,,
2023-06-02 07:20:00+00:00,,,,
2023-06-02 07:30:00+00:00,,,,
2023-06-02 07:40:00+00:00,,,,
2023-06-02 07:50:00+00:00,,,,
2023-06-02 08:00:00+00:00,,,,
2023-06-02 08:10:00+00:00,,,,
2023-06-02 08:20:00+00:00,,,,
2023-06-02 08:30:00+00:00,,,,
2023-06-02 08:40:00+00:00,,,,
2023-06-02 08:50:00+00:00,,,,
2023-06-02 09:00:00+00:00,,,,
2023-06-02 09:10:00+00:00,,,,
2023-06-02 09:20:00+00:00,,,,
2023-06-02 09:30:00+00:00,,,,
2023-06-02 09:40:00+00:00,,,,
2023-06-02 09:50:00+00:00,,,,
2023-06-02 10:00:00+00:00,,,,
2023-06-02 10:10:00+00:00,,,,
2023-06-02 10:20:00+00:00,,,,
2023-06-02 10:30:00+00:00,,,,
2023-06-02 10:40:00+00:00,,,,
2023-06-02 10:50:00+00:00,,,,
2023-06-02 11:00:00+00:00,,,,
2023-06-02 11:10:00+00:00,,,,
2023-06-02 11:20:00+00:00,,,,
2023-06-02 11:30:00+00:00,,,,
2023-06-02 11:40:00+00:00,,,,
2023-06-02 11:50:00+00:00,,,,
2023-06-02 12:00:00+00:00,,,,
2023-06-02 12:10:00+00:00,,,,
2023-06-02 12:20:00+00:00,,,,
2023-06-02 12:30:00+00:00,,,,
2023-06-02 12:40:00+00:00,,,,
2023-06-02 12:50:00+00:00,,,,
2023-06-02 13:00:00+00:00,,,,
2023-06-02 13:10:00+00:00,,,,
2023-06-02 13:20:00+00:00,,,,
2023-06-02 13:30:00+00:00,,,,
2023-06-02 13:40:00+00:00,,,,
2023-06-02 13:50:00+00:00,,,,
2023-06-02 14:00:00+00:00,,,,
2023-06-02 14:10:00+00:00,,,,
2023-06-02 14:20:00+00:00,,,,
2023-06-02 14:30:00+00:00,,,,
2023-06-02 14:40:00+00:00,,,,
2023-06-02 14:50:00+00:00,,,,
2023-06-02 15:00:00+00:00,,,,
2023-06-02 15:10:00+00:00,,,,
2023-06-02 15:20:00+00:00,,,,
2023-06-02 15:30:00+00:00,,,,
2023-06-02 15:40:00+00:00,,,,
2023-06-02 15:50:00+00:00,,,,
2023-06-02 16:00:00+00:00,,,,
2023-06-02 16:10:00+00:00,,,,
2023-06-02 16:20:00+00:00,,,,
2023-06-02 16:30:00+00:00,,,,
2023-06-02 16:40:00+00:00,,,,
2023-06-02 16:50:00+00:00,,,,
2023-06-02 17:00:00+00:00,,,,
2023-06-02 17:10:00+00:00,,,,
2023-06-02 17:20:00+00:00,,,,
2023-06-02 17:30:00+00:00,,,,
2023-06-02 17:40:00+00:00,,,,
2023-06-02 17:50:00+00:00,,,,
2023-06-02 18:00:00+00:00,,,,
2023-06-02 18:10:00+00:00,,,,
2023-06-02 18:20:00+00:00,,,,
2023-06-02 18:30:00+00:00,,,,
2023-06-02 18:40:00+00:00,,,,
2023-06-02 18:50:00+00:00,,,,
2023-06-02 19:00:00+00:00,,,,
2023-06-02 19:10:00+00:00,,,,
2023-06-02 19:20:00+00:00,,,,
2023-06-02 19:30:00+00:00,,,,
2023-06-02 19:40:00+00:00,,,,
2023-06-02 19:50:00+00:00,,,,
2023-06-02 20:00:00+00:00,,,,
2023-06-02 20:10:00+00:00,,,,
2023-06-02 20:20:00+00:00,,,,
2023-06-02 20:30:00+00:00,,,,
2023-06-02 20:40:00+00:00,,,,
2023-06-02 20:50:00+00:00,,,,
2023-06-02 21:00:00+00:00,,,,
2023-06-02 21:10:00+00:00,,,,
2023-06-02 21:20:00+00:00,,,,
2023-06-02 21:30:00+00:00,,,,
2023-06-02 21:40:00+00:00,,,,
2023-06-02 21:50:00+00:00,,,,
2023-06-02 22:00:00+00:00,,,,
2023-06-02 22:10:00+00:00,,,,
2023-06-02 22:20:00+00:00,,,,
2023-06-02 22:30:00+00:00,,,,
2023-06-02 22:40:00+00:00,,,,
2023-06-02 22:50:00+00:00,,,,
2023-06-02 23:00:00+00:00,,,,
2023-06-02 23:10:00+00:00,,,,
2023-06-02 23:20:00+00:00,,,,
2023-06-02 23:30:00+00:00,,,,
2023-06-02 23:40:00+00:00,,,,
2023-06-02 23:50:00+00:00,,,,
2023-06-03 00:00:00+00:00,,,,
2023-06-03 00:10:00+00:00,,,,
2023-06-03 00:20:00+00:00,,,,
2023-06-03 00:30:00+00:00,,,,
2023-06-03 00:40:00+00:00,,,,
2023-06-03 00:50:00+00:00,,,,
2023-06-03 01:00:00+00:00,,,,
2023-06-03 01:10:00+00:00,,,,
2023-06-03 01:20:00+00:00,,,,
2023-06-03 01:30:00+00:00,,,,
2023-06-03 01:40:00+00:00,,,,
2023-06-03 01:50:00+00:00,,,,
2023-06-03 02:00:00+00:00,,,,
2023-06-03 02:10:00+00:00,,,,
2023-06-03 02:20:00+00:00,,,,
2023-06-03 02:30:00+00:00,,,,
2023-06-03 02:40:00+00:00,,,,
2023-06-03 02:50:00+00:00,,,,
2023-06-03 03:00:00+00:00,,,,
2023-06-03 03:10:00+00:00,,,,
2023-06-03 03:20:00+00:00,,,,
2023-06-03 03:30:00+00:00,,,,
2023-06-03 03:40:00+00:00,,,,
2023-06-03 03:50:00+00:00,,,,
2023-06-03 04:00:00+00:00,,,,
2023-06-03 04:10:00+00:00,,,,
2023-06-03 04:20:00+00:00,,,,
2023-06-03 04:30:00+00:00,,,,
2023-06-03 04:40:00+00:00,,,,
2023-06-03 04:50:00+00:00,,,,
2023-06-03 05:00:00+00:00,,,,
2023-06-03 05:10:00+00:00,,,,
2023-06-03 05:20:00+00:00,,,,
2023-06-03 05:30:00+00:00,,,,
2023-06-03 05:40:00+00:00,,,,
2023-06-03 05:50:00+00:00,,,,
2023-06-03 06:00:00+00:00,,,,
2023-06-03 06:10:00+00:00,,,,
2023-06-03 06:20:00+00:00,,,,
2023-06-03 06:30:00+00:00,,,,
2023-06-03 06:40:00+00:00,,,,
2023-06-03 06:50:00+00:00,,,,
2023-06-03 07:00:00+00:00,,,,
2023-06-03 07:10:00+00:00,,,,
2023-06-03 07:20:00+00:00,,,,
2023-06-03 07:30:00+00:00,,,,
2023-06-03 07:40:00+00:00,,,,
2023-06-03 07:50:00+00:00,,,,
2023-06-03 08:00:00+00:00,,,,
2023-06-03 08:10:00+00:00,,,,
2023-06-03 08:20:00+00:00,,,,
2023-06-03 08:30:00+00:00,,,,
2023-06-03 08:40:00+00:00,,,,
2023-06-03 08:50:00+00:00,,,,
2023-06-03 09:00:00+00:00,,,,
2023-06-03 09:10:00+00:00,,,,
2023-06-03 09:20:00+00:00,,,,
2023-06-03 09:30:00+00:00,,,,
2023-06-03 09:40:00+00:00,,,,
2023-06-03 09:50:00+00:00,,,,
2023-06-03 10:00:00+00:00,,,,
2023-06-03 10:10:00+00:00,,,,
2023-06-03 10:20:00+00:00,,,,
2023-06-03 10:30:00+00:00,,,,
2023-06-03 10:40:00+00:00,,,,
2023-06-03 10:50:00+00:00,,,,
2023-06-03 11:00:00+00:00,,,,
2023-06-03 11:10:00+00:00,,,,
2023-06-03 11:20:00+00:00,,,,
2023-06-03 11:30:00+00:00,,,,
2023-06-03 11:40:00+00:00,,,,
2023-06-03 11:50:00+00:00,,,,
2023-06-03 12:00:00+00:00,,,,
2023-06-03 12:10:00+00:00,,,,
2023-06-03 12:20:00+00:00,,,,
2023-06-03 12:30:00+00:00,,,,
2023-06-03 12:40:00+00:00,,,,
2023-06-03 12:50:00+00:00,,,,
2023-06-03 13:00:00+00:00,,,,
2023-06-03 13:10:00+00:00,,,,
2023-06-03 13:20:00+00:00,,,,
2023-06-03 13:30:00+00:00,,,,
2023-06-03 13:40:00+00:00,,,,
2023-06-03 13:50:00+00:00,,,,
2023-06-03 14:00:00+00:00,,,,
2023-06-03 14:10:00+00:00,,,,
2023-06-03 14:20:00+00:00,,,,
2023-06-03 14:30:00+00:00,,,,
2023-06-03 14:40:00+00:00,,,,
2023-06-03 14:50:00+00:00,,,,
2023-06-03 15:00:00+00:00,,,,
2023-06-03 15:10:00+00:00,,,,
2023-06-03 15:20:00+00:00,,,,
2023-06-03 15:30:00+00:00,,,,
2023-06-03 15:40:00+00:00,,,,
2023-06-03 15:50:00+00:00,,,,
2023-06-03 16:00:00+00:00,,,,
2023-06-03 16:10:00+00:00,,,,
2023-06-03 16:20:00+00:00,,,,
2023-06-03 16:30:00+00:00,,,,
2023-06-03 16:40:00+00:00,,,,
2023-06-03 16:50:00+00:00,,,,
2023-06-03 17:00:00+00:00,,,,
2023-06-03 17:10:00+00:00,,,,
2023-06-03 17:20:00+00:00,,,,
2023-06-03 17:30:00+00:00,,,,
2023-06-03 17:40:00+00:00,,,,
2023-06-03 17:50:00+00:00,,,,
2023-06-03 18:00:00+00:00,,,,
2023-06-03 18:10:00+00:00,,,,
2023-06-03 18:20:00+00:00,,,,
2023-06-03 18:30:00+00:00,,,,
2023-06-03 18:40:00+00:00,,,,
2023-06-03 18:50:00+00:00,,,,
2023-06-03 19:00:00+00:00,,,,
2023-06-03 19:10:00+00:00,,,,
2023-06-03 19:20:00+00:00,,,,
2023-06-03 19:30:00+00:00,,,,
2023-06-03 19:40:00+00:00,,,,
2023-06-03 19:50:00+00:00,,,,
2023-06-03 20:00:00+00:00,,,,
2023-06-03 20:10:00+00:00,,,,
2023-06-03 20:20:00+00:00,,,,
2023-06-03 20:30:00+00:00,,,,
2023-06-03 20:40:00+00:00,,,,
2023-06-03 20:50:00+00:00,,,,
2023-06-03 21:00:00+00:00,,,,
2023-06-03 21:10:00+00:00,,,,
2023-06-03 21:20:00+00:00,,,,
2023-06-03 21:30:00+00:00,,,,
2023-06-03 21:40:00+00:00,,,,
2023-06-03 21:50:00+00:00,,,,
2023-06-03 22:00:00+00:00,,,,
2023-06-03 22:10:00+00:00,,,,
2023-06-03 22:20:00+00:00,,,,
2023-06-03 22:30:00+00:00,,,,
2023-06-03 22:40:00+00:00,,,,
2023-06-03 22:50:00+00:00,,,,
2023-06-03 23:00:00+00:00,,,,
2023-06-03 23:10:00+00:00,,,,
2023-06-03 23:20:00+00:00,,,,
2023-06-03 23:30:00+00:00,,,,
2023-06-03 23:40:00+00:00,,,,
2023-06-03 23:50:00+00:00,,,,
2023-06-04 00:00:00+00:00,,,,
2023-06-04 00:10:00+00:00,,,,
2023-06-04 00:20:00+00:00,,,,
2023-06-04 00:30:00+00:00,,,,
2023-06-04 00:40:00+00:00,,,,
2023-06-04 00:50:00+00:00,,,,
2023-06-04 01:00:00+00:00,,,,
2023-06-04 01:10:00+00:00,,,,
2023-06-04 01:20:00+00:00,,,,
2023-06-04 01:30:00+00:00,,,,
2023-06-04 01:40:00+00:00,,,,
2023-06-04 01:50:00+00:00,,,,
2023-06-04 02:00:00+00:00,,,,
2023-06-04 02:10:00+00:00,,,,
2023-06-04 02:20:00+00:00,,,,
2023-06-04 02:30:00+00:00,,,,
2023-06-04 02:40:00+00:00,,,,
2023-06-04 02:50:00+00:00,,,,
2023-06-04 03:00:00+00:00,,,,
2023-06-04 03:10:00+00:00,,,,
2023-06-04 03:20:00+00:00,,,,
2023-06-04 03:30:00+00:00,,,,
2023-06-04 03:40:00+00:00,,,,
2023-06-04 03:50:00+00:00,,,,
2023-06-04 04:00:00+00:00,,,,
2023-06-04 04:10:00+00:00,,,,
2023-06-04 04:20:00+00:00,,,,
2023-06-04 04:30:00+00:00,,,,
2023-06-04 04:40:00+00:00,,,,
2023-06-04 04:50:00+00:00,,,,
2023-06-04 05:00:00+00:00,,,,
2023-06-04 05:10:00+00:00,,,,
2023-06-04 05:20:00+00:00,,,,
2023-06-04 05:30:00+00:00,,,,
2023-06-04 05:40:00+00:00,,,,
2023-06-04 05:50:00+00:00,,,,
2023-06-04 06:00:00+00:00,,,,
2023-06-04 06:10:00+00:00,,,,
2023-06-04 06:20:00+00:00,,,,
2023-06-04 06:30:00+00:00,,,,
2023-06-04 06:40:00+00:00,,,,
2023-06-04 06:50:00+00:00,,,,
2023-06-04 07:00:00+00:00,,,,
2023-06-04 07:10:00+00:00,,,,
2023-06-04 07:20:00+00:00,,,,
2023-06-04 07:30:00+00:00,,,,
2023-06-04 07:40:00+00:00,,,,
2023-06-04 07:50:00+00:00,,,,
2023-06-04 08:00:00+00:00,,,,
2023-06-04 08:10:00+00:00,,,,
2023-06-04 08:20:00+00:00,,,,
2023-06-04 08:30:00+00:00,,,,
2023-06-04 08:40:00+00:00,,,,
2023-06-04 08:50:00+00:00,,,,
2023-06-04 09:00:00+00:00,,,,
2023-06-04 09:10:00+00:00,,,,
2023-06-04 09:20:00+00:00,,,,
2023-06-04 09:30:00+00:00,,,,
2023-06-04 09:40:00+00:00,,,,
2023-06-04 09:50:00+00:00,,,,
2023-06-04 10:00:00+00:00,,,,
2023-06-04 10:10:00+00:00,,,,
2023-06-04 10:20:00+00:00,,,,
2023-06-04 10:30:00+00:00,,,,
2023-06-04 10:40:00+00:00,,,,
2023-06-04 10:50:00+00:00,,,,
2023-06-04 11:00:00+00:00,,,,
2023-06-04 11:10:00+00:00,,,,
2023-06-04 11:20:00+00:00,,,,
2023-06-04 11:30:00+00:00,,,,
2023-06-04 11:40:00+00:00,,,,
2023-06-04 11:50:00+00:00,,,,
2023-06-04 12:00:00+00:00,,,,
2023-06-04 12:10:00+00:00,,,,
2023-06-04 12:20:00+00:00,,,,
2023-06-04 12:30:00+00:00,,,,
2023-06-04 12:40:00+00:00,,,,
2023-06-04 12:50:00+00:00,,,,
2023-06-04 13:00:00+00:00,,,,
2023-06-04 13:10:00+00:00,,,,
2023-06-04 13:20:00+00:00,,,,
2023-06-04 13:30:00+00:00,,,,
2023-06-04 13:40:00+00:00,,,,
2023-06-04 13:50:00+00:00,,,,
2023-06-04 14:00:00+00:00,,,,
2023-06-04 14:10:00+00:00,,,,
2023-06-04 14:20:00+00:00,,,,
2023-06-04 14:30:00+00:00,,,,
2023-06-04 14:40:00+00:00,,,,
2023-06-04 14:50:00+00:00,,,,
2023-06-04 15:00:00+00:00,,,,
2023-06-04 15:10:00+00:00,,,,
2023-06-04 15:20:00+00:00,,,,
2023-06-04 15:30:00+00:00,,,,
2023-06-04 15:40:00+00:00,,,,
2023-06-04 15:50:00+00:00,,,,
2023-06-04 16:00:00+00:00,,,,
2023-06-04 16:10:00+00:00,,,,
2023-06-04 16:20:00+00:00,,,,
2023-06-04 16:30:00+00:00,,,,
2023-06-04 16:40:00+00:00,,,,
2023-06-04 16:50:00+00:00,,,,
2023-06-04 17:00:00+00:00,,,,
2023-06-04 17:10:00+00:00,,,,
2023-06-04 17:20:00+00:00,,,,
2023-06-04 17:30:00+00:00,,,,
2023-06-04 17:40:00+00:00,,,,
2023-06-04 17:50:00+00:00,,,,
2023-06-04 18:00:00+00:00,,,,
2023-06-04 18:10:00+00:00,,,,
2023-06-04 18:20:00+00:00,,,,
2023-06-04 18:30:00+00:00,,,,
2023-06-04 18:40:00+00:00,,,,
2023-06-04 18:50:00+00:00,,,,
2023-06-04 19:00:00+00:00,,,,
2023-06-04 19:10:00+00:00,,,,
2023-06-04 19:20:00+00:00,,,,
2023-06-04 19:30:00+00:00,,,,
2023-06-04 19:40:00+00:00,,,,
2023-06-04 19:50:00+00:00,,,,
2023-06-04 20:00:00+00:00,,,,
2023-06-04 20:10:00+00:00,,,,
2023-06-04 20:20:00+00:00,,,,
2023-06-04 20:30:00+00:00,,,,
2023-06-04 20:40:00+00:00,,,,
2023-06-04 20:50:00+00:00,,,,
2023-06-04 21:00:00+00:00,,,,
2023-06-04 21:10:00+00:00,,,,
2023-06-04 21:20:00+00:00,,,,
2023-06-04 21:30:00+00:00,,,,
2023-06-04 21:40:00+00:00,,,,
2023-06-04 21:50:00+00:00,,,,
2023-06-04 22:00:00+00:00,,,,
2023-06-04 22:10:00+00:00,,,,
2023-06-04 22:20:00+00:00,,,,
2023-06-04 22:30:00+00:00,,,,
2023-06-04 22:40:00+00:00,,,,
2023-06-04 22:50:00+00:00,,,,
2023-06-04 23:00:00+00:00,,,,
2023-06-04 23:10:00+00:00,,,,
2023-06-04 23:20:00+00:00,,,,
2023-06-04 23:30:00+00:00,,,,
2023-06-04 23:40:00+00:00,,,,
2023-06-04 23:50:00+00:00,,,,
2023-06-05 00:00:00+00:00,,,,
2023-06-05 00:10:00+00:00,,,,
2023-06-05 00:20:00+00:00,,,,
2023-06-05 00:30:00+00:00,,,,
2023-06-05 00:40:00+00:00,,,,
2023-06-05 00:50:00+00:00,,,,
2023-06-05 01:00:00+00:00,,,,
2023-06-05 01:10:00+00:00,,,,
2023-06-05 01:20:00+00:00,,,,
2023-06-05 01:30:00+00:00,,,,
2023-06-05 01:40:00+00:00,,,,
2023-06-05 01:50:00+00:00,,,,
2023-06-05 02:00:00+00:00,,,,
2023-06-05 02:10:00+00:00,,,,
2023-06-05 02:20:00+00:00,,,,
2023-06-05 02:30:00+00:00,,,,
2023-06-05 02:40:00+00:00,,,,
2023-06-05 02:50:00+00:00,,,,
2023-06-05 03:00:00+00:00,,,,
2023-06-05 03:10:00+00:00,,,,
2023-06-05 03:20:00+00:00,,,,
2023-06-05 03:30:00+00:00,,,,
2023-06-05 03:40:00+00:00,,,,
2023-06-05 03:50:00+00:00,,,,
2023-06-05 04:00:00+00:00,,,,
2023-06-05 04:10:00+00:00,,,,
2023-06-05 04:20:00+00:00,,,,
2023-06-05 04:30:00+00:00,,,,
2023-06-05 04:40:00+00:00,,,,
2023-06-05 04:50:00+00:00,,,,
2023-06-05 05:00:00+00:00,,,,
2023-06-05 05:10:00+00:00,,,,
2023-06-05 05:20:00+00:00,,,,
2023-06-05 05:30:00+00:00,,,,
2023-06-05 05:40:00+00:00,,,,
2023-06-05 05:50:00+00:00,,,,
2023-06-05 06:00:00+00:00,,,,
2023-06-05 06:10:00+00:00,,,,
2023-06-05 06:20:00+00:00,,,,
2023-06-05 06:30:00+00:00,,,,
2023-06-05 06:40:00+00:00,,,,
2023-06-05 06:50:00+00:00,,,,
2023-06-05 07:00:00+00:00,,,,
2023-06-05 07:10:00+00:00,,,,
2023-06-05 07:20:00+00:00,,,,
2023-06-05 07:30:00+00:00,,,,
2023-06-05 07:40:00+00:00,,,,
2023-06-05 07:50:00+00:00,,,,
2023-06-05 08:00:00+00:00,,,,
2023-06-05 08:10:00+00:00,,,,
2023-06-05 08:20:00+00:00,,,,
2023-06-05 08:30:00+00:00,,,,
2023-06-05 08:40:00+00:00,,,,
2023-06-05 08:50:00+00:00,,,,
2023-06-05 09:00:00+00:00,,,,
2023-06-05 09:10:00+00:00,,,,
2023-06-05 09:20:00+00:00,,,,
2023-06-05 09:30:00+00:00,,,,
2023-06-05 09:40:00+00:00,,,,
2023-06-05 09:50:00+00:00,,,,
2023-06-05 10:00:00+00:00,,,,
2023-06-05 10:10:00+00:00,,,,
2023-06-05 10:20:00+00:00,,,,
2023-06-05 10:30:00+00:00,,,,
2023-06-05 10:40:00+00:00,,,,
2023-06-05 10:50:00+00:00,,,,
2023-06-05 11:00:00+00:00,,,,
2023-06-05 11:10:00+00:00,,,,
2023-06-05 11:20:00+00:00,,,,
2023-06-05 11:30:00+00:00,,,,
2023-06-05 11:40:00+00:00,,,,
2023-06-05 11:50:00+00:00,,,,
2023-06-05 12:00:00+00:00,,,,
2023-06-05 12:10:00+00:00,,,,
2023-06-05 12:20:00+00:00,,,,
2023-06-05 12:30:00+00:00,,,,
2023-06-05 12:40:00+00:00,,,,
2023-06-05 12:50:00+00:00,,,,
2023-06-05 13:00:00+00:00,,,,
2023-06-05 13:10:00+00:00,,,,
2023-06-05 13:20:00+00:00,,,,
2023-06-05 13:30:00+00:00,,,,
2023-06-05 13:40:00+00:00,,,,
2023-06-05 13:50:00+00:00,,,,
2023-06-05 14:00:00+00:00,,,,
2023-06-05 14:10:00+00:00,,,,
2023-06-05 14:20:00+00:00,,,,
2023-06-05 14:30:00+00:00,,,,
2023-06-05 14:40:00+00:00,,,,
2023-06-05 14:50:00+00:00,,,,
2023-06-05 15:00:00+00:00,,,,
2023-06-05 15:10:00+00:00,,,,
2023-06-05 15:20:00+00:00,,,,
2023-06-05 15:30:00+00:00,,,,
2023-06-05 15:40:00+00:00,,,,
2023-06-05 15:50:00+00:00,,,,
2023-06-05 16:00:00+00:00,,,,
2023-06-05 16:10:00+00:00,,,,
2023-06-05 16:20:00+00:00,,,,
2023-06-05 16:30:00+00:00,,,,
2023-06-05 16:40:00+00:00,,,,
2023-06-05 16:50:00+00:00,,,,
2023-06-05 17:00:00+00:00,,,,
2023-06-05 17:10:00+00:00,,,,
2023-06-05 17:20:00+00:00,,,,
2023-06-05 17:30:00+00:00,,,,
2023-06-05 17:40:00+00:00,,,,
2023-06-05 17:50:00+00:00,,,,
2023-06-05 18:00:00+00:00,,,,
2023-06-05 18:10:00+00:00,,,,
2023-06-05 18:20:00+00:00,,,,
2023-06-05 18:30:00+00:00,,,,
2023-06-05 18:40:00+00:00,,,,
2023-06-05 18:50:00+00:00,,,,
2023-06-05 19:00:00+00:00,,,,
2023-06-05 19:10:00+00:00,,,,
2023-06-05 19:20:00+00:00,,,,
2023-06-05 19:30:00+00:00,,,,
2023-06-05 19:40:00+00:00,,,,
2023-06-05 19:50:00+00:00,,,,
2023-06-05 20:00:00+00:00,,,,
2023-06-05 20:10:00+00:00,,,,
2023-06-05 20:20:00+00:00,,,,
2023-06-05 20:30:00+00:00,,,,
2023-06-05 20:40:00+00:00,,,,
2023-06-05 20:50:00+00:00,,,,
2023-06-05 21:00:00+00:00,,,,
2023-06-05 21:10:00+00:00,,,,
2023-06-05 21:20:00+00:00,,,,
2023-06-05 21:30:00+00:00,,,,
2023-06-05 21:40:00+00:00,,,,
2023-06-05 21:50:00+00:00,,,,
2023-06-05 22:00:00+00:00,,,,
2023-06-05 22:10:00+00:00,,,,
2023-06-05 22:20:00+00:00,,,,
2023-06-05 22:30:00+00:00,,,,
2023-06-05 22:40:00+00:00,,,,
2023-06-05 22:50:00+00:00,,,,
2023-06-05 23:00:00+00:00,,,,
2023-06-05 23:10:00+00:00,,,,
2023-06-05 23:20:00+00:00,,,,
2023-06-05 23:30:00+00:00,,,,
2023-06-05 23:40:00+00:00,,,,
2023-06-05 23:50:00+00:00,,,,
2023-06-06 00:00:00+00:00,,,,
2023-06-06 00:10:00+00:00,,,,
2023-06-06 00:20:00+00:00,,,,
2023-06-06 00:30:00+00:00,,,,
2023-06-06 00:40:00+00:00,,,,
2023-06-06 00:50:00+00:00,,,,
2023-06-06 01:00:00+00:00,,,,
2023-06-06 01:10:00+00:00,,,,
2023-06-06 01:20:00+00:00,,,,
2023-06-06 01:30:00+00:00,,,,
2023-06-06 01:40:00+00:00,,,,
2023-06-06 01:50:00+00:00,,,,
2023-06-06 02:00:00+00:00,,,,
2023-06-06 02:10:00+00:00,,,,
2023-06-06 02:20:00+00:00,,,,
2023-06-06 02:30:00+00:00,,,,
2023-06-06 02:40:00+00:00,,,,
2023-06-06 02:50:00+00:00,,,,
2023-06-06 03:00:00+00:00,,,,
2023-06-06 03:10:00+00:00,,,,
2023-06-06 03:20:00+00:00,,,,
2023-06-06 03:30:00+00:00,,,,
2023-06-06 03:40:00+00:00,,,,
2023-06-06 03:50:00+00:00,,,,
2023-06-06 04:00:00+00:00,,,,
2023-06-06 04:10:00+00:00,,,,
2023-06-06 04:20:00+00:00,,,,
2023-06-06 04:30:00+00:00,,,,
2023-06-06 04:40:00+00:00,,,,
2023-06-06 04:50:00+00:00,,,,
2023-06-06 05:00:00+00:00,,,,
2023-06-06 05:10:00+00:00,,,,
2023-06-06 05:20:00+00:00,,,,
2023-06-06 05:30:00+00:00,,,,
2023-06-06 05:40:00+00:00,,,,
2023-06-06 05:50:00+00:00,,,,
2023-06-06 06:00:00+00:00,,,,
2023-06-06 06:10:00+00:00,,,,
2023-06-06 06:20:00+00:00,,,,
2023-06-06 06:30:00+00:00,,,,
2023-06-06 06:40:00+00:00,,,,
2023-06-06 06:50:00+00:00,,,,
2023-06-06 07:00:00+00:00,,,,
2023-06-06 07:10:00+00:00,,,,
2023-06-06 07:20:00+00:00,,,,
2023-06-06 07:30:00+00:00,,,,
2023-06-06 07:40:00+00:00,,,,
2023-06-06 07:50:00+00:00,,,,
2023-06-06 08:00:00+00:00,,,,
2023-06-06 08:10:00+00:00,,,,
2023-06-06 08:20:00+00:00,,,,
2023-06-06 08:30:00+00:00,,,,
2023-06-06 08:40:00+00:00,,,,
2023-06-06 08:50:00+00:00,,,,
2023-06-06 09:00:00+00:00,,,,
2023-06-06 09:10:00+00:00,,,,
2023-06-06 09:20:00+00:00,,,,
2023-06-06 09:30:00+00:00,,,,
2023-06-06 09:40:00+00:00,,,,
2023-06-06 09:50:00+00:00,,,,
2023-06-06 10:00:00+00:00,,,,
2023-06-06 10:10:00+00:00,,,,
2023-06-06 10:20:00+00:00,,,,
2023-06-06 10:30:00+00:00,,,,
2023-06-06 10:40:00+00:00,,,,
2023-06-06 10:50:00+00:00,,,,
2023-06-06 11:00:00+00:00,,,,
2023-06-06 11:10:00+00:00,,,,
2023-06-06 11:20:00+00:00,,,,
2023-06-06 11:30:00+00:00,,,,
2023-06-06 11:40:00+00:00,,,,
2023-06-06 11:50:00+00:00,,,,
2023-06-06 12:00:00+00:00,,,,
2023-06-06 12:10:00+00:00,,,,
2023-06-06 12:20:00+00:00,,,,
2023-06-06 12:30:00+00:00,,,,
2023-06-06 12:40:00+00:00,,,,
2023-06-06 12:50:00+00:00,,,,
2023-06-06 13:00:00+00:00,,,,
2023-06-06 13:10:00+00:00,,,,
2023-06-06 13:20:00+00:00,,,,
2023-06-06 13:30:00+00:00,,,,
2023-06-06 13:40:00+00:00,,,,
2023-06-06 13:50:00+00:00,,,,
2023-06-06 14:00:00+00:00,,,,
2023-06-06 14:10:00+00:00,,,,
2023-06-06 14:20:00+00:00,,,,
2023-06-06 14:30:00+00:00,,,,
2023-06-06 14:40:00+00:00,,,,
2023-06-06 14:50:00+00:00,,,,
2023-06-06 15:00:00+00:00,,,,
2023-06-06 15:10:00+00:00,,,,
2023-06-06 15:20:00+00:00,,,,
2023-06-06 15:30:00+00:00,,,,
2023-06-06 15:40:00+00:00,,,,
2023-06-06 15:50:00+00:00,,,,
2023-06-06 16:00:00+00:00,,,,
2023-06-06 16:10:00+00:00,,,,
2023-06-06 16:20:00+00:00,,,,
2023-06-06 16:30:00+00:00,,,,
2023-06-06 16:40:00+00:00,,,,
2023-06-06 16:50:00+00:00,,,,
2023-06-06 17:00:00+00:00,,,,
2023-06-06 17:10:00+00:00,,,,
2023-06-06 17:20:00+00:00,,,,
2023-06-06 17:30:00+00:00,,,,
2023-06-06 17:40:00+00:00,,,,
2023-06-06 17:50:00+00:00,,,,
2023-06-06 18:00:00+00:00,,,,
2023-06-06 18:10:00+00:00,,,,
2023-06-06 18:20:00+00:00,,,,
2023-06-06 18:30:00+00:00,,,,
2023-06-06 18:40:00+00:00,,,,
2023-06-06 18:50:00+00:00,,,,
2023-06-06 19:00:00+00:00,,,,
2023-06-06 19:10:00+00:00,,,,
2023-06-06 19:20:00+00:00,,,,
2023-06-06 19:30:00+00:00,,,,
2023-06-06 19:40:00+00:00,,,,
2023-06-06 19:50:00+00:00,,,,
2023-06-06 20:00:00+00:00,,,,
2023-06-06 20:10:00+00:00,,,,
2023-06-06 20:20:00+00:00,,,,
2023-06-06 20:30:00+00:00,,,,
2023-06-06 20:40:00+00:00,,,,
2023-06-06 20:50:00+00:00,,,,
2023-06-06 21:00:00+00:00,,,,
2023-06-06 21:10:00+00:00,,,,
2023-06-06 21:20:00+00:00,,,,
2023-06-06 21:30:00+00:00,,,,
2023-06-06 21:40:00+00:00,,,,
2023-06-06 21:50:00+00:00,,,,
2023-06-06 22:00:00+00:00,,,,
2023-06-06 22:10:00+00:00,,,,
2023-06-06 22:20:00+00:00,,,,
2023-06-06 22:30:00+00:00,,,,
2023-06-06 22:40:00+00:00,,,,
2023-06-06 22:50:00+00:00,,,,
2023-06-06 23:00:00+00:00,,,,
2023-06-06 23:10:00+00:00,,,,
2023-06-06 23:20:00+00:00,,,,
2023-06-06 23:30:00+00:00,,,,
2023-06-06 23:40:00+00:00,,,,
2023-06-06 23:50:00+00:00,,,,
2023-06-07 00:00:00+00:00,,,,
2023-06-07 00:10:00+00:00,,,,
2023-06-07 00:20:00+00:00,,,,
2023-06-07 00:30:00+00:00,,,,
2023-06-07 00:40:00+00:00,,,,
2023-06-07 00:50:00+00:00,,,,
2023-06-07 01:00:00+00:00,,,,
2023-06-07 01:10:00+00:00,,,,
2023-06-07 01:20:00+00:00,,,,
2023-06-07 01:30:00+00:00,,,,
2023-06-07 01:40:00+00:00,,,,
2023-06-07 01:50:00+00:00,,,,
2023-06-07 02:00:00+00:00,,,,
2023-06-07 02:10:00+00:00,,,,
2023-06-07 02:20:00+00:00,,,,
2023-06-07 02:30:00+00:00,,,,
2023-06-07 02:40:00+00:00,,,,
2023-06-07 02:50:00+00:00,,,,
2023-06-07 03:00:00+00:00,,,,
2023-06-07 03:10:00+00:00,,,,
2023-06-07 03:20:00+00:00,,,,
2023-06-07 03:30:00+00:00,,,,
2023-06-07 03:40:00+00:00,,,,
2023-06-07 03:50:00+00:00,,,,
2023-06-07 04:00:00+00:00,,,,
2023-06-07 04:10:00+00:00,,,,
2023-06-07 04:20:00+00:00,,,,
2023-06-07 04:30:00+00:00,,,,
2023-06-07 04:40:00+00:00,14.9,95.0,11.4,4.2
2023-06-07 04:50:00+00:00,14.9,95.0,11.4,4.2
2023-06-07 05:00:00+00:00,15.1,95.0,11.4,4.2
2023-06-07 05:10:00+00:00,16.9,95.0,11.4,4.2
2023-06-07 05:20:00+00:00,17.6,95.0,11.5,4.2
2023-06-07 05:30:00+00:00,18.5,100.0,11.5,4.2
2023-06-07 05:40:00+00:00,17.9,100.0,11.5,4.2
2023-06-07 05:50:00+00:00,18.0,100.0,11.5,4.2
2023-06-07 06:00:00+00:00,18.1,100.0,11.5,4.2
2023-06-07 06:10:00+00:00,18.3,100.0,11.5,4.2
2023-06-07 06:20:00+00:00,18.6,100.0,11.5,4.2
2023-06-07 06:30:00+00:00,19.5,100.0,11.5,4.2
2023-06-07 06:40:00+00:00,19.1,100.0,11.5,4.2
2023-06-07 06:50:00+00:00,18.7,100.0,11.5,4.2
2023-06-07 07:00:00+00:00,18.8,100.0,11.5,4.2
2023-06-07 07:10:00+00:00,18.7,100.0,11.5,4.2
2023-06-07 07:20:00+00:00,18.8,100.0,11.5,4.2
2023-06-07 07:30:00+00:00,19.2,100.0,11.5,4.2
2023-06-07 07:40:00+00:00,19.6,100.0,11.5,4.2
2023-06-07 07:50:00+00:00,21.1,100.0,11.5,4.2
2023-06-07 08:00:00+00:00,21.2,100.0,11.5,4.2
2023-06-07 08:10:00+00:00,20.9,100.0,11.5,4.2
2023-06-07 08:20:00+00:00,20.8,99.0,11.5,4.2
2023-06-07 08:30:00+00:00,21.1,99.0,11.5,4.2
2023-06-07 08:40:00+00:00,21.0,97.0,11.5,4.2
2023-06-07 08:50:00+00:00,20.9,97.0,11.5,4.2
2023-06-07 09:00:00+00:00,21.3,97.0,11.6,4.2
2023-06-07 09:10:00+00:00,22.9,98.0,11.6,4.2
2023-06-07 09:20:00+00:00,22.9,98.0,11.6,4.2
2023-06-07 09:30:00+00:00,23.9,99.0,11.6,4.2
2023-06-07 09:40:00+00:00,25.0,100.0,11.6,4.2
2023-06-07 09:50:00+00:00,25.6,100.0,11.6,4.2
2023-06-07 10:00:00+00:00,26.0,100.0,11.6,4.2
2023-06-07 10:10:00+00:00,26.3,100.0,11.6,4.2
2023-06-07 10:20:00+00:00,26.6,100.0,11.6,4.2
2023-06-07 10:30:00+00:00,25.9,100.0,11.6,4.2
2023-06-07 10:40:00+00:00,25.0,100.0,11.5,4.2
2023-06-07 10:50:00+00:00,24.3,98.0,11.5,4.2
2023-06-07 11:00:00+00:00,23.8,97.0,11.5,4.2
2023-06-07 11:10:00+00:00,23.3,96.0,11.5,4.2
2023-06-07 11:20:00+00:00,23.0,95.0,11.5,4.2
2023-06-07 11:30:00+00:00,22.6,95.0,11.5,4.2
2023-06-07 11:40:00+00:00,22.3,94.0,11.5,4.2
2023-06-07 11:50:00+00:00,22.0,93.0,11.5,4.2
2023-06-07 12:00:00+00:00,21.8,92.0,11.5,4.2
2023-06-07 12:10:00+00:00,21.5,93.0,11.5,4.2
2023-06-07 12:20:00+00:00,21.3,92.0,11.5,4.2
2023-06-07 12:30:00+00:00,21.1,92.0,11.5,4.2
2023-06-07 12:40:00+00:00,21.0,91.0,11.5,4.2
2023-06-07 12:50:00+00:00,20.8,92.0,11.5,4.2
2023-06-07 13:00:00+00:00,20.7,91.0,11.5,4.2
2023-06-07 13:10:00+00:00,20.5,91.0,11.5,4.2
2023-06-07 13:20:00+00:00,20.4,91.0,11.5,4.2
2023-06-07 13:30:00+00:00,20.3,90.0,11.5,4.2
2023-06-07 13:40:00+00:00,20.1,91.0,11.5,4.2
2023-06-07 13:50:00+00:00,20.0,90.0,11.5,4.2
2023-06-07 14:00:00+00:00,19.9,90.0,11.5,4.2
2023-06-07 14:10:00+00:00,19.7,90.0,11.5,4.2
2023-06-07 14:20:00+00:00,19.6,90.0,11.5,4.2
2023-06-07 14:30:00+00:00,19.5,90.0,11.5,4.2
2023-06-07 14:40:00+00:00,19.4,90.0,11.5,4.2
2023-06-07 14:50:00+00:00,19.3,90.0,11.5,4.2
2023-06-07 15:00:00+00:00,19.1,90.0,11.5,4.2
2023-06-07 15:10:00+00:00,19.1,90.0,11.5,4.2
2023-06-07 15:20:00+00:00,19.1,90.0,11.5,4.2
2023-06-07 15:30:00+00:00,19.0,90.0,11.5,4.2
2023-06-07 15:40:00+00:00,18.9,90.0,11.5,4.2
2023-06-07 15:50:00+00:00,18.8,90.0,11.5,4.2
2023-06-07 16:00:00+00:00,18.7,90.0,11.5,4.2
2023-06-07 16:10:00+00:00,18.6,89.0,11.5,4.2
2023-06-07 16:20:00+00:00,18.5,90.0,11.5,4.2
2023-06-07 16:30:00+00:00,18.5,90.0,11.5,4.2
2023-06-07 16:40:00+00:00,18.4,90.0,11.5,4.2
2023-06-07 16:50:00+00:00,18.4,89.0,11.5,4.2
2023-06-07 17:00:00+00:00,18.3,89.0,11.5,4.2
2023-06-07 17:10:00+00:00,18.2,89.0,11.5,4.2
2023-06-07 17:20:00+00:00,18.2,89.0,11.5,4.2
2023-06-07 17:30:00+00:00,18.1,89.0,11.5,4.2
2023-06-07 17:40:00+00:00,18.0,89.0,11.5,4.2
2023-06-07 17:50:00+00:00,17.9,89.0,11.5,4.2
2023-06-07 18:00:00+00:00,17.9,89.0,11.4,4.2
2023-06-07 18:10:00+00:00,17.8,89.0,11.5,4.2
2023-06-07 18:20:00+00:00,17.6,89.0,11.5,4.1
2023-06-07 18:30:00+00:00,17.6,89.0,11.4,3.9
2023-06-07 18:40:00+00:00,17.5,89.0,11.4,3.6
2023-06-07 18:50:00+00:00,17.3,89.0,11.4,3.5
2023-06-07 19:00:00+00:00,17.3,89.0,11.4,3.5
2023-06-07 19:10:00+00:00,17.2,89.0,11.4,3.2
2023-06-07 19:20:00+00:00,17.0,89.0,11.4,2.7
2023-06-07 19:30:00+00:00,16.8,89.0,11.4,2.2
2023-06-07 19:40:00+00:00,16.8,89.0,11.4,1.5
2023-06-07 19:50:00+00:00,16.7,88.0,11.4,1.0
2023-06-07 20:00:00+00:00,16.6,89.0,11.4,0.7
2023-06-07 20:10:00+00:00,16.6,89.0,11.4,0.6
2023-06-07 20:20:00+00:00,16.5,89.0,11.4,0.6
2023-06-07 20:30:00+00:00,16.5,89.0,11.4,0.6
2023-06-07 20:40:00+00:00,16.3,89.0,11.4,0.4
2023-06-07 20:50:00+00:00,16.3,88.0,11.4,0.6
2023-06-07 21:00:00+00:00,16.2,89.0,11.4,0.6
2023-06-07 21:10:00+00:00,16.1,89.0,11.4,0.6
2023-06-07 21:20:00+00:00,16.1,89.0,11.4,0.6
2023-06-07 21:30:00+00:00,16.0,89.0,11.4,0.6
2023-06-07 21:40:00+00:00,16.0,89.0,11.4,0.6
2023-06-07 21:50:00+00:00,15.9,88.0,11.4,0.4
2023-06-07 22:00:00+00:00,15.9,89.0,11.4,0.6
2023-06-07 22:10:00+00:00,15.8,89.0,11.4,0.6
2023-06-07 22:20:00+00:00,15.6,88.0,11.4,0.6
2023-06-07 22:30:00+00:00,15.6,88.0,11.4,0.6
2023-06-07 22:40:00+00:00,15.6,88.0,11.4,0.6
2023-06-07 22:50:00+00:00,15.5,89.0,11.4,0.6
2023-06-07 23:00:00+00:00,15.4,88.0,11.4,0.6
2023-06-07 23:10:00+00:00,15.3,88.0,11.4,0.6
2023-06-07 23:20:00+00:00,15.3,88.0,11.4,0.6
2023-06-07 23:30:00+00:00,15.2,88.0,11.4,0.6
2023-06-07 23:40:00+00:00,15.1,88.0,11.4,0.6
2023-06-07 23:50:00+00:00,15.1,88.0,11.4,0.4
2023-06-08 00:00:00+00:00,15.1,88.0,11.4,0.6
2023-06-08 00:10:00+00:00,15.0,88.0,11.4,0.6
2023-06-08 00:20:00+00:00,15.0,88.0,11.4,0.6
2023-06-08 00:30:00+00:00,14.9,88.0,11.4,0.6
2023-06-08 00:40:00+00:00,14.9,88.0,11.4,0.6
2023-06-08 00:50:00+00:00,14.8,88.0,11.4,0.6
2023-06-08 01:00:00+00:00,14.8,88.0,11.4,0.6
2023-06-08 01:10:00+00:00,14.7,88.0,11.4,0.7
2023-06-08 01:20:00+00:00,14.742105263157894,88.10526315789474,11.4,0.8842105263157894
2023-06-08 01:30:00+00:00,14.784210526315789,88.21052631578948,11.4,1.068421052631579
2023-06-08 01:40:00+00:00,14.826315789473684,88.3157894736842,11.4,1.2526315789473683
2023-06-08 01:50:00+00:00,14.868421052631579,88.42105263157895,11.4,1.4368421052631577
2023-06-08 02:00:00+00:00,14.910526315789474,88.52631578947368,11.4,1.6210526315789473
2023-06-08 02:10:00+00:00,14.952631578947368,88.63157894736842,11.4,1.8052631578947367
2023-06-08 02:20:00+00:00,14.994736842105263,88.73684210526316,11.4,1.9894736842105263
2023-06-08 02:30:00+00:00,15.036842105263158,88.84210526315789,11.4,2.1736842105263157
2023-06-08 02:40:00+00:00,15.078947368421053,88.94736842105263,11.4,2.357894736842105
2023-06-08 02:50:00+00:00,15.121052631578948,89.05263157894737,11.4,2.542105263157895
2023-06-08 03:00:00+00:00,15.163157894736841,89.15789473684211,11.4,2.7263157894736842
2023-06-08 03:10:00+00:00,15.205263157894736,89.26315789473684,11.4,2.9105263157894736
2023-06-08 03:20:00+00:00,15.24736842105263,89.36842105263158,11.4,3.094736842105263
2023-06-08 03:30:00+00:00,15.289473684210526,89.47368421052632,11.4,3.2789473684210524
2023-06-08 03:40:00+00:00,15.33157894736842,89.57894736842105,11.4,3.4631578947368418
2023-06-08 03:50:00+00:00,15.373684210526315,89.6842105263158,11.4,3.647368421052631
2023-06-08 04:00:00+00:00,15.41578947368421,89.78947368421052,11.4,3.8315789473684205
2023-06-08 04:10:00+00:00,15.457894736842105,89.89473684210526,11.4,4.01578947368421
2023-06-08 04:20:00+00:00,15.5,90.0,11.4,4.2
2023-06-08 04:30:00+00:00,15.5,90.0,11.4,4.2
2023-06-08 04:40:00+00:00,15.5,90.0,11.4,4.2
2023-06-08 04:50:00+00:00,15.6,90.0,11.4,4.2
2023-06-08 05:00:00+00:00,15.8,90.0,11.4,4.2
2023-06-08 05:10:00+00:00,16.6,90.0,11.4,4.2
2023-06-08 05:20:00+00:00,18.0,90.0,11.4,4.2
2023-06-08 05:30:00+00:00,18.9,93.0,11.5,4.2
2023-06-08 05:40:00+00:00,19.1,97.0,11.5,4.2
2023-06-08 05:50:00+00:00,18.8,98.0,11.5,4.2
2023-06-08 06:00:00+00:00,18.6,98.0,11.5,4.2
2023-06-08 06:10:00+00:00,19.0,98.0,11.5,4.2
2023-06-08 06:20:00+00:00,19.3,97.0,11.5,4.2
2023-06-08 06:30:00+00:00,20.1,97.0,11.5,4.2
2023-06-08 06:40:00+00:00,20.6,98.0,11.5,4.2
2023-06-08 06:50:00+00:00,20.0,99.0,11.5,4.2
2023-06-08 07:00:00+00:00,19.7,99.0,11.5,4.2
2023-06-08 07:10:00+00:00,19.7,98.0,11.5,4.2
2023-06-08 07:20:00+00:00,19.8,99.0,11.5,4.2
2023-06-08 07:30:00+00:00,20.3,99.0,11.5,4.2
2023-06-08 07:40:00+00:00,20.4,99.0,11.5,4.2
2023-06-08 07:50:00+00:00,21.0,98.0,11.5,4.2
2023-06-08 08:00:00+00:00,22.6,99.0,11.5,4.2
2023-06-08 08:10:00+00:00,22.1,98.0,11.5,4.2
2023-06-08 08:20:00+00:00,22.0,98.0,11.5,4.2
2023-06-08 08:30:00+00:00,22.15,97.5,11.55,4.2
2023-06-08 08:40:00+00:00,22.1,97.0,11.5,4.2
2023-06-08 08:50:00+00:00,22.1,96.0,11.6,4.2
2023-06-08 09:00:00+00:00,23.2,96.0,11.6,4.2
2023-06-08 09:10:00+00:00,24.1,96.0,11.6,4.2
2023-06-08 09:20:00+00:00,24.5,96.0,11.6,4.2
2023-06-08 09:30:00+00:00,25.3,96.0,11.6,4.2
2023-06-08 09:40:00+00:00,26.2,98.0,11.7,4.2
2023-06-08 09:50:00+00:00,27.0,98.0,11.6,4.2
2023-06-08 10:00:00+00:00,27.3,99.0,11.6,4.2
2023-06-08 10:10:00+00:00,27.6,99.0,11.6,4.2
2023-06-08 10:20:00+00:00,27.0,99.0,11.6,4.2
2023-06-08 10:30:00+00:00,26.5,97.0,11.6,4.2
2023-06-08 10:40:00+00:00,25.6,96.0,11.5,4.2
2023-06-08 10:50:00+00:00,25.1,94.0,11.5,4.2
2023-06-08 11:00:00+00:00,24.6,94.0,11.5,4.2
2023-06-08 11:10:00+00:00,24.1,93.0,11.5,4.2
2023-06-08 11:20:00+00:00,23.8,92.0,11.5,4.2
2023-06-08 11:30:00+00:00,23.5,91.0,11.5,4.2
2023-06-08 11:40:00+00:00,23.3,90.0,11.5,4.2
2023-06-08 11:50:00+00:00,23.15,90.0,11.5,4.2
2023-06-08 12:00:00+00:00,23.0,90.0,11.5,4.2
2023-06-08 12:10:00+00:00,22.8,90.0,11.5,4.2
2023-06-08 12:20:00+00:00,22.4,90.0,11.5,4.2
2023-06-08 12:30:00+00:00,22.2,89.0,11.5,4.2
2023-06-08 12:40:00+00:00,22.0,89.0,11.5,4.2
2023-06-08 12:50:00+00:00,21.9,89.0,11.5,4.2
2023-06-08 13:00:00+00:00,21.7,89.0,11.5,4.2
2023-06-08 13:10:00+00:00,21.5,88.0,11.5,4.2
2023-06-08 13:20:00+00:00,21.4,88.0,11.5,4.2
2023-06-08 13:30:00+00:00,21.3,88.0,11.5,4.2
2023-06-08 13:40:00+00:00,21.1,88.0,11.5,4.2
2023-06-08 13:50:00+00:00,21.0,88.0,11.5,4.2
2023-06-08 14:00:00+00:00,20.9,88.0,11.5,4.2
2023-06-08 14:10:00+00:00,20.7,88.0,11.5,4.2
2023-06-08 14:20:00+00:00,20.6,87.0,11.5,4.2
2023-06-08 14:30:00+00:00,20.5,87.0,11.5,4.2
2023-06-08 14:40:00+00:00,20.4,87.0,11.5,4.2
2023-06-08 14:50:00+00:00,20.4,87.0,11.5,4.2
2023-06-08 15:00:00+00:00,20.3,87.0,11.5,4.2
2023-06-08 15:10:00+00:00,20.2,87.0,11.5,4.2
2023-06-08 15:20:00+00:00,20.1,87.0,11.5,4.2
2023-06-08 15:30:00+00:00,20.1,87.0,11.5,4.2
2023-06-08 15:40:00+00:00,20.0,87.0,11.5,4.2
2023-06-08 15:50:00+00:00,19.9,87.0,11.5,4.2
2023-06-08 16:00:00+00:00,19.8,87.0,11.5,4.2
2023-06-08 16:10:00+00:00,19.8,87.0,11.5,4.2
2023-06-08 16:20:00+00:00,19.6,87.0,11.5,4.2
2023-06-08 16:30:00+00:00,19.6,87.0,11.5,4.2
2023-06-08 16:40:00+00:00,19.5,87.0,11.5,4.2
2023-06-08 16:50:00+00:00,19.4,87.0,11.5,4.2
2023-06-08 17:00:00+00:00,19.3,87.0,11.5,4.2
2023-06-08 17:10:00+00:00,19.2,86.0,11.5,4.2
2023-06-08 17:20:00+00:00,19.1,86.0,11.5,4.2
2023-06-08 17:30:00+00:00,19.0,86.0,11.5,4.2
2023-06-08 17:40:00+00:00,18.9,86.0,11.5,4.2
2023-06-08 17:50:00+00:00,18.9,86.0,11.5,4.2
2023-06-08 18:00:00+00:00,18.8,86.0,11.5,4.2
2023-06-08 18:10:00+00:00,18.6,86.0,11.5,4.2
2023-06-08 18:20:00+00:00,18.7,86.0,11.5,4.2
2023-06-08 18:30:00+00:00,18.549999999999997,86.0,11.5,4.1
2023-06-08 18:40:00+00:00,18.4,86.0,11.5,4.0
2023-06-08 18:50:00+00:00,18.3,86.0,11.5,3.7
2023-06-08 19:00:00+00:00,18.1,86.0,11.5,3.6
2023-06-08 19:10:00+00:00,18.0,86.0,11.4,3.5
2023-06-08 19:20:00+00:00,17.9,86.0,11.4,3.1
2023-06-08 19:30:00+00:00,17.75,85.0,11.4,2.15
2023-06-08 19:40:00+00:00,17.6,86.0,11.4,1.0
2023-06-08 19:50:00+00:00,17.5,85.0,11.4,0.8
2023-06-08 20:00:00+00:00,17.5,86.0,11.4,0.7
2023-06-08 20:10:00+00:00,17.5,85.0,11.4,0.6
2023-06-08 20:20:00+00:00,17.3,86.0,11.4,0.6
2023-06-08 20:30:00+00:00,17.3,85.0,11.4,0.4
2023-06-08 20:40:00+00:00,17.2,85.0,11.4,0.6
2023-06-08 20:50:00+00:00,17.1,85.0,11.4,0.6
2023-06-08 21:00:00+00:00,17.0,85.0,11.4,0.6
2023-06-08 21:10:00+00:00,17.0,85.0,11.4,0.6
2023-06-08 21:20:00+00:00,16.95,85.0,11.4,0.6
2023-06-08 21:30:00+00:00,16.9,85.0,11.4,0.6
2023-06-08 21:40:00+00:00,16.8,85.0,11.4,0.6
2023-06-08 21:50:00+00:00,16.8,85.0,11.4,0.6
2023-06-08 22:00:00+00:00,16.7,85.0,11.4,0.6
2023-06-08 22:10:00+00:00,16.6,86.0,11.4,0.4
2023-06-08 22:20:00+00:00,16.5,85.0,11.4,0.6
2023-06-08 22:30:00+00:00,16.5,85.0,11.4,0.4
2023-06-08 22:40:00+00:00,16.5,85.0,11.4,0.6
2023-06-08 22:50:00+00:00,16.4,85.0,11.4,0.6
2023-06-08 23:00:00+00:00,16.3,85.0,11.4,0.6
2023-06-08 23:10:00+00:00,16.1,85.0,11.4,0.6
2023-06-08 23:20:00+00:00,16.1,85.0,11.4,0.6
2023-06-08 23:30:00+00:00,16.1,85.0,11.4,0.6
2023-06-08 23:40:00+00:00,16.1,85.0,11.4,0.6
2023-06-08 23:50:00+00:00,16.1,85.0,11.4,0.6
2023-06-09 00:00:00+00:00,16.0,85.0,11.4,0.6
2023-06-09 00:10:00+00:00,15.9,85.0,11.4,0.6
2023-06-09 00:20:00+00:00,16.0,85.0,11.4,0.6
2023-06-09 00:30:00+00:00,15.9,85.0,11.4,0.6
2023-06-09 00:40:00+00:00,16.0,85.0,11.4,0.6
2023-06-09 00:50:00+00:00,15.9,85.0,11.4,0.6
2023-06-09 01:00:00+00:00,15.947826086956523,85.1304347826087,11.4,0.7565217391304347
2023-06-09 01:10:00+00:00,15.995652173913044,85.26086956521739,11.4,0.9130434782608696
2023-06-09 01:20:00+00:00,16.043478260869566,85.3913043478261,11.4,1.0695652173913044
2023-06-09 01:30:00+00:00,16.09130434782609,85.52173913043478,11.4,1.2260869565217392
2023-06-09 01:40:00+00:00,16.139130434782608,85.65217391304348,11.4,1.382608695652174
2023-06-09 01:50:00+00:00,16.18695652173913,85.78260869565217,11.4,1.5391304347826087
2023-06-09 02:00:00+00:00,16.234782608695653,85.91304347826087,11.4,1.6956521739130435
2023-06-09 02:10:00+00:00,16.282608695652176,86.04347826086956,11.4,1.8521739130434782
2023-06-09 02:20:00+00:00,16.330434782608695,86.17391304347827,11.4,2.008695652173913
2023-06-09 02:30:00+00:00,16.378260869565217,86.30434782608695,11.4,2.1652173913043478
2023-06-09 02:40:00+00:00,16.42608695652174,86.43478260869566,11.4,2.3217391304347825
2023-06-09 02:50:00+00:00,16.473913043478262,86.56521739130434,11.4,2.4782608695652177
2023-06-09 03:00:00+00:00,16.52173913043478,86.69565217391305,11.4,2.6347826086956525
2023-06-09 03:10:00+00:00,16.569565217391304,86.82608695652173,11.4,2.7913043478260873
2023-06-09 03:20:00+00:00,16.617391304347827,86.95652173913044,11.4,2.947826086956522
2023-06-09 03:30:00+00:00,16.66521739130435,87.08695652173913,11.4,3.104347826086957
2023-06-09 03:40:00+00:00,16.713043478260868,87.21739130434783,11.4,3.2608695652173916
2023-06-09 03:50:00+00:00,16.76086956521739,87.34782608695652,11.4,3.4173913043478263
2023-06-09 04:00:00+00:00,16.808695652173913,87.47826086956522,11.4,3.573913043478261
2023-06-09 04:10:00+00:00,16.856521739130436,87.6086956521739,11.4,3.730434782608696
2023-06-09 04:20:00+00:00,16.904347826086955,87.73913043478261,11.4,3.8869565217391306
2023-06-09 04:30:00+00:00,16.952173913043477,87.8695652173913,11.4,4.043478260869565
2023-06-09 04:40:00+00:00,17.0,88.0,11.4,4.2
2023-06-09 04:50:00+00:00,16.9,87.0,11.5,4.2
2023-06-09 05:00:00+00:00,17.1,87.0,11.5,4.2
2023-06-09 05:10:00+00:00,18.8,87.0,11.4,4.2
2023-06-09 05:20:00+00:00,19.5,89.0,11.5,4.2
2023-06-09 05:30:00+00:00,20.1,92.0,11.5,4.2
2023-06-09 05:40:00+00:00,19.6,93.0,11.5,4.2
2023-06-09 05:50:00+00:00,19.3,93.0,11.5,4.2
2023-06-09 06:00:00+00:00,19.5,93.0,11.5,4.2
2023-06-09 06:10:00+00:00,19.6,92.0,11.5,4.2
2023-06-09 06:20:00+00:00,20.0,92.0,11.5,4.2
2023-06-09 06:30:00+00:00,21.0,93.0,11.5,4.2
2023-06-09 06:40:00+00:00,20.5,93.0,11.5,4.2
2023-06-09 06:50:00+00:00,20.0,94.0,11.5,4.2
2023-06-09 07:00:00+00:00,19.9,93.0,11.5,4.2
2023-06-09 07:10:00+00:00,19.9,92.0,11.5,4.2
2023-06-09 07:20:00+00:00,20.0,92.0,11.5,4.2
2023-06-09 07:30:00+00:00,20.1,92.0,11.5,4.2
2023-06-09 07:40:00+00:00,20.7,92.0,11.5,4.2
2023-06-09 07:50:00+00:00,22.1,92.0,11.5,4.2
2023-06-09 08:00:00+00:00,22.0,92.0,11.5,4.2
2023-06-09 08:10:00+00:00,21.7,91.0,11.5,4.2
2023-06-09 08:20:00+00:00,21.9,91.0,11.5,4.2
2023-06-09 08:30:00+00:00,21.9,91.0,11.5,4.2
2023-06-09 08:40:00+00:00,21.6,91.0,11.5,4.2
2023-06-09 08:50:00+00:00,21.6,90.0,11.5,4.2
2023-06-09 09:00:00+00:00,22.0,90.0,11.5,4.2
2023-06-09 09:10:00+00:00,23.0,90.0,11.6,4.2
2023-06-09 09:20:00+00:00,23.1,91.0,11.6,4.2
2023-06-09 09:30:00+00:00,24.0,92.0,11.6,4.2
2023-06-09 09:40:00+00:00,24.6,93.0,11.6,4.2
2023-06-09 09:50:00+00:00,25.3,94.0,11.6,4.2
2023-06-09 10:00:00+00:00,25.6,94.0,11.6,4.2
2023-06-09 10:10:00+00:00,25.8,95.0,11.6,4.2
2023-06-09 10:20:00+00:00,26.3,96.0,11.6,4.2
2023-06-09 10:30:00+00:00,25.7,95.0,11.5,4.2
2023-06-09 10:40:00+00:00,24.9,93.0,11.5,4.2
2023-06-09 10:50:00+00:00,24.2,92.0,11.5,4.2
2023-06-09 11:00:00+00:00,23.6,91.0,11.5,4.2
2023-06-09 11:10:00+00:00,23.2,90.0,11.5,4.2
2023-06-09 11:20:00+00:00,22.8,90.0,11.5,4.2
2023-06-09 11:30:00+00:00,22.4,89.0,11.5,4.2
2023-06-09 11:40:00+00:00,22.0,89.0,11.5,4.2
2023-06-09 11:50:00+00:00,21.6,88.0,11.5,4.2
2023-06-09 12:00:00+00:00,21.3,88.0,11.5,4.2
2023-06-09 12:10:00+00:00,21.1,87.0,11.5,4.2
2023-06-09 12:20:00+00:00,20.9,87.0,11.5,4.2
2023-06-09 12:30:00+00:00,20.8,87.0,11.5,4.2
2023-06-09 12:40:00+00:00,20.5,87.0,11.5,4.2
2023-06-09 12:50:00+00:00,20.3,86.0,11.5,4.2
2023-06-09 13:00:00+00:00,20.1,86.0,11.5,4.2
2023-06-09 13:10:00+00:00,20.1,86.0,11.5,4.2
2023-06-09 13:20:00+00:00,19.9,86.0,11.5,4.2
2023-06-09 13:30:00+00:00,19.6,86.0,11.5,4.2
2023-06-09 13:40:00+00:00,19.6,85.0,11.5,4.2
2023-06-09 13:50:00+00:00,19.4,85.0,11.5,4.2
2023-06-09 14:00:00+00:00,19.3,85.0,11.5,4.2
2023-06-09 14:10:00+00:00,19.1,85.0,11.4,4.2
2023-06-09 14:20:00+00:00,19.1,85.0,11.4,4.2
2023-06-09 14:30:00+00:00,19.0,85.0,11.5,4.2
2023-06-09 14:40:00+00:00,19.0,85.0,11.5,4.2
2023-06-09 14:50:00+00:00,19.0,85.0,11.5,4.2
2023-06-09 15:00:00+00:00,19.0,85.0,11.5,4.2
2023-06-09 15:10:00+00:00,18.9,85.0,11.5,4.2
2023-06-09 15:20:00+00:00,18.9,85.0,11.5,4.2
2023-06-09 15:30:00+00:00,18.9,85.0,11.5,4.2
2023-06-09 15:40:00+00:00,18.8,85.0,11.4,4.2
2023-06-09 15:50:00+00:00,18.8,85.0,11.5,4.2
2023-06-09 16:00:00+00:00,18.7,85.0,11.5,4.2
2023-06-09 16:10:00+00:00,18.6,85.0,11.4,4.2
2023-06-09 16:20:00+00:00,18.5,85.0,11.4,4.2
2023-06-09 16:30:00+00:00,18.3,85.0,11.5,4.2
2023-06-09 16:40:00+00:00,18.2,85.0,11.4,4.2
2023-06-09 16:50:00+00:00,18.1,84.0,11.4,4.2
2023-06-09 17:00:00+00:00,18.0,84.0,11.4,4.2
2023-06-09 17:10:00+00:00,18.0,84.0,11.4,4.2
2023-06-09 17:20:00+00:00,17.9,84.0,11.4,4.2
2023-06-09 17:30:00+00:00,17.8,84.0,11.4,4.2
2023-06-09 17:40:00+00:00,17.8,84.0,11.4,4.2
2023-06-09 17:50:00+00:00,17.8,84.0,11.4,4.2
2023-06-09 18:00:00+00:00,17.8,84.0,11.4,4.2
2023-06-09 18:10:00+00:00,17.6,84.0,11.4,4.2
2023-06-09 18:20:00+00:00,17.6,85.0,11.4,4.2
2023-06-09 18:30:00+00:00,17.5,84.0,11.4,4.0
2023-06-09 18:40:00+00:00,17.3,84.0,11.4,3.5
2023-06-09 18:50:00+00:00,17.3,84.0,11.4,3.6
2023-06-09 19:00:00+00:00,17.1,84.0,11.4,3.5
2023-06-09 19:10:00+00:00,17.0,84.0,11.4,3.2
2023-06-09 19:20:00+00:00,17.0,84.0,11.4,2.7
2023-06-09 19:30:00+00:00,16.8,84.0,11.4,2.1
2023-06-09 19:40:00+00:00,16.8,84.0,11.4,1.5
2023-06-09 19:50:00+00:00,16.7,84.0,11.4,1.0
2023-06-09 20:00:00+00:00,16.6,84.0,11.4,0.7
2023-06-09 20:10:00+00:00,16.5,84.0,11.4,0.6
2023-06-09 20:20:00+00:00,16.5,84.0,11.4,0.6
2023-06-09 20:30:00+00:00,16.4,84.0,11.4,0.6
2023-06-09 20:40:00+00:00,16.4,84.0,11.4,0.6
2023-06-09 20:50:00+00:00,16.4,84.0,11.4,0.6
2023-06-09 21:00:00+00:00,16.4,84.0,11.4,0.6
2023-06-09 21:10:00+00:00,16.4,84.0,11.4,0.6
2023-06-09 21:20:00+00:00,16.3,84.0,11.4,0.6
2023-06-09 21:30:00+00:00,16.3,84.0,11.4,0.6
2023-06-09 21:40:00+00:00,16.3,84.0,11.4,0.4
2023-06-09 21:50:00+00:00,16.3,84.0,11.4,0.6
2023-06-09 22:00:00+00:00,16.2,84.0,11.4,0.6
2023-06-09 22:10:00+00:00,16.1,84.0,11.4,0.4
2023-06-09 22:20:00+00:00,16.1,84.0,11.4,0.6
2023-06-09 22:30:00+00:00,16.1,84.0,11.4,0.4
2023-06-09 22:40:00+00:00,16.1,84.0,11.4,0.6
2023-06-09 22:50:00+00:00,16.1,84.0,11.4,0.6
2023-06-09 23:00:00+00:00,16.1,84.0,11.4,0.6
2023-06-09 23:10:00+00:00,16.1,84.0,11.4,0.6
2023-06-09 23:20:00+00:00,16.0,84.0,11.4,0.6
2023-06-09 23:30:00+00:00,16.0,84.0,11.4,0.6
2023-06-09 23:40:00+00:00,16.0,84.0,11.4,0.4
2023-06-09 23:50:00+00:00,16.0,84.0,11.4,0.6
2023-06-10 00:00:00+00:00,15.9,84.0,11.4,0.6
2023-06-10 00:10:00+00:00,15.9,84.0,11.4,0.6
2023-06-10 00:20:00+00:00,15.8,84.0,11.4,0.6
2023-06-10 00:30:00+00:00,15.8,84.0,11.4,0.6
2023-06-10 00:40:00+00:00,15.8,84.0,11.4,0.6
2023-06-10 00:50:00+00:00,15.7,84.0,11.4,0.6
2023-06-10 01:00:00+00:00,15.7,84.0,11.4,0.6
2023-06-10 01:10:00+00:00,15.6,84.0,11.4,0.7
2023-06-10 01:20:00+00:00,15.5,84.0,11.4,0.9
2023-06-10 01:30:00+00:00,15.5,84.0,11.4,1.1
2023-06-10 01:40:00+00:00,15.3,84.0,11.4,1.9
2023-06-10 01:50:00+00:00,15.4,84.0,11.4,2.6
2023-06-10 02:00:00+00:00,15.3,84.0,11.4,3.3
2023-06-10 02:10:00+00:00,15.2,84.0,11.4,3.4
2023-06-10 02:20:00+00:00,15.2,84.0,11.4,4.0
2023-06-10 02:30:00+00:00,15.2,84.0,11.4,4.2
2023-06-10 02:40:00+00:00,15.2,84.0,11.4,4.2
2023-06-10 02:50:00+00:00,15.2,84.0,11.4,4.2
2023-06-10 03:00:00+00:00,15.3,84.0,11.4,4.2
2023-06-10 03:10:00+00:00,15.38,84.2,11.4,4.2
2023-06-10 03:20:00+00:00,15.46,84.4,11.4,4.2
2023-06-10 03:30:00+00:00,15.540000000000001,84.6,11.4,4.2
2023-06-10 03:40:00+00:00,15.620000000000001,84.8,11.4,4.2
2023-06-10 03:50:00+00:00,15.700000000000001,85.0,11.4,4.2
2023-06-10 04:00:00+00:00,15.780000000000001,85.2,11.4,4.2
2023-06-10 04:10:00+00:00,15.860000000000001,85.4,11.4,4.2
2023-06-10 04:20:00+00:00,15.940000000000001,85.6,11.4,4.2
2023-06-10 04:30:00+00:00,16.020000000000003,85.8,11.4,4.2
2023-06-10 04:40:00+00:00,16.1,86.0,11.4,4.2
2023-06-10 04:50:00+00:00,16.0,85.0,11.5,4.2
2023-06-10 05:00:00+00:00,16.2,85.0,11.4,4.2
2023-06-10 05:10:00+00:00,17.7,86.0,11.4,4.2
2023-06-10 05:20:00+00:00,18.6,86.0,11.5,4.2
2023-06-10 05:30:00+00:00,19.1,90.0,11.5,4.2
2023-06-10 05:40:00+00:00,18.5,92.0,11.5,4.2
2023-06-10 05:50:00+00:00,18.5,91.0,11.5,4.2
2023-06-10 06:00:00+00:00,18.5,92.0,11.5,4.2
2023-06-10 06:10:00+00:00,18.6,92.0,11.5,4.2
2023-06-10 06:20:00+00:00,19.0,92.0,11.5,4.2
2023-06-10 06:30:00+00:00,20.0,91.0,11.5,4.2
2023-06-10 06:40:00+00:00,19.6,92.0,11.5,4.2
2023-06-10 06:50:00+00:00,19.0,92.0,11.5,4.2
2023-06-10 07:00:00+00:00,18.9,91.0,11.5,4.2
2023-06-10 07:10:00+00:00,18.8,91.0,11.5,4.2
2023-06-10 07:20:00+00:00,18.8,91.0,11.5,4.2
2023-06-10 07:30:00+00:00,19.1,91.0,11.5,4.2
2023-06-10 07:40:00+00:00,19.6,91.0,11.5,4.2
2023-06-10 07:50:00+00:00,20.6,90.0,11.5,4.2
2023-06-10 08:00:00+00:00,21.1,91.0,11.5,4.2
2023-06-10 08:10:00+00:00,20.6,90.0,11.5,4.2
2023-06-10 08:20:00+00:00,20.5,90.0,11.5,4.2
2023-06-10 08:30:00+00:00,20.7,90.0,11.5,4.2
2023-06-10 08:40:00+00:00,20.6,90.0,11.5,4.2
2023-06-10 08:50:00+00:00,20.3,89.0,11.5,4.2
2023-06-10 09:00:00+00:00,20.6,89.0,11.5,4.2
2023-06-10 09:10:00+00:00,22.0,89.0,11.6,4.2
2023-06-10 09:20:00+00:00,22.2,90.0,11.6,4.2
2023-06-10 09:30:00+00:00,23.0,91.0,11.6,4.2
2023-06-10 09:40:00+00:00,23.8,92.0,11.6,4.2
2023-06-10 09:50:00+00:00,24.6,93.0,11.6,4.2
2023-06-10 10:00:00+00:00,25.3,94.0,11.6,4.2
2023-06-10 10:10:00+00:00,25.5,94.0,11.6,4.2
2023-06-10 10:20:00+00:00,25.8,95.0,11.6,4.2
2023-06-10 10:30:00+00:00,25.3,95.0,11.5,4.2
2023-06-10 10:40:00+00:00,24.5,93.0,11.5,4.2
2023-06-10 10:50:00+00:00,23.8,92.0,11.5,4.2
2023-06-10 11:00:00+00:00,23.2,90.0,11.5,4.2
2023-06-10 11:10:00+00:00,22.6,90.0,11.5,4.2
2023-06-10 11:20:00+00:00,22.1,89.0,11.5,4.2
2023-06-10 11:30:00+00:00,21.7,88.0,11.5,4.2
2023-06-10 11:40:00+00:00,21.3,88.0,11.5,4.2
2023-06-10 11:50:00+00:00,20.9,87.0,11.5,4.2
2023-06-10 12:00:00+00:00,20.6,86.0,11.5,4.2
2023-06-10 12:10:00+00:00,20.4,86.0,11.5,4.2
2023-06-10 12:20:00+00:00,20.1,86.0,11.5,4.2
2023-06-10 12:30:00+00:00,20.0,86.0,11.5,4.2
2023-06-10 12:40:00+00:00,19.7,85.0,11.5,4.2
2023-06-10 12:50:00+00:00,19.5,85.0,11.5,4.2
2023-06-10 13:00:00+00:00,19.3,85.0,11.5,4.2
2023-06-10 13:10:00+00:00,19.1,85.0,11.5,4.2
2023-06-10 13:20:00+00:00,19.0,85.0,11.4,4.2
2023-06-10 13:30:00+00:00,18.9,84.0,11.5,4.2
2023-06-10 13:40:00+00:00,18.7,85.0,11.5,4.2
2023-06-10 13:50:00+00:00,18.6,84.0,11.4,4.2
2023-06-10 14:00:00+00:00,18.4,84.0,11.4,4.2
2023-06-10 14:10:00+00:00,18.3,84.0,11.4,4.2
2023-06-10 14:20:00+00:00,18.1,84.0,11.4,4.2
2023-06-10 14:30:00+00:00,18.0,84.0,11.4,4.2
2023-06-10 14:40:00+00:00,18.0,84.0,11.4,4.2
2023-06-10 14:50:00+00:00,18.0,84.0,11.4,4.2
2023-06-10 15:00:00+00:00,17.9,84.0,11.4,4.2
2023-06-10 15:10:00+00:00,17.8,84.0,11.5,4.2
2023-06-10 15:20:00+00:00,17.7,84.0,11.4,4.2
2023-06-10 15:30:00+00:00,17.6,84.0,11.4,4.2
2023-06-10 15:40:00+00:00,17.6,84.0,11.5,4.2
2023-06-10 15:50:00+00:00,17.5,84.0,11.5,4.2
2023-06-10 16:00:00+00:00,17.5,84.0,11.4,4.2
2023-06-10 16:10:00+00:00,17.5,84.0,11.4,4.2
2023-06-10 16:20:00+00:00,17.4,84.0,11.4,4.2
2023-06-10 16:30:00+00:00,17.3,84.0,11.4,4.2
2023-06-10 16:40:00+00:00,17.2,84.0,11.4,4.2
2023-06-10 16:50:00+00:00,17.1,84.0,11.4,4.2
2023-06-10 17:00:00+00:00,17.1,84.0,11.4,4.2
2023-06-10 17:10:00+00:00,17.0,84.0,11.4,4.2
2023-06-10 17:20:00+00:00,17.0,84.0,11.4,4.2
2023-06-10 17:30:00+00:00,16.9,84.0,11.4,4.2
2023-06-10 17:40:00+00:00,16.8,83.0,11.4,4.2
2023-06-10 17:50:00+00:00,16.7,83.0,11.4,4.2
2023-06-10 18:00:00+00:00,16.6,83.0,11.4,4.2
2023-06-10 18:10:00+00:00,16.6,83.0,11.4,4.2
2023-06-10 18:20:00+00:00,16.5,83.0,11.4,4.2
2023-06-10 18:30:00+00:00,16.5,83.0,11.4,4.0
2023-06-10 18:40:00+00:00,16.3,83.0,11.4,3.8
2023-06-10 18:50:00+00:00,16.3,83.0,11.4,3.6
2023-06-10 19:00:00+00:00,16.1,84.0,11.4,3.5
2023-06-10 19:10:00+00:00,16.1,83.0,11.4,3.3
2023-06-10 19:20:00+00:00,16.1,83.0,11.4,3.0
2023-06-10 19:30:00+00:00,16.0,83.0,11.4,2.6
2023-06-10 19:40:00+00:00,16.0,83.0,11.4,1.7
2023-06-10 19:50:00+00:00,15.9,83.0,11.4,1.2
2023-06-10 20:00:00+00:00,15.8,83.0,11.4,0.8
2023-06-10 20:10:00+00:00,15.7,83.0,11.4,0.7
2023-06-10 20:20:00+00:00,15.7,83.0,11.4,0.6
2023-06-10 20:30:00+00:00,15.6,83.0,11.4,0.6
2023-06-10 20:40:00+00:00,15.5,83.0,11.4,0.6
2023-06-10 20:50:00+00:00,15.5,83.0,11.4,0.6
2023-06-10 21:00:00+00:00,15.4,83.0,11.4,0.5
2023-06-10 21:10:00+00:00,15.3,83.0,11.4,0.6
2023-06-10 21:20:00+00:00,15.2,83.0,11.4,0.5
2023-06-10 21:30:00+00:00,15.2,83.0,11.4,0.4
2023-06-10 21:40:00+00:00,15.1,83.0,11.4,0.6
2023-06-10 21:50:00+00:00,15.1,83.0,11.4,0.5
2023-06-10 22:00:00+00:00,15.0,83.0,11.4,0.6
2023-06-10 22:10:00+00:00,15.0,83.0,11.4,0.6
2023-06-10 22:20:00+00:00,15.0,83.0,11.4,0.6
2023-06-10 22:30:00+00:00,15.0,83.0,11.4,0.6
2023-06-10 22:40:00+00:00,15.0,83.0,11.4,0.6
2023-06-10 22:50:00+00:00,14.9,83.0,11.4,0.6
2023-06-10 23:00:00+00:00,14.9,83.0,11.4,0.6
2023-06-10 23:10:00+00:00,14.8,83.0,11.4,0.6
2023-06-10 23:20:00+00:00,14.8,83.0,11.4,0.6
2023-06-10 23:30:00+00:00,14.7,83.0,11.4,0.6
2023-06-10 23:40:00+00:00,14.6,83.0,11.4,0.6
2023-06-10 23:50:00+00:00,14.6,83.0,11.4,0.6
2023-06-11 00:00:00+00:00,14.6,83.0,11.4,0.4
2023-06-11 00:10:00+00:00,14.5,83.0,11.4,0.6
2023-06-11 00:20:00+00:00,14.5,83.0,11.4,0.6
2023-06-11 00:30:00+00:00,14.5,83.0,11.4,0.6
2023-06-11 00:40:00+00:00,14.5,83.0,11.4,0.6
2023-06-11 00:50:00+00:00,14.4,83.0,11.4,0.6
2023-06-11 01:00:00+00:00,14.3,83.0,11.4,0.6
2023-06-11 01:10:00+00:00,14.4,83.0,11.4,0.7
2023-06-11 01:20:00+00:00,14.3,83.0,11.4,0.9
2023-06-11 01:30:00+00:00,14.2,83.0,11.4,1.4
2023-06-11 01:40:00+00:00,14.2,83.0,11.4,2.1
2023-06-11 01:50:00+00:00,14.1,83.0,11.4,2.8
2023-06-11 02:00:00+00:00,14.1,83.0,11.4,3.4
2023-06-11 02:10:00+00:00,14.0,83.0,11.4,3.4
2023-06-11 02:20:00+00:00,14.0,83.0,11.4,4.0
2023-06-11 02:30:00+00:00,14.0,83.0,11.4,4.2
2023-06-11 02:40:00+00:00,13.9,83.0,11.4,4.2
2023-06-11 02:50:00+00:00,14.0,83.0,11.4,4.2
2023-06-11 03:00:00+00:00,14.0,83.0,11.4,4.2
2023-06-11 03:10:00+00:00,14.0,83.0,11.4,4.2
2023-06-11 03:20:00+00:00,14.0,83.0,11.4,4.2
2023-06-11 03:30:00+00:00,14.1,83.0,11.4,4.2
2023-06-11 03:40:00+00:00,14.1,83.0,11.4,4.2
2023-06-11 03:50:00+00:00,14.3,83.0,11.4,4.2
2023-06-11 04:00:00+00:00,14.4,83.0,11.4,4.2
2023-06-11 04:10:00+00:00,14.5,83.0,11.4,4.2
2023-06-11 04:20:00+00:00,14.6,84.0,11.4,4.2
2023-06-11 04:30:00+00:00,14.8,84.0,11.4,4.2
2023-06-11 04:40:00+00:00,14.9,84.0,11.5,4.2
2023-06-11 04:50:00+00:00,15.1,84.0,11.5,4.2
2023-06-11 05:00:00+00:00,15.3,84.0,11.4,4.2
2023-06-11 05:10:00+00:00,17.0,85.0,11.4,4.2
2023-06-11 05:20:00+00:00,18.0,86.0,11.5,4.2
2023-06-11 05:30:00+00:00,18.8,90.0,11.5,4.2
2023-06-11 05:40:00+00:00,18.1,91.0,11.5,4.2
2023-06-11 05:50:00+00:00,17.9,91.0,11.5,4.2
2023-06-11 06:00:00+00:00,18.2,91.0,11.5,4.2
2023-06-11 06:10:00+00:00,18.1,91.0,11.5,4.2
2023-06-11 06:20:00+00:00,18.6,91.0,11.5,4.2
2023-06-11 06:30:00+00:00,19.6,91.0,11.5,4.2
2023-06-11 06:40:00+00:00,19.1,91.0,11.5,4.2
2023-06-11 06:50:00+00:00,18.5,91.0,11.5,4.2
2023-06-11 07:00:00+00:00,18.5,91.0,11.5,4.2
2023-06-11 07:10:00+00:00,18.3,91.0,11.5,4.2
2023-06-11 07:20:00+00:00,18.4,91.0,11.5,4.2
2023-06-11 07:30:00+00:00,18.6,91.0,11.5,4.2
2023-06-11 07:40:00+00:00,19.2,91.0,11.5,4.2
2023-06-11 07:50:00+00:00,20.6,91.0,11.5,4.2
2023-06-11 08:00:00+00:00,20.9,91.0,11.5,4.2
2023-06-11 08:10:00+00:00,20.2,91.0,11.5,4.2
2023-06-11 08:20:00+00:00,20.3,91.0,11.5,4.2
2023-06-11 08:30:00+00:00,20.5,90.0,11.5,4.2
2023-06-11 08:40:00+00:00,20.2,90.0,11.5,4.2
2023-06-11 08:50:00+00:00,20.1,90.0,11.5,4.2
2023-06-11 09:00:00+00:00,20.5,90.0,11.5,4.2
2023-06-11 09:10:00+00:00,21.7,90.0,11.6,4.2
2023-06-11 09:20:00+00:00,21.8,90.0,11.6,4.2
2023-06-11 09:30:00+00:00,22.9,91.0,11.6,4.2
2023-06-11 09:40:00+00:00,23.8,92.0,11.6,4.2
2023-06-11 09:50:00+00:00,24.6,93.0,11.6,4.2
2023-06-11 10:00:00+00:00,25.1,94.0,11.6,4.2
2023-06-11 10:10:00+00:00,25.5,95.0,11.6,4.2
2023-06-11 10:20:00+00:00,25.8,96.0,11.6,4.2
2023-06-11 10:30:00+00:00,25.3,95.0,11.5,4.2
2023-06-11 10:40:00+00:00,24.5,93.0,11.5,4.2
2023-06-11 10:50:00+00:00,23.8,92.0,11.5,4.2
2023-06-11 11:00:00+00:00,23.1,90.0,11.5,4.2
2023-06-11 11:10:00+00:00,22.6,89.0,11.5,4.2
2023-06-11 11:20:00+00:00,22.2,88.0,11.5,4.2
2023-06-11 11:30:00+00:00,21.8,88.0,11.5,4.2
2023-06-11 11:40:00+00:00,21.4,88.0,11.5,4.2
2023-06-11 11:50:00+00:00,21.0,87.0,11.5,4.2
2023-06-11 12:00:00+00:00,20.8,86.0,11.5,4.2
2023-06-11 12:10:00+00:00,20.5,86.0,11.5,4.2
2023-06-11 12:20:00+00:00,20.2,86.0,11.5,4.2
2023-06-11 12:30:00+00:00,20.0,86.0,11.5,4.2
2023-06-11 12:40:00+00:00,19.9,85.0,11.5,4.2
2023-06-11 12:50:00+00:00,19.6,85.0,11.5,4.2
2023-06-11 13:00:00+00:00,19.5,85.0,11.5,4.2
2023-06-11 13:10:00+00:00,19.3,84.0,11.5,4.2
2023-06-11 13:20:00+00:00,19.1,84.0,11.5,4.2
2023-06-11 13:30:00+00:00,19.0,84.0,11.5,4.2
2023-06-11 13:40:00+00:00,18.8,84.0,11.5,4.2
2023-06-11 13:50:00+00:00,18.6,84.0,11.5,4.2
2023-06-11 14:00:00+00:00,18.6,84.0,11.5,4.2
2023-06-11 14:10:00+00:00,18.5,84.0,11.5,4.2
2023-06-11 14:20:00+00:00,18.4,84.0,11.5,4.2
2023-06-11 14:30:00+00:00,18.3,84.0,11.5,4.2
2023-06-11 14:40:00+00:00,18.2,84.0,11.5,4.2
2023-06-11 14:50:00+00:00,18.1,84.0,11.5,4.2
2023-06-11 15:00:00+00:00,18.0,84.0,11.5,4.2
2023-06-11 15:10:00+00:00,18.0,84.0,11.5,4.2
2023-06-11 15:20:00+00:00,17.8,84.0,11.5,4.2
2023-06-11 15:30:00+00:00,17.8,84.0,11.5,4.2
2023-06-11 15:40:00+00:00,17.7,84.0,11.5,4.2
2023-06-11 15:50:00+00:00,17.6,83.0,11.5,4.2
2023-06-11 16:00:00+00:00,17.6,83.0,11.5,4.2
2023-06-11 16:10:00+00:00,17.4,83.0,11.5,4.2
2023-06-11 16:20:00+00:00,17.4,83.0,11.5,4.2
2023-06-11 16:30:00+00:00,17.3,83.0,11.5,4.2
2023-06-11 16:40:00+00:00,17.3,83.0,11.4,4.2
2023-06-11 16:50:00+00:00,17.1,83.0,11.5,4.2
2023-06-11 17:00:00+00:00,17.1,83.0,11.5,4.2
2023-06-11 17:10:00+00:00,17.0,83.0,11.5,4.2
2023-06-11 17:20:00+00:00,17.0,83.0,11.4,4.2
2023-06-11 17:30:00+00:00,16.8,83.0,11.4,4.2
2023-06-11 17:40:00+00:00,16.8,83.0,11.4,4.2
2023-06-11 17:50:00+00:00,16.7,83.0,11.4,4.2
2023-06-11 18:00:00+00:00,16.6,83.0,11.4,4.2
2023-06-11 18:10:00+00:00,16.5,83.0,11.4,4.2
2023-06-11 18:20:00+00:00,16.5,83.0,11.4,4.0
2023-06-11 18:30:00+00:00,16.3,83.0,11.4,3.9
2023-06-11 18:40:00+00:00,16.2,83.0,11.4,3.6
2023-06-11 18:50:00+00:00,16.1,83.0,11.4,3.6
2023-06-11 19:00:00+00:00,16.1,83.0,11.4,3.5
2023-06-11 19:10:00+00:00,16.0,83.0,11.4,3.4
2023-06-11 19:20:00+00:00,16.0,82.0,11.4,3.0
2023-06-11 19:30:00+00:00,15.9,83.0,11.4,2.3
2023-06-11 19:40:00+00:00,15.8,82.0,11.4,1.9
2023-06-11 19:50:00+00:00,15.7,82.0,11.4,1.2
2023-06-11 20:00:00+00:00,15.6,82.0,11.4,0.8
2023-06-11 20:10:00+00:00,15.6,83.0,11.4,0.7
2023-06-11 20:20:00+00:00,15.6,82.0,11.4,0.6
2023-06-11 20:30:00+00:00,15.5,82.0,11.4,0.6
2023-06-11 20:40:00+00:00,15.4,82.0,11.4,0.4
2023-06-11 20:50:00+00:00,15.4,83.0,11.4,0.4
2023-06-11 21:00:00+00:00,15.3,82.0,11.4,0.6
2023-06-11 21:10:00+00:00,15.3,83.0,11.4,0.6
2023-06-11 21:20:00+00:00,15.2,82.0,11.4,0.6
2023-06-11 21:30:00+00:00,15.1,82.0,11.4,0.4
2023-06-11 21:40:00+00:00,15.1,82.0,11.4,0.6
2023-06-11 21:50:00+00:00,15.0,82.0,11.4,0.6
2023-06-11 22:00:00+00:00,15.0,82.0,11.4,0.6
2023-06-11 22:10:00+00:00,15.0,82.0,11.4,0.6
2023-06-11 22:20:00+00:00,14.8,82.0,11.4,0.6
2023-06-11 22:30:00+00:00,14.6,82.0,11.4,0.6
2023-06-11 22:40:00+00:00,14.6,82.0,11.4,0.4
2023-06-11 22:50:00+00:00,14.6,82.0,11.4,0.6
2023-06-11 23:00:00+00:00,14.5,82.0,11.4,0.6
2023-06-11 23:10:00+00:00,14.5,82.0,11.4,0.6
2023-06-11 23:20:00+00:00,14.3,82.0,11.4,0.6
2023-06-11 23:30:00+00:00,14.3,82.0,11.4,0.6
2023-06-11 23:40:00+00:00,14.2,82.0,11.4,0.5
2023-06-11 23:50:00+00:00,14.2,82.0,11.4,0.6
2023-06-12 00:00:00+00:00,14.1,82.0,11.4,0.6
2023-06-12 00:10:00+00:00,14.1,82.0,11.4,0.4
2023-06-12 00:20:00+00:00,14.1,82.0,11.4,0.6
2023-06-12 00:30:00+00:00,14.0,81.0,11.4,0.6
2023-06-12 00:40:00+00:00,14.0,82.0,11.4,0.6
2023-06-12 00:50:00+00:00,14.0,82.0,11.4,0.6
2023-06-12 01:00:00+00:00,13.8,82.0,11.4,0.6
2023-06-12 01:10:00+00:00,13.8,82.0,11.4,0.8
2023-06-12 01:20:00+00:00,13.7,82.0,11.4,1.0
2023-06-12 01:30:00+00:00,13.6,82.0,11.4,1.5
2023-06-12 01:40:00+00:00,13.6,82.0,11.4,2.3
2023-06-12 01:50:00+00:00,13.5,82.0,11.4,3.0
2023-06-12 02:00:00+00:00,13.5,82.0,11.4,3.4
2023-06-12 02:10:00+00:00,13.4,82.0,11.4,3.4
2023-06-12 02:20:00+00:00,13.3,82.0,11.4,4.0
2023-06-12 02:30:00+00:00,13.3,82.0,11.4,4.2
2023-06-12 02:40:00+00:00,13.4,82.0,11.4,4.2
2023-06-12 02:50:00+00:00,13.3,82.0,11.4,4.2
2023-06-12 03:00:00+00:00,13.4,82.0,11.4,4.2
2023-06-12 03:10:00+00:00,13.5,82.0,11.4,4.2
2023-06-12 03:20:00+00:00,13.64,82.2,11.41,4.2
2023-06-12 03:30:00+00:00,13.78,82.4,11.42,4.2
2023-06-12 03:40:00+00:00,13.92,82.6,11.43,4.2
2023-06-12 03:50:00+00:00,14.06,82.8,11.44,4.2
2023-06-12 04:00:00+00:00,14.2,83.0,11.45,4.2
2023-06-12 04:10:00+00:00,14.34,83.2,11.46,4.2
2023-06-12 04:20:00+00:00,14.48,83.4,11.47,4.2
2023-06-12 04:30:00+00:00,14.620000000000001,83.6,11.48,4.2
2023-06-12 04:40:00+00:00,14.76,83.8,11.49,4.2
2023-06-12 04:50:00+00:00,14.9,84.0,11.5,4.2
2023-06-12 05:00:00+00:00,14.9,84.0,11.5,4.2
2023-06-12 05:10:00+00:00,16.1,84.0,11.4,4.2
2023-06-12 05:20:00+00:00,17.9,85.0,11.4,4.2
2023-06-12 05:30:00+00:00,18.9,89.0,11.5,4.2
2023-06-12 05:40:00+00:00,18.6,90.0,11.5,4.2
2023-06-12 05:50:00+00:00,18.6,91.0,11.5,4.2
2023-06-12 06:00:00+00:00,18.4,91.0,11.5,4.2
2023-06-12 06:10:00+00:00,18.6,91.0,11.5,4.2
2023-06-12 06:20:00+00:00,18.8,91.0,11.5,4.2
2023-06-12 06:30:00+00:00,19.7,91.0,11.5,4.2
2023-06-12 06:40:00+00:00,20.0,92.0,11.5,4.2
2023-06-12 06:50:00+00:00,19.4,92.0,11.5,4.2
2023-06-12 07:00:00+00:00,19.1,92.0,11.5,4.2
2023-06-12 07:10:00+00:00,19.0,92.0,11.5,4.2
2023-06-12 07:20:00+00:00,19.1,92.0,11.5,4.2
2023-06-12 07:30:00+00:00,19.4,92.0,11.5,4.2
2023-06-12 07:40:00+00:00,19.3,92.0,11.5,4.2
2023-06-12 07:50:00+00:00,20.3,92.0,11.5,4.2
2023-06-12 08:00:00+00:00,21.4,92.0,11.5,4.2
2023-06-12 08:10:00+00:00,20.8,92.0,11.5,4.2
2023-06-12 08:20:00+00:00,20.6,92.0,11.5,4.2
2023-06-12 08:30:00+00:00,21.0,92.0,11.5,4.2
2023-06-12 08:40:00+00:00,21.0,92.0,11.5,4.2
2023-06-12 08:50:00+00:00,20.6,92.0,11.5,4.2
2023-06-12 09:00:00+00:00,20.8,91.0,11.5,4.2
2023-06-12 09:10:00+00:00,21.6,91.0,11.6,4.2
2023-06-12 09:20:00+00:00,22.4,92.0,11.6,4.2
2023-06-12 09:30:00+00:00,22.8,92.0,11.6,4.2
2023-06-12 09:40:00+00:00,23.8,92.0,11.6,4.2
2023-06-12 09:50:00+00:00,24.8,93.0,11.6,4.2
2023-06-12 10:00:00+00:00,25.5,94.0,11.6,4.2
2023-06-12 10:10:00+00:00,25.7,94.0,11.6,4.2
2023-06-12 10:20:00+00:00,26.2,95.0,11.6,4.2
2023-06-12 10:30:00+00:00,26.1,95.0,11.6,4.2
2023-06-12 10:40:00+00:00,25.5,94.0,11.5,4.2
2023-06-12 10:50:00+00:00,24.5,92.0,11.5,4.2
2023-06-12 11:00:00+00:00,23.8,91.0,11.5,4.2
2023-06-12 11:10:00+00:00,23.2,90.0,11.5,4.2
2023-06-12 11:20:00+00:00,22.8,89.0,11.5,4.2
2023-06-12 11:30:00+00:00,22.4,88.0,11.5,4.2
2023-06-12 11:40:00+00:00,22.0,88.0,11.5,4.2
2023-06-12 11:50:00+00:00,21.6,87.0,11.5,4.2
2023-06-12 12:00:00+00:00,21.4,87.0,11.5,4.2
2023-06-12 12:10:00+00:00,21.0,86.0,11.5,4.2
2023-06-12 12:20:00+00:00,20.8,86.0,11.5,4.2
2023-06-12 12:30:00+00:00,20.5,86.0,11.5,4.2
2023-06-12 12:40:00+00:00,20.3,86.0,11.5,4.2
2023-06-12 12:50:00+00:00,20.1,85.0,11.5,4.2
2023-06-12 13:00:00+00:00,20.0,85.0,11.5,4.2
2023-06-12 13:10:00+00:00,19.8,85.0,11.5,4.2
2023-06-12 13:20:00+00:00,19.6,85.0,11.5,4.2
2023-06-12 13:30:00+00:00,19.3,84.0,11.5,4.2
2023-06-12 13:40:00+00:00,19.2,84.0,11.5,4.2
2023-06-12 13:50:00+00:00,19.0,84.0,11.5,4.2
2023-06-12 14:00:00+00:00,19.0,84.0,11.5,4.2
2023-06-12 14:10:00+00:00,18.8,84.0,11.5,4.2
2023-06-12 14:20:00+00:00,18.8,84.0,11.5,4.2
2023-06-12 14:30:00+00:00,18.6,84.0,11.5,4.2
2023-06-12 14:40:00+00:00,18.6,84.0,11.5,4.2
2023-06-12 14:50:00+00:00,18.5,84.0,11.5,4.2
2023-06-12 15:00:00+00:00,18.4,84.0,11.5,4.2
2023-06-12 15:10:00+00:00,18.3,84.0,11.5,4.2
2023-06-12 15:20:00+00:00,18.3,83.0,11.5,4.2
2023-06-12 15:30:00+00:00,18.2,84.0,11.5,4.2
2023-06-12 15:40:00+00:00,18.1,84.0,11.5,4.2
2023-06-12 15:50:00+00:00,18.0,83.0,11.5,4.2
2023-06-12 16:00:00+00:00,18.0,83.0,11.5,4.2
2023-06-12 16:10:00+00:00,17.8,83.0,11.5,4.2
2023-06-12 16:20:00+00:00,17.8,83.0,11.5,4.2
2023-06-12 16:30:00+00:00,17.6,83.0,11.5,4.2
2023-06-12 16:40:00+00:00,17.6,83.0,11.5,4.2
2023-06-12 16:50:00+00:00,17.5,83.0,11.5,4.2
2023-06-12 17:00:00+00:00,17.5,83.0,11.5,4.2
2023-06-12 17:10:00+00:00,17.4,83.0,11.5,4.2
2023-06-12 17:20:00+00:00,17.3,83.0,11.4,4.2
2023-06-12 17:30:00+00:00,17.2,83.0,11.5,4.2
2023-06-12 17:40:00+00:00,17.2,83.0,11.4,4.2
2023-06-12 17:50:00+00:00,17.1,83.0,11.4,4.2
2023-06-12 18:00:00+00:00,17.1,83.0,11.4,4.2
2023-06-12 18:10:00+00:00,17.1,83.0,11.4,4.2
2023-06-12 18:20:00+00:00,17.0,83.0,11.5,4.2
2023-06-12 18:30:00+00:00,17.0,83.0,11.45,4.2
2023-06-12 18:40:00+00:00,17.0,83.0,11.4,4.2
2023-06-12 18:50:00+00:00,16.8,83.0,11.4,4.2
2023-06-12 19:00:00+00:00,16.8,83.0,11.4,3.6
2023-06-12 19:10:00+00:00,16.6,83.0,11.4,3.5
2023-06-12 19:20:00+00:00,16.5,83.0,11.4,3.5
2023-06-12 19:30:00+00:00,16.5,82.0,11.4,2.9
2023-06-12 19:40:00+00:00,16.4,83.0,11.4,2.1
2023-06-12 19:50:00+00:00,16.3,82.0,11.4,1.3
2023-06-12 20:00:00+00:00,16.3,83.0,11.4,0.9
2023-06-12 20:10:00+00:00,16.1,83.0,11.4,0.7
2023-06-12 20:20:00+00:00,16.1,82.0,11.4,0.6
2023-06-12 20:30:00+00:00,16.1,83.0,11.4,0.4
2023-06-12 20:40:00+00:00,16.1,82.0,11.4,0.6
2023-06-12 20:50:00+00:00,16.1,83.0,11.4,0.6
2023-06-12 21:00:00+00:00,16.1,83.0,11.4,0.6
2023-06-12 21:10:00+00:00,16.0,82.0,11.4,0.6
2023-06-12 21:20:00+00:00,16.0,82.0,11.4,0.6
2023-06-12 21:30:00+00:00,15.9,82.0,11.4,0.6
2023-06-12 21:40:00+00:00,15.9,82.0,11.4,0.6
2023-06-12 21:50:00+00:00,16.0,82.0,11.4,0.6
2023-06-12 22:00:00+00:00,15.9,82.0,11.4,0.6
2023-06-12 22:10:00+00:00,15.9,82.0,11.4,0.6
2023-06-12 22:20:00+00:00,15.8,82.0,11.4,0.6
2023-06-12 22:30:00+00:00,15.8,82.0,11.4,0.6
2023-06-12 22:40:00+00:00,15.7,82.0,11.4,0.5
2023-06-12 22:50:00+00:00,15.7,82.0,11.4,0.6
2023-06-12 23:00:00+00:00,15.6,82.0,11.4,0.6
2023-06-12 23:10:00+00:00,15.6,82.0,11.4,0.6
2023-06-12 23:20:00+00:00,15.5,82.0,11.4,0.6
2023-06-12 23:30:00+00:00,15.5,82.0,11.4,0.6
2023-06-12 23:40:00+00:00,15.5,82.0,11.4,0.6
2023-06-12 23:50:00+00:00,15.5,82.0,11.4,0.6
2023-06-13 00:00:00+00:00,15.4,82.0,11.4,0.6
2023-06-13 00:10:00+00:00,15.4,82.0,11.4,0.6
2023-06-13 00:20:00+00:00,15.4,82.0,11.4,0.6
2023-06-13 00:30:00+00:00,15.4,82.0,11.4,0.6
2023-06-13 00:40:00+00:00,15.3,82.0,11.4,0.6
2023-06-13 00:50:00+00:00,15.3,82.0,11.4,0.6
2023-06-13 01:00:00+00:00,15.2,82.0,11.4,0.6
2023-06-13 01:10:00+00:00,15.1,82.0,11.4,0.6
2023-06-13 01:20:00+00:00,15.1,82.0,11.4,0.8
2023-06-13 01:30:00+00:00,15.1,82.0,11.4,1.1
2023-06-13 01:40:00+00:00,14.9,82.0,11.4,1.7
2023-06-13 01:50:00+00:00,14.8,82.0,11.4,2.6
2023-06-13 02:00:00+00:00,14.8,82.0,11.4,3.1
2023-06-13 02:10:00+00:00,14.6,82.0,11.4,3.2
2023-06-13 02:20:00+00:00,14.638461538461538,82.07692307692308,11.4,3.2769230769230773
2023-06-13 02:30:00+00:00,14.676923076923076,82.15384615384616,11.4,3.353846153846154
2023-06-13 02:40:00+00:00,14.715384615384615,82.23076923076923,11.4,3.430769230769231
2023-06-13 02:50:00+00:00,14.753846153846153,82.3076923076923,11.4,3.5076923076923077
2023-06-13 03:00:00+00:00,14.792307692307691,82.38461538461539,11.4,3.5846153846153848
2023-06-13 03:10:00+00:00,14.83076923076923,82.46153846153847,11.4,3.661538461538462
2023-06-13 03:20:00+00:00,14.86923076923077,82.53846153846153,11.4,3.7384615384615385
2023-06-13 03:30:00+00:00,14.907692307692308,82.61538461538461,11.4,3.8153846153846156
2023-06-13 03:40:00+00:00,14.946153846153846,82.6923076923077,11.4,3.8923076923076927
2023-06-13 03:50:00+00:00,14.984615384615385,82.76923076923077,11.4,3.9692307692307693
2023-06-13 04:00:00+00:00,15.023076923076923,82.84615384615384,11.4,4.046153846153846
2023-06-13 04:10:00+00:00,15.061538461538461,82.92307692307692,11.4,4.1230769230769235
2023-06-13 04:20:00+00:00,15.1,83.0,11.4,4.2
2023-06-13 04:30:00+00:00,15.1,83.0,11.45,4.2
2023-06-13 04:40:00+00:00,15.1,83.0,11.5,4.2
2023-06-13 04:50:00+00:00,15.2,83.0,11.5,4.2
2023-06-13 05:00:00+00:00,15.4,83.0,11.5,4.2
2023-06-13 05:10:00+00:00,15.8,83.0,11.4,4.2
2023-06-13 05:20:00+00:00,16.8,84.0,11.4,4.2
2023-06-13 05:30:00+00:00,16.2,85.0,11.4,4.2
2023-06-13 05:40:00+00:00,16.1,85.0,11.4,4.2
2023-06-13 05:50:00+00:00,16.1,84.0,11.4,4.2
2023-06-13 06:00:00+00:00,16.2,84.0,11.4,4.2
2023-06-13 06:10:00+00:00,16.3,84.0,11.5,4.2
2023-06-13 06:20:00+00:00,16.6,84.0,11.5,4.2
2023-06-13 06:30:00+00:00,17.2,85.0,11.5,4.2
2023-06-13 06:40:00+00:00,18.4,86.0,11.5,4.2
2023-06-13 06:50:00+00:00,18.1,88.0,11.5,4.2
2023-06-13 07:00:00+00:00,17.8,88.0,11.5,4.2
2023-06-13 07:10:00+00:00,17.7,89.0,11.5,4.2
2023-06-13 07:20:00+00:00,17.5,88.0,11.5,4.2
2023-06-13 07:30:00+00:00,17.4,86.0,11.5,4.2
2023-06-13 07:40:00+00:00,17.4,84.0,11.5,4.2
2023-06-13 07:50:00+00:00,17.7,84.0,11.5,4.2
2023-06-13 08:00:00+00:00,17.6,84.0,11.5,4.2
2023-06-13 08:10:00+00:00,17.5,84.0,11.5,4.2
2023-06-13 08:20:00+00:00,17.8,84.0,11.45,4.2
2023-06-13 08:30:00+00:00,17.6,84.0,11.5,4.2
2023-06-13 08:40:00+00:00,17.75,84.0,11.5,4.2
2023-06-13 08:50:00+00:00,17.9,84.0,11.5,4.2
2023-06-13 09:00:00+00:00,18.4,84.0,11.5,4.2
2023-06-13 09:10:00+00:00,18.5,85.0,11.5,4.2
2023-06-13 09:20:00+00:00,18.8,86.0,11.5,4.2
2023-06-13 09:30:00+00:00,19.7,86.0,11.5,4.2
2023-06-13 09:40:00+00:00,19.8,88.0,11.5,4.2
2023-06-13 09:50:00+00:00,20.6,88.0,11.5,4.2
2023-06-13 10:00:00+00:00,21.4,90.0,11.5,4.2
2023-06-13 10:10:00+00:00,21.1,90.0,11.5,4.2
2023-06-13 10:20:00+00:00,20.6,89.0,11.5,4.2
2023-06-13 10:30:00+00:00,20.5,89.0,11.5,4.2
2023-06-13 10:40:00+00:00,20.1,88.0,11.5,4.2
2023-06-13 10:50:00+00:00,19.8,87.0,11.5,4.2
2023-06-13 11:00:00+00:00,19.7,86.0,11.5,4.2
2023-06-13 11:10:00+00:00,19.6,86.0,11.5,4.2
2023-06-13 11:20:00+00:00,19.5,86.0,11.5,4.2
2023-06-13 11:30:00+00:00,19.3,86.0,11.5,4.2
2023-06-13 11:40:00+00:00,19.2,86.0,11.5,4.2
2023-06-13 11:50:00+00:00,19.1,86.0,11.5,4.2
2023-06-13 12:00:00+00:00,19.0,86.0,11.5,4.2
2023-06-13 12:10:00+00:00,19.1,85.0,11.5,4.2
2023-06-13 12:20:00+00:00,19.0,85.0,11.5,4.2
2023-06-13 12:30:00+00:00,18.8,85.0,11.5,4.2
2023-06-13 12:40:00+00:00,18.7,85.0,11.5,4.2
2023-06-13 12:50:00+00:00,18.6,85.0,11.5,4.2
2023-06-13 13:00:00+00:00,18.3,84.0,11.5,4.2
2023-06-13 13:10:00+00:00,18.3,84.0,11.5,4.2
2023-06-13 13:20:00+00:00,18.1,84.0,11.5,4.2
2023-06-13 13:30:00+00:00,18.1,84.0,11.5,4.2
2023-06-13 13:40:00+00:00,18.2,84.0,11.5,4.2
2023-06-13 13:50:00+00:00,18.1,84.0,11.5,4.2
2023-06-13 14:00:00+00:00,18.1,84.0,11.5,4.2
2023-06-13 14:10:00+00:00,18.1,84.0,11.5,4.2
2023-06-13 14:20:00+00:00,18.1,84.0,11.5,4.2
2023-06-13 14:30:00+00:00,18.2,84.0,11.5,4.2
2023-06-13 14:40:00+00:00,18.1,84.0,11.5,4.2
2023-06-13 14:50:00+00:00,17.9,84.0,11.5,4.2
2023-06-13 15:00:00+00:00,17.6,84.0,11.4,4.2
2023-06-13 15:10:00+00:00,17.6,83.0,11.4,4.2
2023-06-13 15:20:00+00:00,17.5,83.0,11.5,4.2
2023-06-13 15:30:00+00:00,17.4,83.0,11.4,4.2
2023-06-13 15:40:00+00:00,17.3,83.0,11.4,4.2
2023-06-13 15:50:00+00:00,17.3,83.0,11.5,4.2
2023-06-13 16:00:00+00:00,17.2,83.0,11.4,4.2
2023-06-13 16:10:00+00:00,17.1,83.0,11.4,4.2
2023-06-13 16:20:00+00:00,17.0,83.0,11.4,4.2
2023-06-13 16:30:00+00:00,16.8,83.0,11.4,4.2
2023-06-13 16:40:00+00:00,16.8,83.0,11.4,4.2
2023-06-13 16:50:00+00:00,16.7,82.0,11.4,4.2
2023-06-13 17:00:00+00:00,16.6,82.0,11.4,4.2
2023-06-13 17:10:00+00:00,16.6,82.0,11.4,4.2
2023-06-13 17:20:00+00:00,16.5,82.0,11.4,4.2
2023-06-13 17:30:00+00:00,16.4,82.0,11.4,4.2
2023-06-13 17:40:00+00:00,16.3,82.0,11.4,4.2
2023-06-13 17:50:00+00:00,16.4,82.0,11.4,4.2
2023-06-13 18:00:00+00:00,16.4,82.0,11.4,4.2
2023-06-13 18:10:00+00:00,16.3,82.0,11.4,4.2
2023-06-13 18:20:00+00:00,16.2,82.0,11.4,4.2
2023-06-13 18:30:00+00:00,16.2,82.0,11.4,4.1
2023-06-13 18:40:00+00:00,16.1,82.0,11.4,4.0
2023-06-13 18:50:00+00:00,16.0,82.0,11.4,3.8
2023-06-13 19:00:00+00:00,15.9,82.0,11.4,3.4
2023-06-13 19:10:00+00:00,15.8,82.0,11.4,3.4
2023-06-13 19:20:00+00:00,15.8,82.0,11.4,3.3
2023-06-13 19:30:00+00:00,15.7,82.0,11.4,3.0
2023-06-13 19:40:00+00:00,15.6,82.0,11.4,2.3
2023-06-13 19:50:00+00:00,15.6,82.0,11.4,1.5
2023-06-13 20:00:00+00:00,15.6,82.0,11.4,1.0
2023-06-13 20:10:00+00:00,15.5,82.0,11.4,0.7
2023-06-13 20:20:00+00:00,15.5,82.0,11.4,0.6
2023-06-13 20:30:00+00:00,15.495744680851065,82.04255319148936,11.4,0.676595744680851
2023-06-13 20:40:00+00:00,15.491489361702127,82.08510638297872,11.4,0.7531914893617021
2023-06-13 20:50:00+00:00,15.487234042553192,82.12765957446808,11.4,0.8297872340425532
2023-06-13 21:00:00+00:00,15.482978723404255,82.17021276595744,11.4,0.9063829787234042
2023-06-13 21:10:00+00:00,15.47872340425532,82.2127659574468,11.4,0.9829787234042553
2023-06-13 21:20:00+00:00,15.474468085106382,82.25531914893617,11.4,1.0595744680851062
2023-06-13 21:30:00+00:00,15.470212765957447,82.29787234042553,11.4,1.1361702127659574
2023-06-13 21:40:00+00:00,15.465957446808511,82.34042553191489,11.4,1.2127659574468086
2023-06-13 21:50:00+00:00,15.461702127659574,82.38297872340425,11.4,1.2893617021276595
2023-06-13 22:00:00+00:00,15.457446808510639,82.42553191489361,11.4,1.3659574468085105
2023-06-13 22:10:00+00:00,15.453191489361702,82.46808510638297,11.4,1.4425531914893617
2023-06-13 22:20:00+00:00,15.448936170212766,82.51063829787235,11.4,1.5191489361702128
2023-06-13 22:30:00+00:00,15.44468085106383,82.55319148936171,11.4,1.5957446808510638
2023-06-13 22:40:00+00:00,15.440425531914894,82.59574468085107,11.4,1.6723404255319148
2023-06-13 22:50:00+00:00,15.436170212765958,82.63829787234043,11.4,1.7489361702127662
2023-06-13 23:00:00+00:00,15.431914893617021,82.68085106382979,11.4,1.825531914893617
2023-06-13 23:10:00+00:00,15.427659574468086,82.72340425531915,11.4,1.902127659574468
2023-06-13 23:20:00+00:00,15.423404255319149,82.76595744680851,11.4,1.978723404255319
2023-06-13 23:30:00+00:00,15.419148936170213,82.80851063829788,11.4,2.0553191489361704
2023-06-13 23:40:00+00:00,15.414893617021276,82.85106382978724,11.4,2.1319148936170214
2023-06-13 23:50:00+00:00,15.41063829787234,82.8936170212766,11.4,2.2085106382978723
2023-06-14 00:00:00+00:00,15.406382978723405,82.93617021276596,11.4,2.2851063829787233
2023-06-14 00:10:00+00:00,15.402127659574468,82.97872340425532,11.4,2.3617021276595747
2023-06-14 00:20:00+00:00,15.397872340425533,83.02127659574468,11.4,2.4382978723404256
2023-06-14 00:30:00+00:00,,,,
2023-06-14 00:40:00+00:00,,,,
2023-06-14 00:50:00+00:00,,,,
2023-06-14 01:00:00+00:00,,,,
2023-06-14 01:10:00+00:00,,,,
2023-06-14 01:20:00+00:00,,,,
2023-06-14 01:30:00+00:00,,,,
2023-06-14 01:40:00+00:00,,,,
2023-06-14 01:50:00+00:00,,,,
2023-06-14 02:00:00+00:00,,,,
2023-06-14 02:10:00+00:00,,,,
2023-06-14 02:20:00+00:00,,,,
2023-06-14 02:30:00+00:00,,,,
2023-06-14 02:40:00+00:00,,,,
2023-06-14 02:50:00+00:00,,,,
2023-06-14 03:00:00+00:00,,,,
2023-06-14 03:10:00+00:00,,,,
2023-06-14 03:20:00+00:00,,,,
2023-06-14 03:30:00+00:00,,,,
2023-06-14 03:40:00+00:00,,,,
2023-06-14 03:50:00+00:00,,,,
2023-06-14 04:00:00+00:00,,,,
2023-06-14 04:10:00+00:00,15.3,84.0,11.4,4.2
2023-06-14 04:20:00+00:00,15.2,83.0,11.4,4.2
2023-06-14 04:30:00+00:00,15.3,83.0,11.4,4.2
2023-06-14 04:40:00+00:00,15.3,83.0,11.4,4.2
2023-06-14 04:50:00+00:00,15.5,83.0,11.5,4.2
2023-06-14 05:00:00+00:00,15.8,84.0,11.5,4.2
2023-06-14 05:10:00+00:00,17.5,84.0,11.5,4.2
2023-06-14 05:20:00+00:00,18.6,86.0,11.5,4.2
2023-06-14 05:30:00+00:00,19.5,89.0,11.5,4.2
2023-06-14 05:40:00+00:00,19.1,90.0,11.5,4.2
2023-06-14 05:50:00+00:00,18.9,90.0,11.5,4.2
2023-06-14 06:00:00+00:00,18.9,90.0,11.5,4.2
2023-06-14 06:10:00+00:00,18.8,91.0,11.5,4.2
2023-06-14 06:20:00+00:00,19.0,90.0,11.5,4.2
2023-06-14 06:30:00+00:00,19.8,90.0,11.5,4.2
2023-06-14 06:40:00+00:00,19.3,90.0,11.5,4.2
2023-06-14 06:50:00+00:00,19.1,90.0,11.5,4.2
2023-06-14 07:00:00+00:00,19.2,89.0,11.5,4.2
2023-06-14 07:10:00+00:00,19.3,90.0,11.5,4.2
2023-06-14 07:20:00+00:00,19.4,90.0,11.5,4.2
2023-06-14 07:30:00+00:00,19.2,89.0,11.5,4.2
2023-06-14 07:40:00+00:00,19.3,87.0,11.5,4.2
2023-06-14 07:50:00+00:00,20.0,87.0,11.5,4.2
2023-06-14 08:00:00+00:00,20.4,88.0,11.5,4.2
2023-06-14 08:10:00+00:00,20.1,89.0,11.5,4.2
2023-06-14 08:20:00+00:00,20.4,89.0,11.5,4.2
2023-06-14 08:30:00+00:00,20.7,90.0,11.5,4.2
2023-06-14 08:40:00+00:00,20.8,90.0,11.5,4.2
2023-06-14 08:50:00+00:00,20.8,91.0,11.5,4.2
2023-06-14 09:00:00+00:00,21.3,91.0,11.5,4.2
2023-06-14 09:10:00+00:00,22.2,91.0,11.6,4.2
2023-06-14 09:20:00+00:00,22.5,92.0,11.6,4.2
2023-06-14 09:30:00+00:00,23.2,93.0,11.6,4.2
2023-06-14 09:40:00+00:00,23.9,93.0,11.6,4.2
2023-06-14 09:50:00+00:00,23.8,93.0,11.6,4.2
2023-06-14 10:00:00+00:00,23.5,92.0,11.6,4.2
2023-06-14 10:10:00+00:00,23.8,92.0,11.6,4.2
2023-06-14 10:20:00+00:00,24.1,92.0,11.6,4.2
2023-06-14 10:30:00+00:00,23.6,92.0,11.5,4.2
2023-06-14 10:40:00+00:00,23.2,91.0,11.5,4.2
2023-06-14 10:50:00+00:00,22.8,91.0,11.5,4.2
2023-06-14 11:00:00+00:00,22.4,90.0,11.5,4.2
2023-06-14 11:10:00+00:00,22.2,89.0,11.5,4.2
2023-06-14 11:20:00+00:00,22.1,89.0,11.5,4.2
2023-06-14 11:30:00+00:00,22.0,89.0,11.5,4.2
2023-06-14 11:40:00+00:00,21.8,89.0,11.5,4.2
2023-06-14 11:50:00+00:00,21.55,88.5,11.5,4.2
2023-06-14 12:00:00+00:00,21.3,88.0,11.5,4.2
2023-06-14 12:10:00+00:00,21.1,88.0,11.5,4.2
2023-06-14 12:20:00+00:00,20.8,87.0,11.5,4.2
2023-06-14 12:30:00+00:00,20.6,87.0,11.5,4.2
2023-06-14 12:40:00+00:00,20.6,87.0,11.5,4.2
2023-06-14 12:50:00+00:00,20.4,86.0,11.5,4.2
2023-06-14 13:00:00+00:00,20.3,86.0,11.5,4.2
2023-06-14 13:10:00+00:00,20.2,86.0,11.5,4.2
2023-06-14 13:20:00+00:00,20.0,86.0,11.5,4.2
2023-06-14 13:30:00+00:00,20.0,86.0,11.5,4.2
2023-06-14 13:40:00+00:00,19.8,85.0,11.5,4.2
2023-06-14 13:50:00+00:00,19.5,85.0,11.5,4.2
2023-06-14 14:00:00+00:00,19.3,85.0,11.5,4.2
2023-06-14 14:10:00+00:00,19.3,85.0,11.5,4.2
2023-06-14 14:20:00+00:00,19.3,84.0,11.5,4.2
2023-06-14 14:30:00+00:00,19.3,85.0,11.5,4.2
2023-06-14 14:40:00+00:00,19.5,85.0,11.5,4.2
2023-06-14 14:50:00+00:00,19.4,85.0,11.5,4.2
2023-06-14 15:00:00+00:00,19.4,85.0,11.5,4.2
2023-06-14 15:10:00+00:00,19.3,85.0,11.5,4.2
2023-06-14 15:20:00+00:00,19.2,85.0,11.5,4.2
2023-06-14 15:30:00+00:00,19.1,85.0,11.5,4.2
2023-06-14 15:40:00+00:00,19.1,85.0,11.5,4.2
2023-06-14 15:50:00+00:00,19.0,85.0,11.5,4.2
2023-06-14 16:00:00+00:00,19.0,84.0,11.5,4.2
2023-06-14 16:10:00+00:00,18.8,84.0,11.5,4.2
2023-06-14 16:20:00+00:00,18.8,84.0,11.5,4.2
2023-06-14 16:30:00+00:00,18.7,84.0,11.4,4.2
2023-06-14 16:40:00+00:00,18.3,84.0,11.5,4.2
2023-06-14 16:50:00+00:00,18.1,83.0,11.4,4.2
2023-06-14 17:00:00+00:00,18.1,83.0,11.4,4.2
2023-06-14 17:10:00+00:00,17.9,83.0,11.5,4.2
2023-06-14 17:20:00+00:00,17.8,83.0,11.5,4.2
2023-06-14 17:30:00+00:00,17.8,83.0,11.5,4.2
2023-06-14 17:40:00+00:00,17.8,83.0,11.5,4.2
2023-06-14 17:50:00+00:00,17.7,83.0,11.4,4.2
2023-06-14 18:00:00+00:00,17.6,83.0,11.5,4.2
2023-06-14 18:10:00+00:00,17.5,83.0,11.4,4.2
2023-06-14 18:20:00+00:00,17.4,83.0,11.4,3.6
2023-06-14 18:30:00+00:00,17.3,82.0,11.4,3.5
2023-06-14 18:40:00+00:00,17.3,83.0,11.4,3.5
2023-06-14 18:50:00+00:00,17.2,83.0,11.4,3.4
2023-06-14 19:00:00+00:00,17.1,82.0,11.4,2.9
2023-06-14 19:10:00+00:00,17.0,82.0,11.4,2.3
2023-06-14 19:20:00+00:00,17.0,82.0,11.4,1.4
2023-06-14 19:30:00+00:00,16.9,82.0,11.4,1.2
2023-06-14 19:40:00+00:00,16.9,82.0,11.4,1.0
2023-06-14 19:50:00+00:00,16.8,82.0,11.4,0.8
2023-06-14 20:00:00+00:00,16.8,82.0,11.4,0.7
2023-06-14 20:10:00+00:00,16.6,82.0,11.4,0.6
2023-06-14 20:20:00+00:00,16.6,82.0,11.4,0.6
2023-06-14 20:30:00+00:00,16.5,82.0,11.4,0.6
2023-06-14 20:40:00+00:00,16.5,82.0,11.4,0.6
2023-06-14 20:50:00+00:00,16.5,82.0,11.4,0.6
2023-06-14 21:00:00+00:00,16.3,81.0,11.4,0.6
2023-06-14 21:10:00+00:00,16.3,82.0,11.4,0.5
2023-06-14 21:20:00+00:00,16.3,82.0,11.4,0.6
2023-06-14 21:30:00+00:00,16.1,82.0,11.4,0.6
2023-06-14 21:40:00+00:00,16.1,82.0,11.4,0.4
2023-06-14 21:50:00+00:00,16.1,81.0,11.4,0.5
2023-06-14 22:00:00+00:00,16.1,81.0,11.4,0.6
2023-06-14 22:10:00+00:00,16.1,82.0,11.4,0.6
2023-06-14 22:20:00+00:00,16.0,81.0,11.4,0.6
2023-06-14 22:30:00+00:00,15.8,81.0,11.4,0.6
2023-06-14 22:40:00+00:00,15.8,82.0,11.4,0.6
2023-06-14 22:50:00+00:00,15.7,81.0,11.4,0.6
2023-06-14 23:00:00+00:00,15.7,81.0,11.4,0.4
2023-06-14 23:10:00+00:00,15.6,81.0,11.4,0.6
2023-06-14 23:20:00+00:00,15.6,82.0,11.4,0.6
2023-06-14 23:30:00+00:00,15.6,83.0,11.4,0.6
2023-06-14 23:40:00+00:00,15.5,83.0,11.4,0.4
2023-06-14 23:50:00+00:00,15.5,83.0,11.4,0.6
2023-06-15 00:00:00+00:00,15.5,83.0,11.4,0.6
2023-06-15 00:10:00+00:00,15.5,83.0,11.3,0.4
2023-06-15 00:20:00+00:00,15.4,83.0,11.3,0.6
2023-06-15 00:30:00+00:00,15.4,83.0,11.4,0.6
2023-06-15 00:40:00+00:00,15.3,83.0,11.3,0.6
2023-06-15 00:50:00+00:00,15.3,83.0,11.3,0.6
2023-06-15 01:00:00+00:00,15.2,83.0,11.3,0.6
2023-06-15 01:10:00+00:00,15.1,83.0,11.3,0.7
2023-06-15 01:20:00+00:00,15.1,83.0,11.3,0.8
2023-06-15 01:30:00+00:00,15.1,84.0,11.3,1.0
2023-06-15 01:40:00+00:00,15.1,85.0,11.3,1.7
2023-06-15 01:50:00+00:00,15.0,85.0,11.3,2.8
2023-06-15 02:00:00+00:00,15.047058823529412,85.23529411764706,11.3,2.8823529411764706
2023-06-15 02:10:00+00:00,15.094117647058823,85.47058823529412,11.3,2.964705882352941
2023-06-15 02:20:00+00:00,15.141176470588235,85.70588235294117,11.3,3.0470588235294116
2023-06-15 02:30:00+00:00,15.188235294117646,85.94117647058823,11.3,3.1294117647058823
2023-06-15 02:40:00+00:00,15.23529411764706,86.17647058823529,11.3,3.211764705882353
2023-06-15 02:50:00+00:00,15.282352941176471,86.41176470588235,11.3,3.2941176470588234
2023-06-15 03:00:00+00:00,15.329411764705883,86.6470588235294,11.3,3.376470588235294
2023-06-15 03:10:00+00:00,15.376470588235295,86.88235294117646,11.3,3.458823529411765
2023-06-15 03:20:00+00:00,15.423529411764706,87.11764705882354,11.3,3.541176470588235
2023-06-15 03:30:00+00:00,15.470588235294118,87.3529411764706,11.3,3.623529411764706
2023-06-15 03:40:00+00:00,15.51764705882353,87.58823529411765,11.3,3.7058823529411766
2023-06-15 03:50:00+00:00,15.564705882352941,87.82352941176471,11.3,3.788235294117647
2023-06-15 04:00:00+00:00,15.611764705882354,88.05882352941177,11.3,3.870588235294118
2023-06-15 04:10:00+00:00,15.658823529411766,88.29411764705883,11.3,3.9529411764705884
2023-06-15 04:20:00+00:00,15.705882352941178,88.52941176470588,11.3,4.035294117647059
2023-06-15 04:30:00+00:00,15.75294117647059,88.76470588235294,11.3,4.11764705882353
2023-06-15 04:40:00+00:00,15.8,89.0,11.3,4.2
2023-06-15 04:50:00+00:00,15.8,87.0,11.3,4.2
2023-06-15 05:00:00+00:00,15.9,86.0,11.3,4.2
2023-06-15 05:10:00+00:00,16.3,85.0,11.3,4.2
2023-06-15 05:20:00+00:00,16.5,85.0,11.3,4.2
2023-06-15 05:30:00+00:00,17.0,85.0,11.4,4.2
2023-06-15 05:40:00+00:00,16.9,86.0,11.4,4.2
2023-06-15 05:50:00+00:00,16.8,85.0,11.4,4.2
2023-06-15 06:00:00+00:00,16.6,83.0,11.3,4.2
2023-06-15 06:10:00+00:00,16.6,83.0,11.3,4.2
2023-06-15 06:20:00+00:00,16.5,83.0,11.3,4.2
2023-06-15 06:30:00+00:00,16.5,84.21428571428571,11.285714285714286,4.2
2023-06-15 06:40:00+00:00,16.5,85.42857142857143,11.271428571428572,4.2
2023-06-15 06:50:00+00:00,16.5,86.64285714285714,11.257142857142858,4.2
2023-06-15 07:00:00+00:00,16.5,87.85714285714286,11.242857142857144,4.2
2023-06-15 07:10:00+00:00,16.5,89.07142857142857,11.22857142857143,4.2
2023-06-15 07:20:00+00:00,16.5,90.28571428571428,11.214285714285715,4.2
2023-06-15 07:30:00+00:00,16.5,91.5,11.2,4.2
2023-06-15 07:40:00+00:00,16.5,92.71428571428571,11.185714285714285,4.2
2023-06-15 07:50:00+00:00,16.5,93.92857142857143,11.17142857142857,4.2
2023-06-15 08:00:00+00:00,16.5,95.14285714285714,11.157142857142857,4.2
2023-06-15 08:10:00+00:00,16.5,96.35714285714286,11.142857142857142,4.2
2023-06-15 08:20:00+00:00,16.5,97.57142857142857,11.128571428571428,4.2
2023-06-15 08:30:00+00:00,16.5,98.78571428571428,11.114285714285714,4.2
2023-06-15 08:40:00+00:00,16.5,100.0,11.1,4.2
2023-06-15 08:50:00+00:00,16.5,100.0,11.0,4.2
2023-06-15 09:00:00+00:00,16.5,100.0,11.0,4.2
2023-06-15 09:10:00+00:00,16.53103448275862,99.65517241379311,11.010344827586207,4.2
2023-06-15 09:20:00+00:00,16.56206896551724,99.3103448275862,11.020689655172413,4.2
2023-06-15 09:30:00+00:00,16.593103448275862,98.96551724137932,11.03103448275862,4.2
2023-06-15 09:40:00+00:00,16.624137931034483,98.62068965517241,11.041379310344828,4.2
2023-06-15 09:50:00+00:00,16.655172413793103,98.27586206896552,11.051724137931034,4.2
2023-06-15 10:00:00+00:00,16.686206896551724,97.93103448275862,11.062068965517241,4.2
2023-06-15 10:10:00+00:00,16.717241379310344,97.58620689655173,11.072413793103449,4.2
2023-06-15 10:20:00+00:00,16.748275862068965,97.24137931034483,11.082758620689656,4.2
2023-06-15 10:30:00+00:00,16.779310344827586,96.89655172413794,11.093103448275862,4.2
2023-06-15 10:40:00+00:00,16.810344827586206,96.55172413793103,11.10344827586207,4.2
2023-06-15 10:50:00+00:00,16.841379310344827,96.20689655172414,11.113793103448277,4.2
2023-06-15 11:00:00+00:00,16.872413793103448,95.86206896551724,11.124137931034483,4.2
2023-06-15 11:10:00+00:00,16.90344827586207,95.51724137931035,11.13448275862069,4.2
2023-06-15 11:20:00+00:00,16.93448275862069,95.17241379310344,11.144827586206898,4.2
2023-06-15 11:30:00+00:00,16.96551724137931,94.82758620689656,11.155172413793103,4.2
2023-06-15 11:40:00+00:00,16.99655172413793,94.48275862068965,11.16551724137931,4.2
2023-06-15 11:50:00+00:00,17.02758620689655,94.13793103448276,11.175862068965518,4.2
2023-06-15 12:00:00+00:00,17.05862068965517,93.79310344827586,11.186206896551724,4.2
2023-06-15 12:10:00+00:00,17.089655172413792,93.44827586206897,11.196551724137931,4.2
2023-06-15 12:20:00+00:00,17.120689655172413,93.10344827586206,11.206896551724139,4.2
2023-06-15 12:30:00+00:00,17.151724137931033,92.75862068965517,11.217241379310344,4.2
2023-06-15 12:40:00+00:00,17.182758620689654,92.41379310344827,11.227586206896552,4.2
2023-06-15 12:50:00+00:00,17.213793103448275,92.06896551724138,11.23793103448276,4.2
2023-06-15 13:00:00+00:00,17.244827586206895,91.72413793103448,11.248275862068967,4.2
2023-06-15 13:10:00+00:00,,,,
2023-06-15 13:20:00+00:00,,,,
2023-06-15 13:30:00+00:00,,,,
2023-06-15 13:40:00+00:00,,,,
2023-06-15 13:50:00+00:00,17.4,90.0,11.3,4.2
2023-06-15 14:00:00+00:00,17.349999999999998,90.33333333333333,11.3,4.2
2023-06-15 14:10:00+00:00,17.3,90.66666666666667,11.3,4.2
2023-06-15 14:20:00+00:00,17.25,91.0,11.3,4.2
2023-06-15 14:30:00+00:00,17.2,91.33333333333333,11.3,4.2
2023-06-15 14:40:00+00:00,17.150000000000002,91.66666666666667,11.3,4.2
2023-06-15 14:50:00+00:00,17.1,92.0,11.3,4.2
2023-06-15 15:00:00+00:00,17.063924050632913,92.10126582278481,11.294303797468356,4.2
2023-06-15 15:10:00+00:00,17.027848101265825,92.20253164556962,11.28860759493671,4.2
2023-06-15 15:20:00+00:00,16.991772151898736,92.30379746835443,11.282911392405063,4.2
2023-06-15 15:30:00+00:00,16.955696202531648,92.40506329113924,11.277215189873418,4.2
2023-06-15 15:40:00+00:00,16.91962025316456,92.50632911392405,11.271518987341773,4.2
2023-06-15 15:50:00+00:00,16.88354430379747,92.60759493670886,11.265822784810128,4.2
2023-06-15 16:00:00+00:00,16.84746835443038,92.70886075949367,11.260126582278481,4.2
2023-06-15 16:10:00+00:00,16.81139240506329,92.81012658227849,11.254430379746836,4.2
2023-06-15 16:20:00+00:00,16.775316455696203,92.9113924050633,11.24873417721519,4.2
2023-06-15 16:30:00+00:00,16.739240506329114,93.0126582278481,11.243037974683546,4.2
2023-06-15 16:40:00+00:00,16.703164556962026,93.11392405063292,11.237341772151899,4.2
2023-06-15 16:50:00+00:00,16.667088607594938,93.21518987341773,11.231645569620254,4.2
2023-06-15 17:00:00+00:00,16.63101265822785,93.31645569620252,11.225949367088608,4.2
2023-06-15 17:10:00+00:00,16.59493670886076,93.41772151898734,11.220253164556963,4.2
2023-06-15 17:20:00+00:00,16.558860759493673,93.51898734177215,11.214556962025318,4.2
2023-06-15 17:30:00+00:00,16.522784810126584,93.62025316455696,11.208860759493671,4.2
2023-06-15 17:40:00+00:00,16.486708860759496,93.72151898734177,11.203164556962026,4.2
2023-06-15 17:50:00+00:00,16.450632911392407,93.82278481012658,11.19746835443038,4.2
2023-06-15 18:00:00+00:00,16.41455696202532,93.92405063291139,11.191772151898736,4.2
2023-06-15 18:10:00+00:00,16.378481012658227,94.0253164556962,11.186075949367089,4.2
2023-06-15 18:20:00+00:00,16.34240506329114,94.12658227848101,11.180379746835444,4.2
2023-06-15 18:30:00+00:00,16.30632911392405,94.22784810126582,11.174683544303798,4.2
2023-06-15 18:40:00+00:00,16.270253164556962,94.32911392405063,11.168987341772153,4.2
2023-06-15 18:50:00+00:00,16.234177215189874,94.43037974683544,11.163291139240508,4.2
2023-06-15 19:00:00+00:00,,,,
2023-06-15 19:10:00+00:00,,,,
2023-06-15 19:20:00+00:00,,,,
2023-06-15 19:30:00+00:00,,,,
2023-06-15 19:40:00+00:00,,,,
2023-06-15 19:50:00+00:00,,,,
2023-06-15 20:00:00+00:00,,,,
2023-06-15 20:10:00+00:00,,,,
2023-06-15 20:20:00+00:00,,,,
2023-06-15 20:30:00+00:00,,,,
2023-06-15 20:40:00+00:00,,,,
2023-06-15 20:50:00+00:00,,,,
2023-06-15 21:00:00+00:00,,,,
2023-06-15 21:10:00+00:00,,,,
2023-06-15 21:20:00+00:00,,,,
2023-06-15 21:30:00+00:00,,,,
2023-06-15 21:40:00+00:00,,,,
2023-06-15 21:50:00+00:00,,,,
2023-06-15 22:00:00+00:00,,,,
2023-06-15 22:10:00+00:00,,,,
2023-06-15 22:20:00+00:00,,,,
2023-06-15 22:30:00+00:00,,,,
2023-06-15 22:40:00+00:00,,,,
2023-06-15 22:50:00+00:00,,,,
2023-06-15 23:00:00+00:00,,,,
2023-06-15 23:10:00+00:00,,,,
2023-06-15 23:20:00+00:00,,,,
2023-06-15 23:30:00+00:00,,,,
2023-06-15 23:40:00+00:00,,,,
2023-06-15 23:50:00+00:00,,,,
2023-06-16 00:00:00+00:00,,,,
2023-06-16 00:10:00+00:00,,,,
2023-06-16 00:20:00+00:00,,,,
2023-06-16 00:30:00+00:00,,,,
2023-06-16 00:40:00+00:00,,,,
2023-06-16 00:50:00+00:00,,,,
2023-06-16 01:00:00+00:00,,,,
2023-06-16 01:10:00+00:00,,,,
2023-06-16 01:20:00+00:00,,,,
2023-06-16 01:30:00+00:00,,,,
2023-06-16 01:40:00+00:00,,,,
2023-06-16 01:50:00+00:00,,,,
2023-06-16 02:00:00+00:00,,,,
2023-06-16 02:10:00+00:00,,,,
2023-06-16 02:20:00+00:00,,,,
2023-06-16 02:30:00+00:00,,,,
2023-06-16 02:40:00+00:00,,,,
2023-06-16 02:50:00+00:00,,,,
2023-06-16 03:00:00+00:00,,,,
2023-06-16 03:10:00+00:00,,,,
2023-06-16 03:20:00+00:00,,,,
2023-06-16 03:30:00+00:00,,,,
2023-06-16 03:40:00+00:00,,,,
2023-06-16 03:50:00+00:00,,,,
2023-06-16 04:00:00+00:00,14.25,100.0,10.850000000000001,4.2
2023-06-16 04:10:00+00:00,14.257911392405063,100.0,10.851582278481015,4.2
2023-06-16 04:20:00+00:00,14.265822784810126,100.0,10.853164556962026,4.2
2023-06-16 04:30:00+00:00,14.27373417721519,100.0,10.85474683544304,4.2
2023-06-16 04:40:00+00:00,14.281645569620252,100.0,10.856329113924051,4.2
2023-06-16 04:50:00+00:00,14.289556962025317,100.0,10.857911392405065,4.2
2023-06-16 05:00:00+00:00,14.29746835443038,100.0,10.859493670886078,4.2
2023-06-16 05:10:00+00:00,14.305379746835444,100.0,10.86107594936709,4.2
2023-06-16 05:20:00+00:00,14.313291139240507,100.0,10.862658227848103,4.2
2023-06-16 05:30:00+00:00,14.32120253164557,100.0,10.864240506329116,4.2
2023-06-16 05:40:00+00:00,14.329113924050633,100.0,10.865822784810128,4.2
2023-06-16 05:50:00+00:00,14.337025316455696,100.0,10.867405063291141,4.2
2023-06-16 06:00:00+00:00,14.344936708860759,100.0,10.868987341772153,4.2
2023-06-16 06:10:00+00:00,14.352848101265822,100.0,10.870569620253166,4.2
2023-06-16 06:20:00+00:00,14.360759493670885,100.0,10.87215189873418,4.2
2023-06-16 06:30:00+00:00,14.36867088607595,100.0,10.87373417721519,4.2
2023-06-16 06:40:00+00:00,14.376582278481013,100.0,10.875316455696204,4.2
2023-06-16 06:50:00+00:00,14.384493670886076,100.0,10.876898734177216,4.2
2023-06-16 07:00:00+00:00,14.39240506329114,100.0,10.878481012658229,4.2
2023-06-16 07:10:00+00:00,14.400316455696203,100.0,10.880063291139242,4.2
2023-06-16 07:20:00+00:00,14.408227848101266,100.0,10.881645569620254,4.2
2023-06-16 07:30:00+00:00,14.416139240506329,100.0,10.883227848101267,4.2
2023-06-16 07:40:00+00:00,14.424050632911392,100.0,10.88481012658228,4.2
2023-06-16 07:50:00+00:00,14.431962025316455,100.0,10.886392405063292,4.2
2023-06-16 08:00:00+00:00,14.439873417721518,100.0,10.887974683544305,4.2
2023-06-16 08:10:00+00:00,,,,
2023-06-16 08:20:00+00:00,,,,
2023-06-16 08:30:00+00:00,,,,
2023-06-16 08:40:00+00:00,,,,
2023-06-16 08:50:00+00:00,,,,
2023-06-16 09:00:00+00:00,,,,
2023-06-16 09:10:00+00:00,,,,
2023-06-16 09:20:00+00:00,,,,
2023-06-16 09:30:00+00:00,,,,
2023-06-16 09:40:00+00:00,,,,
2023-06-16 09:50:00+00:00,,,,
2023-06-16 10:00:00+00:00,,,,
2023-06-16 10:10:00+00:00,,,,
2023-06-16 10:20:00+00:00,,,,
2023-06-16 10:30:00+00:00,,,,
2023-06-16 10:40:00+00:00,,,,
2023-06-16 10:50:00+00:00,,,,
2023-06-16 11:00:00+00:00,,,,
2023-06-16 11:10:00+00:00,,,,
2023-06-16 11:20:00+00:00,,,,
2023-06-16 11:30:00+00:00,,,,
2023-06-16 11:40:00+00:00,,,,
2023-06-16 11:50:00+00:00,,,,
2023-06-16 12:00:00+00:00,,,,
2023-06-16 12:10:00+00:00,,,,
2023-06-16 12:20:00+00:00,,,,
2023-06-16 12:30:00+00:00,,,,
2023-06-16 12:40:00+00:00,,,,
2023-06-16 12:50:00+00:00,,,,
2023-06-16 13:00:00+00:00,,,,
2023-06-16 13:10:00+00:00,,,,
2023-06-16 13:20:00+00:00,,,,
2023-06-16 13:30:00+00:00,,,,
2023-06-16 13:40:00+00:00,,,,
2023-06-16 13:50:00+00:00,,,,
2023-06-16 14:00:00+00:00,,,,
2023-06-16 14:10:00+00:00,,,,
2023-06-16 14:20:00+00:00,,,,
2023-06-16 14:30:00+00:00,,,,
2023-06-16 14:40:00+00:00,,,,
2023-06-16 14:50:00+00:00,,,,
2023-06-16 15:00:00+00:00,,,,
2023-06-16 15:10:00+00:00,,,,
2023-06-16 15:20:00+00:00,,,,
2023-06-16 15:30:00+00:00,,,,
2023-06-16 15:40:00+00:00,,,,
2023-06-16 15:50:00+00:00,,,,
2023-06-16 16:00:00+00:00,,,,
2023-06-16 16:10:00+00:00,,,,
2023-06-16 16:20:00+00:00,,,,
2023-06-16 16:30:00+00:00,,,,
2023-06-16 16:40:00+00:00,,,,
2023-06-16 16:50:00+00:00,,,,
2023-06-16 17:00:00+00:00,,,,
2023-06-16 17:10:00+00:00,,,,
2023-06-16 17:20:00+00:00,,,,
2023-06-16 17:30:00+00:00,,,,
2023-06-16 17:40:00+00:00,,,,
2023-06-16 17:50:00+00:00,,,,
2023-06-16 18:00:00+00:00,,,,
2023-06-16 18:10:00+00:00,,,,
2023-06-16 18:20:00+00:00,,,,
2023-06-16 18:30:00+00:00,,,,
2023-06-16 18:40:00+00:00,,,,
2023-06-16 18:50:00+00:00,,,,
2023-06-16 19:00:00+00:00,,,,
2023-06-16 19:10:00+00:00,,,,
2023-06-16 19:20:00+00:00,,,,
2023-06-16 19:30:00+00:00,,,,
2023-06-16 19:40:00+00:00,,,,
2023-06-16 19:50:00+00:00,,,,
2023-06-16 20:00:00+00:00,,,,
2023-06-16 20:10:00+00:00,,,,
2023-06-16 20:20:00+00:00,,,,
2023-06-16 20:30:00+00:00,,,,
2023-06-16 20:40:00+00:00,,,,
2023-06-16 20:50:00+00:00,,,,
2023-06-16 21:00:00+00:00,,,,
2023-06-16 21:10:00+00:00,,,,
2023-06-16 21:20:00+00:00,,,,
2023-06-16 21:30:00+00:00,,,,
2023-06-16 21:40:00+00:00,,,,
2023-06-16 21:50:00+00:00,,,,
2023-06-16 22:00:00+00:00,,,,
2023-06-16 22:10:00+00:00,,,,
2023-06-16 22:20:00+00:00,,,,
2023-06-16 22:30:00+00:00,,,,
2023-06-16 22:40:00+00:00,,,,
2023-06-16 22:50:00+00:00,,,,
2023-06-16 23:00:00+00:00,,,,
2023-06-16 23:10:00+00:00,,,,
2023-06-16 23:20:00+00:00,,,,
2023-06-16 23:30:00+00:00,,,,
2023-06-16 23:40:00+00:00,,,,
2023-06-16 23:50:00+00:00,,,,
2023-06-17 00:00:00+00:00,,,,
2023-06-17 00:10:00+00:00,,,,
2023-06-17 00:20:00+00:00,,,,
2023-06-17 00:30:00+00:00,,,,
2023-06-17 00:40:00+00:00,,,,
2023-06-17 00:50:00+00:00,,,,
2023-06-17 01:00:00+00:00,,,,
2023-06-17 01:10:00+00:00,,,,
2023-06-17 01:20:00+00:00,,,,
2023-06-17 01:30:00+00:00,,,,
2023-06-17 01:40:00+00:00,,,,
2023-06-17 01:50:00+00:00,,,,
2023-06-17 02:00:00+00:00,,,,
2023-06-17 02:10:00+00:00,,,,
2023-06-17 02:20:00+00:00,,,,
2023-06-17 02:30:00+00:00,,,,
2023-06-17 02:40:00+00:00,,,,
2023-06-17 02:50:00+00:00,,,,
2023-06-17 03:00:00+00:00,,,,
2023-06-17 03:10:00+00:00,,,,
2023-06-17 03:20:00+00:00,,,,
2023-06-17 03:30:00+00:00,,,,
2023-06-17 03:40:00+00:00,,,,
2023-06-17 03:50:00+00:00,,,,
2023-06-17 04:00:00+00:00,,,,
2023-06-17 04:10:00+00:00,,,,
2023-06-17 04:20:00+00:00,,,,
2023-06-17 04:30:00+00:00,,,,
2023-06-17 04:40:00+00:00,,,,
2023-06-17 04:50:00+00:00,,,,
2023-06-17 05:00:00+00:00,,,,
2023-06-17 05:10:00+00:00,,,,
2023-06-17 05:20:00+00:00,,,,
2023-06-17 05:30:00+00:00,,,,
2023-06-17 05:40:00+00:00,,,,
2023-06-17 05:50:00+00:00,,,,
2023-06-17 06:00:00+00:00,,,,
2023-06-17 06:10:00+00:00,,,,
2023-06-17 06:20:00+00:00,15.5,100.0,11.1,4.2
2023-06-17 06:30:00+00:00,15.5,99.0,11.1,4.2
2023-06-17 06:40:00+00:00,16.0,100.0,11.1,4.2
2023-06-17 06:50:00+00:00,16.0,100.0,11.1,4.2
2023-06-17 07:00:00+00:00,16.0,99.0,11.1,4.2
2023-06-17 07:10:00+00:00,16.0,97.0,11.1,4.2
2023-06-17 07:20:00+00:00,16.0,96.0,11.1,4.2
2023-06-17 07:30:00+00:00,16.0,96.0,11.1,4.2
2023-06-17 07:40:00+00:00,16.0,96.0,11.1,4.2
2023-06-17 07:50:00+00:00,15.9,97.0,11.1,4.2
2023-06-17 08:00:00+00:00,16.0,97.0,11.1,4.2
2023-06-17 08:10:00+00:00,15.9,97.0,11.1,4.2
2023-06-17 08:20:00+00:00,15.931818181818182,96.97727272727273,11.104545454545454,4.2
2023-06-17 08:30:00+00:00,15.963636363636365,96.95454545454545,11.10909090909091,4.2
2023-06-17 08:40:00+00:00,15.995454545454546,96.93181818181819,11.113636363636363,4.2
2023-06-17 08:50:00+00:00,16.027272727272727,96.9090909090909,11.118181818181817,4.2
2023-06-17 09:00:00+00:00,16.05909090909091,96.88636363636364,11.122727272727273,4.2
2023-06-17 09:10:00+00:00,16.09090909090909,96.86363636363636,11.127272727272727,4.2
2023-06-17 09:20:00+00:00,16.122727272727275,96.8409090909091,11.131818181818181,4.2
2023-06-17 09:30:00+00:00,16.154545454545456,96.81818181818181,11.136363636363637,4.2
2023-06-17 09:40:00+00:00,16.186363636363637,96.79545454545455,11.14090909090909,4.2
2023-06-17 09:50:00+00:00,16.21818181818182,96.77272727272727,11.145454545454545,4.2
2023-06-17 10:00:00+00:00,16.25,96.75,11.15,4.2
2023-06-17 10:10:00+00:00,16.28181818181818,96.72727272727273,11.154545454545454,4.2
2023-06-17 10:20:00+00:00,16.313636363636363,96.70454545454545,11.159090909090908,4.2
2023-06-17 10:30:00+00:00,16.345454545454547,96.68181818181819,11.163636363636364,4.2
2023-06-17 10:40:00+00:00,16.37727272727273,96.6590909090909,11.168181818181818,4.2
2023-06-17 10:50:00+00:00,16.40909090909091,96.63636363636364,11.172727272727272,4.2
2023-06-17 11:00:00+00:00,16.44090909090909,96.61363636363636,11.177272727272728,4.2
2023-06-17 11:10:00+00:00,16.472727272727273,96.5909090909091,11.181818181818182,4.2
2023-06-17 11:20:00+00:00,16.504545454545454,96.56818181818181,11.186363636363636,4.2
2023-06-17 11:30:00+00:00,16.536363636363635,96.54545454545455,11.190909090909091,4.2
2023-06-17 11:40:00+00:00,16.56818181818182,96.52272727272727,11.195454545454545,4.2
2023-06-17 11:50:00+00:00,16.6,96.5,11.2,4.2
2023-06-17 12:00:00+00:00,16.631818181818183,96.47727272727273,11.204545454545455,4.2
2023-06-17 12:10:00+00:00,16.663636363636364,96.45454545454545,11.209090909090909,4.2
2023-06-17 12:20:00+00:00,,,,
2023-06-17 12:30:00+00:00,,,,
2023-06-17 12:40:00+00:00,,,,
2023-06-17 12:50:00+00:00,,,,
2023-06-17 13:00:00+00:00,,,,
2023-06-17 13:10:00+00:00,,,,
2023-06-17 13:20:00+00:00,,,,
2023-06-17 13:30:00+00:00,,,,
2023-06-17 13:40:00+00:00,,,,
2023-06-17 13:50:00+00:00,,,,
2023-06-17 14:00:00+00:00,,,,
2023-06-17 14:10:00+00:00,,,,
2023-06-17 14:20:00+00:00,,,,
2023-06-17 14:30:00+00:00,,,,
2023-06-17 14:40:00+00:00,,,,
2023-06-17 14:50:00+00:00,,,,
2023-06-17 15:00:00+00:00,,,,
2023-06-17 15:10:00+00:00,,,,
2023-06-17 15:20:00+00:00,,,,
2023-06-17 15:30:00+00:00,17.3,96.0,11.3,4.2
2023-06-17 15:40:00+00:00,17.26621621621622,96.05405405405405,11.29864864864865,4.2
2023-06-17 15:50:00+00:00,17.232432432432432,96.10810810810811,11.297297297297298,4.2
2023-06-17 16:00:00+00:00,17.19864864864865,96.16216216216216,11.295945945945947,4.2
2023-06-17 16:10:00+00:00,17.164864864864864,96.21621621621621,11.294594594594596,4.2
2023-06-17 16:20:00+00:00,17.13108108108108,96.27027027027027,11.293243243243245,4.2
2023-06-17 16:30:00+00:00,17.0972972972973,96.32432432432432,11.291891891891893,4.2
2023-06-17 16:40:00+00:00,17.063513513513513,96.37837837837837,11.29054054054054,4.2
2023-06-17 16:50:00+00:00,17.02972972972973,96.43243243243244,11.28918918918919,4.2
2023-06-17 17:00:00+00:00,16.995945945945948,96.48648648648648,11.287837837837838,4.2
2023-06-17 17:10:00+00:00,16.962162162162162,96.54054054054055,11.286486486486487,4.2
2023-06-17 17:20:00+00:00,16.92837837837838,96.5945945945946,11.285135135135135,4.2
2023-06-17 17:30:00+00:00,16.894594594594594,96.64864864864865,11.283783783783784,4.2
2023-06-17 17:40:00+00:00,16.86081081081081,96.70270270270271,11.282432432432433,4.2
2023-06-17 17:50:00+00:00,16.82702702702703,96.75675675675676,11.281081081081082,4.2
2023-06-17 18:00:00+00:00,16.793243243243243,96.8108108108108,11.27972972972973,4.2
2023-06-17 18:10:00+00:00,16.75945945945946,96.86486486486487,11.27837837837838,4.2
2023-06-17 18:20:00+00:00,16.725675675675678,96.91891891891892,11.277027027027028,4.2
2023-06-17 18:30:00+00:00,16.691891891891892,96.97297297297297,11.275675675675677,4.2
2023-06-17 18:40:00+00:00,16.65810810810811,97.02702702702703,11.274324324324324,4.2
2023-06-17 18:50:00+00:00,16.624324324324323,97.08108108108108,11.272972972972973,4.2
2023-06-17 19:00:00+00:00,16.59054054054054,97.13513513513513,11.271621621621621,4.2
2023-06-17 19:10:00+00:00,16.55675675675676,97.1891891891892,11.27027027027027,4.2
2023-06-17 19:20:00+00:00,16.522972972972973,97.24324324324324,11.268918918918919,4.2
2023-06-17 19:30:00+00:00,16.48918918918919,97.29729729729729,11.267567567567568,4.2
2023-06-17 19:40:00+00:00,,,,
2023-06-17 19:50:00+00:00,,,,
2023-06-17 20:00:00+00:00,,,,
2023-06-17 20:10:00+00:00,,,,
2023-06-17 20:20:00+00:00,,,,
2023-06-17 20:30:00+00:00,,,,
2023-06-17 20:40:00+00:00,,,,
2023-06-17 20:50:00+00:00,,,,
2023-06-17 21:00:00+00:00,,,,
2023-06-17 21:10:00+00:00,,,,
2023-06-17 21:20:00+00:00,,,,
2023-06-17 21:30:00+00:00,,,,
2023-06-17 21:40:00+00:00,,,,
2023-06-17 21:50:00+00:00,,,,
2023-06-17 22:00:00+00:00,,,,
2023-06-17 22:10:00+00:00,,,,
2023-06-17 22:20:00+00:00,,,,
2023-06-17 22:30:00+00:00,,,,
2023-06-17 22:40:00+00:00,,,,
2023-06-17 22:50:00+00:00,,,,
2023-06-17 23:00:00+00:00,,,,
2023-06-17 23:10:00+00:00,,,,
2023-06-17 23:20:00+00:00,,,,
2023-06-17 23:30:00+00:00,,,,
2023-06-17 23:40:00+00:00,,,,
2023-06-17 23:50:00+00:00,,,,
2023-06-18 00:00:00+00:00,,,,
2023-06-18 00:10:00+00:00,,,,
2023-06-18 00:20:00+00:00,,,,
2023-06-18 00:30:00+00:00,,,,
2023-06-18 00:40:00+00:00,,,,
2023-06-18 00:50:00+00:00,,,,
2023-06-18 01:00:00+00:00,,,,
2023-06-18 01:10:00+00:00,,,,
2023-06-18 01:20:00+00:00,,,,
2023-06-18 01:30:00+00:00,,,,
2023-06-18 01:40:00+00:00,,,,
2023-06-18 01:50:00+00:00,,,,
2023-06-18 02:00:00+00:00,,,,
2023-06-18 02:10:00+00:00,,,,
2023-06-18 02:20:00+00:00,,,,
2023-06-18 02:30:00+00:00,,,,
2023-06-18 02:40:00+00:00,,,,
2023-06-18 02:50:00+00:00,,,,
2023-06-18 03:00:00+00:00,,,,
2023-06-18 03:10:00+00:00,,,,
2023-06-18 03:20:00+00:00,,,,
2023-06-18 03:30:00+00:00,,,,
2023-06-18 03:40:00+00:00,,,,
2023-06-18 03:50:00+00:00,14.8,100.0,11.2,4.2
2023-06-18 04:00:00+00:00,14.8,100.0,11.200689655172413,4.2
2023-06-18 04:10:00+00:00,14.8,100.0,11.201379310344826,4.2
2023-06-18 04:20:00+00:00,14.8,100.0,11.20206896551724,4.2
2023-06-18 04:30:00+00:00,14.8,100.0,11.202758620689654,4.2
2023-06-18 04:40:00+00:00,14.8,100.0,11.203448275862069,4.2
2023-06-18 04:50:00+00:00,14.8,100.0,11.204137931034483,4.2
2023-06-18 05:00:00+00:00,14.8,100.0,11.204827586206896,4.2
2023-06-18 05:10:00+00:00,14.8,100.0,11.20551724137931,4.2
2023-06-18 05:20:00+00:00,14.8,100.0,11.206206896551723,4.2
2023-06-18 05:30:00+00:00,14.8,100.0,11.206896551724137,4.2
2023-06-18 05:40:00+00:00,14.8,100.0,11.20758620689655,4.2
2023-06-18 05:50:00+00:00,14.8,100.0,11.208275862068964,4.2
2023-06-18 06:00:00+00:00,14.8,100.0,11.20896551724138,4.2
2023-06-18 06:10:00+00:00,14.8,100.0,11.209655172413793,4.2
2023-06-18 06:20:00+00:00,14.8,100.0,11.210344827586207,4.2
2023-06-18 06:30:00+00:00,14.8,100.0,11.21103448275862,4.2
2023-06-18 06:40:00+00:00,14.8,100.0,11.211724137931034,4.2
2023-06-18 06:50:00+00:00,14.8,100.0,11.212413793103448,4.2
2023-06-18 07:00:00+00:00,14.8,100.0,11.213103448275861,4.2
2023-06-18 07:10:00+00:00,14.8,100.0,11.213793103448275,4.2
2023-06-18 07:20:00+00:00,14.8,100.0,11.214482758620688,4.2
2023-06-18 07:30:00+00:00,14.8,100.0,11.215172413793104,4.2
2023-06-18 07:40:00+00:00,14.8,100.0,11.215862068965517,4.2
2023-06-18 07:50:00+00:00,14.8,100.0,11.216551724137931,4.2
2023-06-18 08:00:00+00:00,,,,
2023-06-18 08:10:00+00:00,,,,
2023-06-18 08:20:00+00:00,,,,
2023-06-18 08:30:00+00:00,,,,
2023-06-18 08:40:00+00:00,,,,
2023-06-18 08:50:00+00:00,,,,
2023-06-18 09:00:00+00:00,,,,
2023-06-18 09:10:00+00:00,,,,
2023-06-18 09:20:00+00:00,,,,
2023-06-18 09:30:00+00:00,,,,
2023-06-18 09:40:00+00:00,,,,
2023-06-18 09:50:00+00:00,,,,
2023-06-18 10:00:00+00:00,,,,
2023-06-18 10:10:00+00:00,,,,
2023-06-18 10:20:00+00:00,,,,
2023-06-18 10:30:00+00:00,,,,
2023-06-18 10:40:00+00:00,,,,
2023-06-18 10:50:00+00:00,,,,
2023-06-18 11:00:00+00:00,,,,
2023-06-18 11:10:00+00:00,,,,
2023-06-18 11:20:00+00:00,,,,
2023-06-18 11:30:00+00:00,,,,
2023-06-18 11:40:00+00:00,,,,
2023-06-18 11:50:00+00:00,,,,
2023-06-18 12:00:00+00:00,,,,
2023-06-18 12:10:00+00:00,,,,
2023-06-18 12:20:00+00:00,,,,
2023-06-18 12:30:00+00:00,,,,
2023-06-18 12:40:00+00:00,,,,
2023-06-18 12:50:00+00:00,,,,
2023-06-18 13:00:00+00:00,,,,
2023-06-18 13:10:00+00:00,,,,
2023-06-18 13:20:00+00:00,,,,
2023-06-18 13:30:00+00:00,,,,
2023-06-18 13:40:00+00:00,,,,
2023-06-18 13:50:00+00:00,,,,
2023-06-18 14:00:00+00:00,,,,
2023-06-18 14:10:00+00:00,,,,
2023-06-18 14:20:00+00:00,,,,
2023-06-18 14:30:00+00:00,,,,
2023-06-18 14:40:00+00:00,,,,
2023-06-18 14:50:00+00:00,,,,
2023-06-18 15:00:00+00:00,,,,
2023-06-18 15:10:00+00:00,,,,
2023-06-18 15:20:00+00:00,,,,
2023-06-18 15:30:00+00:00,,,,
2023-06-18 15:40:00+00:00,,,,
2023-06-18 15:50:00+00:00,,,,
2023-06-18 16:00:00+00:00,,,,
2023-06-18 16:10:00+00:00,,,,
2023-06-18 16:20:00+00:00,,,,
2023-06-18 16:30:00+00:00,,,,
2023-06-18 16:40:00+00:00,,,,
2023-06-18 16:50:00+00:00,,,,
2023-06-18 17:00:00+00:00,,,,
2023-06-18 17:10:00+00:00,,,,
2023-06-18 17:20:00+00:00,,,,
2023-06-18 17:30:00+00:00,,,,
2023-06-18 17:40:00+00:00,,,,
2023-06-18 17:50:00+00:00,,,,
2023-06-18 18:00:00+00:00,,,,
2023-06-18 18:10:00+00:00,,,,
2023-06-18 18:20:00+00:00,,,,
2023-06-18 18:30:00+00:00,,,,
2023-06-18 18:40:00+00:00,,,,
2023-06-18 18:50:00+00:00,,,,
2023-06-18 19:00:00+00:00,,,,
2023-06-18 19:10:00+00:00,,,,
2023-06-18 19:20:00+00:00,,,,
2023-06-18 19:30:00+00:00,,,,
2023-06-18 19:40:00+00:00,,,,
2023-06-18 19:50:00+00:00,,,,
2023-06-18 20:00:00+00:00,,,,
2023-06-18 20:10:00+00:00,,,,
2023-06-18 20:20:00+00:00,,,,
2023-06-18 20:30:00+00:00,,,,
2023-06-18 20:40:00+00:00,,,,
2023-06-18 20:50:00+00:00,,,,
2023-06-18 21:00:00+00:00,,,,
2023-06-18 21:10:00+00:00,,,,
2023-06-18 21:20:00+00:00,,,,
2023-06-18 21:30:00+00:00,,,,
2023-06-18 21:40:00+00:00,,,,
2023-06-18 21:50:00+00:00,,,,
2023-06-18 22:00:00+00:00,,,,
2023-06-18 22:10:00+00:00,,,,
2023-06-18 22:20:00+00:00,,,,
2023-06-18 22:30:00+00:00,,,,
2023-06-18 22:40:00+00:00,,,,
2023-06-18 22:50:00+00:00,,,,
2023-06-18 23:00:00+00:00,,,,
2023-06-18 23:10:00+00:00,,,,
2023-06-18 23:20:00+00:00,,,,
2023-06-18 23:30:00+00:00,,,,
2023-06-18 23:40:00+00:00,,,,
2023-06-18 23:50:00+00:00,,,,
2023-06-19 00:00:00+00:00,,,,
2023-06-19 00:10:00+00:00,,,,
2023-06-19 00:20:00+00:00,,,,
2023-06-19 00:30:00+00:00,,,,
2023-06-19 00:40:00+00:00,,,,
2023-06-19 00:50:00+00:00,,,,
2023-06-19 01:00:00+00:00,,,,
2023-06-19 01:10:00+00:00,,,,
2023-06-19 01:20:00+00:00,,,,
2023-06-19 01:30:00+00:00,,,,
2023-06-19 01:40:00+00:00,,,,
2023-06-19 01:50:00+00:00,,,,
2023-06-19 02:00:00+00:00,,,,
2023-06-19 02:10:00+00:00,,,,
2023-06-19 02:20:00+00:00,,,,
2023-06-19 02:30:00+00:00,,,,
2023-06-19 02:40:00+00:00,,,,
2023-06-19 02:50:00+00:00,,,,
2023-06-19 03:00:00+00:00,,,,
2023-06-19 03:10:00+00:00,,,,
2023-06-19 03:20:00+00:00,,,,
2023-06-19 03:30:00+00:00,,,,
2023-06-19 03:40:00+00:00,,,,
2023-06-19 03:50:00+00:00,,,,
2023-06-19 04:00:00+00:00,14.8,100.0,11.3,4.2
2023-06-19 04:10:00+00:00,14.8,99.99333333333334,11.300666666666668,4.2
2023-06-19 04:20:00+00:00,14.8,99.98666666666666,11.301333333333334,4.2
2023-06-19 04:30:00+00:00,14.8,99.98,11.302000000000001,4.2
2023-06-19 04:40:00+00:00,14.8,99.97333333333333,11.302666666666667,4.2
2023-06-19 04:50:00+00:00,14.8,99.96666666666667,11.303333333333335,4.2
2023-06-19 05:00:00+00:00,14.8,99.96,11.304,4.2
2023-06-19 05:10:00+00:00,14.8,99.95333333333333,11.304666666666668,4.2
2023-06-19 05:20:00+00:00,14.8,99.94666666666667,11.305333333333333,4.2
2023-06-19 05:30:00+00:00,14.8,99.94,11.306000000000001,4.2
2023-06-19 05:40:00+00:00,14.8,99.93333333333334,11.306666666666667,4.2
2023-06-19 05:50:00+00:00,14.8,99.92666666666666,11.307333333333334,4.2
2023-06-19 06:00:00+00:00,14.8,99.92,11.308,4.2
2023-06-19 06:10:00+00:00,14.8,99.91333333333333,11.308666666666667,4.2
2023-06-19 06:20:00+00:00,14.8,99.90666666666667,11.309333333333335,4.2
2023-06-19 06:30:00+00:00,14.8,99.9,11.31,4.2
2023-06-19 06:40:00+00:00,14.8,99.89333333333333,11.310666666666668,4.2
2023-06-19 06:50:00+00:00,14.8,99.88666666666667,11.311333333333334,4.2
2023-06-19 07:00:00+00:00,14.8,99.88,11.312000000000001,4.2
2023-06-19 07:10:00+00:00,14.8,99.87333333333333,11.312666666666667,4.2
2023-06-19 07:20:00+00:00,14.8,99.86666666666666,11.313333333333334,4.2
2023-06-19 07:30:00+00:00,14.8,99.86,11.314,4.2
2023-06-19 07:40:00+00:00,14.8,99.85333333333334,11.314666666666668,4.2
2023-06-19 07:50:00+00:00,14.8,99.84666666666666,11.315333333333333,4.2
2023-06-19 08:00:00+00:00,14.8,99.84,11.316,4.2
2023-06-19 08:10:00+00:00,,,,
2023-06-19 08:20:00+00:00,,,,
2023-06-19 08:30:00+00:00,,,,
2023-06-19 08:40:00+00:00,,,,
2023-06-19 08:50:00+00:00,,,,
2023-06-19 09:00:00+00:00,,,,
2023-06-19 09:10:00+00:00,,,,
2023-06-19 09:20:00+00:00,,,,
2023-06-19 09:30:00+00:00,,,,
2023-06-19 09:40:00+00:00,,,,
2023-06-19 09:50:00+00:00,,,,
2023-06-19 10:00:00+00:00,,,,
2023-06-19 10:10:00+00:00,,,,
2023-06-19 10:20:00+00:00,,,,
2023-06-19 10:30:00+00:00,,,,
2023-06-19 10:40:00+00:00,,,,
2023-06-19 10:50:00+00:00,,,,
2023-06-19 11:00:00+00:00,,,,
2023-06-19 11:10:00+00:00,,,,
2023-06-19 11:20:00+00:00,,,,
2023-06-19 11:30:00+00:00,,,,
2023-06-19 11:40:00+00:00,,,,
2023-06-19 11:50:00+00:00,,,,
2023-06-19 12:00:00+00:00,,,,
2023-06-19 12:10:00+00:00,,,,
2023-06-19 12:20:00+00:00,,,,
2023-06-19 12:30:00+00:00,,,,
2023-06-19 12:40:00+00:00,,,,
2023-06-19 12:50:00+00:00,,,,
2023-06-19 13:00:00+00:00,,,,
2023-06-19 13:10:00+00:00,,,,
2023-06-19 13:20:00+00:00,,,,
2023-06-19 13:30:00+00:00,,,,
2023-06-19 13:40:00+00:00,,,,
2023-06-19 13:50:00+00:00,,,,
2023-06-19 14:00:00+00:00,,,,
2023-06-19 14:10:00+00:00,,,,
2023-06-19 14:20:00+00:00,,,,
2023-06-19 14:30:00+00:00,,,,
2023-06-19 14:40:00+00:00,,,,
2023-06-19 14:50:00+00:00,,,,
2023-06-19 15:00:00+00:00,,,,
2023-06-19 15:10:00+00:00,,,,
2023-06-19 15:20:00+00:00,,,,
2023-06-19 15:30:00+00:00,,,,
2023-06-19 15:40:00+00:00,,,,
2023-06-19 15:50:00+00:00,,,,
2023-06-19 16:00:00+00:00,,,,
2023-06-19 16:10:00+00:00,,,,
2023-06-19 16:20:00+00:00,,,,
2023-06-19 16:30:00+00:00,,,,
2023-06-19 16:40:00+00:00,,,,
2023-06-19 16:50:00+00:00,,,,
2023-06-19 17:00:00+00:00,,,,
2023-06-19 17:10:00+00:00,,,,
2023-06-19 17:20:00+00:00,,,,
2023-06-19 17:30:00+00:00,,,,
2023-06-19 17:40:00+00:00,,,,
2023-06-19 17:50:00+00:00,,,,
2023-06-19 18:00:00+00:00,,,,
2023-06-19 18:10:00+00:00,,,,
2023-06-19 18:20:00+00:00,,,,
2023-06-19 18:30:00+00:00,,,,
2023-06-19 18:40:00+00:00,,,,
2023-06-19 18:50:00+00:00,,,,
2023-06-19 19:00:00+00:00,,,,
2023-06-19 19:10:00+00:00,,,,
2023-06-19 19:20:00+00:00,,,,
2023-06-19 19:30:00+00:00,,,,
2023-06-19 19:40:00+00:00,,,,
2023-06-19 19:50:00+00:00,,,,
2023-06-19 20:00:00+00:00,,,,
2023-06-19 20:10:00+00:00,,,,
2023-06-19 20:20:00+00:00,,,,
2023-06-19 20:30:00+00:00,,,,
2023-06-19 20:40:00+00:00,,,,
2023-06-19 20:50:00+00:00,,,,
2023-06-19 21:00:00+00:00,,,,
2023-06-19 21:10:00+00:00,,,,
2023-06-19 21:20:00+00:00,,,,
2023-06-19 21:30:00+00:00,,,,
2023-06-19 21:40:00+00:00,,,,
2023-06-19 21:50:00+00:00,,,,
2023-06-19 22:00:00+00:00,,,,
2023-06-19 22:10:00+00:00,,,,
2023-06-19 22:20:00+00:00,,,,
2023-06-19 22:30:00+00:00,,,,
2023-06-19 22:40:00+00:00,,,,
2023-06-19 22:50:00+00:00,,,,
2023-06-19 23:00:00+00:00,,,,
2023-06-19 23:10:00+00:00,,,,
2023-06-19 23:20:00+00:00,,,,
2023-06-19 23:30:00+00:00,,,,
2023-06-19 23:40:00+00:00,,,,
2023-06-19 23:50:00+00:00,,,,
2023-06-20 00:00:00+00:00,,,,
2023-06-20 00:10:00+00:00,,,,
2023-06-20 00:20:00+00:00,,,,
2023-06-20 00:30:00+00:00,,,,
2023-06-20 00:40:00+00:00,,,,
2023-06-20 00:50:00+00:00,,,,
2023-06-20 01:00:00+00:00,,,,
2023-06-20 01:10:00+00:00,,,,
2023-06-20 01:20:00+00:00,,,,
2023-06-20 01:30:00+00:00,,,,
2023-06-20 01:40:00+00:00,,,,
2023-06-20 01:50:00+00:00,,,,
2023-06-20 02:00:00+00:00,,,,
2023-06-20 02:10:00+00:00,,,,
2023-06-20 02:20:00+00:00,,,,
2023-06-20 02:30:00+00:00,,,,
2023-06-20 02:40:00+00:00,,,,
2023-06-20 02:50:00+00:00,,,,
2023-06-20 03:00:00+00:00,,,,
2023-06-20 03:10:00+00:00,,,,
2023-06-20 03:20:00+00:00,,,,
2023-06-20 03:30:00+00:00,,,,
2023-06-20 03:40:00+00:00,,,,
2023-06-20 03:50:00+00:00,,,,
2023-06-20 04:00:00+00:00,,,,
2023-06-20 04:10:00+00:00,,,,
2023-06-20 04:20:00+00:00,,,,
2023-06-20 04:30:00+00:00,,,,
2023-06-20 04:40:00+00:00,,,,
2023-06-20 04:50:00+00:00,,,,
2023-06-20 05:00:00+00:00,14.8,99.0,11.4,4.2
2023-06-20 05:10:00+00:00,14.8,98.0,11.4,4.2
2023-06-20 05:20:00+00:00,14.8,100.0,11.4,4.2
2023-06-20 05:30:00+00:00,14.8,100.0,11.4,4.2
2023-06-20 05:40:00+00:00,14.8,100.0,11.4,4.2
2023-06-20 05:50:00+00:00,14.8,100.0,11.4,4.2
2023-06-20 06:00:00+00:00,14.8,100.0,11.4,4.2
2023-06-20 06:10:00+00:00,14.8,100.0,11.4,4.2
2023-06-20 06:20:00+00:00,14.8,100.0,11.5,4.2
2023-06-20 06:30:00+00:00,14.8,100.0,11.4,4.2
2023-06-20 06:40:00+00:00,14.8,100.0,11.4,4.2
2023-06-20 06:50:00+00:00,14.8,100.0,11.4,4.2
2023-06-20 07:00:00+00:00,14.8,100.0,11.5,4.2
2023-06-20 07:10:00+00:00,14.8,100.0,11.5,4.2
2023-06-20 07:20:00+00:00,14.8,100.0,11.5,4.2
2023-06-20 07:30:00+00:00,14.8,100.0,11.5,4.2
2023-06-20 07:40:00+00:00,14.8,99.0,11.5,4.2
2023-06-20 07:50:00+00:00,14.8,93.0,11.5,4.2
2023-06-20 08:00:00+00:00,14.8,92.0,11.5,4.2
2023-06-20 08:10:00+00:00,14.8,92.0,11.5,4.2
2023-06-20 08:20:00+00:00,14.8,93.0,11.5,4.2
2023-06-20 08:30:00+00:00,14.8,94.0,11.5,4.2
2023-06-20 08:40:00+00:00,14.8,94.0,11.5,4.2
2023-06-20 08:50:00+00:00,14.8,93.0,11.5,4.2
2023-06-20 09:00:00+00:00,14.8,93.0,11.5,4.2
2023-06-20 09:10:00+00:00,14.8,94.0,11.5,4.2
2023-06-20 09:20:00+00:00,14.8,96.0,11.6,4.2
2023-06-20 09:30:00+00:00,14.8,95.0,11.6,4.2
2023-06-20 09:40:00+00:00,14.8,97.0,11.6,4.2
2023-06-20 09:50:00+00:00,14.8,99.0,11.6,4.2
2023-06-20 10:00:00+00:00,14.8,100.0,11.6,4.2
2023-06-20 10:10:00+00:00,14.8,100.0,11.6,4.2
2023-06-20 10:20:00+00:00,14.8,100.0,11.6,4.2
2023-06-20 10:30:00+00:00,14.8,100.0,11.6,4.2
2023-06-20 10:40:00+00:00,14.8,100.0,11.5,4.2
2023-06-20 10:50:00+00:00,14.8,99.0,11.5,4.2
2023-06-20 11:00:00+00:00,14.8,97.0,11.5,4.2
2023-06-20 11:10:00+00:00,14.8,96.0,11.5,4.2
2023-06-20 11:20:00+00:00,14.8,96.0,11.5,4.2
2023-06-20 11:30:00+00:00,14.8,95.0,11.5,4.2
2023-06-20 11:40:00+00:00,14.8,94.0,11.5,4.2
2023-06-20 11:50:00+00:00,14.8,93.0,11.5,4.2
2023-06-20 12:00:00+00:00,14.8,93.0,11.5,4.2
2023-06-20 12:10:00+00:00,14.8,93.0,11.5,4.2
2023-06-20 12:20:00+00:00,14.8,92.0,11.5,4.2
2023-06-20 12:30:00+00:00,14.8,92.0,11.5,4.2
2023-06-20 12:40:00+00:00,14.8,92.0,11.5,4.2
2023-06-20 12:50:00+00:00,14.8,92.0,11.5,4.2
2023-06-20 13:00:00+00:00,14.8,92.0,11.5,4.2
2023-06-20 13:10:00+00:00,14.8,92.0,11.5,4.2
2023-06-20 13:20:00+00:00,14.8,92.0,11.5,4.2
2023-06-20 13:30:00+00:00,14.8,92.0,11.5,4.2
2023-06-20 13:40:00+00:00,14.8,92.0,11.5,4.2
2023-06-20 13:50:00+00:00,14.8,92.0,11.5,4.2
2023-06-20 14:00:00+00:00,14.8,92.0,11.5,4.2
2023-06-20 14:10:00+00:00,14.8,92.0,11.5,4.2
2023-06-20 14:20:00+00:00,14.8,92.0,11.5,4.2
2023-06-20 14:30:00+00:00,14.8,92.0,11.5,4.2
2023-06-20 14:40:00+00:00,14.8,92.0,11.5,4.2
2023-06-20 14:50:00+00:00,14.8,92.0,11.5,4.2
2023-06-20 15:00:00+00:00,14.8,93.0,11.5,4.2
2023-06-20 15:10:00+00:00,14.8,92.0,11.5,4.2
2023-06-20 15:20:00+00:00,14.8,92.0,11.5,4.2
2023-06-20 15:30:00+00:00,14.8,93.0,11.5,4.2
2023-06-20 15:40:00+00:00,14.8,93.0,11.5,4.2
2023-06-20 15:50:00+00:00,14.8,92.0,11.5,4.2
2023-06-20 16:00:00+00:00,14.8,92.0,11.5,4.2
2023-06-20 16:10:00+00:00,14.8,92.0,11.5,4.2
2023-06-20 16:20:00+00:00,14.8,92.0,11.5,4.2
2023-06-20 16:30:00+00:00,14.8,93.0,11.5,4.2
2023-06-20 16:40:00+00:00,14.8,93.0,11.5,4.2
2023-06-20 16:50:00+00:00,14.8,93.0,11.5,4.2
2023-06-20 17:00:00+00:00,14.8,93.0,11.5,4.2
2023-06-20 17:10:00+00:00,14.8,92.0,11.5,4.2
2023-06-20 17:20:00+00:00,14.8,93.0,11.5,4.2
2023-06-20 17:30:00+00:00,14.8,93.0,11.5,4.2
2023-06-20 17:40:00+00:00,14.8,93.0,11.5,4.2
2023-06-20 17:50:00+00:00,14.8,93.0,11.4,4.2
2023-06-20 18:00:00+00:00,14.8,93.0,11.5,4.2
2023-06-20 18:10:00+00:00,14.8,93.0,11.4,4.2
2023-06-20 18:20:00+00:00,14.8,93.0,11.4,4.2
2023-06-20 18:30:00+00:00,14.8,93.0,11.4,4.2
2023-06-20 18:40:00+00:00,14.8,93.0,11.4,3.9
2023-06-20 18:50:00+00:00,14.8,93.0,11.4,3.5
2023-06-20 19:00:00+00:00,14.8,94.0,11.4,3.5
2023-06-20 19:10:00+00:00,14.8,93.0,11.4,3.3
2023-06-20 19:20:00+00:00,14.8,94.0,11.4,2.6
2023-06-20 19:30:00+00:00,14.8,94.0,11.4,2.1
2023-06-20 19:40:00+00:00,14.8,94.0,11.4,1.6
2023-06-20 19:50:00+00:00,14.8,94.0,11.4,1.1
2023-06-20 20:00:00+00:00,14.8,94.0,11.4,0.8
2023-06-20 20:10:00+00:00,14.8,94.0,11.4,0.7
2023-06-20 20:20:00+00:00,14.8,94.0,11.4,0.6
2023-06-20 20:30:00+00:00,14.8,94.0,11.4,0.6
2023-06-20 20:40:00+00:00,14.8,94.0,11.4,0.6
2023-06-20 20:50:00+00:00,14.8,94.0,11.4,0.6
2023-06-20 21:00:00+00:00,14.8,94.0,11.4,0.4
2023-06-20 21:10:00+00:00,14.8,94.0,11.4,0.6
2023-06-20 21:20:00+00:00,14.8,95.0,11.4,0.6
2023-06-20 21:30:00+00:00,14.8,95.0,11.4,0.6
2023-06-20 21:40:00+00:00,14.8,95.0,11.4,0.6
2023-06-20 21:50:00+00:00,14.8,95.0,11.4,0.6
2023-06-20 22:00:00+00:00,14.8,96.0,11.4,0.4
2023-06-20 22:10:00+00:00,14.8,96.0,11.4,0.6
2023-06-20 22:20:00+00:00,14.8,96.0,11.4,0.6
2023-06-20 22:30:00+00:00,14.8,96.0,11.4,0.6
2023-06-20 22:40:00+00:00,14.8,96.0,11.4,0.5
2023-06-20 22:50:00+00:00,14.8,95.0,11.4,0.5
2023-06-20 23:00:00+00:00,14.8,95.0,11.4,0.6
2023-06-20 23:10:00+00:00,14.8,95.0,11.4,0.6
2023-06-20 23:20:00+00:00,14.8,95.0,11.4,0.6
2023-06-20 23:30:00+00:00,14.8,95.0,11.4,0.6
2023-06-20 23:40:00+00:00,14.8,95.0,11.4,0.6
2023-06-20 23:50:00+00:00,14.8,96.0,11.4,0.4
2023-06-21 00:00:00+00:00,14.8,96.0,11.4,0.6
2023-06-21 00:10:00+00:00,14.8,96.0,11.4,0.6
2023-06-21 00:20:00+00:00,14.8,95.0,11.4,0.6
2023-06-21 00:30:00+00:00,14.8,96.0,11.4,0.6
2023-06-21 00:40:00+00:00,14.8,96.0,11.4,0.6
2023-06-21 00:50:00+00:00,14.8,96.0,11.4,0.6
2023-06-21 01:00:00+00:00,14.8,96.0,11.4,0.6
2023-06-21 01:10:00+00:00,14.8,96.0,11.4,0.6
2023-06-21 01:20:00+00:00,14.8,95.0,11.4,0.7
2023-06-21 01:30:00+00:00,14.8,95.0,11.4,0.8
2023-06-21 01:40:00+00:00,14.8,95.0,11.4,1.3
2023-06-21 01:50:00+00:00,14.8,95.0,11.4,1.7
2023-06-21 02:00:00+00:00,14.8,96.0,11.4,2.1
2023-06-21 02:10:00+00:00,14.8,95.0,11.4,2.3
2023-06-21 02:20:00+00:00,14.8,96.0,11.4,2.5
2023-06-21 02:30:00+00:00,14.8,96.0,11.4,2.9
2023-06-21 02:40:00+00:00,14.8,96.0,11.4,3.2
2023-06-21 02:50:00+00:00,14.8,95.0,11.4,3.2
2023-06-21 03:00:00+00:00,14.8,95.15384615384616,11.4,3.2769230769230773
2023-06-21 03:10:00+00:00,14.8,95.3076923076923,11.4,3.353846153846154
2023-06-21 03:20:00+00:00,14.8,95.46153846153847,11.4,3.430769230769231
2023-06-21 03:30:00+00:00,14.8,95.61538461538461,11.4,3.5076923076923077
2023-06-21 03:40:00+00:00,14.8,95.76923076923077,11.4,3.5846153846153848
2023-06-21 03:50:00+00:00,14.8,95.92307692307692,11.4,3.661538461538462
2023-06-21 04:00:00+00:00,14.8,96.07692307692308,11.4,3.7384615384615385
2023-06-21 04:10:00+00:00,14.8,96.23076923076923,11.4,3.8153846153846156
2023-06-21 04:20:00+00:00,14.8,96.38461538461539,11.4,3.8923076923076927
2023-06-21 04:30:00+00:00,14.8,96.53846153846153,11.4,3.9692307692307693
2023-06-21 04:40:00+00:00,14.8,96.6923076923077,11.4,4.046153846153846
2023-06-21 04:50:00+00:00,14.8,96.84615384615384,11.4,4.1230769230769235
2023-06-21 05:00:00+00:00,14.8,97.0,11.4,4.2
2023-06-21 05:10:00+00:00,14.8,97.0,11.4,4.2
2023-06-21 05:20:00+00:00,14.8,96.0,11.4,4.2
2023-06-21 05:30:00+00:00,14.8,96.0,11.4,4.2
2023-06-21 05:40:00+00:00,14.8,96.0,11.4,4.2
2023-06-21 05:50:00+00:00,14.8,95.0,11.4,4.2
2023-06-21 06:00:00+00:00,14.8,95.0,11.4,4.2
2023-06-21 06:10:00+00:00,14.8,98.0,11.5,4.2
2023-06-21 06:20:00+00:00,14.8,100.0,11.5,4.2
2023-06-21 06:30:00+00:00,14.8,100.0,11.5,4.2
2023-06-21 06:40:00+00:00,14.8,100.0,11.5,4.2
2023-06-21 06:50:00+00:00,14.8,100.0,11.5,4.2
2023-06-21 07:00:00+00:00,14.8,100.0,11.5,4.2
2023-06-21 07:10:00+00:00,14.8,100.0,11.5,4.2
2023-06-21 07:20:00+00:00,14.8,100.0,11.5,4.2
2023-06-21 07:30:00+00:00,14.8,100.0,11.5,4.2
2023-06-21 07:40:00+00:00,14.8,98.0,11.5,4.2
2023-06-21 07:50:00+00:00,14.8,98.0,11.5,4.2
2023-06-21 08:00:00+00:00,14.8,97.0,11.5,4.2
2023-06-21 08:10:00+00:00,14.8,97.5,11.5,4.2
2023-06-21 08:20:00+00:00,14.8,98.0,11.5,4.2
2023-06-21 08:30:00+00:00,14.8,97.0,11.5,4.2
2023-06-21 08:40:00+00:00,14.8,96.0,11.5,4.2
2023-06-21 08:50:00+00:00,14.8,97.0,11.5,4.2
2023-06-21 09:00:00+00:00,14.8,96.0,11.5,4.2
2023-06-21 09:10:00+00:00,14.8,95.0,11.5,4.2
2023-06-21 09:20:00+00:00,14.8,94.0,11.5,4.2
2023-06-21 09:30:00+00:00,14.8,94.0,11.5,4.2
2023-06-21 09:40:00+00:00,14.8,94.0,11.6,4.2
2023-06-21 09:50:00+00:00,14.8,98.0,11.6,4.2
2023-06-21 10:00:00+00:00,14.8,100.0,11.6,4.2
2023-06-21 10:10:00+00:00,14.8,100.0,11.6,4.2
2023-06-21 10:20:00+00:00,14.8,100.0,11.6,4.2
2023-06-21 10:30:00+00:00,14.8,100.0,11.6,4.2
2023-06-21 10:40:00+00:00,14.8,100.0,11.6,4.2
2023-06-21 10:50:00+00:00,14.8,98.0,11.6,4.2
2023-06-21 11:00:00+00:00,14.8,97.0,11.6,4.2
2023-06-21 11:10:00+00:00,14.8,96.0,11.5,4.2
2023-06-21 11:20:00+00:00,14.8,95.0,11.6,4.2
2023-06-21 11:30:00+00:00,14.8,96.0,11.6,4.2
2023-06-21 11:40:00+00:00,14.8,95.0,11.6,4.2
2023-06-21 11:50:00+00:00,14.8,94.0,11.6,4.2
2023-06-21 12:00:00+00:00,14.8,94.0,11.6,4.2
2023-06-21 12:10:00+00:00,14.8,94.0,11.6,4.2
2023-06-21 12:20:00+00:00,14.8,94.0,11.6,4.2
2023-06-21 12:30:00+00:00,14.8,94.0,11.6,4.2
2023-06-21 12:40:00+00:00,14.8,93.0,11.6,4.2
2023-06-21 12:50:00+00:00,14.8,92.0,11.6,4.2
2023-06-21 13:00:00+00:00,14.8,92.0,11.6,4.2
2023-06-21 13:10:00+00:00,14.8,92.0,11.5,4.2
2023-06-21 13:20:00+00:00,14.8,92.0,11.5,4.2
2023-06-21 13:30:00+00:00,14.8,92.0,11.5,4.2
2023-06-21 13:40:00+00:00,14.8,92.0,11.5,4.2
2023-06-21 13:50:00+00:00,14.8,91.0,11.5,4.2
2023-06-21 14:00:00+00:00,14.8,91.0,11.5,4.2
2023-06-21 14:10:00+00:00,14.8,91.0,11.5,4.2
2023-06-21 14:20:00+00:00,14.8,91.0,11.5,4.2
2023-06-21 14:30:00+00:00,14.8,91.0,11.5,4.2
2023-06-21 14:40:00+00:00,14.8,91.0,11.5,4.2
2023-06-21 14:50:00+00:00,14.8,91.0,11.5,4.2
2023-06-21 15:00:00+00:00,14.8,91.0,11.5,4.2
2023-06-21 15:10:00+00:00,14.8,91.0,11.5,4.2
2023-06-21 15:20:00+00:00,14.8,91.0,11.5,4.2
2023-06-21 15:30:00+00:00,14.8,90.0,11.5,4.2
2023-06-21 15:40:00+00:00,14.8,90.0,11.5,4.2
2023-06-21 15:50:00+00:00,14.8,91.0,11.5,4.2
2023-06-21 16:00:00+00:00,14.8,91.0,11.5,4.2
2023-06-21 16:10:00+00:00,14.8,90.0,11.5,4.2
2023-06-21 16:20:00+00:00,14.8,91.0,11.5,4.2
2023-06-21 16:30:00+00:00,14.8,91.0,11.5,4.2
2023-06-21 16:40:00+00:00,14.8,90.0,11.5,4.2
2023-06-21 16:50:00+00:00,14.8,90.0,11.5,4.2
2023-06-21 17:00:00+00:00,14.8,90.0,11.5,4.2
2023-06-21 17:10:00+00:00,14.8,91.0,11.5,4.2
2023-06-21 17:20:00+00:00,14.8,91.0,11.5,4.2
2023-06-21 17:30:00+00:00,14.8,91.0,11.5,4.2
2023-06-21 17:40:00+00:00,14.8,91.0,11.5,4.2
2023-06-21 17:50:00+00:00,14.8,91.0,11.5,4.2
2023-06-21 18:00:00+00:00,14.8,91.0,11.5,3.7
2023-06-21 18:10:00+00:00,14.8,91.0,11.5,3.5
2023-06-21 18:20:00+00:00,14.8,91.0,11.5,3.9
2023-06-21 18:30:00+00:00,14.8,91.0,11.5,3.9
2023-06-21 18:40:00+00:00,14.8,91.0,11.5,3.8
2023-06-21 18:50:00+00:00,14.8,91.0,11.5,3.5
2023-06-21 19:00:00+00:00,14.8,91.0,11.5,3.5
2023-06-21 19:10:00+00:00,14.8,91.0,11.5,3.3
2023-06-21 19:20:00+00:00,14.8,91.0,11.5,2.8
2023-06-21 19:30:00+00:00,14.8,91.0,11.5,2.4
2023-06-21 19:40:00+00:00,14.8,91.0,11.5,2.0
2023-06-21 19:50:00+00:00,14.8,91.0,11.5,1.3
2023-06-21 20:00:00+00:00,14.8,91.0,11.5,0.9
2023-06-21 20:10:00+00:00,14.8,91.0,11.5,0.7
2023-06-21 20:20:00+00:00,14.8,91.0,11.5,0.6
2023-06-21 20:30:00+00:00,14.8,91.0,11.5,0.6
2023-06-21 20:40:00+00:00,14.8,91.0,11.5,0.6
2023-06-21 20:50:00+00:00,14.8,91.0,11.5,0.5
2023-06-21 21:00:00+00:00,14.8,91.0,11.4,0.6
2023-06-21 21:10:00+00:00,14.8,92.0,11.4,0.5
2023-06-21 21:20:00+00:00,14.8,92.0,11.4,0.6
2023-06-21 21:30:00+00:00,14.8,92.0,11.4,0.6
2023-06-21 21:40:00+00:00,14.8,92.0,11.4,0.6
2023-06-21 21:50:00+00:00,14.8,92.0,11.4,0.4
2023-06-21 22:00:00+00:00,14.8,92.0,11.4,0.6
2023-06-21 22:10:00+00:00,14.8,92.0,11.4,0.4
2023-06-21 22:20:00+00:00,14.8,92.0,11.4,0.5
2023-06-21 22:30:00+00:00,14.8,92.0,11.4,0.6
2023-06-21 22:40:00+00:00,14.8,92.05263157894737,11.4,0.6947368421052631
2023-06-21 22:50:00+00:00,14.8,92.10526315789474,11.4,0.7894736842105263
2023-06-21 23:00:00+00:00,14.8,92.15789473684211,11.4,0.8842105263157894
2023-06-21 23:10:00+00:00,14.8,92.21052631578948,11.4,0.9789473684210526
2023-06-21 23:20:00+00:00,14.8,92.26315789473684,11.4,1.0736842105263158
2023-06-21 23:30:00+00:00,14.8,92.3157894736842,11.4,1.168421052631579
2023-06-21 23:40:00+00:00,14.8,92.36842105263158,11.4,1.263157894736842
2023-06-21 23:50:00+00:00,14.8,92.42105263157895,11.4,1.3578947368421053
2023-06-22 00:00:00+00:00,14.8,92.47368421052632,11.4,1.4526315789473685
2023-06-22 00:10:00+00:00,14.8,92.52631578947368,11.4,1.5473684210526315
2023-06-22 00:20:00+00:00,14.8,92.57894736842105,11.4,1.642105263157895
2023-06-22 00:30:00+00:00,14.8,92.63157894736842,11.4,1.736842105263158
2023-06-22 00:40:00+00:00,14.8,92.6842105263158,11.4,1.831578947368421
2023-06-22 00:50:00+00:00,14.8,92.73684210526316,11.4,1.9263157894736844
2023-06-22 01:00:00+00:00,14.8,92.78947368421052,11.4,2.0210526315789474
2023-06-22 01:10:00+00:00,14.8,92.84210526315789,11.4,2.1157894736842104
2023-06-22 01:20:00+00:00,14.8,92.89473684210526,11.4,2.210526315789474
2023-06-22 01:30:00+00:00,14.8,92.94736842105263,11.4,2.305263157894737
2023-06-22 01:40:00+00:00,14.8,93.0,11.4,2.4
2023-06-22 01:50:00+00:00,14.8,93.05263157894737,11.4,2.4947368421052634
2023-06-22 02:00:00+00:00,14.8,93.10526315789474,11.4,2.5894736842105264
2023-06-22 02:10:00+00:00,14.8,93.15789473684211,11.4,2.68421052631579
2023-06-22 02:20:00+00:00,14.8,93.21052631578948,11.4,2.778947368421053
2023-06-22 02:30:00+00:00,14.8,93.26315789473684,11.4,2.873684210526316
2023-06-22 02:40:00+00:00,,,,
2023-06-22 02:50:00+00:00,,,,
2023-06-22 03:00:00+00:00,,,,
2023-06-22 03:10:00+00:00,,,,
2023-06-22 03:20:00+00:00,,,,
2023-06-22 03:30:00+00:00,,,,
2023-06-22 03:40:00+00:00,,,,
2023-06-22 03:50:00+00:00,,,,
2023-06-22 04:00:00+00:00,,,,
2023-06-22 04:10:00+00:00,,,,
2023-06-22 04:20:00+00:00,,,,
2023-06-22 04:30:00+00:00,,,,
2023-06-22 04:40:00+00:00,,,,
2023-06-22 04:50:00+00:00,14.8,94.0,11.4,4.2
2023-06-22 05:00:00+00:00,14.8,94.0,11.45,4.2
2023-06-22 05:10:00+00:00,14.8,94.0,11.5,4.2
2023-06-22 05:20:00+00:00,14.8,95.0,11.5,4.2
2023-06-22 05:30:00+00:00,14.8,97.0,11.4,4.2
2023-06-22 05:40:00+00:00,14.8,96.0,11.4,4.2
2023-06-22 05:50:00+00:00,14.8,94.0,11.5,4.2
2023-06-22 06:00:00+00:00,14.8,95.0,11.5,4.2
2023-06-22 06:10:00+00:00,14.8,94.0,11.5,4.2
2023-06-22 06:20:00+00:00,14.8,93.0,11.5,4.2
2023-06-22 06:30:00+00:00,14.8,93.0,11.5,4.2
2023-06-22 06:40:00+00:00,14.8,94.0,11.5,4.2
2023-06-22 06:50:00+00:00,14.8,94.0,11.5,4.2
2023-06-22 07:00:00+00:00,14.8,93.0,11.5,4.2
2023-06-22 07:10:00+00:00,14.8,93.0,11.5,4.2
2023-06-22 07:20:00+00:00,14.8,95.0,11.5,4.2
2023-06-22 07:30:00+00:00,14.8,95.0,11.5,4.2
2023-06-22 07:40:00+00:00,14.8,94.0,11.5,4.2
2023-06-22 07:50:00+00:00,14.8,93.0,11.5,4.2
2023-06-22 08:00:00+00:00,14.8,92.0,11.5,4.2
2023-06-22 08:10:00+00:00,14.8,92.0,11.5,4.2
2023-06-22 08:20:00+00:00,14.8,93.0,11.5,4.2
2023-06-22 08:30:00+00:00,14.8,92.0,11.5,4.2
2023-06-22 08:40:00+00:00,14.8,90.0,11.5,4.2
2023-06-22 08:50:00+00:00,14.8,90.0,11.5,4.2
2023-06-22 09:00:00+00:00,14.8,92.0,11.5,4.2
2023-06-22 09:10:00+00:00,14.8,94.0,11.6,4.2
2023-06-22 09:20:00+00:00,14.8,94.0,11.6,4.2
2023-06-22 09:30:00+00:00,14.8,95.0,11.6,4.2
2023-06-22 09:40:00+00:00,14.8,97.0,11.6,4.2
2023-06-22 09:50:00+00:00,14.8,99.0,11.6,4.2
2023-06-22 10:00:00+00:00,14.8,100.0,11.6,4.2
2023-06-22 10:10:00+00:00,14.8,100.0,11.6,4.2
2023-06-22 10:20:00+00:00,14.8,100.0,11.6,4.2
2023-06-22 10:30:00+00:00,14.8,100.0,11.6,4.2
2023-06-22 10:40:00+00:00,14.8,99.0,11.6,4.2
2023-06-22 10:50:00+00:00,14.8,97.0,11.5,4.2
2023-06-22 11:00:00+00:00,14.8,95.0,11.5,4.2
2023-06-22 11:10:00+00:00,14.8,94.0,11.5,4.2
2023-06-22 11:20:00+00:00,14.8,93.0,11.5,4.2
2023-06-22 11:30:00+00:00,14.8,92.0,11.5,4.2
2023-06-22 11:40:00+00:00,14.8,91.0,11.5,4.2
2023-06-22 11:50:00+00:00,14.8,90.0,11.5,4.2
2023-06-22 12:00:00+00:00,14.8,90.0,11.5,4.2
2023-06-22 12:10:00+00:00,14.8,90.0,11.5,4.2
2023-06-22 12:20:00+00:00,14.8,90.0,11.5,4.2
2023-06-22 12:30:00+00:00,14.8,90.0,11.5,4.2
2023-06-22 12:40:00+00:00,14.8,89.0,11.5,4.2
2023-06-22 12:50:00+00:00,14.8,89.0,11.5,4.2
2023-06-22 13:00:00+00:00,14.8,89.0,11.5,4.2
2023-06-22 13:10:00+00:00,14.8,89.0,11.5,4.2
2023-06-22 13:20:00+00:00,14.8,89.0,11.5,4.2
2023-06-22 13:30:00+00:00,14.8,89.0,11.5,4.2
2023-06-22 13:40:00+00:00,14.8,89.0,11.5,4.2
2023-06-22 13:50:00+00:00,14.8,89.0,11.5,4.2
2023-06-22 14:00:00+00:00,14.8,89.0,11.5,4.2
2023-06-22 14:10:00+00:00,14.8,89.0,11.5,4.2
2023-06-22 14:20:00+00:00,14.8,89.0,11.5,4.2
2023-06-22 14:30:00+00:00,14.8,89.0,11.5,4.2
2023-06-22 14:40:00+00:00,14.8,89.0,11.5,4.2
2023-06-22 14:50:00+00:00,14.8,88.0,11.5,4.2
2023-06-22 15:00:00+00:00,14.8,89.0,11.5,4.2
2023-06-22 15:10:00+00:00,14.8,88.0,11.5,4.2
2023-06-22 15:20:00+00:00,14.8,88.0,11.5,4.2
2023-06-22 15:30:00+00:00,14.8,88.0,11.5,4.2
2023-06-22 15:40:00+00:00,14.8,88.0,11.5,4.2
2023-06-22 15:50:00+00:00,14.8,88.0,11.5,4.2
2023-06-22 16:00:00+00:00,14.8,88.0,11.5,4.2
2023-06-22 16:10:00+00:00,14.8,88.0,11.5,4.2
2023-06-22 16:20:00+00:00,14.8,88.0,11.5,4.2
2023-06-22 16:30:00+00:00,14.8,88.0,11.5,4.2
2023-06-22 16:40:00+00:00,14.8,88.0,11.5,4.2
2023-06-22 16:50:00+00:00,14.8,88.0,11.5,4.2
2023-06-22 17:00:00+00:00,14.8,88.0,11.5,4.2
2023-06-22 17:10:00+00:00,14.8,88.0,11.5,4.2
2023-06-22 17:20:00+00:00,14.8,88.0,11.5,4.2
2023-06-22 17:30:00+00:00,14.8,88.0,11.5,4.2
2023-06-22 17:40:00+00:00,14.8,88.0,11.5,4.2
2023-06-22 17:50:00+00:00,14.8,88.0,11.5,4.2
2023-06-22 18:00:00+00:00,14.8,88.0,11.5,4.2
2023-06-22 18:10:00+00:00,14.8,88.0,11.5,4.2
2023-06-22 18:20:00+00:00,14.8,88.0,11.5,4.2
2023-06-22 18:30:00+00:00,14.8,88.0,11.5,4.1
2023-06-22 18:40:00+00:00,14.8,88.0,11.5,4.0
2023-06-22 18:50:00+00:00,14.8,88.0,11.5,3.7
2023-06-22 19:00:00+00:00,14.8,88.0,11.5,3.5
2023-06-22 19:10:00+00:00,14.8,88.0,11.5,3.6
2023-06-22 19:20:00+00:00,14.8,89.0,11.5,3.4
2023-06-22 19:30:00+00:00,14.8,88.5,11.5,2.5999999999999996
2023-06-22 19:40:00+00:00,14.8,88.0,11.5,1.4
2023-06-22 19:50:00+00:00,14.8,89.0,11.4,1.1
2023-06-22 20:00:00+00:00,14.8,89.0,11.4,0.8
2023-06-22 20:10:00+00:00,14.8,89.0,11.4,0.7
2023-06-22 20:20:00+00:00,14.8,89.0,11.4,0.6
2023-06-22 20:30:00+00:00,14.8,89.0,11.4,0.6
2023-06-22 20:40:00+00:00,14.8,89.0,11.4,0.4
2023-06-22 20:50:00+00:00,14.8,89.0,11.4,0.6
2023-06-22 21:00:00+00:00,14.8,89.0,11.4,0.6
2023-06-22 21:10:00+00:00,14.8,89.0,11.4,0.6
2023-06-22 21:20:00+00:00,14.8,90.0,11.4,0.6
2023-06-22 21:30:00+00:00,14.8,90.0,11.4,0.6
2023-06-22 21:40:00+00:00,14.8,90.0,11.4,0.6
2023-06-22 21:50:00+00:00,14.8,90.0,11.4,0.6
2023-06-22 22:00:00+00:00,14.8,90.0,11.4,0.6
2023-06-22 22:10:00+00:00,14.8,90.0,11.4,0.6
2023-06-22 22:20:00+00:00,14.8,90.0,11.4,0.6
2023-06-22 22:30:00+00:00,14.8,90.0,11.4,0.6
2023-06-22 22:40:00+00:00,14.8,90.0,11.4,0.6
2023-06-22 22:50:00+00:00,14.8,90.0,11.4,0.6
2023-06-22 23:00:00+00:00,14.8,90.0,11.4,0.6
2023-06-22 23:10:00+00:00,14.8,90.0,11.4,0.6
2023-06-22 23:20:00+00:00,14.8,90.0,11.4,0.6
2023-06-22 23:30:00+00:00,14.8,91.0,11.4,0.6
2023-06-22 23:40:00+00:00,14.8,91.0,11.4,0.6
2023-06-22 23:50:00+00:00,14.8,91.0,11.4,0.4
2023-06-23 00:00:00+00:00,14.8,91.0,11.4,0.6
2023-06-23 00:10:00+00:00,14.8,91.0,11.4,0.6
2023-06-23 00:20:00+00:00,14.8,91.0,11.4,0.6
2023-06-23 00:30:00+00:00,14.8,91.0,11.4,0.6
2023-06-23 00:40:00+00:00,14.8,91.0,11.4,0.6
2023-06-23 00:50:00+00:00,14.8,91.0,11.4,0.6
2023-06-23 01:00:00+00:00,14.884848484848485,91.12121212121212,11.4,0.7090909090909091
2023-06-23 01:10:00+00:00,14.96969696969697,91.24242424242425,11.4,0.8181818181818181
2023-06-23 01:20:00+00:00,15.054545454545455,91.36363636363636,11.4,0.9272727272727272
2023-06-23 01:30:00+00:00,15.13939393939394,91.48484848484848,11.4,1.0363636363636364
2023-06-23 01:40:00+00:00,15.224242424242425,91.60606060606061,11.4,1.1454545454545455
2023-06-23 01:50:00+00:00,15.30909090909091,91.72727272727273,11.4,1.2545454545454544
2023-06-23 02:00:00+00:00,15.393939393939394,91.84848484848484,11.4,1.3636363636363638
2023-06-23 02:10:00+00:00,15.47878787878788,91.96969696969697,11.4,1.4727272727272727
2023-06-23 02:20:00+00:00,15.563636363636364,92.0909090909091,11.4,1.581818181818182
2023-06-23 02:30:00+00:00,15.648484848484848,92.21212121212122,11.4,1.690909090909091
2023-06-23 02:40:00+00:00,15.733333333333334,92.33333333333333,11.4,1.8000000000000003
2023-06-23 02:50:00+00:00,15.81818181818182,92.45454545454545,11.4,1.9090909090909092
2023-06-23 03:00:00+00:00,15.903030303030304,92.57575757575758,11.4,2.018181818181818
2023-06-23 03:10:00+00:00,15.987878787878788,92.6969696969697,11.4,2.1272727272727274
2023-06-23 03:20:00+00:00,16.072727272727274,92.81818181818181,11.4,2.2363636363636363
2023-06-23 03:30:00+00:00,16.15757575757576,92.93939393939394,11.4,2.3454545454545457
2023-06-23 03:40:00+00:00,16.242424242424242,93.06060606060606,11.4,2.4545454545454546
2023-06-23 03:50:00+00:00,16.327272727272728,93.18181818181819,11.4,2.563636363636364
2023-06-23 04:00:00+00:00,16.412121212121214,93.3030303030303,11.4,2.672727272727273
2023-06-23 04:10:00+00:00,16.4969696969697,93.42424242424242,11.4,2.781818181818182
2023-06-23 04:20:00+00:00,16.581818181818182,93.54545454545455,11.4,2.890909090909091
2023-06-23 04:30:00+00:00,16.666666666666668,93.66666666666667,11.4,3.0000000000000004
2023-06-23 04:40:00+00:00,16.751515151515154,93.78787878787878,11.4,3.1090909090909093
2023-06-23 04:50:00+00:00,16.836363636363636,93.9090909090909,11.4,3.2181818181818183
2023-06-23 05:00:00+00:00,,,,
2023-06-23 05:10:00+00:00,,,,
2023-06-23 05:20:00+00:00,,,,
2023-06-23 05:30:00+00:00,,,,
2023-06-23 05:40:00+00:00,,,,
2023-06-23 05:50:00+00:00,,,,
2023-06-23 06:00:00+00:00,,,,
2023-06-23 06:10:00+00:00,,,,
2023-06-23 06:20:00+00:00,17.6,95.0,11.4,4.2
2023-06-23 06:30:00+00:00,17.8,94.0,11.4,4.2
2023-06-23 06:40:00+00:00,17.9,95.0,11.4,4.2
2023-06-23 06:50:00+00:00,17.8,94.0,11.4,4.2
2023-06-23 07:00:00+00:00,17.9,94.0,11.4,4.2
2023-06-23 07:10:00+00:00,18.0,93.0,11.5,4.2
2023-06-23 07:20:00+00:00,18.1,94.0,11.5,4.2
2023-06-23 07:30:00+00:00,18.3,94.0,11.5,4.2
2023-06-23 07:40:00+00:00,18.333333333333336,94.0,11.488888888888889,4.2
2023-06-23 07:50:00+00:00,18.366666666666667,94.0,11.477777777777778,4.2
2023-06-23 08:00:00+00:00,18.400000000000002,94.0,11.466666666666667,4.2
2023-06-23 08:10:00+00:00,18.433333333333334,94.0,11.455555555555556,4.2
2023-06-23 08:20:00+00:00,18.46666666666667,94.0,11.444444444444445,4.2
2023-06-23 08:30:00+00:00,18.5,94.0,11.433333333333334,4.2
2023-06-23 08:40:00+00:00,18.533333333333335,94.0,11.422222222222222,4.2
2023-06-23 08:50:00+00:00,18.566666666666666,94.0,11.411111111111111,4.2
2023-06-23 09:00:00+00:00,18.6,94.0,11.4,4.2
2023-06-23 09:10:00+00:00,18.596253602305477,94.0086455331412,11.39884726224784,4.2
2023-06-23 09:20:00+00:00,18.592507204610953,94.01729106628243,11.397694524495678,4.2
2023-06-23 09:30:00+00:00,18.58876080691643,94.02593659942363,11.396541786743516,4.2
2023-06-23 09:40:00+00:00,18.585014409221902,94.03458213256484,11.395389048991355,4.2
2023-06-23 09:50:00+00:00,18.581268011527378,94.04322766570606,11.394236311239194,4.2
2023-06-23 10:00:00+00:00,18.577521613832854,94.05187319884726,11.393083573487033,4.2
2023-06-23 10:10:00+00:00,18.57377521613833,94.06051873198847,11.39193083573487,4.2
2023-06-23 10:20:00+00:00,18.570028818443806,94.06916426512969,11.39077809798271,4.2
2023-06-23 10:30:00+00:00,18.566282420749282,94.07780979827089,11.389625360230548,4.2
2023-06-23 10:40:00+00:00,18.562536023054758,94.0864553314121,11.388472622478387,4.2
2023-06-23 10:50:00+00:00,18.55878962536023,94.09510086455332,11.387319884726224,4.2
2023-06-23 11:00:00+00:00,18.555043227665706,94.10374639769452,11.386167146974064,4.2
2023-06-23 11:10:00+00:00,18.551296829971182,94.11239193083574,11.385014409221903,4.2
2023-06-23 11:20:00+00:00,18.54755043227666,94.12103746397695,11.383861671469742,4.2
2023-06-23 11:30:00+00:00,18.543804034582134,94.12968299711815,11.382708933717579,4.2
2023-06-23 11:40:00+00:00,18.54005763688761,94.13832853025937,11.381556195965418,4.2
2023-06-23 11:50:00+00:00,18.536311239193086,94.14697406340058,11.380403458213257,4.2
2023-06-23 12:00:00+00:00,18.532564841498562,94.15561959654178,11.379250720461096,4.2
2023-06-23 12:10:00+00:00,18.528818443804035,94.164265129683,11.378097982708933,4.2
2023-06-23 12:20:00+00:00,18.52507204610951,94.17291066282421,11.376945244956772,4.2
2023-06-23 12:30:00+00:00,18.521325648414987,94.18155619596541,11.375792507204611,4.2
2023-06-23 12:40:00+00:00,18.517579250720463,94.19020172910663,11.37463976945245,4.2
2023-06-23 12:50:00+00:00,18.51383285302594,94.19884726224784,11.37348703170029,4.2
2023-06-23 13:00:00+00:00,18.510086455331415,94.20749279538904,11.372334293948127,4.2
2023-06-23 13:10:00+00:00,,,,
2023-06-23 13:20:00+00:00,,,,
2023-06-23 13:30:00+00:00,,,,
2023-06-23 13:40:00+00:00,,,,
2023-06-23 13:50:00+00:00,,,,
2023-06-23 14:00:00+00:00,,,,
2023-06-23 14:10:00+00:00,,,,
2023-06-23 14:20:00+00:00,,,,
2023-06-23 14:30:00+00:00,,,,
2023-06-23 14:40:00+00:00,,,,
2023-06-23 14:50:00+00:00,,,,
2023-06-23 15:00:00+00:00,,,,
2023-06-23 15:10:00+00:00,,,,
2023-06-23 15:20:00+00:00,,,,
2023-06-23 15:30:00+00:00,,,,
2023-06-23 15:40:00+00:00,,,,
2023-06-23 15:50:00+00:00,,,,
2023-06-23 16:00:00+00:00,,,,
2023-06-23 16:10:00+00:00,,,,
2023-06-23 16:20:00+00:00,,,,
2023-06-23 16:30:00+00:00,,,,
2023-06-23 16:40:00+00:00,,,,
2023-06-23 16:50:00+00:00,,,,
2023-06-23 17:00:00+00:00,,,,
2023-06-23 17:10:00+00:00,,,,
2023-06-23 17:20:00+00:00,,,,
2023-06-23 17:30:00+00:00,,,,
2023-06-23 17:40:00+00:00,,,,
2023-06-23 17:50:00+00:00,,,,
2023-06-23 18:00:00+00:00,,,,
2023-06-23 18:10:00+00:00,,,,
2023-06-23 18:20:00+00:00,,,,
2023-06-23 18:30:00+00:00,,,,
2023-06-23 18:40:00+00:00,,,,
2023-06-23 18:50:00+00:00,,,,
2023-06-23 19:00:00+00:00,,,,
2023-06-23 19:10:00+00:00,,,,
2023-06-23 19:20:00+00:00,,,,
2023-06-23 19:30:00+00:00,,,,
2023-06-23 19:40:00+00:00,,,,
2023-06-23 19:50:00+00:00,,,,
2023-06-23 20:00:00+00:00,,,,
2023-06-23 20:10:00+00:00,,,,
2023-06-23 20:20:00+00:00,,,,
2023-06-23 20:30:00+00:00,,,,
2023-06-23 20:40:00+00:00,,,,
2023-06-23 20:50:00+00:00,,,,
2023-06-23 21:00:00+00:00,,,,
2023-06-23 21:10:00+00:00,,,,
2023-06-23 21:20:00+00:00,,,,
2023-06-23 21:30:00+00:00,,,,
2023-06-23 21:40:00+00:00,,,,
2023-06-23 21:50:00+00:00,,,,
2023-06-23 22:00:00+00:00,,,,
2023-06-23 22:10:00+00:00,,,,
2023-06-23 22:20:00+00:00,,,,
2023-06-23 22:30:00+00:00,,,,
2023-06-23 22:40:00+00:00,,,,
2023-06-23 22:50:00+00:00,,,,
2023-06-23 23:00:00+00:00,,,,
2023-06-23 23:10:00+00:00,,,,
2023-06-23 23:20:00+00:00,,,,
2023-06-23 23:30:00+00:00,,,,
2023-06-23 23:40:00+00:00,,,,
2023-06-23 23:50:00+00:00,,,,
2023-06-24 00:00:00+00:00,,,,
2023-06-24 00:10:00+00:00,,,,
2023-06-24 00:20:00+00:00,,,,
2023-06-24 00:30:00+00:00,,,,
2023-06-24 00:40:00+00:00,,,,
2023-06-24 00:50:00+00:00,,,,
2023-06-24 01:00:00+00:00,,,,
2023-06-24 01:10:00+00:00,,,,
2023-06-24 01:20:00+00:00,,,,
2023-06-24 01:30:00+00:00,,,,
2023-06-24 01:40:00+00:00,,,,
2023-06-24 01:50:00+00:00,,,,
2023-06-24 02:00:00+00:00,,,,
2023-06-24 02:10:00+00:00,,,,
2023-06-24 02:20:00+00:00,,,,
2023-06-24 02:30:00+00:00,,,,
2023-06-24 02:40:00+00:00,,,,
2023-06-24 02:50:00+00:00,,,,
2023-06-24 03:00:00+00:00,,,,
2023-06-24 03:10:00+00:00,,,,
2023-06-24 03:20:00+00:00,,,,
2023-06-24 03:30:00+00:00,,,,
2023-06-24 03:40:00+00:00,,,,
2023-06-24 03:50:00+00:00,,,,
2023-06-24 04:00:00+00:00,,,,
2023-06-24 04:10:00+00:00,,,,
2023-06-24 04:20:00+00:00,,,,
2023-06-24 04:30:00+00:00,,,,
2023-06-24 04:40:00+00:00,,,,
2023-06-24 04:50:00+00:00,,,,
2023-06-24 05:00:00+00:00,,,,
2023-06-24 05:10:00+00:00,,,,
2023-06-24 05:20:00+00:00,,,,
2023-06-24 05:30:00+00:00,,,,
2023-06-24 05:40:00+00:00,,,,
2023-06-24 05:50:00+00:00,,,,
2023-06-24 06:00:00+00:00,,,,
2023-06-24 06:10:00+00:00,,,,
2023-06-24 06:20:00+00:00,,,,
2023-06-24 06:30:00+00:00,,,,
2023-06-24 06:40:00+00:00,,,,
2023-06-24 06:50:00+00:00,,,,
2023-06-24 07:00:00+00:00,,,,
2023-06-24 07:10:00+00:00,,,,
2023-06-24 07:20:00+00:00,,,,
2023-06-24 07:30:00+00:00,,,,
2023-06-24 07:40:00+00:00,,,,
2023-06-24 07:50:00+00:00,,,,
2023-06-24 08:00:00+00:00,,,,
2023-06-24 08:10:00+00:00,,,,
2023-06-24 08:20:00+00:00,,,,
2023-06-24 08:30:00+00:00,,,,
2023-06-24 08:40:00+00:00,,,,
2023-06-24 08:50:00+00:00,,,,
2023-06-24 09:00:00+00:00,,,,
2023-06-24 09:10:00+00:00,,,,
2023-06-24 09:20:00+00:00,,,,
2023-06-24 09:30:00+00:00,,,,
2023-06-24 09:40:00+00:00,,,,
2023-06-24 09:50:00+00:00,,,,
2023-06-24 10:00:00+00:00,,,,
2023-06-24 10:10:00+00:00,,,,
2023-06-24 10:20:00+00:00,,,,
2023-06-24 10:30:00+00:00,,,,
2023-06-24 10:40:00+00:00,,,,
2023-06-24 10:50:00+00:00,,,,
2023-06-24 11:00:00+00:00,,,,
2023-06-24 11:10:00+00:00,,,,
2023-06-24 11:20:00+00:00,,,,
2023-06-24 11:30:00+00:00,,,,
2023-06-24 11:40:00+00:00,,,,
2023-06-24 11:50:00+00:00,,,,
2023-06-24 12:00:00+00:00,,,,
2023-06-24 12:10:00+00:00,,,,
2023-06-24 12:20:00+00:00,,,,
2023-06-24 12:30:00+00:00,,,,
2023-06-24 12:40:00+00:00,,,,
2023-06-24 12:50:00+00:00,,,,
2023-06-24 13:00:00+00:00,,,,
2023-06-24 13:10:00+00:00,,,,
2023-06-24 13:20:00+00:00,,,,
2023-06-24 13:30:00+00:00,,,,
2023-06-24 13:40:00+00:00,,,,
2023-06-24 13:50:00+00:00,,,,
2023-06-24 14:00:00+00:00,,,,
2023-06-24 14:10:00+00:00,,,,
2023-06-24 14:20:00+00:00,,,,
2023-06-24 14:30:00+00:00,,,,
2023-06-24 14:40:00+00:00,,,,
2023-06-24 14:50:00+00:00,,,,
2023-06-24 15:00:00+00:00,,,,
2023-06-24 15:10:00+00:00,,,,
2023-06-24 15:20:00+00:00,,,,
2023-06-24 15:30:00+00:00,,,,
2023-06-24 15:40:00+00:00,,,,
2023-06-24 15:50:00+00:00,,,,
2023-06-24 16:00:00+00:00,,,,
2023-06-24 16:10:00+00:00,,,,
2023-06-24 16:20:00+00:00,,,,
2023-06-24 16:30:00+00:00,,,,
2023-06-24 16:40:00+00:00,,,,
2023-06-24 16:50:00+00:00,,,,
2023-06-24 17:00:00+00:00,,,,
2023-06-24 17:10:00+00:00,,,,
2023-06-24 17:20:00+00:00,,,,
2023-06-24 17:30:00+00:00,,,,
2023-06-24 17:40:00+00:00,,,,
2023-06-24 17:50:00+00:00,,,,
2023-06-24 18:00:00+00:00,,,,
2023-06-24 18:10:00+00:00,,,,
2023-06-24 18:20:00+00:00,,,,
2023-06-24 18:30:00+00:00,,,,
2023-06-24 18:40:00+00:00,,,,
2023-06-24 18:50:00+00:00,,,,
2023-06-24 19:00:00+00:00,,,,
2023-06-24 19:10:00+00:00,,,,
2023-06-24 19:20:00+00:00,,,,
2023-06-24 19:30:00+00:00,,,,
2023-06-24 19:40:00+00:00,,,,
2023-06-24 19:50:00+00:00,,,,
2023-06-24 20:00:00+00:00,,,,
2023-06-24 20:10:00+00:00,,,,
2023-06-24 20:20:00+00:00,,,,
2023-06-24 20:30:00+00:00,,,,
2023-06-24 20:40:00+00:00,,,,
2023-06-24 20:50:00+00:00,,,,
2023-06-24 21:00:00+00:00,,,,
2023-06-24 21:10:00+00:00,,,,
2023-06-24 21:20:00+00:00,,,,
2023-06-24 21:30:00+00:00,,,,
2023-06-24 21:40:00+00:00,,,,
2023-06-24 21:50:00+00:00,,,,
2023-06-24 22:00:00+00:00,,,,
2023-06-24 22:10:00+00:00,,,,
2023-06-24 22:20:00+00:00,,,,
2023-06-24 22:30:00+00:00,,,,
2023-06-24 22:40:00+00:00,,,,
2023-06-24 22:50:00+00:00,,,,
2023-06-24 23:00:00+00:00,,,,
2023-06-24 23:10:00+00:00,,,,
2023-06-24 23:20:00+00:00,,,,
2023-06-24 23:30:00+00:00,,,,
2023-06-24 23:40:00+00:00,,,,
2023-06-24 23:50:00+00:00,,,,
2023-06-25 00:00:00+00:00,,,,
2023-06-25 00:10:00+00:00,,,,
2023-06-25 00:20:00+00:00,,,,
2023-06-25 00:30:00+00:00,,,,
2023-06-25 00:40:00+00:00,,,,
2023-06-25 00:50:00+00:00,,,,
2023-06-25 01:00:00+00:00,,,,
2023-06-25 01:10:00+00:00,,,,
2023-06-25 01:20:00+00:00,,,,
2023-06-25 01:30:00+00:00,,,,
2023-06-25 01:40:00+00:00,,,,
2023-06-25 01:50:00+00:00,,,,
2023-06-25 02:00:00+00:00,,,,
2023-06-25 02:10:00+00:00,,,,
2023-06-25 02:20:00+00:00,,,,
2023-06-25 02:30:00+00:00,,,,
2023-06-25 02:40:00+00:00,,,,
2023-06-25 02:50:00+00:00,,,,
2023-06-25 03:00:00+00:00,,,,
2023-06-25 03:10:00+00:00,,,,
2023-06-25 03:20:00+00:00,,,,
2023-06-25 03:30:00+00:00,,,,
2023-06-25 03:40:00+00:00,,,,
2023-06-25 03:50:00+00:00,,,,
2023-06-25 04:00:00+00:00,,,,
2023-06-25 04:10:00+00:00,,,,
2023-06-25 04:20:00+00:00,,,,
2023-06-25 04:30:00+00:00,,,,
2023-06-25 04:40:00+00:00,,,,
2023-06-25 04:50:00+00:00,,,,
2023-06-25 05:00:00+00:00,,,,
2023-06-25 05:10:00+00:00,,,,
2023-06-25 05:20:00+00:00,,,,
2023-06-25 05:30:00+00:00,,,,
2023-06-25 05:40:00+00:00,,,,
2023-06-25 05:50:00+00:00,,,,
2023-06-25 06:00:00+00:00,,,,
2023-06-25 06:10:00+00:00,,,,
2023-06-25 06:20:00+00:00,,,,
2023-06-25 06:30:00+00:00,,,,
2023-06-25 06:40:00+00:00,,,,
2023-06-25 06:50:00+00:00,,,,
2023-06-25 07:00:00+00:00,,,,
2023-06-25 07:10:00+00:00,,,,
2023-06-25 07:20:00+00:00,,,,
2023-06-25 07:30:00+00:00,,,,
2023-06-25 07:40:00+00:00,,,,
2023-06-25 07:50:00+00:00,,,,
2023-06-25 08:00:00+00:00,,,,
2023-06-25 08:10:00+00:00,,,,
2023-06-25 08:20:00+00:00,,,,
2023-06-25 08:30:00+00:00,,,,
2023-06-25 08:40:00+00:00,,,,
2023-06-25 08:50:00+00:00,,,,
2023-06-25 09:00:00+00:00,,,,
2023-06-25 09:10:00+00:00,,,,
2023-06-25 09:20:00+00:00,,,,
2023-06-25 09:30:00+00:00,,,,
2023-06-25 09:40:00+00:00,,,,
2023-06-25 09:50:00+00:00,,,,
2023-06-25 10:00:00+00:00,,,,
2023-06-25 10:10:00+00:00,,,,
2023-06-25 10:20:00+00:00,,,,
2023-06-25 10:30:00+00:00,,,,
2023-06-25 10:40:00+00:00,,,,
2023-06-25 10:50:00+00:00,,,,
2023-06-25 11:00:00+00:00,,,,
2023-06-25 11:10:00+00:00,,,,
2023-06-25 11:20:00+00:00,,,,
2023-06-25 11:30:00+00:00,,,,
2023-06-25 11:40:00+00:00,,,,
2023-06-25 11:50:00+00:00,,,,
2023-06-25 12:00:00+00:00,,,,
2023-06-25 12:10:00+00:00,,,,
2023-06-25 12:20:00+00:00,,,,
2023-06-25 12:30:00+00:00,,,,
2023-06-25 12:40:00+00:00,,,,
2023-06-25 12:50:00+00:00,,,,
2023-06-25 13:00:00+00:00,,,,
2023-06-25 13:10:00+00:00,,,,
2023-06-25 13:20:00+00:00,,,,
2023-06-25 13:30:00+00:00,,,,
2023-06-25 13:40:00+00:00,,,,
2023-06-25 13:50:00+00:00,,,,
2023-06-25 14:00:00+00:00,,,,
2023-06-25 14:10:00+00:00,,,,
2023-06-25 14:20:00+00:00,,,,
2023-06-25 14:30:00+00:00,,,,
2023-06-25 14:40:00+00:00,,,,
2023-06-25 14:50:00+00:00,,,,
2023-06-25 15:00:00+00:00,,,,
2023-06-25 15:10:00+00:00,,,,
2023-06-25 15:20:00+00:00,,,,
2023-06-25 15:30:00+00:00,,,,
2023-06-25 15:40:00+00:00,,,,
2023-06-25 15:50:00+00:00,,,,
2023-06-25 16:00:00+00:00,,,,
2023-06-25 16:10:00+00:00,,,,
2023-06-25 16:20:00+00:00,,,,
2023-06-25 16:30:00+00:00,,,,
2023-06-25 16:40:00+00:00,,,,
2023-06-25 16:50:00+00:00,,,,
2023-06-25 17:00:00+00:00,,,,
2023-06-25 17:10:00+00:00,,,,
2023-06-25 17:20:00+00:00,,,,
2023-06-25 17:30:00+00:00,,,,
2023-06-25 17:40:00+00:00,,,,
2023-06-25 17:50:00+00:00,,,,
2023-06-25 18:00:00+00:00,,,,
2023-06-25 18:10:00+00:00,,,,
2023-06-25 18:20:00+00:00,,,,
2023-06-25 18:30:00+00:00,,,,
2023-06-25 18:40:00+00:00,,,,
2023-06-25 18:50:00+00:00,,,,
2023-06-25 19:00:00+00:00,,,,
2023-06-25 19:10:00+00:00,,,,
2023-06-25 19:20:00+00:00,,,,
2023-06-25 19:30:00+00:00,,,,
2023-06-25 19:40:00+00:00,,,,
2023-06-25 19:50:00+00:00,,,,
2023-06-25 20:00:00+00:00,,,,
2023-06-25 20:10:00+00:00,,,,
2023-06-25 20:20:00+00:00,,,,
2023-06-25 20:30:00+00:00,,,,
2023-06-25 20:40:00+00:00,,,,
2023-06-25 20:50:00+00:00,,,,
2023-06-25 21:00:00+00:00,,,,
2023-06-25 21:10:00+00:00,,,,
2023-06-25 21:20:00+00:00,,,,
2023-06-25 21:30:00+00:00,,,,
2023-06-25 21:40:00+00:00,,,,
2023-06-25 21:50:00+00:00,,,,
2023-06-25 22:00:00+00:00,,,,
2023-06-25 22:10:00+00:00,,,,
2023-06-25 22:20:00+00:00,,,,
2023-06-25 22:30:00+00:00,,,,
2023-06-25 22:40:00+00:00,,,,
2023-06-25 22:50:00+00:00,,,,
2023-06-25 23:00:00+00:00,,,,
2023-06-25 23:10:00+00:00,,,,
2023-06-25 23:20:00+00:00,,,,
2023-06-25 23:30:00+00:00,,,,
2023-06-25 23:40:00+00:00,,,,
2023-06-25 23:50:00+00:00,,,,
2023-06-26 00:00:00+00:00,,,,
2023-06-26 00:10:00+00:00,,,,
2023-06-26 00:20:00+00:00,,,,
2023-06-26 00:30:00+00:00,,,,
2023-06-26 00:40:00+00:00,,,,
2023-06-26 00:50:00+00:00,,,,
2023-06-26 01:00:00+00:00,,,,
2023-06-26 01:10:00+00:00,,,,
2023-06-26 01:20:00+00:00,,,,
2023-06-26 01:30:00+00:00,,,,
2023-06-26 01:40:00+00:00,,,,
2023-06-26 01:50:00+00:00,,,,
2023-06-26 02:00:00+00:00,,,,
2023-06-26 02:10:00+00:00,,,,
2023-06-26 02:20:00+00:00,,,,
2023-06-26 02:30:00+00:00,,,,
2023-06-26 02:40:00+00:00,,,,
2023-06-26 02:50:00+00:00,,,,
2023-06-26 03:00:00+00:00,,,,
2023-06-26 03:10:00+00:00,,,,
2023-06-26 03:20:00+00:00,,,,
2023-06-26 03:30:00+00:00,,,,
2023-06-26 03:40:00+00:00,,,,
2023-06-26 03:50:00+00:00,,,,
2023-06-26 04:00:00+00:00,,,,
2023-06-26 04:10:00+00:00,,,,
2023-06-26 04:20:00+00:00,,,,
2023-06-26 04:30:00+00:00,,,,
2023-06-26 04:40:00+00:00,,,,
2023-06-26 04:50:00+00:00,,,,
2023-06-26 05:00:00+00:00,,,,
2023-06-26 05:10:00+00:00,,,,
2023-06-26 05:20:00+00:00,,,,
2023-06-26 05:30:00+00:00,,,,
2023-06-26 05:40:00+00:00,,,,
2023-06-26 05:50:00+00:00,,,,
2023-06-26 06:00:00+00:00,,,,
2023-06-26 06:10:00+00:00,,,,
2023-06-26 06:20:00+00:00,,,,
2023-06-26 06:30:00+00:00,,,,
2023-06-26 06:40:00+00:00,,,,
2023-06-26 06:50:00+00:00,,,,
2023-06-26 07:00:00+00:00,,,,
2023-06-26 07:10:00+00:00,,,,
2023-06-26 07:20:00+00:00,,,,
2023-06-26 07:30:00+00:00,,,,
2023-06-26 07:40:00+00:00,,,,
2023-06-26 07:50:00+00:00,,,,
2023-06-26 08:00:00+00:00,,,,
2023-06-26 08:10:00+00:00,,,,
2023-06-26 08:20:00+00:00,,,,
2023-06-26 08:30:00+00:00,,,,
2023-06-26 08:40:00+00:00,,,,
2023-06-26 08:50:00+00:00,,,,
2023-06-26 09:00:00+00:00,,,,
2023-06-26 09:10:00+00:00,,,,
2023-06-26 09:20:00+00:00,,,,
2023-06-26 09:30:00+00:00,,,,
2023-06-26 09:40:00+00:00,,,,
2023-06-26 09:50:00+00:00,,,,
2023-06-26 10:00:00+00:00,,,,
2023-06-26 10:10:00+00:00,,,,
2023-06-26 10:20:00+00:00,,,,
2023-06-26 10:30:00+00:00,,,,
2023-06-26 10:40:00+00:00,,,,
2023-06-26 10:50:00+00:00,,,,
2023-06-26 11:00:00+00:00,,,,
2023-06-26 11:10:00+00:00,,,,
2023-06-26 11:20:00+00:00,,,,
2023-06-26 11:30:00+00:00,,,,
2023-06-26 11:40:00+00:00,,,,
2023-06-26 11:50:00+00:00,,,,
2023-06-26 12:00:00+00:00,,,,
2023-06-26 12:10:00+00:00,,,,
2023-06-26 12:20:00+00:00,,,,
2023-06-26 12:30:00+00:00,,,,
2023-06-26 12:40:00+00:00,,,,
2023-06-26 12:50:00+00:00,,,,
2023-06-26 13:00:00+00:00,,,,
2023-06-26 13:10:00+00:00,,,,
2023-06-26 13:20:00+00:00,,,,
2023-06-26 13:30:00+00:00,,,,
2023-06-26 13:40:00+00:00,,,,
2023-06-26 13:50:00+00:00,,,,
2023-06-26 14:00:00+00:00,,,,
2023-06-26 14:10:00+00:00,,,,
2023-06-26 14:20:00+00:00,,,,
2023-06-26 14:30:00+00:00,,,,
2023-06-26 14:40:00+00:00,,,,
2023-06-26 14:50:00+00:00,,,,
2023-06-26 15:00:00+00:00,,,,
2023-06-26 15:10:00+00:00,,,,
2023-06-26 15:20:00+00:00,,,,
2023-06-26 15:30:00+00:00,,,,
2023-06-26 15:40:00+00:00,,,,
2023-06-26 15:50:00+00:00,,,,
2023-06-26 16:00:00+00:00,,,,
2023-06-26 16:10:00+00:00,,,,
2023-06-26 16:20:00+00:00,,,,
2023-06-26 16:30:00+00:00,,,,
2023-06-26 16:40:00+00:00,,,,
2023-06-26 16:50:00+00:00,,,,
2023-06-26 17:00:00+00:00,,,,
2023-06-26 17:10:00+00:00,,,,
2023-06-26 17:20:00+00:00,,,,
2023-06-26 17:30:00+00:00,,,,
2023-06-26 17:40:00+00:00,,,,
2023-06-26 17:50:00+00:00,,,,
2023-06-26 18:00:00+00:00,,,,
2023-06-26 18:10:00+00:00,,,,
2023-06-26 18:20:00+00:00,,,,
2023-06-26 18:30:00+00:00,,,,
2023-06-26 18:40:00+00:00,,,,
2023-06-26 18:50:00+00:00,,,,
2023-06-26 19:00:00+00:00,,,,
2023-06-26 19:10:00+00:00,,,,
2023-06-26 19:20:00+00:00,,,,
2023-06-26 19:30:00+00:00,,,,
2023-06-26 19:40:00+00:00,,,,
2023-06-26 19:50:00+00:00,,,,
2023-06-26 20:00:00+00:00,,,,
2023-06-26 20:10:00+00:00,,,,
2023-06-26 20:20:00+00:00,,,,
2023-06-26 20:30:00+00:00,,,,
2023-06-26 20:40:00+00:00,,,,
2023-06-26 20:50:00+00:00,,,,
2023-06-26 21:00:00+00:00,,,,
2023-06-26 21:10:00+00:00,,,,
2023-06-26 21:20:00+00:00,,,,
2023-06-26 21:30:00+00:00,,,,
2023-06-26 21:40:00+00:00,,,,
2023-06-26 21:50:00+00:00,,,,
2023-06-26 22:00:00+00:00,,,,
2023-06-26 22:10:00+00:00,,,,
2023-06-26 22:20:00+00:00,,,,
2023-06-26 22:30:00+00:00,,,,
2023-06-26 22:40:00+00:00,,,,
2023-06-26 22:50:00+00:00,,,,
2023-06-26 23:00:00+00:00,,,,
2023-06-26 23:10:00+00:00,,,,
2023-06-26 23:20:00+00:00,,,,
2023-06-26 23:30:00+00:00,,,,
2023-06-26 23:40:00+00:00,,,,
2023-06-26 23:50:00+00:00,,,,
2023-06-27 00:00:00+00:00,,,,
2023-06-27 00:10:00+00:00,,,,
2023-06-27 00:20:00+00:00,,,,
2023-06-27 00:30:00+00:00,,,,
2023-06-27 00:40:00+00:00,,,,
2023-06-27 00:50:00+00:00,,,,
2023-06-27 01:00:00+00:00,,,,
2023-06-27 01:10:00+00:00,,,,
2023-06-27 01:20:00+00:00,,,,
2023-06-27 01:30:00+00:00,,,,
2023-06-27 01:40:00+00:00,,,,
2023-06-27 01:50:00+00:00,,,,
2023-06-27 02:00:00+00:00,,,,
2023-06-27 02:10:00+00:00,,,,
2023-06-27 02:20:00+00:00,,,,
2023-06-27 02:30:00+00:00,,,,
2023-06-27 02:40:00+00:00,,,,
2023-06-27 02:50:00+00:00,,,,
2023-06-27 03:00:00+00:00,,,,
2023-06-27 03:10:00+00:00,,,,
2023-06-27 03:20:00+00:00,,,,
2023-06-27 03:30:00+00:00,,,,
2023-06-27 03:40:00+00:00,,,,
2023-06-27 03:50:00+00:00,,,,
2023-06-27 04:00:00+00:00,,,,
2023-06-27 04:10:00+00:00,,,,
2023-06-27 04:20:00+00:00,,,,
2023-06-27 04:30:00+00:00,,,,
2023-06-27 04:40:00+00:00,,,,
2023-06-27 04:50:00+00:00,,,,
2023-06-27 05:00:00+00:00,,,,
2023-06-27 05:10:00+00:00,,,,
2023-06-27 05:20:00+00:00,,,,
2023-06-27 05:30:00+00:00,,,,
2023-06-27 05:40:00+00:00,,,,
2023-06-27 05:50:00+00:00,,,,
2023-06-27 06:00:00+00:00,,,,
2023-06-27 06:10:00+00:00,,,,
2023-06-27 06:20:00+00:00,,,,
2023-06-27 06:30:00+00:00,,,,
2023-06-27 06:40:00+00:00,,,,
2023-06-27 06:50:00+00:00,,,,
2023-06-27 07:00:00+00:00,,,,
2023-06-27 07:10:00+00:00,,,,
2023-06-27 07:20:00+00:00,,,,
2023-06-27 07:30:00+00:00,,,,
2023-06-27 07:40:00+00:00,,,,
2023-06-27 07:50:00+00:00,,,,
2023-06-27 08:00:00+00:00,,,,
2023-06-27 08:10:00+00:00,,,,
2023-06-27 08:20:00+00:00,,,,
2023-06-27 08:30:00+00:00,,,,
2023-06-27 08:40:00+00:00,,,,
2023-06-27 08:50:00+00:00,,,,
2023-06-27 09:00:00+00:00,,,,
2023-06-27 09:10:00+00:00,,,,
2023-06-27 09:20:00+00:00,,,,
2023-06-27 09:30:00+00:00,,,,
2023-06-27 09:40:00+00:00,,,,
2023-06-27 09:50:00+00:00,,,,
2023-06-27 10:00:00+00:00,,,,
2023-06-27 10:10:00+00:00,,,,
2023-06-27 10:20:00+00:00,,,,
2023-06-27 10:30:00+00:00,,,,
2023-06-27 10:40:00+00:00,,,,
2023-06-27 10:50:00+00:00,,,,
2023-06-27 11:00:00+00:00,,,,
2023-06-27 11:10:00+00:00,,,,
2023-06-27 11:20:00+00:00,,,,
2023-06-27 11:30:00+00:00,,,,
2023-06-27 11:40:00+00:00,,,,
2023-06-27 11:50:00+00:00,,,,
2023-06-27 12:00:00+00:00,,,,
2023-06-27 12:10:00+00:00,,,,
2023-06-27 12:20:00+00:00,,,,
2023-06-27 12:30:00+00:00,,,,
2023-06-27 12:40:00+00:00,,,,
2023-06-27 12:50:00+00:00,,,,
2023-06-27 13:00:00+00:00,,,,
2023-06-27 13:10:00+00:00,,,,
2023-06-27 13:20:00+00:00,,,,
2023-06-27 13:30:00+00:00,,,,
2023-06-27 13:40:00+00:00,,,,
2023-06-27 13:50:00+00:00,,,,
2023-06-27 14:00:00+00:00,,,,
2023-06-27 14:10:00+00:00,,,,
2023-06-27 14:20:00+00:00,,,,
2023-06-27 14:30:00+00:00,,,,
2023-06-27 14:40:00+00:00,,,,
2023-06-27 14:50:00+00:00,,,,
2023-06-27 15:00:00+00:00,,,,
2023-06-27 15:10:00+00:00,,,,
2023-06-27 15:20:00+00:00,,,,
2023-06-27 15:30:00+00:00,,,,
2023-06-27 15:40:00+00:00,,,,
2023-06-27 15:50:00+00:00,,,,
2023-06-27 16:00:00+00:00,,,,
2023-06-27 16:10:00+00:00,,,,
2023-06-27 16:20:00+00:00,,,,
2023-06-27 16:30:00+00:00,,,,
2023-06-27 16:40:00+00:00,,,,
2023-06-27 16:50:00+00:00,,,,
2023-06-27 17:00:00+00:00,,,,
2023-06-27 17:10:00+00:00,,,,
2023-06-27 17:20:00+00:00,,,,
2023-06-27 17:30:00+00:00,,,,
2023-06-27 17:40:00+00:00,,,,
2023-06-27 17:50:00+00:00,,,,
2023-06-27 18:00:00+00:00,,,,
2023-06-27 18:10:00+00:00,,,,
2023-06-27 18:20:00+00:00,,,,
2023-06-27 18:30:00+00:00,,,,
2023-06-27 18:40:00+00:00,,,,
2023-06-27 18:50:00+00:00,,,,
2023-06-27 19:00:00+00:00,,,,
2023-06-27 19:10:00+00:00,,,,
2023-06-27 19:20:00+00:00,,,,
2023-06-27 19:30:00+00:00,,,,
2023-06-27 19:40:00+00:00,,,,
2023-06-27 19:50:00+00:00,,,,
2023-06-27 20:00:00+00:00,,,,
2023-06-27 20:10:00+00:00,,,,
2023-06-27 20:20:00+00:00,,,,
2023-06-27 20:30:00+00:00,,,,
2023-06-27 20:40:00+00:00,,,,
2023-06-27 20:50:00+00:00,,,,
2023-06-27 21:00:00+00:00,,,,
2023-06-27 21:10:00+00:00,,,,
2023-06-27 21:20:00+00:00,,,,
2023-06-27 21:30:00+00:00,,,,
2023-06-27 21:40:00+00:00,,,,
2023-06-27 21:50:00+00:00,,,,
2023-06-27 22:00:00+00:00,,,,
2023-06-27 22:10:00+00:00,,,,
2023-06-27 22:20:00+00:00,,,,
2023-06-27 22:30:00+00:00,,,,
2023-06-27 22:40:00+00:00,,,,
2023-06-27 22:50:00+00:00,,,,
2023-06-27 23:00:00+00:00,,,,
2023-06-27 23:10:00+00:00,,,,
2023-06-27 23:20:00+00:00,,,,
2023-06-27 23:30:00+00:00,,,,
2023-06-27 23:40:00+00:00,,,,
2023-06-27 23:50:00+00:00,,,,
2023-06-28 00:00:00+00:00,,,,
2023-06-28 00:10:00+00:00,,,,
2023-06-28 00:20:00+00:00,,,,
2023-06-28 00:30:00+00:00,,,,
2023-06-28 00:40:00+00:00,,,,
2023-06-28 00:50:00+00:00,,,,
2023-06-28 01:00:00+00:00,,,,
2023-06-28 01:10:00+00:00,,,,
2023-06-28 01:20:00+00:00,,,,
2023-06-28 01:30:00+00:00,,,,
2023-06-28 01:40:00+00:00,,,,
2023-06-28 01:50:00+00:00,,,,
2023-06-28 02:00:00+00:00,,,,
2023-06-28 02:10:00+00:00,,,,
2023-06-28 02:20:00+00:00,,,,
2023-06-28 02:30:00+00:00,,,,
2023-06-28 02:40:00+00:00,,,,
2023-06-28 02:50:00+00:00,,,,
2023-06-28 03:00:00+00:00,,,,
2023-06-28 03:10:00+00:00,,,,
2023-06-28 03:20:00+00:00,,,,
2023-06-28 03:30:00+00:00,,,,
2023-06-28 03:40:00+00:00,,,,
2023-06-28 03:50:00+00:00,,,,
2023-06-28 04:00:00+00:00,,,,
2023-06-28 04:10:00+00:00,,,,
2023-06-28 04:20:00+00:00,,,,
2023-06-28 04:30:00+00:00,,,,
2023-06-28 04:40:00+00:00,16.0,100.0,10.6,4.2
2023-06-28 04:50:00+00:00,15.8,100.0,10.6,4.2
2023-06-28 05:00:00+00:00,15.9,100.0,10.7,4.2
2023-06-28 05:10:00+00:00,16.0,100.0,10.7,4.2
2023-06-28 05:20:00+00:00,16.3,100.0,10.7,4.2
2023-06-28 05:30:00+00:00,16.2,100.0,10.7,4.2
2023-06-28 05:40:00+00:00,16.3,100.0,10.7,4.2
2023-06-28 05:50:00+00:00,16.3,100.0,10.8,4.2
2023-06-28 06:00:00+00:00,16.3,100.0,10.8,4.2
2023-06-28 06:10:00+00:00,16.5,100.0,10.8,4.2
2023-06-28 06:20:00+00:00,16.8,100.0,10.8,4.2
2023-06-28 06:30:00+00:00,17.2,100.0,10.8,4.2
2023-06-28 06:40:00+00:00,17.8,100.0,10.9,4.2
2023-06-28 06:50:00+00:00,17.7,100.0,10.9,4.2
2023-06-28 07:00:00+00:00,17.6,100.0,10.9,4.2
2023-06-28 07:10:00+00:00,17.6,100.0,10.9,4.2
2023-06-28 07:20:00+00:00,17.7,96.0,11.0,4.2
2023-06-28 07:30:00+00:00,17.8,97.0,11.0,4.2
2023-06-28 07:40:00+00:00,17.8,96.0,11.0,4.2
2023-06-28 07:50:00+00:00,18.0,97.0,11.1,4.2
2023-06-28 08:00:00+00:00,18.9,98.0,11.1,4.2
2023-06-28 08:10:00+00:00,18.5,97.0,11.0,4.2
2023-06-28 08:20:00+00:00,18.7,94.0,10.9,4.2
2023-06-28 08:30:00+00:00,18.5,97.0,10.9,4.2
2023-06-28 08:40:00+00:00,18.3,94.0,10.9,4.2
2023-06-28 08:50:00+00:00,18.5,95.0,10.9,4.2
2023-06-28 09:00:00+00:00,18.6,98.0,11.0,4.2
2023-06-28 09:10:00+00:00,18.6,98.0,11.0,4.2
2023-06-28 09:20:00+00:00,19.1,95.0,11.1,4.2
2023-06-28 09:30:00+00:00,19.6,98.0,11.2,4.2
2023-06-28 09:40:00+00:00,20.7,99.0,11.2,4.2
2023-06-28 09:50:00+00:00,21.6,100.0,11.3,4.2
2023-06-28 10:00:00+00:00,22.5,100.0,11.4,4.2
2023-06-28 10:10:00+00:00,23.0,100.0,11.3,4.2
2023-06-28 10:20:00+00:00,23.1,100.0,11.4,4.2
2023-06-28 10:30:00+00:00,23.2,100.0,11.4,4.2
2023-06-28 10:40:00+00:00,22.8,100.0,11.0,4.2
2023-06-28 10:50:00+00:00,22.1,100.0,11.0,4.2
2023-06-28 11:00:00+00:00,21.6,100.0,10.9,4.2
2023-06-28 11:10:00+00:00,21.2,100.0,10.9,4.2
2023-06-28 11:20:00+00:00,20.8,100.0,10.9,4.2
2023-06-28 11:30:00+00:00,20.5,100.0,10.9,4.2
2023-06-28 11:40:00+00:00,20.3,99.0,10.9,4.2
2023-06-28 11:50:00+00:00,20.1,98.0,10.9,4.2
2023-06-28 12:00:00+00:00,19.9,100.0,10.9,4.2
2023-06-28 12:10:00+00:00,19.8,99.0,10.9,4.2
2023-06-28 12:20:00+00:00,19.5,99.0,10.9,4.2
2023-06-28 12:30:00+00:00,19.3,98.0,10.9,4.2
2023-06-28 12:40:00+00:00,19.2,99.0,10.9,4.2
2023-06-28 12:50:00+00:00,19.1,99.0,10.9,4.2
2023-06-28 13:00:00+00:00,19.0,99.0,10.9,4.2
2023-06-28 13:10:00+00:00,18.9,99.0,10.9,4.2
2023-06-28 13:20:00+00:00,18.8,99.0,10.9,4.2
2023-06-28 13:30:00+00:00,18.7,99.0,10.9,4.2
2023-06-28 13:40:00+00:00,18.6,99.0,10.9,4.2
2023-06-28 13:50:00+00:00,18.5,99.0,10.9,4.2
2023-06-28 14:00:00+00:00,18.5,99.0,10.9,4.2
2023-06-28 14:10:00+00:00,18.4,100.0,10.9,4.2
2023-06-28 14:20:00+00:00,18.4,100.0,10.9,4.2
2023-06-28 14:30:00+00:00,18.3,99.0,10.9,4.2
2023-06-28 14:40:00+00:00,18.2,100.0,10.9,4.2
2023-06-28 14:50:00+00:00,18.1,100.0,10.9,4.2
2023-06-28 15:00:00+00:00,18.1,99.0,10.9,4.2
2023-06-28 15:10:00+00:00,18.1,100.0,10.9,4.2
2023-06-28 15:20:00+00:00,18.1,99.0,10.9,4.2
2023-06-28 15:30:00+00:00,18.0,99.0,10.9,4.2
2023-06-28 15:40:00+00:00,18.0,98.0,10.9,4.2
2023-06-28 15:50:00+00:00,18.0,99.0,10.9,4.2
2023-06-28 16:00:00+00:00,17.9,99.0,10.9,4.2
2023-06-28 16:10:00+00:00,17.8,99.0,10.9,4.2
2023-06-28 16:20:00+00:00,17.8,99.0,10.9,4.2
2023-06-28 16:30:00+00:00,17.8,99.0,10.9,4.2
2023-06-28 16:40:00+00:00,17.7,100.0,10.9,4.2
2023-06-28 16:50:00+00:00,17.7,100.0,10.9,4.2
2023-06-28 17:00:00+00:00,17.6,100.0,10.9,4.2
2023-06-28 17:10:00+00:00,17.6,99.0,10.9,4.2
2023-06-28 17:20:00+00:00,17.6,99.0,10.9,4.2
2023-06-28 17:30:00+00:00,17.5,99.0,10.9,4.2
2023-06-28 17:40:00+00:00,17.5,100.0,10.9,4.2
2023-06-28 17:50:00+00:00,17.5,100.0,10.9,4.2
2023-06-28 18:00:00+00:00,17.5,100.0,10.9,4.2
2023-06-28 18:10:00+00:00,17.4,100.0,10.8,4.2
2023-06-28 18:20:00+00:00,17.3,100.0,10.9,4.2
2023-06-28 18:30:00+00:00,17.3,100.0,10.8,4.2
2023-06-28 18:40:00+00:00,17.3,100.0,10.8,4.0
2023-06-28 18:50:00+00:00,17.3,100.0,10.8,3.8
2023-06-28 19:00:00+00:00,17.3,100.0,10.8,3.6
2023-06-28 19:10:00+00:00,17.2,100.0,10.8,3.6
2023-06-28 19:20:00+00:00,17.1,100.0,10.8,3.4
2023-06-28 19:30:00+00:00,17.1,100.0,10.8,3.0
2023-06-28 19:40:00+00:00,17.1,100.0,10.8,2.4
2023-06-28 19:50:00+00:00,17.1,100.0,10.8,1.7
2023-06-28 20:00:00+00:00,17.0,100.0,10.8,1.0
2023-06-28 20:10:00+00:00,17.0,100.0,10.8,0.8
2023-06-28 20:20:00+00:00,16.9,100.0,10.7,0.6
2023-06-28 20:30:00+00:00,16.9,100.0,10.8,0.6
2023-06-28 20:40:00+00:00,16.8,100.0,10.8,0.6
2023-06-28 20:50:00+00:00,16.8,100.0,10.8,0.6
2023-06-28 21:00:00+00:00,16.8,100.0,10.8,0.6
2023-06-28 21:10:00+00:00,16.7,100.0,10.8,0.6
2023-06-28 21:20:00+00:00,16.6,100.0,10.7,0.6
2023-06-28 21:30:00+00:00,16.7,100.0,10.7,0.6
2023-06-28 21:40:00+00:00,16.6,100.0,10.7,0.6
2023-06-28 21:50:00+00:00,16.6,100.0,10.7,0.6
2023-06-28 22:00:00+00:00,16.6,100.0,10.7,0.6
2023-06-28 22:10:00+00:00,16.6,100.0,10.7,0.6
2023-06-28 22:20:00+00:00,16.6,100.0,10.7,0.6
2023-06-28 22:30:00+00:00,16.6,100.0,10.7,0.6
2023-06-28 22:40:00+00:00,16.5,100.0,10.7,0.6
2023-06-28 22:50:00+00:00,16.5,100.0,10.7,0.6
2023-06-28 23:00:00+00:00,16.5,100.0,10.7,0.6
2023-06-28 23:10:00+00:00,16.5,100.0,10.7,0.6
2023-06-28 23:20:00+00:00,16.4,100.0,10.7,0.6
2023-06-28 23:30:00+00:00,16.4,100.0,10.7,0.6
2023-06-28 23:40:00+00:00,16.4,100.0,10.6,0.6
2023-06-28 23:50:00+00:00,16.5,100.0,10.6,0.6
2023-06-29 00:00:00+00:00,16.4,100.0,10.6,0.4
2023-06-29 00:10:00+00:00,16.3,100.0,10.6,0.6
2023-06-29 00:20:00+00:00,16.3,100.0,10.6,0.6
2023-06-29 00:30:00+00:00,16.3,100.0,10.6,0.4
2023-06-29 00:40:00+00:00,16.3,100.0,10.6,0.6
2023-06-29 00:50:00+00:00,16.2,100.0,10.6,0.6
2023-06-29 01:00:00+00:00,16.2,100.0,10.6,0.6
2023-06-29 01:10:00+00:00,16.2,100.0,10.6,0.6
2023-06-29 01:20:00+00:00,16.2,100.0,10.6,0.8
2023-06-29 01:30:00+00:00,16.1,100.0,10.6,1.1
2023-06-29 01:40:00+00:00,16.12777777777778,100.0,10.6,1.2722222222222224
2023-06-29 01:50:00+00:00,16.15555555555556,100.0,10.6,1.4444444444444446
2023-06-29 02:00:00+00:00,16.183333333333334,100.0,10.6,1.6166666666666667
2023-06-29 02:10:00+00:00,16.211111111111112,100.0,10.6,1.788888888888889
2023-06-29 02:20:00+00:00,16.23888888888889,100.0,10.6,1.9611111111111112
2023-06-29 02:30:00+00:00,16.26666666666667,100.0,10.6,2.1333333333333333
2023-06-29 02:40:00+00:00,16.294444444444444,100.0,10.6,2.3055555555555554
2023-06-29 02:50:00+00:00,16.322222222222223,100.0,10.6,2.477777777777778
2023-06-29 03:00:00+00:00,16.35,100.0,10.6,2.6500000000000004
2023-06-29 03:10:00+00:00,16.37777777777778,100.0,10.6,2.8222222222222224
2023-06-29 03:20:00+00:00,16.40555555555556,100.0,10.6,2.9944444444444445
2023-06-29 03:30:00+00:00,16.433333333333334,100.0,10.6,3.1666666666666665
2023-06-29 03:40:00+00:00,16.461111111111112,100.0,10.6,3.338888888888889
2023-06-29 03:50:00+00:00,16.48888888888889,100.0,10.6,3.511111111111111
2023-06-29 04:00:00+00:00,16.51666666666667,100.0,10.6,3.6833333333333336
2023-06-29 04:10:00+00:00,16.544444444444444,100.0,10.6,3.8555555555555556
2023-06-29 04:20:00+00:00,16.572222222222223,100.0,10.6,4.027777777777778
2023-06-29 04:30:00+00:00,16.6,100.0,10.6,4.2
2023-06-29 04:40:00+00:00,16.5,100.0,10.7,4.2
2023-06-29 04:50:00+00:00,16.6,100.0,10.7,4.2
2023-06-29 05:00:00+00:00,16.7,100.0,10.7,4.2
2023-06-29 05:10:00+00:00,16.7,100.0,10.7,4.2
2023-06-29 05:20:00+00:00,16.8,99.0,10.7,4.2
2023-06-29 05:30:00+00:00,16.9,100.0,10.7,4.2
2023-06-29 05:40:00+00:00,16.9,100.0,10.700694444444444,4.2
2023-06-29 05:50:00+00:00,16.9,100.0,10.701388888888888,4.2
2023-06-29 06:00:00+00:00,16.9,100.0,10.702083333333333,4.2
2023-06-29 06:10:00+00:00,16.9,100.0,10.702777777777778,4.2
2023-06-29 06:20:00+00:00,16.9,100.0,10.70347222222222,4.2
2023-06-29 06:30:00+00:00,16.9,100.0,10.704166666666666,4.2
2023-06-29 06:40:00+00:00,16.9,100.0,10.70486111111111,4.2
2023-06-29 06:50:00+00:00,16.9,100.0,10.705555555555556,4.2
2023-06-29 07:00:00+00:00,16.9,100.0,10.706249999999999,4.2
2023-06-29 07:10:00+00:00,16.9,100.0,10.706944444444444,4.2
2023-06-29 07:20:00+00:00,16.9,100.0,10.707638888888889,4.2
2023-06-29 07:30:00+00:00,16.9,100.0,10.708333333333332,4.2
2023-06-29 07:40:00+00:00,16.9,100.0,10.709027777777777,4.2
2023-06-29 07:50:00+00:00,16.9,100.0,10.709722222222222,4.2
2023-06-29 08:00:00+00:00,16.9,100.0,10.710416666666665,4.2
2023-06-29 08:10:00+00:00,16.9,100.0,10.71111111111111,4.2
2023-06-29 08:20:00+00:00,16.9,100.0,10.711805555555555,4.2
2023-06-29 08:30:00+00:00,16.9,100.0,10.712499999999999,4.2
2023-06-29 08:40:00+00:00,16.9,100.0,10.713194444444444,4.2
2023-06-29 08:50:00+00:00,16.9,100.0,10.713888888888889,4.2
2023-06-29 09:00:00+00:00,16.9,100.0,10.714583333333334,4.2
2023-06-29 09:10:00+00:00,16.9,100.0,10.715277777777777,4.2
2023-06-29 09:20:00+00:00,16.9,100.0,10.715972222222222,4.2
2023-06-29 09:30:00+00:00,16.9,100.0,10.716666666666667,4.2
2023-06-29 09:40:00+00:00,,,,
2023-06-29 09:50:00+00:00,,,,
2023-06-29 10:00:00+00:00,,,,
2023-06-29 10:10:00+00:00,,,,
2023-06-29 10:20:00+00:00,,,,
2023-06-29 10:30:00+00:00,,,,
2023-06-29 10:40:00+00:00,,,,
2023-06-29 10:50:00+00:00,,,,
2023-06-29 11:00:00+00:00,,,,
2023-06-29 11:10:00+00:00,,,,
2023-06-29 11:20:00+00:00,,,,
2023-06-29 11:30:00+00:00,,,,
2023-06-29 11:40:00+00:00,,,,
2023-06-29 11:50:00+00:00,,,,
2023-06-29 12:00:00+00:00,,,,
2023-06-29 12:10:00+00:00,,,,
2023-06-29 12:20:00+00:00,,,,
2023-06-29 12:30:00+00:00,,,,
2023-06-29 12:40:00+00:00,,,,
2023-06-29 12:50:00+00:00,,,,
2023-06-29 13:00:00+00:00,,,,
2023-06-29 13:10:00+00:00,,,,
2023-06-29 13:20:00+00:00,,,,
2023-06-29 13:30:00+00:00,,,,
2023-06-29 13:40:00+00:00,,,,
2023-06-29 13:50:00+00:00,,,,
2023-06-29 14:00:00+00:00,,,,
2023-06-29 14:10:00+00:00,,,,
2023-06-29 14:20:00+00:00,,,,
2023-06-29 14:30:00+00:00,,,,
2023-06-29 14:40:00+00:00,,,,
2023-06-29 14:50:00+00:00,,,,
2023-06-29 15:00:00+00:00,,,,
2023-06-29 15:10:00+00:00,,,,
2023-06-29 15:20:00+00:00,,,,
2023-06-29 15:30:00+00:00,,,,
2023-06-29 15:40:00+00:00,,,,
2023-06-29 15:50:00+00:00,,,,
2023-06-29 16:00:00+00:00,,,,
2023-06-29 16:10:00+00:00,,,,
2023-06-29 16:20:00+00:00,,,,
2023-06-29 16:30:00+00:00,,,,
2023-06-29 16:40:00+00:00,,,,
2023-06-29 16:50:00+00:00,,,,
2023-06-29 17:00:00+00:00,,,,
2023-06-29 17:10:00+00:00,,,,
2023-06-29 17:20:00+00:00,,,,
2023-06-29 17:30:00+00:00,,,,
2023-06-29 17:40:00+00:00,,,,
2023-06-29 17:50:00+00:00,,,,
2023-06-29 18:00:00+00:00,,,,
2023-06-29 18:10:00+00:00,,,,
2023-06-29 18:20:00+00:00,,,,
2023-06-29 18:30:00+00:00,,,,
2023-06-29 18:40:00+00:00,,,,
2023-06-29 18:50:00+00:00,,,,
2023-06-29 19:00:00+00:00,,,,
2023-06-29 19:10:00+00:00,,,,
2023-06-29 19:20:00+00:00,,,,
2023-06-29 19:30:00+00:00,,,,
2023-06-29 19:40:00+00:00,,,,
2023-06-29 19:50:00+00:00,,,,
2023-06-29 20:00:00+00:00,,,,
2023-06-29 20:10:00+00:00,,,,
2023-06-29 20:20:00+00:00,,,,
2023-06-29 20:30:00+00:00,,,,
2023-06-29 20:40:00+00:00,,,,
2023-06-29 20:50:00+00:00,,,,
2023-06-29 21:00:00+00:00,,,,
2023-06-29 21:10:00+00:00,,,,
2023-06-29 21:20:00+00:00,,,,
2023-06-29 21:30:00+00:00,,,,
2023-06-29 21:40:00+00:00,,,,
2023-06-29 21:50:00+00:00,,,,
2023-06-29 22:00:00+00:00,,,,
2023-06-29 22:10:00+00:00,,,,
2023-06-29 22:20:00+00:00,,,,
2023-06-29 22:30:00+00:00,,,,
2023-06-29 22:40:00+00:00,,,,
2023-06-29 22:50:00+00:00,,,,
2023-06-29 23:00:00+00:00,,,,
2023-06-29 23:10:00+00:00,,,,
2023-06-29 23:20:00+00:00,,,,
2023-06-29 23:30:00+00:00,,,,
2023-06-29 23:40:00+00:00,,,,
2023-06-29 23:50:00+00:00,,,,
2023-06-30 00:00:00+00:00,,,,
2023-06-30 00:10:00+00:00,,,,
2023-06-30 00:20:00+00:00,,,,
2023-06-30 00:30:00+00:00,,,,
2023-06-30 00:40:00+00:00,,,,
2023-06-30 00:50:00+00:00,,,,
2023-06-30 01:00:00+00:00,,,,
2023-06-30 01:10:00+00:00,,,,
2023-06-30 01:20:00+00:00,,,,
2023-06-30 01:30:00+00:00,,,,
2023-06-30 01:40:00+00:00,,,,
2023-06-30 01:50:00+00:00,,,,
2023-06-30 02:00:00+00:00,,,,
2023-06-30 02:10:00+00:00,,,,
2023-06-30 02:20:00+00:00,,,,
2023-06-30 02:30:00+00:00,,,,
2023-06-30 02:40:00+00:00,,,,
2023-06-30 02:50:00+00:00,,,,
2023-06-30 03:00:00+00:00,,,,
2023-06-30 03:10:00+00:00,,,,
2023-06-30 03:20:00+00:00,,,,
2023-06-30 03:30:00+00:00,,,,
2023-06-30 03:40:00+00:00,,,,
2023-06-30 03:50:00+00:00,,,,
2023-06-30 04:00:00+00:00,,,,
2023-06-30 04:10:00+00:00,,,,
2023-06-30 04:20:00+00:00,,,,
2023-06-30 04:30:00+00:00,,,,
2023-06-30 04:40:00+00:00,,,,
2023-06-30 04:50:00+00:00,,,,
2023-06-30 05:00:00+00:00,,,,
2023-06-30 05:10:00+00:00,,,,
2023-06-30 05:20:00+00:00,,,,
2023-06-30 05:30:00+00:00,16.9,100.0,10.8,4.2
2023-06-30 05:40:00+00:00,16.9,100.0,10.850000000000001,4.2
2023-06-30 05:50:00+00:00,16.9,100.0,10.9,4.2
2023-06-30 06:00:00+00:00,16.9,100.0,10.9,4.2
2023-06-30 06:10:00+00:00,16.9,100.0,10.9,4.2
2023-06-30 06:20:00+00:00,16.933333333333334,100.0,10.902564102564103,4.2
2023-06-30 06:30:00+00:00,16.966666666666665,100.0,10.905128205128205,4.2
2023-06-30 06:40:00+00:00,17.0,100.0,10.907692307692308,4.2
2023-06-30 06:50:00+00:00,17.03333333333333,100.0,10.91025641025641,4.2
2023-06-30 07:00:00+00:00,17.066666666666666,100.0,10.912820512820513,4.2
2023-06-30 07:10:00+00:00,17.099999999999998,100.0,10.915384615384616,4.2
2023-06-30 07:20:00+00:00,17.133333333333333,100.0,10.917948717948718,4.2
2023-06-30 07:30:00+00:00,17.166666666666664,100.0,10.92051282051282,4.2
2023-06-30 07:40:00+00:00,17.2,100.0,10.923076923076923,4.2
2023-06-30 07:50:00+00:00,17.23333333333333,100.0,10.925641025641026,4.2
2023-06-30 08:00:00+00:00,17.266666666666666,100.0,10.928205128205128,4.2
2023-06-30 08:10:00+00:00,17.299999999999997,100.0,10.930769230769231,4.2
2023-06-30 08:20:00+00:00,17.333333333333332,100.0,10.933333333333334,4.2
2023-06-30 08:30:00+00:00,17.366666666666667,100.0,10.935897435897436,4.2
2023-06-30 08:40:00+00:00,17.4,100.0,10.938461538461539,4.2
2023-06-30 08:50:00+00:00,17.433333333333334,100.0,10.941025641025641,4.2
2023-06-30 09:00:00+00:00,17.466666666666665,100.0,10.943589743589744,4.2
2023-06-30 09:10:00+00:00,17.5,100.0,10.946153846153846,4.2
2023-06-30 09:20:00+00:00,17.53333333333333,100.0,10.948717948717949,4.2
2023-06-30 09:30:00+00:00,17.566666666666666,100.0,10.951282051282051,4.2
2023-06-30 09:40:00+00:00,17.599999999999998,100.0,10.953846153846154,4.2
2023-06-30 09:50:00+00:00,17.633333333333333,100.0,10.956410256410257,4.2
2023-06-30 10:00:00+00:00,17.666666666666664,100.0,10.95897435897436,4.2
2023-06-30 10:10:00+00:00,17.7,100.0,10.961538461538462,4.2
2023-06-30 10:20:00+00:00,,,,
2023-06-30 10:30:00+00:00,,,,
2023-06-30 10:40:00+00:00,,,,
2023-06-30 10:50:00+00:00,,,,
2023-06-30 11:00:00+00:00,,,,
2023-06-30 11:10:00+00:00,,,,
2023-06-30 11:20:00+00:00,,,,
2023-06-30 11:30:00+00:00,,,,
2023-06-30 11:40:00+00:00,,,,
2023-06-30 11:50:00+00:00,,,,
2023-06-30 12:00:00+00:00,,,,
2023-06-30 12:10:00+00:00,,,,
2023-06-30 12:20:00+00:00,,,,
2023-06-30 12:30:00+00:00,,,,
2023-06-30 12:40:00+00:00,18.2,100.0,11.0,4.2
2023-06-30 12:50:00+00:00,18.191145833333334,100.0,10.99921875,4.2
2023-06-30 13:00:00+00:00,18.182291666666664,100.0,10.9984375,4.2
2023-06-30 13:10:00+00:00,18.1734375,100.0,10.99765625,4.2
2023-06-30 13:20:00+00:00,18.164583333333333,100.0,10.996875,4.2
2023-06-30 13:30:00+00:00,18.155729166666667,100.0,10.99609375,4.2
2023-06-30 13:40:00+00:00,18.146874999999998,100.0,10.9953125,4.2
2023-06-30 13:50:00+00:00,18.138020833333332,100.0,10.99453125,4.2
2023-06-30 14:00:00+00:00,18.129166666666666,100.0,10.99375,4.2
2023-06-30 14:10:00+00:00,18.1203125,100.0,10.99296875,4.2
2023-06-30 14:20:00+00:00,18.11145833333333,100.0,10.9921875,4.2
2023-06-30 14:30:00+00:00,18.102604166666666,100.0,10.99140625,4.2
2023-06-30 14:40:00+00:00,18.09375,100.0,10.990625,4.2
2023-06-30 14:50:00+00:00,18.084895833333334,100.0,10.98984375,4.2
2023-06-30 15:00:00+00:00,18.076041666666665,100.0,10.9890625,4.2
2023-06-30 15:10:00+00:00,18.0671875,100.0,10.98828125,4.2
2023-06-30 15:20:00+00:00,18.058333333333334,100.0,10.9875,4.2
2023-06-30 15:30:00+00:00,18.049479166666664,100.0,10.98671875,4.2
2023-06-30 15:40:00+00:00,18.040625,100.0,10.9859375,4.2
2023-06-30 15:50:00+00:00,18.031770833333333,100.0,10.98515625,4.2
2023-06-30 16:00:00+00:00,18.022916666666667,100.0,10.984375,4.2
2023-06-30 16:10:00+00:00,18.014062499999998,100.0,10.98359375,4.2
2023-06-30 16:20:00+00:00,18.005208333333332,100.0,10.9828125,4.2
2023-06-30 16:30:00+00:00,17.996354166666666,100.0,10.98203125,4.2
2023-06-30 16:40:00+00:00,17.9875,100.0,10.98125,4.2
2023-06-30 16:50:00+00:00,,,,
2023-06-30 17:00:00+00:00,,,,
2023-06-30 17:10:00+00:00,,,,
2023-06-30 17:20:00+00:00,,,,
2023-06-30 17:30:00+00:00,,,,
2023-06-30 17:40:00+00:00,,,,
2023-06-30 17:50:00+00:00,,,,
2023-06-30 18:00:00+00:00,,,,
2023-06-30 18:10:00+00:00,,,,
2023-06-30 18:20:00+00:00,,,,
2023-06-30 18:30:00+00:00,,,,
2023-06-30 18:40:00+00:00,,,,
2023-06-30 18:50:00+00:00,,,,
2023-06-30 19:00:00+00:00,,,,
2023-06-30 19:10:00+00:00,,,,
2023-06-30 19:20:00+00:00,,,,
2023-06-30 19:30:00+00:00,,,,
2023-06-30 19:40:00+00:00,,,,
2023-06-30 19:50:00+00:00,,,,
2023-06-30 20:00:00+00:00,,,,
2023-06-30 20:10:00+00:00,,,,
2023-06-30 20:20:00+00:00,,,,
2023-06-30 20:30:00+00:00,,,,
2023-06-30 20:40:00+00:00,,,,
2023-06-30 20:50:00+00:00,,,,
2023-06-30 21:00:00+00:00,,,,
2023-06-30 21:10:00+00:00,,,,
2023-06-30 21:20:00+00:00,,,,
2023-06-30 21:30:00+00:00,,,,
2023-06-30 21:40:00+00:00,,,,
2023-06-30 21:50:00+00:00,,,,
2023-06-30 22:00:00+00:00,,,,
2023-06-30 22:10:00+00:00,,,,
2023-06-30 22:20:00+00:00,,,,
2023-06-30 22:30:00+00:00,,,,
2023-06-30 22:40:00+00:00,,,,
2023-06-30 22:50:00+00:00,,,,
2023-06-30 23:00:00+00:00,,,,
2023-06-30 23:10:00+00:00,,,,
2023-06-30 23:20:00+00:00,,,,
2023-06-30 23:30:00+00:00,,,,
2023-06-30 23:40:00+00:00,,,,
2023-06-30 23:50:00+00:00,,,,
2023-07-01 00:00:00+00:00,,,,
2023-07-01 00:10:00+00:00,,,,
2023-07-01 00:20:00+00:00,,,,
2023-07-01 00:30:00+00:00,,,,
2023-07-01 00:40:00+00:00,,,,
2023-07-01 00:50:00+00:00,,,,
2023-07-01 01:00:00+00:00,,,,
2023-07-01 01:10:00+00:00,,,,
2023-07-01 01:20:00+00:00,,,,
2023-07-01 01:30:00+00:00,,,,
2023-07-01 01:40:00+00:00,,,,
2023-07-01 01:50:00+00:00,,,,
2023-07-01 02:00:00+00:00,,,,
2023-07-01 02:10:00+00:00,,,,
2023-07-01 02:20:00+00:00,,,,
2023-07-01 02:30:00+00:00,,,,
2023-07-01 02:40:00+00:00,,,,
2023-07-01 02:50:00+00:00,,,,
2023-07-01 03:00:00+00:00,,,,
2023-07-01 03:10:00+00:00,,,,
2023-07-01 03:20:00+00:00,,,,
2023-07-01 03:30:00+00:00,,,,
2023-07-01 03:40:00+00:00,,,,
2023-07-01 03:50:00+00:00,,,,
2023-07-01 04:00:00+00:00,,,,
2023-07-01 04:10:00+00:00,,,,
2023-07-01 04:20:00+00:00,,,,
2023-07-01 04:30:00+00:00,,,,
2023-07-01 04:40:00+00:00,,,,
2023-07-01 04:50:00+00:00,,,,
2023-07-01 05:00:00+00:00,,,,
2023-07-01 05:10:00+00:00,,,,
2023-07-01 05:20:00+00:00,,,,
2023-07-01 05:30:00+00:00,,,,
2023-07-01 05:40:00+00:00,,,,
2023-07-01 05:50:00+00:00,,,,
2023-07-01 06:00:00+00:00,,,,
2023-07-01 06:10:00+00:00,,,,
2023-07-01 06:20:00+00:00,,,,
2023-07-01 06:30:00+00:00,,,,
2023-07-01 06:40:00+00:00,,,,
2023-07-01 06:50:00+00:00,,,,
2023-07-01 07:00:00+00:00,,,,
2023-07-01 07:10:00+00:00,,,,
2023-07-01 07:20:00+00:00,,,,
2023-07-01 07:30:00+00:00,,,,
2023-07-01 07:40:00+00:00,,,,
2023-07-01 07:50:00+00:00,,,,
2023-07-01 08:00:00+00:00,,,,
2023-07-01 08:10:00+00:00,,,,
2023-07-01 08:20:00+00:00,,,,
2023-07-01 08:30:00+00:00,,,,
2023-07-01 08:40:00+00:00,,,,
2023-07-01 08:50:00+00:00,,,,
2023-07-01 09:00:00+00:00,,,,
2023-07-01 09:10:00+00:00,,,,
2023-07-01 09:20:00+00:00,,,,
2023-07-01 09:30:00+00:00,,,,
2023-07-01 09:40:00+00:00,,,,
2023-07-01 09:50:00+00:00,,,,
2023-07-01 10:00:00+00:00,,,,
2023-07-01 10:10:00+00:00,,,,
2023-07-01 10:20:00+00:00,,,,
2023-07-01 10:30:00+00:00,,,,
2023-07-01 10:40:00+00:00,,,,
2023-07-01 10:50:00+00:00,,,,
2023-07-01 11:00:00+00:00,,,,
2023-07-01 11:10:00+00:00,,,,
2023-07-01 11:20:00+00:00,,,,
2023-07-01 11:30:00+00:00,,,,
2023-07-01 11:40:00+00:00,,,,
2023-07-01 11:50:00+00:00,,,,
2023-07-01 12:00:00+00:00,,,,
2023-07-01 12:10:00+00:00,,,,
2023-07-01 12:20:00+00:00,,,,
2023-07-01 12:30:00+00:00,,,,
2023-07-01 12:40:00+00:00,,,,
2023-07-01 12:50:00+00:00,,,,
2023-07-01 13:00:00+00:00,,,,
2023-07-01 13:10:00+00:00,,,,
2023-07-01 13:20:00+00:00,,,,
2023-07-01 13:30:00+00:00,,,,
2023-07-01 13:40:00+00:00,,,,
2023-07-01 13:50:00+00:00,,,,
2023-07-01 14:00:00+00:00,,,,
2023-07-01 14:10:00+00:00,,,,
2023-07-01 14:20:00+00:00,,,,
2023-07-01 14:30:00+00:00,,,,
2023-07-01 14:40:00+00:00,,,,
2023-07-01 14:50:00+00:00,,,,
2023-07-01 15:00:00+00:00,,,,
2023-07-01 15:10:00+00:00,,,,
2023-07-01 15:20:00+00:00,,,,
2023-07-01 15:30:00+00:00,,,,
2023-07-01 15:40:00+00:00,,,,
2023-07-01 15:50:00+00:00,,,,
2023-07-01 16:00:00+00:00,,,,
2023-07-01 16:10:00+00:00,,,,
2023-07-01 16:20:00+00:00,,,,
2023-07-01 16:30:00+00:00,,,,
2023-07-01 16:40:00+00:00,,,,
2023-07-01 16:50:00+00:00,,,,
2023-07-01 17:00:00+00:00,,,,
2023-07-01 17:10:00+00:00,,,,
2023-07-01 17:20:00+00:00,,,,
2023-07-01 17:30:00+00:00,,,,
2023-07-01 17:40:00+00:00,,,,
2023-07-01 17:50:00+00:00,,,,
2023-07-01 18:00:00+00:00,,,,
2023-07-01 18:10:00+00:00,,,,
2023-07-01 18:20:00+00:00,,,,
2023-07-01 18:30:00+00:00,,,,
2023-07-01 18:40:00+00:00,,,,
2023-07-01 18:50:00+00:00,,,,
2023-07-01 19:00:00+00:00,,,,
2023-07-01 19:10:00+00:00,,,,
2023-07-01 19:20:00+00:00,,,,
2023-07-01 19:30:00+00:00,,,,
2023-07-01 19:40:00+00:00,,,,
2023-07-01 19:50:00+00:00,,,,
2023-07-01 20:00:00+00:00,,,,
2023-07-01 20:10:00+00:00,,,,
2023-07-01 20:20:00+00:00,,,,
2023-07-01 20:30:00+00:00,,,,
2023-07-01 20:40:00+00:00,,,,
2023-07-01 20:50:00+00:00,,,,
2023-07-01 21:00:00+00:00,,,,
2023-07-01 21:10:00+00:00,,,,
2023-07-01 21:20:00+00:00,,,,
2023-07-01 21:30:00+00:00,,,,
2023-07-01 21:40:00+00:00,,,,
2023-07-01 21:50:00+00:00,,,,
2023-07-01 22:00:00+00:00,,,,
2023-07-01 22:10:00+00:00,,,,
2023-07-01 22:20:00+00:00,,,,
2023-07-01 22:30:00+00:00,,,,
2023-07-01 22:40:00+00:00,,,,
2023-07-01 22:50:00+00:00,,,,
2023-07-01 23:00:00+00:00,,,,
2023-07-01 23:10:00+00:00,,,,
2023-07-01 23:20:00+00:00,,,,
2023-07-01 23:30:00+00:00,,,,
2023-07-01 23:40:00+00:00,,,,
2023-07-01 23:50:00+00:00,,,,
2023-07-02 00:00:00+00:00,,,,
2023-07-02 00:10:00+00:00,,,,
2023-07-02 00:20:00+00:00,,,,
2023-07-02 00:30:00+00:00,,,,
2023-07-02 00:40:00+00:00,,,,
2023-07-02 00:50:00+00:00,,,,
2023-07-02 01:00:00+00:00,,,,
2023-07-02 01:10:00+00:00,,,,
2023-07-02 01:20:00+00:00,,,,
2023-07-02 01:30:00+00:00,,,,
2023-07-02 01:40:00+00:00,,,,
2023-07-02 01:50:00+00:00,,,,
2023-07-02 02:00:00+00:00,,,,
2023-07-02 02:10:00+00:00,,,,
2023-07-02 02:20:00+00:00,,,,
2023-07-02 02:30:00+00:00,,,,
2023-07-02 02:40:00+00:00,,,,
2023-07-02 02:50:00+00:00,,,,
2023-07-02 03:00:00+00:00,,,,
2023-07-02 03:10:00+00:00,,,,
2023-07-02 03:20:00+00:00,,,,
2023-07-02 03:30:00+00:00,,,,
2023-07-02 03:40:00+00:00,,,,
2023-07-02 03:50:00+00:00,,,,
2023-07-02 04:00:00+00:00,,,,
2023-07-02 04:10:00+00:00,,,,
2023-07-02 04:20:00+00:00,,,,
2023-07-02 04:30:00+00:00,,,,
2023-07-02 04:40:00+00:00,,,,
2023-07-02 04:50:00+00:00,,,,
2023-07-02 05:00:00+00:00,,,,
2023-07-02 05:10:00+00:00,,,,
2023-07-02 05:20:00+00:00,,,,
2023-07-02 05:30:00+00:00,,,,
2023-07-02 05:40:00+00:00,,,,
2023-07-02 05:50:00+00:00,,,,
2023-07-02 06:00:00+00:00,,,,
2023-07-02 06:10:00+00:00,,,,
2023-07-02 06:20:00+00:00,,,,
2023-07-02 06:30:00+00:00,,,,
2023-07-02 06:40:00+00:00,,,,
2023-07-02 06:50:00+00:00,,,,
2023-07-02 07:00:00+00:00,,,,
2023-07-02 07:10:00+00:00,,,,
2023-07-02 07:20:00+00:00,,,,
2023-07-02 07:30:00+00:00,,,,
2023-07-02 07:40:00+00:00,,,,
2023-07-02 07:50:00+00:00,,,,
2023-07-02 08:00:00+00:00,,,,
2023-07-02 08:10:00+00:00,,,,
2023-07-02 08:20:00+00:00,,,,
2023-07-02 08:30:00+00:00,,,,
2023-07-02 08:40:00+00:00,,,,
2023-07-02 08:50:00+00:00,,,,
2023-07-02 09:00:00+00:00,,,,
2023-07-02 09:10:00+00:00,,,,
2023-07-02 09:20:00+00:00,,,,
2023-07-02 09:30:00+00:00,,,,
2023-07-02 09:40:00+00:00,,,,
2023-07-02 09:50:00+00:00,,,,
2023-07-02 10:00:00+00:00,,,,
2023-07-02 10:10:00+00:00,,,,
2023-07-02 10:20:00+00:00,,,,
2023-07-02 10:30:00+00:00,,,,
2023-07-02 10:40:00+00:00,,,,
2023-07-02 10:50:00+00:00,,,,
2023-07-02 11:00:00+00:00,,,,
2023-07-02 11:10:00+00:00,,,,
2023-07-02 11:20:00+00:00,,,,
2023-07-02 11:30:00+00:00,,,,
2023-07-02 11:40:00+00:00,,,,
2023-07-02 11:50:00+00:00,,,,
2023-07-02 12:00:00+00:00,,,,
2023-07-02 12:10:00+00:00,,,,
2023-07-02 12:20:00+00:00,,,,
2023-07-02 12:30:00+00:00,,,,
2023-07-02 12:40:00+00:00,,,,
2023-07-02 12:50:00+00:00,,,,
2023-07-02 13:00:00+00:00,,,,
2023-07-02 13:10:00+00:00,,,,
2023-07-02 13:20:00+00:00,,,,
2023-07-02 13:30:00+00:00,,,,
2023-07-02 13:40:00+00:00,,,,
2023-07-02 13:50:00+00:00,,,,
2023-07-02 14:00:00+00:00,,,,
2023-07-02 14:10:00+00:00,,,,
2023-07-02 14:20:00+00:00,,,,
2023-07-02 14:30:00+00:00,,,,
2023-07-02 14:40:00+00:00,,,,
2023-07-02 14:50:00+00:00,,,,
2023-07-02 15:00:00+00:00,,,,
2023-07-02 15:10:00+00:00,,,,
2023-07-02 15:20:00+00:00,,,,
2023-07-02 15:30:00+00:00,,,,
2023-07-02 15:40:00+00:00,,,,
2023-07-02 15:50:00+00:00,,,,
2023-07-02 16:00:00+00:00,,,,
2023-07-02 16:10:00+00:00,,,,
2023-07-02 16:20:00+00:00,,,,
2023-07-02 16:30:00+00:00,,,,
2023-07-02 16:40:00+00:00,,,,
2023-07-02 16:50:00+00:00,,,,
2023-07-02 17:00:00+00:00,,,,
2023-07-02 17:10:00+00:00,,,,
2023-07-02 17:20:00+00:00,,,,
2023-07-02 17:30:00+00:00,,,,
2023-07-02 17:40:00+00:00,,,,
2023-07-02 17:50:00+00:00,,,,
2023-07-02 18:00:00+00:00,,,,
2023-07-02 18:10:00+00:00,,,,
2023-07-02 18:20:00+00:00,,,,
2023-07-02 18:30:00+00:00,,,,
2023-07-02 18:40:00+00:00,,,,
2023-07-02 18:50:00+00:00,,,,
2023-07-02 19:00:00+00:00,,,,
2023-07-02 19:10:00+00:00,,,,
2023-07-02 19:20:00+00:00,,,,
2023-07-02 19:30:00+00:00,,,,
2023-07-02 19:40:00+00:00,,,,
2023-07-02 19:50:00+00:00,,,,
2023-07-02 20:00:00+00:00,,,,
2023-07-02 20:10:00+00:00,,,,
2023-07-02 20:20:00+00:00,,,,
2023-07-02 20:30:00+00:00,,,,
2023-07-02 20:40:00+00:00,,,,
2023-07-02 20:50:00+00:00,,,,
2023-07-02 21:00:00+00:00,,,,
2023-07-02 21:10:00+00:00,,,,
2023-07-02 21:20:00+00:00,,,,
2023-07-02 21:30:00+00:00,,,,
2023-07-02 21:40:00+00:00,,,,
2023-07-02 21:50:00+00:00,,,,
2023-07-02 22:00:00+00:00,,,,
2023-07-02 22:10:00+00:00,,,,
2023-07-02 22:20:00+00:00,,,,
2023-07-02 22:30:00+00:00,,,,
2023-07-02 22:40:00+00:00,,,,
2023-07-02 22:50:00+00:00,,,,
2023-07-02 23:00:00+00:00,,,,
2023-07-02 23:10:00+00:00,,,,
2023-07-02 23:20:00+00:00,,,,
2023-07-02 23:30:00+00:00,,,,
2023-07-02 23:40:00+00:00,,,,
2023-07-02 23:50:00+00:00,,,,
2023-07-03 00:00:00+00:00,,,,
2023-07-03 00:10:00+00:00,,,,
2023-07-03 00:20:00+00:00,,,,
2023-07-03 00:30:00+00:00,,,,
2023-07-03 00:40:00+00:00,,,,
2023-07-03 00:50:00+00:00,,,,
2023-07-03 01:00:00+00:00,,,,
2023-07-03 01:10:00+00:00,,,,
2023-07-03 01:20:00+00:00,,,,
2023-07-03 01:30:00+00:00,,,,
2023-07-03 01:40:00+00:00,,,,
2023-07-03 01:50:00+00:00,,,,
2023-07-03 02:00:00+00:00,,,,
2023-07-03 02:10:00+00:00,,,,
2023-07-03 02:20:00+00:00,,,,
2023-07-03 02:30:00+00:00,,,,
2023-07-03 02:40:00+00:00,,,,
2023-07-03 02:50:00+00:00,,,,
2023-07-03 03:00:00+00:00,,,,
2023-07-03 03:10:00+00:00,,,,
2023-07-03 03:20:00+00:00,,,,
2023-07-03 03:30:00+00:00,,,,
2023-07-03 03:40:00+00:00,,,,
2023-07-03 03:50:00+00:00,,,,
2023-07-03 04:00:00+00:00,,,,
2023-07-03 04:10:00+00:00,,,,
2023-07-03 04:20:00+00:00,,,,
2023-07-03 04:30:00+00:00,,,,
2023-07-03 04:40:00+00:00,14.8,100.0,10.7,4.2
2023-07-03 04:50:00+00:00,14.6,100.0,10.7,4.2
2023-07-03 05:00:00+00:00,14.7,100.0,10.7,4.2
2023-07-03 05:10:00+00:00,15.5,100.0,10.7,4.2
2023-07-03 05:20:00+00:00,16.1,100.0,10.8,4.2
2023-07-03 05:30:00+00:00,16.6,100.0,10.8,4.2
2023-07-03 05:40:00+00:00,16.5,100.0,10.8,4.2
2023-07-03 05:50:00+00:00,16.4,100.0,10.9,4.2
2023-07-03 06:00:00+00:00,16.4,100.0,10.9,4.2
2023-07-03 06:10:00+00:00,16.5,99.0,10.9,4.2
2023-07-03 06:20:00+00:00,16.6,95.0,11.0,4.2
2023-07-03 06:30:00+00:00,17.0,94.0,11.0,4.2
2023-07-03 06:40:00+00:00,16.8,93.5,11.0,4.2
2023-07-03 06:50:00+00:00,16.6,93.0,11.0,4.2
2023-07-03 07:00:00+00:00,16.5,93.0,11.0,4.2
2023-07-03 07:10:00+00:00,16.4,91.0,11.1,4.2
2023-07-03 07:20:00+00:00,16.5,90.0,11.1,4.2
2023-07-03 07:30:00+00:00,16.55,91.0,11.1,4.2
2023-07-03 07:40:00+00:00,16.6,92.0,11.1,4.2
2023-07-03 07:50:00+00:00,16.6,90.0,11.1,4.2
2023-07-03 08:00:00+00:00,17.1,90.0,11.2,4.2
2023-07-03 08:10:00+00:00,17.8,90.0,11.1,4.2
2023-07-03 08:20:00+00:00,17.5,90.0,11.1,4.2
2023-07-03 08:30:00+00:00,17.35,89.0,11.05,4.2
2023-07-03 08:40:00+00:00,17.1,89.0,11.0,4.2
2023-07-03 08:50:00+00:00,17.2,89.0,11.1,4.2
2023-07-03 09:00:00+00:00,17.6,90.0,11.1,4.2
2023-07-03 09:10:00+00:00,18.4,91.0,11.1,4.2
2023-07-03 09:20:00+00:00,18.2,91.0,11.1,4.2
2023-07-03 09:30:00+00:00,17.9,91.0,11.1,4.2
2023-07-03 09:40:00+00:00,17.5,91.0,11.1,4.2
2023-07-03 09:50:00+00:00,18.3,93.0,11.1,4.2
2023-07-03 10:00:00+00:00,18.8,100.0,11.2,4.2
2023-07-03 10:10:00+00:00,18.4,97.0,11.1,4.2
2023-07-03 10:20:00+00:00,18.6,96.0,11.1,4.2
2023-07-03 10:30:00+00:00,19.1,98.0,11.1,4.2
2023-07-03 10:40:00+00:00,18.8,98.0,11.1,4.2
2023-07-03 10:50:00+00:00,18.5,96.0,11.1,4.2
2023-07-03 11:00:00+00:00,18.5,95.0,11.1,4.2
2023-07-03 11:10:00+00:00,18.3,94.0,11.1,4.2
2023-07-03 11:20:00+00:00,18.3,94.0,11.1,4.2
2023-07-03 11:30:00+00:00,18.2,93.0,11.1,4.2
2023-07-03 11:40:00+00:00,18.0,93.0,11.1,4.2
2023-07-03 11:50:00+00:00,18.0,92.0,11.1,4.2
2023-07-03 12:00:00+00:00,17.9,92.0,11.1,4.2
2023-07-03 12:10:00+00:00,17.8,92.0,11.1,4.2
2023-07-03 12:20:00+00:00,17.8,92.0,11.1,4.2
2023-07-03 12:30:00+00:00,17.6,93.0,11.1,4.2
2023-07-03 12:40:00+00:00,17.6,93.0,11.1,4.2
2023-07-03 12:50:00+00:00,17.5,93.0,11.1,4.2
2023-07-03 13:00:00+00:00,17.5,93.0,11.1,4.2
2023-07-03 13:10:00+00:00,17.6,93.0,11.1,4.2
2023-07-03 13:20:00+00:00,17.4,93.0,11.0,4.2
2023-07-03 13:30:00+00:00,17.3,92.0,11.0,4.2
2023-07-03 13:40:00+00:00,17.3,93.0,11.0,4.2
2023-07-03 13:50:00+00:00,17.3,93.0,11.0,4.2
2023-07-03 14:00:00+00:00,17.3,94.0,11.0,4.2
2023-07-03 14:10:00+00:00,17.4,94.0,11.0,4.2
2023-07-03 14:20:00+00:00,17.3,93.0,11.0,4.2
2023-07-03 14:30:00+00:00,17.3,93.0,11.0,4.2
2023-07-03 14:40:00+00:00,17.1,93.0,11.0,4.2
2023-07-03 14:50:00+00:00,17.0,93.0,11.0,4.2
2023-07-03 15:00:00+00:00,17.0,93.0,11.0,4.2
2023-07-03 15:10:00+00:00,16.9,93.0,11.0,4.2
2023-07-03 15:20:00+00:00,16.8,94.0,11.0,4.2
2023-07-03 15:30:00+00:00,16.8,93.0,11.0,4.2
2023-07-03 15:40:00+00:00,16.8,93.0,11.0,4.2
2023-07-03 15:50:00+00:00,16.8,93.0,11.0,4.2
2023-07-03 16:00:00+00:00,16.8,94.0,11.0,4.2
2023-07-03 16:10:00+00:00,16.8,94.0,11.0,4.2
2023-07-03 16:20:00+00:00,16.8,93.0,11.0,4.2
2023-07-03 16:30:00+00:00,16.8,93.0,11.0,4.2
2023-07-03 16:40:00+00:00,16.8,93.0,11.0,4.2
2023-07-03 16:50:00+00:00,16.8,93.0,11.0,4.2
2023-07-03 17:00:00+00:00,16.8,93.0,11.0,4.2
2023-07-03 17:10:00+00:00,16.8,93.0,11.0,4.2
2023-07-03 17:20:00+00:00,16.7,93.0,11.0,4.2
2023-07-03 17:30:00+00:00,16.8,93.0,11.0,4.2
2023-07-03 17:40:00+00:00,16.7,94.0,11.0,4.2
2023-07-03 17:50:00+00:00,16.7,94.0,11.0,4.2
2023-07-03 18:00:00+00:00,16.7,94.0,11.0,4.2
2023-07-03 18:10:00+00:00,16.6,94.0,11.0,4.2
2023-07-03 18:20:00+00:00,16.6,94.0,11.0,3.5
2023-07-03 18:30:00+00:00,16.5,94.0,11.0,3.6
2023-07-03 18:40:00+00:00,16.5,95.0,11.0,4.2
2023-07-03 18:50:00+00:00,16.5,95.0,11.0,4.1
2023-07-03 19:00:00+00:00,16.4,95.0,11.0,3.6
2023-07-03 19:10:00+00:00,16.3,95.0,10.9,3.6
2023-07-03 19:20:00+00:00,16.3,95.0,10.9,3.4
2023-07-03 19:30:00+00:00,16.1,95.5,10.9,2.3
2023-07-03 19:40:00+00:00,16.2,96.0,10.9,1.0
2023-07-03 19:50:00+00:00,16.1,96.0,10.9,0.7
2023-07-03 20:00:00+00:00,16.1,97.0,10.9,0.6
2023-07-03 20:10:00+00:00,16.1,97.0,10.9,0.6
2023-07-03 20:20:00+00:00,16.1,97.0,10.9,0.5
2023-07-03 20:30:00+00:00,16.0,97.0,10.9,0.4
2023-07-03 20:40:00+00:00,16.0,97.0,10.9,0.6
2023-07-03 20:50:00+00:00,16.0,96.0,10.9,0.6
2023-07-03 21:00:00+00:00,15.9,96.0,10.9,0.6
2023-07-03 21:10:00+00:00,15.8,97.0,10.9,0.6
2023-07-03 21:20:00+00:00,15.8,97.0,10.9,0.6
2023-07-03 21:30:00+00:00,15.8,97.0,10.9,0.6
2023-07-03 21:40:00+00:00,15.8,97.0,10.8,0.5
2023-07-03 21:50:00+00:00,15.7,97.0,10.9,0.6
2023-07-03 22:00:00+00:00,15.6,97.0,10.9,0.6
2023-07-03 22:10:00+00:00,15.6,97.0,10.9,0.6
2023-07-03 22:20:00+00:00,15.6,97.0,10.8,0.5
2023-07-03 22:30:00+00:00,15.6,97.0,10.8,0.6
2023-07-03 22:40:00+00:00,15.5,97.0,10.8,0.6
2023-07-03 22:50:00+00:00,15.5,97.0,10.8,0.6
2023-07-03 23:00:00+00:00,15.5,97.0,10.8,0.6
2023-07-03 23:10:00+00:00,15.5,97.0,10.8,0.6
2023-07-03 23:20:00+00:00,15.5,97.0,10.8,0.6
2023-07-03 23:30:00+00:00,15.4,97.0,10.8,0.6
2023-07-03 23:40:00+00:00,15.4,97.0,10.8,0.6
2023-07-03 23:50:00+00:00,15.5,97.0,10.8,0.6
2023-07-04 00:00:00+00:00,15.3,98.0,10.8,0.6
2023-07-04 00:10:00+00:00,15.3,97.0,10.8,0.6
2023-07-04 00:20:00+00:00,15.3,97.0,10.8,0.6
2023-07-04 00:30:00+00:00,15.2,97.0,10.8,0.6
2023-07-04 00:40:00+00:00,15.2,97.0,10.8,0.6
2023-07-04 00:50:00+00:00,15.2,98.0,10.8,0.6
2023-07-04 01:00:00+00:00,15.2,98.0,10.8,0.6
2023-07-04 01:10:00+00:00,15.2,98.0,10.8,0.6
2023-07-04 01:20:00+00:00,15.2,98.0,10.8,0.6
2023-07-04 01:30:00+00:00,15.2,98.0,10.8,0.7
2023-07-04 01:40:00+00:00,15.1,97.0,10.8,0.9
2023-07-04 01:50:00+00:00,15.1,98.0,10.8,1.8
2023-07-04 02:00:00+00:00,15.1,98.0,10.7,2.6
2023-07-04 02:10:00+00:00,15.1,97.0,10.7,2.9
2023-07-04 02:20:00+00:00,15.1,98.0,10.7,3.4
2023-07-04 02:30:00+00:00,15.1,97.0,10.7,3.6
2023-07-04 02:40:00+00:00,15.1,97.5,10.7,3.9000000000000004
2023-07-04 02:50:00+00:00,15.1,98.0,10.7,4.2
2023-07-04 03:00:00+00:00,15.0,97.0,10.7,4.2
2023-07-04 03:10:00+00:00,15.0,98.0,10.7,4.2
2023-07-04 03:20:00+00:00,15.0,97.0,10.7,4.2
2023-07-04 03:30:00+00:00,15.0,98.0,10.7,4.2
2023-07-04 03:40:00+00:00,15.0,98.0,10.7,4.2
2023-07-04 03:50:00+00:00,15.0,98.0,10.7,4.2
2023-07-04 04:00:00+00:00,15.0,98.0,10.7,4.2
2023-07-04 04:10:00+00:00,15.0,98.0,10.7,4.2
2023-07-04 04:20:00+00:00,15.0,98.0,10.708333333333332,4.2
2023-07-04 04:30:00+00:00,15.0,98.0,10.716666666666667,4.2
2023-07-04 04:40:00+00:00,15.0,98.0,10.725,4.2
2023-07-04 04:50:00+00:00,15.0,98.0,10.733333333333333,4.2
2023-07-04 05:00:00+00:00,15.0,98.0,10.741666666666667,4.2
2023-07-04 05:10:00+00:00,15.0,98.0,10.75,4.2
2023-07-04 05:20:00+00:00,15.0,98.0,10.758333333333333,4.2
2023-07-04 05:30:00+00:00,15.0,98.0,10.766666666666667,4.2
2023-07-04 05:40:00+00:00,15.0,98.0,10.775,4.2
2023-07-04 05:50:00+00:00,15.0,98.0,10.783333333333333,4.2
2023-07-04 06:00:00+00:00,15.0,98.0,10.791666666666668,4.2
2023-07-04 06:10:00+00:00,15.0,98.0,10.8,4.2
2023-07-04 06:20:00+00:00,15.0,97.0,10.9,4.2
2023-07-04 06:30:00+00:00,14.996992481203007,97.02255639097744,10.897744360902257,4.2
2023-07-04 06:40:00+00:00,14.993984962406016,97.04511278195488,10.895488721804512,4.2
2023-07-04 06:50:00+00:00,14.990977443609022,97.06766917293233,10.893233082706768,4.2
2023-07-04 07:00:00+00:00,14.98796992481203,97.09022556390977,10.890977443609023,4.2
2023-07-04 07:10:00+00:00,14.984962406015038,97.11278195488721,10.88872180451128,4.2
2023-07-04 07:20:00+00:00,14.981954887218045,97.13533834586467,10.886466165413534,4.2
2023-07-04 07:30:00+00:00,14.978947368421053,97.15789473684211,10.88421052631579,4.2
2023-07-04 07:40:00+00:00,14.97593984962406,97.18045112781955,10.881954887218045,4.2
2023-07-04 07:50:00+00:00,14.972932330827067,97.203007518797,10.879699248120302,4.2
2023-07-04 08:00:00+00:00,14.969924812030076,97.22556390977444,10.877443609022556,4.2
2023-07-04 08:10:00+00:00,14.966917293233083,97.24812030075188,10.875187969924813,4.2
2023-07-04 08:20:00+00:00,14.96390977443609,97.27067669172932,10.872932330827068,4.2
2023-07-04 08:30:00+00:00,14.960902255639098,97.29323308270676,10.870676691729324,4.2
2023-07-04 08:40:00+00:00,14.957894736842105,97.3157894736842,10.868421052631579,4.2
2023-07-04 08:50:00+00:00,14.954887218045112,97.33834586466165,10.866165413533835,4.2
2023-07-04 09:00:00+00:00,14.95187969924812,97.3609022556391,10.86390977443609,4.2
2023-07-04 09:10:00+00:00,14.948872180451128,97.38345864661655,10.861654135338346,4.2
2023-07-04 09:20:00+00:00,14.945864661654134,97.40601503759399,10.859398496240601,4.2
2023-07-04 09:30:00+00:00,14.942857142857143,97.42857142857143,10.857142857142858,4.2
2023-07-04 09:40:00+00:00,14.93984962406015,97.45112781954887,10.854887218045112,4.2
2023-07-04 09:50:00+00:00,14.936842105263159,97.47368421052632,10.852631578947369,4.2
2023-07-04 10:00:00+00:00,14.933834586466165,97.49624060150376,10.850375939849624,4.2
2023-07-04 10:10:00+00:00,14.930827067669172,97.5187969924812,10.84812030075188,4.2
2023-07-04 10:20:00+00:00,14.927819548872181,97.54135338345864,10.845864661654135,4.2
2023-07-04 10:30:00+00:00,,,,
2023-07-04 10:40:00+00:00,,,,
2023-07-04 10:50:00+00:00,,,,
2023-07-04 11:00:00+00:00,,,,
2023-07-04 11:10:00+00:00,,,,
2023-07-04 11:20:00+00:00,,,,
2023-07-04 11:30:00+00:00,,,,
2023-07-04 11:40:00+00:00,,,,
2023-07-04 11:50:00+00:00,,,,
2023-07-04 12:00:00+00:00,,,,
2023-07-04 12:10:00+00:00,,,,
2023-07-04 12:20:00+00:00,,,,
2023-07-04 12:30:00+00:00,,,,
2023-07-04 12:40:00+00:00,,,,
2023-07-04 12:50:00+00:00,,,,
2023-07-04 13:00:00+00:00,,,,
2023-07-04 13:10:00+00:00,,,,
2023-07-04 13:20:00+00:00,,,,
2023-07-04 13:30:00+00:00,,,,
2023-07-04 13:40:00+00:00,,,,
2023-07-04 13:50:00+00:00,,,,
2023-07-04 14:00:00+00:00,,,,
2023-07-04 14:10:00+00:00,,,,
2023-07-04 14:20:00+00:00,,,,
2023-07-04 14:30:00+00:00,,,,
2023-07-04 14:40:00+00:00,,,,
2023-07-04 14:50:00+00:00,,,,
2023-07-04 15:00:00+00:00,,,,
2023-07-04 15:10:00+00:00,,,,
2023-07-04 15:20:00+00:00,,,,
2023-07-04 15:30:00+00:00,,,,
2023-07-04 15:40:00+00:00,,,,
2023-07-04 15:50:00+00:00,,,,
2023-07-04 16:00:00+00:00,,,,
2023-07-04 16:10:00+00:00,,,,
2023-07-04 16:20:00+00:00,,,,
2023-07-04 16:30:00+00:00,,,,
2023-07-04 16:40:00+00:00,,,,
2023-07-04 16:50:00+00:00,,,,
2023-07-04 17:00:00+00:00,,,,
2023-07-04 17:10:00+00:00,,,,
2023-07-04 17:20:00+00:00,,,,
2023-07-04 17:30:00+00:00,,,,
2023-07-04 17:40:00+00:00,,,,
2023-07-04 17:50:00+00:00,,,,
2023-07-04 18:00:00+00:00,,,,
2023-07-04 18:10:00+00:00,,,,
2023-07-04 18:20:00+00:00,,,,
2023-07-04 18:30:00+00:00,,,,
2023-07-04 18:40:00+00:00,,,,
2023-07-04 18:50:00+00:00,,,,
2023-07-04 19:00:00+00:00,,,,
2023-07-04 19:10:00+00:00,,,,
2023-07-04 19:20:00+00:00,,,,
2023-07-04 19:30:00+00:00,,,,
2023-07-04 19:40:00+00:00,,,,
2023-07-04 19:50:00+00:00,,,,
2023-07-04 20:00:00+00:00,,,,
2023-07-04 20:10:00+00:00,,,,
2023-07-04 20:20:00+00:00,,,,
2023-07-04 20:30:00+00:00,,,,
2023-07-04 20:40:00+00:00,,,,
2023-07-04 20:50:00+00:00,,,,
2023-07-04 21:00:00+00:00,,,,
2023-07-04 21:10:00+00:00,,,,
2023-07-04 21:20:00+00:00,,,,
2023-07-04 21:30:00+00:00,,,,
2023-07-04 21:40:00+00:00,,,,
2023-07-04 21:50:00+00:00,,,,
2023-07-04 22:00:00+00:00,,,,
2023-07-04 22:10:00+00:00,,,,
2023-07-04 22:20:00+00:00,,,,
2023-07-04 22:30:00+00:00,,,,
2023-07-04 22:40:00+00:00,,,,
2023-07-04 22:50:00+00:00,,,,
2023-07-04 23:00:00+00:00,,,,
2023-07-04 23:10:00+00:00,,,,
2023-07-04 23:20:00+00:00,,,,
2023-07-04 23:30:00+00:00,,,,
2023-07-04 23:40:00+00:00,,,,
2023-07-04 23:50:00+00:00,,,,
2023-07-05 00:00:00+00:00,,,,
2023-07-05 00:10:00+00:00,,,,
2023-07-05 00:20:00+00:00,,,,
2023-07-05 00:30:00+00:00,,,,
2023-07-05 00:40:00+00:00,,,,
2023-07-05 00:50:00+00:00,,,,
2023-07-05 01:00:00+00:00,,,,
2023-07-05 01:10:00+00:00,,,,
2023-07-05 01:20:00+00:00,,,,
2023-07-05 01:30:00+00:00,,,,
2023-07-05 01:40:00+00:00,,,,
2023-07-05 01:50:00+00:00,,,,
2023-07-05 02:00:00+00:00,,,,
2023-07-05 02:10:00+00:00,,,,
2023-07-05 02:20:00+00:00,,,,
2023-07-05 02:30:00+00:00,,,,
2023-07-05 02:40:00+00:00,,,,
2023-07-05 02:50:00+00:00,,,,
2023-07-05 03:00:00+00:00,,,,
2023-07-05 03:10:00+00:00,,,,
2023-07-05 03:20:00+00:00,,,,
2023-07-05 03:30:00+00:00,,,,
2023-07-05 03:40:00+00:00,,,,
2023-07-05 03:50:00+00:00,,,,
2023-07-05 04:00:00+00:00,,,,
2023-07-05 04:10:00+00:00,,,,
2023-07-05 04:20:00+00:00,,,,
2023-07-05 04:30:00+00:00,14.6,100.0,10.6,4.2
2023-07-05 04:40:00+00:00,14.5,100.0,10.6,4.2
2023-07-05 04:50:00+00:00,14.6,100.0,10.7,4.2
2023-07-05 05:00:00+00:00,14.7,100.0,10.7,4.2
2023-07-05 05:10:00+00:00,15.4,100.0,10.7,4.2
2023-07-05 05:20:00+00:00,16.1,100.0,10.7,4.2
2023-07-05 05:30:00+00:00,16.7,100.0,10.8,4.2
2023-07-05 05:40:00+00:00,16.6,100.0,10.8,4.2
2023-07-05 05:50:00+00:00,16.5,100.0,10.8,4.2
2023-07-05 06:00:00+00:00,16.5,98.0,10.9,4.2
2023-07-05 06:10:00+00:00,16.6,97.0,10.9,4.2
2023-07-05 06:20:00+00:00,16.6,94.0,10.9,4.2
2023-07-05 06:30:00+00:00,16.9,93.0,11.0,4.2
2023-07-05 06:40:00+00:00,16.8,93.0,11.0,4.2
2023-07-05 06:50:00+00:00,16.6,92.0,11.0,4.2
2023-07-05 07:00:00+00:00,16.6,92.0,11.0,4.2
2023-07-05 07:10:00+00:00,16.7,90.0,11.0,4.2
2023-07-05 07:20:00+00:00,16.7,90.0,11.1,4.2
2023-07-05 07:30:00+00:00,16.7,91.0,11.1,4.2
2023-07-05 07:40:00+00:00,16.8,90.0,11.1,4.2
2023-07-05 07:50:00+00:00,17.0,89.0,11.1,4.2
2023-07-05 08:00:00+00:00,17.8,89.0,11.1,4.2
2023-07-05 08:10:00+00:00,17.5,89.0,11.1,4.2
2023-07-05 08:20:00+00:00,17.6,88.0,11.1,4.2
2023-07-05 08:30:00+00:00,17.5,88.0,11.1,4.2
2023-07-05 08:40:00+00:00,17.6,88.0,11.2,4.2
2023-07-05 08:50:00+00:00,17.7,87.0,11.2,4.2
2023-07-05 09:00:00+00:00,17.8,87.0,11.2,4.2
2023-07-05 09:10:00+00:00,18.0,87.0,11.2,4.2
2023-07-05 09:20:00+00:00,18.1,87.0,11.2,4.2
2023-07-05 09:30:00+00:00,18.5,88.0,11.2,4.2
2023-07-05 09:40:00+00:00,19.2,91.0,11.3,4.2
2023-07-05 09:50:00+00:00,19.7,92.0,11.3,4.2
2023-07-05 10:00:00+00:00,20.3,93.0,11.4,4.2
2023-07-05 10:10:00+00:00,20.6,94.0,11.4,4.2
2023-07-05 10:20:00+00:00,20.8,94.0,11.3,4.2
2023-07-05 10:30:00+00:00,20.8,94.0,11.3,4.2
2023-07-05 10:40:00+00:00,20.6,94.0,11.3,4.2
2023-07-05 10:50:00+00:00,20.2,94.0,11.3,4.2
2023-07-05 11:00:00+00:00,19.9,93.0,11.3,4.2
2023-07-05 11:10:00+00:00,19.6,92.0,11.3,4.2
2023-07-05 11:20:00+00:00,19.5,92.0,11.3,4.2
2023-07-05 11:30:00+00:00,19.2,91.0,11.3,4.2
2023-07-05 11:40:00+00:00,19.1,91.0,11.3,4.2
2023-07-05 11:50:00+00:00,19.0,90.0,11.3,4.2
2023-07-05 12:00:00+00:00,18.9,90.0,11.3,4.2
2023-07-05 12:10:00+00:00,18.8,90.0,11.3,4.2
2023-07-05 12:20:00+00:00,18.8,90.0,11.3,4.2
2023-07-05 12:30:00+00:00,18.7,90.0,11.3,4.2
2023-07-05 12:40:00+00:00,18.6,90.0,11.3,4.2
2023-07-05 12:50:00+00:00,18.5,90.0,11.3,4.2
2023-07-05 13:00:00+00:00,18.45,90.0,11.3,4.2
2023-07-05 13:10:00+00:00,18.4,90.0,11.3,4.2
2023-07-05 13:20:00+00:00,18.3,90.0,11.3,4.2
2023-07-05 13:30:00+00:00,18.3,91.0,11.3,4.2
2023-07-05 13:40:00+00:00,18.2,91.0,11.3,4.2
2023-07-05 13:50:00+00:00,18.1,91.0,11.3,4.2
2023-07-05 14:00:00+00:00,18.1,91.0,11.2,4.2
2023-07-05 14:10:00+00:00,18.1,92.0,11.2,4.2
2023-07-05 14:20:00+00:00,18.1,92.0,11.3,4.2
2023-07-05 14:30:00+00:00,18.0,91.0,11.3,4.2
2023-07-05 14:40:00+00:00,18.1,91.0,11.3,4.2
2023-07-05 14:50:00+00:00,18.1,91.0,11.3,4.2
2023-07-05 15:00:00+00:00,18.1,91.0,11.3,4.2
2023-07-05 15:10:00+00:00,18.1,91.0,11.3,4.2
2023-07-05 15:20:00+00:00,18.2,91.0,11.3,4.2
2023-07-05 15:30:00+00:00,18.2,91.0,11.3,4.2
2023-07-05 15:40:00+00:00,18.2,91.0,11.3,4.2
2023-07-05 15:50:00+00:00,18.1,91.0,11.3,4.2
2023-07-05 16:00:00+00:00,17.9,90.0,11.2,4.2
2023-07-05 16:10:00+00:00,17.8,90.0,11.2,4.1
2023-07-05 16:20:00+00:00,17.7,90.0,11.1,3.8
2023-07-05 16:30:00+00:00,17.7,92.0,11.1,3.6
2023-07-05 16:40:00+00:00,17.6,94.0,11.1,3.6
2023-07-05 16:50:00+00:00,17.5,96.0,11.1,3.7
2023-07-05 17:00:00+00:00,17.5,98.0,10.9,4.2
2023-07-05 17:10:00+00:00,17.5,100.0,10.9,4.2
2023-07-05 17:20:00+00:00,17.4,100.0,10.9,4.0
2023-07-05 17:30:00+00:00,17.4,100.0,10.9,3.7
2023-07-05 17:40:00+00:00,17.4,100.0,10.8,3.3
2023-07-05 17:50:00+00:00,17.3,100.0,10.8,3.4
2023-07-05 18:00:00+00:00,17.3,100.0,10.8,3.3
2023-07-05 18:10:00+00:00,17.3,100.0,10.7,3.6
2023-07-05 18:20:00+00:00,17.2,100.0,10.6,3.5
2023-07-05 18:30:00+00:00,17.2,100.0,10.6,3.3
2023-07-05 18:40:00+00:00,17.1,100.0,10.6,3.2
2023-07-05 18:50:00+00:00,17.1,100.0,10.0,3.0
2023-07-05 19:00:00+00:00,17.1,100.0,10.8,2.3
2023-07-05 19:10:00+00:00,17.1,100.0,10.8,2.4
2023-07-05 19:20:00+00:00,17.1,100.0,10.7,2.0
2023-07-05 19:30:00+00:00,17.1,100.0,10.7,1.1
2023-07-05 19:40:00+00:00,17.0,100.0,10.7,1.1
2023-07-05 19:50:00+00:00,17.0,100.0,10.7,0.9
2023-07-05 20:00:00+00:00,17.0,100.0,10.7,0.7
2023-07-05 20:10:00+00:00,16.9,100.0,10.7,0.7
2023-07-05 20:20:00+00:00,16.8,100.0,10.7,0.6
2023-07-05 20:30:00+00:00,16.8,100.0,10.7,0.4
2023-07-05 20:40:00+00:00,16.8,100.0,10.7,0.6
2023-07-05 20:50:00+00:00,16.8,100.0,10.7,0.6
2023-07-05 21:00:00+00:00,16.8,100.0,10.7,0.4
2023-07-05 21:10:00+00:00,16.8,100.0,10.7,0.6
2023-07-05 21:20:00+00:00,16.8,100.0,10.7,0.6
2023-07-05 21:30:00+00:00,16.8,100.0,10.6,0.6
2023-07-05 21:40:00+00:00,16.7,100.0,10.6,0.6
2023-07-05 21:50:00+00:00,16.7,100.0,10.6,0.6
2023-07-05 22:00:00+00:00,16.8,100.0,10.6,0.6
2023-07-05 22:10:00+00:00,16.8,100.0,10.6,0.6
2023-07-05 22:20:00+00:00,16.8,100.0,10.6,0.4
2023-07-05 22:30:00+00:00,16.6,100.0,10.6,0.6
2023-07-05 22:40:00+00:00,16.6,100.0,10.6,0.6
2023-07-05 22:50:00+00:00,16.6,100.0,10.6,0.4
2023-07-05 23:00:00+00:00,16.6,100.0,10.6,0.6
2023-07-05 23:10:00+00:00,16.6,100.0,10.6,0.6
2023-07-05 23:20:00+00:00,16.5,100.0,10.6,0.6
2023-07-05 23:30:00+00:00,16.5,100.0,10.6,0.6
2023-07-05 23:40:00+00:00,16.4,100.0,10.6,0.6
2023-07-05 23:50:00+00:00,16.4,100.0,10.6,0.6
2023-07-06 00:00:00+00:00,16.4,100.0,10.6,0.6
2023-07-06 00:10:00+00:00,16.3,100.0,10.6,0.6
2023-07-06 00:20:00+00:00,16.3,100.0,10.6,0.6
2023-07-06 00:30:00+00:00,16.2,100.0,10.5,0.6
2023-07-06 00:40:00+00:00,16.1,100.0,10.5,0.6
2023-07-06 00:50:00+00:00,16.1,100.0,10.5,0.6
2023-07-06 01:00:00+00:00,16.0,100.0,10.5,0.6
2023-07-06 01:10:00+00:00,16.0,100.0,10.5,0.6
2023-07-06 01:20:00+00:00,15.9,100.0,10.5,0.7
2023-07-06 01:30:00+00:00,15.8,100.0,10.5,0.8
2023-07-06 01:40:00+00:00,15.8,100.0,10.5,1.2
2023-07-06 01:50:00+00:00,15.8,100.0,10.5,1.8
2023-07-06 02:00:00+00:00,15.7,100.0,10.5,2.5
2023-07-06 02:10:00+00:00,15.7,100.0,10.5,3.2
2023-07-06 02:20:00+00:00,15.7,100.0,10.5,3.4
2023-07-06 02:30:00+00:00,15.7,100.0,10.5,3.5
2023-07-06 02:40:00+00:00,15.6,100.0,10.5,3.6
2023-07-06 02:50:00+00:00,15.6,100.0,10.4,4.0
2023-07-06 03:00:00+00:00,15.6,100.0,10.4,4.2
2023-07-06 03:10:00+00:00,15.5,100.0,10.4,4.2
2023-07-06 03:20:00+00:00,15.4,100.0,10.4,4.2
2023-07-06 03:30:00+00:00,15.4,100.0,10.4,4.2
2023-07-06 03:40:00+00:00,15.5,100.0,10.4,4.2
2023-07-06 03:50:00+00:00,15.5,100.0,10.4,4.2
2023-07-06 04:00:00+00:00,15.5,100.0,10.4,4.2
2023-07-06 04:10:00+00:00,15.6,100.0,10.4,4.2
2023-07-06 04:20:00+00:00,15.6,100.0,10.4,4.2
2023-07-06 04:30:00+00:00,15.6,100.0,10.4,4.2
2023-07-06 04:40:00+00:00,15.6,100.0,10.4,4.2
2023-07-06 04:50:00+00:00,15.8,100.0,10.5,4.2
2023-07-06 05:00:00+00:00,15.8,100.0,10.5,4.2
2023-07-06 05:10:00+00:00,16.8,100.0,10.5,4.2
2023-07-06 05:20:00+00:00,17.6,100.0,10.5,4.2
2023-07-06 05:30:00+00:00,18.1,100.0,10.6,4.2
2023-07-06 05:40:00+00:00,17.8,100.0,10.6,4.2
2023-07-06 05:50:00+00:00,17.7,100.0,10.6,4.2
2023-07-06 06:00:00+00:00,17.7,100.0,10.6,4.2
2023-07-06 06:10:00+00:00,17.7,98.0,10.6,4.2
2023-07-06 06:20:00+00:00,17.6,94.0,10.7,4.2
2023-07-06 06:30:00+00:00,18.0,93.0,10.7,4.2
2023-07-06 06:40:00+00:00,18.0,94.0,10.7,4.2
2023-07-06 06:50:00+00:00,17.8,93.0,10.7,4.2
2023-07-06 07:00:00+00:00,17.7,92.0,10.8,4.2
2023-07-06 07:10:00+00:00,17.5,91.0,10.9,4.2
2023-07-06 07:20:00+00:00,17.5,89.0,10.9,4.2
2023-07-06 07:30:00+00:00,17.6,88.0,10.9,4.2
2023-07-06 07:40:00+00:00,17.7,87.0,10.9,4.2
2023-07-06 07:50:00+00:00,17.9,87.0,10.9,4.2
2023-07-06 08:00:00+00:00,18.8,86.0,11.0,4.2
2023-07-06 08:10:00+00:00,18.5,86.0,11.0,4.2
2023-07-06 08:20:00+00:00,18.5,86.0,10.9,4.2
2023-07-06 08:30:00+00:00,18.5,86.0,11.0,4.2
2023-07-06 08:40:00+00:00,18.6,86.0,11.0,4.2
2023-07-06 08:50:00+00:00,18.6,87.0,11.0,4.2
2023-07-06 09:00:00+00:00,18.8,88.0,11.0,4.2
2023-07-06 09:10:00+00:00,19.3,88.0,11.1,4.2
2023-07-06 09:20:00+00:00,19.9,90.0,11.1,4.2
2023-07-06 09:30:00+00:00,20.1,91.0,11.1,4.2
2023-07-06 09:40:00+00:00,20.8,92.0,11.2,4.2
2023-07-06 09:50:00+00:00,21.3,93.0,11.2,4.2
2023-07-06 10:00:00+00:00,21.8,96.0,11.2,4.2
2023-07-06 10:10:00+00:00,21.5,96.0,11.2,4.2
2023-07-06 10:20:00+00:00,22.3,98.0,11.2,4.2
2023-07-06 10:30:00+00:00,21.8,98.0,11.2,4.2
2023-07-06 10:40:00+00:00,21.2,97.0,11.1,4.2
2023-07-06 10:50:00+00:00,20.9,97.0,11.1,4.2
2023-07-06 11:00:00+00:00,20.6,96.0,11.1,4.2
2023-07-06 11:10:00+00:00,20.2,96.0,11.1,4.2
2023-07-06 11:20:00+00:00,20.1,95.0,11.1,4.2
2023-07-06 11:30:00+00:00,19.8,95.0,11.1,4.2
2023-07-06 11:40:00+00:00,19.6,94.0,11.1,4.2
2023-07-06 11:50:00+00:00,19.7,95.0,11.1,4.2
2023-07-06 12:00:00+00:00,19.6,95.0,11.1,4.2
2023-07-06 12:10:00+00:00,19.6,95.0,11.1,4.2
2023-07-06 12:20:00+00:00,19.4,95.0,11.1,4.2
2023-07-06 12:30:00+00:00,19.3,95.0,11.1,4.2
2023-07-06 12:40:00+00:00,19.0,95.0,11.0,4.2
2023-07-06 12:50:00+00:00,19.0,95.0,11.0,4.2
2023-07-06 13:00:00+00:00,18.8,96.0,11.0,4.2
2023-07-06 13:10:00+00:00,18.6,96.0,11.0,4.2
2023-07-06 13:20:00+00:00,18.5,97.0,11.0,4.2
2023-07-06 13:30:00+00:00,18.6,90.0,11.0,4.2
2023-07-06 13:40:00+00:00,18.5,83.0,11.0,4.2
2023-07-06 13:50:00+00:00,18.4,90.0,11.0,4.2
2023-07-06 14:00:00+00:00,18.4,92.0,11.0,4.2
2023-07-06 14:10:00+00:00,18.3,94.0,11.0,4.2
2023-07-06 14:20:00+00:00,18.3,95.0,11.0,4.2
2023-07-06 14:30:00+00:00,18.3,95.0,11.0,4.2
2023-07-06 14:40:00+00:00,18.3,95.0,11.0,4.2
2023-07-06 14:50:00+00:00,18.1,95.0,11.0,4.2
2023-07-06 15:00:00+00:00,18.1,95.0,11.0,4.2
2023-07-06 15:10:00+00:00,18.1,95.0,11.0,4.2
2023-07-06 15:20:00+00:00,18.1,95.0,11.0,4.2
2023-07-06 15:30:00+00:00,18.1,96.0,11.0,4.2
2023-07-06 15:40:00+00:00,18.1,96.0,11.0,4.2
2023-07-06 15:50:00+00:00,18.1,96.0,11.0,4.2
2023-07-06 16:00:00+00:00,18.0,95.0,11.0,4.2
2023-07-06 16:10:00+00:00,18.0,95.0,11.0,4.2
2023-07-06 16:20:00+00:00,18.0,95.0,11.0,4.2
2023-07-06 16:30:00+00:00,17.9,95.0,11.0,4.2
2023-07-06 16:40:00+00:00,17.8,95.0,11.0,4.2
2023-07-06 16:50:00+00:00,17.8,95.0,11.0,4.2
2023-07-06 17:00:00+00:00,17.8,95.0,11.0,4.2
2023-07-06 17:10:00+00:00,17.8,96.0,11.0,4.2
2023-07-06 17:20:00+00:00,17.65,96.0,11.0,4.2
2023-07-06 17:30:00+00:00,17.5,96.0,11.0,4.2
2023-07-06 17:40:00+00:00,17.5,96.0,10.9,4.2
2023-07-06 17:50:00+00:00,17.4,97.0,10.9,4.2
2023-07-06 18:00:00+00:00,17.3,98.0,10.9,4.2
2023-07-06 18:10:00+00:00,17.3,98.0,10.9,4.2
2023-07-06 18:20:00+00:00,17.3,99.0,10.9,4.2
2023-07-06 18:30:00+00:00,17.3,99.0,10.9,4.2
2023-07-06 18:40:00+00:00,17.3,99.0,10.9,4.1
2023-07-06 18:50:00+00:00,17.1,99.0,10.9,3.8
2023-07-06 19:00:00+00:00,17.05,99.0,10.9,3.7
2023-07-06 19:10:00+00:00,17.0,99.0,10.9,3.6
2023-07-06 19:20:00+00:00,17.0,99.0,10.9,3.1
2023-07-06 19:30:00+00:00,16.9,99.0,10.8,2.4
2023-07-06 19:40:00+00:00,16.8,100.0,10.8,1.8
2023-07-06 19:50:00+00:00,16.8,100.0,10.8,1.2
2023-07-06 20:00:00+00:00,16.8,100.0,10.8,0.8
2023-07-06 20:10:00+00:00,16.7,100.0,10.8,0.7
2023-07-06 20:20:00+00:00,16.7,100.0,10.8,0.6
2023-07-06 20:30:00+00:00,16.6,100.0,10.8,0.6
2023-07-06 20:40:00+00:00,16.6,100.0,10.8,0.6
2023-07-06 20:50:00+00:00,16.5,100.0,10.8,0.6
2023-07-06 21:00:00+00:00,16.5,100.0,10.8,0.6
2023-07-06 21:10:00+00:00,16.5,100.0,10.7,0.6
2023-07-06 21:20:00+00:00,16.4,100.0,10.7,0.6
2023-07-06 21:30:00+00:00,16.4,100.0,10.7,0.6
2023-07-06 21:40:00+00:00,16.4,100.0,10.7,0.6
2023-07-06 21:50:00+00:00,16.3,100.0,10.7,0.6
2023-07-06 22:00:00+00:00,16.3,100.0,10.7,0.6
2023-07-06 22:10:00+00:00,16.3,100.0,10.7,0.6
2023-07-06 22:20:00+00:00,16.3,100.0,10.7,0.6
2023-07-06 22:30:00+00:00,16.1,100.0,10.7,0.6
2023-07-06 22:40:00+00:00,16.1,100.0,10.7,0.6
2023-07-06 22:50:00+00:00,16.1,100.0,10.7,0.6
2023-07-06 23:00:00+00:00,16.0,100.0,10.7,0.6
2023-07-06 23:10:00+00:00,16.0,100.0,10.7,0.6
2023-07-06 23:20:00+00:00,15.9,100.0,10.7,0.5
2023-07-06 23:30:00+00:00,15.8,100.0,10.7,0.6
2023-07-06 23:40:00+00:00,15.8,100.0,10.6,0.6
2023-07-06 23:50:00+00:00,15.7,100.0,10.7,0.6
2023-07-07 00:00:00+00:00,15.7,100.0,10.6,0.6
2023-07-07 00:10:00+00:00,15.6,100.0,10.6,0.6
2023-07-07 00:20:00+00:00,15.6,100.0,10.6,0.4
2023-07-07 00:30:00+00:00,15.6,100.0,10.6,0.6
2023-07-07 00:40:00+00:00,15.6,100.0,10.6,0.6
2023-07-07 00:50:00+00:00,15.5,100.0,10.6,0.6
2023-07-07 01:00:00+00:00,15.4,100.0,10.6,0.6
2023-07-07 01:10:00+00:00,15.4,100.0,10.6,0.6
2023-07-07 01:20:00+00:00,15.4,100.0,10.6,0.7
2023-07-07 01:30:00+00:00,15.3,100.0,10.6,1.0
2023-07-07 01:40:00+00:00,15.3,100.0,10.6,1.6
2023-07-07 01:50:00+00:00,15.3,100.0,10.6,2.4
2023-07-07 02:00:00+00:00,15.25,100.0,10.6,2.75
2023-07-07 02:10:00+00:00,15.2,100.0,10.6,3.1
2023-07-07 02:20:00+00:00,15.2,100.0,10.6,3.5
2023-07-07 02:30:00+00:00,15.1,100.0,10.6,3.6
2023-07-07 02:40:00+00:00,15.1,100.0,10.6,4.2
2023-07-07 02:50:00+00:00,15.1,100.0,10.6,4.2
2023-07-07 03:00:00+00:00,15.1,100.0,10.6,4.2
2023-07-07 03:10:00+00:00,15.2,100.0,10.6,4.2
2023-07-07 03:20:00+00:00,15.3,100.0,10.6,4.2
2023-07-07 03:30:00+00:00,15.3,100.0,10.6,4.2
2023-07-07 03:40:00+00:00,15.3,100.0,10.6,4.2
2023-07-07 03:50:00+00:00,15.3,100.0,10.6,4.2
2023-07-07 04:00:00+00:00,15.4,100.0,10.6,4.2
2023-07-07 04:10:00+00:00,15.45,100.0,10.6,4.2
2023-07-07 04:20:00+00:00,15.6,100.0,10.6,4.2
2023-07-07 04:30:00+00:00,15.8,100.0,10.6,4.2
2023-07-07 04:40:00+00:00,15.8,100.0,10.7,4.2
2023-07-07 04:50:00+00:00,16.0,99.0,10.7,4.2
2023-07-07 05:00:00+00:00,16.1,99.0,10.7,4.2
2023-07-07 05:10:00+00:00,17.1,98.0,10.8,4.2
2023-07-07 05:20:00+00:00,17.8,99.0,10.8,4.2
2023-07-07 05:30:00+00:00,18.2,100.0,10.9,4.2
2023-07-07 05:40:00+00:00,17.9,100.0,10.9,4.2
2023-07-07 05:50:00+00:00,17.9,98.0,11.0,4.2
2023-07-07 06:00:00+00:00,17.9,97.0,11.0,4.2
2023-07-07 06:10:00+00:00,18.0,95.0,11.0,4.2
2023-07-07 06:20:00+00:00,18.0,92.0,11.1,4.2
2023-07-07 06:30:00+00:00,18.5,90.0,11.1,4.2
2023-07-07 06:40:00+00:00,18.3,91.0,11.1,4.2
2023-07-07 06:50:00+00:00,18.1,92.0,11.1,4.2
2023-07-07 07:00:00+00:00,18.0,91.0,11.1,4.2
2023-07-07 07:10:00+00:00,18.0,89.0,11.2,4.2
2023-07-07 07:20:00+00:00,18.0,87.0,11.2,4.2
2023-07-07 07:30:00+00:00,18.1,87.0,11.2,4.2
2023-07-07 07:40:00+00:00,18.2,87.0,11.2,4.2
2023-07-07 07:50:00+00:00,18.5,86.0,11.2,4.2
2023-07-07 08:00:00+00:00,19.2,85.0,11.2,4.2
2023-07-07 08:10:00+00:00,18.6,84.0,11.2,4.2
2023-07-07 08:20:00+00:00,18.7,83.0,11.2,4.2
2023-07-07 08:30:00+00:00,18.8,84.0,11.2,4.2
2023-07-07 08:40:00+00:00,18.9,84.0,11.2,4.2
2023-07-07 08:50:00+00:00,18.7,85.0,11.2,4.2
2023-07-07 09:00:00+00:00,19.0,84.0,11.3,4.2
2023-07-07 09:10:00+00:00,19.2,85.0,11.2,4.2
2023-07-07 09:20:00+00:00,19.2,85.0,11.2,4.2
2023-07-07 09:30:00+00:00,19.3,87.0,11.2,4.2
2023-07-07 09:40:00+00:00,19.4,88.0,11.3,4.2
2023-07-07 09:50:00+00:00,20.0,91.0,11.3,4.2
2023-07-07 10:00:00+00:00,21.3,93.0,11.4,4.2
2023-07-07 10:10:00+00:00,22.1,97.0,11.4,4.2
2023-07-07 10:20:00+00:00,22.3,98.0,11.4,4.2
2023-07-07 10:30:00+00:00,22.0,96.0,11.3,4.2
2023-07-07 10:40:00+00:00,21.5,94.0,11.3,4.2
2023-07-07 10:50:00+00:00,21.2,94.0,11.3,4.2
2023-07-07 11:00:00+00:00,20.9,92.0,11.3,4.2
2023-07-07 11:10:00+00:00,20.5,91.0,11.3,4.2
2023-07-07 11:20:00+00:00,20.3,91.0,11.3,4.2
2023-07-07 11:30:00+00:00,20.1,90.0,11.3,4.2
2023-07-07 11:40:00+00:00,20.1,90.5,11.3,4.2
2023-07-07 11:50:00+00:00,20.1,91.0,11.3,4.2
2023-07-07 12:00:00+00:00,19.9,90.0,11.3,4.2
2023-07-07 12:10:00+00:00,19.8,90.0,11.3,4.2
2023-07-07 12:20:00+00:00,19.6,89.0,11.3,4.2
2023-07-07 12:30:00+00:00,19.6,89.0,11.3,4.2
2023-07-07 12:40:00+00:00,19.6,90.0,11.2,4.2
2023-07-07 12:50:00+00:00,19.4,89.0,11.2,4.2
2023-07-07 13:00:00+00:00,19.3,89.0,11.2,4.2
2023-07-07 13:10:00+00:00,19.1,89.0,11.2,4.2
2023-07-07 13:20:00+00:00,19.0,89.0,11.2,4.2
2023-07-07 13:30:00+00:00,18.9,89.0,11.2,4.2
2023-07-07 13:40:00+00:00,18.9,90.0,11.2,4.2
2023-07-07 13:50:00+00:00,18.7,90.0,11.2,4.2
2023-07-07 14:00:00+00:00,18.6,90.0,11.2,4.2
2023-07-07 14:10:00+00:00,18.5,90.0,11.2,4.2
2023-07-07 14:20:00+00:00,18.4,90.0,11.2,4.2
2023-07-07 14:30:00+00:00,18.3,90.0,11.2,4.2
2023-07-07 14:40:00+00:00,18.2,90.0,11.2,4.2
2023-07-07 14:50:00+00:00,18.1,90.0,11.2,4.2
2023-07-07 15:00:00+00:00,18.1,91.0,11.2,4.2
2023-07-07 15:10:00+00:00,18.0,90.5,11.2,4.2
2023-07-07 15:20:00+00:00,17.9,91.0,11.2,4.2
2023-07-07 15:30:00+00:00,17.8,91.0,11.2,4.2
2023-07-07 15:40:00+00:00,17.8,91.0,11.2,4.2
2023-07-07 15:50:00+00:00,17.7,91.0,11.2,4.2
2023-07-07 16:00:00+00:00,17.7,91.0,11.2,4.2
2023-07-07 16:10:00+00:00,17.6,91.0,11.2,4.2
2023-07-07 16:20:00+00:00,17.6,90.0,11.2,4.2
2023-07-07 16:30:00+00:00,17.6,91.0,11.2,4.2
2023-07-07 16:40:00+00:00,17.6,91.0,11.2,4.2
2023-07-07 16:50:00+00:00,17.5,92.0,11.2,4.2
2023-07-07 17:00:00+00:00,17.5,92.0,11.2,4.2
2023-07-07 17:10:00+00:00,17.5,92.0,11.1,4.2
2023-07-07 17:20:00+00:00,17.4,92.0,11.2,4.2
2023-07-07 17:30:00+00:00,17.3,92.0,11.1,4.2
2023-07-07 17:40:00+00:00,17.3,92.0,11.1,4.2
2023-07-07 17:50:00+00:00,17.3,92.0,11.1,4.2
2023-07-07 18:00:00+00:00,17.3,93.0,11.1,4.2
2023-07-07 18:10:00+00:00,17.2,93.0,11.1,4.2
2023-07-07 18:20:00+00:00,17.1,93.0,11.1,4.1
2023-07-07 18:30:00+00:00,17.1,93.0,11.1,3.9
2023-07-07 18:40:00+00:00,17.1,93.0,11.1,3.7
2023-07-07 18:50:00+00:00,17.0,93.0,11.1,3.5
2023-07-07 19:00:00+00:00,17.0,93.0,11.1,3.6
2023-07-07 19:10:00+00:00,17.0,94.0,11.1,3.2
2023-07-07 19:20:00+00:00,16.9,94.0,11.1,2.7
2023-07-07 19:30:00+00:00,16.9,94.0,11.1,2.0
2023-07-07 19:40:00+00:00,16.8,94.0,11.1,1.5
2023-07-07 19:50:00+00:00,16.8,94.0,11.1,1.0
2023-07-07 20:00:00+00:00,16.7,95.0,11.1,0.7
2023-07-07 20:10:00+00:00,16.7,95.0,11.1,0.6
2023-07-07 20:20:00+00:00,16.5,95.0,11.0,0.6
2023-07-07 20:30:00+00:00,16.5,95.0,11.0,0.6
2023-07-07 20:40:00+00:00,16.5,95.0,11.0,0.6
2023-07-07 20:50:00+00:00,16.5,95.0,11.0,0.4
2023-07-07 21:00:00+00:00,16.3,95.0,11.0,0.6
2023-07-07 21:10:00+00:00,16.3,95.5,11.0,0.6
2023-07-07 21:20:00+00:00,16.3,96.0,11.0,0.6
2023-07-07 21:30:00+00:00,16.3,96.0,11.0,0.6
2023-07-07 21:40:00+00:00,16.1,96.0,11.0,0.6
2023-07-07 21:50:00+00:00,16.1,96.0,11.0,0.6
2023-07-07 22:00:00+00:00,16.1,96.0,11.0,0.6
2023-07-07 22:10:00+00:00,16.1,97.0,10.9,0.6
2023-07-07 22:20:00+00:00,16.1,98.0,10.9,0.4
2023-07-07 22:30:00+00:00,16.1,98.0,10.9,0.6
2023-07-07 22:40:00+00:00,16.0,97.0,10.9,0.6
2023-07-07 22:50:00+00:00,16.0,97.0,10.9,0.6
2023-07-07 23:00:00+00:00,16.0,97.0,10.9,0.6
2023-07-07 23:10:00+00:00,16.0,97.0,10.9,0.6
2023-07-07 23:20:00+00:00,15.9,96.0,10.9,0.5
2023-07-07 23:30:00+00:00,15.9,97.0,10.9,0.6
2023-07-07 23:40:00+00:00,15.9,96.0,10.9,0.6
2023-07-07 23:50:00+00:00,15.8,97.0,10.9,0.5
2023-07-08 00:00:00+00:00,15.8,96.0,10.9,0.6
2023-07-08 00:10:00+00:00,15.8,96.0,10.9,0.6
2023-07-08 00:20:00+00:00,15.8,96.0,10.9,0.6
2023-07-08 00:30:00+00:00,15.8,97.0,10.9,0.4
2023-07-08 00:40:00+00:00,15.8,97.0,10.9,0.6
2023-07-08 00:50:00+00:00,15.7,96.0,10.9,0.6
2023-07-08 01:00:00+00:00,15.7,97.0,10.9,0.4
2023-07-08 01:10:00+00:00,15.8,97.0,10.9,0.6
2023-07-08 01:20:00+00:00,15.7,97.0,10.9,0.6
2023-07-08 01:30:00+00:00,15.8,97.0,10.9,0.6
2023-07-08 01:40:00+00:00,15.8,96.0,10.9,0.7
2023-07-08 01:50:00+00:00,15.8,96.0,10.9,1.3
2023-07-08 02:00:00+00:00,15.7,97.0,10.9,2.2
2023-07-08 02:10:00+00:00,15.649999999999999,96.0,10.9,3.15
2023-07-08 02:20:00+00:00,15.6,96.0,10.9,3.4
2023-07-08 02:30:00+00:00,15.5,97.0,10.9,3.6
2023-07-08 02:40:00+00:00,15.5,96.0,10.9,4.2
2023-07-08 02:50:00+00:00,15.5,97.0,10.9,4.2
2023-07-08 03:00:00+00:00,15.5,97.0,10.9,4.2
2023-07-08 03:10:00+00:00,15.5,97.0,10.9,4.2
2023-07-08 03:20:00+00:00,15.5,97.0,10.9,4.2
2023-07-08 03:30:00+00:00,15.5,97.0,10.9,4.2
2023-07-08 03:40:00+00:00,15.557142857142857,97.0,10.9,4.2
2023-07-08 03:50:00+00:00,15.614285714285714,97.0,10.9,4.2
2023-07-08 04:00:00+00:00,15.67142857142857,97.0,10.9,4.2
2023-07-08 04:10:00+00:00,15.72857142857143,97.0,10.9,4.2
2023-07-08 04:20:00+00:00,15.785714285714286,97.0,10.9,4.2
2023-07-08 04:30:00+00:00,15.842857142857143,97.0,10.9,4.2
2023-07-08 04:40:00+00:00,15.9,97.0,10.9,4.2
2023-07-08 04:50:00+00:00,15.8,97.0,10.9,4.2
2023-07-08 05:00:00+00:00,16.0,97.0,10.9,4.2
2023-07-08 05:10:00+00:00,16.1,97.0,11.0,4.2
2023-07-08 05:20:00+00:00,16.2,96.0,11.0,4.2
2023-07-08 05:30:00+00:00,16.7,95.0,11.0,4.2
2023-07-08 05:40:00+00:00,17.0,96.0,11.0,4.2
2023-07-08 05:50:00+00:00,17.0,94.0,11.1,4.2
2023-07-08 06:00:00+00:00,17.2,92.0,11.1,4.2
2023-07-08 06:10:00+00:00,17.3,94.0,11.1,4.2
2023-07-08 06:20:00+00:00,17.5,93.0,11.2,4.2
2023-07-08 06:30:00+00:00,18.0,93.0,11.2,4.2
2023-07-08 06:40:00+00:00,18.3,95.0,11.2,4.2
2023-07-08 06:50:00+00:00,18.1,97.0,11.2,4.2
2023-07-08 07:00:00+00:00,18.1,95.0,11.2,4.2
2023-07-08 07:10:00+00:00,18.0,94.0,11.3,4.2
2023-07-08 07:20:00+00:00,18.0,93.0,11.3,4.2
2023-07-08 07:30:00+00:00,18.2,92.0,11.3,4.2
2023-07-08 07:40:00+00:00,18.4,91.0,11.3,4.2
2023-07-08 07:50:00+00:00,18.5,89.0,11.3,4.2
2023-07-08 08:00:00+00:00,19.4,89.0,11.3,4.2
2023-07-08 08:10:00+00:00,19.5,87.0,11.3,4.2
2023-07-08 08:20:00+00:00,19.3,87.0,11.3,4.2
2023-07-08 08:30:00+00:00,19.6,87.0,11.3,4.2
2023-07-08 08:40:00+00:00,19.6,87.0,11.3,4.2
2023-07-08 08:50:00+00:00,19.5,86.0,11.3,4.2
2023-07-08 09:00:00+00:00,19.8,87.0,11.4,4.2
2023-07-08 09:10:00+00:00,20.1,88.0,11.4,4.2
2023-07-08 09:20:00+00:00,21.1,88.0,11.4,4.2
2023-07-08 09:30:00+00:00,20.9,90.0,11.4,4.2
2023-07-08 09:40:00+00:00,21.8,90.0,11.5,4.2
2023-07-08 09:50:00+00:00,23.0,94.0,11.5,4.2
2023-07-08 10:00:00+00:00,22.0,94.0,11.4,4.2
2023-07-08 10:10:00+00:00,22.1,94.0,11.4,4.2
2023-07-08 10:20:00+00:00,22.9,96.0,11.5,4.2
2023-07-08 10:30:00+00:00,23.6,98.0,11.4,4.2
2023-07-08 10:40:00+00:00,22.8,98.0,11.4,4.2
2023-07-08 10:50:00+00:00,22.3,96.0,11.4,4.2
2023-07-08 11:00:00+00:00,21.8,96.0,11.4,4.2
2023-07-08 11:10:00+00:00,21.5,95.0,11.4,4.2
2023-07-08 11:20:00+00:00,21.25,93.5,11.4,4.2
2023-07-08 11:30:00+00:00,21.0,92.0,11.4,4.2
2023-07-08 11:40:00+00:00,20.8,92.0,11.4,4.2
2023-07-08 11:50:00+00:00,20.6,91.0,11.4,4.2
2023-07-08 12:00:00+00:00,20.5,91.0,11.4,4.2
2023-07-08 12:10:00+00:00,20.4,91.0,11.4,4.2
2023-07-08 12:20:00+00:00,20.1,91.0,11.3,4.2
2023-07-08 12:30:00+00:00,20.0,91.0,11.3,4.2
2023-07-08 12:40:00+00:00,19.8,91.0,11.3,4.2
2023-07-08 12:50:00+00:00,19.7,90.0,11.3,4.2
2023-07-08 13:00:00+00:00,19.6,90.0,11.3,4.2
2023-07-08 13:10:00+00:00,19.4,91.0,11.3,4.2
2023-07-08 13:20:00+00:00,19.3,91.0,11.3,4.2
2023-07-08 13:30:00+00:00,19.2,91.0,11.3,4.2
2023-07-08 13:40:00+00:00,19.1,91.0,11.3,4.2
2023-07-08 13:50:00+00:00,19.0,91.0,11.3,4.2
2023-07-08 14:00:00+00:00,18.9,91.0,11.3,4.2
2023-07-08 14:10:00+00:00,18.8,91.0,11.3,4.2
2023-07-08 14:20:00+00:00,18.7,91.0,11.3,4.2
2023-07-08 14:30:00+00:00,18.7,91.0,11.3,4.2
2023-07-08 14:40:00+00:00,18.6,91.0,11.3,4.2
2023-07-08 14:50:00+00:00,18.5,91.0,11.3,4.2
2023-07-08 15:00:00+00:00,18.5,91.0,11.3,4.2
2023-07-08 15:10:00+00:00,18.5,91.0,11.3,4.2
2023-07-08 15:20:00+00:00,18.4,91.0,11.3,4.2
2023-07-08 15:30:00+00:00,18.3,91.0,11.3,4.2
2023-07-08 15:40:00+00:00,18.3,91.0,11.3,4.2
2023-07-08 15:50:00+00:00,18.2,92.0,11.3,4.2
2023-07-08 16:00:00+00:00,18.2,91.0,11.3,4.2
2023-07-08 16:10:00+00:00,18.1,91.0,11.3,4.2
2023-07-08 16:20:00+00:00,18.0,91.0,11.3,4.2
2023-07-08 16:30:00+00:00,18.0,92.0,11.3,4.2
2023-07-08 16:40:00+00:00,18.0,92.0,11.3,4.2
2023-07-08 16:50:00+00:00,17.9,92.0,11.3,4.2
2023-07-08 17:00:00+00:00,17.8,92.0,11.3,4.2
2023-07-08 17:10:00+00:00,17.8,92.0,11.3,4.2
2023-07-08 17:20:00+00:00,17.7,92.0,11.3,4.2
2023-07-08 17:30:00+00:00,17.6,92.0,11.3,4.2
2023-07-08 17:40:00+00:00,17.6,92.0,11.3,4.2
2023-07-08 17:50:00+00:00,17.6,92.0,11.3,4.2
2023-07-08 18:00:00+00:00,17.6,92.0,11.3,4.2
2023-07-08 18:10:00+00:00,17.5,92.0,11.3,4.0
2023-07-08 18:20:00+00:00,17.4,92.0,11.3,3.9
2023-07-08 18:30:00+00:00,17.3,92.0,11.3,3.6
2023-07-08 18:40:00+00:00,17.2,92.0,11.3,3.7
2023-07-08 18:50:00+00:00,17.1,93.0,11.3,3.5
2023-07-08 19:00:00+00:00,17.1,93.0,11.3,3.5
2023-07-08 19:10:00+00:00,17.1,94.0,11.3,3.5
2023-07-08 19:20:00+00:00,17.1,94.0,11.3,3.0
2023-07-08 19:30:00+00:00,17.0,94.0,11.2,2.6
2023-07-08 19:40:00+00:00,17.0,94.0,11.2,1.9
2023-07-08 19:50:00+00:00,17.0,94.0,11.2,1.2
2023-07-08 20:00:00+00:00,17.0,94.0,11.2,0.8
2023-07-08 20:10:00+00:00,16.9,94.0,11.2,0.6
2023-07-08 20:20:00+00:00,16.8,94.0,11.2,0.6
2023-07-08 20:30:00+00:00,16.8,95.0,11.2,0.6
2023-07-08 20:40:00+00:00,16.7,95.0,11.2,0.6
2023-07-08 20:50:00+00:00,16.7,95.0,11.2,0.6
2023-07-08 21:00:00+00:00,16.6,95.0,11.2,0.4
2023-07-08 21:10:00+00:00,16.5,95.0,11.2,0.6
2023-07-08 21:20:00+00:00,16.5,95.0,11.2,0.6
2023-07-08 21:30:00+00:00,16.4,95.0,11.2,0.6
2023-07-08 21:40:00+00:00,16.4,95.0,11.2,0.6
2023-07-08 21:50:00+00:00,16.3,95.0,11.2,0.6
2023-07-08 22:00:00+00:00,16.2,95.0,11.2,0.4
2023-07-08 22:10:00+00:00,16.2,95.0,11.2,0.6
2023-07-08 22:20:00+00:00,16.1,96.0,11.2,0.6
2023-07-08 22:30:00+00:00,16.1,96.0,11.2,0.6
2023-07-08 22:40:00+00:00,16.0,96.0,11.2,0.6
2023-07-08 22:50:00+00:00,16.0,96.0,11.2,0.6
2023-07-08 23:00:00+00:00,16.0,96.0,11.2,0.6
2023-07-08 23:10:00+00:00,16.0,96.0,11.1,0.6
2023-07-08 23:20:00+00:00,15.993939393939394,96.06060606060606,11.1,0.7090909090909091
2023-07-08 23:30:00+00:00,15.987878787878788,96.12121212121212,11.1,0.8181818181818181
2023-07-08 23:40:00+00:00,15.981818181818182,96.18181818181819,11.1,0.9272727272727272
2023-07-08 23:50:00+00:00,15.975757575757576,96.24242424242425,11.1,1.0363636363636364
2023-07-09 00:00:00+00:00,15.96969696969697,96.3030303030303,11.1,1.1454545454545455
2023-07-09 00:10:00+00:00,15.963636363636363,96.36363636363636,11.1,1.2545454545454544
2023-07-09 00:20:00+00:00,15.957575757575757,96.42424242424242,11.1,1.3636363636363638
2023-07-09 00:30:00+00:00,15.951515151515151,96.48484848484848,11.1,1.4727272727272727
2023-07-09 00:40:00+00:00,15.945454545454545,96.54545454545455,11.1,1.581818181818182
2023-07-09 00:50:00+00:00,15.93939393939394,96.60606060606061,11.1,1.690909090909091
2023-07-09 01:00:00+00:00,15.933333333333334,96.66666666666667,11.1,1.8000000000000003
2023-07-09 01:10:00+00:00,15.927272727272728,96.72727272727273,11.1,1.9090909090909092
2023-07-09 01:20:00+00:00,15.921212121212122,96.78787878787878,11.1,2.018181818181818
2023-07-09 01:30:00+00:00,15.915151515151516,96.84848484848484,11.1,2.1272727272727274
2023-07-09 01:40:00+00:00,15.90909090909091,96.9090909090909,11.1,2.2363636363636363
2023-07-09 01:50:00+00:00,15.903030303030304,96.96969696969697,11.1,2.3454545454545457
2023-07-09 02:00:00+00:00,15.896969696969697,97.03030303030303,11.1,2.4545454545454546
2023-07-09 02:10:00+00:00,15.89090909090909,97.0909090909091,11.1,2.563636363636364
2023-07-09 02:20:00+00:00,15.884848484848485,97.15151515151516,11.1,2.672727272727273
2023-07-09 02:30:00+00:00,15.878787878787879,97.21212121212122,11.1,2.781818181818182
2023-07-09 02:40:00+00:00,15.872727272727273,97.27272727272727,11.1,2.890909090909091
2023-07-09 02:50:00+00:00,15.866666666666667,97.33333333333333,11.1,3.0000000000000004
2023-07-09 03:00:00+00:00,15.860606060606061,97.39393939393939,11.1,3.1090909090909093
2023-07-09 03:10:00+00:00,15.854545454545455,97.45454545454545,11.1,3.2181818181818183
2023-07-09 03:20:00+00:00,,,,
2023-07-09 03:30:00+00:00,,,,
2023-07-09 03:40:00+00:00,,,,
2023-07-09 03:50:00+00:00,,,,
2023-07-09 04:00:00+00:00,,,,
2023-07-09 04:10:00+00:00,,,,
2023-07-09 04:20:00+00:00,,,,
2023-07-09 04:30:00+00:00,,,,
2023-07-09 04:40:00+00:00,15.8,98.0,11.1,4.2
2023-07-09 04:50:00+00:00,15.6,98.0,11.1,4.2
2023-07-09 05:00:00+00:00,15.8,98.0,11.1,4.2
2023-07-09 05:10:00+00:00,16.5,98.0,11.1,4.2
2023-07-09 05:20:00+00:00,17.0,97.0,11.1,4.2
2023-07-09 05:30:00+00:00,17.8,100.0,11.2,4.2
2023-07-09 05:40:00+00:00,17.6,100.0,11.3,4.2
2023-07-09 05:50:00+00:00,17.5,100.0,11.3,4.2
2023-07-09 06:00:00+00:00,17.8,100.0,11.3,4.2
2023-07-09 06:10:00+00:00,17.9,99.0,11.3,4.2
2023-07-09 06:20:00+00:00,17.8,95.0,11.3,4.2
2023-07-09 06:30:00+00:00,18.25,95.5,11.3,4.2
2023-07-09 06:40:00+00:00,18.7,96.0,11.3,4.2
2023-07-09 06:50:00+00:00,18.3,99.0,11.4,4.2
2023-07-09 07:00:00+00:00,18.2,99.0,11.4,4.2
2023-07-09 07:10:00+00:00,18.3,99.0,11.4,4.2
2023-07-09 07:20:00+00:00,18.3,97.0,11.4,4.2
2023-07-09 07:30:00+00:00,18.4,95.0,11.4,4.2
2023-07-09 07:40:00+00:00,18.5,95.0,11.4,4.2
2023-07-09 07:50:00+00:00,18.7,94.0,11.4,4.2
2023-07-09 08:00:00+00:00,19.5,92.0,11.4,4.2
2023-07-09 08:10:00+00:00,20.5,91.0,11.4,4.2
2023-07-09 08:20:00+00:00,19.8,92.0,11.4,4.2
2023-07-09 08:30:00+00:00,20.1,92.0,11.4,4.2
2023-07-09 08:40:00+00:00,20.0,91.0,11.4,4.2
2023-07-09 08:50:00+00:00,20.200000000000003,88.5,11.45,4.2
2023-07-09 09:00:00+00:00,20.5,87.0,11.5,4.2
2023-07-09 09:10:00+00:00,21.6,87.0,11.5,4.2
2023-07-09 09:20:00+00:00,22.2,89.0,11.5,4.2
2023-07-09 09:30:00+00:00,22.3,90.0,11.5,4.2
2023-07-09 09:40:00+00:00,23.3,92.0,11.6,4.2
2023-07-09 09:50:00+00:00,24.0,94.0,11.6,4.2
2023-07-09 10:00:00+00:00,24.7,96.0,11.6,4.2
2023-07-09 10:10:00+00:00,25.1,99.0,11.6,4.2
2023-07-09 10:20:00+00:00,25.3,100.0,11.6,4.2
2023-07-09 10:30:00+00:00,25.0,100.0,11.5,4.2
2023-07-09 10:40:00+00:00,24.4,99.0,11.5,4.2
2023-07-09 10:50:00+00:00,23.7,97.0,11.5,4.2
2023-07-09 11:00:00+00:00,23.2,95.0,11.5,4.2
2023-07-09 11:10:00+00:00,22.9,94.0,11.5,4.2
2023-07-09 11:20:00+00:00,22.5,93.0,11.5,4.2
2023-07-09 11:30:00+00:00,22.1,92.0,11.5,4.2
2023-07-09 11:40:00+00:00,21.9,91.0,11.5,4.2
2023-07-09 11:50:00+00:00,21.6,90.0,11.4,4.2
2023-07-09 12:00:00+00:00,21.3,90.0,11.4,4.2
2023-07-09 12:10:00+00:00,21.2,90.0,11.4,4.2
2023-07-09 12:20:00+00:00,21.1,90.0,11.4,4.2
2023-07-09 12:30:00+00:00,21.0,91.0,11.4,4.2
2023-07-09 12:40:00+00:00,20.8,91.0,11.4,4.2
2023-07-09 12:50:00+00:00,20.7,91.0,11.4,4.2
2023-07-09 13:00:00+00:00,20.6,90.0,11.4,4.2
2023-07-09 13:10:00+00:00,20.5,90.0,11.4,4.2
2023-07-09 13:20:00+00:00,20.3,90.0,11.4,4.2
2023-07-09 13:30:00+00:00,20.3,90.0,11.4,4.2
2023-07-09 13:40:00+00:00,20.1,90.0,11.4,4.2
2023-07-09 13:50:00+00:00,20.0,90.0,11.4,4.2
2023-07-09 14:00:00+00:00,19.9,90.0,11.4,4.2
2023-07-09 14:10:00+00:00,19.9,90.0,11.4,4.2
2023-07-09 14:20:00+00:00,19.8,90.0,11.4,4.2
2023-07-09 14:30:00+00:00,19.8,90.0,11.4,4.2
2023-07-09 14:40:00+00:00,19.6,90.0,11.4,4.2
2023-07-09 14:50:00+00:00,19.6,90.0,11.4,4.2
2023-07-09 15:00:00+00:00,19.5,90.0,11.4,4.2
2023-07-09 15:10:00+00:00,19.5,90.0,11.4,4.2
2023-07-09 15:20:00+00:00,19.4,90.0,11.4,4.2
2023-07-09 15:30:00+00:00,19.3,90.0,11.4,4.2
2023-07-09 15:40:00+00:00,19.3,90.0,11.4,4.2
2023-07-09 15:50:00+00:00,19.3,90.0,11.4,4.2
2023-07-09 16:00:00+00:00,19.2,90.0,11.4,4.2
2023-07-09 16:10:00+00:00,19.2,90.0,11.4,4.2
2023-07-09 16:20:00+00:00,19.2,90.0,11.4,4.2
2023-07-09 16:30:00+00:00,19.1,90.0,11.4,4.2
2023-07-09 16:40:00+00:00,19.1,90.0,11.4,4.2
2023-07-09 16:50:00+00:00,19.1,90.0,11.4,4.2
2023-07-09 17:00:00+00:00,19.0,90.0,11.4,4.2
2023-07-09 17:10:00+00:00,18.9,90.0,11.4,4.2
2023-07-09 17:20:00+00:00,18.9,91.0,11.4,4.2
2023-07-09 17:30:00+00:00,18.8,90.0,11.4,4.2
2023-07-09 17:40:00+00:00,18.8,91.0,11.4,4.2
2023-07-09 17:50:00+00:00,18.7,90.0,11.4,4.2
2023-07-09 18:00:00+00:00,18.6,91.0,11.4,4.2
2023-07-09 18:10:00+00:00,18.6,91.0,11.4,4.1
2023-07-09 18:20:00+00:00,18.5,91.0,11.4,3.9
2023-07-09 18:30:00+00:00,18.5,91.0,11.4,3.8
2023-07-09 18:40:00+00:00,18.3,91.0,11.4,3.8
2023-07-09 18:50:00+00:00,18.3,91.0,11.4,3.6
2023-07-09 19:00:00+00:00,18.3,92.0,11.4,3.5
2023-07-09 19:10:00+00:00,18.2,91.0,11.4,3.6
2023-07-09 19:20:00+00:00,18.1,91.0,11.4,3.1
2023-07-09 19:30:00+00:00,18.1,92.0,11.4,2.5
2023-07-09 19:40:00+00:00,18.0,92.0,11.4,1.9
2023-07-09 19:50:00+00:00,18.0,92.0,11.4,1.05
2023-07-09 20:00:00+00:00,17.8,92.0,11.4,0.7
2023-07-09 20:10:00+00:00,17.8,92.0,11.4,0.6
2023-07-09 20:20:00+00:00,17.7,93.0,11.4,0.6
2023-07-09 20:30:00+00:00,17.6,93.0,11.4,0.6
2023-07-09 20:40:00+00:00,17.6,93.0,11.4,0.6
2023-07-09 20:50:00+00:00,17.6,93.0,11.4,0.6
2023-07-09 21:00:00+00:00,17.5,93.0,11.4,0.6
2023-07-09 21:10:00+00:00,17.5,93.0,11.4,0.6
2023-07-09 21:20:00+00:00,17.3,93.0,11.4,0.6
2023-07-09 21:30:00+00:00,17.3,93.0,11.4,0.6
2023-07-09 21:40:00+00:00,17.2,93.0,11.4,0.6
2023-07-09 21:50:00+00:00,17.2,93.0,11.4,0.5
2023-07-09 22:00:00+00:00,17.1,94.0,11.4,0.4
2023-07-09 22:10:00+00:00,17.0,94.0,11.4,0.4
2023-07-09 22:20:00+00:00,17.0,94.0,11.4,0.5
2023-07-09 22:30:00+00:00,16.9,94.0,11.4,0.6
2023-07-09 22:40:00+00:00,16.8,94.0,11.4,0.6
2023-07-09 22:50:00+00:00,16.8,94.0,11.4,0.4
2023-07-09 23:00:00+00:00,16.7,94.0,11.4,0.6
2023-07-09 23:10:00+00:00,16.7,94.0,11.4,0.6
2023-07-09 23:20:00+00:00,16.7,95.0,11.4,0.6
2023-07-09 23:30:00+00:00,16.5,95.0,11.4,0.5
2023-07-09 23:40:00+00:00,16.5,94.0,11.3,0.6
2023-07-09 23:50:00+00:00,16.5,94.0,11.3,0.6
2023-07-10 00:00:00+00:00,16.5,95.0,11.3,0.6
2023-07-10 00:10:00+00:00,16.5,95.0,11.3,0.6
2023-07-10 00:20:00+00:00,16.3,95.0,11.3,0.6
2023-07-10 00:30:00+00:00,16.3,95.0,11.3,0.6
2023-07-10 00:40:00+00:00,16.3,95.0,11.3,0.6
2023-07-10 00:50:00+00:00,16.2,95.0,11.3,0.6
2023-07-10 01:00:00+00:00,16.3,95.0,11.3,0.6
2023-07-10 01:10:00+00:00,16.3,95.0,11.3,0.6
2023-07-10 01:20:00+00:00,16.3,96.0,11.4,0.7
2023-07-10 01:30:00+00:00,16.3,96.0,11.3,0.6
2023-07-10 01:40:00+00:00,16.35,96.0,11.3,0.8500000000000001
2023-07-10 01:50:00+00:00,16.4,96.0,11.3,1.1
2023-07-10 02:00:00+00:00,16.4,96.0,11.4,1.6
2023-07-10 02:10:00+00:00,16.446153846153845,96.07692307692308,11.4,1.8
2023-07-10 02:20:00+00:00,16.49230769230769,96.15384615384616,11.4,2.0
2023-07-10 02:30:00+00:00,16.538461538461537,96.23076923076923,11.4,2.2
2023-07-10 02:40:00+00:00,16.584615384615383,96.3076923076923,11.4,2.4000000000000004
2023-07-10 02:50:00+00:00,16.63076923076923,96.38461538461539,11.4,2.6
2023-07-10 03:00:00+00:00,16.676923076923075,96.46153846153847,11.4,2.8000000000000003
2023-07-10 03:10:00+00:00,16.723076923076924,96.53846153846153,11.4,3.0
2023-07-10 03:20:00+00:00,16.76923076923077,96.61538461538461,11.4,3.2
2023-07-10 03:30:00+00:00,16.815384615384616,96.6923076923077,11.4,3.4000000000000004
2023-07-10 03:40:00+00:00,16.861538461538462,96.76923076923077,11.4,3.6
2023-07-10 03:50:00+00:00,16.907692307692308,96.84615384615384,11.4,3.8000000000000003
2023-07-10 04:00:00+00:00,16.953846153846154,96.92307692307692,11.4,4.0
2023-07-10 04:10:00+00:00,17.0,97.0,11.4,4.2
2023-07-10 04:20:00+00:00,16.9,96.0,11.4,4.2
2023-07-10 04:30:00+00:00,17.0,96.0,11.4,4.2
2023-07-10 04:40:00+00:00,17.1,96.0,11.4,4.2
2023-07-10 04:50:00+00:00,17.1,96.0,11.4,4.2
2023-07-10 05:00:00+00:00,17.3,95.0,11.4,4.2
2023-07-10 05:10:00+00:00,17.6,96.0,11.4,4.2
2023-07-10 05:20:00+00:00,18.2,96.0,11.4,4.2
2023-07-10 05:30:00+00:00,18.5,96.0,11.4,4.2
2023-07-10 05:40:00+00:00,18.8,100.0,11.4,4.2
2023-07-10 05:50:00+00:00,18.6,100.0,11.4,4.2
2023-07-10 06:00:00+00:00,18.7,100.0,11.4,4.2
2023-07-10 06:10:00+00:00,18.8,100.0,11.4,4.2
2023-07-10 06:20:00+00:00,18.6,98.0,11.4,4.2
2023-07-10 06:30:00+00:00,19.1,97.0,11.4,4.2
2023-07-10 06:40:00+00:00,19.1,94.0,11.4,4.2
2023-07-10 06:50:00+00:00,19.0,95.0,11.4,4.2
2023-07-10 07:00:00+00:00,19.05,93.0,11.4,4.2
2023-07-10 07:10:00+00:00,19.1,91.0,11.4,4.2
2023-07-10 07:20:00+00:00,19.1,90.0,11.4,4.2
2023-07-10 07:30:00+00:00,19.2,89.0,11.4,4.2
2023-07-10 07:40:00+00:00,19.3,89.0,11.5,4.2
2023-07-10 07:50:00+00:00,19.6,92.0,11.5,4.2
2023-07-10 08:00:00+00:00,21.1,93.0,11.5,4.2
2023-07-10 08:10:00+00:00,20.6,94.0,11.5,4.2
2023-07-10 08:20:00+00:00,20.5,94.0,11.5,4.2
2023-07-10 08:30:00+00:00,20.6,93.0,11.5,4.2
2023-07-10 08:40:00+00:00,20.7,93.0,11.5,4.2
2023-07-10 08:50:00+00:00,20.8,92.0,11.5,4.2
2023-07-10 09:00:00+00:00,21.1,92.0,11.5,4.2
2023-07-10 09:10:00+00:00,21.3,91.0,11.5,4.2
2023-07-10 09:20:00+00:00,22.8,92.0,11.6,4.2
2023-07-10 09:30:00+00:00,22.7,92.0,11.6,4.2
2023-07-10 09:40:00+00:00,23.3,93.0,11.6,4.2
2023-07-10 09:50:00+00:00,24.2,95.0,11.6,4.2
2023-07-10 10:00:00+00:00,24.9,97.0,11.6,4.2
2023-07-10 10:10:00+00:00,25.3,99.0,11.6,4.2
2023-07-10 10:20:00+00:00,25.5,100.0,11.6,4.2
2023-07-10 10:30:00+00:00,25.8,100.0,11.6,4.2
2023-07-10 10:40:00+00:00,25.1,100.0,11.5,4.2
2023-07-10 10:50:00+00:00,24.3,100.0,11.5,4.2
2023-07-10 11:00:00+00:00,23.8,98.0,11.5,4.2
2023-07-10 11:10:00+00:00,23.3,96.0,11.5,4.2
2023-07-10 11:20:00+00:00,23.0,95.0,11.5,4.2
2023-07-10 11:30:00+00:00,22.6,95.0,11.5,4.2
2023-07-10 11:40:00+00:00,22.4,94.0,11.5,4.2
2023-07-10 11:50:00+00:00,22.2,93.0,11.5,4.2
2023-07-10 12:00:00+00:00,21.9,93.0,11.5,4.2
2023-07-10 12:10:00+00:00,21.8,93.0,11.5,4.2
2023-07-10 12:20:00+00:00,21.7,93.0,11.5,4.2
2023-07-10 12:30:00+00:00,21.6,93.0,11.5,4.2
2023-07-10 12:40:00+00:00,21.5,92.0,11.5,4.2
2023-07-10 12:50:00+00:00,21.4,92.0,11.5,4.2
2023-07-10 13:00:00+00:00,21.3,92.0,11.5,4.2
2023-07-10 13:10:00+00:00,21.3,92.0,11.5,4.2
2023-07-10 13:20:00+00:00,21.1,92.0,11.5,4.2
2023-07-10 13:30:00+00:00,21.0,92.0,11.5,4.2
2023-07-10 13:40:00+00:00,20.8,91.0,11.5,4.2
2023-07-10 13:50:00+00:00,20.8,92.0,11.5,4.2
2023-07-10 14:00:00+00:00,20.6,92.0,11.5,4.2
2023-07-10 14:10:00+00:00,20.6,91.0,11.5,4.2
2023-07-10 14:20:00+00:00,20.5,92.0,11.5,4.2
2023-07-10 14:30:00+00:00,20.5,92.0,11.5,4.2
2023-07-10 14:40:00+00:00,20.4,92.0,11.5,4.2
2023-07-10 14:50:00+00:00,20.3,92.0,11.5,4.2
2023-07-10 15:00:00+00:00,20.3,92.0,11.5,4.2
2023-07-10 15:10:00+00:00,20.3,92.0,11.5,4.2
2023-07-10 15:20:00+00:00,20.2,92.0,11.5,4.2
2023-07-10 15:30:00+00:00,20.1,92.0,11.5,4.2
2023-07-10 15:40:00+00:00,20.1,92.0,11.5,4.2
2023-07-10 15:50:00+00:00,20.1,92.0,11.5,4.2
2023-07-10 16:00:00+00:00,20.1,92.0,11.5,4.2
2023-07-10 16:10:00+00:00,19.9,92.0,11.5,4.2
2023-07-10 16:20:00+00:00,19.8,92.0,11.5,4.2
2023-07-10 16:30:00+00:00,19.700000000000003,92.0,11.45,4.2
2023-07-10 16:40:00+00:00,19.6,92.0,11.4,4.2
2023-07-10 16:50:00+00:00,19.5,91.0,11.4,4.2
2023-07-10 17:00:00+00:00,19.5,92.0,11.4,4.2
2023-07-10 17:10:00+00:00,19.4,92.0,11.4,4.2
2023-07-10 17:20:00+00:00,19.3,92.0,11.4,4.2
2023-07-10 17:30:00+00:00,19.2,92.0,11.4,4.2
2023-07-10 17:40:00+00:00,19.2,92.0,11.4,4.2
2023-07-10 17:50:00+00:00,19.1,92.0,11.4,4.2
2023-07-10 18:00:00+00:00,19.0,92.0,11.4,4.1
2023-07-10 18:10:00+00:00,19.0,92.0,11.4,3.8
2023-07-10 18:20:00+00:00,18.8,92.0,11.4,3.5
2023-07-10 18:30:00+00:00,18.6,92.0,11.4,3.6
2023-07-10 18:40:00+00:00,18.6,92.0,11.4,3.2
2023-07-10 18:50:00+00:00,18.6,92.0,11.4,2.7
2023-07-10 19:00:00+00:00,18.5,92.0,11.4,2.2
2023-07-10 19:10:00+00:00,18.5,92.0,11.4,1.8
2023-07-10 19:20:00+00:00,18.5,92.0,11.4,1.5
2023-07-10 19:30:00+00:00,18.4,92.0,11.4,1.0
2023-07-10 19:40:00+00:00,18.3,92.0,11.4,0.7
2023-07-10 19:50:00+00:00,18.3,92.0,11.4,0.6
2023-07-10 20:00:00+00:00,18.3,93.0,11.4,0.6
2023-07-10 20:10:00+00:00,18.2,93.0,11.4,0.4
2023-07-10 20:20:00+00:00,18.1,92.0,11.4,0.6
2023-07-10 20:30:00+00:00,18.0,92.0,11.4,0.6
2023-07-10 20:40:00+00:00,18.0,92.0,11.4,0.6
2023-07-10 20:50:00+00:00,18.0,93.0,11.4,0.6
2023-07-10 21:00:00+00:00,17.9,93.0,11.4,0.6
2023-07-10 21:10:00+00:00,18.0,94.0,11.4,0.5
2023-07-10 21:20:00+00:00,17.9,94.0,11.4,0.6
2023-07-10 21:30:00+00:00,17.9,94.0,11.4,0.6
2023-07-10 21:40:00+00:00,17.8,94.0,11.4,0.6
2023-07-10 21:50:00+00:00,17.8,95.0,11.4,0.6
2023-07-10 22:00:00+00:00,17.7,95.0,11.3,0.6
2023-07-10 22:10:00+00:00,17.6,95.0,11.3,0.6
2023-07-10 22:20:00+00:00,17.6,96.0,11.3,0.6
2023-07-10 22:30:00+00:00,17.6,97.0,11.3,0.4
2023-07-10 22:40:00+00:00,17.6,97.0,11.3,0.6
2023-07-10 22:50:00+00:00,17.6,97.0,11.2,0.4
2023-07-10 23:00:00+00:00,17.6,98.0,11.2,0.5
2023-07-10 23:10:00+00:00,17.5,98.0,11.2,0.4
2023-07-10 23:20:00+00:00,17.5,98.0,11.2,0.6
2023-07-10 23:30:00+00:00,17.5,99.0,11.2,0.6
2023-07-10 23:40:00+00:00,17.4,99.0,11.2,0.6
2023-07-10 23:50:00+00:00,17.3,99.0,11.2,0.6
2023-07-11 00:00:00+00:00,17.3,100.0,11.2,0.6
2023-07-11 00:10:00+00:00,17.3,100.0,11.2,0.6
2023-07-11 00:20:00+00:00,17.30357142857143,100.0,11.196428571428571,0.7285714285714285
2023-07-11 00:30:00+00:00,17.307142857142857,100.0,11.192857142857143,0.8571428571428572
2023-07-11 00:40:00+00:00,17.310714285714287,100.0,11.189285714285713,0.9857142857142858
2023-07-11 00:50:00+00:00,17.314285714285713,100.0,11.185714285714285,1.1142857142857143
2023-07-11 01:00:00+00:00,17.317857142857143,100.0,11.182142857142857,1.2428571428571429
2023-07-11 01:10:00+00:00,17.321428571428573,100.0,11.178571428571427,1.3714285714285714
2023-07-11 01:20:00+00:00,17.325,100.0,11.174999999999999,1.5
2023-07-11 01:30:00+00:00,17.32857142857143,100.0,11.17142857142857,1.6285714285714286
2023-07-11 01:40:00+00:00,17.332142857142856,100.0,11.167857142857143,1.7571428571428571
2023-07-11 01:50:00+00:00,17.335714285714285,100.0,11.164285714285715,1.8857142857142857
2023-07-11 02:00:00+00:00,17.339285714285715,100.0,11.160714285714285,2.0142857142857142
2023-07-11 02:10:00+00:00,17.34285714285714,100.0,11.157142857142857,2.1428571428571432
2023-07-11 02:20:00+00:00,17.34642857142857,100.0,11.153571428571428,2.271428571428572
2023-07-11 02:30:00+00:00,17.35,100.0,11.149999999999999,2.4000000000000004
2023-07-11 02:40:00+00:00,17.353571428571428,100.0,11.14642857142857,2.528571428571429
2023-07-11 02:50:00+00:00,17.357142857142858,100.0,11.142857142857142,2.6571428571428575
2023-07-11 03:00:00+00:00,17.360714285714284,100.0,11.139285714285714,2.785714285714286
2023-07-11 03:10:00+00:00,17.364285714285714,100.0,11.135714285714286,2.9142857142857146
2023-07-11 03:20:00+00:00,17.367857142857144,100.0,11.132142857142856,3.042857142857143
2023-07-11 03:30:00+00:00,17.37142857142857,100.0,11.128571428571428,3.1714285714285717
2023-07-11 03:40:00+00:00,17.375,100.0,11.125,3.3000000000000003
2023-07-11 03:50:00+00:00,17.378571428571426,100.0,11.12142857142857,3.428571428571429
2023-07-11 04:00:00+00:00,17.382142857142856,100.0,11.117857142857142,3.5571428571428574
2023-07-11 04:10:00+00:00,17.385714285714286,100.0,11.114285714285714,3.6857142857142864
2023-07-11 04:20:00+00:00,,,,
2023-07-11 04:30:00+00:00,,,,
2023-07-11 04:40:00+00:00,,,,
2023-07-11 04:50:00+00:00,17.4,100.0,11.1,4.2
2023-07-11 05:00:00+00:00,17.3,100.0,11.2,4.2
2023-07-11 05:10:00+00:00,17.4,100.0,11.2,4.2
2023-07-11 05:20:00+00:00,17.5,100.0,11.2,4.2
2023-07-11 05:30:00+00:00,17.6,100.0,11.2,4.2
2023-07-11 05:40:00+00:00,17.6,100.0,11.2,4.2
2023-07-11 05:50:00+00:00,17.6,100.0,11.2,4.2
2023-07-11 06:00:00+00:00,17.5,100.0,11.2,4.2
2023-07-11 06:10:00+00:00,17.5475,99.9,11.2,4.2
2023-07-11 06:20:00+00:00,17.595,99.8,11.2,4.2
2023-07-11 06:30:00+00:00,17.6425,99.7,11.2,4.2
2023-07-11 06:40:00+00:00,17.69,99.6,11.2,4.2
2023-07-11 06:50:00+00:00,17.7375,99.5,11.2,4.2
2023-07-11 07:00:00+00:00,17.785,99.4,11.2,4.2
2023-07-11 07:10:00+00:00,17.8325,99.3,11.2,4.2
2023-07-11 07:20:00+00:00,17.88,99.2,11.2,4.2
2023-07-11 07:30:00+00:00,17.9275,99.1,11.2,4.2
2023-07-11 07:40:00+00:00,17.975,99.0,11.2,4.2
2023-07-11 07:50:00+00:00,18.0225,98.9,11.2,4.2
2023-07-11 08:00:00+00:00,18.07,98.8,11.2,4.2
2023-07-11 08:10:00+00:00,18.1175,98.7,11.2,4.2
2023-07-11 08:20:00+00:00,18.165,98.6,11.2,4.2
2023-07-11 08:30:00+00:00,18.2125,98.5,11.2,4.2
2023-07-11 08:40:00+00:00,18.259999999999998,98.4,11.2,4.2
2023-07-11 08:50:00+00:00,18.3075,98.3,11.2,4.2
2023-07-11 09:00:00+00:00,18.355,98.2,11.2,4.2
2023-07-11 09:10:00+00:00,18.4025,98.1,11.2,4.2
2023-07-11 09:20:00+00:00,18.45,98.0,11.2,4.2
2023-07-11 09:30:00+00:00,18.4975,97.9,11.2,4.2
2023-07-11 09:40:00+00:00,18.544999999999998,97.8,11.2,4.2
2023-07-11 09:50:00+00:00,18.592499999999998,97.7,11.2,4.2
2023-07-11 10:00:00+00:00,18.64,97.6,11.2,4.2
2023-07-11 10:10:00+00:00,,,,
2023-07-11 10:20:00+00:00,,,,
2023-07-11 10:30:00+00:00,,,,
2023-07-11 10:40:00+00:00,,,,
2023-07-11 10:50:00+00:00,,,,
2023-07-11 11:00:00+00:00,,,,
2023-07-11 11:10:00+00:00,,,,
2023-07-11 11:20:00+00:00,,,,
2023-07-11 11:30:00+00:00,,,,
2023-07-11 11:40:00+00:00,,,,
2023-07-11 11:50:00+00:00,,,,
2023-07-11 12:00:00+00:00,,,,
2023-07-11 12:10:00+00:00,,,,
2023-07-11 12:20:00+00:00,,,,
2023-07-11 12:30:00+00:00,,,,
2023-07-11 12:40:00+00:00,19.4,96.0,11.2,4.2
2023-07-11 12:50:00+00:00,19.389626556016594,96.01659751037344,11.197925311203319,4.2
2023-07-11 13:00:00+00:00,19.379253112033194,96.03319502074689,11.195850622406638,4.2
2023-07-11 13:10:00+00:00,19.36887966804979,96.04979253112033,11.193775933609958,4.2
2023-07-11 13:20:00+00:00,19.35850622406639,96.06639004149378,11.191701244813277,4.2
2023-07-11 13:30:00+00:00,19.348132780082985,96.08298755186722,11.189626556016597,4.2
2023-07-11 13:40:00+00:00,19.337759336099584,96.09958506224066,11.187551867219916,4.2
2023-07-11 13:50:00+00:00,19.32738589211618,96.11618257261411,11.185477178423236,4.2
2023-07-11 14:00:00+00:00,19.31701244813278,96.13278008298755,11.183402489626555,4.2
2023-07-11 14:10:00+00:00,19.306639004149375,96.149377593361,11.181327800829875,4.2
2023-07-11 14:20:00+00:00,19.296265560165974,96.16597510373444,11.179253112033194,4.2
2023-07-11 14:30:00+00:00,19.28589211618257,96.18257261410788,11.177178423236514,4.2
2023-07-11 14:40:00+00:00,19.27551867219917,96.19917012448133,11.175103734439833,4.2
2023-07-11 14:50:00+00:00,19.265145228215765,96.21576763485477,11.173029045643153,4.2
2023-07-11 15:00:00+00:00,19.254771784232364,96.23236514522821,11.170954356846472,4.2
2023-07-11 15:10:00+00:00,19.24439834024896,96.24896265560166,11.168879668049792,4.2
2023-07-11 15:20:00+00:00,19.23402489626556,96.2655601659751,11.166804979253111,4.2
2023-07-11 15:30:00+00:00,19.223651452282155,96.28215767634855,11.164730290456431,4.2
2023-07-11 15:40:00+00:00,19.213278008298754,96.29875518672199,11.16265560165975,4.2
2023-07-11 15:50:00+00:00,19.20290456431535,96.31535269709543,11.16058091286307,4.2
2023-07-11 16:00:00+00:00,19.19253112033195,96.33195020746888,11.15850622406639,4.2
2023-07-11 16:10:00+00:00,19.182157676348545,96.34854771784232,11.156431535269709,4.2
2023-07-11 16:20:00+00:00,19.171784232365145,96.36514522821577,11.154356846473028,4.2
2023-07-11 16:30:00+00:00,19.16141078838174,96.38174273858921,11.152282157676348,4.2
2023-07-11 16:40:00+00:00,19.15103734439834,96.39834024896265,11.150207468879668,4.2
2023-07-11 16:50:00+00:00,,,,
2023-07-11 17:00:00+00:00,,,,
2023-07-11 17:10:00+00:00,,,,
2023-07-11 17:20:00+00:00,,,,
2023-07-11 17:30:00+00:00,,,,
2023-07-11 17:40:00+00:00,,,,
2023-07-11 17:50:00+00:00,,,,
2023-07-11 18:00:00+00:00,,,,
2023-07-11 18:10:00+00:00,,,,
2023-07-11 18:20:00+00:00,,,,
2023-07-11 18:30:00+00:00,,,,
2023-07-11 18:40:00+00:00,,,,
2023-07-11 18:50:00+00:00,,,,
2023-07-11 19:00:00+00:00,,,,
2023-07-11 19:10:00+00:00,,,,
2023-07-11 19:20:00+00:00,,,,
2023-07-11 19:30:00+00:00,,,,
2023-07-11 19:40:00+00:00,,,,
2023-07-11 19:50:00+00:00,,,,
2023-07-11 20:00:00+00:00,,,,
2023-07-11 20:10:00+00:00,,,,
2023-07-11 20:20:00+00:00,,,,
2023-07-11 20:30:00+00:00,,,,
2023-07-11 20:40:00+00:00,,,,
2023-07-11 20:50:00+00:00,,,,
2023-07-11 21:00:00+00:00,,,,
2023-07-11 21:10:00+00:00,,,,
2023-07-11 21:20:00+00:00,,,,
2023-07-11 21:30:00+00:00,,,,
2023-07-11 21:40:00+00:00,,,,
2023-07-11 21:50:00+00:00,,,,
2023-07-11 22:00:00+00:00,,,,
2023-07-11 22:10:00+00:00,,,,
2023-07-11 22:20:00+00:00,,,,
2023-07-11 22:30:00+00:00,,,,
2023-07-11 22:40:00+00:00,,,,
2023-07-11 22:50:00+00:00,,,,
2023-07-11 23:00:00+00:00,,,,
2023-07-11 23:10:00+00:00,,,,
2023-07-11 23:20:00+00:00,,,,
2023-07-11 23:30:00+00:00,,,,
2023-07-11 23:40:00+00:00,,,,
2023-07-11 23:50:00+00:00,,,,
2023-07-12 00:00:00+00:00,,,,
2023-07-12 00:10:00+00:00,,,,
2023-07-12 00:20:00+00:00,,,,
2023-07-12 00:30:00+00:00,,,,
2023-07-12 00:40:00+00:00,,,,
2023-07-12 00:50:00+00:00,,,,
2023-07-12 01:00:00+00:00,,,,
2023-07-12 01:10:00+00:00,,,,
2023-07-12 01:20:00+00:00,,,,
2023-07-12 01:30:00+00:00,,,,
2023-07-12 01:40:00+00:00,,,,
2023-07-12 01:50:00+00:00,,,,
2023-07-12 02:00:00+00:00,,,,
2023-07-12 02:10:00+00:00,,,,
2023-07-12 02:20:00+00:00,,,,
2023-07-12 02:30:00+00:00,,,,
2023-07-12 02:40:00+00:00,,,,
2023-07-12 02:50:00+00:00,,,,
2023-07-12 03:00:00+00:00,,,,
2023-07-12 03:10:00+00:00,,,,
2023-07-12 03:20:00+00:00,,,,
2023-07-12 03:30:00+00:00,,,,
2023-07-12 03:40:00+00:00,,,,
2023-07-12 03:50:00+00:00,,,,
2023-07-12 04:00:00+00:00,,,,
2023-07-12 04:10:00+00:00,,,,
2023-07-12 04:20:00+00:00,,,,
2023-07-12 04:30:00+00:00,,,,
2023-07-12 04:40:00+00:00,,,,
2023-07-12 04:50:00+00:00,,,,
2023-07-12 05:00:00+00:00,,,,
2023-07-12 05:10:00+00:00,,,,
2023-07-12 05:20:00+00:00,,,,
2023-07-12 05:30:00+00:00,,,,
2023-07-12 05:40:00+00:00,,,,
2023-07-12 05:50:00+00:00,,,,
2023-07-12 06:00:00+00:00,,,,
2023-07-12 06:10:00+00:00,,,,
2023-07-12 06:20:00+00:00,,,,
2023-07-12 06:30:00+00:00,,,,
2023-07-12 06:40:00+00:00,,,,
2023-07-12 06:50:00+00:00,,,,
2023-07-12 07:00:00+00:00,,,,
2023-07-12 07:10:00+00:00,,,,
2023-07-12 07:20:00+00:00,,,,
2023-07-12 07:30:00+00:00,,,,
2023-07-12 07:40:00+00:00,,,,
2023-07-12 07:50:00+00:00,,,,
2023-07-12 08:00:00+00:00,,,,
2023-07-12 08:10:00+00:00,,,,
2023-07-12 08:20:00+00:00,,,,
2023-07-12 08:30:00+00:00,,,,
2023-07-12 08:40:00+00:00,,,,
2023-07-12 08:50:00+00:00,,,,
2023-07-12 09:00:00+00:00,,,,
2023-07-12 09:10:00+00:00,,,,
2023-07-12 09:20:00+00:00,,,,
2023-07-12 09:30:00+00:00,,,,
2023-07-12 09:40:00+00:00,,,,
2023-07-12 09:50:00+00:00,,,,
2023-07-12 10:00:00+00:00,,,,
2023-07-12 10:10:00+00:00,,,,
2023-07-12 10:20:00+00:00,,,,
2023-07-12 10:30:00+00:00,,,,
2023-07-12 10:40:00+00:00,,,,
2023-07-12 10:50:00+00:00,,,,
2023-07-12 11:00:00+00:00,,,,
2023-07-12 11:10:00+00:00,,,,
2023-07-12 11:20:00+00:00,,,,
2023-07-12 11:30:00+00:00,,,,
2023-07-12 11:40:00+00:00,,,,
2023-07-12 11:50:00+00:00,,,,
2023-07-12 12:00:00+00:00,,,,
2023-07-12 12:10:00+00:00,,,,
2023-07-12 12:20:00+00:00,,,,
2023-07-12 12:30:00+00:00,,,,
2023-07-12 12:40:00+00:00,,,,
2023-07-12 12:50:00+00:00,,,,
2023-07-12 13:00:00+00:00,,,,
2023-07-12 13:10:00+00:00,,,,
2023-07-12 13:20:00+00:00,,,,
2023-07-12 13:30:00+00:00,,,,
2023-07-12 13:40:00+00:00,,,,
2023-07-12 13:50:00+00:00,,,,
2023-07-12 14:00:00+00:00,,,,
2023-07-12 14:10:00+00:00,,,,
2023-07-12 14:20:00+00:00,,,,
2023-07-12 14:30:00+00:00,,,,
2023-07-12 14:40:00+00:00,,,,
2023-07-12 14:50:00+00:00,,,,
2023-07-12 15:00:00+00:00,,,,
2023-07-12 15:10:00+00:00,,,,
2023-07-12 15:20:00+00:00,,,,
2023-07-12 15:30:00+00:00,,,,
2023-07-12 15:40:00+00:00,,,,
2023-07-12 15:50:00+00:00,,,,
2023-07-12 16:00:00+00:00,,,,
2023-07-12 16:10:00+00:00,,,,
2023-07-12 16:20:00+00:00,,,,
2023-07-12 16:30:00+00:00,,,,
2023-07-12 16:40:00+00:00,,,,
2023-07-12 16:50:00+00:00,,,,
2023-07-12 17:00:00+00:00,,,,
2023-07-12 17:10:00+00:00,,,,
2023-07-12 17:20:00+00:00,,,,
2023-07-12 17:30:00+00:00,,,,
2023-07-12 17:40:00+00:00,,,,
2023-07-12 17:50:00+00:00,,,,
2023-07-12 18:00:00+00:00,,,,
2023-07-12 18:10:00+00:00,,,,
2023-07-12 18:20:00+00:00,,,,
2023-07-12 18:30:00+00:00,,,,
2023-07-12 18:40:00+00:00,,,,
2023-07-12 18:50:00+00:00,,,,
2023-07-12 19:00:00+00:00,,,,
2023-07-12 19:10:00+00:00,,,,
2023-07-12 19:20:00+00:00,,,,
2023-07-12 19:30:00+00:00,,,,
2023-07-12 19:40:00+00:00,,,,
2023-07-12 19:50:00+00:00,,,,
2023-07-12 20:00:00+00:00,,,,
2023-07-12 20:10:00+00:00,,,,
2023-07-12 20:20:00+00:00,,,,
2023-07-12 20:30:00+00:00,,,,
2023-07-12 20:40:00+00:00,,,,
2023-07-12 20:50:00+00:00,,,,
2023-07-12 21:00:00+00:00,,,,
2023-07-12 21:10:00+00:00,,,,
2023-07-12 21:20:00+00:00,,,,
2023-07-12 21:30:00+00:00,,,,
2023-07-12 21:40:00+00:00,,,,
2023-07-12 21:50:00+00:00,,,,
2023-07-12 22:00:00+00:00,,,,
2023-07-12 22:10:00+00:00,,,,
2023-07-12 22:20:00+00:00,,,,
2023-07-12 22:30:00+00:00,,,,
2023-07-12 22:40:00+00:00,,,,
2023-07-12 22:50:00+00:00,,,,
2023-07-12 23:00:00+00:00,,,,
2023-07-12 23:10:00+00:00,,,,
2023-07-12 23:20:00+00:00,,,,
2023-07-12 23:30:00+00:00,,,,
2023-07-12 23:40:00+00:00,,,,
2023-07-12 23:50:00+00:00,,,,
2023-07-13 00:00:00+00:00,,,,
2023-07-13 00:10:00+00:00,,,,
2023-07-13 00:20:00+00:00,,,,
2023-07-13 00:30:00+00:00,,,,
2023-07-13 00:40:00+00:00,,,,
2023-07-13 00:50:00+00:00,,,,
2023-07-13 01:00:00+00:00,,,,
2023-07-13 01:10:00+00:00,,,,
2023-07-13 01:20:00+00:00,,,,
2023-07-13 01:30:00+00:00,,,,
2023-07-13 01:40:00+00:00,,,,
2023-07-13 01:50:00+00:00,,,,
2023-07-13 02:00:00+00:00,,,,
2023-07-13 02:10:00+00:00,,,,
2023-07-13 02:20:00+00:00,,,,
2023-07-13 02:30:00+00:00,,,,
2023-07-13 02:40:00+00:00,,,,
2023-07-13 02:50:00+00:00,,,,
2023-07-13 03:00:00+00:00,,,,
2023-07-13 03:10:00+00:00,,,,
2023-07-13 03:20:00+00:00,,,,
2023-07-13 03:30:00+00:00,,,,
2023-07-13 03:40:00+00:00,,,,
2023-07-13 03:50:00+00:00,,,,
2023-07-13 04:00:00+00:00,,,,
2023-07-13 04:10:00+00:00,,,,
2023-07-13 04:20:00+00:00,,,,
2023-07-13 04:30:00+00:00,,,,
2023-07-13 04:40:00+00:00,,,,
2023-07-13 04:50:00+00:00,16.9,100.0,10.7,4.2
2023-07-13 05:00:00+00:00,16.9,100.0,10.7,4.2
2023-07-13 05:10:00+00:00,17.5,100.0,10.7,4.2
2023-07-13 05:20:00+00:00,17.8,100.0,10.7,4.2
2023-07-13 05:30:00+00:00,18.2,100.0,10.7,4.2
2023-07-13 05:40:00+00:00,18.3,100.0,10.8,4.2
2023-07-13 05:50:00+00:00,18.1,100.0,10.8,4.2
2023-07-13 06:00:00+00:00,18.3,100.0,10.8,4.2
2023-07-13 06:10:00+00:00,18.3,97.0,10.8,4.2
2023-07-13 06:20:00+00:00,18.3,95.0,10.9,4.2
2023-07-13 06:30:00+00:00,18.7,96.0,10.9,4.2
2023-07-13 06:40:00+00:00,18.8,94.0,10.9,4.2
2023-07-13 06:50:00+00:00,18.6,94.0,10.9,4.2
2023-07-13 07:00:00+00:00,18.6,91.0,10.9,4.2
2023-07-13 07:10:00+00:00,18.7,91.0,11.0,4.2
2023-07-13 07:20:00+00:00,18.8,92.0,11.0,4.2
2023-07-13 07:30:00+00:00,19.1,89.0,11.0,4.2
2023-07-13 07:40:00+00:00,19.0,90.0,11.0,4.2
2023-07-13 07:50:00+00:00,19.0,90.0,11.0,4.2
2023-07-13 08:00:00+00:00,19.3,89.0,11.0,4.2
2023-07-13 08:10:00+00:00,19.1,88.0,11.0,4.2
2023-07-13 08:20:00+00:00,19.8,90.0,11.0,4.2
2023-07-13 08:30:00+00:00,19.8,91.0,11.1,4.2
2023-07-13 08:40:00+00:00,19.7,90.0,11.0,4.2
2023-07-13 08:50:00+00:00,19.7,91.0,11.1,4.2
2023-07-13 09:00:00+00:00,19.6,92.0,11.1,4.2
2023-07-13 09:10:00+00:00,19.5,91.0,11.1,4.2
2023-07-13 09:20:00+00:00,19.5,92.0,11.0,4.2
2023-07-13 09:30:00+00:00,19.5,94.0,11.0,4.2
2023-07-13 09:40:00+00:00,19.3,95.0,11.0,4.2
2023-07-13 09:50:00+00:00,19.6,97.0,11.0,4.2
2023-07-13 10:00:00+00:00,19.5,98.0,11.0,4.2
2023-07-13 10:10:00+00:00,19.5,98.0,11.0,4.2
2023-07-13 10:20:00+00:00,20.0,99.0,11.1,4.2
2023-07-13 10:30:00+00:00,20.5,99.0,11.1,4.2
2023-07-13 10:40:00+00:00,20.3,98.0,11.1,4.2
2023-07-13 10:50:00+00:00,20.2,97.0,11.1,4.2
2023-07-13 11:00:00+00:00,20.1,98.0,11.1,4.2
2023-07-13 11:10:00+00:00,20.0,97.0,11.1,4.2
2023-07-13 11:20:00+00:00,20.0,96.0,11.1,4.2
2023-07-13 11:30:00+00:00,19.8,95.0,11.1,4.2
2023-07-13 11:40:00+00:00,19.8,96.0,11.1,4.2
2023-07-13 11:50:00+00:00,19.6,96.0,11.1,4.2
2023-07-13 12:00:00+00:00,19.6,96.0,11.1,4.2
2023-07-13 12:10:00+00:00,19.6,96.0,11.1,4.2
2023-07-13 12:20:00+00:00,19.6,96.0,11.1,4.2
2023-07-13 12:30:00+00:00,19.5,96.0,11.1,4.2
2023-07-13 12:40:00+00:00,19.6,95.0,11.1,4.2
2023-07-13 12:50:00+00:00,19.5,96.0,11.1,4.2
2023-07-13 13:00:00+00:00,19.5,95.0,11.1,4.2
2023-07-13 13:10:00+00:00,19.4,95.0,11.1,4.2
2023-07-13 13:20:00+00:00,19.3,95.0,11.1,4.2
2023-07-13 13:30:00+00:00,19.2,94.0,11.1,4.2
2023-07-13 13:40:00+00:00,19.2,95.0,11.1,4.2
2023-07-13 13:50:00+00:00,19.1,95.0,11.1,4.2
2023-07-13 14:00:00+00:00,19.1,95.0,11.1,4.2
2023-07-13 14:10:00+00:00,19.1,95.0,11.1,4.2
2023-07-13 14:20:00+00:00,19.1,95.0,11.1,4.2
2023-07-13 14:30:00+00:00,19.0,94.0,11.1,4.2
2023-07-13 14:40:00+00:00,19.0,94.0,11.1,4.2
2023-07-13 14:50:00+00:00,18.9,94.0,11.1,4.2
2023-07-13 15:00:00+00:00,18.8,94.0,11.0,4.2
2023-07-13 15:10:00+00:00,18.8,95.0,11.0,4.2
2023-07-13 15:20:00+00:00,18.6,95.0,11.0,4.2
2023-07-13 15:30:00+00:00,18.6,96.0,11.0,4.2
2023-07-13 15:40:00+00:00,18.5,96.0,11.0,4.2
2023-07-13 15:50:00+00:00,18.3,96.0,11.0,4.2
2023-07-13 16:00:00+00:00,18.3,96.0,11.0,4.2
2023-07-13 16:10:00+00:00,18.3,97.0,11.0,4.2
2023-07-13 16:20:00+00:00,18.2,97.0,11.0,4.2
2023-07-13 16:30:00+00:00,18.2,99.0,11.0,4.2
2023-07-13 16:40:00+00:00,18.1,100.0,11.0,4.2
2023-07-13 16:50:00+00:00,18.1,100.0,11.0,4.2
2023-07-13 17:00:00+00:00,18.0,99.0,11.0,4.2
2023-07-13 17:10:00+00:00,18.0,99.0,11.0,4.2
2023-07-13 17:20:00+00:00,17.9,99.0,11.0,4.2
2023-07-13 17:30:00+00:00,17.9,99.0,11.0,4.2
2023-07-13 17:40:00+00:00,17.8,99.0,11.0,4.2
2023-07-13 17:50:00+00:00,17.8,99.0,11.0,4.2
2023-07-13 18:00:00+00:00,17.7,99.0,11.0,4.2
2023-07-13 18:10:00+00:00,17.6,99.0,11.0,4.2
2023-07-13 18:20:00+00:00,17.6,100.0,11.0,4.1
2023-07-13 18:30:00+00:00,17.6,100.0,11.0,3.9
2023-07-13 18:40:00+00:00,17.6,100.0,11.0,3.7
2023-07-13 18:50:00+00:00,17.5,100.0,11.0,3.7
2023-07-13 19:00:00+00:00,17.6,100.0,11.0,3.5
2023-07-13 19:10:00+00:00,17.5,100.0,10.9,3.5
2023-07-13 19:20:00+00:00,17.4,100.0,10.9,2.4
2023-07-13 19:30:00+00:00,17.4,100.0,10.9,1.5
2023-07-13 19:40:00+00:00,17.4,100.0,10.9,1.1
2023-07-13 19:50:00+00:00,17.3,100.0,10.9,0.8
2023-07-13 20:00:00+00:00,17.3,100.0,10.9,0.7
2023-07-13 20:10:00+00:00,17.2,100.0,10.9,0.6
2023-07-13 20:20:00+00:00,17.2,100.0,10.9,0.6
2023-07-13 20:30:00+00:00,17.1,100.0,10.9,0.6
2023-07-13 20:40:00+00:00,17.1,100.0,10.9,0.6
2023-07-13 20:50:00+00:00,17.1,100.0,10.9,0.6
2023-07-13 21:00:00+00:00,17.0,100.0,10.9,0.6
2023-07-13 21:10:00+00:00,17.0,100.0,10.9,0.6
2023-07-13 21:20:00+00:00,17.0,100.0,10.9,0.6
2023-07-13 21:30:00+00:00,16.9,100.0,10.8,0.6
2023-07-13 21:40:00+00:00,16.9,100.0,10.8,0.6
2023-07-13 21:50:00+00:00,16.8,100.0,10.8,0.6
2023-07-13 22:00:00+00:00,16.8,100.0,10.8,0.6
2023-07-13 22:10:00+00:00,16.8,100.0,10.8,0.6
2023-07-13 22:20:00+00:00,16.8,100.0,10.8,0.4
2023-07-13 22:30:00+00:00,16.8,100.0,10.8,0.4
2023-07-13 22:40:00+00:00,16.8,100.0,10.8,0.6
2023-07-13 22:50:00+00:00,16.8,100.0,10.8,0.6
2023-07-13 23:00:00+00:00,16.8,100.0,10.8,0.4
2023-07-13 23:10:00+00:00,16.8,100.0,10.8,0.6
2023-07-13 23:20:00+00:00,16.8,100.0,10.8,0.6
2023-07-13 23:30:00+00:00,16.7,100.0,10.8,0.6
2023-07-13 23:40:00+00:00,16.7,100.0,10.8,0.4
2023-07-13 23:50:00+00:00,16.7,100.0,10.8,0.6
2023-07-14 00:00:00+00:00,16.6,100.0,10.8,0.6
2023-07-14 00:10:00+00:00,16.5,100.0,10.8,0.6
2023-07-14 00:20:00+00:00,16.5,100.0,10.8,0.4
2023-07-14 00:30:00+00:00,16.5,100.0,10.8,0.6
2023-07-14 00:40:00+00:00,16.4,100.0,10.8,0.6
2023-07-14 00:50:00+00:00,16.42222222222222,100.0,10.8,0.7333333333333333
2023-07-14 01:00:00+00:00,16.444444444444443,100.0,10.8,0.8666666666666667
2023-07-14 01:10:00+00:00,16.466666666666665,100.0,10.8,1.0
2023-07-14 01:20:00+00:00,16.488888888888887,100.0,10.8,1.1333333333333333
2023-07-14 01:30:00+00:00,16.51111111111111,100.0,10.8,1.2666666666666666
2023-07-14 01:40:00+00:00,16.53333333333333,100.0,10.8,1.4
2023-07-14 01:50:00+00:00,16.555555555555554,100.0,10.8,1.5333333333333332
2023-07-14 02:00:00+00:00,16.577777777777776,100.0,10.8,1.6666666666666665
2023-07-14 02:10:00+00:00,16.599999999999998,100.0,10.8,1.7999999999999998
2023-07-14 02:20:00+00:00,16.62222222222222,100.0,10.8,1.9333333333333331
2023-07-14 02:30:00+00:00,16.644444444444442,100.0,10.8,2.0666666666666664
2023-07-14 02:40:00+00:00,16.666666666666664,100.0,10.8,2.2
2023-07-14 02:50:00+00:00,16.688888888888886,100.0,10.8,2.3333333333333335
2023-07-14 03:00:00+00:00,16.711111111111112,100.0,10.8,2.466666666666667
2023-07-14 03:10:00+00:00,16.733333333333334,100.0,10.8,2.6
2023-07-14 03:20:00+00:00,16.755555555555556,100.0,10.8,2.7333333333333334
2023-07-14 03:30:00+00:00,16.77777777777778,100.0,10.8,2.8666666666666667
2023-07-14 03:40:00+00:00,16.8,100.0,10.8,3.0
2023-07-14 03:50:00+00:00,16.822222222222223,100.0,10.8,3.1333333333333333
2023-07-14 04:00:00+00:00,16.844444444444445,100.0,10.8,3.2666666666666666
2023-07-14 04:10:00+00:00,16.866666666666667,100.0,10.8,3.4
2023-07-14 04:20:00+00:00,16.88888888888889,100.0,10.8,3.533333333333333
2023-07-14 04:30:00+00:00,16.91111111111111,100.0,10.8,3.6666666666666665
2023-07-14 04:40:00+00:00,16.933333333333334,100.0,10.8,3.8000000000000003
2023-07-14 04:50:00+00:00,,,,
2023-07-14 05:00:00+00:00,,,,
2023-07-14 05:10:00+00:00,17.0,100.0,10.8,4.2
2023-07-14 05:20:00+00:00,18.0,100.0,10.9,4.2
2023-07-14 05:30:00+00:00,18.2,100.0,10.9,4.2
2023-07-14 05:40:00+00:00,18.5,100.0,10.9,4.2
2023-07-14 05:50:00+00:00,18.3,100.0,11.0,4.2
2023-07-14 06:00:00+00:00,18.0,99.0,11.0,4.2
2023-07-14 06:10:00+00:00,18.1,94.0,11.0,4.2
2023-07-14 06:20:00+00:00,18.1,93.0,11.1,4.2
2023-07-14 06:30:00+00:00,18.2,93.0,11.1,4.2
2023-07-14 06:40:00+00:00,18.3,92.0,11.1,4.2
2023-07-14 06:50:00+00:00,18.3,92.0,11.1,4.2
2023-07-14 07:00:00+00:00,18.3,91.0,11.1,4.2
2023-07-14 07:10:00+00:00,18.1,90.0,11.1,4.2
2023-07-14 07:20:00+00:00,18.1,87.0,11.1,4.2
2023-07-14 07:30:00+00:00,18.0,88.0,11.1,4.2
2023-07-14 07:40:00+00:00,18.4,89.0,11.1,4.2
2023-07-14 07:50:00+00:00,18.5,91.0,11.2,4.2
2023-07-14 08:00:00+00:00,19.3,92.0,11.2,4.2
2023-07-14 08:10:00+00:00,19.0,90.0,11.2,4.2
2023-07-14 08:20:00+00:00,19.1,88.0,11.2,4.2
2023-07-14 08:30:00+00:00,19.7,90.0,11.2,4.2
2023-07-14 08:40:00+00:00,19.5,89.0,11.2,4.2
2023-07-14 08:50:00+00:00,19.3,89.0,11.2,4.2
2023-07-14 09:00:00+00:00,19.0,86.0,11.2,4.2
2023-07-14 09:10:00+00:00,19.4,87.0,11.2,4.2
2023-07-14 09:20:00+00:00,18.9,90.0,11.2,4.2
2023-07-14 09:30:00+00:00,18.7,91.0,11.1,4.2
2023-07-14 09:40:00+00:00,18.6,94.0,11.1,4.2
2023-07-14 09:50:00+00:00,18.8,99.0,11.1,4.2
2023-07-14 10:00:00+00:00,20.7,100.0,11.3,4.2
2023-07-14 10:10:00+00:00,22.0,100.0,11.3,4.2
2023-07-14 10:20:00+00:00,21.4,100.0,11.2,4.2
2023-07-14 10:30:00+00:00,20.7,99.0,11.2,4.2
2023-07-14 10:40:00+00:00,20.5,98.0,11.2,4.2
2023-07-14 10:50:00+00:00,20.0,99.0,11.2,4.2
2023-07-14 11:00:00+00:00,19.9,99.0,11.1,4.2
2023-07-14 11:10:00+00:00,19.8,99.0,11.2,4.2
2023-07-14 11:20:00+00:00,19.9,99.0,11.2,4.2
2023-07-14 11:30:00+00:00,20.0,99.0,11.2,4.2
2023-07-14 11:40:00+00:00,19.8,98.0,11.2,4.2
2023-07-14 11:50:00+00:00,19.5,95.0,11.2,4.2
2023-07-14 12:00:00+00:00,19.3,94.0,11.2,4.2
2023-07-14 12:10:00+00:00,19.5,96.0,11.2,4.2
2023-07-14 12:20:00+00:00,19.3,96.0,11.2,4.2
2023-07-14 12:30:00+00:00,19.3,96.0,11.2,4.2
2023-07-14 12:40:00+00:00,19.1,95.0,11.2,4.2
2023-07-14 12:50:00+00:00,19.0,94.0,11.2,4.2
2023-07-14 13:00:00+00:00,19.0,95.0,11.2,4.2
2023-07-14 13:10:00+00:00,19.1,95.0,11.2,4.2
2023-07-14 13:20:00+00:00,19.0,95.0,11.2,4.2
2023-07-14 13:30:00+00:00,19.0,95.0,11.2,4.2
2023-07-14 13:40:00+00:00,18.9,95.0,11.2,4.2
2023-07-14 13:50:00+00:00,18.7,94.0,11.2,4.2
2023-07-14 14:00:00+00:00,18.8,94.0,11.2,4.2
2023-07-14 14:10:00+00:00,18.7,94.0,11.2,4.2
2023-07-14 14:20:00+00:00,18.7,94.0,11.2,4.2
2023-07-14 14:30:00+00:00,18.7,94.0,11.2,4.2
2023-07-14 14:40:00+00:00,18.5,94.0,11.2,4.2
2023-07-14 14:50:00+00:00,18.3,93.0,11.2,4.2
2023-07-14 15:00:00+00:00,18.3,93.0,11.2,4.2
2023-07-14 15:10:00+00:00,18.2,93.0,11.2,4.2
2023-07-14 15:20:00+00:00,18.1,94.0,11.2,4.2
2023-07-14 15:30:00+00:00,18.0,94.0,11.2,4.2
2023-07-14 15:40:00+00:00,18.0,94.0,11.2,4.2
2023-07-14 15:50:00+00:00,18.0,94.0,11.2,4.2
2023-07-14 16:00:00+00:00,17.9,94.0,11.2,4.2
2023-07-14 16:10:00+00:00,17.8,94.0,11.2,4.2
2023-07-14 16:20:00+00:00,17.7,94.0,11.2,4.2
2023-07-14 16:30:00+00:00,17.7,94.0,11.1,4.2
2023-07-14 16:40:00+00:00,17.6,94.0,11.2,4.2
2023-07-14 16:50:00+00:00,17.6,94.0,11.1,4.2
2023-07-14 17:00:00+00:00,17.6,95.0,11.1,4.2
2023-07-14 17:10:00+00:00,17.6,94.0,11.1,4.2
2023-07-14 17:20:00+00:00,17.5,95.0,11.1,4.2
2023-07-14 17:30:00+00:00,17.5,95.0,11.1,4.2
2023-07-14 17:40:00+00:00,17.5,95.0,11.1,4.2
2023-07-14 17:50:00+00:00,17.4,96.0,11.1,4.2
2023-07-14 18:00:00+00:00,17.4,96.0,11.1,4.2
2023-07-14 18:10:00+00:00,17.3,96.0,11.1,4.2
2023-07-14 18:20:00+00:00,17.3,96.0,11.1,4.2
2023-07-14 18:30:00+00:00,17.3,96.0,11.1,4.1
2023-07-14 18:40:00+00:00,17.1,97.0,11.1,3.9
2023-07-14 18:50:00+00:00,17.1,97.0,11.1,3.5
2023-07-14 19:00:00+00:00,17.1,97.0,11.1,3.5
2023-07-14 19:10:00+00:00,17.0,97.0,11.1,3.2
2023-07-14 19:20:00+00:00,16.9,97.0,11.1,2.6
2023-07-14 19:30:00+00:00,16.8,97.0,11.0,2.1
2023-07-14 19:40:00+00:00,16.8,98.0,11.0,1.4
2023-07-14 19:50:00+00:00,16.8,98.0,11.0,0.9
2023-07-14 20:00:00+00:00,16.7,98.0,11.0,0.7
2023-07-14 20:10:00+00:00,16.6,99.0,11.0,0.6
2023-07-14 20:20:00+00:00,16.6,99.0,11.0,0.4
2023-07-14 20:30:00+00:00,16.5,100.0,11.0,0.4
2023-07-14 20:40:00+00:00,16.5,100.0,11.0,0.6
2023-07-14 20:50:00+00:00,16.4,100.0,11.0,0.6
2023-07-14 21:00:00+00:00,16.4,100.0,11.0,0.6
2023-07-14 21:10:00+00:00,16.3,100.0,11.0,0.6
2023-07-14 21:20:00+00:00,16.3,100.0,11.0,0.6
2023-07-14 21:30:00+00:00,16.3,100.0,10.9,0.6
2023-07-14 21:40:00+00:00,16.3,100.0,10.9,0.6
2023-07-14 21:50:00+00:00,16.2,100.0,10.9,0.6
2023-07-14 22:00:00+00:00,16.1,100.0,10.9,0.6
2023-07-14 22:10:00+00:00,16.1,100.0,10.9,0.6
2023-07-14 22:20:00+00:00,16.1,100.0,10.9,0.6
2023-07-14 22:30:00+00:00,16.1,100.0,10.9,0.6
2023-07-14 22:40:00+00:00,16.0,100.0,10.9,0.6
2023-07-14 22:50:00+00:00,16.0,100.0,10.9,0.6
2023-07-14 23:00:00+00:00,16.008823529411764,100.0,10.897058823529413,0.7058823529411764
2023-07-14 23:10:00+00:00,16.01764705882353,100.0,10.894117647058824,0.8117647058823529
2023-07-14 23:20:00+00:00,16.026470588235295,100.0,10.891176470588235,0.9176470588235294
2023-07-14 23:30:00+00:00,16.03529411764706,100.0,10.888235294117647,1.0235294117647058
2023-07-14 23:40:00+00:00,16.044117647058822,100.0,10.88529411764706,1.1294117647058823
2023-07-14 23:50:00+00:00,16.05294117647059,100.0,10.882352941176471,1.2352941176470589
2023-07-15 00:00:00+00:00,16.061764705882354,100.0,10.879411764705882,1.3411764705882354
2023-07-15 00:10:00+00:00,16.070588235294117,100.0,10.876470588235295,1.4470588235294117
2023-07-15 00:20:00+00:00,16.07941176470588,100.0,10.873529411764707,1.552941176470588
2023-07-15 00:30:00+00:00,16.08823529411765,100.0,10.870588235294118,1.6588235294117646
2023-07-15 00:40:00+00:00,16.097058823529412,100.0,10.867647058823529,1.7647058823529411
2023-07-15 00:50:00+00:00,16.105882352941176,100.0,10.864705882352942,1.8705882352941177
2023-07-15 01:00:00+00:00,16.11470588235294,100.0,10.861764705882354,1.9764705882352942
2023-07-15 01:10:00+00:00,16.123529411764707,100.0,10.858823529411765,2.0823529411764707
2023-07-15 01:20:00+00:00,16.13235294117647,100.0,10.855882352941176,2.188235294117647
2023-07-15 01:30:00+00:00,16.141176470588235,100.0,10.852941176470589,2.2941176470588234
2023-07-15 01:40:00+00:00,16.15,100.0,10.850000000000001,2.4
2023-07-15 01:50:00+00:00,16.158823529411766,100.0,10.847058823529412,2.5058823529411764
2023-07-15 02:00:00+00:00,16.16764705882353,100.0,10.844117647058823,2.611764705882353
2023-07-15 02:10:00+00:00,16.176470588235293,100.0,10.841176470588236,2.7176470588235295
2023-07-15 02:20:00+00:00,16.18529411764706,100.0,10.838235294117649,2.823529411764706
2023-07-15 02:30:00+00:00,16.194117647058825,100.0,10.83529411764706,2.9294117647058826
2023-07-15 02:40:00+00:00,16.20294117647059,100.0,10.83235294117647,3.0352941176470587
2023-07-15 02:50:00+00:00,16.211764705882352,100.0,10.829411764705883,3.1411764705882352
2023-07-15 03:00:00+00:00,,,,
2023-07-15 03:10:00+00:00,,,,
2023-07-15 03:20:00+00:00,,,,
2023-07-15 03:30:00+00:00,,,,
2023-07-15 03:40:00+00:00,,,,
2023-07-15 03:50:00+00:00,,,,
2023-07-15 04:00:00+00:00,,,,
2023-07-15 04:10:00+00:00,,,,
2023-07-15 04:20:00+00:00,,,,
2023-07-15 04:30:00+00:00,16.3,100.0,10.8,4.2
2023-07-15 04:40:00+00:00,16.2,100.0,10.9,4.2
2023-07-15 04:50:00+00:00,16.3,100.0,10.9,4.2
2023-07-15 05:00:00+00:00,16.5,99.0,10.9,4.2
2023-07-15 05:10:00+00:00,16.9,100.0,11.0,4.2
2023-07-15 05:20:00+00:00,17.8,99.0,11.0,4.2
2023-07-15 05:30:00+00:00,18.0,100.0,11.0,4.2
2023-07-15 05:40:00+00:00,18.0,100.0,11.1,4.2
2023-07-15 05:50:00+00:00,17.9,100.0,11.1,4.2
2023-07-15 06:00:00+00:00,18.0,100.0,11.1,4.2
2023-07-15 06:10:00+00:00,18.1,97.0,11.2,4.2
2023-07-15 06:20:00+00:00,18.1,94.0,11.2,4.2
2023-07-15 06:30:00+00:00,18.3,94.0,11.2,4.2
2023-07-15 06:40:00+00:00,18.6,94.0,11.2,4.2
2023-07-15 06:50:00+00:00,18.6,92.0,11.2,4.2
2023-07-15 07:00:00+00:00,18.6,88.0,11.2,4.2
2023-07-15 07:10:00+00:00,18.6,87.0,11.3,4.2
2023-07-15 07:20:00+00:00,18.6,90.0,11.3,4.2
2023-07-15 07:30:00+00:00,19.1,92.0,11.3,4.2
2023-07-15 07:40:00+00:00,19.2,91.0,11.3,4.2
2023-07-15 07:50:00+00:00,19.3,91.0,11.3,4.2
2023-07-15 08:00:00+00:00,19.5,90.0,11.3,4.2
2023-07-15 08:10:00+00:00,19.5,87.0,11.3,4.2
2023-07-15 08:20:00+00:00,20.0,87.0,11.3,4.2
2023-07-15 08:30:00+00:00,19.9,88.0,11.4,4.2
2023-07-15 08:40:00+00:00,20.1,89.0,11.4,4.2
2023-07-15 08:50:00+00:00,20.0,89.0,11.4,4.2
2023-07-15 09:00:00+00:00,20.1,88.0,11.4,4.2
2023-07-15 09:10:00+00:00,20.6,88.0,11.4,4.2
2023-07-15 09:20:00+00:00,22.0,87.0,11.5,4.2
2023-07-15 09:30:00+00:00,21.8,88.0,11.5,4.2
2023-07-15 09:40:00+00:00,22.3,88.0,11.5,4.2
2023-07-15 09:50:00+00:00,23.2,90.0,11.5,4.2
2023-07-15 10:00:00+00:00,23.5,92.0,11.5,4.2
2023-07-15 10:10:00+00:00,24.0,94.0,11.5,4.2
2023-07-15 10:20:00+00:00,24.3,96.0,11.5,4.2
2023-07-15 10:30:00+00:00,24.4,97.0,11.5,4.2
2023-07-15 10:40:00+00:00,23.9,96.0,11.4,4.2
2023-07-15 10:50:00+00:00,23.5,95.0,11.4,4.2
2023-07-15 11:00:00+00:00,23.1,94.0,11.4,4.2
2023-07-15 11:10:00+00:00,22.6,92.0,11.4,4.2
2023-07-15 11:20:00+00:00,22.3,91.0,11.4,4.2
2023-07-15 11:30:00+00:00,22.0,91.0,11.4,4.2
2023-07-15 11:40:00+00:00,21.8,91.0,11.4,4.2
2023-07-15 11:50:00+00:00,21.5,90.0,11.4,4.2
2023-07-15 12:00:00+00:00,21.3,90.0,11.4,4.2
2023-07-15 12:10:00+00:00,21.1,90.0,11.4,4.2
2023-07-15 12:20:00+00:00,21.0,90.0,11.4,4.2
2023-07-15 12:30:00+00:00,20.8,90.0,11.4,4.2
2023-07-15 12:40:00+00:00,20.8,90.0,11.4,4.2
2023-07-15 12:50:00+00:00,20.7,90.0,11.4,4.2
2023-07-15 13:00:00+00:00,20.6,90.0,11.4,4.2
2023-07-15 13:10:00+00:00,20.5,89.0,11.4,4.2
2023-07-15 13:20:00+00:00,20.4,89.0,11.4,4.2
2023-07-15 13:30:00+00:00,20.3,89.0,11.4,4.2
2023-07-15 13:40:00+00:00,20.2,90.0,11.4,4.2
2023-07-15 13:50:00+00:00,20.2,90.0,11.4,4.2
2023-07-15 14:00:00+00:00,20.1,90.0,11.4,4.2
2023-07-15 14:10:00+00:00,20.0,90.0,11.4,4.2
2023-07-15 14:20:00+00:00,20.0,90.0,11.4,4.2
2023-07-15 14:30:00+00:00,20.0,90.0,11.4,4.2
2023-07-15 14:40:00+00:00,20.0,90.0,11.4,4.2
2023-07-15 14:50:00+00:00,19.9,90.0,11.4,4.2
2023-07-15 15:00:00+00:00,19.8,90.0,11.4,4.2
2023-07-15 15:10:00+00:00,19.8,90.0,11.4,4.2
2023-07-15 15:20:00+00:00,19.8,90.0,11.4,4.2
2023-07-15 15:30:00+00:00,19.6,90.0,11.4,4.2
2023-07-15 15:40:00+00:00,19.6,90.0,11.4,4.2
2023-07-15 15:50:00+00:00,19.6,90.0,11.4,4.2
2023-07-15 16:00:00+00:00,19.6,90.0,11.4,4.2
2023-07-15 16:10:00+00:00,19.5,90.0,11.4,4.2
2023-07-15 16:20:00+00:00,19.5,90.0,11.4,4.2
2023-07-15 16:30:00+00:00,19.5,90.0,11.4,4.2
2023-07-15 16:40:00+00:00,19.4,90.0,11.4,4.2
2023-07-15 16:50:00+00:00,19.5,90.0,11.4,4.2
2023-07-15 17:00:00+00:00,19.4,90.0,11.4,4.2
2023-07-15 17:10:00+00:00,19.3,90.0,11.4,4.2
2023-07-15 17:20:00+00:00,19.4,90.0,11.4,4.2
2023-07-15 17:30:00+00:00,19.5,90.0,11.4,4.2
2023-07-15 17:40:00+00:00,19.4,90.0,11.4,4.2
2023-07-15 17:50:00+00:00,19.3,90.0,11.4,4.2
2023-07-15 18:00:00+00:00,19.2,90.0,11.4,4.2
2023-07-15 18:10:00+00:00,19.3,90.0,11.4,4.2
2023-07-15 18:20:00+00:00,19.1,90.0,11.4,3.8
2023-07-15 18:30:00+00:00,19.1,90.0,11.4,3.5
2023-07-15 18:40:00+00:00,19.0,90.0,11.4,3.5
2023-07-15 18:50:00+00:00,19.0,90.0,11.4,3.4
2023-07-15 19:00:00+00:00,19.0,91.0,11.4,3.3
2023-07-15 19:10:00+00:00,18.9,91.0,11.4,2.9
2023-07-15 19:20:00+00:00,18.9,91.0,11.4,2.4
2023-07-15 19:30:00+00:00,18.8,91.0,11.4,1.7
2023-07-15 19:40:00+00:00,18.8,91.0,11.4,1.1
2023-07-15 19:50:00+00:00,18.7,92.0,11.4,0.7
2023-07-15 20:00:00+00:00,18.6,92.0,11.4,0.4
2023-07-15 20:10:00+00:00,18.6,92.0,11.4,0.6
2023-07-15 20:20:00+00:00,18.6,92.0,11.4,0.6
2023-07-15 20:30:00+00:00,18.6,92.0,11.4,0.6
2023-07-15 20:40:00+00:00,18.6,92.0,11.4,0.6
2023-07-15 20:50:00+00:00,18.6,92.0,11.3,0.6
2023-07-15 21:00:00+00:00,18.5,93.0,11.4,0.6
2023-07-15 21:10:00+00:00,18.5,93.0,11.4,0.6
2023-07-15 21:20:00+00:00,18.5,93.0,11.3,0.6
2023-07-15 21:30:00+00:00,18.5,93.0,11.3,0.4
2023-07-15 21:40:00+00:00,18.5,93.0,11.3,0.6
2023-07-15 21:50:00+00:00,18.5,93.0,11.3,0.6
2023-07-15 22:00:00+00:00,18.4,93.0,11.3,0.4
2023-07-15 22:10:00+00:00,18.4,93.02702702702703,11.302702702702703,0.5027027027027027
2023-07-15 22:20:00+00:00,18.4,93.05405405405405,11.305405405405406,0.6054054054054054
2023-07-15 22:30:00+00:00,18.4,93.08108108108108,11.308108108108108,0.7081081081081082
2023-07-15 22:40:00+00:00,18.4,93.10810810810811,11.310810810810812,0.8108108108108109
2023-07-15 22:50:00+00:00,18.4,93.13513513513513,11.313513513513515,0.9135135135135136
2023-07-15 23:00:00+00:00,18.4,93.16216216216216,11.316216216216217,1.0162162162162163
2023-07-15 23:10:00+00:00,18.4,93.1891891891892,11.31891891891892,1.118918918918919
2023-07-15 23:20:00+00:00,18.4,93.21621621621621,11.321621621621622,1.2216216216216216
2023-07-15 23:30:00+00:00,18.4,93.24324324324324,11.324324324324325,1.3243243243243246
2023-07-15 23:40:00+00:00,18.4,93.27027027027027,11.327027027027027,1.427027027027027
2023-07-15 23:50:00+00:00,18.4,93.29729729729729,11.32972972972973,1.5297297297297296
2023-07-16 00:00:00+00:00,18.4,93.32432432432432,11.332432432432434,1.6324324324324326
2023-07-16 00:10:00+00:00,18.4,93.35135135135135,11.335135135135136,1.7351351351351352
2023-07-16 00:20:00+00:00,18.4,93.37837837837837,11.337837837837839,1.8378378378378377
2023-07-16 00:30:00+00:00,18.4,93.4054054054054,11.340540540540541,1.9405405405405407
2023-07-16 00:40:00+00:00,18.4,93.43243243243244,11.343243243243244,2.0432432432432432
2023-07-16 00:50:00+00:00,18.4,93.45945945945945,11.345945945945946,2.1459459459459462
2023-07-16 01:00:00+00:00,18.4,93.48648648648648,11.348648648648648,2.2486486486486488
2023-07-16 01:10:00+00:00,18.4,93.51351351351352,11.351351351351353,2.3513513513513513
2023-07-16 01:20:00+00:00,18.4,93.54054054054055,11.354054054054055,2.4540540540540543
2023-07-16 01:30:00+00:00,18.4,93.56756756756756,11.356756756756758,2.556756756756757
2023-07-16 01:40:00+00:00,18.4,93.5945945945946,11.35945945945946,2.6594594594594594
2023-07-16 01:50:00+00:00,18.4,93.62162162162163,11.362162162162162,2.7621621621621624
2023-07-16 02:00:00+00:00,18.4,93.64864864864865,11.364864864864865,2.864864864864865
2023-07-16 02:10:00+00:00,,,,
2023-07-16 02:20:00+00:00,,,,
2023-07-16 02:30:00+00:00,,,,
2023-07-16 02:40:00+00:00,,,,
2023-07-16 02:50:00+00:00,,,,
2023-07-16 03:00:00+00:00,,,,
2023-07-16 03:10:00+00:00,,,,
2023-07-16 03:20:00+00:00,,,,
2023-07-16 03:30:00+00:00,,,,
2023-07-16 03:40:00+00:00,,,,
2023-07-16 03:50:00+00:00,,,,
2023-07-16 04:00:00+00:00,,,,
2023-07-16 04:10:00+00:00,18.4,94.0,11.4,4.2
2023-07-16 04:20:00+00:00,18.4,94.0,11.4,4.2
2023-07-16 04:30:00+00:00,18.4,94.0,11.4,4.2
2023-07-16 04:40:00+00:00,18.4,93.0,11.4,4.2
2023-07-16 04:50:00+00:00,18.4,92.75,11.4,4.2
2023-07-16 05:00:00+00:00,18.4,92.5,11.4,4.2
2023-07-16 05:10:00+00:00,18.4,92.25,11.4,4.2
2023-07-16 05:20:00+00:00,18.4,92.0,11.4,4.2
2023-07-16 05:30:00+00:00,18.4,91.75,11.4,4.2
2023-07-16 05:40:00+00:00,18.4,91.5,11.4,4.2
2023-07-16 05:50:00+00:00,18.4,91.25,11.4,4.2
2023-07-16 06:00:00+00:00,18.4,91.0,11.4,4.2
2023-07-16 06:10:00+00:00,18.4,91.05185185185185,11.4,4.2
2023-07-16 06:20:00+00:00,18.4,91.1037037037037,11.4,4.2
2023-07-16 06:30:00+00:00,18.4,91.15555555555555,11.4,4.2
2023-07-16 06:40:00+00:00,18.4,91.2074074074074,11.4,4.2
2023-07-16 06:50:00+00:00,18.4,91.25925925925925,11.4,4.2
2023-07-16 07:00:00+00:00,18.4,91.31111111111112,11.4,4.2
2023-07-16 07:10:00+00:00,18.4,91.36296296296297,11.4,4.2
2023-07-16 07:20:00+00:00,18.4,91.41481481481482,11.4,4.2
2023-07-16 07:30:00+00:00,18.4,91.46666666666667,11.4,4.2
2023-07-16 07:40:00+00:00,18.4,91.51851851851852,11.4,4.2
2023-07-16 07:50:00+00:00,18.4,91.57037037037037,11.4,4.2
2023-07-16 08:00:00+00:00,18.4,91.62222222222222,11.4,4.2
2023-07-16 08:10:00+00:00,18.4,91.67407407407407,11.4,4.2
2023-07-16 08:20:00+00:00,18.4,91.72592592592592,11.4,4.2
2023-07-16 08:30:00+00:00,18.4,91.77777777777777,11.4,4.2
2023-07-16 08:40:00+00:00,18.4,91.82962962962964,11.4,4.2
2023-07-16 08:50:00+00:00,18.4,91.88148148148149,11.4,4.2
2023-07-16 09:00:00+00:00,18.4,91.93333333333334,11.4,4.2
2023-07-16 09:10:00+00:00,18.4,91.98518518518519,11.4,4.2
2023-07-16 09:20:00+00:00,18.4,92.03703703703704,11.4,4.2
2023-07-16 09:30:00+00:00,18.4,92.08888888888889,11.4,4.2
2023-07-16 09:40:00+00:00,18.4,92.14074074074074,11.4,4.2
2023-07-16 09:50:00+00:00,18.4,92.19259259259259,11.4,4.2
2023-07-16 10:00:00+00:00,18.4,92.24444444444444,11.4,4.2
2023-07-16 10:10:00+00:00,,,,
2023-07-16 10:20:00+00:00,,,,
2023-07-16 10:30:00+00:00,,,,
2023-07-16 10:40:00+00:00,,,,
2023-07-16 10:50:00+00:00,,,,
2023-07-16 11:00:00+00:00,,,,
2023-07-16 11:10:00+00:00,,,,
2023-07-16 11:20:00+00:00,,,,
2023-07-16 11:30:00+00:00,,,,
2023-07-16 11:40:00+00:00,,,,
2023-07-16 11:50:00+00:00,,,,
2023-07-16 12:00:00+00:00,,,,
2023-07-16 12:10:00+00:00,,,,
2023-07-16 12:20:00+00:00,,,,
2023-07-16 12:30:00+00:00,,,,
2023-07-16 12:40:00+00:00,,,,
2023-07-16 12:50:00+00:00,,,,
2023-07-16 13:00:00+00:00,,,,
2023-07-16 13:10:00+00:00,,,,
2023-07-16 13:20:00+00:00,,,,
2023-07-16 13:30:00+00:00,,,,
2023-07-16 13:40:00+00:00,,,,
2023-07-16 13:50:00+00:00,,,,
2023-07-16 14:00:00+00:00,,,,
2023-07-16 14:10:00+00:00,,,,
2023-07-16 14:20:00+00:00,,,,
2023-07-16 14:30:00+00:00,,,,
2023-07-16 14:40:00+00:00,,,,
2023-07-16 14:50:00+00:00,,,,
2023-07-16 15:00:00+00:00,,,,
2023-07-16 15:10:00+00:00,,,,
2023-07-16 15:20:00+00:00,,,,
2023-07-16 15:30:00+00:00,,,,
2023-07-16 15:40:00+00:00,,,,
2023-07-16 15:50:00+00:00,,,,
2023-07-16 16:00:00+00:00,,,,
2023-07-16 16:10:00+00:00,,,,
2023-07-16 16:20:00+00:00,,,,
2023-07-16 16:30:00+00:00,,,,
2023-07-16 16:40:00+00:00,,,,
2023-07-16 16:50:00+00:00,,,,
2023-07-16 17:00:00+00:00,,,,
2023-07-16 17:10:00+00:00,,,,
2023-07-16 17:20:00+00:00,,,,
2023-07-16 17:30:00+00:00,,,,
2023-07-16 17:40:00+00:00,,,,
2023-07-16 17:50:00+00:00,,,,
2023-07-16 18:00:00+00:00,,,,
2023-07-16 18:10:00+00:00,,,,
2023-07-16 18:20:00+00:00,,,,
2023-07-16 18:30:00+00:00,,,,
2023-07-16 18:40:00+00:00,,,,
2023-07-16 18:50:00+00:00,,,,
2023-07-16 19:00:00+00:00,,,,
2023-07-16 19:10:00+00:00,,,,
2023-07-16 19:20:00+00:00,,,,
2023-07-16 19:30:00+00:00,,,,
2023-07-16 19:40:00+00:00,,,,
2023-07-16 19:50:00+00:00,,,,
2023-07-16 20:00:00+00:00,,,,
2023-07-16 20:10:00+00:00,,,,
2023-07-16 20:20:00+00:00,,,,
2023-07-16 20:30:00+00:00,,,,
2023-07-16 20:40:00+00:00,,,,
2023-07-16 20:50:00+00:00,,,,
2023-07-16 21:00:00+00:00,,,,
2023-07-16 21:10:00+00:00,,,,
2023-07-16 21:20:00+00:00,,,,
2023-07-16 21:30:00+00:00,,,,
2023-07-16 21:40:00+00:00,,,,
2023-07-16 21:50:00+00:00,,,,
2023-07-16 22:00:00+00:00,,,,
2023-07-16 22:10:00+00:00,,,,
2023-07-16 22:20:00+00:00,,,,
2023-07-16 22:30:00+00:00,,,,
2023-07-16 22:40:00+00:00,,,,
2023-07-16 22:50:00+00:00,,,,
2023-07-16 23:00:00+00:00,,,,
2023-07-16 23:10:00+00:00,,,,
2023-07-16 23:20:00+00:00,,,,
2023-07-16 23:30:00+00:00,,,,
2023-07-16 23:40:00+00:00,,,,
2023-07-16 23:50:00+00:00,,,,
2023-07-17 00:00:00+00:00,,,,
2023-07-17 00:10:00+00:00,,,,
2023-07-17 00:20:00+00:00,,,,
2023-07-17 00:30:00+00:00,,,,
2023-07-17 00:40:00+00:00,,,,
2023-07-17 00:50:00+00:00,,,,
2023-07-17 01:00:00+00:00,,,,
2023-07-17 01:10:00+00:00,,,,
2023-07-17 01:20:00+00:00,,,,
2023-07-17 01:30:00+00:00,,,,
2023-07-17 01:40:00+00:00,,,,
2023-07-17 01:50:00+00:00,,,,
2023-07-17 02:00:00+00:00,,,,
2023-07-17 02:10:00+00:00,,,,
2023-07-17 02:20:00+00:00,,,,
2023-07-17 02:30:00+00:00,,,,
2023-07-17 02:40:00+00:00,,,,
2023-07-17 02:50:00+00:00,,,,
2023-07-17 03:00:00+00:00,,,,
2023-07-17 03:10:00+00:00,,,,
2023-07-17 03:20:00+00:00,,,,
2023-07-17 03:30:00+00:00,,,,
2023-07-17 03:40:00+00:00,,,,
2023-07-17 03:50:00+00:00,,,,
2023-07-17 04:00:00+00:00,,,,
2023-07-17 04:10:00+00:00,,,,
2023-07-17 04:20:00+00:00,,,,
2023-07-17 04:30:00+00:00,18.4,98.0,11.4,4.2
2023-07-17 04:40:00+00:00,18.4,99.0,11.4,4.2
2023-07-17 04:50:00+00:00,18.4,97.375,11.4,4.2
2023-07-17 05:00:00+00:00,18.396575342465752,97.39297945205479,11.398630136986302,4.2
2023-07-17 05:10:00+00:00,18.393150684931506,97.41095890410959,11.397260273972604,4.2
2023-07-17 05:20:00+00:00,18.38972602739726,97.42893835616438,11.395890410958904,4.2
2023-07-17 05:30:00+00:00,18.386301369863013,97.44691780821918,11.394520547945206,4.2
2023-07-17 05:40:00+00:00,18.382876712328766,97.46489726027397,11.393150684931507,4.2
2023-07-17 05:50:00+00:00,18.37945205479452,97.48287671232876,11.39178082191781,4.2
2023-07-17 06:00:00+00:00,18.376027397260273,97.50085616438356,11.39041095890411,4.2
2023-07-17 06:10:00+00:00,18.372602739726027,97.51883561643835,11.389041095890411,4.2
2023-07-17 06:20:00+00:00,18.36917808219178,97.53681506849315,11.387671232876713,4.2
2023-07-17 06:30:00+00:00,18.365753424657534,97.55479452054794,11.386301369863014,4.2
2023-07-17 06:40:00+00:00,18.362328767123287,97.57277397260275,11.384931506849316,4.2
2023-07-17 06:50:00+00:00,18.35890410958904,97.59075342465754,11.383561643835616,4.2
2023-07-17 07:00:00+00:00,18.355479452054794,97.60873287671232,11.382191780821918,4.2
2023-07-17 07:10:00+00:00,18.352054794520548,97.62671232876713,11.38082191780822,4.2
2023-07-17 07:20:00+00:00,18.3486301369863,97.64469178082192,11.379452054794521,4.2
2023-07-17 07:30:00+00:00,18.345205479452055,97.66267123287672,11.378082191780821,4.2
2023-07-17 07:40:00+00:00,18.34178082191781,97.6806506849315,11.376712328767123,4.2
2023-07-17 07:50:00+00:00,18.338356164383562,97.6986301369863,11.375342465753425,4.2
2023-07-17 08:00:00+00:00,18.334931506849312,97.7166095890411,11.373972602739727,4.2
2023-07-17 08:10:00+00:00,18.331506849315065,97.73458904109589,11.372602739726027,4.2
2023-07-17 08:20:00+00:00,18.32808219178082,97.75256849315069,11.371232876712329,4.2
2023-07-17 08:30:00+00:00,18.324657534246573,97.77054794520548,11.36986301369863,4.2
2023-07-17 08:40:00+00:00,18.321232876712326,97.78852739726027,11.368493150684932,4.2
2023-07-17 08:50:00+00:00,18.31780821917808,97.80650684931507,11.367123287671234,4.2
2023-07-17 09:00:00+00:00,,,,
2023-07-17 09:10:00+00:00,,,,
2023-07-17 09:20:00+00:00,,,,
2023-07-17 09:30:00+00:00,,,,
2023-07-17 09:40:00+00:00,,,,
2023-07-17 09:50:00+00:00,,,,
2023-07-17 10:00:00+00:00,,,,
2023-07-17 10:10:00+00:00,,,,
2023-07-17 10:20:00+00:00,,,,
2023-07-17 10:30:00+00:00,,,,
2023-07-17 10:40:00+00:00,,,,
2023-07-17 10:50:00+00:00,,,,
2023-07-17 11:00:00+00:00,,,,
2023-07-17 11:10:00+00:00,,,,
2023-07-17 11:20:00+00:00,,,,
2023-07-17 11:30:00+00:00,,,,
2023-07-17 11:40:00+00:00,,,,
2023-07-17 11:50:00+00:00,,,,
2023-07-17 12:00:00+00:00,,,,
2023-07-17 12:10:00+00:00,,,,
2023-07-17 12:20:00+00:00,,,,
2023-07-17 12:30:00+00:00,,,,
2023-07-17 12:40:00+00:00,,,,
2023-07-17 12:50:00+00:00,,,,
2023-07-17 13:00:00+00:00,,,,
2023-07-17 13:10:00+00:00,,,,
2023-07-17 13:20:00+00:00,,,,
2023-07-17 13:30:00+00:00,,,,
2023-07-17 13:40:00+00:00,,,,
2023-07-17 13:50:00+00:00,,,,
2023-07-17 14:00:00+00:00,,,,
2023-07-17 14:10:00+00:00,,,,
2023-07-17 14:20:00+00:00,,,,
2023-07-17 14:30:00+00:00,,,,
2023-07-17 14:40:00+00:00,,,,
2023-07-17 14:50:00+00:00,,,,
2023-07-17 15:00:00+00:00,,,,
2023-07-17 15:10:00+00:00,,,,
2023-07-17 15:20:00+00:00,,,,
2023-07-17 15:30:00+00:00,,,,
2023-07-17 15:40:00+00:00,,,,
2023-07-17 15:50:00+00:00,,,,
2023-07-17 16:00:00+00:00,,,,
2023-07-17 16:10:00+00:00,,,,
2023-07-17 16:20:00+00:00,,,,
2023-07-17 16:30:00+00:00,,,,
2023-07-17 16:40:00+00:00,,,,
2023-07-17 16:50:00+00:00,,,,
2023-07-17 17:00:00+00:00,,,,
2023-07-17 17:10:00+00:00,,,,
2023-07-17 17:20:00+00:00,,,,
2023-07-17 17:30:00+00:00,,,,
2023-07-17 17:40:00+00:00,,,,
2023-07-17 17:50:00+00:00,,,,
2023-07-17 18:00:00+00:00,,,,
2023-07-17 18:10:00+00:00,,,,
2023-07-17 18:20:00+00:00,,,,
2023-07-17 18:30:00+00:00,,,,
2023-07-17 18:40:00+00:00,,,,
2023-07-17 18:50:00+00:00,,,,
2023-07-17 19:00:00+00:00,,,,
2023-07-17 19:10:00+00:00,,,,
2023-07-17 19:20:00+00:00,,,,
2023-07-17 19:30:00+00:00,,,,
2023-07-17 19:40:00+00:00,,,,
2023-07-17 19:50:00+00:00,,,,
2023-07-17 20:00:00+00:00,,,,
2023-07-17 20:10:00+00:00,,,,
2023-07-17 20:20:00+00:00,,,,
2023-07-17 20:30:00+00:00,,,,
2023-07-17 20:40:00+00:00,,,,
2023-07-17 20:50:00+00:00,,,,
2023-07-17 21:00:00+00:00,,,,
2023-07-17 21:10:00+00:00,,,,
2023-07-17 21:20:00+00:00,,,,
2023-07-17 21:30:00+00:00,,,,
2023-07-17 21:40:00+00:00,,,,
2023-07-17 21:50:00+00:00,,,,
2023-07-17 22:00:00+00:00,,,,
2023-07-17 22:10:00+00:00,,,,
2023-07-17 22:20:00+00:00,,,,
2023-07-17 22:30:00+00:00,,,,
2023-07-17 22:40:00+00:00,,,,
2023-07-17 22:50:00+00:00,,,,
2023-07-17 23:00:00+00:00,,,,
2023-07-17 23:10:00+00:00,,,,
2023-07-17 23:20:00+00:00,,,,
2023-07-17 23:30:00+00:00,,,,
2023-07-17 23:40:00+00:00,,,,
2023-07-17 23:50:00+00:00,,,,
2023-07-18 00:00:00+00:00,,,,
2023-07-18 00:10:00+00:00,,,,
2023-07-18 00:20:00+00:00,,,,
2023-07-18 00:30:00+00:00,,,,
2023-07-18 00:40:00+00:00,,,,
2023-07-18 00:50:00+00:00,,,,
2023-07-18 01:00:00+00:00,,,,
2023-07-18 01:10:00+00:00,,,,
2023-07-18 01:20:00+00:00,,,,
2023-07-18 01:30:00+00:00,,,,
2023-07-18 01:40:00+00:00,,,,
2023-07-18 01:50:00+00:00,,,,
2023-07-18 02:00:00+00:00,,,,
2023-07-18 02:10:00+00:00,,,,
2023-07-18 02:20:00+00:00,,,,
2023-07-18 02:30:00+00:00,,,,
2023-07-18 02:40:00+00:00,,,,
2023-07-18 02:50:00+00:00,,,,
2023-07-18 03:00:00+00:00,,,,
2023-07-18 03:10:00+00:00,,,,
2023-07-18 03:20:00+00:00,,,,
2023-07-18 03:30:00+00:00,,,,
2023-07-18 03:40:00+00:00,,,,
2023-07-18 03:50:00+00:00,,,,
2023-07-18 04:00:00+00:00,,,,
2023-07-18 04:10:00+00:00,,,,
2023-07-18 04:20:00+00:00,,,,
2023-07-18 04:30:00+00:00,,,,
2023-07-18 04:40:00+00:00,,,,
2023-07-18 04:50:00+00:00,,,,
2023-07-18 05:00:00+00:00,,,,
2023-07-18 05:10:00+00:00,17.9,100.0,11.2,4.2
2023-07-18 05:20:00+00:00,18.3,100.0,11.2,4.2
2023-07-18 05:30:00+00:00,18.6,100.0,11.2,4.2
2023-07-18 05:40:00+00:00,18.8,100.0,11.2,4.2
2023-07-18 05:50:00+00:00,18.6,100.0,11.2,4.2
2023-07-18 06:00:00+00:00,18.5,100.0,11.3,4.2
2023-07-18 06:10:00+00:00,18.8,97.0,11.3,4.2
2023-07-18 06:20:00+00:00,18.6,94.0,11.3,4.2
2023-07-18 06:30:00+00:00,18.7,94.0,11.3,4.2
2023-07-18 06:40:00+00:00,18.7,91.0,11.3,4.2
2023-07-18 06:50:00+00:00,18.3,90.0,11.3,4.2
2023-07-18 07:00:00+00:00,18.2,89.0,11.3,4.2
2023-07-18 07:10:00+00:00,18.3,93.0,11.3,4.2
2023-07-18 07:20:00+00:00,18.4,94.0,11.3,4.2
2023-07-18 07:30:00+00:00,19.1,92.0,11.3,4.2
2023-07-18 07:40:00+00:00,18.9,91.0,11.3,4.2
2023-07-18 07:50:00+00:00,18.5,88.0,11.3,4.2
2023-07-18 08:00:00+00:00,18.4,87.0,11.3,4.2
2023-07-18 08:10:00+00:00,18.8,89.0,11.3,4.2
2023-07-18 08:20:00+00:00,19.0,95.0,11.3,4.2
2023-07-18 08:30:00+00:00,18.7,94.0,11.3,4.2
2023-07-18 08:40:00+00:00,19.0,93.0,11.3,4.2
2023-07-18 08:50:00+00:00,18.8,95.0,11.3,4.2
2023-07-18 09:00:00+00:00,18.5,93.0,11.3,4.2
2023-07-18 09:10:00+00:00,19.5,96.0,11.3,4.2
2023-07-18 09:20:00+00:00,20.2,100.0,11.3,4.2
2023-07-18 09:30:00+00:00,19.4,97.0,11.3,4.2
2023-07-18 09:40:00+00:00,19.1,95.0,11.3,4.2
2023-07-18 09:50:00+00:00,20.1,97.0,11.3,4.2
2023-07-18 10:00:00+00:00,19.7,98.0,11.3,4.2
2023-07-18 10:10:00+00:00,21.3,100.0,11.3,4.2
2023-07-18 10:20:00+00:00,21.4,100.0,11.3,4.2
2023-07-18 10:30:00+00:00,21.6,100.0,11.3,4.2
2023-07-18 10:40:00+00:00,21.1,100.0,11.3,4.2
2023-07-18 10:50:00+00:00,20.8,100.0,11.3,4.2
2023-07-18 11:00:00+00:00,20.5,100.0,11.3,4.2
2023-07-18 11:10:00+00:00,20.1,98.0,11.3,4.2
2023-07-18 11:20:00+00:00,19.9,96.0,11.3,4.2
2023-07-18 11:30:00+00:00,19.8,97.0,11.3,4.2
2023-07-18 11:40:00+00:00,19.5,97.0,11.3,4.2
2023-07-18 11:50:00+00:00,19.4,96.0,11.3,4.2
2023-07-18 12:00:00+00:00,19.5,95.0,11.3,4.2
2023-07-18 12:10:00+00:00,19.5,95.0,11.3,4.2
2023-07-18 12:20:00+00:00,19.0,95.0,11.3,4.2
2023-07-18 12:30:00+00:00,18.8,93.0,10.9,4.2
2023-07-18 12:40:00+00:00,18.9,95.0,11.0,4.2
2023-07-18 12:50:00+00:00,18.8,98.0,11.1,4.2
2023-07-18 13:00:00+00:00,18.8,100.0,11.1,4.2
2023-07-18 13:10:00+00:00,18.8,100.0,11.2,4.2
2023-07-18 13:20:00+00:00,18.6,100.0,11.2,4.2
2023-07-18 13:30:00+00:00,18.5,100.0,11.2,4.2
2023-07-18 13:40:00+00:00,18.5,100.0,11.2,4.2
2023-07-18 13:50:00+00:00,18.4,100.0,11.2,4.2
2023-07-18 14:00:00+00:00,18.3,100.0,11.2,4.2
2023-07-18 14:10:00+00:00,18.1,100.0,11.2,4.2
2023-07-18 14:20:00+00:00,18.1,100.0,11.2,4.2
2023-07-18 14:30:00+00:00,18.0,100.0,11.2,4.2
2023-07-18 14:40:00+00:00,17.8,100.0,11.2,4.2
2023-07-18 14:50:00+00:00,17.8,100.0,11.2,4.2
2023-07-18 15:00:00+00:00,17.8,100.0,11.3,4.2
2023-07-18 15:10:00+00:00,17.7,100.0,11.3,4.2
2023-07-18 15:20:00+00:00,17.6,100.0,11.3,4.2
2023-07-18 15:30:00+00:00,17.5,99.0,11.3,4.2
2023-07-18 15:40:00+00:00,17.4,99.0,11.2,4.2
2023-07-18 15:50:00+00:00,17.3,99.0,11.2,4.2
2023-07-18 16:00:00+00:00,17.3,99.0,11.3,4.2
2023-07-18 16:10:00+00:00,17.1,99.0,11.3,4.2
2023-07-18 16:20:00+00:00,17.1,98.0,11.3,4.2
2023-07-18 16:30:00+00:00,17.1,98.0,11.3,4.2
2023-07-18 16:40:00+00:00,17.0,98.0,11.3,4.2
2023-07-18 16:50:00+00:00,17.0,98.0,11.3,4.2
2023-07-18 17:00:00+00:00,17.0,98.0,11.3,4.2
2023-07-18 17:10:00+00:00,16.9,98.0,11.3,4.2
2023-07-18 17:20:00+00:00,16.8,97.0,11.3,4.2
2023-07-18 17:30:00+00:00,16.9,98.0,11.3,4.2
2023-07-18 17:40:00+00:00,16.8,98.0,11.3,4.2
2023-07-18 17:50:00+00:00,16.8,98.0,11.3,4.2
2023-07-18 18:00:00+00:00,16.8,98.0,11.3,4.2
2023-07-18 18:10:00+00:00,16.8,98.0,11.3,4.2
2023-07-18 18:20:00+00:00,16.7,98.0,11.2,4.1
2023-07-18 18:30:00+00:00,16.6,98.0,11.2,3.8
2023-07-18 18:40:00+00:00,16.6,99.0,11.2,3.5
2023-07-18 18:50:00+00:00,16.5,98.0,11.2,3.5
2023-07-18 19:00:00+00:00,16.4,99.0,11.2,3.4
2023-07-18 19:10:00+00:00,16.3,99.0,11.2,2.9
2023-07-18 19:20:00+00:00,16.3,100.0,11.2,2.1
2023-07-18 19:30:00+00:00,16.2,100.0,11.2,1.4
2023-07-18 19:40:00+00:00,16.125,100.0,11.2,1.1
2023-07-18 19:50:00+00:00,16.05,100.0,11.2,0.8
2023-07-18 20:00:00+00:00,16.0,100.0,11.2,0.6
2023-07-18 20:10:00+00:00,15.9,100.0,11.2,0.6
2023-07-18 20:20:00+00:00,15.8,100.0,11.2,0.6
2023-07-18 20:30:00+00:00,15.8,100.0,11.2,0.6
2023-07-18 20:40:00+00:00,15.7,100.0,11.2,0.6
2023-07-18 20:50:00+00:00,15.7,100.0,11.2,0.6
2023-07-18 21:00:00+00:00,15.6,100.0,11.2,0.6
2023-07-18 21:10:00+00:00,15.6,100.0,11.1,0.6
2023-07-18 21:20:00+00:00,15.5,100.0,11.1,0.4
2023-07-18 21:30:00+00:00,15.4,100.0,11.1,0.4
2023-07-18 21:40:00+00:00,15.408163265306122,100.0,11.1,0.4775510204081633
2023-07-18 21:50:00+00:00,15.416326530612245,100.0,11.1,0.5551020408163265
2023-07-18 22:00:00+00:00,15.424489795918367,100.0,11.1,0.6326530612244898
2023-07-18 22:10:00+00:00,15.43265306122449,100.0,11.1,0.7102040816326531
2023-07-18 22:20:00+00:00,15.440816326530612,100.0,11.1,0.7877551020408163
2023-07-18 22:30:00+00:00,15.448979591836736,100.0,11.1,0.8653061224489796
2023-07-18 22:40:00+00:00,15.457142857142857,100.0,11.1,0.9428571428571428
2023-07-18 22:50:00+00:00,15.46530612244898,100.0,11.1,1.0204081632653061
2023-07-18 23:00:00+00:00,15.473469387755102,100.0,11.1,1.0979591836734695
2023-07-18 23:10:00+00:00,15.481632653061224,100.0,11.1,1.1755102040816325
2023-07-18 23:20:00+00:00,15.489795918367347,100.0,11.1,1.2530612244897958
2023-07-18 23:30:00+00:00,15.49795918367347,100.0,11.1,1.3306122448979592
2023-07-18 23:40:00+00:00,15.506122448979593,100.0,11.1,1.4081632653061225
2023-07-18 23:50:00+00:00,15.514285714285714,100.0,11.1,1.4857142857142858
2023-07-19 00:00:00+00:00,15.522448979591838,100.0,11.1,1.563265306122449
2023-07-19 00:10:00+00:00,15.53061224489796,100.0,11.1,1.6408163265306124
2023-07-19 00:20:00+00:00,15.538775510204083,100.0,11.1,1.7183673469387757
2023-07-19 00:30:00+00:00,15.546938775510204,100.0,11.1,1.795918367346939
2023-07-19 00:40:00+00:00,15.555102040816328,100.0,11.1,1.8734693877551019
2023-07-19 00:50:00+00:00,15.56326530612245,100.0,11.1,1.9510204081632652
2023-07-19 01:00:00+00:00,15.571428571428571,100.0,11.1,2.0285714285714285
2023-07-19 01:10:00+00:00,15.579591836734695,100.0,11.1,2.1061224489795918
2023-07-19 01:20:00+00:00,15.587755102040816,100.0,11.1,2.183673469387755
2023-07-19 01:30:00+00:00,15.59591836734694,100.0,11.1,2.2612244897959184
2023-07-19 01:40:00+00:00,,,,
2023-07-19 01:50:00+00:00,,,,
2023-07-19 02:00:00+00:00,,,,
2023-07-19 02:10:00+00:00,,,,
2023-07-19 02:20:00+00:00,,,,
2023-07-19 02:30:00+00:00,,,,
2023-07-19 02:40:00+00:00,,,,
2023-07-19 02:50:00+00:00,,,,
2023-07-19 03:00:00+00:00,,,,
2023-07-19 03:10:00+00:00,,,,
2023-07-19 03:20:00+00:00,,,,
2023-07-19 03:30:00+00:00,,,,
2023-07-19 03:40:00+00:00,,,,
2023-07-19 03:50:00+00:00,,,,
2023-07-19 04:00:00+00:00,,,,
2023-07-19 04:10:00+00:00,,,,
2023-07-19 04:20:00+00:00,,,,
2023-07-19 04:30:00+00:00,,,,
2023-07-19 04:40:00+00:00,,,,
2023-07-19 04:50:00+00:00,,,,
2023-07-19 05:00:00+00:00,,,,
2023-07-19 05:10:00+00:00,,,,
2023-07-19 05:20:00+00:00,,,,
2023-07-19 05:30:00+00:00,,,,
2023-07-19 05:40:00+00:00,15.8,100.0,11.1,4.2
2023-07-19 05:50:00+00:00,15.9,100.0,11.1,4.2
2023-07-19 06:00:00+00:00,15.9,100.0,11.1,4.2
2023-07-19 06:10:00+00:00,16.0,100.0,11.1,4.2
2023-07-19 06:20:00+00:00,16.1,99.0,11.1,4.2
2023-07-19 06:30:00+00:00,16.4,99.0,11.1,4.2
2023-07-19 06:40:00+00:00,16.4,99.0,11.1,4.2
2023-07-19 06:50:00+00:00,16.4,97.0,11.1,4.2
2023-07-19 07:00:00+00:00,16.3,96.0,11.1,4.2
2023-07-19 07:10:00+00:00,16.3,96.0,11.1,4.2
2023-07-19 07:20:00+00:00,16.4,96.0,11.1,4.2
2023-07-19 07:30:00+00:00,16.46363636363636,96.18181818181819,11.10909090909091,4.2
2023-07-19 07:40:00+00:00,16.527272727272727,96.36363636363636,11.118181818181817,4.2
2023-07-19 07:50:00+00:00,16.59090909090909,96.54545454545455,11.127272727272727,4.2
2023-07-19 08:00:00+00:00,16.654545454545453,96.72727272727273,11.136363636363637,4.2
2023-07-19 08:10:00+00:00,16.71818181818182,96.9090909090909,11.145454545454545,4.2
2023-07-19 08:20:00+00:00,16.78181818181818,97.0909090909091,11.154545454545454,4.2
2023-07-19 08:30:00+00:00,16.845454545454547,97.27272727272727,11.163636363636362,4.2
2023-07-19 08:40:00+00:00,16.90909090909091,97.45454545454545,11.172727272727272,4.2
2023-07-19 08:50:00+00:00,16.972727272727273,97.63636363636364,11.181818181818182,4.2
2023-07-19 09:00:00+00:00,17.03636363636364,97.81818181818181,11.19090909090909,4.2
2023-07-19 09:10:00+00:00,17.1,98.0,11.2,4.2
2023-07-19 09:20:00+00:00,17.090769230769233,98.00769230769231,11.197692307692307,4.2
2023-07-19 09:30:00+00:00,17.081538461538464,98.01538461538462,11.195384615384615,4.2
2023-07-19 09:40:00+00:00,17.072307692307692,98.02307692307693,11.193076923076923,4.2
2023-07-19 09:50:00+00:00,17.063076923076924,98.03076923076924,11.19076923076923,4.2
2023-07-19 10:00:00+00:00,17.053846153846155,98.03846153846153,11.188461538461537,4.2
2023-07-19 10:10:00+00:00,17.044615384615387,98.04615384615384,11.186153846153845,4.2
2023-07-19 10:20:00+00:00,17.03538461538462,98.05384615384615,11.183846153846153,4.2
2023-07-19 10:30:00+00:00,17.026153846153846,98.06153846153846,11.18153846153846,4.2
2023-07-19 10:40:00+00:00,17.016923076923078,98.06923076923077,11.179230769230768,4.2
2023-07-19 10:50:00+00:00,17.00769230769231,98.07692307692308,11.176923076923076,4.2
2023-07-19 11:00:00+00:00,16.99846153846154,98.08461538461539,11.174615384615384,4.2
2023-07-19 11:10:00+00:00,16.98923076923077,98.0923076923077,11.172307692307692,4.2
2023-07-19 11:20:00+00:00,16.98,98.1,11.17,4.2
2023-07-19 11:30:00+00:00,16.970769230769232,98.1076923076923,11.167692307692308,4.2
2023-07-19 11:40:00+00:00,16.961538461538463,98.11538461538461,11.165384615384614,4.2
2023-07-19 11:50:00+00:00,16.952307692307695,98.12307692307692,11.163076923076922,4.2
2023-07-19 12:00:00+00:00,16.943076923076923,98.13076923076923,11.16076923076923,4.2
2023-07-19 12:10:00+00:00,16.933846153846154,98.13846153846154,11.158461538461538,4.2
2023-07-19 12:20:00+00:00,16.924615384615386,98.14615384615385,11.156153846153845,4.2
2023-07-19 12:30:00+00:00,16.915384615384617,98.15384615384616,11.153846153846153,4.2
2023-07-19 12:40:00+00:00,16.90615384615385,98.16153846153846,11.151538461538461,4.2
2023-07-19 12:50:00+00:00,16.896923076923077,98.16923076923077,11.149230769230769,4.2
2023-07-19 13:00:00+00:00,16.88769230769231,98.17692307692307,11.146923076923077,4.2
2023-07-19 13:10:00+00:00,16.87846153846154,98.18461538461538,11.144615384615385,4.2
2023-07-19 13:20:00+00:00,,,,
2023-07-19 13:30:00+00:00,,,,
2023-07-19 13:40:00+00:00,,,,
2023-07-19 13:50:00+00:00,,,,
2023-07-19 14:00:00+00:00,,,,
2023-07-19 14:10:00+00:00,,,,
2023-07-19 14:20:00+00:00,,,,
2023-07-19 14:30:00+00:00,,,,
2023-07-19 14:40:00+00:00,,,,
2023-07-19 14:50:00+00:00,,,,
2023-07-19 15:00:00+00:00,,,,
2023-07-19 15:10:00+00:00,,,,
2023-07-19 15:20:00+00:00,,,,
2023-07-19 15:30:00+00:00,,,,
2023-07-19 15:40:00+00:00,,,,
2023-07-19 15:50:00+00:00,,,,
2023-07-19 16:00:00+00:00,,,,
2023-07-19 16:10:00+00:00,,,,
2023-07-19 16:20:00+00:00,,,,
2023-07-19 16:30:00+00:00,,,,
2023-07-19 16:40:00+00:00,,,,
2023-07-19 16:50:00+00:00,,,,
2023-07-19 17:00:00+00:00,,,,
2023-07-19 17:10:00+00:00,,,,
2023-07-19 17:20:00+00:00,,,,
2023-07-19 17:30:00+00:00,,,,
2023-07-19 17:40:00+00:00,,,,
2023-07-19 17:50:00+00:00,,,,
2023-07-19 18:00:00+00:00,,,,
2023-07-19 18:10:00+00:00,,,,
2023-07-19 18:20:00+00:00,,,,
2023-07-19 18:30:00+00:00,,,,
2023-07-19 18:40:00+00:00,,,,
2023-07-19 18:50:00+00:00,,,,
2023-07-19 19:00:00+00:00,,,,
2023-07-19 19:10:00+00:00,,,,
2023-07-19 19:20:00+00:00,,,,
2023-07-19 19:30:00+00:00,,,,
2023-07-19 19:40:00+00:00,,,,
2023-07-19 19:50:00+00:00,,,,
2023-07-19 20:00:00+00:00,,,,
2023-07-19 20:10:00+00:00,,,,
2023-07-19 20:20:00+00:00,,,,
2023-07-19 20:30:00+00:00,,,,
2023-07-19 20:40:00+00:00,,,,
2023-07-19 20:50:00+00:00,,,,
2023-07-19 21:00:00+00:00,,,,
2023-07-19 21:10:00+00:00,,,,
2023-07-19 21:20:00+00:00,,,,
2023-07-19 21:30:00+00:00,,,,
2023-07-19 21:40:00+00:00,,,,
2023-07-19 21:50:00+00:00,,,,
2023-07-19 22:00:00+00:00,,,,
2023-07-19 22:10:00+00:00,,,,
2023-07-19 22:20:00+00:00,,,,
2023-07-19 22:30:00+00:00,,,,
2023-07-19 22:40:00+00:00,,,,
2023-07-19 22:50:00+00:00,,,,
2023-07-19 23:00:00+00:00,,,,
2023-07-19 23:10:00+00:00,,,,
2023-07-19 23:20:00+00:00,,,,
2023-07-19 23:30:00+00:00,,,,
2023-07-19 23:40:00+00:00,,,,
2023-07-19 23:50:00+00:00,,,,
2023-07-20 00:00:00+00:00,,,,
2023-07-20 00:10:00+00:00,,,,
2023-07-20 00:20:00+00:00,,,,
2023-07-20 00:30:00+00:00,,,,
2023-07-20 00:40:00+00:00,,,,
2023-07-20 00:50:00+00:00,,,,
2023-07-20 01:00:00+00:00,,,,
2023-07-20 01:10:00+00:00,,,,
2023-07-20 01:20:00+00:00,,,,
2023-07-20 01:30:00+00:00,,,,
2023-07-20 01:40:00+00:00,,,,
2023-07-20 01:50:00+00:00,,,,
2023-07-20 02:00:00+00:00,,,,
2023-07-20 02:10:00+00:00,,,,
2023-07-20 02:20:00+00:00,,,,
2023-07-20 02:30:00+00:00,,,,
2023-07-20 02:40:00+00:00,,,,
2023-07-20 02:50:00+00:00,,,,
2023-07-20 03:00:00+00:00,,,,
2023-07-20 03:10:00+00:00,,,,
2023-07-20 03:20:00+00:00,,,,
2023-07-20 03:30:00+00:00,,,,
2023-07-20 03:40:00+00:00,,,,
2023-07-20 03:50:00+00:00,,,,
2023-07-20 04:00:00+00:00,,,,
2023-07-20 04:10:00+00:00,,,,
2023-07-20 04:20:00+00:00,,,,
2023-07-20 04:30:00+00:00,,,,
2023-07-20 04:40:00+00:00,,,,
2023-07-20 04:50:00+00:00,,,,
2023-07-20 05:00:00+00:00,,,,
2023-07-20 05:10:00+00:00,,,,
2023-07-20 05:20:00+00:00,,,,
2023-07-20 05:30:00+00:00,,,,
2023-07-20 05:40:00+00:00,,,,
2023-07-20 05:50:00+00:00,,,,
2023-07-20 06:00:00+00:00,,,,
2023-07-20 06:10:00+00:00,,,,
2023-07-20 06:20:00+00:00,,,,
2023-07-20 06:30:00+00:00,,,,
2023-07-20 06:40:00+00:00,,,,
2023-07-20 06:50:00+00:00,,,,
2023-07-20 07:00:00+00:00,,,,
2023-07-20 07:10:00+00:00,,,,
2023-07-20 07:20:00+00:00,,,,
2023-07-20 07:30:00+00:00,,,,
2023-07-20 07:40:00+00:00,,,,
2023-07-20 07:50:00+00:00,,,,
2023-07-20 08:00:00+00:00,,,,
2023-07-20 08:10:00+00:00,,,,
2023-07-20 08:20:00+00:00,,,,
2023-07-20 08:30:00+00:00,,,,
2023-07-20 08:40:00+00:00,,,,
2023-07-20 08:50:00+00:00,,,,
2023-07-20 09:00:00+00:00,,,,
2023-07-20 09:10:00+00:00,,,,
2023-07-20 09:20:00+00:00,,,,
2023-07-20 09:30:00+00:00,,,,
2023-07-20 09:40:00+00:00,,,,
2023-07-20 09:50:00+00:00,,,,
2023-07-20 10:00:00+00:00,,,,
2023-07-20 10:10:00+00:00,,,,
2023-07-20 10:20:00+00:00,,,,
2023-07-20 10:30:00+00:00,,,,
2023-07-20 10:40:00+00:00,,,,
2023-07-20 10:50:00+00:00,,,,
2023-07-20 11:00:00+00:00,,,,
2023-07-20 11:10:00+00:00,,,,
2023-07-20 11:20:00+00:00,,,,
2023-07-20 11:30:00+00:00,,,,
2023-07-20 11:40:00+00:00,,,,
2023-07-20 11:50:00+00:00,,,,
2023-07-20 12:00:00+00:00,,,,
2023-07-20 12:10:00+00:00,,,,
2023-07-20 12:20:00+00:00,,,,
2023-07-20 12:30:00+00:00,,,,
2023-07-20 12:40:00+00:00,,,,
2023-07-20 12:50:00+00:00,,,,
2023-07-20 13:00:00+00:00,,,,
2023-07-20 13:10:00+00:00,,,,
2023-07-20 13:20:00+00:00,,,,
2023-07-20 13:30:00+00:00,,,,
2023-07-20 13:40:00+00:00,,,,
2023-07-20 13:50:00+00:00,,,,
2023-07-20 14:00:00+00:00,,,,
2023-07-20 14:10:00+00:00,,,,
2023-07-20 14:20:00+00:00,,,,
2023-07-20 14:30:00+00:00,,,,
2023-07-20 14:40:00+00:00,,,,
2023-07-20 14:50:00+00:00,,,,
2023-07-20 15:00:00+00:00,,,,
2023-07-20 15:10:00+00:00,,,,
2023-07-20 15:20:00+00:00,,,,
2023-07-20 15:30:00+00:00,,,,
2023-07-20 15:40:00+00:00,,,,
2023-07-20 15:50:00+00:00,,,,
2023-07-20 16:00:00+00:00,,,,
2023-07-20 16:10:00+00:00,,,,
2023-07-20 16:20:00+00:00,,,,
2023-07-20 16:30:00+00:00,,,,
2023-07-20 16:40:00+00:00,,,,
2023-07-20 16:50:00+00:00,,,,
2023-07-20 17:00:00+00:00,,,,
2023-07-20 17:10:00+00:00,,,,
2023-07-20 17:20:00+00:00,,,,
2023-07-20 17:30:00+00:00,,,,
2023-07-20 17:40:00+00:00,,,,
2023-07-20 17:50:00+00:00,,,,
2023-07-20 18:00:00+00:00,,,,
2023-07-20 18:10:00+00:00,,,,
2023-07-20 18:20:00+00:00,,,,
2023-07-20 18:30:00+00:00,,,,
2023-07-20 18:40:00+00:00,,,,
2023-07-20 18:50:00+00:00,,,,
2023-07-20 19:00:00+00:00,,,,
2023-07-20 19:10:00+00:00,,,,
2023-07-20 19:20:00+00:00,,,,
2023-07-20 19:30:00+00:00,,,,
2023-07-20 19:40:00+00:00,,,,
2023-07-20 19:50:00+00:00,,,,
2023-07-20 20:00:00+00:00,,,,
2023-07-20 20:10:00+00:00,,,,
2023-07-20 20:20:00+00:00,,,,
2023-07-20 20:30:00+00:00,,,,
2023-07-20 20:40:00+00:00,,,,
2023-07-20 20:50:00+00:00,,,,
2023-07-20 21:00:00+00:00,,,,
2023-07-20 21:10:00+00:00,,,,
2023-07-20 21:20:00+00:00,,,,
2023-07-20 21:30:00+00:00,,,,
2023-07-20 21:40:00+00:00,,,,
2023-07-20 21:50:00+00:00,,,,
2023-07-20 22:00:00+00:00,,,,
2023-07-20 22:10:00+00:00,,,,
2023-07-20 22:20:00+00:00,,,,
2023-07-20 22:30:00+00:00,,,,
2023-07-20 22:40:00+00:00,,,,
2023-07-20 22:50:00+00:00,,,,
2023-07-20 23:00:00+00:00,,,,
2023-07-20 23:10:00+00:00,,,,
2023-07-20 23:20:00+00:00,,,,
2023-07-20 23:30:00+00:00,,,,
2023-07-20 23:40:00+00:00,,,,
2023-07-20 23:50:00+00:00,,,,
2023-07-21 00:00:00+00:00,,,,
2023-07-21 00:10:00+00:00,,,,
2023-07-21 00:20:00+00:00,,,,
2023-07-21 00:30:00+00:00,,,,
2023-07-21 00:40:00+00:00,,,,
2023-07-21 00:50:00+00:00,,,,
2023-07-21 01:00:00+00:00,,,,
2023-07-21 01:10:00+00:00,,,,
2023-07-21 01:20:00+00:00,,,,
2023-07-21 01:30:00+00:00,,,,
2023-07-21 01:40:00+00:00,,,,
2023-07-21 01:50:00+00:00,,,,
2023-07-21 02:00:00+00:00,,,,
2023-07-21 02:10:00+00:00,,,,
2023-07-21 02:20:00+00:00,,,,
2023-07-21 02:30:00+00:00,,,,
2023-07-21 02:40:00+00:00,,,,
2023-07-21 02:50:00+00:00,,,,
2023-07-21 03:00:00+00:00,,,,
2023-07-21 03:10:00+00:00,,,,
2023-07-21 03:20:00+00:00,,,,
2023-07-21 03:30:00+00:00,,,,
2023-07-21 03:40:00+00:00,,,,
2023-07-21 03:50:00+00:00,,,,
2023-07-21 04:00:00+00:00,,,,
2023-07-21 04:10:00+00:00,,,,
2023-07-21 04:20:00+00:00,,,,
2023-07-21 04:30:00+00:00,14.7,100.0,10.6,4.2
2023-07-21 04:40:00+00:00,14.6,100.0,10.6,4.2
2023-07-21 04:50:00+00:00,14.6,100.0,10.6,4.2
2023-07-21 05:00:00+00:00,14.6,100.0,10.6,4.2
2023-07-21 05:10:00+00:00,14.8,100.0,10.6,4.2
2023-07-21 05:20:00+00:00,14.8,100.0,10.6,4.2
2023-07-21 05:30:00+00:00,15.0,100.0,10.6,4.2
2023-07-21 05:40:00+00:00,15.0,100.0,10.6,4.2
2023-07-21 05:50:00+00:00,14.9,100.0,10.6,4.2
2023-07-21 06:00:00+00:00,15.3,100.0,10.7,4.2
2023-07-21 06:10:00+00:00,15.5,100.0,10.7,4.2
2023-07-21 06:20:00+00:00,15.5,100.0,10.7,4.2
2023-07-21 06:30:00+00:00,15.9,100.0,10.8,4.2
2023-07-21 06:40:00+00:00,15.8,100.0,10.7,4.2
2023-07-21 06:50:00+00:00,15.9,99.0,10.7,4.2
2023-07-21 07:00:00+00:00,16.0,99.0,10.8,4.2
2023-07-21 07:10:00+00:00,16.2,100.0,10.8,4.2
2023-07-21 07:20:00+00:00,16.3,100.0,10.9,4.2
2023-07-21 07:30:00+00:00,16.7,100.0,11.0,4.2
2023-07-21 07:40:00+00:00,16.6,99.0,11.0,4.2
2023-07-21 07:50:00+00:00,16.6,95.0,11.0,4.2
2023-07-21 08:00:00+00:00,17.0,94.0,11.0,4.2
2023-07-21 08:10:00+00:00,17.3,96.0,11.1,4.2
2023-07-21 08:20:00+00:00,18.0,96.0,11.1,4.2
2023-07-21 08:30:00+00:00,17.5,95.0,11.0,4.2
2023-07-21 08:40:00+00:00,17.5,93.0,11.1,4.2
2023-07-21 08:50:00+00:00,17.1,95.0,11.0,4.2
2023-07-21 09:00:00+00:00,16.8,95.0,11.0,4.2
2023-07-21 09:10:00+00:00,16.6,100.0,10.9,4.2
2023-07-21 09:20:00+00:00,17.1,100.0,11.0,4.2
2023-07-21 09:30:00+00:00,17.8,100.0,11.1,4.2
2023-07-21 09:40:00+00:00,18.0,100.0,11.1,4.2
2023-07-21 09:50:00+00:00,19.4,100.0,11.2,4.2
2023-07-21 10:00:00+00:00,19.9,100.0,11.2,4.2
2023-07-21 10:10:00+00:00,20.8,100.0,11.2,4.2
2023-07-21 10:20:00+00:00,20.7,100.0,11.2,4.2
2023-07-21 10:30:00+00:00,20.1,100.0,11.1,4.2
2023-07-21 10:40:00+00:00,19.6,100.0,11.1,4.2
2023-07-21 10:50:00+00:00,19.1,100.0,11.0,4.2
2023-07-21 11:00:00+00:00,18.4,100.0,10.8,4.2
2023-07-21 11:10:00+00:00,18.3,100.0,10.8,4.2
2023-07-21 11:20:00+00:00,18.3,100.0,10.8,4.2
2023-07-21 11:30:00+00:00,18.4,100.0,10.8,4.2
2023-07-21 11:40:00+00:00,18.2,100.0,10.8,4.2
2023-07-21 11:50:00+00:00,18.0,100.0,10.8,4.2
2023-07-21 12:00:00+00:00,17.8,100.0,10.8,4.2
2023-07-21 12:10:00+00:00,17.8,100.0,10.8,4.2
2023-07-21 12:20:00+00:00,18.0,100.0,10.8,4.2
2023-07-21 12:30:00+00:00,17.9,100.0,10.8,4.2
2023-07-21 12:40:00+00:00,17.8,100.0,10.8,4.2
2023-07-21 12:50:00+00:00,17.8,100.0,10.8,4.2
2023-07-21 13:00:00+00:00,17.7,100.0,10.8,4.2
2023-07-21 13:10:00+00:00,17.6,100.0,10.9,4.2
2023-07-21 13:20:00+00:00,17.6,100.0,10.8,4.2
2023-07-21 13:30:00+00:00,17.6,100.0,10.8,4.2
2023-07-21 13:40:00+00:00,17.4,100.0,10.8,4.2
2023-07-21 13:50:00+00:00,17.3,100.0,10.8,4.2
2023-07-21 14:00:00+00:00,17.3,100.0,10.8,4.2
2023-07-21 14:10:00+00:00,17.3,100.0,10.8,4.2
2023-07-21 14:20:00+00:00,17.3,100.0,10.8,4.2
2023-07-21 14:30:00+00:00,17.3,100.0,10.8,4.2
2023-07-21 14:40:00+00:00,17.2,100.0,10.8,4.2
2023-07-21 14:50:00+00:00,17.2,100.0,10.8,4.2
2023-07-21 15:00:00+00:00,17.2,100.0,10.8,4.2
2023-07-21 15:10:00+00:00,17.1,100.0,10.8,4.2
2023-07-21 15:20:00+00:00,17.0,100.0,10.8,4.2
2023-07-21 15:30:00+00:00,16.9,100.0,10.8,4.2
2023-07-21 15:40:00+00:00,16.8,100.0,10.8,4.2
2023-07-21 15:50:00+00:00,16.8,100.0,10.8,4.2
2023-07-21 16:00:00+00:00,16.8,100.0,10.8,4.2
2023-07-21 16:10:00+00:00,16.7,100.0,10.8,4.2
2023-07-21 16:20:00+00:00,16.6,100.0,10.8,4.2
2023-07-21 16:30:00+00:00,16.6,100.0,10.8,4.2
2023-07-21 16:40:00+00:00,16.5,100.0,10.8,4.2
2023-07-21 16:50:00+00:00,16.5,100.0,10.8,4.2
2023-07-21 17:00:00+00:00,16.5,100.0,10.8,4.2
2023-07-21 17:10:00+00:00,16.5,100.0,10.8,4.2
2023-07-21 17:20:00+00:00,16.4,100.0,10.7,4.2
2023-07-21 17:30:00+00:00,16.3,100.0,10.7,4.2
2023-07-21 17:40:00+00:00,16.4,100.0,10.7,4.2
2023-07-21 17:50:00+00:00,16.4,100.0,10.7,4.2
2023-07-21 18:00:00+00:00,16.3,100.0,10.8,4.2
2023-07-21 18:10:00+00:00,16.3,100.0,10.7,4.2
2023-07-21 18:20:00+00:00,16.3,100.0,10.8,4.2
2023-07-21 18:30:00+00:00,16.3,100.0,10.7,3.6
2023-07-21 18:40:00+00:00,16.3,100.0,10.7,3.4
2023-07-21 18:50:00+00:00,16.1,100.0,10.8,3.3
2023-07-21 19:00:00+00:00,16.1,100.0,10.8,2.9
2023-07-21 19:10:00+00:00,16.1,100.0,10.8,1.8
2023-07-21 19:20:00+00:00,16.1,100.0,10.8,1.2
2023-07-21 19:30:00+00:00,16.1,100.0,10.7,0.8
2023-07-21 19:40:00+00:00,16.1,100.0,10.8,0.6
2023-07-21 19:50:00+00:00,16.0,100.0,10.7,0.6
2023-07-21 20:00:00+00:00,16.0,100.0,10.7,0.6
2023-07-21 20:10:00+00:00,16.0,100.0,10.7,0.6
2023-07-21 20:20:00+00:00,15.9,100.0,10.7,0.6
2023-07-21 20:30:00+00:00,15.9,100.0,10.7,0.6
2023-07-21 20:40:00+00:00,15.9,100.0,10.7,0.6
2023-07-21 20:50:00+00:00,15.9,100.0,10.7,0.6
2023-07-21 21:00:00+00:00,15.8,100.0,10.7,0.6
2023-07-21 21:10:00+00:00,15.8,100.0,10.7,0.6
2023-07-21 21:20:00+00:00,15.9,100.0,10.7,0.6
2023-07-21 21:30:00+00:00,15.8,100.0,10.7,0.6
2023-07-21 21:40:00+00:00,15.8,100.0,10.7,0.6
2023-07-21 21:50:00+00:00,15.7825,100.0,10.694999999999999,0.69
2023-07-21 22:00:00+00:00,15.765,100.0,10.69,0.78
2023-07-21 22:10:00+00:00,15.7475,100.0,10.684999999999999,0.87
2023-07-21 22:20:00+00:00,15.73,100.0,10.68,0.96
2023-07-21 22:30:00+00:00,15.7125,100.0,10.674999999999999,1.0499999999999998
2023-07-21 22:40:00+00:00,15.695,100.0,10.67,1.1400000000000001
2023-07-21 22:50:00+00:00,15.6775,100.0,10.665,1.23
2023-07-21 23:00:00+00:00,15.66,100.0,10.66,1.3199999999999998
2023-07-21 23:10:00+00:00,15.6425,100.0,10.655,1.41
2023-07-21 23:20:00+00:00,15.625,100.0,10.649999999999999,1.5
2023-07-21 23:30:00+00:00,15.6075,100.0,10.645,1.5899999999999999
2023-07-21 23:40:00+00:00,15.59,100.0,10.639999999999999,1.6800000000000002
2023-07-21 23:50:00+00:00,15.5725,100.0,10.635,1.77
2023-07-22 00:00:00+00:00,15.555,100.0,10.629999999999999,1.8599999999999999
2023-07-22 00:10:00+00:00,15.5375,100.0,10.625,1.9499999999999997
2023-07-22 00:20:00+00:00,15.52,100.0,10.62,2.04
2023-07-22 00:30:00+00:00,15.5025,100.0,10.615,2.13
2023-07-22 00:40:00+00:00,15.485,100.0,10.61,2.2199999999999998
2023-07-22 00:50:00+00:00,15.4675,100.0,10.605,2.31
2023-07-22 01:00:00+00:00,15.45,100.0,10.6,2.4
2023-07-22 01:10:00+00:00,15.432500000000001,100.0,10.594999999999999,2.4899999999999998
2023-07-22 01:20:00+00:00,15.415000000000001,100.0,10.59,2.58
2023-07-22 01:30:00+00:00,15.3975,100.0,10.584999999999999,2.67
2023-07-22 01:40:00+00:00,15.38,100.0,10.58,2.7600000000000002
2023-07-22 01:50:00+00:00,,,,
2023-07-22 02:00:00+00:00,,,,
2023-07-22 02:10:00+00:00,,,,
2023-07-22 02:20:00+00:00,,,,
2023-07-22 02:30:00+00:00,,,,
2023-07-22 02:40:00+00:00,,,,
2023-07-22 02:50:00+00:00,,,,
2023-07-22 03:00:00+00:00,,,,
2023-07-22 03:10:00+00:00,,,,
2023-07-22 03:20:00+00:00,,,,
2023-07-22 03:30:00+00:00,,,,
2023-07-22 03:40:00+00:00,,,,
2023-07-22 03:50:00+00:00,,,,
2023-07-22 04:00:00+00:00,,,,
2023-07-22 04:10:00+00:00,,,,
2023-07-22 04:20:00+00:00,15.1,100.0,10.5,4.2
2023-07-22 04:30:00+00:00,15.1,100.0,10.5,4.2
2023-07-22 04:40:00+00:00,15.1,100.0,10.6,4.2
2023-07-22 04:50:00+00:00,15.3,100.0,10.6,4.2
2023-07-22 05:00:00+00:00,15.5,100.0,10.6,4.2
2023-07-22 05:10:00+00:00,15.6,100.0,10.6,4.2
2023-07-22 05:20:00+00:00,15.8,100.0,10.6,4.2
2023-07-22 05:30:00+00:00,15.6,100.0,10.6,4.2
2023-07-22 05:40:00+00:00,15.7,100.0,10.6,4.2
2023-07-22 05:50:00+00:00,15.8,100.0,10.6,4.2
2023-07-22 06:00:00+00:00,15.8,100.0,10.649999999999999,4.2
2023-07-22 06:10:00+00:00,15.8,100.0,10.7,4.2
2023-07-22 06:20:00+00:00,15.8,100.0,10.7,4.2
2023-07-22 06:30:00+00:00,15.850000000000001,100.0,10.7,4.2
2023-07-22 06:40:00+00:00,15.9,100.0,10.7,4.2
2023-07-22 06:50:00+00:00,15.950000000000001,100.0,10.7,4.2
2023-07-22 07:00:00+00:00,16.0,100.0,10.7,4.2
2023-07-22 07:10:00+00:00,16.05,100.0,10.7,4.2
2023-07-22 07:20:00+00:00,16.1,100.0,10.7,4.2
2023-07-22 07:30:00+00:00,16.130952380952383,100.0,10.702380952380953,4.2
2023-07-22 07:40:00+00:00,16.161904761904765,100.0,10.704761904761904,4.2
2023-07-22 07:50:00+00:00,16.192857142857143,100.0,10.707142857142857,4.2
2023-07-22 08:00:00+00:00,16.223809523809525,100.0,10.709523809523809,4.2
2023-07-22 08:10:00+00:00,16.254761904761907,100.0,10.711904761904762,4.2
2023-07-22 08:20:00+00:00,16.28571428571429,100.0,10.714285714285714,4.2
2023-07-22 08:30:00+00:00,16.316666666666666,100.0,10.716666666666667,4.2
2023-07-22 08:40:00+00:00,16.347619047619048,100.0,10.719047619047618,4.2
2023-07-22 08:50:00+00:00,16.37857142857143,100.0,10.721428571428572,4.2
2023-07-22 09:00:00+00:00,16.40952380952381,100.0,10.723809523809523,4.2
2023-07-22 09:10:00+00:00,16.44047619047619,100.0,10.726190476190476,4.2
2023-07-22 09:20:00+00:00,16.47142857142857,100.0,10.728571428571428,4.2
2023-07-22 09:30:00+00:00,16.502380952380953,100.0,10.730952380952381,4.2
2023-07-22 09:40:00+00:00,16.533333333333335,100.0,10.733333333333333,4.2
2023-07-22 09:50:00+00:00,16.564285714285713,100.0,10.735714285714286,4.2
2023-07-22 10:00:00+00:00,16.595238095238095,100.0,10.738095238095237,4.2
2023-07-22 10:10:00+00:00,16.626190476190477,100.0,10.74047619047619,4.2
2023-07-22 10:20:00+00:00,16.65714285714286,100.0,10.742857142857142,4.2
2023-07-22 10:30:00+00:00,16.688095238095237,100.0,10.745238095238095,4.2
2023-07-22 10:40:00+00:00,16.71904761904762,100.0,10.747619047619047,4.2
2023-07-22 10:50:00+00:00,16.75,100.0,10.75,4.2
2023-07-22 11:00:00+00:00,16.78095238095238,100.0,10.752380952380953,4.2
2023-07-22 11:10:00+00:00,16.811904761904763,100.0,10.754761904761905,4.2
2023-07-22 11:20:00+00:00,16.84285714285714,100.0,10.757142857142858,4.2
2023-07-22 11:30:00+00:00,,,,
2023-07-22 11:40:00+00:00,,,,
2023-07-22 11:50:00+00:00,,,,
2023-07-22 12:00:00+00:00,,,,
2023-07-22 12:10:00+00:00,,,,
2023-07-22 12:20:00+00:00,,,,
2023-07-22 12:30:00+00:00,,,,
2023-07-22 12:40:00+00:00,,,,
2023-07-22 12:50:00+00:00,,,,
2023-07-22 13:00:00+00:00,,,,
2023-07-22 13:10:00+00:00,,,,
2023-07-22 13:20:00+00:00,,,,
2023-07-22 13:30:00+00:00,,,,
2023-07-22 13:40:00+00:00,,,,
2023-07-22 13:50:00+00:00,,,,
2023-07-22 14:00:00+00:00,,,,
2023-07-22 14:10:00+00:00,,,,
2023-07-22 14:20:00+00:00,17.4,100.0,10.8,4.2
2023-07-22 14:30:00+00:00,17.385964912280702,100.0,10.796491228070176,4.2
2023-07-22 14:40:00+00:00,17.371929824561402,100.0,10.792982456140352,4.2
2023-07-22 14:50:00+00:00,17.357894736842105,100.0,10.789473684210527,4.2
2023-07-22 15:00:00+00:00,17.343859649122805,100.0,10.785964912280702,4.2
2023-07-22 15:10:00+00:00,17.32982456140351,100.0,10.782456140350877,4.2
2023-07-22 15:20:00+00:00,17.31578947368421,100.0,10.778947368421054,4.2
2023-07-22 15:30:00+00:00,17.301754385964912,100.0,10.77543859649123,4.2
2023-07-22 15:40:00+00:00,17.287719298245612,100.0,10.771929824561404,4.2
2023-07-22 15:50:00+00:00,17.273684210526316,100.0,10.76842105263158,4.2
2023-07-22 16:00:00+00:00,17.259649122807016,100.0,10.764912280701756,4.2
2023-07-22 16:10:00+00:00,17.24561403508772,100.0,10.76140350877193,4.2
2023-07-22 16:20:00+00:00,17.23157894736842,100.0,10.757894736842106,4.2
2023-07-22 16:30:00+00:00,17.217543859649123,100.0,10.75438596491228,4.2
2023-07-22 16:40:00+00:00,17.203508771929823,100.0,10.750877192982458,4.2
2023-07-22 16:50:00+00:00,17.189473684210526,100.0,10.747368421052633,4.2
2023-07-22 17:00:00+00:00,17.175438596491226,100.0,10.743859649122808,4.2
2023-07-22 17:10:00+00:00,17.16140350877193,100.0,10.740350877192983,4.2
2023-07-22 17:20:00+00:00,17.14736842105263,100.0,10.73684210526316,4.2
2023-07-22 17:30:00+00:00,17.133333333333333,100.0,10.733333333333334,4.2
2023-07-22 17:40:00+00:00,17.119298245614033,100.0,10.72982456140351,4.2
2023-07-22 17:50:00+00:00,17.105263157894736,100.0,10.726315789473684,4.2
2023-07-22 18:00:00+00:00,17.091228070175436,100.0,10.722807017543861,4.2
2023-07-22 18:10:00+00:00,17.07719298245614,100.0,10.719298245614036,4.2
2023-07-22 18:20:00+00:00,17.06315789473684,100.0,10.715789473684211,4.2
2023-07-22 18:30:00+00:00,,,,
2023-07-22 18:40:00+00:00,,,,
2023-07-22 18:50:00+00:00,,,,
2023-07-22 19:00:00+00:00,,,,
2023-07-22 19:10:00+00:00,,,,
2023-07-22 19:20:00+00:00,,,,
2023-07-22 19:30:00+00:00,,,,
2023-07-22 19:40:00+00:00,,,,
2023-07-22 19:50:00+00:00,,,,
2023-07-22 20:00:00+00:00,,,,
2023-07-22 20:10:00+00:00,,,,
2023-07-22 20:20:00+00:00,,,,
2023-07-22 20:30:00+00:00,,,,
2023-07-22 20:40:00+00:00,,,,
2023-07-22 20:50:00+00:00,,,,
2023-07-22 21:00:00+00:00,,,,
2023-07-22 21:10:00+00:00,,,,
2023-07-22 21:20:00+00:00,,,,
2023-07-22 21:30:00+00:00,,,,
2023-07-22 21:40:00+00:00,,,,
2023-07-22 21:50:00+00:00,,,,
2023-07-22 22:00:00+00:00,,,,
2023-07-22 22:10:00+00:00,,,,
2023-07-22 22:20:00+00:00,,,,
2023-07-22 22:30:00+00:00,,,,
2023-07-22 22:40:00+00:00,,,,
2023-07-22 22:50:00+00:00,,,,
2023-07-22 23:00:00+00:00,,,,
2023-07-22 23:10:00+00:00,,,,
2023-07-22 23:20:00+00:00,,,,
2023-07-22 23:30:00+00:00,,,,
2023-07-22 23:40:00+00:00,,,,
2023-07-22 23:50:00+00:00,,,,
2023-07-23 00:00:00+00:00,,,,
2023-07-23 00:10:00+00:00,,,,
2023-07-23 00:20:00+00:00,,,,
2023-07-23 00:30:00+00:00,,,,
2023-07-23 00:40:00+00:00,,,,
2023-07-23 00:50:00+00:00,,,,
2023-07-23 01:00:00+00:00,,,,
2023-07-23 01:10:00+00:00,,,,
2023-07-23 01:20:00+00:00,,,,
2023-07-23 01:30:00+00:00,,,,
2023-07-23 01:40:00+00:00,,,,
2023-07-23 01:50:00+00:00,,,,
2023-07-23 02:00:00+00:00,,,,
2023-07-23 02:10:00+00:00,,,,
2023-07-23 02:20:00+00:00,,,,
2023-07-23 02:30:00+00:00,,,,
2023-07-23 02:40:00+00:00,,,,
2023-07-23 02:50:00+00:00,,,,
2023-07-23 03:00:00+00:00,,,,
2023-07-23 03:10:00+00:00,,,,
2023-07-23 03:20:00+00:00,,,,
2023-07-23 03:30:00+00:00,,,,
2023-07-23 03:40:00+00:00,,,,
2023-07-23 03:50:00+00:00,,,,
2023-07-23 04:00:00+00:00,,,,
2023-07-23 04:10:00+00:00,,,,
2023-07-23 04:20:00+00:00,,,,
2023-07-23 04:30:00+00:00,,,,
2023-07-23 04:40:00+00:00,,,,
2023-07-23 04:50:00+00:00,,,,
2023-07-23 05:00:00+00:00,,,,
2023-07-23 05:10:00+00:00,,,,
2023-07-23 05:20:00+00:00,,,,
2023-07-23 05:30:00+00:00,,,,
2023-07-23 05:40:00+00:00,,,,
2023-07-23 05:50:00+00:00,,,,
2023-07-23 06:00:00+00:00,,,,
2023-07-23 06:10:00+00:00,,,,
2023-07-23 06:20:00+00:00,,,,
2023-07-23 06:30:00+00:00,,,,
2023-07-23 06:40:00+00:00,,,,
2023-07-23 06:50:00+00:00,,,,
2023-07-23 07:00:00+00:00,,,,
2023-07-23 07:10:00+00:00,,,,
2023-07-23 07:20:00+00:00,,,,
2023-07-23 07:30:00+00:00,,,,
2023-07-23 07:40:00+00:00,,,,
2023-07-23 07:50:00+00:00,,,,
2023-07-23 08:00:00+00:00,,,,
2023-07-23 08:10:00+00:00,,,,
2023-07-23 08:20:00+00:00,,,,
2023-07-23 08:30:00+00:00,,,,
2023-07-23 08:40:00+00:00,,,,
2023-07-23 08:50:00+00:00,,,,
2023-07-23 09:00:00+00:00,,,,
2023-07-23 09:10:00+00:00,,,,
2023-07-23 09:20:00+00:00,15.8,100.0,10.4,4.2
2023-07-23 09:30:00+00:00,16.1,100.0,10.5,4.2
2023-07-23 09:40:00+00:00,16.4,100.0,10.5,4.2
2023-07-23 09:50:00+00:00,16.2,100.0,10.5,4.2
2023-07-23 10:00:00+00:00,16.2,100.0,10.499612403100775,4.2
2023-07-23 10:10:00+00:00,16.2,100.0,10.49922480620155,4.2
2023-07-23 10:20:00+00:00,16.2,100.0,10.498837209302325,4.2
2023-07-23 10:30:00+00:00,16.2,100.0,10.498449612403101,4.2
2023-07-23 10:40:00+00:00,16.2,100.0,10.498062015503876,4.2
2023-07-23 10:50:00+00:00,16.2,100.0,10.497674418604651,4.2
2023-07-23 11:00:00+00:00,16.2,100.0,10.497286821705426,4.2
2023-07-23 11:10:00+00:00,16.2,100.0,10.496899224806201,4.2
2023-07-23 11:20:00+00:00,16.2,100.0,10.496511627906976,4.2
2023-07-23 11:30:00+00:00,16.2,100.0,10.496124031007753,4.2
2023-07-23 11:40:00+00:00,16.2,100.0,10.495736434108528,4.2
2023-07-23 11:50:00+00:00,16.2,100.0,10.495348837209303,4.2
2023-07-23 12:00:00+00:00,16.2,100.0,10.494961240310078,4.2
2023-07-23 12:10:00+00:00,16.2,100.0,10.494573643410853,4.2
2023-07-23 12:20:00+00:00,16.2,100.0,10.494186046511627,4.2
2023-07-23 12:30:00+00:00,16.2,100.0,10.493798449612402,4.2
2023-07-23 12:40:00+00:00,16.2,100.0,10.493410852713179,4.2
2023-07-23 12:50:00+00:00,16.2,100.0,10.493023255813954,4.2
2023-07-23 13:00:00+00:00,16.2,100.0,10.492635658914729,4.2
2023-07-23 13:10:00+00:00,16.2,100.0,10.492248062015504,4.2
2023-07-23 13:20:00+00:00,16.2,100.0,10.491860465116279,4.2
2023-07-23 13:30:00+00:00,16.2,100.0,10.491472868217054,4.2
2023-07-23 13:40:00+00:00,16.2,100.0,10.491085271317829,4.2
2023-07-23 13:50:00+00:00,16.2,100.0,10.490697674418605,4.2
2023-07-23 14:00:00+00:00,,,,
2023-07-23 14:10:00+00:00,,,,
2023-07-23 14:20:00+00:00,,,,
2023-07-23 14:30:00+00:00,,,,
2023-07-23 14:40:00+00:00,,,,
2023-07-23 14:50:00+00:00,,,,
2023-07-23 15:00:00+00:00,,,,
2023-07-23 15:10:00+00:00,,,,
2023-07-23 15:20:00+00:00,,,,
2023-07-23 15:30:00+00:00,,,,
2023-07-23 15:40:00+00:00,,,,
2023-07-23 15:50:00+00:00,,,,
2023-07-23 16:00:00+00:00,,,,
2023-07-23 16:10:00+00:00,,,,
2023-07-23 16:20:00+00:00,,,,
2023-07-23 16:30:00+00:00,,,,
2023-07-23 16:40:00+00:00,,,,
2023-07-23 16:50:00+00:00,,,,
2023-07-23 17:00:00+00:00,,,,
2023-07-23 17:10:00+00:00,,,,
2023-07-23 17:20:00+00:00,,,,
2023-07-23 17:30:00+00:00,,,,
2023-07-23 17:40:00+00:00,,,,
2023-07-23 17:50:00+00:00,,,,
2023-07-23 18:00:00+00:00,,,,
2023-07-23 18:10:00+00:00,,,,
2023-07-23 18:20:00+00:00,,,,
2023-07-23 18:30:00+00:00,,,,
2023-07-23 18:40:00+00:00,,,,
2023-07-23 18:50:00+00:00,,,,
2023-07-23 19:00:00+00:00,,,,
2023-07-23 19:10:00+00:00,,,,
2023-07-23 19:20:00+00:00,,,,
2023-07-23 19:30:00+00:00,,,,
2023-07-23 19:40:00+00:00,,,,
2023-07-23 19:50:00+00:00,,,,
2023-07-23 20:00:00+00:00,,,,
2023-07-23 20:10:00+00:00,,,,
2023-07-23 20:20:00+00:00,,,,
2023-07-23 20:30:00+00:00,,,,
2023-07-23 20:40:00+00:00,,,,
2023-07-23 20:50:00+00:00,,,,
2023-07-23 21:00:00+00:00,,,,
2023-07-23 21:10:00+00:00,,,,
2023-07-23 21:20:00+00:00,,,,
2023-07-23 21:30:00+00:00,,,,
2023-07-23 21:40:00+00:00,,,,
2023-07-23 21:50:00+00:00,,,,
2023-07-23 22:00:00+00:00,,,,
2023-07-23 22:10:00+00:00,,,,
2023-07-23 22:20:00+00:00,,,,
2023-07-23 22:30:00+00:00,,,,
2023-07-23 22:40:00+00:00,,,,
2023-07-23 22:50:00+00:00,,,,
2023-07-23 23:00:00+00:00,,,,
2023-07-23 23:10:00+00:00,,,,
2023-07-23 23:20:00+00:00,,,,
2023-07-23 23:30:00+00:00,,,,
2023-07-23 23:40:00+00:00,,,,
2023-07-23 23:50:00+00:00,,,,
2023-07-24 00:00:00+00:00,,,,
2023-07-24 00:10:00+00:00,,,,
2023-07-24 00:20:00+00:00,,,,
2023-07-24 00:30:00+00:00,,,,
2023-07-24 00:40:00+00:00,,,,
2023-07-24 00:50:00+00:00,,,,
2023-07-24 01:00:00+00:00,,,,
2023-07-24 01:10:00+00:00,,,,
2023-07-24 01:20:00+00:00,,,,
2023-07-24 01:30:00+00:00,,,,
2023-07-24 01:40:00+00:00,,,,
2023-07-24 01:50:00+00:00,,,,
2023-07-24 02:00:00+00:00,,,,
2023-07-24 02:10:00+00:00,,,,
2023-07-24 02:20:00+00:00,,,,
2023-07-24 02:30:00+00:00,,,,
2023-07-24 02:40:00+00:00,,,,
2023-07-24 02:50:00+00:00,,,,
2023-07-24 03:00:00+00:00,,,,
2023-07-24 03:10:00+00:00,,,,
2023-07-24 03:20:00+00:00,,,,
2023-07-24 03:30:00+00:00,,,,
2023-07-24 03:40:00+00:00,,,,
2023-07-24 03:50:00+00:00,,,,
2023-07-24 04:00:00+00:00,,,,
2023-07-24 04:10:00+00:00,,,,
2023-07-24 04:20:00+00:00,,,,
2023-07-24 04:30:00+00:00,,,,
2023-07-24 04:40:00+00:00,,,,
2023-07-24 04:50:00+00:00,,,,
2023-07-24 05:00:00+00:00,,,,
2023-07-24 05:10:00+00:00,,,,
2023-07-24 05:20:00+00:00,,,,
2023-07-24 05:30:00+00:00,,,,
2023-07-24 05:40:00+00:00,,,,
2023-07-24 05:50:00+00:00,,,,
2023-07-24 06:00:00+00:00,,,,
2023-07-24 06:10:00+00:00,,,,
2023-07-24 06:20:00+00:00,,,,
2023-07-24 06:30:00+00:00,,,,
2023-07-24 06:40:00+00:00,,,,
2023-07-24 06:50:00+00:00,,,,
2023-07-24 07:00:00+00:00,,,,
2023-07-24 07:10:00+00:00,,,,
2023-07-24 07:20:00+00:00,,,,
2023-07-24 07:30:00+00:00,,,,
2023-07-24 07:40:00+00:00,,,,
2023-07-24 07:50:00+00:00,,,,
2023-07-24 08:00:00+00:00,,,,
2023-07-24 08:10:00+00:00,,,,
2023-07-24 08:20:00+00:00,,,,
2023-07-24 08:30:00+00:00,,,,
2023-07-24 08:40:00+00:00,,,,
2023-07-24 08:50:00+00:00,,,,
2023-07-24 09:00:00+00:00,,,,
2023-07-24 09:10:00+00:00,,,,
2023-07-24 09:20:00+00:00,,,,
2023-07-24 09:30:00+00:00,,,,
2023-07-24 09:40:00+00:00,,,,
2023-07-24 09:50:00+00:00,,,,
2023-07-24 10:00:00+00:00,,,,
2023-07-24 10:10:00+00:00,,,,
2023-07-24 10:20:00+00:00,,,,
2023-07-24 10:30:00+00:00,,,,
2023-07-24 10:40:00+00:00,,,,
2023-07-24 10:50:00+00:00,,,,
2023-07-24 11:00:00+00:00,,,,
2023-07-24 11:10:00+00:00,,,,
2023-07-24 11:20:00+00:00,,,,
2023-07-24 11:30:00+00:00,,,,
2023-07-24 11:40:00+00:00,,,,
2023-07-24 11:50:00+00:00,,,,
2023-07-24 12:00:00+00:00,,,,
2023-07-24 12:10:00+00:00,,,,
2023-07-24 12:20:00+00:00,,,,
2023-07-24 12:30:00+00:00,,,,
2023-07-24 12:40:00+00:00,,,,
2023-07-24 12:50:00+00:00,,,,
2023-07-24 13:00:00+00:00,,,,
2023-07-24 13:10:00+00:00,,,,
2023-07-24 13:20:00+00:00,,,,
2023-07-24 13:30:00+00:00,,,,
2023-07-24 13:40:00+00:00,,,,
2023-07-24 13:50:00+00:00,,,,
2023-07-24 14:00:00+00:00,,,,
2023-07-24 14:10:00+00:00,,,,
2023-07-24 14:20:00+00:00,,,,
2023-07-24 14:30:00+00:00,,,,
2023-07-24 14:40:00+00:00,,,,
2023-07-24 14:50:00+00:00,,,,
2023-07-24 15:00:00+00:00,,,,
2023-07-24 15:10:00+00:00,,,,
2023-07-24 15:20:00+00:00,,,,
2023-07-24 15:30:00+00:00,,,,
2023-07-24 15:40:00+00:00,,,,
2023-07-24 15:50:00+00:00,,,,
2023-07-24 16:00:00+00:00,,,,
2023-07-24 16:10:00+00:00,,,,
2023-07-24 16:20:00+00:00,,,,
2023-07-24 16:30:00+00:00,,,,
2023-07-24 16:40:00+00:00,,,,
2023-07-24 16:50:00+00:00,,,,
2023-07-24 17:00:00+00:00,,,,
2023-07-24 17:10:00+00:00,,,,
2023-07-24 17:20:00+00:00,,,,
2023-07-24 17:30:00+00:00,,,,
2023-07-24 17:40:00+00:00,,,,
2023-07-24 17:50:00+00:00,,,,
2023-07-24 18:00:00+00:00,,,,
2023-07-24 18:10:00+00:00,,,,
2023-07-24 18:20:00+00:00,,,,
2023-07-24 18:30:00+00:00,,,,
2023-07-24 18:40:00+00:00,,,,
2023-07-24 18:50:00+00:00,,,,
2023-07-24 19:00:00+00:00,,,,
2023-07-24 19:10:00+00:00,,,,
2023-07-24 19:20:00+00:00,,,,
2023-07-24 19:30:00+00:00,,,,
2023-07-24 19:40:00+00:00,,,,
2023-07-24 19:50:00+00:00,,,,
2023-07-24 20:00:00+00:00,,,,
2023-07-24 20:10:00+00:00,,,,
2023-07-24 20:20:00+00:00,,,,
2023-07-24 20:30:00+00:00,,,,
2023-07-24 20:40:00+00:00,,,,
2023-07-24 20:50:00+00:00,,,,
2023-07-24 21:00:00+00:00,,,,
2023-07-24 21:10:00+00:00,,,,
2023-07-24 21:20:00+00:00,,,,
2023-07-24 21:30:00+00:00,,,,
2023-07-24 21:40:00+00:00,,,,
2023-07-24 21:50:00+00:00,,,,
2023-07-24 22:00:00+00:00,,,,
2023-07-24 22:10:00+00:00,,,,
2023-07-24 22:20:00+00:00,,,,
2023-07-24 22:30:00+00:00,,,,
2023-07-24 22:40:00+00:00,,,,
2023-07-24 22:50:00+00:00,,,,
2023-07-24 23:00:00+00:00,,,,
2023-07-24 23:10:00+00:00,,,,
2023-07-24 23:20:00+00:00,,,,
2023-07-24 23:30:00+00:00,,,,
2023-07-24 23:40:00+00:00,,,,
2023-07-24 23:50:00+00:00,,,,
2023-07-25 00:00:00+00:00,,,,
2023-07-25 00:10:00+00:00,,,,
2023-07-25 00:20:00+00:00,,,,
2023-07-25 00:30:00+00:00,,,,
2023-07-25 00:40:00+00:00,,,,
2023-07-25 00:50:00+00:00,,,,
2023-07-25 01:00:00+00:00,,,,
2023-07-25 01:10:00+00:00,,,,
2023-07-25 01:20:00+00:00,,,,
2023-07-25 01:30:00+00:00,,,,
2023-07-25 01:40:00+00:00,,,,
2023-07-25 01:50:00+00:00,,,,
2023-07-25 02:00:00+00:00,,,,
2023-07-25 02:10:00+00:00,,,,
2023-07-25 02:20:00+00:00,,,,
2023-07-25 02:30:00+00:00,,,,
2023-07-25 02:40:00+00:00,,,,
2023-07-25 02:50:00+00:00,,,,
2023-07-25 03:00:00+00:00,,,,
2023-07-25 03:10:00+00:00,,,,
2023-07-25 03:20:00+00:00,,,,
2023-07-25 03:30:00+00:00,,,,
2023-07-25 03:40:00+00:00,,,,
2023-07-25 03:50:00+00:00,,,,
2023-07-25 04:00:00+00:00,,,,
2023-07-25 04:10:00+00:00,,,,
2023-07-25 04:20:00+00:00,,,,
2023-07-25 04:30:00+00:00,,,,
2023-07-25 04:40:00+00:00,,,,
2023-07-25 04:50:00+00:00,16.2,100.0,10.4,4.2
2023-07-25 05:00:00+00:00,16.2,100.0,10.5,4.2
2023-07-25 05:10:00+00:00,16.2,100.0,10.5,4.2
2023-07-25 05:20:00+00:00,16.2,100.0,10.5,4.2
2023-07-25 05:30:00+00:00,16.2,100.0,10.6,4.2
2023-07-25 05:40:00+00:00,16.2,100.0,10.6,4.2
2023-07-25 05:50:00+00:00,16.2,100.0,10.7,4.2
2023-07-25 06:00:00+00:00,16.2,100.0,10.7,4.2
2023-07-25 06:10:00+00:00,16.2,100.0,10.7,4.2
2023-07-25 06:20:00+00:00,16.2,100.0,10.7,4.2
2023-07-25 06:30:00+00:00,16.2,100.0,10.7,4.2
2023-07-25 06:40:00+00:00,16.2,98.0,10.7,4.2
2023-07-25 06:50:00+00:00,16.2,100.0,10.7,4.2
2023-07-25 07:00:00+00:00,16.2,100.0,10.8,4.2
2023-07-25 07:10:00+00:00,16.2,100.0,10.8,4.2
2023-07-25 07:20:00+00:00,16.2,97.0,10.8,4.2
2023-07-25 07:30:00+00:00,16.2,96.0,10.8,4.2
2023-07-25 07:40:00+00:00,16.2,99.0,10.8,4.2
2023-07-25 07:50:00+00:00,16.2,100.0,10.8,4.2
2023-07-25 08:00:00+00:00,16.2,100.0,10.8,4.2
2023-07-25 08:10:00+00:00,16.2,98.0,10.8,4.2
2023-07-25 08:20:00+00:00,16.2,95.0,10.9,4.2
2023-07-25 08:30:00+00:00,16.2,96.0,10.8,4.2
2023-07-25 08:40:00+00:00,16.2,96.0,10.9,4.2
2023-07-25 08:50:00+00:00,16.2,99.0,10.9,4.2
2023-07-25 09:00:00+00:00,16.2,97.0,10.9,4.2
2023-07-25 09:10:00+00:00,16.2,98.0,11.0,4.2
2023-07-25 09:20:00+00:00,16.2,96.0,11.0,4.2
2023-07-25 09:30:00+00:00,16.2,96.0,11.0,4.2
2023-07-25 09:40:00+00:00,16.2,95.0,11.0,4.2
2023-07-25 09:50:00+00:00,16.2,98.0,11.0,4.2
2023-07-25 10:00:00+00:00,16.2,100.0,11.0,4.2
2023-07-25 10:10:00+00:00,16.2,100.0,11.1,4.2
2023-07-25 10:20:00+00:00,16.2,100.0,11.0,4.2
2023-07-25 10:30:00+00:00,16.2,100.0,11.0,4.2
2023-07-25 10:40:00+00:00,16.2,100.0,10.9,4.2
2023-07-25 10:50:00+00:00,16.2,100.0,10.9,4.2
2023-07-25 11:00:00+00:00,16.2,100.0,10.9,4.2
2023-07-25 11:10:00+00:00,16.2,100.0,10.9,4.2
2023-07-25 11:20:00+00:00,16.2,100.0,10.8,4.2
2023-07-25 11:30:00+00:00,16.2,100.0,10.9,4.2
2023-07-25 11:40:00+00:00,16.2,100.0,10.9,4.2
2023-07-25 11:50:00+00:00,16.2,100.0,10.9,4.2
2023-07-25 12:00:00+00:00,16.2,100.0,10.9,4.2
2023-07-25 12:10:00+00:00,16.2,100.0,10.9,4.2
2023-07-25 12:20:00+00:00,16.2,100.0,10.9,4.2
2023-07-25 12:30:00+00:00,16.2,100.0,10.8,4.2
2023-07-25 12:40:00+00:00,16.2,100.0,10.8,4.2
2023-07-25 12:50:00+00:00,16.2,100.0,10.9,4.2
2023-07-25 13:00:00+00:00,16.2,100.0,10.9,4.2
2023-07-25 13:10:00+00:00,16.2,100.0,10.9,4.2
2023-07-25 13:20:00+00:00,16.2,100.0,10.9,4.2
2023-07-25 13:30:00+00:00,16.2,100.0,10.9,4.2
2023-07-25 13:40:00+00:00,16.2,100.0,10.9,4.2
2023-07-25 13:50:00+00:00,16.2,100.0,10.9,4.2
2023-07-25 14:00:00+00:00,16.2,100.0,10.9,4.2
2023-07-25 14:10:00+00:00,16.2,100.0,10.9,4.2
2023-07-25 14:20:00+00:00,16.2,100.0,10.9,4.2
2023-07-25 14:30:00+00:00,16.2,100.0,10.9,4.2
2023-07-25 14:40:00+00:00,16.2,100.0,10.9,4.2
2023-07-25 14:50:00+00:00,16.2,100.0,10.9,4.2
2023-07-25 15:00:00+00:00,16.2,100.0,10.9,4.2
2023-07-25 15:10:00+00:00,16.2,100.0,10.9,4.2
2023-07-25 15:20:00+00:00,16.2,100.0,10.9,4.2
2023-07-25 15:30:00+00:00,16.2,100.0,10.9,4.2
2023-07-25 15:40:00+00:00,16.2,100.0,10.9,4.2
2023-07-25 15:50:00+00:00,16.2,100.0,10.9,4.2
2023-07-25 16:00:00+00:00,16.2,100.0,10.9,4.2
2023-07-25 16:10:00+00:00,16.2,100.0,10.9,4.2
2023-07-25 16:20:00+00:00,16.2,100.0,10.9,4.2
2023-07-25 16:30:00+00:00,16.2,100.0,10.9,4.2
2023-07-25 16:40:00+00:00,16.2,100.0,10.9,4.2
2023-07-25 16:50:00+00:00,16.2,100.0,10.9,4.2
2023-07-25 17:00:00+00:00,16.2,100.0,10.850000000000001,4.2
2023-07-25 17:10:00+00:00,16.2,100.0,10.8,4.2
2023-07-25 17:20:00+00:00,16.2,100.0,10.8,4.2
2023-07-25 17:30:00+00:00,16.2,100.0,10.8,4.2
2023-07-25 17:40:00+00:00,16.2,100.0,10.8,4.2
2023-07-25 17:50:00+00:00,16.2,100.0,10.8,4.2
2023-07-25 18:00:00+00:00,16.2,100.0,10.8,4.2
2023-07-25 18:10:00+00:00,16.2,100.0,10.8,4.2
2023-07-25 18:20:00+00:00,16.2,100.0,10.8,4.0
2023-07-25 18:30:00+00:00,16.2,100.0,10.8,3.7
2023-07-25 18:40:00+00:00,16.2,100.0,10.8,3.5
2023-07-25 18:50:00+00:00,16.2,100.0,10.8,3.5
2023-07-25 19:00:00+00:00,16.2,100.0,10.7,3.0
2023-07-25 19:10:00+00:00,16.2,100.0,10.7,2.3
2023-07-25 19:20:00+00:00,16.2,100.0,10.7,1.5
2023-07-25 19:30:00+00:00,16.2,100.0,10.7,1.1
2023-07-25 19:40:00+00:00,16.2,100.0,10.7,0.7
2023-07-25 19:50:00+00:00,16.2,100.0,10.7,0.4
2023-07-25 20:00:00+00:00,16.2,100.0,10.7,0.6
2023-07-25 20:10:00+00:00,16.2,100.0,10.7,0.6
2023-07-25 20:20:00+00:00,16.2,100.0,10.7,0.6
2023-07-25 20:30:00+00:00,16.2,100.0,10.7,0.6
2023-07-25 20:40:00+00:00,16.2,100.0,10.7,0.6
2023-07-25 20:50:00+00:00,16.2,100.0,10.7,0.6
2023-07-25 21:00:00+00:00,16.2,100.0,10.7,0.6
2023-07-25 21:10:00+00:00,16.2,100.0,10.7,0.6
2023-07-25 21:20:00+00:00,16.2,100.0,10.7,0.6
2023-07-25 21:30:00+00:00,16.2,100.0,10.6,0.6
2023-07-25 21:40:00+00:00,16.2,100.0,10.6,0.6
2023-07-25 21:50:00+00:00,16.2,100.0,10.6,0.6
2023-07-25 22:00:00+00:00,16.2,100.0,10.6,0.6
2023-07-25 22:10:00+00:00,16.2,100.0,10.6,0.6
2023-07-25 22:20:00+00:00,16.2,100.0,10.6,0.6
2023-07-25 22:30:00+00:00,16.2,100.0,10.6,0.6
2023-07-25 22:40:00+00:00,16.2,100.0,10.6,0.6
2023-07-25 22:50:00+00:00,16.18285714285714,100.0,10.602857142857143,0.7028571428571428
2023-07-25 23:00:00+00:00,16.165714285714284,100.0,10.605714285714285,0.8057142857142857
2023-07-25 23:10:00+00:00,16.14857142857143,100.0,10.608571428571429,0.9085714285714286
2023-07-25 23:20:00+00:00,16.13142857142857,100.0,10.61142857142857,1.0114285714285713
2023-07-25 23:30:00+00:00,16.114285714285714,100.0,10.614285714285714,1.1142857142857143
2023-07-25 23:40:00+00:00,16.097142857142856,100.0,10.617142857142857,1.217142857142857
2023-07-25 23:50:00+00:00,16.08,100.0,10.62,1.3199999999999998
2023-07-26 00:00:00+00:00,16.06285714285714,100.0,10.622857142857143,1.4228571428571428
2023-07-26 00:10:00+00:00,16.045714285714286,100.0,10.625714285714285,1.5257142857142858
2023-07-26 00:20:00+00:00,16.02857142857143,100.0,10.628571428571428,1.6285714285714286
2023-07-26 00:30:00+00:00,16.01142857142857,100.0,10.631428571428572,1.7314285714285713
2023-07-26 00:40:00+00:00,15.994285714285713,100.0,10.634285714285713,1.834285714285714
2023-07-26 00:50:00+00:00,15.977142857142857,100.0,10.637142857142857,1.9371428571428573
2023-07-26 01:00:00+00:00,15.959999999999999,100.0,10.639999999999999,2.04
2023-07-26 01:10:00+00:00,15.942857142857143,100.0,10.642857142857142,2.142857142857143
2023-07-26 01:20:00+00:00,15.925714285714285,100.0,10.645714285714286,2.2457142857142856
2023-07-26 01:30:00+00:00,15.908571428571427,100.0,10.648571428571428,2.3485714285714283
2023-07-26 01:40:00+00:00,15.891428571428571,100.0,10.651428571428571,2.4514285714285715
2023-07-26 01:50:00+00:00,15.874285714285714,100.0,10.654285714285713,2.5542857142857143
2023-07-26 02:00:00+00:00,15.857142857142856,100.0,10.657142857142857,2.657142857142857
2023-07-26 02:10:00+00:00,15.84,100.0,10.66,2.7600000000000002
2023-07-26 02:20:00+00:00,15.822857142857142,100.0,10.662857142857142,2.862857142857143
2023-07-26 02:30:00+00:00,15.805714285714286,100.0,10.665714285714285,2.9657142857142857
2023-07-26 02:40:00+00:00,15.788571428571428,100.0,10.668571428571427,3.0685714285714285
2023-07-26 02:50:00+00:00,,,,
2023-07-26 03:00:00+00:00,,,,
2023-07-26 03:10:00+00:00,,,,
2023-07-26 03:20:00+00:00,,,,
2023-07-26 03:30:00+00:00,,,,
2023-07-26 03:40:00+00:00,,,,
2023-07-26 03:50:00+00:00,,,,
2023-07-26 04:00:00+00:00,,,,
2023-07-26 04:10:00+00:00,,,,
2023-07-26 04:20:00+00:00,,,,
2023-07-26 04:30:00+00:00,15.6,100.0,10.7,4.2
2023-07-26 04:40:00+00:00,15.6,100.0,10.7,4.2
2023-07-26 04:50:00+00:00,15.6,100.0,10.7,4.2
2023-07-26 05:00:00+00:00,15.6,100.0,10.7,4.2
2023-07-26 05:10:00+00:00,15.6,100.0,10.7,4.2
2023-07-26 05:20:00+00:00,15.6,100.0,10.7,4.2
2023-07-26 05:30:00+00:00,15.6,100.0,10.7,4.2
2023-07-26 05:40:00+00:00,15.6,100.0,10.7,4.2
2023-07-26 05:50:00+00:00,15.6,100.0,10.7,4.2
2023-07-26 06:00:00+00:00,15.6,100.0,10.7,4.2
2023-07-26 06:10:00+00:00,15.6,100.0,10.7,4.2
2023-07-26 06:20:00+00:00,15.6,100.0,10.7,4.2
2023-07-26 06:30:00+00:00,15.6,100.0,10.7,4.2
2023-07-26 06:40:00+00:00,15.6,100.0,10.7,4.2
2023-07-26 06:50:00+00:00,15.6,100.0,10.7,4.2
2023-07-26 07:00:00+00:00,15.6,100.0,10.7,4.2
2023-07-26 07:10:00+00:00,15.6,100.0,10.8,4.2
2023-07-26 07:20:00+00:00,15.6,100.0,10.8,4.2
2023-07-26 07:30:00+00:00,15.6,100.0,10.9,4.2
2023-07-26 07:40:00+00:00,15.6,96.0,10.9,4.2
2023-07-26 07:50:00+00:00,15.6,96.0,10.9,4.2
2023-07-26 08:00:00+00:00,15.6,95.0,10.9,4.2
2023-07-26 08:10:00+00:00,15.6,91.0,10.9,4.2
2023-07-26 08:20:00+00:00,15.6,90.0,10.9,4.2
2023-07-26 08:30:00+00:00,15.6,90.0,10.9,4.2
2023-07-26 08:40:00+00:00,15.6,96.0,10.8,4.2
2023-07-26 08:50:00+00:00,15.6,100.0,10.9,4.2
2023-07-26 09:00:00+00:00,15.6,100.0,10.9,4.2
2023-07-26 09:10:00+00:00,15.6,100.0,10.9,4.2
2023-07-26 09:20:00+00:00,15.6,100.0,10.9,4.2
2023-07-26 09:30:00+00:00,15.6,100.0,10.9,4.2
2023-07-26 09:40:00+00:00,15.6,99.0,10.8,4.2
2023-07-26 09:50:00+00:00,15.6,100.0,10.8,4.2
2023-07-26 10:00:00+00:00,15.6,100.0,10.625,4.2
2023-07-26 10:10:00+00:00,15.6,100.0,10.45,4.2
2023-07-26 10:20:00+00:00,15.6,100.0,10.274999999999999,4.2
2023-07-26 10:30:00+00:00,15.6,100.0,10.1,4.2
2023-07-26 10:40:00+00:00,15.6,100.0,10.1,4.2
2023-07-26 10:50:00+00:00,15.6,100.0,10.2,4.2
2023-07-26 11:00:00+00:00,15.6,100.0,10.2,4.2
2023-07-26 11:10:00+00:00,15.6,100.0,10.2,4.2
2023-07-26 11:20:00+00:00,15.6,100.0,10.2,4.2
2023-07-26 11:30:00+00:00,15.6,100.0,10.3,4.2
2023-07-26 11:40:00+00:00,15.6,100.0,10.3,4.2
2023-07-26 11:50:00+00:00,15.6,100.0,10.3,4.2
2023-07-26 12:00:00+00:00,15.6,100.0,10.3,4.2
2023-07-26 12:10:00+00:00,15.6,100.0,10.4,4.2
2023-07-26 12:20:00+00:00,15.6,100.0,10.4,4.2
2023-07-26 12:30:00+00:00,15.6,100.0,10.4,4.2
2023-07-26 12:40:00+00:00,15.6,100.0,10.4,4.2
2023-07-26 12:50:00+00:00,15.6,100.0,10.4,4.2
2023-07-26 13:00:00+00:00,15.6,100.0,10.4,4.2
2023-07-26 13:10:00+00:00,15.6,100.0,10.4,4.2
2023-07-26 13:20:00+00:00,15.6,100.0,10.4,4.2
2023-07-26 13:30:00+00:00,15.6,100.0,10.4,4.2
2023-07-26 13:40:00+00:00,15.6,100.0,10.4,4.2
2023-07-26 13:50:00+00:00,15.6,100.0,10.5,4.2
2023-07-26 14:00:00+00:00,15.6,100.0,10.5,4.2
2023-07-26 14:10:00+00:00,15.6,100.0,10.5,4.2
2023-07-26 14:20:00+00:00,15.6,100.0,10.5,4.2
2023-07-26 14:30:00+00:00,15.6,100.0,10.5,4.2
2023-07-26 14:40:00+00:00,15.6,100.0,10.5,4.2
2023-07-26 14:50:00+00:00,15.6,100.0,10.5,4.2
2023-07-26 15:00:00+00:00,15.6,100.0,10.5,4.2
2023-07-26 15:10:00+00:00,15.6,100.0,10.5,4.2
2023-07-26 15:20:00+00:00,15.6,100.0,10.5,4.2
2023-07-26 15:30:00+00:00,15.6,100.0,10.5,4.2
2023-07-26 15:40:00+00:00,15.6,100.0,10.5,4.2
2023-07-26 15:50:00+00:00,15.6,100.0,10.5,4.2
2023-07-26 16:00:00+00:00,15.6,100.0,10.5,4.2
2023-07-26 16:10:00+00:00,15.6,100.0,10.6,4.2
2023-07-26 16:20:00+00:00,15.6,100.0,10.6,4.2
2023-07-26 16:30:00+00:00,15.6,100.0,10.6,4.2
2023-07-26 16:40:00+00:00,15.6,100.0,10.6,4.2
2023-07-26 16:50:00+00:00,15.6,100.0,10.5,4.2
2023-07-26 17:00:00+00:00,15.6,100.0,10.6,4.2
2023-07-26 17:10:00+00:00,15.606756756756756,100.0,10.6,4.2
2023-07-26 17:20:00+00:00,15.613513513513514,100.0,10.6,4.2
2023-07-26 17:30:00+00:00,15.62027027027027,100.0,10.6,4.2
2023-07-26 17:40:00+00:00,15.627027027027026,100.0,10.6,4.2
2023-07-26 17:50:00+00:00,15.633783783783784,100.0,10.6,4.2
2023-07-26 18:00:00+00:00,15.64054054054054,100.0,10.6,4.2
2023-07-26 18:10:00+00:00,15.647297297297298,100.0,10.6,4.2
2023-07-26 18:20:00+00:00,15.654054054054054,100.0,10.6,4.2
2023-07-26 18:30:00+00:00,15.66081081081081,100.0,10.6,4.2
2023-07-26 18:40:00+00:00,15.667567567567568,100.0,10.6,4.2
2023-07-26 18:50:00+00:00,15.674324324324324,100.0,10.6,4.2
2023-07-26 19:00:00+00:00,15.68108108108108,100.0,10.6,4.2
2023-07-26 19:10:00+00:00,15.687837837837838,100.0,10.6,4.2
2023-07-26 19:20:00+00:00,15.694594594594594,100.0,10.6,4.2
2023-07-26 19:30:00+00:00,15.70135135135135,100.0,10.6,4.2
2023-07-26 19:40:00+00:00,15.708108108108108,100.0,10.6,4.2
2023-07-26 19:50:00+00:00,15.714864864864865,100.0,10.6,4.2
2023-07-26 20:00:00+00:00,15.721621621621622,100.0,10.6,4.2
2023-07-26 20:10:00+00:00,15.728378378378379,100.0,10.6,4.2
2023-07-26 20:20:00+00:00,15.735135135135135,100.0,10.6,4.2
2023-07-26 20:30:00+00:00,15.741891891891893,100.0,10.6,4.2
2023-07-26 20:40:00+00:00,15.748648648648649,100.0,10.6,4.2
2023-07-26 20:50:00+00:00,15.755405405405405,100.0,10.6,4.2
2023-07-26 21:00:00+00:00,15.762162162162163,100.0,10.6,4.2
2023-07-26 21:10:00+00:00,,,,
2023-07-26 21:20:00+00:00,,,,
2023-07-26 21:30:00+00:00,,,,
2023-07-26 21:40:00+00:00,,,,
2023-07-26 21:50:00+00:00,,,,
2023-07-26 22:00:00+00:00,,,,
2023-07-26 22:10:00+00:00,,,,
2023-07-26 22:20:00+00:00,,,,
2023-07-26 22:30:00+00:00,,,,
2023-07-26 22:40:00+00:00,,,,
2023-07-26 22:50:00+00:00,,,,
2023-07-26 23:00:00+00:00,,,,
2023-07-26 23:10:00+00:00,,,,
2023-07-26 23:20:00+00:00,,,,
2023-07-26 23:30:00+00:00,,,,
2023-07-26 23:40:00+00:00,,,,
2023-07-26 23:50:00+00:00,,,,
2023-07-27 00:00:00+00:00,,,,
2023-07-27 00:10:00+00:00,,,,
2023-07-27 00:20:00+00:00,,,,
2023-07-27 00:30:00+00:00,,,,
2023-07-27 00:40:00+00:00,,,,
2023-07-27 00:50:00+00:00,,,,
2023-07-27 01:00:00+00:00,,,,
2023-07-27 01:10:00+00:00,,,,
2023-07-27 01:20:00+00:00,,,,
2023-07-27 01:30:00+00:00,,,,
2023-07-27 01:40:00+00:00,,,,
2023-07-27 01:50:00+00:00,,,,
2023-07-27 02:00:00+00:00,,,,
2023-07-27 02:10:00+00:00,,,,
2023-07-27 02:20:00+00:00,,,,
2023-07-27 02:30:00+00:00,,,,
2023-07-27 02:40:00+00:00,,,,
2023-07-27 02:50:00+00:00,,,,
2023-07-27 03:00:00+00:00,,,,
2023-07-27 03:10:00+00:00,,,,
2023-07-27 03:20:00+00:00,,,,
2023-07-27 03:30:00+00:00,,,,
2023-07-27 03:40:00+00:00,,,,
2023-07-27 03:50:00+00:00,,,,
2023-07-27 04:00:00+00:00,,,,
2023-07-27 04:10:00+00:00,,,,
2023-07-27 04:20:00+00:00,,,,
2023-07-27 04:30:00+00:00,,,,
2023-07-27 04:40:00+00:00,,,,
2023-07-27 04:50:00+00:00,,,,
2023-07-27 05:00:00+00:00,,,,
2023-07-27 05:10:00+00:00,,,,
2023-07-27 05:20:00+00:00,16.1,100.0,10.6,4.2
2023-07-27 05:30:00+00:00,16.0,100.0,10.6,4.2
2023-07-27 05:40:00+00:00,15.6,100.0,10.6,4.2
2023-07-27 05:50:00+00:00,15.7,100.0,10.7,4.2
2023-07-27 06:00:00+00:00,16.4,100.0,10.7,4.2
2023-07-27 06:10:00+00:00,16.1,100.0,10.7,4.2
2023-07-27 06:20:00+00:00,16.0,100.0,10.7,4.2
2023-07-27 06:30:00+00:00,16.0,97.0,10.7,4.2
2023-07-27 06:40:00+00:00,16.9,95.0,10.7,4.2
2023-07-27 06:50:00+00:00,16.6,93.0,10.8,4.2
2023-07-27 07:00:00+00:00,16.3,91.0,10.8,4.2
2023-07-27 07:10:00+00:00,16.4,90.0,10.8,4.2
2023-07-27 07:20:00+00:00,16.4,90.0,10.8,4.2
2023-07-27 07:30:00+00:00,16.5,90.0,10.8,4.2
2023-07-27 07:40:00+00:00,16.6,89.0,10.9,4.2
2023-07-27 07:50:00+00:00,16.6,89.0,10.9,4.2
2023-07-27 08:00:00+00:00,17.033333333333335,89.66666666666667,10.9,4.2
2023-07-27 08:10:00+00:00,17.466666666666665,90.33333333333333,10.9,4.2
2023-07-27 08:20:00+00:00,17.9,91.0,10.9,4.2
2023-07-27 08:30:00+00:00,17.3,91.0,10.9,4.2
2023-07-27 08:40:00+00:00,17.4,91.0,10.9,4.2
2023-07-27 08:50:00+00:00,17.6,91.0,10.9,4.2
2023-07-27 09:00:00+00:00,17.6,91.0,11.0,4.2
2023-07-27 09:10:00+00:00,17.8,90.0,11.0,4.2
2023-07-27 09:20:00+00:00,18.0,91.0,11.1,4.2
2023-07-27 09:30:00+00:00,18.2,91.0,11.1,4.2
2023-07-27 09:40:00+00:00,18.5,92.0,11.1,4.2
2023-07-27 09:50:00+00:00,20.0,95.0,11.1,4.2
2023-07-27 10:00:00+00:00,19.5,98.0,11.0,4.2
2023-07-27 10:10:00+00:00,20.0,97.0,11.1,4.2
2023-07-27 10:20:00+00:00,20.8,100.0,11.1,4.2
2023-07-27 10:30:00+00:00,20.6,100.0,11.0,4.2
2023-07-27 10:40:00+00:00,19.9,100.0,11.0,4.2
2023-07-27 10:50:00+00:00,19.6,100.0,11.0,4.2
2023-07-27 11:00:00+00:00,19.3,100.0,11.0,4.2
2023-07-27 11:10:00+00:00,19.1,100.0,11.0,4.2
2023-07-27 11:20:00+00:00,18.9,100.0,11.0,4.2
2023-07-27 11:30:00+00:00,18.6,100.0,11.0,4.2
2023-07-27 11:40:00+00:00,18.4,100.0,11.0,4.2
2023-07-27 11:50:00+00:00,18.3,100.0,11.0,4.2
2023-07-27 12:00:00+00:00,18.1,100.0,10.9,4.2
2023-07-27 12:10:00+00:00,17.9,100.0,11.0,4.2
2023-07-27 12:20:00+00:00,17.8,100.0,11.0,4.2
2023-07-27 12:30:00+00:00,17.9,100.0,10.9,4.2
2023-07-27 12:40:00+00:00,17.8,100.0,10.9,4.2
2023-07-27 12:50:00+00:00,17.8,100.0,11.0,4.2
2023-07-27 13:00:00+00:00,17.9,100.0,11.0,4.2
2023-07-27 13:10:00+00:00,17.8,100.0,10.9,4.2
2023-07-27 13:20:00+00:00,17.5,100.0,10.9,4.2
2023-07-27 13:30:00+00:00,17.4,100.0,10.9,4.2
2023-07-27 13:40:00+00:00,17.5,100.0,10.9,4.2
2023-07-27 13:50:00+00:00,17.6,100.0,10.9,4.2
2023-07-27 14:00:00+00:00,17.7,100.0,10.9,4.2
2023-07-27 14:10:00+00:00,17.7,100.0,10.9,4.2
2023-07-27 14:20:00+00:00,17.8,100.0,10.9,4.2
2023-07-27 14:30:00+00:00,17.6,100.0,10.9,4.2
2023-07-27 14:40:00+00:00,17.6,100.0,10.9,4.2
2023-07-27 14:50:00+00:00,17.6,100.0,10.9,4.2
2023-07-27 15:00:00+00:00,17.5,100.0,10.9,4.2
2023-07-27 15:10:00+00:00,17.4,100.0,10.9,4.2
2023-07-27 15:20:00+00:00,17.3,100.0,10.9,4.2
2023-07-27 15:30:00+00:00,17.2,100.0,10.9,4.2
2023-07-27 15:40:00+00:00,17.1,100.0,10.9,4.2
2023-07-27 15:50:00+00:00,17.1,100.0,10.9,4.2
2023-07-27 16:00:00+00:00,17.1,100.0,10.9,4.2
2023-07-27 16:10:00+00:00,17.0,100.0,10.9,4.2
2023-07-27 16:20:00+00:00,17.1,100.0,10.9,4.2
2023-07-27 16:30:00+00:00,17.0,100.0,10.9,4.2
2023-07-27 16:40:00+00:00,17.0,100.0,10.9,4.2
2023-07-27 16:50:00+00:00,17.0,100.0,10.9,4.2
2023-07-27 17:00:00+00:00,17.0,100.0,10.9,4.2
2023-07-27 17:10:00+00:00,16.9,100.0,10.9,4.2
2023-07-27 17:20:00+00:00,16.8,100.0,10.9,4.2
2023-07-27 17:30:00+00:00,16.6,100.0,10.9,4.2
2023-07-27 17:40:00+00:00,16.6,100.0,10.9,4.2
2023-07-27 17:50:00+00:00,16.5,100.0,10.9,4.2
2023-07-27 18:00:00+00:00,16.5,100.0,10.9,4.2
2023-07-27 18:10:00+00:00,16.5,100.0,10.8,4.1
2023-07-27 18:20:00+00:00,16.4,100.0,10.8,3.8
2023-07-27 18:30:00+00:00,16.3,100.0,10.8,3.6
2023-07-27 18:40:00+00:00,16.3,100.0,10.8,3.5
2023-07-27 18:50:00+00:00,16.2,100.0,10.8,3.3
2023-07-27 19:00:00+00:00,16.1,100.0,10.8,2.55
2023-07-27 19:10:00+00:00,16.0,100.0,10.8,1.8
2023-07-27 19:20:00+00:00,16.1,100.0,10.8,1.1
2023-07-27 19:30:00+00:00,16.0,100.0,10.8,0.7
2023-07-27 19:40:00+00:00,16.0,100.0,10.8,0.6
2023-07-27 19:50:00+00:00,16.0,100.0,10.8,0.6
2023-07-27 20:00:00+00:00,15.9,100.0,10.8,0.6
2023-07-27 20:10:00+00:00,15.9,100.0,10.8,0.6
2023-07-27 20:20:00+00:00,15.9,100.0,10.8,0.6
2023-07-27 20:30:00+00:00,15.8,100.0,10.8,0.6
2023-07-27 20:40:00+00:00,15.8,100.0,10.8,0.6
2023-07-27 20:50:00+00:00,15.8,100.0,10.8,0.6
2023-07-27 21:00:00+00:00,15.8,100.0,10.8,0.6
2023-07-27 21:10:00+00:00,15.8,100.0,10.8,0.6
2023-07-27 21:20:00+00:00,15.7,100.0,10.8,0.6
2023-07-27 21:30:00+00:00,15.7,100.0,10.8,0.6
2023-07-27 21:40:00+00:00,15.7,100.0,10.8,0.6
2023-07-27 21:50:00+00:00,15.7,100.0,10.8,0.6
2023-07-27 22:00:00+00:00,15.7,100.0,10.8,0.4
2023-07-27 22:10:00+00:00,15.8,100.0,10.8,0.6
2023-07-27 22:20:00+00:00,15.7,100.0,10.8,0.6
2023-07-27 22:30:00+00:00,15.7,100.0,10.8,0.6
2023-07-27 22:40:00+00:00,15.6,100.0,10.8,0.4
2023-07-27 22:50:00+00:00,15.6,100.0,10.8,0.6
2023-07-27 23:00:00+00:00,15.6,100.0,10.8,0.4
2023-07-27 23:10:00+00:00,15.6,100.0,10.8,0.6
2023-07-27 23:20:00+00:00,15.6,100.0,10.8,0.6
2023-07-27 23:30:00+00:00,15.6,100.0,10.8,0.6
2023-07-27 23:40:00+00:00,15.5,100.0,10.8,0.6
2023-07-27 23:50:00+00:00,15.5,100.0,10.8,0.4
2023-07-28 00:00:00+00:00,15.5,100.0,10.8,0.6
2023-07-28 00:10:00+00:00,15.5,100.0,10.8,0.6
2023-07-28 00:20:00+00:00,15.5,100.0,10.8,0.6
2023-07-28 00:30:00+00:00,15.4,100.0,10.8,0.6
2023-07-28 00:40:00+00:00,15.5,100.0,10.8,0.6
2023-07-28 00:50:00+00:00,15.5,100.0,10.8,0.4
2023-07-28 01:00:00+00:00,15.5,100.0,10.8,0.4
2023-07-28 01:10:00+00:00,15.5,100.0,10.8,0.6
2023-07-28 01:20:00+00:00,15.5,100.0,10.8,0.6
2023-07-28 01:30:00+00:00,15.4,100.0,10.8,0.6
2023-07-28 01:40:00+00:00,15.4,100.0,10.8,0.6
2023-07-28 01:50:00+00:00,15.5,100.0,10.8,0.6
2023-07-28 02:00:00+00:00,15.5,100.0,10.8,0.6
2023-07-28 02:10:00+00:00,15.5,100.0,10.8,0.5
2023-07-28 02:20:00+00:00,15.4,100.0,10.8,1.1
2023-07-28 02:30:00+00:00,15.3,100.0,10.8,1.9
2023-07-28 02:40:00+00:00,15.4,100.0,10.8,2.7
2023-07-28 02:50:00+00:00,15.4,100.0,10.8,3.4
2023-07-28 03:00:00+00:00,15.4,100.0,10.8,3.4
2023-07-28 03:10:00+00:00,15.4,100.0,10.8,3.4
2023-07-28 03:20:00+00:00,15.5,100.0,10.8,3.5
2023-07-28 03:30:00+00:00,15.4,100.0,10.8,4.2
2023-07-28 03:40:00+00:00,15.4,100.0,10.8,4.2
2023-07-28 03:50:00+00:00,15.4,100.0,10.8,4.2
2023-07-28 04:00:00+00:00,15.4,100.0,10.8,4.2
2023-07-28 04:10:00+00:00,15.4,100.0,10.8,4.2
2023-07-28 04:20:00+00:00,15.4,100.0,10.8,4.2
2023-07-28 04:30:00+00:00,15.4,100.0,10.8,4.2
2023-07-28 04:40:00+00:00,15.4,100.0,10.8,4.2
2023-07-28 04:50:00+00:00,15.4,100.0,10.8,4.2
2023-07-28 05:00:00+00:00,15.4,100.0,10.8,4.2
2023-07-28 05:10:00+00:00,15.4,100.0,10.8,4.2
2023-07-28 05:20:00+00:00,15.4,100.0,10.8,4.2
2023-07-28 05:30:00+00:00,15.4,100.0,10.8,4.2
2023-07-28 05:40:00+00:00,15.4,100.0,10.8,4.2
2023-07-28 05:50:00+00:00,15.4,100.0,10.8,4.2
2023-07-28 06:00:00+00:00,15.4,100.0,10.8,4.2
2023-07-28 06:10:00+00:00,15.4,100.0,10.8,4.2
2023-07-28 06:20:00+00:00,15.4,100.0,10.8,4.2
2023-07-28 06:30:00+00:00,15.4,100.0,10.8,4.2
2023-07-28 06:40:00+00:00,15.4,100.0,10.8,4.2
2023-07-28 06:50:00+00:00,15.4,100.0,10.8,4.2
2023-07-28 07:00:00+00:00,15.4,100.0,10.8,4.2
2023-07-28 07:10:00+00:00,15.4,100.0,10.8,4.2
2023-07-28 07:20:00+00:00,15.4,100.0,10.8,4.2
2023-07-28 07:30:00+00:00,15.4,100.0,10.8,4.2
2023-07-28 07:40:00+00:00,15.4,100.0,10.8,4.2
2023-07-28 07:50:00+00:00,,,,
2023-07-28 08:00:00+00:00,15.4,100.0,10.8,4.2
2023-07-28 08:10:00+00:00,15.4,100.0,10.9,4.2
2023-07-28 08:20:00+00:00,15.4,100.0,10.9,4.2
2023-07-28 08:30:00+00:00,15.4,100.0,10.9,4.2
2023-07-28 08:40:00+00:00,15.4,100.0,10.9,4.2
2023-07-28 08:50:00+00:00,15.4,100.0,10.9,4.2
2023-07-28 09:00:00+00:00,15.4,100.0,10.9,4.2
2023-07-28 09:10:00+00:00,15.4,100.0,10.9,4.2
2023-07-28 09:20:00+00:00,15.4,100.0,10.9,4.2
2023-07-28 09:30:00+00:00,15.406589147286821,100.0,10.898062015503877,4.2
2023-07-28 09:40:00+00:00,15.413178294573644,100.0,10.896124031007753,4.2
2023-07-28 09:50:00+00:00,15.419767441860465,100.0,10.894186046511628,4.2
2023-07-28 10:00:00+00:00,15.426356589147288,100.0,10.892248062015504,4.2
2023-07-28 10:10:00+00:00,15.432945736434108,100.0,10.89031007751938,4.2
2023-07-28 10:20:00+00:00,15.439534883720931,100.0,10.888372093023257,4.2
2023-07-28 10:30:00+00:00,15.446124031007752,100.0,10.886434108527132,4.2
2023-07-28 10:40:00+00:00,15.452713178294575,100.0,10.884496124031008,4.2
2023-07-28 10:50:00+00:00,15.459302325581396,100.0,10.882558139534884,4.2
2023-07-28 11:00:00+00:00,15.465891472868217,100.0,10.880620155038761,4.2
2023-07-28 11:10:00+00:00,15.47248062015504,100.0,10.878682170542636,4.2
2023-07-28 11:20:00+00:00,15.47906976744186,100.0,10.876744186046512,4.2
2023-07-28 11:30:00+00:00,15.485658914728683,100.0,10.874806201550388,4.2
2023-07-28 11:40:00+00:00,15.492248062015504,100.0,10.872868217054265,4.2
2023-07-28 11:50:00+00:00,15.498837209302327,100.0,10.87093023255814,4.2
2023-07-28 12:00:00+00:00,15.505426356589147,100.0,10.868992248062016,4.2
2023-07-28 12:10:00+00:00,15.51201550387597,100.0,10.867054263565892,4.2
2023-07-28 12:20:00+00:00,15.518604651162791,100.0,10.865116279069769,4.2
2023-07-28 12:30:00+00:00,15.525193798449612,100.0,10.863178294573643,4.2
2023-07-28 12:40:00+00:00,15.531782945736435,100.0,10.86124031007752,4.2
2023-07-28 12:50:00+00:00,15.538372093023256,100.0,10.859302325581396,4.2
2023-07-28 13:00:00+00:00,15.544961240310078,100.0,10.857364341085272,4.2
2023-07-28 13:10:00+00:00,15.5515503875969,100.0,10.855426356589147,4.2
2023-07-28 13:20:00+00:00,15.558139534883722,100.0,10.853488372093024,4.2
2023-07-28 13:30:00+00:00,,,,
2023-07-28 13:40:00+00:00,,,,
2023-07-28 13:50:00+00:00,,,,
2023-07-28 14:00:00+00:00,,,,
2023-07-28 14:10:00+00:00,,,,
2023-07-28 14:20:00+00:00,,,,
2023-07-28 14:30:00+00:00,,,,
2023-07-28 14:40:00+00:00,,,,
2023-07-28 14:50:00+00:00,,,,
2023-07-28 15:00:00+00:00,,,,
2023-07-28 15:10:00+00:00,,,,
2023-07-28 15:20:00+00:00,,,,
2023-07-28 15:30:00+00:00,,,,
2023-07-28 15:40:00+00:00,,,,
2023-07-28 15:50:00+00:00,,,,
2023-07-28 16:00:00+00:00,,,,
2023-07-28 16:10:00+00:00,,,,
2023-07-28 16:20:00+00:00,,,,
2023-07-28 16:30:00+00:00,,,,
2023-07-28 16:40:00+00:00,,,,
2023-07-28 16:50:00+00:00,,,,
2023-07-28 17:00:00+00:00,,,,
2023-07-28 17:10:00+00:00,,,,
2023-07-28 17:20:00+00:00,,,,
2023-07-28 17:30:00+00:00,,,,
2023-07-28 17:40:00+00:00,,,,
2023-07-28 17:50:00+00:00,,,,
2023-07-28 18:00:00+00:00,,,,
2023-07-28 18:10:00+00:00,,,,
2023-07-28 18:20:00+00:00,,,,
2023-07-28 18:30:00+00:00,,,,
2023-07-28 18:40:00+00:00,,,,
2023-07-28 18:50:00+00:00,,,,
2023-07-28 19:00:00+00:00,,,,
2023-07-28 19:10:00+00:00,,,,
2023-07-28 19:20:00+00:00,,,,
2023-07-28 19:30:00+00:00,,,,
2023-07-28 19:40:00+00:00,,,,
2023-07-28 19:50:00+00:00,,,,
2023-07-28 20:00:00+00:00,,,,
2023-07-28 20:10:00+00:00,,,,
2023-07-28 20:20:00+00:00,,,,
2023-07-28 20:30:00+00:00,,,,
2023-07-28 20:40:00+00:00,,,,
2023-07-28 20:50:00+00:00,,,,
2023-07-28 21:00:00+00:00,,,,
2023-07-28 21:10:00+00:00,,,,
2023-07-28 21:20:00+00:00,,,,
2023-07-28 21:30:00+00:00,,,,
2023-07-28 21:40:00+00:00,,,,
2023-07-28 21:50:00+00:00,,,,
2023-07-28 22:00:00+00:00,,,,
2023-07-28 22:10:00+00:00,,,,
2023-07-28 22:20:00+00:00,,,,
2023-07-28 22:30:00+00:00,,,,
2023-07-28 22:40:00+00:00,,,,
2023-07-28 22:50:00+00:00,,,,
2023-07-28 23:00:00+00:00,,,,
2023-07-28 23:10:00+00:00,,,,
2023-07-28 23:20:00+00:00,,,,
2023-07-28 23:30:00+00:00,,,,
2023-07-28 23:40:00+00:00,,,,
2023-07-28 23:50:00+00:00,,,,
2023-07-29 00:00:00+00:00,,,,
2023-07-29 00:10:00+00:00,,,,
2023-07-29 00:20:00+00:00,,,,
2023-07-29 00:30:00+00:00,,,,
2023-07-29 00:40:00+00:00,,,,
2023-07-29 00:50:00+00:00,,,,
2023-07-29 01:00:00+00:00,,,,
2023-07-29 01:10:00+00:00,,,,
2023-07-29 01:20:00+00:00,,,,
2023-07-29 01:30:00+00:00,,,,
2023-07-29 01:40:00+00:00,,,,
2023-07-29 01:50:00+00:00,,,,
2023-07-29 02:00:00+00:00,,,,
2023-07-29 02:10:00+00:00,,,,
2023-07-29 02:20:00+00:00,,,,
2023-07-29 02:30:00+00:00,,,,
2023-07-29 02:40:00+00:00,,,,
2023-07-29 02:50:00+00:00,,,,
2023-07-29 03:00:00+00:00,,,,
2023-07-29 03:10:00+00:00,,,,
2023-07-29 03:20:00+00:00,,,,
2023-07-29 03:30:00+00:00,,,,
2023-07-29 03:40:00+00:00,,,,
2023-07-29 03:50:00+00:00,,,,
2023-07-29 04:00:00+00:00,,,,
2023-07-29 04:10:00+00:00,,,,
2023-07-29 04:20:00+00:00,,,,
2023-07-29 04:30:00+00:00,,,,
2023-07-29 04:40:00+00:00,,,,
2023-07-29 04:50:00+00:00,,,,
2023-07-29 05:00:00+00:00,,,,
2023-07-29 05:10:00+00:00,,,,
2023-07-29 05:20:00+00:00,,,,
2023-07-29 05:30:00+00:00,,,,
2023-07-29 05:40:00+00:00,,,,
2023-07-29 05:50:00+00:00,,,,
2023-07-29 06:00:00+00:00,,,,
2023-07-29 06:10:00+00:00,,,,
2023-07-29 06:20:00+00:00,,,,
2023-07-29 06:30:00+00:00,,,,
2023-07-29 06:40:00+00:00,,,,
2023-07-29 06:50:00+00:00,,,,
2023-07-29 07:00:00+00:00,,,,
2023-07-29 07:10:00+00:00,,,,
2023-07-29 07:20:00+00:00,,,,
2023-07-29 07:30:00+00:00,,,,
2023-07-29 07:40:00+00:00,,,,
2023-07-29 07:50:00+00:00,,,,
2023-07-29 08:00:00+00:00,,,,
2023-07-29 08:10:00+00:00,,,,
2023-07-29 08:20:00+00:00,,,,
2023-07-29 08:30:00+00:00,,,,
2023-07-29 08:40:00+00:00,,,,
2023-07-29 08:50:00+00:00,,,,
2023-07-29 09:00:00+00:00,,,,
2023-07-29 09:10:00+00:00,,,,
2023-07-29 09:20:00+00:00,,,,
2023-07-29 09:30:00+00:00,,,,
2023-07-29 09:40:00+00:00,,,,
2023-07-29 09:50:00+00:00,,,,
2023-07-29 10:00:00+00:00,,,,
2023-07-29 10:10:00+00:00,,,,
2023-07-29 10:20:00+00:00,,,,
2023-07-29 10:30:00+00:00,,,,
2023-07-29 10:40:00+00:00,,,,
2023-07-29 10:50:00+00:00,,,,
2023-07-29 11:00:00+00:00,,,,
2023-07-29 11:10:00+00:00,,,,
2023-07-29 11:20:00+00:00,,,,
2023-07-29 11:30:00+00:00,,,,
2023-07-29 11:40:00+00:00,,,,
2023-07-29 11:50:00+00:00,,,,
2023-07-29 12:00:00+00:00,,,,
2023-07-29 12:10:00+00:00,,,,
2023-07-29 12:20:00+00:00,,,,
2023-07-29 12:30:00+00:00,,,,
2023-07-29 12:40:00+00:00,,,,
2023-07-29 12:50:00+00:00,,,,
2023-07-29 13:00:00+00:00,,,,
2023-07-29 13:10:00+00:00,,,,
2023-07-29 13:20:00+00:00,,,,
2023-07-29 13:30:00+00:00,,,,
2023-07-29 13:40:00+00:00,,,,
2023-07-29 13:50:00+00:00,,,,
2023-07-29 14:00:00+00:00,,,,
2023-07-29 14:10:00+00:00,,,,
2023-07-29 14:20:00+00:00,,,,
2023-07-29 14:30:00+00:00,,,,
2023-07-29 14:40:00+00:00,,,,
2023-07-29 14:50:00+00:00,,,,
2023-07-29 15:00:00+00:00,,,,
2023-07-29 15:10:00+00:00,,,,
2023-07-29 15:20:00+00:00,,,,
2023-07-29 15:30:00+00:00,,,,
2023-07-29 15:40:00+00:00,,,,
2023-07-29 15:50:00+00:00,,,,
2023-07-29 16:00:00+00:00,,,,
2023-07-29 16:10:00+00:00,,,,
2023-07-29 16:20:00+00:00,,,,
2023-07-29 16:30:00+00:00,,,,
2023-07-29 16:40:00+00:00,,,,
2023-07-29 16:50:00+00:00,,,,
2023-07-29 17:00:00+00:00,,,,
2023-07-29 17:10:00+00:00,,,,
2023-07-29 17:20:00+00:00,,,,
2023-07-29 17:30:00+00:00,,,,
2023-07-29 17:40:00+00:00,,,,
2023-07-29 17:50:00+00:00,,,,
2023-07-29 18:00:00+00:00,,,,
2023-07-29 18:10:00+00:00,,,,
2023-07-29 18:20:00+00:00,,,,
2023-07-29 18:30:00+00:00,,,,
2023-07-29 18:40:00+00:00,,,,
2023-07-29 18:50:00+00:00,,,,
2023-07-29 19:00:00+00:00,,,,
2023-07-29 19:10:00+00:00,,,,
2023-07-29 19:20:00+00:00,,,,
2023-07-29 19:30:00+00:00,,,,
2023-07-29 19:40:00+00:00,,,,
2023-07-29 19:50:00+00:00,,,,
2023-07-29 20:00:00+00:00,,,,
2023-07-29 20:10:00+00:00,,,,
2023-07-29 20:20:00+00:00,,,,
2023-07-29 20:30:00+00:00,,,,
2023-07-29 20:40:00+00:00,,,,
2023-07-29 20:50:00+00:00,,,,
2023-07-29 21:00:00+00:00,,,,
2023-07-29 21:10:00+00:00,,,,
2023-07-29 21:20:00+00:00,,,,
2023-07-29 21:30:00+00:00,,,,
2023-07-29 21:40:00+00:00,,,,
2023-07-29 21:50:00+00:00,,,,
2023-07-29 22:00:00+00:00,,,,
2023-07-29 22:10:00+00:00,,,,
2023-07-29 22:20:00+00:00,,,,
2023-07-29 22:30:00+00:00,,,,
2023-07-29 22:40:00+00:00,,,,
2023-07-29 22:50:00+00:00,,,,
2023-07-29 23:00:00+00:00,,,,
2023-07-29 23:10:00+00:00,,,,
2023-07-29 23:20:00+00:00,,,,
2023-07-29 23:30:00+00:00,,,,
2023-07-29 23:40:00+00:00,,,,
2023-07-29 23:50:00+00:00,,,,
2023-07-30 00:00:00+00:00,,,,
2023-07-30 00:10:00+00:00,,,,
2023-07-30 00:20:00+00:00,,,,
2023-07-30 00:30:00+00:00,,,,
2023-07-30 00:40:00+00:00,,,,
2023-07-30 00:50:00+00:00,,,,
2023-07-30 01:00:00+00:00,,,,
2023-07-30 01:10:00+00:00,,,,
2023-07-30 01:20:00+00:00,,,,
2023-07-30 01:30:00+00:00,,,,
2023-07-30 01:40:00+00:00,,,,
2023-07-30 01:50:00+00:00,,,,
2023-07-30 02:00:00+00:00,,,,
2023-07-30 02:10:00+00:00,,,,
2023-07-30 02:20:00+00:00,,,,
2023-07-30 02:30:00+00:00,,,,
2023-07-30 02:40:00+00:00,,,,
2023-07-30 02:50:00+00:00,,,,
2023-07-30 03:00:00+00:00,,,,
2023-07-30 03:10:00+00:00,,,,
2023-07-30 03:20:00+00:00,,,,
2023-07-30 03:30:00+00:00,,,,
2023-07-30 03:40:00+00:00,,,,
2023-07-30 03:50:00+00:00,,,,
2023-07-30 04:00:00+00:00,,,,
2023-07-30 04:10:00+00:00,,,,
2023-07-30 04:20:00+00:00,17.1,100.0,10.4,4.2
2023-07-30 04:30:00+00:00,16.9,100.0,10.4,4.2
2023-07-30 04:40:00+00:00,17.02,100.0,10.42,4.2
2023-07-30 04:50:00+00:00,17.14,100.0,10.44,4.2
2023-07-30 05:00:00+00:00,17.259999999999998,100.0,10.46,4.2
2023-07-30 05:10:00+00:00,17.38,100.0,10.48,4.2
2023-07-30 05:20:00+00:00,17.5,100.0,10.5,4.2
2023-07-30 05:30:00+00:00,17.45,100.0,10.5,4.2
2023-07-30 05:40:00+00:00,17.4,100.0,10.5,4.2
2023-07-30 05:50:00+00:00,17.5,100.0,10.5,4.2
2023-07-30 06:00:00+00:00,17.6,100.0,10.5,4.2
2023-07-30 06:10:00+00:00,18.0,100.0,10.6,4.2
2023-07-30 06:20:00+00:00,18.0,100.0,10.6,4.2
2023-07-30 06:30:00+00:00,18.1,100.0,10.6,4.2
2023-07-30 06:40:00+00:00,18.6,100.0,10.6,4.2
2023-07-30 06:50:00+00:00,19.1,100.0,10.6,4.2
2023-07-30 07:00:00+00:00,18.8,98.0,10.7,4.2
2023-07-30 07:10:00+00:00,18.7,96.0,10.7,4.2
2023-07-30 07:20:00+00:00,18.5,95.0,10.7,4.2
2023-07-30 07:30:00+00:00,18.6,94.0,10.7,4.2
2023-07-30 07:40:00+00:00,18.8,95.0,10.7,4.2
2023-07-30 07:50:00+00:00,19.0,94.0,10.7,4.2
2023-07-30 08:00:00+00:00,19.3,94.0,10.8,4.2
2023-07-30 08:10:00+00:00,19.5,94.0,10.8,4.2
2023-07-30 08:20:00+00:00,20.3,93.0,10.8,4.2
2023-07-30 08:30:00+00:00,20.1,94.0,10.8,4.2
2023-07-30 08:40:00+00:00,19.8,94.0,10.8,4.2
2023-07-30 08:50:00+00:00,19.8,95.0,10.8,4.2
2023-07-30 09:00:00+00:00,19.7,94.0,10.8,4.2
2023-07-30 09:10:00+00:00,19.8,96.0,10.9,4.2
2023-07-30 09:20:00+00:00,19.7,96.0,10.8,4.2
2023-07-30 09:30:00+00:00,19.700000000000003,97.0,10.850000000000001,4.2
2023-07-30 09:40:00+00:00,19.5,99.0,10.8,4.2
2023-07-30 09:50:00+00:00,19.6,100.0,10.8,4.2
2023-07-30 10:00:00+00:00,20.7,100.0,10.9,4.2
2023-07-30 10:10:00+00:00,21.5,100.0,10.9,4.2
2023-07-30 10:20:00+00:00,20.6,100.0,10.7,4.2
2023-07-30 10:30:00+00:00,20.1,100.0,10.7,4.2
2023-07-30 10:40:00+00:00,20.1,100.0,10.7,4.2
2023-07-30 10:50:00+00:00,20.0,100.0,10.7,4.2
2023-07-30 11:00:00+00:00,20.0,100.0,10.7,4.2
2023-07-30 11:10:00+00:00,20.0,100.0,10.7,4.2
2023-07-30 11:20:00+00:00,19.9,100.0,10.7,4.2
2023-07-30 11:30:00+00:00,19.9,100.0,10.7,4.2
2023-07-30 11:40:00+00:00,19.7,100.0,10.7,4.2
2023-07-30 11:50:00+00:00,19.8,100.0,10.7,4.2
2023-07-30 12:00:00+00:00,19.7,100.0,10.7,4.2
2023-07-30 12:10:00+00:00,19.6,100.0,10.7,4.2
2023-07-30 12:20:00+00:00,19.7,100.0,10.8,4.2
2023-07-30 12:30:00+00:00,19.7,100.0,10.8,4.2
2023-07-30 12:40:00+00:00,19.7,100.0,10.8,4.2
2023-07-30 12:50:00+00:00,19.5,100.0,10.8,4.2
2023-07-30 13:00:00+00:00,19.5,100.0,10.8,4.2
2023-07-30 13:10:00+00:00,19.5,100.0,10.8,4.2
2023-07-30 13:20:00+00:00,19.4,100.0,10.8,4.2
2023-07-30 13:30:00+00:00,19.3,100.0,10.8,4.2
2023-07-30 13:40:00+00:00,19.4,100.0,10.8,4.2
2023-07-30 13:50:00+00:00,19.4,100.0,10.8,4.2
2023-07-30 14:00:00+00:00,19.3,100.0,10.8,4.2
2023-07-30 14:10:00+00:00,19.4,100.0,10.8,4.2
2023-07-30 14:20:00+00:00,19.2,100.0,10.8,4.2
2023-07-30 14:30:00+00:00,19.1,100.0,10.8,4.2
2023-07-30 14:40:00+00:00,19.1,100.0,10.8,4.2
2023-07-30 14:50:00+00:00,19.1,100.0,10.8,4.2
2023-07-30 15:00:00+00:00,19.0,100.0,10.8,4.2
2023-07-30 15:10:00+00:00,19.0,100.0,10.8,4.2
2023-07-30 15:20:00+00:00,19.0,100.0,10.8,4.2
2023-07-30 15:30:00+00:00,19.0,100.0,10.8,4.2
2023-07-30 15:40:00+00:00,19.0,100.0,10.8,4.2
2023-07-30 15:50:00+00:00,18.8,100.0,10.8,4.2
2023-07-30 16:00:00+00:00,18.8,100.0,10.8,4.2
2023-07-30 16:10:00+00:00,18.8,100.0,10.8,3.9
2023-07-30 16:20:00+00:00,18.7,100.0,10.8,4.2
2023-07-30 16:30:00+00:00,18.6,100.0,10.5,4.2
2023-07-30 16:40:00+00:00,18.6,100.0,10.5,4.2
2023-07-30 16:50:00+00:00,18.6,100.0,10.5,4.2
2023-07-30 17:00:00+00:00,18.6,100.0,10.5,4.2
2023-07-30 17:10:00+00:00,18.5,100.0,10.5,4.2
2023-07-30 17:20:00+00:00,18.5,100.0,10.5,4.2
2023-07-30 17:30:00+00:00,18.4,100.0,10.5,4.2
2023-07-30 17:40:00+00:00,18.3,100.0,10.5,4.2
2023-07-30 17:50:00+00:00,18.3,100.0,10.5,4.2
2023-07-30 18:00:00+00:00,18.2,100.0,10.5,4.2
2023-07-30 18:10:00+00:00,18.2,100.0,10.5,4.2
2023-07-30 18:20:00+00:00,18.1,100.0,10.5,3.9
2023-07-30 18:30:00+00:00,18.1,100.0,10.5,3.5
2023-07-30 18:40:00+00:00,18.0,100.0,10.5,3.5
2023-07-30 18:50:00+00:00,18.0,100.0,10.5,3.1
2023-07-30 19:00:00+00:00,18.0,100.0,10.5,2.3
2023-07-30 19:10:00+00:00,18.0,100.0,10.5,1.5
2023-07-30 19:20:00+00:00,17.8,100.0,10.5,1.0
2023-07-30 19:30:00+00:00,17.8,100.0,10.5,0.7
2023-07-30 19:40:00+00:00,17.8,100.0,10.5,0.4
2023-07-30 19:50:00+00:00,17.7,100.0,10.5,0.6
2023-07-30 20:00:00+00:00,17.6,100.0,10.5,0.6
2023-07-30 20:10:00+00:00,17.6,100.0,10.5,0.6
2023-07-30 20:20:00+00:00,17.5,100.0,10.5,0.6
2023-07-30 20:30:00+00:00,17.5,100.0,10.5,0.6
2023-07-30 20:40:00+00:00,17.5,100.0,10.5,0.6
2023-07-30 20:50:00+00:00,17.4,100.0,10.5,0.6
2023-07-30 21:00:00+00:00,17.4,100.0,10.5,0.6
2023-07-30 21:10:00+00:00,17.3,100.0,10.5,0.6
2023-07-30 21:20:00+00:00,17.3,100.0,10.5,0.6
2023-07-30 21:30:00+00:00,17.1,100.0,10.5,0.6
2023-07-30 21:40:00+00:00,17.1,100.0,10.4,0.6
2023-07-30 21:50:00+00:00,17.1,100.0,10.4,0.6
2023-07-30 22:00:00+00:00,17.1,100.0,10.4,0.6
2023-07-30 22:10:00+00:00,17.0,100.0,10.4,0.6
2023-07-30 22:20:00+00:00,17.0,100.0,10.4,0.6
2023-07-30 22:30:00+00:00,17.002380952380953,100.0,10.402380952380952,0.6857142857142857
2023-07-30 22:40:00+00:00,17.004761904761907,100.0,10.404761904761905,0.7714285714285714
2023-07-30 22:50:00+00:00,17.007142857142856,100.0,10.407142857142858,0.8571428571428571
2023-07-30 23:00:00+00:00,17.00952380952381,100.0,10.40952380952381,0.9428571428571428
2023-07-30 23:10:00+00:00,17.011904761904763,100.0,10.411904761904761,1.0285714285714285
2023-07-30 23:20:00+00:00,17.014285714285716,100.0,10.414285714285715,1.1142857142857143
2023-07-30 23:30:00+00:00,17.016666666666666,100.0,10.416666666666668,1.2
2023-07-30 23:40:00+00:00,17.01904761904762,100.0,10.41904761904762,1.2857142857142856
2023-07-30 23:50:00+00:00,17.021428571428572,100.0,10.42142857142857,1.3714285714285714
2023-07-31 00:00:00+00:00,17.023809523809526,100.0,10.423809523809524,1.4571428571428573
2023-07-31 00:10:00+00:00,17.026190476190475,100.0,10.426190476190477,1.5428571428571427
2023-07-31 00:20:00+00:00,17.02857142857143,100.0,10.428571428571429,1.6285714285714286
2023-07-31 00:30:00+00:00,17.03095238095238,100.0,10.43095238095238,1.7142857142857144
2023-07-31 00:40:00+00:00,17.033333333333335,100.0,10.433333333333334,1.7999999999999998
2023-07-31 00:50:00+00:00,17.035714285714285,100.0,10.435714285714287,1.8857142857142857
2023-07-31 01:00:00+00:00,17.038095238095238,100.0,10.438095238095238,1.9714285714285715
2023-07-31 01:10:00+00:00,17.04047619047619,100.0,10.44047619047619,2.057142857142857
2023-07-31 01:20:00+00:00,17.042857142857144,100.0,10.442857142857143,2.142857142857143
2023-07-31 01:30:00+00:00,17.045238095238094,100.0,10.445238095238096,2.2285714285714286
2023-07-31 01:40:00+00:00,17.047619047619047,100.0,10.447619047619048,2.3142857142857145
2023-07-31 01:50:00+00:00,17.05,100.0,10.45,2.4
2023-07-31 02:00:00+00:00,17.052380952380954,100.0,10.452380952380953,2.4857142857142858
2023-07-31 02:10:00+00:00,17.054761904761907,100.0,10.454761904761906,2.5714285714285716
2023-07-31 02:20:00+00:00,17.057142857142857,100.0,10.457142857142857,2.657142857142857
2023-07-31 02:30:00+00:00,,,,
2023-07-31 02:40:00+00:00,,,,
2023-07-31 02:50:00+00:00,,,,
2023-07-31 03:00:00+00:00,,,,
2023-07-31 03:10:00+00:00,,,,
2023-07-31 03:20:00+00:00,,,,
2023-07-31 03:30:00+00:00,,,,
2023-07-31 03:40:00+00:00,,,,
2023-07-31 03:50:00+00:00,,,,
2023-07-31 04:00:00+00:00,,,,
2023-07-31 04:10:00+00:00,,,,
2023-07-31 04:20:00+00:00,,,,
2023-07-31 04:30:00+00:00,,,,
2023-07-31 04:40:00+00:00,,,,
2023-07-31 04:50:00+00:00,,,,
2023-07-31 05:00:00+00:00,,,,
2023-07-31 05:10:00+00:00,,,,
2023-07-31 05:20:00+00:00,17.1,100.0,10.5,4.2
2023-07-31 05:30:00+00:00,17.0,100.0,10.5,4.2
2023-07-31 05:40:00+00:00,17.0,100.0,10.5,4.2
2023-07-31 05:50:00+00:00,17.0,100.0,10.5,4.2
2023-07-31 06:00:00+00:00,17.5,100.0,10.5,4.2
2023-07-31 06:10:00+00:00,17.3,100.0,10.5,4.2
2023-07-31 06:20:00+00:00,17.450000000000003,100.0,10.55,4.2
2023-07-31 06:30:00+00:00,17.6,100.0,10.6,4.2
2023-07-31 06:40:00+00:00,17.6,100.0,10.6,4.2
2023-07-31 06:50:00+00:00,18.6,100.0,10.6,4.2
2023-07-31 07:00:00+00:00,18.1,100.0,10.6,4.2
2023-07-31 07:10:00+00:00,18.0,99.5,10.6,4.2
2023-07-31 07:20:00+00:00,17.9,99.0,10.6,4.2
2023-07-31 07:30:00+00:00,17.9,98.0,10.6,4.2
2023-07-31 07:40:00+00:00,18.0,96.0,10.6,4.2
2023-07-31 07:50:00+00:00,18.0,96.0,10.6,4.2
2023-07-31 08:00:00+00:00,18.5,96.0,10.7,4.2
2023-07-31 08:10:00+00:00,18.7,96.0,10.7,4.2
2023-07-31 08:20:00+00:00,19.5,96.0,10.7,4.2
2023-07-31 08:30:00+00:00,19.6,96.0,10.7,4.2
2023-07-31 08:40:00+00:00,19.1,96.0,10.7,4.2
2023-07-31 08:50:00+00:00,19.1,96.0,10.8,4.2
2023-07-31 09:00:00+00:00,19.1,97.0,10.8,4.2
2023-07-31 09:10:00+00:00,19.0,97.5,10.850000000000001,4.2
2023-07-31 09:20:00+00:00,19.3,98.0,10.9,4.2
2023-07-31 09:30:00+00:00,19.6,99.0,10.9,4.2
2023-07-31 09:40:00+00:00,20.5,100.0,11.0,4.2
2023-07-31 09:50:00+00:00,21.6,100.0,11.0,4.2
2023-07-31 10:00:00+00:00,22.2,100.0,11.0,4.2
2023-07-31 10:10:00+00:00,22.6,100.0,11.0,4.2
2023-07-31 10:20:00+00:00,22.7,100.0,10.9,4.2
2023-07-31 10:30:00+00:00,22.1,100.0,10.9,4.2
2023-07-31 10:40:00+00:00,21.7,100.0,10.8,4.2
2023-07-31 10:50:00+00:00,21.3,100.0,10.9,4.2
2023-07-31 11:00:00+00:00,21.0,100.0,10.8,4.2
2023-07-31 11:10:00+00:00,20.6,100.0,10.8,4.2
2023-07-31 11:20:00+00:00,20.5,100.0,10.9,4.2
2023-07-31 11:30:00+00:00,20.3,100.0,10.8,4.2
2023-07-31 11:40:00+00:00,20.1,100.0,10.8,4.2
2023-07-31 11:50:00+00:00,20.1,100.0,10.8,4.2
2023-07-31 12:00:00+00:00,20.1,100.0,10.8,4.2
2023-07-31 12:10:00+00:00,19.8,100.0,10.8,4.2
2023-07-31 12:20:00+00:00,19.8,100.0,10.8,4.2
2023-07-31 12:30:00+00:00,19.8,100.0,10.8,4.2
2023-07-31 12:40:00+00:00,19.5,100.0,10.9,4.2
2023-07-31 12:50:00+00:00,19.4,100.0,10.8,4.2
2023-07-31 13:00:00+00:00,19.2,100.0,10.8,4.2
2023-07-31 13:10:00+00:00,19.1,100.0,10.9,4.2
2023-07-31 13:20:00+00:00,19.0,100.0,10.8,4.2
2023-07-31 13:30:00+00:00,18.9,100.0,10.8,4.2
2023-07-31 13:40:00+00:00,18.8,100.0,10.9,4.2
2023-07-31 13:50:00+00:00,18.7,100.0,10.8,4.2
2023-07-31 14:00:00+00:00,18.6,100.0,10.8,4.2
2023-07-31 14:10:00+00:00,18.6,100.0,10.8,4.2
2023-07-31 14:20:00+00:00,18.5,100.0,10.8,4.2
2023-07-31 14:30:00+00:00,18.5,100.0,10.8,4.2
2023-07-31 14:40:00+00:00,18.3,100.0,10.8,4.2
2023-07-31 14:50:00+00:00,18.3,100.0,10.8,4.2
2023-07-31 15:00:00+00:00,18.3,100.0,10.8,4.2
2023-07-31 15:10:00+00:00,18.3,100.0,10.8,4.2
2023-07-31 15:20:00+00:00,18.3,100.0,10.9,4.2
2023-07-31 15:30:00+00:00,18.3,100.0,10.8,4.2
2023-07-31 15:40:00+00:00,18.3,100.0,10.8,4.2
2023-07-31 15:50:00+00:00,18.200000000000003,100.0,10.8,4.2
2023-07-31 16:00:00+00:00,18.1,100.0,10.8,4.2
2023-07-31 16:10:00+00:00,18.1,100.0,10.8,4.2
2023-07-31 16:20:00+00:00,18.1,100.0,10.8,4.2
2023-07-31 16:30:00+00:00,18.1,100.0,10.8,4.2
2023-07-31 16:40:00+00:00,18.0,100.0,10.8,4.2
2023-07-31 16:50:00+00:00,18.1,100.0,10.8,4.2
2023-07-31 17:00:00+00:00,18.1,100.0,10.8,4.2
2023-07-31 17:10:00+00:00,18.1,100.0,10.8,4.2
2023-07-31 17:20:00+00:00,18.1,100.0,10.8,4.2
2023-07-31 17:30:00+00:00,18.0,100.0,10.8,4.2
2023-07-31 17:40:00+00:00,18.0,100.0,10.8,4.2
2023-07-31 17:50:00+00:00,18.0,100.0,10.8,4.2
2023-07-31 18:00:00+00:00,18.0,100.0,10.8,4.2
2023-07-31 18:10:00+00:00,17.8,100.0,10.8,3.9
2023-07-31 18:20:00+00:00,17.8,100.0,10.8,3.8
2023-07-31 18:30:00+00:00,17.7,100.0,10.8,3.5
2023-07-31 18:40:00+00:00,17.6,100.0,10.8,2.9
2023-07-31 18:50:00+00:00,17.6,100.0,10.8,2.7
2023-07-31 19:00:00+00:00,17.5,100.0,10.8,2.4
2023-07-31 19:10:00+00:00,17.5,100.0,10.7,1.5
2023-07-31 19:20:00+00:00,17.5,100.0,10.7,0.8
2023-07-31 19:30:00+00:00,17.5,100.0,10.7,0.7
2023-07-31 19:40:00+00:00,17.5,100.0,10.7,0.6
2023-07-31 19:50:00+00:00,17.5,100.0,10.7,0.4
2023-07-31 20:00:00+00:00,17.4,100.0,10.7,0.6
2023-07-31 20:10:00+00:00,17.35,100.0,10.7,0.6
2023-07-31 20:20:00+00:00,17.3,100.0,10.7,0.6
2023-07-31 20:30:00+00:00,17.3,100.0,10.7,0.6
2023-07-31 20:40:00+00:00,17.3,100.0,10.7,0.5
2023-07-31 20:50:00+00:00,17.2,100.0,10.7,0.6
2023-07-31 21:00:00+00:00,17.2,100.0,10.7,0.6
2023-07-31 21:10:00+00:00,17.2,100.0,10.7,0.5
2023-07-31 21:20:00+00:00,17.1,100.0,10.7,0.6
2023-07-31 21:30:00+00:00,17.2,100.0,10.7,0.4
2023-07-31 21:40:00+00:00,17.1,100.0,10.7,0.6
2023-07-31 21:50:00+00:00,17.1,100.0,10.7,0.6
2023-07-31 22:00:00+00:00,17.1,100.0,10.7,0.6
2023-07-31 22:10:00+00:00,17.1,100.0,10.7,0.6
2023-07-31 22:20:00+00:00,17.1,100.0,10.7,0.6
2023-07-31 22:30:00+00:00,17.1,100.0,10.7,0.6
2023-07-31 22:40:00+00:00,17.1,100.0,10.7,0.4
2023-07-31 22:50:00+00:00,17.1,100.0,10.7,0.4
2023-07-31 23:00:00+00:00,17.1,100.0,10.7,0.6
2023-07-31 23:10:00+00:00,17.0,100.0,10.7,0.6
2023-07-31 23:20:00+00:00,17.0,100.0,10.7,0.6
2023-07-31 23:30:00+00:00,17.0,100.0,10.7,0.6
2023-07-31 23:40:00+00:00,17.0,100.0,10.7,0.6
2023-07-31 23:50:00+00:00,17.0,100.0,10.7,0.6
2023-08-01 00:00:00+00:00,16.9,100.0,10.7,0.4
2023-08-01 00:10:00+00:00,16.9,100.0,10.7,0.6
2023-08-01 00:20:00+00:00,16.9,100.0,10.7,0.6
2023-08-01 00:30:00+00:00,16.8,100.0,10.7,0.6
2023-08-01 00:40:00+00:00,16.8,100.0,10.7,0.6
2023-08-01 00:50:00+00:00,16.8,100.0,10.7,0.6
2023-08-01 01:00:00+00:00,16.8,100.0,10.7,0.5
2023-08-01 01:10:00+00:00,16.8,100.0,10.7,0.6
2023-08-01 01:20:00+00:00,16.8,100.0,10.7,0.4
2023-08-01 01:30:00+00:00,16.8,100.0,10.7,0.5
2023-08-01 01:40:00+00:00,16.8,100.0,10.7,0.6
2023-08-01 01:50:00+00:00,16.8,100.0,10.7,0.6
2023-08-01 02:00:00+00:00,16.8,100.0,10.7,0.6
2023-08-01 02:10:00+00:00,16.8,100.0,10.7,0.6
2023-08-01 02:20:00+00:00,16.8,100.0,10.7,0.7
2023-08-01 02:30:00+00:00,16.8,100.0,10.7,0.6
2023-08-01 02:40:00+00:00,16.8,100.0,10.7,1.1
2023-08-01 02:50:00+00:00,16.7,100.0,10.7,1.6
2023-08-01 03:00:00+00:00,16.8,100.0,10.7,2.1
2023-08-01 03:10:00+00:00,16.7,100.0,10.7,3.0
2023-08-01 03:20:00+00:00,16.7,100.0,10.7,3.4
2023-08-01 03:30:00+00:00,16.8,100.0,10.7,3.4
2023-08-01 03:40:00+00:00,16.7,100.0,10.7,3.4
2023-08-01 03:50:00+00:00,16.7,100.0,10.7,3.6
2023-08-01 04:00:00+00:00,16.8,100.0,10.7,4.0
2023-08-01 04:10:00+00:00,16.833333333333336,100.0,10.7,4.0095238095238095
2023-08-01 04:20:00+00:00,16.866666666666667,100.0,10.7,4.019047619047619
2023-08-01 04:30:00+00:00,16.900000000000002,100.0,10.7,4.0285714285714285
2023-08-01 04:40:00+00:00,16.933333333333334,100.0,10.7,4.038095238095238
2023-08-01 04:50:00+00:00,16.96666666666667,100.0,10.7,4.0476190476190474
2023-08-01 05:00:00+00:00,17.0,100.0,10.7,4.057142857142857
2023-08-01 05:10:00+00:00,17.033333333333335,100.0,10.7,4.066666666666666
2023-08-01 05:20:00+00:00,17.066666666666666,100.0,10.7,4.076190476190476
2023-08-01 05:30:00+00:00,17.1,100.0,10.7,4.085714285714285
2023-08-01 05:40:00+00:00,17.133333333333333,100.0,10.7,4.095238095238095
2023-08-01 05:50:00+00:00,17.166666666666668,100.0,10.7,4.104761904761905
2023-08-01 06:00:00+00:00,17.2,100.0,10.7,4.114285714285715
2023-08-01 06:10:00+00:00,17.233333333333334,100.0,10.7,4.123809523809524
2023-08-01 06:20:00+00:00,17.266666666666666,100.0,10.7,4.133333333333334
2023-08-01 06:30:00+00:00,17.3,100.0,10.7,4.142857142857143
2023-08-01 06:40:00+00:00,17.333333333333332,100.0,10.7,4.152380952380953
2023-08-01 06:50:00+00:00,17.366666666666667,100.0,10.7,4.161904761904762
2023-08-01 07:00:00+00:00,17.4,100.0,10.7,4.171428571428572
2023-08-01 07:10:00+00:00,17.433333333333334,100.0,10.7,4.180952380952381
2023-08-01 07:20:00+00:00,17.466666666666665,100.0,10.7,4.190476190476191
2023-08-01 07:30:00+00:00,17.5,100.0,10.7,4.2
2023-08-01 07:40:00+00:00,17.3,100.0,10.7,4.2
2023-08-01 07:50:00+00:00,17.3,100.0,10.7,4.2
2023-08-01 08:00:00+00:00,17.3,100.0,10.7,4.2
2023-08-01 08:10:00+00:00,17.29889298892989,100.0,10.699630996309962,4.2
2023-08-01 08:20:00+00:00,17.29778597785978,100.0,10.699261992619926,4.2
2023-08-01 08:30:00+00:00,17.296678966789667,100.0,10.698892988929888,4.2
2023-08-01 08:40:00+00:00,17.29557195571956,100.0,10.698523985239852,4.2
2023-08-01 08:50:00+00:00,17.294464944649448,100.0,10.698154981549814,4.2
2023-08-01 09:00:00+00:00,17.293357933579337,100.0,10.697785977859779,4.2
2023-08-01 09:10:00+00:00,17.292250922509226,100.0,10.697416974169741,4.2
2023-08-01 09:20:00+00:00,17.291143911439114,100.0,10.697047970479703,4.2
2023-08-01 09:30:00+00:00,17.290036900369003,100.0,10.696678966789667,4.2
2023-08-01 09:40:00+00:00,17.288929889298895,100.0,10.69630996309963,4.2
2023-08-01 09:50:00+00:00,17.287822878228784,100.0,10.695940959409594,4.2
2023-08-01 10:00:00+00:00,17.286715867158673,100.0,10.695571955719556,4.2
2023-08-01 10:10:00+00:00,17.28560885608856,100.0,10.69520295202952,4.2
2023-08-01 10:20:00+00:00,17.28450184501845,100.0,10.694833948339483,4.2
2023-08-01 10:30:00+00:00,17.28339483394834,100.0,10.694464944649447,4.2
2023-08-01 10:40:00+00:00,17.282287822878228,100.0,10.694095940959409,4.2
2023-08-01 10:50:00+00:00,17.28118081180812,100.0,10.693726937269371,4.2
2023-08-01 11:00:00+00:00,17.28007380073801,100.0,10.693357933579335,4.2
2023-08-01 11:10:00+00:00,17.278966789667898,100.0,10.692988929889298,4.2
2023-08-01 11:20:00+00:00,17.277859778597787,100.0,10.692619926199262,4.2
2023-08-01 11:30:00+00:00,17.276752767527675,100.0,10.692250922509224,4.2
2023-08-01 11:40:00+00:00,17.275645756457564,100.0,10.691881918819188,4.2
2023-08-01 11:50:00+00:00,17.274538745387453,100.0,10.69151291512915,4.2
2023-08-01 12:00:00+00:00,17.273431734317345,100.0,10.691143911439113,4.2
2023-08-01 12:10:00+00:00,,,,
2023-08-01 12:20:00+00:00,,,,
2023-08-01 12:30:00+00:00,,,,
2023-08-01 12:40:00+00:00,,,,
2023-08-01 12:50:00+00:00,,,,
2023-08-01 13:00:00+00:00,,,,
2023-08-01 13:10:00+00:00,,,,
2023-08-01 13:20:00+00:00,,,,
2023-08-01 13:30:00+00:00,,,,
2023-08-01 13:40:00+00:00,,,,
2023-08-01 13:50:00+00:00,,,,
2023-08-01 14:00:00+00:00,,,,
2023-08-01 14:10:00+00:00,,,,
2023-08-01 14:20:00+00:00,,,,
2023-08-01 14:30:00+00:00,,,,
2023-08-01 14:40:00+00:00,,,,
2023-08-01 14:50:00+00:00,,,,
2023-08-01 15:00:00+00:00,,,,
2023-08-01 15:10:00+00:00,,,,
2023-08-01 15:20:00+00:00,,,,
2023-08-01 15:30:00+00:00,,,,
2023-08-01 15:40:00+00:00,,,,
2023-08-01 15:50:00+00:00,,,,
2023-08-01 16:00:00+00:00,,,,
2023-08-01 16:10:00+00:00,,,,
2023-08-01 16:20:00+00:00,,,,
2023-08-01 16:30:00+00:00,,,,
2023-08-01 16:40:00+00:00,,,,
2023-08-01 16:50:00+00:00,,,,
2023-08-01 17:00:00+00:00,,,,
2023-08-01 17:10:00+00:00,,,,
2023-08-01 17:20:00+00:00,,,,
2023-08-01 17:30:00+00:00,,,,
2023-08-01 17:40:00+00:00,,,,
2023-08-01 17:50:00+00:00,,,,
2023-08-01 18:00:00+00:00,,,,
2023-08-01 18:10:00+00:00,,,,
2023-08-01 18:20:00+00:00,,,,
2023-08-01 18:30:00+00:00,,,,
2023-08-01 18:40:00+00:00,,,,
2023-08-01 18:50:00+00:00,,,,
2023-08-01 19:00:00+00:00,,,,
2023-08-01 19:10:00+00:00,,,,
2023-08-01 19:20:00+00:00,,,,
2023-08-01 19:30:00+00:00,,,,
2023-08-01 19:40:00+00:00,,,,
2023-08-01 19:50:00+00:00,,,,
2023-08-01 20:00:00+00:00,,,,
2023-08-01 20:10:00+00:00,,,,
2023-08-01 20:20:00+00:00,,,,
2023-08-01 20:30:00+00:00,,,,
2023-08-01 20:40:00+00:00,,,,
2023-08-01 20:50:00+00:00,,,,
2023-08-01 21:00:00+00:00,,,,
2023-08-01 21:10:00+00:00,,,,
2023-08-01 21:20:00+00:00,,,,
2023-08-01 21:30:00+00:00,,,,
2023-08-01 21:40:00+00:00,,,,
2023-08-01 21:50:00+00:00,,,,
2023-08-01 22:00:00+00:00,,,,
2023-08-01 22:10:00+00:00,,,,
2023-08-01 22:20:00+00:00,,,,
2023-08-01 22:30:00+00:00,,,,
2023-08-01 22:40:00+00:00,,,,
2023-08-01 22:50:00+00:00,,,,
2023-08-01 23:00:00+00:00,,,,
2023-08-01 23:10:00+00:00,,,,
2023-08-01 23:20:00+00:00,,,,
2023-08-01 23:30:00+00:00,,,,
2023-08-01 23:40:00+00:00,,,,
2023-08-01 23:50:00+00:00,,,,
2023-08-02 00:00:00+00:00,,,,
2023-08-02 00:10:00+00:00,,,,
2023-08-02 00:20:00+00:00,,,,
2023-08-02 00:30:00+00:00,,,,
2023-08-02 00:40:00+00:00,,,,
2023-08-02 00:50:00+00:00,,,,
2023-08-02 01:00:00+00:00,,,,
2023-08-02 01:10:00+00:00,,,,
2023-08-02 01:20:00+00:00,,,,
2023-08-02 01:30:00+00:00,,,,
2023-08-02 01:40:00+00:00,,,,
2023-08-02 01:50:00+00:00,,,,
2023-08-02 02:00:00+00:00,,,,
2023-08-02 02:10:00+00:00,,,,
2023-08-02 02:20:00+00:00,,,,
2023-08-02 02:30:00+00:00,,,,
2023-08-02 02:40:00+00:00,,,,
2023-08-02 02:50:00+00:00,,,,
2023-08-02 03:00:00+00:00,,,,
2023-08-02 03:10:00+00:00,,,,
2023-08-02 03:20:00+00:00,,,,
2023-08-02 03:30:00+00:00,,,,
2023-08-02 03:40:00+00:00,,,,
2023-08-02 03:50:00+00:00,,,,
2023-08-02 04:00:00+00:00,,,,
2023-08-02 04:10:00+00:00,,,,
2023-08-02 04:20:00+00:00,,,,
2023-08-02 04:30:00+00:00,,,,
2023-08-02 04:40:00+00:00,,,,
2023-08-02 04:50:00+00:00,,,,
2023-08-02 05:00:00+00:00,,,,
2023-08-02 05:10:00+00:00,,,,
2023-08-02 05:20:00+00:00,,,,
2023-08-02 05:30:00+00:00,,,,
2023-08-02 05:40:00+00:00,,,,
2023-08-02 05:50:00+00:00,,,,
2023-08-02 06:00:00+00:00,,,,
2023-08-02 06:10:00+00:00,,,,
2023-08-02 06:20:00+00:00,,,,
2023-08-02 06:30:00+00:00,,,,
2023-08-02 06:40:00+00:00,,,,
2023-08-02 06:50:00+00:00,,,,
2023-08-02 07:00:00+00:00,,,,
2023-08-02 07:10:00+00:00,,,,
2023-08-02 07:20:00+00:00,,,,
2023-08-02 07:30:00+00:00,,,,
2023-08-02 07:40:00+00:00,,,,
2023-08-02 07:50:00+00:00,,,,
2023-08-02 08:00:00+00:00,,,,
2023-08-02 08:10:00+00:00,,,,
2023-08-02 08:20:00+00:00,,,,
2023-08-02 08:30:00+00:00,,,,
2023-08-02 08:40:00+00:00,,,,
2023-08-02 08:50:00+00:00,,,,
2023-08-02 09:00:00+00:00,,,,
2023-08-02 09:10:00+00:00,,,,
2023-08-02 09:20:00+00:00,,,,
2023-08-02 09:30:00+00:00,,,,
2023-08-02 09:40:00+00:00,,,,
2023-08-02 09:50:00+00:00,,,,
2023-08-02 10:00:00+00:00,,,,
2023-08-02 10:10:00+00:00,,,,
2023-08-02 10:20:00+00:00,,,,
2023-08-02 10:30:00+00:00,,,,
2023-08-02 10:40:00+00:00,,,,
2023-08-02 10:50:00+00:00,,,,
2023-08-02 11:00:00+00:00,,,,
2023-08-02 11:10:00+00:00,,,,
2023-08-02 11:20:00+00:00,,,,
2023-08-02 11:30:00+00:00,,,,
2023-08-02 11:40:00+00:00,,,,
2023-08-02 11:50:00+00:00,,,,
2023-08-02 12:00:00+00:00,,,,
2023-08-02 12:10:00+00:00,,,,
2023-08-02 12:20:00+00:00,,,,
2023-08-02 12:30:00+00:00,,,,
2023-08-02 12:40:00+00:00,,,,
2023-08-02 12:50:00+00:00,,,,
2023-08-02 13:00:00+00:00,,,,
2023-08-02 13:10:00+00:00,,,,
2023-08-02 13:20:00+00:00,,,,
2023-08-02 13:30:00+00:00,,,,
2023-08-02 13:40:00+00:00,,,,
2023-08-02 13:50:00+00:00,,,,
2023-08-02 14:00:00+00:00,,,,
2023-08-02 14:10:00+00:00,,,,
2023-08-02 14:20:00+00:00,,,,
2023-08-02 14:30:00+00:00,,,,
2023-08-02 14:40:00+00:00,,,,
2023-08-02 14:50:00+00:00,,,,
2023-08-02 15:00:00+00:00,,,,
2023-08-02 15:10:00+00:00,,,,
2023-08-02 15:20:00+00:00,,,,
2023-08-02 15:30:00+00:00,,,,
2023-08-02 15:40:00+00:00,,,,
2023-08-02 15:50:00+00:00,,,,
2023-08-02 16:00:00+00:00,,,,
2023-08-02 16:10:00+00:00,,,,
2023-08-02 16:20:00+00:00,,,,
2023-08-02 16:30:00+00:00,,,,
2023-08-02 16:40:00+00:00,,,,
2023-08-02 16:50:00+00:00,,,,
2023-08-02 17:00:00+00:00,,,,
2023-08-02 17:10:00+00:00,,,,
2023-08-02 17:20:00+00:00,,,,
2023-08-02 17:30:00+00:00,,,,
2023-08-02 17:40:00+00:00,,,,
2023-08-02 17:50:00+00:00,,,,
2023-08-02 18:00:00+00:00,,,,
2023-08-02 18:10:00+00:00,,,,
2023-08-02 18:20:00+00:00,,,,
2023-08-02 18:30:00+00:00,,,,
2023-08-02 18:40:00+00:00,,,,
2023-08-02 18:50:00+00:00,,,,
2023-08-02 19:00:00+00:00,,,,
2023-08-02 19:10:00+00:00,,,,
2023-08-02 19:20:00+00:00,,,,
2023-08-02 19:30:00+00:00,,,,
2023-08-02 19:40:00+00:00,,,,
2023-08-02 19:50:00+00:00,,,,
2023-08-02 20:00:00+00:00,,,,
2023-08-02 20:10:00+00:00,,,,
2023-08-02 20:20:00+00:00,,,,
2023-08-02 20:30:00+00:00,,,,
2023-08-02 20:40:00+00:00,,,,
2023-08-02 20:50:00+00:00,,,,
2023-08-02 21:00:00+00:00,,,,
2023-08-02 21:10:00+00:00,,,,
2023-08-02 21:20:00+00:00,,,,
2023-08-02 21:30:00+00:00,,,,
2023-08-02 21:40:00+00:00,,,,
2023-08-02 21:50:00+00:00,,,,
2023-08-02 22:00:00+00:00,,,,
2023-08-02 22:10:00+00:00,,,,
2023-08-02 22:20:00+00:00,,,,
2023-08-02 22:30:00+00:00,,,,
2023-08-02 22:40:00+00:00,,,,
2023-08-02 22:50:00+00:00,,,,
2023-08-02 23:00:00+00:00,,,,
2023-08-02 23:10:00+00:00,,,,
2023-08-02 23:20:00+00:00,,,,
2023-08-02 23:30:00+00:00,,,,
2023-08-02 23:40:00+00:00,,,,
2023-08-02 23:50:00+00:00,,,,
2023-08-03 00:00:00+00:00,,,,
2023-08-03 00:10:00+00:00,,,,
2023-08-03 00:20:00+00:00,,,,
2023-08-03 00:30:00+00:00,,,,
2023-08-03 00:40:00+00:00,,,,
2023-08-03 00:50:00+00:00,,,,
2023-08-03 01:00:00+00:00,,,,
2023-08-03 01:10:00+00:00,,,,
2023-08-03 01:20:00+00:00,,,,
2023-08-03 01:30:00+00:00,,,,
2023-08-03 01:40:00+00:00,,,,
2023-08-03 01:50:00+00:00,,,,
2023-08-03 02:00:00+00:00,,,,
2023-08-03 02:10:00+00:00,,,,
2023-08-03 02:20:00+00:00,,,,
2023-08-03 02:30:00+00:00,,,,
2023-08-03 02:40:00+00:00,,,,
2023-08-03 02:50:00+00:00,,,,
2023-08-03 03:00:00+00:00,,,,
2023-08-03 03:10:00+00:00,,,,
2023-08-03 03:20:00+00:00,,,,
2023-08-03 03:30:00+00:00,,,,
2023-08-03 03:40:00+00:00,,,,
2023-08-03 03:50:00+00:00,,,,
2023-08-03 04:00:00+00:00,,,,
2023-08-03 04:10:00+00:00,,,,
2023-08-03 04:20:00+00:00,,,,
2023-08-03 04:30:00+00:00,,,,
2023-08-03 04:40:00+00:00,,,,
2023-08-03 04:50:00+00:00,,,,
2023-08-03 05:00:00+00:00,,,,
2023-08-03 05:10:00+00:00,17.0,100.0,10.6,4.2
2023-08-03 05:20:00+00:00,16.8,100.0,10.6,4.2
2023-08-03 05:30:00+00:00,16.8,100.0,10.6,4.2
2023-08-03 05:40:00+00:00,16.8,100.0,10.6,4.2
2023-08-03 05:50:00+00:00,16.8,100.0,10.6,4.2
2023-08-03 06:00:00+00:00,16.8,100.0,10.6,4.2
2023-08-03 06:10:00+00:00,16.8,100.0,10.6,4.2
2023-08-03 06:20:00+00:00,16.8,100.0,10.6,4.2
2023-08-03 06:30:00+00:00,16.8,100.0,10.6,4.2
2023-08-03 06:40:00+00:00,16.8,100.0,10.6,4.2
2023-08-03 06:50:00+00:00,16.8,100.0,10.6,4.2
2023-08-03 07:00:00+00:00,16.8,100.0,10.6,4.2
2023-08-03 07:10:00+00:00,16.8,100.0,10.6,4.2
2023-08-03 07:20:00+00:00,16.8,100.0,10.7,4.2
2023-08-03 07:30:00+00:00,16.8,100.0,10.7,4.2
2023-08-03 07:40:00+00:00,16.8,100.0,10.7,4.2
2023-08-03 07:50:00+00:00,16.8,100.0,10.7,4.2
2023-08-03 08:00:00+00:00,16.8,100.0,10.7,4.2
2023-08-03 08:10:00+00:00,16.8,100.0,10.7,4.2
2023-08-03 08:20:00+00:00,16.8,100.0,10.7,4.2
2023-08-03 08:30:00+00:00,16.8,100.0,10.7,4.2
2023-08-03 08:40:00+00:00,16.8,100.0,10.8,4.2
2023-08-03 08:50:00+00:00,16.8,100.0,10.7,4.2
2023-08-03 09:00:00+00:00,16.8,100.0,10.8,4.2
2023-08-03 09:10:00+00:00,16.8,100.0,10.8,4.2
2023-08-03 09:20:00+00:00,16.8,100.0,10.8,4.2
2023-08-03 09:30:00+00:00,16.8,100.0,10.8,4.2
2023-08-03 09:40:00+00:00,16.8,100.0,10.8,4.2
2023-08-03 09:50:00+00:00,16.8,100.0,10.8,4.2
2023-08-03 10:00:00+00:00,16.8,100.0,10.9,4.2
2023-08-03 10:10:00+00:00,16.8,100.0,10.8,4.2
2023-08-03 10:20:00+00:00,16.8,100.0,10.8,4.2
2023-08-03 10:30:00+00:00,16.8,100.0,10.8,4.2
2023-08-03 10:40:00+00:00,16.8,100.0,10.8,4.2
2023-08-03 10:50:00+00:00,16.8,100.0,10.8,4.2
2023-08-03 11:00:00+00:00,16.8,100.0,10.8,4.2
2023-08-03 11:10:00+00:00,16.8,100.0,10.8,4.2
2023-08-03 11:20:00+00:00,16.8,100.0,10.8,4.2
2023-08-03 11:30:00+00:00,16.8,100.0,10.8,4.2
2023-08-03 11:40:00+00:00,16.8,100.0,10.9,4.2
2023-08-03 11:50:00+00:00,16.8,100.0,10.9,4.2
2023-08-03 12:00:00+00:00,16.8,100.0,10.9,4.2
2023-08-03 12:10:00+00:00,16.8,100.0,10.9,4.2
2023-08-03 12:20:00+00:00,16.8,100.0,10.9,4.2
2023-08-03 12:30:00+00:00,16.8,100.0,10.8,4.0
2023-08-03 12:40:00+00:00,16.8,100.0,10.4,4.2
2023-08-03 12:50:00+00:00,16.8,100.0,10.1,4.2
2023-08-03 13:00:00+00:00,16.8,100.0,9.9,3.9
2023-08-03 13:10:00+00:00,16.8,100.0,10.0,3.6
2023-08-03 13:20:00+00:00,16.8,100.0,10.1,4.2
2023-08-03 13:30:00+00:00,16.8,100.0,10.1,4.2
2023-08-03 13:40:00+00:00,16.8,100.0,10.2,4.2
2023-08-03 13:50:00+00:00,16.8,100.0,10.2,4.2
2023-08-03 14:00:00+00:00,16.8,100.0,10.2,4.2
2023-08-03 14:10:00+00:00,16.8,100.0,10.2,4.2
2023-08-03 14:20:00+00:00,16.8,100.0,10.2,4.2
2023-08-03 14:30:00+00:00,16.8,100.0,10.3,4.2
2023-08-03 14:40:00+00:00,16.8,100.0,10.3,4.2
2023-08-03 14:50:00+00:00,16.8,100.0,10.2,4.2
2023-08-03 15:00:00+00:00,16.8,100.0,10.2,4.2
2023-08-03 15:10:00+00:00,16.8,100.0,10.3,4.2
2023-08-03 15:20:00+00:00,16.8,100.0,10.2,4.2
2023-08-03 15:30:00+00:00,16.8,100.0,10.3,4.2
2023-08-03 15:40:00+00:00,16.8,100.0,10.3,4.2
2023-08-03 15:50:00+00:00,16.8,100.0,10.3,4.2
2023-08-03 16:00:00+00:00,16.8,100.0,10.2,4.2
2023-08-03 16:10:00+00:00,16.8,100.0,10.2,4.2
2023-08-03 16:20:00+00:00,16.8,100.0,10.2,4.2
2023-08-03 16:30:00+00:00,16.8,100.0,10.2,4.2
2023-08-03 16:40:00+00:00,16.8,100.0,10.2,4.2
2023-08-03 16:50:00+00:00,16.8,100.0,10.2,4.2
2023-08-03 17:00:00+00:00,16.8,100.0,10.2,4.2
2023-08-03 17:10:00+00:00,16.8,100.0,10.3,4.2
2023-08-03 17:20:00+00:00,16.8,100.0,10.3,4.2
2023-08-03 17:30:00+00:00,16.8,100.0,10.3,4.2
2023-08-03 17:40:00+00:00,16.8,100.0,10.3,4.2
2023-08-03 17:50:00+00:00,16.8,100.0,10.301492537313434,4.2
2023-08-03 18:00:00+00:00,16.8,100.0,10.302985074626866,4.2
2023-08-03 18:10:00+00:00,16.8,100.0,10.3044776119403,4.2
2023-08-03 18:20:00+00:00,16.8,100.0,10.305970149253731,4.2
2023-08-03 18:30:00+00:00,16.8,100.0,10.307462686567165,4.2
2023-08-03 18:40:00+00:00,16.8,100.0,10.308955223880597,4.2
2023-08-03 18:50:00+00:00,16.8,100.0,10.31044776119403,4.2
2023-08-03 19:00:00+00:00,16.8,100.0,10.311940298507464,4.2
2023-08-03 19:10:00+00:00,16.8,100.0,10.313432835820896,4.2
2023-08-03 19:20:00+00:00,16.8,100.0,10.31492537313433,4.2
2023-08-03 19:30:00+00:00,16.8,100.0,10.316417910447761,4.2
2023-08-03 19:40:00+00:00,16.8,100.0,10.317910447761195,4.2
2023-08-03 19:50:00+00:00,16.8,100.0,10.319402985074628,4.2
2023-08-03 20:00:00+00:00,16.8,100.0,10.32089552238806,4.2
2023-08-03 20:10:00+00:00,16.8,100.0,10.322388059701494,4.2
2023-08-03 20:20:00+00:00,16.8,100.0,10.323880597014925,4.2
2023-08-03 20:30:00+00:00,16.8,100.0,10.325373134328359,4.2
2023-08-03 20:40:00+00:00,16.8,100.0,10.32686567164179,4.2
2023-08-03 20:50:00+00:00,16.8,100.0,10.328358208955224,4.2
2023-08-03 21:00:00+00:00,16.8,100.0,10.329850746268658,4.2
2023-08-03 21:10:00+00:00,16.8,100.0,10.33134328358209,4.2
2023-08-03 21:20:00+00:00,16.8,100.0,10.332835820895523,4.2
2023-08-03 21:30:00+00:00,16.8,100.0,10.334328358208955,4.2
2023-08-03 21:40:00+00:00,16.8,100.0,10.335820895522389,4.2
2023-08-03 21:50:00+00:00,,,,
2023-08-03 22:00:00+00:00,,,,
2023-08-03 22:10:00+00:00,,,,
2023-08-03 22:20:00+00:00,,,,
2023-08-03 22:30:00+00:00,,,,
2023-08-03 22:40:00+00:00,,,,
2023-08-03 22:50:00+00:00,,,,
2023-08-03 23:00:00+00:00,,,,
2023-08-03 23:10:00+00:00,,,,
2023-08-03 23:20:00+00:00,,,,
2023-08-03 23:30:00+00:00,,,,
2023-08-03 23:40:00+00:00,,,,
2023-08-03 23:50:00+00:00,,,,
2023-08-04 00:00:00+00:00,,,,
2023-08-04 00:10:00+00:00,,,,
2023-08-04 00:20:00+00:00,,,,
2023-08-04 00:30:00+00:00,,,,
2023-08-04 00:40:00+00:00,,,,
2023-08-04 00:50:00+00:00,,,,
2023-08-04 01:00:00+00:00,,,,
2023-08-04 01:10:00+00:00,,,,
2023-08-04 01:20:00+00:00,,,,
2023-08-04 01:30:00+00:00,,,,
2023-08-04 01:40:00+00:00,,,,
2023-08-04 01:50:00+00:00,,,,
2023-08-04 02:00:00+00:00,,,,
2023-08-04 02:10:00+00:00,,,,
2023-08-04 02:20:00+00:00,,,,
2023-08-04 02:30:00+00:00,,,,
2023-08-04 02:40:00+00:00,,,,
2023-08-04 02:50:00+00:00,,,,
2023-08-04 03:00:00+00:00,,,,
2023-08-04 03:10:00+00:00,,,,
2023-08-04 03:20:00+00:00,,,,
2023-08-04 03:30:00+00:00,,,,
2023-08-04 03:40:00+00:00,,,,
2023-08-04 03:50:00+00:00,,,,
2023-08-04 04:00:00+00:00,,,,
2023-08-04 04:10:00+00:00,,,,
2023-08-04 04:20:00+00:00,,,,
2023-08-04 04:30:00+00:00,,,,
2023-08-04 04:40:00+00:00,,,,
2023-08-04 04:50:00+00:00,16.8,100.0,10.4,4.2
2023-08-04 05:00:00+00:00,16.8,100.0,10.4,4.2
2023-08-04 05:10:00+00:00,16.8,100.0,10.4,4.2
2023-08-04 05:20:00+00:00,16.8,100.0,10.4,4.2
2023-08-04 05:30:00+00:00,16.8,100.0,10.4,4.2
2023-08-04 05:40:00+00:00,16.8,100.0,10.4,4.2
2023-08-04 05:50:00+00:00,16.8,100.0,10.4,4.2
2023-08-04 06:00:00+00:00,16.8,100.0,10.5,4.2
2023-08-04 06:10:00+00:00,16.8,100.0,10.5,4.2
2023-08-04 06:20:00+00:00,16.8,100.0,10.5,4.2
2023-08-04 06:30:00+00:00,16.8,100.0,10.5,4.2
2023-08-04 06:40:00+00:00,16.8,100.0,10.5,4.2
2023-08-04 06:50:00+00:00,16.8,100.0,10.5,4.2
2023-08-04 07:00:00+00:00,16.8,100.0,10.5,4.2
2023-08-04 07:10:00+00:00,16.8,100.0,10.5,4.2
2023-08-04 07:20:00+00:00,16.8,100.0,10.6,4.2
2023-08-04 07:30:00+00:00,16.8,100.0,10.4,4.2
2023-08-04 07:40:00+00:00,16.8,98.0,10.6,4.2
2023-08-04 07:50:00+00:00,16.8,98.0,10.6,4.2
2023-08-04 08:00:00+00:00,16.8,97.0,10.6,4.2
2023-08-04 08:10:00+00:00,16.8,96.0,10.6,4.2
2023-08-04 08:20:00+00:00,16.8,97.0,10.6,4.2
2023-08-04 08:30:00+00:00,16.8,97.0,10.6,4.2
2023-08-04 08:40:00+00:00,16.8,98.0,10.6,4.2
2023-08-04 08:50:00+00:00,16.8,98.0,10.6,4.2
2023-08-04 09:00:00+00:00,16.8,98.0,10.7,4.2
2023-08-04 09:10:00+00:00,16.8,100.0,10.6,4.2
2023-08-04 09:20:00+00:00,16.8,99.0,10.7,4.2
2023-08-04 09:30:00+00:00,16.8,100.0,10.7,4.2
2023-08-04 09:40:00+00:00,16.8,100.0,10.7,4.2
2023-08-04 09:50:00+00:00,16.8,100.0,10.6,4.2
2023-08-04 10:00:00+00:00,16.8,100.0,10.6,4.2
2023-08-04 10:10:00+00:00,16.8,100.0,10.6,4.2
2023-08-04 10:20:00+00:00,16.8,100.0,10.6,4.2
2023-08-04 10:30:00+00:00,16.8,100.0,10.6,4.2
2023-08-04 10:40:00+00:00,16.8,100.0,10.6,4.2
2023-08-04 10:50:00+00:00,16.8,100.0,10.6,4.2
2023-08-04 11:00:00+00:00,16.8,100.0,10.6,4.2
2023-08-04 11:10:00+00:00,16.8,100.0,10.6,4.2
2023-08-04 11:20:00+00:00,16.8,100.0,10.6,4.2
2023-08-04 11:30:00+00:00,16.8,100.0,10.6,4.2
2023-08-04 11:40:00+00:00,16.8,100.0,10.6,4.2
2023-08-04 11:50:00+00:00,16.8,100.0,10.6,4.2
2023-08-04 12:00:00+00:00,16.8,100.0,10.6,4.2
2023-08-04 12:10:00+00:00,16.8,100.0,10.5,4.2
2023-08-04 12:20:00+00:00,16.8,100.0,10.5,4.2
2023-08-04 12:30:00+00:00,16.8,100.0,10.5,4.2
2023-08-04 12:40:00+00:00,16.8,100.0,10.5,4.2
2023-08-04 12:50:00+00:00,16.8,100.0,10.5,4.2
2023-08-04 13:00:00+00:00,16.8,100.0,10.5,4.2
2023-08-04 13:10:00+00:00,16.8,100.0,10.5,4.2
2023-08-04 13:20:00+00:00,16.8,100.0,10.5,4.2
2023-08-04 13:30:00+00:00,16.8,100.0,10.5,4.2
2023-08-04 13:40:00+00:00,16.8,100.0,10.5,4.2
2023-08-04 13:50:00+00:00,16.8,100.0,10.5,4.2
2023-08-04 14:00:00+00:00,16.8,100.0,10.5,4.2
2023-08-04 14:10:00+00:00,16.8,100.0,10.5,4.2
2023-08-04 14:20:00+00:00,16.8,100.0,10.5,4.2
2023-08-04 14:30:00+00:00,16.8,100.0,10.5,4.2
2023-08-04 14:40:00+00:00,16.8,100.0,10.5,4.2
2023-08-04 14:50:00+00:00,16.8,100.0,10.5,4.2
2023-08-04 15:00:00+00:00,16.8,100.0,10.5,4.2
2023-08-04 15:10:00+00:00,16.8,100.0,10.5,4.2
2023-08-04 15:20:00+00:00,16.8,100.0,10.5,4.2
2023-08-04 15:30:00+00:00,16.8,100.0,10.5,3.8
2023-08-04 15:40:00+00:00,16.8,100.0,10.3,4.2
2023-08-04 15:50:00+00:00,16.8,100.0,10.4,4.2
2023-08-04 16:00:00+00:00,16.8,100.0,10.4,4.2
2023-08-04 16:10:00+00:00,16.8,100.0,10.4,4.2
2023-08-04 16:20:00+00:00,16.8,100.0,10.4,4.2
2023-08-04 16:30:00+00:00,16.8,100.0,10.4,4.2
2023-08-04 16:40:00+00:00,16.8,100.0,10.4,4.2
2023-08-04 16:50:00+00:00,16.8,100.0,10.4,4.2
2023-08-04 17:00:00+00:00,16.8,100.0,10.4,4.2
2023-08-04 17:10:00+00:00,16.8,100.0,10.4,4.2
2023-08-04 17:20:00+00:00,16.8,100.0,10.4,4.2
2023-08-04 17:30:00+00:00,16.8,100.0,10.4,4.2
2023-08-04 17:40:00+00:00,16.8,100.0,10.4,4.2
2023-08-04 17:50:00+00:00,16.8,100.0,10.4,4.2
2023-08-04 18:00:00+00:00,16.8,100.0,10.4,4.2
2023-08-04 18:10:00+00:00,16.8,100.0,10.4,4.2
2023-08-04 18:20:00+00:00,16.8,100.0,10.5,4.2
2023-08-04 18:30:00+00:00,16.8,100.0,10.4,3.8
2023-08-04 18:40:00+00:00,16.8,100.0,10.4,3.3
2023-08-04 18:50:00+00:00,16.798437500000002,100.0,10.4,3.3140625
2023-08-04 19:00:00+00:00,16.796875,100.0,10.4,3.328125
2023-08-04 19:10:00+00:00,16.7953125,100.0,10.4,3.3421874999999996
2023-08-04 19:20:00+00:00,16.79375,100.0,10.4,3.3562499999999997
2023-08-04 19:30:00+00:00,16.7921875,100.0,10.4,3.3703125
2023-08-04 19:40:00+00:00,16.790625000000002,100.0,10.4,3.384375
2023-08-04 19:50:00+00:00,16.7890625,100.0,10.4,3.3984375
2023-08-04 20:00:00+00:00,16.7875,100.0,10.4,3.4124999999999996
2023-08-04 20:10:00+00:00,16.7859375,100.0,10.4,3.4265624999999997
2023-08-04 20:20:00+00:00,16.784375,100.0,10.4,3.440625
2023-08-04 20:30:00+00:00,16.782812500000002,100.0,10.4,3.4546875
2023-08-04 20:40:00+00:00,16.78125,100.0,10.4,3.46875
2023-08-04 20:50:00+00:00,16.7796875,100.0,10.4,3.4828125
2023-08-04 21:00:00+00:00,16.778125,100.0,10.4,3.4968749999999997
2023-08-04 21:10:00+00:00,16.7765625,100.0,10.4,3.5109375
2023-08-04 21:20:00+00:00,16.775,100.0,10.4,3.525
2023-08-04 21:30:00+00:00,16.7734375,100.0,10.4,3.5390625
2023-08-04 21:40:00+00:00,16.771875,100.0,10.4,3.553125
2023-08-04 21:50:00+00:00,16.7703125,100.0,10.4,3.5671875
2023-08-04 22:00:00+00:00,16.76875,100.0,10.4,3.58125
2023-08-04 22:10:00+00:00,16.7671875,100.0,10.4,3.5953125
2023-08-04 22:20:00+00:00,16.765625,100.0,10.4,3.609375
2023-08-04 22:30:00+00:00,16.7640625,100.0,10.4,3.6234375
2023-08-04 22:40:00+00:00,16.7625,100.0,10.4,3.6375
2023-08-04 22:50:00+00:00,,,,
2023-08-04 23:00:00+00:00,,,,
2023-08-04 23:10:00+00:00,,,,
2023-08-04 23:20:00+00:00,,,,
2023-08-04 23:30:00+00:00,,,,
2023-08-04 23:40:00+00:00,,,,
2023-08-04 23:50:00+00:00,,,,
2023-08-05 00:00:00+00:00,,,,
2023-08-05 00:10:00+00:00,,,,
2023-08-05 00:20:00+00:00,,,,
2023-08-05 00:30:00+00:00,,,,
2023-08-05 00:40:00+00:00,,,,
2023-08-05 00:50:00+00:00,,,,
2023-08-05 01:00:00+00:00,,,,
2023-08-05 01:10:00+00:00,,,,
2023-08-05 01:20:00+00:00,,,,
2023-08-05 01:30:00+00:00,,,,
2023-08-05 01:40:00+00:00,,,,
2023-08-05 01:50:00+00:00,,,,
2023-08-05 02:00:00+00:00,,,,
2023-08-05 02:10:00+00:00,,,,
2023-08-05 02:20:00+00:00,,,,
2023-08-05 02:30:00+00:00,,,,
2023-08-05 02:40:00+00:00,,,,
2023-08-05 02:50:00+00:00,,,,
2023-08-05 03:00:00+00:00,,,,
2023-08-05 03:10:00+00:00,,,,
2023-08-05 03:20:00+00:00,,,,
2023-08-05 03:30:00+00:00,,,,
2023-08-05 03:40:00+00:00,,,,
2023-08-05 03:50:00+00:00,,,,
2023-08-05 04:00:00+00:00,,,,
2023-08-05 04:10:00+00:00,,,,
2023-08-05 04:20:00+00:00,,,,
2023-08-05 04:30:00+00:00,,,,
2023-08-05 04:40:00+00:00,,,,
2023-08-05 04:50:00+00:00,,,,
2023-08-05 05:00:00+00:00,,,,
2023-08-05 05:10:00+00:00,,,,
2023-08-05 05:20:00+00:00,16.7,100.0,10.4,4.2
2023-08-05 05:30:00+00:00,16.6,100.0,10.4,4.2
2023-08-05 05:40:00+00:00,16.7,100.0,10.5,4.2
2023-08-05 05:50:00+00:00,16.8,100.0,10.5,4.2
2023-08-05 06:00:00+00:00,16.9,100.0,10.5,4.2
2023-08-05 06:10:00+00:00,17.0,100.0,10.5,4.2
2023-08-05 06:20:00+00:00,17.0,100.0,10.5,4.2
2023-08-05 06:30:00+00:00,17.1,100.0,10.5,4.2
2023-08-05 06:40:00+00:00,17.2,100.0,10.5,4.2
2023-08-05 06:50:00+00:00,17.3,100.0,10.5,4.2
2023-08-05 07:00:00+00:00,17.4,100.0,10.5,4.2
2023-08-05 07:10:00+00:00,17.6,100.0,10.5,4.2
2023-08-05 07:20:00+00:00,17.8,100.0,10.5,4.2
2023-08-05 07:30:00+00:00,17.9,100.0,10.5,4.2
2023-08-05 07:40:00+00:00,18.0,100.0,10.5,4.2
2023-08-05 07:50:00+00:00,18.0,100.0,10.5,4.2
2023-08-05 08:00:00+00:00,18.1,100.0,10.5,4.2
2023-08-05 08:10:00+00:00,18.2,100.0,10.5,4.2
2023-08-05 08:20:00+00:00,18.1,100.0,10.5,4.2
2023-08-05 08:30:00+00:00,18.2,100.0,10.5,4.2
2023-08-05 08:40:00+00:00,18.1,100.0,10.5,4.2
2023-08-05 08:50:00+00:00,18.1,100.0,10.6,4.2
2023-08-05 09:00:00+00:00,18.2,100.0,10.6,4.2
2023-08-05 09:10:00+00:00,18.3,100.0,10.6,4.2
2023-08-05 09:20:00+00:00,18.3,100.0,10.6,4.2
2023-08-05 09:30:00+00:00,18.3,100.0,10.6,4.2
2023-08-05 09:40:00+00:00,18.4,100.0,10.6,4.2
2023-08-05 09:50:00+00:00,18.3,100.0,10.6,4.2
2023-08-05 10:00:00+00:00,18.2,100.0,10.6,4.2
2023-08-05 10:10:00+00:00,18.1,100.0,10.6,4.2
2023-08-05 10:20:00+00:00,18.091044776119404,100.0,10.599751243781094,4.2
2023-08-05 10:30:00+00:00,18.082089552238806,100.0,10.599502487562189,4.2
2023-08-05 10:40:00+00:00,18.07313432835821,100.0,10.599253731343284,4.2
2023-08-05 10:50:00+00:00,18.064179104477613,100.0,10.599004975124378,4.2
2023-08-05 11:00:00+00:00,18.055223880597016,100.0,10.598756218905473,4.2
2023-08-05 11:10:00+00:00,18.046268656716418,100.0,10.598507462686566,4.2
2023-08-05 11:20:00+00:00,18.037313432835823,100.0,10.59825870646766,4.2
2023-08-05 11:30:00+00:00,18.028358208955225,100.0,10.598009950248755,4.2
2023-08-05 11:40:00+00:00,18.019402985074628,100.0,10.59776119402985,4.2
2023-08-05 11:50:00+00:00,18.01044776119403,100.0,10.597512437810945,4.2
2023-08-05 12:00:00+00:00,18.001492537313435,100.0,10.59726368159204,4.2
2023-08-05 12:10:00+00:00,17.992537313432837,100.0,10.597014925373134,4.2
2023-08-05 12:20:00+00:00,17.98358208955224,100.0,10.596766169154229,4.2
2023-08-05 12:30:00+00:00,17.97462686567164,100.0,10.596517412935324,4.2
2023-08-05 12:40:00+00:00,17.965671641791047,100.0,10.596268656716418,4.2
2023-08-05 12:50:00+00:00,17.95671641791045,100.0,10.596019900497511,4.2
2023-08-05 13:00:00+00:00,17.94776119402985,100.0,10.595771144278606,4.2
2023-08-05 13:10:00+00:00,17.938805970149254,100.0,10.5955223880597,4.2
2023-08-05 13:20:00+00:00,17.92985074626866,100.0,10.595273631840795,4.2
2023-08-05 13:30:00+00:00,17.92089552238806,100.0,10.59502487562189,4.2
2023-08-05 13:40:00+00:00,17.911940298507464,100.0,10.594776119402985,4.2
2023-08-05 13:50:00+00:00,17.902985074626866,100.0,10.59452736318408,4.2
2023-08-05 14:00:00+00:00,17.89402985074627,100.0,10.594278606965174,4.2
2023-08-05 14:10:00+00:00,17.885074626865674,100.0,10.594029850746269,4.2
2023-08-05 14:20:00+00:00,,,,
2023-08-05 14:30:00+00:00,,,,
2023-08-05 14:40:00+00:00,,,,
2023-08-05 14:50:00+00:00,,,,
2023-08-05 15:00:00+00:00,,,,
2023-08-05 15:10:00+00:00,,,,
2023-08-05 15:20:00+00:00,,,,
2023-08-05 15:30:00+00:00,,,,
2023-08-05 15:40:00+00:00,,,,
2023-08-05 15:50:00+00:00,,,,
2023-08-05 16:00:00+00:00,,,,
2023-08-05 16:10:00+00:00,,,,
2023-08-05 16:20:00+00:00,,,,
2023-08-05 16:30:00+00:00,,,,
2023-08-05 16:40:00+00:00,,,,
2023-08-05 16:50:00+00:00,,,,
2023-08-05 17:00:00+00:00,,,,
2023-08-05 17:10:00+00:00,,,,
2023-08-05 17:20:00+00:00,,,,
2023-08-05 17:30:00+00:00,,,,
2023-08-05 17:40:00+00:00,,,,
2023-08-05 17:50:00+00:00,,,,
2023-08-05 18:00:00+00:00,,,,
2023-08-05 18:10:00+00:00,,,,
2023-08-05 18:20:00+00:00,,,,
2023-08-05 18:30:00+00:00,,,,
2023-08-05 18:40:00+00:00,,,,
2023-08-05 18:50:00+00:00,,,,
2023-08-05 19:00:00+00:00,,,,
2023-08-05 19:10:00+00:00,,,,
2023-08-05 19:20:00+00:00,,,,
2023-08-05 19:30:00+00:00,,,,
2023-08-05 19:40:00+00:00,,,,
2023-08-05 19:50:00+00:00,,,,
2023-08-05 20:00:00+00:00,,,,
2023-08-05 20:10:00+00:00,,,,
2023-08-05 20:20:00+00:00,,,,
2023-08-05 20:30:00+00:00,,,,
2023-08-05 20:40:00+00:00,,,,
2023-08-05 20:50:00+00:00,,,,
2023-08-05 21:00:00+00:00,,,,
2023-08-05 21:10:00+00:00,,,,
2023-08-05 21:20:00+00:00,,,,
2023-08-05 21:30:00+00:00,,,,
2023-08-05 21:40:00+00:00,,,,
2023-08-05 21:50:00+00:00,,,,
2023-08-05 22:00:00+00:00,,,,
2023-08-05 22:10:00+00:00,,,,
2023-08-05 22:20:00+00:00,,,,
2023-08-05 22:30:00+00:00,,,,
2023-08-05 22:40:00+00:00,,,,
2023-08-05 22:50:00+00:00,,,,
2023-08-05 23:00:00+00:00,,,,
2023-08-05 23:10:00+00:00,,,,
2023-08-05 23:20:00+00:00,,,,
2023-08-05 23:30:00+00:00,,,,
2023-08-05 23:40:00+00:00,,,,
2023-08-05 23:50:00+00:00,,,,
2023-08-06 00:00:00+00:00,,,,
2023-08-06 00:10:00+00:00,,,,
2023-08-06 00:20:00+00:00,,,,
2023-08-06 00:30:00+00:00,,,,
2023-08-06 00:40:00+00:00,,,,
2023-08-06 00:50:00+00:00,,,,
2023-08-06 01:00:00+00:00,,,,
2023-08-06 01:10:00+00:00,,,,
2023-08-06 01:20:00+00:00,,,,
2023-08-06 01:30:00+00:00,,,,
2023-08-06 01:40:00+00:00,,,,
2023-08-06 01:50:00+00:00,,,,
2023-08-06 02:00:00+00:00,,,,
2023-08-06 02:10:00+00:00,,,,
2023-08-06 02:20:00+00:00,,,,
2023-08-06 02:30:00+00:00,,,,
2023-08-06 02:40:00+00:00,,,,
2023-08-06 02:50:00+00:00,,,,
2023-08-06 03:00:00+00:00,,,,
2023-08-06 03:10:00+00:00,,,,
2023-08-06 03:20:00+00:00,,,,
2023-08-06 03:30:00+00:00,,,,
2023-08-06 03:40:00+00:00,,,,
2023-08-06 03:50:00+00:00,,,,
2023-08-06 04:00:00+00:00,,,,
2023-08-06 04:10:00+00:00,,,,
2023-08-06 04:20:00+00:00,,,,
2023-08-06 04:30:00+00:00,,,,
2023-08-06 04:40:00+00:00,,,,
2023-08-06 04:50:00+00:00,,,,
2023-08-06 05:00:00+00:00,,,,
2023-08-06 05:10:00+00:00,,,,
2023-08-06 05:20:00+00:00,,,,
2023-08-06 05:30:00+00:00,,,,
2023-08-06 05:40:00+00:00,,,,
2023-08-06 05:50:00+00:00,,,,
2023-08-06 06:00:00+00:00,,,,
2023-08-06 06:10:00+00:00,,,,
2023-08-06 06:20:00+00:00,,,,
2023-08-06 06:30:00+00:00,,,,
2023-08-06 06:40:00+00:00,,,,
2023-08-06 06:50:00+00:00,,,,
2023-08-06 07:00:00+00:00,,,,
2023-08-06 07:10:00+00:00,,,,
2023-08-06 07:20:00+00:00,,,,
2023-08-06 07:30:00+00:00,,,,
2023-08-06 07:40:00+00:00,,,,
2023-08-06 07:50:00+00:00,,,,
2023-08-06 08:00:00+00:00,,,,
2023-08-06 08:10:00+00:00,,,,
2023-08-06 08:20:00+00:00,,,,
2023-08-06 08:30:00+00:00,,,,
2023-08-06 08:40:00+00:00,,,,
2023-08-06 08:50:00+00:00,,,,
2023-08-06 09:00:00+00:00,,,,
2023-08-06 09:10:00+00:00,,,,
2023-08-06 09:20:00+00:00,,,,
2023-08-06 09:30:00+00:00,,,,
2023-08-06 09:40:00+00:00,,,,
2023-08-06 09:50:00+00:00,,,,
2023-08-06 10:00:00+00:00,,,,
2023-08-06 10:10:00+00:00,,,,
2023-08-06 10:20:00+00:00,,,,
2023-08-06 10:30:00+00:00,,,,
2023-08-06 10:40:00+00:00,,,,
2023-08-06 10:50:00+00:00,,,,
2023-08-06 11:00:00+00:00,,,,
2023-08-06 11:10:00+00:00,,,,
2023-08-06 11:20:00+00:00,,,,
2023-08-06 11:30:00+00:00,,,,
2023-08-06 11:40:00+00:00,,,,
2023-08-06 11:50:00+00:00,,,,
2023-08-06 12:00:00+00:00,,,,
2023-08-06 12:10:00+00:00,,,,
2023-08-06 12:20:00+00:00,,,,
2023-08-06 12:30:00+00:00,,,,
2023-08-06 12:40:00+00:00,,,,
2023-08-06 12:50:00+00:00,,,,
2023-08-06 13:00:00+00:00,,,,
2023-08-06 13:10:00+00:00,,,,
2023-08-06 13:20:00+00:00,,,,
2023-08-06 13:30:00+00:00,,,,
2023-08-06 13:40:00+00:00,,,,
2023-08-06 13:50:00+00:00,,,,
2023-08-06 14:00:00+00:00,,,,
2023-08-06 14:10:00+00:00,,,,
2023-08-06 14:20:00+00:00,,,,
2023-08-06 14:30:00+00:00,,,,
2023-08-06 14:40:00+00:00,,,,
2023-08-06 14:50:00+00:00,,,,
2023-08-06 15:00:00+00:00,,,,
2023-08-06 15:10:00+00:00,,,,
2023-08-06 15:20:00+00:00,,,,
2023-08-06 15:30:00+00:00,,,,
2023-08-06 15:40:00+00:00,,,,
2023-08-06 15:50:00+00:00,,,,
2023-08-06 16:00:00+00:00,,,,
2023-08-06 16:10:00+00:00,,,,
2023-08-06 16:20:00+00:00,,,,
2023-08-06 16:30:00+00:00,,,,
2023-08-06 16:40:00+00:00,,,,
2023-08-06 16:50:00+00:00,,,,
2023-08-06 17:00:00+00:00,,,,
2023-08-06 17:10:00+00:00,,,,
2023-08-06 17:20:00+00:00,,,,
2023-08-06 17:30:00+00:00,,,,
2023-08-06 17:40:00+00:00,,,,
2023-08-06 17:50:00+00:00,,,,
2023-08-06 18:00:00+00:00,,,,
2023-08-06 18:10:00+00:00,,,,
2023-08-06 18:20:00+00:00,,,,
2023-08-06 18:30:00+00:00,,,,
2023-08-06 18:40:00+00:00,,,,
2023-08-06 18:50:00+00:00,,,,
2023-08-06 19:00:00+00:00,,,,
2023-08-06 19:10:00+00:00,,,,
2023-08-06 19:20:00+00:00,,,,
2023-08-06 19:30:00+00:00,,,,
2023-08-06 19:40:00+00:00,,,,
2023-08-06 19:50:00+00:00,,,,
2023-08-06 20:00:00+00:00,,,,
2023-08-06 20:10:00+00:00,,,,
2023-08-06 20:20:00+00:00,,,,
2023-08-06 20:30:00+00:00,,,,
2023-08-06 20:40:00+00:00,,,,
2023-08-06 20:50:00+00:00,,,,
2023-08-06 21:00:00+00:00,,,,
2023-08-06 21:10:00+00:00,,,,
2023-08-06 21:20:00+00:00,,,,
2023-08-06 21:30:00+00:00,,,,
2023-08-06 21:40:00+00:00,,,,
2023-08-06 21:50:00+00:00,,,,
2023-08-06 22:00:00+00:00,,,,
2023-08-06 22:10:00+00:00,,,,
2023-08-06 22:20:00+00:00,,,,
2023-08-06 22:30:00+00:00,,,,
2023-08-06 22:40:00+00:00,,,,
2023-08-06 22:50:00+00:00,,,,
2023-08-06 23:00:00+00:00,,,,
2023-08-06 23:10:00+00:00,,,,
2023-08-06 23:20:00+00:00,,,,
2023-08-06 23:30:00+00:00,,,,
2023-08-06 23:40:00+00:00,,,,
2023-08-06 23:50:00+00:00,,,,
2023-08-07 00:00:00+00:00,,,,
2023-08-07 00:10:00+00:00,,,,
2023-08-07 00:20:00+00:00,,,,
2023-08-07 00:30:00+00:00,,,,
2023-08-07 00:40:00+00:00,,,,
2023-08-07 00:50:00+00:00,,,,
2023-08-07 01:00:00+00:00,,,,
2023-08-07 01:10:00+00:00,,,,
2023-08-07 01:20:00+00:00,,,,
2023-08-07 01:30:00+00:00,,,,
2023-08-07 01:40:00+00:00,,,,
2023-08-07 01:50:00+00:00,,,,
2023-08-07 02:00:00+00:00,,,,
2023-08-07 02:10:00+00:00,,,,
2023-08-07 02:20:00+00:00,,,,
2023-08-07 02:30:00+00:00,,,,
2023-08-07 02:40:00+00:00,,,,
2023-08-07 02:50:00+00:00,,,,
2023-08-07 03:00:00+00:00,,,,
2023-08-07 03:10:00+00:00,,,,
2023-08-07 03:20:00+00:00,,,,
2023-08-07 03:30:00+00:00,,,,
2023-08-07 03:40:00+00:00,,,,
2023-08-07 03:50:00+00:00,,,,
2023-08-07 04:00:00+00:00,,,,
2023-08-07 04:10:00+00:00,,,,
2023-08-07 04:20:00+00:00,,,,
2023-08-07 04:30:00+00:00,,,,
2023-08-07 04:40:00+00:00,,,,
2023-08-07 04:50:00+00:00,,,,
2023-08-07 05:00:00+00:00,,,,
2023-08-07 05:10:00+00:00,,,,
2023-08-07 05:20:00+00:00,,,,
2023-08-07 05:30:00+00:00,,,,
2023-08-07 05:40:00+00:00,,,,
2023-08-07 05:50:00+00:00,,,,
2023-08-07 06:00:00+00:00,,,,
2023-08-07 06:10:00+00:00,,,,
2023-08-07 06:20:00+00:00,,,,
2023-08-07 06:30:00+00:00,,,,
2023-08-07 06:40:00+00:00,,,,
2023-08-07 06:50:00+00:00,,,,
2023-08-07 07:00:00+00:00,,,,
2023-08-07 07:10:00+00:00,,,,
2023-08-07 07:20:00+00:00,,,,
2023-08-07 07:30:00+00:00,,,,
2023-08-07 07:40:00+00:00,,,,
2023-08-07 07:50:00+00:00,,,,
2023-08-07 08:00:00+00:00,,,,
2023-08-07 08:10:00+00:00,,,,
2023-08-07 08:20:00+00:00,,,,
2023-08-07 08:30:00+00:00,,,,
2023-08-07 08:40:00+00:00,,,,
2023-08-07 08:50:00+00:00,,,,
2023-08-07 09:00:00+00:00,,,,
2023-08-07 09:10:00+00:00,,,,
2023-08-07 09:20:00+00:00,,,,
2023-08-07 09:30:00+00:00,,,,
2023-08-07 09:40:00+00:00,,,,
2023-08-07 09:50:00+00:00,,,,
2023-08-07 10:00:00+00:00,,,,
2023-08-07 10:10:00+00:00,,,,
2023-08-07 10:20:00+00:00,,,,
2023-08-07 10:30:00+00:00,,,,
2023-08-07 10:40:00+00:00,,,,
2023-08-07 10:50:00+00:00,,,,
2023-08-07 11:00:00+00:00,,,,
2023-08-07 11:10:00+00:00,,,,
2023-08-07 11:20:00+00:00,,,,
2023-08-07 11:30:00+00:00,,,,
2023-08-07 11:40:00+00:00,,,,
2023-08-07 11:50:00+00:00,,,,
2023-08-07 12:00:00+00:00,,,,
2023-08-07 12:10:00+00:00,,,,
2023-08-07 12:20:00+00:00,,,,
2023-08-07 12:30:00+00:00,,,,
2023-08-07 12:40:00+00:00,,,,
2023-08-07 12:50:00+00:00,,,,
2023-08-07 13:00:00+00:00,,,,
2023-08-07 13:10:00+00:00,,,,
2023-08-07 13:20:00+00:00,,,,
2023-08-07 13:30:00+00:00,,,,
2023-08-07 13:40:00+00:00,,,,
2023-08-07 13:50:00+00:00,,,,
2023-08-07 14:00:00+00:00,,,,
2023-08-07 14:10:00+00:00,,,,
2023-08-07 14:20:00+00:00,,,,
2023-08-07 14:30:00+00:00,,,,
2023-08-07 14:40:00+00:00,,,,
2023-08-07 14:50:00+00:00,,,,
2023-08-07 15:00:00+00:00,,,,
2023-08-07 15:10:00+00:00,,,,
2023-08-07 15:20:00+00:00,,,,
2023-08-07 15:30:00+00:00,,,,
2023-08-07 15:40:00+00:00,,,,
2023-08-07 15:50:00+00:00,,,,
2023-08-07 16:00:00+00:00,,,,
2023-08-07 16:10:00+00:00,,,,
2023-08-07 16:20:00+00:00,,,,
2023-08-07 16:30:00+00:00,,,,
2023-08-07 16:40:00+00:00,,,,
2023-08-07 16:50:00+00:00,,,,
2023-08-07 17:00:00+00:00,,,,
2023-08-07 17:10:00+00:00,,,,
2023-08-07 17:20:00+00:00,,,,
2023-08-07 17:30:00+00:00,,,,
2023-08-07 17:40:00+00:00,,,,
2023-08-07 17:50:00+00:00,,,,
2023-08-07 18:00:00+00:00,,,,
2023-08-07 18:10:00+00:00,,,,
2023-08-07 18:20:00+00:00,,,,
2023-08-07 18:30:00+00:00,,,,
2023-08-07 18:40:00+00:00,,,,
2023-08-07 18:50:00+00:00,,,,
2023-08-07 19:00:00+00:00,,,,
2023-08-07 19:10:00+00:00,,,,
2023-08-07 19:20:00+00:00,,,,
2023-08-07 19:30:00+00:00,,,,
2023-08-07 19:40:00+00:00,,,,
2023-08-07 19:50:00+00:00,,,,
2023-08-07 20:00:00+00:00,,,,
2023-08-07 20:10:00+00:00,,,,
2023-08-07 20:20:00+00:00,,,,
2023-08-07 20:30:00+00:00,,,,
2023-08-07 20:40:00+00:00,,,,
2023-08-07 20:50:00+00:00,,,,
2023-08-07 21:00:00+00:00,,,,
2023-08-07 21:10:00+00:00,,,,
2023-08-07 21:20:00+00:00,,,,
2023-08-07 21:30:00+00:00,,,,
2023-08-07 21:40:00+00:00,,,,
2023-08-07 21:50:00+00:00,,,,
2023-08-07 22:00:00+00:00,,,,
2023-08-07 22:10:00+00:00,,,,
2023-08-07 22:20:00+00:00,,,,
2023-08-07 22:30:00+00:00,,,,
2023-08-07 22:40:00+00:00,,,,
2023-08-07 22:50:00+00:00,,,,
2023-08-07 23:00:00+00:00,,,,
2023-08-07 23:10:00+00:00,,,,
2023-08-07 23:20:00+00:00,,,,
2023-08-07 23:30:00+00:00,,,,
2023-08-07 23:40:00+00:00,,,,
2023-08-07 23:50:00+00:00,,,,
2023-08-08 00:00:00+00:00,,,,
2023-08-08 00:10:00+00:00,,,,
2023-08-08 00:20:00+00:00,,,,
2023-08-08 00:30:00+00:00,,,,
2023-08-08 00:40:00+00:00,,,,
2023-08-08 00:50:00+00:00,,,,
2023-08-08 01:00:00+00:00,,,,
2023-08-08 01:10:00+00:00,,,,
2023-08-08 01:20:00+00:00,,,,
2023-08-08 01:30:00+00:00,,,,
2023-08-08 01:40:00+00:00,,,,
2023-08-08 01:50:00+00:00,,,,
2023-08-08 02:00:00+00:00,,,,
2023-08-08 02:10:00+00:00,,,,
2023-08-08 02:20:00+00:00,,,,
2023-08-08 02:30:00+00:00,,,,
2023-08-08 02:40:00+00:00,,,,
2023-08-08 02:50:00+00:00,,,,
2023-08-08 03:00:00+00:00,,,,
2023-08-08 03:10:00+00:00,,,,
2023-08-08 03:20:00+00:00,,,,
2023-08-08 03:30:00+00:00,,,,
2023-08-08 03:40:00+00:00,,,,
2023-08-08 03:50:00+00:00,,,,
2023-08-08 04:00:00+00:00,,,,
2023-08-08 04:10:00+00:00,,,,
2023-08-08 04:20:00+00:00,,,,
2023-08-08 04:30:00+00:00,,,,
2023-08-08 04:40:00+00:00,,,,
2023-08-08 04:50:00+00:00,,,,
2023-08-08 05:00:00+00:00,,,,
2023-08-08 05:10:00+00:00,14.5,100.0,10.5,4.2
2023-08-08 05:20:00+00:00,14.5,100.0,10.5,4.2
2023-08-08 05:30:00+00:00,14.5,100.0,10.5,4.2
2023-08-08 05:40:00+00:00,14.5,100.0,10.5,4.2
2023-08-08 05:50:00+00:00,14.6,100.0,10.5,4.2
2023-08-08 06:00:00+00:00,14.6,100.0,10.5,4.2
2023-08-08 06:10:00+00:00,14.7,100.0,10.5,4.2
2023-08-08 06:20:00+00:00,14.7,100.0,10.5,4.2
2023-08-08 06:30:00+00:00,14.8,100.0,10.6,4.2
2023-08-08 06:40:00+00:00,15.1,100.0,10.6,4.2
2023-08-08 06:50:00+00:00,15.2,100.0,10.6,4.2
2023-08-08 07:00:00+00:00,15.2,100.0,10.6,4.2
2023-08-08 07:10:00+00:00,15.2,100.0,10.6,4.2
2023-08-08 07:20:00+00:00,15.3,100.0,10.6,4.2
2023-08-08 07:30:00+00:00,15.5,100.0,10.6,4.2
2023-08-08 07:40:00+00:00,15.6,100.0,10.6,4.2
2023-08-08 07:50:00+00:00,15.7,100.0,10.6,4.2
2023-08-08 08:00:00+00:00,15.5,100.0,10.6,4.2
2023-08-08 08:10:00+00:00,15.5,100.0,10.6,4.2
2023-08-08 08:20:00+00:00,16.1,100.0,10.6,4.2
2023-08-08 08:30:00+00:00,15.7,100.0,10.6,4.2
2023-08-08 08:40:00+00:00,15.7,100.0,10.6,4.2
2023-08-08 08:50:00+00:00,16.1,100.0,10.7,4.2
2023-08-08 09:00:00+00:00,15.8,100.0,10.7,4.2
2023-08-08 09:10:00+00:00,15.6,100.0,10.6,4.2
2023-08-08 09:20:00+00:00,15.55,100.0,10.6,4.2
2023-08-08 09:30:00+00:00,16.3,100.0,10.7,4.2
2023-08-08 09:40:00+00:00,17.3,100.0,10.7,4.2
2023-08-08 09:50:00+00:00,17.0,100.0,10.7,4.2
2023-08-08 10:00:00+00:00,16.8,100.0,10.7,4.2
2023-08-08 10:10:00+00:00,17.1,100.0,10.7,4.2
2023-08-08 10:20:00+00:00,17.2,100.0,10.7,4.2
2023-08-08 10:30:00+00:00,17.0,100.0,10.7,4.2
2023-08-08 10:40:00+00:00,16.8,100.0,10.7,4.2
2023-08-08 10:50:00+00:00,16.7,100.0,10.7,4.2
2023-08-08 11:00:00+00:00,16.7,100.0,10.7,4.2
2023-08-08 11:10:00+00:00,16.6,100.0,10.7,4.2
2023-08-08 11:20:00+00:00,16.5,100.0,10.7,4.2
2023-08-08 11:30:00+00:00,16.3,100.0,10.7,4.2
2023-08-08 11:40:00+00:00,16.1,100.0,10.7,4.2
2023-08-08 11:50:00+00:00,16.1,100.0,10.7,4.2
2023-08-08 12:00:00+00:00,16.05,100.0,10.7,4.2
2023-08-08 12:10:00+00:00,16.0,100.0,10.7,4.2
2023-08-08 12:20:00+00:00,16.0,100.0,10.7,4.2
2023-08-08 12:30:00+00:00,16.0,100.0,10.7,4.2
2023-08-08 12:40:00+00:00,16.1,100.0,10.7,4.2
2023-08-08 12:50:00+00:00,16.1,100.0,10.7,4.2
2023-08-08 13:00:00+00:00,16.1,100.0,10.7,4.2
2023-08-08 13:10:00+00:00,16.0,100.0,10.7,4.2
2023-08-08 13:20:00+00:00,15.8,100.0,10.7,4.2
2023-08-08 13:30:00+00:00,16.0,100.0,10.7,4.2
2023-08-08 13:40:00+00:00,15.6,100.0,10.7,4.2
2023-08-08 13:50:00+00:00,15.5,100.0,10.7,4.2
2023-08-08 14:00:00+00:00,15.5,100.0,10.7,2.35
2023-08-08 14:10:00+00:00,15.5,100.0,10.7,0.5
