time,value_temp,value_hum,value_acid,value_PV
2023-08-10 09:00:00+00:00,18.0,1.0,3.6,4.0
2023-08-10 09:10:00+00:00,20.0,1.0,3.6,5.4
2023-08-10 09:20:00+00:00,19.3,1.0,3.6,5.4
2023-08-10 09:30:00+00:00,18.7,1.0,3.6,4.0
2023-08-10 09:40:00+00:00,18.3,1.0,3.6,4.1
2023-08-10 09:50:00+00:00,19.4,1.0,3.6,6.2
2023-08-10 10:00:00+00:00,18.5,1.0,3.6,5.9
2023-08-10 10:10:00+00:00,17.95,1.5,3.6,5.800000000000001
2023-08-10 10:20:00+00:00,17.4,2.0,3.6,5.7
2023-08-10 10:30:00+00:00,15.4,2.0,3.6,5.7
2023-08-10 10:40:00+00:00,16.5,2.0,3.6,4.0
2023-08-10 10:50:00+00:00,17.9,1.0,3.6,5.9
2023-08-10 11:00:00+00:00,16.6,1.0,3.6,5.6
2023-08-10 11:10:00+00:00,18.4,2.0,3.6,5.9
2023-08-10 11:20:00+00:00,19.3,1.0,3.6,5.9
2023-08-10 11:30:00+00:00,18.3,1.0,3.6,5.6
2023-08-10 11:40:00+00:00,17.4,1.0,3.6,5.5
2023-08-10 11:50:00+00:00,17.3,2.0,3.6,4.5
2023-08-10 12:00:00+00:00,17.3,1.5,3.6,4.6
2023-08-10 12:10:00+00:00,17.3,1.0,3.6,4.7
2023-08-10 12:20:00+00:00,16.1,2.0,3.6,4.3
2023-08-10 12:30:00+00:00,17.7,1.0,3.6,6.0
2023-08-10 12:40:00+00:00,17.8,1.0,3.6,6.1
2023-08-10 12:50:00+00:00,18.3,2.0,3.6,5.9
2023-08-10 13:00:00+00:00,17.5,1.0,3.6,4.5
2023-08-10 13:10:00+00:00,18.1,2.0,3.6,5.9
2023-08-10 13:20:00+00:00,18.0,2.0,3.6,5.8
2023-08-10 13:30:00+00:00,18.6,1.0,3.6,5.9
2023-08-10 13:40:00+00:00,18.1,2.0,3.6,4.2
2023-08-10 13:50:00+00:00,17.700000000000003,2.0,3.6,4.1
2023-08-10 14:00:00+00:00,17.3,2.0,3.6,4.0
2023-08-10 14:10:00+00:00,17.9,2.0,3.6,5.7
2023-08-10 14:20:00+00:00,17.8,1.0,3.6,5.9
2023-08-10 14:30:00+00:00,17.6,2.0,3.6,4.9
2023-08-10 14:40:00+00:00,17.2,1.0,3.6,5.1
2023-08-10 14:50:00+00:00,17.3,2.0,3.6,4.3
2023-08-10 15:00:00+00:00,17.2,1.0,3.6,5.6
2023-08-10 15:10:00+00:00,17.0,2.0,3.6,5.7
2023-08-10 15:20:00+00:00,17.0,2.0,3.6,4.7
2023-08-10 15:30:00+00:00,16.8,2.0,3.6,4.6
2023-08-10 15:40:00+00:00,16.75,2.0,3.6,4.9
2023-08-10 15:50:00+00:00,16.7,2.0,3.6,5.2
2023-08-10 16:00:00+00:00,16.5,2.0,3.6,5.3
2023-08-10 16:10:00+00:00,16.1,2.0,3.6,5.0
2023-08-10 16:20:00+00:00,15.8,2.0,3.6,4.4
2023-08-10 16:30:00+00:00,15.6,2.0,3.6,4.6
2023-08-10 16:40:00+00:00,15.3,2.0,3.6,4.5
2023-08-10 16:50:00+00:00,14.9,2.0,3.6,4.2
2023-08-10 17:00:00+00:00,14.6,2.0,3.6,4.1
2023-08-10 17:10:00+00:00,14.6,2.0,3.6,4.2
2023-08-10 17:20:00+00:00,14.2,2.0,3.6,4.0
2023-08-10 17:30:00+00:00,14.149999999999999,2.0,3.6,4.0
2023-08-10 17:40:00+00:00,14.1,2.0,3.6,4.0
2023-08-10 17:50:00+00:00,13.8,2.0,3.6,4.0
2023-08-10 18:00:00+00:00,13.6,3.0,3.6,3.9
2023-08-10 18:10:00+00:00,13.4,2.0,3.6,3.9
2023-08-10 18:20:00+00:00,13.1,2.0,3.6,3.8
2023-08-10 18:30:00+00:00,13.1,2.0,3.6,2.8
2023-08-10 18:40:00+00:00,13.0,2.0,3.6,2.2
2023-08-10 18:50:00+00:00,12.8,2.0,3.6,1.4
2023-08-10 19:00:00+00:00,12.8,2.0,3.6,0.9
2023-08-10 19:10:00+00:00,12.770000000000001,2.1,3.6,0.87
2023-08-10 19:20:00+00:00,12.74,2.2,3.6,0.84
2023-08-10 19:30:00+00:00,12.71,2.3,3.6,0.81
2023-08-10 19:40:00+00:00,12.68,2.4,3.6,0.78
2023-08-10 19:50:00+00:00,12.65,2.5,3.6,0.75
2023-08-10 20:00:00+00:00,12.620000000000001,2.6,3.6,0.72
2023-08-10 20:10:00+00:00,12.59,2.7,3.6,0.69
2023-08-10 20:20:00+00:00,12.56,2.8,3.6,0.6599999999999999
2023-08-10 20:30:00+00:00,12.53,2.9,3.6,0.6299999999999999
2023-08-10 20:40:00+00:00,12.5,3.0,3.6,0.6
2023-08-10 20:50:00+00:00,12.378571428571428,3.0,3.6,0.6
2023-08-10 21:00:00+00:00,12.257142857142858,3.0,3.6,0.6
2023-08-10 21:10:00+00:00,12.135714285714286,3.0,3.6,0.6
2023-08-10 21:20:00+00:00,12.014285714285714,3.0,3.6,0.6
2023-08-10 21:30:00+00:00,11.892857142857142,3.0,3.6,0.6
2023-08-10 21:40:00+00:00,11.771428571428572,3.0,3.6,0.6
2023-08-10 21:50:00+00:00,11.65,3.0,3.6,0.6
2023-08-10 22:00:00+00:00,11.528571428571428,3.0,3.6,0.6
2023-08-10 22:10:00+00:00,11.407142857142858,3.0,3.6,0.6
2023-08-10 22:20:00+00:00,11.285714285714286,3.0,3.6,0.6
2023-08-10 22:30:00+00:00,11.164285714285715,3.0,3.6,0.6
2023-08-10 22:40:00+00:00,11.042857142857144,3.0,3.6,0.6
2023-08-10 22:50:00+00:00,10.921428571428573,3.0,3.6,0.6
2023-08-10 23:00:00+00:00,10.8,3.0,3.6,0.6
2023-08-10 23:10:00+00:00,10.75,3.0,3.6,0.6
2023-08-10 23:20:00+00:00,10.700000000000001,3.0,3.6,0.6
2023-08-10 23:30:00+00:00,10.65,3.0,3.6,0.6
2023-08-10 23:40:00+00:00,10.600000000000001,3.0,3.6,0.6
2023-08-10 23:50:00+00:00,10.55,3.0,3.6,0.6
2023-08-11 00:00:00+00:00,10.5,3.0,3.6,0.6
2023-08-11 00:10:00+00:00,10.450000000000001,3.0,3.6,0.6
2023-08-11 00:20:00+00:00,10.4,3.0,3.6,0.6
2023-08-11 00:30:00+00:00,10.350000000000001,3.0,3.6,0.6
2023-08-11 00:40:00+00:00,10.3,3.0,3.6,0.6
2023-08-11 00:50:00+00:00,10.42,3.0,3.6,0.6
2023-08-11 01:00:00+00:00,10.540000000000001,3.0,3.6,0.6
2023-08-11 01:10:00+00:00,10.66,3.0,3.6,0.6
2023-08-11 01:20:00+00:00,10.780000000000001,3.0,3.6,0.6
2023-08-11 01:30:00+00:00,10.9,3.0,3.6,0.6
2023-08-11 01:40:00+00:00,11.02,3.0,3.6,0.6
2023-08-11 01:50:00+00:00,11.14,3.0,3.6,0.6
2023-08-11 02:00:00+00:00,11.26,3.0,3.6,0.6
2023-08-11 02:10:00+00:00,11.38,3.0,3.6,0.6
2023-08-11 02:20:00+00:00,11.5,3.0,3.6,0.6
2023-08-11 02:30:00+00:00,11.39,3.0,3.6,0.94
2023-08-11 02:40:00+00:00,11.28,3.0,3.6,1.2799999999999998
2023-08-11 02:50:00+00:00,11.17,3.0,3.6,1.62
2023-08-11 03:00:00+00:00,11.06,3.0,3.6,1.96
2023-08-11 03:10:00+00:00,10.95,3.0,3.6,2.3
2023-08-11 03:20:00+00:00,10.84,3.0,3.6,2.64
2023-08-11 03:30:00+00:00,10.73,3.0,3.6,2.98
2023-08-11 03:40:00+00:00,10.620000000000001,3.0,3.6,3.32
2023-08-11 03:50:00+00:00,10.51,3.0,3.6,3.6599999999999997
2023-08-11 04:00:00+00:00,10.4,3.0,3.6,4.0
2023-08-11 04:10:00+00:00,10.7,3.0,3.6,4.0
2023-08-11 04:20:00+00:00,11.0,3.0,3.6,4.0
2023-08-11 04:30:00+00:00,11.25,3.0,3.6,4.0
2023-08-11 04:40:00+00:00,11.5,3.0,3.6,4.0
2023-08-11 04:50:00+00:00,12.0,3.0,3.6,4.0
2023-08-11 05:00:00+00:00,12.8,2.0,3.6,4.0
2023-08-11 05:10:00+00:00,13.3,2.0,3.6,4.0
2023-08-11 05:20:00+00:00,14.0,3.0,3.6,4.0
2023-08-11 05:30:00+00:00,14.6,3.0,3.6,4.0
2023-08-11 05:40:00+00:00,15.5,3.0,3.6,4.0
2023-08-11 05:50:00+00:00,17.6,2.0,3.6,4.0
2023-08-11 06:00:00+00:00,18.8,2.0,3.6,3.0
2023-08-11 06:10:00+00:00,19.20909090909091,1.8181818181818181,3.590909090909091,3.090909090909091
2023-08-11 06:20:00+00:00,19.618181818181817,1.6363636363636362,3.581818181818182,3.1818181818181817
2023-08-11 06:30:00+00:00,20.027272727272727,1.4545454545454546,3.5727272727272728,3.2727272727272725
2023-08-11 06:40:00+00:00,20.436363636363637,1.2727272727272727,3.5636363636363635,3.3636363636363638
2023-08-11 06:50:00+00:00,20.845454545454547,1.0909090909090908,3.5545454545454547,3.4545454545454546
2023-08-11 07:00:00+00:00,21.254545454545454,0.9090909090909092,3.5454545454545454,3.5454545454545454
2023-08-11 07:10:00+00:00,21.663636363636364,0.7272727272727273,3.5363636363636366,3.6363636363636362
2023-08-11 07:20:00+00:00,22.072727272727274,0.5454545454545454,3.5272727272727273,3.7272727272727275
2023-08-11 07:30:00+00:00,22.481818181818184,0.36363636363636354,3.518181818181818,3.8181818181818183
2023-08-11 07:40:00+00:00,22.89090909090909,0.18181818181818166,3.5090909090909093,3.909090909090909
2023-08-11 07:50:00+00:00,23.3,0.0,3.5,4.0
2023-08-11 08:00:00+00:00,24.9,0.0,3.5,4.0
2023-08-11 08:10:00+00:00,25.35,0.0,3.5,4.0
2023-08-11 08:20:00+00:00,25.8,0.0,3.5,4.0
2023-08-11 08:30:00+00:00,27.6,0.0,3.4,4.0
2023-08-11 08:40:00+00:00,20.0,0.0,3.2,4.0
2023-08-11 08:50:00+00:00,15.5,30.0,3.3,4.0
2023-08-11 09:00:00+00:00,15.4,31.0,3.3,4.0
2023-08-11 09:10:00+00:00,15.3,32.0,3.3,4.0
2023-08-11 09:20:00+00:00,15.3,32.0,3.3,4.0
2023-08-11 09:30:00+00:00,15.3,32.0,3.3,4.0
2023-08-11 09:40:00+00:00,15.3,32.0,3.2,5.6
2023-08-11 09:50:00+00:00,15.3,32.0,3.2,5.8
2023-08-11 10:00:00+00:00,15.3,32.5,3.2,6.0
2023-08-11 10:10:00+00:00,15.3,33.0,3.2,6.2
2023-08-11 10:20:00+00:00,15.4,34.0,3.2,6.0
2023-08-11 10:30:00+00:00,15.4,35.0,3.2,5.7
2023-08-11 10:40:00+00:00,15.5,35.0,3.2,5.9
2023-08-11 10:50:00+00:00,15.5,36.0,3.2,5.9
2023-08-11 11:00:00+00:00,15.6,36.0,3.2,5.9
2023-08-11 11:10:00+00:00,15.6,36.0,3.2,6.0
2023-08-11 11:20:00+00:00,15.7,37.0,3.2,5.9
2023-08-11 11:30:00+00:00,15.8,39.0,3.2,6.1
2023-08-11 11:40:00+00:00,15.9,38.0,3.2,6.0
2023-08-11 11:50:00+00:00,15.95,38.5,3.2,5.75
2023-08-11 12:00:00+00:00,16.0,39.0,3.2,5.5
2023-08-11 12:10:00+00:00,16.1,40.0,3.3,5.6
2023-08-11 12:20:00+00:00,16.2,40.0,3.3,5.6
2023-08-11 12:30:00+00:00,16.3,40.0,3.3,6.3
2023-08-11 12:40:00+00:00,16.4,39.0,3.2,6.1
2023-08-11 12:50:00+00:00,16.5,39.0,3.2,5.8
2023-08-11 13:00:00+00:00,16.6,40.0,3.3,5.9
2023-08-11 13:10:00+00:00,16.6,39.0,3.3,6.0
2023-08-11 13:20:00+00:00,16.7,39.0,3.2,6.0
2023-08-11 13:30:00+00:00,16.8,38.0,3.2,6.0
2023-08-11 13:40:00+00:00,16.8,38.0,3.2,6.1
2023-08-11 13:50:00+00:00,16.8,38.0,3.2,6.2
2023-08-11 14:00:00+00:00,16.9,38.0,3.2,5.8
2023-08-11 14:10:00+00:00,17.0,38.0,3.2,5.7
2023-08-11 14:20:00+00:00,17.0,38.0,3.2,5.8
2023-08-11 14:30:00+00:00,17.0,37.0,3.2,6.0
2023-08-11 14:40:00+00:00,17.1,37.0,3.2,5.8
2023-08-11 14:50:00+00:00,17.1,37.0,3.3,6.0
2023-08-11 15:00:00+00:00,17.1,36.0,3.3,5.9
2023-08-11 15:10:00+00:00,17.1,36.0,3.2,5.8
2023-08-11 15:20:00+00:00,17.2,35.0,3.3,5.7
2023-08-11 15:30:00+00:00,17.2,35.0,3.3,5.9
2023-08-11 15:40:00+00:00,17.2,35.0,3.3,6.1
2023-08-11 15:50:00+00:00,17.3,35.0,3.2,6.1
2023-08-11 16:00:00+00:00,17.3,34.0,3.2,5.1
2023-08-11 16:10:00+00:00,17.3,34.0,3.3,4.1
2023-08-11 16:20:00+00:00,17.3,33.0,3.3,6.0
2023-08-11 16:30:00+00:00,17.3,33.0,3.2,5.9
2023-08-11 16:40:00+00:00,17.3,33.0,3.3,6.0
2023-08-11 16:50:00+00:00,17.4,32.0,3.3,5.9
2023-08-11 17:00:00+00:00,17.4,32.0,3.3,5.8
2023-08-11 17:10:00+00:00,17.4,32.0,3.3,5.4
2023-08-11 17:20:00+00:00,17.4,32.0,3.3499999999999996,5.300000000000001
2023-08-11 17:30:00+00:00,17.4,32.0,3.4,5.2
2023-08-11 17:40:00+00:00,17.4,31.0,3.4,4.0
2023-08-11 17:50:00+00:00,17.4,31.0,3.4,4.3
2023-08-11 18:00:00+00:00,17.4,31.0,3.5,4.6
2023-08-11 18:10:00+00:00,17.4,31.0,3.4,4.3
2023-08-11 18:20:00+00:00,17.4,31.0,3.4,3.9
2023-08-11 18:30:00+00:00,17.3,31.0,3.5,3.6
2023-08-11 18:40:00+00:00,17.3,31.0,3.5,2.7
2023-08-11 18:50:00+00:00,17.3,31.0,3.5,1.5
2023-08-11 19:00:00+00:00,17.3,31.0,3.5,0.9
2023-08-11 19:10:00+00:00,17.264285714285716,31.0,3.5,0.8785714285714286
2023-08-11 19:20:00+00:00,17.228571428571428,31.0,3.5,0.8571428571428572
2023-08-11 19:30:00+00:00,17.192857142857143,31.0,3.5,0.8357142857142857
2023-08-11 19:40:00+00:00,17.15714285714286,31.0,3.5,0.8142857142857143
2023-08-11 19:50:00+00:00,17.121428571428574,31.0,3.5,0.7928571428571428
2023-08-11 20:00:00+00:00,17.085714285714285,31.0,3.5,0.7714285714285715
2023-08-11 20:10:00+00:00,17.05,31.0,3.5,0.75
2023-08-11 20:20:00+00:00,17.014285714285716,31.0,3.5,0.7285714285714285
2023-08-11 20:30:00+00:00,16.978571428571428,31.0,3.5,0.7071428571428571
2023-08-11 20:40:00+00:00,16.942857142857143,31.0,3.5,0.6857142857142857
2023-08-11 20:50:00+00:00,16.90714285714286,31.0,3.5,0.6642857142857143
2023-08-11 21:00:00+00:00,16.871428571428574,31.0,3.5,0.6428571428571428
2023-08-11 21:10:00+00:00,16.835714285714285,31.0,3.5,0.6214285714285714
2023-08-11 21:20:00+00:00,16.8,31.0,3.5,0.6
2023-08-11 21:30:00+00:00,16.75,30.9,3.51,0.6
2023-08-11 21:40:00+00:00,16.7,30.8,3.52,0.6
2023-08-11 21:50:00+00:00,16.650000000000002,30.7,3.5300000000000002,0.6
2023-08-11 22:00:00+00:00,16.6,30.6,3.54,0.6
2023-08-11 22:10:00+00:00,16.55,30.5,3.55,0.6
2023-08-11 22:20:00+00:00,16.5,30.4,3.56,0.6
2023-08-11 22:30:00+00:00,16.45,30.3,3.5700000000000003,0.6
2023-08-11 22:40:00+00:00,16.400000000000002,30.2,3.58,0.6
2023-08-11 22:50:00+00:00,16.35,30.1,3.59,0.6
2023-08-11 23:00:00+00:00,16.3,30.0,3.6,0.6
2023-08-11 23:10:00+00:00,16.25,30.0,3.6,0.6
2023-08-11 23:20:00+00:00,16.2,30.0,3.6,0.6
2023-08-11 23:30:00+00:00,16.150000000000002,30.0,3.6,0.6
2023-08-11 23:40:00+00:00,16.1,30.0,3.6,0.6
2023-08-11 23:50:00+00:00,16.05,30.0,3.6,0.6
2023-08-12 00:00:00+00:00,16.0,30.0,3.6,0.6
2023-08-12 00:10:00+00:00,15.950000000000001,30.0,3.6,0.6
2023-08-12 00:20:00+00:00,15.9,30.0,3.6,0.6
2023-08-12 00:30:00+00:00,15.850000000000001,30.0,3.6,0.6
2023-08-12 00:40:00+00:00,15.8,30.0,3.6,0.6
2023-08-12 00:50:00+00:00,15.760000000000002,30.0,3.6,0.58
2023-08-12 01:00:00+00:00,15.72,30.0,3.6,0.5599999999999999
2023-08-12 01:10:00+00:00,15.68,30.0,3.6,0.54
2023-08-12 01:20:00+00:00,15.64,30.0,3.6,0.52
2023-08-12 01:30:00+00:00,15.600000000000001,30.0,3.6,0.5
2023-08-12 01:40:00+00:00,15.56,30.0,3.6,0.48
2023-08-12 01:50:00+00:00,15.52,30.0,3.6,0.45999999999999996
2023-08-12 02:00:00+00:00,15.48,30.0,3.6,0.44
2023-08-12 02:10:00+00:00,15.440000000000001,30.0,3.6,0.42000000000000004
2023-08-12 02:20:00+00:00,15.4,30.0,3.6,0.4
2023-08-12 02:30:00+00:00,15.355,30.0,3.595,0.76
2023-08-12 02:40:00+00:00,15.31,30.0,3.59,1.12
2023-08-12 02:50:00+00:00,15.265,30.0,3.585,1.48
2023-08-12 03:00:00+00:00,15.22,30.0,3.58,1.8399999999999999
2023-08-12 03:10:00+00:00,15.175,30.0,3.575,2.1999999999999997
2023-08-12 03:20:00+00:00,15.129999999999999,30.0,3.57,2.56
2023-08-12 03:30:00+00:00,15.084999999999999,30.0,3.565,2.92
2023-08-12 03:40:00+00:00,15.04,30.0,3.56,3.28
2023-08-12 03:50:00+00:00,14.995,30.0,3.5549999999999997,3.6399999999999997
2023-08-12 04:00:00+00:00,14.95,30.0,3.55,4.0
2023-08-12 04:10:00+00:00,14.9,30.0,3.5,4.0
2023-08-12 04:20:00+00:00,14.850000000000001,30.0,3.5,4.0
2023-08-12 04:30:00+00:00,14.8,30.0,3.5,4.0
2023-08-12 04:40:00+00:00,14.8,30.0,3.5,4.0
2023-08-12 04:50:00+00:00,14.8,30.0,3.5,4.0
2023-08-12 05:00:00+00:00,14.8,30.0,3.4,4.0
2023-08-12 05:10:00+00:00,14.7,30.0,3.4,4.0
2023-08-12 05:20:00+00:00,14.7,30.0,3.5,4.0
2023-08-12 05:30:00+00:00,14.6,30.0,3.5,4.0
2023-08-12 05:40:00+00:00,14.6,30.0,3.4,4.0
2023-08-12 05:50:00+00:00,14.6,30.0,3.4,4.0
2023-08-12 06:00:00+00:00,14.6,30.0,3.4,4.0
2023-08-12 06:10:00+00:00,14.6,30.0,3.4,4.0
2023-08-12 06:20:00+00:00,14.6,30.0,3.4,4.0
2023-08-12 06:30:00+00:00,14.6,30.0,3.4,4.0
2023-08-12 06:40:00+00:00,14.6,30.0,3.4,4.0
2023-08-12 06:50:00+00:00,14.6,30.0,3.4,4.0
2023-08-12 07:00:00+00:00,14.6,29.0,3.3,4.0
2023-08-12 07:10:00+00:00,14.6,29.0,3.3,4.0
2023-08-12 07:20:00+00:00,14.6,29.0,3.3,4.0
2023-08-12 07:30:00+00:00,14.6,29.0,3.3,4.0
2023-08-12 07:40:00+00:00,14.6,29.0,3.3,4.0
2023-08-12 07:50:00+00:00,14.6,28.0,3.2,4.0
2023-08-12 08:00:00+00:00,14.649999999999999,28.5,3.2,4.0
2023-08-12 08:10:00+00:00,14.7,29.0,3.2,4.0
2023-08-12 08:20:00+00:00,14.7,28.0,3.2,4.1
2023-08-12 08:30:00+00:00,14.8,28.0,3.2,5.8
2023-08-12 08:40:00+00:00,14.8,28.0,3.2,5.8
2023-08-12 08:50:00+00:00,14.8,28.0,3.2,5.9
2023-08-12 09:00:00+00:00,15.0,28.0,3.2,6.0
2023-08-12 09:10:00+00:00,15.0,28.0,3.1,6.1
2023-08-12 09:20:00+00:00,15.1,28.0,3.2,6.1
2023-08-12 09:30:00+00:00,15.1,28.0,3.1,6.0
2023-08-12 09:40:00+00:00,15.3,28.0,3.2,6.0
2023-08-12 09:50:00+00:00,15.350000000000001,28.0,3.2,6.0
2023-08-12 10:00:00+00:00,15.4,28.0,3.2,6.0
2023-08-12 10:10:00+00:00,15.5,28.0,3.1,6.0
2023-08-12 10:20:00+00:00,15.6,30.0,3.1,6.0
2023-08-12 10:30:00+00:00,15.7,30.0,3.1,6.0
2023-08-12 10:40:00+00:00,15.8,30.0,3.1,6.0
2023-08-12 10:50:00+00:00,16.0,30.0,3.1,6.0
2023-08-12 11:00:00+00:00,16.1,30.0,3.1,6.0
2023-08-12 11:10:00+00:00,16.2,30.0,3.1,5.9
2023-08-12 11:20:00+00:00,16.3,30.0,3.1,6.0
2023-08-12 11:30:00+00:00,16.5,30.0,3.1,5.9
2023-08-12 11:40:00+00:00,16.6,31.0,3.1,5.9
2023-08-12 11:50:00+00:00,16.8,30.0,3.1,6.0
2023-08-12 12:00:00+00:00,16.9,31.0,3.1,5.8
2023-08-12 12:10:00+00:00,16.95,31.0,3.1,5.8
2023-08-12 12:20:00+00:00,17.0,31.0,3.1,5.8
2023-08-12 12:30:00+00:00,17.1,32.0,3.1,6.0
2023-08-12 12:40:00+00:00,17.3,32.0,3.1,5.9
2023-08-12 12:50:00+00:00,17.5,32.0,3.1,5.9
2023-08-12 13:00:00+00:00,17.6,32.0,3.1,5.8
2023-08-12 13:10:00+00:00,17.8,32.0,3.1,5.9
2023-08-12 13:20:00+00:00,17.9,31.0,3.1,5.9
2023-08-12 13:30:00+00:00,18.0,31.0,3.1,5.9
2023-08-12 13:40:00+00:00,18.1,30.0,3.1,5.9
2023-08-12 13:50:00+00:00,18.2,30.0,3.1,5.9
2023-08-12 14:00:00+00:00,18.25,30.0,3.1,5.9
2023-08-12 14:10:00+00:00,18.3,30.0,3.1,5.9
2023-08-12 14:20:00+00:00,18.4,29.0,3.1,5.9
2023-08-12 14:30:00+00:00,18.5,28.0,3.1,5.8
2023-08-12 14:40:00+00:00,18.5,27.0,3.1,5.8
2023-08-12 14:50:00+00:00,18.6,28.0,3.1,5.8
2023-08-12 15:00:00+00:00,18.6,27.0,3.2,6.0
2023-08-12 15:10:00+00:00,18.7,26.0,3.2,5.9
2023-08-12 15:20:00+00:00,18.8,26.0,3.2,5.3
2023-08-12 15:30:00+00:00,18.8,25.0,3.2,4.0
2023-08-12 15:40:00+00:00,18.8,25.0,3.2,5.9
2023-08-12 15:50:00+00:00,18.85,25.0,3.2,5.7
2023-08-12 16:00:00+00:00,18.9,25.0,3.2,5.5
2023-08-12 16:10:00+00:00,18.9,24.0,3.2,5.6
2023-08-12 16:20:00+00:00,19.0,24.0,3.3,5.3
2023-08-12 16:30:00+00:00,19.0,24.0,3.3,4.7
2023-08-12 16:40:00+00:00,19.0,23.0,3.3,5.3
2023-08-12 16:50:00+00:00,19.0,23.0,3.3,4.2
2023-08-12 17:00:00+00:00,19.0,23.0,3.3,5.0
2023-08-12 17:10:00+00:00,19.0,22.0,3.3,5.5
2023-08-12 17:20:00+00:00,19.0,22.0,3.3,5.2
2023-08-12 17:30:00+00:00,19.0,22.0,3.3,4.9
2023-08-12 17:40:00+00:00,19.0,22.0,3.3,4.65
2023-08-12 17:50:00+00:00,19.0,22.0,3.3,4.4
2023-08-12 18:00:00+00:00,19.0,21.0,3.3,4.0
2023-08-12 18:10:00+00:00,19.0,21.0,3.3,3.9
2023-08-12 18:20:00+00:00,19.0,21.0,3.3,3.5
2023-08-12 18:30:00+00:00,19.0,21.0,3.3,2.3
2023-08-12 18:40:00+00:00,18.9,20.0,3.3,1.5
2023-08-12 18:50:00+00:00,18.9,20.0,3.3,0.9
2023-08-12 19:00:00+00:00,18.876923076923077,20.0,3.3076923076923075,0.8769230769230769
2023-08-12 19:10:00+00:00,18.853846153846153,20.0,3.315384615384615,0.8538461538461538
2023-08-12 19:20:00+00:00,18.83076923076923,20.0,3.323076923076923,0.8307692307692308
2023-08-12 19:30:00+00:00,18.807692307692307,20.0,3.3307692307692305,0.8076923076923077
2023-08-12 19:40:00+00:00,18.784615384615385,20.0,3.338461538461538,0.7846153846153846
2023-08-12 19:50:00+00:00,18.76153846153846,20.0,3.346153846153846,0.7615384615384615
2023-08-12 20:00:00+00:00,18.73846153846154,20.0,3.353846153846154,0.7384615384615385
2023-08-12 20:10:00+00:00,18.715384615384615,20.0,3.3615384615384616,0.7153846153846154
2023-08-12 20:20:00+00:00,18.692307692307693,20.0,3.3692307692307693,0.6923076923076923
2023-08-12 20:30:00+00:00,18.66923076923077,20.0,3.376923076923077,0.6692307692307692
2023-08-12 20:40:00+00:00,18.646153846153847,20.0,3.3846153846153846,0.6461538461538461
2023-08-12 20:50:00+00:00,18.623076923076923,20.0,3.3923076923076922,0.6230769230769231
2023-08-12 21:00:00+00:00,18.6,20.0,3.4,0.6
2023-08-12 21:10:00+00:00,18.57,19.9,3.4,0.58
2023-08-12 21:20:00+00:00,18.540000000000003,19.8,3.4,0.5599999999999999
2023-08-12 21:30:00+00:00,18.51,19.7,3.4,0.54
2023-08-12 21:40:00+00:00,18.48,19.6,3.4,0.52
2023-08-12 21:50:00+00:00,18.450000000000003,19.5,3.4,0.5
2023-08-12 22:00:00+00:00,18.42,19.4,3.4,0.48
2023-08-12 22:10:00+00:00,18.39,19.3,3.4,0.45999999999999996
2023-08-12 22:20:00+00:00,18.36,19.2,3.4,0.44
2023-08-12 22:30:00+00:00,18.330000000000002,19.1,3.4,0.42000000000000004
2023-08-12 22:40:00+00:00,18.3,19.0,3.4,0.4
2023-08-12 22:50:00+00:00,18.27,18.9,3.4,0.42000000000000004
2023-08-12 23:00:00+00:00,18.240000000000002,18.8,3.4,0.44
2023-08-12 23:10:00+00:00,18.21,18.7,3.4,0.46
2023-08-12 23:20:00+00:00,18.18,18.6,3.4,0.48
2023-08-12 23:30:00+00:00,18.15,18.5,3.4,0.5
2023-08-12 23:40:00+00:00,18.12,18.4,3.4,0.52
2023-08-12 23:50:00+00:00,18.09,18.3,3.4,0.54
2023-08-13 00:00:00+00:00,18.06,18.2,3.4,0.56
2023-08-13 00:10:00+00:00,18.03,18.1,3.4,0.58
2023-08-13 00:20:00+00:00,18.0,18.0,3.4,0.6
2023-08-13 00:30:00+00:00,17.97,17.9,3.4,0.6
2023-08-13 00:40:00+00:00,17.94,17.8,3.4,0.6
2023-08-13 00:50:00+00:00,17.91,17.7,3.4,0.6
2023-08-13 01:00:00+00:00,17.88,17.6,3.4,0.6
2023-08-13 01:10:00+00:00,17.85,17.5,3.4,0.6
2023-08-13 01:20:00+00:00,17.82,17.4,3.4,0.6
2023-08-13 01:30:00+00:00,17.79,17.3,3.4,0.6
2023-08-13 01:40:00+00:00,17.759999999999998,17.2,3.4,0.6
2023-08-13 01:50:00+00:00,17.73,17.1,3.4,0.6
2023-08-13 02:00:00+00:00,17.7,17.0,3.4,0.6
2023-08-13 02:10:00+00:00,17.68,17.0,3.4,0.9099999999999999
2023-08-13 02:20:00+00:00,17.66,17.0,3.4,1.22
2023-08-13 02:30:00+00:00,17.64,17.0,3.4,1.5299999999999998
2023-08-13 02:40:00+00:00,17.62,17.0,3.4,1.8399999999999999
2023-08-13 02:50:00+00:00,17.6,17.0,3.4,2.15
2023-08-13 03:00:00+00:00,17.58,17.0,3.4,2.46
2023-08-13 03:10:00+00:00,17.56,17.0,3.4,2.77
2023-08-13 03:20:00+00:00,17.54,17.0,3.4,3.08
2023-08-13 03:30:00+00:00,17.52,17.0,3.4,3.39
2023-08-13 03:40:00+00:00,17.5,17.0,3.4,3.7
2023-08-13 03:50:00+00:00,17.5,17.0,3.4,4.0
2023-08-13 04:00:00+00:00,17.4,17.0,3.4,4.0
2023-08-13 04:10:00+00:00,17.4,17.0,3.4,4.0
2023-08-13 04:20:00+00:00,17.4,17.0,3.4,4.0
2023-08-13 04:30:00+00:00,17.3,17.0,3.4,4.0
2023-08-13 04:40:00+00:00,17.3,17.0,3.4,4.0
2023-08-13 04:50:00+00:00,17.3,17.0,3.4,4.0
2023-08-13 05:00:00+00:00,17.3,17.0,3.4,4.0
2023-08-13 05:10:00+00:00,17.3,17.0,3.4,4.0
2023-08-13 05:20:00+00:00,17.3,17.0,3.3,4.0
2023-08-13 05:30:00+00:00,17.2,17.0,3.3,4.0
2023-08-13 05:40:00+00:00,17.2,17.0,3.3,4.0
2023-08-13 05:50:00+00:00,17.2,16.0,3.3,4.0
2023-08-13 06:00:00+00:00,17.2,16.0,3.3,4.0
2023-08-13 06:10:00+00:00,17.2,16.0,3.3,4.0
2023-08-13 06:20:00+00:00,17.2,16.0,3.3,4.0
2023-08-13 06:30:00+00:00,17.2,16.0,3.3,4.0
2023-08-13 06:40:00+00:00,17.2,16.0,3.3,4.0
2023-08-13 06:50:00+00:00,17.2,16.0,3.3,4.0
2023-08-13 07:00:00+00:00,17.2,16.0,3.3,4.0
2023-08-13 07:10:00+00:00,17.2,16.0,3.3,4.0
2023-08-13 07:20:00+00:00,17.2,16.0,3.3,4.0
2023-08-13 07:30:00+00:00,17.2,15.0,3.3,4.0
2023-08-13 07:40:00+00:00,17.3,16.0,3.2,4.0
2023-08-13 07:50:00+00:00,17.3,15.0,3.2,4.0
2023-08-13 08:00:00+00:00,17.3,15.0,3.2,4.0
2023-08-13 08:10:00+00:00,17.3,15.0,3.2,4.0
2023-08-13 08:20:00+00:00,17.3,15.0,3.1500000000000004,4.0
2023-08-13 08:30:00+00:00,17.3,15.0,3.1,4.0
2023-08-13 08:40:00+00:00,17.4,15.0,3.1,5.3
2023-08-13 08:50:00+00:00,17.5,15.0,3.2,5.9
2023-08-13 09:00:00+00:00,17.5,15.0,3.1,5.9
2023-08-13 09:10:00+00:00,17.6,15.0,3.1,5.9
2023-08-13 09:20:00+00:00,17.6,16.0,3.1,5.7
2023-08-13 09:30:00+00:00,17.7,16.0,3.1,5.8
2023-08-13 09:40:00+00:00,17.8,16.0,3.1,5.9
2023-08-13 09:50:00+00:00,17.8,16.0,3.1,5.7
2023-08-13 10:00:00+00:00,18.0,16.0,3.1,5.6
2023-08-13 10:10:00+00:00,18.0,16.5,3.1,5.6
2023-08-13 10:20:00+00:00,18.0,17.0,3.1,5.6
2023-08-13 10:30:00+00:00,18.1,17.0,3.2,5.7
2023-08-13 10:40:00+00:00,18.2,17.0,3.1,5.6
2023-08-13 10:50:00+00:00,18.3,17.0,3.1,5.8
2023-08-13 11:00:00+00:00,18.4,16.0,3.1,5.9
2023-08-13 11:10:00+00:00,18.5,17.0,3.1,6.0
2023-08-13 11:20:00+00:00,18.6,18.0,3.1,5.6
2023-08-13 11:30:00+00:00,18.7,18.0,3.1,5.9
2023-08-13 11:40:00+00:00,18.8,18.0,3.1,5.6
2023-08-13 11:50:00+00:00,18.9,18.0,3.1,5.5
2023-08-13 12:00:00+00:00,18.95,18.0,3.1500000000000004,5.55
2023-08-13 12:10:00+00:00,19.0,18.0,3.2,5.6
2023-08-13 12:20:00+00:00,19.1,17.0,3.1,5.9
2023-08-13 12:30:00+00:00,19.2,17.0,3.1,5.9
2023-08-13 12:40:00+00:00,19.3,18.0,3.1,5.6
2023-08-13 12:50:00+00:00,19.4,18.0,3.1,5.9
2023-08-13 13:00:00+00:00,19.5,18.0,3.2,5.7
2023-08-13 13:10:00+00:00,19.6,18.0,3.1,5.2
2023-08-13 13:20:00+00:00,19.7,17.0,3.1,5.8
2023-08-13 13:30:00+00:00,19.8,17.0,3.1,5.7
2023-08-13 13:40:00+00:00,19.8,17.0,3.1,5.8
2023-08-13 13:50:00+00:00,19.85,16.5,3.1,5.4
2023-08-13 14:00:00+00:00,19.9,16.0,3.1,5.0
2023-08-13 14:10:00+00:00,20.0,16.0,3.2,5.3
2023-08-13 14:20:00+00:00,20.0,16.0,3.1,5.9
2023-08-13 14:30:00+00:00,20.0,15.0,3.1,5.4
2023-08-13 14:40:00+00:00,20.1,15.0,3.1,5.3
2023-08-13 14:50:00+00:00,20.1,15.0,3.1,6.0
2023-08-13 15:00:00+00:00,20.1,14.0,3.2,5.3
2023-08-13 15:10:00+00:00,20.1,13.0,3.2,6.1
2023-08-13 15:20:00+00:00,20.2,13.0,3.2,5.3
2023-08-13 15:30:00+00:00,20.3,13.0,3.3,4.8
2023-08-13 15:40:00+00:00,20.3,13.0,3.3,4.4
2023-08-13 15:50:00+00:00,20.3,13.0,3.3,4.0
2023-08-13 16:00:00+00:00,20.3,13.0,3.3,5.7
2023-08-13 16:10:00+00:00,20.3,13.0,3.3,6.0
2023-08-13 16:20:00+00:00,20.3,13.0,3.3,5.6
2023-08-13 16:30:00+00:00,20.3,13.0,3.3,5.7
2023-08-13 16:40:00+00:00,20.4,12.0,3.3,5.9
2023-08-13 16:50:00+00:00,20.4,12.0,3.3,5.3
2023-08-13 17:00:00+00:00,20.3,11.0,3.3,5.7
2023-08-13 17:10:00+00:00,20.3,12.0,3.3,4.5
2023-08-13 17:20:00+00:00,20.3,12.0,3.4,5.5
2023-08-13 17:30:00+00:00,20.3,11.5,3.4,5.2
2023-08-13 17:40:00+00:00,20.3,11.0,3.4,4.9
2023-08-13 17:50:00+00:00,20.3,11.0,3.3,4.4
2023-08-13 18:00:00+00:00,20.3,11.0,3.4,4.0
2023-08-13 18:10:00+00:00,20.3,11.0,3.4,4.1
2023-08-13 18:20:00+00:00,20.2,11.0,3.4,3.5
2023-08-13 18:30:00+00:00,20.2,11.0,3.4,2.6
2023-08-13 18:40:00+00:00,20.1,10.0,3.4,1.6
2023-08-13 18:50:00+00:00,20.1,10.0,3.4,0.9
2023-08-13 19:00:00+00:00,20.05,10.0,3.41,0.87
2023-08-13 19:10:00+00:00,20.0,10.0,3.42,0.84
2023-08-13 19:20:00+00:00,19.950000000000003,10.0,3.4299999999999997,0.81
2023-08-13 19:30:00+00:00,19.900000000000002,10.0,3.44,0.78
2023-08-13 19:40:00+00:00,19.85,10.0,3.45,0.75
2023-08-13 19:50:00+00:00,19.8,10.0,3.46,0.72
2023-08-13 20:00:00+00:00,19.75,10.0,3.4699999999999998,0.69
2023-08-13 20:10:00+00:00,19.700000000000003,10.0,3.48,0.6599999999999999
2023-08-13 20:20:00+00:00,19.650000000000002,10.0,3.49,0.6299999999999999
2023-08-13 20:30:00+00:00,19.6,10.0,3.5,0.6
2023-08-13 20:40:00+00:00,19.540000000000003,10.0,3.5,0.6
2023-08-13 20:50:00+00:00,19.48,10.0,3.5,0.6
2023-08-13 21:00:00+00:00,19.42,10.0,3.5,0.6
2023-08-13 21:10:00+00:00,19.36,10.0,3.5,0.6
2023-08-13 21:20:00+00:00,19.3,10.0,3.5,0.6
2023-08-13 21:30:00+00:00,19.240000000000002,10.0,3.5,0.6
2023-08-13 21:40:00+00:00,19.18,10.0,3.5,0.6
2023-08-13 21:50:00+00:00,19.12,10.0,3.5,0.6
2023-08-13 22:00:00+00:00,19.06,10.0,3.5,0.6
2023-08-13 22:10:00+00:00,19.0,10.0,3.5,0.6
2023-08-13 22:20:00+00:00,18.964285714285715,10.0,3.5,0.6
2023-08-13 22:30:00+00:00,18.928571428571427,10.0,3.5,0.6
2023-08-13 22:40:00+00:00,18.892857142857142,10.0,3.5,0.6
2023-08-13 22:50:00+00:00,18.857142857142858,10.0,3.5,0.6
2023-08-13 23:00:00+00:00,18.821428571428573,10.0,3.5,0.6
2023-08-13 23:10:00+00:00,18.785714285714285,10.0,3.5,0.6
2023-08-13 23:20:00+00:00,18.75,10.0,3.5,0.6
2023-08-13 23:30:00+00:00,18.714285714285715,10.0,3.5,0.6
2023-08-13 23:40:00+00:00,18.678571428571427,10.0,3.5,0.6
2023-08-13 23:50:00+00:00,18.642857142857142,10.0,3.5,0.6
2023-08-14 00:00:00+00:00,18.607142857142858,10.0,3.5,0.6
2023-08-14 00:10:00+00:00,18.571428571428573,10.0,3.5,0.6
2023-08-14 00:20:00+00:00,18.535714285714285,10.0,3.5,0.6
2023-08-14 00:30:00+00:00,18.5,10.0,3.5,0.6
2023-08-14 00:40:00+00:00,18.46,10.1,3.5,0.6
2023-08-14 00:50:00+00:00,18.42,10.2,3.5,0.6
2023-08-14 01:00:00+00:00,18.38,10.3,3.5,0.6
2023-08-14 01:10:00+00:00,18.34,10.4,3.5,0.6
2023-08-14 01:20:00+00:00,18.3,10.5,3.5,0.6
2023-08-14 01:30:00+00:00,18.26,10.6,3.5,0.6
2023-08-14 01:40:00+00:00,18.220000000000002,10.7,3.5,0.6
2023-08-14 01:50:00+00:00,18.18,10.8,3.5,0.6
2023-08-14 02:00:00+00:00,18.14,10.9,3.5,0.6
2023-08-14 02:10:00+00:00,18.1,11.0,3.5,0.6
2023-08-14 02:20:00+00:00,18.05,11.05,3.5,0.9299999999999999
2023-08-14 02:30:00+00:00,18.0,11.1,3.5,1.2599999999999998
2023-08-14 02:40:00+00:00,17.950000000000003,11.15,3.5,1.5899999999999999
2023-08-14 02:50:00+00:00,17.900000000000002,11.2,3.5,1.92
2023-08-14 03:00:00+00:00,17.85,11.25,3.5,2.25
2023-08-14 03:10:00+00:00,17.8,11.3,3.5,2.5799999999999996
2023-08-14 03:20:00+00:00,17.75,11.35,3.5,2.9099999999999997
2023-08-14 03:30:00+00:00,17.700000000000003,11.4,3.5,3.2399999999999998
2023-08-14 03:40:00+00:00,17.650000000000002,11.45,3.5,3.57
2023-08-14 03:50:00+00:00,17.6,11.5,3.5,3.9
2023-08-14 04:00:00+00:00,17.5,11.0,3.5,4.0
2023-08-14 04:10:00+00:00,17.5,11.0,3.5,4.0
2023-08-14 04:20:00+00:00,17.4,11.0,3.4,4.0
2023-08-14 04:30:00+00:00,17.3,11.0,3.4,4.0
2023-08-14 04:40:00+00:00,17.3,11.0,3.4,4.0
2023-08-14 04:50:00+00:00,17.3,11.0,3.4,4.0
2023-08-14 05:00:00+00:00,17.3,11.0,3.4,4.0
2023-08-14 05:10:00+00:00,17.2,11.0,3.4,4.0
2023-08-14 05:20:00+00:00,17.2,11.0,3.4,4.0
2023-08-14 05:30:00+00:00,17.1,11.0,3.4,4.0
2023-08-14 05:40:00+00:00,17.1,11.0,3.4,4.0
2023-08-14 05:50:00+00:00,17.1,11.0,3.4,4.0
2023-08-14 06:00:00+00:00,17.1,11.0,3.4,4.0
2023-08-14 06:10:00+00:00,17.0,11.0,3.4,4.0
2023-08-14 06:20:00+00:00,17.0,11.0,3.4,4.0
2023-08-14 06:30:00+00:00,17.0,11.0,3.4,4.0
2023-08-14 06:40:00+00:00,17.0,11.0,3.4,4.0
2023-08-14 06:50:00+00:00,17.0,11.0,3.4,4.0
2023-08-14 07:00:00+00:00,17.0,11.0,3.3,4.0
2023-08-14 07:10:00+00:00,17.0,11.0,3.4,4.0
2023-08-14 07:20:00+00:00,17.0,10.0,3.3,4.0
2023-08-14 07:30:00+00:00,17.0,10.0,3.3,4.0
2023-08-14 07:40:00+00:00,17.0,10.0,3.3,4.0
2023-08-14 07:50:00+00:00,17.0,9.0,3.2,4.0
2023-08-14 08:00:00+00:00,17.0,9.0,3.2,4.0
2023-08-14 08:10:00+00:00,17.0,8.5,3.2,4.0
2023-08-14 08:20:00+00:00,17.0,8.0,3.2,4.0
2023-08-14 08:30:00+00:00,17.1,8.0,3.2,5.1
2023-08-14 08:40:00+00:00,17.1,8.0,3.2,5.9
2023-08-14 08:50:00+00:00,17.1,8.0,3.2,6.0
2023-08-14 09:00:00+00:00,17.2,8.0,3.2,6.1
2023-08-14 09:10:00+00:00,17.3,8.0,3.2,6.0
2023-08-14 09:20:00+00:00,17.4,8.0,3.1,6.0
2023-08-14 09:30:00+00:00,17.5,8.0,3.1,6.0
2023-08-14 09:40:00+00:00,17.6,7.0,3.1,6.0
2023-08-14 09:50:00+00:00,17.6,7.0,3.1,6.0
2023-08-14 10:00:00+00:00,17.65,7.0,3.1,6.0
2023-08-14 10:10:00+00:00,17.7,7.0,3.1,6.0
2023-08-14 10:20:00+00:00,17.8,7.0,3.1,5.9
2023-08-14 10:30:00+00:00,18.0,7.0,3.1,5.9
2023-08-14 10:40:00+00:00,18.1,7.0,3.1,5.9
2023-08-14 10:50:00+00:00,18.1,7.0,3.1,6.0
2023-08-14 11:00:00+00:00,18.3,7.0,3.1,5.8
2023-08-14 11:10:00+00:00,18.4,7.0,3.1,6.0
2023-08-14 11:20:00+00:00,18.5,7.0,3.1,5.9
2023-08-14 11:30:00+00:00,18.7,7.0,3.1,5.9
2023-08-14 11:40:00+00:00,18.8,7.0,3.1,5.9
2023-08-14 11:50:00+00:00,18.9,7.0,3.1,5.85
2023-08-14 12:00:00+00:00,19.0,7.0,3.1,5.8
2023-08-14 12:10:00+00:00,19.1,7.0,3.1,5.8
2023-08-14 12:20:00+00:00,19.3,7.0,3.1,6.0
2023-08-14 12:30:00+00:00,19.4,7.0,3.1,5.8
2023-08-14 12:40:00+00:00,19.6,7.0,3.1,5.8
2023-08-14 12:50:00+00:00,19.7,7.0,3.1,5.8
2023-08-14 13:00:00+00:00,19.8,7.0,3.1,5.5
2023-08-14 13:10:00+00:00,20.0,7.0,3.1,6.0
2023-08-14 13:20:00+00:00,20.1,7.0,3.2,5.6
2023-08-14 13:30:00+00:00,20.3,7.0,3.1,6.2
2023-08-14 13:40:00+00:00,20.35,7.0,3.1,5.9
2023-08-14 13:50:00+00:00,20.4,7.0,3.1,5.6
2023-08-14 14:00:00+00:00,20.5,7.0,3.1,5.4
2023-08-14 14:10:00+00:00,20.6,7.0,3.1,5.9
2023-08-14 14:20:00+00:00,20.6,6.0,3.1,5.6
2023-08-14 14:30:00+00:00,20.7,6.0,3.1,5.5
2023-08-14 14:40:00+00:00,20.8,6.0,3.1,5.8
2023-08-14 14:50:00+00:00,20.8,6.0,3.1,5.9
2023-08-14 15:00:00+00:00,20.9,5.0,3.1,5.4
2023-08-14 15:10:00+00:00,21.0,6.0,3.1,4.2
2023-08-14 15:20:00+00:00,21.0,5.0,3.1,5.5
2023-08-14 15:30:00+00:00,21.0,5.0,3.1,5.25
2023-08-14 15:40:00+00:00,21.0,5.0,3.1,5.0
2023-08-14 15:50:00+00:00,21.1,5.0,3.1,5.9
2023-08-14 16:00:00+00:00,21.1,5.0,3.1,5.7
2023-08-14 16:10:00+00:00,21.1,5.0,3.1,5.5
2023-08-14 16:20:00+00:00,21.1,5.0,3.1,4.2
2023-08-14 16:30:00+00:00,21.2,5.0,3.1,5.7
2023-08-14 16:40:00+00:00,21.2,5.0,3.2,5.8
2023-08-14 16:50:00+00:00,21.3,5.0,3.2,5.5
2023-08-14 17:00:00+00:00,21.3,5.0,3.2,5.3
2023-08-14 17:10:00+00:00,21.3,6.0,3.2,5.2
2023-08-14 17:20:00+00:00,21.3,5.5,3.25,5.35
2023-08-14 17:30:00+00:00,21.3,5.0,3.3,5.5
2023-08-14 17:40:00+00:00,21.3,6.0,3.3,4.7
2023-08-14 17:50:00+00:00,21.3,5.0,3.3,5.1
2023-08-14 18:00:00+00:00,21.3,6.0,3.3,4.0
2023-08-14 18:10:00+00:00,21.3,6.0,3.3,4.1
2023-08-14 18:20:00+00:00,21.3,6.0,3.3,3.8
2023-08-14 18:30:00+00:00,21.2,6.0,3.3,2.7
2023-08-14 18:40:00+00:00,21.2,6.0,3.3,1.5
2023-08-14 18:50:00+00:00,21.1,6.0,3.3,0.9
2023-08-14 19:00:00+00:00,21.060000000000002,6.1,3.3099999999999996,0.87
2023-08-14 19:10:00+00:00,21.02,6.2,3.32,0.84
2023-08-14 19:20:00+00:00,20.98,6.3,3.33,0.81
2023-08-14 19:30:00+00:00,20.94,6.4,3.34,0.78
2023-08-14 19:40:00+00:00,20.9,6.5,3.3499999999999996,0.75
2023-08-14 19:50:00+00:00,20.86,6.6,3.36,0.72
2023-08-14 20:00:00+00:00,20.82,6.7,3.37,0.69
2023-08-14 20:10:00+00:00,20.78,6.8,3.38,0.6599999999999999
2023-08-14 20:20:00+00:00,20.74,6.9,3.3899999999999997,0.6299999999999999
2023-08-14 20:30:00+00:00,20.7,7.0,3.4,0.6
2023-08-14 20:40:00+00:00,20.65714285714286,6.928571428571429,3.4,0.6
2023-08-14 20:50:00+00:00,20.614285714285714,6.857142857142857,3.4,0.6
2023-08-14 21:00:00+00:00,20.57142857142857,6.785714285714286,3.4,0.6
2023-08-14 21:10:00+00:00,20.52857142857143,6.714285714285714,3.4,0.6
2023-08-14 21:20:00+00:00,20.485714285714288,6.642857142857143,3.4,0.6
2023-08-14 21:30:00+00:00,20.442857142857143,6.571428571428571,3.4,0.6
2023-08-14 21:40:00+00:00,20.4,6.5,3.4,0.6
2023-08-14 21:50:00+00:00,20.357142857142858,6.428571428571429,3.4,0.6
2023-08-14 22:00:00+00:00,20.314285714285717,6.357142857142858,3.4,0.6
2023-08-14 22:10:00+00:00,20.271428571428572,6.285714285714286,3.4,0.6
2023-08-14 22:20:00+00:00,20.228571428571428,6.214285714285714,3.4,0.6
2023-08-14 22:30:00+00:00,20.185714285714287,6.142857142857143,3.4,0.6
2023-08-14 22:40:00+00:00,20.142857142857146,6.071428571428571,3.4,0.6
2023-08-14 22:50:00+00:00,20.1,6.0,3.4,0.6
2023-08-14 23:00:00+00:00,20.05,6.1,3.41,0.6
2023-08-14 23:10:00+00:00,20.0,6.2,3.42,0.6
2023-08-14 23:20:00+00:00,19.950000000000003,6.3,3.4299999999999997,0.6
2023-08-14 23:30:00+00:00,19.900000000000002,6.4,3.44,0.6
2023-08-14 23:40:00+00:00,19.85,6.5,3.45,0.6
2023-08-14 23:50:00+00:00,19.8,6.6,3.46,0.6
2023-08-15 00:00:00+00:00,19.75,6.7,3.4699999999999998,0.6
2023-08-15 00:10:00+00:00,19.700000000000003,6.8,3.48,0.6
2023-08-15 00:20:00+00:00,19.650000000000002,6.9,3.49,0.6
2023-08-15 00:30:00+00:00,19.6,7.0,3.5,0.6
2023-08-15 00:40:00+00:00,19.55,7.0,3.49,0.58
2023-08-15 00:50:00+00:00,19.5,7.0,3.48,0.5599999999999999
2023-08-15 01:00:00+00:00,19.450000000000003,7.0,3.4699999999999998,0.54
2023-08-15 01:10:00+00:00,19.400000000000002,7.0,3.46,0.52
2023-08-15 01:20:00+00:00,19.35,7.0,3.45,0.5
2023-08-15 01:30:00+00:00,19.3,7.0,3.44,0.48
2023-08-15 01:40:00+00:00,19.25,7.0,3.4299999999999997,0.45999999999999996
2023-08-15 01:50:00+00:00,19.200000000000003,7.0,3.42,0.44
2023-08-15 02:00:00+00:00,19.150000000000002,7.0,3.41,0.42000000000000004
2023-08-15 02:10:00+00:00,19.1,7.0,3.4,0.4
2023-08-15 02:20:00+00:00,19.065,7.0,3.4,0.74
2023-08-15 02:30:00+00:00,19.03,7.0,3.4,1.08
2023-08-15 02:40:00+00:00,18.995,7.0,3.4,1.42
2023-08-15 02:50:00+00:00,18.96,7.0,3.4,1.7599999999999998
2023-08-15 03:00:00+00:00,18.925,7.0,3.4,2.0999999999999996
2023-08-15 03:10:00+00:00,18.89,7.0,3.4,2.44
2023-08-15 03:20:00+00:00,18.855,7.0,3.4,2.78
2023-08-15 03:30:00+00:00,18.82,7.0,3.4,3.1199999999999997
2023-08-15 03:40:00+00:00,18.785,7.0,3.4,3.4599999999999995
2023-08-15 03:50:00+00:00,18.75,7.0,3.4,3.8
2023-08-15 04:00:00+00:00,18.6,7.0,3.4,4.0
2023-08-15 04:10:00+00:00,18.6,7.0,3.5,4.0
2023-08-15 04:20:00+00:00,18.6,7.0,3.4,4.0
2023-08-15 04:30:00+00:00,18.6,7.0,3.4,4.0
2023-08-15 04:40:00+00:00,18.6,7.0,3.4,4.0
2023-08-15 04:50:00+00:00,18.5,7.0,3.4,4.0
2023-08-15 05:00:00+00:00,18.5,7.0,3.3,4.0
2023-08-15 05:10:00+00:00,18.5,7.0,3.3,4.0
2023-08-15 05:20:00+00:00,18.5,7.0,3.4,4.0
2023-08-15 05:30:00+00:00,18.5,6.0,3.3,4.0
2023-08-15 05:40:00+00:00,18.5,6.0,3.3,4.0
2023-08-15 05:50:00+00:00,18.4,6.0,3.3,4.0
2023-08-15 06:00:00+00:00,18.4,6.0,3.3,4.0
2023-08-15 06:10:00+00:00,18.4,6.0,3.3,4.0
2023-08-15 06:20:00+00:00,18.4,6.0,3.3,4.0
2023-08-15 06:30:00+00:00,18.4,6.0,3.3,4.0
2023-08-15 06:40:00+00:00,18.3,6.0,3.3,4.0
2023-08-15 06:50:00+00:00,18.3,6.0,3.3,4.0
2023-08-15 07:00:00+00:00,18.3,6.0,3.3,4.0
2023-08-15 07:10:00+00:00,18.3,6.0,3.2,4.0
2023-08-15 07:20:00+00:00,18.4,5.0,3.2,4.0
2023-08-15 07:30:00+00:00,18.4,5.0,3.2,4.0
2023-08-15 07:40:00+00:00,18.4,5.0,3.2,4.0
2023-08-15 07:50:00+00:00,18.4,5.0,3.2,4.0
2023-08-15 08:00:00+00:00,18.45,4.5,3.1500000000000004,4.0
2023-08-15 08:10:00+00:00,18.5,4.0,3.1,4.0
2023-08-15 08:20:00+00:00,18.5,5.0,3.1,4.0
2023-08-15 08:30:00+00:00,18.5,4.0,3.1,4.6
2023-08-15 08:40:00+00:00,18.6,4.0,3.1,5.7
2023-08-15 08:50:00+00:00,18.6,3.0,3.1,5.9
2023-08-15 09:00:00+00:00,18.7,3.0,3.1,5.9
2023-08-15 09:10:00+00:00,18.8,3.0,3.1,5.9
2023-08-15 09:20:00+00:00,18.8,3.0,3.1,5.9
2023-08-15 09:30:00+00:00,18.9,2.0,3.1,6.0
2023-08-15 09:40:00+00:00,19.0,3.0,3.1,6.0
2023-08-15 09:50:00+00:00,19.05,3.0,3.1,6.0
2023-08-15 10:00:00+00:00,19.1,3.0,3.1,6.0
2023-08-15 10:10:00+00:00,19.2,3.0,3.1,6.0
2023-08-15 10:20:00+00:00,19.3,3.0,3.1,6.0
2023-08-15 10:30:00+00:00,19.5,2.0,3.1,6.0
2023-08-15 10:40:00+00:00,19.5,2.0,3.1,5.9
2023-08-15 10:50:00+00:00,19.6,2.0,3.1,6.0
2023-08-15 11:00:00+00:00,19.8,2.0,3.1,6.0
2023-08-15 11:10:00+00:00,19.8,2.0,3.1,5.9
2023-08-15 11:20:00+00:00,20.0,1.0,3.1,6.0
2023-08-15 11:30:00+00:00,20.1,2.0,3.1,6.0
2023-08-15 11:40:00+00:00,20.15,2.0,3.1,5.95
2023-08-15 11:50:00+00:00,20.2,2.0,3.1,5.9
2023-08-15 12:00:00+00:00,20.3,1.0,3.1,6.0
2023-08-15 12:10:00+00:00,20.5,1.0,3.1,6.0
2023-08-15 12:20:00+00:00,20.6,1.0,3.1,6.0
2023-08-15 12:30:00+00:00,20.7,1.0,3.1,6.0
2023-08-15 12:40:00+00:00,20.8,1.0,3.1,5.9
2023-08-15 12:50:00+00:00,21.0,1.0,3.1,5.9
2023-08-15 13:00:00+00:00,21.1,1.0,3.1,5.9
2023-08-15 13:10:00+00:00,21.2,1.0,3.1,5.9
2023-08-15 13:20:00+00:00,21.3,1.0,3.1,5.9
2023-08-15 13:30:00+00:00,21.4,1.0,3.1,5.9
2023-08-15 13:40:00+00:00,21.5,1.0,3.1,5.9
2023-08-15 13:50:00+00:00,21.6,1.0,3.1,5.9
2023-08-15 14:00:00+00:00,21.6,1.0,3.1,5.9
2023-08-15 14:10:00+00:00,21.8,1.0,3.1,5.9
2023-08-15 14:20:00+00:00,21.8,1.0,3.1,5.9
2023-08-15 14:30:00+00:00,21.9,1.0,3.1,5.9
2023-08-15 14:40:00+00:00,22.0,1.0,3.1,5.9
2023-08-15 14:50:00+00:00,22.0,1.0,3.1,5.9
2023-08-15 15:00:00+00:00,22.1,1.0,3.1,5.9
2023-08-15 15:10:00+00:00,22.1,1.0,3.1,5.9
2023-08-15 15:20:00+00:00,22.15,1.0,3.1,5.9
2023-08-15 15:30:00+00:00,22.2,1.0,3.1,5.9
2023-08-15 15:40:00+00:00,22.3,1.0,3.1,5.9
2023-08-15 15:50:00+00:00,22.3,1.0,3.1,5.8
2023-08-15 16:00:00+00:00,22.3,1.0,3.1,5.8
2023-08-15 16:10:00+00:00,22.5,1.0,3.1,5.8
2023-08-15 16:20:00+00:00,22.5,1.0,3.1,5.7
2023-08-15 16:30:00+00:00,22.5,1.0,3.1,5.6
2023-08-15 16:40:00+00:00,22.6,1.0,3.1,5.5
2023-08-15 16:50:00+00:00,22.6,2.0,3.1,5.4
2023-08-15 17:00:00+00:00,22.6,2.0,3.1,5.0
2023-08-15 17:10:00+00:00,22.6,2.0,3.1,5.0
2023-08-15 17:20:00+00:00,22.6,2.0,3.1,5.0
2023-08-15 17:30:00+00:00,22.6,2.0,3.1,5.2
2023-08-15 17:40:00+00:00,22.7,2.0,3.2,5.0
2023-08-15 17:50:00+00:00,22.7,2.0,3.2,4.3
2023-08-15 18:00:00+00:00,22.7,3.0,3.3,4.2
2023-08-15 18:10:00+00:00,22.7,3.0,3.3,4.0
2023-08-15 18:20:00+00:00,22.7,3.0,3.3,3.1
2023-08-15 18:30:00+00:00,22.6,3.0,3.3,2.1
2023-08-15 18:40:00+00:00,22.6,4.0,3.3,1.2
2023-08-15 18:50:00+00:00,22.6,3.0,3.4,0.7
2023-08-15 19:00:00+00:00,22.564285714285717,3.0714285714285716,3.4,0.6928571428571428
2023-08-15 19:10:00+00:00,22.52857142857143,3.142857142857143,3.4,0.6857142857142857
2023-08-15 19:20:00+00:00,22.492857142857144,3.2142857142857144,3.4,0.6785714285714285
2023-08-15 19:30:00+00:00,22.45714285714286,3.2857142857142856,3.4,0.6714285714285714
2023-08-15 19:40:00+00:00,22.421428571428574,3.357142857142857,3.4,0.6642857142857143
2023-08-15 19:50:00+00:00,22.385714285714286,3.4285714285714284,3.4,0.6571428571428571
2023-08-15 20:00:00+00:00,22.35,3.5,3.4,0.6499999999999999
2023-08-15 20:10:00+00:00,22.314285714285717,3.571428571428571,3.4,0.6428571428571428
2023-08-15 20:20:00+00:00,22.27857142857143,3.642857142857143,3.4,0.6357142857142857
2023-08-15 20:30:00+00:00,22.242857142857144,3.7142857142857144,3.4,0.6285714285714286
2023-08-15 20:40:00+00:00,22.20714285714286,3.7857142857142856,3.4,0.6214285714285714
2023-08-15 20:50:00+00:00,22.171428571428574,3.857142857142857,3.4,0.6142857142857143
2023-08-15 21:00:00+00:00,22.135714285714286,3.9285714285714284,3.4,0.6071428571428571
2023-08-15 21:10:00+00:00,22.1,4.0,3.4,0.6
2023-08-15 21:20:00+00:00,22.040000000000003,4.0,3.4,0.6
2023-08-15 21:30:00+00:00,21.98,4.0,3.4,0.6
2023-08-15 21:40:00+00:00,21.92,4.0,3.4,0.6
2023-08-15 21:50:00+00:00,21.86,4.0,3.4,0.6
2023-08-15 22:00:00+00:00,21.8,4.0,3.4,0.6
2023-08-15 22:10:00+00:00,21.740000000000002,4.0,3.4,0.6
2023-08-15 22:20:00+00:00,21.68,4.0,3.4,0.6
2023-08-15 22:30:00+00:00,21.62,4.0,3.4,0.6
2023-08-15 22:40:00+00:00,21.56,4.0,3.4,0.6
2023-08-15 22:50:00+00:00,21.5,4.0,3.4,0.6
2023-08-15 23:00:00+00:00,21.44,4.0,3.4,0.6
2023-08-15 23:10:00+00:00,21.38,4.0,3.4,0.6
2023-08-15 23:20:00+00:00,21.32,4.0,3.4,0.6
2023-08-15 23:30:00+00:00,21.259999999999998,4.0,3.4,0.6
2023-08-15 23:40:00+00:00,21.2,4.0,3.4,0.6
2023-08-15 23:50:00+00:00,21.14,4.0,3.4,0.6
2023-08-16 00:00:00+00:00,21.08,4.0,3.4,0.6
2023-08-16 00:10:00+00:00,21.02,4.0,3.4,0.6
2023-08-16 00:20:00+00:00,20.959999999999997,4.0,3.4,0.6
2023-08-16 00:30:00+00:00,20.9,4.0,3.4,0.6
2023-08-16 00:40:00+00:00,20.84,4.0,3.4,0.6
2023-08-16 00:50:00+00:00,20.779999999999998,4.0,3.4,0.6
2023-08-16 01:00:00+00:00,20.72,4.0,3.4,0.6
2023-08-16 01:10:00+00:00,20.66,4.0,3.4,0.6
2023-08-16 01:20:00+00:00,20.6,4.0,3.4,0.6
2023-08-16 01:30:00+00:00,20.54,4.0,3.4,0.6
2023-08-16 01:40:00+00:00,20.48,4.0,3.4,0.6
2023-08-16 01:50:00+00:00,20.42,4.0,3.4,0.6
2023-08-16 02:00:00+00:00,20.36,4.0,3.4,0.6
2023-08-16 02:10:00+00:00,20.3,4.0,3.4,0.6
2023-08-16 02:20:00+00:00,20.25,4.1,3.405,0.9299999999999999
2023-08-16 02:30:00+00:00,20.2,4.2,3.41,1.2599999999999998
2023-08-16 02:40:00+00:00,20.150000000000002,4.3,3.415,1.5899999999999999
2023-08-16 02:50:00+00:00,20.1,4.4,3.42,1.92
2023-08-16 03:00:00+00:00,20.05,4.5,3.425,2.25
2023-08-16 03:10:00+00:00,20.0,4.6,3.43,2.5799999999999996
2023-08-16 03:20:00+00:00,19.95,4.7,3.435,2.9099999999999997
2023-08-16 03:30:00+00:00,19.900000000000002,4.8,3.44,3.2399999999999998
2023-08-16 03:40:00+00:00,19.85,4.9,3.4450000000000003,3.57
2023-08-16 03:50:00+00:00,19.8,5.0,3.45,3.9
2023-08-16 04:00:00+00:00,19.7,5.0,3.4,4.0
2023-08-16 04:10:00+00:00,19.6,4.0,3.4,4.0
2023-08-16 04:20:00+00:00,19.6,4.5,3.4,4.0
2023-08-16 04:30:00+00:00,19.6,5.0,3.4,4.0
2023-08-16 04:40:00+00:00,19.6,5.0,3.4,4.0
2023-08-16 04:50:00+00:00,19.6,4.0,3.3,4.0
2023-08-16 05:00:00+00:00,19.5,5.0,3.4,4.0
2023-08-16 05:10:00+00:00,19.5,4.0,3.4,4.0
2023-08-16 05:20:00+00:00,19.5,4.0,3.3,3.8
2023-08-16 05:30:00+00:00,19.5,4.0,3.3,4.0
2023-08-16 05:40:00+00:00,19.4,4.0,3.3,4.0
2023-08-16 05:50:00+00:00,19.3,4.0,3.3,4.0
2023-08-16 06:00:00+00:00,19.3,4.0,3.3,4.0
2023-08-16 06:10:00+00:00,19.3,4.0,3.3,4.0
2023-08-16 06:20:00+00:00,19.3,4.0,3.3,4.0
2023-08-16 06:30:00+00:00,19.3,4.0,3.3,4.0
2023-08-16 06:40:00+00:00,19.3,4.0,3.3,4.0
2023-08-16 06:50:00+00:00,19.3,4.0,3.3,4.0
2023-08-16 07:00:00+00:00,19.3,4.0,3.3,4.0
2023-08-16 07:10:00+00:00,19.3,3.0,3.3,4.0
2023-08-16 07:20:00+00:00,19.3,4.0,3.2,4.0
2023-08-16 07:30:00+00:00,19.3,4.0,3.2,4.0
2023-08-16 07:40:00+00:00,19.3,3.0,3.2,4.0
2023-08-16 07:50:00+00:00,19.3,3.0,3.2,4.0
2023-08-16 08:00:00+00:00,19.3,3.0,3.2,4.0
2023-08-16 08:10:00+00:00,19.3,3.0,3.1,4.0
2023-08-16 08:20:00+00:00,19.3,3.0,3.1,4.0
2023-08-16 08:30:00+00:00,19.3,3.0,3.1,4.1
2023-08-16 08:40:00+00:00,19.3,3.0,3.1,5.5
2023-08-16 08:50:00+00:00,19.4,2.0,3.1,5.8
2023-08-16 09:00:00+00:00,19.5,2.0,3.1,5.8
2023-08-16 09:10:00+00:00,19.5,2.0,3.1,5.9
2023-08-16 09:20:00+00:00,19.6,2.0,3.1,5.9
2023-08-16 09:30:00+00:00,19.6,2.0,3.1,5.8
2023-08-16 09:40:00+00:00,19.65,2.0,3.1,5.8
2023-08-16 09:50:00+00:00,19.7,2.0,3.1,5.8
2023-08-16 10:00:00+00:00,19.8,2.0,3.1,5.7
2023-08-16 10:10:00+00:00,19.9,2.0,3.1,5.7
2023-08-16 10:20:00+00:00,20.0,1.0,3.1,5.7
2023-08-16 10:30:00+00:00,20.1,2.0,3.1,5.6
2023-08-16 10:40:00+00:00,20.1,2.0,3.1,5.7
2023-08-16 10:50:00+00:00,20.3,2.0,3.1,5.6
2023-08-16 11:00:00+00:00,20.3,2.0,3.1,5.6
2023-08-16 11:10:00+00:00,20.5,1.0,3.1,5.6
2023-08-16 11:20:00+00:00,20.6,1.0,3.1,5.6
2023-08-16 11:30:00+00:00,20.65,1.0,3.1,5.6
2023-08-16 11:40:00+00:00,20.7,1.0,3.1,5.6
2023-08-16 11:50:00+00:00,20.8,1.0,3.1,5.6
2023-08-16 12:00:00+00:00,21.0,1.0,3.1,5.6
2023-08-16 12:10:00+00:00,21.1,1.0,3.1,5.7
2023-08-16 12:20:00+00:00,21.2,1.0,3.1,5.7
2023-08-16 12:30:00+00:00,21.3,1.0,3.1,5.7
2023-08-16 12:40:00+00:00,21.5,1.0,3.1,5.7
2023-08-16 12:50:00+00:00,21.6,1.0,3.1,5.7
2023-08-16 13:00:00+00:00,21.8,1.0,3.1,5.7
2023-08-16 13:10:00+00:00,22.0,1.0,3.1,5.8
2023-08-16 13:20:00+00:00,22.05,1.0,3.1,5.8
2023-08-16 13:30:00+00:00,22.1,1.0,3.1,5.8
2023-08-16 13:40:00+00:00,22.2,1.0,3.1,5.8
2023-08-16 13:50:00+00:00,22.3,1.0,3.1,5.8
2023-08-16 14:00:00+00:00,22.3,1.0,3.1,5.8
2023-08-16 14:10:00+00:00,22.4,1.0,3.1,5.8
2023-08-16 14:20:00+00:00,22.5,2.0,3.1,5.8
2023-08-16 14:30:00+00:00,22.6,2.0,3.1,5.9
2023-08-16 14:40:00+00:00,22.6,1.0,3.1,5.9
2023-08-16 14:50:00+00:00,22.6,2.0,3.1,5.9
2023-08-16 15:00:00+00:00,22.7,2.0,3.1,5.9
2023-08-16 15:10:00+00:00,22.75,1.5,3.1,5.9
2023-08-16 15:20:00+00:00,22.8,1.0,3.1,5.9
2023-08-16 15:30:00+00:00,22.8,1.0,3.1,5.9
2023-08-16 15:40:00+00:00,22.8,2.0,3.2,5.9
2023-08-16 15:50:00+00:00,22.9,2.0,3.1,5.9
2023-08-16 16:00:00+00:00,22.9,2.0,3.2,5.9
2023-08-16 16:10:00+00:00,23.0,2.0,3.2,5.9
2023-08-16 16:20:00+00:00,23.0,2.0,3.2,5.8
2023-08-16 16:30:00+00:00,23.0,2.0,3.2,5.8
2023-08-16 16:40:00+00:00,23.0,2.0,3.3,5.6
2023-08-16 16:50:00+00:00,23.0,3.0,3.3,4.7
2023-08-16 17:00:00+00:00,23.05,3.0,3.3,4.5
2023-08-16 17:10:00+00:00,23.1,3.0,3.3,4.3
2023-08-16 17:20:00+00:00,23.0,3.0,3.3,4.8
2023-08-16 17:30:00+00:00,23.0,3.0,3.4,5.1
2023-08-16 17:40:00+00:00,23.0,3.0,3.3,4.6
2023-08-16 17:50:00+00:00,23.0,3.0,3.4,4.3
2023-08-16 18:00:00+00:00,23.0,3.0,3.4,4.0
2023-08-16 18:10:00+00:00,22.9,3.0,3.4,3.6
2023-08-16 18:20:00+00:00,22.8,3.0,3.4,2.9
2023-08-16 18:30:00+00:00,22.8,3.0,3.4,2.0
2023-08-16 18:40:00+00:00,22.8,4.0,3.4,1.2
2023-08-16 18:50:00+00:00,22.75,3.5,3.4,0.95
2023-08-16 19:00:00+00:00,22.7,3.0,3.4,0.7
2023-08-16 19:10:00+00:00,22.63,3.1,3.41,0.69
2023-08-16 19:20:00+00:00,22.56,3.2,3.42,0.6799999999999999
2023-08-16 19:30:00+00:00,22.49,3.3,3.4299999999999997,0.6699999999999999
2023-08-16 19:40:00+00:00,22.419999999999998,3.4,3.44,0.6599999999999999
2023-08-16 19:50:00+00:00,22.35,3.5,3.45,0.6499999999999999
2023-08-16 20:00:00+00:00,22.28,3.6,3.46,0.64
2023-08-16 20:10:00+00:00,22.21,3.7,3.4699999999999998,0.63
2023-08-16 20:20:00+00:00,22.14,3.8,3.48,0.62
2023-08-16 20:30:00+00:00,22.07,3.9,3.49,0.61
2023-08-16 20:40:00+00:00,22.0,4.0,3.5,0.6
2023-08-16 20:50:00+00:00,21.93,4.0,3.5,0.6
2023-08-16 21:00:00+00:00,21.86,4.0,3.5,0.6
2023-08-16 21:10:00+00:00,21.79,4.0,3.5,0.6
2023-08-16 21:20:00+00:00,21.72,4.0,3.5,0.6
2023-08-16 21:30:00+00:00,21.65,4.0,3.5,0.6
2023-08-16 21:40:00+00:00,21.580000000000002,4.0,3.5,0.6
2023-08-16 21:50:00+00:00,21.51,4.0,3.5,0.6
2023-08-16 22:00:00+00:00,21.44,4.0,3.5,0.6
2023-08-16 22:10:00+00:00,21.37,4.0,3.5,0.6
2023-08-16 22:20:00+00:00,21.3,4.0,3.5,0.6
2023-08-16 22:30:00+00:00,21.253846153846155,4.076923076923077,3.5,0.6
2023-08-16 22:40:00+00:00,21.20769230769231,4.153846153846154,3.5,0.6
2023-08-16 22:50:00+00:00,21.161538461538463,4.230769230769231,3.5,0.6
2023-08-16 23:00:00+00:00,21.115384615384617,4.3076923076923075,3.5,0.6
2023-08-16 23:10:00+00:00,21.06923076923077,4.384615384615385,3.5,0.6
2023-08-16 23:20:00+00:00,21.023076923076925,4.461538461538462,3.5,0.6
2023-08-16 23:30:00+00:00,20.976923076923075,4.538461538461538,3.5,0.6
2023-08-16 23:40:00+00:00,20.93076923076923,4.615384615384615,3.5,0.6
2023-08-16 23:50:00+00:00,20.884615384615383,4.6923076923076925,3.5,0.6
2023-08-17 00:00:00+00:00,20.838461538461537,4.769230769230769,3.5,0.6
2023-08-17 00:10:00+00:00,20.79230769230769,4.846153846153847,3.5,0.6
2023-08-17 00:20:00+00:00,20.746153846153845,4.923076923076923,3.5,0.6
2023-08-17 00:30:00+00:00,20.7,5.0,3.5,0.6
2023-08-17 00:40:00+00:00,20.64,5.0,3.5,0.6
2023-08-17 00:50:00+00:00,20.58,5.0,3.5,0.6
2023-08-17 01:00:00+00:00,20.52,5.0,3.5,0.6
2023-08-17 01:10:00+00:00,20.46,5.0,3.5,0.6
2023-08-17 01:20:00+00:00,20.4,5.0,3.5,0.6
2023-08-17 01:30:00+00:00,20.34,5.0,3.5,0.6
2023-08-17 01:40:00+00:00,20.28,5.0,3.5,0.6
2023-08-17 01:50:00+00:00,20.220000000000002,5.0,3.5,0.6
2023-08-17 02:00:00+00:00,20.16,5.0,3.5,0.6
2023-08-17 02:10:00+00:00,20.1,5.0,3.5,0.6
2023-08-17 02:20:00+00:00,20.05,5.0,3.5,0.8899999999999999
2023-08-17 02:30:00+00:00,20.0,5.0,3.5,1.18
2023-08-17 02:40:00+00:00,19.950000000000003,5.0,3.5,1.4699999999999998
2023-08-17 02:50:00+00:00,19.900000000000002,5.0,3.5,1.7599999999999998
2023-08-17 03:00:00+00:00,19.85,5.0,3.5,2.05
2023-08-17 03:10:00+00:00,19.8,5.0,3.5,2.34
2023-08-17 03:20:00+00:00,19.75,5.0,3.5,2.63
2023-08-17 03:30:00+00:00,19.700000000000003,5.0,3.5,2.92
2023-08-17 03:40:00+00:00,19.650000000000002,5.0,3.5,3.21
2023-08-17 03:50:00+00:00,19.6,5.0,3.5,3.5
2023-08-17 04:00:00+00:00,19.5,5.0,3.5,3.7
2023-08-17 04:10:00+00:00,19.5,5.0,3.45,3.55
2023-08-17 04:20:00+00:00,19.5,5.0,3.4,3.4
2023-08-17 04:30:00+00:00,19.5,5.0,3.4,2.8
2023-08-17 04:40:00+00:00,19.4,5.0,3.4,3.2
2023-08-17 04:50:00+00:00,19.4,5.0,3.5,3.7
2023-08-17 05:00:00+00:00,19.4,5.0,3.4,3.8
2023-08-17 05:10:00+00:00,19.3,5.0,3.4,4.0
2023-08-17 05:20:00+00:00,19.3,6.0,3.4,4.0
2023-08-17 05:30:00+00:00,19.3,5.0,3.4,4.0
2023-08-17 05:40:00+00:00,19.3,6.0,3.4,4.0
2023-08-17 05:50:00+00:00,19.3,6.0,3.4,4.0
2023-08-17 06:00:00+00:00,19.25,6.0,3.4,4.0
2023-08-17 06:10:00+00:00,19.2,6.0,3.4,4.0
2023-08-17 06:20:00+00:00,19.2,7.0,3.4,4.0
2023-08-17 06:30:00+00:00,19.2,7.0,3.4,4.0
2023-08-17 06:40:00+00:00,19.1,8.0,3.4,4.0
2023-08-17 06:50:00+00:00,19.1,9.0,3.4,4.0
2023-08-17 07:00:00+00:00,19.1,9.0,3.4,4.0
2023-08-17 07:10:00+00:00,19.1,10.0,3.4,4.0
2023-08-17 07:20:00+00:00,19.1,11.0,3.4,4.0
2023-08-17 07:30:00+00:00,19.1,12.0,3.4,4.0
2023-08-17 07:40:00+00:00,19.1,12.5,3.4,4.0
2023-08-17 07:50:00+00:00,19.1,13.0,3.4,4.0
2023-08-17 08:00:00+00:00,19.1,14.0,3.3,4.0
2023-08-17 08:10:00+00:00,19.1,15.0,3.4,4.0
2023-08-17 08:20:00+00:00,19.1,17.0,3.3,4.0
2023-08-17 08:30:00+00:00,19.1,18.0,3.3,4.0
2023-08-17 08:40:00+00:00,19.1,19.0,3.3,4.0
2023-08-17 08:50:00+00:00,19.1,20.0,3.4,4.0
2023-08-17 09:00:00+00:00,19.1,21.0,3.4,4.0
2023-08-17 09:10:00+00:00,19.1,22.0,3.4,4.0
2023-08-17 09:20:00+00:00,19.1,23.0,3.4,4.0
2023-08-17 09:30:00+00:00,19.1,23.0,3.4,4.0
2023-08-17 09:40:00+00:00,19.1,23.0,3.4,4.0
2023-08-17 09:50:00+00:00,19.2,24.0,3.4,4.0
2023-08-17 10:00:00+00:00,19.2,25.0,3.4,5.7
2023-08-17 10:10:00+00:00,19.3,27.0,3.4,5.7
2023-08-17 10:20:00+00:00,19.3,28.0,3.5,5.9
2023-08-17 10:30:00+00:00,19.3,28.0,3.4,6.1
2023-08-17 10:40:00+00:00,19.3,29.0,3.5,5.8
2023-08-17 10:50:00+00:00,19.4,29.0,3.5,6.0
2023-08-17 11:00:00+00:00,19.5,31.0,3.4,6.0
2023-08-17 11:10:00+00:00,19.5,32.0,3.4,6.2
2023-08-17 11:20:00+00:00,19.5,32.0,3.45,6.1
2023-08-17 11:30:00+00:00,19.5,32.0,3.5,6.0
2023-08-17 11:40:00+00:00,19.6,32.0,3.5,5.9
2023-08-17 11:50:00+00:00,19.6,34.0,3.5,6.0
2023-08-17 12:00:00+00:00,19.7,35.0,3.5,6.0
2023-08-17 12:10:00+00:00,19.8,35.0,3.5,6.0
2023-08-17 12:20:00+00:00,19.8,36.0,3.5,6.0
2023-08-17 12:30:00+00:00,19.9,36.0,3.5,6.0
2023-08-17 12:40:00+00:00,20.0,36.0,3.5,6.0
2023-08-17 12:50:00+00:00,20.1,36.0,3.5,5.9
2023-08-17 13:00:00+00:00,20.1,36.0,3.5,6.0
2023-08-17 13:10:00+00:00,20.15,36.0,3.5,6.0
2023-08-17 13:20:00+00:00,20.2,36.0,3.5,6.0
2023-08-17 13:30:00+00:00,20.3,36.0,3.5,5.8
2023-08-17 13:40:00+00:00,20.4,35.0,3.4,5.7
2023-08-17 13:50:00+00:00,20.5,35.0,3.5,5.9
2023-08-17 14:00:00+00:00,20.5,34.0,3.5,5.9
2023-08-17 14:10:00+00:00,20.6,34.0,3.6,5.9
2023-08-17 14:20:00+00:00,20.6,34.0,3.5,5.8
2023-08-17 14:30:00+00:00,20.6,33.0,3.5,6.0
2023-08-17 14:40:00+00:00,20.7,33.0,3.6,5.8
2023-08-17 14:50:00+00:00,20.7,33.0,3.6,5.9
2023-08-17 15:00:00+00:00,20.75,32.5,3.6,5.9
2023-08-17 15:10:00+00:00,20.8,32.0,3.6,5.9
2023-08-17 15:20:00+00:00,20.8,32.0,3.5,5.9
2023-08-17 15:30:00+00:00,20.9,32.0,3.6,5.9
2023-08-17 15:40:00+00:00,20.9,31.0,3.5,5.9
2023-08-17 15:50:00+00:00,21.0,31.0,3.5,5.9
2023-08-17 16:00:00+00:00,21.0,30.0,3.5,5.9
2023-08-17 16:10:00+00:00,21.1,30.0,3.5,5.9
2023-08-17 16:20:00+00:00,21.1,30.0,3.5,5.9
2023-08-17 16:30:00+00:00,21.1,29.0,3.4,5.8
2023-08-17 16:40:00+00:00,21.2,29.0,3.5,5.7
2023-08-17 16:50:00+00:00,21.2,29.0,3.45,5.6
2023-08-17 17:00:00+00:00,21.2,29.0,3.4,5.5
2023-08-17 17:10:00+00:00,21.2,28.0,3.4,5.0
2023-08-17 17:20:00+00:00,21.2,28.0,3.4,5.5
2023-08-17 17:30:00+00:00,21.2,27.0,3.4,4.8
2023-08-17 17:40:00+00:00,21.3,27.0,3.4,5.2
2023-08-17 17:50:00+00:00,21.2,27.0,3.4,4.6
2023-08-17 18:00:00+00:00,21.2,27.0,3.4,4.1
2023-08-17 18:10:00+00:00,21.2,26.0,3.4,3.8
2023-08-17 18:20:00+00:00,21.1,26.0,3.5,2.4
2023-08-17 18:30:00+00:00,21.1,25.0,3.5,1.5
2023-08-17 18:40:00+00:00,21.1,25.0,3.5,1.15
2023-08-17 18:50:00+00:00,21.1,25.0,3.5,0.8
2023-08-17 19:00:00+00:00,21.060000000000002,24.9,3.5,0.78
2023-08-17 19:10:00+00:00,21.02,24.8,3.5,0.76
2023-08-17 19:20:00+00:00,20.98,24.7,3.5,0.74
2023-08-17 19:30:00+00:00,20.94,24.6,3.5,0.72
2023-08-17 19:40:00+00:00,20.9,24.5,3.5,0.7
2023-08-17 19:50:00+00:00,20.86,24.4,3.5,0.6799999999999999
2023-08-17 20:00:00+00:00,20.82,24.3,3.5,0.66
2023-08-17 20:10:00+00:00,20.78,24.2,3.5,0.64
2023-08-17 20:20:00+00:00,20.74,24.1,3.5,0.62
2023-08-17 20:30:00+00:00,20.7,24.0,3.5,0.6
2023-08-17 20:40:00+00:00,20.66,23.9,3.5,0.6
2023-08-17 20:50:00+00:00,20.62,23.8,3.5,0.6
2023-08-17 21:00:00+00:00,20.58,23.7,3.5,0.6
2023-08-17 21:10:00+00:00,20.54,23.6,3.5,0.6
2023-08-17 21:20:00+00:00,20.5,23.5,3.5,0.6
2023-08-17 21:30:00+00:00,20.46,23.4,3.5,0.6
2023-08-17 21:40:00+00:00,20.42,23.3,3.5,0.6
2023-08-17 21:50:00+00:00,20.38,23.2,3.5,0.6
2023-08-17 22:00:00+00:00,20.34,23.1,3.5,0.6
2023-08-17 22:10:00+00:00,20.3,23.0,3.5,0.6
2023-08-17 22:20:00+00:00,20.276923076923076,23.0,3.5,0.6
2023-08-17 22:30:00+00:00,20.253846153846155,23.0,3.5,0.6
2023-08-17 22:40:00+00:00,20.23076923076923,23.0,3.5,0.6
2023-08-17 22:50:00+00:00,20.20769230769231,23.0,3.5,0.6
2023-08-17 23:00:00+00:00,20.184615384615384,23.0,3.5,0.6
2023-08-17 23:10:00+00:00,20.161538461538463,23.0,3.5,0.6
2023-08-17 23:20:00+00:00,20.138461538461538,23.0,3.5,0.6
2023-08-17 23:30:00+00:00,20.115384615384617,23.0,3.5,0.6
2023-08-17 23:40:00+00:00,20.092307692307692,23.0,3.5,0.6
2023-08-17 23:50:00+00:00,20.06923076923077,23.0,3.5,0.6
2023-08-18 00:00:00+00:00,20.046153846153846,23.0,3.5,0.6
2023-08-18 00:10:00+00:00,20.023076923076925,23.0,3.5,0.6
2023-08-18 00:20:00+00:00,20.0,23.0,3.5,0.6
2023-08-18 00:30:00+00:00,19.98,23.0,3.5,0.6
2023-08-18 00:40:00+00:00,19.96,23.0,3.5,0.6
2023-08-18 00:50:00+00:00,19.94,23.0,3.5,0.6
2023-08-18 01:00:00+00:00,19.92,23.0,3.5,0.6
2023-08-18 01:10:00+00:00,19.9,23.0,3.5,0.6
2023-08-18 01:20:00+00:00,19.88,23.0,3.5,0.6
2023-08-18 01:30:00+00:00,19.86,23.0,3.5,0.6
2023-08-18 01:40:00+00:00,19.84,23.0,3.5,0.6
2023-08-18 01:50:00+00:00,19.82,23.0,3.5,0.6
2023-08-18 02:00:00+00:00,19.8,23.0,3.5,0.6
2023-08-18 02:10:00+00:00,19.77,23.0,3.495,0.925
2023-08-18 02:20:00+00:00,19.740000000000002,23.0,3.49,1.25
2023-08-18 02:30:00+00:00,19.71,23.0,3.485,1.5750000000000002
2023-08-18 02:40:00+00:00,19.68,23.0,3.48,1.9
2023-08-18 02:50:00+00:00,19.65,23.0,3.475,2.225
2023-08-18 03:00:00+00:00,19.62,23.0,3.47,2.5500000000000003
2023-08-18 03:10:00+00:00,19.59,23.0,3.4650000000000003,2.875
2023-08-18 03:20:00+00:00,19.56,23.0,3.46,3.2
2023-08-18 03:30:00+00:00,19.53,23.0,3.455,3.5250000000000004
2023-08-18 03:40:00+00:00,19.5,23.0,3.45,3.85
2023-08-18 03:50:00+00:00,19.5,23.0,3.5,4.0
2023-08-18 04:00:00+00:00,19.5,23.0,3.5,4.0
2023-08-18 04:10:00+00:00,19.5,23.0,3.5,4.0
2023-08-18 04:20:00+00:00,19.4,23.0,3.5,4.0
2023-08-18 04:30:00+00:00,19.4,23.0,3.5,4.0
2023-08-18 04:40:00+00:00,19.4,23.0,3.5,4.0
2023-08-18 04:50:00+00:00,19.3,23.0,3.5,4.0
2023-08-18 05:00:00+00:00,19.3,23.0,3.4,4.0
2023-08-18 05:10:00+00:00,19.3,23.0,3.4,4.0
2023-08-18 05:20:00+00:00,19.3,23.0,3.4,4.0
2023-08-18 05:30:00+00:00,19.3,23.0,3.4,4.0
2023-08-18 05:40:00+00:00,19.3,23.0,3.4,4.0
2023-08-18 05:50:00+00:00,19.3,23.0,3.45,4.0
2023-08-18 06:00:00+00:00,19.3,23.0,3.5,4.0
2023-08-18 06:10:00+00:00,19.3,23.0,3.4,4.0
2023-08-18 06:20:00+00:00,19.3,23.0,3.4,4.0
2023-08-18 06:30:00+00:00,19.3,22.0,3.4,4.0
2023-08-18 06:40:00+00:00,19.3,23.0,3.4,4.0
2023-08-18 06:50:00+00:00,19.3,23.0,3.4,4.0
2023-08-18 07:00:00+00:00,19.3,23.0,3.4,4.0
2023-08-18 07:10:00+00:00,19.3,24.0,3.4,4.0
2023-08-18 07:20:00+00:00,19.3,24.0,3.4,4.0
2023-08-18 07:30:00+00:00,19.3,24.0,3.4,4.0
2023-08-18 07:40:00+00:00,19.3,24.0,3.4,4.0
2023-08-18 07:50:00+00:00,19.3,24.0,3.4,4.0
2023-08-18 08:00:00+00:00,19.3,24.0,3.4,4.0
2023-08-18 08:10:00+00:00,19.3,25.0,3.5,4.0
2023-08-18 08:20:00+00:00,19.3,25.0,3.4,4.0
2023-08-18 08:30:00+00:00,19.4,25.0,3.5,4.0
2023-08-18 08:40:00+00:00,19.4,25.0,3.6,5.6
2023-08-18 08:50:00+00:00,19.5,26.0,3.6,5.6
2023-08-18 09:00:00+00:00,19.5,27.0,3.5,5.5
2023-08-18 09:10:00+00:00,19.5,27.0,3.5,5.6
2023-08-18 09:20:00+00:00,19.55,27.0,3.5,5.65
2023-08-18 09:30:00+00:00,19.6,27.0,3.5,5.7
2023-08-18 09:40:00+00:00,19.6,28.0,3.5,5.5
2023-08-18 09:50:00+00:00,19.7,28.0,3.5,5.1
2023-08-18 10:00:00+00:00,19.8,28.0,3.5,4.9
2023-08-18 10:10:00+00:00,19.8,27.0,3.4,5.3
2023-08-18 10:20:00+00:00,19.8,27.0,3.4,5.6
2023-08-18 10:30:00+00:00,19.9,27.0,3.4,5.5
2023-08-18 10:40:00+00:00,20.0,26.0,3.4,5.5
2023-08-18 10:50:00+00:00,20.0,26.0,3.4,5.8
2023-08-18 11:00:00+00:00,20.0,25.0,3.5,6.0
2023-08-18 11:10:00+00:00,20.05,25.0,3.5,5.95
2023-08-18 11:20:00+00:00,20.1,25.0,3.5,5.9
2023-08-18 11:30:00+00:00,20.1,25.0,3.5,5.9
2023-08-18 11:40:00+00:00,20.1,24.0,3.5,5.9
2023-08-18 11:50:00+00:00,20.1,25.0,3.5,5.9
2023-08-18 12:00:00+00:00,20.2,25.0,3.5,5.8
2023-08-18 12:10:00+00:00,20.3,24.0,3.5,5.9
2023-08-18 12:20:00+00:00,20.3,24.0,3.5,5.8
2023-08-18 12:30:00+00:00,20.3,24.0,3.5,5.9
2023-08-18 12:40:00+00:00,20.4,24.0,3.5,5.9
2023-08-18 12:50:00+00:00,20.5,23.0,3.5,5.9
2023-08-18 13:00:00+00:00,20.5,23.5,3.55,5.9
2023-08-18 13:10:00+00:00,20.5,24.0,3.6,5.9
2023-08-18 13:20:00+00:00,20.6,23.0,3.6,5.8
2023-08-18 13:30:00+00:00,20.6,23.0,3.6,5.8
2023-08-18 13:40:00+00:00,20.6,22.0,3.6,6.0
2023-08-18 13:50:00+00:00,20.7,22.0,3.9,5.7
2023-08-18 14:00:00+00:00,20.8,22.0,3.7,5.9
2023-08-18 14:10:00+00:00,20.8,22.0,3.7,6.0
2023-08-18 14:20:00+00:00,20.9,21.0,3.7,5.7
2023-08-18 14:30:00+00:00,21.0,20.0,3.6,6.1
2023-08-18 14:40:00+00:00,21.0,20.0,3.5,5.6
2023-08-18 14:50:00+00:00,21.05,20.0,3.5,5.65
2023-08-18 15:00:00+00:00,21.1,20.0,3.5,5.7
2023-08-18 15:10:00+00:00,21.1,20.0,3.5,5.7
2023-08-18 15:20:00+00:00,21.2,20.0,3.5,5.4
2023-08-18 15:30:00+00:00,21.3,19.0,3.5,5.3
2023-08-18 15:40:00+00:00,21.3,19.0,3.5,5.1
2023-08-18 15:50:00+00:00,21.4,18.0,3.5,4.6
2023-08-18 16:00:00+00:00,21.4,18.0,3.5,4.0
2023-08-18 16:10:00+00:00,21.5,18.0,3.5,5.3
2023-08-18 16:20:00+00:00,21.5,17.0,3.5,5.3
2023-08-18 16:30:00+00:00,21.5,17.0,3.5,5.7
2023-08-18 16:40:00+00:00,21.5,17.0,3.5,4.95
2023-08-18 16:50:00+00:00,21.5,17.0,3.5,4.2
2023-08-18 17:00:00+00:00,21.5,16.0,3.4,5.3
2023-08-18 17:10:00+00:00,21.6,16.0,3.5,4.3
2023-08-18 17:20:00+00:00,21.6,16.0,3.4,4.5
2023-08-18 17:30:00+00:00,21.6,16.0,3.4,4.1
2023-08-18 17:40:00+00:00,21.6,16.0,3.4,4.0
2023-08-18 17:50:00+00:00,21.6,16.0,3.4,4.0
2023-08-18 18:00:00+00:00,21.6,15.0,3.4,3.3
2023-08-18 18:10:00+00:00,21.6,15.0,3.4,2.7
2023-08-18 18:20:00+00:00,21.6,15.0,3.4,1.9
2023-08-18 18:30:00+00:00,21.55,15.0,3.4,1.5
2023-08-18 18:40:00+00:00,21.5,15.0,3.4,1.1
2023-08-18 18:50:00+00:00,21.5,14.0,3.4,0.7
2023-08-18 19:00:00+00:00,21.47,14.0,3.41,0.6699999999999999
2023-08-18 19:10:00+00:00,21.44,14.0,3.42,0.64
2023-08-18 19:20:00+00:00,21.41,14.0,3.4299999999999997,0.61
2023-08-18 19:30:00+00:00,21.38,14.0,3.44,0.58
2023-08-18 19:40:00+00:00,21.35,14.0,3.45,0.55
2023-08-18 19:50:00+00:00,21.32,14.0,3.46,0.52
2023-08-18 20:00:00+00:00,21.29,14.0,3.4699999999999998,0.49
2023-08-18 20:10:00+00:00,21.259999999999998,14.0,3.48,0.46
2023-08-18 20:20:00+00:00,21.23,14.0,3.49,0.43000000000000005
2023-08-18 20:30:00+00:00,21.2,14.0,3.5,0.4
2023-08-18 20:40:00+00:00,21.16923076923077,14.0,3.5,0.4153846153846154
2023-08-18 20:50:00+00:00,21.138461538461538,14.0,3.5,0.4307692307692308
2023-08-18 21:00:00+00:00,21.107692307692307,14.0,3.5,0.4461538461538462
2023-08-18 21:10:00+00:00,21.076923076923077,14.0,3.5,0.46153846153846156
2023-08-18 21:20:00+00:00,21.046153846153846,14.0,3.5,0.47692307692307695
2023-08-18 21:30:00+00:00,21.015384615384615,14.0,3.5,0.49230769230769234
2023-08-18 21:40:00+00:00,20.984615384615385,14.0,3.5,0.5076923076923077
2023-08-18 21:50:00+00:00,20.953846153846154,14.0,3.5,0.5230769230769231
2023-08-18 22:00:00+00:00,20.923076923076923,14.0,3.5,0.5384615384615384
2023-08-18 22:10:00+00:00,20.892307692307693,14.0,3.5,0.5538461538461539
2023-08-18 22:20:00+00:00,20.861538461538462,14.0,3.5,0.5692307692307692
2023-08-18 22:30:00+00:00,20.83076923076923,14.0,3.5,0.5846153846153845
2023-08-18 22:40:00+00:00,20.8,14.0,3.5,0.6
2023-08-18 22:50:00+00:00,20.77,14.0,3.49,0.6
2023-08-18 23:00:00+00:00,20.740000000000002,14.0,3.48,0.6
2023-08-18 23:10:00+00:00,20.71,14.0,3.4699999999999998,0.6
2023-08-18 23:20:00+00:00,20.68,14.0,3.46,0.6
2023-08-18 23:30:00+00:00,20.65,14.0,3.45,0.6
2023-08-18 23:40:00+00:00,20.62,14.0,3.44,0.6
2023-08-18 23:50:00+00:00,20.59,14.0,3.4299999999999997,0.6
2023-08-19 00:00:00+00:00,20.56,14.0,3.42,0.6
2023-08-19 00:10:00+00:00,20.53,14.0,3.41,0.6
2023-08-19 00:20:00+00:00,20.5,14.0,3.4,0.6
2023-08-19 00:30:00+00:00,20.46,14.0,3.41,0.6
2023-08-19 00:40:00+00:00,20.42,14.0,3.42,0.6
2023-08-19 00:50:00+00:00,20.38,14.0,3.4299999999999997,0.6
2023-08-19 01:00:00+00:00,20.34,14.0,3.44,0.6
2023-08-19 01:10:00+00:00,20.3,14.0,3.45,0.6
2023-08-19 01:20:00+00:00,20.26,14.0,3.46,0.6
2023-08-19 01:30:00+00:00,20.220000000000002,14.0,3.4699999999999998,0.6
2023-08-19 01:40:00+00:00,20.18,14.0,3.48,0.6
2023-08-19 01:50:00+00:00,20.14,14.0,3.49,0.6
2023-08-19 02:00:00+00:00,20.1,14.0,3.5,0.6
2023-08-19 02:10:00+00:00,20.060000000000002,14.1,3.5,0.865
2023-08-19 02:20:00+00:00,20.020000000000003,14.2,3.5,1.13
2023-08-19 02:30:00+00:00,19.98,14.3,3.5,1.395
2023-08-19 02:40:00+00:00,19.94,14.4,3.5,1.6600000000000001
2023-08-19 02:50:00+00:00,19.900000000000002,14.5,3.5,1.9250000000000003
2023-08-19 03:00:00+00:00,19.860000000000003,14.6,3.5,2.19
2023-08-19 03:10:00+00:00,19.820000000000004,14.7,3.5,2.455
2023-08-19 03:20:00+00:00,19.78,14.8,3.5,2.72
2023-08-19 03:30:00+00:00,19.740000000000002,14.9,3.5,2.9850000000000003
2023-08-19 03:40:00+00:00,19.700000000000003,15.0,3.5,3.25
2023-08-19 03:50:00+00:00,19.650000000000002,15.0,3.5,3.625
2023-08-19 04:00:00+00:00,19.6,15.0,3.5,4.0
2023-08-19 04:10:00+00:00,19.6,15.0,3.5,4.0
2023-08-19 04:20:00+00:00,19.6,15.0,3.5,4.0
2023-08-19 04:30:00+00:00,19.6,15.0,3.4,4.0
2023-08-19 04:40:00+00:00,19.5,15.0,3.5,4.0
2023-08-19 04:50:00+00:00,19.5,15.0,3.5,4.0
2023-08-19 05:00:00+00:00,19.5,15.0,3.5,4.0
2023-08-19 05:10:00+00:00,19.5,15.0,3.5,4.0
2023-08-19 05:20:00+00:00,19.5,15.0,3.5,4.0
2023-08-19 05:30:00+00:00,19.5,15.0,3.45,4.0
2023-08-19 05:40:00+00:00,19.5,15.0,3.4,4.0
2023-08-19 05:50:00+00:00,19.5,15.0,3.4,4.0
2023-08-19 06:00:00+00:00,19.5,15.0,3.4,4.0
2023-08-19 06:10:00+00:00,19.5,16.0,3.4,4.0
2023-08-19 06:20:00+00:00,19.5,16.0,3.4,4.0
2023-08-19 06:30:00+00:00,19.5,16.0,3.4,4.0
2023-08-19 06:40:00+00:00,19.5,16.0,3.4,4.0
2023-08-19 06:50:00+00:00,19.5,16.0,3.4,4.0
2023-08-19 07:00:00+00:00,19.5,16.0,3.5,4.0
2023-08-19 07:10:00+00:00,19.5,17.0,3.4,4.0
2023-08-19 07:20:00+00:00,19.5,16.5,3.4,3.9
2023-08-19 07:30:00+00:00,19.5,16.0,3.4,3.8
2023-08-19 07:40:00+00:00,19.5,17.0,3.4,4.0
2023-08-19 07:50:00+00:00,19.5,17.0,3.4,4.0
2023-08-19 08:00:00+00:00,19.6,17.0,3.4,4.0
2023-08-19 08:10:00+00:00,19.6,17.0,3.4,4.0
2023-08-19 08:20:00+00:00,19.6,18.0,3.4,4.0
2023-08-19 08:30:00+00:00,19.6,18.0,3.4,4.0
2023-08-19 08:40:00+00:00,19.7,18.0,3.4,4.0
2023-08-19 08:50:00+00:00,19.7,19.0,3.5,4.0
2023-08-19 09:00:00+00:00,19.8,19.0,3.5,4.0
2023-08-19 09:10:00+00:00,19.8,19.0,3.45,4.0
2023-08-19 09:20:00+00:00,19.8,19.0,3.4,4.0
2023-08-19 09:30:00+00:00,19.8,19.0,3.4,4.0
2023-08-19 09:40:00+00:00,19.9,20.0,3.4,4.0
2023-08-19 09:50:00+00:00,19.9,19.0,3.5,4.9
2023-08-19 10:00:00+00:00,20.0,20.0,3.5,5.9
2023-08-19 10:10:00+00:00,20.0,20.0,3.6,5.9
2023-08-19 10:20:00+00:00,20.1,21.0,3.8,5.8
2023-08-19 10:30:00+00:00,20.1,22.0,3.8,5.9
2023-08-19 10:40:00+00:00,20.1,23.0,3.9,5.8
2023-08-19 10:50:00+00:00,20.3,24.0,4.0,5.8
2023-08-19 11:00:00+00:00,20.3,24.5,4.1,5.8
2023-08-19 11:10:00+00:00,20.3,25.0,4.2,5.8
2023-08-19 11:20:00+00:00,20.4,27.0,4.3,5.9
2023-08-19 11:30:00+00:00,20.5,28.0,4.3,5.8
2023-08-19 11:40:00+00:00,20.6,30.0,4.2,5.9
2023-08-19 11:50:00+00:00,20.7,30.0,4.2,5.9
2023-08-19 12:00:00+00:00,20.8,31.0,4.4,5.9
2023-08-19 12:10:00+00:00,21.0,31.0,4.5,5.9
2023-08-19 12:20:00+00:00,21.1,32.0,4.3,5.9
2023-08-19 12:30:00+00:00,21.3,32.0,4.8,5.9
2023-08-19 12:40:00+00:00,21.4,31.0,5.0,5.8
2023-08-19 12:50:00+00:00,21.5,31.0,5.05,5.8
2023-08-19 13:00:00+00:00,21.6,31.0,5.1,5.8
2023-08-19 13:10:00+00:00,21.7,31.0,5.5,5.7
2023-08-19 13:20:00+00:00,21.9,31.0,5.2,5.7
2023-08-19 13:30:00+00:00,22.0,30.0,4.4,5.9
2023-08-19 13:40:00+00:00,22.2,29.0,5.2,5.7
2023-08-19 13:50:00+00:00,22.3,28.0,5.2,5.8
2023-08-19 14:00:00+00:00,22.5,27.0,5.4,5.8
2023-08-19 14:10:00+00:00,22.6,25.0,5.6,5.7
2023-08-19 14:20:00+00:00,22.8,25.0,5.4,5.8
2023-08-19 14:30:00+00:00,23.0,24.0,4.9,5.9
2023-08-19 14:40:00+00:00,23.05,23.5,4.4,5.9
2023-08-19 14:50:00+00:00,23.1,23.0,3.9,5.9
2023-08-19 15:00:00+00:00,23.3,22.0,3.6,5.7
2023-08-19 15:10:00+00:00,23.4,21.0,3.5,5.7
2023-08-19 15:20:00+00:00,23.5,20.0,3.5,5.6
2023-08-19 15:30:00+00:00,23.6,19.0,3.5,6.0
2023-08-19 15:40:00+00:00,23.8,18.0,3.6,6.0
2023-08-19 15:50:00+00:00,23.8,17.0,3.6,5.9
2023-08-19 16:00:00+00:00,23.9,16.0,3.6,5.9
2023-08-19 16:10:00+00:00,24.0,15.0,3.6,5.8
2023-08-19 16:20:00+00:00,24.1,14.0,3.5,5.8
2023-08-19 16:30:00+00:00,24.1,13.0,3.5,5.75
2023-08-19 16:40:00+00:00,24.1,12.0,3.5,5.7
2023-08-19 16:50:00+00:00,24.1,12.0,3.5,5.5
2023-08-19 17:00:00+00:00,24.1,11.0,3.5,4.9
2023-08-19 17:10:00+00:00,24.2,11.0,3.5,5.7
2023-08-19 17:20:00+00:00,24.2,11.0,3.4,4.5
2023-08-19 17:30:00+00:00,24.2,10.0,3.4,5.1
2023-08-19 17:40:00+00:00,24.2,10.0,3.4,4.5
2023-08-19 17:50:00+00:00,24.2,10.0,3.4,4.1
2023-08-19 18:00:00+00:00,24.1,10.0,3.4,3.6
2023-08-19 18:10:00+00:00,24.1,9.0,3.4,2.7
2023-08-19 18:20:00+00:00,24.1,9.0,3.4,2.2
2023-08-19 18:30:00+00:00,24.1,9.0,3.4,1.7
2023-08-19 18:40:00+00:00,24.1,9.0,3.4,1.0
2023-08-19 18:50:00+00:00,24.0,9.0,3.4,0.7
2023-08-19 19:00:00+00:00,23.953846153846154,8.923076923076923,3.4076923076923076,0.6923076923076923
2023-08-19 19:10:00+00:00,23.907692307692308,8.846153846153847,3.4153846153846152,0.6846153846153846
2023-08-19 19:20:00+00:00,23.861538461538462,8.76923076923077,3.423076923076923,0.6769230769230768
2023-08-19 19:30:00+00:00,23.815384615384616,8.692307692307692,3.4307692307692306,0.6692307692307692
2023-08-19 19:40:00+00:00,23.76923076923077,8.615384615384615,3.4384615384615382,0.6615384615384615
2023-08-19 19:50:00+00:00,23.723076923076924,8.538461538461538,3.446153846153846,0.6538461538461539
2023-08-19 20:00:00+00:00,23.676923076923075,8.461538461538462,3.453846153846154,0.6461538461538461
2023-08-19 20:10:00+00:00,23.63076923076923,8.384615384615385,3.4615384615384617,0.6384615384615384
2023-08-19 20:20:00+00:00,23.584615384615383,8.307692307692308,3.4692307692307693,0.6307692307692307
2023-08-19 20:30:00+00:00,23.538461538461537,8.23076923076923,3.476923076923077,0.6230769230769231
2023-08-19 20:40:00+00:00,23.49230769230769,8.153846153846153,3.4846153846153847,0.6153846153846153
2023-08-19 20:50:00+00:00,23.446153846153845,8.076923076923077,3.4923076923076923,0.6076923076923076
2023-08-19 21:00:00+00:00,23.4,8.0,3.5,0.6
2023-08-19 21:10:00+00:00,23.33,8.1,3.5,0.6
2023-08-19 21:20:00+00:00,23.259999999999998,8.2,3.5,0.6
2023-08-19 21:30:00+00:00,23.189999999999998,8.3,3.5,0.6
2023-08-19 21:40:00+00:00,23.119999999999997,8.4,3.5,0.6
2023-08-19 21:50:00+00:00,23.049999999999997,8.5,3.5,0.6
2023-08-19 22:00:00+00:00,22.98,8.6,3.5,0.6
2023-08-19 22:10:00+00:00,22.91,8.7,3.5,0.6
2023-08-19 22:20:00+00:00,22.84,8.8,3.5,0.6
2023-08-19 22:30:00+00:00,22.77,8.9,3.5,0.6
2023-08-19 22:40:00+00:00,22.7,9.0,3.5,0.6
2023-08-19 22:50:00+00:00,22.64,9.1,3.5,0.6
2023-08-19 23:00:00+00:00,22.58,9.2,3.5,0.6
2023-08-19 23:10:00+00:00,22.52,9.3,3.5,0.6
2023-08-19 23:20:00+00:00,22.46,9.4,3.5,0.6
2023-08-19 23:30:00+00:00,22.4,9.5,3.5,0.6
2023-08-19 23:40:00+00:00,22.34,9.6,3.5,0.6
2023-08-19 23:50:00+00:00,22.28,9.7,3.5,0.6
2023-08-20 00:00:00+00:00,22.220000000000002,9.8,3.5,0.6
2023-08-20 00:10:00+00:00,22.16,9.9,3.5,0.6
2023-08-20 00:20:00+00:00,22.1,10.0,3.5,0.6
2023-08-20 00:30:00+00:00,22.05,10.0,3.5,0.6
2023-08-20 00:40:00+00:00,22.0,10.0,3.5,0.6
2023-08-20 00:50:00+00:00,21.950000000000003,10.0,3.5,0.6
2023-08-20 01:00:00+00:00,21.900000000000002,10.0,3.5,0.6
2023-08-20 01:10:00+00:00,21.85,10.0,3.5,0.6
2023-08-20 01:20:00+00:00,21.8,10.0,3.5,0.6
2023-08-20 01:30:00+00:00,21.75,10.0,3.5,0.6
2023-08-20 01:40:00+00:00,21.700000000000003,10.0,3.5,0.6
2023-08-20 01:50:00+00:00,21.650000000000002,10.0,3.5,0.6
2023-08-20 02:00:00+00:00,21.6,10.0,3.5,0.6
2023-08-20 02:10:00+00:00,21.55,10.0,3.5,0.79
2023-08-20 02:20:00+00:00,21.5,10.0,3.5,0.98
2023-08-20 02:30:00+00:00,21.450000000000003,10.0,3.5,1.17
2023-08-20 02:40:00+00:00,21.400000000000002,10.0,3.5,1.3599999999999999
2023-08-20 02:50:00+00:00,21.35,10.0,3.5,1.5499999999999998
2023-08-20 03:00:00+00:00,21.3,10.0,3.5,1.7400000000000002
2023-08-20 03:10:00+00:00,21.25,10.0,3.5,1.9300000000000002
2023-08-20 03:20:00+00:00,21.200000000000003,10.0,3.5,2.12
2023-08-20 03:30:00+00:00,21.150000000000002,10.0,3.5,2.31
2023-08-20 03:40:00+00:00,21.1,10.0,3.5,2.5
2023-08-20 03:50:00+00:00,21.0,9.0,3.5,4.0
2023-08-20 04:00:00+00:00,20.9,10.0,3.5,4.0
2023-08-20 04:10:00+00:00,20.8,10.0,3.5,4.0
2023-08-20 04:20:00+00:00,20.8,10.0,3.5,4.0
2023-08-20 04:30:00+00:00,20.8,9.0,3.5,4.0
2023-08-20 04:40:00+00:00,20.7,9.0,3.5,4.0
2023-08-20 04:50:00+00:00,20.7,9.0,3.4,4.0
2023-08-20 05:00:00+00:00,20.6,9.0,3.4,4.0
2023-08-20 05:10:00+00:00,20.6,9.0,3.4,4.0
2023-08-20 05:20:00+00:00,20.6,9.0,3.45,4.0
2023-08-20 05:30:00+00:00,20.6,9.0,3.5,4.0
2023-08-20 05:40:00+00:00,20.5,9.0,3.4,4.0
2023-08-20 05:50:00+00:00,20.5,9.0,3.4,4.0
2023-08-20 06:00:00+00:00,20.5,9.0,3.4,4.0
2023-08-20 06:10:00+00:00,20.5,9.0,3.4,4.0
2023-08-20 06:20:00+00:00,20.5,9.0,3.4,4.0
2023-08-20 06:30:00+00:00,20.4,9.0,3.4,4.0
2023-08-20 06:40:00+00:00,20.4,9.0,3.4,4.0
2023-08-20 06:50:00+00:00,20.4,9.0,3.4,4.0
2023-08-20 07:00:00+00:00,20.4,9.0,3.4,4.0
2023-08-20 07:10:00+00:00,20.4,9.0,3.4,4.0
2023-08-20 07:20:00+00:00,20.4,9.0,3.4,4.0
2023-08-20 07:30:00+00:00,20.4,8.0,3.5,4.0
2023-08-20 07:40:00+00:00,20.4,8.0,3.5,4.0
2023-08-20 07:50:00+00:00,20.4,8.0,3.5,4.0
2023-08-20 08:00:00+00:00,20.4,8.0,3.6,4.0
2023-08-20 08:10:00+00:00,20.5,8.0,3.6,4.0
2023-08-20 08:20:00+00:00,20.5,8.0,3.7,5.3
2023-08-20 08:30:00+00:00,20.5,8.0,3.7,5.7
2023-08-20 08:40:00+00:00,20.5,8.0,3.8,5.6
2023-08-20 08:50:00+00:00,20.5,8.0,3.8,5.8
2023-08-20 09:00:00+00:00,20.55,7.5,3.75,5.8
2023-08-20 09:10:00+00:00,20.6,7.0,3.7,5.8
2023-08-20 09:20:00+00:00,20.6,7.0,3.7,5.7
2023-08-20 09:30:00+00:00,20.7,7.0,3.9,5.8
2023-08-20 09:40:00+00:00,20.8,7.0,4.4,5.8
2023-08-20 09:50:00+00:00,20.8,6.0,4.8,5.8
2023-08-20 10:00:00+00:00,20.9,7.0,5.2,5.7
2023-08-20 10:10:00+00:00,21.0,7.0,5.2,5.6
2023-08-20 10:20:00+00:00,21.1,7.0,5.5,5.5
2023-08-20 10:30:00+00:00,21.3,7.0,5.1,5.6
2023-08-20 10:40:00+00:00,21.3,8.0,4.0,5.6
2023-08-20 10:50:00+00:00,21.4,8.0,3.9,5.6
2023-08-20 11:00:00+00:00,21.5,8.0,3.8,5.6
2023-08-20 11:10:00+00:00,21.6,7.0,3.7,5.5
2023-08-20 11:20:00+00:00,21.7,8.0,3.6,5.5
2023-08-20 11:30:00+00:00,21.8,8.0,3.6,5.3
2023-08-20 11:40:00+00:00,22.0,7.0,3.6,5.5
2023-08-20 11:50:00+00:00,22.0,7.0,3.7,5.2
2023-08-20 12:00:00+00:00,22.1,7.0,3.6,4.4
2023-08-20 12:10:00+00:00,22.2,9.0,3.5,5.7
2023-08-20 12:20:00+00:00,22.3,10.0,3.4,5.7
2023-08-20 12:30:00+00:00,22.3,11.0,3.4,5.8
2023-08-20 12:40:00+00:00,22.3,11.0,3.4,4.949999999999999
2023-08-20 12:50:00+00:00,22.3,11.0,3.4,4.1
2023-08-20 13:00:00+00:00,22.4,11.0,3.4,5.6
2023-08-20 13:10:00+00:00,22.5,11.0,3.4,5.7
2023-08-20 13:20:00+00:00,22.5,11.0,3.4,5.8
2023-08-20 13:30:00+00:00,22.5,11.0,3.5,6.0
2023-08-20 13:40:00+00:00,22.5,11.0,3.6,5.8
2023-08-20 13:50:00+00:00,22.5,12.0,3.8,5.7
2023-08-20 14:00:00+00:00,22.5,13.0,3.9,5.8
2023-08-20 14:10:00+00:00,22.5,13.0,3.9,5.8
2023-08-20 14:20:00+00:00,22.6,13.0,4.0,5.8
2023-08-20 14:30:00+00:00,22.6,13.5,4.0,5.8
2023-08-20 14:40:00+00:00,22.6,14.0,4.0,5.8
2023-08-20 14:50:00+00:00,22.7,14.0,3.9,5.8
2023-08-20 15:00:00+00:00,22.8,14.0,4.1,5.8
2023-08-20 15:10:00+00:00,22.8,14.0,4.0,5.8
2023-08-20 15:20:00+00:00,22.9,14.0,3.9,5.8
2023-08-20 15:30:00+00:00,23.0,13.0,3.7,5.8
2023-08-20 15:40:00+00:00,23.1,13.0,3.6,5.8
2023-08-20 15:50:00+00:00,23.1,13.0,3.6,5.8
2023-08-20 16:00:00+00:00,23.2,12.0,3.6,5.8
2023-08-20 16:10:00+00:00,23.3,12.0,3.5,5.8
2023-08-20 16:20:00+00:00,23.3,11.5,3.5,5.8
2023-08-20 16:30:00+00:00,23.3,11.0,3.5,5.8
2023-08-20 16:40:00+00:00,23.4,11.0,3.5,5.7
2023-08-20 16:50:00+00:00,23.4,11.0,3.4,5.6
2023-08-20 17:00:00+00:00,23.5,11.0,3.4,5.3
2023-08-20 17:10:00+00:00,23.5,11.0,3.4,5.8
2023-08-20 17:20:00+00:00,23.5,10.0,3.4,5.0
2023-08-20 17:30:00+00:00,23.5,10.0,3.4,4.0
2023-08-20 17:40:00+00:00,23.5,10.0,3.4,4.3
2023-08-20 17:50:00+00:00,23.5,10.0,3.4,4.1
2023-08-20 18:00:00+00:00,23.4,10.0,3.4,3.8
2023-08-20 18:10:00+00:00,23.4,10.0,3.4,3.3499999999999996
2023-08-20 18:20:00+00:00,23.4,10.0,3.4,2.9
2023-08-20 18:30:00+00:00,23.3,11.0,3.4,1.8
2023-08-20 18:40:00+00:00,23.3,11.0,3.5,0.9
2023-08-20 18:50:00+00:00,23.253846153846155,11.0,3.5,0.8769230769230769
2023-08-20 19:00:00+00:00,23.20769230769231,11.0,3.5,0.8538461538461538
2023-08-20 19:10:00+00:00,23.161538461538463,11.0,3.5,0.8307692307692308
2023-08-20 19:20:00+00:00,23.115384615384617,11.0,3.5,0.8076923076923077
2023-08-20 19:30:00+00:00,23.06923076923077,11.0,3.5,0.7846153846153846
2023-08-20 19:40:00+00:00,23.023076923076925,11.0,3.5,0.7615384615384615
2023-08-20 19:50:00+00:00,22.976923076923075,11.0,3.5,0.7384615384615385
2023-08-20 20:00:00+00:00,22.93076923076923,11.0,3.5,0.7153846153846154
2023-08-20 20:10:00+00:00,22.884615384615383,11.0,3.5,0.6923076923076923
2023-08-20 20:20:00+00:00,22.838461538461537,11.0,3.5,0.6692307692307692
2023-08-20 20:30:00+00:00,22.79230769230769,11.0,3.5,0.6461538461538461
2023-08-20 20:40:00+00:00,22.746153846153845,11.0,3.5,0.6230769230769231
2023-08-20 20:50:00+00:00,22.7,11.0,3.5,0.6
2023-08-20 21:00:00+00:00,22.64,10.9,3.5,0.6
2023-08-20 21:10:00+00:00,22.58,10.8,3.5,0.6
2023-08-20 21:20:00+00:00,22.52,10.7,3.5,0.6
2023-08-20 21:30:00+00:00,22.46,10.6,3.5,0.6
2023-08-20 21:40:00+00:00,22.4,10.5,3.5,0.6
2023-08-20 21:50:00+00:00,22.34,10.4,3.5,0.6
2023-08-20 22:00:00+00:00,22.28,10.3,3.5,0.6
2023-08-20 22:10:00+00:00,22.220000000000002,10.2,3.5,0.6
2023-08-20 22:20:00+00:00,22.16,10.1,3.5,0.6
2023-08-20 22:30:00+00:00,22.1,10.0,3.5,0.6
2023-08-20 22:40:00+00:00,22.060000000000002,10.1,3.5,0.6
2023-08-20 22:50:00+00:00,22.02,10.2,3.5,0.6
2023-08-20 23:00:00+00:00,21.98,10.3,3.5,0.6
2023-08-20 23:10:00+00:00,21.94,10.4,3.5,0.6
2023-08-20 23:20:00+00:00,21.9,10.5,3.5,0.6
2023-08-20 23:30:00+00:00,21.86,10.6,3.5,0.6
2023-08-20 23:40:00+00:00,21.82,10.7,3.5,0.6
2023-08-20 23:50:00+00:00,21.78,10.8,3.5,0.6
2023-08-21 00:00:00+00:00,21.74,10.9,3.5,0.6
2023-08-21 00:10:00+00:00,21.7,11.0,3.5,0.6
2023-08-21 00:20:00+00:00,21.66,11.1,3.5,0.6
2023-08-21 00:30:00+00:00,21.62,11.2,3.5,0.6
2023-08-21 00:40:00+00:00,21.58,11.3,3.5,0.6
2023-08-21 00:50:00+00:00,21.54,11.4,3.5,0.6
2023-08-21 01:00:00+00:00,21.5,11.5,3.5,0.6
2023-08-21 01:10:00+00:00,21.46,11.6,3.5,0.6
2023-08-21 01:20:00+00:00,21.42,11.7,3.5,0.6
2023-08-21 01:30:00+00:00,21.38,11.8,3.5,0.6
2023-08-21 01:40:00+00:00,21.34,11.9,3.5,0.6
2023-08-21 01:50:00+00:00,21.3,12.0,3.5,0.6
2023-08-21 02:00:00+00:00,21.27,12.0,3.5,0.6699999999999999
2023-08-21 02:10:00+00:00,21.240000000000002,12.0,3.5,0.74
2023-08-21 02:20:00+00:00,21.21,12.0,3.5,0.81
2023-08-21 02:30:00+00:00,21.18,12.0,3.5,0.88
2023-08-21 02:40:00+00:00,21.15,12.0,3.5,0.95
2023-08-21 02:50:00+00:00,21.12,12.0,3.5,1.02
2023-08-21 03:00:00+00:00,21.09,12.0,3.5,1.09
2023-08-21 03:10:00+00:00,21.06,12.0,3.5,1.1600000000000001
2023-08-21 03:20:00+00:00,21.03,12.0,3.5,1.23
2023-08-21 03:30:00+00:00,21.0,12.0,3.5,1.3
2023-08-21 03:40:00+00:00,20.8,12.0,3.5,3.7
2023-08-21 03:50:00+00:00,20.8,12.0,3.5,4.0
2023-08-21 04:00:00+00:00,20.8,12.0,3.5,4.0
2023-08-21 04:10:00+00:00,20.7,13.0,3.5,4.0
2023-08-21 04:20:00+00:00,20.7,12.0,3.5,4.0
2023-08-21 04:30:00+00:00,20.6,13.0,3.5,4.0
2023-08-21 04:40:00+00:00,20.6,13.0,3.5,4.0
2023-08-21 04:50:00+00:00,20.6,13.0,3.4,4.0
2023-08-21 05:00:00+00:00,20.5,13.0,3.4,4.0
2023-08-21 05:10:00+00:00,20.5,13.0,3.45,4.0
2023-08-21 05:20:00+00:00,20.5,13.0,3.5,4.0
2023-08-21 05:30:00+00:00,20.5,13.0,3.5,4.0
2023-08-21 05:40:00+00:00,20.4,13.0,3.5,4.0
2023-08-21 05:50:00+00:00,20.3,12.0,3.5,4.0
2023-08-21 06:00:00+00:00,20.3,12.0,3.5,4.0
2023-08-21 06:10:00+00:00,20.3,12.0,3.5,4.0
2023-08-21 06:20:00+00:00,20.2,12.0,3.5,4.0
2023-08-21 06:30:00+00:00,20.2,12.0,3.4,4.0
2023-08-21 06:40:00+00:00,20.1,12.0,3.5,4.0
2023-08-21 06:50:00+00:00,20.1,13.0,3.4,4.0
2023-08-21 07:00:00+00:00,20.1,12.5,3.4,4.0
2023-08-21 07:10:00+00:00,20.1,12.0,3.4,4.0
2023-08-21 07:20:00+00:00,20.0,12.0,3.4,4.0
2023-08-21 07:30:00+00:00,20.0,12.0,3.4,4.0
2023-08-21 07:40:00+00:00,20.0,12.0,3.4,4.0
2023-08-21 07:50:00+00:00,20.0,12.0,3.4,3.8
2023-08-21 08:00:00+00:00,20.0,12.0,3.4,4.0
2023-08-21 08:10:00+00:00,19.9,11.0,3.4,4.0
2023-08-21 08:20:00+00:00,19.9,11.0,3.5,4.0
2023-08-21 08:30:00+00:00,19.9,11.0,3.5,4.1
2023-08-21 08:40:00+00:00,19.9,10.0,3.5,5.7
2023-08-21 08:50:00+00:00,19.9,10.0,3.5,5.800000000000001
2023-08-21 09:00:00+00:00,19.9,10.0,3.5,5.9
2023-08-21 09:10:00+00:00,19.9,10.0,3.6,5.9
2023-08-21 09:20:00+00:00,19.9,10.0,3.6,6.0
2023-08-21 09:30:00+00:00,20.0,10.0,3.6,5.9
2023-08-21 09:40:00+00:00,20.0,10.0,3.7,6.0
2023-08-21 09:50:00+00:00,20.1,10.0,3.6,6.0
2023-08-21 10:00:00+00:00,20.1,10.0,3.6,6.0
2023-08-21 10:10:00+00:00,20.3,10.0,3.6,6.0
2023-08-21 10:20:00+00:00,20.3,10.0,3.6,6.0
2023-08-21 10:30:00+00:00,20.5,10.0,3.7,5.9
2023-08-21 10:40:00+00:00,20.5,10.5,3.7,5.95
2023-08-21 10:50:00+00:00,20.5,11.0,3.7,6.0
2023-08-21 11:00:00+00:00,20.6,11.0,3.7,5.5
2023-08-21 11:10:00+00:00,20.8,11.0,3.7,5.7
2023-08-21 11:20:00+00:00,20.9,12.0,3.7,5.6
2023-08-21 11:30:00+00:00,21.0,12.0,3.5,5.8
2023-08-21 11:40:00+00:00,21.1,12.0,3.5,5.7
2023-08-21 11:50:00+00:00,21.3,11.0,3.6,6.0
2023-08-21 12:00:00+00:00,21.4,12.0,3.7,5.6
2023-08-21 12:10:00+00:00,21.5,12.0,3.8,5.9
2023-08-21 12:20:00+00:00,21.6,12.0,3.7,6.1
2023-08-21 12:30:00+00:00,21.65,12.0,3.7,6.0
2023-08-21 12:40:00+00:00,21.7,12.0,3.7,5.9
2023-08-21 12:50:00+00:00,21.8,12.0,4.0,5.8
2023-08-21 13:00:00+00:00,21.9,12.0,3.9,5.9
2023-08-21 13:10:00+00:00,22.0,13.0,3.6,6.2
2023-08-21 13:20:00+00:00,22.1,12.0,3.7,5.4
2023-08-21 13:30:00+00:00,22.3,13.0,3.7,5.8
2023-08-21 13:40:00+00:00,22.4,13.0,3.8,6.0
2023-08-21 13:50:00+00:00,22.5,12.0,3.8,5.6
2023-08-21 14:00:00+00:00,22.6,13.0,3.6,5.3
2023-08-21 14:10:00+00:00,22.7,12.0,3.5,6.1
2023-08-21 14:20:00+00:00,22.75,12.0,3.5,6.1
2023-08-21 14:30:00+00:00,22.8,12.0,3.5,6.1
2023-08-21 14:40:00+00:00,22.9,11.0,3.7,5.9
2023-08-21 14:50:00+00:00,23.0,11.0,3.7,5.9
2023-08-21 15:00:00+00:00,23.0,10.0,3.7,5.9
2023-08-21 15:10:00+00:00,23.1,10.0,3.7,6.0
2023-08-21 15:20:00+00:00,23.2,9.0,3.7,5.9
2023-08-21 15:30:00+00:00,23.3,9.0,3.8,5.8
2023-08-21 15:40:00+00:00,23.3,8.0,3.8,5.8
2023-08-21 15:50:00+00:00,23.3,8.0,3.7,5.7
2023-08-21 16:00:00+00:00,23.4,8.0,3.6,5.7
2023-08-21 16:10:00+00:00,23.45,8.0,3.55,5.550000000000001
2023-08-21 16:20:00+00:00,23.5,8.0,3.5,5.4
2023-08-21 16:30:00+00:00,23.5,8.0,3.5,4.2
2023-08-21 16:40:00+00:00,23.5,8.0,3.4,5.7
2023-08-21 16:50:00+00:00,23.6,7.0,3.4,5.5
2023-08-21 17:00:00+00:00,23.6,8.0,3.4,5.4
2023-08-21 17:10:00+00:00,23.6,8.0,3.4,5.7
2023-08-21 17:20:00+00:00,23.6,8.0,3.4,4.3
2023-08-21 17:30:00+00:00,23.6,8.0,3.4,4.6
2023-08-21 17:40:00+00:00,23.6,8.0,3.4,4.3
2023-08-21 17:50:00+00:00,23.5,8.0,3.4,4.0
2023-08-21 18:00:00+00:00,23.5,8.0,3.4,3.7
2023-08-21 18:10:00+00:00,23.5,8.0,3.4,3.4
2023-08-21 18:20:00+00:00,23.5,8.0,3.5,2.5
2023-08-21 18:30:00+00:00,23.4,8.0,3.5,1.5
2023-08-21 18:40:00+00:00,23.3,9.0,3.4,0.9
2023-08-21 18:50:00+00:00,23.23,9.1,3.41,0.87
2023-08-21 19:00:00+00:00,23.16,9.2,3.42,0.84
2023-08-21 19:10:00+00:00,23.09,9.3,3.4299999999999997,0.81
2023-08-21 19:20:00+00:00,23.02,9.4,3.44,0.78
2023-08-21 19:30:00+00:00,22.950000000000003,9.5,3.45,0.75
2023-08-21 19:40:00+00:00,22.880000000000003,9.6,3.46,0.72
2023-08-21 19:50:00+00:00,22.810000000000002,9.7,3.4699999999999998,0.69
2023-08-21 20:00:00+00:00,22.740000000000002,9.8,3.48,0.6599999999999999
2023-08-21 20:10:00+00:00,22.67,9.9,3.49,0.6299999999999999
2023-08-21 20:20:00+00:00,22.6,10.0,3.5,0.6
2023-08-21 20:30:00+00:00,22.520000000000003,10.1,3.5,0.6
2023-08-21 20:40:00+00:00,22.44,10.2,3.5,0.6
2023-08-21 20:50:00+00:00,22.36,10.3,3.5,0.6
2023-08-21 21:00:00+00:00,22.28,10.4,3.5,0.6
2023-08-21 21:10:00+00:00,22.200000000000003,10.5,3.5,0.6
2023-08-21 21:20:00+00:00,22.12,10.6,3.5,0.6
2023-08-21 21:30:00+00:00,22.04,10.7,3.5,0.6
2023-08-21 21:40:00+00:00,21.96,10.8,3.5,0.6
2023-08-21 21:50:00+00:00,21.880000000000003,10.9,3.5,0.6
2023-08-21 22:00:00+00:00,21.8,11.0,3.5,0.6
2023-08-21 22:10:00+00:00,21.73846153846154,11.076923076923077,3.5,0.6
2023-08-21 22:20:00+00:00,21.676923076923078,11.153846153846153,3.5,0.6
2023-08-21 22:30:00+00:00,21.615384615384617,11.23076923076923,3.5,0.6
2023-08-21 22:40:00+00:00,21.553846153846155,11.307692307692308,3.5,0.6
2023-08-21 22:50:00+00:00,21.492307692307694,11.384615384615385,3.5,0.6
2023-08-21 23:00:00+00:00,21.430769230769233,11.461538461538462,3.5,0.6
2023-08-21 23:10:00+00:00,21.369230769230768,11.538461538461538,3.5,0.6
2023-08-21 23:20:00+00:00,21.307692307692307,11.615384615384615,3.5,0.6
2023-08-21 23:30:00+00:00,21.246153846153845,11.692307692307692,3.5,0.6
2023-08-21 23:40:00+00:00,21.184615384615384,11.76923076923077,3.5,0.6
2023-08-21 23:50:00+00:00,21.123076923076923,11.846153846153847,3.5,0.6
2023-08-22 00:00:00+00:00,21.06153846153846,11.923076923076923,3.5,0.6
2023-08-22 00:10:00+00:00,21.0,12.0,3.5,0.6
2023-08-22 00:20:00+00:00,20.93,11.9,3.5,0.6
2023-08-22 00:30:00+00:00,20.86,11.8,3.5,0.6
2023-08-22 00:40:00+00:00,20.79,11.7,3.5,0.6
2023-08-22 00:50:00+00:00,20.72,11.6,3.5,0.6
2023-08-22 01:00:00+00:00,20.65,11.5,3.5,0.6
2023-08-22 01:10:00+00:00,20.580000000000002,11.4,3.5,0.6
2023-08-22 01:20:00+00:00,20.51,11.3,3.5,0.6
2023-08-22 01:30:00+00:00,20.44,11.2,3.5,0.6
2023-08-22 01:40:00+00:00,20.37,11.1,3.5,0.6
2023-08-22 01:50:00+00:00,20.3,11.0,3.5,0.6
2023-08-22 02:00:00+00:00,20.25,11.2,3.5,0.6799999999999999
2023-08-22 02:10:00+00:00,20.2,11.4,3.5,0.76
2023-08-22 02:20:00+00:00,20.150000000000002,11.6,3.5,0.84
2023-08-22 02:30:00+00:00,20.1,11.8,3.5,0.9199999999999999
2023-08-22 02:40:00+00:00,20.05,12.0,3.5,0.9999999999999999
2023-08-22 02:50:00+00:00,20.0,12.2,3.5,1.0799999999999998
2023-08-22 03:00:00+00:00,19.95,12.4,3.5,1.16
2023-08-22 03:10:00+00:00,19.900000000000002,12.6,3.5,1.2399999999999998
2023-08-22 03:20:00+00:00,19.85,12.8,3.5,1.3199999999999998
2023-08-22 03:30:00+00:00,19.8,13.0,3.5,1.4
2023-08-22 03:40:00+00:00,19.6,13.0,3.5,3.8
2023-08-22 03:50:00+00:00,19.5,13.0,3.5,4.0
2023-08-22 04:00:00+00:00,19.5,13.0,3.6,4.0
2023-08-22 04:10:00+00:00,19.5,13.0,3.5,4.0
2023-08-22 04:20:00+00:00,19.4,13.0,3.5,4.0
2023-08-22 04:30:00+00:00,19.3,13.0,3.5,4.0
2023-08-22 04:40:00+00:00,19.3,13.0,3.5,4.0
2023-08-22 04:50:00+00:00,19.2,13.0,3.5,4.0
2023-08-22 05:00:00+00:00,19.15,12.5,3.5,4.0
2023-08-22 05:10:00+00:00,19.1,12.0,3.5,4.0
2023-08-22 05:20:00+00:00,19.1,12.0,3.5,4.0
2023-08-22 05:30:00+00:00,19.1,12.0,3.5,4.0
2023-08-22 05:40:00+00:00,19.0,12.0,3.5,4.0
2023-08-22 05:50:00+00:00,19.0,11.0,3.5,4.0
2023-08-22 06:00:00+00:00,19.0,12.0,3.5,4.0
2023-08-22 06:10:00+00:00,18.9,11.0,3.5,4.0
2023-08-22 06:20:00+00:00,18.9,11.0,3.5,4.0
2023-08-22 06:30:00+00:00,18.8,12.0,3.5,4.0
2023-08-22 06:40:00+00:00,18.8,11.0,3.5,4.0
2023-08-22 06:50:00+00:00,18.8,11.0,3.5,4.0
2023-08-22 07:00:00+00:00,18.8,11.0,3.5,4.0
2023-08-22 07:10:00+00:00,18.8,11.0,3.4,4.0
2023-08-22 07:20:00+00:00,18.8,11.0,3.4,4.0
2023-08-22 07:30:00+00:00,18.7,11.0,3.5,4.0
2023-08-22 07:40:00+00:00,18.7,11.0,3.4,4.0
2023-08-22 07:50:00+00:00,18.7,11.0,3.4,4.0
2023-08-22 08:00:00+00:00,18.7,11.0,3.4,4.0
2023-08-22 08:10:00+00:00,18.7,11.0,3.4,4.0
2023-08-22 08:20:00+00:00,18.8,11.0,3.4,4.0
2023-08-22 08:30:00+00:00,18.8,10.0,3.4,4.0
2023-08-22 08:40:00+00:00,18.8,10.0,3.4,4.0
2023-08-22 08:50:00+00:00,18.8,10.0,3.4,4.0
2023-08-22 09:00:00+00:00,18.8,10.0,3.4,4.0
2023-08-22 09:10:00+00:00,18.8,10.0,3.4,5.5
2023-08-22 09:20:00+00:00,18.9,10.0,3.4,5.8
2023-08-22 09:30:00+00:00,19.0,10.0,3.4,5.7
2023-08-22 09:40:00+00:00,19.0,10.0,3.4,5.7
2023-08-22 09:50:00+00:00,19.1,10.0,3.4,5.9
2023-08-22 10:00:00+00:00,19.1,10.0,3.4,5.8
2023-08-22 10:10:00+00:00,19.1,10.0,3.4,5.8
2023-08-22 10:20:00+00:00,19.2,10.0,3.4,6.2
2023-08-22 10:30:00+00:00,19.25,10.0,3.45,6.0
2023-08-22 10:40:00+00:00,19.3,10.0,3.5,5.8
2023-08-22 10:50:00+00:00,19.3,10.0,3.4,6.0
2023-08-22 11:00:00+00:00,19.3,10.0,3.4,6.1
2023-08-22 11:10:00+00:00,19.4,9.0,3.4,6.1
2023-08-22 11:20:00+00:00,19.5,9.0,3.5,6.0
2023-08-22 11:30:00+00:00,19.5,9.0,3.5,6.1
2023-08-22 11:40:00+00:00,19.6,8.0,3.6,6.0
2023-08-22 11:50:00+00:00,19.6,9.0,3.7,5.7
2023-08-22 12:00:00+00:00,19.7,8.0,3.6,5.9
2023-08-22 12:10:00+00:00,19.8,9.0,3.6,5.9
2023-08-22 12:20:00+00:00,19.9,8.5,3.6,5.95
2023-08-22 12:30:00+00:00,20.0,8.0,3.6,6.0
2023-08-22 12:40:00+00:00,20.1,8.0,3.5,6.0
2023-08-22 12:50:00+00:00,20.2,9.0,3.6,5.8
2023-08-22 13:00:00+00:00,20.3,9.0,3.5,6.1
2023-08-22 13:10:00+00:00,20.5,9.0,3.5,6.0
2023-08-22 13:20:00+00:00,20.6,9.0,3.5,5.8
2023-08-22 13:30:00+00:00,20.6,9.0,3.5,5.8
2023-08-22 13:40:00+00:00,20.8,9.0,3.5,5.8
2023-08-22 13:50:00+00:00,20.9,9.0,3.5,5.6
2023-08-22 14:00:00+00:00,21.0,9.0,3.5,6.0
2023-08-22 14:10:00+00:00,21.05,8.5,3.5,5.85
2023-08-22 14:20:00+00:00,21.1,8.0,3.5,5.7
2023-08-22 14:30:00+00:00,21.1,8.0,3.5,5.8
2023-08-22 14:40:00+00:00,21.2,8.0,3.5,5.8
2023-08-22 14:50:00+00:00,21.3,7.0,3.5,5.9
2023-08-22 15:00:00+00:00,21.3,7.0,3.6,5.8
2023-08-22 15:10:00+00:00,21.4,6.0,3.6,5.9
2023-08-22 15:20:00+00:00,21.5,7.0,3.5,5.3
2023-08-22 15:30:00+00:00,21.5,6.0,3.5,5.6
2023-08-22 15:40:00+00:00,21.6,6.0,3.5,5.9
2023-08-22 15:50:00+00:00,21.6,7.0,3.4,5.1
2023-08-22 16:00:00+00:00,21.6,6.5,3.4,4.85
2023-08-22 16:10:00+00:00,21.6,6.0,3.4,4.6
2023-08-22 16:20:00+00:00,21.6,6.0,3.4,5.9
2023-08-22 16:30:00+00:00,21.7,6.0,3.5,5.9
2023-08-22 16:40:00+00:00,21.7,6.0,3.4,5.4
2023-08-22 16:50:00+00:00,21.8,6.0,3.4,5.4
2023-08-22 17:00:00+00:00,21.8,6.0,3.4,5.4
2023-08-22 17:10:00+00:00,21.8,6.0,3.4,4.0
2023-08-22 17:20:00+00:00,21.8,6.0,3.4,5.2
2023-08-22 17:30:00+00:00,21.8,6.0,3.4,4.4
2023-08-22 17:40:00+00:00,21.8,6.0,3.4,4.5
2023-08-22 17:50:00+00:00,21.8,6.0,3.4,4.25
2023-08-22 18:00:00+00:00,21.8,6.0,3.4,4.0
2023-08-22 18:10:00+00:00,21.7,7.0,3.5,3.2
2023-08-22 18:20:00+00:00,21.7,7.0,3.5,2.2
2023-08-22 18:30:00+00:00,21.6,7.0,3.5,1.2
2023-08-22 18:40:00+00:00,21.6,7.0,3.5,0.6
2023-08-22 18:50:00+00:00,21.540000000000003,7.2,3.5,0.6
2023-08-22 19:00:00+00:00,21.48,7.4,3.5,0.6
2023-08-22 19:10:00+00:00,21.42,7.6,3.5,0.6
2023-08-22 19:20:00+00:00,21.36,7.8,3.5,0.6
2023-08-22 19:30:00+00:00,21.3,8.0,3.5,0.6
2023-08-22 19:40:00+00:00,21.240000000000002,8.2,3.5,0.6
2023-08-22 19:50:00+00:00,21.18,8.4,3.5,0.6
2023-08-22 20:00:00+00:00,21.12,8.6,3.5,0.6
2023-08-22 20:10:00+00:00,21.06,8.8,3.5,0.6
2023-08-22 20:20:00+00:00,21.0,9.0,3.5,0.6
2023-08-22 20:30:00+00:00,20.953846153846154,9.0,3.5,0.5846153846153846
2023-08-22 20:40:00+00:00,20.907692307692308,9.0,3.5,0.5692307692307692
2023-08-22 20:50:00+00:00,20.861538461538462,9.0,3.5,0.5538461538461539
2023-08-22 21:00:00+00:00,20.815384615384616,9.0,3.5,0.5384615384615384
2023-08-22 21:10:00+00:00,20.76923076923077,9.0,3.5,0.5230769230769231
2023-08-22 21:20:00+00:00,20.723076923076924,9.0,3.5,0.5076923076923077
2023-08-22 21:30:00+00:00,20.676923076923075,9.0,3.5,0.49230769230769234
2023-08-22 21:40:00+00:00,20.63076923076923,9.0,3.5,0.4769230769230769
2023-08-22 21:50:00+00:00,20.584615384615383,9.0,3.5,0.46153846153846156
2023-08-22 22:00:00+00:00,20.538461538461537,9.0,3.5,0.4461538461538461
2023-08-22 22:10:00+00:00,20.49230769230769,9.0,3.5,0.4307692307692308
2023-08-22 22:20:00+00:00,20.446153846153845,9.0,3.5,0.4153846153846154
2023-08-22 22:30:00+00:00,20.4,9.0,3.5,0.4
2023-08-22 22:40:00+00:00,20.34,9.0,3.51,0.4
2023-08-22 22:50:00+00:00,20.279999999999998,9.0,3.52,0.4
2023-08-22 23:00:00+00:00,20.22,9.0,3.5300000000000002,0.4
2023-08-22 23:10:00+00:00,20.16,9.0,3.54,0.4
2023-08-22 23:20:00+00:00,20.1,9.0,3.55,0.4
2023-08-22 23:30:00+00:00,20.04,9.0,3.56,0.4
2023-08-22 23:40:00+00:00,19.98,9.0,3.5700000000000003,0.4
2023-08-22 23:50:00+00:00,19.92,9.0,3.58,0.4
2023-08-23 00:00:00+00:00,19.86,9.0,3.59,0.4
2023-08-23 00:10:00+00:00,19.8,9.0,3.6,0.4
2023-08-23 00:20:00+00:00,19.75,9.0,3.59,0.42000000000000004
2023-08-23 00:30:00+00:00,19.7,9.0,3.58,0.44
2023-08-23 00:40:00+00:00,19.650000000000002,9.0,3.5700000000000003,0.46
2023-08-23 00:50:00+00:00,19.6,9.0,3.56,0.48
2023-08-23 01:00:00+00:00,19.55,9.0,3.55,0.5
2023-08-23 01:10:00+00:00,19.5,9.0,3.54,0.52
2023-08-23 01:20:00+00:00,19.45,9.0,3.5300000000000002,0.54
2023-08-23 01:30:00+00:00,19.400000000000002,9.0,3.52,0.56
2023-08-23 01:40:00+00:00,19.35,9.0,3.51,0.58
2023-08-23 01:50:00+00:00,19.3,9.0,3.5,0.6
2023-08-23 02:00:00+00:00,19.240000000000002,9.1,3.5,0.77
2023-08-23 02:10:00+00:00,19.18,9.2,3.5,0.94
2023-08-23 02:20:00+00:00,19.12,9.3,3.5,1.1099999999999999
2023-08-23 02:30:00+00:00,19.06,9.4,3.5,1.2799999999999998
2023-08-23 02:40:00+00:00,19.0,9.5,3.5,1.4499999999999997
2023-08-23 02:50:00+00:00,18.94,9.6,3.5,1.62
2023-08-23 03:00:00+00:00,18.88,9.7,3.5,1.79
2023-08-23 03:10:00+00:00,18.82,9.8,3.5,1.96
2023-08-23 03:20:00+00:00,18.759999999999998,9.9,3.5,2.13
2023-08-23 03:30:00+00:00,18.7,10.0,3.5,2.3
2023-08-23 03:40:00+00:00,18.6,10.0,3.6,3.8
2023-08-23 03:50:00+00:00,18.6,11.0,3.5,4.0
2023-08-23 04:00:00+00:00,18.5,11.0,3.5,4.0
2023-08-23 04:10:00+00:00,18.5,10.0,3.6,4.0
2023-08-23 04:20:00+00:00,18.5,10.0,3.5,4.0
2023-08-23 04:30:00+00:00,18.4,10.0,3.5,3.8
2023-08-23 04:40:00+00:00,18.3,10.0,3.5,4.0
2023-08-23 04:50:00+00:00,18.3,10.5,3.5,4.0
2023-08-23 05:00:00+00:00,18.3,11.0,3.5,4.0
2023-08-23 05:10:00+00:00,18.3,11.0,3.5,4.0
2023-08-23 05:20:00+00:00,18.2,11.0,3.5,4.0
2023-08-23 05:30:00+00:00,18.2,11.0,3.5,4.0
2023-08-23 05:40:00+00:00,18.1,10.0,3.5,4.0
2023-08-23 05:50:00+00:00,18.1,11.0,3.5,4.0
2023-08-23 06:00:00+00:00,18.1,11.0,3.5,4.0
2023-08-23 06:10:00+00:00,18.0,11.0,3.5,4.0
2023-08-23 06:20:00+00:00,18.0,11.0,3.5,4.0
2023-08-23 06:30:00+00:00,18.0,11.0,3.5,4.0
2023-08-23 06:40:00+00:00,18.0,11.0,3.45,4.0
2023-08-23 06:50:00+00:00,18.0,11.0,3.4,4.0
2023-08-23 07:00:00+00:00,18.0,10.0,3.4,4.0
2023-08-23 07:10:00+00:00,18.0,11.0,3.4,4.0
2023-08-23 07:20:00+00:00,18.0,10.0,3.5,4.0
2023-08-23 07:30:00+00:00,18.0,10.0,3.5,4.0
2023-08-23 07:40:00+00:00,18.0,10.0,3.4,4.0
2023-08-23 07:50:00+00:00,17.9,10.0,3.5,4.0
2023-08-23 08:00:00+00:00,17.9,10.0,3.5,4.0
2023-08-23 08:10:00+00:00,18.0,9.0,3.5,4.0
2023-08-23 08:20:00+00:00,18.0,8.0,3.5,4.0
2023-08-23 08:30:00+00:00,18.0,7.5,3.5,4.5
2023-08-23 08:40:00+00:00,18.0,7.0,3.5,5.0
2023-08-23 08:50:00+00:00,18.0,7.0,3.6,5.7
2023-08-23 09:00:00+00:00,18.0,6.0,3.6,5.8
2023-08-23 09:10:00+00:00,18.0,6.0,3.7,5.9
2023-08-23 09:20:00+00:00,18.1,6.0,3.7,5.9
2023-08-23 09:30:00+00:00,18.1,6.0,3.7,5.9
2023-08-23 09:40:00+00:00,18.2,5.0,3.7,6.0
2023-08-23 09:50:00+00:00,18.3,5.0,3.7,5.9
2023-08-23 10:00:00+00:00,18.5,5.0,3.8,5.9
2023-08-23 10:10:00+00:00,18.6,4.0,3.9,5.8
2023-08-23 10:20:00+00:00,18.6,4.0,4.0,5.85
2023-08-23 10:30:00+00:00,18.6,4.0,4.1,5.9
2023-08-23 10:40:00+00:00,18.8,4.0,4.2,5.7
2023-08-23 10:50:00+00:00,19.0,4.0,4.4,5.8
2023-08-23 11:00:00+00:00,19.1,4.0,4.6,5.7
2023-08-23 11:10:00+00:00,19.3,4.0,4.2,5.0
2023-08-23 11:20:00+00:00,19.5,4.0,3.9,5.9
2023-08-23 11:30:00+00:00,19.6,5.0,3.7,5.5
2023-08-23 11:40:00+00:00,19.8,5.0,3.8,5.8
2023-08-23 11:50:00+00:00,20.0,4.0,4.2,5.8
2023-08-23 12:00:00+00:00,20.1,4.0,4.1,5.8
2023-08-23 12:10:00+00:00,20.200000000000003,4.5,3.8499999999999996,5.9
2023-08-23 12:20:00+00:00,20.3,5.0,3.6,6.0
2023-08-23 12:30:00+00:00,20.4,4.0,3.6,5.9
2023-08-23 12:40:00+00:00,20.5,4.0,3.7,5.5
2023-08-23 12:50:00+00:00,20.6,5.0,3.6,5.6
2023-08-23 13:00:00+00:00,20.8,4.0,3.6,5.5
2023-08-23 13:10:00+00:00,21.0,5.0,3.5,5.4
2023-08-23 13:20:00+00:00,21.0,4.0,3.5,6.0
2023-08-23 13:30:00+00:00,21.1,4.0,3.5,5.3
2023-08-23 13:40:00+00:00,21.2,4.0,3.5,6.1
2023-08-23 13:50:00+00:00,21.3,4.0,3.5,5.4
2023-08-23 14:00:00+00:00,21.35,4.0,3.5,5.7
2023-08-23 14:10:00+00:00,21.4,4.0,3.5,6.0
2023-08-23 14:20:00+00:00,21.5,3.0,3.7,5.2
2023-08-23 14:30:00+00:00,21.6,3.0,3.6,6.0
2023-08-23 14:40:00+00:00,21.6,3.0,3.5,6.1
2023-08-23 14:50:00+00:00,21.7,4.0,3.4,5.1
2023-08-23 15:00:00+00:00,21.8,4.0,3.4,5.1
2023-08-23 15:10:00+00:00,21.9,4.0,3.4,5.9
2023-08-23 15:20:00+00:00,22.0,4.0,3.5,6.0
2023-08-23 15:30:00+00:00,22.0,4.0,3.5,6.1
2023-08-23 15:40:00+00:00,22.1,4.0,3.5,6.0
2023-08-23 15:50:00+00:00,22.1,3.5,3.5,5.95
2023-08-23 16:00:00+00:00,22.1,3.0,3.5,5.9
2023-08-23 16:10:00+00:00,22.1,4.0,3.4,4.0
2023-08-23 16:20:00+00:00,22.2,4.0,3.4,5.3
2023-08-23 16:30:00+00:00,22.2,4.0,3.4,5.8
2023-08-23 16:40:00+00:00,22.2,5.0,3.4,5.5
2023-08-23 16:50:00+00:00,22.3,5.0,3.4,5.8
2023-08-23 17:00:00+00:00,22.3,5.0,3.4,4.9
2023-08-23 17:10:00+00:00,22.3,5.0,3.5,4.1
2023-08-23 17:20:00+00:00,22.3,4.0,3.4,4.3
2023-08-23 17:30:00+00:00,22.2,4.0,3.4,4.8
2023-08-23 17:40:00+00:00,22.2,4.5,3.4,4.5
2023-08-23 17:50:00+00:00,22.2,5.0,3.4,4.2
2023-08-23 18:00:00+00:00,22.2,5.0,3.5,3.4
2023-08-23 18:10:00+00:00,22.1,5.0,3.5,2.5
2023-08-23 18:20:00+00:00,22.1,5.0,3.5,1.5
2023-08-23 18:30:00+00:00,22.1,5.0,3.5,0.9
2023-08-23 18:40:00+00:00,22.040000000000003,5.1,3.5,0.85
2023-08-23 18:50:00+00:00,21.98,5.2,3.5,0.8
2023-08-23 19:00:00+00:00,21.92,5.3,3.5,0.75
2023-08-23 19:10:00+00:00,21.86,5.4,3.5,0.7
2023-08-23 19:20:00+00:00,21.8,5.5,3.5,0.65
2023-08-23 19:30:00+00:00,21.740000000000002,5.6,3.5,0.6
2023-08-23 19:40:00+00:00,21.68,5.7,3.5,0.55
2023-08-23 19:50:00+00:00,21.62,5.8,3.5,0.5
2023-08-23 20:00:00+00:00,21.56,5.9,3.5,0.45
2023-08-23 20:10:00+00:00,21.5,6.0,3.5,0.4
2023-08-23 20:20:00+00:00,21.453846153846154,6.0,3.5,0.4153846153846154
2023-08-23 20:30:00+00:00,21.407692307692308,6.0,3.5,0.4307692307692308
2023-08-23 20:40:00+00:00,21.361538461538462,6.0,3.5,0.4461538461538462
2023-08-23 20:50:00+00:00,21.315384615384616,6.0,3.5,0.46153846153846156
2023-08-23 21:00:00+00:00,21.26923076923077,6.0,3.5,0.47692307692307695
2023-08-23 21:10:00+00:00,21.223076923076924,6.0,3.5,0.49230769230769234
2023-08-23 21:20:00+00:00,21.176923076923075,6.0,3.5,0.5076923076923077
2023-08-23 21:30:00+00:00,21.13076923076923,6.0,3.5,0.5230769230769231
2023-08-23 21:40:00+00:00,21.084615384615383,6.0,3.5,0.5384615384615384
2023-08-23 21:50:00+00:00,21.038461538461537,6.0,3.5,0.5538461538461539
2023-08-23 22:00:00+00:00,20.99230769230769,6.0,3.5,0.5692307692307692
2023-08-23 22:10:00+00:00,20.946153846153845,6.0,3.5,0.5846153846153845
2023-08-23 22:20:00+00:00,20.9,6.0,3.5,0.6
2023-08-23 22:30:00+00:00,20.86,6.1,3.5,0.6
2023-08-23 22:40:00+00:00,20.82,6.2,3.5,0.6
2023-08-23 22:50:00+00:00,20.779999999999998,6.3,3.5,0.6
2023-08-23 23:00:00+00:00,20.74,6.4,3.5,0.6
2023-08-23 23:10:00+00:00,20.7,6.5,3.5,0.6
2023-08-23 23:20:00+00:00,20.66,6.6,3.5,0.6
2023-08-23 23:30:00+00:00,20.62,6.7,3.5,0.6
2023-08-23 23:40:00+00:00,20.58,6.8,3.5,0.6
2023-08-23 23:50:00+00:00,20.54,6.9,3.5,0.6
2023-08-24 00:00:00+00:00,20.5,7.0,3.5,0.6
2023-08-24 00:10:00+00:00,20.46,7.0,3.5,0.6
2023-08-24 00:20:00+00:00,20.42,7.0,3.5,0.6
2023-08-24 00:30:00+00:00,20.38,7.0,3.5,0.6
2023-08-24 00:40:00+00:00,20.34,7.0,3.5,0.6
2023-08-24 00:50:00+00:00,20.3,7.0,3.5,0.6
2023-08-24 01:00:00+00:00,20.26,7.0,3.5,0.6
2023-08-24 01:10:00+00:00,20.220000000000002,7.0,3.5,0.6
2023-08-24 01:20:00+00:00,20.18,7.0,3.5,0.6
2023-08-24 01:30:00+00:00,20.14,7.0,3.5,0.6
2023-08-24 01:40:00+00:00,20.1,7.0,3.5,0.6
2023-08-24 01:50:00+00:00,20.05,7.1,3.5,0.61
2023-08-24 02:00:00+00:00,20.0,7.2,3.5,0.62
2023-08-24 02:10:00+00:00,19.950000000000003,7.3,3.5,0.63
2023-08-24 02:20:00+00:00,19.900000000000002,7.4,3.5,0.64
2023-08-24 02:30:00+00:00,19.85,7.5,3.5,0.6499999999999999
2023-08-24 02:40:00+00:00,19.8,7.6,3.5,0.6599999999999999
2023-08-24 02:50:00+00:00,19.75,7.7,3.5,0.6699999999999999
2023-08-24 03:00:00+00:00,19.700000000000003,7.8,3.5,0.6799999999999999
2023-08-24 03:10:00+00:00,19.650000000000002,7.9,3.5,0.69
2023-08-24 03:20:00+00:00,19.6,8.0,3.5,0.7
2023-08-24 03:30:00+00:00,19.57,8.0,3.5,1.0299999999999998
2023-08-24 03:40:00+00:00,19.540000000000003,8.0,3.5,1.3599999999999999
2023-08-24 03:50:00+00:00,19.51,8.0,3.5,1.69
2023-08-24 04:00:00+00:00,19.48,8.0,3.5,2.0199999999999996
2023-08-24 04:10:00+00:00,19.450000000000003,8.0,3.5,2.3499999999999996
2023-08-24 04:20:00+00:00,19.42,8.0,3.5,2.6799999999999997
2023-08-24 04:30:00+00:00,19.39,8.0,3.5,3.01
2023-08-24 04:40:00+00:00,19.36,8.0,3.5,3.34
2023-08-24 04:50:00+00:00,19.330000000000002,8.0,3.5,3.67
2023-08-24 05:00:00+00:00,19.3,8.0,3.5,4.0
2023-08-24 05:10:00+00:00,19.2,8.0,3.5,4.0
2023-08-24 05:20:00+00:00,19.1,7.0,3.5,4.0
2023-08-24 05:30:00+00:00,19.1,8.0,3.5,4.0
2023-08-24 05:40:00+00:00,19.1,8.0,3.5,4.0
2023-08-24 05:50:00+00:00,19.1,7.0,3.5,4.0
2023-08-24 06:00:00+00:00,19.1,7.0,3.5,4.0
2023-08-24 06:10:00+00:00,19.05,7.0,3.5,4.0
2023-08-24 06:20:00+00:00,19.0,7.0,3.5,4.0
2023-08-24 06:30:00+00:00,19.0,7.0,3.5,4.0
2023-08-24 06:40:00+00:00,19.0,7.0,3.5,4.0
2023-08-24 06:50:00+00:00,19.0,7.0,3.5,4.0
2023-08-24 07:00:00+00:00,19.0,7.0,3.4,4.0
2023-08-24 07:10:00+00:00,19.0,7.0,3.5,4.0
2023-08-24 07:20:00+00:00,19.0,7.0,3.4,4.0
2023-08-24 07:30:00+00:00,19.0,7.0,3.4,4.0
2023-08-24 07:40:00+00:00,19.0,7.0,3.4,4.0
2023-08-24 07:50:00+00:00,19.0,6.0,3.4,4.0
2023-08-24 08:00:00+00:00,19.0,6.0,3.4,4.0
2023-08-24 08:10:00+00:00,19.0,6.0,3.4,4.0
2023-08-24 08:20:00+00:00,19.0,6.0,3.4,4.0
2023-08-24 08:30:00+00:00,19.0,6.0,3.4,4.0
2023-08-24 08:40:00+00:00,19.0,5.0,3.5,4.0
2023-08-24 08:50:00+00:00,19.0,5.0,3.5,4.0
2023-08-24 09:00:00+00:00,19.0,5.0,3.5,4.0
2023-08-24 09:10:00+00:00,19.1,5.0,3.4,6.0
2023-08-24 09:20:00+00:00,19.1,4.0,3.5,5.9
2023-08-24 09:30:00+00:00,19.1,4.0,3.5,5.4
2023-08-24 09:40:00+00:00,19.2,3.0,3.7,5.8
2023-08-24 09:50:00+00:00,19.25,3.0,3.6500000000000004,5.6
2023-08-24 10:00:00+00:00,19.3,3.0,3.6,5.4
2023-08-24 10:10:00+00:00,19.3,4.0,3.5,5.6
2023-08-24 10:20:00+00:00,19.5,4.0,3.5,6.0
2023-08-24 10:30:00+00:00,19.5,4.0,3.5,6.1
2023-08-24 10:40:00+00:00,19.6,3.0,3.6,6.0
2023-08-24 10:50:00+00:00,19.7,4.0,3.6,5.7
2023-08-24 11:00:00+00:00,19.8,3.0,3.7,5.8
2023-08-24 11:10:00+00:00,19.9,4.0,3.6,5.7
2023-08-24 11:20:00+00:00,20.0,4.0,3.5,5.8
2023-08-24 11:30:00+00:00,20.1,4.0,3.5,6.1
2023-08-24 11:40:00+00:00,20.15,3.5,3.6,5.8
2023-08-24 11:50:00+00:00,20.2,3.0,3.7,5.5
2023-08-24 12:00:00+00:00,20.3,3.0,3.8,6.0
2023-08-24 12:10:00+00:00,20.4,2.0,4.0,5.0
2023-08-24 12:20:00+00:00,20.5,3.0,3.6,6.2
2023-08-24 12:30:00+00:00,20.6,4.0,3.5,5.5
2023-08-24 12:40:00+00:00,20.6,3.0,3.5,6.1
2023-08-24 12:50:00+00:00,20.8,4.0,3.5,5.2
2023-08-24 13:00:00+00:00,20.9,4.0,3.5,5.7
2023-08-24 13:10:00+00:00,21.0,4.0,3.5,5.4
2023-08-24 13:20:00+00:00,21.0,3.0,3.5,6.0
2023-08-24 13:30:00+00:00,21.05,3.0,3.5,6.0
2023-08-24 13:40:00+00:00,21.1,3.0,3.5,6.0
2023-08-24 13:50:00+00:00,21.2,3.0,3.5,4.4
2023-08-24 14:00:00+00:00,21.3,3.0,3.5,5.7
2023-08-24 14:10:00+00:00,21.3,4.0,3.5,6.2
2023-08-24 14:20:00+00:00,21.4,3.0,3.5,4.2
2023-08-24 14:30:00+00:00,21.4,4.0,3.4,5.9
2023-08-24 14:40:00+00:00,21.5,4.0,3.4,5.6
2023-08-24 14:50:00+00:00,21.5,3.0,3.4,5.0
2023-08-24 15:00:00+00:00,21.5,4.0,3.4,6.2
2023-08-24 15:10:00+00:00,21.6,3.0,3.4,4.5
2023-08-24 15:20:00+00:00,21.6,3.5,3.4,5.15
2023-08-24 15:30:00+00:00,21.6,4.0,3.4,5.8
2023-08-24 15:40:00+00:00,21.6,4.0,3.4,4.5
2023-08-24 15:50:00+00:00,21.6,4.0,3.4,5.8
2023-08-24 16:00:00+00:00,21.6,4.0,3.4,6.1
2023-08-24 16:10:00+00:00,21.7,3.0,3.4,5.3
2023-08-24 16:20:00+00:00,21.7,4.0,3.4,5.6
2023-08-24 16:30:00+00:00,21.7,4.0,3.4,4.1
2023-08-24 16:40:00+00:00,21.7,4.0,3.4,4.9
2023-08-24 16:50:00+00:00,21.7,4.0,3.4,5.8
2023-08-24 17:00:00+00:00,21.7,5.0,3.5,4.2
2023-08-24 17:10:00+00:00,21.7,4.5,3.45,4.25
2023-08-24 17:20:00+00:00,21.7,4.0,3.4,4.3
2023-08-24 17:30:00+00:00,21.7,5.0,3.5,4.1
2023-08-24 17:40:00+00:00,21.6,5.0,3.5,4.0
2023-08-24 17:50:00+00:00,21.6,5.0,3.5,3.6
2023-08-24 18:00:00+00:00,21.6,5.0,3.5,2.6
2023-08-24 18:10:00+00:00,21.6,5.0,3.5,1.9
2023-08-24 18:20:00+00:00,21.5,5.0,3.5,1.0
2023-08-24 18:30:00+00:00,21.5,5.0,3.5,0.7
2023-08-24 18:40:00+00:00,21.45,5.0,3.5,0.69
2023-08-24 18:50:00+00:00,21.4,5.0,3.5,0.6799999999999999
2023-08-24 19:00:00+00:00,21.35,5.0,3.5,0.6699999999999999
2023-08-24 19:10:00+00:00,21.3,5.0,3.5,0.6599999999999999
2023-08-24 19:20:00+00:00,21.25,5.0,3.5,0.6499999999999999
2023-08-24 19:30:00+00:00,21.2,5.0,3.5,0.64
2023-08-24 19:40:00+00:00,21.15,5.0,3.5,0.63
2023-08-24 19:50:00+00:00,21.1,5.0,3.5,0.62
2023-08-24 20:00:00+00:00,21.05,5.0,3.5,0.61
2023-08-24 20:10:00+00:00,21.0,5.0,3.5,0.6
2023-08-24 20:20:00+00:00,20.95,5.1,3.5,0.58
2023-08-24 20:30:00+00:00,20.9,5.2,3.5,0.5599999999999999
2023-08-24 20:40:00+00:00,20.85,5.3,3.5,0.54
2023-08-24 20:50:00+00:00,20.8,5.4,3.5,0.52
2023-08-24 21:00:00+00:00,20.75,5.5,3.5,0.5
2023-08-24 21:10:00+00:00,20.7,5.6,3.5,0.48
2023-08-24 21:20:00+00:00,20.65,5.7,3.5,0.45999999999999996
2023-08-24 21:30:00+00:00,20.6,5.8,3.5,0.44
2023-08-24 21:40:00+00:00,20.55,5.9,3.5,0.42000000000000004
2023-08-24 21:50:00+00:00,20.5,6.0,3.5,0.4
2023-08-24 22:00:00+00:00,20.457142857142856,6.0,3.5,0.4142857142857143
2023-08-24 22:10:00+00:00,20.414285714285715,6.0,3.5,0.4285714285714286
2023-08-24 22:20:00+00:00,20.37142857142857,6.0,3.5,0.44285714285714284
2023-08-24 22:30:00+00:00,20.32857142857143,6.0,3.5,0.45714285714285713
2023-08-24 22:40:00+00:00,20.285714285714285,6.0,3.5,0.4714285714285714
2023-08-24 22:50:00+00:00,20.242857142857144,6.0,3.5,0.4857142857142857
2023-08-24 23:00:00+00:00,20.2,6.0,3.5,0.5
2023-08-24 23:10:00+00:00,20.157142857142855,6.0,3.5,0.5142857142857142
2023-08-24 23:20:00+00:00,20.114285714285714,6.0,3.5,0.5285714285714286
2023-08-24 23:30:00+00:00,20.07142857142857,6.0,3.5,0.5428571428571428
2023-08-24 23:40:00+00:00,20.02857142857143,6.0,3.5,0.5571428571428572
2023-08-24 23:50:00+00:00,19.985714285714284,6.0,3.5,0.5714285714285714
2023-08-25 00:00:00+00:00,19.942857142857143,6.0,3.5,0.5857142857142856
2023-08-25 00:10:00+00:00,19.9,6.0,3.5,0.6
2023-08-25 00:20:00+00:00,19.86,6.1,3.5,0.6
2023-08-25 00:30:00+00:00,19.82,6.2,3.5,0.6
2023-08-25 00:40:00+00:00,19.779999999999998,6.3,3.5,0.6
2023-08-25 00:50:00+00:00,19.74,6.4,3.5,0.6
2023-08-25 01:00:00+00:00,19.7,6.5,3.5,0.6
2023-08-25 01:10:00+00:00,19.66,6.6,3.5,0.6
2023-08-25 01:20:00+00:00,19.62,6.7,3.5,0.6
2023-08-25 01:30:00+00:00,19.58,6.8,3.5,0.6
2023-08-25 01:40:00+00:00,19.54,6.9,3.5,0.6
2023-08-25 01:50:00+00:00,19.5,7.0,3.5,0.6
2023-08-25 02:00:00+00:00,19.46,7.0,3.5,0.62
2023-08-25 02:10:00+00:00,19.42,7.0,3.5,0.64
2023-08-25 02:20:00+00:00,19.38,7.0,3.5,0.66
2023-08-25 02:30:00+00:00,19.34,7.0,3.5,0.68
2023-08-25 02:40:00+00:00,19.3,7.0,3.5,0.7
2023-08-25 02:50:00+00:00,19.26,7.0,3.5,0.72
2023-08-25 03:00:00+00:00,19.220000000000002,7.0,3.5,0.74
2023-08-25 03:10:00+00:00,19.18,7.0,3.5,0.76
2023-08-25 03:20:00+00:00,19.14,7.0,3.5,0.78
2023-08-25 03:30:00+00:00,19.1,7.0,3.5,0.8
2023-08-25 03:40:00+00:00,19.065,7.15,3.5,1.12
2023-08-25 03:50:00+00:00,19.03,7.3,3.5,1.44
2023-08-25 04:00:00+00:00,18.995,7.45,3.5,1.76
2023-08-25 04:10:00+00:00,18.96,7.6,3.5,2.08
2023-08-25 04:20:00+00:00,18.925,7.75,3.5,2.4000000000000004
2023-08-25 04:30:00+00:00,18.89,7.9,3.5,2.7199999999999998
2023-08-25 04:40:00+00:00,18.855,8.05,3.5,3.04
2023-08-25 04:50:00+00:00,18.82,8.2,3.5,3.3600000000000003
2023-08-25 05:00:00+00:00,18.785,8.35,3.5,3.6799999999999997
2023-08-25 05:10:00+00:00,18.75,8.5,3.5,4.0
2023-08-25 05:20:00+00:00,18.7,9.0,3.5,4.0
2023-08-25 05:30:00+00:00,18.6,9.0,3.5,4.0
2023-08-25 05:40:00+00:00,18.6,9.0,3.5,4.0
2023-08-25 05:50:00+00:00,18.6,9.0,3.5,4.0
2023-08-25 06:00:00+00:00,18.6,9.0,3.5,4.0
2023-08-25 06:10:00+00:00,18.6,9.0,3.5,4.0
2023-08-25 06:20:00+00:00,18.6,9.0,3.5,4.0
2023-08-25 06:30:00+00:00,18.6,9.0,3.4,4.0
2023-08-25 06:40:00+00:00,18.6,9.0,3.5,4.0
2023-08-25 06:50:00+00:00,18.6,8.0,3.4,4.0
2023-08-25 07:00:00+00:00,18.6,9.0,3.5,4.0
2023-08-25 07:10:00+00:00,18.6,8.0,3.5,4.0
2023-08-25 07:20:00+00:00,18.6,8.0,3.5,4.0
2023-08-25 07:30:00+00:00,18.6,8.0,3.5,4.0
2023-08-25 07:40:00+00:00,18.6,8.0,3.5,4.0
2023-08-25 07:50:00+00:00,18.6,8.0,3.4,4.0
2023-08-25 08:00:00+00:00,18.6,8.0,3.5,4.0
2023-08-25 08:10:00+00:00,18.6,8.0,3.4,4.0
2023-08-25 08:20:00+00:00,18.6,8.0,3.4,4.0
2023-08-25 08:30:00+00:00,18.6,7.0,3.4,4.0
2023-08-25 08:40:00+00:00,18.7,8.0,3.5,4.0
2023-08-25 08:50:00+00:00,18.7,8.0,3.4,4.0
2023-08-25 09:00:00+00:00,18.7,7.0,3.4,4.0
2023-08-25 09:10:00+00:00,18.7,7.0,3.4,4.0
2023-08-25 09:20:00+00:00,18.75,7.0,3.4,4.0
2023-08-25 09:30:00+00:00,18.8,7.0,3.4,4.0
2023-08-25 09:40:00+00:00,18.8,7.0,3.4,4.0
2023-08-25 09:50:00+00:00,18.8,7.0,3.4,4.0
2023-08-25 10:00:00+00:00,18.8,7.0,3.4,4.0
2023-08-25 10:10:00+00:00,18.8,7.0,3.4,4.0
2023-08-25 10:20:00+00:00,18.9,7.0,3.4,4.0
2023-08-25 10:30:00+00:00,18.9,6.0,3.4,4.0
2023-08-25 10:40:00+00:00,18.9,6.0,3.4,4.0
2023-08-25 10:50:00+00:00,19.0,6.0,3.4,4.0
2023-08-25 11:00:00+00:00,19.0,6.0,3.4,5.7
2023-08-25 11:10:00+00:00,19.0,6.0,3.45,5.800000000000001
2023-08-25 11:20:00+00:00,19.0,6.0,3.5,5.9
2023-08-25 11:30:00+00:00,19.1,5.0,3.5,6.0
2023-08-25 11:40:00+00:00,19.1,5.0,3.5,6.0
2023-08-25 11:50:00+00:00,19.2,5.0,3.5,6.0
2023-08-25 12:00:00+00:00,19.3,5.0,3.5,6.0
2023-08-25 12:10:00+00:00,19.3,5.0,3.5,6.3
2023-08-25 12:20:00+00:00,19.5,5.0,3.5,6.1
2023-08-25 12:30:00+00:00,19.5,5.0,3.5,6.1
2023-08-25 12:40:00+00:00,19.6,4.0,3.5,6.1
2023-08-25 12:50:00+00:00,19.7,4.0,3.6,6.0
2023-08-25 13:00:00+00:00,19.75,4.0,3.6,5.95
2023-08-25 13:10:00+00:00,19.8,4.0,3.6,5.9
2023-08-25 13:20:00+00:00,20.0,4.0,3.6,6.0
2023-08-25 13:30:00+00:00,20.0,4.0,3.6,6.0
2023-08-25 13:40:00+00:00,20.1,3.0,3.7,6.1
2023-08-25 13:50:00+00:00,20.3,3.0,3.7,6.0
2023-08-25 14:00:00+00:00,20.4,3.0,3.8,6.0
2023-08-25 14:10:00+00:00,20.5,3.0,3.9,6.0
2023-08-25 14:20:00+00:00,20.6,3.0,3.8,6.0
2023-08-25 14:30:00+00:00,20.7,3.0,3.9,6.0
2023-08-25 14:40:00+00:00,20.8,3.0,3.8,6.0
2023-08-25 14:50:00+00:00,20.9,3.0,3.8,5.95
2023-08-25 15:00:00+00:00,21.0,3.0,3.8,5.9
2023-08-25 15:10:00+00:00,21.1,3.0,3.8,5.9
2023-08-25 15:20:00+00:00,21.2,3.0,3.7,5.5
2023-08-25 15:30:00+00:00,21.3,4.0,3.5,5.7
2023-08-25 15:40:00+00:00,21.4,3.0,3.5,5.6
2023-08-25 15:50:00+00:00,21.5,4.0,3.5,5.1
2023-08-25 16:00:00+00:00,21.6,3.0,3.5,5.3
2023-08-25 16:10:00+00:00,21.6,4.0,3.5,4.7
2023-08-25 16:20:00+00:00,21.7,4.0,3.5,5.7
2023-08-25 16:30:00+00:00,21.8,4.0,3.5,5.3
2023-08-25 16:40:00+00:00,21.8,4.0,3.5,5.15
2023-08-25 16:50:00+00:00,21.8,4.0,3.5,5.0
2023-08-25 17:00:00+00:00,21.8,4.0,3.4,4.2
2023-08-25 17:10:00+00:00,21.8,4.0,3.4,4.3
2023-08-25 17:20:00+00:00,21.9,4.0,3.5,4.3
2023-08-25 17:30:00+00:00,21.9,4.0,3.4,4.1
2023-08-25 17:40:00+00:00,21.9,4.0,3.4,4.0
2023-08-25 17:50:00+00:00,21.9,4.0,3.4,3.3
2023-08-25 18:00:00+00:00,21.9,5.0,3.4,2.2
2023-08-25 18:10:00+00:00,21.9,5.0,3.4,1.2
2023-08-25 18:20:00+00:00,21.8,5.0,3.4,0.7
2023-08-25 18:30:00+00:00,21.785714285714285,5.0,3.407142857142857,0.6785714285714285
2023-08-25 18:40:00+00:00,21.771428571428572,5.0,3.414285714285714,0.6571428571428571
2023-08-25 18:50:00+00:00,21.75714285714286,5.0,3.4214285714285713,0.6357142857142857
2023-08-25 19:00:00+00:00,21.742857142857144,5.0,3.4285714285714284,0.6142857142857142
2023-08-25 19:10:00+00:00,21.728571428571428,5.0,3.4357142857142855,0.5928571428571429
2023-08-25 19:20:00+00:00,21.714285714285715,5.0,3.4428571428571426,0.5714285714285714
2023-08-25 19:30:00+00:00,21.700000000000003,5.0,3.45,0.55
2023-08-25 19:40:00+00:00,21.685714285714287,5.0,3.4571428571428573,0.5285714285714286
2023-08-25 19:50:00+00:00,21.67142857142857,5.0,3.4642857142857144,0.5071428571428571
2023-08-25 20:00:00+00:00,21.65714285714286,5.0,3.4714285714285715,0.4857142857142857
2023-08-25 20:10:00+00:00,21.642857142857146,5.0,3.4785714285714286,0.4642857142857143
2023-08-25 20:20:00+00:00,21.62857142857143,5.0,3.4857142857142858,0.44285714285714284
2023-08-25 20:30:00+00:00,21.614285714285714,5.0,3.492857142857143,0.42142857142857143
2023-08-25 20:40:00+00:00,21.6,5.0,3.5,0.4
2023-08-25 20:50:00+00:00,21.560000000000002,5.1,3.5,0.42000000000000004
2023-08-25 21:00:00+00:00,21.52,5.2,3.5,0.44
2023-08-25 21:10:00+00:00,21.48,5.3,3.5,0.46
2023-08-25 21:20:00+00:00,21.44,5.4,3.5,0.48
2023-08-25 21:30:00+00:00,21.4,5.5,3.5,0.5
2023-08-25 21:40:00+00:00,21.36,5.6,3.5,0.52
2023-08-25 21:50:00+00:00,21.32,5.7,3.5,0.54
2023-08-25 22:00:00+00:00,21.28,5.8,3.5,0.56
2023-08-25 22:10:00+00:00,21.24,5.9,3.5,0.58
2023-08-25 22:20:00+00:00,21.2,6.0,3.5,0.6
2023-08-25 22:30:00+00:00,21.16,6.0,3.5,0.6
2023-08-25 22:40:00+00:00,21.12,6.0,3.5,0.6
2023-08-25 22:50:00+00:00,21.08,6.0,3.5,0.6
2023-08-25 23:00:00+00:00,21.04,6.0,3.5,0.6
2023-08-25 23:10:00+00:00,21.0,6.0,3.5,0.6
2023-08-25 23:20:00+00:00,20.96,6.0,3.5,0.6
2023-08-25 23:30:00+00:00,20.92,6.0,3.5,0.6
2023-08-25 23:40:00+00:00,20.88,6.0,3.5,0.6
2023-08-25 23:50:00+00:00,20.84,6.0,3.5,0.6
2023-08-26 00:00:00+00:00,20.8,6.0,3.5,0.6
2023-08-26 00:10:00+00:00,20.77,6.0,3.5,0.58
2023-08-26 00:20:00+00:00,20.740000000000002,6.0,3.5,0.5599999999999999
2023-08-26 00:30:00+00:00,20.71,6.0,3.5,0.54
2023-08-26 00:40:00+00:00,20.68,6.0,3.5,0.52
2023-08-26 00:50:00+00:00,20.65,6.0,3.5,0.5
2023-08-26 01:00:00+00:00,20.62,6.0,3.5,0.48
2023-08-26 01:10:00+00:00,20.59,6.0,3.5,0.45999999999999996
2023-08-26 01:20:00+00:00,20.56,6.0,3.5,0.44
2023-08-26 01:30:00+00:00,20.53,6.0,3.5,0.42000000000000004
2023-08-26 01:40:00+00:00,20.5,6.0,3.5,0.4
2023-08-26 01:50:00+00:00,20.47,6.0,3.5,0.42000000000000004
2023-08-26 02:00:00+00:00,20.44,6.0,3.5,0.44
2023-08-26 02:10:00+00:00,20.41,6.0,3.5,0.46
2023-08-26 02:20:00+00:00,20.38,6.0,3.5,0.48
2023-08-26 02:30:00+00:00,20.35,6.0,3.5,0.5
2023-08-26 02:40:00+00:00,20.32,6.0,3.5,0.52
2023-08-26 02:50:00+00:00,20.29,6.0,3.5,0.54
2023-08-26 03:00:00+00:00,20.259999999999998,6.0,3.5,0.56
2023-08-26 03:10:00+00:00,20.23,6.0,3.5,0.58
2023-08-26 03:20:00+00:00,20.2,6.0,3.5,0.6
2023-08-26 03:30:00+00:00,20.155,6.05,3.5,0.94
2023-08-26 03:40:00+00:00,20.11,6.1,3.5,1.2799999999999998
2023-08-26 03:50:00+00:00,20.064999999999998,6.15,3.5,1.62
2023-08-26 04:00:00+00:00,20.02,6.2,3.5,1.96
2023-08-26 04:10:00+00:00,19.975,6.25,3.5,2.3
2023-08-26 04:20:00+00:00,19.93,6.3,3.5,2.64
2023-08-26 04:30:00+00:00,19.884999999999998,6.35,3.5,2.98
2023-08-26 04:40:00+00:00,19.84,6.4,3.5,3.32
2023-08-26 04:50:00+00:00,19.795,6.45,3.5,3.6599999999999997
2023-08-26 05:00:00+00:00,19.75,6.5,3.5,4.0
2023-08-26 05:10:00+00:00,19.6,6.0,3.5,4.0
2023-08-26 05:20:00+00:00,19.6,6.0,3.45,4.0
2023-08-26 05:30:00+00:00,19.6,6.0,3.4,4.0
2023-08-26 05:40:00+00:00,19.6,6.0,3.5,4.0
2023-08-26 05:50:00+00:00,19.6,6.0,3.5,4.0
2023-08-26 06:00:00+00:00,19.5,6.0,3.4,4.0
2023-08-26 06:10:00+00:00,19.5,6.0,3.4,4.0
2023-08-26 06:20:00+00:00,19.5,6.0,3.4,4.0
2023-08-26 06:30:00+00:00,19.5,6.0,3.4,4.0
2023-08-26 06:40:00+00:00,19.5,6.0,3.4,4.0
2023-08-26 06:50:00+00:00,19.5,6.0,3.4,4.0
2023-08-26 07:00:00+00:00,19.5,5.5,3.4,4.0
2023-08-26 07:10:00+00:00,19.5,5.0,3.4,4.0
2023-08-26 07:20:00+00:00,19.5,5.0,3.4,4.0
2023-08-26 07:30:00+00:00,19.5,6.0,3.4,4.0
2023-08-26 07:40:00+00:00,19.5,5.0,3.4,4.0
2023-08-26 07:50:00+00:00,19.5,5.0,3.5,4.0
2023-08-26 08:00:00+00:00,19.6,5.0,3.5,4.0
2023-08-26 08:10:00+00:00,19.6,5.0,3.5,4.0
2023-08-26 08:20:00+00:00,19.6,5.0,3.5,4.0
2023-08-26 08:30:00+00:00,19.6,5.0,3.5,5.8
2023-08-26 08:40:00+00:00,19.7,4.0,3.7,5.8
2023-08-26 08:50:00+00:00,19.7,4.0,3.75,5.8
2023-08-26 09:00:00+00:00,19.7,4.0,3.8,5.8
2023-08-26 09:10:00+00:00,19.8,4.0,4.0,5.9
2023-08-26 09:20:00+00:00,19.8,4.0,3.8,5.2
2023-08-26 09:30:00+00:00,19.9,4.0,3.5,5.3
2023-08-26 09:40:00+00:00,20.0,4.0,3.5,5.1
2023-08-26 09:50:00+00:00,20.1,4.0,3.5,5.1
2023-08-26 10:00:00+00:00,20.1,4.0,3.5,5.7
2023-08-26 10:10:00+00:00,20.3,4.0,3.5,5.6
2023-08-26 10:20:00+00:00,20.3,4.0,3.5,5.0
2023-08-26 10:30:00+00:00,20.4,4.0,3.5,4.2
2023-08-26 10:40:00+00:00,20.45,4.0,3.45,4.550000000000001
2023-08-26 10:50:00+00:00,20.5,4.0,3.4,4.9
2023-08-26 11:00:00+00:00,20.5,4.0,3.4,5.8
2023-08-26 11:10:00+00:00,20.6,4.0,3.4,5.7
2023-08-26 11:20:00+00:00,20.6,4.0,3.4,4.7
2023-08-26 11:30:00+00:00,20.7,4.0,3.4,5.4
2023-08-26 11:40:00+00:00,20.7,4.0,3.4,5.6
2023-08-26 11:50:00+00:00,20.7,4.0,3.4,4.0
2023-08-26 12:00:00+00:00,20.8,5.0,3.4,4.1
2023-08-26 12:10:00+00:00,20.8,5.0,3.4,5.6
2023-08-26 12:20:00+00:00,20.8,5.0,3.4,5.5
2023-08-26 12:30:00+00:00,20.8,5.0,3.4,5.65
2023-08-26 12:40:00+00:00,20.8,5.0,3.4,5.8
2023-08-26 12:50:00+00:00,20.8,5.0,3.4,6.1
2023-08-26 13:00:00+00:00,20.8,5.0,3.4,6.0
2023-08-26 13:10:00+00:00,20.8,4.0,3.4,6.2
2023-08-26 13:20:00+00:00,20.8,4.0,3.5,6.2
2023-08-26 13:30:00+00:00,20.8,4.0,3.5,6.1
2023-08-26 13:40:00+00:00,20.8,4.0,3.5,6.1
2023-08-26 13:50:00+00:00,20.8,4.0,3.5,6.1
2023-08-26 14:00:00+00:00,20.8,4.0,3.5,5.9
2023-08-26 14:10:00+00:00,20.8,4.0,3.5,6.1
2023-08-26 14:20:00+00:00,20.85,4.0,3.5,5.949999999999999
2023-08-26 14:30:00+00:00,20.9,4.0,3.5,5.8
2023-08-26 14:40:00+00:00,21.0,4.0,3.5,6.1
2023-08-26 14:50:00+00:00,21.0,4.0,3.5,5.7
2023-08-26 15:00:00+00:00,21.1,5.0,3.5,4.6
2023-08-26 15:10:00+00:00,21.1,4.0,3.4,4.7
2023-08-26 15:20:00+00:00,21.2,5.0,3.4,5.3
2023-08-26 15:30:00+00:00,21.3,5.0,3.4,5.6
2023-08-26 15:40:00+00:00,21.3,5.0,3.4,4.1
2023-08-26 15:50:00+00:00,21.4,5.0,3.4,4.8
2023-08-26 16:00:00+00:00,21.4,5.0,3.4,4.7
2023-08-26 16:10:00+00:00,21.45,4.5,3.4,4.9
2023-08-26 16:20:00+00:00,21.5,4.0,3.4,5.1
2023-08-26 16:30:00+00:00,21.5,5.0,3.4,5.8
2023-08-26 16:40:00+00:00,21.5,5.0,3.4,5.6
2023-08-26 16:50:00+00:00,21.5,5.0,3.4,5.7
2023-08-26 17:00:00+00:00,21.5,5.0,3.4,4.1
2023-08-26 17:10:00+00:00,21.5,6.0,3.4,4.8
2023-08-26 17:20:00+00:00,21.4,5.0,3.4,4.3
2023-08-26 17:30:00+00:00,21.4,6.0,3.4,4.0
2023-08-26 17:40:00+00:00,21.3,6.0,3.4,3.9
2023-08-26 17:50:00+00:00,21.3,6.0,3.4,3.3
2023-08-26 18:00:00+00:00,21.3,6.0,3.45,2.9
2023-08-26 18:10:00+00:00,21.3,6.0,3.5,2.5
2023-08-26 18:20:00+00:00,21.3,6.0,3.4,1.3
2023-08-26 18:30:00+00:00,21.3,6.0,3.5,0.8
2023-08-26 18:40:00+00:00,21.26923076923077,6.076923076923077,3.5,0.7846153846153846
2023-08-26 18:50:00+00:00,21.23846153846154,6.153846153846154,3.5,0.7692307692307693
2023-08-26 19:00:00+00:00,21.20769230769231,6.230769230769231,3.5,0.7538461538461538
2023-08-26 19:10:00+00:00,21.176923076923078,6.3076923076923075,3.5,0.7384615384615385
2023-08-26 19:20:00+00:00,21.146153846153847,6.384615384615385,3.5,0.7230769230769231
2023-08-26 19:30:00+00:00,21.115384615384617,6.461538461538462,3.5,0.7076923076923077
2023-08-26 19:40:00+00:00,21.084615384615383,6.538461538461538,3.5,0.6923076923076923
2023-08-26 19:50:00+00:00,21.053846153846152,6.615384615384615,3.5,0.676923076923077
2023-08-26 20:00:00+00:00,21.02307692307692,6.6923076923076925,3.5,0.6615384615384615
2023-08-26 20:10:00+00:00,20.99230769230769,6.769230769230769,3.5,0.6461538461538462
2023-08-26 20:20:00+00:00,20.96153846153846,6.846153846153847,3.5,0.6307692307692307
2023-08-26 20:30:00+00:00,20.93076923076923,6.923076923076923,3.5,0.6153846153846154
2023-08-26 20:40:00+00:00,20.9,7.0,3.5,0.6
2023-08-26 20:50:00+00:00,20.86,7.0,3.5,0.58
2023-08-26 21:00:00+00:00,20.82,7.0,3.5,0.5599999999999999
2023-08-26 21:10:00+00:00,20.779999999999998,7.0,3.5,0.54
2023-08-26 21:20:00+00:00,20.74,7.0,3.5,0.52
2023-08-26 21:30:00+00:00,20.7,7.0,3.5,0.5
2023-08-26 21:40:00+00:00,20.66,7.0,3.5,0.48
2023-08-26 21:50:00+00:00,20.62,7.0,3.5,0.45999999999999996
2023-08-26 22:00:00+00:00,20.58,7.0,3.5,0.44
2023-08-26 22:10:00+00:00,20.54,7.0,3.5,0.42000000000000004
2023-08-26 22:20:00+00:00,20.5,7.0,3.5,0.4
2023-08-26 22:30:00+00:00,20.46,7.0,3.5,0.42000000000000004
2023-08-26 22:40:00+00:00,20.42,7.0,3.5,0.44
2023-08-26 22:50:00+00:00,20.38,7.0,3.5,0.46
2023-08-26 23:00:00+00:00,20.34,7.0,3.5,0.48
2023-08-26 23:10:00+00:00,20.3,7.0,3.5,0.5
2023-08-26 23:20:00+00:00,20.26,7.0,3.5,0.52
2023-08-26 23:30:00+00:00,20.220000000000002,7.0,3.5,0.54
2023-08-26 23:40:00+00:00,20.18,7.0,3.5,0.56
2023-08-26 23:50:00+00:00,20.14,7.0,3.5,0.58
2023-08-27 00:00:00+00:00,20.1,7.0,3.5,0.6
2023-08-27 00:10:00+00:00,20.07,7.1,3.5,0.6
2023-08-27 00:20:00+00:00,20.040000000000003,7.2,3.5,0.6
2023-08-27 00:30:00+00:00,20.01,7.3,3.5,0.6
2023-08-27 00:40:00+00:00,19.98,7.4,3.5,0.6
2023-08-27 00:50:00+00:00,19.950000000000003,7.5,3.5,0.6
2023-08-27 01:00:00+00:00,19.92,7.6,3.5,0.6
2023-08-27 01:10:00+00:00,19.89,7.7,3.5,0.6
2023-08-27 01:20:00+00:00,19.86,7.8,3.5,0.6
2023-08-27 01:30:00+00:00,19.830000000000002,7.9,3.5,0.6
2023-08-27 01:40:00+00:00,19.8,8.0,3.5,0.6
2023-08-27 01:50:00+00:00,19.77,8.0,3.5,0.58
2023-08-27 02:00:00+00:00,19.740000000000002,8.0,3.5,0.5599999999999999
2023-08-27 02:10:00+00:00,19.71,8.0,3.5,0.54
2023-08-27 02:20:00+00:00,19.68,8.0,3.5,0.52
2023-08-27 02:30:00+00:00,19.65,8.0,3.5,0.5
2023-08-27 02:40:00+00:00,19.62,8.0,3.5,0.48
2023-08-27 02:50:00+00:00,19.59,8.0,3.5,0.45999999999999996
2023-08-27 03:00:00+00:00,19.56,8.0,3.5,0.44
2023-08-27 03:10:00+00:00,19.53,8.0,3.5,0.42000000000000004
2023-08-27 03:20:00+00:00,19.5,8.0,3.5,0.4
2023-08-27 03:30:00+00:00,19.48,8.0,3.5,0.76
2023-08-27 03:40:00+00:00,19.46,8.0,3.5,1.12
2023-08-27 03:50:00+00:00,19.44,8.0,3.5,1.48
2023-08-27 04:00:00+00:00,19.42,8.0,3.5,1.8399999999999999
2023-08-27 04:10:00+00:00,19.4,8.0,3.5,2.1999999999999997
2023-08-27 04:20:00+00:00,19.38,8.0,3.5,2.56
2023-08-27 04:30:00+00:00,19.36,8.0,3.5,2.92
2023-08-27 04:40:00+00:00,19.34,8.0,3.5,3.28
2023-08-27 04:50:00+00:00,19.32,8.0,3.5,3.6399999999999997
2023-08-27 05:00:00+00:00,19.3,8.0,3.5,4.0
2023-08-27 05:10:00+00:00,19.3,8.0,3.5,4.0
2023-08-27 05:20:00+00:00,19.3,8.0,3.5,4.0
2023-08-27 05:30:00+00:00,19.3,8.0,3.5,4.0
2023-08-27 05:40:00+00:00,19.3,8.0,3.5,4.0
2023-08-27 05:50:00+00:00,19.3,8.0,3.5,3.8
2023-08-27 06:00:00+00:00,19.3,9.0,3.5,4.0
2023-08-27 06:10:00+00:00,19.2,9.0,3.5,4.0
2023-08-27 06:20:00+00:00,19.2,9.0,3.5,4.0
2023-08-27 06:30:00+00:00,19.2,9.0,3.5,4.0
2023-08-27 06:40:00+00:00,19.2,9.0,3.5,4.0
2023-08-27 06:50:00+00:00,19.2,9.0,3.5,4.0
2023-08-27 07:00:00+00:00,19.2,9.0,3.5,4.0
2023-08-27 07:10:00+00:00,19.2,9.0,3.4,4.0
2023-08-27 07:20:00+00:00,19.2,9.0,3.5,4.0
2023-08-27 07:30:00+00:00,19.2,9.0,3.5,4.0
2023-08-27 07:40:00+00:00,19.2,9.0,3.4,4.0
2023-08-27 07:50:00+00:00,19.2,9.0,3.4,4.0
2023-08-27 08:00:00+00:00,19.2,9.0,3.4,4.0
2023-08-27 08:10:00+00:00,19.2,9.0,3.4,4.0
2023-08-27 08:20:00+00:00,19.25,9.0,3.4,4.0
2023-08-27 08:30:00+00:00,19.3,9.0,3.4,4.0
2023-08-27 08:40:00+00:00,19.3,9.0,3.4,4.0
2023-08-27 08:50:00+00:00,19.3,9.0,3.5,4.0
2023-08-27 09:00:00+00:00,19.3,9.0,3.4,4.0
2023-08-27 09:10:00+00:00,19.3,9.0,3.5,4.0
2023-08-27 09:20:00+00:00,19.3,9.0,3.4,4.0
2023-08-27 09:30:00+00:00,19.4,9.0,3.4,4.0
2023-08-27 09:40:00+00:00,19.4,9.0,3.4,4.0
2023-08-27 09:50:00+00:00,19.5,9.0,3.4,4.0
2023-08-27 10:00:00+00:00,19.5,9.0,3.4,4.0
2023-08-27 10:10:00+00:00,19.5,9.0,3.4,4.0
2023-08-27 10:20:00+00:00,19.5,9.0,3.4,4.0
2023-08-27 10:30:00+00:00,19.6,9.0,3.4,4.0
2023-08-27 10:40:00+00:00,19.6,9.0,3.4,4.0
2023-08-27 10:50:00+00:00,19.6,9.0,3.4,4.0
2023-08-27 11:00:00+00:00,19.7,9.0,3.4,4.0
2023-08-27 11:10:00+00:00,19.7,9.0,3.5,4.0
2023-08-27 11:20:00+00:00,19.8,9.0,3.4,5.4
2023-08-27 11:30:00+00:00,19.8,9.0,3.4,5.8
2023-08-27 11:40:00+00:00,19.8,9.0,3.4,4.6
2023-08-27 11:50:00+00:00,19.8,9.0,3.4,6.0
2023-08-27 12:00:00+00:00,19.8,9.0,3.4,5.35
2023-08-27 12:10:00+00:00,19.8,9.0,3.4,4.7
2023-08-27 12:20:00+00:00,19.8,8.0,3.4,6.0
2023-08-27 12:30:00+00:00,19.9,8.0,3.4,5.7
2023-08-27 12:40:00+00:00,19.9,9.0,3.4,5.8
2023-08-27 12:50:00+00:00,20.0,8.0,3.4,5.8
2023-08-27 13:00:00+00:00,20.0,8.0,3.4,5.8
2023-08-27 13:10:00+00:00,20.0,8.0,3.4,5.9
2023-08-27 13:20:00+00:00,20.0,8.0,3.4,6.1
2023-08-27 13:30:00+00:00,20.0,8.0,3.4,5.6
2023-08-27 13:40:00+00:00,20.1,8.0,3.4,4.0
2023-08-27 13:50:00+00:00,20.1,8.5,3.4,4.2
2023-08-27 14:00:00+00:00,20.1,9.0,3.4,4.4
2023-08-27 14:10:00+00:00,20.1,9.0,3.4,4.9
2023-08-27 14:20:00+00:00,20.2,8.0,3.4,5.2
2023-08-27 14:30:00+00:00,20.2,8.0,3.4,4.4
2023-08-27 14:40:00+00:00,20.2,9.0,3.4,5.7
2023-08-27 14:50:00+00:00,20.3,9.0,3.5,4.0
2023-08-27 15:00:00+00:00,20.3,8.0,3.4,5.3
2023-08-27 15:10:00+00:00,20.3,9.0,3.4,5.5
2023-08-27 15:20:00+00:00,20.3,9.0,3.5,4.6
2023-08-27 15:30:00+00:00,20.3,8.0,3.5,4.2
2023-08-27 15:40:00+00:00,20.3,8.5,3.5,4.800000000000001
2023-08-27 15:50:00+00:00,20.3,9.0,3.5,5.4
2023-08-27 16:00:00+00:00,20.3,9.0,3.5,4.4
2023-08-27 16:10:00+00:00,20.3,9.0,3.5,4.4
2023-08-27 16:20:00+00:00,20.3,9.0,3.5,4.1
2023-08-27 16:30:00+00:00,20.3,9.0,3.5,4.2
2023-08-27 16:40:00+00:00,20.3,9.0,3.5,4.1
2023-08-27 16:50:00+00:00,20.2,9.0,3.5,4.0
2023-08-27 17:00:00+00:00,20.2,9.0,3.4,4.2
2023-08-27 17:10:00+00:00,20.1,9.0,3.5,3.8
2023-08-27 17:20:00+00:00,20.1,9.0,3.5,3.7
2023-08-27 17:30:00+00:00,20.1,9.0,3.5,3.45
2023-08-27 17:40:00+00:00,20.1,9.0,3.5,3.2
2023-08-27 17:50:00+00:00,20.1,9.0,3.5,2.5
2023-08-27 18:00:00+00:00,20.1,9.0,3.5,1.8
2023-08-27 18:10:00+00:00,20.0,9.0,3.5,1.0
2023-08-27 18:20:00+00:00,20.0,9.0,3.5,0.7
2023-08-27 18:30:00+00:00,19.97,11.9,3.5,0.69
2023-08-27 18:40:00+00:00,19.94,14.8,3.5,0.6799999999999999
2023-08-27 18:50:00+00:00,19.91,17.7,3.5,0.6699999999999999
2023-08-27 19:00:00+00:00,19.88,20.6,3.5,0.6599999999999999
2023-08-27 19:10:00+00:00,19.85,23.5,3.5,0.6499999999999999
2023-08-27 19:20:00+00:00,19.82,26.4,3.5,0.64
2023-08-27 19:30:00+00:00,19.79,29.3,3.5,0.63
2023-08-27 19:40:00+00:00,19.759999999999998,32.2,3.5,0.62
2023-08-27 19:50:00+00:00,19.73,35.099999999999994,3.5,0.61
2023-08-27 20:00:00+00:00,19.7,38.0,3.5,0.6
2023-08-27 20:10:00+00:00,19.684615384615384,40.0,3.5,0.5846153846153846
2023-08-27 20:20:00+00:00,19.66923076923077,42.0,3.5,0.5692307692307692
2023-08-27 20:30:00+00:00,19.653846153846153,44.0,3.5,0.5538461538461539
2023-08-27 20:40:00+00:00,19.638461538461538,46.0,3.5,0.5384615384615384
2023-08-27 20:50:00+00:00,19.623076923076923,48.0,3.5,0.5230769230769231
2023-08-27 21:00:00+00:00,19.607692307692307,50.0,3.5,0.5076923076923077
2023-08-27 21:10:00+00:00,19.592307692307692,52.0,3.5,0.49230769230769234
2023-08-27 21:20:00+00:00,19.576923076923077,54.0,3.5,0.4769230769230769
2023-08-27 21:30:00+00:00,19.56153846153846,56.0,3.5,0.46153846153846156
2023-08-27 21:40:00+00:00,19.546153846153846,58.0,3.5,0.4461538461538461
2023-08-27 21:50:00+00:00,19.53076923076923,60.0,3.5,0.4307692307692308
2023-08-27 22:00:00+00:00,19.515384615384615,62.0,3.5,0.4153846153846154
2023-08-27 22:10:00+00:00,19.5,64.0,3.5,0.4
2023-08-27 22:20:00+00:00,19.47,64.7,3.5,0.42000000000000004
2023-08-27 22:30:00+00:00,19.44,65.4,3.5,0.44
2023-08-27 22:40:00+00:00,19.41,66.1,3.5,0.46
2023-08-27 22:50:00+00:00,19.38,66.8,3.5,0.48
2023-08-27 23:00:00+00:00,19.35,67.5,3.5,0.5
2023-08-27 23:10:00+00:00,19.32,68.2,3.5,0.52
2023-08-27 23:20:00+00:00,19.29,68.9,3.5,0.54
2023-08-27 23:30:00+00:00,19.259999999999998,69.6,3.5,0.56
2023-08-27 23:40:00+00:00,19.23,70.3,3.5,0.58
2023-08-27 23:50:00+00:00,19.2,71.0,3.5,0.6
2023-08-28 00:00:00+00:00,19.18,71.3,3.5,0.6
2023-08-28 00:10:00+00:00,19.16,71.6,3.5,0.6
2023-08-28 00:20:00+00:00,19.14,71.9,3.5,0.6
2023-08-28 00:30:00+00:00,19.12,72.2,3.5,0.6
2023-08-28 00:40:00+00:00,19.1,72.5,3.5,0.6
2023-08-28 00:50:00+00:00,19.08,72.8,3.5,0.6
2023-08-28 01:00:00+00:00,19.06,73.1,3.5,0.6
2023-08-28 01:10:00+00:00,19.04,73.4,3.5,0.6
2023-08-28 01:20:00+00:00,19.02,73.7,3.5,0.6
2023-08-28 01:30:00+00:00,19.0,74.0,3.5,0.6
2023-08-28 01:40:00+00:00,18.98,74.0,3.5,0.6
2023-08-28 01:50:00+00:00,18.96,74.0,3.5,0.6
2023-08-28 02:00:00+00:00,18.94,74.0,3.5,0.6
2023-08-28 02:10:00+00:00,18.92,74.0,3.5,0.6
2023-08-28 02:20:00+00:00,18.9,74.0,3.5,0.6
2023-08-28 02:30:00+00:00,18.88,74.0,3.5,0.6
2023-08-28 02:40:00+00:00,18.86,74.0,3.5,0.6
2023-08-28 02:50:00+00:00,18.84,74.0,3.5,0.6
2023-08-28 03:00:00+00:00,18.82,74.0,3.5,0.6
2023-08-28 03:10:00+00:00,18.8,74.0,3.5,0.6
2023-08-28 03:20:00+00:00,18.78,74.0,3.5,0.94
2023-08-28 03:30:00+00:00,18.76,74.0,3.5,1.2799999999999998
2023-08-28 03:40:00+00:00,18.740000000000002,74.0,3.5,1.62
2023-08-28 03:50:00+00:00,18.720000000000002,74.0,3.5,1.96
2023-08-28 04:00:00+00:00,18.700000000000003,74.0,3.5,2.3
2023-08-28 04:10:00+00:00,18.68,74.0,3.5,2.64
2023-08-28 04:20:00+00:00,18.66,74.0,3.5,2.98
2023-08-28 04:30:00+00:00,18.64,74.0,3.5,3.32
2023-08-28 04:40:00+00:00,18.62,74.0,3.5,3.6599999999999997
2023-08-28 04:50:00+00:00,18.6,74.0,3.5,4.0
2023-08-28 05:00:00+00:00,18.5,74.0,3.5,4.0
2023-08-28 05:10:00+00:00,18.5,74.0,3.5,4.0
2023-08-28 05:20:00+00:00,18.5,74.0,3.5,4.0
2023-08-28 05:30:00+00:00,18.5,74.0,3.5,3.8
2023-08-28 05:40:00+00:00,18.5,74.0,3.5,4.0
2023-08-28 05:50:00+00:00,18.4,74.0,3.5,4.0
2023-08-28 06:00:00+00:00,18.4,74.0,3.5,3.8
2023-08-28 06:10:00+00:00,18.4,74.0,3.5,3.9
2023-08-28 06:20:00+00:00,18.4,74.0,3.5,4.0
2023-08-28 06:30:00+00:00,18.3,74.0,3.5,4.0
2023-08-28 06:40:00+00:00,18.3,73.0,3.5,4.0
2023-08-28 06:50:00+00:00,18.3,74.0,3.5,4.0
2023-08-28 07:00:00+00:00,18.3,74.0,3.5,4.0
2023-08-28 07:10:00+00:00,18.3,74.0,3.5,4.0
2023-08-28 07:20:00+00:00,18.3,74.0,3.5,4.0
2023-08-28 07:30:00+00:00,18.2,74.0,3.5,4.0
2023-08-28 07:40:00+00:00,18.2,73.0,3.5,4.0
2023-08-28 07:50:00+00:00,18.2,74.0,3.4,4.0
2023-08-28 08:00:00+00:00,18.2,73.5,3.4,4.0
2023-08-28 08:10:00+00:00,18.2,73.0,3.4,4.0
2023-08-28 08:20:00+00:00,18.2,74.0,3.4,4.0
2023-08-28 08:30:00+00:00,18.2,74.0,3.4,4.0
2023-08-28 08:40:00+00:00,18.2,74.0,3.5,4.7
2023-08-28 08:50:00+00:00,18.2,73.0,3.4,5.8
2023-08-28 09:00:00+00:00,18.2,74.0,3.4,6.1
2023-08-28 09:10:00+00:00,18.3,74.0,3.4,6.2
2023-08-28 09:20:00+00:00,18.3,74.0,3.4,6.2
2023-08-28 09:30:00+00:00,18.3,73.0,3.4,6.1
2023-08-28 09:40:00+00:00,18.35,73.0,3.4,6.05
2023-08-28 09:50:00+00:00,18.4,73.0,3.4,6.0
2023-08-28 10:00:00+00:00,18.5,73.0,3.4,6.1
2023-08-28 10:10:00+00:00,18.5,73.0,3.4,6.2
2023-08-28 10:20:00+00:00,18.6,73.0,3.4,6.2
2023-08-28 10:30:00+00:00,18.6,73.0,3.4,6.2
2023-08-28 10:40:00+00:00,18.7,73.0,3.5,5.8
2023-08-28 10:50:00+00:00,18.8,73.0,3.4,6.0
2023-08-28 11:00:00+00:00,18.9,73.0,3.5,6.1
2023-08-28 11:10:00+00:00,19.0,72.0,3.4,6.2
2023-08-28 11:20:00+00:00,19.0,72.0,3.4,6.2
2023-08-28 11:30:00+00:00,19.05,72.0,3.4,6.25
2023-08-28 11:40:00+00:00,19.1,72.0,3.4,6.3
2023-08-28 11:50:00+00:00,19.2,72.0,3.4,6.1
2023-08-28 12:00:00+00:00,19.3,71.0,3.4,6.0
2023-08-28 12:10:00+00:00,19.3,72.0,3.4,5.9
2023-08-28 12:20:00+00:00,19.5,72.0,3.4,5.9
2023-08-28 12:30:00+00:00,19.5,72.0,3.4,5.8
2023-08-28 12:40:00+00:00,19.6,72.0,3.4,5.8
2023-08-28 12:50:00+00:00,19.6,71.0,3.4,5.8
2023-08-28 13:00:00+00:00,19.7,71.0,3.4,5.5
2023-08-28 13:10:00+00:00,19.8,71.0,3.4,6.1
2023-08-28 13:20:00+00:00,19.8,71.0,3.45,5.9
2023-08-28 13:30:00+00:00,19.8,71.0,3.5,5.7
2023-08-28 13:40:00+00:00,19.8,71.0,3.4,5.7
2023-08-28 13:50:00+00:00,19.9,71.0,3.4,5.8
2023-08-28 14:00:00+00:00,20.0,71.0,3.4,5.9
2023-08-28 14:10:00+00:00,20.0,71.0,3.4,5.5
2023-08-28 14:20:00+00:00,20.0,70.0,3.4,5.9
2023-08-28 14:30:00+00:00,20.0,71.0,3.4,6.1
2023-08-28 14:40:00+00:00,20.0,70.0,3.4,6.0
2023-08-28 14:50:00+00:00,20.0,70.0,3.4,5.7
2023-08-28 15:00:00+00:00,20.0,70.0,3.4,5.7
2023-08-28 15:10:00+00:00,20.0,70.0,3.45,5.25
2023-08-28 15:20:00+00:00,20.0,70.0,3.5,4.8
2023-08-28 15:30:00+00:00,20.1,70.0,3.4,5.7
2023-08-28 15:40:00+00:00,20.1,70.0,3.4,5.6
2023-08-28 15:50:00+00:00,20.1,70.0,3.4,4.7
2023-08-28 16:00:00+00:00,20.1,70.0,3.4,5.5
2023-08-28 16:10:00+00:00,20.1,70.0,3.4,5.7
2023-08-28 16:20:00+00:00,20.1,70.0,3.5,5.0
2023-08-28 16:30:00+00:00,20.1,70.0,3.4,4.8
2023-08-28 16:40:00+00:00,20.1,70.0,3.5,4.4
2023-08-28 16:50:00+00:00,20.0,69.0,3.5,4.3
2023-08-28 17:00:00+00:00,20.0,69.0,3.5,4.1
2023-08-28 17:10:00+00:00,20.0,69.0,3.5,3.9
2023-08-28 17:20:00+00:00,20.0,70.0,3.5,4.0
2023-08-28 17:30:00+00:00,20.0,70.0,3.4,3.3
2023-08-28 17:40:00+00:00,19.9,69.0,3.5,2.8
2023-08-28 17:50:00+00:00,19.9,69.0,3.5,2.8
2023-08-28 18:00:00+00:00,19.8,70.0,3.5,1.6
2023-08-28 18:10:00+00:00,19.8,69.0,3.5,1.0
2023-08-28 18:20:00+00:00,19.8,69.0,3.5,0.6
2023-08-28 18:30:00+00:00,19.76,69.0,3.5,0.6
2023-08-28 18:40:00+00:00,19.72,69.0,3.5,0.6
2023-08-28 18:50:00+00:00,19.68,69.0,3.5,0.6
2023-08-28 19:00:00+00:00,19.64,69.0,3.5,0.6
2023-08-28 19:10:00+00:00,19.6,69.0,3.5,0.6
2023-08-28 19:20:00+00:00,19.56,69.0,3.5,0.6
2023-08-28 19:30:00+00:00,19.52,69.0,3.5,0.6
2023-08-28 19:40:00+00:00,19.48,69.0,3.5,0.6
2023-08-28 19:50:00+00:00,19.439999999999998,69.0,3.5,0.6
2023-08-28 20:00:00+00:00,19.4,69.0,3.5,0.6
2023-08-28 20:10:00+00:00,19.36,69.0,3.5,0.6
2023-08-28 20:20:00+00:00,19.32,69.0,3.5,0.6
2023-08-28 20:30:00+00:00,19.279999999999998,69.0,3.5,0.6
2023-08-28 20:40:00+00:00,19.24,69.0,3.5,0.6
2023-08-28 20:50:00+00:00,19.2,69.0,3.5,0.6
2023-08-28 21:00:00+00:00,19.16,69.0,3.5,0.6
2023-08-28 21:10:00+00:00,19.12,69.0,3.5,0.6
2023-08-28 21:20:00+00:00,19.08,69.0,3.5,0.6
2023-08-28 21:30:00+00:00,19.04,69.0,3.5,0.6
2023-08-28 21:40:00+00:00,19.0,69.0,3.5,0.6
2023-08-28 21:50:00+00:00,18.978571428571428,69.0,3.5,0.6
2023-08-28 22:00:00+00:00,18.957142857142856,69.0,3.5,0.6
2023-08-28 22:10:00+00:00,18.935714285714287,69.0,3.5,0.6
2023-08-28 22:20:00+00:00,18.914285714285715,69.0,3.5,0.6
2023-08-28 22:30:00+00:00,18.892857142857142,69.0,3.5,0.6
2023-08-28 22:40:00+00:00,18.87142857142857,69.0,3.5,0.6
2023-08-28 22:50:00+00:00,18.85,69.0,3.5,0.6
2023-08-28 23:00:00+00:00,18.82857142857143,69.0,3.5,0.6
2023-08-28 23:10:00+00:00,18.807142857142857,69.0,3.5,0.6
2023-08-28 23:20:00+00:00,18.785714285714285,69.0,3.5,0.6
2023-08-28 23:30:00+00:00,18.764285714285712,69.0,3.5,0.6
2023-08-28 23:40:00+00:00,18.742857142857144,69.0,3.5,0.6
2023-08-28 23:50:00+00:00,18.72142857142857,69.0,3.5,0.6
2023-08-29 00:00:00+00:00,18.7,69.0,3.5,0.6
2023-08-29 00:10:00+00:00,18.68,69.0,3.5,0.58
2023-08-29 00:20:00+00:00,18.66,69.0,3.5,0.5599999999999999
2023-08-29 00:30:00+00:00,18.64,69.0,3.5,0.54
2023-08-29 00:40:00+00:00,18.62,69.0,3.5,0.52
2023-08-29 00:50:00+00:00,18.6,69.0,3.5,0.5
2023-08-29 01:00:00+00:00,18.58,69.0,3.5,0.48
2023-08-29 01:10:00+00:00,18.56,69.0,3.5,0.45999999999999996
2023-08-29 01:20:00+00:00,18.54,69.0,3.5,0.44
2023-08-29 01:30:00+00:00,18.52,69.0,3.5,0.42000000000000004
2023-08-29 01:40:00+00:00,18.5,69.0,3.5,0.4
2023-08-29 01:50:00+00:00,18.48,70.0,3.5,0.42000000000000004
2023-08-29 02:00:00+00:00,18.46,71.0,3.5,0.44
2023-08-29 02:10:00+00:00,18.44,72.0,3.5,0.46
2023-08-29 02:20:00+00:00,18.42,73.0,3.5,0.48
2023-08-29 02:30:00+00:00,18.4,74.0,3.5,0.5
2023-08-29 02:40:00+00:00,18.38,75.0,3.5,0.52
2023-08-29 02:50:00+00:00,18.36,76.0,3.5,0.54
2023-08-29 03:00:00+00:00,18.34,77.0,3.5,0.56
2023-08-29 03:10:00+00:00,18.32,78.0,3.5,0.58
2023-08-29 03:20:00+00:00,18.3,79.0,3.5,0.6
2023-08-29 03:30:00+00:00,18.275000000000002,79.5,3.5,0.895
2023-08-29 03:40:00+00:00,18.25,80.0,3.5,1.19
2023-08-29 03:50:00+00:00,18.225,80.5,3.5,1.4849999999999999
2023-08-29 04:00:00+00:00,18.2,81.0,3.5,1.7799999999999998
2023-08-29 04:10:00+00:00,18.175,81.5,3.5,2.0749999999999997
2023-08-29 04:20:00+00:00,18.150000000000002,82.0,3.5,2.37
2023-08-29 04:30:00+00:00,18.125,82.5,3.5,2.665
2023-08-29 04:40:00+00:00,18.1,83.0,3.5,2.96
2023-08-29 04:50:00+00:00,18.075,83.5,3.5,3.255
2023-08-29 05:00:00+00:00,18.05,84.0,3.5,3.55
2023-08-29 05:10:00+00:00,18.0,82.0,3.5,3.7
2023-08-29 05:20:00+00:00,18.0,82.0,3.5,4.0
2023-08-29 05:30:00+00:00,18.0,81.0,3.5,4.0
2023-08-29 05:40:00+00:00,17.95,81.0,3.5,4.0
2023-08-29 05:50:00+00:00,17.9,81.0,3.5,4.0
2023-08-29 06:00:00+00:00,17.9,81.0,3.5,4.0
2023-08-29 06:10:00+00:00,17.9,81.0,3.5,4.0
2023-08-29 06:20:00+00:00,17.8,81.0,3.5,4.0
2023-08-29 06:30:00+00:00,17.8,81.0,3.5,4.0
2023-08-29 06:40:00+00:00,17.8,80.0,3.5,4.0
2023-08-29 06:50:00+00:00,17.8,80.0,3.5,4.0
2023-08-29 07:00:00+00:00,17.8,80.0,3.5,4.0
2023-08-29 07:10:00+00:00,17.8,80.0,3.5,4.0
2023-08-29 07:20:00+00:00,17.7,80.0,3.5,4.0
2023-08-29 07:30:00+00:00,17.7,80.0,3.5,4.0
2023-08-29 07:40:00+00:00,17.7,80.0,3.5,4.0
2023-08-29 07:50:00+00:00,17.7,80.0,3.5,4.0
2023-08-29 08:00:00+00:00,17.6,80.0,3.5,4.0
2023-08-29 08:10:00+00:00,17.6,80.0,3.5,4.0
2023-08-29 08:20:00+00:00,17.6,80.0,3.5,4.0
2023-08-29 08:30:00+00:00,17.6,80.0,3.5,4.0
2023-08-29 08:40:00+00:00,17.6,80.0,3.5,4.0
2023-08-29 08:50:00+00:00,17.6,80.0,3.5,4.0
2023-08-29 09:00:00+00:00,17.6,80.0,3.5,4.0
2023-08-29 09:10:00+00:00,17.6,80.0,3.5,4.0
2023-08-29 09:20:00+00:00,17.6,80.0,3.5,4.0
2023-08-29 09:30:00+00:00,17.6,80.0,3.5,4.0
2023-08-29 09:40:00+00:00,17.7,80.0,3.5,4.0
2023-08-29 09:50:00+00:00,17.7,80.0,3.5,4.0
2023-08-29 10:00:00+00:00,17.7,80.0,3.5,4.0
2023-08-29 10:10:00+00:00,17.7,80.0,3.5,4.0
2023-08-29 10:20:00+00:00,17.7,80.0,3.5,4.0
2023-08-29 10:30:00+00:00,17.8,80.0,3.5,4.0
2023-08-29 10:40:00+00:00,17.8,80.0,3.5,4.0
2023-08-29 10:50:00+00:00,17.8,80.0,3.4,4.0
2023-08-29 11:00:00+00:00,17.8,80.0,3.45,4.0
2023-08-29 11:10:00+00:00,17.8,80.0,3.5,4.0
2023-08-29 11:20:00+00:00,17.8,80.0,3.4,4.0
2023-08-29 11:30:00+00:00,17.8,80.0,3.5,4.0
2023-08-29 11:40:00+00:00,17.8,80.0,3.5,4.0
2023-08-29 11:50:00+00:00,17.8,80.0,3.5,4.0
2023-08-29 12:00:00+00:00,17.8,80.0,3.5,4.0
2023-08-29 12:10:00+00:00,17.9,80.0,3.5,4.0
2023-08-29 12:20:00+00:00,17.9,80.0,3.5,4.0
2023-08-29 12:30:00+00:00,18.0,80.0,3.5,4.0
2023-08-29 12:40:00+00:00,18.0,80.0,3.5,4.0
2023-08-29 12:50:00+00:00,18.0,79.5,3.45,4.0
2023-08-29 13:00:00+00:00,18.0,79.0,3.4,4.0
2023-08-29 13:10:00+00:00,18.0,80.0,3.5,4.0
2023-08-29 13:20:00+00:00,18.0,80.0,3.5,4.0
2023-08-29 13:30:00+00:00,18.0,79.0,3.5,4.0
2023-08-29 13:40:00+00:00,18.1,79.0,3.5,4.0
2023-08-29 13:50:00+00:00,18.1,79.0,3.5,4.0
2023-08-29 14:00:00+00:00,18.1,80.0,3.5,4.0
2023-08-29 14:10:00+00:00,18.1,79.0,3.5,4.0
2023-08-29 14:20:00+00:00,18.1,80.0,3.5,4.0
2023-08-29 14:30:00+00:00,18.1,80.0,3.5,4.0
2023-08-29 14:40:00+00:00,18.1,79.5,3.5,4.0
2023-08-29 14:50:00+00:00,18.1,79.0,3.5,4.0
2023-08-29 15:00:00+00:00,18.1,79.0,3.5,4.0
2023-08-29 15:10:00+00:00,18.1,80.0,3.5,4.0
2023-08-29 15:20:00+00:00,18.1,79.0,3.5,4.0
2023-08-29 15:30:00+00:00,18.1,80.0,3.5,4.0
2023-08-29 15:40:00+00:00,18.1,79.0,3.5,4.0
2023-08-29 15:50:00+00:00,18.2,80.0,3.5,4.0
2023-08-29 16:00:00+00:00,18.2,79.0,3.5,4.0
2023-08-29 16:10:00+00:00,18.2,79.0,3.5,4.0
2023-08-29 16:20:00+00:00,18.2,80.0,3.5,4.0
2023-08-29 16:30:00+00:00,18.2,79.66666666666667,3.5,4.0
2023-08-29 16:40:00+00:00,18.2,79.33333333333333,3.5,4.0
2023-08-29 16:50:00+00:00,18.2,79.0,3.5,4.0
2023-08-29 17:00:00+00:00,18.2,79.0,3.5,4.0
2023-08-29 17:10:00+00:00,18.2,79.0,3.5,3.7
2023-08-29 17:20:00+00:00,18.2,79.0,3.5,3.7
2023-08-29 17:30:00+00:00,18.2,80.0,3.5,3.5
2023-08-29 17:40:00+00:00,18.2,80.0,3.5,3.2
2023-08-29 17:50:00+00:00,18.2,82.0,3.5,1.6
2023-08-29 18:00:00+00:00,18.2,82.0,3.5,1.3
2023-08-29 18:10:00+00:00,18.2,82.0,3.5,0.8
2023-08-29 18:20:00+00:00,18.192857142857143,82.0,3.5,0.7714285714285715
2023-08-29 18:30:00+00:00,18.185714285714287,82.0,3.5,0.7428571428571429
2023-08-29 18:40:00+00:00,18.178571428571427,82.0,3.5,0.7142857142857143
2023-08-29 18:50:00+00:00,18.17142857142857,82.0,3.5,0.6857142857142857
2023-08-29 19:00:00+00:00,18.164285714285715,82.0,3.5,0.6571428571428571
2023-08-29 19:10:00+00:00,18.15714285714286,82.0,3.5,0.6285714285714286
2023-08-29 19:20:00+00:00,18.15,82.0,3.5,0.6000000000000001
2023-08-29 19:30:00+00:00,18.142857142857142,82.0,3.5,0.5714285714285714
2023-08-29 19:40:00+00:00,18.135714285714286,82.0,3.5,0.5428571428571429
2023-08-29 19:50:00+00:00,18.12857142857143,82.0,3.5,0.5142857142857142
2023-08-29 20:00:00+00:00,18.121428571428574,82.0,3.5,0.4857142857142857
2023-08-29 20:10:00+00:00,18.114285714285714,82.0,3.5,0.4571428571428572
2023-08-29 20:20:00+00:00,18.107142857142858,82.0,3.5,0.4285714285714286
2023-08-29 20:30:00+00:00,18.1,82.0,3.5,0.4
2023-08-29 20:40:00+00:00,18.1,82.0,3.5,0.42000000000000004
2023-08-29 20:50:00+00:00,18.1,82.0,3.5,0.44
2023-08-29 21:00:00+00:00,18.1,82.0,3.5,0.46
2023-08-29 21:10:00+00:00,18.1,82.0,3.5,0.48
2023-08-29 21:20:00+00:00,18.1,82.0,3.5,0.5
2023-08-29 21:30:00+00:00,18.1,82.0,3.5,0.52
2023-08-29 21:40:00+00:00,18.1,82.0,3.5,0.54
2023-08-29 21:50:00+00:00,18.1,82.0,3.5,0.56
2023-08-29 22:00:00+00:00,18.1,82.0,3.5,0.58
2023-08-29 22:10:00+00:00,18.1,82.0,3.5,0.6
2023-08-29 22:20:00+00:00,18.09,82.0,3.5,0.6
2023-08-29 22:30:00+00:00,18.080000000000002,82.0,3.5,0.6
2023-08-29 22:40:00+00:00,18.07,82.0,3.5,0.6
2023-08-29 22:50:00+00:00,18.060000000000002,82.0,3.5,0.6
2023-08-29 23:00:00+00:00,18.05,82.0,3.5,0.6
2023-08-29 23:10:00+00:00,18.04,82.0,3.5,0.6
2023-08-29 23:20:00+00:00,18.03,82.0,3.5,0.6
2023-08-29 23:30:00+00:00,18.02,82.0,3.5,0.6
2023-08-29 23:40:00+00:00,18.01,82.0,3.5,0.6
2023-08-29 23:50:00+00:00,18.0,82.0,3.5,0.6
2023-08-30 00:00:00+00:00,18.0,82.0,3.5,0.6
2023-08-30 00:10:00+00:00,18.0,82.0,3.5,0.6
2023-08-30 00:20:00+00:00,18.0,82.0,3.5,0.6
2023-08-30 00:30:00+00:00,18.0,82.0,3.5,0.6
2023-08-30 00:40:00+00:00,18.0,82.0,3.5,0.6
2023-08-30 00:50:00+00:00,18.0,82.0,3.5,0.6
2023-08-30 01:00:00+00:00,18.0,82.0,3.5,0.6
2023-08-30 01:10:00+00:00,18.0,82.0,3.5,0.6
2023-08-30 01:20:00+00:00,18.0,82.0,3.5,0.6
2023-08-30 01:30:00+00:00,18.0,82.0,3.5,0.6
2023-08-30 01:40:00+00:00,17.99,81.9,3.5,0.58
2023-08-30 01:50:00+00:00,17.98,81.8,3.5,0.5599999999999999
2023-08-30 02:00:00+00:00,17.97,81.7,3.5,0.54
2023-08-30 02:10:00+00:00,17.96,81.6,3.5,0.52
2023-08-30 02:20:00+00:00,17.95,81.5,3.5,0.5
2023-08-30 02:30:00+00:00,17.939999999999998,81.4,3.5,0.48
2023-08-30 02:40:00+00:00,17.93,81.3,3.5,0.45999999999999996
2023-08-30 02:50:00+00:00,17.919999999999998,81.2,3.5,0.44
2023-08-30 03:00:00+00:00,17.91,81.1,3.5,0.42000000000000004
2023-08-30 03:10:00+00:00,17.9,81.0,3.5,0.4
2023-08-30 03:20:00+00:00,17.89,81.0,3.5,0.76
2023-08-30 03:30:00+00:00,17.88,81.0,3.5,1.12
2023-08-30 03:40:00+00:00,17.869999999999997,81.0,3.5,1.48
2023-08-30 03:50:00+00:00,17.86,81.0,3.5,1.8399999999999999
2023-08-30 04:00:00+00:00,17.85,81.0,3.5,2.1999999999999997
2023-08-30 04:10:00+00:00,17.84,81.0,3.5,2.56
2023-08-30 04:20:00+00:00,17.83,81.0,3.5,2.92
2023-08-30 04:30:00+00:00,17.82,81.0,3.5,3.28
2023-08-30 04:40:00+00:00,17.810000000000002,81.0,3.5,3.6399999999999997
2023-08-30 04:50:00+00:00,17.8,81.0,3.5,4.0
2023-08-30 05:00:00+00:00,17.8,81.0,3.5,4.0
2023-08-30 05:10:00+00:00,17.8,81.0,3.5,4.0
2023-08-30 05:20:00+00:00,17.8,81.0,3.5,4.0
2023-08-30 05:30:00+00:00,17.8,81.0,3.5,4.0
2023-08-30 05:40:00+00:00,17.8,80.0,3.5,4.0
2023-08-30 05:50:00+00:00,17.8,81.0,3.5,4.0
2023-08-30 06:00:00+00:00,17.8,81.0,3.5,4.0
2023-08-30 06:10:00+00:00,17.8,81.0,3.5,4.0
2023-08-30 06:20:00+00:00,17.8,81.0,3.5,4.0
2023-08-30 06:30:00+00:00,17.8,81.0,3.5,4.0
2023-08-30 06:40:00+00:00,17.8,81.0,3.5,4.0
2023-08-30 06:50:00+00:00,17.8,81.0,3.5,4.0
2023-08-30 07:00:00+00:00,17.8,80.5,3.5,4.0
2023-08-30 07:10:00+00:00,17.8,80.0,3.5,4.0
2023-08-30 07:20:00+00:00,17.8,81.0,3.5,4.0
2023-08-30 07:30:00+00:00,17.8,81.0,3.5,4.0
2023-08-30 07:40:00+00:00,17.8,81.0,3.5,4.0
2023-08-30 07:50:00+00:00,17.8,81.0,3.5,4.0
2023-08-30 08:00:00+00:00,17.8,81.0,3.5,4.0
2023-08-30 08:10:00+00:00,17.8,81.0,3.5,4.0
2023-08-30 08:20:00+00:00,17.9,80.0,3.5,4.0
2023-08-30 08:30:00+00:00,17.9,81.0,3.5,4.0
2023-08-30 08:40:00+00:00,17.9,80.0,3.4,4.0
2023-08-30 08:50:00+00:00,17.95,80.0,3.45,4.0
2023-08-30 09:00:00+00:00,18.0,80.0,3.5,4.0
2023-08-30 09:10:00+00:00,18.0,81.0,3.5,4.0
2023-08-30 09:20:00+00:00,18.0,81.0,3.5,4.0
2023-08-30 09:30:00+00:00,18.0,80.0,3.5,4.0
2023-08-30 09:40:00+00:00,18.0,81.0,3.5,4.0
2023-08-30 09:50:00+00:00,18.1,81.0,3.5,4.0
2023-08-30 10:00:00+00:00,18.1,80.0,3.4,4.0
2023-08-30 10:10:00+00:00,18.1,80.0,3.5,4.0
2023-08-30 10:20:00+00:00,18.1,81.0,3.5,4.0
2023-08-30 10:30:00+00:00,18.1,80.0,3.4,4.0
2023-08-30 10:40:00+00:00,18.1,80.0,3.45,4.0
2023-08-30 10:50:00+00:00,18.1,80.0,3.5,4.0
2023-08-30 11:00:00+00:00,18.2,80.0,3.5,4.0
2023-08-30 11:10:00+00:00,18.2,81.0,3.4,4.0
2023-08-30 11:20:00+00:00,18.2,81.0,3.5,4.0
2023-08-30 11:30:00+00:00,18.2,80.0,3.5,4.0
2023-08-30 11:40:00+00:00,18.3,80.0,3.5,4.0
2023-08-30 11:50:00+00:00,18.3,81.0,3.5,4.0
2023-08-30 12:00:00+00:00,18.3,81.0,3.5,4.0
2023-08-30 12:10:00+00:00,18.3,80.0,3.5,4.0
2023-08-30 12:20:00+00:00,18.3,80.0,3.5,4.0
2023-08-30 12:30:00+00:00,18.3,80.0,3.5,4.0
2023-08-30 12:40:00+00:00,18.3,81.0,3.5,4.0
2023-08-30 12:50:00+00:00,18.3,80.0,3.5,4.0
2023-08-30 13:00:00+00:00,18.3,80.0,3.5,4.0
2023-08-30 13:10:00+00:00,18.3,80.0,3.5,4.0
2023-08-30 13:20:00+00:00,18.4,80.0,3.5,4.0
2023-08-30 13:30:00+00:00,18.4,80.0,3.4,4.0
2023-08-30 13:40:00+00:00,18.4,80.0,3.5,4.0
2023-08-30 13:50:00+00:00,18.4,80.0,3.5,4.0
2023-08-30 14:00:00+00:00,18.4,80.0,3.5,4.0
2023-08-30 14:10:00+00:00,18.45,80.0,3.5,4.0
2023-08-30 14:20:00+00:00,18.5,80.0,3.5,4.0
2023-08-30 14:30:00+00:00,18.5,80.0,3.4,4.0
2023-08-30 14:40:00+00:00,18.5,80.0,3.4,4.0
2023-08-30 14:50:00+00:00,18.5,80.0,3.5,4.0
2023-08-30 15:00:00+00:00,18.5,80.0,3.4,4.0
2023-08-30 15:10:00+00:00,18.5,80.0,3.5,4.0
2023-08-30 15:20:00+00:00,18.5,80.0,3.5,4.0
2023-08-30 15:30:00+00:00,18.5,80.0,3.5,4.0
2023-08-30 15:40:00+00:00,18.5,80.0,3.5,4.0
2023-08-30 15:50:00+00:00,18.5,80.0,3.5,4.0
2023-08-30 16:00:00+00:00,18.55,80.0,3.5,4.0
2023-08-30 16:10:00+00:00,18.6,80.0,3.5,4.0
2023-08-30 16:20:00+00:00,18.6,80.0,3.5,4.0
2023-08-30 16:30:00+00:00,18.6,80.0,3.5,4.0
2023-08-30 16:40:00+00:00,18.6,80.0,3.5,4.0
2023-08-30 16:50:00+00:00,18.6,80.0,3.4,4.0
2023-08-30 17:00:00+00:00,18.6,80.0,3.5,4.0
2023-08-30 17:10:00+00:00,18.6,80.0,3.5,4.0
2023-08-30 17:20:00+00:00,18.6,80.0,3.5,4.0
2023-08-30 17:30:00+00:00,18.6,80.0,3.5,3.5
2023-08-30 17:40:00+00:00,18.6,80.0,3.5,2.7
2023-08-30 17:50:00+00:00,18.6,80.0,3.5,2.2
2023-08-30 18:00:00+00:00,18.6,80.0,3.5,1.7
2023-08-30 18:10:00+00:00,18.6,80.0,3.5,0.8
2023-08-30 18:20:00+00:00,18.59,80.0,3.5,0.78
2023-08-30 18:30:00+00:00,18.580000000000002,80.0,3.5,0.76
2023-08-30 18:40:00+00:00,18.57,80.0,3.5,0.74
2023-08-30 18:50:00+00:00,18.560000000000002,80.0,3.5,0.72
2023-08-30 19:00:00+00:00,18.55,80.0,3.5,0.7
2023-08-30 19:10:00+00:00,18.54,80.0,3.5,0.6799999999999999
2023-08-30 19:20:00+00:00,18.53,80.0,3.5,0.66
2023-08-30 19:30:00+00:00,18.52,80.0,3.5,0.64
2023-08-30 19:40:00+00:00,18.51,80.0,3.5,0.62
2023-08-30 19:50:00+00:00,18.5,80.0,3.5,0.6
2023-08-30 20:00:00+00:00,18.484615384615385,80.0,3.5,0.6
2023-08-30 20:10:00+00:00,18.46923076923077,80.0,3.5,0.6
2023-08-30 20:20:00+00:00,18.453846153846154,80.0,3.5,0.6
2023-08-30 20:30:00+00:00,18.43846153846154,80.0,3.5,0.6
2023-08-30 20:40:00+00:00,18.423076923076923,80.0,3.5,0.6
2023-08-30 20:50:00+00:00,18.407692307692308,80.0,3.5,0.6
2023-08-30 21:00:00+00:00,18.392307692307693,80.0,3.5,0.6
2023-08-30 21:10:00+00:00,18.376923076923077,80.0,3.5,0.6
2023-08-30 21:20:00+00:00,18.361538461538462,80.0,3.5,0.6
2023-08-30 21:30:00+00:00,18.346153846153847,80.0,3.5,0.6
2023-08-30 21:40:00+00:00,18.33076923076923,80.0,3.5,0.6
2023-08-30 21:50:00+00:00,18.315384615384616,80.0,3.5,0.6
2023-08-30 22:00:00+00:00,18.3,80.0,3.5,0.6
2023-08-30 22:10:00+00:00,18.28,80.0,3.5,0.58
2023-08-30 22:20:00+00:00,18.26,80.0,3.5,0.5599999999999999
2023-08-30 22:30:00+00:00,18.240000000000002,80.0,3.5,0.54
2023-08-30 22:40:00+00:00,18.220000000000002,80.0,3.5,0.52
2023-08-30 22:50:00+00:00,18.200000000000003,80.0,3.5,0.5
2023-08-30 23:00:00+00:00,18.18,80.0,3.5,0.48
2023-08-30 23:10:00+00:00,18.16,80.0,3.5,0.45999999999999996
2023-08-30 23:20:00+00:00,18.14,80.0,3.5,0.44
2023-08-30 23:30:00+00:00,18.12,80.0,3.5,0.42000000000000004
2023-08-30 23:40:00+00:00,18.1,80.0,3.5,0.4
2023-08-30 23:50:00+00:00,18.09,80.0,3.5,0.42000000000000004
2023-08-31 00:00:00+00:00,18.080000000000002,80.0,3.5,0.44
2023-08-31 00:10:00+00:00,18.07,80.0,3.5,0.46
2023-08-31 00:20:00+00:00,18.060000000000002,80.0,3.5,0.48
2023-08-31 00:30:00+00:00,18.05,80.0,3.5,0.5
2023-08-31 00:40:00+00:00,18.04,80.0,3.5,0.52
2023-08-31 00:50:00+00:00,18.03,80.0,3.5,0.54
2023-08-31 01:00:00+00:00,18.02,80.0,3.5,0.56
2023-08-31 01:10:00+00:00,18.01,80.0,3.5,0.58
2023-08-31 01:20:00+00:00,18.0,80.0,3.5,0.6
2023-08-31 01:30:00+00:00,17.98,80.7,3.5,0.6
2023-08-31 01:40:00+00:00,17.96,81.4,3.5,0.6
2023-08-31 01:50:00+00:00,17.94,82.1,3.5,0.6
2023-08-31 02:00:00+00:00,17.92,82.8,3.5,0.6
2023-08-31 02:10:00+00:00,17.9,83.5,3.5,0.6
2023-08-31 02:20:00+00:00,17.88,84.2,3.5,0.6
2023-08-31 02:30:00+00:00,17.86,84.9,3.5,0.6
2023-08-31 02:40:00+00:00,17.84,85.6,3.5,0.6
2023-08-31 02:50:00+00:00,17.82,86.3,3.5,0.6
2023-08-31 03:00:00+00:00,17.8,87.0,3.5,0.6
2023-08-31 03:10:00+00:00,17.77,86.8,3.5,0.94
2023-08-31 03:20:00+00:00,17.740000000000002,86.6,3.5,1.2799999999999998
2023-08-31 03:30:00+00:00,17.71,86.4,3.5,1.62
2023-08-31 03:40:00+00:00,17.68,86.2,3.5,1.96
2023-08-31 03:50:00+00:00,17.65,86.0,3.5,2.3
2023-08-31 04:00:00+00:00,17.62,85.8,3.5,2.64
2023-08-31 04:10:00+00:00,17.59,85.6,3.5,2.98
2023-08-31 04:20:00+00:00,17.56,85.4,3.5,3.32
2023-08-31 04:30:00+00:00,17.53,85.2,3.5,3.6599999999999997
2023-08-31 04:40:00+00:00,17.5,85.0,3.5,4.0
2023-08-31 04:50:00+00:00,17.5,83.0,3.5,4.0
2023-08-31 05:00:00+00:00,17.5,82.0,3.5,4.0
2023-08-31 05:10:00+00:00,17.4,82.0,3.5,4.0
2023-08-31 05:20:00+00:00,17.4,82.0,3.5,4.0
2023-08-31 05:30:00+00:00,17.4,82.0,3.5,4.0
2023-08-31 05:40:00+00:00,17.3,81.0,3.5,4.0
2023-08-31 05:50:00+00:00,17.3,81.0,3.5,4.0
2023-08-31 06:00:00+00:00,17.3,81.0,3.5,4.0
2023-08-31 06:10:00+00:00,17.3,81.0,3.5,4.0
2023-08-31 06:20:00+00:00,17.3,80.0,3.5,4.0
2023-08-31 06:30:00+00:00,17.3,80.5,3.5,4.0
2023-08-31 06:40:00+00:00,17.3,81.0,3.5,4.0
2023-08-31 06:50:00+00:00,17.3,81.0,3.5,4.0
2023-08-31 07:00:00+00:00,17.3,80.0,3.5,4.0
2023-08-31 07:10:00+00:00,17.3,80.0,3.5,4.0
2023-08-31 07:20:00+00:00,17.3,80.0,3.5,4.0
2023-08-31 07:30:00+00:00,17.3,80.0,3.5,4.0
2023-08-31 07:40:00+00:00,17.3,80.0,3.5,4.0
2023-08-31 07:50:00+00:00,17.3,80.0,3.5,4.0
2023-08-31 08:00:00+00:00,17.3,80.0,3.5,4.0
2023-08-31 08:10:00+00:00,17.3,80.0,3.4,4.0
2023-08-31 08:20:00+00:00,17.3,80.0,3.4,4.0
2023-08-31 08:30:00+00:00,17.3,80.0,3.4,4.0
2023-08-31 08:40:00+00:00,17.3,80.0,3.4,4.0
2023-08-31 08:50:00+00:00,17.3,80.0,3.5,4.0
2023-08-31 09:00:00+00:00,17.3,80.0,3.4,4.0
2023-08-31 09:10:00+00:00,17.4,79.0,3.5,4.0
2023-08-31 09:20:00+00:00,17.4,80.0,3.4,4.0
2023-08-31 09:30:00+00:00,17.5,79.0,3.4,4.0
2023-08-31 09:40:00+00:00,17.5,79.0,3.4,4.0
2023-08-31 09:50:00+00:00,17.5,79.0,3.4,4.0
2023-08-31 10:00:00+00:00,17.6,79.0,3.4,4.0
2023-08-31 10:10:00+00:00,17.6,79.0,3.4,4.0
2023-08-31 10:20:00+00:00,17.6,79.0,3.4,4.0
2023-08-31 10:30:00+00:00,17.6,79.0,3.4,4.0
2023-08-31 10:40:00+00:00,17.7,78.0,3.4,4.0
2023-08-31 10:50:00+00:00,17.7,79.0,3.4,4.0
2023-08-31 11:00:00+00:00,17.8,78.0,3.4,4.0
2023-08-31 11:10:00+00:00,17.8,79.0,3.4,4.0
2023-08-31 11:20:00+00:00,17.8,78.0,3.4,4.0
2023-08-31 11:30:00+00:00,17.9,78.0,3.4,5.8
2023-08-31 11:40:00+00:00,18.0,78.0,3.4,6.0
2023-08-31 11:50:00+00:00,18.0,78.0,3.4,5.9
2023-08-31 12:00:00+00:00,18.0,78.0,3.4,5.8
2023-08-31 12:10:00+00:00,18.0,78.0,3.4,6.1
2023-08-31 12:20:00+00:00,18.1,78.0,3.4,6.1
2023-08-31 12:30:00+00:00,18.1,78.0,3.4,5.2
2023-08-31 12:40:00+00:00,18.2,78.0,3.4,5.0
2023-08-31 12:50:00+00:00,18.3,85.0,3.5,5.4
2023-08-31 13:00:00+00:00,18.3,85.0,3.5,5.9
2023-08-31 13:10:00+00:00,18.4,84.0,3.5,6.0
2023-08-31 13:20:00+00:00,18.4,83.0,3.5,6.1
2023-08-31 13:30:00+00:00,18.5,83.0,3.5,5.3
2023-08-31 13:40:00+00:00,18.5,82.5,3.5,5.65
2023-08-31 13:50:00+00:00,18.5,82.0,3.5,6.0
2023-08-31 14:00:00+00:00,18.5,82.0,3.5,4.5
2023-08-31 14:10:00+00:00,18.5,85.0,3.5,5.5
2023-08-31 14:20:00+00:00,18.5,84.0,3.5,4.4
2023-08-31 14:30:00+00:00,18.5,83.0,3.5,5.6
2023-08-31 14:40:00+00:00,18.5,83.0,3.5,5.3
2023-08-31 14:50:00+00:00,18.5,83.0,3.5,6.3
2023-08-31 15:00:00+00:00,18.5,82.0,3.5,4.0
2023-08-31 15:10:00+00:00,18.4,82.0,3.5,5.4
2023-08-31 15:20:00+00:00,18.4,82.0,3.5,5.5
2023-08-31 15:30:00+00:00,18.4,81.5,3.5,5.85
2023-08-31 15:40:00+00:00,18.4,81.0,3.5,6.2
2023-08-31 15:50:00+00:00,18.4,81.0,3.4,6.2
2023-08-31 16:00:00+00:00,18.4,81.0,3.5,4.2
2023-08-31 16:10:00+00:00,18.4,81.0,3.5,5.9
2023-08-31 16:20:00+00:00,18.4,81.0,3.5,5.8
2023-08-31 16:30:00+00:00,18.4,81.0,3.5,4.2
2023-08-31 16:40:00+00:00,18.4,81.0,3.5,5.5
2023-08-31 16:50:00+00:00,18.4,80.0,3.5,5.6
2023-08-31 17:00:00+00:00,18.4,80.0,3.5,4.1
2023-08-31 17:10:00+00:00,18.4,80.0,3.5,4.4
2023-08-31 17:20:00+00:00,18.4,80.0,3.5,4.35
2023-08-31 17:30:00+00:00,18.4,80.0,3.5,4.3
2023-08-31 17:40:00+00:00,18.3,80.0,3.5,4.0
2023-08-31 17:50:00+00:00,18.3,80.0,3.5,3.3
2023-08-31 18:00:00+00:00,18.3,80.0,3.5,2.2
2023-08-31 18:10:00+00:00,18.3,80.0,3.5,1.2
2023-08-31 18:20:00+00:00,18.3,80.0,3.5,0.8
2023-08-31 18:30:00+00:00,18.25,79.9,3.5,0.78
2023-08-31 18:40:00+00:00,18.2,79.8,3.5,0.76
2023-08-31 18:50:00+00:00,18.150000000000002,79.7,3.5,0.74
2023-08-31 19:00:00+00:00,18.1,79.6,3.5,0.72
2023-08-31 19:10:00+00:00,18.05,79.5,3.5,0.7
2023-08-31 19:20:00+00:00,18.0,79.4,3.5,0.6799999999999999
2023-08-31 19:30:00+00:00,17.95,79.3,3.5,0.66
2023-08-31 19:40:00+00:00,17.900000000000002,79.2,3.5,0.64
2023-08-31 19:50:00+00:00,17.85,79.1,3.5,0.62
2023-08-31 20:00:00+00:00,17.8,79.0,3.5,0.6
2023-08-31 20:10:00+00:00,17.76153846153846,78.92307692307692,3.5,0.6
2023-08-31 20:20:00+00:00,17.723076923076924,78.84615384615384,3.5,0.6
2023-08-31 20:30:00+00:00,17.684615384615384,78.76923076923077,3.5,0.6
2023-08-31 20:40:00+00:00,17.646153846153847,78.6923076923077,3.5,0.6
2023-08-31 20:50:00+00:00,17.607692307692307,78.61538461538461,3.5,0.6
2023-08-31 21:00:00+00:00,17.56923076923077,78.53846153846153,3.5,0.6
2023-08-31 21:10:00+00:00,17.53076923076923,78.46153846153847,3.5,0.6
2023-08-31 21:20:00+00:00,17.492307692307694,78.38461538461539,3.5,0.6
2023-08-31 21:30:00+00:00,17.453846153846154,78.3076923076923,3.5,0.6
2023-08-31 21:40:00+00:00,17.415384615384617,78.23076923076923,3.5,0.6
2023-08-31 21:50:00+00:00,17.376923076923077,78.15384615384616,3.5,0.6
2023-08-31 22:00:00+00:00,17.33846153846154,78.07692307692308,3.5,0.6
2023-08-31 22:10:00+00:00,17.3,78.0,3.5,0.6
2023-08-31 22:20:00+00:00,17.25,78.0,3.51,0.6
2023-08-31 22:30:00+00:00,17.2,78.0,3.52,0.6
2023-08-31 22:40:00+00:00,17.150000000000002,78.0,3.5300000000000002,0.6
2023-08-31 22:50:00+00:00,17.1,78.0,3.54,0.6
2023-08-31 23:00:00+00:00,17.05,78.0,3.55,0.6
2023-08-31 23:10:00+00:00,17.0,78.0,3.56,0.6
2023-08-31 23:20:00+00:00,16.95,78.0,3.5700000000000003,0.6
2023-08-31 23:30:00+00:00,16.900000000000002,78.0,3.58,0.6
2023-08-31 23:40:00+00:00,16.85,78.0,3.59,0.6
2023-08-31 23:50:00+00:00,16.8,78.0,3.6,0.6
2023-09-01 00:00:00+00:00,16.76,78.0,3.6,0.59
2023-09-01 00:10:00+00:00,16.72,78.0,3.6,0.58
2023-09-01 00:20:00+00:00,16.68,78.0,3.6,0.57
2023-09-01 00:30:00+00:00,16.64,78.0,3.6,0.5599999999999999
2023-09-01 00:40:00+00:00,16.6,78.0,3.6,0.55
2023-09-01 00:50:00+00:00,16.56,78.0,3.6,0.54
2023-09-01 01:00:00+00:00,16.52,78.0,3.6,0.53
2023-09-01 01:10:00+00:00,16.48,78.0,3.6,0.52
2023-09-01 01:20:00+00:00,16.439999999999998,78.0,3.6,0.51
2023-09-01 01:30:00+00:00,16.4,78.0,3.6,0.5
2023-09-01 01:40:00+00:00,16.36,78.0,3.6,0.52
2023-09-01 01:50:00+00:00,16.32,78.0,3.6,0.54
2023-09-01 02:00:00+00:00,16.279999999999998,78.0,3.6,0.5599999999999999
2023-09-01 02:10:00+00:00,16.24,78.0,3.6,0.58
2023-09-01 02:20:00+00:00,16.2,78.0,3.6,0.6
2023-09-01 02:30:00+00:00,16.16,78.0,3.6,0.62
2023-09-01 02:40:00+00:00,16.12,78.0,3.6,0.64
2023-09-01 02:50:00+00:00,16.08,78.0,3.6,0.6599999999999999
2023-09-01 03:00:00+00:00,16.04,78.0,3.6,0.6799999999999999
2023-09-01 03:10:00+00:00,16.0,78.0,3.6,0.7
2023-09-01 03:20:00+00:00,15.96,77.9,3.6,1.0299999999999998
2023-09-01 03:30:00+00:00,15.92,77.8,3.6,1.3599999999999999
2023-09-01 03:40:00+00:00,15.879999999999999,77.7,3.6,1.69
2023-09-01 03:50:00+00:00,15.84,77.6,3.6,2.0199999999999996
2023-09-01 04:00:00+00:00,15.8,77.5,3.6,2.3499999999999996
2023-09-01 04:10:00+00:00,15.76,77.4,3.6,2.6799999999999997
2023-09-01 04:20:00+00:00,15.719999999999999,77.3,3.6,3.01
2023-09-01 04:30:00+00:00,15.68,77.2,3.6,3.34
2023-09-01 04:40:00+00:00,15.64,77.1,3.6,3.67
2023-09-01 04:50:00+00:00,15.6,77.0,3.6,4.0
2023-09-01 05:00:00+00:00,15.6,77.0,3.5,4.0
2023-09-01 05:10:00+00:00,15.5,77.0,3.5,4.0
2023-09-01 05:20:00+00:00,15.5,77.0,3.5,4.0
2023-09-01 05:30:00+00:00,15.5,77.0,3.5,4.0
2023-09-01 05:40:00+00:00,15.5,77.0,3.5,4.0
2023-09-01 05:50:00+00:00,15.5,78.0,3.5,4.0
2023-09-01 06:00:00+00:00,15.45,78.0,3.5,4.0
2023-09-01 06:10:00+00:00,15.4,78.0,3.5,4.0
2023-09-01 06:20:00+00:00,15.4,77.0,3.5,4.0
2023-09-01 06:30:00+00:00,15.3,77.0,3.5,4.0
2023-09-01 06:40:00+00:00,15.3,77.0,3.5,4.0
2023-09-01 06:50:00+00:00,15.3,77.0,3.5,4.0
2023-09-01 07:00:00+00:00,15.3,77.0,3.5,4.0
2023-09-01 07:10:00+00:00,15.3,77.0,3.5,4.0
2023-09-01 07:20:00+00:00,15.3,77.0,3.5,4.0
2023-09-01 07:30:00+00:00,15.3,77.0,3.5,4.0
2023-09-01 07:40:00+00:00,15.3,77.0,3.5,4.0
2023-09-01 07:50:00+00:00,15.3,77.0,3.5,4.0
2023-09-01 08:00:00+00:00,15.3,77.0,3.5,4.0
2023-09-01 08:10:00+00:00,15.3,77.0,3.5,4.0
2023-09-01 08:20:00+00:00,15.3,77.0,3.5,4.0
2023-09-01 08:30:00+00:00,15.3,77.0,3.5,4.1
2023-09-01 08:40:00+00:00,15.3,77.0,3.5,4.0
2023-09-01 08:50:00+00:00,15.3,77.0,3.5,4.0
2023-09-01 09:00:00+00:00,15.3,77.0,3.5,4.0
2023-09-01 09:10:00+00:00,15.4,77.0,3.5,4.0
2023-09-01 09:20:00+00:00,15.4,77.0,3.5,6.1
2023-09-01 09:30:00+00:00,15.5,77.0,3.5,5.6
2023-09-01 09:40:00+00:00,15.5,77.0,3.5,5.449999999999999
2023-09-01 09:50:00+00:00,15.5,77.0,3.5,5.3
2023-09-01 10:00:00+00:00,15.5,77.0,3.5,5.6
2023-09-01 10:10:00+00:00,15.5,77.0,3.5,4.9
2023-09-01 10:20:00+00:00,15.5,77.0,3.5,5.7
2023-09-01 10:30:00+00:00,15.6,77.0,3.5,4.0
2023-09-01 10:40:00+00:00,15.6,77.0,3.5,4.1
2023-09-01 10:50:00+00:00,15.6,77.0,3.5,5.7
2023-09-01 11:00:00+00:00,15.6,79.0,3.5,5.7
2023-09-01 11:10:00+00:00,15.6,80.0,3.5,6.0
2023-09-01 11:20:00+00:00,15.6,80.0,3.5,4.0
2023-09-01 11:30:00+00:00,15.6,80.0,3.5,4.05
2023-09-01 11:40:00+00:00,15.6,80.0,3.5,4.1
2023-09-01 11:50:00+00:00,15.6,80.0,3.5,5.7
2023-09-01 12:00:00+00:00,15.7,81.0,3.5,4.3
2023-09-01 12:10:00+00:00,15.7,82.0,3.5,6.1
2023-09-01 12:20:00+00:00,15.7,81.0,3.5,6.1
2023-09-01 12:30:00+00:00,15.7,81.0,3.5,5.9
2023-09-01 12:40:00+00:00,15.8,81.0,3.5,5.6
2023-09-01 12:50:00+00:00,15.8,81.0,3.5,6.0
2023-09-01 13:00:00+00:00,15.8,80.0,3.5,5.4
2023-09-01 13:10:00+00:00,15.8,80.0,3.5,5.45
2023-09-01 13:20:00+00:00,15.8,80.0,3.5,5.5
2023-09-01 13:30:00+00:00,15.8,80.0,3.5,6.1
2023-09-01 13:40:00+00:00,15.8,80.0,3.5,5.3
2023-09-01 13:50:00+00:00,15.8,80.0,3.5,6.0
2023-09-01 14:00:00+00:00,15.9,80.0,3.5,5.9
2023-09-01 14:10:00+00:00,15.9,79.0,3.5,6.2
2023-09-01 14:20:00+00:00,15.9,79.0,3.5,5.9
2023-09-01 14:30:00+00:00,16.0,79.0,3.5,6.0
2023-09-01 14:40:00+00:00,16.0,79.0,3.5,5.8
2023-09-01 14:50:00+00:00,16.0,79.0,3.5,6.0
2023-09-01 15:00:00+00:00,16.0,79.0,3.5,5.95
2023-09-01 15:10:00+00:00,16.0,79.0,3.5,5.9
2023-09-01 15:20:00+00:00,16.0,79.0,3.5,6.1
2023-09-01 15:30:00+00:00,16.1,80.0,3.5,6.4
2023-09-01 15:40:00+00:00,16.1,79.0,3.4,6.3
2023-09-01 15:50:00+00:00,16.1,79.0,3.5,6.3
2023-09-01 16:00:00+00:00,16.1,79.0,3.4,6.2
2023-09-01 16:10:00+00:00,16.1,80.0,3.5,6.1
2023-09-01 16:20:00+00:00,16.2,79.0,3.4,5.3
2023-09-01 16:30:00+00:00,16.2,79.0,3.5,5.8
2023-09-01 16:40:00+00:00,16.3,79.0,3.5,4.2
2023-09-01 16:50:00+00:00,16.3,79.0,3.5,5.3
2023-09-01 17:00:00+00:00,16.3,79.0,3.5,5.7
2023-09-01 17:10:00+00:00,16.3,79.0,3.5,4.0
2023-09-01 17:20:00+00:00,16.3,79.0,3.5,3.9
2023-09-01 17:30:00+00:00,16.3,79.0,3.5,3.95
2023-09-01 17:40:00+00:00,16.3,79.0,3.5,4.0
2023-09-01 17:50:00+00:00,16.4,79.0,3.5,3.1
2023-09-01 18:00:00+00:00,16.3,79.0,3.5,1.8
2023-09-01 18:10:00+00:00,16.4,78.0,3.5,1.0
2023-09-01 18:20:00+00:00,16.4,79.0,3.5,0.7
2023-09-01 18:30:00+00:00,16.38,78.9,3.5,0.6699999999999999
2023-09-01 18:40:00+00:00,16.36,78.8,3.5,0.64
2023-09-01 18:50:00+00:00,16.34,78.7,3.5,0.61
2023-09-01 19:00:00+00:00,16.32,78.6,3.5,0.58
2023-09-01 19:10:00+00:00,16.299999999999997,78.5,3.5,0.55
2023-09-01 19:20:00+00:00,16.279999999999998,78.4,3.5,0.52
2023-09-01 19:30:00+00:00,16.259999999999998,78.3,3.5,0.49
2023-09-01 19:40:00+00:00,16.24,78.2,3.5,0.46
2023-09-01 19:50:00+00:00,16.22,78.1,3.5,0.43000000000000005
2023-09-01 20:00:00+00:00,16.2,78.0,3.5,0.4
2023-09-01 20:10:00+00:00,16.184615384615384,78.0,3.5,0.4153846153846154
2023-09-01 20:20:00+00:00,16.16923076923077,78.0,3.5,0.4307692307692308
2023-09-01 20:30:00+00:00,16.153846153846153,78.0,3.5,0.4461538461538462
2023-09-01 20:40:00+00:00,16.138461538461538,78.0,3.5,0.46153846153846156
2023-09-01 20:50:00+00:00,16.123076923076923,78.0,3.5,0.47692307692307695
2023-09-01 21:00:00+00:00,16.107692307692307,78.0,3.5,0.49230769230769234
2023-09-01 21:10:00+00:00,16.092307692307692,78.0,3.5,0.5076923076923077
2023-09-01 21:20:00+00:00,16.076923076923077,78.0,3.5,0.5230769230769231
2023-09-01 21:30:00+00:00,16.06153846153846,78.0,3.5,0.5384615384615384
2023-09-01 21:40:00+00:00,16.046153846153846,78.0,3.5,0.5538461538461539
2023-09-01 21:50:00+00:00,16.03076923076923,78.0,3.5,0.5692307692307692
2023-09-01 22:00:00+00:00,16.015384615384615,78.0,3.5,0.5846153846153845
2023-09-01 22:10:00+00:00,16.0,78.0,3.5,0.6
2023-09-01 22:20:00+00:00,15.97,78.0,3.5,0.6
2023-09-01 22:30:00+00:00,15.94,78.0,3.5,0.6
2023-09-01 22:40:00+00:00,15.91,78.0,3.5,0.6
2023-09-01 22:50:00+00:00,15.879999999999999,78.0,3.5,0.6
2023-09-01 23:00:00+00:00,15.85,78.0,3.5,0.6
2023-09-01 23:10:00+00:00,15.82,78.0,3.5,0.6
2023-09-01 23:20:00+00:00,15.79,78.0,3.5,0.6
2023-09-01 23:30:00+00:00,15.76,78.0,3.5,0.6
2023-09-01 23:40:00+00:00,15.729999999999999,78.0,3.5,0.6
2023-09-01 23:50:00+00:00,15.7,78.0,3.5,0.6
2023-09-02 00:00:00+00:00,15.67,77.9,3.5,0.6
2023-09-02 00:10:00+00:00,15.639999999999999,77.8,3.5,0.6
2023-09-02 00:20:00+00:00,15.61,77.7,3.5,0.6
2023-09-02 00:30:00+00:00,15.58,77.6,3.5,0.6
2023-09-02 00:40:00+00:00,15.55,77.5,3.5,0.6
2023-09-02 00:50:00+00:00,15.52,77.4,3.5,0.6
2023-09-02 01:00:00+00:00,15.49,77.3,3.5,0.6
2023-09-02 01:10:00+00:00,15.46,77.2,3.5,0.6
2023-09-02 01:20:00+00:00,15.43,77.1,3.5,0.6
2023-09-02 01:30:00+00:00,15.4,77.0,3.5,0.6
2023-09-02 01:40:00+00:00,15.370000000000001,77.0,3.5,0.58
2023-09-02 01:50:00+00:00,15.34,77.0,3.5,0.5599999999999999
2023-09-02 02:00:00+00:00,15.31,77.0,3.5,0.54
2023-09-02 02:10:00+00:00,15.28,77.0,3.5,0.52
2023-09-02 02:20:00+00:00,15.25,77.0,3.5,0.5
2023-09-02 02:30:00+00:00,15.22,77.0,3.5,0.48
2023-09-02 02:40:00+00:00,15.19,77.0,3.5,0.45999999999999996
2023-09-02 02:50:00+00:00,15.16,77.0,3.5,0.44
2023-09-02 03:00:00+00:00,15.129999999999999,77.0,3.5,0.42000000000000004
2023-09-02 03:10:00+00:00,15.1,77.0,3.5,0.4
2023-09-02 03:20:00+00:00,15.08,77.0,3.51,0.76
2023-09-02 03:30:00+00:00,15.06,77.0,3.52,1.12
2023-09-02 03:40:00+00:00,15.04,77.0,3.5300000000000002,1.48
2023-09-02 03:50:00+00:00,15.02,77.0,3.54,1.8399999999999999
2023-09-02 04:00:00+00:00,15.0,77.0,3.55,2.1999999999999997
2023-09-02 04:10:00+00:00,14.98,77.0,3.56,2.56
2023-09-02 04:20:00+00:00,14.96,77.0,3.5700000000000003,2.92
2023-09-02 04:30:00+00:00,14.94,77.0,3.58,3.28
2023-09-02 04:40:00+00:00,14.92,77.0,3.59,3.6399999999999997
2023-09-02 04:50:00+00:00,14.9,77.0,3.6,4.0
2023-09-02 05:00:00+00:00,14.8,77.0,3.5,4.0
2023-09-02 05:10:00+00:00,14.8,77.0,3.5,4.0
2023-09-02 05:20:00+00:00,14.8,77.0,3.5,4.0
2023-09-02 05:30:00+00:00,14.8,77.0,3.5,4.0
2023-09-02 05:40:00+00:00,14.8,77.0,3.5,4.0
2023-09-02 05:50:00+00:00,14.8,77.0,3.5,3.8
2023-09-02 06:00:00+00:00,14.8,77.0,3.5,3.9
2023-09-02 06:10:00+00:00,14.8,77.0,3.5,4.0
2023-09-02 06:20:00+00:00,14.8,77.0,3.5,4.0
2023-09-02 06:30:00+00:00,14.8,77.0,3.5,4.0
2023-09-02 06:40:00+00:00,14.8,77.0,3.5,4.0
2023-09-02 06:50:00+00:00,14.7,77.0,3.5,4.0
2023-09-02 07:00:00+00:00,14.7,77.0,3.5,4.0
2023-09-02 07:10:00+00:00,14.7,77.0,3.5,4.0
2023-09-02 07:20:00+00:00,14.7,77.0,3.5,4.0
2023-09-02 07:30:00+00:00,14.7,77.0,3.5,4.0
2023-09-02 07:40:00+00:00,14.7,77.0,3.4,4.0
2023-09-02 07:50:00+00:00,14.7,77.0,3.45,4.0
2023-09-02 08:00:00+00:00,14.7,77.0,3.5,4.0
2023-09-02 08:10:00+00:00,14.8,77.0,3.4,4.0
2023-09-02 08:20:00+00:00,14.8,77.0,3.4,4.0
2023-09-02 08:30:00+00:00,14.8,77.0,3.4,5.4
2023-09-02 08:40:00+00:00,14.8,77.0,3.4,6.0
2023-09-02 08:50:00+00:00,14.8,77.0,3.4,6.1
2023-09-02 09:00:00+00:00,14.9,77.0,3.4,6.1
2023-09-02 09:10:00+00:00,15.0,78.0,3.4,6.1
2023-09-02 09:20:00+00:00,15.0,77.0,3.4,6.2
2023-09-02 09:30:00+00:00,15.1,77.0,3.3,6.2
2023-09-02 09:40:00+00:00,15.1,77.0,3.3499999999999996,6.2
2023-09-02 09:50:00+00:00,15.1,77.0,3.4,6.2
2023-09-02 10:00:00+00:00,15.3,77.0,3.4,6.2
2023-09-02 10:10:00+00:00,15.3,77.0,3.4,6.1
2023-09-02 10:20:00+00:00,15.4,77.0,3.3,6.1
2023-09-02 10:30:00+00:00,15.5,77.0,3.3,6.1
2023-09-02 10:40:00+00:00,15.6,77.0,3.3,5.5
2023-09-02 10:50:00+00:00,15.7,77.0,3.3,6.2
2023-09-02 11:00:00+00:00,15.8,77.0,3.3,6.3
2023-09-02 11:10:00+00:00,16.0,77.0,3.2,5.4
2023-09-02 11:20:00+00:00,16.1,77.0,3.2,6.1
2023-09-02 11:30:00+00:00,16.15,77.0,3.25,6.05
2023-09-02 11:40:00+00:00,16.2,77.0,3.3,6.0
2023-09-02 11:50:00+00:00,16.3,77.0,3.2,6.0
2023-09-02 12:00:00+00:00,16.4,77.0,3.2,5.9
2023-09-02 12:10:00+00:00,16.5,77.0,3.1,5.9
2023-09-02 12:20:00+00:00,16.6,76.0,3.2,6.0
2023-09-02 12:30:00+00:00,16.8,77.0,3.2,6.0
2023-09-02 12:40:00+00:00,16.9,76.0,3.2,5.8
2023-09-02 12:50:00+00:00,17.1,76.0,3.2,5.9
2023-09-02 13:00:00+00:00,17.2,76.0,3.1,5.8
2023-09-02 13:10:00+00:00,17.3,76.0,3.1,6.0
2023-09-02 13:20:00+00:00,17.4,76.0,3.1500000000000004,6.0
2023-09-02 13:30:00+00:00,17.5,76.0,3.2,6.0
2023-09-02 13:40:00+00:00,17.6,76.0,3.2,6.0
2023-09-02 13:50:00+00:00,17.8,76.0,3.3,6.1
2023-09-02 14:00:00+00:00,17.9,76.0,3.2,5.9
2023-09-02 14:10:00+00:00,18.0,76.0,3.4,5.9
2023-09-02 14:20:00+00:00,18.1,75.0,3.5,6.0
2023-09-02 14:30:00+00:00,18.3,76.0,3.4,5.7
2023-09-02 14:40:00+00:00,18.4,76.0,3.4,6.1
2023-09-02 14:50:00+00:00,18.5,76.0,3.2,5.6
2023-09-02 15:00:00+00:00,18.6,75.0,3.3,6.0
2023-09-02 15:10:00+00:00,18.700000000000003,75.0,3.3,5.7
2023-09-02 15:20:00+00:00,18.8,75.0,3.3,5.4
2023-09-02 15:30:00+00:00,18.8,75.0,3.3,6.1
2023-09-02 15:40:00+00:00,19.0,75.0,3.4,6.0
2023-09-02 15:50:00+00:00,19.0,75.0,3.4,5.8
2023-09-02 16:00:00+00:00,19.1,75.0,3.4,4.2
2023-09-02 16:10:00+00:00,19.2,75.0,3.4,4.7
2023-09-02 16:20:00+00:00,19.2,74.0,3.4,5.8
2023-09-02 16:30:00+00:00,19.3,74.0,3.4,5.7
2023-09-02 16:40:00+00:00,19.3,74.0,3.5,5.5
2023-09-02 16:50:00+00:00,19.3,74.0,3.4,5.6
2023-09-02 17:00:00+00:00,19.3,74.0,3.4,5.4
2023-09-02 17:10:00+00:00,19.3,74.0,3.4,5.2
2023-09-02 17:20:00+00:00,19.3,74.0,3.4,4.0
2023-09-02 17:30:00+00:00,19.3,74.0,3.4,4.1
2023-09-02 17:40:00+00:00,19.3,74.0,3.5,3.4
2023-09-02 17:50:00+00:00,19.3,74.0,3.5,2.1
2023-09-02 18:00:00+00:00,19.3,74.0,3.5,1.1
2023-09-02 18:10:00+00:00,19.3,74.0,3.5,0.7
2023-09-02 18:20:00+00:00,19.25,73.9,3.5,0.69
2023-09-02 18:30:00+00:00,19.2,73.8,3.5,0.6799999999999999
2023-09-02 18:40:00+00:00,19.150000000000002,73.7,3.5,0.6699999999999999
2023-09-02 18:50:00+00:00,19.1,73.6,3.5,0.6599999999999999
2023-09-02 19:00:00+00:00,19.05,73.5,3.5,0.6499999999999999
2023-09-02 19:10:00+00:00,19.0,73.4,3.5,0.64
2023-09-02 19:20:00+00:00,18.95,73.3,3.5,0.63
2023-09-02 19:30:00+00:00,18.900000000000002,73.2,3.5,0.62
2023-09-02 19:40:00+00:00,18.85,73.1,3.5,0.61
2023-09-02 19:50:00+00:00,18.8,73.0,3.5,0.6
2023-09-02 20:00:00+00:00,18.75,73.0,3.5,0.58
2023-09-02 20:10:00+00:00,18.7,73.0,3.5,0.5599999999999999
2023-09-02 20:20:00+00:00,18.650000000000002,73.0,3.5,0.54
2023-09-02 20:30:00+00:00,18.6,73.0,3.5,0.52
2023-09-02 20:40:00+00:00,18.55,73.0,3.5,0.5
2023-09-02 20:50:00+00:00,18.5,73.0,3.5,0.48
2023-09-02 21:00:00+00:00,18.45,73.0,3.5,0.45999999999999996
2023-09-02 21:10:00+00:00,18.400000000000002,73.0,3.5,0.44
2023-09-02 21:20:00+00:00,18.35,73.0,3.5,0.42000000000000004
2023-09-02 21:30:00+00:00,18.3,73.0,3.5,0.4
2023-09-02 21:40:00+00:00,18.23,72.9,3.5,0.42000000000000004
2023-09-02 21:50:00+00:00,18.16,72.8,3.5,0.44
2023-09-02 22:00:00+00:00,18.09,72.7,3.5,0.46
2023-09-02 22:10:00+00:00,18.02,72.6,3.5,0.48
2023-09-02 22:20:00+00:00,17.950000000000003,72.5,3.5,0.5
2023-09-02 22:30:00+00:00,17.880000000000003,72.4,3.5,0.52
2023-09-02 22:40:00+00:00,17.810000000000002,72.3,3.5,0.54
2023-09-02 22:50:00+00:00,17.740000000000002,72.2,3.5,0.56
2023-09-02 23:00:00+00:00,17.67,72.1,3.5,0.58
2023-09-02 23:10:00+00:00,17.6,72.0,3.5,0.6
2023-09-02 23:20:00+00:00,17.564285714285717,72.0,3.507142857142857,0.6
2023-09-02 23:30:00+00:00,17.52857142857143,72.0,3.5142857142857142,0.6
2023-09-02 23:40:00+00:00,17.492857142857144,72.0,3.5214285714285714,0.6
2023-09-02 23:50:00+00:00,17.45714285714286,72.0,3.5285714285714285,0.6
2023-09-03 00:00:00+00:00,17.421428571428574,72.0,3.5357142857142856,0.6
2023-09-03 00:10:00+00:00,17.385714285714286,72.0,3.5428571428571427,0.6
2023-09-03 00:20:00+00:00,17.35,72.0,3.55,0.6
2023-09-03 00:30:00+00:00,17.314285714285717,72.0,3.5571428571428574,0.6
2023-09-03 00:40:00+00:00,17.27857142857143,72.0,3.5642857142857145,0.6
2023-09-03 00:50:00+00:00,17.242857142857144,72.0,3.5714285714285716,0.6
2023-09-03 01:00:00+00:00,17.20714285714286,72.0,3.5785714285714287,0.6
2023-09-03 01:10:00+00:00,17.171428571428574,72.0,3.585714285714286,0.6
2023-09-03 01:20:00+00:00,17.135714285714286,72.0,3.592857142857143,0.6
2023-09-03 01:30:00+00:00,17.1,72.0,3.6,0.6
2023-09-03 01:40:00+00:00,17.05,71.9,3.6,0.6
2023-09-03 01:50:00+00:00,17.0,71.8,3.6,0.6
2023-09-03 02:00:00+00:00,16.950000000000003,71.7,3.6,0.6
2023-09-03 02:10:00+00:00,16.900000000000002,71.6,3.6,0.6
2023-09-03 02:20:00+00:00,16.85,71.5,3.6,0.6
2023-09-03 02:30:00+00:00,16.8,71.4,3.6,0.6
2023-09-03 02:40:00+00:00,16.75,71.3,3.6,0.6
2023-09-03 02:50:00+00:00,16.700000000000003,71.2,3.6,0.6
2023-09-03 03:00:00+00:00,16.650000000000002,71.1,3.6,0.6
2023-09-03 03:10:00+00:00,16.6,71.0,3.6,0.6
2023-09-03 03:20:00+00:00,16.545,71.05,3.595,0.94
2023-09-03 03:30:00+00:00,16.490000000000002,71.1,3.59,1.2799999999999998
2023-09-03 03:40:00+00:00,16.435000000000002,71.15,3.585,1.62
2023-09-03 03:50:00+00:00,16.380000000000003,71.2,3.58,1.96
2023-09-03 04:00:00+00:00,16.325000000000003,71.25,3.575,2.3
2023-09-03 04:10:00+00:00,16.27,71.3,3.57,2.64
2023-09-03 04:20:00+00:00,16.215,71.35,3.565,2.98
2023-09-03 04:30:00+00:00,16.16,71.4,3.56,3.32
2023-09-03 04:40:00+00:00,16.105,71.45,3.5549999999999997,3.6599999999999997
2023-09-03 04:50:00+00:00,16.05,71.5,3.55,4.0
2023-09-03 05:00:00+00:00,16.0,71.0,3.5,4.0
2023-09-03 05:10:00+00:00,16.0,71.0,3.6,4.0
2023-09-03 05:20:00+00:00,15.9,71.0,3.5,4.0
2023-09-03 05:30:00+00:00,15.850000000000001,71.0,3.5,4.0
2023-09-03 05:40:00+00:00,15.8,71.0,3.5,4.0
2023-09-03 05:50:00+00:00,15.8,71.0,3.5,4.0
2023-09-03 06:00:00+00:00,15.8,71.0,3.5,4.0
2023-09-03 06:10:00+00:00,15.8,71.0,3.5,4.0
2023-09-03 06:20:00+00:00,15.7,71.0,3.5,4.0
2023-09-03 06:30:00+00:00,15.7,71.0,3.5,4.0
2023-09-03 06:40:00+00:00,15.7,71.0,3.5,4.0
2023-09-03 06:50:00+00:00,15.6,72.0,3.5,4.0
2023-09-03 07:00:00+00:00,15.6,72.0,3.5,4.0
2023-09-03 07:10:00+00:00,15.6,71.0,3.5,4.0
2023-09-03 07:20:00+00:00,15.6,71.0,3.5,4.0
2023-09-03 07:30:00+00:00,15.6,71.0,3.5,4.0
2023-09-03 07:40:00+00:00,15.6,72.0,3.4,4.0
2023-09-03 07:50:00+00:00,15.6,72.0,3.4,4.0
2023-09-03 08:00:00+00:00,15.6,72.0,3.4,4.0
2023-09-03 08:10:00+00:00,15.6,72.0,3.4,4.0
2023-09-03 08:20:00+00:00,15.6,72.0,3.4,4.0
2023-09-03 08:30:00+00:00,15.7,72.0,3.5,4.0
2023-09-03 08:40:00+00:00,15.7,72.0,3.4,4.0
2023-09-03 08:50:00+00:00,15.7,72.0,3.4,5.7
2023-09-03 09:00:00+00:00,15.7,71.0,3.4,6.0
2023-09-03 09:10:00+00:00,15.75,71.5,3.3499999999999996,6.0
2023-09-03 09:20:00+00:00,15.8,72.0,3.3,6.0
2023-09-03 09:30:00+00:00,15.8,72.0,3.3,6.0
2023-09-03 09:40:00+00:00,15.9,72.0,3.3,6.4
2023-09-03 09:50:00+00:00,15.9,72.0,3.3,5.8
2023-09-03 10:00:00+00:00,16.0,72.0,3.3,5.7
2023-09-03 10:10:00+00:00,16.0,72.0,3.3,5.9
2023-09-03 10:20:00+00:00,16.1,72.0,3.2,6.1
2023-09-03 10:30:00+00:00,16.2,72.0,3.3,6.1
2023-09-03 10:40:00+00:00,16.3,72.0,3.3,5.7
2023-09-03 10:50:00+00:00,16.4,72.0,3.3,5.8
2023-09-03 11:00:00+00:00,16.45,72.0,3.3499999999999996,5.699999999999999
2023-09-03 11:10:00+00:00,16.5,72.0,3.4,5.6
2023-09-03 11:20:00+00:00,16.6,72.0,3.5,6.0
2023-09-03 11:30:00+00:00,16.8,72.0,3.4,6.0
2023-09-03 11:40:00+00:00,16.8,72.0,3.5,5.8
2023-09-03 11:50:00+00:00,17.0,72.0,3.5,5.9
2023-09-03 12:00:00+00:00,17.1,71.0,3.4,5.9
2023-09-03 12:10:00+00:00,17.1,71.0,3.5,5.9
2023-09-03 12:20:00+00:00,17.3,71.0,3.4,6.0
2023-09-03 12:30:00+00:00,17.3,71.0,3.3,6.1
2023-09-03 12:40:00+00:00,17.5,71.0,3.3,5.9
2023-09-03 12:50:00+00:00,17.5,71.0,3.3,5.95
2023-09-03 13:00:00+00:00,17.5,71.0,3.3,6.0
2023-09-03 13:10:00+00:00,17.6,70.0,3.3,5.9
2023-09-03 13:20:00+00:00,17.7,71.0,3.3,5.8
2023-09-03 13:30:00+00:00,17.8,70.0,3.3,6.2
2023-09-03 13:40:00+00:00,17.9,70.0,3.2,5.8
2023-09-03 13:50:00+00:00,18.0,70.0,3.6,5.9
2023-09-03 14:00:00+00:00,18.1,70.0,3.5,5.8
2023-09-03 14:10:00+00:00,18.1,71.0,3.3,5.8
2023-09-03 14:20:00+00:00,18.3,70.0,3.3,5.8
2023-09-03 14:30:00+00:00,18.3,70.0,3.3,5.8
2023-09-03 14:40:00+00:00,18.4,70.0,3.3499999999999996,5.35
2023-09-03 14:50:00+00:00,18.5,70.0,3.4,4.9
2023-09-03 15:00:00+00:00,18.5,70.0,3.4,5.4
2023-09-03 15:10:00+00:00,18.6,70.0,3.4,4.1
2023-09-03 15:20:00+00:00,18.7,70.0,3.4,5.8
2023-09-03 15:30:00+00:00,18.8,70.0,3.4,5.9
2023-09-03 15:40:00+00:00,18.8,70.0,3.4,5.8
2023-09-03 15:50:00+00:00,18.8,69.0,3.4,5.7
2023-09-03 16:00:00+00:00,18.9,69.0,3.4,5.7
2023-09-03 16:10:00+00:00,19.0,69.0,3.4,4.3
2023-09-03 16:20:00+00:00,19.0,69.0,3.4,5.2
2023-09-03 16:30:00+00:00,19.0,69.0,3.4,5.35
2023-09-03 16:40:00+00:00,19.0,69.0,3.4,5.5
2023-09-03 16:50:00+00:00,19.0,69.0,3.5,4.7
2023-09-03 17:00:00+00:00,19.0,69.0,3.5,4.1
2023-09-03 17:10:00+00:00,19.0,69.0,3.5,4.0
2023-09-03 17:20:00+00:00,19.0,69.0,3.5,3.8
2023-09-03 17:30:00+00:00,18.9,69.0,3.5,3.1
2023-09-03 17:40:00+00:00,18.9,68.0,3.5,2.3
2023-09-03 17:50:00+00:00,18.8,68.0,3.5,1.3
2023-09-03 18:00:00+00:00,18.8,68.0,3.5,0.8
2023-09-03 18:10:00+00:00,18.77,68.0,3.5,0.78
2023-09-03 18:20:00+00:00,18.740000000000002,68.0,3.5,0.76
2023-09-03 18:30:00+00:00,18.71,68.0,3.5,0.74
2023-09-03 18:40:00+00:00,18.68,68.0,3.5,0.72
2023-09-03 18:50:00+00:00,18.65,68.0,3.5,0.7
2023-09-03 19:00:00+00:00,18.62,68.0,3.5,0.6799999999999999
2023-09-03 19:10:00+00:00,18.59,68.0,3.5,0.66
2023-09-03 19:20:00+00:00,18.56,68.0,3.5,0.64
2023-09-03 19:30:00+00:00,18.53,68.0,3.5,0.62
2023-09-03 19:40:00+00:00,18.5,68.0,3.5,0.6
2023-09-03 19:50:00+00:00,18.464285714285715,67.92857142857143,3.5,0.6
2023-09-03 20:00:00+00:00,18.428571428571427,67.85714285714286,3.5,0.6
2023-09-03 20:10:00+00:00,18.392857142857142,67.78571428571429,3.5,0.6
2023-09-03 20:20:00+00:00,18.357142857142858,67.71428571428571,3.5,0.6
2023-09-03 20:30:00+00:00,18.321428571428573,67.64285714285714,3.5,0.6
2023-09-03 20:40:00+00:00,18.285714285714285,67.57142857142857,3.5,0.6
2023-09-03 20:50:00+00:00,18.25,67.5,3.5,0.6
2023-09-03 21:00:00+00:00,18.214285714285715,67.42857142857143,3.5,0.6
2023-09-03 21:10:00+00:00,18.178571428571427,67.35714285714286,3.5,0.6
2023-09-03 21:20:00+00:00,18.142857142857142,67.28571428571429,3.5,0.6
2023-09-03 21:30:00+00:00,18.107142857142858,67.21428571428571,3.5,0.6
2023-09-03 21:40:00+00:00,18.071428571428573,67.14285714285714,3.5,0.6
2023-09-03 21:50:00+00:00,18.035714285714285,67.07142857142857,3.5,0.6
2023-09-03 22:00:00+00:00,18.0,67.0,3.5,0.6
2023-09-03 22:10:00+00:00,17.96,67.0,3.5,0.6
2023-09-03 22:20:00+00:00,17.92,67.0,3.5,0.6
2023-09-03 22:30:00+00:00,17.88,67.0,3.5,0.6
2023-09-03 22:40:00+00:00,17.84,67.0,3.5,0.6
2023-09-03 22:50:00+00:00,17.8,67.0,3.5,0.6
2023-09-03 23:00:00+00:00,17.76,67.0,3.5,0.6
2023-09-03 23:10:00+00:00,17.720000000000002,67.0,3.5,0.6
2023-09-03 23:20:00+00:00,17.68,67.0,3.5,0.6
2023-09-03 23:30:00+00:00,17.64,67.0,3.5,0.6
2023-09-03 23:40:00+00:00,17.6,67.0,3.5,0.6
2023-09-03 23:50:00+00:00,17.57,66.9,3.5,0.6
2023-09-04 00:00:00+00:00,17.540000000000003,66.8,3.5,0.6
2023-09-04 00:10:00+00:00,17.51,66.7,3.5,0.6
2023-09-04 00:20:00+00:00,17.48,66.6,3.5,0.6
2023-09-04 00:30:00+00:00,17.450000000000003,66.5,3.5,0.6
2023-09-04 00:40:00+00:00,17.42,66.4,3.5,0.6
2023-09-04 00:50:00+00:00,17.39,66.3,3.5,0.6
2023-09-04 01:00:00+00:00,17.36,66.2,3.5,0.6
2023-09-04 01:10:00+00:00,17.330000000000002,66.1,3.5,0.6
2023-09-04 01:20:00+00:00,17.3,66.0,3.5,0.6
2023-09-04 01:30:00+00:00,17.27,66.1,3.5,0.6
2023-09-04 01:40:00+00:00,17.240000000000002,66.2,3.5,0.6
2023-09-04 01:50:00+00:00,17.21,66.3,3.5,0.6
2023-09-04 02:00:00+00:00,17.18,66.4,3.5,0.6
2023-09-04 02:10:00+00:00,17.15,66.5,3.5,0.6
2023-09-04 02:20:00+00:00,17.12,66.6,3.5,0.6
2023-09-04 02:30:00+00:00,17.09,66.7,3.5,0.6
2023-09-04 02:40:00+00:00,17.06,66.8,3.5,0.6
2023-09-04 02:50:00+00:00,17.03,66.9,3.5,0.6
2023-09-04 03:00:00+00:00,17.0,67.0,3.5,0.6
2023-09-04 03:10:00+00:00,16.965,66.9,3.5,0.94
2023-09-04 03:20:00+00:00,16.93,66.8,3.5,1.2799999999999998
2023-09-04 03:30:00+00:00,16.895,66.7,3.5,1.62
2023-09-04 03:40:00+00:00,16.86,66.6,3.5,1.96
2023-09-04 03:50:00+00:00,16.825,66.5,3.5,2.3
2023-09-04 04:00:00+00:00,16.79,66.4,3.5,2.64
2023-09-04 04:10:00+00:00,16.755,66.3,3.5,2.98
2023-09-04 04:20:00+00:00,16.72,66.2,3.5,3.32
2023-09-04 04:30:00+00:00,16.685,66.1,3.5,3.6599999999999997
2023-09-04 04:40:00+00:00,16.65,66.0,3.5,4.0
2023-09-04 04:50:00+00:00,16.6,66.0,3.5,4.0
2023-09-04 05:00:00+00:00,16.6,66.0,3.5,4.0
2023-09-04 05:10:00+00:00,16.55,66.0,3.5,4.0
2023-09-04 05:20:00+00:00,16.5,66.0,3.5,4.0
2023-09-04 05:30:00+00:00,16.5,66.0,3.5,4.0
2023-09-04 05:40:00+00:00,16.5,66.0,3.5,4.0
2023-09-04 05:50:00+00:00,16.5,66.0,3.5,4.0
2023-09-04 06:00:00+00:00,16.5,66.0,3.5,4.0
2023-09-04 06:10:00+00:00,16.5,66.0,3.5,4.0
2023-09-04 06:20:00+00:00,16.5,66.0,3.5,4.0
2023-09-04 06:30:00+00:00,16.5,66.0,3.5,3.8
2023-09-04 06:40:00+00:00,16.4,66.0,3.5,4.0
2023-09-04 06:50:00+00:00,16.4,66.0,3.5,4.0
2023-09-04 07:00:00+00:00,16.4,66.0,3.5,4.0
2023-09-04 07:10:00+00:00,16.4,66.0,3.5,4.0
2023-09-04 07:20:00+00:00,16.4,66.0,3.4,4.0
2023-09-04 07:30:00+00:00,16.4,66.0,3.4,4.0
2023-09-04 07:40:00+00:00,16.4,66.0,3.4,4.0
2023-09-04 07:50:00+00:00,16.5,66.0,3.4,4.0
2023-09-04 08:00:00+00:00,16.5,67.0,3.4,4.0
2023-09-04 08:10:00+00:00,16.5,66.0,3.4,4.0
2023-09-04 08:20:00+00:00,16.5,66.0,3.4,4.0
2023-09-04 08:30:00+00:00,16.5,66.0,3.4,3.8
2023-09-04 08:40:00+00:00,16.55,66.0,3.4,3.9
2023-09-04 08:50:00+00:00,16.6,66.0,3.4,4.0
2023-09-04 09:00:00+00:00,16.6,66.0,3.4,4.0
2023-09-04 09:10:00+00:00,16.6,66.0,3.4,4.0
2023-09-04 09:20:00+00:00,16.6,66.0,3.4,4.0
2023-09-04 09:30:00+00:00,16.7,66.0,3.4,4.0
2023-09-04 09:40:00+00:00,16.7,66.0,3.4,6.1
2023-09-04 09:50:00+00:00,16.8,66.0,3.3,6.1
2023-09-04 10:00:00+00:00,16.8,66.0,3.4,6.1
2023-09-04 10:10:00+00:00,16.8,66.0,3.5,6.1
2023-09-04 10:20:00+00:00,16.9,66.0,3.4,6.1
2023-09-04 10:30:00+00:00,16.95,66.0,3.45,6.1
2023-09-04 10:40:00+00:00,17.0,66.0,3.5,6.1
2023-09-04 10:50:00+00:00,17.0,66.0,3.5,6.1
2023-09-04 11:00:00+00:00,17.1,66.0,3.5,6.1
2023-09-04 11:10:00+00:00,17.2,66.0,3.5,6.1
2023-09-04 11:20:00+00:00,17.3,66.0,3.5,5.9
2023-09-04 11:30:00+00:00,17.5,66.0,3.3,4.5
2023-09-04 11:40:00+00:00,17.6,66.0,3.4,5.8
2023-09-04 11:50:00+00:00,17.7,66.0,3.4,6.1
2023-09-04 12:00:00+00:00,17.8,65.0,3.4,6.0
2023-09-04 12:10:00+00:00,18.0,65.0,3.4,4.9
2023-09-04 12:20:00+00:00,18.05,65.0,3.4,4.550000000000001
2023-09-04 12:30:00+00:00,18.1,65.0,3.4,4.2
2023-09-04 12:40:00+00:00,18.2,65.0,3.4,5.6
2023-09-04 12:50:00+00:00,18.3,64.0,3.4,5.7
2023-09-04 13:00:00+00:00,18.4,64.0,3.4,5.8
2023-09-04 13:10:00+00:00,18.5,63.0,3.5,5.9
2023-09-04 13:20:00+00:00,18.5,63.0,3.4,5.6
2023-09-04 13:30:00+00:00,18.6,63.0,3.4,5.8
2023-09-04 13:40:00+00:00,18.6,62.0,3.5,5.7
2023-09-04 13:50:00+00:00,18.7,62.0,3.4,4.9
2023-09-04 14:00:00+00:00,18.8,62.0,3.4,5.5
2023-09-04 14:10:00+00:00,18.8,62.0,3.4,4.75
2023-09-04 14:20:00+00:00,18.8,62.0,3.4,4.0
2023-09-04 14:30:00+00:00,18.8,61.0,3.4,4.3
2023-09-04 14:40:00+00:00,18.9,61.0,3.4,5.5
2023-09-04 14:50:00+00:00,19.0,61.0,3.4,5.6
2023-09-04 15:00:00+00:00,19.0,61.0,3.4,5.7
2023-09-04 15:10:00+00:00,19.0,60.0,3.4,5.4
2023-09-04 15:20:00+00:00,19.1,60.0,3.4,5.5
2023-09-04 15:30:00+00:00,19.1,60.0,3.4,4.4
2023-09-04 15:40:00+00:00,19.1,59.0,3.4,5.9
2023-09-04 15:50:00+00:00,19.1,59.0,3.4,5.7
2023-09-04 16:00:00+00:00,19.1,59.0,3.4,5.0
2023-09-04 16:10:00+00:00,19.1,59.0,3.4,4.3
2023-09-04 16:20:00+00:00,19.1,59.0,3.4,5.6
2023-09-04 16:30:00+00:00,19.2,59.0,3.4,4.1
2023-09-04 16:40:00+00:00,19.2,59.0,3.4,4.6
2023-09-04 16:50:00+00:00,19.2,58.0,3.4,4.2
2023-09-04 17:00:00+00:00,19.2,58.0,3.4,4.4
2023-09-04 17:10:00+00:00,19.2,58.0,3.4,4.3
2023-09-04 17:20:00+00:00,19.2,58.0,3.4,4.0
2023-09-04 17:30:00+00:00,19.2,58.0,3.4,3.1
2023-09-04 17:40:00+00:00,19.2,58.0,3.4,2.2
2023-09-04 17:50:00+00:00,19.2,58.0,3.4,1.75
2023-09-04 18:00:00+00:00,19.2,58.0,3.4,1.3
2023-09-04 18:10:00+00:00,19.1,57.0,3.4,0.8
2023-09-04 18:20:00+00:00,19.09,57.0,3.41,0.78
2023-09-04 18:30:00+00:00,19.080000000000002,57.0,3.42,0.76
2023-09-04 18:40:00+00:00,19.07,57.0,3.4299999999999997,0.74
2023-09-04 18:50:00+00:00,19.060000000000002,57.0,3.44,0.72
2023-09-04 19:00:00+00:00,19.05,57.0,3.45,0.7
2023-09-04 19:10:00+00:00,19.04,57.0,3.46,0.6799999999999999
2023-09-04 19:20:00+00:00,19.03,57.0,3.4699999999999998,0.66
2023-09-04 19:30:00+00:00,19.02,57.0,3.48,0.64
2023-09-04 19:40:00+00:00,19.01,57.0,3.49,0.62
2023-09-04 19:50:00+00:00,19.0,57.0,3.5,0.6
2023-09-04 20:00:00+00:00,18.96923076923077,56.92307692307692,3.5,0.6
2023-09-04 20:10:00+00:00,18.93846153846154,56.84615384615385,3.5,0.6
2023-09-04 20:20:00+00:00,18.907692307692308,56.76923076923077,3.5,0.6
2023-09-04 20:30:00+00:00,18.876923076923077,56.69230769230769,3.5,0.6
2023-09-04 20:40:00+00:00,18.846153846153847,56.61538461538461,3.5,0.6
2023-09-04 20:50:00+00:00,18.815384615384616,56.53846153846154,3.5,0.6
2023-09-04 21:00:00+00:00,18.784615384615385,56.46153846153846,3.5,0.6
2023-09-04 21:10:00+00:00,18.753846153846155,56.38461538461539,3.5,0.6
2023-09-04 21:20:00+00:00,18.723076923076924,56.30769230769231,3.5,0.6
2023-09-04 21:30:00+00:00,18.692307692307693,56.23076923076923,3.5,0.6
2023-09-04 21:40:00+00:00,18.661538461538463,56.15384615384615,3.5,0.6
2023-09-04 21:50:00+00:00,18.630769230769232,56.07692307692308,3.5,0.6
2023-09-04 22:00:00+00:00,18.6,56.0,3.5,0.6
2023-09-04 22:10:00+00:00,18.57,55.9,3.5,0.6
2023-09-04 22:20:00+00:00,18.540000000000003,55.8,3.5,0.6
2023-09-04 22:30:00+00:00,18.51,55.7,3.5,0.6
2023-09-04 22:40:00+00:00,18.48,55.6,3.5,0.6
2023-09-04 22:50:00+00:00,18.450000000000003,55.5,3.5,0.6
2023-09-04 23:00:00+00:00,18.42,55.4,3.5,0.6
2023-09-04 23:10:00+00:00,18.39,55.3,3.5,0.6
2023-09-04 23:20:00+00:00,18.36,55.2,3.5,0.6
2023-09-04 23:30:00+00:00,18.330000000000002,55.1,3.5,0.6
2023-09-04 23:40:00+00:00,18.3,55.0,3.5,0.6
2023-09-04 23:50:00+00:00,18.26,54.9,3.5,0.6
2023-09-05 00:00:00+00:00,18.22,54.8,3.5,0.6
2023-09-05 00:10:00+00:00,18.18,54.7,3.5,0.6
2023-09-05 00:20:00+00:00,18.14,54.6,3.5,0.6
2023-09-05 00:30:00+00:00,18.1,54.5,3.5,0.6
2023-09-05 00:40:00+00:00,18.06,54.4,3.5,0.6
2023-09-05 00:50:00+00:00,18.02,54.3,3.5,0.6
2023-09-05 01:00:00+00:00,17.98,54.2,3.5,0.6
2023-09-05 01:10:00+00:00,17.939999999999998,54.1,3.5,0.6
2023-09-05 01:20:00+00:00,17.9,54.0,3.5,0.6
2023-09-05 01:30:00+00:00,17.86,54.0,3.5,0.6
2023-09-05 01:40:00+00:00,17.82,54.0,3.5,0.6
2023-09-05 01:50:00+00:00,17.779999999999998,54.0,3.5,0.6
2023-09-05 02:00:00+00:00,17.74,54.0,3.5,0.6
2023-09-05 02:10:00+00:00,17.7,54.0,3.5,0.6
2023-09-05 02:20:00+00:00,17.66,54.0,3.5,0.6
2023-09-05 02:30:00+00:00,17.62,54.0,3.5,0.6
2023-09-05 02:40:00+00:00,17.58,54.0,3.5,0.6
2023-09-05 02:50:00+00:00,17.54,54.0,3.5,0.6
2023-09-05 03:00:00+00:00,17.5,54.0,3.5,0.6
2023-09-05 03:10:00+00:00,17.46,54.1,3.5,0.94
2023-09-05 03:20:00+00:00,17.42,54.2,3.5,1.2799999999999998
2023-09-05 03:30:00+00:00,17.38,54.3,3.5,1.62
2023-09-05 03:40:00+00:00,17.34,54.4,3.5,1.96
2023-09-05 03:50:00+00:00,17.3,54.5,3.5,2.3
2023-09-05 04:00:00+00:00,17.26,54.6,3.5,2.64
2023-09-05 04:10:00+00:00,17.220000000000002,54.7,3.5,2.98
2023-09-05 04:20:00+00:00,17.18,54.8,3.5,3.32
2023-09-05 04:30:00+00:00,17.14,54.9,3.5,3.6599999999999997
2023-09-05 04:40:00+00:00,17.1,55.0,3.5,4.0
2023-09-05 04:50:00+00:00,17.0,55.0,3.5,4.0
2023-09-05 05:00:00+00:00,17.0,55.0,3.5,4.0
2023-09-05 05:10:00+00:00,17.0,55.0,3.5,3.8
2023-09-05 05:20:00+00:00,17.0,55.0,3.5,4.0
2023-09-05 05:30:00+00:00,16.9,55.0,3.5,4.0
2023-09-05 05:40:00+00:00,16.9,55.0,3.5,4.0
2023-09-05 05:50:00+00:00,16.85,55.0,3.5,4.0
2023-09-05 06:00:00+00:00,16.8,55.0,3.5,4.0
2023-09-05 06:10:00+00:00,16.8,54.0,3.5,4.0
2023-09-05 06:20:00+00:00,16.8,54.0,3.5,4.0
2023-09-05 06:30:00+00:00,16.8,54.0,3.5,4.0
2023-09-05 06:40:00+00:00,16.8,54.0,3.5,4.0
2023-09-05 06:50:00+00:00,16.7,54.0,3.5,4.0
2023-09-05 07:00:00+00:00,16.7,54.0,3.4,4.0
2023-09-05 07:10:00+00:00,16.7,54.0,3.4,4.0
2023-09-05 07:20:00+00:00,16.7,53.0,3.4,4.0
2023-09-05 07:30:00+00:00,16.7,53.0,3.4,4.0
2023-09-05 07:40:00+00:00,16.7,53.0,3.4,4.0
2023-09-05 07:50:00+00:00,16.7,53.0,3.4,4.0
2023-09-05 08:00:00+00:00,16.7,52.0,3.5,4.0
2023-09-05 08:10:00+00:00,16.7,52.0,3.45,4.0
2023-09-05 08:20:00+00:00,16.7,52.0,3.4,4.0
2023-09-05 08:30:00+00:00,16.7,52.0,3.4,4.0
2023-09-05 08:40:00+00:00,16.7,52.0,3.4,4.0
2023-09-05 08:50:00+00:00,16.8,52.0,3.5,5.5
2023-09-05 09:00:00+00:00,16.8,52.0,3.5,5.6
2023-09-05 09:10:00+00:00,16.8,52.0,3.5,6.0
2023-09-05 09:20:00+00:00,16.9,51.0,3.5,6.1
2023-09-05 09:30:00+00:00,17.0,51.0,3.4,6.1
2023-09-05 09:40:00+00:00,17.0,51.0,3.5,6.1
2023-09-05 09:50:00+00:00,17.1,50.0,3.5,6.1
2023-09-05 10:00:00+00:00,17.1,50.0,3.5,6.05
2023-09-05 10:10:00+00:00,17.1,50.0,3.5,6.0
2023-09-05 10:20:00+00:00,17.2,50.0,3.5,6.0
2023-09-05 10:30:00+00:00,17.3,50.0,3.5,6.1
2023-09-05 10:40:00+00:00,17.4,50.0,3.5,6.1
2023-09-05 10:50:00+00:00,17.5,50.0,3.5,6.1
2023-09-05 11:00:00+00:00,17.6,50.0,3.6,5.9
2023-09-05 11:10:00+00:00,17.7,50.0,3.6,6.0
2023-09-05 11:20:00+00:00,17.8,50.0,3.7,5.9
2023-09-05 11:30:00+00:00,18.0,50.0,3.7,6.1
2023-09-05 11:40:00+00:00,18.1,50.0,3.6,6.0
2023-09-05 11:50:00+00:00,18.15,49.5,3.6,6.0
2023-09-05 12:00:00+00:00,18.2,49.0,3.6,6.0
2023-09-05 12:10:00+00:00,18.3,49.0,3.6,6.1
2023-09-05 12:20:00+00:00,18.5,49.0,3.6,6.0
2023-09-05 12:30:00+00:00,18.6,49.0,3.7,6.0
2023-09-05 12:40:00+00:00,18.8,49.0,3.7,6.0
2023-09-05 12:50:00+00:00,19.0,49.0,3.6,6.1
2023-09-05 13:00:00+00:00,19.1,48.0,3.6,6.0
2023-09-05 13:10:00+00:00,19.2,48.0,3.6,6.1
2023-09-05 13:20:00+00:00,19.3,47.0,3.6,6.1
2023-09-05 13:30:00+00:00,19.5,47.0,3.7,6.1
2023-09-05 13:40:00+00:00,19.55,47.0,3.6500000000000004,6.1
2023-09-05 13:50:00+00:00,19.6,47.0,3.6,6.1
2023-09-05 14:00:00+00:00,19.8,46.0,3.6,6.1
2023-09-05 14:10:00+00:00,19.9,46.0,3.6,6.1
2023-09-05 14:20:00+00:00,20.0,45.0,3.6,6.1
2023-09-05 14:30:00+00:00,20.1,44.0,3.6,6.1
2023-09-05 14:40:00+00:00,20.3,44.0,3.6,6.1
2023-09-05 14:50:00+00:00,20.4,43.0,3.5,6.1
2023-09-05 15:00:00+00:00,20.5,43.0,3.5,6.1
2023-09-05 15:10:00+00:00,20.6,42.0,3.5,6.1
2023-09-05 15:20:00+00:00,20.6,42.0,3.5,6.0
2023-09-05 15:30:00+00:00,20.65,41.5,3.5,6.0
2023-09-05 15:40:00+00:00,20.7,41.0,3.5,6.0
2023-09-05 15:50:00+00:00,20.8,40.0,3.5,6.0
2023-09-05 16:00:00+00:00,20.9,40.0,3.5,6.0
2023-09-05 16:10:00+00:00,21.0,40.0,3.5,5.9
2023-09-05 16:20:00+00:00,21.0,39.0,3.5,5.7
2023-09-05 16:30:00+00:00,21.0,39.0,3.4,5.4
2023-09-05 16:40:00+00:00,21.1,39.0,3.4,4.0
2023-09-05 16:50:00+00:00,21.1,39.0,3.4,4.5
2023-09-05 17:00:00+00:00,21.1,38.0,3.4,4.0
2023-09-05 17:10:00+00:00,21.1,38.0,3.4,4.0
2023-09-05 17:20:00+00:00,21.1,38.0,3.4,4.0
2023-09-05 17:30:00+00:00,21.1,38.0,3.4,4.0
2023-09-05 17:40:00+00:00,21.1,38.0,3.4,3.1
2023-09-05 17:50:00+00:00,21.1,37.0,3.4,2.1
2023-09-05 18:00:00+00:00,21.1,37.0,3.4,1.0
2023-09-05 18:10:00+00:00,21.1,36.0,3.4,0.7
2023-09-05 18:20:00+00:00,21.05,36.4,3.4,0.69
2023-09-05 18:30:00+00:00,21.0,36.8,3.4,0.6799999999999999
2023-09-05 18:40:00+00:00,20.950000000000003,37.2,3.4,0.6699999999999999
2023-09-05 18:50:00+00:00,20.900000000000002,37.6,3.4,0.6599999999999999
2023-09-05 19:00:00+00:00,20.85,38.0,3.4,0.6499999999999999
2023-09-05 19:10:00+00:00,20.8,38.4,3.4,0.64
2023-09-05 19:20:00+00:00,20.75,38.8,3.4,0.63
2023-09-05 19:30:00+00:00,20.700000000000003,39.2,3.4,0.62
2023-09-05 19:40:00+00:00,20.650000000000002,39.6,3.4,0.61
2023-09-05 19:50:00+00:00,20.6,40.0,3.4,0.6
2023-09-05 20:00:00+00:00,20.56153846153846,39.92307692307692,3.4076923076923076,0.6
2023-09-05 20:10:00+00:00,20.523076923076925,39.84615384615385,3.4153846153846152,0.6
2023-09-05 20:20:00+00:00,20.484615384615385,39.76923076923077,3.423076923076923,0.6
2023-09-05 20:30:00+00:00,20.446153846153848,39.69230769230769,3.4307692307692306,0.6
2023-09-05 20:40:00+00:00,20.407692307692308,39.61538461538461,3.4384615384615382,0.6
2023-09-05 20:50:00+00:00,20.36923076923077,39.53846153846154,3.446153846153846,0.6
2023-09-05 21:00:00+00:00,20.33076923076923,39.46153846153846,3.453846153846154,0.6
2023-09-05 21:10:00+00:00,20.292307692307695,39.38461538461539,3.4615384615384617,0.6
2023-09-05 21:20:00+00:00,20.253846153846155,39.30769230769231,3.4692307692307693,0.6
2023-09-05 21:30:00+00:00,20.215384615384618,39.23076923076923,3.476923076923077,0.6
2023-09-05 21:40:00+00:00,20.176923076923078,39.15384615384615,3.4846153846153847,0.6
2023-09-05 21:50:00+00:00,20.13846153846154,39.07692307692308,3.4923076923076923,0.6
2023-09-05 22:00:00+00:00,20.1,39.0,3.5,0.6
2023-09-05 22:10:00+00:00,20.060000000000002,38.9,3.5,0.6
2023-09-05 22:20:00+00:00,20.02,38.8,3.5,0.6
2023-09-05 22:30:00+00:00,19.98,38.7,3.5,0.6
2023-09-05 22:40:00+00:00,19.94,38.6,3.5,0.6
2023-09-05 22:50:00+00:00,19.9,38.5,3.5,0.6
2023-09-05 23:00:00+00:00,19.86,38.4,3.5,0.6
2023-09-05 23:10:00+00:00,19.82,38.3,3.5,0.6
2023-09-05 23:20:00+00:00,19.78,38.2,3.5,0.6
2023-09-05 23:30:00+00:00,19.74,38.1,3.5,0.6
2023-09-05 23:40:00+00:00,19.7,38.0,3.5,0.6
2023-09-05 23:50:00+00:00,19.65,38.0,3.5,0.6
2023-09-06 00:00:00+00:00,19.599999999999998,38.0,3.5,0.6
2023-09-06 00:10:00+00:00,19.55,38.0,3.5,0.6
2023-09-06 00:20:00+00:00,19.5,38.0,3.5,0.6
2023-09-06 00:30:00+00:00,19.45,38.0,3.5,0.6
2023-09-06 00:40:00+00:00,19.4,38.0,3.5,0.6
2023-09-06 00:50:00+00:00,19.349999999999998,38.0,3.5,0.6
2023-09-06 01:00:00+00:00,19.3,38.0,3.5,0.6
2023-09-06 01:10:00+00:00,19.25,38.0,3.5,0.6
2023-09-06 01:20:00+00:00,19.2,38.0,3.5,0.6
2023-09-06 01:30:00+00:00,19.16,37.9,3.5,0.6
2023-09-06 01:40:00+00:00,19.12,37.8,3.5,0.6
2023-09-06 01:50:00+00:00,19.08,37.7,3.5,0.6
2023-09-06 02:00:00+00:00,19.04,37.6,3.5,0.6
2023-09-06 02:10:00+00:00,19.0,37.5,3.5,0.6
2023-09-06 02:20:00+00:00,18.96,37.4,3.5,0.6
2023-09-06 02:30:00+00:00,18.92,37.3,3.5,0.6
2023-09-06 02:40:00+00:00,18.88,37.2,3.5,0.6
2023-09-06 02:50:00+00:00,18.84,37.1,3.5,0.6
2023-09-06 03:00:00+00:00,18.8,37.0,3.5,0.6
2023-09-06 03:10:00+00:00,18.76,37.0,3.5,0.94
2023-09-06 03:20:00+00:00,18.72,37.0,3.5,1.2799999999999998
2023-09-06 03:30:00+00:00,18.68,37.0,3.5,1.62
2023-09-06 03:40:00+00:00,18.64,37.0,3.5,1.96
2023-09-06 03:50:00+00:00,18.6,37.0,3.5,2.3
2023-09-06 04:00:00+00:00,18.56,37.0,3.5,2.64
2023-09-06 04:10:00+00:00,18.52,37.0,3.5,2.98
2023-09-06 04:20:00+00:00,18.48,37.0,3.5,3.32
2023-09-06 04:30:00+00:00,18.439999999999998,37.0,3.5,3.6599999999999997
2023-09-06 04:40:00+00:00,18.4,37.0,3.5,4.0
2023-09-06 04:50:00+00:00,18.3,37.0,3.5,4.0
2023-09-06 05:00:00+00:00,18.2,37.0,3.5,4.0
2023-09-06 05:10:00+00:00,18.2,37.0,3.5,4.0
2023-09-06 05:20:00+00:00,18.1,37.0,3.5,4.0
2023-09-06 05:30:00+00:00,18.1,37.0,3.5,4.0
2023-09-06 05:40:00+00:00,18.1,37.0,3.5,4.0
2023-09-06 05:50:00+00:00,18.0,37.0,3.5,4.0
2023-09-06 06:00:00+00:00,18.0,36.5,3.5,4.0
2023-09-06 06:10:00+00:00,18.0,36.0,3.5,4.0
2023-09-06 06:20:00+00:00,18.0,37.0,3.5,4.0
2023-09-06 06:30:00+00:00,17.9,37.0,3.5,4.0
2023-09-06 06:40:00+00:00,17.9,36.0,3.5,4.0
2023-09-06 06:50:00+00:00,17.9,36.0,3.5,4.0
2023-09-06 07:00:00+00:00,17.8,36.0,3.4,4.0
2023-09-06 07:10:00+00:00,17.8,36.0,3.4,4.0
2023-09-06 07:20:00+00:00,17.8,36.0,3.4,4.0
2023-09-06 07:30:00+00:00,17.8,36.0,3.4,4.0
2023-09-06 07:40:00+00:00,17.8,35.5,3.4,4.0
2023-09-06 07:50:00+00:00,17.8,35.0,3.4,4.0
2023-09-06 08:00:00+00:00,17.8,35.0,3.5,4.0
2023-09-06 08:10:00+00:00,17.8,34.0,3.5,4.0
2023-09-06 08:20:00+00:00,17.8,34.0,3.5,4.0
2023-09-06 08:30:00+00:00,17.8,33.0,3.5,4.0
2023-09-06 08:40:00+00:00,17.8,32.0,3.6,5.1
2023-09-06 08:50:00+00:00,17.8,32.0,3.6,5.7
2023-09-06 09:00:00+00:00,17.8,32.0,3.6,5.8
2023-09-06 09:10:00+00:00,17.8,31.0,3.7,5.8
2023-09-06 09:20:00+00:00,17.9,31.0,3.7,5.9
2023-09-06 09:30:00+00:00,17.9,31.0,3.7,5.9
2023-09-06 09:40:00+00:00,17.9,31.0,3.7,5.9
2023-09-06 09:50:00+00:00,18.0,31.0,3.7,5.9
2023-09-06 10:00:00+00:00,18.1,31.0,3.6,6.0
2023-09-06 10:10:00+00:00,18.1,31.0,3.6,5.9
2023-09-06 10:20:00+00:00,18.2,30.0,3.6,5.9
2023-09-06 10:30:00+00:00,18.3,31.0,3.7,5.9
2023-09-06 10:40:00+00:00,18.4,31.0,3.6,5.9
2023-09-06 10:50:00+00:00,18.5,30.0,3.6,5.9
2023-09-06 11:00:00+00:00,18.6,31.0,3.6,5.8
2023-09-06 11:10:00+00:00,18.8,30.0,3.6,5.9
2023-09-06 11:20:00+00:00,18.85,30.0,3.6500000000000004,5.9
2023-09-06 11:30:00+00:00,18.9,30.0,3.7,5.9
2023-09-06 11:40:00+00:00,19.0,30.0,3.6,5.9
2023-09-06 11:50:00+00:00,19.1,30.0,3.6,5.9
2023-09-06 12:00:00+00:00,19.3,29.0,3.7,5.8
2023-09-06 12:10:00+00:00,19.4,28.0,3.8,5.7
2023-09-06 12:20:00+00:00,19.5,28.0,3.8,5.8
2023-09-06 12:30:00+00:00,19.7,28.0,3.8,5.8
2023-09-06 12:40:00+00:00,19.8,28.0,3.7,6.0
2023-09-06 12:50:00+00:00,20.0,28.0,3.6,6.0
2023-09-06 13:00:00+00:00,20.1,27.0,3.5,6.0
2023-09-06 13:10:00+00:00,20.15,27.0,3.5,6.0
2023-09-06 13:20:00+00:00,20.2,27.0,3.5,6.0
2023-09-06 13:30:00+00:00,20.4,27.0,3.5,6.0
2023-09-06 13:40:00+00:00,20.5,27.0,3.5,6.1
2023-09-06 13:50:00+00:00,20.6,26.0,3.5,6.1
2023-09-06 14:00:00+00:00,20.8,26.0,3.5,6.1
2023-09-06 14:10:00+00:00,20.9,26.0,3.5,6.1
2023-09-06 14:20:00+00:00,21.0,26.0,3.5,6.0
2023-09-06 14:30:00+00:00,21.1,26.0,3.5,6.0
2023-09-06 14:40:00+00:00,21.2,25.0,3.5,6.0
2023-09-06 14:50:00+00:00,21.3,25.0,3.5,6.0
2023-09-06 15:00:00+00:00,21.35,24.5,3.5,6.0
2023-09-06 15:10:00+00:00,21.4,24.0,3.5,6.0
2023-09-06 15:20:00+00:00,21.5,25.0,3.4,6.0
2023-09-06 15:30:00+00:00,21.6,24.0,3.4,6.0
2023-09-06 15:40:00+00:00,21.6,24.0,3.4,5.9
2023-09-06 15:50:00+00:00,21.7,24.0,3.4,6.0
2023-09-06 16:00:00+00:00,21.8,24.0,3.4,5.9
2023-09-06 16:10:00+00:00,21.8,24.0,3.4,5.7
2023-09-06 16:20:00+00:00,21.8,23.0,3.4,5.3
2023-09-06 16:30:00+00:00,21.9,23.0,3.5,5.4
2023-09-06 16:40:00+00:00,21.9,23.0,3.4,5.2
2023-09-06 16:50:00+00:00,21.95,22.5,3.45,4.75
2023-09-06 17:00:00+00:00,22.0,22.0,3.5,4.3
2023-09-06 17:10:00+00:00,22.0,22.0,3.5,4.5
2023-09-06 17:20:00+00:00,22.0,22.0,3.5,4.0
2023-09-06 17:30:00+00:00,21.9,22.0,3.5,3.7
2023-09-06 17:40:00+00:00,21.9,22.0,3.5,2.7
2023-09-06 17:50:00+00:00,21.9,22.0,3.5,1.5
2023-09-06 18:00:00+00:00,21.8,22.0,3.5,0.8
2023-09-06 18:10:00+00:00,21.753846153846155,22.0,3.5,0.7846153846153846
2023-09-06 18:20:00+00:00,21.70769230769231,22.0,3.5,0.7692307692307693
2023-09-06 18:30:00+00:00,21.661538461538463,22.0,3.5,0.7538461538461538
2023-09-06 18:40:00+00:00,21.615384615384617,22.0,3.5,0.7384615384615385
2023-09-06 18:50:00+00:00,21.56923076923077,22.0,3.5,0.7230769230769231
2023-09-06 19:00:00+00:00,21.523076923076925,22.0,3.5,0.7076923076923077
2023-09-06 19:10:00+00:00,21.476923076923075,22.0,3.5,0.6923076923076923
2023-09-06 19:20:00+00:00,21.43076923076923,22.0,3.5,0.676923076923077
2023-09-06 19:30:00+00:00,21.384615384615383,22.0,3.5,0.6615384615384615
2023-09-06 19:40:00+00:00,21.338461538461537,22.0,3.5,0.6461538461538462
2023-09-06 19:50:00+00:00,21.29230769230769,22.0,3.5,0.6307692307692307
2023-09-06 20:00:00+00:00,21.246153846153845,22.0,3.5,0.6153846153846154
2023-09-06 20:10:00+00:00,21.2,22.0,3.5,0.6
2023-09-06 20:20:00+00:00,21.13,22.0,3.5,0.6
2023-09-06 20:30:00+00:00,21.06,22.0,3.5,0.6
2023-09-06 20:40:00+00:00,20.99,22.0,3.5,0.6
2023-09-06 20:50:00+00:00,20.919999999999998,22.0,3.5,0.6
2023-09-06 21:00:00+00:00,20.85,22.0,3.5,0.6
2023-09-06 21:10:00+00:00,20.78,22.0,3.5,0.6
2023-09-06 21:20:00+00:00,20.71,22.0,3.5,0.6
2023-09-06 21:30:00+00:00,20.64,22.0,3.5,0.6
2023-09-06 21:40:00+00:00,20.57,22.0,3.5,0.6
2023-09-06 21:50:00+00:00,20.5,22.0,3.5,0.6
2023-09-06 22:00:00+00:00,20.43,22.1,3.5,0.6
2023-09-06 22:10:00+00:00,20.36,22.2,3.5,0.6
2023-09-06 22:20:00+00:00,20.29,22.3,3.5,0.6
2023-09-06 22:30:00+00:00,20.22,22.4,3.5,0.6
2023-09-06 22:40:00+00:00,20.15,22.5,3.5,0.6
2023-09-06 22:50:00+00:00,20.080000000000002,22.6,3.5,0.6
2023-09-06 23:00:00+00:00,20.01,22.7,3.5,0.6
2023-09-06 23:10:00+00:00,19.94,22.8,3.5,0.6
2023-09-06 23:20:00+00:00,19.87,22.9,3.5,0.6
2023-09-06 23:30:00+00:00,19.8,23.0,3.5,0.6
2023-09-06 23:40:00+00:00,19.740000000000002,23.2,3.5,0.6
2023-09-06 23:50:00+00:00,19.68,23.4,3.5,0.6
2023-09-07 00:00:00+00:00,19.62,23.6,3.5,0.6
2023-09-07 00:10:00+00:00,19.56,23.8,3.5,0.6
2023-09-07 00:20:00+00:00,19.5,24.0,3.5,0.6
2023-09-07 00:30:00+00:00,19.44,24.2,3.5,0.6
2023-09-07 00:40:00+00:00,19.38,24.4,3.5,0.6
2023-09-07 00:50:00+00:00,19.32,24.6,3.5,0.6
2023-09-07 01:00:00+00:00,19.259999999999998,24.8,3.5,0.6
2023-09-07 01:10:00+00:00,19.2,25.0,3.5,0.6
2023-09-07 01:20:00+00:00,19.16,25.0,3.5,0.6
2023-09-07 01:30:00+00:00,19.12,25.0,3.5,0.6
2023-09-07 01:40:00+00:00,19.08,25.0,3.5,0.6
2023-09-07 01:50:00+00:00,19.04,25.0,3.5,0.6
2023-09-07 02:00:00+00:00,19.0,25.0,3.5,0.6
2023-09-07 02:10:00+00:00,18.96,25.0,3.5,0.6
2023-09-07 02:20:00+00:00,18.92,25.0,3.5,0.6
2023-09-07 02:30:00+00:00,18.88,25.0,3.5,0.6
2023-09-07 02:40:00+00:00,18.84,25.0,3.5,0.6
2023-09-07 02:50:00+00:00,18.8,25.0,3.5,0.6
2023-09-07 03:00:00+00:00,18.77,25.0,3.5,0.94
2023-09-07 03:10:00+00:00,18.740000000000002,25.0,3.5,1.2799999999999998
2023-09-07 03:20:00+00:00,18.71,25.0,3.5,1.62
2023-09-07 03:30:00+00:00,18.68,25.0,3.5,1.96
2023-09-07 03:40:00+00:00,18.65,25.0,3.5,2.3
2023-09-07 03:50:00+00:00,18.62,25.0,3.5,2.64
2023-09-07 04:00:00+00:00,18.59,25.0,3.5,2.98
2023-09-07 04:10:00+00:00,18.56,25.0,3.5,3.32
2023-09-07 04:20:00+00:00,18.53,25.0,3.5,3.6599999999999997
2023-09-07 04:30:00+00:00,18.5,25.0,3.5,4.0
2023-09-07 04:40:00+00:00,18.3,26.0,3.5,4.0
2023-09-07 04:50:00+00:00,18.3,26.0,3.5,4.0
2023-09-07 05:00:00+00:00,18.3,26.0,3.5,4.0
2023-09-07 05:10:00+00:00,18.3,26.0,3.5,4.0
2023-09-07 05:20:00+00:00,18.2,26.0,3.5,4.0
2023-09-07 05:30:00+00:00,18.2,26.0,3.5,4.0
2023-09-07 05:40:00+00:00,18.2,26.0,3.5,4.0
2023-09-07 05:50:00+00:00,18.1,26.0,3.5,4.0
2023-09-07 06:00:00+00:00,18.1,26.0,3.5,4.0
2023-09-07 06:10:00+00:00,18.1,26.0,3.5,4.0
2023-09-07 06:20:00+00:00,18.1,26.0,3.5,4.0
2023-09-07 06:30:00+00:00,18.1,26.0,3.5,4.0
2023-09-07 06:40:00+00:00,18.1,26.0,3.5,4.0
2023-09-07 06:50:00+00:00,18.0,27.0,3.5,4.0
2023-09-07 07:00:00+00:00,18.0,26.0,3.5,4.0
2023-09-07 07:10:00+00:00,18.0,26.0,3.5,4.0
2023-09-07 07:20:00+00:00,18.0,26.0,3.5,4.0
2023-09-07 07:30:00+00:00,18.0,26.0,3.5,4.0
2023-09-07 07:40:00+00:00,18.0,27.0,3.4,4.0
2023-09-07 07:50:00+00:00,18.0,27.0,3.4,4.0
2023-09-07 08:00:00+00:00,18.0,26.0,3.5,4.0
2023-09-07 08:10:00+00:00,18.0,26.0,3.4,4.0
2023-09-07 08:20:00+00:00,18.0,27.0,3.4,4.0
2023-09-07 08:30:00+00:00,18.0,27.0,3.4,4.0
2023-09-07 08:40:00+00:00,18.1,26.0,3.4,6.0
2023-09-07 08:50:00+00:00,18.1,26.0,3.5,5.9
2023-09-07 09:00:00+00:00,18.1,25.5,3.45,5.95
2023-09-07 09:10:00+00:00,18.1,25.0,3.4,6.0
2023-09-07 09:20:00+00:00,18.1,24.0,3.4,5.9
2023-09-07 09:30:00+00:00,18.2,23.0,3.5,5.9
2023-09-07 09:40:00+00:00,18.2,23.0,3.5,5.9
2023-09-07 09:50:00+00:00,18.3,22.0,3.5,5.9
2023-09-07 10:00:00+00:00,18.3,22.0,3.5,5.9
2023-09-07 10:10:00+00:00,18.4,22.0,3.5,5.9
2023-09-07 10:20:00+00:00,18.5,21.0,3.5,5.9
2023-09-07 10:30:00+00:00,18.6,21.0,3.5,6.0
2023-09-07 10:40:00+00:00,18.7,21.0,3.6,5.9
2023-09-07 10:50:00+00:00,18.75,20.5,3.6,5.9
2023-09-07 11:00:00+00:00,18.8,20.0,3.6,5.9
2023-09-07 11:10:00+00:00,18.9,20.0,3.5,6.0
2023-09-07 11:20:00+00:00,19.0,20.0,3.6,5.9
2023-09-07 11:30:00+00:00,19.1,19.0,3.6,6.0
2023-09-07 11:40:00+00:00,19.2,19.0,3.7,5.9
2023-09-07 11:50:00+00:00,19.3,18.0,3.6,6.0
2023-09-07 12:00:00+00:00,19.5,18.0,3.6,5.9
2023-09-07 12:10:00+00:00,19.6,18.0,3.6,5.8
2023-09-07 12:20:00+00:00,19.8,18.0,3.7,5.9
2023-09-07 12:30:00+00:00,19.9,17.0,3.8,5.9
2023-09-07 12:40:00+00:00,19.95,16.5,3.8,5.95
2023-09-07 12:50:00+00:00,20.0,16.0,3.8,6.0
2023-09-07 13:00:00+00:00,20.1,16.0,3.9,5.9
2023-09-07 13:10:00+00:00,20.3,16.0,3.7,5.9
2023-09-07 13:20:00+00:00,20.4,15.0,3.7,6.0
2023-09-07 13:30:00+00:00,20.6,15.0,3.5,6.2
2023-09-07 13:40:00+00:00,20.7,15.0,3.5,6.1
2023-09-07 13:50:00+00:00,20.8,15.0,3.6,5.9
2023-09-07 14:00:00+00:00,21.0,14.0,3.5,6.1
2023-09-07 14:10:00+00:00,21.1,15.0,3.5,5.4
2023-09-07 14:20:00+00:00,21.2,14.0,3.5,6.0
2023-09-07 14:30:00+00:00,21.25,14.0,3.5,6.0
2023-09-07 14:40:00+00:00,21.3,14.0,3.5,6.0
2023-09-07 14:50:00+00:00,21.4,13.0,3.5,6.0
2023-09-07 15:00:00+00:00,21.5,12.0,3.5,6.0
2023-09-07 15:10:00+00:00,21.6,12.0,3.5,6.0
2023-09-07 15:20:00+00:00,21.6,12.0,3.5,6.0
2023-09-07 15:30:00+00:00,21.7,12.0,3.5,6.0
2023-09-07 15:40:00+00:00,21.8,12.0,3.5,5.9
2023-09-07 15:50:00+00:00,21.8,12.0,3.5,6.0
2023-09-07 16:00:00+00:00,21.9,12.0,3.5,5.9
2023-09-07 16:10:00+00:00,22.0,12.0,3.4,5.6
2023-09-07 16:20:00+00:00,22.0,12.0,3.4,5.449999999999999
2023-09-07 16:30:00+00:00,22.0,12.0,3.4,5.3
2023-09-07 16:40:00+00:00,22.0,12.0,3.4,5.2
2023-09-07 16:50:00+00:00,22.0,13.0,3.4,4.1
2023-09-07 17:00:00+00:00,22.0,12.0,3.4,4.8
2023-09-07 17:10:00+00:00,22.1,12.0,3.4,4.2
2023-09-07 17:20:00+00:00,22.1,12.0,3.5,3.9
2023-09-07 17:30:00+00:00,22.0,12.0,3.4,3.1
2023-09-07 17:40:00+00:00,22.0,12.0,3.5,2.1
2023-09-07 17:50:00+00:00,22.0,12.0,3.4,1.1
2023-09-07 18:00:00+00:00,22.0,13.0,3.5,0.7
2023-09-07 18:10:00+00:00,21.957142857142856,13.0,3.5,0.6928571428571428
2023-09-07 18:20:00+00:00,21.914285714285715,13.0,3.5,0.6857142857142857
2023-09-07 18:30:00+00:00,21.87142857142857,13.0,3.5,0.6785714285714285
2023-09-07 18:40:00+00:00,21.82857142857143,13.0,3.5,0.6714285714285714
2023-09-07 18:50:00+00:00,21.785714285714285,13.0,3.5,0.6642857142857143
2023-09-07 19:00:00+00:00,21.742857142857144,13.0,3.5,0.6571428571428571
2023-09-07 19:10:00+00:00,21.7,13.0,3.5,0.6499999999999999
2023-09-07 19:20:00+00:00,21.657142857142855,13.0,3.5,0.6428571428571428
2023-09-07 19:30:00+00:00,21.614285714285714,13.0,3.5,0.6357142857142857
2023-09-07 19:40:00+00:00,21.57142857142857,13.0,3.5,0.6285714285714286
2023-09-07 19:50:00+00:00,21.52857142857143,13.0,3.5,0.6214285714285714
2023-09-07 20:00:00+00:00,21.485714285714284,13.0,3.5,0.6142857142857143
2023-09-07 20:10:00+00:00,21.442857142857143,13.0,3.5,0.6071428571428571
2023-09-07 20:20:00+00:00,21.4,13.0,3.5,0.6
2023-09-07 20:30:00+00:00,21.32,13.1,3.5,0.6
2023-09-07 20:40:00+00:00,21.24,13.2,3.5,0.6
2023-09-07 20:50:00+00:00,21.16,13.3,3.5,0.6
2023-09-07 21:00:00+00:00,21.08,13.4,3.5,0.6
2023-09-07 21:10:00+00:00,21.0,13.5,3.5,0.6
2023-09-07 21:20:00+00:00,20.92,13.6,3.5,0.6
2023-09-07 21:30:00+00:00,20.84,13.7,3.5,0.6
2023-09-07 21:40:00+00:00,20.76,13.8,3.5,0.6
2023-09-07 21:50:00+00:00,20.68,13.9,3.5,0.6
2023-09-07 22:00:00+00:00,20.6,14.0,3.5,0.6
2023-09-07 22:10:00+00:00,20.540000000000003,14.0,3.5,0.58
2023-09-07 22:20:00+00:00,20.48,14.0,3.5,0.5599999999999999
2023-09-07 22:30:00+00:00,20.42,14.0,3.5,0.54
2023-09-07 22:40:00+00:00,20.36,14.0,3.5,0.52
2023-09-07 22:50:00+00:00,20.3,14.0,3.5,0.5
2023-09-07 23:00:00+00:00,20.240000000000002,14.0,3.5,0.48
2023-09-07 23:10:00+00:00,20.18,14.0,3.5,0.45999999999999996
2023-09-07 23:20:00+00:00,20.12,14.0,3.5,0.44
2023-09-07 23:30:00+00:00,20.06,14.0,3.5,0.42000000000000004
2023-09-07 23:40:00+00:00,20.0,14.0,3.5,0.4
2023-09-07 23:50:00+00:00,19.94,14.1,3.51,0.42000000000000004
2023-09-08 00:00:00+00:00,19.88,14.2,3.52,0.44
2023-09-08 00:10:00+00:00,19.82,14.3,3.5300000000000002,0.46
2023-09-08 00:20:00+00:00,19.759999999999998,14.4,3.54,0.48
2023-09-08 00:30:00+00:00,19.7,14.5,3.55,0.5
2023-09-08 00:40:00+00:00,19.64,14.6,3.56,0.52
2023-09-08 00:50:00+00:00,19.58,14.7,3.5700000000000003,0.54
2023-09-08 01:00:00+00:00,19.52,14.8,3.58,0.56
2023-09-08 01:10:00+00:00,19.459999999999997,14.9,3.59,0.58
2023-09-08 01:20:00+00:00,19.4,15.0,3.6,0.6
2023-09-08 01:30:00+00:00,19.34,15.1,3.6,0.6
2023-09-08 01:40:00+00:00,19.279999999999998,15.2,3.6,0.6
2023-09-08 01:50:00+00:00,19.22,15.3,3.6,0.6
2023-09-08 02:00:00+00:00,19.16,15.4,3.6,0.6
2023-09-08 02:10:00+00:00,19.1,15.5,3.6,0.6
2023-09-08 02:20:00+00:00,19.04,15.6,3.6,0.6
2023-09-08 02:30:00+00:00,18.98,15.7,3.6,0.6
2023-09-08 02:40:00+00:00,18.92,15.8,3.6,0.6
2023-09-08 02:50:00+00:00,18.86,15.9,3.6,0.6
2023-09-08 03:00:00+00:00,18.8,16.0,3.6,0.6
2023-09-08 03:10:00+00:00,18.740000000000002,16.1,3.595,0.94
2023-09-08 03:20:00+00:00,18.68,16.2,3.59,1.2799999999999998
2023-09-08 03:30:00+00:00,18.62,16.3,3.585,1.62
2023-09-08 03:40:00+00:00,18.560000000000002,16.4,3.58,1.96
2023-09-08 03:50:00+00:00,18.5,16.5,3.575,2.3
2023-09-08 04:00:00+00:00,18.44,16.6,3.57,2.64
2023-09-08 04:10:00+00:00,18.380000000000003,16.7,3.565,2.98
2023-09-08 04:20:00+00:00,18.320000000000004,16.8,3.56,3.32
2023-09-08 04:30:00+00:00,18.26,16.9,3.5549999999999997,3.6599999999999997
2023-09-08 04:40:00+00:00,18.200000000000003,17.0,3.55,4.0
2023-09-08 04:50:00+00:00,18.1,17.0,3.6,4.0
2023-09-08 05:00:00+00:00,18.05,17.0,3.55,4.0
2023-09-08 05:10:00+00:00,18.0,17.0,3.5,4.0
2023-09-08 05:20:00+00:00,18.0,17.0,3.5,4.0
2023-09-08 05:30:00+00:00,18.0,17.0,3.5,4.0
2023-09-08 05:40:00+00:00,17.9,17.0,3.5,4.0
2023-09-08 05:50:00+00:00,17.8,17.0,3.5,4.0
2023-09-08 06:00:00+00:00,17.8,17.0,3.5,4.0
2023-09-08 06:10:00+00:00,17.8,17.0,3.5,4.0
2023-09-08 06:20:00+00:00,17.8,17.0,3.5,4.0
2023-09-08 06:30:00+00:00,17.7,17.0,3.5,4.0
2023-09-08 06:40:00+00:00,17.7,17.0,3.5,4.0
2023-09-08 06:50:00+00:00,17.65,17.0,3.5,4.0
2023-09-08 07:00:00+00:00,17.6,17.0,3.5,4.0
2023-09-08 07:10:00+00:00,17.6,18.0,3.5,4.0
2023-09-08 07:20:00+00:00,17.6,17.0,3.5,4.0
2023-09-08 07:30:00+00:00,17.6,17.0,3.4,4.0
2023-09-08 07:40:00+00:00,17.6,17.0,3.5,4.1
2023-09-08 07:50:00+00:00,17.6,16.0,3.4,4.0
2023-09-08 08:00:00+00:00,17.6,16.0,3.4,4.0
2023-09-08 08:10:00+00:00,17.6,17.0,3.5,4.0
2023-09-08 08:20:00+00:00,17.6,16.0,3.5,4.0
2023-09-08 08:30:00+00:00,17.6,15.0,3.5,4.2
2023-09-08 08:40:00+00:00,17.6,15.0,3.55,4.95
2023-09-08 08:50:00+00:00,17.6,15.0,3.6,5.7
2023-09-08 09:00:00+00:00,17.6,15.0,3.6,5.7
2023-09-08 09:10:00+00:00,17.7,14.0,3.7,5.9
2023-09-08 09:20:00+00:00,17.7,14.0,3.7,5.9
2023-09-08 09:30:00+00:00,17.8,13.0,3.7,5.8
2023-09-08 09:40:00+00:00,17.8,13.0,3.8,5.8
2023-09-08 09:50:00+00:00,17.9,13.0,3.7,5.8
2023-09-08 10:00:00+00:00,18.0,11.0,3.7,5.8
2023-09-08 10:10:00+00:00,18.1,11.0,3.7,5.8
2023-09-08 10:20:00+00:00,18.15,11.0,3.7,5.8
2023-09-08 10:30:00+00:00,18.2,11.0,3.7,5.8
2023-09-08 10:40:00+00:00,18.3,10.0,3.8,5.8
2023-09-08 10:50:00+00:00,18.4,10.0,3.8,5.8
2023-09-08 11:00:00+00:00,18.5,10.0,4.1,5.7
2023-09-08 11:10:00+00:00,18.6,9.0,4.3,5.8
2023-09-08 11:20:00+00:00,18.8,9.0,4.0,5.9
2023-09-08 11:30:00+00:00,18.9,9.0,3.7,5.9
2023-09-08 11:40:00+00:00,19.0,9.0,3.9,5.9
2023-09-08 11:50:00+00:00,19.1,9.0,3.9,5.8
2023-09-08 12:00:00+00:00,19.3,8.0,3.8,5.9
2023-09-08 12:10:00+00:00,19.4,8.0,3.8,5.85
2023-09-08 12:20:00+00:00,19.5,8.0,3.8,5.8
2023-09-08 12:30:00+00:00,19.6,8.0,3.8,5.8
2023-09-08 12:40:00+00:00,19.8,8.0,4.3,5.7
2023-09-08 12:50:00+00:00,19.9,7.0,4.2,5.8
2023-09-08 13:00:00+00:00,20.1,7.0,4.0,5.8
2023-09-08 13:10:00+00:00,20.2,7.0,4.0,5.8
2023-09-08 13:20:00+00:00,20.3,7.0,4.4,5.8
2023-09-08 13:30:00+00:00,20.5,7.0,4.2,5.8
2023-09-08 13:40:00+00:00,20.6,7.0,4.2,5.8
2023-09-08 13:50:00+00:00,20.8,7.0,4.1,5.8
2023-09-08 14:00:00+00:00,20.85,6.5,4.15,5.8
2023-09-08 14:10:00+00:00,20.9,6.0,4.2,5.8
2023-09-08 14:20:00+00:00,21.0,6.0,4.0,5.8
2023-09-08 14:30:00+00:00,21.1,6.0,3.8,5.9
2023-09-08 14:40:00+00:00,21.3,6.0,3.7,5.9
2023-09-08 14:50:00+00:00,21.4,6.0,3.7,5.9
2023-09-08 15:00:00+00:00,21.5,6.0,3.6,6.0
2023-09-08 15:10:00+00:00,21.6,6.0,3.5,6.0
2023-09-08 15:20:00+00:00,21.7,6.0,3.5,6.0
2023-09-08 15:30:00+00:00,21.8,7.0,3.5,6.0
2023-09-08 15:40:00+00:00,21.9,7.0,3.5,5.9
2023-09-08 15:50:00+00:00,21.95,7.0,3.45,5.95
2023-09-08 16:00:00+00:00,22.0,7.0,3.4,6.0
2023-09-08 16:10:00+00:00,22.0,6.0,3.4,5.8
2023-09-08 16:20:00+00:00,22.1,7.0,3.4,4.1
2023-09-08 16:30:00+00:00,22.1,7.0,3.4,5.5
2023-09-08 16:40:00+00:00,22.1,7.0,3.4,5.3
2023-09-08 16:50:00+00:00,22.2,7.0,3.4,5.0
2023-09-08 17:00:00+00:00,22.2,7.0,3.4,4.2
2023-09-08 17:10:00+00:00,22.2,7.0,3.4,4.0
2023-09-08 17:20:00+00:00,22.2,8.0,3.4,3.5
2023-09-08 17:30:00+00:00,22.1,8.0,3.4,2.4
2023-09-08 17:40:00+00:00,22.1,8.0,3.45,1.75
2023-09-08 17:50:00+00:00,22.1,8.0,3.5,1.1
2023-09-08 18:00:00+00:00,22.1,8.0,3.5,0.7
2023-09-08 18:10:00+00:00,22.040000000000003,8.1,3.5,0.69
2023-09-08 18:20:00+00:00,21.98,8.2,3.5,0.6799999999999999
2023-09-08 18:30:00+00:00,21.92,8.3,3.5,0.6699999999999999
2023-09-08 18:40:00+00:00,21.86,8.4,3.5,0.6599999999999999
2023-09-08 18:50:00+00:00,21.8,8.5,3.5,0.6499999999999999
2023-09-08 19:00:00+00:00,21.740000000000002,8.6,3.5,0.64
2023-09-08 19:10:00+00:00,21.68,8.7,3.5,0.63
2023-09-08 19:20:00+00:00,21.62,8.8,3.5,0.62
2023-09-08 19:30:00+00:00,21.56,8.9,3.5,0.61
2023-09-08 19:40:00+00:00,21.5,9.0,3.5,0.6
2023-09-08 19:50:00+00:00,21.446153846153845,9.076923076923077,3.5,0.6
2023-09-08 20:00:00+00:00,21.392307692307693,9.153846153846153,3.5,0.6
2023-09-08 20:10:00+00:00,21.338461538461537,9.23076923076923,3.5,0.6
2023-09-08 20:20:00+00:00,21.284615384615385,9.307692307692308,3.5,0.6
2023-09-08 20:30:00+00:00,21.23076923076923,9.384615384615385,3.5,0.6
2023-09-08 20:40:00+00:00,21.176923076923078,9.461538461538462,3.5,0.6
2023-09-08 20:50:00+00:00,21.123076923076923,9.538461538461538,3.5,0.6
2023-09-08 21:00:00+00:00,21.06923076923077,9.615384615384615,3.5,0.6
2023-09-08 21:10:00+00:00,21.015384615384615,9.692307692307692,3.5,0.6
2023-09-08 21:20:00+00:00,20.961538461538463,9.76923076923077,3.5,0.6
2023-09-08 21:30:00+00:00,20.907692307692308,9.846153846153847,3.5,0.6
2023-09-08 21:40:00+00:00,20.853846153846156,9.923076923076923,3.5,0.6
2023-09-08 21:50:00+00:00,20.8,10.0,3.5,0.6
2023-09-08 22:00:00+00:00,20.740000000000002,10.1,3.5,0.6
2023-09-08 22:10:00+00:00,20.68,10.2,3.5,0.6
2023-09-08 22:20:00+00:00,20.62,10.3,3.5,0.6
2023-09-08 22:30:00+00:00,20.56,10.4,3.5,0.6
2023-09-08 22:40:00+00:00,20.5,10.5,3.5,0.6
2023-09-08 22:50:00+00:00,20.44,10.6,3.5,0.6
2023-09-08 23:00:00+00:00,20.38,10.7,3.5,0.6
2023-09-08 23:10:00+00:00,20.32,10.8,3.5,0.6
2023-09-08 23:20:00+00:00,20.259999999999998,10.9,3.5,0.6
2023-09-08 23:30:00+00:00,20.2,11.0,3.5,0.6
2023-09-08 23:40:00+00:00,20.14,11.1,3.5,0.6
2023-09-08 23:50:00+00:00,20.08,11.2,3.5,0.6
2023-09-09 00:00:00+00:00,20.02,11.3,3.5,0.6
2023-09-09 00:10:00+00:00,19.96,11.4,3.5,0.6
2023-09-09 00:20:00+00:00,19.9,11.5,3.5,0.6
2023-09-09 00:30:00+00:00,19.84,11.6,3.5,0.6
2023-09-09 00:40:00+00:00,19.78,11.7,3.5,0.6
2023-09-09 00:50:00+00:00,19.720000000000002,11.8,3.5,0.6
2023-09-09 01:00:00+00:00,19.66,11.9,3.5,0.6
2023-09-09 01:10:00+00:00,19.6,12.0,3.5,0.6
2023-09-09 01:20:00+00:00,19.55,12.1,3.51,0.6
2023-09-09 01:30:00+00:00,19.5,12.2,3.52,0.6
2023-09-09 01:40:00+00:00,19.450000000000003,12.3,3.5300000000000002,0.6
2023-09-09 01:50:00+00:00,19.400000000000002,12.4,3.54,0.6
2023-09-09 02:00:00+00:00,19.35,12.5,3.55,0.6
2023-09-09 02:10:00+00:00,19.3,12.6,3.56,0.6
2023-09-09 02:20:00+00:00,19.25,12.7,3.5700000000000003,0.6
2023-09-09 02:30:00+00:00,19.200000000000003,12.8,3.58,0.6
2023-09-09 02:40:00+00:00,19.150000000000002,12.9,3.59,0.6
2023-09-09 02:50:00+00:00,19.1,13.0,3.6,0.6
2023-09-09 03:00:00+00:00,19.05,13.0,3.6,0.8999999999999999
2023-09-09 03:10:00+00:00,19.0,13.0,3.6,1.2
2023-09-09 03:20:00+00:00,18.950000000000003,13.0,3.6,1.5
2023-09-09 03:30:00+00:00,18.900000000000002,13.0,3.6,1.7999999999999998
2023-09-09 03:40:00+00:00,18.85,13.0,3.6,2.1
2023-09-09 03:50:00+00:00,18.8,13.0,3.6,2.4
2023-09-09 04:00:00+00:00,18.75,13.0,3.6,2.7
2023-09-09 04:10:00+00:00,18.700000000000003,13.0,3.6,3.0
2023-09-09 04:20:00+00:00,18.650000000000002,13.0,3.6,3.3
2023-09-09 04:30:00+00:00,18.6,13.0,3.6,3.6
2023-09-09 04:40:00+00:00,18.5,13.0,3.5,4.0
2023-09-09 04:50:00+00:00,18.4,14.0,3.5,4.0
2023-09-09 05:00:00+00:00,18.4,13.0,3.6,4.0
2023-09-09 05:10:00+00:00,18.3,14.0,3.5,4.0
2023-09-09 05:20:00+00:00,18.3,14.0,3.5,4.0
2023-09-09 05:30:00+00:00,18.3,13.0,3.5,4.0
2023-09-09 05:40:00+00:00,18.2,14.0,3.5,4.0
2023-09-09 05:50:00+00:00,18.2,14.0,3.5,4.0
2023-09-09 06:00:00+00:00,18.1,14.0,3.5,4.0
2023-09-09 06:10:00+00:00,18.1,14.0,3.5,4.0
2023-09-09 06:20:00+00:00,18.1,14.5,3.5,4.0
2023-09-09 06:30:00+00:00,18.1,15.0,3.5,4.0
2023-09-09 06:40:00+00:00,18.1,15.0,3.5,4.0
2023-09-09 06:50:00+00:00,18.0,15.0,3.5,4.0
2023-09-09 07:00:00+00:00,18.0,15.0,3.5,4.0
2023-09-09 07:10:00+00:00,18.0,15.0,3.5,4.0
2023-09-09 07:20:00+00:00,18.0,15.0,3.5,4.0
2023-09-09 07:30:00+00:00,18.0,14.0,3.4,4.0
2023-09-09 07:40:00+00:00,18.0,15.0,3.4,4.0
2023-09-09 07:50:00+00:00,18.0,15.0,3.4,4.0
2023-09-09 08:00:00+00:00,18.0,15.0,3.4,4.0
2023-09-09 08:10:00+00:00,18.0,14.5,3.4,4.0
2023-09-09 08:20:00+00:00,18.0,14.0,3.4,4.0
2023-09-09 08:30:00+00:00,18.0,14.0,3.4,4.0
2023-09-09 08:40:00+00:00,18.0,14.0,3.5,4.6
2023-09-09 08:50:00+00:00,18.0,13.0,3.5,5.9
2023-09-09 09:00:00+00:00,18.1,12.0,3.5,6.0
2023-09-09 09:10:00+00:00,18.1,12.0,3.6,5.9
2023-09-09 09:20:00+00:00,18.1,11.0,3.6,5.9
2023-09-09 09:30:00+00:00,18.1,10.0,3.6,5.9
2023-09-09 09:40:00+00:00,18.2,11.0,3.6,5.9
2023-09-09 09:50:00+00:00,18.3,10.0,3.6,6.0
2023-09-09 10:00:00+00:00,18.35,10.0,3.6,6.0
2023-09-09 10:10:00+00:00,18.4,10.0,3.6,6.0
2023-09-09 10:20:00+00:00,18.5,9.0,3.6,6.0
2023-09-09 10:30:00+00:00,18.5,9.0,3.6,6.1
2023-09-09 10:40:00+00:00,18.6,9.0,3.7,5.9
2023-09-09 10:50:00+00:00,18.7,9.0,3.7,6.0
2023-09-09 11:00:00+00:00,18.8,9.0,3.8,5.9
2023-09-09 11:10:00+00:00,19.0,8.0,3.8,5.9
2023-09-09 11:20:00+00:00,19.0,8.0,3.8,5.9
2023-09-09 11:30:00+00:00,19.1,8.0,3.8,5.8
2023-09-09 11:40:00+00:00,19.200000000000003,7.5,3.8,5.8
2023-09-09 11:50:00+00:00,19.3,7.0,3.8,5.8
2023-09-09 12:00:00+00:00,19.4,7.0,4.0,5.8
2023-09-09 12:10:00+00:00,19.5,7.0,4.0,5.9
2023-09-09 12:20:00+00:00,19.6,7.0,3.9,6.0
2023-09-09 12:30:00+00:00,19.8,7.0,3.8,6.0
2023-09-09 12:40:00+00:00,19.9,7.0,3.7,6.0
2023-09-09 12:50:00+00:00,20.0,7.0,3.8,6.0
2023-09-09 13:00:00+00:00,20.1,7.0,3.7,6.0
2023-09-09 13:10:00+00:00,20.3,7.0,3.7,6.0
2023-09-09 13:20:00+00:00,20.4,7.0,3.7,5.9
2023-09-09 13:30:00+00:00,20.45,6.5,3.7,5.9
2023-09-09 13:40:00+00:00,20.5,6.0,3.7,5.9
2023-09-09 13:50:00+00:00,20.6,6.0,3.6,5.8
2023-09-09 14:00:00+00:00,20.8,6.0,3.7,5.8
2023-09-09 14:10:00+00:00,20.9,6.0,3.8,5.9
2023-09-09 14:20:00+00:00,21.0,6.0,3.6,5.8
2023-09-09 14:30:00+00:00,21.1,6.0,3.6,5.8
2023-09-09 14:40:00+00:00,21.1,6.0,3.5,5.7
2023-09-09 14:50:00+00:00,21.3,6.0,3.5,5.7
2023-09-09 15:00:00+00:00,21.3,6.0,3.5,5.6
2023-09-09 15:10:00+00:00,21.4,6.0,3.5,5.2
2023-09-09 15:20:00+00:00,21.45,6.5,3.45,4.800000000000001
2023-09-09 15:30:00+00:00,21.5,7.0,3.4,4.4
2023-09-09 15:40:00+00:00,21.5,7.0,3.4,4.3
2023-09-09 15:50:00+00:00,21.6,7.0,3.4,5.4
2023-09-09 16:00:00+00:00,21.6,7.0,3.4,5.8
2023-09-09 16:10:00+00:00,21.6,7.0,3.4,4.3
2023-09-09 16:20:00+00:00,21.6,7.0,3.4,5.5
2023-09-09 16:30:00+00:00,21.7,7.0,3.4,4.7
2023-09-09 16:40:00+00:00,21.7,7.0,3.4,5.3
2023-09-09 16:50:00+00:00,21.6,7.0,3.4,4.9
2023-09-09 17:00:00+00:00,21.7,7.0,3.4,4.5
2023-09-09 17:10:00+00:00,21.65,7.0,3.4,4.25
2023-09-09 17:20:00+00:00,21.6,7.0,3.4,4.0
2023-09-09 17:30:00+00:00,21.6,7.0,3.5,3.7
2023-09-09 17:40:00+00:00,21.6,7.0,3.4,2.0
2023-09-09 17:50:00+00:00,21.6,8.0,3.5,1.0
2023-09-09 18:00:00+00:00,21.6,8.0,3.5,0.7
2023-09-09 18:10:00+00:00,21.55,8.0,3.5,0.69
2023-09-09 18:20:00+00:00,21.5,8.0,3.5,0.6799999999999999
2023-09-09 18:30:00+00:00,21.450000000000003,8.0,3.5,0.6699999999999999
2023-09-09 18:40:00+00:00,21.400000000000002,8.0,3.5,0.6599999999999999
2023-09-09 18:50:00+00:00,21.35,8.0,3.5,0.6499999999999999
2023-09-09 19:00:00+00:00,21.3,8.0,3.5,0.64
2023-09-09 19:10:00+00:00,21.25,8.0,3.5,0.63
2023-09-09 19:20:00+00:00,21.200000000000003,8.0,3.5,0.62
2023-09-09 19:30:00+00:00,21.150000000000002,8.0,3.5,0.61
2023-09-09 19:40:00+00:00,21.1,8.0,3.5,0.6
2023-09-09 19:50:00+00:00,21.040000000000003,8.1,3.5,0.6
2023-09-09 20:00:00+00:00,20.98,8.2,3.5,0.6
2023-09-09 20:10:00+00:00,20.92,8.3,3.5,0.6
2023-09-09 20:20:00+00:00,20.86,8.4,3.5,0.6
2023-09-09 20:30:00+00:00,20.8,8.5,3.5,0.6
2023-09-09 20:40:00+00:00,20.740000000000002,8.6,3.5,0.6
2023-09-09 20:50:00+00:00,20.68,8.7,3.5,0.6
2023-09-09 21:00:00+00:00,20.62,8.8,3.5,0.6
2023-09-09 21:10:00+00:00,20.56,8.9,3.5,0.6
2023-09-09 21:20:00+00:00,20.5,9.0,3.5,0.6
2023-09-09 21:30:00+00:00,20.453846153846154,9.0,3.5,0.6
2023-09-09 21:40:00+00:00,20.407692307692308,9.0,3.5,0.6
2023-09-09 21:50:00+00:00,20.361538461538462,9.0,3.5,0.6
2023-09-09 22:00:00+00:00,20.315384615384616,9.0,3.5,0.6
2023-09-09 22:10:00+00:00,20.26923076923077,9.0,3.5,0.6
2023-09-09 22:20:00+00:00,20.223076923076924,9.0,3.5,0.6
2023-09-09 22:30:00+00:00,20.176923076923075,9.0,3.5,0.6
2023-09-09 22:40:00+00:00,20.13076923076923,9.0,3.5,0.6
2023-09-09 22:50:00+00:00,20.084615384615383,9.0,3.5,0.6
2023-09-09 23:00:00+00:00,20.038461538461537,9.0,3.5,0.6
2023-09-09 23:10:00+00:00,19.99230769230769,9.0,3.5,0.6
2023-09-09 23:20:00+00:00,19.946153846153845,9.0,3.5,0.6
2023-09-09 23:30:00+00:00,19.9,9.0,3.5,0.6
2023-09-09 23:40:00+00:00,19.84,9.1,3.5,0.6
2023-09-09 23:50:00+00:00,19.779999999999998,9.2,3.5,0.6
2023-09-10 00:00:00+00:00,19.72,9.3,3.5,0.6
2023-09-10 00:10:00+00:00,19.66,9.4,3.5,0.6
2023-09-10 00:20:00+00:00,19.6,9.5,3.5,0.6
2023-09-10 00:30:00+00:00,19.54,9.6,3.5,0.6
2023-09-10 00:40:00+00:00,19.48,9.7,3.5,0.6
2023-09-10 00:50:00+00:00,19.42,9.8,3.5,0.6
2023-09-10 01:00:00+00:00,19.36,9.9,3.5,0.6
2023-09-10 01:10:00+00:00,19.3,10.0,3.5,0.6
2023-09-10 01:20:00+00:00,19.25,10.0,3.51,0.6
2023-09-10 01:30:00+00:00,19.2,10.0,3.52,0.6
2023-09-10 01:40:00+00:00,19.150000000000002,10.0,3.5300000000000002,0.6
2023-09-10 01:50:00+00:00,19.1,10.0,3.54,0.6
2023-09-10 02:00:00+00:00,19.05,10.0,3.55,0.6
2023-09-10 02:10:00+00:00,19.0,10.0,3.56,0.6
2023-09-10 02:20:00+00:00,18.95,10.0,3.5700000000000003,0.6
2023-09-10 02:30:00+00:00,18.900000000000002,10.0,3.58,0.6
2023-09-10 02:40:00+00:00,18.85,10.0,3.59,0.6
2023-09-10 02:50:00+00:00,18.8,10.0,3.6,0.6
2023-09-10 03:00:00+00:00,18.75,10.1,3.59,0.9099999999999999
2023-09-10 03:10:00+00:00,18.7,10.2,3.58,1.22
2023-09-10 03:20:00+00:00,18.650000000000002,10.3,3.5700000000000003,1.5299999999999998
2023-09-10 03:30:00+00:00,18.6,10.4,3.56,1.8399999999999999
2023-09-10 03:40:00+00:00,18.55,10.5,3.55,2.15
2023-09-10 03:50:00+00:00,18.5,10.6,3.54,2.46
2023-09-10 04:00:00+00:00,18.45,10.7,3.5300000000000002,2.77
2023-09-10 04:10:00+00:00,18.400000000000002,10.8,3.52,3.08
2023-09-10 04:20:00+00:00,18.35,10.9,3.51,3.39
2023-09-10 04:30:00+00:00,18.3,11.0,3.5,3.7
2023-09-10 04:40:00+00:00,18.2,12.0,3.5,4.0
2023-09-10 04:50:00+00:00,18.1,12.0,3.6,4.0
2023-09-10 05:00:00+00:00,18.1,12.0,3.5,4.0
2023-09-10 05:10:00+00:00,18.1,12.0,3.5,4.0
2023-09-10 05:20:00+00:00,18.0,11.0,3.5,4.0
2023-09-10 05:30:00+00:00,18.0,12.0,3.5,4.0
2023-09-10 05:40:00+00:00,17.9,12.0,3.5,4.0
2023-09-10 05:50:00+00:00,17.9,12.0,3.5,4.0
2023-09-10 06:00:00+00:00,17.9,12.0,3.5,4.0
2023-09-10 06:10:00+00:00,17.8,12.0,3.5,4.0
2023-09-10 06:20:00+00:00,17.8,12.0,3.5,4.0
2023-09-10 06:30:00+00:00,17.8,12.0,3.5,4.0
2023-09-10 06:40:00+00:00,17.8,12.0,3.5,4.0
2023-09-10 06:50:00+00:00,17.7,12.0,3.5,4.0
2023-09-10 07:00:00+00:00,17.7,12.0,3.5,4.0
2023-09-10 07:10:00+00:00,17.7,12.0,3.4,4.0
2023-09-10 07:20:00+00:00,17.6,12.0,3.4,4.0
2023-09-10 07:30:00+00:00,17.6,11.0,3.4,4.0
2023-09-10 07:40:00+00:00,17.6,11.0,3.4,4.0
2023-09-10 07:50:00+00:00,17.6,11.0,3.4,4.0
2023-09-10 08:00:00+00:00,17.6,10.0,3.4,4.0
2023-09-10 08:10:00+00:00,17.6,10.0,3.4,4.0
2023-09-10 08:20:00+00:00,17.6,10.0,3.4,4.0
2023-09-10 08:30:00+00:00,17.7,10.0,3.5,4.0
2023-09-10 08:40:00+00:00,17.7,9.0,3.5,4.0
2023-09-10 08:50:00+00:00,17.7,9.0,3.5,5.8
2023-09-10 09:00:00+00:00,17.8,8.0,3.5,6.0
2023-09-10 09:10:00+00:00,17.8,8.0,3.5,6.1
2023-09-10 09:20:00+00:00,17.9,7.0,3.5,6.0
2023-09-10 09:30:00+00:00,17.9,7.0,3.5,6.05
2023-09-10 09:40:00+00:00,17.9,7.0,3.5,6.1
2023-09-10 09:50:00+00:00,18.0,6.0,3.6,6.0
2023-09-10 10:00:00+00:00,18.1,6.0,3.6,6.1
2023-09-10 10:10:00+00:00,18.1,6.0,3.7,6.1
2023-09-10 10:20:00+00:00,18.3,5.0,3.7,6.1
2023-09-10 10:30:00+00:00,18.3,6.0,3.7,6.0
2023-09-10 10:40:00+00:00,18.5,5.0,3.7,6.0
2023-09-10 10:50:00+00:00,18.6,4.0,3.7,6.0
2023-09-10 11:00:00+00:00,18.7,5.0,3.7,6.0
2023-09-10 11:10:00+00:00,18.8,5.0,3.8,6.0
2023-09-10 11:20:00+00:00,18.9,4.5,3.8,6.0
2023-09-10 11:30:00+00:00,19.0,4.0,3.8,6.0
2023-09-10 11:40:00+00:00,19.1,4.0,3.8,6.0
2023-09-10 11:50:00+00:00,19.2,4.0,3.9,5.9
2023-09-10 12:00:00+00:00,19.3,4.0,4.0,5.9
2023-09-10 12:10:00+00:00,19.5,4.0,4.0,5.9
2023-09-10 12:20:00+00:00,19.6,4.0,3.9,5.9
2023-09-10 12:30:00+00:00,19.8,4.0,3.8,6.1
2023-09-10 12:40:00+00:00,19.9,4.0,3.8,6.0
2023-09-10 12:50:00+00:00,20.0,4.0,3.9,5.9
2023-09-10 13:00:00+00:00,20.05,4.0,3.8499999999999996,5.95
2023-09-10 13:10:00+00:00,20.1,4.0,3.8,6.0
2023-09-10 13:20:00+00:00,20.3,3.0,4.0,6.0
2023-09-10 13:30:00+00:00,20.5,3.0,4.0,5.9
2023-09-10 13:40:00+00:00,20.5,3.0,4.0,5.9
2023-09-10 13:50:00+00:00,20.7,3.0,3.9,5.9
2023-09-10 14:00:00+00:00,20.8,3.0,4.0,6.0
2023-09-10 14:10:00+00:00,20.9,3.0,3.9,6.0
2023-09-10 14:20:00+00:00,21.0,3.0,3.8,6.0
2023-09-10 14:30:00+00:00,21.1,3.0,3.8,5.9
2023-09-10 14:40:00+00:00,21.3,3.0,3.9,5.9
2023-09-10 14:50:00+00:00,21.3,3.0,3.9,5.9
2023-09-10 15:00:00+00:00,21.3,3.0,3.9,5.9
2023-09-10 15:10:00+00:00,21.5,3.0,3.9,5.9
2023-09-10 15:20:00+00:00,21.6,4.0,3.8,5.9
2023-09-10 15:30:00+00:00,21.6,3.0,3.7,5.9
2023-09-10 15:40:00+00:00,21.7,4.0,3.7,5.9
2023-09-10 15:50:00+00:00,21.8,4.0,3.7,5.8
2023-09-10 16:00:00+00:00,21.8,4.0,3.7,5.7
2023-09-10 16:10:00+00:00,21.9,4.0,3.6,4.3
2023-09-10 16:20:00+00:00,22.0,4.0,3.5,5.4
2023-09-10 16:30:00+00:00,22.0,5.0,3.5,5.2
2023-09-10 16:40:00+00:00,22.0,4.5,3.45,5.050000000000001
2023-09-10 16:50:00+00:00,22.0,4.0,3.4,4.9
2023-09-10 17:00:00+00:00,22.1,4.0,3.4,4.2
2023-09-10 17:10:00+00:00,22.1,5.0,3.4,4.1
2023-09-10 17:20:00+00:00,22.1,5.0,3.4,3.4
2023-09-10 17:30:00+00:00,22.1,5.0,3.5,2.1
2023-09-10 17:40:00+00:00,22.1,5.0,3.4,1.2
2023-09-10 17:50:00+00:00,22.1,5.0,3.4,0.7
2023-09-10 18:00:00+00:00,22.06153846153846,5.076923076923077,3.4076923076923076,0.6923076923076923
2023-09-10 18:10:00+00:00,22.023076923076925,5.153846153846154,3.4153846153846152,0.6846153846153846
2023-09-10 18:20:00+00:00,21.984615384615385,5.230769230769231,3.423076923076923,0.6769230769230768
2023-09-10 18:30:00+00:00,21.946153846153848,5.3076923076923075,3.4307692307692306,0.6692307692307692
2023-09-10 18:40:00+00:00,21.907692307692308,5.384615384615385,3.4384615384615382,0.6615384615384615
2023-09-10 18:50:00+00:00,21.86923076923077,5.461538461538462,3.446153846153846,0.6538461538461539
2023-09-10 19:00:00+00:00,21.83076923076923,5.538461538461538,3.453846153846154,0.6461538461538461
2023-09-10 19:10:00+00:00,21.792307692307695,5.615384615384615,3.4615384615384617,0.6384615384615384
2023-09-10 19:20:00+00:00,21.753846153846155,5.6923076923076925,3.4692307692307693,0.6307692307692307
2023-09-10 19:30:00+00:00,21.715384615384618,5.769230769230769,3.476923076923077,0.6230769230769231
2023-09-10 19:40:00+00:00,21.676923076923078,5.846153846153847,3.4846153846153847,0.6153846153846153
2023-09-10 19:50:00+00:00,21.63846153846154,5.923076923076923,3.4923076923076923,0.6076923076923076
2023-09-10 20:00:00+00:00,21.6,6.0,3.5,0.6
2023-09-10 20:10:00+00:00,21.55,6.1,3.5,0.6
2023-09-10 20:20:00+00:00,21.5,6.2,3.5,0.6
2023-09-10 20:30:00+00:00,21.450000000000003,6.3,3.5,0.6
2023-09-10 20:40:00+00:00,21.400000000000002,6.4,3.5,0.6
2023-09-10 20:50:00+00:00,21.35,6.5,3.5,0.6
2023-09-10 21:00:00+00:00,21.3,6.6,3.5,0.6
2023-09-10 21:10:00+00:00,21.25,6.7,3.5,0.6
2023-09-10 21:20:00+00:00,21.200000000000003,6.8,3.5,0.6
2023-09-10 21:30:00+00:00,21.150000000000002,6.9,3.5,0.6
2023-09-10 21:40:00+00:00,21.1,7.0,3.5,0.6
2023-09-10 21:50:00+00:00,21.040000000000003,7.0,3.5,0.6
2023-09-10 22:00:00+00:00,20.98,7.0,3.5,0.6
2023-09-10 22:10:00+00:00,20.92,7.0,3.5,0.6
2023-09-10 22:20:00+00:00,20.86,7.0,3.5,0.6
2023-09-10 22:30:00+00:00,20.8,7.0,3.5,0.6
2023-09-10 22:40:00+00:00,20.740000000000002,7.0,3.5,0.6
2023-09-10 22:50:00+00:00,20.68,7.0,3.5,0.6
2023-09-10 23:00:00+00:00,20.62,7.0,3.5,0.6
2023-09-10 23:10:00+00:00,20.56,7.0,3.5,0.6
2023-09-10 23:20:00+00:00,20.5,7.0,3.5,0.6
2023-09-10 23:30:00+00:00,20.45,7.1,3.5,0.6
2023-09-10 23:40:00+00:00,20.4,7.2,3.5,0.6
2023-09-10 23:50:00+00:00,20.35,7.3,3.5,0.6
2023-09-11 00:00:00+00:00,20.3,7.4,3.5,0.6
2023-09-11 00:10:00+00:00,20.25,7.5,3.5,0.6
2023-09-11 00:20:00+00:00,20.2,7.6,3.5,0.6
2023-09-11 00:30:00+00:00,20.15,7.7,3.5,0.6
2023-09-11 00:40:00+00:00,20.1,7.8,3.5,0.6
2023-09-11 00:50:00+00:00,20.05,7.9,3.5,0.6
2023-09-11 01:00:00+00:00,20.0,8.0,3.5,0.6
2023-09-11 01:10:00+00:00,19.94,8.1,3.5,0.6
2023-09-11 01:20:00+00:00,19.88,8.2,3.5,0.6
2023-09-11 01:30:00+00:00,19.82,8.3,3.5,0.6
2023-09-11 01:40:00+00:00,19.759999999999998,8.4,3.5,0.6
2023-09-11 01:50:00+00:00,19.7,8.5,3.5,0.6
2023-09-11 02:00:00+00:00,19.64,8.6,3.5,0.6
2023-09-11 02:10:00+00:00,19.58,8.7,3.5,0.6
2023-09-11 02:20:00+00:00,19.52,8.8,3.5,0.6
2023-09-11 02:30:00+00:00,19.459999999999997,8.9,3.5,0.6
2023-09-11 02:40:00+00:00,19.4,9.0,3.5,0.6
2023-09-11 02:50:00+00:00,19.349999999999998,9.1,3.51,0.85
2023-09-11 03:00:00+00:00,19.299999999999997,9.2,3.52,1.1
2023-09-11 03:10:00+00:00,19.25,9.3,3.5300000000000002,1.35
2023-09-11 03:20:00+00:00,19.2,9.4,3.54,1.6
2023-09-11 03:30:00+00:00,19.15,9.5,3.55,1.85
2023-09-11 03:40:00+00:00,19.099999999999998,9.6,3.56,2.1
2023-09-11 03:50:00+00:00,19.049999999999997,9.7,3.5700000000000003,2.35
2023-09-11 04:00:00+00:00,19.0,9.8,3.58,2.6
2023-09-11 04:10:00+00:00,18.95,9.9,3.59,2.85
2023-09-11 04:20:00+00:00,18.9,10.0,3.6,3.1
2023-09-11 04:30:00+00:00,18.8,9.0,3.5,4.0
2023-09-11 04:40:00+00:00,18.7,10.0,3.6,4.0
2023-09-11 04:50:00+00:00,18.6,10.0,3.5,3.8
2023-09-11 05:00:00+00:00,18.6,10.0,3.5,4.0
2023-09-11 05:10:00+00:00,18.6,10.0,3.5,4.0
2023-09-11 05:20:00+00:00,18.55,10.0,3.5,4.0
2023-09-11 05:30:00+00:00,18.5,10.0,3.5,4.0
2023-09-11 05:40:00+00:00,18.5,10.0,3.5,4.0
2023-09-11 05:50:00+00:00,18.5,10.0,3.5,4.0
2023-09-11 06:00:00+00:00,18.4,10.0,3.5,4.0
2023-09-11 06:10:00+00:00,18.3,10.0,3.5,4.0
2023-09-11 06:20:00+00:00,18.3,9.0,3.5,4.0
2023-09-11 06:30:00+00:00,18.3,9.0,3.5,4.0
2023-09-11 06:40:00+00:00,18.3,9.0,3.5,4.0
2023-09-11 06:50:00+00:00,18.2,9.0,3.5,4.0
2023-09-11 07:00:00+00:00,18.2,9.0,3.5,4.0
2023-09-11 07:10:00+00:00,18.15,9.0,3.5,4.0
2023-09-11 07:20:00+00:00,18.1,9.0,3.5,4.0
2023-09-11 07:30:00+00:00,18.1,9.0,3.4,4.0
2023-09-11 07:40:00+00:00,18.1,9.0,3.4,4.0
2023-09-11 07:50:00+00:00,18.1,8.0,3.5,4.0
2023-09-11 08:00:00+00:00,18.1,8.0,3.5,4.0
2023-09-11 08:10:00+00:00,18.1,8.0,3.5,4.0
2023-09-11 08:20:00+00:00,18.1,7.0,3.5,4.0
2023-09-11 08:30:00+00:00,18.1,7.0,3.5,4.0
2023-09-11 08:40:00+00:00,18.1,7.0,3.5,5.4
2023-09-11 08:50:00+00:00,18.2,6.0,3.6,5.7
2023-09-11 09:00:00+00:00,18.2,6.0,3.6,5.75
2023-09-11 09:10:00+00:00,18.2,6.0,3.6,5.8
2023-09-11 09:20:00+00:00,18.3,6.0,3.7,5.8
2023-09-11 09:30:00+00:00,18.3,5.0,3.8,5.8
2023-09-11 09:40:00+00:00,18.4,5.0,3.8,5.8
2023-09-11 09:50:00+00:00,18.5,5.0,3.8,5.8
2023-09-11 10:00:00+00:00,18.5,5.0,3.9,5.9
2023-09-11 10:10:00+00:00,18.6,5.0,3.9,5.9
2023-09-11 10:20:00+00:00,18.7,5.0,3.9,5.9
2023-09-11 10:30:00+00:00,18.8,4.0,3.8,5.9
2023-09-11 10:40:00+00:00,19.0,4.0,4.0,5.8
2023-09-11 10:50:00+00:00,19.0,4.0,3.9,5.85
2023-09-11 11:00:00+00:00,19.0,4.0,3.8,5.9
2023-09-11 11:10:00+00:00,19.1,4.0,4.0,5.8
2023-09-11 11:20:00+00:00,19.3,3.0,4.2,5.7
2023-09-11 11:30:00+00:00,19.5,4.0,4.1,5.9
2023-09-11 11:40:00+00:00,19.6,4.0,3.9,5.8
2023-09-11 11:50:00+00:00,19.7,3.0,4.1,5.8
2023-09-11 12:00:00+00:00,19.8,3.0,4.2,5.8
2023-09-11 12:10:00+00:00,20.0,3.0,4.0,5.8
2023-09-11 12:20:00+00:00,20.1,3.0,4.3,5.9
2023-09-11 12:30:00+00:00,20.15,3.0,4.25,5.9
2023-09-11 12:40:00+00:00,20.2,3.0,4.2,5.9
2023-09-11 12:50:00+00:00,20.4,3.0,4.0,5.8
2023-09-11 13:00:00+00:00,20.5,3.0,4.1,5.8
2023-09-11 13:10:00+00:00,20.6,3.0,3.9,5.8
2023-09-11 13:20:00+00:00,20.8,3.0,3.8,5.8
2023-09-11 13:30:00+00:00,20.9,3.0,3.8,5.9
2023-09-11 13:40:00+00:00,21.0,3.0,3.8,5.8
2023-09-11 13:50:00+00:00,21.1,3.0,3.7,5.9
2023-09-11 14:00:00+00:00,21.3,4.0,3.6,6.0
2023-09-11 14:10:00+00:00,21.4,4.0,3.5,6.0
2023-09-11 14:20:00+00:00,21.45,4.0,3.5,6.0
2023-09-11 14:30:00+00:00,21.5,4.0,3.5,6.0
2023-09-11 14:40:00+00:00,21.6,4.0,3.5,6.0
2023-09-11 14:50:00+00:00,21.7,4.0,3.5,5.9
2023-09-11 15:00:00+00:00,21.8,4.0,3.5,5.9
2023-09-11 15:10:00+00:00,21.9,5.0,3.5,5.9
2023-09-11 15:20:00+00:00,22.0,4.0,3.5,5.6
2023-09-11 15:30:00+00:00,22.1,5.0,3.5,4.2
2023-09-11 15:40:00+00:00,22.1,5.0,3.4,5.5
2023-09-11 15:50:00+00:00,22.1,5.0,3.4,5.6
2023-09-11 16:00:00+00:00,22.2,5.0,3.4,5.8
2023-09-11 16:10:00+00:00,22.25,5.0,3.4,5.35
2023-09-11 16:20:00+00:00,22.3,5.0,3.4,4.9
2023-09-11 16:30:00+00:00,22.3,5.0,3.4,4.5
2023-09-11 16:40:00+00:00,22.3,5.0,3.4,5.2
2023-09-11 16:50:00+00:00,22.3,6.0,3.4,4.6
2023-09-11 17:00:00+00:00,22.3,6.0,3.4,4.1
2023-09-11 17:10:00+00:00,22.3,6.0,3.4,3.9
2023-09-11 17:20:00+00:00,22.3,6.0,3.5,3.3
2023-09-11 17:30:00+00:00,22.2,6.0,3.5,1.6
2023-09-11 17:40:00+00:00,22.2,6.0,3.4,0.7
2023-09-11 17:50:00+00:00,22.14,6.1,3.41,0.69
2023-09-11 18:00:00+00:00,22.08,6.2,3.42,0.6799999999999999
2023-09-11 18:10:00+00:00,22.02,6.3,3.4299999999999997,0.6699999999999999
2023-09-11 18:20:00+00:00,21.96,6.4,3.44,0.6599999999999999
2023-09-11 18:30:00+00:00,21.9,6.5,3.45,0.6499999999999999
2023-09-11 18:40:00+00:00,21.84,6.6,3.46,0.64
2023-09-11 18:50:00+00:00,21.78,6.7,3.4699999999999998,0.63
2023-09-11 19:00:00+00:00,21.720000000000002,6.8,3.48,0.62
2023-09-11 19:10:00+00:00,21.66,6.9,3.49,0.61
2023-09-11 19:20:00+00:00,21.6,7.0,3.5,0.6
2023-09-11 19:30:00+00:00,21.557142857142857,7.0,3.5,0.6
2023-09-11 19:40:00+00:00,21.514285714285716,7.0,3.5,0.6
2023-09-11 19:50:00+00:00,21.47142857142857,7.0,3.5,0.6
2023-09-11 20:00:00+00:00,21.42857142857143,7.0,3.5,0.6
2023-09-11 20:10:00+00:00,21.385714285714286,7.0,3.5,0.6
2023-09-11 20:20:00+00:00,21.342857142857145,7.0,3.5,0.6
2023-09-11 20:30:00+00:00,21.3,7.0,3.5,0.6
2023-09-11 20:40:00+00:00,21.257142857142856,7.0,3.5,0.6
2023-09-11 20:50:00+00:00,21.214285714285715,7.0,3.5,0.6
2023-09-11 21:00:00+00:00,21.17142857142857,7.0,3.5,0.6
2023-09-11 21:10:00+00:00,21.12857142857143,7.0,3.5,0.6
2023-09-11 21:20:00+00:00,21.085714285714285,7.0,3.5,0.6
2023-09-11 21:30:00+00:00,21.042857142857144,7.0,3.5,0.6
2023-09-11 21:40:00+00:00,21.0,7.0,3.5,0.6
2023-09-11 21:50:00+00:00,20.94,7.1,3.5,0.6
2023-09-11 22:00:00+00:00,20.88,7.2,3.5,0.6
2023-09-11 22:10:00+00:00,20.82,7.3,3.5,0.6
2023-09-11 22:20:00+00:00,20.759999999999998,7.4,3.5,0.6
2023-09-11 22:30:00+00:00,20.7,7.5,3.5,0.6
2023-09-11 22:40:00+00:00,20.64,7.6,3.5,0.6
2023-09-11 22:50:00+00:00,20.58,7.7,3.5,0.6
2023-09-11 23:00:00+00:00,20.52,7.8,3.5,0.6
2023-09-11 23:10:00+00:00,20.459999999999997,7.9,3.5,0.6
2023-09-11 23:20:00+00:00,20.4,8.0,3.5,0.6
2023-09-11 23:30:00+00:00,20.34,8.0,3.5,0.6
2023-09-11 23:40:00+00:00,20.279999999999998,8.0,3.5,0.6
2023-09-11 23:50:00+00:00,20.22,8.0,3.5,0.6
2023-09-12 00:00:00+00:00,20.16,8.0,3.5,0.6
2023-09-12 00:10:00+00:00,20.1,8.0,3.5,0.6
2023-09-12 00:20:00+00:00,20.04,8.0,3.5,0.6
2023-09-12 00:30:00+00:00,19.98,8.0,3.5,0.6
2023-09-12 00:40:00+00:00,19.92,8.0,3.5,0.6
2023-09-12 00:50:00+00:00,19.86,8.0,3.5,0.6
2023-09-12 01:00:00+00:00,19.8,8.0,3.5,0.6
2023-09-12 01:10:00+00:00,19.75,8.0,3.5,0.6
2023-09-12 01:20:00+00:00,19.7,8.0,3.5,0.6
2023-09-12 01:30:00+00:00,19.650000000000002,8.0,3.5,0.6
2023-09-12 01:40:00+00:00,19.6,8.0,3.5,0.6
2023-09-12 01:50:00+00:00,19.55,8.0,3.5,0.6
2023-09-12 02:00:00+00:00,19.5,8.0,3.5,0.6
2023-09-12 02:10:00+00:00,19.45,8.0,3.5,0.6
2023-09-12 02:20:00+00:00,19.400000000000002,8.0,3.5,0.6
2023-09-12 02:30:00+00:00,19.35,8.0,3.5,0.6
2023-09-12 02:40:00+00:00,19.3,8.0,3.5,0.6
2023-09-12 02:50:00+00:00,19.255000000000003,8.1,3.5,0.85
2023-09-12 03:00:00+00:00,19.21,8.2,3.5,1.1
2023-09-12 03:10:00+00:00,19.165,8.3,3.5,1.35
2023-09-12 03:20:00+00:00,19.12,8.4,3.5,1.6
2023-09-12 03:30:00+00:00,19.075000000000003,8.5,3.5,1.85
2023-09-12 03:40:00+00:00,19.03,8.6,3.5,2.1
2023-09-12 03:50:00+00:00,18.985,8.7,3.5,2.35
2023-09-12 04:00:00+00:00,18.94,8.8,3.5,2.6
2023-09-12 04:10:00+00:00,18.895000000000003,8.9,3.5,2.85
2023-09-12 04:20:00+00:00,18.85,9.0,3.5,3.1
2023-09-12 04:30:00+00:00,18.7,9.0,3.5,4.0
2023-09-12 04:40:00+00:00,18.6,9.0,3.5,4.0
2023-09-12 04:50:00+00:00,18.6,9.0,3.5,4.0
2023-09-12 05:00:00+00:00,18.6,9.0,3.5,4.0
2023-09-12 05:10:00+00:00,18.6,9.0,3.5,4.0
2023-09-12 05:20:00+00:00,18.5,9.0,3.5,4.0
2023-09-12 05:30:00+00:00,18.5,9.0,3.5,3.8
2023-09-12 05:40:00+00:00,18.5,9.0,3.5,4.0
2023-09-12 05:50:00+00:00,18.4,9.0,3.5,4.0
2023-09-12 06:00:00+00:00,18.4,9.0,3.5,4.0
2023-09-12 06:10:00+00:00,18.3,9.0,3.5,4.0
2023-09-12 06:20:00+00:00,18.3,9.0,3.5,4.0
2023-09-12 06:30:00+00:00,18.3,9.0,3.5,4.0
2023-09-12 06:40:00+00:00,18.3,9.0,3.5,4.0
2023-09-12 06:50:00+00:00,18.3,9.0,3.5,4.0
2023-09-12 07:00:00+00:00,18.3,9.0,3.5,4.0
2023-09-12 07:10:00+00:00,18.2,9.0,3.5,4.0
2023-09-12 07:20:00+00:00,18.2,9.0,3.4,4.0
2023-09-12 07:30:00+00:00,18.2,8.0,3.4,4.0
2023-09-12 07:40:00+00:00,18.2,8.0,3.4,4.0
2023-09-12 07:50:00+00:00,18.2,8.0,3.4,4.0
2023-09-12 08:00:00+00:00,18.2,8.0,3.5,4.0
2023-09-12 08:10:00+00:00,18.2,7.0,3.5,4.0
2023-09-12 08:20:00+00:00,18.2,7.0,3.5,4.0
2023-09-12 08:30:00+00:00,18.25,7.0,3.5,4.0
2023-09-12 08:40:00+00:00,18.3,7.0,3.5,4.0
2023-09-12 08:50:00+00:00,18.3,6.0,3.5,5.5
2023-09-12 09:00:00+00:00,18.3,6.0,3.6,5.9
2023-09-12 09:10:00+00:00,18.3,5.0,3.6,6.0
2023-09-12 09:20:00+00:00,18.4,5.0,3.6,5.95
2023-09-12 09:30:00+00:00,18.5,5.0,3.6,5.9
2023-09-12 09:40:00+00:00,18.5,5.0,3.7,6.0
2023-09-12 09:50:00+00:00,18.6,4.0,3.7,6.0
2023-09-12 10:00:00+00:00,18.7,4.0,3.7,6.0
2023-09-12 10:10:00+00:00,18.8,4.0,3.8,6.0
2023-09-12 10:20:00+00:00,18.85,4.0,3.8,5.95
2023-09-12 10:30:00+00:00,18.9,4.0,3.8,5.9
2023-09-12 10:40:00+00:00,19.0,4.0,3.9,5.9
2023-09-12 10:50:00+00:00,19.1,3.0,4.0,5.9
2023-09-12 11:00:00+00:00,19.2,3.0,4.0,5.9
2023-09-12 11:10:00+00:00,19.3,3.0,4.1,5.9
2023-09-12 11:20:00+00:00,19.5,3.0,4.2,6.0
2023-09-12 11:30:00+00:00,19.6,3.0,4.2,6.0
2023-09-12 11:40:00+00:00,19.7,3.0,4.5,5.8
2023-09-12 11:50:00+00:00,19.8,3.0,4.2,5.9
2023-09-12 12:00:00+00:00,20.0,3.0,4.0,6.0
2023-09-12 12:10:00+00:00,20.05,3.0,3.95,6.0
2023-09-12 12:20:00+00:00,20.1,3.0,3.9,6.0
2023-09-12 12:30:00+00:00,20.3,3.0,4.0,5.9
2023-09-12 12:40:00+00:00,20.4,2.5,4.05,5.9
2023-09-12 12:50:00+00:00,20.5,2.0,4.1,5.9
2023-09-12 13:00:00+00:00,20.6,2.0,4.6,5.9
2023-09-12 13:10:00+00:00,20.8,2.0,4.2,5.9
2023-09-12 13:20:00+00:00,20.9,3.0,4.2,5.9
2023-09-12 13:30:00+00:00,21.0,3.0,4.1,5.9
2023-09-12 13:40:00+00:00,21.1,2.0,4.2,5.9
2023-09-12 13:50:00+00:00,21.200000000000003,2.0,4.2,5.9
2023-09-12 14:00:00+00:00,21.3,2.0,4.2,5.9
2023-09-12 14:10:00+00:00,21.4,3.0,4.1,6.0
2023-09-12 14:20:00+00:00,21.5,2.0,4.1,5.8
2023-09-12 14:30:00+00:00,21.6,2.0,4.3,5.9
2023-09-12 14:40:00+00:00,21.8,2.0,4.2,5.9
2023-09-12 14:50:00+00:00,21.8,3.0,4.5,5.8
2023-09-12 15:00:00+00:00,21.9,2.0,4.2,5.8
2023-09-12 15:10:00+00:00,22.0,2.0,3.8,5.9
2023-09-12 15:20:00+00:00,22.1,3.0,3.6,5.7
2023-09-12 15:30:00+00:00,22.1,4.0,3.5,6.0
2023-09-12 15:40:00+00:00,22.15,3.5,3.5,5.85
2023-09-12 15:50:00+00:00,22.2,3.0,3.5,5.7
2023-09-12 16:00:00+00:00,22.3,4.0,3.5,5.1
2023-09-12 16:10:00+00:00,22.3,4.0,3.5,4.8
2023-09-12 16:20:00+00:00,22.4,4.0,3.5,4.2
2023-09-12 16:30:00+00:00,22.4,3.0,3.4,5.4
2023-09-12 16:40:00+00:00,22.5,4.0,3.4,5.1
2023-09-12 16:50:00+00:00,22.5,4.0,3.4,4.5
2023-09-12 17:00:00+00:00,22.5,4.0,3.4,4.0
2023-09-12 17:10:00+00:00,22.5,4.0,3.4,3.3
2023-09-12 17:20:00+00:00,22.5,5.0,3.4,2.2
2023-09-12 17:30:00+00:00,22.5,5.0,3.4,1.6500000000000001
2023-09-12 17:40:00+00:00,22.5,5.0,3.4,1.1
2023-09-12 17:50:00+00:00,22.4,5.0,3.4,0.7
2023-09-12 18:00:00+00:00,22.36,5.0,3.41,0.69
2023-09-12 18:10:00+00:00,22.32,5.0,3.42,0.6799999999999999
2023-09-12 18:20:00+00:00,22.279999999999998,5.0,3.4299999999999997,0.6699999999999999
2023-09-12 18:30:00+00:00,22.24,5.0,3.44,0.6599999999999999
2023-09-12 18:40:00+00:00,22.2,5.0,3.45,0.6499999999999999
2023-09-12 18:50:00+00:00,22.16,5.0,3.46,0.64
2023-09-12 19:00:00+00:00,22.12,5.0,3.4699999999999998,0.63
2023-09-12 19:10:00+00:00,22.08,5.0,3.48,0.62
2023-09-12 19:20:00+00:00,22.04,5.0,3.49,0.61
2023-09-12 19:30:00+00:00,22.0,5.0,3.5,0.6
2023-09-12 19:40:00+00:00,21.94,5.1,3.5,0.6
2023-09-12 19:50:00+00:00,21.88,5.2,3.5,0.6
2023-09-12 20:00:00+00:00,21.82,5.3,3.5,0.6
2023-09-12 20:10:00+00:00,21.759999999999998,5.4,3.5,0.6
2023-09-12 20:20:00+00:00,21.7,5.5,3.5,0.6
2023-09-12 20:30:00+00:00,21.64,5.6,3.5,0.6
2023-09-12 20:40:00+00:00,21.58,5.7,3.5,0.6
2023-09-12 20:50:00+00:00,21.52,5.8,3.5,0.6
2023-09-12 21:00:00+00:00,21.459999999999997,5.9,3.5,0.6
2023-09-12 21:10:00+00:00,21.4,6.0,3.5,0.6
2023-09-12 21:20:00+00:00,21.353846153846153,6.0,3.5,0.6
2023-09-12 21:30:00+00:00,21.307692307692307,6.0,3.5,0.6
2023-09-12 21:40:00+00:00,21.26153846153846,6.0,3.5,0.6
2023-09-12 21:50:00+00:00,21.215384615384615,6.0,3.5,0.6
2023-09-12 22:00:00+00:00,21.16923076923077,6.0,3.5,0.6
2023-09-12 22:10:00+00:00,21.123076923076923,6.0,3.5,0.6
2023-09-12 22:20:00+00:00,21.076923076923077,6.0,3.5,0.6
2023-09-12 22:30:00+00:00,21.03076923076923,6.0,3.5,0.6
2023-09-12 22:40:00+00:00,20.984615384615385,6.0,3.5,0.6
2023-09-12 22:50:00+00:00,20.93846153846154,6.0,3.5,0.6
2023-09-12 23:00:00+00:00,20.892307692307693,6.0,3.5,0.6
2023-09-12 23:10:00+00:00,20.846153846153847,6.0,3.5,0.6
2023-09-12 23:20:00+00:00,20.8,6.0,3.5,0.6
2023-09-12 23:30:00+00:00,20.75,6.1,3.5,0.6
2023-09-12 23:40:00+00:00,20.7,6.2,3.5,0.6
2023-09-12 23:50:00+00:00,20.650000000000002,6.3,3.5,0.6
2023-09-13 00:00:00+00:00,20.6,6.4,3.5,0.6
2023-09-13 00:10:00+00:00,20.55,6.5,3.5,0.6
2023-09-13 00:20:00+00:00,20.5,6.6,3.5,0.6
2023-09-13 00:30:00+00:00,20.45,6.7,3.5,0.6
2023-09-13 00:40:00+00:00,20.400000000000002,6.8,3.5,0.6
2023-09-13 00:50:00+00:00,20.35,6.9,3.5,0.6
2023-09-13 01:00:00+00:00,20.3,7.0,3.5,0.6
2023-09-13 01:10:00+00:00,20.25,7.0,3.5,0.6
2023-09-13 01:20:00+00:00,20.2,7.0,3.5,0.6
2023-09-13 01:30:00+00:00,20.150000000000002,7.0,3.5,0.6
2023-09-13 01:40:00+00:00,20.1,7.0,3.5,0.6
2023-09-13 01:50:00+00:00,20.05,7.0,3.5,0.6
2023-09-13 02:00:00+00:00,20.0,7.0,3.5,0.6
2023-09-13 02:10:00+00:00,19.95,7.0,3.5,0.6
2023-09-13 02:20:00+00:00,19.900000000000002,7.0,3.5,0.6
2023-09-13 02:30:00+00:00,19.85,7.0,3.5,0.6
2023-09-13 02:40:00+00:00,19.8,7.0,3.5,0.6
2023-09-13 02:50:00+00:00,19.75,7.0,3.51,0.78
2023-09-13 03:00:00+00:00,19.7,7.0,3.52,0.96
2023-09-13 03:10:00+00:00,19.650000000000002,7.0,3.5300000000000002,1.1400000000000001
2023-09-13 03:20:00+00:00,19.6,7.0,3.54,1.3199999999999998
2023-09-13 03:30:00+00:00,19.55,7.0,3.55,1.5
2023-09-13 03:40:00+00:00,19.5,7.0,3.56,1.6800000000000002
2023-09-13 03:50:00+00:00,19.45,7.0,3.5700000000000003,1.8599999999999999
2023-09-13 04:00:00+00:00,19.400000000000002,7.0,3.58,2.04
2023-09-13 04:10:00+00:00,19.35,7.0,3.59,2.2199999999999998
2023-09-13 04:20:00+00:00,19.3,7.0,3.6,2.4
2023-09-13 04:30:00+00:00,19.1,7.0,3.5,4.0
2023-09-13 04:40:00+00:00,19.1,7.0,3.5,4.0
2023-09-13 04:50:00+00:00,19.0,7.0,3.5,4.0
2023-09-13 05:00:00+00:00,19.0,7.0,3.5,4.0
2023-09-13 05:10:00+00:00,19.0,7.0,3.5,4.0
2023-09-13 05:20:00+00:00,18.9,7.0,3.5,4.0
2023-09-13 05:30:00+00:00,18.9,7.0,3.5,4.0
2023-09-13 05:40:00+00:00,18.8,7.0,3.5,4.0
2023-09-13 05:50:00+00:00,18.8,6.0,3.5,4.0
2023-09-13 06:00:00+00:00,18.8,6.0,3.5,4.0
2023-09-13 06:10:00+00:00,18.75,6.5,3.5,4.0
2023-09-13 06:20:00+00:00,18.7,7.0,3.5,4.0
2023-09-13 06:30:00+00:00,18.7,7.0,3.5,4.0
2023-09-13 06:40:00+00:00,18.7,7.0,3.5,4.0
2023-09-13 06:50:00+00:00,18.6,7.0,3.4,4.0
2023-09-13 07:00:00+00:00,18.6,7.0,3.4,4.0
2023-09-13 07:10:00+00:00,18.6,7.0,3.4,4.0
2023-09-13 07:20:00+00:00,18.6,7.0,3.4,4.0
2023-09-13 07:30:00+00:00,18.6,7.0,3.4,4.0
2023-09-13 07:40:00+00:00,18.6,7.0,3.4,4.0
2023-09-13 07:50:00+00:00,18.6,6.0,3.4,4.0
2023-09-13 08:00:00+00:00,18.6,6.0,3.45,4.0
2023-09-13 08:10:00+00:00,18.6,6.0,3.5,4.0
2023-09-13 08:20:00+00:00,18.7,6.0,3.5,4.0
2023-09-13 08:30:00+00:00,18.7,6.0,3.4,4.0
2023-09-13 08:40:00+00:00,18.8,6.0,3.4,4.0
2023-09-13 08:50:00+00:00,18.8,5.0,3.5,4.0
2023-09-13 09:00:00+00:00,18.8,5.0,3.5,5.8
2023-09-13 09:10:00+00:00,18.9,5.0,3.5,6.0
2023-09-13 09:20:00+00:00,19.0,5.0,3.5,6.0
2023-09-13 09:30:00+00:00,19.0,4.0,3.5,6.0
2023-09-13 09:40:00+00:00,19.1,4.0,3.6,5.9
2023-09-13 09:50:00+00:00,19.1,4.0,3.6,6.0
2023-09-13 10:00:00+00:00,19.1,4.0,3.6,6.1
2023-09-13 10:10:00+00:00,19.2,4.0,3.6,5.8
2023-09-13 10:20:00+00:00,19.3,5.0,3.5,5.8
2023-09-13 10:30:00+00:00,19.4,4.0,3.5,6.1
2023-09-13 10:40:00+00:00,19.5,4.0,3.5,6.1
2023-09-13 10:50:00+00:00,19.5,4.0,3.5,5.9
2023-09-13 11:00:00+00:00,19.6,4.0,3.5,5.8
2023-09-13 11:10:00+00:00,19.7,4.0,3.5,5.9
2023-09-13 11:20:00+00:00,19.8,4.0,3.5,6.1
2023-09-13 11:30:00+00:00,19.8,3.0,3.6,6.1
2023-09-13 11:40:00+00:00,19.85,3.0,3.6,6.1
2023-09-13 11:50:00+00:00,19.9,3.0,3.6,6.1
2023-09-13 12:00:00+00:00,20.0,2.0,3.6,6.1
2023-09-13 12:10:00+00:00,20.1,3.0,3.6,6.0
2023-09-13 12:20:00+00:00,20.1,3.0,3.6,6.1
2023-09-13 12:30:00+00:00,20.3,2.0,3.7,6.1
2023-09-13 12:40:00+00:00,20.3,3.0,3.6,6.0
2023-09-13 12:50:00+00:00,20.5,3.0,3.6,5.8
2023-09-13 13:00:00+00:00,20.5,3.0,3.5,5.7
2023-09-13 13:10:00+00:00,20.6,3.0,3.5,5.0
2023-09-13 13:20:00+00:00,20.7,2.0,3.5,5.4
2023-09-13 13:30:00+00:00,20.75,2.5,3.5,5.2
2023-09-13 13:40:00+00:00,20.8,3.0,3.5,5.0
2023-09-13 13:50:00+00:00,20.8,3.0,3.4,5.4
2023-09-13 14:00:00+00:00,20.9,3.0,3.4,5.8
2023-09-13 14:10:00+00:00,21.0,3.0,3.4,5.3
2023-09-13 14:20:00+00:00,21.0,4.0,3.4,5.7
2023-09-13 14:30:00+00:00,21.0,3.0,3.4,4.9
2023-09-13 14:40:00+00:00,21.1,4.0,3.4,5.8
2023-09-13 14:50:00+00:00,21.1,4.0,3.4,6.1
2023-09-13 15:00:00+00:00,21.1,3.0,3.5,5.7
2023-09-13 15:10:00+00:00,21.1,3.5,3.45,5.45
2023-09-13 15:20:00+00:00,21.1,4.0,3.4,5.2
2023-09-13 15:30:00+00:00,21.1,4.0,3.4,5.3
2023-09-13 15:40:00+00:00,21.1,4.0,3.4,5.3
2023-09-13 15:50:00+00:00,21.1,3.0,3.4,5.5
2023-09-13 16:00:00+00:00,21.1,4.0,3.4,5.1
2023-09-13 16:10:00+00:00,21.1,4.0,3.5,4.6
2023-09-13 16:20:00+00:00,21.1,4.0,3.4,5.0
2023-09-13 16:30:00+00:00,21.1,4.0,3.4,4.0
2023-09-13 16:40:00+00:00,21.1,4.0,3.4,4.4
2023-09-13 16:50:00+00:00,21.1,4.0,3.4,4.0
2023-09-13 17:00:00+00:00,21.1,4.0,3.4,3.75
2023-09-13 17:10:00+00:00,21.1,4.0,3.4,3.5
2023-09-13 17:20:00+00:00,21.1,4.0,3.4,2.3
2023-09-13 17:30:00+00:00,21.1,4.0,3.4,1.6
2023-09-13 17:40:00+00:00,21.1,4.0,3.4,0.7
2023-09-13 17:50:00+00:00,21.076923076923077,4.0,3.4,0.6923076923076923
2023-09-13 18:00:00+00:00,21.053846153846155,4.0,3.4,0.6846153846153846
2023-09-13 18:10:00+00:00,21.03076923076923,4.0,3.4,0.6769230769230768
2023-09-13 18:20:00+00:00,21.00769230769231,4.0,3.4,0.6692307692307692
2023-09-13 18:30:00+00:00,20.984615384615385,4.0,3.4,0.6615384615384615
2023-09-13 18:40:00+00:00,20.961538461538463,4.0,3.4,0.6538461538461539
2023-09-13 18:50:00+00:00,20.93846153846154,4.0,3.4,0.6461538461538461
2023-09-13 19:00:00+00:00,20.915384615384617,4.0,3.4,0.6384615384615384
2023-09-13 19:10:00+00:00,20.892307692307693,4.0,3.4,0.6307692307692307
2023-09-13 19:20:00+00:00,20.86923076923077,4.0,3.4,0.6230769230769231
2023-09-13 19:30:00+00:00,20.846153846153847,4.0,3.4,0.6153846153846153
2023-09-13 19:40:00+00:00,20.823076923076925,4.0,3.4,0.6076923076923076
2023-09-13 19:50:00+00:00,20.8,4.0,3.4,0.6
2023-09-13 20:00:00+00:00,20.77,4.1,3.41,0.6
2023-09-13 20:10:00+00:00,20.740000000000002,4.2,3.42,0.6
2023-09-13 20:20:00+00:00,20.71,4.3,3.4299999999999997,0.6
2023-09-13 20:30:00+00:00,20.68,4.4,3.44,0.6
2023-09-13 20:40:00+00:00,20.65,4.5,3.45,0.6
2023-09-13 20:50:00+00:00,20.62,4.6,3.46,0.6
2023-09-13 21:00:00+00:00,20.59,4.7,3.4699999999999998,0.6
2023-09-13 21:10:00+00:00,20.56,4.8,3.48,0.6
2023-09-13 21:20:00+00:00,20.53,4.9,3.49,0.6
2023-09-13 21:30:00+00:00,20.5,5.0,3.5,0.6
2023-09-13 21:40:00+00:00,20.46,5.0,3.5,0.6
2023-09-13 21:50:00+00:00,20.42,5.0,3.5,0.6
2023-09-13 22:00:00+00:00,20.38,5.0,3.5,0.6
2023-09-13 22:10:00+00:00,20.34,5.0,3.5,0.6
2023-09-13 22:20:00+00:00,20.3,5.0,3.5,0.6
2023-09-13 22:30:00+00:00,20.26,5.0,3.5,0.6
2023-09-13 22:40:00+00:00,20.220000000000002,5.0,3.5,0.6
2023-09-13 22:50:00+00:00,20.18,5.0,3.5,0.6
2023-09-13 23:00:00+00:00,20.14,5.0,3.5,0.6
2023-09-13 23:10:00+00:00,20.1,5.0,3.5,0.6
2023-09-13 23:20:00+00:00,20.07,5.0,3.5,0.6
2023-09-13 23:30:00+00:00,20.040000000000003,5.0,3.5,0.6
2023-09-13 23:40:00+00:00,20.01,5.0,3.5,0.6
2023-09-13 23:50:00+00:00,19.98,5.0,3.5,0.6
2023-09-14 00:00:00+00:00,19.950000000000003,5.0,3.5,0.6
2023-09-14 00:10:00+00:00,19.92,5.0,3.5,0.6
2023-09-14 00:20:00+00:00,19.89,5.0,3.5,0.6
2023-09-14 00:30:00+00:00,19.86,5.0,3.5,0.6
2023-09-14 00:40:00+00:00,19.830000000000002,5.0,3.5,0.6
2023-09-14 00:50:00+00:00,19.8,5.0,3.5,0.6
2023-09-14 01:00:00+00:00,19.78,5.1,3.5,0.6
2023-09-14 01:10:00+00:00,19.76,5.2,3.5,0.6
2023-09-14 01:20:00+00:00,19.740000000000002,5.3,3.5,0.6
2023-09-14 01:30:00+00:00,19.720000000000002,5.4,3.5,0.6
2023-09-14 01:40:00+00:00,19.700000000000003,5.5,3.5,0.6
2023-09-14 01:50:00+00:00,19.68,5.6,3.5,0.6
2023-09-14 02:00:00+00:00,19.66,5.7,3.5,0.6
2023-09-14 02:10:00+00:00,19.64,5.8,3.5,0.6
2023-09-14 02:20:00+00:00,19.62,5.9,3.5,0.6
2023-09-14 02:30:00+00:00,19.6,6.0,3.5,0.6
2023-09-14 02:40:00+00:00,19.580000000000002,6.0,3.5,0.63
2023-09-14 02:50:00+00:00,19.560000000000002,6.0,3.5,0.66
2023-09-14 03:00:00+00:00,19.54,6.0,3.5,0.69
2023-09-14 03:10:00+00:00,19.52,6.0,3.5,0.72
2023-09-14 03:20:00+00:00,19.5,6.0,3.5,0.75
2023-09-14 03:30:00+00:00,19.48,6.0,3.5,0.78
2023-09-14 03:40:00+00:00,19.46,6.0,3.5,0.81
2023-09-14 03:50:00+00:00,19.439999999999998,6.0,3.5,0.8400000000000001
2023-09-14 04:00:00+00:00,19.419999999999998,6.0,3.5,0.8700000000000001
2023-09-14 04:10:00+00:00,19.4,6.0,3.5,0.9
2023-09-14 04:20:00+00:00,19.369999999999997,6.0,3.5,1.21
2023-09-14 04:30:00+00:00,19.34,6.0,3.5,1.52
2023-09-14 04:40:00+00:00,19.31,6.0,3.5,1.83
2023-09-14 04:50:00+00:00,19.28,6.0,3.5,2.14
2023-09-14 05:00:00+00:00,19.25,6.0,3.5,2.45
2023-09-14 05:10:00+00:00,19.22,6.0,3.5,2.76
2023-09-14 05:20:00+00:00,19.19,6.0,3.5,3.07
2023-09-14 05:30:00+00:00,19.16,6.0,3.5,3.38
2023-09-14 05:40:00+00:00,19.130000000000003,6.0,3.5,3.69
2023-09-14 05:50:00+00:00,19.1,6.0,3.5,4.0
2023-09-14 06:00:00+00:00,19.0,7.0,3.5,4.0
2023-09-14 06:10:00+00:00,19.0,7.0,3.5,4.0
2023-09-14 06:20:00+00:00,19.0,7.0,3.5,4.0
2023-09-14 06:30:00+00:00,19.0,8.0,3.5,4.0
2023-09-14 06:40:00+00:00,19.0,8.0,3.5,4.0
2023-09-14 06:50:00+00:00,18.9,8.0,3.5,4.0
2023-09-14 07:00:00+00:00,18.9,7.0,3.4,4.0
2023-09-14 07:10:00+00:00,18.9,7.5,3.45,4.0
2023-09-14 07:20:00+00:00,18.9,8.0,3.5,4.0
2023-09-14 07:30:00+00:00,18.8,13.0,3.5,4.0
2023-09-14 07:40:00+00:00,18.8,14.0,3.5,4.0
2023-09-14 07:50:00+00:00,18.8,15.0,3.5,4.0
2023-09-14 08:00:00+00:00,18.8,15.0,3.5,4.0
2023-09-14 08:10:00+00:00,18.8,19.0,3.5,4.0
2023-09-14 08:20:00+00:00,18.8,19.0,3.5,4.0
2023-09-14 08:30:00+00:00,18.8,19.0,3.5,4.0
2023-09-14 08:40:00+00:00,18.8,19.0,3.4,4.0
2023-09-14 08:50:00+00:00,18.8,19.0,3.4,4.0
2023-09-14 09:00:00+00:00,18.8,20.0,3.4,4.0
2023-09-14 09:10:00+00:00,18.8,21.0,3.4,4.0
2023-09-14 09:20:00+00:00,18.8,22.0,3.5,4.0
2023-09-14 09:30:00+00:00,18.8,22.0,3.5,4.0
2023-09-14 09:40:00+00:00,18.8,24.0,3.4,4.0
2023-09-14 09:50:00+00:00,18.8,25.0,3.4,4.0
2023-09-14 10:00:00+00:00,18.9,26.0,3.4,4.0
2023-09-14 10:10:00+00:00,18.9,27.0,3.4,4.0
2023-09-14 10:20:00+00:00,18.9,28.0,3.4,4.0
2023-09-14 10:30:00+00:00,19.0,29.0,3.4,4.0
2023-09-14 10:40:00+00:00,19.0,29.0,3.4,4.0
2023-09-14 10:50:00+00:00,19.0,29.5,3.4,4.0
2023-09-14 11:00:00+00:00,19.0,30.0,3.4,4.0
2023-09-14 11:10:00+00:00,19.0,30.0,3.4,5.9
2023-09-14 11:20:00+00:00,19.0,30.0,3.4,5.4
2023-09-14 11:30:00+00:00,19.1,30.0,3.4,5.7
2023-09-14 11:40:00+00:00,19.1,31.0,3.5,6.3
2023-09-14 11:50:00+00:00,19.2,32.0,3.4,5.7
2023-09-14 12:00:00+00:00,19.2,31.0,3.5,5.9
2023-09-14 12:10:00+00:00,19.3,32.0,3.4,5.9
2023-09-14 12:20:00+00:00,19.3,32.0,3.4,6.2
2023-09-14 12:30:00+00:00,19.3,32.0,3.4,6.2
2023-09-14 12:40:00+00:00,19.35,32.5,3.4,6.0
2023-09-14 12:50:00+00:00,19.4,33.0,3.4,5.8
2023-09-14 13:00:00+00:00,19.5,34.0,3.4,5.5
2023-09-14 13:10:00+00:00,19.5,34.0,3.4,5.7
2023-09-14 13:20:00+00:00,19.5,34.0,3.4,5.5
2023-09-14 13:30:00+00:00,19.6,34.0,3.4,6.0
2023-09-14 13:40:00+00:00,19.6,34.0,3.4,5.3
2023-09-14 13:50:00+00:00,19.6,34.0,3.4,6.0
2023-09-14 14:00:00+00:00,19.7,34.0,3.4,5.3
2023-09-14 14:10:00+00:00,19.8,34.0,3.4,6.1
2023-09-14 14:20:00+00:00,19.8,34.0,3.4,5.5
2023-09-14 14:30:00+00:00,19.85,34.0,3.4,5.7
2023-09-14 14:40:00+00:00,19.9,34.0,3.4,5.9
2023-09-14 14:50:00+00:00,20.0,34.0,3.4,6.0
2023-09-14 15:00:00+00:00,20.0,34.0,3.4,6.2
2023-09-14 15:10:00+00:00,20.1,34.0,3.4,6.1
2023-09-14 15:20:00+00:00,20.1,34.0,3.4,6.0
2023-09-14 15:30:00+00:00,20.1,34.0,3.4,6.0
2023-09-14 15:40:00+00:00,20.2,34.0,3.4,6.0
2023-09-14 15:50:00+00:00,20.3,34.0,3.4,6.0
2023-09-14 16:00:00+00:00,20.3,34.0,3.4,5.9
2023-09-14 16:10:00+00:00,20.3,35.0,3.4,4.6
2023-09-14 16:20:00+00:00,20.3,35.0,3.45,4.9
2023-09-14 16:30:00+00:00,20.3,35.0,3.5,5.2
2023-09-14 16:40:00+00:00,20.3,35.0,3.5,4.2
2023-09-14 16:50:00+00:00,20.3,35.0,3.5,4.0
2023-09-14 17:00:00+00:00,20.3,35.0,3.5,3.9
2023-09-14 17:10:00+00:00,20.3,35.0,3.5,3.6
2023-09-14 17:20:00+00:00,20.3,35.0,3.5,2.4
2023-09-14 17:30:00+00:00,20.3,36.0,3.5,1.3
2023-09-14 17:40:00+00:00,20.3,35.0,3.5,0.6
2023-09-14 17:50:00+00:00,20.240000000000002,35.0,3.51,0.6
2023-09-14 18:00:00+00:00,20.18,35.0,3.52,0.6
2023-09-14 18:10:00+00:00,20.12,35.0,3.5300000000000002,0.6
2023-09-14 18:20:00+00:00,20.06,35.0,3.54,0.6
2023-09-14 18:30:00+00:00,20.0,35.0,3.55,0.6
2023-09-14 18:40:00+00:00,19.94,35.0,3.56,0.6
2023-09-14 18:50:00+00:00,19.88,35.0,3.5700000000000003,0.6
2023-09-14 19:00:00+00:00,19.82,35.0,3.58,0.6
2023-09-14 19:10:00+00:00,19.759999999999998,35.0,3.59,0.6
2023-09-14 19:20:00+00:00,19.7,35.0,3.6,0.6
2023-09-14 19:30:00+00:00,19.65,34.92857142857143,3.6,0.5857142857142857
2023-09-14 19:40:00+00:00,19.599999999999998,34.857142857142854,3.6,0.5714285714285714
2023-09-14 19:50:00+00:00,19.55,34.785714285714285,3.6,0.5571428571428572
2023-09-14 20:00:00+00:00,19.5,34.714285714285715,3.6,0.5428571428571428
2023-09-14 20:10:00+00:00,19.45,34.642857142857146,3.6,0.5285714285714286
2023-09-14 20:20:00+00:00,19.4,34.57142857142857,3.6,0.5142857142857142
2023-09-14 20:30:00+00:00,19.35,34.5,3.6,0.5
2023-09-14 20:40:00+00:00,19.3,34.42857142857143,3.6,0.4857142857142857
2023-09-14 20:50:00+00:00,19.25,34.357142857142854,3.6,0.4714285714285714
2023-09-14 21:00:00+00:00,19.2,34.285714285714285,3.6,0.4571428571428572
2023-09-14 21:10:00+00:00,19.15,34.214285714285715,3.6,0.44285714285714284
2023-09-14 21:20:00+00:00,19.1,34.142857142857146,3.6,0.4285714285714286
2023-09-14 21:30:00+00:00,19.05,34.07142857142857,3.6,0.4142857142857143
2023-09-14 21:40:00+00:00,19.0,34.0,3.6,0.4
2023-09-14 21:50:00+00:00,18.94,34.1,3.6,0.42000000000000004
2023-09-14 22:00:00+00:00,18.88,34.2,3.6,0.44
2023-09-14 22:10:00+00:00,18.82,34.3,3.6,0.46
2023-09-14 22:20:00+00:00,18.759999999999998,34.4,3.6,0.48
2023-09-14 22:30:00+00:00,18.7,34.5,3.6,0.5
2023-09-14 22:40:00+00:00,18.64,34.6,3.6,0.52
2023-09-14 22:50:00+00:00,18.58,34.7,3.6,0.54
2023-09-14 23:00:00+00:00,18.52,34.8,3.6,0.56
2023-09-14 23:10:00+00:00,18.459999999999997,34.9,3.6,0.58
2023-09-14 23:20:00+00:00,18.4,35.0,3.6,0.6
2023-09-14 23:30:00+00:00,18.34,35.0,3.6,0.6
2023-09-14 23:40:00+00:00,18.279999999999998,35.0,3.6,0.6
2023-09-14 23:50:00+00:00,18.22,35.0,3.6,0.6
2023-09-15 00:00:00+00:00,18.16,35.0,3.6,0.6
2023-09-15 00:10:00+00:00,18.1,35.0,3.6,0.6
2023-09-15 00:20:00+00:00,18.04,35.0,3.6,0.6
2023-09-15 00:30:00+00:00,17.98,35.0,3.6,0.6
2023-09-15 00:40:00+00:00,17.92,35.0,3.6,0.6
2023-09-15 00:50:00+00:00,17.86,35.0,3.6,0.6
2023-09-15 01:00:00+00:00,17.8,35.0,3.6,0.6
2023-09-15 01:10:00+00:00,17.75,35.1,3.6,0.6
2023-09-15 01:20:00+00:00,17.7,35.2,3.6,0.6
2023-09-15 01:30:00+00:00,17.650000000000002,35.3,3.6,0.6
2023-09-15 01:40:00+00:00,17.6,35.4,3.6,0.6
2023-09-15 01:50:00+00:00,17.55,35.5,3.6,0.6
2023-09-15 02:00:00+00:00,17.5,35.6,3.6,0.6
2023-09-15 02:10:00+00:00,17.45,35.7,3.6,0.6
2023-09-15 02:20:00+00:00,17.400000000000002,35.8,3.6,0.6
2023-09-15 02:30:00+00:00,17.35,35.9,3.6,0.6
2023-09-15 02:40:00+00:00,17.3,36.0,3.6,0.6
2023-09-15 02:50:00+00:00,17.240000000000002,36.0,3.6,0.83
2023-09-15 03:00:00+00:00,17.18,36.0,3.6,1.06
2023-09-15 03:10:00+00:00,17.12,36.0,3.6,1.29
2023-09-15 03:20:00+00:00,17.060000000000002,36.0,3.6,1.52
2023-09-15 03:30:00+00:00,17.0,36.0,3.6,1.75
2023-09-15 03:40:00+00:00,16.94,36.0,3.6,1.98
2023-09-15 03:50:00+00:00,16.880000000000003,36.0,3.6,2.21
2023-09-15 04:00:00+00:00,16.820000000000004,36.0,3.6,2.44
2023-09-15 04:10:00+00:00,16.76,36.0,3.6,2.67
2023-09-15 04:20:00+00:00,16.700000000000003,36.0,3.6,2.9
2023-09-15 04:30:00+00:00,16.6,36.0,3.6,4.0
2023-09-15 04:40:00+00:00,16.5,36.0,3.6,4.0
2023-09-15 04:50:00+00:00,16.5,36.0,3.6,4.0
2023-09-15 05:00:00+00:00,16.5,36.0,3.6,4.0
2023-09-15 05:10:00+00:00,16.5,36.0,3.6,4.0
2023-09-15 05:20:00+00:00,16.4,36.0,3.6,4.0
2023-09-15 05:30:00+00:00,16.3,37.0,3.6,4.0
2023-09-15 05:40:00+00:00,16.3,37.0,3.6,4.0
2023-09-15 05:50:00+00:00,16.3,37.0,3.6,4.0
2023-09-15 06:00:00+00:00,16.2,37.0,3.6,4.0
2023-09-15 06:10:00+00:00,16.1,37.0,3.6,4.0
2023-09-15 06:20:00+00:00,16.1,37.0,3.5,3.8
2023-09-15 06:30:00+00:00,16.1,37.0,3.5,4.0
2023-09-15 06:40:00+00:00,16.1,37.0,3.5,4.0
2023-09-15 06:50:00+00:00,16.1,37.0,3.5,4.0
2023-09-15 07:00:00+00:00,16.1,37.0,3.5,4.0
2023-09-15 07:10:00+00:00,16.0,37.0,3.5,4.0
2023-09-15 07:20:00+00:00,16.0,38.0,3.5,4.0
2023-09-15 07:30:00+00:00,16.0,37.0,3.5,4.0
2023-09-15 07:40:00+00:00,16.0,38.0,3.5,4.0
2023-09-15 07:50:00+00:00,16.0,38.0,3.4,4.0
2023-09-15 08:00:00+00:00,16.0,38.0,3.4,4.0
2023-09-15 08:10:00+00:00,16.0,38.0,3.4,4.0
2023-09-15 08:20:00+00:00,16.0,38.0,3.4,4.0
2023-09-15 08:30:00+00:00,16.0,38.0,3.4,4.0
2023-09-15 08:40:00+00:00,16.0,38.0,3.4,4.0
2023-09-15 08:50:00+00:00,16.0,37.0,3.4,5.8
2023-09-15 09:00:00+00:00,16.0,37.0,3.4,6.0
2023-09-15 09:10:00+00:00,16.1,37.0,3.4,6.0
2023-09-15 09:20:00+00:00,16.1,36.0,3.4,5.9
2023-09-15 09:30:00+00:00,16.1,36.0,3.5,6.0
2023-09-15 09:40:00+00:00,16.2,36.0,3.4,6.1
2023-09-15 09:50:00+00:00,16.3,37.0,3.4,6.0
2023-09-15 10:00:00+00:00,16.4,37.0,3.5,5.9
2023-09-15 10:10:00+00:00,16.5,37.0,3.4,6.0
2023-09-15 10:20:00+00:00,16.55,37.0,3.4,6.0
2023-09-15 10:30:00+00:00,16.6,37.0,3.4,6.0
2023-09-15 10:40:00+00:00,16.7,37.0,3.4,6.2
2023-09-15 10:50:00+00:00,16.8,37.0,3.4,6.2
2023-09-15 11:00:00+00:00,16.9,36.0,3.5,6.0
2023-09-15 11:10:00+00:00,17.0,36.0,3.5,6.1
2023-09-15 11:20:00+00:00,17.1,36.0,3.5,6.0
2023-09-15 11:30:00+00:00,17.3,36.0,3.4,6.1
2023-09-15 11:40:00+00:00,17.3,35.0,3.5,6.1
2023-09-15 11:50:00+00:00,17.5,35.0,3.5,6.0
2023-09-15 12:00:00+00:00,17.6,35.0,3.5,6.2
2023-09-15 12:10:00+00:00,17.65,35.0,3.5,6.15
2023-09-15 12:20:00+00:00,17.7,35.0,3.5,6.1
2023-09-15 12:30:00+00:00,17.8,35.0,3.5,6.0
2023-09-15 12:40:00+00:00,18.0,35.0,3.5,6.0
2023-09-15 12:50:00+00:00,18.1,35.0,3.5,6.1
2023-09-15 13:00:00+00:00,18.2,35.0,3.5,6.0
2023-09-15 13:10:00+00:00,18.3,35.0,3.5,5.9
2023-09-15 13:20:00+00:00,18.5,34.0,3.5,6.0
2023-09-15 13:30:00+00:00,18.6,35.0,3.5,6.0
2023-09-15 13:40:00+00:00,18.7,34.0,3.5,6.0
2023-09-15 13:50:00+00:00,18.8,34.0,3.5,6.0
2023-09-15 14:00:00+00:00,18.9,34.0,3.45,6.0
2023-09-15 14:10:00+00:00,19.0,34.0,3.4,6.0
2023-09-15 14:20:00+00:00,19.1,34.0,3.5,6.0
2023-09-15 14:30:00+00:00,19.2,34.0,3.4,6.1
2023-09-15 14:40:00+00:00,19.3,33.0,3.4,6.1
2023-09-15 14:50:00+00:00,19.5,33.0,3.4,6.1
2023-09-15 15:00:00+00:00,19.5,33.0,3.4,6.2
2023-09-15 15:10:00+00:00,19.6,33.0,3.4,6.2
2023-09-15 15:20:00+00:00,19.7,33.0,3.4,6.2
2023-09-15 15:30:00+00:00,19.8,33.0,3.4,6.1
2023-09-15 15:40:00+00:00,19.8,33.0,3.4,6.1
2023-09-15 15:50:00+00:00,19.85,33.0,3.4,6.05
2023-09-15 16:00:00+00:00,19.9,33.0,3.4,6.0
2023-09-15 16:10:00+00:00,20.0,33.0,3.4,4.0
2023-09-15 16:20:00+00:00,20.0,33.0,3.5,4.6
2023-09-15 16:30:00+00:00,20.0,33.0,3.5,4.0
2023-09-15 16:40:00+00:00,20.1,33.0,3.5,4.6
2023-09-15 16:50:00+00:00,20.1,33.0,3.5,4.3
2023-09-15 17:00:00+00:00,20.1,33.0,3.5,4.0
2023-09-15 17:10:00+00:00,20.1,33.0,3.5,3.3
2023-09-15 17:20:00+00:00,20.0,33.0,3.5,2.0
2023-09-15 17:30:00+00:00,20.0,33.0,3.5,1.0
2023-09-15 17:40:00+00:00,20.0,33.0,3.5,0.85
2023-09-15 17:50:00+00:00,20.0,33.0,3.5,0.7
2023-09-15 18:00:00+00:00,19.94,33.0,3.5,0.69
2023-09-15 18:10:00+00:00,19.88,33.0,3.5,0.6799999999999999
2023-09-15 18:20:00+00:00,19.82,33.0,3.5,0.6699999999999999
2023-09-15 18:30:00+00:00,19.759999999999998,33.0,3.5,0.6599999999999999
2023-09-15 18:40:00+00:00,19.7,33.0,3.5,0.6499999999999999
2023-09-15 18:50:00+00:00,19.64,33.0,3.5,0.64
2023-09-15 19:00:00+00:00,19.58,33.0,3.5,0.63
2023-09-15 19:10:00+00:00,19.52,33.0,3.5,0.62
2023-09-15 19:20:00+00:00,19.459999999999997,33.0,3.5,0.61
2023-09-15 19:30:00+00:00,19.4,33.0,3.5,0.6
2023-09-15 19:40:00+00:00,19.32,33.0,3.51,0.6
2023-09-15 19:50:00+00:00,19.24,33.0,3.52,0.6
2023-09-15 20:00:00+00:00,19.16,33.0,3.5300000000000002,0.6
2023-09-15 20:10:00+00:00,19.08,33.0,3.54,0.6
2023-09-15 20:20:00+00:00,19.0,33.0,3.55,0.6
2023-09-15 20:30:00+00:00,18.92,33.0,3.56,0.6
2023-09-15 20:40:00+00:00,18.84,33.0,3.5700000000000003,0.6
2023-09-15 20:50:00+00:00,18.76,33.0,3.58,0.6
2023-09-15 21:00:00+00:00,18.68,33.0,3.59,0.6
2023-09-15 21:10:00+00:00,18.6,33.0,3.6,0.6
2023-09-15 21:20:00+00:00,18.553846153846155,33.07692307692308,3.6,0.5846153846153846
2023-09-15 21:30:00+00:00,18.50769230769231,33.15384615384615,3.6,0.5692307692307692
2023-09-15 21:40:00+00:00,18.461538461538463,33.23076923076923,3.6,0.5538461538461539
2023-09-15 21:50:00+00:00,18.415384615384617,33.30769230769231,3.6,0.5384615384615384
2023-09-15 22:00:00+00:00,18.36923076923077,33.38461538461539,3.6,0.5230769230769231
2023-09-15 22:10:00+00:00,18.323076923076925,33.46153846153846,3.6,0.5076923076923077
2023-09-15 22:20:00+00:00,18.276923076923076,33.53846153846154,3.6,0.49230769230769234
2023-09-15 22:30:00+00:00,18.23076923076923,33.61538461538461,3.6,0.4769230769230769
2023-09-15 22:40:00+00:00,18.184615384615384,33.69230769230769,3.6,0.46153846153846156
2023-09-15 22:50:00+00:00,18.138461538461538,33.76923076923077,3.6,0.4461538461538461
2023-09-15 23:00:00+00:00,18.092307692307692,33.84615384615385,3.6,0.4307692307692308
2023-09-15 23:10:00+00:00,18.046153846153846,33.92307692307692,3.6,0.4153846153846154
2023-09-15 23:20:00+00:00,18.0,34.0,3.6,0.4
2023-09-15 23:30:00+00:00,17.94,34.0,3.6,0.42000000000000004
2023-09-15 23:40:00+00:00,17.88,34.0,3.6,0.44
2023-09-15 23:50:00+00:00,17.82,34.0,3.6,0.46
2023-09-16 00:00:00+00:00,17.759999999999998,34.0,3.6,0.48
2023-09-16 00:10:00+00:00,17.7,34.0,3.6,0.5
2023-09-16 00:20:00+00:00,17.64,34.0,3.6,0.52
2023-09-16 00:30:00+00:00,17.58,34.0,3.6,0.54
2023-09-16 00:40:00+00:00,17.52,34.0,3.6,0.56
2023-09-16 00:50:00+00:00,17.459999999999997,34.0,3.6,0.58
2023-09-16 01:00:00+00:00,17.4,34.0,3.6,0.6
2023-09-16 01:10:00+00:00,17.34,33.9,3.6100000000000003,0.6
2023-09-16 01:20:00+00:00,17.279999999999998,33.8,3.62,0.6
2023-09-16 01:30:00+00:00,17.22,33.7,3.63,0.6
2023-09-16 01:40:00+00:00,17.16,33.6,3.64,0.6
2023-09-16 01:50:00+00:00,17.1,33.5,3.6500000000000004,0.6
2023-09-16 02:00:00+00:00,17.04,33.4,3.66,0.6
2023-09-16 02:10:00+00:00,16.98,33.3,3.67,0.6
2023-09-16 02:20:00+00:00,16.92,33.2,3.68,0.6
2023-09-16 02:30:00+00:00,16.86,33.1,3.6900000000000004,0.6
2023-09-16 02:40:00+00:00,16.8,33.0,3.7,0.6
2023-09-16 02:50:00+00:00,16.740000000000002,33.1,3.7,0.73
2023-09-16 03:00:00+00:00,16.68,33.2,3.7,0.8599999999999999
2023-09-16 03:10:00+00:00,16.62,33.3,3.7,0.9899999999999999
2023-09-16 03:20:00+00:00,16.56,33.4,3.7,1.1199999999999999
2023-09-16 03:30:00+00:00,16.5,33.5,3.7,1.25
2023-09-16 03:40:00+00:00,16.44,33.6,3.7,1.38
2023-09-16 03:50:00+00:00,16.38,33.7,3.7,1.5099999999999998
2023-09-16 04:00:00+00:00,16.32,33.8,3.7,1.6399999999999997
2023-09-16 04:10:00+00:00,16.259999999999998,33.9,3.7,1.7699999999999996
2023-09-16 04:20:00+00:00,16.2,34.0,3.7,1.9
2023-09-16 04:30:00+00:00,16.0,34.0,3.7,4.0
2023-09-16 04:40:00+00:00,16.0,34.0,3.7,4.0
2023-09-16 04:50:00+00:00,16.0,34.0,3.7,4.0
2023-09-16 05:00:00+00:00,15.9,34.0,3.7,4.0
2023-09-16 05:10:00+00:00,15.8,34.0,3.7,4.0
2023-09-16 05:20:00+00:00,15.8,34.0,3.7,4.0
2023-09-16 05:30:00+00:00,15.7,34.0,3.6,4.0
2023-09-16 05:40:00+00:00,15.6,34.0,3.6,4.0
2023-09-16 05:50:00+00:00,15.6,34.0,3.6,4.0
2023-09-16 06:00:00+00:00,15.6,34.0,3.6,4.0
2023-09-16 06:10:00+00:00,15.55,34.5,3.6,4.0
2023-09-16 06:20:00+00:00,15.5,35.0,3.6,4.0
2023-09-16 06:30:00+00:00,15.5,35.0,3.6,4.0
2023-09-16 06:40:00+00:00,15.4,35.0,3.6,4.0
2023-09-16 06:50:00+00:00,15.4,35.0,3.6,4.0
2023-09-16 07:00:00+00:00,15.3,35.0,3.5,4.0
2023-09-16 07:10:00+00:00,15.3,35.0,3.5,4.0
2023-09-16 07:20:00+00:00,15.3,35.0,3.5,4.0
2023-09-16 07:30:00+00:00,15.3,35.0,3.5,4.0
2023-09-16 07:40:00+00:00,15.2,35.0,3.5,4.0
2023-09-16 07:50:00+00:00,15.2,35.0,3.4,4.0
2023-09-16 08:00:00+00:00,15.2,35.5,3.45,4.0
2023-09-16 08:10:00+00:00,15.2,36.0,3.5,4.0
2023-09-16 08:20:00+00:00,15.1,35.0,3.4,4.0
2023-09-16 08:30:00+00:00,15.1,35.0,3.4,4.0
2023-09-16 08:40:00+00:00,15.2,35.0,3.4,4.0
2023-09-16 08:50:00+00:00,15.2,34.0,3.4,5.9
2023-09-16 09:00:00+00:00,15.3,34.0,3.4,6.0
2023-09-16 09:10:00+00:00,15.3,33.0,3.4,6.1
2023-09-16 09:20:00+00:00,15.3,33.0,3.4,6.2
2023-09-16 09:30:00+00:00,15.4,32.0,3.4,6.2
2023-09-16 09:40:00+00:00,15.5,32.0,3.4,6.2
2023-09-16 09:50:00+00:00,15.5,31.5,3.4,6.2
2023-09-16 10:00:00+00:00,15.5,31.0,3.4,6.2
2023-09-16 10:10:00+00:00,15.6,31.0,3.4,6.2
2023-09-16 10:20:00+00:00,15.7,30.0,3.4,6.2
2023-09-16 10:30:00+00:00,15.8,30.0,3.4,6.2
2023-09-16 10:40:00+00:00,15.9,30.0,3.4,6.2
2023-09-16 10:50:00+00:00,16.0,29.0,3.4,6.2
2023-09-16 11:00:00+00:00,16.1,29.0,3.5,6.2
2023-09-16 11:10:00+00:00,16.3,28.0,3.5,6.1
2023-09-16 11:20:00+00:00,16.4,28.0,3.5,6.1
2023-09-16 11:30:00+00:00,16.5,28.0,3.5,6.2
2023-09-16 11:40:00+00:00,16.55,27.5,3.5,6.2
2023-09-16 11:50:00+00:00,16.6,27.0,3.5,6.2
2023-09-16 12:00:00+00:00,16.8,27.0,3.5,6.2
2023-09-16 12:10:00+00:00,16.9,27.0,3.5,6.2
2023-09-16 12:20:00+00:00,17.0,26.0,3.5,6.1
2023-09-16 12:30:00+00:00,17.1,26.0,3.5,6.0
2023-09-16 12:40:00+00:00,17.3,26.0,3.5,6.1
2023-09-16 12:50:00+00:00,17.4,25.0,3.5,6.1
2023-09-16 13:00:00+00:00,17.6,25.0,3.5,6.1
2023-09-16 13:10:00+00:00,17.6,25.0,3.5,6.2
2023-09-16 13:20:00+00:00,17.8,25.0,3.5,6.1
2023-09-16 13:30:00+00:00,17.9,25.0,3.5,6.15
2023-09-16 13:40:00+00:00,18.0,25.0,3.5,6.2
2023-09-16 13:50:00+00:00,18.1,24.0,3.5,6.2
2023-09-16 14:00:00+00:00,18.2,24.0,3.5,6.1
2023-09-16 14:10:00+00:00,18.3,24.0,3.5,6.1
2023-09-16 14:20:00+00:00,18.4,23.0,3.5,6.2
2023-09-16 14:30:00+00:00,18.5,23.0,3.5,6.1
2023-09-16 14:40:00+00:00,18.6,22.0,3.5,6.2
2023-09-16 14:50:00+00:00,18.7,22.0,3.5,6.1
2023-09-16 15:00:00+00:00,18.8,22.0,3.5,6.1
2023-09-16 15:10:00+00:00,18.9,22.0,3.4,6.1
2023-09-16 15:20:00+00:00,18.95,21.5,3.4,6.1
2023-09-16 15:30:00+00:00,19.0,21.0,3.4,6.1
2023-09-16 15:40:00+00:00,19.1,21.0,3.4,6.1
2023-09-16 15:50:00+00:00,19.1,21.0,3.4,6.0
2023-09-16 16:00:00+00:00,19.2,21.0,3.4,5.9
2023-09-16 16:10:00+00:00,19.3,21.0,3.4,4.9
2023-09-16 16:20:00+00:00,19.3,21.0,3.4,5.1
2023-09-16 16:30:00+00:00,19.3,20.0,3.4,4.0
2023-09-16 16:40:00+00:00,19.3,20.0,3.5,4.1
2023-09-16 16:50:00+00:00,19.4,20.0,3.5,4.1
2023-09-16 17:00:00+00:00,19.4,20.0,3.5,3.7
2023-09-16 17:10:00+00:00,19.4,20.0,3.5,3.2
2023-09-16 17:20:00+00:00,19.4,20.0,3.5,2.7
2023-09-16 17:30:00+00:00,19.4,21.0,3.5,1.3
2023-09-16 17:40:00+00:00,19.3,21.0,3.5,0.8
2023-09-16 17:50:00+00:00,19.26086956521739,21.043478260869566,3.5,0.791304347826087
2023-09-16 18:00:00+00:00,19.221739130434784,21.08695652173913,3.5,0.782608695652174
2023-09-16 18:10:00+00:00,19.182608695652174,21.130434782608695,3.5,0.773913043478261
2023-09-16 18:20:00+00:00,19.143478260869564,21.17391304347826,3.5,0.7652173913043478
2023-09-16 18:30:00+00:00,19.104347826086958,21.217391304347824,3.5,0.7565217391304349
2023-09-16 18:40:00+00:00,19.065217391304348,21.26086956521739,3.5,0.7478260869565218
2023-09-16 18:50:00+00:00,19.026086956521738,21.304347826086957,3.5,0.7391304347826088
2023-09-16 19:00:00+00:00,18.98695652173913,21.347826086956523,3.5,0.7304347826086957
2023-09-16 19:10:00+00:00,18.94782608695652,21.391304347826086,3.5,0.7217391304347827
2023-09-16 19:20:00+00:00,18.90869565217391,21.434782608695652,3.5,0.7130434782608696
2023-09-16 19:30:00+00:00,18.869565217391305,21.47826086956522,3.5,0.7043478260869566
2023-09-16 19:40:00+00:00,18.830434782608695,21.52173913043478,3.5,0.6956521739130435
2023-09-16 19:50:00+00:00,18.791304347826088,21.565217391304348,3.5,0.6869565217391305
2023-09-16 20:00:00+00:00,18.752173913043478,21.608695652173914,3.5,0.6782608695652174
2023-09-16 20:10:00+00:00,18.713043478260868,21.652173913043477,3.5,0.6695652173913044
2023-09-16 20:20:00+00:00,18.67391304347826,21.695652173913043,3.5,0.6608695652173913
2023-09-16 20:30:00+00:00,18.63478260869565,21.73913043478261,3.5,0.6521739130434783
2023-09-16 20:40:00+00:00,18.59565217391304,21.782608695652172,3.5,0.6434782608695652
2023-09-16 20:50:00+00:00,18.556521739130435,21.82608695652174,3.5,0.6347826086956522
2023-09-16 21:00:00+00:00,18.517391304347825,21.869565217391305,3.5,0.6260869565217391
2023-09-16 21:10:00+00:00,18.478260869565215,21.91304347826087,3.5,0.6173913043478261
2023-09-16 21:20:00+00:00,18.43913043478261,21.956521739130434,3.5,0.608695652173913
2023-09-16 21:30:00+00:00,18.4,22.0,3.5,0.6
2023-09-16 21:40:00+00:00,18.34,22.0,3.51,0.6
2023-09-16 21:50:00+00:00,18.279999999999998,22.0,3.52,0.6
2023-09-16 22:00:00+00:00,18.22,22.0,3.5300000000000002,0.6
2023-09-16 22:10:00+00:00,18.16,22.0,3.54,0.6
2023-09-16 22:20:00+00:00,18.1,22.0,3.55,0.6
2023-09-16 22:30:00+00:00,18.04,22.0,3.56,0.6
2023-09-16 22:40:00+00:00,17.98,22.0,3.5700000000000003,0.6
2023-09-16 22:50:00+00:00,17.92,22.0,3.58,0.6
2023-09-16 23:00:00+00:00,17.86,22.0,3.59,0.6
2023-09-16 23:10:00+00:00,17.8,22.0,3.6,0.6
2023-09-16 23:20:00+00:00,17.75,22.1,3.6,0.6
2023-09-16 23:30:00+00:00,17.7,22.2,3.6,0.6
2023-09-16 23:40:00+00:00,17.650000000000002,22.3,3.6,0.6
2023-09-16 23:50:00+00:00,17.6,22.4,3.6,0.6
2023-09-17 00:00:00+00:00,17.55,22.5,3.6,0.6
2023-09-17 00:10:00+00:00,17.5,22.6,3.6,0.6
2023-09-17 00:20:00+00:00,17.45,22.7,3.6,0.6
2023-09-17 00:30:00+00:00,17.400000000000002,22.8,3.6,0.6
2023-09-17 00:40:00+00:00,17.35,22.9,3.6,0.6
2023-09-17 00:50:00+00:00,17.3,23.0,3.6,0.6
2023-09-17 01:00:00+00:00,17.25,23.0,3.59,0.6
2023-09-17 01:10:00+00:00,17.2,23.0,3.58,0.6
2023-09-17 01:20:00+00:00,17.150000000000002,23.0,3.5700000000000003,0.6
2023-09-17 01:30:00+00:00,17.1,23.0,3.56,0.6
2023-09-17 01:40:00+00:00,17.05,23.0,3.55,0.6
2023-09-17 01:50:00+00:00,17.0,23.0,3.54,0.6
2023-09-17 02:00:00+00:00,16.95,23.0,3.5300000000000002,0.6
2023-09-17 02:10:00+00:00,16.900000000000002,23.0,3.52,0.6
2023-09-17 02:20:00+00:00,16.85,23.0,3.51,0.6
2023-09-17 02:30:00+00:00,16.8,23.0,3.5,0.6
2023-09-17 02:40:00+00:00,16.77,23.1,3.51,0.64
2023-09-17 02:50:00+00:00,16.740000000000002,23.2,3.52,0.6799999999999999
2023-09-17 03:00:00+00:00,16.71,23.3,3.5300000000000002,0.72
2023-09-17 03:10:00+00:00,16.68,23.4,3.54,0.76
2023-09-17 03:20:00+00:00,16.65,23.5,3.55,0.8
2023-09-17 03:30:00+00:00,16.62,23.6,3.56,0.84
2023-09-17 03:40:00+00:00,16.59,23.7,3.5700000000000003,0.88
2023-09-17 03:50:00+00:00,16.56,23.8,3.58,0.9199999999999999
2023-09-17 04:00:00+00:00,16.53,23.9,3.59,0.96
2023-09-17 04:10:00+00:00,16.5,24.0,3.6,1.0
2023-09-17 04:20:00+00:00,16.3,24.0,3.6,3.8
2023-09-17 04:30:00+00:00,16.3,24.0,3.5,4.0
2023-09-17 04:40:00+00:00,16.3,24.0,3.6,4.0
2023-09-17 04:50:00+00:00,16.2,24.0,3.6,4.0
2023-09-17 05:00:00+00:00,16.2,24.0,3.6,4.0
2023-09-17 05:10:00+00:00,16.1,24.0,3.6,4.0
2023-09-17 05:20:00+00:00,16.1,24.0,3.5,4.0
2023-09-17 05:30:00+00:00,16.1,24.0,3.5,4.0
2023-09-17 05:40:00+00:00,16.1,24.0,3.5,4.0
2023-09-17 05:50:00+00:00,16.1,24.0,3.5,4.0
2023-09-17 06:00:00+00:00,16.0,24.0,3.5,4.0
2023-09-17 06:10:00+00:00,16.0,24.0,3.5,4.0
2023-09-17 06:20:00+00:00,16.0,24.0,3.5,4.0
2023-09-17 06:30:00+00:00,16.0,24.0,3.5,4.0
2023-09-17 06:40:00+00:00,15.9,24.0,3.5,4.0
2023-09-17 06:50:00+00:00,15.9,24.0,3.5,4.0
2023-09-17 07:00:00+00:00,15.9,24.0,3.5,4.0
2023-09-17 07:10:00+00:00,15.9,24.0,3.5,4.0
2023-09-17 07:20:00+00:00,15.8,23.0,3.4,4.0
2023-09-17 07:30:00+00:00,15.8,23.0,3.45,4.0
2023-09-17 07:40:00+00:00,15.8,23.0,3.5,4.0
2023-09-17 07:50:00+00:00,15.8,22.0,3.4,4.0
2023-09-17 08:00:00+00:00,15.8,21.0,3.4,4.0
2023-09-17 08:10:00+00:00,15.8,21.0,3.4,4.0
2023-09-17 08:20:00+00:00,15.8,20.0,3.4,4.0
2023-09-17 08:30:00+00:00,15.9,20.0,3.4,4.0
2023-09-17 08:40:00+00:00,15.9,19.0,3.4,4.0
2023-09-17 08:50:00+00:00,16.0,19.0,3.5,5.6
2023-09-17 09:00:00+00:00,16.0,18.0,3.5,5.8
2023-09-17 09:10:00+00:00,16.0,18.0,3.5,5.8
2023-09-17 09:20:00+00:00,16.05,17.5,3.5,5.85
2023-09-17 09:30:00+00:00,16.1,17.0,3.5,5.9
2023-09-17 09:40:00+00:00,16.1,16.0,3.5,5.9
2023-09-17 09:50:00+00:00,16.2,16.0,3.5,5.9
2023-09-17 10:00:00+00:00,16.3,16.0,3.5,6.0
2023-09-17 10:10:00+00:00,16.4,15.0,3.6,5.9
2023-09-17 10:20:00+00:00,16.5,15.0,3.6,6.0
2023-09-17 10:30:00+00:00,16.6,15.0,3.6,5.9
2023-09-17 10:40:00+00:00,16.8,14.0,3.6,5.9
2023-09-17 10:50:00+00:00,16.9,14.0,3.6,5.9
2023-09-17 11:00:00+00:00,17.0,14.0,3.6,6.0
2023-09-17 11:10:00+00:00,17.05,14.0,3.6500000000000004,5.95
2023-09-17 11:20:00+00:00,17.1,14.0,3.7,5.9
2023-09-17 11:30:00+00:00,17.3,13.0,3.7,5.9
2023-09-17 11:40:00+00:00,17.4,13.0,3.7,5.8
2023-09-17 11:50:00+00:00,17.6,12.0,3.8,5.8
2023-09-17 12:00:00+00:00,17.7,13.0,3.8,5.9
2023-09-17 12:10:00+00:00,17.8,12.0,3.8,5.9
2023-09-17 12:20:00+00:00,18.0,12.0,3.8,6.0
2023-09-17 12:30:00+00:00,18.1,11.0,3.8,5.8
2023-09-17 12:40:00+00:00,18.3,12.0,3.8,5.8
2023-09-17 12:50:00+00:00,18.5,11.0,4.0,5.8
2023-09-17 13:00:00+00:00,18.55,11.0,4.0,5.8
2023-09-17 13:10:00+00:00,18.6,11.0,4.0,5.8
2023-09-17 13:20:00+00:00,18.8,11.0,3.9,5.9
2023-09-17 13:30:00+00:00,18.9,11.0,3.8,5.8
2023-09-17 13:40:00+00:00,19.0,10.0,3.9,5.7
2023-09-17 13:50:00+00:00,19.2,10.0,3.8,5.8
2023-09-17 14:00:00+00:00,19.3,11.0,3.9,5.8
2023-09-17 14:10:00+00:00,19.5,11.0,3.6,5.9
2023-09-17 14:20:00+00:00,19.6,11.0,3.5,6.0
2023-09-17 14:30:00+00:00,19.7,11.0,3.5,6.0
2023-09-17 14:40:00+00:00,19.8,11.0,3.5,5.5
2023-09-17 14:50:00+00:00,19.9,11.0,3.45,5.15
2023-09-17 15:00:00+00:00,20.0,11.0,3.4,4.8
2023-09-17 15:10:00+00:00,20.1,12.0,3.4,5.8
2023-09-17 15:20:00+00:00,20.1,12.0,3.4,5.5
2023-09-17 15:30:00+00:00,20.2,12.0,3.4,5.8
2023-09-17 15:40:00+00:00,20.3,12.0,3.4,4.3
2023-09-17 15:50:00+00:00,20.3,12.0,3.4,5.7
2023-09-17 16:00:00+00:00,20.3,13.0,3.4,5.0
2023-09-17 16:10:00+00:00,20.4,13.0,3.4,5.4
2023-09-17 16:20:00+00:00,20.4,13.0,3.4,4.8
2023-09-17 16:30:00+00:00,20.4,13.0,3.5,4.2
2023-09-17 16:40:00+00:00,20.4,13.0,3.5,4.05
2023-09-17 16:50:00+00:00,20.4,13.0,3.5,3.9
2023-09-17 17:00:00+00:00,20.4,13.0,3.5,3.6
2023-09-17 17:10:00+00:00,20.3,14.0,3.5,3.0
2023-09-17 17:20:00+00:00,20.3,14.0,3.5,1.4
2023-09-17 17:30:00+00:00,20.3,14.0,3.5,0.8
2023-09-17 17:40:00+00:00,20.25,14.1,3.5,0.76
2023-09-17 17:50:00+00:00,20.2,14.2,3.5,0.7200000000000001
2023-09-17 18:00:00+00:00,20.150000000000002,14.3,3.5,0.68
2023-09-17 18:10:00+00:00,20.1,14.4,3.5,0.64
2023-09-17 18:20:00+00:00,20.05,14.5,3.5,0.6000000000000001
2023-09-17 18:30:00+00:00,20.0,14.6,3.5,0.56
2023-09-17 18:40:00+00:00,19.95,14.7,3.5,0.52
2023-09-17 18:50:00+00:00,19.900000000000002,14.8,3.5,0.48000000000000004
2023-09-17 19:00:00+00:00,19.85,14.9,3.5,0.44000000000000006
2023-09-17 19:10:00+00:00,19.8,15.0,3.5,0.4
2023-09-17 19:20:00+00:00,19.753846153846155,15.076923076923077,3.5,0.4153846153846154
2023-09-17 19:30:00+00:00,19.70769230769231,15.153846153846153,3.5,0.4307692307692308
2023-09-17 19:40:00+00:00,19.661538461538463,15.23076923076923,3.5,0.4461538461538462
2023-09-17 19:50:00+00:00,19.615384615384617,15.307692307692308,3.5,0.46153846153846156
2023-09-17 20:00:00+00:00,19.56923076923077,15.384615384615385,3.5,0.47692307692307695
2023-09-17 20:10:00+00:00,19.523076923076925,15.461538461538462,3.5,0.49230769230769234
2023-09-17 20:20:00+00:00,19.476923076923075,15.538461538461538,3.5,0.5076923076923077
2023-09-17 20:30:00+00:00,19.43076923076923,15.615384615384615,3.5,0.5230769230769231
2023-09-17 20:40:00+00:00,19.384615384615383,15.692307692307692,3.5,0.5384615384615384
2023-09-17 20:50:00+00:00,19.338461538461537,15.76923076923077,3.5,0.5538461538461539
2023-09-17 21:00:00+00:00,19.29230769230769,15.846153846153847,3.5,0.5692307692307692
2023-09-17 21:10:00+00:00,19.246153846153845,15.923076923076923,3.5,0.5846153846153845
2023-09-17 21:20:00+00:00,19.2,16.0,3.5,0.6
2023-09-17 21:30:00+00:00,19.15,16.1,3.5,0.6
2023-09-17 21:40:00+00:00,19.099999999999998,16.2,3.5,0.6
2023-09-17 21:50:00+00:00,19.05,16.3,3.5,0.6
2023-09-17 22:00:00+00:00,19.0,16.4,3.5,0.6
2023-09-17 22:10:00+00:00,18.95,16.5,3.5,0.6
2023-09-17 22:20:00+00:00,18.9,16.6,3.5,0.6
2023-09-17 22:30:00+00:00,18.849999999999998,16.7,3.5,0.6
2023-09-17 22:40:00+00:00,18.8,16.8,3.5,0.6
2023-09-17 22:50:00+00:00,18.75,16.9,3.5,0.6
2023-09-17 23:00:00+00:00,18.7,17.0,3.5,0.6
2023-09-17 23:10:00+00:00,18.65,17.1,3.5,0.6
2023-09-17 23:20:00+00:00,18.599999999999998,17.2,3.5,0.6
2023-09-17 23:30:00+00:00,18.55,17.3,3.5,0.6
2023-09-17 23:40:00+00:00,18.5,17.4,3.5,0.6
2023-09-17 23:50:00+00:00,18.45,17.5,3.5,0.6
2023-09-18 00:00:00+00:00,18.4,17.6,3.5,0.6
2023-09-18 00:10:00+00:00,18.349999999999998,17.7,3.5,0.6
2023-09-18 00:20:00+00:00,18.3,17.8,3.5,0.6
2023-09-18 00:30:00+00:00,18.25,17.9,3.5,0.6
2023-09-18 00:40:00+00:00,18.2,18.0,3.5,0.6
2023-09-18 00:50:00+00:00,18.16,18.0,3.51,0.6
2023-09-18 01:00:00+00:00,18.12,18.0,3.52,0.6
2023-09-18 01:10:00+00:00,18.08,18.0,3.5300000000000002,0.6
2023-09-18 01:20:00+00:00,18.04,18.0,3.54,0.6
2023-09-18 01:30:00+00:00,18.0,18.0,3.55,0.6
2023-09-18 01:40:00+00:00,17.96,18.0,3.56,0.6
2023-09-18 01:50:00+00:00,17.92,18.0,3.5700000000000003,0.6
2023-09-18 02:00:00+00:00,17.88,18.0,3.58,0.6
2023-09-18 02:10:00+00:00,17.84,18.0,3.59,0.6
2023-09-18 02:20:00+00:00,17.8,18.0,3.6,0.6
2023-09-18 02:30:00+00:00,17.76,18.1,3.59,0.61
2023-09-18 02:40:00+00:00,17.72,18.2,3.58,0.62
2023-09-18 02:50:00+00:00,17.68,18.3,3.5700000000000003,0.63
2023-09-18 03:00:00+00:00,17.64,18.4,3.56,0.64
2023-09-18 03:10:00+00:00,17.6,18.5,3.55,0.6499999999999999
2023-09-18 03:20:00+00:00,17.56,18.6,3.54,0.6599999999999999
2023-09-18 03:30:00+00:00,17.52,18.7,3.5300000000000002,0.6699999999999999
2023-09-18 03:40:00+00:00,17.48,18.8,3.52,0.6799999999999999
2023-09-18 03:50:00+00:00,17.439999999999998,18.9,3.51,0.69
2023-09-18 04:00:00+00:00,17.4,19.0,3.5,0.7
2023-09-18 04:10:00+00:00,17.369999999999997,19.1,3.51,1.0299999999999998
2023-09-18 04:20:00+00:00,17.34,19.2,3.52,1.3599999999999999
2023-09-18 04:30:00+00:00,17.31,19.3,3.5300000000000002,1.69
2023-09-18 04:40:00+00:00,17.28,19.4,3.54,2.0199999999999996
2023-09-18 04:50:00+00:00,17.25,19.5,3.55,2.3499999999999996
2023-09-18 05:00:00+00:00,17.22,19.6,3.56,2.6799999999999997
2023-09-18 05:10:00+00:00,17.19,19.7,3.5700000000000003,3.01
2023-09-18 05:20:00+00:00,17.16,19.8,3.58,3.34
2023-09-18 05:30:00+00:00,17.130000000000003,19.9,3.59,3.67
2023-09-18 05:40:00+00:00,17.1,20.0,3.6,4.0
2023-09-18 05:50:00+00:00,17.0,20.0,3.5,4.0
2023-09-18 06:00:00+00:00,17.0,20.0,3.5,4.0
2023-09-18 06:10:00+00:00,17.0,19.0,3.5,4.0
2023-09-18 06:20:00+00:00,17.0,20.0,3.5,4.0
2023-09-18 06:30:00+00:00,16.9,20.0,3.5,4.0
2023-09-18 06:40:00+00:00,16.9,20.0,3.5,4.0
2023-09-18 06:50:00+00:00,16.9,20.0,3.5,4.0
2023-09-18 07:00:00+00:00,16.8,20.0,3.5,4.0
2023-09-18 07:10:00+00:00,16.8,20.0,3.5,4.0
2023-09-18 07:20:00+00:00,16.8,20.0,3.5,4.0
2023-09-18 07:30:00+00:00,16.8,19.0,3.4,4.0
2023-09-18 07:40:00+00:00,16.8,19.0,3.5,4.0
2023-09-18 07:50:00+00:00,16.8,18.0,3.4,4.0
2023-09-18 08:00:00+00:00,16.8,17.0,3.4,4.0
2023-09-18 08:10:00+00:00,16.8,16.0,3.4,4.0
2023-09-18 08:20:00+00:00,16.8,16.0,3.4,4.0
2023-09-18 08:30:00+00:00,16.8,15.5,3.4,4.0
2023-09-18 08:40:00+00:00,16.8,15.0,3.4,4.0
2023-09-18 08:50:00+00:00,16.8,15.0,3.5,5.4
2023-09-18 09:00:00+00:00,16.9,14.0,3.5,5.9
2023-09-18 09:10:00+00:00,17.0,13.0,3.5,5.9
2023-09-18 09:20:00+00:00,17.0,13.0,3.5,6.0
2023-09-18 09:30:00+00:00,17.0,12.0,3.5,6.0
2023-09-18 09:40:00+00:00,17.1,12.0,3.5,6.0
2023-09-18 09:50:00+00:00,17.2,11.0,3.6,6.1
2023-09-18 10:00:00+00:00,17.3,11.0,3.5,6.1
2023-09-18 10:10:00+00:00,17.3,11.0,3.5,6.1
2023-09-18 10:20:00+00:00,17.4,10.5,3.55,6.1
2023-09-18 10:30:00+00:00,17.5,10.0,3.6,6.1
2023-09-18 10:40:00+00:00,17.6,10.0,3.5,6.1
2023-09-18 10:50:00+00:00,17.6,10.0,3.5,6.0
2023-09-18 11:00:00+00:00,17.8,10.0,3.6,6.1
2023-09-18 11:10:00+00:00,17.9,9.0,3.6,6.2
2023-09-18 11:20:00+00:00,18.0,9.0,3.6,6.1
2023-09-18 11:30:00+00:00,18.1,9.0,3.6,6.1
2023-09-18 11:40:00+00:00,18.2,9.0,3.6,6.1
2023-09-18 11:50:00+00:00,18.3,8.0,3.6,6.1
2023-09-18 12:00:00+00:00,18.5,8.0,3.6,6.1
2023-09-18 12:10:00+00:00,18.55,8.0,3.6,6.1
2023-09-18 12:20:00+00:00,18.6,8.0,3.6,6.1
2023-09-18 12:30:00+00:00,18.7,8.0,3.6,6.1
2023-09-18 12:40:00+00:00,18.8,8.0,3.6,6.1
2023-09-18 12:50:00+00:00,18.9,7.0,3.6,6.1
2023-09-18 13:00:00+00:00,19.0,7.0,3.5,6.1
2023-09-18 13:10:00+00:00,19.1,7.0,3.6,6.1
2023-09-18 13:20:00+00:00,19.2,7.0,3.6,6.1
2023-09-18 13:30:00+00:00,19.3,7.0,3.6,6.1
2023-09-18 13:40:00+00:00,19.5,7.0,3.6,6.0
2023-09-18 13:50:00+00:00,19.5,7.0,3.6,6.1
2023-09-18 14:00:00+00:00,19.55,7.0,3.55,6.1
2023-09-18 14:10:00+00:00,19.6,7.0,3.5,6.1
2023-09-18 14:20:00+00:00,19.7,7.0,3.5,6.1
2023-09-18 14:30:00+00:00,19.8,7.0,3.5,6.1
2023-09-18 14:40:00+00:00,19.9,6.0,3.5,6.1
2023-09-18 14:50:00+00:00,20.0,7.0,3.5,6.0
2023-09-18 15:00:00+00:00,20.1,7.0,3.5,5.7
2023-09-18 15:10:00+00:00,20.1,7.0,3.5,4.8
2023-09-18 15:20:00+00:00,20.2,7.0,3.5,5.2
2023-09-18 15:30:00+00:00,20.3,7.0,3.4,5.8
2023-09-18 15:40:00+00:00,20.3,7.0,3.4,5.1
2023-09-18 15:50:00+00:00,20.3,7.0,3.4,4.8
2023-09-18 16:00:00+00:00,20.3,7.0,3.4,4.5
2023-09-18 16:10:00+00:00,20.4,7.0,3.4,5.7
2023-09-18 16:20:00+00:00,20.4,7.0,3.4,5.3
2023-09-18 16:30:00+00:00,20.4,7.0,3.4,4.7
2023-09-18 16:40:00+00:00,20.4,7.0,3.4,4.0
2023-09-18 16:50:00+00:00,20.4,8.0,3.4,3.9
2023-09-18 17:00:00+00:00,20.4,8.0,3.4,3.0
2023-09-18 17:10:00+00:00,20.4,8.0,3.4,1.8
2023-09-18 17:20:00+00:00,20.4,8.0,3.4,0.9
2023-09-18 17:30:00+00:00,20.369999999999997,8.0,3.41,0.87
2023-09-18 17:40:00+00:00,20.34,8.0,3.42,0.84
2023-09-18 17:50:00+00:00,20.31,8.0,3.4299999999999997,0.81
2023-09-18 18:00:00+00:00,20.28,8.0,3.44,0.78
2023-09-18 18:10:00+00:00,20.25,8.0,3.45,0.75
2023-09-18 18:20:00+00:00,20.22,8.0,3.46,0.72
2023-09-18 18:30:00+00:00,20.19,8.0,3.4699999999999998,0.69
2023-09-18 18:40:00+00:00,20.16,8.0,3.48,0.6599999999999999
2023-09-18 18:50:00+00:00,20.130000000000003,8.0,3.49,0.6299999999999999
2023-09-18 19:00:00+00:00,20.1,8.0,3.5,0.6
2023-09-18 19:10:00+00:00,20.064285714285717,8.071428571428571,3.492857142857143,0.6
2023-09-18 19:20:00+00:00,20.02857142857143,8.142857142857142,3.4857142857142858,0.6
2023-09-18 19:30:00+00:00,19.992857142857144,8.214285714285714,3.4785714285714286,0.6
2023-09-18 19:40:00+00:00,19.95714285714286,8.285714285714286,3.4714285714285715,0.6
2023-09-18 19:50:00+00:00,19.921428571428574,8.357142857142858,3.4642857142857144,0.6
2023-09-18 20:00:00+00:00,19.885714285714286,8.428571428571429,3.4571428571428573,0.6
2023-09-18 20:10:00+00:00,19.85,8.5,3.45,0.6
2023-09-18 20:20:00+00:00,19.814285714285717,8.571428571428571,3.4428571428571426,0.6
2023-09-18 20:30:00+00:00,19.77857142857143,8.642857142857142,3.4357142857142855,0.6
2023-09-18 20:40:00+00:00,19.742857142857144,8.714285714285714,3.4285714285714284,0.6
2023-09-18 20:50:00+00:00,19.70714285714286,8.785714285714286,3.4214285714285713,0.6
2023-09-18 21:00:00+00:00,19.671428571428574,8.857142857142858,3.414285714285714,0.6
2023-09-18 21:10:00+00:00,19.635714285714286,8.928571428571429,3.407142857142857,0.6
2023-09-18 21:20:00+00:00,19.6,9.0,3.4,0.6
2023-09-18 21:30:00+00:00,19.57,8.9,3.4,0.6
2023-09-18 21:40:00+00:00,19.540000000000003,8.8,3.4,0.6
2023-09-18 21:50:00+00:00,19.51,8.7,3.4,0.6
2023-09-18 22:00:00+00:00,19.48,8.6,3.4,0.6
2023-09-18 22:10:00+00:00,19.450000000000003,8.5,3.4,0.6
2023-09-18 22:20:00+00:00,19.42,8.4,3.4,0.6
2023-09-18 22:30:00+00:00,19.39,8.3,3.4,0.6
2023-09-18 22:40:00+00:00,19.36,8.2,3.4,0.6
2023-09-18 22:50:00+00:00,19.330000000000002,8.1,3.4,0.6
2023-09-18 23:00:00+00:00,19.3,8.0,3.4,0.6
2023-09-18 23:10:00+00:00,19.27,8.0,3.41,0.6
2023-09-18 23:20:00+00:00,19.240000000000002,8.0,3.42,0.6
2023-09-18 23:30:00+00:00,19.21,8.0,3.4299999999999997,0.6
2023-09-18 23:40:00+00:00,19.18,8.0,3.44,0.6
2023-09-18 23:50:00+00:00,19.15,8.0,3.45,0.6
2023-09-19 00:00:00+00:00,19.12,8.0,3.46,0.6
2023-09-19 00:10:00+00:00,19.09,8.0,3.4699999999999998,0.6
2023-09-19 00:20:00+00:00,19.06,8.0,3.48,0.6
2023-09-19 00:30:00+00:00,19.03,8.0,3.49,0.6
2023-09-19 00:40:00+00:00,19.0,8.0,3.5,0.6
2023-09-19 00:50:00+00:00,18.98,8.0,3.49,0.6
2023-09-19 01:00:00+00:00,18.96,8.0,3.48,0.6
2023-09-19 01:10:00+00:00,18.94,8.0,3.4699999999999998,0.6
2023-09-19 01:20:00+00:00,18.92,8.0,3.46,0.6
2023-09-19 01:30:00+00:00,18.9,8.0,3.45,0.6
2023-09-19 01:40:00+00:00,18.88,8.0,3.44,0.6
2023-09-19 01:50:00+00:00,18.86,8.0,3.4299999999999997,0.6
2023-09-19 02:00:00+00:00,18.84,8.0,3.42,0.6
2023-09-19 02:10:00+00:00,18.82,8.0,3.41,0.6
2023-09-19 02:20:00+00:00,18.8,8.0,3.4,0.6
2023-09-19 02:30:00+00:00,18.78,8.0,3.41,0.6
2023-09-19 02:40:00+00:00,18.76,8.0,3.42,0.6
2023-09-19 02:50:00+00:00,18.740000000000002,8.0,3.4299999999999997,0.6
2023-09-19 03:00:00+00:00,18.720000000000002,8.0,3.44,0.6
2023-09-19 03:10:00+00:00,18.700000000000003,8.0,3.45,0.6
2023-09-19 03:20:00+00:00,18.68,8.0,3.46,0.6
2023-09-19 03:30:00+00:00,18.66,8.0,3.4699999999999998,0.6
2023-09-19 03:40:00+00:00,18.64,8.0,3.48,0.6
2023-09-19 03:50:00+00:00,18.62,8.0,3.49,0.6
2023-09-19 04:00:00+00:00,18.6,8.0,3.5,0.6
2023-09-19 04:10:00+00:00,18.575000000000003,8.4,3.5,0.94
2023-09-19 04:20:00+00:00,18.55,8.8,3.5,1.2799999999999998
2023-09-19 04:30:00+00:00,18.525000000000002,9.2,3.5,1.62
2023-09-19 04:40:00+00:00,18.5,9.6,3.5,1.96
2023-09-19 04:50:00+00:00,18.475,10.0,3.5,2.3
2023-09-19 05:00:00+00:00,18.450000000000003,10.4,3.5,2.64
2023-09-19 05:10:00+00:00,18.425,10.8,3.5,2.98
2023-09-19 05:20:00+00:00,18.400000000000002,11.2,3.5,3.32
2023-09-19 05:30:00+00:00,18.375,11.6,3.5,3.6599999999999997
2023-09-19 05:40:00+00:00,18.35,12.0,3.5,4.0
2023-09-19 05:50:00+00:00,18.3,11.0,3.4,4.0
2023-09-19 06:00:00+00:00,18.3,11.5,3.4,4.0
2023-09-19 06:10:00+00:00,18.3,12.0,3.4,4.0
2023-09-19 06:20:00+00:00,18.3,12.0,3.5,4.0
2023-09-19 06:30:00+00:00,18.3,12.0,3.5,4.0
2023-09-19 06:40:00+00:00,18.3,12.0,3.4,4.0
2023-09-19 06:50:00+00:00,18.3,12.0,3.5,4.0
2023-09-19 07:00:00+00:00,18.3,12.0,3.4,4.0
2023-09-19 07:10:00+00:00,18.3,12.0,3.5,4.0
2023-09-19 07:20:00+00:00,18.3,11.0,3.4,4.0
2023-09-19 07:30:00+00:00,18.3,11.0,3.4,4.0
2023-09-19 07:40:00+00:00,18.2,11.0,3.4,4.0
2023-09-19 07:50:00+00:00,18.2,11.0,3.4,4.0
2023-09-19 08:00:00+00:00,18.2,11.0,3.4,4.0
2023-09-19 08:10:00+00:00,18.2,11.0,3.4,4.0
2023-09-19 08:20:00+00:00,18.2,11.0,3.4,4.0
2023-09-19 08:30:00+00:00,18.2,11.0,3.4,4.0
2023-09-19 08:40:00+00:00,18.2,11.0,3.5,4.0
2023-09-19 08:50:00+00:00,18.3,11.0,3.4,4.0
2023-09-19 09:00:00+00:00,18.3,11.0,3.5,4.0
2023-09-19 09:10:00+00:00,18.3,11.0,3.4,4.0
2023-09-19 09:20:00+00:00,18.3,10.0,3.5,4.0
2023-09-19 09:30:00+00:00,18.3,10.0,3.45,4.0
2023-09-19 09:40:00+00:00,18.3,10.0,3.4,4.0
2023-09-19 09:50:00+00:00,18.3,10.0,3.4,4.0
2023-09-19 10:00:00+00:00,18.3,10.0,3.4,5.0
2023-09-19 10:10:00+00:00,18.3,10.0,3.4,6.0
2023-09-19 10:20:00+00:00,18.3,10.0,3.4,6.2
2023-09-19 10:30:00+00:00,18.3,9.0,3.4,5.7
2023-09-19 10:40:00+00:00,18.4,9.0,3.4,5.3
2023-09-19 10:50:00+00:00,18.5,10.0,3.4,5.5
2023-09-19 11:00:00+00:00,18.5,9.0,3.4,6.0
2023-09-19 11:10:00+00:00,18.5,8.0,3.4,6.2
2023-09-19 11:20:00+00:00,18.55,8.5,3.4,6.1
2023-09-19 11:30:00+00:00,18.6,9.0,3.4,6.0
2023-09-19 11:40:00+00:00,18.6,9.0,3.4,6.2
2023-09-19 11:50:00+00:00,18.7,9.0,3.4,5.7
2023-09-19 12:00:00+00:00,18.8,9.0,3.4,6.0
2023-09-19 12:10:00+00:00,18.8,9.0,3.4,6.1
2023-09-19 12:20:00+00:00,18.8,9.0,3.4,6.1
2023-09-19 12:30:00+00:00,18.9,8.0,3.4,5.8
2023-09-19 12:40:00+00:00,19.0,8.0,3.4,5.7
2023-09-19 12:50:00+00:00,19.0,9.0,3.4,5.9
2023-09-19 13:00:00+00:00,19.0,8.0,3.4,6.1
2023-09-19 13:10:00+00:00,19.05,8.0,3.4,6.1
2023-09-19 13:20:00+00:00,19.1,8.0,3.4,6.1
2023-09-19 13:30:00+00:00,19.1,8.0,3.4,6.1
2023-09-19 13:40:00+00:00,19.1,8.0,3.4,6.2
2023-09-19 13:50:00+00:00,19.2,8.0,3.4,6.2
2023-09-19 14:00:00+00:00,19.3,8.0,3.4,6.2
2023-09-19 14:10:00+00:00,19.3,7.0,3.4,6.2
2023-09-19 14:20:00+00:00,19.4,8.0,3.4,5.8
2023-09-19 14:30:00+00:00,19.5,8.0,3.4,5.1
2023-09-19 14:40:00+00:00,19.5,8.0,3.4,6.1
2023-09-19 14:50:00+00:00,19.5,7.0,3.4,6.2
2023-09-19 15:00:00+00:00,19.55,7.5,3.4,6.15
2023-09-19 15:10:00+00:00,19.6,8.0,3.4,6.1
2023-09-19 15:20:00+00:00,19.6,8.0,3.4,5.8
2023-09-19 15:30:00+00:00,19.6,8.0,3.5,5.9
2023-09-19 15:40:00+00:00,19.7,8.0,3.4,5.9
2023-09-19 15:50:00+00:00,19.7,8.0,3.4,5.9
2023-09-19 16:00:00+00:00,19.7,8.0,3.4,4.5
2023-09-19 16:10:00+00:00,19.7,8.0,3.4,5.3
2023-09-19 16:20:00+00:00,19.7,8.0,3.4,4.9
2023-09-19 16:30:00+00:00,19.8,8.0,3.4,4.4
2023-09-19 16:40:00+00:00,19.7,9.0,3.5,4.0
2023-09-19 16:50:00+00:00,19.7,9.0,3.5,3.8
2023-09-19 17:00:00+00:00,19.7,9.0,3.5,3.6
2023-09-19 17:10:00+00:00,19.7,9.0,3.5,2.6
2023-09-19 17:20:00+00:00,19.7,9.0,3.5,1.3
2023-09-19 17:30:00+00:00,19.6,9.0,3.5,0.8
2023-09-19 17:40:00+00:00,19.560000000000002,9.1,3.5,0.78
2023-09-19 17:50:00+00:00,19.52,9.2,3.5,0.76
2023-09-19 18:00:00+00:00,19.48,9.3,3.5,0.74
2023-09-19 18:10:00+00:00,19.44,9.4,3.5,0.72
2023-09-19 18:20:00+00:00,19.4,9.5,3.5,0.7
2023-09-19 18:30:00+00:00,19.36,9.6,3.5,0.6799999999999999
2023-09-19 18:40:00+00:00,19.32,9.7,3.5,0.66
2023-09-19 18:50:00+00:00,19.28,9.8,3.5,0.64
2023-09-19 19:00:00+00:00,19.24,9.9,3.5,0.62
2023-09-19 19:10:00+00:00,19.2,10.0,3.5,0.6
2023-09-19 19:20:00+00:00,19.15,10.0,3.5,0.6
2023-09-19 19:30:00+00:00,19.099999999999998,10.0,3.5,0.6
2023-09-19 19:40:00+00:00,19.05,10.0,3.5,0.6
2023-09-19 19:50:00+00:00,19.0,10.0,3.5,0.6
2023-09-19 20:00:00+00:00,18.95,10.0,3.5,0.6
2023-09-19 20:10:00+00:00,18.9,10.0,3.5,0.6
2023-09-19 20:20:00+00:00,18.849999999999998,10.0,3.5,0.6
2023-09-19 20:30:00+00:00,18.8,10.0,3.5,0.6
2023-09-19 20:40:00+00:00,18.75,10.0,3.5,0.6
2023-09-19 20:50:00+00:00,18.7,10.0,3.5,0.6
2023-09-19 21:00:00+00:00,18.64,10.1,3.5,0.6
2023-09-19 21:10:00+00:00,18.58,10.2,3.5,0.6
2023-09-19 21:20:00+00:00,18.52,10.3,3.5,0.6
2023-09-19 21:30:00+00:00,18.46,10.4,3.5,0.6
2023-09-19 21:40:00+00:00,18.4,10.5,3.5,0.6
2023-09-19 21:50:00+00:00,18.34,10.6,3.5,0.6
2023-09-19 22:00:00+00:00,18.28,10.7,3.5,0.6
2023-09-19 22:10:00+00:00,18.220000000000002,10.8,3.5,0.6
2023-09-19 22:20:00+00:00,18.16,10.9,3.5,0.6
2023-09-19 22:30:00+00:00,18.1,11.0,3.5,0.6
2023-09-19 22:40:00+00:00,18.06153846153846,10.923076923076923,3.5,0.6
2023-09-19 22:50:00+00:00,18.023076923076925,10.846153846153847,3.5,0.6
2023-09-19 23:00:00+00:00,17.984615384615385,10.76923076923077,3.5,0.6
2023-09-19 23:10:00+00:00,17.946153846153848,10.692307692307692,3.5,0.6
2023-09-19 23:20:00+00:00,17.907692307692308,10.615384615384615,3.5,0.6
2023-09-19 23:30:00+00:00,17.86923076923077,10.538461538461538,3.5,0.6
2023-09-19 23:40:00+00:00,17.83076923076923,10.461538461538462,3.5,0.6
2023-09-19 23:50:00+00:00,17.792307692307695,10.384615384615385,3.5,0.6
2023-09-20 00:00:00+00:00,17.753846153846155,10.307692307692308,3.5,0.6
2023-09-20 00:10:00+00:00,17.715384615384618,10.23076923076923,3.5,0.6
2023-09-20 00:20:00+00:00,17.676923076923078,10.153846153846153,3.5,0.6
2023-09-20 00:30:00+00:00,17.63846153846154,10.076923076923077,3.5,0.6
2023-09-20 00:40:00+00:00,17.6,10.0,3.5,0.6
2023-09-20 00:50:00+00:00,17.57,10.1,3.5,0.6
2023-09-20 01:00:00+00:00,17.540000000000003,10.2,3.5,0.6
2023-09-20 01:10:00+00:00,17.51,10.3,3.5,0.6
2023-09-20 01:20:00+00:00,17.48,10.4,3.5,0.6
2023-09-20 01:30:00+00:00,17.450000000000003,10.5,3.5,0.6
2023-09-20 01:40:00+00:00,17.42,10.6,3.5,0.6
2023-09-20 01:50:00+00:00,17.39,10.7,3.5,0.6
2023-09-20 02:00:00+00:00,17.36,10.8,3.5,0.6
2023-09-20 02:10:00+00:00,17.330000000000002,10.9,3.5,0.6
2023-09-20 02:20:00+00:00,17.3,11.0,3.5,0.6
2023-09-20 02:30:00+00:00,17.26,11.0,3.51,0.6
2023-09-20 02:40:00+00:00,17.22,11.0,3.52,0.6
2023-09-20 02:50:00+00:00,17.18,11.0,3.5300000000000002,0.6
2023-09-20 03:00:00+00:00,17.14,11.0,3.54,0.6
2023-09-20 03:10:00+00:00,17.1,11.0,3.55,0.6
2023-09-20 03:20:00+00:00,17.06,11.0,3.56,0.6
2023-09-20 03:30:00+00:00,17.02,11.0,3.5700000000000003,0.6
2023-09-20 03:40:00+00:00,16.98,11.0,3.58,0.6
2023-09-20 03:50:00+00:00,16.939999999999998,11.0,3.59,0.6
2023-09-20 04:00:00+00:00,16.9,11.0,3.6,0.6
2023-09-20 04:10:00+00:00,16.86,11.0,3.59,0.94
2023-09-20 04:20:00+00:00,16.82,11.0,3.58,1.2799999999999998
2023-09-20 04:30:00+00:00,16.779999999999998,11.0,3.5700000000000003,1.62
2023-09-20 04:40:00+00:00,16.74,11.0,3.56,1.96
2023-09-20 04:50:00+00:00,16.7,11.0,3.55,2.3
2023-09-20 05:00:00+00:00,16.66,11.0,3.54,2.64
2023-09-20 05:10:00+00:00,16.62,11.0,3.5300000000000002,2.98
2023-09-20 05:20:00+00:00,16.58,11.0,3.52,3.32
2023-09-20 05:30:00+00:00,16.54,11.0,3.51,3.6599999999999997
2023-09-20 05:40:00+00:00,16.5,11.0,3.5,4.0
2023-09-20 05:50:00+00:00,16.5,11.0,3.5,4.0
2023-09-20 06:00:00+00:00,16.4,11.0,3.5,4.0
2023-09-20 06:10:00+00:00,16.4,11.0,3.5,4.0
2023-09-20 06:20:00+00:00,16.3,11.0,3.5,4.0
2023-09-20 06:30:00+00:00,16.3,11.0,3.5,4.0
2023-09-20 06:40:00+00:00,16.3,10.0,3.5,4.0
2023-09-20 06:50:00+00:00,16.3,10.0,3.5,4.0
2023-09-20 07:00:00+00:00,16.3,10.0,3.5,4.0
2023-09-20 07:10:00+00:00,16.3,10.0,3.5,4.0
2023-09-20 07:20:00+00:00,16.3,10.0,3.5,4.0
2023-09-20 07:30:00+00:00,16.3,10.0,3.5,4.0
2023-09-20 07:40:00+00:00,16.3,9.0,3.5,4.0
2023-09-20 07:50:00+00:00,16.3,9.0,3.5,4.0
2023-09-20 08:00:00+00:00,16.3,9.0,3.5,4.0
2023-09-20 08:10:00+00:00,16.3,8.0,3.4,4.0
2023-09-20 08:20:00+00:00,16.3,8.0,3.4,4.0
2023-09-20 08:30:00+00:00,16.3,8.0,3.4,4.0
2023-09-20 08:40:00+00:00,16.3,8.0,3.4,4.0
2023-09-20 08:50:00+00:00,16.35,8.0,3.4,4.0
2023-09-20 09:00:00+00:00,16.4,8.0,3.4,4.0
2023-09-20 09:10:00+00:00,16.4,7.0,3.4,5.3
2023-09-20 09:20:00+00:00,16.5,8.0,3.5,4.0
2023-09-20 09:30:00+00:00,16.5,8.0,3.4,4.0
2023-09-20 09:40:00+00:00,16.5,8.0,3.4,4.5
2023-09-20 09:50:00+00:00,16.5,8.0,3.5,5.6
2023-09-20 10:00:00+00:00,16.6,7.0,3.4,5.7
2023-09-20 10:10:00+00:00,16.6,7.0,3.4,6.1
2023-09-20 10:20:00+00:00,16.6,7.0,3.4,6.3
2023-09-20 10:30:00+00:00,16.7,6.0,3.4,6.3
2023-09-20 10:40:00+00:00,16.75,6.0,3.4,6.3
2023-09-20 10:50:00+00:00,16.8,6.0,3.4,6.3
2023-09-20 11:00:00+00:00,16.8,6.0,3.4,6.2
2023-09-20 11:10:00+00:00,16.8,5.0,3.4,6.2
2023-09-20 11:20:00+00:00,16.9,5.0,3.5,6.1
2023-09-20 11:30:00+00:00,17.0,6.0,3.4,6.2
2023-09-20 11:40:00+00:00,17.0,5.0,3.4,6.2
2023-09-20 11:50:00+00:00,17.1,5.0,3.4,6.2
2023-09-20 12:00:00+00:00,17.2,5.0,3.4,6.2
2023-09-20 12:10:00+00:00,17.3,5.0,3.4,6.2
2023-09-20 12:20:00+00:00,17.35,5.0,3.4,6.2
2023-09-20 12:30:00+00:00,17.4,5.0,3.4,6.2
2023-09-20 12:40:00+00:00,17.5,5.0,3.4,6.2
2023-09-20 12:50:00+00:00,17.6,5.0,3.4,6.2
2023-09-20 13:00:00+00:00,17.6,5.0,3.4,6.2
2023-09-20 13:10:00+00:00,17.8,5.0,3.4,6.1
2023-09-20 13:20:00+00:00,17.8,5.0,3.4,6.2
2023-09-20 13:30:00+00:00,17.9,5.0,3.4,6.2
2023-09-20 13:40:00+00:00,18.0,4.0,3.5,6.2
2023-09-20 13:50:00+00:00,18.1,4.0,3.5,6.2
2023-09-20 14:00:00+00:00,18.2,4.0,3.4,6.2
2023-09-20 14:10:00+00:00,18.25,4.0,3.4,6.15
2023-09-20 14:20:00+00:00,18.3,4.0,3.4,6.1
2023-09-20 14:30:00+00:00,18.4,5.0,3.4,6.1
2023-09-20 14:40:00+00:00,18.5,4.0,3.5,6.2
2023-09-20 14:50:00+00:00,18.6,4.0,3.4,6.1
2023-09-20 15:00:00+00:00,18.6,4.0,3.5,6.1
2023-09-20 15:10:00+00:00,18.7,4.0,3.4,6.1
2023-09-20 15:20:00+00:00,18.8,5.0,3.5,6.1
2023-09-20 15:30:00+00:00,18.8,5.0,3.4,6.0
2023-09-20 15:40:00+00:00,19.0,5.0,3.4,6.0
2023-09-20 15:50:00+00:00,19.0,5.0,3.4,5.7
2023-09-20 16:00:00+00:00,19.0,5.0,3.45,5.550000000000001
2023-09-20 16:10:00+00:00,19.0,5.0,3.5,5.4
2023-09-20 16:20:00+00:00,19.1,5.0,3.4,5.1
2023-09-20 16:30:00+00:00,19.1,5.0,3.4,4.1
2023-09-20 16:40:00+00:00,19.1,6.0,3.5,4.1
2023-09-20 16:50:00+00:00,19.1,5.0,3.5,4.0
2023-09-20 17:00:00+00:00,19.2,6.0,3.4,3.3
2023-09-20 17:10:00+00:00,19.2,6.0,3.5,1.9
2023-09-20 17:20:00+00:00,19.2,6.0,3.4,1.0
2023-09-20 17:30:00+00:00,19.2,6.0,3.5,0.7
2023-09-20 17:40:00+00:00,19.169999999999998,6.1,3.5,0.69
2023-09-20 17:50:00+00:00,19.14,6.2,3.5,0.6799999999999999
2023-09-20 18:00:00+00:00,19.11,6.3,3.5,0.6699999999999999
2023-09-20 18:10:00+00:00,19.08,6.4,3.5,0.6599999999999999
2023-09-20 18:20:00+00:00,19.049999999999997,6.5,3.5,0.6499999999999999
2023-09-20 18:30:00+00:00,19.02,6.6,3.5,0.64
2023-09-20 18:40:00+00:00,18.99,6.7,3.5,0.63
2023-09-20 18:50:00+00:00,18.959999999999997,6.8,3.5,0.62
2023-09-20 19:00:00+00:00,18.93,6.9,3.5,0.61
2023-09-20 19:10:00+00:00,18.9,7.0,3.5,0.6
2023-09-20 19:20:00+00:00,18.87142857142857,7.0,3.5,0.6
2023-09-20 19:30:00+00:00,18.84285714285714,7.0,3.5,0.6
2023-09-20 19:40:00+00:00,18.814285714285713,7.0,3.5,0.6
2023-09-20 19:50:00+00:00,18.785714285714285,7.0,3.5,0.6
2023-09-20 20:00:00+00:00,18.757142857142856,7.0,3.5,0.6
2023-09-20 20:10:00+00:00,18.728571428571428,7.0,3.5,0.6
2023-09-20 20:20:00+00:00,18.7,7.0,3.5,0.6
2023-09-20 20:30:00+00:00,18.67142857142857,7.0,3.5,0.6
2023-09-20 20:40:00+00:00,18.642857142857142,7.0,3.5,0.6
2023-09-20 20:50:00+00:00,18.614285714285714,7.0,3.5,0.6
2023-09-20 21:00:00+00:00,18.585714285714285,7.0,3.5,0.6
2023-09-20 21:10:00+00:00,18.557142857142857,7.0,3.5,0.6
2023-09-20 21:20:00+00:00,18.52857142857143,7.0,3.5,0.6
2023-09-20 21:30:00+00:00,18.5,7.0,3.5,0.6
2023-09-20 21:40:00+00:00,18.45,7.1,3.5,0.6
2023-09-20 21:50:00+00:00,18.4,7.2,3.5,0.6
2023-09-20 22:00:00+00:00,18.35,7.3,3.5,0.6
2023-09-20 22:10:00+00:00,18.3,7.4,3.5,0.6
2023-09-20 22:20:00+00:00,18.25,7.5,3.5,0.6
2023-09-20 22:30:00+00:00,18.2,7.6,3.5,0.6
2023-09-20 22:40:00+00:00,18.15,7.7,3.5,0.6
2023-09-20 22:50:00+00:00,18.1,7.8,3.5,0.6
2023-09-20 23:00:00+00:00,18.05,7.9,3.5,0.6
2023-09-20 23:10:00+00:00,18.0,8.0,3.5,0.6
2023-09-20 23:20:00+00:00,17.96,8.0,3.5,0.58
2023-09-20 23:30:00+00:00,17.92,8.0,3.5,0.5599999999999999
2023-09-20 23:40:00+00:00,17.88,8.0,3.5,0.54
2023-09-20 23:50:00+00:00,17.84,8.0,3.5,0.52
2023-09-21 00:00:00+00:00,17.8,8.0,3.5,0.5
2023-09-21 00:10:00+00:00,17.76,8.0,3.5,0.48
2023-09-21 00:20:00+00:00,17.720000000000002,8.0,3.5,0.45999999999999996
2023-09-21 00:30:00+00:00,17.68,8.0,3.5,0.44
2023-09-21 00:40:00+00:00,17.64,8.0,3.5,0.42000000000000004
2023-09-21 00:50:00+00:00,17.6,8.0,3.5,0.4
2023-09-21 01:00:00+00:00,17.57,8.0,3.5,0.42000000000000004
2023-09-21 01:10:00+00:00,17.540000000000003,8.0,3.5,0.44
2023-09-21 01:20:00+00:00,17.51,8.0,3.5,0.46
2023-09-21 01:30:00+00:00,17.48,8.0,3.5,0.48
2023-09-21 01:40:00+00:00,17.450000000000003,8.0,3.5,0.5
2023-09-21 01:50:00+00:00,17.42,8.0,3.5,0.52
2023-09-21 02:00:00+00:00,17.39,8.0,3.5,0.54
2023-09-21 02:10:00+00:00,17.36,8.0,3.5,0.56
2023-09-21 02:20:00+00:00,17.330000000000002,8.0,3.5,0.58
2023-09-21 02:30:00+00:00,17.3,8.0,3.5,0.6
2023-09-21 02:40:00+00:00,17.26,8.1,3.5,0.6
2023-09-21 02:50:00+00:00,17.22,8.2,3.5,0.6
2023-09-21 03:00:00+00:00,17.18,8.3,3.5,0.6
2023-09-21 03:10:00+00:00,17.14,8.4,3.5,0.6
2023-09-21 03:20:00+00:00,17.1,8.5,3.5,0.6
2023-09-21 03:30:00+00:00,17.06,8.6,3.5,0.6
2023-09-21 03:40:00+00:00,17.02,8.7,3.5,0.6
2023-09-21 03:50:00+00:00,16.98,8.8,3.5,0.6
2023-09-21 04:00:00+00:00,16.939999999999998,8.9,3.5,0.6
2023-09-21 04:10:00+00:00,16.9,9.0,3.5,0.6
2023-09-21 04:20:00+00:00,16.86,9.05,3.5,0.94
2023-09-21 04:30:00+00:00,16.82,9.1,3.5,1.2799999999999998
2023-09-21 04:40:00+00:00,16.779999999999998,9.15,3.5,1.62
2023-09-21 04:50:00+00:00,16.74,9.2,3.5,1.96
2023-09-21 05:00:00+00:00,16.7,9.25,3.5,2.3
2023-09-21 05:10:00+00:00,16.66,9.3,3.5,2.64
2023-09-21 05:20:00+00:00,16.62,9.35,3.5,2.98
2023-09-21 05:30:00+00:00,16.58,9.4,3.5,3.32
2023-09-21 05:40:00+00:00,16.54,9.45,3.5,3.6599999999999997
2023-09-21 05:50:00+00:00,16.5,9.5,3.5,4.0
2023-09-21 06:00:00+00:00,16.4,10.0,3.5,4.0
2023-09-21 06:10:00+00:00,16.4,9.5,3.5,4.0
2023-09-21 06:20:00+00:00,16.4,9.0,3.5,4.0
2023-09-21 06:30:00+00:00,16.4,9.0,3.5,3.8
2023-09-21 06:40:00+00:00,16.3,9.0,3.5,4.0
2023-09-21 06:50:00+00:00,16.3,9.0,3.5,4.0
2023-09-21 07:00:00+00:00,16.3,9.0,3.5,4.0
2023-09-21 07:10:00+00:00,16.3,9.0,3.5,3.8
2023-09-21 07:20:00+00:00,16.3,8.0,3.5,4.0
2023-09-21 07:30:00+00:00,16.3,8.0,3.4,4.0
2023-09-21 07:40:00+00:00,16.3,7.0,3.4,4.0
2023-09-21 07:50:00+00:00,16.3,7.0,3.4,4.0
2023-09-21 08:00:00+00:00,16.3,7.0,3.4,4.0
2023-09-21 08:10:00+00:00,16.3,7.0,3.4,4.0
2023-09-21 08:20:00+00:00,16.3,6.0,3.4,4.0
2023-09-21 08:30:00+00:00,16.3,6.0,3.4,4.0
2023-09-21 08:40:00+00:00,16.3,6.0,3.4,4.0
2023-09-21 08:50:00+00:00,16.3,6.0,3.4,5.4
2023-09-21 09:00:00+00:00,16.3,5.0,3.5,6.0
2023-09-21 09:10:00+00:00,16.4,5.0,3.4,6.1
2023-09-21 09:20:00+00:00,16.5,5.0,3.4,6.2
2023-09-21 09:30:00+00:00,16.5,4.0,3.5,6.2
2023-09-21 09:40:00+00:00,16.6,4.0,3.5,6.2
2023-09-21 09:50:00+00:00,16.6,4.0,3.5,6.2
2023-09-21 10:00:00+00:00,16.6,4.0,3.5,6.2
2023-09-21 10:10:00+00:00,16.7,4.0,3.5,6.2
2023-09-21 10:20:00+00:00,16.8,4.0,3.5,6.2
2023-09-21 10:30:00+00:00,16.9,3.0,3.5,6.2
2023-09-21 10:40:00+00:00,17.0,3.0,3.5,6.2
2023-09-21 10:50:00+00:00,17.1,3.0,3.5,6.2
2023-09-21 11:00:00+00:00,17.2,3.0,3.5,6.2
2023-09-21 11:10:00+00:00,17.3,3.0,3.5,6.2
2023-09-21 11:20:00+00:00,17.5,3.0,3.5,6.2
2023-09-21 11:30:00+00:00,17.5,3.0,3.5,6.2
2023-09-21 11:40:00+00:00,17.55,3.0,3.5,6.2
2023-09-21 11:50:00+00:00,17.6,3.0,3.5,6.2
2023-09-21 12:00:00+00:00,17.8,3.0,3.5,6.2
2023-09-21 12:10:00+00:00,17.9,3.0,3.5,6.2
2023-09-21 12:20:00+00:00,18.0,3.0,3.5,6.1
2023-09-21 12:30:00+00:00,18.1,2.0,3.5,6.1
2023-09-21 12:40:00+00:00,18.2,2.0,3.5,6.2
2023-09-21 12:50:00+00:00,18.3,2.0,3.5,6.1
2023-09-21 13:00:00+00:00,18.4,2.0,3.5,6.1
2023-09-21 13:10:00+00:00,18.5,2.0,3.5,6.1
2023-09-21 13:20:00+00:00,18.6,2.0,3.5,6.1
2023-09-21 13:30:00+00:00,18.65,2.0,3.5,6.1
2023-09-21 13:40:00+00:00,18.7,2.0,3.5,6.1
2023-09-21 13:50:00+00:00,18.8,2.0,3.5,6.1
2023-09-21 14:00:00+00:00,19.0,2.0,3.5,6.1
2023-09-21 14:10:00+00:00,19.0,2.0,3.5,6.1
2023-09-21 14:20:00+00:00,19.1,2.0,3.5,6.1
2023-09-21 14:30:00+00:00,19.2,2.0,3.5,6.1
2023-09-21 14:40:00+00:00,19.3,3.0,3.5,6.1
2023-09-21 14:50:00+00:00,19.4,3.0,3.5,6.1
2023-09-21 15:00:00+00:00,19.5,3.0,3.5,6.1
2023-09-21 15:10:00+00:00,19.5,3.0,3.5,6.05
2023-09-21 15:20:00+00:00,19.5,3.0,3.5,6.0
2023-09-21 15:30:00+00:00,19.6,3.0,3.5,6.0
2023-09-21 15:40:00+00:00,19.6,3.0,3.5,5.8
2023-09-21 15:50:00+00:00,19.7,3.0,3.5,5.8
2023-09-21 16:00:00+00:00,19.8,3.0,3.4,5.3
2023-09-21 16:10:00+00:00,19.8,3.0,3.4,4.5
2023-09-21 16:20:00+00:00,19.8,3.0,3.4,4.4
2023-09-21 16:30:00+00:00,19.9,4.0,3.4,4.5
2023-09-21 16:40:00+00:00,19.9,4.0,3.4,4.0
2023-09-21 16:50:00+00:00,19.9,4.0,3.4,3.7
2023-09-21 17:00:00+00:00,19.95,4.0,3.4,3.0
2023-09-21 17:10:00+00:00,20.0,4.0,3.4,2.3
2023-09-21 17:20:00+00:00,20.0,4.0,3.4,1.1
2023-09-21 17:30:00+00:00,20.0,4.0,3.4,0.7
2023-09-21 17:40:00+00:00,19.96,4.1,3.4,0.6699999999999999
2023-09-21 17:50:00+00:00,19.92,4.2,3.4,0.64
2023-09-21 18:00:00+00:00,19.88,4.3,3.4,0.61
2023-09-21 18:10:00+00:00,19.84,4.4,3.4,0.58
2023-09-21 18:20:00+00:00,19.8,4.5,3.4,0.55
2023-09-21 18:30:00+00:00,19.76,4.6,3.4,0.52
2023-09-21 18:40:00+00:00,19.720000000000002,4.7,3.4,0.49
2023-09-21 18:50:00+00:00,19.68,4.8,3.4,0.46
2023-09-21 19:00:00+00:00,19.64,4.9,3.4,0.43000000000000005
2023-09-21 19:10:00+00:00,19.6,5.0,3.4,0.4
2023-09-21 19:20:00+00:00,19.576923076923077,5.0,3.4076923076923076,0.4153846153846154
2023-09-21 19:30:00+00:00,19.553846153846155,5.0,3.4153846153846152,0.4307692307692308
2023-09-21 19:40:00+00:00,19.53076923076923,5.0,3.423076923076923,0.4461538461538462
2023-09-21 19:50:00+00:00,19.50769230769231,5.0,3.4307692307692306,0.46153846153846156
2023-09-21 20:00:00+00:00,19.484615384615385,5.0,3.4384615384615382,0.47692307692307695
2023-09-21 20:10:00+00:00,19.461538461538463,5.0,3.446153846153846,0.49230769230769234
2023-09-21 20:20:00+00:00,19.43846153846154,5.0,3.453846153846154,0.5076923076923077
2023-09-21 20:30:00+00:00,19.415384615384617,5.0,3.4615384615384617,0.5230769230769231
2023-09-21 20:40:00+00:00,19.392307692307693,5.0,3.4692307692307693,0.5384615384615384
2023-09-21 20:50:00+00:00,19.36923076923077,5.0,3.476923076923077,0.5538461538461539
2023-09-21 21:00:00+00:00,19.346153846153847,5.0,3.4846153846153847,0.5692307692307692
2023-09-21 21:10:00+00:00,19.323076923076925,5.0,3.4923076923076923,0.5846153846153845
2023-09-21 21:20:00+00:00,19.3,5.0,3.5,0.6
2023-09-21 21:30:00+00:00,19.26,5.0,3.5,0.6
2023-09-21 21:40:00+00:00,19.22,5.0,3.5,0.6
2023-09-21 21:50:00+00:00,19.18,5.0,3.5,0.6
2023-09-21 22:00:00+00:00,19.14,5.0,3.5,0.6
2023-09-21 22:10:00+00:00,19.1,5.0,3.5,0.6
2023-09-21 22:20:00+00:00,19.06,5.0,3.5,0.6
2023-09-21 22:30:00+00:00,19.02,5.0,3.5,0.6
2023-09-21 22:40:00+00:00,18.98,5.0,3.5,0.6
2023-09-21 22:50:00+00:00,18.939999999999998,5.0,3.5,0.6
2023-09-21 23:00:00+00:00,18.9,5.0,3.5,0.6
2023-09-21 23:10:00+00:00,18.869999999999997,5.0,3.5,0.6
2023-09-21 23:20:00+00:00,18.84,5.0,3.5,0.6
2023-09-21 23:30:00+00:00,18.81,5.0,3.5,0.6
2023-09-21 23:40:00+00:00,18.78,5.0,3.5,0.6
2023-09-21 23:50:00+00:00,18.75,5.0,3.5,0.6
2023-09-22 00:00:00+00:00,18.72,5.0,3.5,0.6
2023-09-22 00:10:00+00:00,18.69,5.0,3.5,0.6
2023-09-22 00:20:00+00:00,18.66,5.0,3.5,0.6
2023-09-22 00:30:00+00:00,18.630000000000003,5.0,3.5,0.6
2023-09-22 00:40:00+00:00,18.6,5.0,3.5,0.6
2023-09-22 00:50:00+00:00,18.560000000000002,5.1,3.5,0.6
2023-09-22 01:00:00+00:00,18.52,5.2,3.5,0.6
2023-09-22 01:10:00+00:00,18.48,5.3,3.5,0.6
2023-09-22 01:20:00+00:00,18.44,5.4,3.5,0.6
2023-09-22 01:30:00+00:00,18.4,5.5,3.5,0.6
2023-09-22 01:40:00+00:00,18.36,5.6,3.5,0.6
2023-09-22 01:50:00+00:00,18.32,5.7,3.5,0.6
2023-09-22 02:00:00+00:00,18.28,5.8,3.5,0.6
2023-09-22 02:10:00+00:00,18.24,5.9,3.5,0.6
2023-09-22 02:20:00+00:00,18.2,6.0,3.5,0.6
2023-09-22 02:30:00+00:00,18.18,5.9,3.5,0.6
2023-09-22 02:40:00+00:00,18.16,5.8,3.5,0.6
2023-09-22 02:50:00+00:00,18.14,5.7,3.5,0.6
2023-09-22 03:00:00+00:00,18.12,5.6,3.5,0.6
2023-09-22 03:10:00+00:00,18.1,5.5,3.5,0.6
2023-09-22 03:20:00+00:00,18.08,5.4,3.5,0.6
2023-09-22 03:30:00+00:00,18.06,5.3,3.5,0.6
2023-09-22 03:40:00+00:00,18.04,5.2,3.5,0.6
2023-09-22 03:50:00+00:00,18.02,5.1,3.5,0.6
2023-09-22 04:00:00+00:00,18.0,5.0,3.5,0.6
2023-09-22 04:10:00+00:00,17.965,5.0,3.5,0.94
2023-09-22 04:20:00+00:00,17.93,5.0,3.5,1.2799999999999998
2023-09-22 04:30:00+00:00,17.895,5.0,3.5,1.62
2023-09-22 04:40:00+00:00,17.86,5.0,3.5,1.96
2023-09-22 04:50:00+00:00,17.825,5.0,3.5,2.3
2023-09-22 05:00:00+00:00,17.79,5.0,3.5,2.64
2023-09-22 05:10:00+00:00,17.755,5.0,3.5,2.98
2023-09-22 05:20:00+00:00,17.72,5.0,3.5,3.32
2023-09-22 05:30:00+00:00,17.685,5.0,3.5,3.6599999999999997
2023-09-22 05:40:00+00:00,17.65,5.0,3.5,4.0
2023-09-22 05:50:00+00:00,17.6,5.0,3.5,4.0
2023-09-22 06:00:00+00:00,17.6,5.0,3.5,4.0
2023-09-22 06:10:00+00:00,17.6,5.0,3.5,4.0
2023-09-22 06:20:00+00:00,17.6,5.0,3.5,4.0
2023-09-22 06:30:00+00:00,17.5,5.0,3.5,4.0
2023-09-22 06:40:00+00:00,17.5,5.0,3.5,4.0
2023-09-22 06:50:00+00:00,17.5,5.0,3.4,4.0
2023-09-22 07:00:00+00:00,17.5,5.0,3.4,4.0
2023-09-22 07:10:00+00:00,17.5,5.0,3.4,4.0
2023-09-22 07:20:00+00:00,17.5,5.0,3.4,4.0
2023-09-22 07:30:00+00:00,17.5,4.0,3.4,4.0
2023-09-22 07:40:00+00:00,17.5,4.0,3.4,4.0
2023-09-22 07:50:00+00:00,17.5,4.0,3.4,4.0
2023-09-22 08:00:00+00:00,17.5,4.0,3.4,4.0
2023-09-22 08:10:00+00:00,17.5,4.0,3.4,4.0
2023-09-22 08:20:00+00:00,17.5,4.0,3.5,4.0
2023-09-22 08:30:00+00:00,17.6,4.0,3.4,4.0
2023-09-22 08:40:00+00:00,17.6,3.0,3.4,4.2
2023-09-22 08:50:00+00:00,17.6,3.0,3.4,5.9
2023-09-22 09:00:00+00:00,17.6,3.0,3.5,4.7
2023-09-22 09:10:00+00:00,17.6,4.0,3.4,6.2
2023-09-22 09:20:00+00:00,17.7,3.0,3.4,5.6
2023-09-22 09:30:00+00:00,17.75,3.0,3.45,5.9
2023-09-22 09:40:00+00:00,17.8,3.0,3.5,6.2
2023-09-22 09:50:00+00:00,17.8,2.0,3.5,6.2
2023-09-22 10:00:00+00:00,17.9,2.0,3.5,6.2
2023-09-22 10:10:00+00:00,18.0,2.0,3.5,6.1
2023-09-22 10:20:00+00:00,18.0,2.0,3.5,6.1
2023-09-22 10:30:00+00:00,18.0,2.0,3.5,6.1
2023-09-22 10:40:00+00:00,18.1,2.0,3.5,6.2
2023-09-22 10:50:00+00:00,18.2,2.0,3.5,6.1
2023-09-22 11:00:00+00:00,18.3,2.0,3.5,6.1
2023-09-22 11:10:00+00:00,18.3,1.0,3.5,6.2
2023-09-22 11:20:00+00:00,18.4,1.5,3.55,6.15
2023-09-22 11:30:00+00:00,18.5,2.0,3.6,6.1
2023-09-22 11:40:00+00:00,18.6,2.0,3.5,6.1
2023-09-22 11:50:00+00:00,18.6,2.0,3.5,5.9
2023-09-22 12:00:00+00:00,18.8,2.0,3.5,6.1
2023-09-22 12:10:00+00:00,18.8,3.0,3.5,5.7
2023-09-22 12:20:00+00:00,19.0,2.0,3.5,5.3
2023-09-22 12:30:00+00:00,19.0,3.0,3.4,5.4
2023-09-22 12:40:00+00:00,19.1,3.0,3.4,5.6
2023-09-22 12:50:00+00:00,19.2,3.0,3.4,5.9
2023-09-22 13:00:00+00:00,19.3,2.0,3.4,6.2
2023-09-22 13:10:00+00:00,19.3,2.0,3.45,6.15
2023-09-22 13:20:00+00:00,19.3,2.0,3.5,6.1
2023-09-22 13:30:00+00:00,19.3,3.0,3.5,5.5
2023-09-22 13:40:00+00:00,19.4,3.0,3.4,5.4
2023-09-22 13:50:00+00:00,19.5,3.0,3.4,5.8
2023-09-22 14:00:00+00:00,19.5,3.0,3.4,5.8
2023-09-22 14:10:00+00:00,19.5,3.0,3.4,5.8
2023-09-22 14:20:00+00:00,19.6,3.0,3.4,4.2
2023-09-22 14:30:00+00:00,19.6,3.0,3.4,4.8
2023-09-22 14:40:00+00:00,19.6,3.0,3.4,5.0
2023-09-22 14:50:00+00:00,19.6,3.0,3.4,4.7
2023-09-22 15:00:00+00:00,19.6,3.0,3.4,4.550000000000001
2023-09-22 15:10:00+00:00,19.6,3.0,3.4,4.4
2023-09-22 15:20:00+00:00,19.7,3.0,3.4,5.4
2023-09-22 15:30:00+00:00,19.7,3.0,3.4,4.5
2023-09-22 15:40:00+00:00,19.7,3.0,3.4,4.3
2023-09-22 15:50:00+00:00,19.7,3.0,3.4,4.8
2023-09-22 16:00:00+00:00,19.7,3.0,3.4,4.6
2023-09-22 16:10:00+00:00,19.7,3.0,3.4,4.1
2023-09-22 16:20:00+00:00,19.7,4.0,3.4,4.0
2023-09-22 16:30:00+00:00,19.7,4.0,3.4,3.2
2023-09-22 16:40:00+00:00,19.7,4.0,3.4,1.9
2023-09-22 16:50:00+00:00,19.7,4.0,3.4,1.6
2023-09-22 17:00:00+00:00,19.7,4.0,3.4,1.3
2023-09-22 17:10:00+00:00,19.7,4.0,3.5,0.8
2023-09-22 17:20:00+00:00,19.68,4.1,3.5,0.78
2023-09-22 17:30:00+00:00,19.66,4.2,3.5,0.76
2023-09-22 17:40:00+00:00,19.64,4.3,3.5,0.74
2023-09-22 17:50:00+00:00,19.62,4.4,3.5,0.72
2023-09-22 18:00:00+00:00,19.6,4.5,3.5,0.7
2023-09-22 18:10:00+00:00,19.58,4.6,3.5,0.6799999999999999
2023-09-22 18:20:00+00:00,19.56,4.7,3.5,0.66
2023-09-22 18:30:00+00:00,19.54,4.8,3.5,0.64
2023-09-22 18:40:00+00:00,19.52,4.9,3.5,0.62
2023-09-22 18:50:00+00:00,19.5,5.0,3.5,0.6
2023-09-22 19:00:00+00:00,19.476923076923075,5.0,3.5,0.5846153846153846
2023-09-22 19:10:00+00:00,19.453846153846154,5.0,3.5,0.5692307692307692
2023-09-22 19:20:00+00:00,19.43076923076923,5.0,3.5,0.5538461538461539
2023-09-22 19:30:00+00:00,19.407692307692308,5.0,3.5,0.5384615384615384
2023-09-22 19:40:00+00:00,19.384615384615383,5.0,3.5,0.5230769230769231
2023-09-22 19:50:00+00:00,19.361538461538462,5.0,3.5,0.5076923076923077
2023-09-22 20:00:00+00:00,19.338461538461537,5.0,3.5,0.49230769230769234
2023-09-22 20:10:00+00:00,19.315384615384616,5.0,3.5,0.4769230769230769
2023-09-22 20:20:00+00:00,19.29230769230769,5.0,3.5,0.46153846153846156
2023-09-22 20:30:00+00:00,19.26923076923077,5.0,3.5,0.4461538461538461
2023-09-22 20:40:00+00:00,19.246153846153845,5.0,3.5,0.4307692307692308
2023-09-22 20:50:00+00:00,19.223076923076924,5.0,3.5,0.4153846153846154
2023-09-22 21:00:00+00:00,19.2,5.0,3.5,0.4
2023-09-22 21:10:00+00:00,19.169999999999998,5.0,3.5,0.42000000000000004
2023-09-22 21:20:00+00:00,19.14,5.0,3.5,0.44
2023-09-22 21:30:00+00:00,19.11,5.0,3.5,0.46
2023-09-22 21:40:00+00:00,19.08,5.0,3.5,0.48
2023-09-22 21:50:00+00:00,19.049999999999997,5.0,3.5,0.5
2023-09-22 22:00:00+00:00,19.02,5.0,3.5,0.52
2023-09-22 22:10:00+00:00,18.99,5.0,3.5,0.54
2023-09-22 22:20:00+00:00,18.959999999999997,5.0,3.5,0.56
2023-09-22 22:30:00+00:00,18.93,5.0,3.5,0.58
2023-09-22 22:40:00+00:00,18.9,5.0,3.5,0.6
2023-09-22 22:50:00+00:00,18.869999999999997,5.0,3.5,0.6
2023-09-22 23:00:00+00:00,18.84,5.0,3.5,0.6
2023-09-22 23:10:00+00:00,18.81,5.0,3.5,0.6
2023-09-22 23:20:00+00:00,18.78,5.0,3.5,0.6
2023-09-22 23:30:00+00:00,18.75,5.0,3.5,0.6
2023-09-22 23:40:00+00:00,18.72,5.0,3.5,0.6
2023-09-22 23:50:00+00:00,18.69,5.0,3.5,0.6
2023-09-23 00:00:00+00:00,18.66,5.0,3.5,0.6
2023-09-23 00:10:00+00:00,18.630000000000003,5.0,3.5,0.6
2023-09-23 00:20:00+00:00,18.6,5.0,3.5,0.6
2023-09-23 00:30:00+00:00,18.57,5.1,3.5,0.6
2023-09-23 00:40:00+00:00,18.540000000000003,5.2,3.5,0.6
2023-09-23 00:50:00+00:00,18.51,5.3,3.5,0.6
2023-09-23 01:00:00+00:00,18.48,5.4,3.5,0.6
2023-09-23 01:10:00+00:00,18.450000000000003,5.5,3.5,0.6
2023-09-23 01:20:00+00:00,18.42,5.6,3.5,0.6
2023-09-23 01:30:00+00:00,18.39,5.7,3.5,0.6
2023-09-23 01:40:00+00:00,18.36,5.8,3.5,0.6
2023-09-23 01:50:00+00:00,18.330000000000002,5.9,3.5,0.6
2023-09-23 02:00:00+00:00,18.3,6.0,3.5,0.6
2023-09-23 02:10:00+00:00,18.28,6.0,3.5,0.6
2023-09-23 02:20:00+00:00,18.26,6.0,3.5,0.6
2023-09-23 02:30:00+00:00,18.240000000000002,6.0,3.5,0.6
2023-09-23 02:40:00+00:00,18.220000000000002,6.0,3.5,0.6
2023-09-23 02:50:00+00:00,18.200000000000003,6.0,3.5,0.6
2023-09-23 03:00:00+00:00,18.18,6.0,3.5,0.6
2023-09-23 03:10:00+00:00,18.16,6.0,3.5,0.6
2023-09-23 03:20:00+00:00,18.14,6.0,3.5,0.6
2023-09-23 03:30:00+00:00,18.12,6.0,3.5,0.6
2023-09-23 03:40:00+00:00,18.1,6.0,3.5,0.6
2023-09-23 03:50:00+00:00,18.07,6.1,3.5,0.94
2023-09-23 04:00:00+00:00,18.040000000000003,6.2,3.5,1.2799999999999998
2023-09-23 04:10:00+00:00,18.01,6.3,3.5,1.62
2023-09-23 04:20:00+00:00,17.98,6.4,3.5,1.96
2023-09-23 04:30:00+00:00,17.950000000000003,6.5,3.5,2.3
2023-09-23 04:40:00+00:00,17.92,6.6,3.5,2.64
2023-09-23 04:50:00+00:00,17.89,6.7,3.5,2.98
2023-09-23 05:00:00+00:00,17.86,6.8,3.5,3.32
2023-09-23 05:10:00+00:00,17.830000000000002,6.9,3.5,3.6599999999999997
2023-09-23 05:20:00+00:00,17.8,7.0,3.5,4.0
2023-09-23 05:30:00+00:00,17.8,7.0,3.5,4.0
2023-09-23 05:40:00+00:00,17.8,7.0,3.5,4.0
2023-09-23 05:50:00+00:00,17.7,7.0,3.5,4.0
2023-09-23 06:00:00+00:00,17.7,7.0,3.5,4.0
2023-09-23 06:10:00+00:00,17.6,7.0,3.5,4.0
2023-09-23 06:20:00+00:00,17.6,6.0,3.5,4.0
2023-09-23 06:30:00+00:00,17.6,7.0,3.5,4.0
2023-09-23 06:40:00+00:00,17.6,7.0,3.5,4.0
2023-09-23 06:50:00+00:00,17.6,7.0,3.5,4.0
2023-09-23 07:00:00+00:00,17.6,6.5,3.5,4.0
2023-09-23 07:10:00+00:00,17.6,6.0,3.5,4.0
2023-09-23 07:20:00+00:00,17.6,7.0,3.5,4.0
2023-09-23 07:30:00+00:00,17.6,7.0,3.5,4.0
2023-09-23 07:40:00+00:00,17.6,6.0,3.5,4.0
2023-09-23 07:50:00+00:00,17.6,6.0,3.5,4.0
2023-09-23 08:00:00+00:00,17.6,6.0,3.4,4.0
2023-09-23 08:10:00+00:00,17.6,6.0,3.4,4.0
2023-09-23 08:20:00+00:00,17.6,6.0,3.4,4.0
2023-09-23 08:30:00+00:00,17.6,6.0,3.4,4.1
2023-09-23 08:40:00+00:00,17.6,5.5,3.4,4.9
2023-09-23 08:50:00+00:00,17.6,5.0,3.4,5.7
2023-09-23 09:00:00+00:00,17.6,6.0,3.4,5.1
2023-09-23 09:10:00+00:00,17.6,5.0,3.4,6.0
2023-09-23 09:20:00+00:00,17.6,5.0,3.4,5.6
2023-09-23 09:30:00+00:00,17.7,6.0,3.4,5.7
2023-09-23 09:40:00+00:00,17.7,6.0,3.4,5.9
2023-09-23 09:50:00+00:00,17.8,5.0,3.4,6.1
2023-09-23 10:00:00+00:00,17.8,5.0,3.4,6.2
2023-09-23 10:10:00+00:00,17.8,5.0,3.4,6.2
2023-09-23 10:20:00+00:00,17.8,4.0,3.4,6.2
2023-09-23 10:30:00+00:00,17.85,4.0,3.4,6.2
2023-09-23 10:40:00+00:00,17.9,4.0,3.4,6.2
2023-09-23 10:50:00+00:00,18.0,5.0,3.4,6.1
2023-09-23 11:00:00+00:00,18.0,4.0,3.4,6.1
2023-09-23 11:10:00+00:00,18.1,5.0,3.4,6.2
2023-09-23 11:20:00+00:00,18.1,5.0,3.4,6.1
2023-09-23 11:30:00+00:00,18.2,5.0,3.4,6.2
2023-09-23 11:40:00+00:00,18.3,4.0,3.4,6.2
2023-09-23 11:50:00+00:00,18.3,4.0,3.4,6.1
2023-09-23 12:00:00+00:00,18.4,4.0,3.4,5.9
2023-09-23 12:10:00+00:00,18.4,4.0,3.5,6.2
2023-09-23 12:20:00+00:00,18.45,4.0,3.45,6.1
2023-09-23 12:30:00+00:00,18.5,4.0,3.4,6.0
2023-09-23 12:40:00+00:00,18.6,4.0,3.5,6.1
2023-09-23 12:50:00+00:00,18.6,4.0,3.4,6.2
2023-09-23 13:00:00+00:00,18.7,4.0,3.4,6.1
2023-09-23 13:10:00+00:00,18.8,4.0,3.4,6.0
2023-09-23 13:20:00+00:00,18.8,4.0,3.4,6.0
2023-09-23 13:30:00+00:00,18.9,4.0,3.4,5.9
2023-09-23 13:40:00+00:00,19.0,4.0,3.4,5.8
2023-09-23 13:50:00+00:00,19.0,5.0,3.4,5.9
2023-09-23 14:00:00+00:00,19.1,5.0,3.4,5.6
2023-09-23 14:10:00+00:00,19.1,5.0,3.4,5.5
2023-09-23 14:20:00+00:00,19.1,5.0,3.4,5.4
2023-09-23 14:30:00+00:00,19.2,5.0,3.4,4.1
2023-09-23 14:40:00+00:00,19.2,5.0,3.4,5.4
2023-09-23 14:50:00+00:00,19.3,4.0,3.4,6.0
2023-09-23 15:00:00+00:00,19.3,5.0,3.4,6.0
2023-09-23 15:10:00+00:00,19.3,5.0,3.4,4.6
2023-09-23 15:20:00+00:00,19.3,5.0,3.4,5.4
2023-09-23 15:30:00+00:00,19.3,5.0,3.4,4.0
2023-09-23 15:40:00+00:00,19.3,5.0,3.5,5.6
2023-09-23 15:50:00+00:00,19.3,5.0,3.5,5.1
2023-09-23 16:00:00+00:00,19.3,5.0,3.5,4.55
2023-09-23 16:10:00+00:00,19.3,5.0,3.5,4.0
2023-09-23 16:20:00+00:00,19.3,5.0,3.5,4.1
2023-09-23 16:30:00+00:00,19.3,5.0,3.5,4.3
2023-09-23 16:40:00+00:00,19.2,5.0,3.5,4.0
2023-09-23 16:50:00+00:00,19.2,5.0,3.5,3.2
2023-09-23 17:00:00+00:00,19.1,5.0,3.5,1.6
2023-09-23 17:10:00+00:00,19.1,5.0,3.5,0.8
2023-09-23 17:20:00+00:00,19.076923076923077,5.076923076923077,3.5,0.7846153846153846
2023-09-23 17:30:00+00:00,19.053846153846155,5.153846153846154,3.5,0.7692307692307693
2023-09-23 17:40:00+00:00,19.03076923076923,5.230769230769231,3.5,0.7538461538461538
2023-09-23 17:50:00+00:00,19.00769230769231,5.3076923076923075,3.5,0.7384615384615385
2023-09-23 18:00:00+00:00,18.984615384615385,5.384615384615385,3.5,0.7230769230769231
2023-09-23 18:10:00+00:00,18.961538461538463,5.461538461538462,3.5,0.7076923076923077
2023-09-23 18:20:00+00:00,18.93846153846154,5.538461538461538,3.5,0.6923076923076923
2023-09-23 18:30:00+00:00,18.915384615384617,5.615384615384615,3.5,0.676923076923077
2023-09-23 18:40:00+00:00,18.892307692307693,5.6923076923076925,3.5,0.6615384615384615
2023-09-23 18:50:00+00:00,18.86923076923077,5.769230769230769,3.5,0.6461538461538462
2023-09-23 19:00:00+00:00,18.846153846153847,5.846153846153847,3.5,0.6307692307692307
2023-09-23 19:10:00+00:00,18.823076923076925,5.923076923076923,3.5,0.6153846153846154
2023-09-23 19:20:00+00:00,18.8,6.0,3.5,0.6
2023-09-23 19:30:00+00:00,18.75,6.0,3.5,0.6
2023-09-23 19:40:00+00:00,18.7,6.0,3.5,0.6
2023-09-23 19:50:00+00:00,18.650000000000002,6.0,3.5,0.6
2023-09-23 20:00:00+00:00,18.6,6.0,3.5,0.6
2023-09-23 20:10:00+00:00,18.55,6.0,3.5,0.6
2023-09-23 20:20:00+00:00,18.5,6.0,3.5,0.6
2023-09-23 20:30:00+00:00,18.45,6.0,3.5,0.6
2023-09-23 20:40:00+00:00,18.400000000000002,6.0,3.5,0.6
2023-09-23 20:50:00+00:00,18.35,6.0,3.5,0.6
2023-09-23 21:00:00+00:00,18.3,6.0,3.5,0.6
2023-09-23 21:10:00+00:00,18.25,6.0,3.51,0.6
2023-09-23 21:20:00+00:00,18.2,6.0,3.52,0.6
2023-09-23 21:30:00+00:00,18.150000000000002,6.0,3.5300000000000002,0.6
2023-09-23 21:40:00+00:00,18.1,6.0,3.54,0.6
2023-09-23 21:50:00+00:00,18.05,6.0,3.55,0.6
2023-09-23 22:00:00+00:00,18.0,6.0,3.56,0.6
2023-09-23 22:10:00+00:00,17.95,6.0,3.5700000000000003,0.6
2023-09-23 22:20:00+00:00,17.900000000000002,6.0,3.58,0.6
2023-09-23 22:30:00+00:00,17.85,6.0,3.59,0.6
2023-09-23 22:40:00+00:00,17.8,6.0,3.6,0.6
2023-09-23 22:50:00+00:00,17.75,6.1,3.59,0.6
2023-09-23 23:00:00+00:00,17.7,6.2,3.58,0.6
2023-09-23 23:10:00+00:00,17.650000000000002,6.3,3.5700000000000003,0.6
2023-09-23 23:20:00+00:00,17.6,6.4,3.56,0.6
2023-09-23 23:30:00+00:00,17.55,6.5,3.55,0.6
2023-09-23 23:40:00+00:00,17.5,6.6,3.54,0.6
2023-09-23 23:50:00+00:00,17.45,6.7,3.5300000000000002,0.6
2023-09-24 00:00:00+00:00,17.400000000000002,6.8,3.52,0.6
2023-09-24 00:10:00+00:00,17.35,6.9,3.51,0.6
2023-09-24 00:20:00+00:00,17.3,7.0,3.5,0.6
2023-09-24 00:30:00+00:00,17.27,7.0,3.5,0.6
2023-09-24 00:40:00+00:00,17.240000000000002,7.0,3.5,0.6
2023-09-24 00:50:00+00:00,17.21,7.0,3.5,0.6
2023-09-24 01:00:00+00:00,17.18,7.0,3.5,0.6
2023-09-24 01:10:00+00:00,17.15,7.0,3.5,0.6
2023-09-24 01:20:00+00:00,17.12,7.0,3.5,0.6
2023-09-24 01:30:00+00:00,17.09,7.0,3.5,0.6
2023-09-24 01:40:00+00:00,17.06,7.0,3.5,0.6
2023-09-24 01:50:00+00:00,17.03,7.0,3.5,0.6
2023-09-24 02:00:00+00:00,17.0,7.0,3.5,0.6
2023-09-24 02:10:00+00:00,16.96,7.0,3.51,0.6
2023-09-24 02:20:00+00:00,16.92,7.0,3.52,0.6
2023-09-24 02:30:00+00:00,16.88,7.0,3.5300000000000002,0.6
2023-09-24 02:40:00+00:00,16.84,7.0,3.54,0.6
2023-09-24 02:50:00+00:00,16.8,7.0,3.55,0.6
2023-09-24 03:00:00+00:00,16.76,7.0,3.56,0.6
2023-09-24 03:10:00+00:00,16.720000000000002,7.0,3.5700000000000003,0.6
2023-09-24 03:20:00+00:00,16.68,7.0,3.58,0.6
2023-09-24 03:30:00+00:00,16.64,7.0,3.59,0.6
2023-09-24 03:40:00+00:00,16.6,7.0,3.6,0.6
2023-09-24 03:50:00+00:00,16.57,7.0,3.59,0.94
2023-09-24 04:00:00+00:00,16.540000000000003,7.0,3.58,1.2799999999999998
2023-09-24 04:10:00+00:00,16.51,7.0,3.5700000000000003,1.62
2023-09-24 04:20:00+00:00,16.48,7.0,3.56,1.96
2023-09-24 04:30:00+00:00,16.450000000000003,7.0,3.55,2.3
2023-09-24 04:40:00+00:00,16.42,7.0,3.54,2.64
2023-09-24 04:50:00+00:00,16.39,7.0,3.5300000000000002,2.98
2023-09-24 05:00:00+00:00,16.36,7.0,3.52,3.32
2023-09-24 05:10:00+00:00,16.330000000000002,7.0,3.51,3.6599999999999997
2023-09-24 05:20:00+00:00,16.3,7.0,3.5,4.0
2023-09-24 05:30:00+00:00,16.1,7.0,3.5,4.0
2023-09-24 05:40:00+00:00,16.1,7.0,3.6,4.0
2023-09-24 05:50:00+00:00,16.1,7.0,3.6,4.0
2023-09-24 06:00:00+00:00,16.1,7.0,3.6,4.0
2023-09-24 06:10:00+00:00,16.1,7.5,3.6,4.0
2023-09-24 06:20:00+00:00,16.1,8.0,3.6,4.0
2023-09-24 06:30:00+00:00,16.0,7.0,3.5,4.0
2023-09-24 06:40:00+00:00,16.0,7.0,3.5,4.0
2023-09-24 06:50:00+00:00,16.0,7.0,3.5,4.0
2023-09-24 07:00:00+00:00,16.0,7.0,3.5,3.8
2023-09-24 07:10:00+00:00,16.0,7.0,3.5,4.0
2023-09-24 07:20:00+00:00,16.0,7.0,3.5,4.0
2023-09-24 07:30:00+00:00,15.9,6.0,3.5,4.0
2023-09-24 07:40:00+00:00,15.9,6.0,3.5,4.0
2023-09-24 07:50:00+00:00,15.9,6.0,3.5,4.0
2023-09-24 08:00:00+00:00,15.9,6.0,3.5,4.0
2023-09-24 08:10:00+00:00,15.9,6.0,3.5,4.0
2023-09-24 08:20:00+00:00,15.9,6.0,3.5,4.1
2023-09-24 08:30:00+00:00,15.9,6.0,3.4,4.0
2023-09-24 08:40:00+00:00,15.9,6.0,3.4,4.0
2023-09-24 08:50:00+00:00,16.0,6.0,3.5,4.0
2023-09-24 09:00:00+00:00,16.0,6.0,3.4,5.2
2023-09-24 09:10:00+00:00,16.0,5.0,3.5,5.6
2023-09-24 09:20:00+00:00,16.0,5.0,3.4,6.2
2023-09-24 09:30:00+00:00,16.1,5.0,3.4,4.1
2023-09-24 09:40:00+00:00,16.1,5.0,3.4,6.1
2023-09-24 09:50:00+00:00,16.1,5.0,3.4,6.1
2023-09-24 10:00:00+00:00,16.1,5.0,3.4,6.1
2023-09-24 10:10:00+00:00,16.2,5.0,3.4,6.1
2023-09-24 10:20:00+00:00,16.3,4.0,3.4,6.0
2023-09-24 10:30:00+00:00,16.3,5.0,3.5,5.6
2023-09-24 10:40:00+00:00,16.4,5.0,3.4,6.1
2023-09-24 10:50:00+00:00,16.5,4.0,3.5,5.9
2023-09-24 11:00:00+00:00,16.5,4.0,3.5,6.0
2023-09-24 11:10:00+00:00,16.6,4.0,3.5,5.8
2023-09-24 11:20:00+00:00,16.7,4.0,3.5,5.9
2023-09-24 11:30:00+00:00,16.75,3.5,3.55,5.6
2023-09-24 11:40:00+00:00,16.8,3.0,3.6,5.3
2023-09-24 11:50:00+00:00,16.9,4.0,3.5,5.7
2023-09-24 12:00:00+00:00,17.0,4.0,3.5,5.5
2023-09-24 12:10:00+00:00,17.1,4.0,3.4,6.0
2023-09-24 12:20:00+00:00,17.2,4.0,3.5,5.8
2023-09-24 12:30:00+00:00,17.3,4.0,3.5,5.5
2023-09-24 12:40:00+00:00,17.4,4.0,3.5,5.9
2023-09-24 12:50:00+00:00,17.5,4.0,3.5,5.6
2023-09-24 13:00:00+00:00,17.6,4.0,3.5,5.7
2023-09-24 13:10:00+00:00,17.7,3.0,3.5,6.0
2023-09-24 13:20:00+00:00,17.75,3.0,3.5,6.0
2023-09-24 13:30:00+00:00,17.8,3.0,3.5,6.0
2023-09-24 13:40:00+00:00,17.9,4.0,3.5,5.4
2023-09-24 13:50:00+00:00,18.0,4.0,3.4,5.0
2023-09-24 14:00:00+00:00,18.1,4.0,3.4,5.0
2023-09-24 14:10:00+00:00,18.2,4.0,3.4,6.1
2023-09-24 14:20:00+00:00,18.3,4.0,3.4,5.9
2023-09-24 14:30:00+00:00,18.4,4.0,3.5,4.5
2023-09-24 14:40:00+00:00,18.5,4.0,3.5,6.0
2023-09-24 14:50:00+00:00,18.5,4.0,3.5,6.0
2023-09-24 15:00:00+00:00,18.6,5.0,3.4,5.6
2023-09-24 15:10:00+00:00,18.6,5.0,3.45,5.9
2023-09-24 15:20:00+00:00,18.6,5.0,3.5,6.2
2023-09-24 15:30:00+00:00,18.7,5.0,3.4,6.0
2023-09-24 15:40:00+00:00,18.8,5.0,3.4,5.9
2023-09-24 15:50:00+00:00,18.8,5.0,3.4,4.8
2023-09-24 16:00:00+00:00,18.8,5.0,3.5,5.3
2023-09-24 16:10:00+00:00,18.9,5.0,3.5,4.5
2023-09-24 16:20:00+00:00,18.9,5.0,3.5,4.5
2023-09-24 16:30:00+00:00,18.9,6.0,3.5,4.1
2023-09-24 16:40:00+00:00,19.0,6.0,3.5,3.6
2023-09-24 16:50:00+00:00,18.9,6.0,3.5,2.4
2023-09-24 17:00:00+00:00,18.9,6.0,3.5,1.7999999999999998
2023-09-24 17:10:00+00:00,18.9,6.0,3.5,1.2
2023-09-24 17:20:00+00:00,18.9,6.0,3.5,0.7
2023-09-24 17:30:00+00:00,18.86,6.0,3.5,0.69
2023-09-24 17:40:00+00:00,18.82,6.0,3.5,0.6799999999999999
2023-09-24 17:50:00+00:00,18.779999999999998,6.0,3.5,0.6699999999999999
2023-09-24 18:00:00+00:00,18.74,6.0,3.5,0.6599999999999999
2023-09-24 18:10:00+00:00,18.7,6.0,3.5,0.6499999999999999
2023-09-24 18:20:00+00:00,18.66,6.0,3.5,0.64
2023-09-24 18:30:00+00:00,18.62,6.0,3.5,0.63
2023-09-24 18:40:00+00:00,18.58,6.0,3.5,0.62
2023-09-24 18:50:00+00:00,18.54,6.0,3.5,0.61
2023-09-24 19:00:00+00:00,18.5,6.0,3.5,0.6
2023-09-24 19:10:00+00:00,18.46153846153846,6.076923076923077,3.5076923076923077,0.5846153846153846
2023-09-24 19:20:00+00:00,18.423076923076923,6.153846153846154,3.5153846153846153,0.5692307692307692
2023-09-24 19:30:00+00:00,18.384615384615383,6.230769230769231,3.523076923076923,0.5538461538461539
2023-09-24 19:40:00+00:00,18.346153846153847,6.3076923076923075,3.5307692307692307,0.5384615384615384
2023-09-24 19:50:00+00:00,18.307692307692307,6.384615384615385,3.5384615384615383,0.5230769230769231
2023-09-24 20:00:00+00:00,18.26923076923077,6.461538461538462,3.546153846153846,0.5076923076923077
2023-09-24 20:10:00+00:00,18.23076923076923,6.538461538461538,3.553846153846154,0.49230769230769234
2023-09-24 20:20:00+00:00,18.192307692307693,6.615384615384615,3.5615384615384618,0.4769230769230769
2023-09-24 20:30:00+00:00,18.153846153846153,6.6923076923076925,3.5692307692307694,0.46153846153846156
2023-09-24 20:40:00+00:00,18.115384615384617,6.769230769230769,3.576923076923077,0.4461538461538461
2023-09-24 20:50:00+00:00,18.076923076923077,6.846153846153847,3.5846153846153848,0.4307692307692308
2023-09-24 21:00:00+00:00,18.03846153846154,6.923076923076923,3.5923076923076924,0.4153846153846154
2023-09-24 21:10:00+00:00,18.0,7.0,3.6,0.4
2023-09-24 21:20:00+00:00,17.94,7.1,3.6,0.42000000000000004
2023-09-24 21:30:00+00:00,17.88,7.2,3.6,0.44
2023-09-24 21:40:00+00:00,17.82,7.3,3.6,0.46
2023-09-24 21:50:00+00:00,17.759999999999998,7.4,3.6,0.48
2023-09-24 22:00:00+00:00,17.7,7.5,3.6,0.5
2023-09-24 22:10:00+00:00,17.64,7.6,3.6,0.52
2023-09-24 22:20:00+00:00,17.58,7.7,3.6,0.54
2023-09-24 22:30:00+00:00,17.52,7.8,3.6,0.56
2023-09-24 22:40:00+00:00,17.459999999999997,7.9,3.6,0.58
2023-09-24 22:50:00+00:00,17.4,8.0,3.6,0.6
2023-09-24 23:00:00+00:00,17.34,8.0,3.6100000000000003,0.6
2023-09-24 23:10:00+00:00,17.279999999999998,8.0,3.62,0.6
2023-09-24 23:20:00+00:00,17.22,8.0,3.63,0.6
2023-09-24 23:30:00+00:00,17.16,8.0,3.64,0.6
2023-09-24 23:40:00+00:00,17.1,8.0,3.6500000000000004,0.6
2023-09-24 23:50:00+00:00,17.04,8.0,3.66,0.6
2023-09-25 00:00:00+00:00,16.98,8.0,3.67,0.6
2023-09-25 00:10:00+00:00,16.92,8.0,3.68,0.6
2023-09-25 00:20:00+00:00,16.86,8.0,3.6900000000000004,0.6
2023-09-25 00:30:00+00:00,16.8,8.0,3.7,0.6
2023-09-25 00:40:00+00:00,16.740000000000002,8.0,3.7,0.6
2023-09-25 00:50:00+00:00,16.68,8.0,3.7,0.6
2023-09-25 01:00:00+00:00,16.62,8.0,3.7,0.6
2023-09-25 01:10:00+00:00,16.56,8.0,3.7,0.6
2023-09-25 01:20:00+00:00,16.5,8.0,3.7,0.6
2023-09-25 01:30:00+00:00,16.44,8.0,3.7,0.6
2023-09-25 01:40:00+00:00,16.38,8.0,3.7,0.6
2023-09-25 01:50:00+00:00,16.32,8.0,3.7,0.6
2023-09-25 02:00:00+00:00,16.259999999999998,8.0,3.7,0.6
2023-09-25 02:10:00+00:00,16.2,8.0,3.7,0.6
2023-09-25 02:20:00+00:00,16.14,8.0,3.7,0.6
2023-09-25 02:30:00+00:00,16.08,8.0,3.7,0.6
2023-09-25 02:40:00+00:00,16.02,8.0,3.7,0.6
2023-09-25 02:50:00+00:00,15.959999999999999,8.0,3.7,0.6
2023-09-25 03:00:00+00:00,15.899999999999999,8.0,3.7,0.6
2023-09-25 03:10:00+00:00,15.84,8.0,3.7,0.6
2023-09-25 03:20:00+00:00,15.78,8.0,3.7,0.6
2023-09-25 03:30:00+00:00,15.719999999999999,8.0,3.7,0.6
2023-09-25 03:40:00+00:00,15.66,8.0,3.7,0.6
2023-09-25 03:50:00+00:00,15.6,8.0,3.7,0.6
2023-09-25 04:00:00+00:00,15.549999999999999,8.1,3.7,0.94
2023-09-25 04:10:00+00:00,15.5,8.2,3.7,1.2799999999999998
2023-09-25 04:20:00+00:00,15.45,8.3,3.7,1.62
2023-09-25 04:30:00+00:00,15.4,8.4,3.7,1.96
2023-09-25 04:40:00+00:00,15.35,8.5,3.7,2.3
2023-09-25 04:50:00+00:00,15.299999999999999,8.6,3.7,2.64
2023-09-25 05:00:00+00:00,15.25,8.7,3.7,2.98
2023-09-25 05:10:00+00:00,15.2,8.8,3.7,3.32
2023-09-25 05:20:00+00:00,15.15,8.9,3.7,3.6599999999999997
2023-09-25 05:30:00+00:00,15.1,9.0,3.7,4.0
2023-09-25 05:40:00+00:00,15.0,9.0,3.7,4.0
2023-09-25 05:50:00+00:00,15.0,9.0,3.7,4.0
2023-09-25 06:00:00+00:00,15.0,9.0,3.6,4.0
2023-09-25 06:10:00+00:00,14.9,9.0,3.6,4.0
2023-09-25 06:20:00+00:00,14.8,9.0,3.6,4.0
2023-09-25 06:30:00+00:00,14.8,9.0,3.6,4.0
2023-09-25 06:40:00+00:00,14.8,9.0,3.6,4.0
2023-09-25 06:50:00+00:00,14.7,9.0,3.6,4.0
2023-09-25 07:00:00+00:00,14.7,8.0,3.6,4.0
2023-09-25 07:10:00+00:00,14.649999999999999,8.5,3.55,4.0
2023-09-25 07:20:00+00:00,14.6,9.0,3.5,4.0
2023-09-25 07:30:00+00:00,14.6,8.0,3.5,4.0
2023-09-25 07:40:00+00:00,14.6,8.0,3.5,4.0
2023-09-25 07:50:00+00:00,14.6,7.0,3.5,4.0
2023-09-25 08:00:00+00:00,14.6,7.0,3.5,4.0
2023-09-25 08:10:00+00:00,14.6,7.0,3.5,4.0
2023-09-25 08:20:00+00:00,14.6,6.0,3.5,4.0
2023-09-25 08:30:00+00:00,14.6,6.0,3.4,4.0
2023-09-25 08:40:00+00:00,14.6,6.0,3.4,4.2
2023-09-25 08:50:00+00:00,14.6,5.0,3.4,5.9
2023-09-25 09:00:00+00:00,14.649999999999999,5.0,3.4,6.0
2023-09-25 09:10:00+00:00,14.7,5.0,3.4,6.1
2023-09-25 09:20:00+00:00,14.8,5.0,3.4,6.2
2023-09-25 09:30:00+00:00,14.8,5.0,3.4,6.1
2023-09-25 09:40:00+00:00,14.9,4.0,3.4,6.1
2023-09-25 09:50:00+00:00,15.0,5.0,3.4,6.2
2023-09-25 10:00:00+00:00,15.0,4.0,3.4,6.1
2023-09-25 10:10:00+00:00,15.1,4.0,3.4,6.1
2023-09-25 10:20:00+00:00,15.2,4.0,3.4,6.1
2023-09-25 10:30:00+00:00,15.3,4.0,3.5,4.3
2023-09-25 10:40:00+00:00,15.5,4.0,3.4,6.1
2023-09-25 10:50:00+00:00,15.55,3.5,3.45,6.05
2023-09-25 11:00:00+00:00,15.6,3.0,3.5,6.0
2023-09-25 11:10:00+00:00,15.6,3.0,3.5,6.0
2023-09-25 11:20:00+00:00,15.8,3.0,3.5,6.0
2023-09-25 11:30:00+00:00,15.9,3.0,3.5,6.0
2023-09-25 11:40:00+00:00,16.0,3.0,3.5,6.0
2023-09-25 11:50:00+00:00,16.1,3.0,3.5,6.1
2023-09-25 12:00:00+00:00,16.3,3.0,3.5,6.1
2023-09-25 12:10:00+00:00,16.5,3.0,3.5,6.1
2023-09-25 12:20:00+00:00,16.6,3.0,3.4,6.1
2023-09-25 12:30:00+00:00,16.8,3.0,3.5,6.1
2023-09-25 12:40:00+00:00,16.85,3.0,3.45,5.699999999999999
2023-09-25 12:50:00+00:00,16.9,3.0,3.4,5.3
2023-09-25 13:00:00+00:00,17.0,4.0,3.4,5.7
2023-09-25 13:10:00+00:00,17.1,3.0,3.5,6.0
2023-09-25 13:20:00+00:00,17.3,4.0,3.4,5.8
2023-09-25 13:30:00+00:00,17.4,3.0,3.4,5.9
2023-09-25 13:40:00+00:00,17.5,4.0,3.4,6.1
2023-09-25 13:50:00+00:00,17.6,4.0,3.4,5.4
2023-09-25 14:00:00+00:00,17.7,4.0,3.4,6.2
2023-09-25 14:10:00+00:00,17.8,3.0,3.4,6.1
2023-09-25 14:20:00+00:00,17.85,3.0,3.4,6.0
2023-09-25 14:30:00+00:00,17.9,3.0,3.4,5.9
2023-09-25 14:40:00+00:00,18.0,4.0,3.4,6.0
2023-09-25 14:50:00+00:00,18.0,4.0,3.4,6.0
2023-09-25 15:00:00+00:00,18.1,4.0,3.5,6.0
2023-09-25 15:10:00+00:00,18.1,4.0,3.4,6.0
2023-09-25 15:20:00+00:00,18.2,4.0,3.4,5.9
2023-09-25 15:30:00+00:00,18.3,4.0,3.4,5.4
2023-09-25 15:40:00+00:00,18.3,4.0,3.4,5.0
2023-09-25 15:50:00+00:00,18.3,4.0,3.4,4.8
2023-09-25 16:00:00+00:00,18.3,5.0,3.4,4.4
2023-09-25 16:10:00+00:00,18.35,5.0,3.45,4.2
2023-09-25 16:20:00+00:00,18.4,5.0,3.5,4.0
2023-09-25 16:30:00+00:00,18.4,5.0,3.4,4.2
2023-09-25 16:40:00+00:00,18.5,5.0,3.5,3.8
2023-09-25 16:50:00+00:00,18.5,5.0,3.5,2.8
2023-09-25 17:00:00+00:00,18.5,5.0,3.5,1.7
2023-09-25 17:10:00+00:00,18.4,5.0,3.5,0.8
2023-09-25 17:20:00+00:00,18.36086956521739,5.043478260869565,3.5,0.791304347826087
2023-09-25 17:30:00+00:00,18.321739130434782,5.086956521739131,3.5,0.782608695652174
2023-09-25 17:40:00+00:00,18.282608695652172,5.130434782608695,3.5,0.773913043478261
2023-09-25 17:50:00+00:00,18.243478260869566,5.173913043478261,3.5,0.7652173913043478
2023-09-25 18:00:00+00:00,18.204347826086956,5.217391304347826,3.5,0.7565217391304349
2023-09-25 18:10:00+00:00,18.165217391304346,5.260869565217392,3.5,0.7478260869565218
2023-09-25 18:20:00+00:00,18.12608695652174,5.304347826086957,3.5,0.7391304347826088
2023-09-25 18:30:00+00:00,18.08695652173913,5.3478260869565215,3.5,0.7304347826086957
2023-09-25 18:40:00+00:00,18.047826086956523,5.391304347826087,3.5,0.7217391304347827
2023-09-25 18:50:00+00:00,18.008695652173913,5.434782608695652,3.5,0.7130434782608696
2023-09-25 19:00:00+00:00,17.969565217391303,5.478260869565218,3.5,0.7043478260869566
2023-09-25 19:10:00+00:00,17.930434782608696,5.521739130434782,3.5,0.6956521739130435
2023-09-25 19:20:00+00:00,17.891304347826086,5.565217391304348,3.5,0.6869565217391305
2023-09-25 19:30:00+00:00,17.852173913043476,5.608695652173913,3.5,0.6782608695652174
2023-09-25 19:40:00+00:00,17.81304347826087,5.6521739130434785,3.5,0.6695652173913044
2023-09-25 19:50:00+00:00,17.77391304347826,5.695652173913043,3.5,0.6608695652173913
2023-09-25 20:00:00+00:00,17.734782608695653,5.739130434782608,3.5,0.6521739130434783
2023-09-25 20:10:00+00:00,17.695652173913043,5.782608695652174,3.5,0.6434782608695652
2023-09-25 20:20:00+00:00,17.656521739130433,5.826086956521739,3.5,0.6347826086956522
2023-09-25 20:30:00+00:00,17.617391304347827,5.869565217391305,3.5,0.6260869565217391
2023-09-25 20:40:00+00:00,17.578260869565216,5.913043478260869,3.5,0.6173913043478261
2023-09-25 20:50:00+00:00,17.53913043478261,5.956521739130435,3.5,0.608695652173913
2023-09-25 21:00:00+00:00,17.5,6.0,3.5,0.6
2023-09-25 21:10:00+00:00,17.45,6.1,3.5,0.6
2023-09-25 21:20:00+00:00,17.4,6.2,3.5,0.6
2023-09-25 21:30:00+00:00,17.35,6.3,3.5,0.6
2023-09-25 21:40:00+00:00,17.3,6.4,3.5,0.6
2023-09-25 21:50:00+00:00,17.25,6.5,3.5,0.6
2023-09-25 22:00:00+00:00,17.2,6.6,3.5,0.6
2023-09-25 22:10:00+00:00,17.15,6.7,3.5,0.6
2023-09-25 22:20:00+00:00,17.1,6.8,3.5,0.6
2023-09-25 22:30:00+00:00,17.05,6.9,3.5,0.6
2023-09-25 22:40:00+00:00,17.0,7.0,3.5,0.6
2023-09-25 22:50:00+00:00,16.96,7.0,3.5,0.6
2023-09-25 23:00:00+00:00,16.92,7.0,3.5,0.6
2023-09-25 23:10:00+00:00,16.88,7.0,3.5,0.6
2023-09-25 23:20:00+00:00,16.84,7.0,3.5,0.6
2023-09-25 23:30:00+00:00,16.8,7.0,3.5,0.6
2023-09-25 23:40:00+00:00,16.76,7.0,3.5,0.6
2023-09-25 23:50:00+00:00,16.720000000000002,7.0,3.5,0.6
2023-09-26 00:00:00+00:00,16.68,7.0,3.5,0.6
2023-09-26 00:10:00+00:00,16.64,7.0,3.5,0.6
2023-09-26 00:20:00+00:00,16.6,7.0,3.5,0.6
2023-09-26 00:30:00+00:00,16.55,7.0,3.51,0.58
2023-09-26 00:40:00+00:00,16.5,7.0,3.52,0.5599999999999999
2023-09-26 00:50:00+00:00,16.450000000000003,7.0,3.5300000000000002,0.54
2023-09-26 01:00:00+00:00,16.400000000000002,7.0,3.54,0.52
2023-09-26 01:10:00+00:00,16.35,7.0,3.55,0.5
2023-09-26 01:20:00+00:00,16.3,7.0,3.56,0.48
2023-09-26 01:30:00+00:00,16.25,7.0,3.5700000000000003,0.45999999999999996
2023-09-26 01:40:00+00:00,16.200000000000003,7.0,3.58,0.44
2023-09-26 01:50:00+00:00,16.150000000000002,7.0,3.59,0.42000000000000004
2023-09-26 02:00:00+00:00,16.1,7.0,3.6,0.4
2023-09-26 02:10:00+00:00,16.080000000000002,7.0,3.6,0.42000000000000004
2023-09-26 02:20:00+00:00,16.060000000000002,7.0,3.6,0.44
2023-09-26 02:30:00+00:00,16.040000000000003,7.0,3.6,0.46
2023-09-26 02:40:00+00:00,16.02,7.0,3.6,0.48
2023-09-26 02:50:00+00:00,16.0,7.0,3.6,0.5
2023-09-26 03:00:00+00:00,15.98,7.0,3.6,0.52
2023-09-26 03:10:00+00:00,15.96,7.0,3.6,0.54
2023-09-26 03:20:00+00:00,15.940000000000001,7.0,3.6,0.56
2023-09-26 03:30:00+00:00,15.92,7.0,3.6,0.58
2023-09-26 03:40:00+00:00,15.9,7.0,3.6,0.6
2023-09-26 03:50:00+00:00,15.88,7.0,3.59,0.94
2023-09-26 04:00:00+00:00,15.86,7.0,3.58,1.2799999999999998
2023-09-26 04:10:00+00:00,15.84,7.0,3.5700000000000003,1.62
2023-09-26 04:20:00+00:00,15.82,7.0,3.56,1.96
2023-09-26 04:30:00+00:00,15.8,7.0,3.55,2.3
2023-09-26 04:40:00+00:00,15.78,7.0,3.54,2.64
2023-09-26 04:50:00+00:00,15.76,7.0,3.5300000000000002,2.98
2023-09-26 05:00:00+00:00,15.74,7.0,3.52,3.32
2023-09-26 05:10:00+00:00,15.719999999999999,7.0,3.51,3.6599999999999997
2023-09-26 05:20:00+00:00,15.7,7.0,3.5,4.0
2023-09-26 05:30:00+00:00,15.6,7.0,3.5,4.0
2023-09-26 05:40:00+00:00,15.6,7.0,3.5,4.0
2023-09-26 05:50:00+00:00,15.6,7.0,3.5,4.0
2023-09-26 06:00:00+00:00,15.6,6.0,3.5,4.0
2023-09-26 06:10:00+00:00,15.6,6.0,3.5,4.0
2023-09-26 06:20:00+00:00,15.6,6.0,3.5,4.0
2023-09-26 06:30:00+00:00,15.6,6.0,3.5,4.0
2023-09-26 06:40:00+00:00,15.6,6.0,3.5,4.0
2023-09-26 06:50:00+00:00,15.6,6.0,3.5,4.0
2023-09-26 07:00:00+00:00,15.6,6.0,3.5,4.0
2023-09-26 07:10:00+00:00,15.6,6.0,3.5,4.0
2023-09-26 07:20:00+00:00,15.6,6.0,3.5,4.0
2023-09-26 07:30:00+00:00,15.6,6.0,3.5,4.0
2023-09-26 07:40:00+00:00,15.6,6.0,3.5,4.0
2023-09-26 07:50:00+00:00,15.7,6.0,3.4,4.0
2023-09-26 08:00:00+00:00,15.7,6.0,3.5,4.0
2023-09-26 08:10:00+00:00,15.7,6.0,3.5,4.0
2023-09-26 08:20:00+00:00,15.7,6.0,3.5,4.0
2023-09-26 08:30:00+00:00,15.7,6.0,3.4,4.0
2023-09-26 08:40:00+00:00,15.8,6.0,3.4,4.0
2023-09-26 08:50:00+00:00,15.8,6.0,3.4,4.0
2023-09-26 09:00:00+00:00,15.8,5.0,3.4,4.0
2023-09-26 09:10:00+00:00,15.8,5.0,3.4,4.0
2023-09-26 09:20:00+00:00,15.9,5.0,3.4,4.0
2023-09-26 09:30:00+00:00,15.9,5.0,3.4,4.0
2023-09-26 09:40:00+00:00,16.0,4.0,3.4,4.6
2023-09-26 09:50:00+00:00,16.0,4.0,3.5,5.8
2023-09-26 10:00:00+00:00,16.05,4.0,3.5,5.85
2023-09-26 10:10:00+00:00,16.1,4.0,3.5,5.9
2023-09-26 10:20:00+00:00,16.1,4.0,3.4,6.0
2023-09-26 10:30:00+00:00,16.3,4.0,3.4,6.0
2023-09-26 10:40:00+00:00,16.3,4.0,3.4,5.7
2023-09-26 10:50:00+00:00,16.4,4.0,3.4,5.8
2023-09-26 11:00:00+00:00,16.5,4.0,3.4,4.7
2023-09-26 11:10:00+00:00,16.6,4.0,3.4,5.8
2023-09-26 11:20:00+00:00,16.6,4.0,3.4,5.0
2023-09-26 11:30:00+00:00,16.8,5.0,3.4,5.0
2023-09-26 11:40:00+00:00,16.8,4.0,3.4,5.4
2023-09-26 11:50:00+00:00,16.85,4.5,3.4,5.2
2023-09-26 12:00:00+00:00,16.9,5.0,3.4,5.0
2023-09-26 12:10:00+00:00,17.0,4.0,3.4,4.0
2023-09-26 12:20:00+00:00,17.0,5.0,3.4,4.6
2023-09-26 12:30:00+00:00,17.1,4.0,3.4,5.6
2023-09-26 12:40:00+00:00,17.1,4.0,3.4,5.7
2023-09-26 12:50:00+00:00,17.2,4.0,3.4,5.8
2023-09-26 13:00:00+00:00,17.3,4.0,3.4,5.9
2023-09-26 13:10:00+00:00,17.3,4.0,3.4,5.6
2023-09-26 13:20:00+00:00,17.3,4.0,3.4,5.6
2023-09-26 13:30:00+00:00,17.4,4.0,3.4,4.3
2023-09-26 13:40:00+00:00,17.4,4.5,3.4,4.6
2023-09-26 13:50:00+00:00,17.4,5.0,3.4,4.9
2023-09-26 14:00:00+00:00,17.5,4.0,3.4,5.5
2023-09-26 14:10:00+00:00,17.5,5.0,3.4,4.0
2023-09-26 14:20:00+00:00,17.5,5.0,3.4,5.6
2023-09-26 14:30:00+00:00,17.6,5.0,3.4,5.6
2023-09-26 14:40:00+00:00,17.6,4.0,3.4,5.6
2023-09-26 14:50:00+00:00,17.6,5.0,3.4,5.7
2023-09-26 15:00:00+00:00,17.6,4.0,3.4,5.4
2023-09-26 15:10:00+00:00,17.7,4.0,3.4,4.6
2023-09-26 15:20:00+00:00,17.7,5.0,3.4,5.5
2023-09-26 15:30:00+00:00,17.7,5.0,3.4,4.8
2023-09-26 15:40:00+00:00,17.7,5.0,3.4,4.1
2023-09-26 15:50:00+00:00,17.7,5.0,3.5,5.1
2023-09-26 16:00:00+00:00,17.8,5.0,3.4,4.0
2023-09-26 16:10:00+00:00,17.8,5.0,3.4,4.4
2023-09-26 16:20:00+00:00,17.8,5.0,3.4,4.2
2023-09-26 16:30:00+00:00,17.8,5.0,3.5,3.9
2023-09-26 16:40:00+00:00,17.8,5.0,3.4,3.2
2023-09-26 16:50:00+00:00,17.8,5.0,3.5,1.8
2023-09-26 17:00:00+00:00,17.8,5.0,3.5,0.9
2023-09-26 17:10:00+00:00,17.785714285714285,5.071428571428571,3.5,0.8785714285714286
2023-09-26 17:20:00+00:00,17.771428571428572,5.142857142857143,3.5,0.8571428571428572
2023-09-26 17:30:00+00:00,17.75714285714286,5.214285714285714,3.5,0.8357142857142857
2023-09-26 17:40:00+00:00,17.742857142857144,5.285714285714286,3.5,0.8142857142857143
2023-09-26 17:50:00+00:00,17.728571428571428,5.357142857142857,3.5,0.7928571428571428
2023-09-26 18:00:00+00:00,17.714285714285715,5.428571428571429,3.5,0.7714285714285715
2023-09-26 18:10:00+00:00,17.700000000000003,5.5,3.5,0.75
2023-09-26 18:20:00+00:00,17.685714285714287,5.571428571428571,3.5,0.7285714285714285
2023-09-26 18:30:00+00:00,17.67142857142857,5.642857142857142,3.5,0.7071428571428571
2023-09-26 18:40:00+00:00,17.65714285714286,5.714285714285714,3.5,0.6857142857142857
2023-09-26 18:50:00+00:00,17.642857142857146,5.785714285714286,3.5,0.6642857142857143
2023-09-26 19:00:00+00:00,17.62857142857143,5.857142857142857,3.5,0.6428571428571428
2023-09-26 19:10:00+00:00,17.614285714285714,5.928571428571429,3.5,0.6214285714285714
2023-09-26 19:20:00+00:00,17.6,6.0,3.5,0.6
2023-09-26 19:30:00+00:00,17.57,6.0,3.5,0.6
2023-09-26 19:40:00+00:00,17.540000000000003,6.0,3.5,0.6
2023-09-26 19:50:00+00:00,17.51,6.0,3.5,0.6
2023-09-26 20:00:00+00:00,17.48,6.0,3.5,0.6
2023-09-26 20:10:00+00:00,17.450000000000003,6.0,3.5,0.6
2023-09-26 20:20:00+00:00,17.42,6.0,3.5,0.6
2023-09-26 20:30:00+00:00,17.39,6.0,3.5,0.6
2023-09-26 20:40:00+00:00,17.36,6.0,3.5,0.6
2023-09-26 20:50:00+00:00,17.330000000000002,6.0,3.5,0.6
2023-09-26 21:00:00+00:00,17.3,6.0,3.5,0.6
2023-09-26 21:10:00+00:00,17.27,6.0,3.5,0.6
2023-09-26 21:20:00+00:00,17.240000000000002,6.0,3.5,0.6
2023-09-26 21:30:00+00:00,17.21,6.0,3.5,0.6
2023-09-26 21:40:00+00:00,17.18,6.0,3.5,0.6
2023-09-26 21:50:00+00:00,17.15,6.0,3.5,0.6
2023-09-26 22:00:00+00:00,17.12,6.0,3.5,0.6
2023-09-26 22:10:00+00:00,17.09,6.0,3.5,0.6
2023-09-26 22:20:00+00:00,17.06,6.0,3.5,0.6
2023-09-26 22:30:00+00:00,17.03,6.0,3.5,0.6
2023-09-26 22:40:00+00:00,17.0,6.0,3.5,0.6
2023-09-26 22:50:00+00:00,16.96,6.1,3.5,0.6
2023-09-26 23:00:00+00:00,16.92,6.2,3.5,0.6
2023-09-26 23:10:00+00:00,16.88,6.3,3.5,0.6
2023-09-26 23:20:00+00:00,16.84,6.4,3.5,0.6
2023-09-26 23:30:00+00:00,16.8,6.5,3.5,0.6
2023-09-26 23:40:00+00:00,16.76,6.6,3.5,0.6
2023-09-26 23:50:00+00:00,16.720000000000002,6.7,3.5,0.6
2023-09-27 00:00:00+00:00,16.68,6.8,3.5,0.6
2023-09-27 00:10:00+00:00,16.64,6.9,3.5,0.6
2023-09-27 00:20:00+00:00,16.6,7.0,3.5,0.6
2023-09-27 00:30:00+00:00,16.57,6.9,3.51,0.6
2023-09-27 00:40:00+00:00,16.540000000000003,6.8,3.52,0.6
2023-09-27 00:50:00+00:00,16.51,6.7,3.5300000000000002,0.6
2023-09-27 01:00:00+00:00,16.48,6.6,3.54,0.6
2023-09-27 01:10:00+00:00,16.450000000000003,6.5,3.55,0.6
2023-09-27 01:20:00+00:00,16.42,6.4,3.56,0.6
2023-09-27 01:30:00+00:00,16.39,6.3,3.5700000000000003,0.6
2023-09-27 01:40:00+00:00,16.36,6.2,3.58,0.6
2023-09-27 01:50:00+00:00,16.330000000000002,6.1,3.59,0.6
2023-09-27 02:00:00+00:00,16.3,6.0,3.6,0.6
2023-09-27 02:10:00+00:00,16.27,6.0,3.6,0.6
2023-09-27 02:20:00+00:00,16.240000000000002,6.0,3.6,0.6
2023-09-27 02:30:00+00:00,16.21,6.0,3.6,0.6
2023-09-27 02:40:00+00:00,16.18,6.0,3.6,0.6
2023-09-27 02:50:00+00:00,16.15,6.0,3.6,0.6
2023-09-27 03:00:00+00:00,16.12,6.0,3.6,0.6
2023-09-27 03:10:00+00:00,16.09,6.0,3.6,0.6
2023-09-27 03:20:00+00:00,16.06,6.0,3.6,0.6
2023-09-27 03:30:00+00:00,16.03,6.0,3.6,0.6
2023-09-27 03:40:00+00:00,16.0,6.0,3.6,0.6
2023-09-27 03:50:00+00:00,15.96,6.1,3.59,0.94
2023-09-27 04:00:00+00:00,15.92,6.2,3.58,1.2799999999999998
2023-09-27 04:10:00+00:00,15.879999999999999,6.3,3.5700000000000003,1.62
2023-09-27 04:20:00+00:00,15.84,6.4,3.56,1.96
2023-09-27 04:30:00+00:00,15.8,6.5,3.55,2.3
2023-09-27 04:40:00+00:00,15.76,6.6,3.54,2.64
2023-09-27 04:50:00+00:00,15.719999999999999,6.7,3.5300000000000002,2.98
2023-09-27 05:00:00+00:00,15.68,6.8,3.52,3.32
2023-09-27 05:10:00+00:00,15.64,6.9,3.51,3.6599999999999997
2023-09-27 05:20:00+00:00,15.6,7.0,3.5,4.0
2023-09-27 05:30:00+00:00,15.6,7.0,3.55,4.0
2023-09-27 05:40:00+00:00,15.6,7.0,3.6,4.0
2023-09-27 05:50:00+00:00,15.6,7.0,3.5,4.0
2023-09-27 06:00:00+00:00,15.6,7.0,3.5,4.0
2023-09-27 06:10:00+00:00,15.5,7.0,3.5,4.0
2023-09-27 06:20:00+00:00,15.5,7.0,3.5,4.0
2023-09-27 06:30:00+00:00,15.5,7.0,3.5,4.0
2023-09-27 06:40:00+00:00,15.5,7.0,3.5,4.0
2023-09-27 06:50:00+00:00,15.5,6.0,3.5,4.0
2023-09-27 07:00:00+00:00,15.5,7.0,3.5,4.0
2023-09-27 07:10:00+00:00,15.5,6.0,3.5,4.0
2023-09-27 07:20:00+00:00,15.5,6.0,3.5,4.0
2023-09-27 07:30:00+00:00,15.5,6.0,3.5,4.0
2023-09-27 07:40:00+00:00,15.5,6.0,3.5,4.0
2023-09-27 07:50:00+00:00,15.5,6.0,3.5,4.0
2023-09-27 08:00:00+00:00,15.5,5.0,3.5,4.0
2023-09-27 08:10:00+00:00,15.5,5.0,3.4,4.0
2023-09-27 08:20:00+00:00,15.5,5.0,3.4,4.0
2023-09-27 08:30:00+00:00,15.6,5.0,3.4,4.0
2023-09-27 08:40:00+00:00,15.6,4.0,3.4,4.0
2023-09-27 08:50:00+00:00,15.6,4.0,3.4,5.7
2023-09-27 09:00:00+00:00,15.7,4.0,3.4,6.0
2023-09-27 09:10:00+00:00,15.75,4.0,3.45,6.05
2023-09-27 09:20:00+00:00,15.8,4.0,3.5,6.1
2023-09-27 09:30:00+00:00,15.8,3.0,3.5,6.1
2023-09-27 09:40:00+00:00,15.9,3.0,3.5,6.1
2023-09-27 09:50:00+00:00,16.0,3.0,3.5,6.1
2023-09-27 10:00:00+00:00,16.1,3.0,3.5,6.1
2023-09-27 10:10:00+00:00,16.1,3.0,3.5,6.1
2023-09-27 10:20:00+00:00,16.3,3.0,3.5,6.1
2023-09-27 10:30:00+00:00,16.4,2.0,3.5,6.1
2023-09-27 10:40:00+00:00,16.5,3.0,3.5,6.1
2023-09-27 10:50:00+00:00,16.6,3.0,3.5,6.1
2023-09-27 11:00:00+00:00,16.65,3.0,3.5,6.1
2023-09-27 11:10:00+00:00,16.7,3.0,3.5,6.1
2023-09-27 11:20:00+00:00,16.8,2.0,3.5,6.1
2023-09-27 11:30:00+00:00,17.0,2.0,3.5,6.1
2023-09-27 11:40:00+00:00,17.1,3.0,3.5,6.1
2023-09-27 11:50:00+00:00,17.1,3.0,3.5,6.1
2023-09-27 12:00:00+00:00,17.3,2.0,3.5,6.1
2023-09-27 12:10:00+00:00,17.4,2.0,3.5,6.1
2023-09-27 12:20:00+00:00,17.5,2.0,3.5,6.1
2023-09-27 12:30:00+00:00,17.6,2.0,3.5,6.1
2023-09-27 12:40:00+00:00,17.8,2.0,3.5,6.1
2023-09-27 12:50:00+00:00,17.85,2.0,3.5,6.1
2023-09-27 13:00:00+00:00,17.9,2.0,3.5,6.1
2023-09-27 13:10:00+00:00,18.0,2.0,3.5,6.0
2023-09-27 13:20:00+00:00,18.1,2.0,3.5,6.0
2023-09-27 13:30:00+00:00,18.2,2.0,3.5,6.0
2023-09-27 13:40:00+00:00,18.3,2.0,3.6,6.0
2023-09-27 13:50:00+00:00,18.5,2.0,3.5,6.1
2023-09-27 14:00:00+00:00,18.5,2.0,3.5,6.1
2023-09-27 14:10:00+00:00,18.6,3.0,3.5,6.1
2023-09-27 14:20:00+00:00,18.7,2.0,3.5,6.1
2023-09-27 14:30:00+00:00,18.8,3.0,3.5,6.0
2023-09-27 14:40:00+00:00,18.85,3.0,3.5,6.0
2023-09-27 14:50:00+00:00,18.9,3.0,3.5,6.0
2023-09-27 15:00:00+00:00,19.0,3.0,3.5,6.0
2023-09-27 15:10:00+00:00,19.1,3.0,3.5,5.9
2023-09-27 15:20:00+00:00,19.1,3.0,3.5,5.7
2023-09-27 15:30:00+00:00,19.2,3.0,3.5,5.7
2023-09-27 15:40:00+00:00,19.3,3.0,3.4,5.0
2023-09-27 15:50:00+00:00,19.3,3.0,3.4,5.5
2023-09-27 16:00:00+00:00,19.3,4.0,3.4,5.3
2023-09-27 16:10:00+00:00,19.3,4.0,3.4,4.4
2023-09-27 16:20:00+00:00,19.4,4.0,3.5,4.1
2023-09-27 16:30:00+00:00,19.4,4.0,3.45,3.8
2023-09-27 16:40:00+00:00,19.4,4.0,3.4,3.5
2023-09-27 16:50:00+00:00,19.5,4.0,3.5,2.4
2023-09-27 17:00:00+00:00,19.4,4.0,3.4,1.2
2023-09-27 17:10:00+00:00,19.4,4.0,3.5,0.7
2023-09-27 17:20:00+00:00,19.369999999999997,4.0,3.5,0.69
2023-09-27 17:30:00+00:00,19.34,4.0,3.5,0.6799999999999999
2023-09-27 17:40:00+00:00,19.31,4.0,3.5,0.6699999999999999
2023-09-27 17:50:00+00:00,19.28,4.0,3.5,0.6599999999999999
2023-09-27 18:00:00+00:00,19.25,4.0,3.5,0.6499999999999999
2023-09-27 18:10:00+00:00,19.22,4.0,3.5,0.64
2023-09-27 18:20:00+00:00,19.19,4.0,3.5,0.63
2023-09-27 18:30:00+00:00,19.16,4.0,3.5,0.62
2023-09-27 18:40:00+00:00,19.130000000000003,4.0,3.5,0.61
2023-09-27 18:50:00+00:00,19.1,4.0,3.5,0.6
2023-09-27 19:00:00+00:00,19.05,4.1,3.5,0.6
2023-09-27 19:10:00+00:00,19.0,4.2,3.5,0.6
2023-09-27 19:20:00+00:00,18.950000000000003,4.3,3.5,0.6
2023-09-27 19:30:00+00:00,18.900000000000002,4.4,3.5,0.6
2023-09-27 19:40:00+00:00,18.85,4.5,3.5,0.6
2023-09-27 19:50:00+00:00,18.8,4.6,3.5,0.6
2023-09-27 20:00:00+00:00,18.75,4.7,3.5,0.6
2023-09-27 20:10:00+00:00,18.700000000000003,4.8,3.5,0.6
2023-09-27 20:20:00+00:00,18.650000000000002,4.9,3.5,0.6
2023-09-27 20:30:00+00:00,18.6,5.0,3.5,0.6
2023-09-27 20:40:00+00:00,18.56153846153846,5.0,3.5,0.5846153846153846
2023-09-27 20:50:00+00:00,18.523076923076925,5.0,3.5,0.5692307692307692
2023-09-27 21:00:00+00:00,18.484615384615385,5.0,3.5,0.5538461538461539
2023-09-27 21:10:00+00:00,18.446153846153848,5.0,3.5,0.5384615384615384
2023-09-27 21:20:00+00:00,18.407692307692308,5.0,3.5,0.5230769230769231
2023-09-27 21:30:00+00:00,18.36923076923077,5.0,3.5,0.5076923076923077
2023-09-27 21:40:00+00:00,18.33076923076923,5.0,3.5,0.49230769230769234
2023-09-27 21:50:00+00:00,18.292307692307695,5.0,3.5,0.4769230769230769
2023-09-27 22:00:00+00:00,18.253846153846155,5.0,3.5,0.46153846153846156
2023-09-27 22:10:00+00:00,18.215384615384618,5.0,3.5,0.4461538461538461
2023-09-27 22:20:00+00:00,18.176923076923078,5.0,3.5,0.4307692307692308
2023-09-27 22:30:00+00:00,18.13846153846154,5.0,3.5,0.4153846153846154
2023-09-27 22:40:00+00:00,18.1,5.0,3.5,0.4
2023-09-27 22:50:00+00:00,18.05,5.1,3.5,0.4
2023-09-27 23:00:00+00:00,18.0,5.2,3.5,0.4
2023-09-27 23:10:00+00:00,17.950000000000003,5.3,3.5,0.4
2023-09-27 23:20:00+00:00,17.900000000000002,5.4,3.5,0.4
2023-09-27 23:30:00+00:00,17.85,5.5,3.5,0.4
2023-09-27 23:40:00+00:00,17.8,5.6,3.5,0.4
2023-09-27 23:50:00+00:00,17.75,5.7,3.5,0.4
2023-09-28 00:00:00+00:00,17.700000000000003,5.8,3.5,0.4
2023-09-28 00:10:00+00:00,17.650000000000002,5.9,3.5,0.4
2023-09-28 00:20:00+00:00,17.6,6.0,3.5,0.4
2023-09-28 00:30:00+00:00,17.55,6.0,3.51,0.42000000000000004
2023-09-28 00:40:00+00:00,17.5,6.0,3.52,0.44
2023-09-28 00:50:00+00:00,17.450000000000003,6.0,3.5300000000000002,0.46
2023-09-28 01:00:00+00:00,17.400000000000002,6.0,3.54,0.48
2023-09-28 01:10:00+00:00,17.35,6.0,3.55,0.5
2023-09-28 01:20:00+00:00,17.3,6.0,3.56,0.52
2023-09-28 01:30:00+00:00,17.25,6.0,3.5700000000000003,0.54
2023-09-28 01:40:00+00:00,17.200000000000003,6.0,3.58,0.56
2023-09-28 01:50:00+00:00,17.150000000000002,6.0,3.59,0.58
2023-09-28 02:00:00+00:00,17.1,6.0,3.6,0.6
2023-09-28 02:10:00+00:00,17.060000000000002,6.0,3.6,0.6
2023-09-28 02:20:00+00:00,17.02,6.0,3.6,0.6
2023-09-28 02:30:00+00:00,16.98,6.0,3.6,0.6
2023-09-28 02:40:00+00:00,16.94,6.0,3.6,0.6
2023-09-28 02:50:00+00:00,16.9,6.0,3.6,0.6
2023-09-28 03:00:00+00:00,16.86,6.0,3.6,0.6
2023-09-28 03:10:00+00:00,16.82,6.0,3.6,0.6
2023-09-28 03:20:00+00:00,16.78,6.0,3.6,0.6
2023-09-28 03:30:00+00:00,16.74,6.0,3.6,0.6
2023-09-28 03:40:00+00:00,16.7,6.0,3.6,0.6
2023-09-28 03:50:00+00:00,16.66,6.1,3.59,0.94
2023-09-28 04:00:00+00:00,16.62,6.2,3.58,1.2799999999999998
2023-09-28 04:10:00+00:00,16.58,6.3,3.5700000000000003,1.62
2023-09-28 04:20:00+00:00,16.54,6.4,3.56,1.96
2023-09-28 04:30:00+00:00,16.5,6.5,3.55,2.3
2023-09-28 04:40:00+00:00,16.46,6.6,3.54,2.64
2023-09-28 04:50:00+00:00,16.42,6.7,3.5300000000000002,2.98
2023-09-28 05:00:00+00:00,16.38,6.8,3.52,3.32
2023-09-28 05:10:00+00:00,16.34,6.9,3.51,3.6599999999999997
2023-09-28 05:20:00+00:00,16.3,7.0,3.5,4.0
2023-09-28 05:30:00+00:00,16.3,6.0,3.5,4.0
2023-09-28 05:40:00+00:00,16.3,6.0,3.5,3.8
2023-09-28 05:50:00+00:00,16.2,6.0,3.5,4.0
2023-09-28 06:00:00+00:00,16.1,6.0,3.5,4.0
2023-09-28 06:10:00+00:00,16.1,6.0,3.5,4.0
2023-09-28 06:20:00+00:00,16.1,6.0,3.5,4.0
2023-09-28 06:30:00+00:00,16.1,6.0,3.5,4.0
2023-09-28 06:40:00+00:00,16.1,6.0,3.5,4.0
2023-09-28 06:50:00+00:00,16.1,6.0,3.5,4.0
2023-09-28 07:00:00+00:00,16.1,6.0,3.5,4.0
2023-09-28 07:10:00+00:00,16.0,5.0,3.5,4.0
2023-09-28 07:20:00+00:00,16.0,5.0,3.4,4.0
2023-09-28 07:30:00+00:00,16.0,5.0,3.4,4.0
2023-09-28 07:40:00+00:00,16.0,5.0,3.4,4.0
2023-09-28 07:50:00+00:00,16.0,5.0,3.4,4.0
2023-09-28 08:00:00+00:00,16.0,4.0,3.4,4.0
2023-09-28 08:10:00+00:00,16.0,4.0,3.4,4.0
2023-09-28 08:20:00+00:00,16.0,4.0,3.4,4.0
2023-09-28 08:30:00+00:00,16.0,4.0,3.4,4.0
2023-09-28 08:40:00+00:00,16.1,4.0,3.4,4.0
2023-09-28 08:50:00+00:00,16.1,3.0,3.4,4.0
2023-09-28 09:00:00+00:00,16.1,3.0,3.4,5.8
2023-09-28 09:10:00+00:00,16.1,3.0,3.4,6.0
2023-09-28 09:20:00+00:00,16.2,3.0,3.4,6.1
2023-09-28 09:30:00+00:00,16.3,2.0,3.5,6.1
2023-09-28 09:40:00+00:00,16.3,3.0,3.5,6.1
2023-09-28 09:50:00+00:00,16.4,2.0,3.5,6.1
2023-09-28 10:00:00+00:00,16.5,2.0,3.5,6.1
2023-09-28 10:10:00+00:00,16.55,2.0,3.5,6.15
2023-09-28 10:20:00+00:00,16.6,2.0,3.5,6.2
2023-09-28 10:30:00+00:00,16.6,2.0,3.5,6.2
2023-09-28 10:40:00+00:00,16.8,2.0,3.5,6.1
2023-09-28 10:50:00+00:00,16.8,2.0,3.5,6.1
2023-09-28 11:00:00+00:00,17.0,2.0,3.5,6.2
2023-09-28 11:10:00+00:00,17.0,2.0,3.5,6.2
2023-09-28 11:20:00+00:00,17.1,2.0,3.5,6.1
2023-09-28 11:30:00+00:00,17.2,2.0,3.5,6.1
2023-09-28 11:40:00+00:00,17.3,2.0,3.5,6.1
2023-09-28 11:50:00+00:00,17.4,2.0,3.5,6.1
2023-09-28 12:00:00+00:00,17.45,2.0,3.5,6.1
2023-09-28 12:10:00+00:00,17.5,2.0,3.5,6.1
2023-09-28 12:20:00+00:00,17.6,2.0,3.5,6.1
2023-09-28 12:30:00+00:00,17.7,1.0,3.5,6.1
2023-09-28 12:40:00+00:00,17.8,1.0,3.5,6.1
2023-09-28 12:50:00+00:00,17.9,1.0,3.6,6.1
2023-09-28 13:00:00+00:00,18.0,2.0,3.5,6.1
2023-09-28 13:10:00+00:00,18.1,1.0,3.5,6.1
2023-09-28 13:20:00+00:00,18.2,2.0,3.5,6.1
2023-09-28 13:30:00+00:00,18.3,2.0,3.5,6.1
2023-09-28 13:40:00+00:00,18.4,2.0,3.5,6.1
2023-09-28 13:50:00+00:00,18.45,2.0,3.5,6.1
2023-09-28 14:00:00+00:00,18.5,2.0,3.5,6.1
2023-09-28 14:10:00+00:00,18.6,2.0,3.5,6.1
2023-09-28 14:20:00+00:00,18.6,2.0,3.5,6.1
2023-09-28 14:30:00+00:00,18.8,1.0,3.5,6.1
2023-09-28 14:40:00+00:00,18.8,2.0,3.5,6.0
2023-09-28 14:50:00+00:00,18.9,2.0,3.5,6.0
2023-09-28 15:00:00+00:00,19.0,2.0,3.5,6.0
2023-09-28 15:10:00+00:00,19.1,2.0,3.4,6.0
2023-09-28 15:20:00+00:00,19.1,2.0,3.5,5.8
2023-09-28 15:30:00+00:00,19.2,2.0,3.5,5.7
2023-09-28 15:40:00+00:00,19.2,2.5,3.45,5.15
2023-09-28 15:50:00+00:00,19.2,3.0,3.4,4.6
2023-09-28 16:00:00+00:00,19.3,3.0,3.4,5.2
2023-09-28 16:10:00+00:00,19.3,3.0,3.4,4.6
2023-09-28 16:20:00+00:00,19.3,3.0,3.4,4.2
2023-09-28 16:30:00+00:00,19.3,3.0,3.4,4.0
2023-09-28 16:40:00+00:00,19.4,3.0,3.4,2.6
2023-09-28 16:50:00+00:00,19.4,4.0,3.4,1.5
2023-09-28 17:00:00+00:00,19.4,3.0,3.4,0.8
2023-09-28 17:10:00+00:00,19.369999999999997,3.1,3.41,0.78
2023-09-28 17:20:00+00:00,19.34,3.2,3.42,0.76
2023-09-28 17:30:00+00:00,19.31,3.3,3.4299999999999997,0.74
2023-09-28 17:40:00+00:00,19.28,3.4,3.44,0.72
2023-09-28 17:50:00+00:00,19.25,3.5,3.45,0.7
2023-09-28 18:00:00+00:00,19.22,3.6,3.46,0.6799999999999999
2023-09-28 18:10:00+00:00,19.19,3.7,3.4699999999999998,0.66
2023-09-28 18:20:00+00:00,19.16,3.8,3.48,0.64
2023-09-28 18:30:00+00:00,19.130000000000003,3.9,3.49,0.62
2023-09-28 18:40:00+00:00,19.1,4.0,3.5,0.6
2023-09-28 18:50:00+00:00,19.05,4.1,3.5,0.6
2023-09-28 19:00:00+00:00,19.0,4.2,3.5,0.6
2023-09-28 19:10:00+00:00,18.950000000000003,4.3,3.5,0.6
2023-09-28 19:20:00+00:00,18.900000000000002,4.4,3.5,0.6
2023-09-28 19:30:00+00:00,18.85,4.5,3.5,0.6
2023-09-28 19:40:00+00:00,18.8,4.6,3.5,0.6
2023-09-28 19:50:00+00:00,18.75,4.7,3.5,0.6
2023-09-28 20:00:00+00:00,18.700000000000003,4.8,3.5,0.6
2023-09-28 20:10:00+00:00,18.650000000000002,4.9,3.5,0.6
2023-09-28 20:20:00+00:00,18.6,5.0,3.5,0.6
2023-09-28 20:30:00+00:00,18.564285714285717,5.0,3.507142857142857,0.6
2023-09-28 20:40:00+00:00,18.52857142857143,5.0,3.5142857142857142,0.6
2023-09-28 20:50:00+00:00,18.492857142857144,5.0,3.5214285714285714,0.6
2023-09-28 21:00:00+00:00,18.45714285714286,5.0,3.5285714285714285,0.6
2023-09-28 21:10:00+00:00,18.421428571428574,5.0,3.5357142857142856,0.6
2023-09-28 21:20:00+00:00,18.385714285714286,5.0,3.5428571428571427,0.6
2023-09-28 21:30:00+00:00,18.35,5.0,3.55,0.6
2023-09-28 21:40:00+00:00,18.314285714285717,5.0,3.5571428571428574,0.6
2023-09-28 21:50:00+00:00,18.27857142857143,5.0,3.5642857142857145,0.6
2023-09-28 22:00:00+00:00,18.242857142857144,5.0,3.5714285714285716,0.6
2023-09-28 22:10:00+00:00,18.20714285714286,5.0,3.5785714285714287,0.6
2023-09-28 22:20:00+00:00,18.171428571428574,5.0,3.585714285714286,0.6
2023-09-28 22:30:00+00:00,18.135714285714286,5.0,3.592857142857143,0.6
2023-09-28 22:40:00+00:00,18.1,5.0,3.6,0.6
2023-09-28 22:50:00+00:00,18.040000000000003,5.0,3.6,0.58
2023-09-28 23:00:00+00:00,17.98,5.0,3.6,0.5599999999999999
2023-09-28 23:10:00+00:00,17.92,5.0,3.6,0.54
2023-09-28 23:20:00+00:00,17.86,5.0,3.6,0.52
2023-09-28 23:30:00+00:00,17.8,5.0,3.6,0.5
2023-09-28 23:40:00+00:00,17.740000000000002,5.0,3.6,0.48
2023-09-28 23:50:00+00:00,17.68,5.0,3.6,0.45999999999999996
2023-09-29 00:00:00+00:00,17.62,5.0,3.6,0.44
2023-09-29 00:10:00+00:00,17.56,5.0,3.6,0.42000000000000004
2023-09-29 00:20:00+00:00,17.5,5.0,3.6,0.4
2023-09-29 00:30:00+00:00,17.46,5.1,3.6,0.42000000000000004
2023-09-29 00:40:00+00:00,17.42,5.2,3.6,0.44
2023-09-29 00:50:00+00:00,17.38,5.3,3.6,0.46
2023-09-29 01:00:00+00:00,17.34,5.4,3.6,0.48
2023-09-29 01:10:00+00:00,17.3,5.5,3.6,0.5
2023-09-29 01:20:00+00:00,17.26,5.6,3.6,0.52
2023-09-29 01:30:00+00:00,17.220000000000002,5.7,3.6,0.54
2023-09-29 01:40:00+00:00,17.18,5.8,3.6,0.56
2023-09-29 01:50:00+00:00,17.14,5.9,3.6,0.58
2023-09-29 02:00:00+00:00,17.1,6.0,3.6,0.6
2023-09-29 02:10:00+00:00,17.05,6.0,3.6,0.6
2023-09-29 02:20:00+00:00,17.0,6.0,3.6,0.6
2023-09-29 02:30:00+00:00,16.950000000000003,6.0,3.6,0.6
2023-09-29 02:40:00+00:00,16.900000000000002,6.0,3.6,0.6
2023-09-29 02:50:00+00:00,16.85,6.0,3.6,0.6
2023-09-29 03:00:00+00:00,16.8,6.0,3.6,0.6
2023-09-29 03:10:00+00:00,16.75,6.0,3.6,0.6
2023-09-29 03:20:00+00:00,16.700000000000003,6.0,3.6,0.6
2023-09-29 03:30:00+00:00,16.650000000000002,6.0,3.6,0.6
2023-09-29 03:40:00+00:00,16.6,6.0,3.6,0.6
2023-09-29 03:50:00+00:00,16.555,6.0,3.595,0.94
2023-09-29 04:00:00+00:00,16.51,6.0,3.59,1.2799999999999998
2023-09-29 04:10:00+00:00,16.465,6.0,3.585,1.62
2023-09-29 04:20:00+00:00,16.42,6.0,3.58,1.96
2023-09-29 04:30:00+00:00,16.375,6.0,3.575,2.3
2023-09-29 04:40:00+00:00,16.33,6.0,3.57,2.64
2023-09-29 04:50:00+00:00,16.285,6.0,3.565,2.98
2023-09-29 05:00:00+00:00,16.24,6.0,3.56,3.32
2023-09-29 05:10:00+00:00,16.195,6.0,3.5549999999999997,3.6599999999999997
2023-09-29 05:20:00+00:00,16.15,6.0,3.55,4.0
2023-09-29 05:30:00+00:00,16.1,6.0,3.6,4.0
2023-09-29 05:40:00+00:00,16.0,6.0,3.5,4.0
2023-09-29 05:50:00+00:00,16.0,5.5,3.5,4.0
2023-09-29 06:00:00+00:00,16.0,5.0,3.5,4.0
2023-09-29 06:10:00+00:00,16.0,5.0,3.5,4.0
2023-09-29 06:20:00+00:00,15.9,5.0,3.5,4.0
2023-09-29 06:30:00+00:00,15.9,5.0,3.5,4.0
2023-09-29 06:40:00+00:00,15.8,5.0,3.5,4.0
2023-09-29 06:50:00+00:00,15.8,5.0,3.5,4.0
2023-09-29 07:00:00+00:00,15.8,5.0,3.5,4.0
2023-09-29 07:10:00+00:00,15.8,5.0,3.5,4.0
2023-09-29 07:20:00+00:00,15.8,5.0,3.5,4.0
2023-09-29 07:30:00+00:00,15.8,4.0,3.5,4.0
2023-09-29 07:40:00+00:00,15.8,4.0,3.5,4.0
2023-09-29 07:50:00+00:00,15.8,4.0,3.5,4.0
2023-09-29 08:00:00+00:00,15.8,4.0,3.4,4.0
2023-09-29 08:10:00+00:00,15.7,4.0,3.4,4.0
2023-09-29 08:20:00+00:00,15.8,3.0,3.4,4.0
2023-09-29 08:30:00+00:00,15.8,3.0,3.4,4.0
2023-09-29 08:40:00+00:00,15.8,3.0,3.4,4.0
2023-09-29 08:50:00+00:00,15.8,3.0,3.4,5.4
2023-09-29 09:00:00+00:00,15.8,3.0,3.4,5.9
2023-09-29 09:10:00+00:00,15.9,3.0,3.4,6.0
2023-09-29 09:20:00+00:00,15.95,3.0,3.4,6.05
2023-09-29 09:30:00+00:00,16.0,3.0,3.4,6.1
2023-09-29 09:40:00+00:00,16.0,2.0,3.4,6.1
2023-09-29 09:50:00+00:00,16.1,2.0,3.5,6.1
2023-09-29 10:00:00+00:00,16.1,2.0,3.5,6.1
2023-09-29 10:10:00+00:00,16.2,2.0,3.5,6.1
2023-09-29 10:20:00+00:00,16.3,2.0,3.5,6.1
2023-09-29 10:30:00+00:00,16.4,2.0,3.5,6.1
2023-09-29 10:40:00+00:00,16.5,2.0,3.5,6.1
2023-09-29 10:50:00+00:00,16.6,2.0,3.5,6.1
2023-09-29 11:00:00+00:00,16.7,2.0,3.5,6.1
2023-09-29 11:10:00+00:00,16.75,1.5,3.5,6.1
2023-09-29 11:20:00+00:00,16.8,1.0,3.5,6.1
2023-09-29 11:30:00+00:00,16.9,2.0,3.5,6.1
2023-09-29 11:40:00+00:00,17.0,2.0,3.5,6.1
2023-09-29 11:50:00+00:00,17.1,2.0,3.5,6.1
2023-09-29 12:00:00+00:00,17.2,2.0,3.5,6.1
2023-09-29 12:10:00+00:00,17.3,2.0,3.5,6.1
2023-09-29 12:20:00+00:00,17.5,2.0,3.5,5.9
2023-09-29 12:30:00+00:00,17.5,2.0,3.4,5.8
2023-09-29 12:40:00+00:00,17.6,2.0,3.4,5.8
2023-09-29 12:50:00+00:00,17.7,2.0,3.4,5.8
2023-09-29 13:00:00+00:00,17.75,2.0,3.4,5.85
2023-09-29 13:10:00+00:00,17.8,2.0,3.4,5.9
2023-09-29 13:20:00+00:00,17.9,3.0,3.4,5.8
2023-09-29 13:30:00+00:00,18.0,3.0,3.4,5.6
2023-09-29 13:40:00+00:00,18.0,3.0,3.4,5.4
2023-09-29 13:50:00+00:00,18.1,3.0,3.5,4.1
2023-09-29 14:00:00+00:00,18.1,3.0,3.4,5.6
2023-09-29 14:10:00+00:00,18.2,3.0,3.4,5.8
2023-09-29 14:20:00+00:00,18.3,3.0,3.4,5.7
2023-09-29 14:30:00+00:00,18.3,3.0,3.4,5.3
2023-09-29 14:40:00+00:00,18.3,3.0,3.4,5.7
2023-09-29 14:50:00+00:00,18.3,3.0,3.4,5.550000000000001
2023-09-29 15:00:00+00:00,18.3,3.0,3.4,5.4
2023-09-29 15:10:00+00:00,18.3,3.0,3.4,5.6
2023-09-29 15:20:00+00:00,18.4,3.0,3.4,5.5
2023-09-29 15:30:00+00:00,18.4,3.0,3.4,4.5
2023-09-29 15:40:00+00:00,18.4,3.0,3.4,4.4
2023-09-29 15:50:00+00:00,18.4,3.0,3.4,4.3
2023-09-29 16:00:00+00:00,18.4,4.0,3.4,4.0
2023-09-29 16:10:00+00:00,18.4,3.0,3.4,4.0
2023-09-29 16:20:00+00:00,18.4,3.0,3.4,2.8
2023-09-29 16:30:00+00:00,18.4,4.0,3.5,2.2
2023-09-29 16:40:00+00:00,18.4,4.0,3.45,1.75
2023-09-29 16:50:00+00:00,18.4,4.0,3.4,1.3
2023-09-29 17:00:00+00:00,18.4,4.0,3.5,0.7
2023-09-29 17:10:00+00:00,18.38,4.0,3.49,0.69
2023-09-29 17:20:00+00:00,18.36,4.0,3.48,0.6799999999999999
2023-09-29 17:30:00+00:00,18.34,4.0,3.4699999999999998,0.6699999999999999
2023-09-29 17:40:00+00:00,18.32,4.0,3.46,0.6599999999999999
2023-09-29 17:50:00+00:00,18.299999999999997,4.0,3.45,0.6499999999999999
2023-09-29 18:00:00+00:00,18.279999999999998,4.0,3.44,0.64
2023-09-29 18:10:00+00:00,18.259999999999998,4.0,3.4299999999999997,0.63
2023-09-29 18:20:00+00:00,18.24,4.0,3.42,0.62
2023-09-29 18:30:00+00:00,18.22,4.0,3.41,0.61
2023-09-29 18:40:00+00:00,18.2,4.0,3.4,0.6
2023-09-29 18:50:00+00:00,18.184615384615384,4.0,3.4076923076923076,0.6
2023-09-29 19:00:00+00:00,18.16923076923077,4.0,3.4153846153846152,0.6
2023-09-29 19:10:00+00:00,18.153846153846153,4.0,3.423076923076923,0.6
2023-09-29 19:20:00+00:00,18.138461538461538,4.0,3.4307692307692306,0.6
2023-09-29 19:30:00+00:00,18.123076923076923,4.0,3.4384615384615382,0.6
2023-09-29 19:40:00+00:00,18.107692307692307,4.0,3.446153846153846,0.6
2023-09-29 19:50:00+00:00,18.092307692307692,4.0,3.453846153846154,0.6
2023-09-29 20:00:00+00:00,18.076923076923077,4.0,3.4615384615384617,0.6
2023-09-29 20:10:00+00:00,18.06153846153846,4.0,3.4692307692307693,0.6
2023-09-29 20:20:00+00:00,18.046153846153846,4.0,3.476923076923077,0.6
2023-09-29 20:30:00+00:00,18.03076923076923,4.0,3.4846153846153847,0.6
2023-09-29 20:40:00+00:00,18.015384615384615,4.0,3.4923076923076923,0.6
2023-09-29 20:50:00+00:00,18.0,4.0,3.5,0.6
2023-09-29 21:00:00+00:00,17.98,4.0,3.5,0.6
2023-09-29 21:10:00+00:00,17.96,4.0,3.5,0.6
2023-09-29 21:20:00+00:00,17.94,4.0,3.5,0.6
2023-09-29 21:30:00+00:00,17.92,4.0,3.5,0.6
2023-09-29 21:40:00+00:00,17.9,4.0,3.5,0.6
2023-09-29 21:50:00+00:00,17.88,4.0,3.5,0.6
2023-09-29 22:00:00+00:00,17.86,4.0,3.5,0.6
2023-09-29 22:10:00+00:00,17.84,4.0,3.5,0.6
2023-09-29 22:20:00+00:00,17.82,4.0,3.5,0.6
2023-09-29 22:30:00+00:00,17.8,4.0,3.5,0.6
2023-09-29 22:40:00+00:00,17.78,4.0,3.5,0.6
2023-09-29 22:50:00+00:00,17.76,4.0,3.5,0.6
2023-09-29 23:00:00+00:00,17.740000000000002,4.0,3.5,0.6
2023-09-29 23:10:00+00:00,17.720000000000002,4.0,3.5,0.6
2023-09-29 23:20:00+00:00,17.700000000000003,4.0,3.5,0.6
2023-09-29 23:30:00+00:00,17.68,4.0,3.5,0.6
2023-09-29 23:40:00+00:00,17.66,4.0,3.5,0.6
2023-09-29 23:50:00+00:00,17.64,4.0,3.5,0.6
2023-09-30 00:00:00+00:00,17.62,4.0,3.5,0.6
2023-09-30 00:10:00+00:00,17.6,4.0,3.5,0.6
2023-09-30 00:20:00+00:00,17.59,4.1,3.5,0.6
2023-09-30 00:30:00+00:00,17.580000000000002,4.2,3.5,0.6
2023-09-30 00:40:00+00:00,17.57,4.3,3.5,0.6
2023-09-30 00:50:00+00:00,17.560000000000002,4.4,3.5,0.6
2023-09-30 01:00:00+00:00,17.55,4.5,3.5,0.6
2023-09-30 01:10:00+00:00,17.54,4.6,3.5,0.6
2023-09-30 01:20:00+00:00,17.53,4.7,3.5,0.6
2023-09-30 01:30:00+00:00,17.52,4.8,3.5,0.6
2023-09-30 01:40:00+00:00,17.51,4.9,3.5,0.6
2023-09-30 01:50:00+00:00,17.5,5.0,3.5,0.6
2023-09-30 02:00:00+00:00,17.48,5.0,3.5,0.6
2023-09-30 02:10:00+00:00,17.46,5.0,3.5,0.6
2023-09-30 02:20:00+00:00,17.44,5.0,3.5,0.6
2023-09-30 02:30:00+00:00,17.42,5.0,3.5,0.6
2023-09-30 02:40:00+00:00,17.4,5.0,3.5,0.6
2023-09-30 02:50:00+00:00,17.38,5.0,3.5,0.6
2023-09-30 03:00:00+00:00,17.36,5.0,3.5,0.6
2023-09-30 03:10:00+00:00,17.34,5.0,3.5,0.6
2023-09-30 03:20:00+00:00,17.32,5.0,3.5,0.6
2023-09-30 03:30:00+00:00,17.3,5.0,3.5,0.6
2023-09-30 03:40:00+00:00,17.28,5.0,3.5,0.8899999999999999
2023-09-30 03:50:00+00:00,17.26,5.0,3.5,1.18
2023-09-30 04:00:00+00:00,17.240000000000002,5.0,3.5,1.4699999999999998
2023-09-30 04:10:00+00:00,17.220000000000002,5.0,3.5,1.7599999999999998
2023-09-30 04:20:00+00:00,17.200000000000003,5.0,3.5,2.05
2023-09-30 04:30:00+00:00,17.18,5.0,3.5,2.34
2023-09-30 04:40:00+00:00,17.16,5.0,3.5,2.63
2023-09-30 04:50:00+00:00,17.14,5.0,3.5,2.92
2023-09-30 05:00:00+00:00,17.12,5.0,3.5,3.21
2023-09-30 05:10:00+00:00,17.1,5.0,3.5,3.5
2023-09-30 05:20:00+00:00,17.1,5.0,3.5,4.0
2023-09-30 05:30:00+00:00,17.1,5.0,3.5,4.0
2023-09-30 05:40:00+00:00,17.1,5.0,3.5,4.0
2023-09-30 05:50:00+00:00,17.1,6.0,3.5,4.0
2023-09-30 06:00:00+00:00,17.1,5.0,3.5,4.0
2023-09-30 06:10:00+00:00,17.05,5.5,3.5,4.0
2023-09-30 06:20:00+00:00,17.0,6.0,3.5,4.0
2023-09-30 06:30:00+00:00,17.0,5.0,3.5,4.0
2023-09-30 06:40:00+00:00,17.0,5.0,3.5,4.0
2023-09-30 06:50:00+00:00,17.0,5.0,3.5,4.0
2023-09-30 07:00:00+00:00,17.0,5.0,3.5,4.0
2023-09-30 07:10:00+00:00,17.0,5.0,3.5,4.0
2023-09-30 07:20:00+00:00,17.0,5.0,3.5,4.0
2023-09-30 07:30:00+00:00,17.0,5.0,3.5,4.0
2023-09-30 07:40:00+00:00,17.0,5.0,3.5,4.0
2023-09-30 07:50:00+00:00,17.0,5.0,3.4,4.0
2023-09-30 08:00:00+00:00,16.9,4.0,3.4,4.0
2023-09-30 08:10:00+00:00,16.9,4.0,3.4,4.0
2023-09-30 08:20:00+00:00,16.9,4.0,3.4,4.0
2023-09-30 08:30:00+00:00,16.9,4.0,3.4,4.0
2023-09-30 08:40:00+00:00,16.9,4.0,3.4,3.95
2023-09-30 08:50:00+00:00,16.9,4.0,3.4,3.9
2023-09-30 09:00:00+00:00,17.0,4.0,3.4,5.0
2023-09-30 09:10:00+00:00,17.0,4.0,3.4,4.0
2023-09-30 09:20:00+00:00,17.0,4.0,3.4,5.8
2023-09-30 09:30:00+00:00,17.0,4.0,3.4,6.0
2023-09-30 09:40:00+00:00,17.1,4.0,3.4,5.2
2023-09-30 09:50:00+00:00,17.1,4.0,3.4,5.4
2023-09-30 10:00:00+00:00,17.1,4.0,3.4,6.0
2023-09-30 10:10:00+00:00,17.2,4.0,3.4,5.7
2023-09-30 10:20:00+00:00,17.2,4.0,3.4,6.2
2023-09-30 10:30:00+00:00,17.25,3.5,3.4,5.85
2023-09-30 10:40:00+00:00,17.3,3.0,3.4,5.5
2023-09-30 10:50:00+00:00,17.3,3.0,3.4,6.1
2023-09-30 11:00:00+00:00,17.3,4.0,3.4,5.9
2023-09-30 11:10:00+00:00,17.4,4.0,3.4,6.1
2023-09-30 11:20:00+00:00,17.5,3.0,3.4,6.0
2023-09-30 11:30:00+00:00,17.5,4.0,3.4,5.5
2023-09-30 11:40:00+00:00,17.5,4.0,3.4,5.4
2023-09-30 11:50:00+00:00,17.6,4.0,3.4,6.1
2023-09-30 12:00:00+00:00,17.6,3.0,3.4,6.0
2023-09-30 12:10:00+00:00,17.65,3.5,3.4,6.1
2023-09-30 12:20:00+00:00,17.7,4.0,3.4,6.2
2023-09-30 12:30:00+00:00,17.8,4.0,3.4,6.0
2023-09-30 12:40:00+00:00,17.8,4.0,3.4,6.0
2023-09-30 12:50:00+00:00,17.9,3.0,3.4,5.6
2023-09-30 13:00:00+00:00,18.0,4.0,3.4,5.7
2023-09-30 13:10:00+00:00,18.0,4.0,3.4,6.0
2023-09-30 13:20:00+00:00,18.0,4.0,3.4,6.0
2023-09-30 13:30:00+00:00,18.1,4.0,3.4,5.5
2023-09-30 13:40:00+00:00,18.1,4.0,3.4,6.0
2023-09-30 13:50:00+00:00,18.1,3.0,3.5,5.9
2023-09-30 14:00:00+00:00,18.15,3.5,3.45,5.95
2023-09-30 14:10:00+00:00,18.2,4.0,3.4,6.0
2023-09-30 14:20:00+00:00,18.2,5.0,3.4,6.2
2023-09-30 14:30:00+00:00,18.3,5.0,3.4,5.6
2023-09-30 14:40:00+00:00,18.3,4.0,3.4,6.1
2023-09-30 14:50:00+00:00,18.3,4.0,3.4,6.0
2023-09-30 15:00:00+00:00,18.3,5.0,3.4,6.0
2023-09-30 15:10:00+00:00,18.4,4.0,3.4,4.2
2023-09-30 15:20:00+00:00,18.4,5.0,3.5,5.8
2023-09-30 15:30:00+00:00,18.4,5.0,3.5,5.9
2023-09-30 15:40:00+00:00,18.4,5.0,3.5,5.7
2023-09-30 15:50:00+00:00,18.4,4.5,3.5,5.6
2023-09-30 16:00:00+00:00,18.4,4.0,3.5,5.5
2023-09-30 16:10:00+00:00,18.4,5.0,3.5,4.0
2023-09-30 16:20:00+00:00,18.4,5.0,3.5,4.0
2023-09-30 16:30:00+00:00,18.3,5.0,3.5,3.7
2023-09-30 16:40:00+00:00,18.3,5.0,3.5,2.5
2023-09-30 16:50:00+00:00,18.3,5.0,3.5,1.2
2023-09-30 17:00:00+00:00,18.3,6.0,3.5,0.7
2023-09-30 17:10:00+00:00,18.26153846153846,6.0,3.5076923076923077,0.6923076923076923
2023-09-30 17:20:00+00:00,18.223076923076924,6.0,3.5153846153846153,0.6846153846153846
2023-09-30 17:30:00+00:00,18.184615384615384,6.0,3.523076923076923,0.6769230769230768
2023-09-30 17:40:00+00:00,18.146153846153847,6.0,3.5307692307692307,0.6692307692307692
2023-09-30 17:50:00+00:00,18.107692307692307,6.0,3.5384615384615383,0.6615384615384615
2023-09-30 18:00:00+00:00,18.06923076923077,6.0,3.546153846153846,0.6538461538461539
2023-09-30 18:10:00+00:00,18.03076923076923,6.0,3.553846153846154,0.6461538461538461
2023-09-30 18:20:00+00:00,17.992307692307694,6.0,3.5615384615384618,0.6384615384615384
2023-09-30 18:30:00+00:00,17.953846153846154,6.0,3.5692307692307694,0.6307692307692307
2023-09-30 18:40:00+00:00,17.915384615384617,6.0,3.576923076923077,0.6230769230769231
2023-09-30 18:50:00+00:00,17.876923076923077,6.0,3.5846153846153848,0.6153846153846153
2023-09-30 19:00:00+00:00,17.83846153846154,6.0,3.5923076923076924,0.6076923076923076
2023-09-30 19:10:00+00:00,17.8,6.0,3.6,0.6
2023-09-30 19:20:00+00:00,17.75,6.0,3.59,0.6
2023-09-30 19:30:00+00:00,17.7,6.0,3.58,0.6
2023-09-30 19:40:00+00:00,17.650000000000002,6.0,3.5700000000000003,0.6
2023-09-30 19:50:00+00:00,17.6,6.0,3.56,0.6
2023-09-30 20:00:00+00:00,17.55,6.0,3.55,0.6
2023-09-30 20:10:00+00:00,17.5,6.0,3.54,0.6
2023-09-30 20:20:00+00:00,17.45,6.0,3.5300000000000002,0.6
2023-09-30 20:30:00+00:00,17.400000000000002,6.0,3.52,0.6
2023-09-30 20:40:00+00:00,17.35,6.0,3.51,0.6
2023-09-30 20:50:00+00:00,17.3,6.0,3.5,0.6
2023-09-30 21:00:00+00:00,17.25,6.0,3.5,0.6
2023-09-30 21:10:00+00:00,17.2,6.0,3.5,0.6
2023-09-30 21:20:00+00:00,17.150000000000002,6.0,3.5,0.6
2023-09-30 21:30:00+00:00,17.1,6.0,3.5,0.6
2023-09-30 21:40:00+00:00,17.05,6.0,3.5,0.6
2023-09-30 21:50:00+00:00,17.0,6.0,3.5,0.6
2023-09-30 22:00:00+00:00,16.95,6.0,3.5,0.6
2023-09-30 22:10:00+00:00,16.900000000000002,6.0,3.5,0.6
2023-09-30 22:20:00+00:00,16.85,6.0,3.5,0.6
2023-09-30 22:30:00+00:00,16.8,6.0,3.5,0.6
2023-09-30 22:40:00+00:00,16.76,6.0,3.5,0.6
2023-09-30 22:50:00+00:00,16.72,6.0,3.5,0.6
2023-09-30 23:00:00+00:00,16.68,6.0,3.5,0.6
2023-09-30 23:10:00+00:00,16.64,6.0,3.5,0.6
2023-09-30 23:20:00+00:00,16.6,6.0,3.5,0.6
2023-09-30 23:30:00+00:00,16.56,6.0,3.5,0.6
2023-09-30 23:40:00+00:00,16.52,6.0,3.5,0.6
2023-09-30 23:50:00+00:00,16.48,6.0,3.5,0.6
2023-10-01 00:00:00+00:00,16.439999999999998,6.0,3.5,0.6
2023-10-01 00:10:00+00:00,16.4,6.0,3.5,0.6
2023-10-01 00:20:00+00:00,16.369999999999997,6.0,3.5,0.6
2023-10-01 00:30:00+00:00,16.34,6.0,3.5,0.6
2023-10-01 00:40:00+00:00,16.31,6.0,3.5,0.6
2023-10-01 00:50:00+00:00,16.28,6.0,3.5,0.6
2023-10-01 01:00:00+00:00,16.25,6.0,3.5,0.6
2023-10-01 01:10:00+00:00,16.22,6.0,3.5,0.6
2023-10-01 01:20:00+00:00,16.19,6.0,3.5,0.6
2023-10-01 01:30:00+00:00,16.16,6.0,3.5,0.6
2023-10-01 01:40:00+00:00,16.130000000000003,6.0,3.5,0.6
2023-10-01 01:50:00+00:00,16.1,6.0,3.5,0.6
2023-10-01 02:00:00+00:00,16.07,6.0,3.5,0.6
2023-10-01 02:10:00+00:00,16.040000000000003,6.0,3.5,0.6
2023-10-01 02:20:00+00:00,16.01,6.0,3.5,0.6
2023-10-01 02:30:00+00:00,15.98,6.0,3.5,0.6
2023-10-01 02:40:00+00:00,15.950000000000001,6.0,3.5,0.6
2023-10-01 02:50:00+00:00,15.920000000000002,6.0,3.5,0.6
2023-10-01 03:00:00+00:00,15.89,6.0,3.5,0.6
2023-10-01 03:10:00+00:00,15.860000000000001,6.0,3.5,0.6
2023-10-01 03:20:00+00:00,15.83,6.0,3.5,0.6
2023-10-01 03:30:00+00:00,15.8,6.0,3.5,0.6
2023-10-01 03:40:00+00:00,15.780000000000001,6.0,3.5,0.8999999999999999
2023-10-01 03:50:00+00:00,15.76,6.0,3.5,1.2
2023-10-01 04:00:00+00:00,15.74,6.0,3.5,1.5
2023-10-01 04:10:00+00:00,15.72,6.0,3.5,1.7999999999999998
2023-10-01 04:20:00+00:00,15.7,6.0,3.5,2.1
2023-10-01 04:30:00+00:00,15.68,6.0,3.5,2.4
2023-10-01 04:40:00+00:00,15.66,6.0,3.5,2.7
2023-10-01 04:50:00+00:00,15.64,6.0,3.5,3.0
2023-10-01 05:00:00+00:00,15.62,6.0,3.5,3.3
2023-10-01 05:10:00+00:00,15.6,6.0,3.5,3.6
2023-10-01 05:20:00+00:00,15.6,7.0,3.5,4.0
2023-10-01 05:30:00+00:00,15.6,6.0,3.5,4.0
2023-10-01 05:40:00+00:00,15.6,6.0,3.6,4.0
2023-10-01 05:50:00+00:00,15.6,6.0,3.5,4.0
2023-10-01 06:00:00+00:00,15.55,6.0,3.55,4.0
2023-10-01 06:10:00+00:00,15.5,6.0,3.6,4.0
2023-10-01 06:20:00+00:00,15.5,6.0,3.5,4.0
2023-10-01 06:30:00+00:00,15.5,6.0,3.5,4.0
2023-10-01 06:40:00+00:00,15.5,6.0,3.5,4.0
2023-10-01 06:50:00+00:00,15.5,6.0,3.5,3.8
2023-10-01 07:00:00+00:00,15.5,6.0,3.5,4.0
2023-10-01 07:10:00+00:00,15.5,6.0,3.5,4.0
2023-10-01 07:20:00+00:00,15.5,6.0,3.5,4.0
2023-10-01 07:30:00+00:00,15.5,6.0,3.5,4.0
2023-10-01 07:40:00+00:00,15.4,6.0,3.5,4.0
2023-10-01 07:50:00+00:00,15.4,5.5,3.5,4.0
2023-10-01 08:00:00+00:00,15.4,5.0,3.5,4.0
2023-10-01 08:10:00+00:00,15.4,5.0,3.5,4.0
2023-10-01 08:20:00+00:00,15.4,5.0,3.5,4.0
2023-10-01 08:30:00+00:00,15.5,5.0,3.5,4.0
2023-10-01 08:40:00+00:00,15.5,6.0,3.5,4.0
2023-10-01 08:50:00+00:00,15.5,5.0,3.4,4.0
2023-10-01 09:00:00+00:00,15.5,5.0,3.5,4.0
2023-10-01 09:10:00+00:00,15.5,5.0,3.4,4.0
2023-10-01 09:20:00+00:00,15.5,5.0,3.4,4.1
2023-10-01 09:30:00+00:00,15.5,5.0,3.4,6.2
2023-10-01 09:40:00+00:00,15.55,4.5,3.4,6.2
2023-10-01 09:50:00+00:00,15.6,4.0,3.4,6.2
2023-10-01 10:00:00+00:00,15.6,4.0,3.4,6.2
2023-10-01 10:10:00+00:00,15.6,4.0,3.4,6.2
2023-10-01 10:20:00+00:00,15.7,4.0,3.4,6.0
2023-10-01 10:30:00+00:00,15.8,4.0,3.5,5.4
2023-10-01 10:40:00+00:00,15.8,5.0,3.4,4.3
2023-10-01 10:50:00+00:00,15.9,5.0,3.4,6.3
2023-10-01 11:00:00+00:00,16.0,4.0,3.4,5.9
2023-10-01 11:10:00+00:00,16.0,4.0,3.4,6.2
2023-10-01 11:20:00+00:00,16.1,4.0,3.4,6.1
2023-10-01 11:30:00+00:00,16.1,4.0,3.4,6.1
2023-10-01 11:40:00+00:00,16.1,4.0,3.4,6.1
2023-10-01 11:50:00+00:00,16.1,4.0,3.4,6.1
2023-10-01 12:00:00+00:00,16.3,4.0,3.4,6.1
2023-10-01 12:10:00+00:00,16.3,4.0,3.4,6.2
2023-10-01 12:20:00+00:00,16.4,4.0,3.4,5.9
2023-10-01 12:30:00+00:00,16.5,4.0,3.5,5.9
2023-10-01 12:40:00+00:00,16.5,4.0,3.5,5.0
2023-10-01 12:50:00+00:00,16.6,4.0,3.4,6.1
2023-10-01 13:00:00+00:00,16.7,4.0,3.4,5.6
2023-10-01 13:10:00+00:00,16.75,4.0,3.4,5.5
2023-10-01 13:20:00+00:00,16.8,4.0,3.4,5.4
2023-10-01 13:30:00+00:00,16.8,5.0,3.4,6.1
2023-10-01 13:40:00+00:00,17.0,5.0,3.4,5.5
2023-10-01 13:50:00+00:00,17.0,4.0,3.4,6.1
2023-10-01 14:00:00+00:00,17.1,4.0,3.4,6.0
2023-10-01 14:10:00+00:00,17.1,5.0,3.4,5.6
2023-10-01 14:20:00+00:00,17.2,4.0,3.4,5.4
2023-10-01 14:30:00+00:00,17.2,5.0,3.5,6.0
2023-10-01 14:40:00+00:00,17.3,5.0,3.5,5.8
2023-10-01 14:50:00+00:00,17.3,5.0,3.4,5.7
2023-10-01 15:00:00+00:00,17.3,5.0,3.4,5.75
2023-10-01 15:10:00+00:00,17.3,5.0,3.4,5.8
2023-10-01 15:20:00+00:00,17.3,5.0,3.4,5.0
2023-10-01 15:30:00+00:00,17.3,5.0,3.4,5.8
2023-10-01 15:40:00+00:00,17.4,5.0,3.5,5.6
2023-10-01 15:50:00+00:00,17.4,5.0,3.5,4.3
2023-10-01 16:00:00+00:00,17.4,5.0,3.5,4.0
2023-10-01 16:10:00+00:00,17.4,5.0,3.5,4.0
2023-10-01 16:20:00+00:00,17.4,5.0,3.5,3.7
2023-10-01 16:30:00+00:00,17.4,6.0,3.5,2.4
2023-10-01 16:40:00+00:00,17.4,6.0,3.5,1.2
2023-10-01 16:50:00+00:00,17.35,6.0,3.5,1.0
2023-10-01 17:00:00+00:00,17.3,6.0,3.5,0.8
2023-10-01 17:10:00+00:00,17.28,6.0,3.5,0.78
2023-10-01 17:20:00+00:00,17.26,6.0,3.5,0.76
2023-10-01 17:30:00+00:00,17.240000000000002,6.0,3.5,0.74
2023-10-01 17:40:00+00:00,17.220000000000002,6.0,3.5,0.72
2023-10-01 17:50:00+00:00,17.200000000000003,6.0,3.5,0.7
2023-10-01 18:00:00+00:00,17.18,6.0,3.5,0.6799999999999999
2023-10-01 18:10:00+00:00,17.16,6.0,3.5,0.66
2023-10-01 18:20:00+00:00,17.14,6.0,3.5,0.64
2023-10-01 18:30:00+00:00,17.12,6.0,3.5,0.62
2023-10-01 18:40:00+00:00,17.1,6.0,3.5,0.6
2023-10-01 18:50:00+00:00,17.05,6.0,3.51,0.6
2023-10-01 19:00:00+00:00,17.0,6.0,3.52,0.6
2023-10-01 19:10:00+00:00,16.950000000000003,6.0,3.5300000000000002,0.6
2023-10-01 19:20:00+00:00,16.900000000000002,6.0,3.54,0.6
2023-10-01 19:30:00+00:00,16.85,6.0,3.55,0.6
2023-10-01 19:40:00+00:00,16.8,6.0,3.56,0.6
2023-10-01 19:50:00+00:00,16.75,6.0,3.5700000000000003,0.6
2023-10-01 20:00:00+00:00,16.700000000000003,6.0,3.58,0.6
2023-10-01 20:10:00+00:00,16.650000000000002,6.0,3.59,0.6
2023-10-01 20:20:00+00:00,16.6,6.0,3.6,0.6
2023-10-01 20:30:00+00:00,16.565217391304348,6.043478260869565,3.6,0.6
2023-10-01 20:40:00+00:00,16.530434782608697,6.086956521739131,3.6,0.6
2023-10-01 20:50:00+00:00,16.495652173913044,6.130434782608695,3.6,0.6
2023-10-01 21:00:00+00:00,16.460869565217394,6.173913043478261,3.6,0.6
2023-10-01 21:10:00+00:00,16.42608695652174,6.217391304347826,3.6,0.6
2023-10-01 21:20:00+00:00,16.39130434782609,6.260869565217392,3.6,0.6
2023-10-01 21:30:00+00:00,16.356521739130436,6.304347826086957,3.6,0.6
2023-10-01 21:40:00+00:00,16.321739130434782,6.3478260869565215,3.6,0.6
2023-10-01 21:50:00+00:00,16.286956521739132,6.391304347826087,3.6,0.6
2023-10-01 22:00:00+00:00,16.252173913043478,6.434782608695652,3.6,0.6
2023-10-01 22:10:00+00:00,16.217391304347828,6.478260869565218,3.6,0.6
2023-10-01 22:20:00+00:00,16.182608695652174,6.521739130434782,3.6,0.6
2023-10-01 22:30:00+00:00,16.147826086956524,6.565217391304348,3.6,0.6
2023-10-01 22:40:00+00:00,16.11304347826087,6.608695652173913,3.6,0.6
2023-10-01 22:50:00+00:00,16.07826086956522,6.6521739130434785,3.6,0.6
2023-10-01 23:00:00+00:00,16.043478260869566,6.695652173913043,3.6,0.6
2023-10-01 23:10:00+00:00,16.008695652173913,6.739130434782608,3.6,0.6
2023-10-01 23:20:00+00:00,15.973913043478262,6.782608695652174,3.6,0.6
2023-10-01 23:30:00+00:00,15.93913043478261,6.826086956521739,3.6,0.6
2023-10-01 23:40:00+00:00,15.904347826086957,6.869565217391305,3.6,0.6
2023-10-01 23:50:00+00:00,15.869565217391305,6.913043478260869,3.6,0.6
2023-10-02 00:00:00+00:00,15.834782608695653,6.956521739130435,3.6,0.6
2023-10-02 00:10:00+00:00,15.8,7.0,3.6,0.6
2023-10-02 00:20:00+00:00,15.770000000000001,7.0,3.6,0.6
2023-10-02 00:30:00+00:00,15.74,7.0,3.6,0.6
2023-10-02 00:40:00+00:00,15.71,7.0,3.6,0.6
2023-10-02 00:50:00+00:00,15.68,7.0,3.6,0.6
2023-10-02 01:00:00+00:00,15.65,7.0,3.6,0.6
2023-10-02 01:10:00+00:00,15.620000000000001,7.0,3.6,0.6
2023-10-02 01:20:00+00:00,15.59,7.0,3.6,0.6
2023-10-02 01:30:00+00:00,15.56,7.0,3.6,0.6
2023-10-02 01:40:00+00:00,15.53,7.0,3.6,0.6
2023-10-02 01:50:00+00:00,15.5,7.0,3.6,0.6
2023-10-02 02:00:00+00:00,15.47,7.0,3.6,0.6
2023-10-02 02:10:00+00:00,15.44,7.0,3.6,0.6
2023-10-02 02:20:00+00:00,15.41,7.0,3.6,0.6
2023-10-02 02:30:00+00:00,15.379999999999999,7.0,3.6,0.6
2023-10-02 02:40:00+00:00,15.35,7.0,3.6,0.6
2023-10-02 02:50:00+00:00,15.32,7.0,3.6,0.6
2023-10-02 03:00:00+00:00,15.29,7.0,3.6,0.6
2023-10-02 03:10:00+00:00,15.26,7.0,3.6,0.6
2023-10-02 03:20:00+00:00,15.229999999999999,7.0,3.6,0.6
2023-10-02 03:30:00+00:00,15.2,7.0,3.6,0.6
2023-10-02 03:40:00+00:00,15.19,7.0,3.59,0.9099999999999999
2023-10-02 03:50:00+00:00,15.18,7.0,3.58,1.22
2023-10-02 04:00:00+00:00,15.17,7.0,3.5700000000000003,1.5299999999999998
2023-10-02 04:10:00+00:00,15.16,7.0,3.56,1.8399999999999999
2023-10-02 04:20:00+00:00,15.149999999999999,7.0,3.55,2.15
2023-10-02 04:30:00+00:00,15.139999999999999,7.0,3.54,2.46
2023-10-02 04:40:00+00:00,15.129999999999999,7.0,3.5300000000000002,2.77
2023-10-02 04:50:00+00:00,15.12,7.0,3.52,3.08
2023-10-02 05:00:00+00:00,15.11,7.0,3.51,3.39
2023-10-02 05:10:00+00:00,15.1,7.0,3.5,3.7
2023-10-02 05:20:00+00:00,15.0,7.0,3.6,4.0
2023-10-02 05:30:00+00:00,15.0,7.0,3.5,4.0
2023-10-02 05:40:00+00:00,15.0,7.0,3.5,4.0
2023-10-02 05:50:00+00:00,15.0,7.0,3.5,4.0
2023-10-02 06:00:00+00:00,15.0,7.0,3.5,4.0
2023-10-02 06:10:00+00:00,15.0,7.0,3.5,4.0
2023-10-02 06:20:00+00:00,15.0,7.0,3.5,4.0
2023-10-02 06:30:00+00:00,15.0,7.0,3.5,4.0
2023-10-02 06:40:00+00:00,15.0,7.0,3.5,4.0
2023-10-02 06:50:00+00:00,15.0,7.0,3.5,4.0
2023-10-02 07:00:00+00:00,15.0,6.5,3.5,4.0
2023-10-02 07:10:00+00:00,15.0,6.0,3.5,4.0
2023-10-02 07:20:00+00:00,15.0,6.0,3.5,4.0
2023-10-02 07:30:00+00:00,15.0,6.0,3.5,4.0
2023-10-02 07:40:00+00:00,15.0,7.0,3.5,4.0
2023-10-02 07:50:00+00:00,15.0,6.0,3.5,4.0
2023-10-02 08:00:00+00:00,15.0,6.0,3.5,4.0
2023-10-02 08:10:00+00:00,15.0,6.0,3.5,4.0
2023-10-02 08:20:00+00:00,15.0,6.0,3.5,4.0
2023-10-02 08:30:00+00:00,15.0,6.0,3.4,4.0
2023-10-02 08:40:00+00:00,15.0,5.0,3.4,4.0
2023-10-02 08:50:00+00:00,15.05,5.0,3.4,4.0
2023-10-02 09:00:00+00:00,15.1,5.0,3.4,4.0
2023-10-02 09:10:00+00:00,15.1,5.0,3.5,4.0
2023-10-02 09:20:00+00:00,15.1,5.0,3.4,4.0
2023-10-02 09:30:00+00:00,15.1,5.0,3.4,4.0
2023-10-02 09:40:00+00:00,15.2,5.0,3.5,4.0
2023-10-02 09:50:00+00:00,15.3,6.0,3.5,4.0
2023-10-02 10:00:00+00:00,15.3,5.0,3.5,4.0
2023-10-02 10:10:00+00:00,15.3,6.0,3.5,4.0
2023-10-02 10:20:00+00:00,15.4,5.0,3.4,4.0
2023-10-02 10:30:00+00:00,15.5,5.0,3.4,4.0
2023-10-02 10:40:00+00:00,15.5,5.0,3.45,4.7
2023-10-02 10:50:00+00:00,15.5,5.0,3.5,5.4
2023-10-02 11:00:00+00:00,15.6,5.0,3.4,5.9
2023-10-02 11:10:00+00:00,15.6,5.0,3.4,5.5
2023-10-02 11:20:00+00:00,15.6,5.0,3.4,5.7
2023-10-02 11:30:00+00:00,15.7,5.0,3.4,6.0
2023-10-02 11:40:00+00:00,15.8,5.0,3.4,6.1
2023-10-02 11:50:00+00:00,15.8,5.0,3.4,5.4
2023-10-02 12:00:00+00:00,15.8,5.0,3.4,5.4
2023-10-02 12:10:00+00:00,15.9,5.0,3.5,5.9
2023-10-02 12:20:00+00:00,16.0,5.0,3.5,5.6
2023-10-02 12:30:00+00:00,16.0,5.5,3.5,5.4
2023-10-02 12:40:00+00:00,16.0,6.0,3.5,5.2
2023-10-02 12:50:00+00:00,16.0,5.0,3.5,5.7
2023-10-02 13:00:00+00:00,16.1,6.0,3.4,5.7
2023-10-02 13:10:00+00:00,16.1,6.0,3.5,6.0
2023-10-02 13:20:00+00:00,16.1,6.0,3.5,5.9
2023-10-02 13:30:00+00:00,16.2,5.0,3.5,5.8
2023-10-02 13:40:00+00:00,16.2,5.0,3.5,5.3
2023-10-02 13:50:00+00:00,16.3,6.0,3.5,5.4
2023-10-02 14:00:00+00:00,16.3,6.0,3.5,5.6
2023-10-02 14:10:00+00:00,16.3,5.0,3.5,5.7
2023-10-02 14:20:00+00:00,16.3,5.0,3.5,5.65
2023-10-02 14:30:00+00:00,16.3,5.0,3.5,5.6
2023-10-02 14:40:00+00:00,16.3,6.0,3.5,4.9
2023-10-02 14:50:00+00:00,16.3,6.0,3.5,4.1
2023-10-02 15:00:00+00:00,16.3,6.0,3.4,5.7
2023-10-02 15:10:00+00:00,16.3,5.0,3.5,5.4
2023-10-02 15:20:00+00:00,16.3,5.0,3.4,4.1
2023-10-02 15:30:00+00:00,16.3,5.0,3.5,5.4
2023-10-02 15:40:00+00:00,16.3,5.0,3.5,3.9
2023-10-02 15:50:00+00:00,16.3,5.0,3.5,4.0
2023-10-02 16:00:00+00:00,16.35,5.0,3.45,3.85
2023-10-02 16:10:00+00:00,16.4,5.0,3.4,3.7
2023-10-02 16:20:00+00:00,16.4,5.0,3.5,3.1
2023-10-02 16:30:00+00:00,16.4,5.0,3.5,2.3
2023-10-02 16:40:00+00:00,16.4,6.0,3.4,1.2
2023-10-02 16:50:00+00:00,16.4,6.0,3.5,0.7
2023-10-02 17:00:00+00:00,16.4,5.9,3.5,0.69
2023-10-02 17:10:00+00:00,16.4,5.8,3.5,0.6799999999999999
2023-10-02 17:20:00+00:00,16.4,5.7,3.5,0.6699999999999999
2023-10-02 17:30:00+00:00,16.4,5.6,3.5,0.6599999999999999
2023-10-02 17:40:00+00:00,16.4,5.5,3.5,0.6499999999999999
2023-10-02 17:50:00+00:00,16.4,5.4,3.5,0.64
2023-10-02 18:00:00+00:00,16.4,5.3,3.5,0.63
2023-10-02 18:10:00+00:00,16.4,5.2,3.5,0.62
2023-10-02 18:20:00+00:00,16.4,5.1,3.5,0.61
2023-10-02 18:30:00+00:00,16.4,5.0,3.5,0.6
2023-10-02 18:40:00+00:00,16.39,5.0,3.5,0.58
2023-10-02 18:50:00+00:00,16.38,5.0,3.5,0.5599999999999999
2023-10-02 19:00:00+00:00,16.369999999999997,5.0,3.5,0.54
2023-10-02 19:10:00+00:00,16.36,5.0,3.5,0.52
2023-10-02 19:20:00+00:00,16.35,5.0,3.5,0.5
2023-10-02 19:30:00+00:00,16.34,5.0,3.5,0.48
2023-10-02 19:40:00+00:00,16.33,5.0,3.5,0.45999999999999996
2023-10-02 19:50:00+00:00,16.32,5.0,3.5,0.44
2023-10-02 20:00:00+00:00,16.310000000000002,5.0,3.5,0.42000000000000004
2023-10-02 20:10:00+00:00,16.3,5.0,3.5,0.4
2023-10-02 20:20:00+00:00,16.3,5.0,3.5,0.4153846153846154
2023-10-02 20:30:00+00:00,16.3,5.0,3.5,0.4307692307692308
2023-10-02 20:40:00+00:00,16.3,5.0,3.5,0.4461538461538462
2023-10-02 20:50:00+00:00,16.3,5.0,3.5,0.46153846153846156
2023-10-02 21:00:00+00:00,16.3,5.0,3.5,0.47692307692307695
2023-10-02 21:10:00+00:00,16.3,5.0,3.5,0.49230769230769234
2023-10-02 21:20:00+00:00,16.3,5.0,3.5,0.5076923076923077
2023-10-02 21:30:00+00:00,16.3,5.0,3.5,0.5230769230769231
2023-10-02 21:40:00+00:00,16.3,5.0,3.5,0.5384615384615384
2023-10-02 21:50:00+00:00,16.3,5.0,3.5,0.5538461538461539
2023-10-02 22:00:00+00:00,16.3,5.0,3.5,0.5692307692307692
2023-10-02 22:10:00+00:00,16.3,5.0,3.5,0.5846153846153845
2023-10-02 22:20:00+00:00,16.3,5.0,3.5,0.6
2023-10-02 22:30:00+00:00,16.3,5.1,3.49,0.6
2023-10-02 22:40:00+00:00,16.3,5.2,3.48,0.6
2023-10-02 22:50:00+00:00,16.3,5.3,3.4699999999999998,0.6
2023-10-02 23:00:00+00:00,16.3,5.4,3.46,0.6
2023-10-02 23:10:00+00:00,16.3,5.5,3.45,0.6
2023-10-02 23:20:00+00:00,16.3,5.6,3.44,0.6
2023-10-02 23:30:00+00:00,16.3,5.7,3.4299999999999997,0.6
2023-10-02 23:40:00+00:00,16.3,5.8,3.42,0.6
2023-10-02 23:50:00+00:00,16.3,5.9,3.41,0.6
2023-10-03 00:00:00+00:00,16.3,6.0,3.4,0.6
2023-10-03 00:10:00+00:00,16.29,6.0,3.41,0.6
2023-10-03 00:20:00+00:00,16.28,6.0,3.42,0.6
2023-10-03 00:30:00+00:00,16.27,6.0,3.4299999999999997,0.6
2023-10-03 00:40:00+00:00,16.26,6.0,3.44,0.6
2023-10-03 00:50:00+00:00,16.25,6.0,3.45,0.6
2023-10-03 01:00:00+00:00,16.24,6.0,3.46,0.6
2023-10-03 01:10:00+00:00,16.23,6.0,3.4699999999999998,0.6
2023-10-03 01:20:00+00:00,16.22,6.0,3.48,0.6
2023-10-03 01:30:00+00:00,16.21,6.0,3.49,0.6
2023-10-03 01:40:00+00:00,16.2,6.0,3.5,0.6
2023-10-03 01:50:00+00:00,16.189999999999998,6.0,3.5,0.6
2023-10-03 02:00:00+00:00,16.18,6.0,3.5,0.6
2023-10-03 02:10:00+00:00,16.17,6.0,3.5,0.6
2023-10-03 02:20:00+00:00,16.16,6.0,3.5,0.6
2023-10-03 02:30:00+00:00,16.15,6.0,3.5,0.6
2023-10-03 02:40:00+00:00,16.14,6.0,3.5,0.6
2023-10-03 02:50:00+00:00,16.130000000000003,6.0,3.5,0.6
2023-10-03 03:00:00+00:00,16.12,6.0,3.5,0.6
2023-10-03 03:10:00+00:00,16.11,6.0,3.5,0.6
2023-10-03 03:20:00+00:00,16.1,6.0,3.5,0.6
2023-10-03 03:30:00+00:00,16.07,6.1,3.51,0.86
2023-10-03 03:40:00+00:00,16.040000000000003,6.2,3.52,1.12
2023-10-03 03:50:00+00:00,16.01,6.3,3.5300000000000002,1.38
2023-10-03 04:00:00+00:00,15.98,6.4,3.54,1.6400000000000001
2023-10-03 04:10:00+00:00,15.950000000000001,6.5,3.55,1.9
2023-10-03 04:20:00+00:00,15.920000000000002,6.6,3.56,2.16
2023-10-03 04:30:00+00:00,15.89,6.7,3.5700000000000003,2.42
2023-10-03 04:40:00+00:00,15.860000000000001,6.8,3.58,2.68
2023-10-03 04:50:00+00:00,15.83,6.9,3.59,2.94
2023-10-03 05:00:00+00:00,15.8,7.0,3.6,3.2
2023-10-03 05:10:00+00:00,15.8,7.0,3.5,4.0
2023-10-03 05:20:00+00:00,15.7,7.0,3.6,4.0
2023-10-03 05:30:00+00:00,15.7,7.0,3.5,4.0
2023-10-03 05:40:00+00:00,15.7,7.0,3.5,4.0
2023-10-03 05:50:00+00:00,15.6,6.0,3.5,4.0
2023-10-03 06:00:00+00:00,15.6,6.0,3.5,4.0
2023-10-03 06:10:00+00:00,15.6,6.5,3.5,4.0
2023-10-03 06:20:00+00:00,15.6,7.0,3.5,4.0
2023-10-03 06:30:00+00:00,15.6,7.0,3.5,4.0
2023-10-03 06:40:00+00:00,15.6,6.0,3.5,4.0
2023-10-03 06:50:00+00:00,15.5,6.0,3.5,4.0
2023-10-03 07:00:00+00:00,15.5,6.0,3.5,4.0
2023-10-03 07:10:00+00:00,15.5,6.0,3.5,4.0
2023-10-03 07:20:00+00:00,15.5,6.0,3.5,4.0
2023-10-03 07:30:00+00:00,15.5,6.0,3.5,4.0
2023-10-03 07:40:00+00:00,15.5,5.0,3.4,4.0
2023-10-03 07:50:00+00:00,15.5,5.0,3.4,4.0
2023-10-03 08:00:00+00:00,15.5,5.0,3.45,4.0
2023-10-03 08:10:00+00:00,15.5,5.0,3.5,4.0
2023-10-03 08:20:00+00:00,15.5,5.0,3.4,4.0
2023-10-03 08:30:00+00:00,15.5,5.0,3.4,4.0
2023-10-03 08:40:00+00:00,15.5,4.0,3.4,4.0
2023-10-03 08:50:00+00:00,15.5,4.0,3.4,4.0
2023-10-03 09:00:00+00:00,15.6,4.0,3.4,4.0
2023-10-03 09:10:00+00:00,15.6,4.0,3.4,5.9
2023-10-03 09:20:00+00:00,15.6,4.0,3.4,6.0
2023-10-03 09:30:00+00:00,15.7,4.0,3.4,5.9
2023-10-03 09:40:00+00:00,15.8,4.0,3.4,5.8
2023-10-03 09:50:00+00:00,15.8,4.0,3.4,5.949999999999999
2023-10-03 10:00:00+00:00,15.8,4.0,3.4,6.1
2023-10-03 10:10:00+00:00,15.9,4.0,3.4,6.1
2023-10-03 10:20:00+00:00,16.0,3.0,3.4,6.1
2023-10-03 10:30:00+00:00,16.0,4.0,3.4,6.1
2023-10-03 10:40:00+00:00,16.0,4.0,3.4,5.9
2023-10-03 10:50:00+00:00,16.1,3.0,3.4,6.0
2023-10-03 11:00:00+00:00,16.1,3.0,3.4,6.0
2023-10-03 11:10:00+00:00,16.2,3.0,3.4,5.8
2023-10-03 11:20:00+00:00,16.3,3.0,3.4,5.9
2023-10-03 11:30:00+00:00,16.3,3.0,3.4,5.9
2023-10-03 11:40:00+00:00,16.35,3.0,3.4,5.800000000000001
2023-10-03 11:50:00+00:00,16.4,3.0,3.4,5.7
2023-10-03 12:00:00+00:00,16.5,3.0,3.4,5.8
2023-10-03 12:10:00+00:00,16.5,3.0,3.4,5.9
2023-10-03 12:20:00+00:00,16.6,3.0,3.4,6.0
2023-10-03 12:30:00+00:00,16.6,3.0,3.4,5.9
2023-10-03 12:40:00+00:00,16.6,3.0,3.4,6.0
2023-10-03 12:50:00+00:00,16.7,2.0,3.5,5.9
2023-10-03 13:00:00+00:00,16.8,3.0,3.4,6.0
2023-10-03 13:10:00+00:00,16.8,3.0,3.4,5.7
2023-10-03 13:20:00+00:00,16.8,3.0,3.4,5.4
2023-10-03 13:30:00+00:00,16.85,3.0,3.4,5.5
2023-10-03 13:40:00+00:00,16.9,3.0,3.4,5.6
2023-10-03 13:50:00+00:00,17.0,3.0,3.5,5.8
2023-10-03 14:00:00+00:00,17.0,3.0,3.4,5.0
2023-10-03 14:10:00+00:00,17.0,3.0,3.4,4.9
2023-10-03 14:20:00+00:00,17.1,3.0,3.4,4.3
2023-10-03 14:30:00+00:00,17.1,3.0,3.4,5.4
2023-10-03 14:40:00+00:00,17.1,3.0,3.4,5.7
2023-10-03 14:50:00+00:00,17.1,3.0,3.4,5.1
2023-10-03 15:00:00+00:00,17.2,2.0,3.4,4.3
2023-10-03 15:10:00+00:00,17.3,3.0,3.4,4.1
2023-10-03 15:20:00+00:00,17.3,3.0,3.4,4.3
2023-10-03 15:30:00+00:00,17.3,3.0,3.4,4.5
2023-10-03 15:40:00+00:00,17.3,3.0,3.4,3.9
2023-10-03 15:50:00+00:00,17.3,3.0,3.4,4.2
2023-10-03 16:00:00+00:00,17.3,3.0,3.4,4.0
2023-10-03 16:10:00+00:00,17.4,3.0,3.4,3.6
2023-10-03 16:20:00+00:00,17.4,3.0,3.4,2.6
2023-10-03 16:30:00+00:00,17.4,3.0,3.4,1.8
2023-10-03 16:40:00+00:00,17.4,3.0,3.4,0.9
2023-10-03 16:50:00+00:00,17.4,5.6,3.41,0.87
2023-10-03 17:00:00+00:00,17.4,8.2,3.42,0.84
2023-10-03 17:10:00+00:00,17.4,10.8,3.4299999999999997,0.81
2023-10-03 17:20:00+00:00,17.4,13.4,3.44,0.78
2023-10-03 17:30:00+00:00,17.4,16.0,3.45,0.75
2023-10-03 17:40:00+00:00,17.4,18.6,3.46,0.72
2023-10-03 17:50:00+00:00,17.4,21.2,3.4699999999999998,0.69
2023-10-03 18:00:00+00:00,17.4,23.8,3.48,0.6599999999999999
2023-10-03 18:10:00+00:00,17.4,26.400000000000002,3.49,0.6299999999999999
2023-10-03 18:20:00+00:00,17.4,29.0,3.5,0.6
2023-10-03 18:30:00+00:00,17.38,29.2,3.5,0.6
2023-10-03 18:40:00+00:00,17.36,29.4,3.5,0.6
2023-10-03 18:50:00+00:00,17.34,29.6,3.5,0.6
2023-10-03 19:00:00+00:00,17.32,29.8,3.5,0.6
2023-10-03 19:10:00+00:00,17.299999999999997,30.0,3.5,0.6
2023-10-03 19:20:00+00:00,17.279999999999998,30.2,3.5,0.6
2023-10-03 19:30:00+00:00,17.259999999999998,30.4,3.5,0.6
2023-10-03 19:40:00+00:00,17.24,30.6,3.5,0.6
2023-10-03 19:50:00+00:00,17.22,30.8,3.5,0.6
2023-10-03 20:00:00+00:00,17.2,31.0,3.5,0.6
2023-10-03 20:10:00+00:00,17.185714285714283,31.571428571428573,3.5,0.6
2023-10-03 20:20:00+00:00,17.17142857142857,32.142857142857146,3.5,0.6
2023-10-03 20:30:00+00:00,17.15714285714286,32.714285714285715,3.5,0.6
2023-10-03 20:40:00+00:00,17.142857142857142,33.285714285714285,3.5,0.6
2023-10-03 20:50:00+00:00,17.128571428571426,33.857142857142854,3.5,0.6
2023-10-03 21:00:00+00:00,17.114285714285714,34.42857142857143,3.5,0.6
2023-10-03 21:10:00+00:00,17.1,35.0,3.5,0.6
2023-10-03 21:20:00+00:00,17.085714285714285,35.57142857142857,3.5,0.6
2023-10-03 21:30:00+00:00,17.07142857142857,36.14285714285714,3.5,0.6
2023-10-03 21:40:00+00:00,17.057142857142857,36.714285714285715,3.5,0.6
2023-10-03 21:50:00+00:00,17.042857142857144,37.285714285714285,3.5,0.6
2023-10-03 22:00:00+00:00,17.02857142857143,37.857142857142854,3.5,0.6
2023-10-03 22:10:00+00:00,17.014285714285712,38.42857142857143,3.5,0.6
2023-10-03 22:20:00+00:00,17.0,39.0,3.5,0.6
2023-10-03 22:30:00+00:00,16.96,39.2,3.5,0.6
2023-10-03 22:40:00+00:00,16.92,39.4,3.5,0.6
2023-10-03 22:50:00+00:00,16.88,39.6,3.5,0.6
2023-10-03 23:00:00+00:00,16.84,39.8,3.5,0.6
2023-10-03 23:10:00+00:00,16.8,40.0,3.5,0.6
2023-10-03 23:20:00+00:00,16.76,40.2,3.5,0.6
2023-10-03 23:30:00+00:00,16.720000000000002,40.4,3.5,0.6
2023-10-03 23:40:00+00:00,16.68,40.6,3.5,0.6
2023-10-03 23:50:00+00:00,16.64,40.8,3.5,0.6
2023-10-04 00:00:00+00:00,16.6,41.0,3.5,0.6
2023-10-04 00:10:00+00:00,16.57,41.0,3.51,0.6
2023-10-04 00:20:00+00:00,16.540000000000003,41.0,3.52,0.6
2023-10-04 00:30:00+00:00,16.51,41.0,3.5300000000000002,0.6
2023-10-04 00:40:00+00:00,16.48,41.0,3.54,0.6
2023-10-04 00:50:00+00:00,16.450000000000003,41.0,3.55,0.6
2023-10-04 01:00:00+00:00,16.42,41.0,3.56,0.6
2023-10-04 01:10:00+00:00,16.39,41.0,3.5700000000000003,0.6
2023-10-04 01:20:00+00:00,16.36,41.0,3.58,0.6
2023-10-04 01:30:00+00:00,16.330000000000002,41.0,3.59,0.6
2023-10-04 01:40:00+00:00,16.3,41.0,3.6,0.6
2023-10-04 01:50:00+00:00,16.25,41.0,3.59,0.6
2023-10-04 02:00:00+00:00,16.2,41.0,3.58,0.6
2023-10-04 02:10:00+00:00,16.150000000000002,41.0,3.5700000000000003,0.6
2023-10-04 02:20:00+00:00,16.1,41.0,3.56,0.6
2023-10-04 02:30:00+00:00,16.05,41.0,3.55,0.6
2023-10-04 02:40:00+00:00,16.0,41.0,3.54,0.6
2023-10-04 02:50:00+00:00,15.950000000000001,41.0,3.5300000000000002,0.6
2023-10-04 03:00:00+00:00,15.9,41.0,3.52,0.6
2023-10-04 03:10:00+00:00,15.850000000000001,41.0,3.51,0.6
2023-10-04 03:20:00+00:00,15.8,41.0,3.5,0.6
2023-10-04 03:30:00+00:00,15.765,40.9,3.5,0.855
2023-10-04 03:40:00+00:00,15.73,40.8,3.5,1.1099999999999999
2023-10-04 03:50:00+00:00,15.695,40.7,3.5,1.365
2023-10-04 04:00:00+00:00,15.66,40.6,3.5,1.62
2023-10-04 04:10:00+00:00,15.625,40.5,3.5,1.875
2023-10-04 04:20:00+00:00,15.59,40.4,3.5,2.13
2023-10-04 04:30:00+00:00,15.555,40.3,3.5,2.3850000000000002
2023-10-04 04:40:00+00:00,15.52,40.2,3.5,2.64
2023-10-04 04:50:00+00:00,15.485,40.1,3.5,2.895
2023-10-04 05:00:00+00:00,15.45,40.0,3.5,3.15
2023-10-04 05:10:00+00:00,15.4,40.0,3.6,4.0
2023-10-04 05:20:00+00:00,15.350000000000001,40.0,3.55,3.9
2023-10-04 05:30:00+00:00,15.3,40.0,3.5,3.8
2023-10-04 05:40:00+00:00,15.3,40.0,3.5,4.0
2023-10-04 05:50:00+00:00,15.3,40.0,3.5,4.0
2023-10-04 06:00:00+00:00,15.3,39.0,3.5,4.0
2023-10-04 06:10:00+00:00,15.2,39.0,3.5,4.0
2023-10-04 06:20:00+00:00,15.2,39.0,3.5,4.0
2023-10-04 06:30:00+00:00,15.1,39.0,3.5,4.0
2023-10-04 06:40:00+00:00,15.1,38.0,3.5,4.0
2023-10-04 06:50:00+00:00,15.1,38.0,3.5,4.0
2023-10-04 07:00:00+00:00,15.1,38.0,3.5,4.0
2023-10-04 07:10:00+00:00,15.1,38.0,3.5,4.0
2023-10-04 07:20:00+00:00,15.1,38.0,3.5,4.0
2023-10-04 07:30:00+00:00,15.0,38.0,3.5,4.0
2023-10-04 07:40:00+00:00,15.0,38.0,3.5,4.0
2023-10-04 07:50:00+00:00,15.0,37.0,3.5,4.0
2023-10-04 08:00:00+00:00,15.0,37.0,3.5,4.0
2023-10-04 08:10:00+00:00,15.0,37.0,3.5,4.0
2023-10-04 08:20:00+00:00,15.0,37.0,3.5,4.0
2023-10-04 08:30:00+00:00,15.0,36.0,3.5,4.0
2023-10-04 08:40:00+00:00,15.0,36.0,3.5,4.0
2023-10-04 08:50:00+00:00,15.0,36.0,3.5,4.0
2023-10-04 09:00:00+00:00,15.0,35.5,3.5,4.0
2023-10-04 09:10:00+00:00,15.0,35.0,3.5,4.0
2023-10-04 09:20:00+00:00,15.0,35.0,3.5,4.0
2023-10-04 09:30:00+00:00,15.0,35.0,3.5,4.0
2023-10-04 09:40:00+00:00,15.0,35.0,3.5,4.0
2023-10-04 09:50:00+00:00,15.0,34.0,3.5,4.0
2023-10-04 10:00:00+00:00,15.0,34.0,3.5,4.0
2023-10-04 10:10:00+00:00,15.0,33.0,3.5,4.0
2023-10-04 10:20:00+00:00,15.0,33.0,3.5,4.0
2023-10-04 10:30:00+00:00,15.0,33.0,3.5,4.0
2023-10-04 10:40:00+00:00,15.0,32.0,3.5,5.8
2023-10-04 10:50:00+00:00,15.0,32.0,3.5,4.9
2023-10-04 11:00:00+00:00,15.0,32.0,3.5,4.0
2023-10-04 11:10:00+00:00,15.0,32.0,3.5,4.0
2023-10-04 11:20:00+00:00,15.1,32.0,3.5,5.9
2023-10-04 11:30:00+00:00,15.1,31.0,3.5,5.9
2023-10-04 11:40:00+00:00,15.1,31.0,3.5,6.1
2023-10-04 11:50:00+00:00,15.1,30.0,3.4,6.3
2023-10-04 12:00:00+00:00,15.1,30.0,3.4,6.3
2023-10-04 12:10:00+00:00,15.1,30.0,3.5,6.0
2023-10-04 12:20:00+00:00,15.1,30.0,3.5,6.1
2023-10-04 12:30:00+00:00,15.2,31.0,3.5,6.1
2023-10-04 12:40:00+00:00,15.2,31.0,3.5,5.05
2023-10-04 12:50:00+00:00,15.2,31.0,3.5,4.0
2023-10-04 13:00:00+00:00,15.3,31.0,3.5,5.6
2023-10-04 13:10:00+00:00,15.3,31.0,3.5,6.4
2023-10-04 13:20:00+00:00,15.3,31.0,3.5,5.2
2023-10-04 13:30:00+00:00,15.3,31.0,3.5,5.8
2023-10-04 13:40:00+00:00,15.4,31.0,3.5,5.9
2023-10-04 13:50:00+00:00,15.4,31.0,3.5,3.9
2023-10-04 14:00:00+00:00,15.4,31.0,3.5,5.0
2023-10-04 14:10:00+00:00,15.5,31.0,3.5,6.3
2023-10-04 14:20:00+00:00,15.5,31.0,3.5,6.2
2023-10-04 14:30:00+00:00,15.5,31.0,3.5,6.1
2023-10-04 14:40:00+00:00,15.5,31.0,3.5,6.0
2023-10-04 14:50:00+00:00,15.5,32.0,3.5,6.1
2023-10-04 15:00:00+00:00,15.5,31.0,3.5,6.0
2023-10-04 15:10:00+00:00,15.5,32.0,3.5,5.9
2023-10-04 15:20:00+00:00,15.5,32.0,3.5,4.4
2023-10-04 15:30:00+00:00,15.5,32.0,3.5,5.8
2023-10-04 15:40:00+00:00,15.5,32.0,3.5,4.1
2023-10-04 15:50:00+00:00,15.5,32.0,3.5,5.5
2023-10-04 16:00:00+00:00,15.5,32.0,3.5,4.0
2023-10-04 16:10:00+00:00,15.5,32.0,3.5,4.0
2023-10-04 16:20:00+00:00,15.5,32.0,3.5,3.4
2023-10-04 16:30:00+00:00,15.5,32.0,3.5,2.8
2023-10-04 16:40:00+00:00,15.5,32.0,3.5,1.6
2023-10-04 16:50:00+00:00,15.5,32.0,3.5,0.9
2023-10-04 17:00:00+00:00,15.484615384615385,31.923076923076923,3.5,0.8769230769230769
2023-10-04 17:10:00+00:00,15.46923076923077,31.846153846153847,3.5,0.8538461538461538
2023-10-04 17:20:00+00:00,15.453846153846154,31.76923076923077,3.5,0.8307692307692308
2023-10-04 17:30:00+00:00,15.438461538461539,31.692307692307693,3.5,0.8076923076923077
2023-10-04 17:40:00+00:00,15.423076923076923,31.615384615384617,3.5,0.7846153846153846
2023-10-04 17:50:00+00:00,15.407692307692308,31.53846153846154,3.5,0.7615384615384615
2023-10-04 18:00:00+00:00,15.392307692307693,31.46153846153846,3.5,0.7384615384615385
2023-10-04 18:10:00+00:00,15.376923076923077,31.384615384615383,3.5,0.7153846153846154
2023-10-04 18:20:00+00:00,15.361538461538462,31.307692307692307,3.5,0.6923076923076923
2023-10-04 18:30:00+00:00,15.346153846153847,31.23076923076923,3.5,0.6692307692307692
2023-10-04 18:40:00+00:00,15.330769230769231,31.153846153846153,3.5,0.6461538461538461
2023-10-04 18:50:00+00:00,15.315384615384616,31.076923076923077,3.5,0.6230769230769231
2023-10-04 19:00:00+00:00,15.3,31.0,3.5,0.6
2023-10-04 19:10:00+00:00,15.260000000000002,31.0,3.51,0.6
2023-10-04 19:20:00+00:00,15.22,31.0,3.52,0.6
2023-10-04 19:30:00+00:00,15.18,31.0,3.5300000000000002,0.6
2023-10-04 19:40:00+00:00,15.14,31.0,3.54,0.6
2023-10-04 19:50:00+00:00,15.100000000000001,31.0,3.55,0.6
2023-10-04 20:00:00+00:00,15.06,31.0,3.56,0.6
2023-10-04 20:10:00+00:00,15.02,31.0,3.5700000000000003,0.6
2023-10-04 20:20:00+00:00,14.98,31.0,3.58,0.6
2023-10-04 20:30:00+00:00,14.940000000000001,31.0,3.59,0.6
2023-10-04 20:40:00+00:00,14.9,31.0,3.6,0.6
2023-10-04 20:50:00+00:00,14.870000000000001,30.9,3.59,0.6
2023-10-04 21:00:00+00:00,14.84,30.8,3.58,0.6
2023-10-04 21:10:00+00:00,14.81,30.7,3.5700000000000003,0.6
2023-10-04 21:20:00+00:00,14.78,30.6,3.56,0.6
2023-10-04 21:30:00+00:00,14.75,30.5,3.55,0.6
2023-10-04 21:40:00+00:00,14.72,30.4,3.54,0.6
2023-10-04 21:50:00+00:00,14.69,30.3,3.5300000000000002,0.6
2023-10-04 22:00:00+00:00,14.66,30.2,3.52,0.6
2023-10-04 22:10:00+00:00,14.629999999999999,30.1,3.51,0.6
2023-10-04 22:20:00+00:00,14.6,30.0,3.5,0.6
2023-10-04 22:30:00+00:00,14.57,30.0,3.51,0.6
2023-10-04 22:40:00+00:00,14.54,30.0,3.52,0.6
2023-10-04 22:50:00+00:00,14.51,30.0,3.5300000000000002,0.6
2023-10-04 23:00:00+00:00,14.48,30.0,3.54,0.6
2023-10-04 23:10:00+00:00,14.45,30.0,3.55,0.6
2023-10-04 23:20:00+00:00,14.42,30.0,3.56,0.6
2023-10-04 23:30:00+00:00,14.39,30.0,3.5700000000000003,0.6
2023-10-04 23:40:00+00:00,14.360000000000001,30.0,3.58,0.6
2023-10-04 23:50:00+00:00,14.33,30.0,3.59,0.6
2023-10-05 00:00:00+00:00,14.3,30.0,3.6,0.6
2023-10-05 00:10:00+00:00,14.280000000000001,30.0,3.59,0.6
2023-10-05 00:20:00+00:00,14.26,30.0,3.58,0.6
2023-10-05 00:30:00+00:00,14.24,30.0,3.5700000000000003,0.6
2023-10-05 00:40:00+00:00,14.22,30.0,3.56,0.6
2023-10-05 00:50:00+00:00,14.2,30.0,3.55,0.6
2023-10-05 01:00:00+00:00,14.18,30.0,3.54,0.6
2023-10-05 01:10:00+00:00,14.16,30.0,3.5300000000000002,0.6
2023-10-05 01:20:00+00:00,14.14,30.0,3.52,0.6
2023-10-05 01:30:00+00:00,14.12,30.0,3.51,0.6
2023-10-05 01:40:00+00:00,14.1,30.0,3.5,0.6
2023-10-05 01:50:00+00:00,14.09,30.0,3.5,0.58
2023-10-05 02:00:00+00:00,14.08,30.0,3.5,0.5599999999999999
2023-10-05 02:10:00+00:00,14.07,30.0,3.5,0.54
2023-10-05 02:20:00+00:00,14.06,30.0,3.5,0.52
2023-10-05 02:30:00+00:00,14.05,30.0,3.5,0.5
2023-10-05 02:40:00+00:00,14.04,30.0,3.5,0.48
2023-10-05 02:50:00+00:00,14.03,30.0,3.5,0.45999999999999996
2023-10-05 03:00:00+00:00,14.02,30.0,3.5,0.44
2023-10-05 03:10:00+00:00,14.01,30.0,3.5,0.42000000000000004
2023-10-05 03:20:00+00:00,14.0,30.0,3.5,0.4
2023-10-05 03:30:00+00:00,13.99,29.9,3.5,0.5800000000000001
2023-10-05 03:40:00+00:00,13.98,29.8,3.5,0.76
2023-10-05 03:50:00+00:00,13.97,29.7,3.5,0.9400000000000001
2023-10-05 04:00:00+00:00,13.96,29.6,3.5,1.12
2023-10-05 04:10:00+00:00,13.95,29.5,3.5,1.3000000000000003
2023-10-05 04:20:00+00:00,13.94,29.4,3.5,1.48
2023-10-05 04:30:00+00:00,13.93,29.3,3.5,1.6600000000000001
2023-10-05 04:40:00+00:00,13.92,29.2,3.5,1.8400000000000003
2023-10-05 04:50:00+00:00,13.91,29.1,3.5,2.02
2023-10-05 05:00:00+00:00,13.9,29.0,3.5,2.2
2023-10-05 05:10:00+00:00,13.8,29.0,3.6,4.0
2023-10-05 05:20:00+00:00,13.8,29.0,3.6,4.0
2023-10-05 05:30:00+00:00,13.8,29.0,3.5,3.8
2023-10-05 05:40:00+00:00,13.8,28.0,3.6,4.0
2023-10-05 05:50:00+00:00,13.8,28.0,3.5,4.0
2023-10-05 06:00:00+00:00,13.8,28.0,3.5,4.0
2023-10-05 06:10:00+00:00,13.8,28.0,3.6,4.0
2023-10-05 06:20:00+00:00,13.8,28.0,3.5,4.0
2023-10-05 06:30:00+00:00,13.75,28.0,3.5,4.0
2023-10-05 06:40:00+00:00,13.7,28.0,3.5,4.0
2023-10-05 06:50:00+00:00,13.7,28.0,3.6,4.0
2023-10-05 07:00:00+00:00,13.7,28.0,3.5,4.0
2023-10-05 07:10:00+00:00,13.7,28.0,3.5,4.0
2023-10-05 07:20:00+00:00,13.7,28.0,3.5,4.0
2023-10-05 07:30:00+00:00,13.7,27.0,3.5,4.0
2023-10-05 07:40:00+00:00,13.6,28.0,3.5,4.0
2023-10-05 07:50:00+00:00,13.6,27.0,3.5,4.0
2023-10-05 08:00:00+00:00,13.6,27.0,3.5,4.0
2023-10-05 08:10:00+00:00,13.6,27.5,3.5,4.0
2023-10-05 08:20:00+00:00,13.6,28.0,3.5,4.0
2023-10-05 08:30:00+00:00,13.6,34.0,3.5,4.0
2023-10-05 08:40:00+00:00,13.6,41.0,3.5,4.0
2023-10-05 08:50:00+00:00,13.6,43.0,3.5,4.0
2023-10-05 09:00:00+00:00,13.6,43.0,3.5,4.0
2023-10-05 09:10:00+00:00,13.6,44.0,3.6,4.0
2023-10-05 09:20:00+00:00,13.6,45.0,3.5,4.0
2023-10-05 09:30:00+00:00,13.6,46.0,3.5,4.0
2023-10-05 09:40:00+00:00,13.6,46.0,3.5,4.0
2023-10-05 09:50:00+00:00,13.6,46.0,3.5,4.0
2023-10-05 10:00:00+00:00,13.6,46.0,3.5,4.0
2023-10-05 10:10:00+00:00,13.6,46.0,3.5,4.0
2023-10-05 10:20:00+00:00,13.6,48.0,3.5,4.0
2023-10-05 10:30:00+00:00,13.6,47.0,3.5,4.0
2023-10-05 10:40:00+00:00,13.6,47.0,3.5,4.0
2023-10-05 10:50:00+00:00,13.7,47.0,3.5,4.1
2023-10-05 11:00:00+00:00,13.7,47.0,3.5,6.0
2023-10-05 11:10:00+00:00,13.7,47.0,3.5,6.2
2023-10-05 11:20:00+00:00,13.8,47.0,3.4,6.3
2023-10-05 11:30:00+00:00,13.8,46.0,3.5,6.3
2023-10-05 11:40:00+00:00,13.8,46.0,3.5,6.3
2023-10-05 11:50:00+00:00,13.850000000000001,46.0,3.45,6.199999999999999
2023-10-05 12:00:00+00:00,13.9,46.0,3.4,6.1
2023-10-05 12:10:00+00:00,14.0,48.0,3.5,4.5
2023-10-05 12:20:00+00:00,14.0,62.0,3.5,6.5
2023-10-05 12:30:00+00:00,14.1,60.0,3.5,6.3
2023-10-05 12:40:00+00:00,14.1,60.0,3.5,6.3
2023-10-05 12:50:00+00:00,14.1,60.0,3.4,6.3
2023-10-05 13:00:00+00:00,14.2,60.0,3.5,5.6
2023-10-05 13:10:00+00:00,14.3,59.0,3.5,6.4
2023-10-05 13:20:00+00:00,14.3,59.0,3.5,6.3
2023-10-05 13:30:00+00:00,14.4,58.0,3.4,6.2
2023-10-05 13:40:00+00:00,14.45,58.0,3.4,6.2
2023-10-05 13:50:00+00:00,14.5,58.0,3.4,6.2
2023-10-05 14:00:00+00:00,14.5,58.0,3.4,6.2
2023-10-05 14:10:00+00:00,14.5,58.0,3.4,6.3
2023-10-05 14:20:00+00:00,14.6,57.0,3.4,6.2
2023-10-05 14:30:00+00:00,14.6,57.0,3.4,6.2
2023-10-05 14:40:00+00:00,14.7,57.0,3.5,5.5
2023-10-05 14:50:00+00:00,14.8,56.0,3.5,6.2
2023-10-05 15:00:00+00:00,14.8,56.0,3.4,6.2
2023-10-05 15:10:00+00:00,14.8,56.0,3.5,6.1
2023-10-05 15:20:00+00:00,14.9,55.0,3.5,4.8
2023-10-05 15:30:00+00:00,14.9,55.0,3.5,4.6
2023-10-05 15:40:00+00:00,14.9,55.0,3.5,4.4
2023-10-05 15:50:00+00:00,15.0,55.0,3.5,5.1
2023-10-05 16:00:00+00:00,15.0,54.0,3.5,4.8
2023-10-05 16:10:00+00:00,15.0,54.0,3.5,4.0
2023-10-05 16:20:00+00:00,15.0,54.0,3.5,3.0
2023-10-05 16:30:00+00:00,15.0,54.0,3.5,1.7
2023-10-05 16:40:00+00:00,15.0,54.0,3.5,0.9
2023-10-05 16:50:00+00:00,14.984615384615385,54.23076923076923,3.5076923076923077,0.8769230769230769
2023-10-05 17:00:00+00:00,14.96923076923077,54.46153846153846,3.5153846153846153,0.8538461538461538
2023-10-05 17:10:00+00:00,14.953846153846154,54.69230769230769,3.523076923076923,0.8307692307692308
2023-10-05 17:20:00+00:00,14.938461538461539,54.92307692307692,3.5307692307692307,0.8076923076923077
2023-10-05 17:30:00+00:00,14.923076923076923,55.15384615384615,3.5384615384615383,0.7846153846153846
2023-10-05 17:40:00+00:00,14.907692307692308,55.38461538461539,3.546153846153846,0.7615384615384615
2023-10-05 17:50:00+00:00,14.892307692307693,55.61538461538461,3.553846153846154,0.7384615384615385
2023-10-05 18:00:00+00:00,14.876923076923077,55.84615384615385,3.5615384615384618,0.7153846153846154
2023-10-05 18:10:00+00:00,14.861538461538462,56.07692307692308,3.5692307692307694,0.6923076923076923
2023-10-05 18:20:00+00:00,14.846153846153847,56.30769230769231,3.576923076923077,0.6692307692307692
2023-10-05 18:30:00+00:00,14.830769230769231,56.53846153846154,3.5846153846153848,0.6461538461538461
2023-10-05 18:40:00+00:00,14.815384615384616,56.76923076923077,3.5923076923076924,0.6230769230769231
2023-10-05 18:50:00+00:00,14.8,57.0,3.6,0.6
2023-10-05 19:00:00+00:00,14.780000000000001,57.4,3.6,0.58
2023-10-05 19:10:00+00:00,14.76,57.8,3.6,0.5599999999999999
2023-10-05 19:20:00+00:00,14.74,58.2,3.6,0.54
2023-10-05 19:30:00+00:00,14.72,58.6,3.6,0.52
2023-10-05 19:40:00+00:00,14.7,59.0,3.6,0.5
2023-10-05 19:50:00+00:00,14.68,59.4,3.6,0.48
2023-10-05 20:00:00+00:00,14.66,59.8,3.6,0.45999999999999996
2023-10-05 20:10:00+00:00,14.64,60.2,3.6,0.44
2023-10-05 20:20:00+00:00,14.62,60.6,3.6,0.42000000000000004
2023-10-05 20:30:00+00:00,14.6,61.0,3.6,0.4
2023-10-05 20:40:00+00:00,14.559999999999999,61.1,3.6,0.42000000000000004
2023-10-05 20:50:00+00:00,14.52,61.2,3.6,0.44
2023-10-05 21:00:00+00:00,14.48,61.3,3.6,0.46
2023-10-05 21:10:00+00:00,14.44,61.4,3.6,0.48
2023-10-05 21:20:00+00:00,14.399999999999999,61.5,3.6,0.5
2023-10-05 21:30:00+00:00,14.36,61.6,3.6,0.52
2023-10-05 21:40:00+00:00,14.32,61.7,3.6,0.54
2023-10-05 21:50:00+00:00,14.28,61.8,3.6,0.56
2023-10-05 22:00:00+00:00,14.239999999999998,61.9,3.6,0.58
2023-10-05 22:10:00+00:00,14.2,62.0,3.6,0.6
2023-10-05 22:20:00+00:00,14.16,62.0,3.6,0.6
2023-10-05 22:30:00+00:00,14.12,62.0,3.6,0.6
2023-10-05 22:40:00+00:00,14.08,62.0,3.6,0.6
2023-10-05 22:50:00+00:00,14.04,62.0,3.6,0.6
2023-10-05 23:00:00+00:00,14.0,62.0,3.6,0.6
2023-10-05 23:10:00+00:00,13.96,62.0,3.6,0.6
2023-10-05 23:20:00+00:00,13.92,62.0,3.6,0.6
2023-10-05 23:30:00+00:00,13.88,62.0,3.6,0.6
2023-10-05 23:40:00+00:00,13.84,62.0,3.6,0.6
2023-10-05 23:50:00+00:00,13.8,62.0,3.6,0.6
2023-10-06 00:00:00+00:00,13.770000000000001,62.0,3.6,0.6
2023-10-06 00:10:00+00:00,13.74,62.0,3.6,0.6
2023-10-06 00:20:00+00:00,13.71,62.0,3.6,0.6
2023-10-06 00:30:00+00:00,13.68,62.0,3.6,0.6
2023-10-06 00:40:00+00:00,13.65,62.0,3.6,0.6
2023-10-06 00:50:00+00:00,13.620000000000001,62.0,3.6,0.6
2023-10-06 01:00:00+00:00,13.59,62.0,3.6,0.6
2023-10-06 01:10:00+00:00,13.56,62.0,3.6,0.6
2023-10-06 01:20:00+00:00,13.53,62.0,3.6,0.6
2023-10-06 01:30:00+00:00,13.5,62.0,3.6,0.6
2023-10-06 01:40:00+00:00,13.47,62.1,3.6,0.6
2023-10-06 01:50:00+00:00,13.44,62.2,3.6,0.6
2023-10-06 02:00:00+00:00,13.41,62.3,3.6,0.6
2023-10-06 02:10:00+00:00,13.379999999999999,62.4,3.6,0.6
2023-10-06 02:20:00+00:00,13.35,62.5,3.6,0.6
2023-10-06 02:30:00+00:00,13.32,62.6,3.6,0.6
2023-10-06 02:40:00+00:00,13.29,62.7,3.6,0.6
2023-10-06 02:50:00+00:00,13.26,62.8,3.6,0.6
2023-10-06 03:00:00+00:00,13.229999999999999,62.9,3.6,0.6
2023-10-06 03:10:00+00:00,13.2,63.0,3.6,0.6
2023-10-06 03:20:00+00:00,13.18,63.0,3.6,0.71
2023-10-06 03:30:00+00:00,13.16,63.0,3.6,0.8200000000000001
2023-10-06 03:40:00+00:00,13.139999999999999,63.0,3.6,0.93
2023-10-06 03:50:00+00:00,13.12,63.0,3.6,1.04
2023-10-06 04:00:00+00:00,13.1,63.0,3.6,1.15
2023-10-06 04:10:00+00:00,13.08,63.0,3.6,1.2600000000000002
2023-10-06 04:20:00+00:00,13.06,63.0,3.6,1.37
2023-10-06 04:30:00+00:00,13.04,63.0,3.6,1.48
2023-10-06 04:40:00+00:00,13.02,63.0,3.6,1.59
2023-10-06 04:50:00+00:00,13.0,63.0,3.6,1.7
2023-10-06 05:00:00+00:00,12.9,63.0,3.6,4.0
2023-10-06 05:10:00+00:00,12.9,63.0,3.6,4.0
2023-10-06 05:20:00+00:00,12.9,64.0,3.6,4.0
2023-10-06 05:30:00+00:00,12.8,63.0,3.6,4.0
2023-10-06 05:40:00+00:00,12.8,63.0,3.6,4.0
2023-10-06 05:50:00+00:00,12.8,63.0,3.6,4.0
2023-10-06 06:00:00+00:00,12.8,63.0,3.6,4.0
2023-10-06 06:10:00+00:00,12.8,63.0,3.6,4.0
2023-10-06 06:20:00+00:00,12.8,63.0,3.6,4.0
2023-10-06 06:30:00+00:00,12.8,63.0,3.6,4.0
2023-10-06 06:40:00+00:00,12.8,63.0,3.6,4.0
2023-10-06 06:50:00+00:00,12.8,63.0,3.5,4.0
2023-10-06 07:00:00+00:00,12.8,63.0,3.6,4.0
2023-10-06 07:10:00+00:00,12.8,64.0,3.5,4.0
2023-10-06 07:20:00+00:00,12.7,64.0,3.5,4.0
2023-10-06 07:30:00+00:00,12.75,64.0,3.5,4.0
2023-10-06 07:40:00+00:00,12.8,64.0,3.5,4.0
2023-10-06 07:50:00+00:00,12.7,64.0,3.5,4.0
2023-10-06 08:00:00+00:00,12.7,64.0,3.5,4.0
2023-10-06 08:10:00+00:00,12.8,64.0,3.5,4.0
2023-10-06 08:20:00+00:00,12.8,64.0,3.5,4.0
2023-10-06 08:30:00+00:00,12.8,64.0,3.5,4.0
2023-10-06 08:40:00+00:00,12.8,63.0,3.5,4.0
2023-10-06 08:50:00+00:00,12.8,64.0,3.5,4.0
2023-10-06 09:00:00+00:00,12.8,64.0,3.5,4.0
2023-10-06 09:10:00+00:00,12.9,63.0,3.5,4.0
2023-10-06 09:20:00+00:00,12.9,63.5,3.5,4.0
2023-10-06 09:30:00+00:00,12.9,64.0,3.5,4.0
2023-10-06 09:40:00+00:00,13.0,63.0,3.5,4.0
2023-10-06 09:50:00+00:00,13.0,63.0,3.5,4.0
2023-10-06 10:00:00+00:00,13.0,63.0,3.5,4.0
2023-10-06 10:10:00+00:00,13.0,63.0,3.5,4.0
2023-10-06 10:20:00+00:00,13.0,63.0,3.5,4.0
2023-10-06 10:30:00+00:00,13.1,63.0,3.5,4.0
2023-10-06 10:40:00+00:00,13.1,63.0,3.5,4.0
2023-10-06 10:50:00+00:00,13.1,62.0,3.5,4.0
2023-10-06 11:00:00+00:00,13.1,62.0,3.5,4.0
2023-10-06 11:10:00+00:00,13.1,62.0,3.5,4.0
2023-10-06 11:20:00+00:00,13.1,62.0,3.5,4.0
2023-10-06 11:30:00+00:00,13.2,62.0,3.5,4.0
2023-10-06 11:40:00+00:00,13.2,62.0,3.5,4.0
2023-10-06 11:50:00+00:00,13.3,61.0,3.5,4.0
2023-10-06 12:00:00+00:00,13.3,61.0,3.5,4.0
2023-10-06 12:10:00+00:00,13.3,61.0,3.5,4.0
2023-10-06 12:20:00+00:00,13.3,61.0,3.5,4.0
2023-10-06 12:30:00+00:00,13.3,61.0,3.5,4.0
2023-10-06 12:40:00+00:00,13.4,61.0,3.5,5.9
2023-10-06 12:50:00+00:00,13.4,61.0,3.5,5.7
2023-10-06 13:00:00+00:00,13.4,61.0,3.5,5.5
2023-10-06 13:10:00+00:00,13.4,61.0,3.5,5.8
2023-10-06 13:20:00+00:00,13.5,60.0,3.5,5.1
2023-10-06 13:30:00+00:00,13.5,60.0,3.5,5.9
2023-10-06 13:40:00+00:00,13.5,60.0,3.5,5.9
2023-10-06 13:50:00+00:00,13.5,60.0,3.5,5.3
2023-10-06 14:00:00+00:00,13.5,60.0,3.5,5.0
2023-10-06 14:10:00+00:00,13.5,60.0,3.5,5.3
2023-10-06 14:20:00+00:00,13.5,60.0,3.5,5.7
2023-10-06 14:30:00+00:00,13.6,60.0,3.5,5.4
2023-10-06 14:40:00+00:00,13.6,60.0,3.5,5.6
2023-10-06 14:50:00+00:00,13.6,60.0,3.5,5.8
2023-10-06 15:00:00+00:00,13.6,59.0,3.5,5.6
2023-10-06 15:10:00+00:00,13.6,59.0,3.5,5.7
2023-10-06 15:20:00+00:00,13.6,59.0,3.5,5.0
2023-10-06 15:30:00+00:00,13.6,59.0,3.5,4.3
2023-10-06 15:40:00+00:00,13.6,59.0,3.5,4.3
2023-10-06 15:50:00+00:00,13.6,59.0,3.5,4.2
2023-10-06 16:00:00+00:00,13.6,58.0,3.5,4.0
2023-10-06 16:10:00+00:00,13.6,58.0,3.5,3.2
2023-10-06 16:20:00+00:00,13.6,58.0,3.5,2.0
2023-10-06 16:30:00+00:00,13.6,58.5,3.5,1.45
2023-10-06 16:40:00+00:00,13.6,59.0,3.5,0.9
2023-10-06 16:50:00+00:00,13.61,58.8,3.5,0.87
2023-10-06 17:00:00+00:00,13.62,58.6,3.5,0.84
2023-10-06 17:10:00+00:00,13.629999999999999,58.4,3.5,0.81
2023-10-06 17:20:00+00:00,13.639999999999999,58.2,3.5,0.78
2023-10-06 17:30:00+00:00,13.649999999999999,58.0,3.5,0.75
2023-10-06 17:40:00+00:00,13.66,57.8,3.5,0.72
2023-10-06 17:50:00+00:00,13.67,57.6,3.5,0.69
2023-10-06 18:00:00+00:00,13.68,57.4,3.5,0.6599999999999999
2023-10-06 18:10:00+00:00,13.69,57.2,3.5,0.6299999999999999
2023-10-06 18:20:00+00:00,13.7,57.0,3.5,0.6
2023-10-06 18:30:00+00:00,13.7,56.9,3.5,0.6
2023-10-06 18:40:00+00:00,13.7,56.8,3.5,0.6
2023-10-06 18:50:00+00:00,13.7,56.7,3.5,0.6
2023-10-06 19:00:00+00:00,13.7,56.6,3.5,0.6
2023-10-06 19:10:00+00:00,13.7,56.5,3.5,0.6
2023-10-06 19:20:00+00:00,13.7,56.4,3.5,0.6
2023-10-06 19:30:00+00:00,13.7,56.3,3.5,0.6
2023-10-06 19:40:00+00:00,13.7,56.2,3.5,0.6
2023-10-06 19:50:00+00:00,13.7,56.1,3.5,0.6
2023-10-06 20:00:00+00:00,13.7,56.0,3.5,0.6
2023-10-06 20:10:00+00:00,13.692307692307692,56.0,3.5,0.6
2023-10-06 20:20:00+00:00,13.684615384615384,56.0,3.5,0.6
2023-10-06 20:30:00+00:00,13.676923076923076,56.0,3.5,0.6
2023-10-06 20:40:00+00:00,13.669230769230769,56.0,3.5,0.6
2023-10-06 20:50:00+00:00,13.661538461538461,56.0,3.5,0.6
2023-10-06 21:00:00+00:00,13.653846153846153,56.0,3.5,0.6
2023-10-06 21:10:00+00:00,13.646153846153846,56.0,3.5,0.6
2023-10-06 21:20:00+00:00,13.638461538461538,56.0,3.5,0.6
2023-10-06 21:30:00+00:00,13.63076923076923,56.0,3.5,0.6
2023-10-06 21:40:00+00:00,13.623076923076923,56.0,3.5,0.6
2023-10-06 21:50:00+00:00,13.615384615384615,56.0,3.5,0.6
2023-10-06 22:00:00+00:00,13.607692307692307,56.0,3.5,0.6
2023-10-06 22:10:00+00:00,13.6,56.0,3.5,0.6
2023-10-06 22:20:00+00:00,13.6,55.9,3.5,0.6
2023-10-06 22:30:00+00:00,13.6,55.8,3.5,0.6
2023-10-06 22:40:00+00:00,13.6,55.7,3.5,0.6
2023-10-06 22:50:00+00:00,13.6,55.6,3.5,0.6
2023-10-06 23:00:00+00:00,13.6,55.5,3.5,0.6
2023-10-06 23:10:00+00:00,13.6,55.4,3.5,0.6
2023-10-06 23:20:00+00:00,13.6,55.3,3.5,0.6
2023-10-06 23:30:00+00:00,13.6,55.2,3.5,0.6
2023-10-06 23:40:00+00:00,13.6,55.1,3.5,0.6
2023-10-06 23:50:00+00:00,13.6,55.0,3.5,0.6
2023-10-07 00:00:00+00:00,13.61,55.0,3.5,0.6
2023-10-07 00:10:00+00:00,13.62,55.0,3.5,0.6
2023-10-07 00:20:00+00:00,13.629999999999999,55.0,3.5,0.6
2023-10-07 00:30:00+00:00,13.639999999999999,55.0,3.5,0.6
2023-10-07 00:40:00+00:00,13.649999999999999,55.0,3.5,0.6
2023-10-07 00:50:00+00:00,13.66,55.0,3.5,0.6
2023-10-07 01:00:00+00:00,13.67,55.0,3.5,0.6
2023-10-07 01:10:00+00:00,13.68,55.0,3.5,0.6
2023-10-07 01:20:00+00:00,13.69,55.0,3.5,0.6
2023-10-07 01:30:00+00:00,13.7,55.0,3.5,0.6
2023-10-07 01:40:00+00:00,13.709999999999999,55.0,3.5,0.6
2023-10-07 01:50:00+00:00,13.719999999999999,55.0,3.5,0.6
2023-10-07 02:00:00+00:00,13.73,55.0,3.5,0.6
2023-10-07 02:10:00+00:00,13.74,55.0,3.5,0.6
2023-10-07 02:20:00+00:00,13.75,55.0,3.5,0.6
2023-10-07 02:30:00+00:00,13.76,55.0,3.5,0.6
2023-10-07 02:40:00+00:00,13.77,55.0,3.5,0.6
2023-10-07 02:50:00+00:00,13.780000000000001,55.0,3.5,0.6
2023-10-07 03:00:00+00:00,13.790000000000001,55.0,3.5,0.6
2023-10-07 03:10:00+00:00,13.8,55.0,3.5,0.6
2023-10-07 03:20:00+00:00,13.8,54.9,3.5,0.62
2023-10-07 03:30:00+00:00,13.8,54.8,3.5,0.64
2023-10-07 03:40:00+00:00,13.8,54.7,3.5,0.66
2023-10-07 03:50:00+00:00,13.8,54.6,3.5,0.68
2023-10-07 04:00:00+00:00,13.8,54.5,3.5,0.7
2023-10-07 04:10:00+00:00,13.8,54.4,3.5,0.72
2023-10-07 04:20:00+00:00,13.8,54.3,3.5,0.74
2023-10-07 04:30:00+00:00,13.8,54.2,3.5,0.76
2023-10-07 04:40:00+00:00,13.8,54.1,3.5,0.78
2023-10-07 04:50:00+00:00,13.8,54.0,3.5,0.8
2023-10-07 05:00:00+00:00,13.81,53.9,3.5,1.12
2023-10-07 05:10:00+00:00,13.82,53.8,3.5,1.44
2023-10-07 05:20:00+00:00,13.83,53.7,3.5,1.76
2023-10-07 05:30:00+00:00,13.84,53.6,3.5,2.08
2023-10-07 05:40:00+00:00,13.850000000000001,53.5,3.5,2.4000000000000004
2023-10-07 05:50:00+00:00,13.860000000000001,53.4,3.5,2.7199999999999998
2023-10-07 06:00:00+00:00,13.870000000000001,53.3,3.5,3.04
2023-10-07 06:10:00+00:00,13.88,53.2,3.5,3.3600000000000003
2023-10-07 06:20:00+00:00,13.89,53.1,3.5,3.6799999999999997
2023-10-07 06:30:00+00:00,13.9,53.0,3.5,4.0
2023-10-07 06:40:00+00:00,13.9,53.0,3.5,4.0
2023-10-07 06:50:00+00:00,13.9,52.0,3.5,4.0
2023-10-07 07:00:00+00:00,13.9,52.0,3.5,4.0
2023-10-07 07:10:00+00:00,13.9,52.0,3.5,4.0
2023-10-07 07:20:00+00:00,13.9,52.0,3.5,4.0
2023-10-07 07:30:00+00:00,13.9,52.0,3.5,4.0
2023-10-07 07:40:00+00:00,13.9,52.0,3.5,4.0
2023-10-07 07:50:00+00:00,13.9,51.0,3.5,4.0
2023-10-07 08:00:00+00:00,13.9,52.0,3.5,4.0
2023-10-07 08:10:00+00:00,13.850000000000001,52.0,3.5,4.0
2023-10-07 08:20:00+00:00,13.8,52.0,3.5,4.0
2023-10-07 08:30:00+00:00,13.9,51.0,3.5,4.0
2023-10-07 08:40:00+00:00,13.9,52.0,3.5,4.0
2023-10-07 08:50:00+00:00,13.8,51.0,3.5,4.0
2023-10-07 09:00:00+00:00,13.9,51.0,3.5,4.0
2023-10-07 09:10:00+00:00,13.9,51.0,3.5,4.0
2023-10-07 09:20:00+00:00,13.9,51.0,3.5,4.0
2023-10-07 09:30:00+00:00,13.9,51.0,3.5,4.0
2023-10-07 09:40:00+00:00,13.9,51.0,3.4,4.0
2023-10-07 09:50:00+00:00,14.0,51.0,3.4,4.0
2023-10-07 10:00:00+00:00,14.0,50.5,3.45,4.0
2023-10-07 10:10:00+00:00,14.0,50.0,3.5,4.0
2023-10-07 10:20:00+00:00,14.0,50.0,3.5,4.0
2023-10-07 10:30:00+00:00,14.0,50.0,3.4,4.0
2023-10-07 10:40:00+00:00,14.1,50.0,3.5,4.4
2023-10-07 10:50:00+00:00,14.1,50.0,3.4,5.7
2023-10-07 11:00:00+00:00,14.2,50.0,3.4,5.6
2023-10-07 11:10:00+00:00,14.2,50.0,3.5,5.8
2023-10-07 11:20:00+00:00,14.3,50.0,3.4,6.3
2023-10-07 11:30:00+00:00,14.3,50.0,3.5,6.0
2023-10-07 11:40:00+00:00,14.4,50.0,3.4,5.9
2023-10-07 11:50:00+00:00,14.4,50.0,3.4,5.800000000000001
2023-10-07 12:00:00+00:00,14.4,50.0,3.4,5.7
2023-10-07 12:10:00+00:00,14.5,50.0,3.5,6.0
2023-10-07 12:20:00+00:00,14.5,50.0,3.4,5.9
2023-10-07 12:30:00+00:00,14.6,50.0,3.4,5.7
2023-10-07 12:40:00+00:00,14.6,49.0,3.4,5.8
2023-10-07 12:50:00+00:00,14.6,49.0,3.5,5.7
2023-10-07 13:00:00+00:00,14.7,49.0,3.5,5.5
2023-10-07 13:10:00+00:00,14.8,49.0,3.5,6.0
2023-10-07 13:20:00+00:00,14.8,49.0,3.5,5.2
2023-10-07 13:30:00+00:00,14.8,49.0,3.5,4.4
2023-10-07 13:40:00+00:00,14.8,48.5,3.5,5.15
2023-10-07 13:50:00+00:00,14.8,48.0,3.5,5.9
2023-10-07 14:00:00+00:00,14.8,49.0,3.5,5.5
2023-10-07 14:10:00+00:00,14.9,49.0,3.5,5.3
2023-10-07 14:20:00+00:00,14.9,48.0,3.5,5.7
2023-10-07 14:30:00+00:00,14.9,48.0,3.5,4.3
2023-10-07 14:40:00+00:00,14.9,48.0,3.5,4.1
2023-10-07 14:50:00+00:00,14.9,48.0,3.5,5.0
2023-10-07 15:00:00+00:00,14.8,48.0,3.5,4.2
2023-10-07 15:10:00+00:00,14.8,48.0,3.5,4.3
2023-10-07 15:20:00+00:00,14.8,48.0,3.5,4.3
2023-10-07 15:30:00+00:00,14.8,48.0,3.5,4.3
2023-10-07 15:40:00+00:00,14.8,48.0,3.5,4.2
2023-10-07 15:50:00+00:00,14.8,48.0,3.5,4.1
2023-10-07 16:00:00+00:00,14.8,47.0,3.5,3.9
2023-10-07 16:10:00+00:00,14.8,47.0,3.6,3.2
2023-10-07 16:20:00+00:00,14.7,47.0,3.6,2.5
2023-10-07 16:30:00+00:00,14.7,47.0,3.6,1.2
2023-10-07 16:40:00+00:00,14.6,47.0,3.6,0.7
2023-10-07 16:50:00+00:00,14.57,47.0,3.6,0.69
2023-10-07 17:00:00+00:00,14.54,47.0,3.6,0.6799999999999999
2023-10-07 17:10:00+00:00,14.51,47.0,3.6,0.6699999999999999
2023-10-07 17:20:00+00:00,14.48,47.0,3.6,0.6599999999999999
2023-10-07 17:30:00+00:00,14.45,47.0,3.6,0.6499999999999999
2023-10-07 17:40:00+00:00,14.42,47.0,3.6,0.64
2023-10-07 17:50:00+00:00,14.39,47.0,3.6,0.63
2023-10-07 18:00:00+00:00,14.360000000000001,47.0,3.6,0.62
2023-10-07 18:10:00+00:00,14.33,47.0,3.6,0.61
2023-10-07 18:20:00+00:00,14.3,47.0,3.6,0.6
2023-10-07 18:30:00+00:00,14.270000000000001,47.0,3.6,0.6
2023-10-07 18:40:00+00:00,14.24,47.0,3.6,0.6
2023-10-07 18:50:00+00:00,14.21,47.0,3.6,0.6
2023-10-07 19:00:00+00:00,14.18,47.0,3.6,0.6
2023-10-07 19:10:00+00:00,14.15,47.0,3.6,0.6
2023-10-07 19:20:00+00:00,14.120000000000001,47.0,3.6,0.6
2023-10-07 19:30:00+00:00,14.09,47.0,3.6,0.6
2023-10-07 19:40:00+00:00,14.06,47.0,3.6,0.6
2023-10-07 19:50:00+00:00,14.03,47.0,3.6,0.6
2023-10-07 20:00:00+00:00,14.0,47.0,3.6,0.6
2023-10-07 20:10:00+00:00,13.978571428571428,47.0,3.6,0.6
2023-10-07 20:20:00+00:00,13.957142857142857,47.0,3.6,0.6
2023-10-07 20:30:00+00:00,13.935714285714285,47.0,3.6,0.6
2023-10-07 20:40:00+00:00,13.914285714285715,47.0,3.6,0.6
2023-10-07 20:50:00+00:00,13.892857142857142,47.0,3.6,0.6
2023-10-07 21:00:00+00:00,13.871428571428572,47.0,3.6,0.6
2023-10-07 21:10:00+00:00,13.85,47.0,3.6,0.6
2023-10-07 21:20:00+00:00,13.828571428571427,47.0,3.6,0.6
2023-10-07 21:30:00+00:00,13.807142857142857,47.0,3.6,0.6
2023-10-07 21:40:00+00:00,13.785714285714285,47.0,3.6,0.6
2023-10-07 21:50:00+00:00,13.764285714285714,47.0,3.6,0.6
2023-10-07 22:00:00+00:00,13.742857142857142,47.0,3.6,0.6
2023-10-07 22:10:00+00:00,13.721428571428572,47.0,3.6,0.6
2023-10-07 22:20:00+00:00,13.7,47.0,3.6,0.6
2023-10-07 22:30:00+00:00,13.67,47.0,3.6,0.6
2023-10-07 22:40:00+00:00,13.639999999999999,47.0,3.6,0.6
2023-10-07 22:50:00+00:00,13.61,47.0,3.6,0.6
2023-10-07 23:00:00+00:00,13.58,47.0,3.6,0.6
2023-10-07 23:10:00+00:00,13.55,47.0,3.6,0.6
2023-10-07 23:20:00+00:00,13.52,47.0,3.6,0.6
2023-10-07 23:30:00+00:00,13.49,47.0,3.6,0.6
2023-10-07 23:40:00+00:00,13.46,47.0,3.6,0.6
2023-10-07 23:50:00+00:00,13.43,47.0,3.6,0.6
2023-10-08 00:00:00+00:00,13.4,47.0,3.6,0.6
2023-10-08 00:10:00+00:00,13.370000000000001,47.0,3.6100000000000003,0.6
2023-10-08 00:20:00+00:00,13.34,47.0,3.62,0.6
2023-10-08 00:30:00+00:00,13.31,47.0,3.63,0.6
2023-10-08 00:40:00+00:00,13.28,47.0,3.64,0.6
2023-10-08 00:50:00+00:00,13.25,47.0,3.6500000000000004,0.6
2023-10-08 01:00:00+00:00,13.22,47.0,3.66,0.6
2023-10-08 01:10:00+00:00,13.19,47.0,3.67,0.6
2023-10-08 01:20:00+00:00,13.16,47.0,3.68,0.6
2023-10-08 01:30:00+00:00,13.129999999999999,47.0,3.6900000000000004,0.6
2023-10-08 01:40:00+00:00,13.1,47.0,3.7,0.6
2023-10-08 01:50:00+00:00,13.059999999999999,47.0,3.7,0.6
2023-10-08 02:00:00+00:00,13.02,47.0,3.7,0.6
2023-10-08 02:10:00+00:00,12.98,47.0,3.7,0.6
2023-10-08 02:20:00+00:00,12.94,47.0,3.7,0.6
2023-10-08 02:30:00+00:00,12.899999999999999,47.0,3.7,0.6
2023-10-08 02:40:00+00:00,12.86,47.0,3.7,0.6
2023-10-08 02:50:00+00:00,12.82,47.0,3.7,0.6
2023-10-08 03:00:00+00:00,12.78,47.0,3.7,0.6
2023-10-08 03:10:00+00:00,12.739999999999998,47.0,3.7,0.6
2023-10-08 03:20:00+00:00,12.7,47.0,3.7,0.6
2023-10-08 03:30:00+00:00,12.645,46.9,3.7,0.82
2023-10-08 03:40:00+00:00,12.59,46.8,3.7,1.04
2023-10-08 03:50:00+00:00,12.534999999999998,46.7,3.7,1.2599999999999998
2023-10-08 04:00:00+00:00,12.479999999999999,46.6,3.7,1.48
2023-10-08 04:10:00+00:00,12.424999999999999,46.5,3.7,1.6999999999999997
2023-10-08 04:20:00+00:00,12.37,46.4,3.7,1.92
2023-10-08 04:30:00+00:00,12.315,46.3,3.7,2.1399999999999997
2023-10-08 04:40:00+00:00,12.259999999999998,46.2,3.7,2.36
2023-10-08 04:50:00+00:00,12.204999999999998,46.1,3.7,2.5799999999999996
2023-10-08 05:00:00+00:00,12.149999999999999,46.0,3.7,2.8
2023-10-08 05:10:00+00:00,12.0,46.0,3.7,4.0
2023-10-08 05:20:00+00:00,12.0,46.0,3.7,4.0
2023-10-08 05:30:00+00:00,11.95,46.0,3.7,4.0
2023-10-08 05:40:00+00:00,11.9,46.0,3.7,4.0
2023-10-08 05:50:00+00:00,11.8,46.0,3.7,3.8
2023-10-08 06:00:00+00:00,11.8,46.0,3.7,4.0
2023-10-08 06:10:00+00:00,11.8,46.0,3.7,4.0
2023-10-08 06:20:00+00:00,11.7,46.0,3.7,4.0
2023-10-08 06:30:00+00:00,11.6,47.0,3.6,4.0
2023-10-08 06:40:00+00:00,11.6,46.0,3.6,4.0
2023-10-08 06:50:00+00:00,11.6,47.0,3.6,4.0
2023-10-08 07:00:00+00:00,11.5,47.0,3.6,4.0
2023-10-08 07:10:00+00:00,11.5,47.0,3.6,4.0
2023-10-08 07:20:00+00:00,11.5,47.0,3.6,4.0
2023-10-08 07:30:00+00:00,11.5,47.0,3.6,4.0
2023-10-08 07:40:00+00:00,11.5,47.0,3.5,4.0
2023-10-08 07:50:00+00:00,11.4,47.0,3.5,4.0
2023-10-08 08:00:00+00:00,11.4,47.0,3.5,4.0
2023-10-08 08:10:00+00:00,11.4,47.0,3.5,4.0
2023-10-08 08:20:00+00:00,11.3,47.0,3.5,4.0
2023-10-08 08:30:00+00:00,11.3,47.0,3.5,4.0
2023-10-08 08:40:00+00:00,11.4,47.0,3.5,4.0
2023-10-08 08:50:00+00:00,11.4,46.0,3.5,3.8
2023-10-08 09:00:00+00:00,11.4,46.0,3.5,5.7
2023-10-08 09:10:00+00:00,11.45,46.0,3.45,5.85
2023-10-08 09:20:00+00:00,11.5,46.0,3.4,6.0
2023-10-08 09:30:00+00:00,11.5,45.0,3.4,6.1
2023-10-08 09:40:00+00:00,11.5,44.0,3.4,6.0
2023-10-08 09:50:00+00:00,11.6,44.0,3.5,6.1
2023-10-08 10:00:00+00:00,11.6,44.0,3.5,5.8
2023-10-08 10:10:00+00:00,11.7,44.0,3.4,6.1
2023-10-08 10:20:00+00:00,11.8,43.0,3.5,6.1
2023-10-08 10:30:00+00:00,11.9,43.0,3.4,5.1
2023-10-08 10:40:00+00:00,12.0,42.0,3.4,6.1
2023-10-08 10:50:00+00:00,12.1,42.0,3.4,6.1
2023-10-08 11:00:00+00:00,12.1,41.5,3.4,6.1
2023-10-08 11:10:00+00:00,12.1,41.0,3.4,6.1
2023-10-08 11:20:00+00:00,12.3,41.0,3.4,6.1
2023-10-08 11:30:00+00:00,12.4,41.0,3.4,6.0
2023-10-08 11:40:00+00:00,12.5,41.0,3.4,6.0
2023-10-08 11:50:00+00:00,12.6,40.0,3.5,6.0
2023-10-08 12:00:00+00:00,12.7,40.0,3.4,6.0
2023-10-08 12:10:00+00:00,12.8,40.0,3.4,6.0
2023-10-08 12:20:00+00:00,13.0,40.0,3.5,6.0
2023-10-08 12:30:00+00:00,13.1,39.0,3.4,6.0
2023-10-08 12:40:00+00:00,13.1,39.0,3.4,6.0
2023-10-08 12:50:00+00:00,13.2,39.0,3.4,6.0
2023-10-08 13:00:00+00:00,13.3,39.0,3.4,6.0
2023-10-08 13:10:00+00:00,13.4,39.0,3.4,6.0
2023-10-08 13:20:00+00:00,13.5,38.0,3.4,6.0
2023-10-08 13:30:00+00:00,13.6,38.0,3.4,6.0
2023-10-08 13:40:00+00:00,13.8,38.0,3.4,6.0
2023-10-08 13:50:00+00:00,13.9,38.0,3.4,6.1
2023-10-08 14:00:00+00:00,14.0,37.0,3.5,6.1
2023-10-08 14:10:00+00:00,14.1,37.0,3.4,6.1
2023-10-08 14:20:00+00:00,14.2,37.0,3.4,6.1
2023-10-08 14:30:00+00:00,14.3,37.0,3.5,6.1
2023-10-08 14:40:00+00:00,14.350000000000001,36.5,3.5,6.15
2023-10-08 14:50:00+00:00,14.4,36.0,3.5,6.2
2023-10-08 15:00:00+00:00,14.5,36.0,3.5,6.1
2023-10-08 15:10:00+00:00,14.5,36.0,3.5,6.0
2023-10-08 15:20:00+00:00,14.6,36.0,3.5,4.7
2023-10-08 15:30:00+00:00,14.6,35.0,3.5,5.6
2023-10-08 15:40:00+00:00,14.6,35.0,3.6,5.1
2023-10-08 15:50:00+00:00,14.7,35.0,3.6,4.5
2023-10-08 16:00:00+00:00,14.7,35.0,3.6,4.1
2023-10-08 16:10:00+00:00,14.7,35.0,3.6,3.4
2023-10-08 16:20:00+00:00,14.7,35.0,3.6500000000000004,2.75
2023-10-08 16:30:00+00:00,14.7,35.0,3.7,2.1
2023-10-08 16:40:00+00:00,14.7,34.0,3.7,1.1
2023-10-08 16:50:00+00:00,14.6,34.0,3.7,0.7
2023-10-08 17:00:00+00:00,14.549999999999999,34.2,3.7,0.69
2023-10-08 17:10:00+00:00,14.5,34.4,3.7,0.6799999999999999
2023-10-08 17:20:00+00:00,14.45,34.6,3.7,0.6699999999999999
2023-10-08 17:30:00+00:00,14.4,34.8,3.7,0.6599999999999999
2023-10-08 17:40:00+00:00,14.35,35.0,3.7,0.6499999999999999
2023-10-08 17:50:00+00:00,14.299999999999999,35.2,3.7,0.64
2023-10-08 18:00:00+00:00,14.25,35.4,3.7,0.63
2023-10-08 18:10:00+00:00,14.2,35.6,3.7,0.62
2023-10-08 18:20:00+00:00,14.15,35.8,3.7,0.61
2023-10-08 18:30:00+00:00,14.1,36.0,3.7,0.6
2023-10-08 18:40:00+00:00,14.038461538461538,36.0,3.7,0.6
2023-10-08 18:50:00+00:00,13.976923076923077,36.0,3.7,0.6
2023-10-08 19:00:00+00:00,13.915384615384616,36.0,3.7,0.6
2023-10-08 19:10:00+00:00,13.853846153846154,36.0,3.7,0.6
2023-10-08 19:20:00+00:00,13.792307692307693,36.0,3.7,0.6
2023-10-08 19:30:00+00:00,13.730769230769232,36.0,3.7,0.6
2023-10-08 19:40:00+00:00,13.669230769230769,36.0,3.7,0.6
2023-10-08 19:50:00+00:00,13.607692307692307,36.0,3.7,0.6
2023-10-08 20:00:00+00:00,13.546153846153846,36.0,3.7,0.6
2023-10-08 20:10:00+00:00,13.484615384615385,36.0,3.7,0.6
2023-10-08 20:20:00+00:00,13.423076923076923,36.0,3.7,0.6
2023-10-08 20:30:00+00:00,13.361538461538462,36.0,3.7,0.6
2023-10-08 20:40:00+00:00,13.3,36.0,3.7,0.6
2023-10-08 20:50:00+00:00,13.23,36.1,3.7,0.6
2023-10-08 21:00:00+00:00,13.16,36.2,3.7,0.6
2023-10-08 21:10:00+00:00,13.09,36.3,3.7,0.6
2023-10-08 21:20:00+00:00,13.02,36.4,3.7,0.6
2023-10-08 21:30:00+00:00,12.95,36.5,3.7,0.6
2023-10-08 21:40:00+00:00,12.88,36.6,3.7,0.6
2023-10-08 21:50:00+00:00,12.81,36.7,3.7,0.6
2023-10-08 22:00:00+00:00,12.74,36.8,3.7,0.6
2023-10-08 22:10:00+00:00,12.67,36.9,3.7,0.6
2023-10-08 22:20:00+00:00,12.6,37.0,3.7,0.6
2023-10-08 22:30:00+00:00,12.54,37.1,3.7,0.6
2023-10-08 22:40:00+00:00,12.48,37.2,3.7,0.6
2023-10-08 22:50:00+00:00,12.42,37.3,3.7,0.6
2023-10-08 23:00:00+00:00,12.36,37.4,3.7,0.6
2023-10-08 23:10:00+00:00,12.3,37.5,3.7,0.6
2023-10-08 23:20:00+00:00,12.24,37.6,3.7,0.6
2023-10-08 23:30:00+00:00,12.18,37.7,3.7,0.6
2023-10-08 23:40:00+00:00,12.12,37.8,3.7,0.6
2023-10-08 23:50:00+00:00,12.06,37.9,3.7,0.6
2023-10-09 00:00:00+00:00,12.0,38.0,3.7,0.6
2023-10-09 00:10:00+00:00,11.96,38.0,3.7,0.6
2023-10-09 00:20:00+00:00,11.92,38.0,3.7,0.6
2023-10-09 00:30:00+00:00,11.879999999999999,38.0,3.7,0.6
2023-10-09 00:40:00+00:00,11.84,38.0,3.7,0.6
2023-10-09 00:50:00+00:00,11.8,38.0,3.7,0.6
2023-10-09 01:00:00+00:00,11.76,38.0,3.7,0.6
2023-10-09 01:10:00+00:00,11.719999999999999,38.0,3.7,0.6
2023-10-09 01:20:00+00:00,11.68,38.0,3.7,0.6
2023-10-09 01:30:00+00:00,11.64,38.0,3.7,0.6
2023-10-09 01:40:00+00:00,11.6,38.0,3.7,0.6
2023-10-09 01:50:00+00:00,11.559999999999999,38.0,3.7,0.6
2023-10-09 02:00:00+00:00,11.52,38.0,3.7,0.6
2023-10-09 02:10:00+00:00,11.48,38.0,3.7,0.6
2023-10-09 02:20:00+00:00,11.44,38.0,3.7,0.6
2023-10-09 02:30:00+00:00,11.399999999999999,38.0,3.7,0.6
2023-10-09 02:40:00+00:00,11.36,38.0,3.7,0.6
2023-10-09 02:50:00+00:00,11.32,38.0,3.7,0.6
2023-10-09 03:00:00+00:00,11.28,38.0,3.7,0.6
2023-10-09 03:10:00+00:00,11.239999999999998,38.0,3.7,0.6
2023-10-09 03:20:00+00:00,11.2,38.0,3.7,0.6
2023-10-09 03:30:00+00:00,11.17,38.0,3.7,0.7
2023-10-09 03:40:00+00:00,11.139999999999999,38.0,3.7,0.8
2023-10-09 03:50:00+00:00,11.11,38.0,3.7,0.9
2023-10-09 04:00:00+00:00,11.08,38.0,3.7,1.0
2023-10-09 04:10:00+00:00,11.05,38.0,3.7,1.1
2023-10-09 04:20:00+00:00,11.02,38.0,3.7,1.2000000000000002
2023-10-09 04:30:00+00:00,10.99,38.0,3.7,1.3
2023-10-09 04:40:00+00:00,10.96,38.0,3.7,1.4
2023-10-09 04:50:00+00:00,10.93,38.0,3.7,1.5
2023-10-09 05:00:00+00:00,10.9,38.0,3.7,1.6
2023-10-09 05:10:00+00:00,10.8,39.0,3.7,3.9
2023-10-09 05:20:00+00:00,10.8,38.0,3.7,4.0
2023-10-09 05:30:00+00:00,10.7,39.0,3.7,4.0
2023-10-09 05:40:00+00:00,10.7,39.0,3.7,4.0
2023-10-09 05:50:00+00:00,10.6,39.0,3.7,4.0
2023-10-09 06:00:00+00:00,10.6,39.0,3.7,4.0
2023-10-09 06:10:00+00:00,10.6,39.0,3.7,4.0
2023-10-09 06:20:00+00:00,10.6,39.0,3.7,4.0
2023-10-09 06:30:00+00:00,10.6,39.0,3.7,4.0
2023-10-09 06:40:00+00:00,10.6,39.0,3.7,4.0
2023-10-09 06:50:00+00:00,10.5,39.0,3.6,4.0
2023-10-09 07:00:00+00:00,10.5,39.0,3.7,4.0
2023-10-09 07:10:00+00:00,10.5,39.0,3.6,4.0
2023-10-09 07:20:00+00:00,10.5,39.0,3.6,3.8
2023-10-09 07:30:00+00:00,10.5,39.0,3.6,4.0
2023-10-09 07:40:00+00:00,10.5,39.0,3.6,4.0
2023-10-09 07:50:00+00:00,10.5,39.0,3.6,4.0
2023-10-09 08:00:00+00:00,10.5,39.0,3.6,4.0
2023-10-09 08:10:00+00:00,10.5,39.0,3.6,4.0
2023-10-09 08:20:00+00:00,10.5,39.5,3.6,4.0
2023-10-09 08:30:00+00:00,10.5,40.0,3.6,4.0
2023-10-09 08:40:00+00:00,10.5,39.0,3.6,4.0
2023-10-09 08:50:00+00:00,10.5,39.0,3.5,4.0
2023-10-09 09:00:00+00:00,10.5,39.0,3.5,4.0
2023-10-09 09:10:00+00:00,10.5,39.0,3.5,4.0
2023-10-09 09:20:00+00:00,10.5,39.0,3.5,4.0
2023-10-09 09:30:00+00:00,10.5,38.0,3.5,6.1
2023-10-09 09:40:00+00:00,10.6,38.0,3.5,6.0
2023-10-09 09:50:00+00:00,10.6,38.0,3.5,6.0
2023-10-09 10:00:00+00:00,10.7,37.0,3.5,6.2
2023-10-09 10:10:00+00:00,10.75,37.0,3.45,6.1
2023-10-09 10:20:00+00:00,10.8,37.0,3.4,6.0
2023-10-09 10:30:00+00:00,10.8,37.0,3.5,6.1
2023-10-09 10:40:00+00:00,10.9,37.0,3.5,6.2
2023-10-09 10:50:00+00:00,11.0,36.0,3.4,6.0
2023-10-09 11:00:00+00:00,11.0,36.0,3.5,6.2
2023-10-09 11:10:00+00:00,11.1,35.0,3.4,6.1
2023-10-09 11:20:00+00:00,11.2,34.0,3.4,6.0
2023-10-09 11:30:00+00:00,11.3,34.0,3.4,5.5
2023-10-09 11:40:00+00:00,11.4,33.0,3.4,6.0
2023-10-09 11:50:00+00:00,11.5,33.0,3.4,5.9
2023-10-09 12:00:00+00:00,11.55,32.5,3.4,5.95
2023-10-09 12:10:00+00:00,11.6,32.0,3.4,6.0
2023-10-09 12:20:00+00:00,11.7,32.0,3.4,5.9
2023-10-09 12:30:00+00:00,11.8,31.0,3.4,6.0
2023-10-09 12:40:00+00:00,12.0,30.0,3.4,5.9
2023-10-09 12:50:00+00:00,12.1,30.0,3.4,6.0
2023-10-09 13:00:00+00:00,12.2,30.0,3.4,6.0
2023-10-09 13:10:00+00:00,12.3,30.0,3.4,6.0
2023-10-09 13:20:00+00:00,12.5,29.0,3.4,6.0
2023-10-09 13:30:00+00:00,12.6,29.0,3.4,5.9
2023-10-09 13:40:00+00:00,12.7,29.0,3.5,5.8
2023-10-09 13:50:00+00:00,12.75,29.0,3.5,5.949999999999999
2023-10-09 14:00:00+00:00,12.8,29.0,3.5,6.1
2023-10-09 14:10:00+00:00,13.0,29.0,3.5,5.3
2023-10-09 14:20:00+00:00,13.0,29.0,3.5,4.1
2023-10-09 14:30:00+00:00,13.1,29.0,3.5,4.0
2023-10-09 14:40:00+00:00,13.2,28.0,3.5,6.2
2023-10-09 14:50:00+00:00,13.3,28.0,3.5,6.1
2023-10-09 15:00:00+00:00,13.3,28.0,3.5,5.6
2023-10-09 15:10:00+00:00,13.4,27.0,3.5,6.1
2023-10-09 15:20:00+00:00,13.5,27.0,3.5,4.4
2023-10-09 15:30:00+00:00,13.5,28.0,3.5,4.3
2023-10-09 15:40:00+00:00,13.5,28.0,3.55,4.65
2023-10-09 15:50:00+00:00,13.5,28.0,3.6,5.0
2023-10-09 16:00:00+00:00,13.5,28.0,3.6,4.1
2023-10-09 16:10:00+00:00,13.5,28.0,3.6,3.9
2023-10-09 16:20:00+00:00,13.5,28.0,3.6,2.8
2023-10-09 16:30:00+00:00,13.5,29.0,3.6,1.5
2023-10-09 16:40:00+00:00,13.5,28.0,3.6,0.8
2023-10-09 16:50:00+00:00,13.461538461538462,28.076923076923077,3.6,0.7846153846153846
2023-10-09 17:00:00+00:00,13.423076923076923,28.153846153846153,3.6,0.7692307692307693
2023-10-09 17:10:00+00:00,13.384615384615385,28.23076923076923,3.6,0.7538461538461538
2023-10-09 17:20:00+00:00,13.346153846153847,28.307692307692307,3.6,0.7384615384615385
2023-10-09 17:30:00+00:00,13.307692307692308,28.384615384615383,3.6,0.7230769230769231
2023-10-09 17:40:00+00:00,13.26923076923077,28.46153846153846,3.6,0.7076923076923077
2023-10-09 17:50:00+00:00,13.23076923076923,28.53846153846154,3.6,0.6923076923076923
2023-10-09 18:00:00+00:00,13.192307692307692,28.615384615384617,3.6,0.676923076923077
2023-10-09 18:10:00+00:00,13.153846153846153,28.692307692307693,3.6,0.6615384615384615
2023-10-09 18:20:00+00:00,13.115384615384615,28.76923076923077,3.6,0.6461538461538462
2023-10-09 18:30:00+00:00,13.076923076923077,28.846153846153847,3.6,0.6307692307692307
2023-10-09 18:40:00+00:00,13.038461538461538,28.923076923076923,3.6,0.6153846153846154
2023-10-09 18:50:00+00:00,13.0,29.0,3.6,0.6
2023-10-09 19:00:00+00:00,12.94,29.0,3.6100000000000003,0.6
2023-10-09 19:10:00+00:00,12.88,29.0,3.62,0.6
2023-10-09 19:20:00+00:00,12.82,29.0,3.63,0.6
2023-10-09 19:30:00+00:00,12.76,29.0,3.64,0.6
2023-10-09 19:40:00+00:00,12.7,29.0,3.6500000000000004,0.6
2023-10-09 19:50:00+00:00,12.64,29.0,3.66,0.6
2023-10-09 20:00:00+00:00,12.58,29.0,3.67,0.6
2023-10-09 20:10:00+00:00,12.52,29.0,3.68,0.6
2023-10-09 20:20:00+00:00,12.46,29.0,3.6900000000000004,0.6
2023-10-09 20:30:00+00:00,12.4,29.0,3.7,0.6
2023-10-09 20:40:00+00:00,12.34,29.1,3.7,0.58
2023-10-09 20:50:00+00:00,12.280000000000001,29.2,3.7,0.5599999999999999
2023-10-09 21:00:00+00:00,12.22,29.3,3.7,0.54
2023-10-09 21:10:00+00:00,12.16,29.4,3.7,0.52
2023-10-09 21:20:00+00:00,12.100000000000001,29.5,3.7,0.5
2023-10-09 21:30:00+00:00,12.040000000000001,29.6,3.7,0.48
2023-10-09 21:40:00+00:00,11.98,29.7,3.7,0.45999999999999996
2023-10-09 21:50:00+00:00,11.92,29.8,3.7,0.44
2023-10-09 22:00:00+00:00,11.860000000000001,29.9,3.7,0.42000000000000004
2023-10-09 22:10:00+00:00,11.8,30.0,3.7,0.4
2023-10-09 22:20:00+00:00,11.75,30.0,3.7,0.4
2023-10-09 22:30:00+00:00,11.700000000000001,30.0,3.7,0.4
2023-10-09 22:40:00+00:00,11.65,30.0,3.7,0.4
2023-10-09 22:50:00+00:00,11.600000000000001,30.0,3.7,0.4
2023-10-09 23:00:00+00:00,11.55,30.0,3.7,0.4
2023-10-09 23:10:00+00:00,11.5,30.0,3.7,0.4
2023-10-09 23:20:00+00:00,11.450000000000001,30.0,3.7,0.4
2023-10-09 23:30:00+00:00,11.4,30.0,3.7,0.4
2023-10-09 23:40:00+00:00,11.350000000000001,30.0,3.7,0.4
2023-10-09 23:50:00+00:00,11.3,30.0,3.7,0.4
2023-10-10 00:00:00+00:00,11.270000000000001,30.1,3.7,0.42000000000000004
2023-10-10 00:10:00+00:00,11.24,30.2,3.7,0.44
2023-10-10 00:20:00+00:00,11.21,30.3,3.7,0.46
2023-10-10 00:30:00+00:00,11.18,30.4,3.7,0.48
2023-10-10 00:40:00+00:00,11.15,30.5,3.7,0.5
2023-10-10 00:50:00+00:00,11.120000000000001,30.6,3.7,0.52
2023-10-10 01:00:00+00:00,11.09,30.7,3.7,0.54
2023-10-10 01:10:00+00:00,11.06,30.8,3.7,0.56
2023-10-10 01:20:00+00:00,11.03,30.9,3.7,0.58
2023-10-10 01:30:00+00:00,11.0,31.0,3.7,0.6
2023-10-10 01:40:00+00:00,10.96,31.0,3.7,0.6
2023-10-10 01:50:00+00:00,10.92,31.0,3.7,0.6
2023-10-10 02:00:00+00:00,10.879999999999999,31.0,3.7,0.6
2023-10-10 02:10:00+00:00,10.84,31.0,3.7,0.6
2023-10-10 02:20:00+00:00,10.8,31.0,3.7,0.6
2023-10-10 02:30:00+00:00,10.76,31.0,3.7,0.6
2023-10-10 02:40:00+00:00,10.719999999999999,31.0,3.7,0.6
2023-10-10 02:50:00+00:00,10.68,31.0,3.7,0.6
2023-10-10 03:00:00+00:00,10.64,31.0,3.7,0.6
2023-10-10 03:10:00+00:00,10.6,31.0,3.7,0.6
2023-10-10 03:20:00+00:00,10.58,31.1,3.7,0.65
2023-10-10 03:30:00+00:00,10.56,31.2,3.7,0.7
2023-10-10 03:40:00+00:00,10.54,31.3,3.7,0.75
2023-10-10 03:50:00+00:00,10.52,31.4,3.7,0.8
2023-10-10 04:00:00+00:00,10.5,31.5,3.7,0.8500000000000001
2023-10-10 04:10:00+00:00,10.48,31.6,3.7,0.9
2023-10-10 04:20:00+00:00,10.46,31.7,3.7,0.9500000000000001
2023-10-10 04:30:00+00:00,10.44,31.8,3.7,1.0
2023-10-10 04:40:00+00:00,10.42,31.9,3.7,1.05
2023-10-10 04:50:00+00:00,10.4,32.0,3.7,1.1
2023-10-10 05:00:00+00:00,10.3,32.0,3.7,3.6
2023-10-10 05:10:00+00:00,10.3,32.0,3.7,4.0
2023-10-10 05:20:00+00:00,10.3,32.0,3.6,4.0
2023-10-10 05:30:00+00:00,10.2,32.0,3.7,4.0
2023-10-10 05:40:00+00:00,10.2,32.0,3.6500000000000004,4.0
2023-10-10 05:50:00+00:00,10.2,32.0,3.6,4.0
2023-10-10 06:00:00+00:00,10.2,32.0,3.6,4.0
2023-10-10 06:10:00+00:00,10.2,32.0,3.6,4.0
2023-10-10 06:20:00+00:00,10.1,32.0,3.6,4.0
2023-10-10 06:30:00+00:00,10.1,32.0,3.6,4.0
2023-10-10 06:40:00+00:00,10.1,32.0,3.6,4.0
2023-10-10 06:50:00+00:00,10.1,33.0,3.6,4.0
2023-10-10 07:00:00+00:00,10.1,33.0,3.6,4.0
2023-10-10 07:10:00+00:00,10.1,33.0,3.6,4.0
2023-10-10 07:20:00+00:00,10.1,32.0,3.5,4.0
2023-10-10 07:30:00+00:00,10.1,32.0,3.55,4.0
2023-10-10 07:40:00+00:00,10.1,32.0,3.6,4.0
2023-10-10 07:50:00+00:00,10.1,32.0,3.5,4.0
2023-10-10 08:00:00+00:00,10.1,33.0,3.6,4.0
2023-10-10 08:10:00+00:00,10.1,32.0,3.5,4.0
2023-10-10 08:20:00+00:00,10.1,32.0,3.6,4.0
2023-10-10 08:30:00+00:00,10.1,32.0,3.5,4.0
2023-10-10 08:40:00+00:00,10.1,32.0,3.6,4.0
2023-10-10 08:50:00+00:00,10.2,32.0,3.6,4.0
2023-10-10 09:00:00+00:00,10.2,32.0,3.6,4.0
2023-10-10 09:10:00+00:00,10.3,32.0,3.5,4.0
2023-10-10 09:20:00+00:00,10.3,32.0,3.5,4.0
2023-10-10 09:30:00+00:00,10.3,32.0,3.5,4.0
2023-10-10 09:40:00+00:00,10.3,32.0,3.6,4.0
2023-10-10 09:50:00+00:00,10.3,32.0,3.5,4.0
2023-10-10 10:00:00+00:00,10.4,32.0,3.5,4.0
2023-10-10 10:10:00+00:00,10.4,32.0,3.5,4.0
2023-10-10 10:20:00+00:00,10.5,32.0,3.5,4.0
2023-10-10 10:30:00+00:00,10.5,31.0,3.5,4.0
2023-10-10 10:40:00+00:00,10.5,32.0,3.5,3.8
2023-10-10 10:50:00+00:00,10.5,32.0,3.5,4.0
2023-10-10 11:00:00+00:00,10.5,31.0,3.5,4.0
2023-10-10 11:10:00+00:00,10.55,31.0,3.5,4.0
2023-10-10 11:20:00+00:00,10.6,31.0,3.5,4.0
2023-10-10 11:30:00+00:00,10.6,31.0,3.5,4.0
2023-10-10 11:40:00+00:00,10.6,31.0,3.5,4.0
2023-10-10 11:50:00+00:00,10.7,30.0,3.5,5.8
2023-10-10 12:00:00+00:00,10.7,31.0,3.5,6.0
2023-10-10 12:10:00+00:00,10.8,30.0,3.5,6.1
2023-10-10 12:20:00+00:00,10.8,30.0,3.5,6.2
2023-10-10 12:30:00+00:00,10.8,30.0,3.5,6.2
2023-10-10 12:40:00+00:00,10.9,30.0,3.5,6.1
2023-10-10 12:50:00+00:00,11.0,30.0,3.5,6.2
2023-10-10 13:00:00+00:00,11.0,29.5,3.5,6.25
2023-10-10 13:10:00+00:00,11.0,29.0,3.5,6.3
2023-10-10 13:20:00+00:00,11.1,28.0,3.5,6.2
2023-10-10 13:30:00+00:00,11.1,28.0,3.5,6.2
2023-10-10 13:40:00+00:00,11.1,28.0,3.5,6.3
2023-10-10 13:50:00+00:00,11.2,28.0,3.5,5.9
2023-10-10 14:00:00+00:00,11.3,28.0,3.5,5.8
2023-10-10 14:10:00+00:00,11.4,28.0,3.5,6.1
2023-10-10 14:20:00+00:00,11.5,28.0,3.5,6.1
2023-10-10 14:30:00+00:00,11.5,28.0,3.5,4.4
2023-10-10 14:40:00+00:00,11.6,28.0,3.5,5.9
2023-10-10 14:50:00+00:00,11.6,28.0,3.5,5.95
2023-10-10 15:00:00+00:00,11.6,28.0,3.5,6.0
2023-10-10 15:10:00+00:00,11.6,27.0,3.5,6.0
2023-10-10 15:20:00+00:00,11.7,27.0,3.5,5.0
2023-10-10 15:30:00+00:00,11.8,28.0,3.6,4.5
2023-10-10 15:40:00+00:00,11.8,28.0,3.6,4.1
2023-10-10 15:50:00+00:00,11.8,28.0,3.6,4.3
2023-10-10 16:00:00+00:00,11.8,28.0,3.6,3.9
2023-10-10 16:10:00+00:00,11.8,28.0,3.6,3.1
2023-10-10 16:20:00+00:00,11.8,27.0,3.6,1.7
2023-10-10 16:30:00+00:00,11.8,28.0,3.6,0.9
2023-10-10 16:40:00+00:00,11.785714285714286,27.928571428571427,3.6,0.8785714285714286
2023-10-10 16:50:00+00:00,11.771428571428572,27.857142857142858,3.6,0.8571428571428572
2023-10-10 17:00:00+00:00,11.757142857142858,27.785714285714285,3.6,0.8357142857142857
2023-10-10 17:10:00+00:00,11.742857142857144,27.714285714285715,3.6,0.8142857142857143
2023-10-10 17:20:00+00:00,11.72857142857143,27.642857142857142,3.6,0.7928571428571428
2023-10-10 17:30:00+00:00,11.714285714285715,27.571428571428573,3.6,0.7714285714285715
2023-10-10 17:40:00+00:00,11.7,27.5,3.6,0.75
2023-10-10 17:50:00+00:00,11.685714285714285,27.428571428571427,3.6,0.7285714285714285
2023-10-10 18:00:00+00:00,11.67142857142857,27.357142857142858,3.6,0.7071428571428571
2023-10-10 18:10:00+00:00,11.657142857142857,27.285714285714285,3.6,0.6857142857142857
2023-10-10 18:20:00+00:00,11.642857142857142,27.214285714285715,3.6,0.6642857142857143
2023-10-10 18:30:00+00:00,11.628571428571428,27.142857142857142,3.6,0.6428571428571428
2023-10-10 18:40:00+00:00,11.614285714285714,27.071428571428573,3.6,0.6214285714285714
2023-10-10 18:50:00+00:00,11.6,27.0,3.6,0.6
2023-10-10 19:00:00+00:00,11.57,27.0,3.6,0.6
2023-10-10 19:10:00+00:00,11.54,27.0,3.6,0.6
2023-10-10 19:20:00+00:00,11.51,27.0,3.6,0.6
2023-10-10 19:30:00+00:00,11.48,27.0,3.6,0.6
2023-10-10 19:40:00+00:00,11.45,27.0,3.6,0.6
2023-10-10 19:50:00+00:00,11.42,27.0,3.6,0.6
2023-10-10 20:00:00+00:00,11.39,27.0,3.6,0.6
2023-10-10 20:10:00+00:00,11.360000000000001,27.0,3.6,0.6
2023-10-10 20:20:00+00:00,11.33,27.0,3.6,0.6
2023-10-10 20:30:00+00:00,11.3,27.0,3.6,0.6
2023-10-10 20:40:00+00:00,11.270000000000001,27.0,3.6,0.6
2023-10-10 20:50:00+00:00,11.24,27.0,3.6,0.6
2023-10-10 21:00:00+00:00,11.21,27.0,3.6,0.6
2023-10-10 21:10:00+00:00,11.18,27.0,3.6,0.6
2023-10-10 21:20:00+00:00,11.15,27.0,3.6,0.6
2023-10-10 21:30:00+00:00,11.120000000000001,27.0,3.6,0.6
2023-10-10 21:40:00+00:00,11.09,27.0,3.6,0.6
2023-10-10 21:50:00+00:00,11.06,27.0,3.6,0.6
2023-10-10 22:00:00+00:00,11.03,27.0,3.6,0.6
2023-10-10 22:10:00+00:00,11.0,27.0,3.6,0.6
2023-10-10 22:20:00+00:00,10.98,27.2,3.6,0.6
2023-10-10 22:30:00+00:00,10.96,27.4,3.6,0.6
2023-10-10 22:40:00+00:00,10.94,27.6,3.6,0.6
2023-10-10 22:50:00+00:00,10.92,27.8,3.6,0.6
2023-10-10 23:00:00+00:00,10.9,28.0,3.6,0.6
2023-10-10 23:10:00+00:00,10.88,28.2,3.6,0.6
2023-10-10 23:20:00+00:00,10.860000000000001,28.4,3.6,0.6
2023-10-10 23:30:00+00:00,10.84,28.6,3.6,0.6
2023-10-10 23:40:00+00:00,10.82,28.8,3.6,0.6
2023-10-10 23:50:00+00:00,10.8,29.0,3.6,0.6
2023-10-11 00:00:00+00:00,10.790000000000001,29.2,3.6,0.6
2023-10-11 00:10:00+00:00,10.780000000000001,29.4,3.6,0.6
2023-10-11 00:20:00+00:00,10.77,29.6,3.6,0.6
2023-10-11 00:30:00+00:00,10.76,29.8,3.6,0.6
2023-10-11 00:40:00+00:00,10.75,30.0,3.6,0.6
2023-10-11 00:50:00+00:00,10.74,30.2,3.6,0.6
2023-10-11 01:00:00+00:00,10.73,30.4,3.6,0.6
2023-10-11 01:10:00+00:00,10.719999999999999,30.6,3.6,0.6
2023-10-11 01:20:00+00:00,10.709999999999999,30.8,3.6,0.6
2023-10-11 01:30:00+00:00,10.7,31.0,3.6,0.6
2023-10-11 01:40:00+00:00,10.7,30.9,3.6,0.6
2023-10-11 01:50:00+00:00,10.7,30.8,3.6,0.6
2023-10-11 02:00:00+00:00,10.7,30.7,3.6,0.6
2023-10-11 02:10:00+00:00,10.7,30.6,3.6,0.6
2023-10-11 02:20:00+00:00,10.7,30.5,3.6,0.6
2023-10-11 02:30:00+00:00,10.7,30.4,3.6,0.6
2023-10-11 02:40:00+00:00,10.7,30.3,3.6,0.6
2023-10-11 02:50:00+00:00,10.7,30.2,3.6,0.6
2023-10-11 03:00:00+00:00,10.7,30.1,3.6,0.6
2023-10-11 03:10:00+00:00,10.7,30.0,3.6,0.6
2023-10-11 03:20:00+00:00,10.709999999999999,29.9,3.6,0.59
2023-10-11 03:30:00+00:00,10.719999999999999,29.8,3.6,0.58
2023-10-11 03:40:00+00:00,10.73,29.7,3.6,0.57
2023-10-11 03:50:00+00:00,10.74,29.6,3.6,0.5599999999999999
2023-10-11 04:00:00+00:00,10.75,29.5,3.6,0.55
2023-10-11 04:10:00+00:00,10.76,29.4,3.6,0.54
2023-10-11 04:20:00+00:00,10.77,29.3,3.6,0.53
2023-10-11 04:30:00+00:00,10.780000000000001,29.2,3.6,0.52
2023-10-11 04:40:00+00:00,10.790000000000001,29.1,3.6,0.51
2023-10-11 04:50:00+00:00,10.8,29.0,3.6,0.5
2023-10-11 05:00:00+00:00,10.82,28.9,3.59,0.85
2023-10-11 05:10:00+00:00,10.84,28.8,3.58,1.2
2023-10-11 05:20:00+00:00,10.860000000000001,28.7,3.5700000000000003,1.5499999999999998
2023-10-11 05:30:00+00:00,10.88,28.6,3.56,1.9
2023-10-11 05:40:00+00:00,10.9,28.5,3.55,2.25
2023-10-11 05:50:00+00:00,10.92,28.4,3.54,2.5999999999999996
2023-10-11 06:00:00+00:00,10.94,28.3,3.5300000000000002,2.9499999999999997
2023-10-11 06:10:00+00:00,10.96,28.2,3.52,3.3
2023-10-11 06:20:00+00:00,10.98,28.1,3.51,3.65
2023-10-11 06:30:00+00:00,11.0,28.0,3.5,4.0
2023-10-11 06:40:00+00:00,11.0,28.0,3.5,4.0
2023-10-11 06:50:00+00:00,11.0,27.0,3.5,4.0
2023-10-11 07:00:00+00:00,11.0,27.0,3.5,4.0
2023-10-11 07:10:00+00:00,11.1,27.0,3.5,4.0
2023-10-11 07:20:00+00:00,11.1,27.0,3.5,3.8
2023-10-11 07:30:00+00:00,11.1,27.0,3.5,4.0
2023-10-11 07:40:00+00:00,11.1,27.0,3.5,4.0
2023-10-11 07:50:00+00:00,11.1,27.0,3.5,4.0
2023-10-11 08:00:00+00:00,11.1,27.0,3.5,4.0
2023-10-11 08:10:00+00:00,11.2,26.0,3.5,4.0
2023-10-11 08:20:00+00:00,11.2,26.0,3.5,4.0
2023-10-11 08:30:00+00:00,11.2,26.0,3.5,4.0
2023-10-11 08:40:00+00:00,11.3,26.0,3.5,4.0
2023-10-11 08:50:00+00:00,11.3,26.0,3.5,4.0
2023-10-11 09:00:00+00:00,11.3,26.0,3.5,4.0
2023-10-11 09:10:00+00:00,11.3,26.0,3.5,4.0
2023-10-11 09:20:00+00:00,11.3,26.0,3.5,4.0
2023-10-11 09:30:00+00:00,11.4,25.0,3.5,4.0
2023-10-11 09:40:00+00:00,11.5,25.0,3.5,4.0
2023-10-11 09:50:00+00:00,11.5,25.0,3.5,4.0
2023-10-11 10:00:00+00:00,11.55,25.0,3.5,4.0
2023-10-11 10:10:00+00:00,11.6,25.0,3.5,4.0
2023-10-11 10:20:00+00:00,11.6,25.0,3.5,4.0
2023-10-11 10:30:00+00:00,11.6,24.0,3.5,4.0
2023-10-11 10:40:00+00:00,11.7,24.0,3.4,4.0
2023-10-11 10:50:00+00:00,11.8,24.0,3.5,4.0
2023-10-11 11:00:00+00:00,11.8,23.0,3.4,4.0
2023-10-11 11:10:00+00:00,11.8,23.0,3.4,4.0
2023-10-11 11:20:00+00:00,11.9,23.0,3.4,4.0
2023-10-11 11:30:00+00:00,12.0,22.0,3.4,5.9
2023-10-11 11:40:00+00:00,12.0,22.0,3.4,5.8
2023-10-11 11:50:00+00:00,12.05,22.5,3.45,5.9
2023-10-11 12:00:00+00:00,12.1,23.0,3.5,6.0
2023-10-11 12:10:00+00:00,12.1,22.0,3.4,6.3
2023-10-11 12:20:00+00:00,12.1,22.0,3.4,6.1
2023-10-11 12:30:00+00:00,12.2,22.0,3.4,6.1
2023-10-11 12:40:00+00:00,12.3,21.0,3.4,6.0
2023-10-11 12:50:00+00:00,12.3,21.0,3.4,6.2
2023-10-11 13:00:00+00:00,12.4,21.0,3.4,6.1
2023-10-11 13:10:00+00:00,12.5,21.0,3.4,6.0
2023-10-11 13:20:00+00:00,12.6,20.0,3.4,6.0
2023-10-11 13:30:00+00:00,12.6,20.0,3.4,6.2
2023-10-11 13:40:00+00:00,12.649999999999999,20.0,3.4,6.2
2023-10-11 13:50:00+00:00,12.7,20.0,3.4,6.2
2023-10-11 14:00:00+00:00,12.8,19.0,3.4,6.1
2023-10-11 14:10:00+00:00,12.8,20.0,3.4,5.6
2023-10-11 14:20:00+00:00,13.0,20.0,3.4,5.8
2023-10-11 14:30:00+00:00,13.0,20.0,3.4,4.8
2023-10-11 14:40:00+00:00,13.1,19.0,3.4,5.3
2023-10-11 14:50:00+00:00,13.1,20.0,3.5,5.9
2023-10-11 15:00:00+00:00,13.2,19.0,3.4,4.3
2023-10-11 15:10:00+00:00,13.3,19.0,3.5,4.8
2023-10-11 15:20:00+00:00,13.3,19.0,3.5,4.7
2023-10-11 15:30:00+00:00,13.3,19.0,3.5,4.4
2023-10-11 15:40:00+00:00,13.3,19.0,3.5,4.1
2023-10-11 15:50:00+00:00,13.4,19.0,3.4,4.2
2023-10-11 16:00:00+00:00,13.4,19.0,3.5,3.8
2023-10-11 16:10:00+00:00,13.5,19.0,3.5,2.7
2023-10-11 16:20:00+00:00,13.5,19.0,3.5,1.3
2023-10-11 16:30:00+00:00,13.5,19.0,3.5,0.5
2023-10-11 16:40:00+00:00,13.51,18.8,3.49,0.51
2023-10-11 16:50:00+00:00,13.52,18.6,3.48,0.52
2023-10-11 17:00:00+00:00,13.53,18.4,3.4699999999999998,0.53
2023-10-11 17:10:00+00:00,13.54,18.2,3.46,0.54
2023-10-11 17:20:00+00:00,13.55,18.0,3.45,0.55
2023-10-11 17:30:00+00:00,13.56,17.8,3.44,0.5599999999999999
2023-10-11 17:40:00+00:00,13.57,17.6,3.4299999999999997,0.57
2023-10-11 17:50:00+00:00,13.58,17.4,3.42,0.58
2023-10-11 18:00:00+00:00,13.59,17.2,3.41,0.59
2023-10-11 18:10:00+00:00,13.6,17.0,3.4,0.6
2023-10-11 18:20:00+00:00,13.6,17.0,3.4076923076923076,0.6
2023-10-11 18:30:00+00:00,13.6,17.0,3.4153846153846152,0.6
2023-10-11 18:40:00+00:00,13.6,17.0,3.423076923076923,0.6
2023-10-11 18:50:00+00:00,13.6,17.0,3.4307692307692306,0.6
2023-10-11 19:00:00+00:00,13.6,17.0,3.4384615384615382,0.6
2023-10-11 19:10:00+00:00,13.6,17.0,3.446153846153846,0.6
2023-10-11 19:20:00+00:00,13.6,17.0,3.453846153846154,0.6
2023-10-11 19:30:00+00:00,13.6,17.0,3.4615384615384617,0.6
2023-10-11 19:40:00+00:00,13.6,17.0,3.4692307692307693,0.6
2023-10-11 19:50:00+00:00,13.6,17.0,3.476923076923077,0.6
2023-10-11 20:00:00+00:00,13.6,17.0,3.4846153846153847,0.6
2023-10-11 20:10:00+00:00,13.6,17.0,3.4923076923076923,0.6
2023-10-11 20:20:00+00:00,13.6,17.0,3.5,0.6
2023-10-11 20:30:00+00:00,13.61,16.9,3.49,0.6
2023-10-11 20:40:00+00:00,13.62,16.8,3.48,0.6
2023-10-11 20:50:00+00:00,13.629999999999999,16.7,3.4699999999999998,0.6
2023-10-11 21:00:00+00:00,13.639999999999999,16.6,3.46,0.6
2023-10-11 21:10:00+00:00,13.649999999999999,16.5,3.45,0.6
2023-10-11 21:20:00+00:00,13.66,16.4,3.44,0.6
2023-10-11 21:30:00+00:00,13.67,16.3,3.4299999999999997,0.6
2023-10-11 21:40:00+00:00,13.68,16.2,3.42,0.6
2023-10-11 21:50:00+00:00,13.69,16.1,3.41,0.6
2023-10-11 22:00:00+00:00,13.7,16.0,3.4,0.6
2023-10-11 22:10:00+00:00,13.7,16.0,3.41,0.6
2023-10-11 22:20:00+00:00,13.7,16.0,3.42,0.6
2023-10-11 22:30:00+00:00,13.7,16.0,3.4299999999999997,0.6
2023-10-11 22:40:00+00:00,13.7,16.0,3.44,0.6
2023-10-11 22:50:00+00:00,13.7,16.0,3.45,0.6
2023-10-11 23:00:00+00:00,13.7,16.0,3.46,0.6
2023-10-11 23:10:00+00:00,13.7,16.0,3.4699999999999998,0.6
2023-10-11 23:20:00+00:00,13.7,16.0,3.48,0.6
2023-10-11 23:30:00+00:00,13.7,16.0,3.49,0.6
2023-10-11 23:40:00+00:00,13.7,16.0,3.5,0.6
2023-10-11 23:50:00+00:00,13.7,16.0,3.5,0.6
2023-10-12 00:00:00+00:00,13.7,16.0,3.5,0.6
2023-10-12 00:10:00+00:00,13.7,16.0,3.5,0.6
2023-10-12 00:20:00+00:00,13.7,16.0,3.5,0.6
2023-10-12 00:30:00+00:00,13.7,16.0,3.5,0.6
2023-10-12 00:40:00+00:00,13.7,16.0,3.5,0.6
2023-10-12 00:50:00+00:00,13.7,16.0,3.5,0.6
2023-10-12 01:00:00+00:00,13.7,16.0,3.5,0.6
2023-10-12 01:10:00+00:00,13.7,16.0,3.5,0.6
2023-10-12 01:20:00+00:00,13.7,16.0,3.5,0.6
2023-10-12 01:30:00+00:00,13.69,16.0,3.5,0.6
2023-10-12 01:40:00+00:00,13.68,16.0,3.5,0.6
2023-10-12 01:50:00+00:00,13.67,16.0,3.5,0.6
2023-10-12 02:00:00+00:00,13.66,16.0,3.5,0.6
2023-10-12 02:10:00+00:00,13.649999999999999,16.0,3.5,0.6
2023-10-12 02:20:00+00:00,13.639999999999999,16.0,3.5,0.6
2023-10-12 02:30:00+00:00,13.629999999999999,16.0,3.5,0.6
2023-10-12 02:40:00+00:00,13.62,16.0,3.5,0.6
2023-10-12 02:50:00+00:00,13.61,16.0,3.5,0.6
2023-10-12 03:00:00+00:00,13.6,16.0,3.5,0.6
2023-10-12 03:10:00+00:00,13.6,16.2,3.5,0.6
2023-10-12 03:20:00+00:00,13.6,16.4,3.5,0.6
2023-10-12 03:30:00+00:00,13.6,16.6,3.5,0.6
2023-10-12 03:40:00+00:00,13.6,16.8,3.5,0.6
2023-10-12 03:50:00+00:00,13.6,17.0,3.5,0.6
2023-10-12 04:00:00+00:00,13.6,17.2,3.5,0.6
2023-10-12 04:10:00+00:00,13.6,17.4,3.5,0.6
2023-10-12 04:20:00+00:00,13.6,17.6,3.5,0.6
2023-10-12 04:30:00+00:00,13.6,17.8,3.5,0.6
2023-10-12 04:40:00+00:00,13.6,18.0,3.5,0.6
2023-10-12 04:50:00+00:00,13.59,18.2,3.5,0.94
2023-10-12 05:00:00+00:00,13.58,18.4,3.5,1.2799999999999998
2023-10-12 05:10:00+00:00,13.57,18.6,3.5,1.62
2023-10-12 05:20:00+00:00,13.56,18.8,3.5,1.96
2023-10-12 05:30:00+00:00,13.55,19.0,3.5,2.3
2023-10-12 05:40:00+00:00,13.54,19.2,3.5,2.64
2023-10-12 05:50:00+00:00,13.53,19.4,3.5,2.98
2023-10-12 06:00:00+00:00,13.52,19.6,3.5,3.32
2023-10-12 06:10:00+00:00,13.51,19.8,3.5,3.6599999999999997
2023-10-12 06:20:00+00:00,13.5,20.0,3.5,4.0
2023-10-12 06:30:00+00:00,13.5,20.0,3.5,4.0
2023-10-12 06:40:00+00:00,13.4,20.0,3.5,4.0
2023-10-12 06:50:00+00:00,13.4,20.0,3.5,4.0
2023-10-12 07:00:00+00:00,13.4,20.0,3.5,4.0
2023-10-12 07:10:00+00:00,13.4,20.0,3.5,4.0
2023-10-12 07:20:00+00:00,13.4,20.0,3.5,4.0
2023-10-12 07:30:00+00:00,13.3,20.0,3.5,4.0
2023-10-12 07:40:00+00:00,13.3,20.0,3.5,4.0
2023-10-12 07:50:00+00:00,13.3,21.0,3.5,4.0
2023-10-12 08:00:00+00:00,13.3,21.0,3.5,4.0
2023-10-12 08:10:00+00:00,13.3,20.0,3.5,4.0
2023-10-12 08:20:00+00:00,13.3,20.0,3.5,4.0
2023-10-12 08:30:00+00:00,13.3,20.0,3.5,4.0
2023-10-12 08:40:00+00:00,13.3,21.0,3.5,4.0
2023-10-12 08:50:00+00:00,13.3,21.0,3.5,4.0
2023-10-12 09:00:00+00:00,13.3,21.0,3.5,4.0
2023-10-12 09:10:00+00:00,13.3,21.0,3.5,4.0
2023-10-12 09:20:00+00:00,13.3,21.0,3.5,4.0
2023-10-12 09:30:00+00:00,13.3,21.0,3.5,4.0
2023-10-12 09:40:00+00:00,13.3,21.0,3.5,4.0
2023-10-12 09:50:00+00:00,13.3,21.0,3.5,4.0
2023-10-12 10:00:00+00:00,13.3,21.0,3.5,4.0
2023-10-12 10:10:00+00:00,13.3,20.0,3.5,4.0
2023-10-12 10:20:00+00:00,13.3,20.0,3.4,4.0
2023-10-12 10:30:00+00:00,13.3,21.0,3.5,4.0
2023-10-12 10:40:00+00:00,13.3,21.0,3.5,4.0
2023-10-12 10:50:00+00:00,13.3,20.5,3.5,4.05
2023-10-12 11:00:00+00:00,13.3,20.0,3.5,4.1
2023-10-12 11:10:00+00:00,13.3,20.0,3.5,4.8
2023-10-12 11:20:00+00:00,13.3,21.0,3.5,5.3
2023-10-12 11:30:00+00:00,13.4,21.0,3.5,5.0
2023-10-12 11:40:00+00:00,13.4,20.0,3.5,5.9
2023-10-12 11:50:00+00:00,13.4,20.0,3.5,6.0
2023-10-12 12:00:00+00:00,13.5,21.0,3.5,4.0
2023-10-12 12:10:00+00:00,13.5,20.0,3.5,5.6
2023-10-12 12:20:00+00:00,13.5,20.0,3.5,6.1
2023-10-12 12:30:00+00:00,13.5,20.0,3.5,6.3
2023-10-12 12:40:00+00:00,13.5,20.0,3.5,6.275
2023-10-12 12:50:00+00:00,13.5,20.0,3.5,6.25
2023-10-12 13:00:00+00:00,13.5,20.0,3.5,6.0
2023-10-12 13:10:00+00:00,13.5,20.0,3.5,6.15
2023-10-12 13:20:00+00:00,13.5,20.0,3.5,6.3
2023-10-12 13:30:00+00:00,13.6,20.0,3.5,5.3
2023-10-12 13:40:00+00:00,13.6,20.0,3.5,6.0
2023-10-12 13:50:00+00:00,13.6,20.0,3.5,6.3
2023-10-12 14:00:00+00:00,13.6,20.0,3.5,6.3
2023-10-12 14:10:00+00:00,13.6,20.0,3.5,4.6
2023-10-12 14:20:00+00:00,13.6,20.0,3.5,5.9
2023-10-12 14:30:00+00:00,13.6,20.0,3.5,6.3
2023-10-12 14:40:00+00:00,13.6,19.0,3.5,5.3
2023-10-12 14:50:00+00:00,13.6,20.0,3.5,4.5
2023-10-12 15:00:00+00:00,13.649999999999999,19.5,3.5,4.75
2023-10-12 15:10:00+00:00,13.7,19.0,3.5,5.0
2023-10-12 15:20:00+00:00,13.6,20.0,3.5,5.1
2023-10-12 15:30:00+00:00,13.7,20.0,3.5,4.5
2023-10-12 15:40:00+00:00,13.6,19.0,3.5,4.2
2023-10-12 15:50:00+00:00,13.7,20.0,3.5,4.1
2023-10-12 16:00:00+00:00,13.6,20.0,3.5,3.9
2023-10-12 16:10:00+00:00,13.6,19.0,3.5,2.6
2023-10-12 16:20:00+00:00,13.6,20.0,3.5,1.3
2023-10-12 16:30:00+00:00,13.6,20.0,3.5,0.6
2023-10-12 16:40:00+00:00,13.57,20.0,3.51,0.6
2023-10-12 16:50:00+00:00,13.54,20.0,3.52,0.6
2023-10-12 17:00:00+00:00,13.51,20.0,3.5300000000000002,0.6
2023-10-12 17:10:00+00:00,13.48,20.0,3.54,0.6
2023-10-12 17:20:00+00:00,13.45,20.0,3.55,0.6
2023-10-12 17:30:00+00:00,13.42,20.0,3.56,0.6
2023-10-12 17:40:00+00:00,13.39,20.0,3.5700000000000003,0.6
2023-10-12 17:50:00+00:00,13.360000000000001,20.0,3.58,0.6
2023-10-12 18:00:00+00:00,13.33,20.0,3.59,0.6
2023-10-12 18:10:00+00:00,13.3,20.0,3.6,0.6
2023-10-12 18:20:00+00:00,13.271428571428572,20.071428571428573,3.6,0.6
2023-10-12 18:30:00+00:00,13.242857142857144,20.142857142857142,3.6,0.6
2023-10-12 18:40:00+00:00,13.214285714285715,20.214285714285715,3.6,0.6
2023-10-12 18:50:00+00:00,13.185714285714287,20.285714285714285,3.6,0.6
2023-10-12 19:00:00+00:00,13.157142857142858,20.357142857142858,3.6,0.6
2023-10-12 19:10:00+00:00,13.12857142857143,20.428571428571427,3.6,0.6
2023-10-12 19:20:00+00:00,13.100000000000001,20.5,3.6,0.6
2023-10-12 19:30:00+00:00,13.071428571428571,20.571428571428573,3.6,0.6
2023-10-12 19:40:00+00:00,13.042857142857143,20.642857142857142,3.6,0.6
2023-10-12 19:50:00+00:00,13.014285714285714,20.714285714285715,3.6,0.6
2023-10-12 20:00:00+00:00,12.985714285714286,20.785714285714285,3.6,0.6
2023-10-12 20:10:00+00:00,12.957142857142857,20.857142857142858,3.6,0.6
2023-10-12 20:20:00+00:00,12.928571428571429,20.928571428571427,3.6,0.6
2023-10-12 20:30:00+00:00,12.9,21.0,3.6,0.6
2023-10-12 20:40:00+00:00,12.870000000000001,21.0,3.6,0.6
2023-10-12 20:50:00+00:00,12.84,21.0,3.6,0.6
2023-10-12 21:00:00+00:00,12.81,21.0,3.6,0.6
2023-10-12 21:10:00+00:00,12.78,21.0,3.6,0.6
2023-10-12 21:20:00+00:00,12.75,21.0,3.6,0.6
2023-10-12 21:30:00+00:00,12.72,21.0,3.6,0.6
2023-10-12 21:40:00+00:00,12.69,21.0,3.6,0.6
2023-10-12 21:50:00+00:00,12.66,21.0,3.6,0.6
2023-10-12 22:00:00+00:00,12.629999999999999,21.0,3.6,0.6
2023-10-12 22:10:00+00:00,12.6,21.0,3.6,0.6
2023-10-12 22:20:00+00:00,12.57,21.0,3.6,0.6
2023-10-12 22:30:00+00:00,12.54,21.0,3.6,0.6
2023-10-12 22:40:00+00:00,12.51,21.0,3.6,0.6
2023-10-12 22:50:00+00:00,12.48,21.0,3.6,0.6
2023-10-12 23:00:00+00:00,12.45,21.0,3.6,0.6
2023-10-12 23:10:00+00:00,12.42,21.0,3.6,0.6
2023-10-12 23:20:00+00:00,12.39,21.0,3.6,0.6
2023-10-12 23:30:00+00:00,12.360000000000001,21.0,3.6,0.6
2023-10-12 23:40:00+00:00,12.33,21.0,3.6,0.6
2023-10-12 23:50:00+00:00,12.3,21.0,3.6,0.6
2023-10-13 00:00:00+00:00,12.270000000000001,21.1,3.6,0.6
2023-10-13 00:10:00+00:00,12.24,21.2,3.6,0.6
2023-10-13 00:20:00+00:00,12.21,21.3,3.6,0.6
2023-10-13 00:30:00+00:00,12.18,21.4,3.6,0.6
2023-10-13 00:40:00+00:00,12.15,21.5,3.6,0.6
2023-10-13 00:50:00+00:00,12.120000000000001,21.6,3.6,0.6
2023-10-13 01:00:00+00:00,12.09,21.7,3.6,0.6
2023-10-13 01:10:00+00:00,12.06,21.8,3.6,0.6
2023-10-13 01:20:00+00:00,12.03,21.9,3.6,0.6
2023-10-13 01:30:00+00:00,12.0,22.0,3.6,0.6
2023-10-13 01:40:00+00:00,11.96,22.1,3.6,0.58
2023-10-13 01:50:00+00:00,11.92,22.2,3.6,0.5599999999999999
2023-10-13 02:00:00+00:00,11.879999999999999,22.3,3.6,0.54
2023-10-13 02:10:00+00:00,11.84,22.4,3.6,0.52
2023-10-13 02:20:00+00:00,11.8,22.5,3.6,0.5
2023-10-13 02:30:00+00:00,11.76,22.6,3.6,0.48
2023-10-13 02:40:00+00:00,11.719999999999999,22.7,3.6,0.45999999999999996
2023-10-13 02:50:00+00:00,11.68,22.8,3.6,0.44
2023-10-13 03:00:00+00:00,11.64,22.9,3.6,0.42000000000000004
2023-10-13 03:10:00+00:00,11.6,23.0,3.6,0.4
2023-10-13 03:20:00+00:00,11.57,23.0,3.6100000000000003,0.44
2023-10-13 03:30:00+00:00,11.54,23.0,3.62,0.48000000000000004
2023-10-13 03:40:00+00:00,11.51,23.0,3.63,0.52
2023-10-13 03:50:00+00:00,11.48,23.0,3.64,0.56
2023-10-13 04:00:00+00:00,11.45,23.0,3.6500000000000004,0.6000000000000001
2023-10-13 04:10:00+00:00,11.42,23.0,3.66,0.64
2023-10-13 04:20:00+00:00,11.39,23.0,3.67,0.68
2023-10-13 04:30:00+00:00,11.360000000000001,23.0,3.68,0.72
2023-10-13 04:40:00+00:00,11.33,23.0,3.6900000000000004,0.76
2023-10-13 04:50:00+00:00,11.3,23.0,3.7,0.8
2023-10-13 05:00:00+00:00,11.270000000000001,23.1,3.6950000000000003,1.12
2023-10-13 05:10:00+00:00,11.24,23.2,3.6900000000000004,1.44
2023-10-13 05:20:00+00:00,11.21,23.3,3.685,1.76
2023-10-13 05:30:00+00:00,11.18,23.4,3.68,2.08
2023-10-13 05:40:00+00:00,11.15,23.5,3.6750000000000003,2.4000000000000004
2023-10-13 05:50:00+00:00,11.120000000000001,23.6,3.6700000000000004,2.7199999999999998
2023-10-13 06:00:00+00:00,11.09,23.7,3.6650000000000005,3.04
2023-10-13 06:10:00+00:00,11.06,23.8,3.66,3.3600000000000003
2023-10-13 06:20:00+00:00,11.03,23.9,3.6550000000000002,3.6799999999999997
2023-10-13 06:30:00+00:00,11.0,24.0,3.6500000000000004,4.0
2023-10-13 06:40:00+00:00,10.966666666666667,24.333333333333332,3.6333333333333337,4.0
2023-10-13 06:50:00+00:00,10.933333333333334,24.666666666666668,3.6166666666666667,4.0
2023-10-13 07:00:00+00:00,10.9,25.0,3.6,4.0
2023-10-13 07:10:00+00:00,10.8,25.0,3.6,4.0
2023-10-13 07:20:00+00:00,10.8,24.0,3.6,4.0
2023-10-13 07:30:00+00:00,10.8,24.0,3.6,4.0
2023-10-13 07:40:00+00:00,10.8,24.0,3.6,4.0
2023-10-13 07:50:00+00:00,10.8,24.0,3.5,4.0
2023-10-13 08:00:00+00:00,10.8,24.0,3.6,4.0
2023-10-13 08:10:00+00:00,10.8,24.0,3.6,4.0
2023-10-13 08:20:00+00:00,10.8,24.0,3.6,4.0
2023-10-13 08:30:00+00:00,10.8,24.0,3.6,4.0
2023-10-13 08:40:00+00:00,10.8,24.0,3.6,4.0
2023-10-13 08:50:00+00:00,10.8,24.0,3.6,4.0
2023-10-13 09:00:00+00:00,10.8,24.0,3.6,4.0
2023-10-13 09:10:00+00:00,10.8,24.0,3.6,4.0
2023-10-13 09:20:00+00:00,10.8,24.0,3.6,4.0
2023-10-13 09:30:00+00:00,10.8,24.0,3.5,4.0
2023-10-13 09:40:00+00:00,10.8,24.0,3.5,4.0
2023-10-13 09:50:00+00:00,10.8,24.0,3.5,4.0
2023-10-13 10:00:00+00:00,10.9,24.0,3.5,4.0
2023-10-13 10:10:00+00:00,10.9,23.5,3.5,4.0
2023-10-13 10:20:00+00:00,10.9,23.0,3.5,4.0
2023-10-13 10:30:00+00:00,10.9,24.0,3.5,4.0
2023-10-13 10:40:00+00:00,11.0,23.0,3.5,4.0
2023-10-13 10:50:00+00:00,11.0,24.0,3.5,4.0
2023-10-13 11:00:00+00:00,11.0,24.0,3.5,4.0
2023-10-13 11:10:00+00:00,11.1,23.0,3.5,4.0
2023-10-13 11:20:00+00:00,11.1,23.0,3.5,4.0
2023-10-13 11:30:00+00:00,11.1,23.0,3.5,4.0
2023-10-13 11:40:00+00:00,11.1,23.0,3.5,4.0
2023-10-13 11:50:00+00:00,11.2,23.0,3.5,4.0
2023-10-13 12:00:00+00:00,11.2,23.0,3.5,4.0
2023-10-13 12:10:00+00:00,11.2,23.0,3.5,4.0
2023-10-13 12:20:00+00:00,11.3,23.0,3.5,4.0
2023-10-13 12:30:00+00:00,11.3,22.0,3.5,4.0
2023-10-13 12:40:00+00:00,11.3,23.0,3.5,4.0
2023-10-13 12:50:00+00:00,11.4,22.0,3.5,4.0
2023-10-13 13:00:00+00:00,11.4,22.0,3.5,5.4
2023-10-13 13:10:00+00:00,11.5,22.0,3.5,5.6
2023-10-13 13:20:00+00:00,11.5,22.0,3.5,5.9
2023-10-13 13:30:00+00:00,11.5,22.0,3.5,5.1
2023-10-13 13:40:00+00:00,11.6,22.0,3.5,4.9
2023-10-13 13:50:00+00:00,11.6,22.5,3.5,5.050000000000001
2023-10-13 14:00:00+00:00,11.6,23.0,3.5,5.2
2023-10-13 14:10:00+00:00,11.7,24.0,3.5,5.5
2023-10-13 14:20:00+00:00,11.7,24.0,3.5,4.5
2023-10-13 14:30:00+00:00,11.8,24.0,3.5,5.1
2023-10-13 14:40:00+00:00,11.8,25.0,3.5,4.1
2023-10-13 14:50:00+00:00,11.8,25.0,3.5,4.4
2023-10-13 15:00:00+00:00,11.8,25.0,3.5,4.6
2023-10-13 15:10:00+00:00,11.9,25.0,3.5,4.1
2023-10-13 15:20:00+00:00,11.9,26.0,3.5,4.6
2023-10-13 15:30:00+00:00,12.0,27.0,3.5,3.9
2023-10-13 15:40:00+00:00,12.0,27.0,3.5,3.65
2023-10-13 15:50:00+00:00,12.0,27.0,3.5,3.4
2023-10-13 16:00:00+00:00,12.0,26.0,3.5,3.4
2023-10-13 16:10:00+00:00,12.0,26.0,3.5,1.8
2023-10-13 16:20:00+00:00,12.1,26.0,3.5,0.9
2023-10-13 16:30:00+00:00,12.12,25.9,3.5,0.87
2023-10-13 16:40:00+00:00,12.14,25.8,3.5,0.84
2023-10-13 16:50:00+00:00,12.16,25.7,3.5,0.81
2023-10-13 17:00:00+00:00,12.18,25.6,3.5,0.78
2023-10-13 17:10:00+00:00,12.2,25.5,3.5,0.75
2023-10-13 17:20:00+00:00,12.22,25.4,3.5,0.72
2023-10-13 17:30:00+00:00,12.24,25.3,3.5,0.69
2023-10-13 17:40:00+00:00,12.26,25.2,3.5,0.6599999999999999
2023-10-13 17:50:00+00:00,12.280000000000001,25.1,3.5,0.6299999999999999
2023-10-13 18:00:00+00:00,12.3,25.0,3.5,0.6
2023-10-13 18:10:00+00:00,12.33,24.8,3.5,0.6
2023-10-13 18:20:00+00:00,12.360000000000001,24.6,3.5,0.6
2023-10-13 18:30:00+00:00,12.39,24.4,3.5,0.6
2023-10-13 18:40:00+00:00,12.42,24.2,3.5,0.6
2023-10-13 18:50:00+00:00,12.45,24.0,3.5,0.6
2023-10-13 19:00:00+00:00,12.48,23.8,3.5,0.6
2023-10-13 19:10:00+00:00,12.51,23.6,3.5,0.6
2023-10-13 19:20:00+00:00,12.54,23.4,3.5,0.6
2023-10-13 19:30:00+00:00,12.57,23.2,3.5,0.6
2023-10-13 19:40:00+00:00,12.6,23.0,3.5,0.6
2023-10-13 19:50:00+00:00,12.62,22.9,3.5,0.6
2023-10-13 20:00:00+00:00,12.64,22.8,3.5,0.6
2023-10-13 20:10:00+00:00,12.66,22.7,3.5,0.6
2023-10-13 20:20:00+00:00,12.68,22.6,3.5,0.6
2023-10-13 20:30:00+00:00,12.7,22.5,3.5,0.6
2023-10-13 20:40:00+00:00,12.72,22.4,3.5,0.6
2023-10-13 20:50:00+00:00,12.74,22.3,3.5,0.6
2023-10-13 21:00:00+00:00,12.76,22.2,3.5,0.6
2023-10-13 21:10:00+00:00,12.780000000000001,22.1,3.5,0.6
2023-10-13 21:20:00+00:00,12.8,22.0,3.5,0.6
2023-10-13 21:30:00+00:00,12.815384615384616,21.923076923076923,3.5,0.6
2023-10-13 21:40:00+00:00,12.830769230769231,21.846153846153847,3.5,0.6
2023-10-13 21:50:00+00:00,12.846153846153847,21.76923076923077,3.5,0.6
2023-10-13 22:00:00+00:00,12.861538461538462,21.692307692307693,3.5,0.6
2023-10-13 22:10:00+00:00,12.876923076923077,21.615384615384617,3.5,0.6
2023-10-13 22:20:00+00:00,12.892307692307693,21.53846153846154,3.5,0.6
2023-10-13 22:30:00+00:00,12.907692307692308,21.46153846153846,3.5,0.6
2023-10-13 22:40:00+00:00,12.923076923076923,21.384615384615383,3.5,0.6
2023-10-13 22:50:00+00:00,12.938461538461539,21.307692307692307,3.5,0.6
2023-10-13 23:00:00+00:00,12.953846153846154,21.23076923076923,3.5,0.6
2023-10-13 23:10:00+00:00,12.96923076923077,21.153846153846153,3.5,0.6
2023-10-13 23:20:00+00:00,12.984615384615385,21.076923076923077,3.5,0.6
2023-10-13 23:30:00+00:00,13.0,21.0,3.5,0.6
2023-10-13 23:40:00+00:00,13.02,20.9,3.5,0.6
2023-10-13 23:50:00+00:00,13.04,20.8,3.5,0.6
2023-10-14 00:00:00+00:00,13.06,20.7,3.5,0.6
2023-10-14 00:10:00+00:00,13.08,20.6,3.5,0.6
2023-10-14 00:20:00+00:00,13.1,20.5,3.5,0.6
2023-10-14 00:30:00+00:00,13.12,20.4,3.5,0.6
2023-10-14 00:40:00+00:00,13.139999999999999,20.3,3.5,0.6
2023-10-14 00:50:00+00:00,13.16,20.2,3.5,0.6
2023-10-14 01:00:00+00:00,13.18,20.1,3.5,0.6
2023-10-14 01:10:00+00:00,13.2,20.0,3.5,0.6
2023-10-14 01:20:00+00:00,13.209999999999999,20.0,3.5,0.58
2023-10-14 01:30:00+00:00,13.219999999999999,20.0,3.5,0.5599999999999999
2023-10-14 01:40:00+00:00,13.23,20.0,3.5,0.54
2023-10-14 01:50:00+00:00,13.24,20.0,3.5,0.52
2023-10-14 02:00:00+00:00,13.25,20.0,3.5,0.5
2023-10-14 02:10:00+00:00,13.26,20.0,3.5,0.48
2023-10-14 02:20:00+00:00,13.27,20.0,3.5,0.45999999999999996
2023-10-14 02:30:00+00:00,13.280000000000001,20.0,3.5,0.44
2023-10-14 02:40:00+00:00,13.290000000000001,20.0,3.5,0.42000000000000004
2023-10-14 02:50:00+00:00,13.3,20.0,3.5,0.4
2023-10-14 03:00:00+00:00,13.3,20.0,3.5,0.42000000000000004
2023-10-14 03:10:00+00:00,13.3,20.0,3.5,0.44
2023-10-14 03:20:00+00:00,13.3,20.0,3.5,0.46
2023-10-14 03:30:00+00:00,13.3,20.0,3.5,0.48
2023-10-14 03:40:00+00:00,13.3,20.0,3.5,0.5
2023-10-14 03:50:00+00:00,13.3,20.0,3.5,0.52
2023-10-14 04:00:00+00:00,13.3,20.0,3.5,0.54
2023-10-14 04:10:00+00:00,13.3,20.0,3.5,0.56
2023-10-14 04:20:00+00:00,13.3,20.0,3.5,0.58
2023-10-14 04:30:00+00:00,13.3,20.0,3.5,0.6
2023-10-14 04:40:00+00:00,13.3,20.4,3.5,0.94
2023-10-14 04:50:00+00:00,13.3,20.8,3.5,1.2799999999999998
2023-10-14 05:00:00+00:00,13.3,21.2,3.5,1.62
2023-10-14 05:10:00+00:00,13.3,21.6,3.5,1.96
2023-10-14 05:20:00+00:00,13.3,22.0,3.5,2.3
2023-10-14 05:30:00+00:00,13.3,22.4,3.5,2.64
2023-10-14 05:40:00+00:00,13.3,22.8,3.5,2.98
2023-10-14 05:50:00+00:00,13.3,23.2,3.5,3.32
2023-10-14 06:00:00+00:00,13.3,23.6,3.5,3.6599999999999997
2023-10-14 06:10:00+00:00,13.3,24.0,3.5,4.0
2023-10-14 06:20:00+00:00,13.3,23.0,3.5,4.0
2023-10-14 06:30:00+00:00,13.3,23.0,3.5,4.0
2023-10-14 06:40:00+00:00,13.3,22.0,3.5,4.0
2023-10-14 06:50:00+00:00,13.4,22.0,3.5,4.0
2023-10-14 07:00:00+00:00,13.3,22.0,3.5,4.0
2023-10-14 07:10:00+00:00,13.4,22.0,3.5,4.0
2023-10-14 07:20:00+00:00,13.4,22.0,3.5,4.0
2023-10-14 07:30:00+00:00,13.4,22.0,3.5,4.0
2023-10-14 07:40:00+00:00,13.4,21.0,3.5,4.0
2023-10-14 07:50:00+00:00,13.4,21.0,3.5,4.0
2023-10-14 08:00:00+00:00,13.4,21.0,3.4,4.0
2023-10-14 08:10:00+00:00,13.4,21.0,3.5,4.0
2023-10-14 08:20:00+00:00,13.4,22.0,3.5,4.0
2023-10-14 08:30:00+00:00,13.5,21.0,3.5,4.0
2023-10-14 08:40:00+00:00,13.5,22.0,3.5,4.0
2023-10-14 08:50:00+00:00,13.5,22.0,3.5,4.0
2023-10-14 09:00:00+00:00,13.5,22.0,3.5,4.0
2023-10-14 09:10:00+00:00,13.5,22.0,3.5,4.0
2023-10-14 09:20:00+00:00,13.5,22.0,3.5,4.0
2023-10-14 09:30:00+00:00,13.5,22.0,3.5,4.0
2023-10-14 09:40:00+00:00,13.5,22.0,3.5,4.0
2023-10-14 09:50:00+00:00,13.5,22.0,3.5,4.0
2023-10-14 10:00:00+00:00,13.5,22.0,3.5,4.0
2023-10-14 10:10:00+00:00,13.5,22.0,3.5,4.0
2023-10-14 10:20:00+00:00,13.6,23.0,3.5,4.0
2023-10-14 10:30:00+00:00,13.6,22.0,3.5,4.0
2023-10-14 10:40:00+00:00,13.6,22.0,3.5,4.0
2023-10-14 10:50:00+00:00,13.6,22.0,3.5,4.0
2023-10-14 11:00:00+00:00,13.6,22.0,3.5,4.0
2023-10-14 11:10:00+00:00,13.6,23.0,3.5,4.0
2023-10-14 11:20:00+00:00,13.6,22.0,3.5,4.0
2023-10-14 11:30:00+00:00,13.6,22.0,3.5,4.0
2023-10-14 11:40:00+00:00,13.6,23.0,3.5,4.0
2023-10-14 11:50:00+00:00,13.6,22.0,3.5,6.1
2023-10-14 12:00:00+00:00,13.7,23.0,3.5,4.0
2023-10-14 12:10:00+00:00,13.7,22.0,3.5,6.0
2023-10-14 12:20:00+00:00,13.7,23.0,3.5,5.7
2023-10-14 12:30:00+00:00,13.8,22.0,3.5,4.0
2023-10-14 12:40:00+00:00,13.8,22.0,3.5,4.75
2023-10-14 12:50:00+00:00,13.8,22.0,3.5,5.5
2023-10-14 13:00:00+00:00,13.8,22.0,3.5,6.3
2023-10-14 13:10:00+00:00,13.8,22.0,3.5,6.1
2023-10-14 13:20:00+00:00,13.8,22.0,3.4,6.1
2023-10-14 13:30:00+00:00,13.8,22.0,3.5,4.9
2023-10-14 13:40:00+00:00,13.8,22.0,3.5,6.0
2023-10-14 13:50:00+00:00,13.9,22.0,3.5,4.5
2023-10-14 14:00:00+00:00,13.9,21.0,3.5,5.8
2023-10-14 14:10:00+00:00,13.9,22.0,3.5,6.0
2023-10-14 14:20:00+00:00,13.9,22.0,3.5,6.3
2023-10-14 14:30:00+00:00,13.9,21.5,3.5,6.3
2023-10-14 14:40:00+00:00,13.9,21.0,3.5,6.3
2023-10-14 14:50:00+00:00,13.9,22.0,3.5,5.9
2023-10-14 15:00:00+00:00,13.9,22.0,3.5,4.5
2023-10-14 15:10:00+00:00,13.9,22.0,3.5,5.9
2023-10-14 15:20:00+00:00,13.9,22.0,3.5,5.0
2023-10-14 15:30:00+00:00,13.9,22.0,3.5,4.0
2023-10-14 15:40:00+00:00,13.8,22.0,3.5,4.2
2023-10-14 15:50:00+00:00,13.8,22.0,3.6,4.1
2023-10-14 16:00:00+00:00,13.8,22.0,3.6,3.5
2023-10-14 16:10:00+00:00,13.8,22.0,3.5,1.9
2023-10-14 16:20:00+00:00,13.8,22.0,3.5,1.35
2023-10-14 16:30:00+00:00,13.8,22.0,3.5,0.8
2023-10-14 16:40:00+00:00,13.760000000000002,22.0,3.51,0.78
2023-10-14 16:50:00+00:00,13.72,22.0,3.52,0.76
2023-10-14 17:00:00+00:00,13.68,22.0,3.5300000000000002,0.74
2023-10-14 17:10:00+00:00,13.64,22.0,3.54,0.72
2023-10-14 17:20:00+00:00,13.600000000000001,22.0,3.55,0.7
2023-10-14 17:30:00+00:00,13.56,22.0,3.56,0.6799999999999999
2023-10-14 17:40:00+00:00,13.52,22.0,3.5700000000000003,0.66
2023-10-14 17:50:00+00:00,13.48,22.0,3.58,0.64
2023-10-14 18:00:00+00:00,13.440000000000001,22.0,3.59,0.62
2023-10-14 18:10:00+00:00,13.4,22.0,3.6,0.6
2023-10-14 18:20:00+00:00,13.36,22.0,3.6,0.6
2023-10-14 18:30:00+00:00,13.32,22.0,3.6,0.6
2023-10-14 18:40:00+00:00,13.280000000000001,22.0,3.6,0.6
2023-10-14 18:50:00+00:00,13.24,22.0,3.6,0.6
2023-10-14 19:00:00+00:00,13.2,22.0,3.6,0.6
2023-10-14 19:10:00+00:00,13.16,22.0,3.6,0.6
2023-10-14 19:20:00+00:00,13.120000000000001,22.0,3.6,0.6
2023-10-14 19:30:00+00:00,13.08,22.0,3.6,0.6
2023-10-14 19:40:00+00:00,13.04,22.0,3.6,0.6
2023-10-14 19:50:00+00:00,13.0,22.0,3.6,0.6
2023-10-14 20:00:00+00:00,12.96923076923077,22.0,3.6,0.6
2023-10-14 20:10:00+00:00,12.938461538461539,22.0,3.6,0.6
2023-10-14 20:20:00+00:00,12.907692307692308,22.0,3.6,0.6
2023-10-14 20:30:00+00:00,12.876923076923077,22.0,3.6,0.6
2023-10-14 20:40:00+00:00,12.846153846153847,22.0,3.6,0.6
2023-10-14 20:50:00+00:00,12.815384615384616,22.0,3.6,0.6
2023-10-14 21:00:00+00:00,12.784615384615384,22.0,3.6,0.6
2023-10-14 21:10:00+00:00,12.753846153846153,22.0,3.6,0.6
2023-10-14 21:20:00+00:00,12.723076923076922,22.0,3.6,0.6
2023-10-14 21:30:00+00:00,12.692307692307692,22.0,3.6,0.6
2023-10-14 21:40:00+00:00,12.661538461538461,22.0,3.6,0.6
2023-10-14 21:50:00+00:00,12.63076923076923,22.0,3.6,0.6
2023-10-14 22:00:00+00:00,12.6,22.0,3.6,0.6
2023-10-14 22:10:00+00:00,12.549999999999999,22.1,3.6,0.6
2023-10-14 22:20:00+00:00,12.5,22.2,3.6,0.6
2023-10-14 22:30:00+00:00,12.45,22.3,3.6,0.6
2023-10-14 22:40:00+00:00,12.4,22.4,3.6,0.6
2023-10-14 22:50:00+00:00,12.35,22.5,3.6,0.6
2023-10-14 23:00:00+00:00,12.299999999999999,22.6,3.6,0.6
2023-10-14 23:10:00+00:00,12.25,22.7,3.6,0.6
2023-10-14 23:20:00+00:00,12.2,22.8,3.6,0.6
2023-10-14 23:30:00+00:00,12.15,22.9,3.6,0.6
2023-10-14 23:40:00+00:00,12.1,23.0,3.6,0.6
2023-10-14 23:50:00+00:00,12.07,23.0,3.6,0.6
2023-10-15 00:00:00+00:00,12.04,23.0,3.6,0.6
2023-10-15 00:10:00+00:00,12.01,23.0,3.6,0.6
2023-10-15 00:20:00+00:00,11.98,23.0,3.6,0.6
2023-10-15 00:30:00+00:00,11.95,23.0,3.6,0.6
2023-10-15 00:40:00+00:00,11.92,23.0,3.6,0.6
2023-10-15 00:50:00+00:00,11.89,23.0,3.6,0.6
2023-10-15 01:00:00+00:00,11.860000000000001,23.0,3.6,0.6
2023-10-15 01:10:00+00:00,11.83,23.0,3.6,0.6
2023-10-15 01:20:00+00:00,11.8,23.0,3.6,0.6
2023-10-15 01:30:00+00:00,11.770000000000001,23.0,3.6,0.6
2023-10-15 01:40:00+00:00,11.74,23.0,3.6,0.6
2023-10-15 01:50:00+00:00,11.71,23.0,3.6,0.6
2023-10-15 02:00:00+00:00,11.68,23.0,3.6,0.6
2023-10-15 02:10:00+00:00,11.65,23.0,3.6,0.6
2023-10-15 02:20:00+00:00,11.620000000000001,23.0,3.6,0.6
2023-10-15 02:30:00+00:00,11.59,23.0,3.6,0.6
2023-10-15 02:40:00+00:00,11.56,23.0,3.6,0.6
2023-10-15 02:50:00+00:00,11.53,23.0,3.6,0.6
2023-10-15 03:00:00+00:00,11.5,23.0,3.6,0.6
2023-10-15 03:10:00+00:00,11.46,23.1,3.6,0.6
2023-10-15 03:20:00+00:00,11.42,23.2,3.6,0.6
2023-10-15 03:30:00+00:00,11.379999999999999,23.3,3.6,0.6
2023-10-15 03:40:00+00:00,11.34,23.4,3.6,0.6
2023-10-15 03:50:00+00:00,11.3,23.5,3.6,0.6
2023-10-15 04:00:00+00:00,11.26,23.6,3.6,0.6
2023-10-15 04:10:00+00:00,11.219999999999999,23.7,3.6,0.6
2023-10-15 04:20:00+00:00,11.18,23.8,3.6,0.6
2023-10-15 04:30:00+00:00,11.14,23.9,3.6,0.6
2023-10-15 04:40:00+00:00,11.1,24.0,3.6,0.6
2023-10-15 04:50:00+00:00,11.08,24.0,3.6,0.94
2023-10-15 05:00:00+00:00,11.06,24.0,3.6,1.2799999999999998
2023-10-15 05:10:00+00:00,11.04,24.0,3.6,1.62
2023-10-15 05:20:00+00:00,11.02,24.0,3.6,1.96
2023-10-15 05:30:00+00:00,11.0,24.0,3.6,2.3
2023-10-15 05:40:00+00:00,10.98,24.0,3.6,2.64
2023-10-15 05:50:00+00:00,10.96,24.0,3.6,2.98
2023-10-15 06:00:00+00:00,10.94,24.0,3.6,3.32
2023-10-15 06:10:00+00:00,10.92,24.0,3.6,3.6599999999999997
2023-10-15 06:20:00+00:00,10.9,24.0,3.6,4.0
2023-10-15 06:30:00+00:00,10.8,24.0,3.6,4.0
2023-10-15 06:40:00+00:00,10.8,24.0,3.6,4.0
2023-10-15 06:50:00+00:00,10.8,24.0,3.6,4.0
2023-10-15 07:00:00+00:00,10.8,24.0,3.6,4.0
2023-10-15 07:10:00+00:00,10.7,24.0,3.6,4.0
2023-10-15 07:20:00+00:00,10.7,24.0,3.6,4.0
2023-10-15 07:30:00+00:00,10.7,23.0,3.6,4.0
2023-10-15 07:40:00+00:00,10.6,23.0,3.6,4.0
2023-10-15 07:50:00+00:00,10.6,23.0,3.5,4.0
2023-10-15 08:00:00+00:00,10.6,23.0,3.55,4.0
2023-10-15 08:10:00+00:00,10.6,23.0,3.6,4.0
2023-10-15 08:20:00+00:00,10.6,23.0,3.6,4.0
2023-10-15 08:30:00+00:00,10.6,23.0,3.5,4.0
2023-10-15 08:40:00+00:00,10.6,22.0,3.6,4.0
2023-10-15 08:50:00+00:00,10.6,22.0,3.6,4.0
2023-10-15 09:00:00+00:00,10.6,21.0,3.5,4.0
2023-10-15 09:10:00+00:00,10.6,22.0,3.5,4.0
2023-10-15 09:20:00+00:00,10.6,21.0,3.5,4.0
2023-10-15 09:30:00+00:00,10.7,21.0,3.5,5.8
2023-10-15 09:40:00+00:00,10.7,21.0,3.5,4.0
2023-10-15 09:50:00+00:00,10.7,21.0,3.5,5.2
2023-10-15 10:00:00+00:00,10.7,21.0,3.5,6.4
2023-10-15 10:10:00+00:00,10.8,21.0,3.5,4.0
2023-10-15 10:20:00+00:00,10.8,21.0,3.5,4.0
2023-10-15 10:30:00+00:00,10.8,21.0,3.6,5.8
2023-10-15 10:40:00+00:00,10.9,21.0,3.5,6.2
2023-10-15 10:50:00+00:00,10.9,20.0,3.5,6.3
2023-10-15 11:00:00+00:00,11.0,21.0,3.5,5.3
2023-10-15 11:10:00+00:00,11.0,21.0,3.5,5.8
2023-10-15 11:20:00+00:00,11.0,20.0,3.5,6.4
2023-10-15 11:30:00+00:00,11.0,20.0,3.5,6.5
2023-10-15 11:40:00+00:00,11.05,20.0,3.5,6.25
2023-10-15 11:50:00+00:00,11.1,20.0,3.5,6.0
2023-10-15 12:00:00+00:00,11.1,20.0,3.5,6.5
2023-10-15 12:10:00+00:00,11.1,20.0,3.5,6.0
2023-10-15 12:20:00+00:00,11.1,20.0,3.5,6.0
2023-10-15 12:30:00+00:00,11.2,20.0,3.5,6.5
2023-10-15 12:40:00+00:00,11.3,20.0,3.5,6.5
2023-10-15 12:50:00+00:00,11.3,20.0,3.5,6.5
2023-10-15 13:00:00+00:00,11.4,20.0,3.5,6.1
2023-10-15 13:10:00+00:00,11.4,20.0,3.5,4.9
2023-10-15 13:20:00+00:00,11.5,19.0,3.5,6.4
2023-10-15 13:30:00+00:00,11.5,19.5,3.5,6.45
2023-10-15 13:40:00+00:00,11.5,20.0,3.5,6.5
2023-10-15 13:50:00+00:00,11.5,19.0,3.5,6.1
2023-10-15 14:00:00+00:00,11.6,20.0,3.5,5.9
2023-10-15 14:10:00+00:00,11.6,20.0,3.6,5.6
2023-10-15 14:20:00+00:00,11.6,20.0,3.6,6.0
2023-10-15 14:30:00+00:00,11.6,20.0,3.6,5.3
2023-10-15 14:40:00+00:00,11.7,20.0,3.6,5.9
2023-10-15 14:50:00+00:00,11.7,20.0,3.6,5.9
2023-10-15 15:00:00+00:00,11.7,20.0,3.6,4.7
2023-10-15 15:10:00+00:00,11.7,20.0,3.6,4.65
2023-10-15 15:20:00+00:00,11.7,20.0,3.6,4.6
2023-10-15 15:30:00+00:00,11.7,21.0,3.6,4.2
2023-10-15 15:40:00+00:00,11.7,21.0,3.7,4.0
2023-10-15 15:50:00+00:00,11.7,21.0,3.6,3.7
2023-10-15 16:00:00+00:00,11.7,21.0,3.6,3.2
2023-10-15 16:10:00+00:00,11.7,21.0,3.6,1.7
2023-10-15 16:20:00+00:00,11.7,21.0,3.6,1.0
2023-10-15 16:30:00+00:00,11.6,21.0,3.6,0.7
2023-10-15 16:40:00+00:00,11.58,21.1,3.6,0.69
2023-10-15 16:50:00+00:00,11.56,21.2,3.6,0.6799999999999999
2023-10-15 17:00:00+00:00,11.54,21.3,3.6,0.6699999999999999
2023-10-15 17:10:00+00:00,11.52,21.4,3.6,0.6599999999999999
2023-10-15 17:20:00+00:00,11.5,21.5,3.6,0.6499999999999999
2023-10-15 17:30:00+00:00,11.48,21.6,3.6,0.64
2023-10-15 17:40:00+00:00,11.46,21.7,3.6,0.63
2023-10-15 17:50:00+00:00,11.44,21.8,3.6,0.62
2023-10-15 18:00:00+00:00,11.42,21.9,3.6,0.61
2023-10-15 18:10:00+00:00,11.4,22.0,3.6,0.6
2023-10-15 18:20:00+00:00,11.370000000000001,22.0,3.6,0.6
2023-10-15 18:30:00+00:00,11.34,22.0,3.6,0.6
2023-10-15 18:40:00+00:00,11.31,22.0,3.6,0.6
2023-10-15 18:50:00+00:00,11.28,22.0,3.6,0.6
2023-10-15 19:00:00+00:00,11.25,22.0,3.6,0.6
2023-10-15 19:10:00+00:00,11.22,22.0,3.6,0.6
2023-10-15 19:20:00+00:00,11.19,22.0,3.6,0.6
2023-10-15 19:30:00+00:00,11.16,22.0,3.6,0.6
2023-10-15 19:40:00+00:00,11.129999999999999,22.0,3.6,0.6
2023-10-15 19:50:00+00:00,11.1,22.0,3.6,0.6
2023-10-15 20:00:00+00:00,11.07857142857143,22.071428571428573,3.607142857142857,0.6
2023-10-15 20:10:00+00:00,11.057142857142857,22.142857142857142,3.6142857142857143,0.6
2023-10-15 20:20:00+00:00,11.035714285714285,22.214285714285715,3.6214285714285714,0.6
2023-10-15 20:30:00+00:00,11.014285714285714,22.285714285714285,3.6285714285714286,0.6
2023-10-15 20:40:00+00:00,10.992857142857144,22.357142857142858,3.6357142857142857,0.6
2023-10-15 20:50:00+00:00,10.971428571428572,22.428571428571427,3.642857142857143,0.6
2023-10-15 21:00:00+00:00,10.95,22.5,3.6500000000000004,0.6
2023-10-15 21:10:00+00:00,10.928571428571429,22.571428571428573,3.6571428571428575,0.6
2023-10-15 21:20:00+00:00,10.907142857142858,22.642857142857142,3.6642857142857146,0.6
2023-10-15 21:30:00+00:00,10.885714285714286,22.714285714285715,3.6714285714285717,0.6
2023-10-15 21:40:00+00:00,10.864285714285714,22.785714285714285,3.678571428571429,0.6
2023-10-15 21:50:00+00:00,10.842857142857143,22.857142857142858,3.685714285714286,0.6
2023-10-15 22:00:00+00:00,10.821428571428573,22.928571428571427,3.692857142857143,0.6
2023-10-15 22:10:00+00:00,10.8,23.0,3.7,0.6
2023-10-15 22:20:00+00:00,10.780000000000001,23.1,3.7,0.6
2023-10-15 22:30:00+00:00,10.76,23.2,3.7,0.6
2023-10-15 22:40:00+00:00,10.74,23.3,3.7,0.6
2023-10-15 22:50:00+00:00,10.72,23.4,3.7,0.6
2023-10-15 23:00:00+00:00,10.7,23.5,3.7,0.6
2023-10-15 23:10:00+00:00,10.68,23.6,3.7,0.6
2023-10-15 23:20:00+00:00,10.66,23.7,3.7,0.6
2023-10-15 23:30:00+00:00,10.64,23.8,3.7,0.6
2023-10-15 23:40:00+00:00,10.62,23.9,3.7,0.6
2023-10-15 23:50:00+00:00,10.6,24.0,3.7,0.6
2023-10-16 00:00:00+00:00,10.58,24.1,3.6900000000000004,0.6
2023-10-16 00:10:00+00:00,10.56,24.2,3.68,0.6
2023-10-16 00:20:00+00:00,10.54,24.3,3.67,0.6
2023-10-16 00:30:00+00:00,10.52,24.4,3.66,0.6
2023-10-16 00:40:00+00:00,10.5,24.5,3.6500000000000004,0.6
2023-10-16 00:50:00+00:00,10.48,24.6,3.64,0.6
2023-10-16 01:00:00+00:00,10.46,24.7,3.63,0.6
2023-10-16 01:10:00+00:00,10.44,24.8,3.62,0.6
2023-10-16 01:20:00+00:00,10.42,24.9,3.6100000000000003,0.6
2023-10-16 01:30:00+00:00,10.4,25.0,3.6,0.6
2023-10-16 01:40:00+00:00,10.370000000000001,25.0,3.6,0.6
2023-10-16 01:50:00+00:00,10.34,25.0,3.6,0.6
2023-10-16 02:00:00+00:00,10.31,25.0,3.6,0.6
2023-10-16 02:10:00+00:00,10.28,25.0,3.6,0.6
2023-10-16 02:20:00+00:00,10.25,25.0,3.6,0.6
2023-10-16 02:30:00+00:00,10.22,25.0,3.6,0.6
2023-10-16 02:40:00+00:00,10.19,25.0,3.6,0.6
2023-10-16 02:50:00+00:00,10.16,25.0,3.6,0.6
2023-10-16 03:00:00+00:00,10.129999999999999,25.0,3.6,0.6
2023-10-16 03:10:00+00:00,10.1,25.0,3.6,0.6
2023-10-16 03:20:00+00:00,10.09,25.1,3.6,0.6
2023-10-16 03:30:00+00:00,10.08,25.2,3.6,0.6
2023-10-16 03:40:00+00:00,10.07,25.3,3.6,0.6
2023-10-16 03:50:00+00:00,10.06,25.4,3.6,0.6
2023-10-16 04:00:00+00:00,10.05,25.5,3.6,0.6
2023-10-16 04:10:00+00:00,10.04,25.6,3.6,0.6
2023-10-16 04:20:00+00:00,10.03,25.7,3.6,0.6
2023-10-16 04:30:00+00:00,10.02,25.8,3.6,0.6
2023-10-16 04:40:00+00:00,10.01,25.9,3.6,0.6
2023-10-16 04:50:00+00:00,10.0,26.0,3.6,0.6
2023-10-16 05:00:00+00:00,9.98,26.15,3.605,0.94
2023-10-16 05:10:00+00:00,9.96,26.3,3.6100000000000003,1.2799999999999998
2023-10-16 05:20:00+00:00,9.94,26.45,3.615,1.62
2023-10-16 05:30:00+00:00,9.92,26.6,3.62,1.96
2023-10-16 05:40:00+00:00,9.9,26.75,3.625,2.3
2023-10-16 05:50:00+00:00,9.88,26.9,3.6300000000000003,2.64
2023-10-16 06:00:00+00:00,9.860000000000001,27.05,3.6350000000000002,2.98
2023-10-16 06:10:00+00:00,9.84,27.2,3.64,3.32
2023-10-16 06:20:00+00:00,9.82,27.35,3.6450000000000005,3.6599999999999997
2023-10-16 06:30:00+00:00,9.8,27.5,3.6500000000000004,4.0
2023-10-16 06:40:00+00:00,9.8,27.0,3.6,4.0
2023-10-16 06:50:00+00:00,9.8,27.5,3.6,4.0
2023-10-16 07:00:00+00:00,9.8,28.0,3.6,4.0
2023-10-16 07:10:00+00:00,9.8,28.0,3.6,4.0
2023-10-16 07:20:00+00:00,9.8,28.0,3.6,4.0
2023-10-16 07:30:00+00:00,9.8,30.0,3.6,4.0
2023-10-16 07:40:00+00:00,9.8,30.0,3.6,4.0
2023-10-16 07:50:00+00:00,9.8,30.0,3.6,4.0
2023-10-16 08:00:00+00:00,9.8,31.0,3.6,4.0
2023-10-16 08:10:00+00:00,9.8,31.0,3.6,4.0
2023-10-16 08:20:00+00:00,9.8,31.0,3.6,4.0
2023-10-16 08:30:00+00:00,9.8,31.0,3.6,4.0
2023-10-16 08:40:00+00:00,9.8,31.0,3.6,4.0
2023-10-16 08:50:00+00:00,9.8,31.0,3.6,4.0
2023-10-16 09:00:00+00:00,9.8,32.0,3.6,4.0
2023-10-16 09:10:00+00:00,9.8,32.0,3.6,4.0
2023-10-16 09:20:00+00:00,9.8,32.0,3.6,4.0
2023-10-16 09:30:00+00:00,9.8,33.0,3.6,4.0
2023-10-16 09:40:00+00:00,9.8,34.0,3.6,4.0
2023-10-16 09:50:00+00:00,9.8,34.0,3.6,4.0
2023-10-16 10:00:00+00:00,9.8,34.0,3.6,4.0
2023-10-16 10:10:00+00:00,9.8,34.0,3.6,4.0
2023-10-16 10:20:00+00:00,9.8,43.0,3.6,4.0
2023-10-16 10:30:00+00:00,9.8,45.5,3.6,4.0
2023-10-16 10:40:00+00:00,9.8,48.0,3.6,4.0
2023-10-16 10:50:00+00:00,9.9,50.0,3.6,4.0
2023-10-16 11:00:00+00:00,9.9,51.0,3.6,4.0
2023-10-16 11:10:00+00:00,10.0,53.0,3.6,3.8
2023-10-16 11:20:00+00:00,10.0,53.0,3.6,4.0
2023-10-16 11:30:00+00:00,10.0,54.0,3.6,4.0
2023-10-16 11:40:00+00:00,10.0,54.0,3.6,4.0
2023-10-16 11:50:00+00:00,10.0,55.0,3.5,4.0
2023-10-16 12:00:00+00:00,10.1,56.0,3.6,4.0
2023-10-16 12:10:00+00:00,10.1,55.0,3.5,6.2
2023-10-16 12:20:00+00:00,10.1,55.0,3.5,6.2
2023-10-16 12:30:00+00:00,10.1,55.0,3.5,6.2
2023-10-16 12:40:00+00:00,10.2,56.0,3.5,6.3
2023-10-16 12:50:00+00:00,10.2,56.0,3.5,6.1
2023-10-16 13:00:00+00:00,10.3,57.0,3.5,6.2
2023-10-16 13:10:00+00:00,10.3,57.0,3.5,6.2
2023-10-16 13:20:00+00:00,10.4,57.0,3.6,6.2
2023-10-16 13:30:00+00:00,10.5,57.0,3.6,6.2
2023-10-16 13:40:00+00:00,10.5,57.0,3.5,6.5
2023-10-16 13:50:00+00:00,10.5,58.0,3.6,6.1
2023-10-16 14:00:00+00:00,10.6,57.0,3.5,6.3
2023-10-16 14:10:00+00:00,10.6,57.5,3.5,6.15
2023-10-16 14:20:00+00:00,10.6,58.0,3.5,6.0
2023-10-16 14:30:00+00:00,10.6,57.0,3.5,5.6
2023-10-16 14:40:00+00:00,10.7,58.0,3.5,6.1
2023-10-16 14:50:00+00:00,10.7,58.0,3.5,4.9
2023-10-16 15:00:00+00:00,10.8,58.0,3.5,6.1
2023-10-16 15:10:00+00:00,10.8,58.0,3.6,5.0
2023-10-16 15:20:00+00:00,10.8,58.0,3.6,5.4
2023-10-16 15:30:00+00:00,10.8,58.0,3.6,4.4
2023-10-16 15:40:00+00:00,10.8,58.0,3.6,4.1
2023-10-16 15:50:00+00:00,10.8,58.0,3.6,3.7
2023-10-16 16:00:00+00:00,10.850000000000001,58.0,3.6,2.95
2023-10-16 16:10:00+00:00,10.9,58.0,3.6,2.2
2023-10-16 16:20:00+00:00,10.9,58.0,3.6,1.2
2023-10-16 16:30:00+00:00,10.9,58.0,3.7,0.7
2023-10-16 16:40:00+00:00,10.876923076923077,58.0,3.7,0.6769230769230768
2023-10-16 16:50:00+00:00,10.853846153846154,58.0,3.7,0.6538461538461539
2023-10-16 17:00:00+00:00,10.830769230769231,58.0,3.7,0.6307692307692307
2023-10-16 17:10:00+00:00,10.807692307692308,58.0,3.7,0.6076923076923076
2023-10-16 17:20:00+00:00,10.784615384615385,58.0,3.7,0.5846153846153845
2023-10-16 17:30:00+00:00,10.761538461538462,58.0,3.7,0.5615384615384615
2023-10-16 17:40:00+00:00,10.738461538461538,58.0,3.7,0.5384615384615384
2023-10-16 17:50:00+00:00,10.715384615384615,58.0,3.7,0.5153846153846153
2023-10-16 18:00:00+00:00,10.692307692307692,58.0,3.7,0.49230769230769234
2023-10-16 18:10:00+00:00,10.669230769230769,58.0,3.7,0.46923076923076923
2023-10-16 18:20:00+00:00,10.646153846153846,58.0,3.7,0.4461538461538462
2023-10-16 18:30:00+00:00,10.623076923076923,58.0,3.7,0.42307692307692313
2023-10-16 18:40:00+00:00,10.6,58.0,3.7,0.4
2023-10-16 18:50:00+00:00,10.559999999999999,57.9,3.7,0.42000000000000004
2023-10-16 19:00:00+00:00,10.52,57.8,3.7,0.44
2023-10-16 19:10:00+00:00,10.48,57.7,3.7,0.46
2023-10-16 19:20:00+00:00,10.44,57.6,3.7,0.48
2023-10-16 19:30:00+00:00,10.399999999999999,57.5,3.7,0.5
2023-10-16 19:40:00+00:00,10.36,57.4,3.7,0.52
2023-10-16 19:50:00+00:00,10.32,57.3,3.7,0.54
2023-10-16 20:00:00+00:00,10.28,57.2,3.7,0.56
2023-10-16 20:10:00+00:00,10.239999999999998,57.1,3.7,0.58
2023-10-16 20:20:00+00:00,10.2,57.0,3.7,0.6
2023-10-16 20:30:00+00:00,10.17,57.1,3.7,0.6
2023-10-16 20:40:00+00:00,10.139999999999999,57.2,3.7,0.6
2023-10-16 20:50:00+00:00,10.11,57.3,3.7,0.6
2023-10-16 21:00:00+00:00,10.08,57.4,3.7,0.6
2023-10-16 21:10:00+00:00,10.05,57.5,3.7,0.6
2023-10-16 21:20:00+00:00,10.02,57.6,3.7,0.6
2023-10-16 21:30:00+00:00,9.99,57.7,3.7,0.6
2023-10-16 21:40:00+00:00,9.96,57.8,3.7,0.6
2023-10-16 21:50:00+00:00,9.93,57.9,3.7,0.6
2023-10-16 22:00:00+00:00,9.9,58.0,3.7,0.6
2023-10-16 22:10:00+00:00,9.86,58.0,3.7,0.6
2023-10-16 22:20:00+00:00,9.82,58.0,3.7,0.6
2023-10-16 22:30:00+00:00,9.780000000000001,58.0,3.7,0.6
2023-10-16 22:40:00+00:00,9.74,58.0,3.7,0.6
2023-10-16 22:50:00+00:00,9.7,58.0,3.7,0.6
2023-10-16 23:00:00+00:00,9.66,58.0,3.7,0.6
2023-10-16 23:10:00+00:00,9.620000000000001,58.0,3.7,0.6
2023-10-16 23:20:00+00:00,9.58,58.0,3.7,0.6
2023-10-16 23:30:00+00:00,9.54,58.0,3.7,0.6
2023-10-16 23:40:00+00:00,9.5,58.0,3.7,0.6
2023-10-16 23:50:00+00:00,9.47,57.9,3.7,0.6
2023-10-17 00:00:00+00:00,9.44,57.8,3.7,0.6
2023-10-17 00:10:00+00:00,9.41,57.7,3.7,0.6
2023-10-17 00:20:00+00:00,9.379999999999999,57.6,3.7,0.6
2023-10-17 00:30:00+00:00,9.35,57.5,3.7,0.6
2023-10-17 00:40:00+00:00,9.32,57.4,3.7,0.6
2023-10-17 00:50:00+00:00,9.29,57.3,3.7,0.6
2023-10-17 01:00:00+00:00,9.26,57.2,3.7,0.6
2023-10-17 01:10:00+00:00,9.229999999999999,57.1,3.7,0.6
2023-10-17 01:20:00+00:00,9.2,57.0,3.7,0.6
2023-10-17 01:30:00+00:00,9.17,57.1,3.7,0.6
2023-10-17 01:40:00+00:00,9.139999999999999,57.2,3.7,0.6
2023-10-17 01:50:00+00:00,9.11,57.3,3.7,0.6
2023-10-17 02:00:00+00:00,9.08,57.4,3.7,0.6
2023-10-17 02:10:00+00:00,9.05,57.5,3.7,0.6
2023-10-17 02:20:00+00:00,9.02,57.6,3.7,0.6
2023-10-17 02:30:00+00:00,8.99,57.7,3.7,0.6
2023-10-17 02:40:00+00:00,8.96,57.8,3.7,0.6
2023-10-17 02:50:00+00:00,8.93,57.9,3.7,0.6
2023-10-17 03:00:00+00:00,8.9,58.0,3.7,0.6
2023-10-17 03:10:00+00:00,8.870000000000001,58.0,3.7,0.6
2023-10-17 03:20:00+00:00,8.84,58.0,3.7,0.6
2023-10-17 03:30:00+00:00,8.81,58.0,3.7,0.6
2023-10-17 03:40:00+00:00,8.78,58.0,3.7,0.6
2023-10-17 03:50:00+00:00,8.75,58.0,3.7,0.6
2023-10-17 04:00:00+00:00,8.72,58.0,3.7,0.6
2023-10-17 04:10:00+00:00,8.69,58.0,3.7,0.6
2023-10-17 04:20:00+00:00,8.66,58.0,3.7,0.6
2023-10-17 04:30:00+00:00,8.629999999999999,58.0,3.7,0.6
2023-10-17 04:40:00+00:00,8.6,58.0,3.7,0.6
2023-10-17 04:50:00+00:00,8.58,58.0,3.7,0.94
2023-10-17 05:00:00+00:00,8.56,58.0,3.7,1.2799999999999998
2023-10-17 05:10:00+00:00,8.54,58.0,3.7,1.62
2023-10-17 05:20:00+00:00,8.52,58.0,3.7,1.96
2023-10-17 05:30:00+00:00,8.5,58.0,3.7,2.3
2023-10-17 05:40:00+00:00,8.48,58.0,3.7,2.64
2023-10-17 05:50:00+00:00,8.46,58.0,3.7,2.98
2023-10-17 06:00:00+00:00,8.44,58.0,3.7,3.32
2023-10-17 06:10:00+00:00,8.42,58.0,3.7,3.6599999999999997
2023-10-17 06:20:00+00:00,8.4,58.0,3.7,4.0
2023-10-17 06:30:00+00:00,8.3,59.0,3.7,4.0
2023-10-17 06:40:00+00:00,8.3,59.0,3.7,4.0
2023-10-17 06:50:00+00:00,8.3,59.0,3.7,4.0
2023-10-17 07:00:00+00:00,8.3,59.0,3.6,4.0
2023-10-17 07:10:00+00:00,8.3,59.0,3.6,4.0
2023-10-17 07:20:00+00:00,8.2,59.0,3.6,4.0
2023-10-17 07:30:00+00:00,8.2,59.0,3.6,4.0
2023-10-17 07:40:00+00:00,8.2,59.0,3.6,4.0
2023-10-17 07:50:00+00:00,8.2,60.0,3.6,4.0
2023-10-17 08:00:00+00:00,8.2,60.0,3.6,4.0
2023-10-17 08:10:00+00:00,8.2,60.0,3.6,4.0
2023-10-17 08:20:00+00:00,8.2,60.0,3.6,4.0
2023-10-17 08:30:00+00:00,8.2,60.0,3.6,4.0
2023-10-17 08:40:00+00:00,8.2,60.0,3.5,4.0
2023-10-17 08:50:00+00:00,8.3,60.0,3.5,4.0
2023-10-17 09:00:00+00:00,8.3,60.0,3.5,6.0
2023-10-17 09:10:00+00:00,8.3,60.0,3.5,6.2
2023-10-17 09:20:00+00:00,8.3,60.0,3.5,6.25
2023-10-17 09:30:00+00:00,8.3,60.0,3.5,6.3
2023-10-17 09:40:00+00:00,8.4,60.0,3.5,6.3
2023-10-17 09:50:00+00:00,8.5,60.0,3.5,6.3
2023-10-17 10:00:00+00:00,8.5,60.0,3.5,6.3
2023-10-17 10:10:00+00:00,8.6,60.0,3.5,6.4
2023-10-17 10:20:00+00:00,8.6,60.0,3.5,6.3
2023-10-17 10:30:00+00:00,8.7,60.0,3.5,6.3
2023-10-17 10:40:00+00:00,8.8,60.0,3.5,6.3
2023-10-17 10:50:00+00:00,8.8,60.0,3.5,6.4
2023-10-17 11:00:00+00:00,8.9,59.0,3.5,6.3
2023-10-17 11:10:00+00:00,8.95,59.5,3.5,6.3
2023-10-17 11:20:00+00:00,9.0,60.0,3.5,6.3
2023-10-17 11:30:00+00:00,9.1,59.0,3.5,6.3
2023-10-17 11:40:00+00:00,9.1,60.0,3.5,6.2
2023-10-17 11:50:00+00:00,9.2,59.0,3.5,6.3
2023-10-17 12:00:00+00:00,9.3,59.0,3.5,5.9
2023-10-17 12:10:00+00:00,9.5,59.0,3.5,6.4
2023-10-17 12:20:00+00:00,9.5,59.0,3.5,6.3
2023-10-17 12:30:00+00:00,9.6,58.0,3.5,6.4
2023-10-17 12:40:00+00:00,9.7,58.0,3.5,6.3
2023-10-17 12:50:00+00:00,9.8,58.0,3.5,6.3
2023-10-17 13:00:00+00:00,9.850000000000001,58.0,3.5,6.3
2023-10-17 13:10:00+00:00,9.9,58.0,3.5,6.3
2023-10-17 13:20:00+00:00,10.0,58.0,3.5,6.3
2023-10-17 13:30:00+00:00,10.1,58.0,3.5,6.3
2023-10-17 13:40:00+00:00,10.1,57.0,3.5,6.2
2023-10-17 13:50:00+00:00,10.2,58.0,3.5,6.2
2023-10-17 14:00:00+00:00,10.3,57.0,3.5,6.2
2023-10-17 14:10:00+00:00,10.3,57.0,3.5,6.3
2023-10-17 14:20:00+00:00,10.4,57.0,3.5,6.3
2023-10-17 14:30:00+00:00,10.5,57.0,3.5,6.2
2023-10-17 14:40:00+00:00,10.5,57.0,3.5,6.1
2023-10-17 14:50:00+00:00,10.5,57.0,3.55,6.0
2023-10-17 15:00:00+00:00,10.5,57.0,3.6,5.9
2023-10-17 15:10:00+00:00,10.6,56.0,3.5,4.3
2023-10-17 15:20:00+00:00,10.6,57.0,3.6,5.3
2023-10-17 15:30:00+00:00,10.6,57.0,3.6,5.4
2023-10-17 15:40:00+00:00,10.6,56.0,3.6,4.6
2023-10-17 15:50:00+00:00,10.6,56.0,3.6,4.0
2023-10-17 16:00:00+00:00,10.6,56.0,3.7,3.2
2023-10-17 16:10:00+00:00,10.6,56.0,3.6,1.7
2023-10-17 16:20:00+00:00,10.6,56.0,3.6,0.8
2023-10-17 16:30:00+00:00,10.57,55.9,3.6,0.78
2023-10-17 16:40:00+00:00,10.54,55.8,3.6,0.76
2023-10-17 16:50:00+00:00,10.51,55.7,3.6,0.74
2023-10-17 17:00:00+00:00,10.48,55.6,3.6,0.72
2023-10-17 17:10:00+00:00,10.45,55.5,3.6,0.7
2023-10-17 17:20:00+00:00,10.42,55.4,3.6,0.6799999999999999
2023-10-17 17:30:00+00:00,10.39,55.3,3.6,0.66
2023-10-17 17:40:00+00:00,10.360000000000001,55.2,3.6,0.64
2023-10-17 17:50:00+00:00,10.33,55.1,3.6,0.62
2023-10-17 18:00:00+00:00,10.3,55.0,3.6,0.6
2023-10-17 18:10:00+00:00,10.278571428571428,54.92857142857143,3.607142857142857,0.6
2023-10-17 18:20:00+00:00,10.257142857142858,54.857142857142854,3.6142857142857143,0.6
2023-10-17 18:30:00+00:00,10.235714285714286,54.785714285714285,3.6214285714285714,0.6
2023-10-17 18:40:00+00:00,10.214285714285715,54.714285714285715,3.6285714285714286,0.6
2023-10-17 18:50:00+00:00,10.192857142857143,54.642857142857146,3.6357142857142857,0.6
2023-10-17 19:00:00+00:00,10.171428571428573,54.57142857142857,3.642857142857143,0.6
2023-10-17 19:10:00+00:00,10.15,54.5,3.6500000000000004,0.6
2023-10-17 19:20:00+00:00,10.128571428571428,54.42857142857143,3.6571428571428575,0.6
2023-10-17 19:30:00+00:00,10.107142857142858,54.357142857142854,3.6642857142857146,0.6
2023-10-17 19:40:00+00:00,10.085714285714285,54.285714285714285,3.6714285714285717,0.6
2023-10-17 19:50:00+00:00,10.064285714285715,54.214285714285715,3.678571428571429,0.6
2023-10-17 20:00:00+00:00,10.042857142857143,54.142857142857146,3.685714285714286,0.6
2023-10-17 20:10:00+00:00,10.021428571428572,54.07142857142857,3.692857142857143,0.6
2023-10-17 20:20:00+00:00,10.0,54.0,3.7,0.6
2023-10-17 20:30:00+00:00,9.97,54.0,3.6900000000000004,0.6
2023-10-17 20:40:00+00:00,9.94,54.0,3.68,0.6
2023-10-17 20:50:00+00:00,9.91,54.0,3.67,0.6
2023-10-17 21:00:00+00:00,9.879999999999999,54.0,3.66,0.6
2023-10-17 21:10:00+00:00,9.85,54.0,3.6500000000000004,0.6
2023-10-17 21:20:00+00:00,9.82,54.0,3.64,0.6
2023-10-17 21:30:00+00:00,9.79,54.0,3.63,0.6
2023-10-17 21:40:00+00:00,9.76,54.0,3.62,0.6
2023-10-17 21:50:00+00:00,9.729999999999999,54.0,3.6100000000000003,0.6
2023-10-17 22:00:00+00:00,9.7,54.0,3.6,0.6
2023-10-17 22:10:00+00:00,9.68,54.0,3.6,0.6
2023-10-17 22:20:00+00:00,9.66,54.0,3.6,0.6
2023-10-17 22:30:00+00:00,9.639999999999999,54.0,3.6,0.6
2023-10-17 22:40:00+00:00,9.62,54.0,3.6,0.6
2023-10-17 22:50:00+00:00,9.6,54.0,3.6,0.6
2023-10-17 23:00:00+00:00,9.58,54.0,3.6,0.6
2023-10-17 23:10:00+00:00,9.56,54.0,3.6,0.6
2023-10-17 23:20:00+00:00,9.54,54.0,3.6,0.6
2023-10-17 23:30:00+00:00,9.52,54.0,3.6,0.6
2023-10-17 23:40:00+00:00,9.5,54.0,3.6,0.6
2023-10-17 23:50:00+00:00,9.48,53.9,3.6,0.6
2023-10-18 00:00:00+00:00,9.46,53.8,3.6,0.6
2023-10-18 00:10:00+00:00,9.44,53.7,3.6,0.6
2023-10-18 00:20:00+00:00,9.42,53.6,3.6,0.6
2023-10-18 00:30:00+00:00,9.4,53.5,3.6,0.6
2023-10-18 00:40:00+00:00,9.38,53.4,3.6,0.6
2023-10-18 00:50:00+00:00,9.360000000000001,53.3,3.6,0.6
2023-10-18 01:00:00+00:00,9.34,53.2,3.6,0.6
2023-10-18 01:10:00+00:00,9.32,53.1,3.6,0.6
2023-10-18 01:20:00+00:00,9.3,53.0,3.6,0.6
2023-10-18 01:30:00+00:00,9.280000000000001,53.0,3.6,0.6
2023-10-18 01:40:00+00:00,9.26,53.0,3.6,0.6
2023-10-18 01:50:00+00:00,9.24,53.0,3.6,0.6
2023-10-18 02:00:00+00:00,9.22,53.0,3.6,0.6
2023-10-18 02:10:00+00:00,9.2,53.0,3.6,0.6
2023-10-18 02:20:00+00:00,9.18,53.0,3.6,0.6
2023-10-18 02:30:00+00:00,9.16,53.0,3.6,0.6
2023-10-18 02:40:00+00:00,9.14,53.0,3.6,0.6
2023-10-18 02:50:00+00:00,9.12,53.0,3.6,0.6
2023-10-18 03:00:00+00:00,9.1,53.0,3.6,0.6
2023-10-18 03:10:00+00:00,9.1,52.9,3.6,0.58
2023-10-18 03:20:00+00:00,9.1,52.8,3.6,0.5599999999999999
2023-10-18 03:30:00+00:00,9.1,52.7,3.6,0.54
2023-10-18 03:40:00+00:00,9.1,52.6,3.6,0.52
2023-10-18 03:50:00+00:00,9.1,52.5,3.6,0.5
2023-10-18 04:00:00+00:00,9.1,52.4,3.6,0.48
2023-10-18 04:10:00+00:00,9.1,52.3,3.6,0.45999999999999996
2023-10-18 04:20:00+00:00,9.1,52.2,3.6,0.44
2023-10-18 04:30:00+00:00,9.1,52.1,3.6,0.42000000000000004
2023-10-18 04:40:00+00:00,9.1,52.0,3.6,0.4
2023-10-18 04:50:00+00:00,9.09,52.0,3.6,0.76
2023-10-18 05:00:00+00:00,9.08,52.0,3.6,1.12
2023-10-18 05:10:00+00:00,9.07,52.0,3.6,1.48
2023-10-18 05:20:00+00:00,9.06,52.0,3.6,1.8399999999999999
2023-10-18 05:30:00+00:00,9.05,52.0,3.6,2.1999999999999997
2023-10-18 05:40:00+00:00,9.04,52.0,3.6,2.56
2023-10-18 05:50:00+00:00,9.03,52.0,3.6,2.92
2023-10-18 06:00:00+00:00,9.02,52.0,3.6,3.28
2023-10-18 06:10:00+00:00,9.01,52.0,3.6,3.6399999999999997
2023-10-18 06:20:00+00:00,9.0,52.0,3.6,4.0
2023-10-18 06:30:00+00:00,8.95,52.0,3.6,4.0
2023-10-18 06:40:00+00:00,8.9,52.0,3.6,4.0
2023-10-18 06:50:00+00:00,8.9,52.0,3.6,4.0
2023-10-18 07:00:00+00:00,8.9,52.0,3.6,4.0
2023-10-18 07:10:00+00:00,8.9,52.0,3.6,4.0
2023-10-18 07:20:00+00:00,8.9,52.0,3.6,4.0
2023-10-18 07:30:00+00:00,8.9,52.0,3.6,4.0
2023-10-18 07:40:00+00:00,8.8,53.0,3.6,4.0
2023-10-18 07:50:00+00:00,8.8,53.0,3.6,4.0
2023-10-18 08:00:00+00:00,8.9,53.0,3.6,4.0
2023-10-18 08:10:00+00:00,8.9,53.0,3.5,4.0
2023-10-18 08:20:00+00:00,8.9,53.0,3.55,4.0
2023-10-18 08:30:00+00:00,8.9,53.0,3.6,4.0
2023-10-18 08:40:00+00:00,8.9,53.0,3.5,4.0
2023-10-18 08:50:00+00:00,9.0,53.0,3.5,4.0
2023-10-18 09:00:00+00:00,9.0,53.0,3.5,4.0
2023-10-18 09:10:00+00:00,9.0,53.0,3.5,4.0
2023-10-18 09:20:00+00:00,9.0,53.0,3.5,4.0
2023-10-18 09:30:00+00:00,9.0,53.0,3.5,4.0
2023-10-18 09:40:00+00:00,9.1,53.0,3.5,4.0
2023-10-18 09:50:00+00:00,9.1,53.0,3.6,4.0
2023-10-18 10:00:00+00:00,9.1,53.0,3.5,4.0
2023-10-18 10:10:00+00:00,9.149999999999999,53.0,3.5,4.0
2023-10-18 10:20:00+00:00,9.2,53.0,3.5,4.0
2023-10-18 10:30:00+00:00,9.3,56.0,3.5,4.0
2023-10-18 10:40:00+00:00,9.3,55.0,3.5,4.0
2023-10-18 10:50:00+00:00,9.3,54.0,3.5,5.2
2023-10-18 11:00:00+00:00,9.4,54.0,3.4,4.0
2023-10-18 11:10:00+00:00,9.5,54.0,3.4,3.8
2023-10-18 11:20:00+00:00,9.5,54.0,3.5,6.0
2023-10-18 11:30:00+00:00,9.5,54.0,3.5,6.1
2023-10-18 11:40:00+00:00,9.6,53.0,3.4,6.2
2023-10-18 11:50:00+00:00,9.649999999999999,53.5,3.4,6.2
2023-10-18 12:00:00+00:00,9.7,54.0,3.4,6.2
2023-10-18 12:10:00+00:00,9.8,53.0,3.4,6.2
2023-10-18 12:20:00+00:00,9.8,53.0,3.4,6.2
2023-10-18 12:30:00+00:00,10.0,53.0,3.5,6.2
2023-10-18 12:40:00+00:00,10.1,53.0,3.4,6.2
2023-10-18 12:50:00+00:00,10.1,52.0,3.4,6.0
2023-10-18 13:00:00+00:00,10.3,52.0,3.4,6.2
2023-10-18 13:10:00+00:00,10.4,52.0,3.5,5.9
2023-10-18 13:20:00+00:00,10.5,52.0,3.5,6.2
2023-10-18 13:30:00+00:00,10.6,52.0,3.5,5.8
2023-10-18 13:40:00+00:00,10.649999999999999,52.0,3.5,5.05
2023-10-18 13:50:00+00:00,10.7,52.0,3.5,4.3
2023-10-18 14:00:00+00:00,10.8,52.0,3.5,4.1
2023-10-18 14:10:00+00:00,10.9,52.0,3.5,5.2
2023-10-18 14:20:00+00:00,11.0,52.0,3.5,5.9
2023-10-18 14:30:00+00:00,11.0,51.0,3.6,4.5
2023-10-18 14:40:00+00:00,11.1,51.0,3.6,5.9
2023-10-18 14:50:00+00:00,11.1,51.0,3.6,4.7
2023-10-18 15:00:00+00:00,11.2,52.0,3.6,5.4
2023-10-18 15:10:00+00:00,11.2,51.0,3.6,4.4
2023-10-18 15:20:00+00:00,11.3,51.0,3.6,4.5
2023-10-18 15:30:00+00:00,11.3,51.0,3.6,4.25
2023-10-18 15:40:00+00:00,11.3,51.0,3.6,4.0
2023-10-18 15:50:00+00:00,11.3,51.0,3.6,3.3
2023-10-18 16:00:00+00:00,11.2,51.0,3.6,2.1
2023-10-18 16:10:00+00:00,11.2,51.0,3.6,1.2
2023-10-18 16:20:00+00:00,11.2,51.0,3.6,0.7
2023-10-18 16:30:00+00:00,11.18,51.0,3.6100000000000003,0.69
2023-10-18 16:40:00+00:00,11.16,51.0,3.62,0.6799999999999999
2023-10-18 16:50:00+00:00,11.139999999999999,51.0,3.63,0.6699999999999999
2023-10-18 17:00:00+00:00,11.12,51.0,3.64,0.6599999999999999
2023-10-18 17:10:00+00:00,11.1,51.0,3.6500000000000004,0.6499999999999999
2023-10-18 17:20:00+00:00,11.08,51.0,3.66,0.64
2023-10-18 17:30:00+00:00,11.06,51.0,3.67,0.63
2023-10-18 17:40:00+00:00,11.04,51.0,3.68,0.62
2023-10-18 17:50:00+00:00,11.02,51.0,3.6900000000000004,0.61
2023-10-18 18:00:00+00:00,11.0,51.0,3.7,0.6
2023-10-18 18:10:00+00:00,10.96,51.0,3.7,0.6
2023-10-18 18:20:00+00:00,10.92,51.0,3.7,0.6
2023-10-18 18:30:00+00:00,10.879999999999999,51.0,3.7,0.6
2023-10-18 18:40:00+00:00,10.84,51.0,3.7,0.6
2023-10-18 18:50:00+00:00,10.8,51.0,3.7,0.6
2023-10-18 19:00:00+00:00,10.76,51.0,3.7,0.6
2023-10-18 19:10:00+00:00,10.719999999999999,51.0,3.7,0.6
2023-10-18 19:20:00+00:00,10.68,51.0,3.7,0.6
2023-10-18 19:30:00+00:00,10.64,51.0,3.7,0.6
2023-10-18 19:40:00+00:00,10.6,51.0,3.7,0.6
2023-10-18 19:50:00+00:00,10.569230769230769,51.0,3.6923076923076925,0.6
2023-10-18 20:00:00+00:00,10.538461538461538,51.0,3.684615384615385,0.6
2023-10-18 20:10:00+00:00,10.507692307692308,51.0,3.676923076923077,0.6
2023-10-18 20:20:00+00:00,10.476923076923077,51.0,3.6692307692307695,0.6
2023-10-18 20:30:00+00:00,10.446153846153846,51.0,3.661538461538462,0.6
2023-10-18 20:40:00+00:00,10.415384615384616,51.0,3.653846153846154,0.6
2023-10-18 20:50:00+00:00,10.384615384615383,51.0,3.646153846153846,0.6
2023-10-18 21:00:00+00:00,10.353846153846153,51.0,3.6384615384615384,0.6
2023-10-18 21:10:00+00:00,10.323076923076922,51.0,3.6307692307692307,0.6
2023-10-18 21:20:00+00:00,10.292307692307691,51.0,3.623076923076923,0.6
2023-10-18 21:30:00+00:00,10.26153846153846,51.0,3.6153846153846154,0.6
2023-10-18 21:40:00+00:00,10.23076923076923,51.0,3.6076923076923078,0.6
2023-10-18 21:50:00+00:00,10.2,51.0,3.6,0.6
2023-10-18 22:00:00+00:00,10.18,51.0,3.6100000000000003,0.6
2023-10-18 22:10:00+00:00,10.16,51.0,3.62,0.6
2023-10-18 22:20:00+00:00,10.139999999999999,51.0,3.63,0.6
2023-10-18 22:30:00+00:00,10.12,51.0,3.64,0.6
2023-10-18 22:40:00+00:00,10.1,51.0,3.6500000000000004,0.6
2023-10-18 22:50:00+00:00,10.08,51.0,3.66,0.6
2023-10-18 23:00:00+00:00,10.06,51.0,3.67,0.6
2023-10-18 23:10:00+00:00,10.04,51.0,3.68,0.6
2023-10-18 23:20:00+00:00,10.02,51.0,3.6900000000000004,0.6
2023-10-18 23:30:00+00:00,10.0,51.0,3.7,0.6
2023-10-18 23:40:00+00:00,9.96,51.0,3.7,0.6
2023-10-18 23:50:00+00:00,9.92,51.0,3.7,0.6
2023-10-19 00:00:00+00:00,9.879999999999999,51.0,3.7,0.6
2023-10-19 00:10:00+00:00,9.84,51.0,3.7,0.6
2023-10-19 00:20:00+00:00,9.8,51.0,3.7,0.6
2023-10-19 00:30:00+00:00,9.76,51.0,3.7,0.6
2023-10-19 00:40:00+00:00,9.719999999999999,51.0,3.7,0.6
2023-10-19 00:50:00+00:00,9.68,51.0,3.7,0.6
2023-10-19 01:00:00+00:00,9.64,51.0,3.7,0.6
2023-10-19 01:10:00+00:00,9.6,51.0,3.7,0.6
2023-10-19 01:20:00+00:00,9.58,51.0,3.7,0.6
2023-10-19 01:30:00+00:00,9.56,51.0,3.7,0.6
2023-10-19 01:40:00+00:00,9.54,51.0,3.7,0.6
2023-10-19 01:50:00+00:00,9.52,51.0,3.7,0.6
2023-10-19 02:00:00+00:00,9.5,51.0,3.7,0.6
2023-10-19 02:10:00+00:00,9.48,51.0,3.7,0.6
2023-10-19 02:20:00+00:00,9.46,51.0,3.7,0.6
2023-10-19 02:30:00+00:00,9.44,51.0,3.7,0.6
2023-10-19 02:40:00+00:00,9.42,51.0,3.7,0.6
2023-10-19 02:50:00+00:00,9.4,51.0,3.7,0.6
2023-10-19 03:00:00+00:00,9.370000000000001,51.0,3.6900000000000004,0.6
2023-10-19 03:10:00+00:00,9.34,51.0,3.68,0.6
2023-10-19 03:20:00+00:00,9.31,51.0,3.67,0.6
2023-10-19 03:30:00+00:00,9.28,51.0,3.66,0.6
2023-10-19 03:40:00+00:00,9.25,51.0,3.6500000000000004,0.6
2023-10-19 03:50:00+00:00,9.22,51.0,3.64,0.6
2023-10-19 04:00:00+00:00,9.19,51.0,3.63,0.6
2023-10-19 04:10:00+00:00,9.16,51.0,3.62,0.6
2023-10-19 04:20:00+00:00,9.129999999999999,51.0,3.6100000000000003,0.6
2023-10-19 04:30:00+00:00,9.1,51.0,3.6,0.6
2023-10-19 04:40:00+00:00,9.08,51.1,3.6,0.94
2023-10-19 04:50:00+00:00,9.06,51.2,3.6,1.2799999999999998
2023-10-19 05:00:00+00:00,9.04,51.3,3.6,1.62
2023-10-19 05:10:00+00:00,9.02,51.4,3.6,1.96
2023-10-19 05:20:00+00:00,9.0,51.5,3.6,2.3
2023-10-19 05:30:00+00:00,8.98,51.6,3.6,2.64
2023-10-19 05:40:00+00:00,8.96,51.7,3.6,2.98
2023-10-19 05:50:00+00:00,8.94,51.8,3.6,3.32
2023-10-19 06:00:00+00:00,8.92,51.9,3.6,3.6599999999999997
2023-10-19 06:10:00+00:00,8.9,52.0,3.6,4.0
2023-10-19 06:20:00+00:00,8.8,52.0,3.6,4.0
2023-10-19 06:30:00+00:00,8.8,52.0,3.6,4.0
2023-10-19 06:40:00+00:00,8.8,52.0,3.6,4.0
2023-10-19 06:50:00+00:00,8.8,52.0,3.6,4.0
2023-10-19 07:00:00+00:00,8.8,52.0,3.6,4.0
2023-10-19 07:10:00+00:00,8.8,52.0,3.6,4.0
2023-10-19 07:20:00+00:00,8.8,52.0,3.6,4.0
2023-10-19 07:30:00+00:00,8.8,52.0,3.6,4.0
2023-10-19 07:40:00+00:00,8.8,52.0,3.6,4.0
2023-10-19 07:50:00+00:00,8.7,52.0,3.6,4.0
2023-10-19 08:00:00+00:00,8.8,52.0,3.6,4.0
2023-10-19 08:10:00+00:00,8.7,52.0,3.6,4.0
2023-10-19 08:20:00+00:00,8.8,52.0,3.6,4.0
2023-10-19 08:30:00+00:00,8.8,53.0,3.6,4.0
2023-10-19 08:40:00+00:00,8.8,53.0,3.6,4.0
2023-10-19 08:50:00+00:00,8.8,52.0,3.6,4.0
2023-10-19 09:00:00+00:00,8.8,52.5,3.6,4.0
2023-10-19 09:10:00+00:00,8.8,53.0,3.6,4.0
2023-10-19 09:20:00+00:00,8.8,53.0,3.6,4.0
2023-10-19 09:30:00+00:00,8.8,53.0,3.6,4.0
2023-10-19 09:40:00+00:00,8.8,53.0,3.6,4.0
2023-10-19 09:50:00+00:00,8.8,53.0,3.6,4.0
2023-10-19 10:00:00+00:00,8.9,53.0,3.6,4.0
2023-10-19 10:10:00+00:00,8.9,53.0,3.6,4.0
2023-10-19 10:20:00+00:00,8.9,53.0,3.6,4.0
2023-10-19 10:30:00+00:00,9.0,53.0,3.6,4.0
2023-10-19 10:40:00+00:00,9.0,53.0,3.6,4.0
2023-10-19 10:50:00+00:00,9.0,53.0,3.6,4.0
2023-10-19 11:00:00+00:00,9.0,53.0,3.6,4.0
2023-10-19 11:10:00+00:00,9.0,53.0,3.6,4.0
2023-10-19 11:20:00+00:00,9.0,53.0,3.6,4.0
2023-10-19 11:30:00+00:00,9.1,53.0,3.6,4.0
2023-10-19 11:40:00+00:00,9.1,53.0,3.6,4.0
2023-10-19 11:50:00+00:00,9.1,53.0,3.6,4.0
2023-10-19 12:00:00+00:00,9.1,53.0,3.6,4.0
2023-10-19 12:10:00+00:00,9.1,53.0,3.6,4.0
2023-10-19 12:20:00+00:00,9.2,53.0,3.6,4.0
2023-10-19 12:30:00+00:00,9.2,53.0,3.6,4.0
2023-10-19 12:40:00+00:00,9.2,53.0,3.6,4.0
2023-10-19 12:50:00+00:00,9.2,53.0,3.6,4.0
2023-10-19 13:00:00+00:00,9.3,53.0,3.6,4.0
2023-10-19 13:10:00+00:00,9.3,53.0,3.6,4.0
2023-10-19 13:20:00+00:00,9.3,53.0,3.6,4.0
2023-10-19 13:30:00+00:00,9.3,53.0,3.6,4.0
2023-10-19 13:40:00+00:00,9.3,52.0,3.6,4.0
2023-10-19 13:50:00+00:00,9.3,53.0,3.6,4.0
2023-10-19 14:00:00+00:00,9.3,52.0,3.6,3.8
2023-10-19 14:10:00+00:00,9.3,52.0,3.6,4.0
2023-10-19 14:20:00+00:00,9.3,52.0,3.6,4.0
2023-10-19 14:30:00+00:00,9.3,52.5,3.6,4.0
2023-10-19 14:40:00+00:00,9.3,53.0,3.6,4.0
2023-10-19 14:50:00+00:00,9.3,52.0,3.6,4.0
2023-10-19 15:00:00+00:00,9.3,52.0,3.7,4.0
2023-10-19 15:10:00+00:00,9.3,52.0,3.6,4.0
2023-10-19 15:20:00+00:00,9.3,52.0,3.6,3.7
2023-10-19 15:30:00+00:00,9.3,52.0,3.6,3.4
2023-10-19 15:40:00+00:00,9.3,52.0,3.6,2.7
2023-10-19 15:50:00+00:00,9.3,52.0,3.6,1.6
2023-10-19 16:00:00+00:00,9.3,52.0,3.6,0.9
2023-10-19 16:10:00+00:00,9.292857142857143,52.0,3.607142857142857,0.8785714285714286
2023-10-19 16:20:00+00:00,9.285714285714286,52.0,3.6142857142857143,0.8571428571428572
2023-10-19 16:30:00+00:00,9.278571428571428,52.0,3.6214285714285714,0.8357142857142857
2023-10-19 16:40:00+00:00,9.271428571428572,52.0,3.6285714285714286,0.8142857142857143
2023-10-19 16:50:00+00:00,9.264285714285714,52.0,3.6357142857142857,0.7928571428571428
2023-10-19 17:00:00+00:00,9.257142857142858,52.0,3.642857142857143,0.7714285714285715
2023-10-19 17:10:00+00:00,9.25,52.0,3.6500000000000004,0.75
2023-10-19 17:20:00+00:00,9.242857142857142,52.0,3.6571428571428575,0.7285714285714285
2023-10-19 17:30:00+00:00,9.235714285714286,52.0,3.6642857142857146,0.7071428571428571
2023-10-19 17:40:00+00:00,9.228571428571428,52.0,3.6714285714285717,0.6857142857142857
2023-10-19 17:50:00+00:00,9.221428571428572,52.0,3.678571428571429,0.6642857142857143
2023-10-19 18:00:00+00:00,9.214285714285714,52.0,3.685714285714286,0.6428571428571428
2023-10-19 18:10:00+00:00,9.207142857142857,52.0,3.692857142857143,0.6214285714285714
2023-10-19 18:20:00+00:00,9.2,52.0,3.7,0.6
2023-10-19 18:30:00+00:00,9.19,51.9,3.7,0.6
2023-10-19 18:40:00+00:00,9.18,51.8,3.7,0.6
2023-10-19 18:50:00+00:00,9.17,51.7,3.7,0.6
2023-10-19 19:00:00+00:00,9.16,51.6,3.7,0.6
2023-10-19 19:10:00+00:00,9.149999999999999,51.5,3.7,0.6
2023-10-19 19:20:00+00:00,9.139999999999999,51.4,3.7,0.6
2023-10-19 19:30:00+00:00,9.129999999999999,51.3,3.7,0.6
2023-10-19 19:40:00+00:00,9.12,51.2,3.7,0.6
2023-10-19 19:50:00+00:00,9.11,51.1,3.7,0.6
2023-10-19 20:00:00+00:00,9.1,51.0,3.7,0.6
2023-10-19 20:10:00+00:00,9.08,51.1,3.7,0.58
2023-10-19 20:20:00+00:00,9.06,51.2,3.7,0.5599999999999999
2023-10-19 20:30:00+00:00,9.04,51.3,3.7,0.54
2023-10-19 20:40:00+00:00,9.02,51.4,3.7,0.52
2023-10-19 20:50:00+00:00,9.0,51.5,3.7,0.5
2023-10-19 21:00:00+00:00,8.98,51.6,3.7,0.48
2023-10-19 21:10:00+00:00,8.96,51.7,3.7,0.45999999999999996
2023-10-19 21:20:00+00:00,8.94,51.8,3.7,0.44
2023-10-19 21:30:00+00:00,8.92,51.9,3.7,0.42000000000000004
2023-10-19 21:40:00+00:00,8.9,52.0,3.7,0.4
2023-10-19 21:50:00+00:00,8.88,52.0,3.7,0.42000000000000004
2023-10-19 22:00:00+00:00,8.86,52.0,3.7,0.44
2023-10-19 22:10:00+00:00,8.84,52.0,3.7,0.46
2023-10-19 22:20:00+00:00,8.82,52.0,3.7,0.48
2023-10-19 22:30:00+00:00,8.8,52.0,3.7,0.5
2023-10-19 22:40:00+00:00,8.78,52.0,3.7,0.52
2023-10-19 22:50:00+00:00,8.76,52.0,3.7,0.54
2023-10-19 23:00:00+00:00,8.74,52.0,3.7,0.56
2023-10-19 23:10:00+00:00,8.719999999999999,52.0,3.7,0.58
2023-10-19 23:20:00+00:00,8.7,52.0,3.7,0.6
2023-10-19 23:30:00+00:00,8.68,52.0,3.7,0.58
2023-10-19 23:40:00+00:00,8.66,52.0,3.7,0.5599999999999999
2023-10-19 23:50:00+00:00,8.639999999999999,52.0,3.7,0.54
2023-10-20 00:00:00+00:00,8.62,52.0,3.7,0.52
2023-10-20 00:10:00+00:00,8.6,52.0,3.7,0.5
2023-10-20 00:20:00+00:00,8.58,52.0,3.7,0.48
2023-10-20 00:30:00+00:00,8.56,52.0,3.7,0.45999999999999996
2023-10-20 00:40:00+00:00,8.54,52.0,3.7,0.44
2023-10-20 00:50:00+00:00,8.52,52.0,3.7,0.42000000000000004
2023-10-20 01:00:00+00:00,8.5,52.0,3.7,0.4
2023-10-20 01:10:00+00:00,8.49,52.0,3.7,0.4
2023-10-20 01:20:00+00:00,8.48,52.0,3.7,0.4
2023-10-20 01:30:00+00:00,8.47,52.0,3.7,0.4
2023-10-20 01:40:00+00:00,8.46,52.0,3.7,0.4
2023-10-20 01:50:00+00:00,8.45,52.0,3.7,0.4
2023-10-20 02:00:00+00:00,8.44,52.0,3.7,0.4
2023-10-20 02:10:00+00:00,8.43,52.0,3.7,0.4
2023-10-20 02:20:00+00:00,8.42,52.0,3.7,0.4
2023-10-20 02:30:00+00:00,8.41,52.0,3.7,0.4
2023-10-20 02:40:00+00:00,8.4,52.0,3.7,0.4
2023-10-20 02:50:00+00:00,8.39,52.1,3.7,0.42000000000000004
2023-10-20 03:00:00+00:00,8.38,52.2,3.7,0.44
2023-10-20 03:10:00+00:00,8.370000000000001,52.3,3.7,0.46
2023-10-20 03:20:00+00:00,8.360000000000001,52.4,3.7,0.48
2023-10-20 03:30:00+00:00,8.350000000000001,52.5,3.7,0.5
2023-10-20 03:40:00+00:00,8.34,52.6,3.7,0.52
2023-10-20 03:50:00+00:00,8.33,52.7,3.7,0.54
2023-10-20 04:00:00+00:00,8.32,52.8,3.7,0.56
2023-10-20 04:10:00+00:00,8.31,52.9,3.7,0.58
2023-10-20 04:20:00+00:00,8.3,53.0,3.7,0.6
2023-10-20 04:30:00+00:00,8.280000000000001,53.1,3.7,0.8899999999999999
2023-10-20 04:40:00+00:00,8.26,53.2,3.7,1.18
2023-10-20 04:50:00+00:00,8.24,53.3,3.7,1.4699999999999998
2023-10-20 05:00:00+00:00,8.22,53.4,3.7,1.7599999999999998
2023-10-20 05:10:00+00:00,8.2,53.5,3.7,2.05
2023-10-20 05:20:00+00:00,8.18,53.6,3.7,2.34
2023-10-20 05:30:00+00:00,8.16,53.7,3.7,2.63
2023-10-20 05:40:00+00:00,8.14,53.8,3.7,2.92
2023-10-20 05:50:00+00:00,8.12,53.9,3.7,3.21
2023-10-20 06:00:00+00:00,8.1,54.0,3.7,3.5
2023-10-20 06:10:00+00:00,8.1,54.0,3.7,4.0
2023-10-20 06:20:00+00:00,8.1,54.0,3.7,4.0
2023-10-20 06:30:00+00:00,8.1,54.0,3.7,4.0
2023-10-20 06:40:00+00:00,8.1,54.0,3.7,4.0
2023-10-20 06:50:00+00:00,8.1,54.0,3.7,3.8
2023-10-20 07:00:00+00:00,8.1,54.0,3.7,4.0
2023-10-20 07:10:00+00:00,8.1,54.0,3.7,4.0
2023-10-20 07:20:00+00:00,8.0,54.0,3.7,4.0
2023-10-20 07:30:00+00:00,8.1,55.0,3.7,4.0
2023-10-20 07:40:00+00:00,8.0,54.0,3.7,4.0
2023-10-20 07:50:00+00:00,8.0,54.0,3.7,4.0
2023-10-20 08:00:00+00:00,8.0,54.0,3.7,4.0
2023-10-20 08:10:00+00:00,8.0,54.0,3.7,4.0
2023-10-20 08:20:00+00:00,8.0,55.0,3.7,4.0
2023-10-20 08:30:00+00:00,8.0,55.0,3.7,4.0
2023-10-20 08:40:00+00:00,8.0,55.0,3.7,4.0
2023-10-20 08:50:00+00:00,8.0,55.0,3.7,4.0
2023-10-20 09:00:00+00:00,8.0,55.0,3.7,4.0
2023-10-20 09:10:00+00:00,8.0,55.0,3.7,4.0
2023-10-20 09:20:00+00:00,8.0,55.0,3.7,4.0
2023-10-20 09:30:00+00:00,8.0,55.0,3.7,4.0
2023-10-20 09:40:00+00:00,8.0,55.5,3.7,4.0
2023-10-20 09:50:00+00:00,8.0,56.0,3.7,4.0
2023-10-20 10:00:00+00:00,8.0,56.0,3.7,4.0
2023-10-20 10:10:00+00:00,8.0,56.0,3.7,4.0
2023-10-20 10:20:00+00:00,8.0,56.0,3.7,4.0
2023-10-20 10:30:00+00:00,8.0,56.0,3.7,4.0
2023-10-20 10:40:00+00:00,8.0,56.0,3.7,4.0
2023-10-20 10:50:00+00:00,8.0,56.0,3.7,4.0
2023-10-20 11:00:00+00:00,8.0,56.0,3.7,4.0
2023-10-20 11:10:00+00:00,8.0,56.0,3.6,4.0
2023-10-20 11:20:00+00:00,8.0,56.0,3.7,4.0
2023-10-20 11:30:00+00:00,8.0,56.5,3.7,4.0
2023-10-20 11:40:00+00:00,8.0,57.0,3.7,4.0
2023-10-20 11:50:00+00:00,8.0,57.0,3.6,4.0
2023-10-20 12:00:00+00:00,7.9,57.0,3.7,4.0
2023-10-20 12:10:00+00:00,8.0,57.0,3.7,4.0
2023-10-20 12:20:00+00:00,8.0,57.0,3.7,3.8
2023-10-20 12:30:00+00:00,8.0,57.0,3.7,4.0
2023-10-20 12:40:00+00:00,8.0,57.0,3.7,4.0
2023-10-20 12:50:00+00:00,8.0,57.0,3.7,4.0
2023-10-20 13:00:00+00:00,8.0,57.0,3.7,4.0
2023-10-20 13:10:00+00:00,8.0,57.0,3.7,4.0
2023-10-20 13:20:00+00:00,8.0,57.0,3.7,4.0
2023-10-20 13:30:00+00:00,8.0,57.0,3.7,4.0
2023-10-20 13:40:00+00:00,8.0,58.0,3.7,4.0
2023-10-20 13:50:00+00:00,8.0,57.0,3.7,4.0
2023-10-20 14:00:00+00:00,8.0,58.0,3.7,4.0
2023-10-20 14:10:00+00:00,8.0,58.0,3.6,4.0
2023-10-20 14:20:00+00:00,8.0,57.0,3.6,4.0
2023-10-20 14:30:00+00:00,7.9,58.0,3.7,4.0
2023-10-20 14:40:00+00:00,7.9,58.0,3.6,4.0
2023-10-20 14:50:00+00:00,7.9,58.0,3.7,4.0
2023-10-20 15:00:00+00:00,7.9,58.0,3.7,4.0
2023-10-20 15:10:00+00:00,7.9,58.0,3.7,3.7
2023-10-20 15:20:00+00:00,7.9,58.0,3.7,3.4
2023-10-20 15:30:00+00:00,7.9,58.0,3.7,3.4
2023-10-20 15:40:00+00:00,7.9,58.0,3.7,2.8
2023-10-20 15:50:00+00:00,7.9,59.0,3.7,1.7
2023-10-20 16:00:00+00:00,7.9,59.0,3.7,0.9
2023-10-20 16:10:00+00:00,7.890000000000001,59.1,3.7,0.87
2023-10-20 16:20:00+00:00,7.88,59.2,3.7,0.84
2023-10-20 16:30:00+00:00,7.87,59.3,3.7,0.81
2023-10-20 16:40:00+00:00,7.86,59.4,3.7,0.78
2023-10-20 16:50:00+00:00,7.85,59.5,3.7,0.75
2023-10-20 17:00:00+00:00,7.84,59.6,3.7,0.72
2023-10-20 17:10:00+00:00,7.83,59.7,3.7,0.69
2023-10-20 17:20:00+00:00,7.82,59.8,3.7,0.6599999999999999
2023-10-20 17:30:00+00:00,7.81,59.9,3.7,0.6299999999999999
2023-10-20 17:40:00+00:00,7.8,60.0,3.7,0.6
2023-10-20 17:50:00+00:00,7.792307692307692,60.23076923076923,3.7,0.6
2023-10-20 18:00:00+00:00,7.7846153846153845,60.46153846153846,3.7,0.6
2023-10-20 18:10:00+00:00,7.776923076923077,60.69230769230769,3.7,0.6
2023-10-20 18:20:00+00:00,7.769230769230769,60.92307692307692,3.7,0.6
2023-10-20 18:30:00+00:00,7.7615384615384615,61.15384615384615,3.7,0.6
2023-10-20 18:40:00+00:00,7.753846153846154,61.38461538461539,3.7,0.6
2023-10-20 18:50:00+00:00,7.746153846153846,61.61538461538461,3.7,0.6
2023-10-20 19:00:00+00:00,7.7384615384615385,61.84615384615385,3.7,0.6
2023-10-20 19:10:00+00:00,7.730769230769231,62.07692307692308,3.7,0.6
2023-10-20 19:20:00+00:00,7.723076923076923,62.30769230769231,3.7,0.6
2023-10-20 19:30:00+00:00,7.7153846153846155,62.53846153846154,3.7,0.6
2023-10-20 19:40:00+00:00,7.707692307692308,62.76923076923077,3.7,0.6
2023-10-20 19:50:00+00:00,7.7,63.0,3.7,0.6
2023-10-20 20:00:00+00:00,7.69,63.7,3.7,0.58
2023-10-20 20:10:00+00:00,7.68,64.4,3.7,0.5599999999999999
2023-10-20 20:20:00+00:00,7.67,65.1,3.7,0.54
2023-10-20 20:30:00+00:00,7.66,65.8,3.7,0.52
2023-10-20 20:40:00+00:00,7.65,66.5,3.7,0.5
2023-10-20 20:50:00+00:00,7.64,67.2,3.7,0.48
2023-10-20 21:00:00+00:00,7.63,67.9,3.7,0.45999999999999996
2023-10-20 21:10:00+00:00,7.62,68.6,3.7,0.44
2023-10-20 21:20:00+00:00,7.609999999999999,69.3,3.7,0.42000000000000004
2023-10-20 21:30:00+00:00,7.6,70.0,3.7,0.4
2023-10-20 21:40:00+00:00,7.5986111111111105,70.13888888888889,3.698611111111111,0.45
2023-10-20 21:50:00+00:00,7.597222222222221,70.27777777777777,3.6972222222222224,0.5
2023-10-20 22:00:00+00:00,7.595833333333333,70.41666666666667,3.6958333333333333,0.55
2023-10-20 22:10:00+00:00,7.594444444444444,70.55555555555556,3.6944444444444446,0.6000000000000001
2023-10-20 22:20:00+00:00,7.593055555555555,70.69444444444444,3.6930555555555555,0.65
2023-10-20 22:30:00+00:00,7.591666666666667,70.83333333333333,3.691666666666667,0.7000000000000001
2023-10-20 22:40:00+00:00,7.590277777777778,70.97222222222223,3.6902777777777778,0.75
2023-10-20 22:50:00+00:00,7.588888888888889,71.11111111111111,3.688888888888889,0.8
2023-10-20 23:00:00+00:00,7.5874999999999995,71.25,3.6875,0.8500000000000001
2023-10-20 23:10:00+00:00,7.58611111111111,71.38888888888889,3.6861111111111113,0.9
2023-10-20 23:20:00+00:00,7.584722222222222,71.52777777777777,3.6847222222222222,0.9500000000000001
2023-10-20 23:30:00+00:00,7.583333333333333,71.66666666666667,3.6833333333333336,1.0
2023-10-20 23:40:00+00:00,7.581944444444444,71.80555555555556,3.6819444444444445,1.05
2023-10-20 23:50:00+00:00,7.580555555555556,71.94444444444444,3.680555555555556,1.1
2023-10-21 00:00:00+00:00,7.579166666666667,72.08333333333333,3.6791666666666667,1.15
2023-10-21 00:10:00+00:00,7.5777777777777775,72.22222222222223,3.677777777777778,1.2000000000000002
2023-10-21 00:20:00+00:00,7.576388888888888,72.36111111111111,3.676388888888889,1.25
2023-10-21 00:30:00+00:00,7.574999999999999,72.5,3.6750000000000003,1.3
2023-10-21 00:40:00+00:00,7.573611111111111,72.63888888888889,3.673611111111111,1.35
2023-10-21 00:50:00+00:00,7.572222222222222,72.77777777777777,3.6722222222222225,1.4
2023-10-21 01:00:00+00:00,7.570833333333333,72.91666666666667,3.6708333333333334,1.4500000000000002
2023-10-21 01:10:00+00:00,7.569444444444445,73.05555555555556,3.6694444444444447,1.5
2023-10-21 01:20:00+00:00,7.5680555555555555,73.19444444444444,3.6680555555555556,1.5500000000000003
2023-10-21 01:30:00+00:00,7.566666666666666,73.33333333333333,3.666666666666667,1.6
2023-10-21 01:40:00+00:00,,,,
2023-10-21 01:50:00+00:00,,,,
2023-10-21 02:00:00+00:00,,,,
2023-10-21 02:10:00+00:00,,,,
2023-10-21 02:20:00+00:00,,,,
2023-10-21 02:30:00+00:00,,,,
2023-10-21 02:40:00+00:00,,,,
2023-10-21 02:50:00+00:00,,,,
2023-10-21 03:00:00+00:00,,,,
2023-10-21 03:10:00+00:00,,,,
2023-10-21 03:20:00+00:00,,,,
2023-10-21 03:30:00+00:00,,,,
2023-10-21 03:40:00+00:00,,,,
2023-10-21 03:50:00+00:00,,,,
2023-10-21 04:00:00+00:00,,,,
2023-10-21 04:10:00+00:00,,,,
2023-10-21 04:20:00+00:00,,,,
2023-10-21 04:30:00+00:00,,,,
2023-10-21 04:40:00+00:00,,,,
2023-10-21 04:50:00+00:00,,,,
2023-10-21 05:00:00+00:00,,,,
2023-10-21 05:10:00+00:00,,,,
2023-10-21 05:20:00+00:00,,,,
2023-10-21 05:30:00+00:00,,,,
2023-10-21 05:40:00+00:00,,,,
2023-10-21 05:50:00+00:00,,,,
2023-10-21 06:00:00+00:00,,,,
2023-10-21 06:10:00+00:00,,,,
2023-10-21 06:20:00+00:00,,,,
2023-10-21 06:30:00+00:00,,,,
2023-10-21 06:40:00+00:00,,,,
2023-10-21 06:50:00+00:00,,,,
2023-10-21 07:00:00+00:00,,,,
2023-10-21 07:10:00+00:00,,,,
2023-10-21 07:20:00+00:00,,,,
2023-10-21 07:30:00+00:00,,,,
2023-10-21 07:40:00+00:00,,,,
2023-10-21 07:50:00+00:00,,,,
2023-10-21 08:00:00+00:00,,,,
2023-10-21 08:10:00+00:00,,,,
2023-10-21 08:20:00+00:00,,,,
2023-10-21 08:30:00+00:00,,,,
2023-10-21 08:40:00+00:00,,,,
2023-10-21 08:50:00+00:00,,,,
2023-10-21 09:00:00+00:00,,,,
2023-10-21 09:10:00+00:00,,,,
2023-10-21 09:20:00+00:00,,,,
2023-10-21 09:30:00+00:00,7.5,80.0,3.6,4.0
2023-10-21 09:40:00+00:00,7.5,80.0,3.6,4.0
2023-10-21 09:50:00+00:00,7.5,80.0,3.6,4.0
2023-10-21 10:00:00+00:00,7.5,80.0,3.6,4.0
2023-10-21 10:10:00+00:00,7.5,80.0,3.6,4.0
2023-10-21 10:20:00+00:00,7.6,80.0,3.6,4.0
2023-10-21 10:30:00+00:00,7.6,80.0,3.6,4.0
2023-10-21 10:40:00+00:00,7.6,80.0,3.6,4.0
2023-10-21 10:50:00+00:00,7.6,80.0,3.6,4.0
2023-10-21 11:00:00+00:00,7.6,80.0,3.6,4.0
2023-10-21 11:10:00+00:00,7.6,80.0,3.6,4.0
2023-10-21 11:20:00+00:00,7.6,80.0,3.6,4.0
2023-10-21 11:30:00+00:00,7.7,80.0,3.6,4.0
2023-10-21 11:40:00+00:00,7.7,80.0,3.6,4.0
2023-10-21 11:50:00+00:00,7.7,80.0,3.6,4.0
2023-10-21 12:00:00+00:00,7.8,79.0,3.6,4.0
2023-10-21 12:10:00+00:00,7.8,80.0,3.6,4.0
2023-10-21 12:20:00+00:00,7.8,80.0,3.6,4.0
2023-10-21 12:30:00+00:00,7.8,80.0,3.6,4.0
2023-10-21 12:40:00+00:00,7.9,80.0,3.6,4.0
2023-10-21 12:50:00+00:00,7.9,79.66666666666667,3.6,4.0
2023-10-21 13:00:00+00:00,7.9,79.33333333333333,3.6,4.0
2023-10-21 13:10:00+00:00,7.9,79.0,3.6,4.0
2023-10-21 13:20:00+00:00,8.0,80.0,3.6,4.0
2023-10-21 13:30:00+00:00,8.0,80.0,3.6,3.8
2023-10-21 13:40:00+00:00,8.0,80.0,3.6,4.0
2023-10-21 13:50:00+00:00,8.0,80.0,3.6,4.0
2023-10-21 14:00:00+00:00,8.1,80.0,3.6,4.0
2023-10-21 14:10:00+00:00,8.1,80.0,3.6,3.8
2023-10-21 14:20:00+00:00,8.1,79.0,3.6,4.0
2023-10-21 14:30:00+00:00,8.1,79.0,3.6,4.0
2023-10-21 14:40:00+00:00,8.10873786407767,79.00970873786407,3.6,4.0
2023-10-21 14:50:00+00:00,8.11747572815534,79.01941747572816,3.6,4.0
2023-10-21 15:00:00+00:00,8.12621359223301,79.02912621359224,3.6,4.0
2023-10-21 15:10:00+00:00,8.134951456310679,79.03883495145631,3.6,4.0
2023-10-21 15:20:00+00:00,8.143689320388349,79.04854368932038,3.6,4.0
2023-10-21 15:30:00+00:00,8.152427184466019,79.05825242718447,3.6,4.0
2023-10-21 15:40:00+00:00,8.161165048543689,79.06796116504854,3.6,4.0
2023-10-21 15:50:00+00:00,8.169902912621358,79.07766990291262,3.6,4.0
2023-10-21 16:00:00+00:00,8.178640776699028,79.0873786407767,3.6,4.0
2023-10-21 16:10:00+00:00,8.187378640776698,79.09708737864078,3.6,4.0
2023-10-21 16:20:00+00:00,8.196116504854368,79.10679611650485,3.6,4.0
2023-10-21 16:30:00+00:00,8.204854368932038,79.11650485436893,3.6,4.0
2023-10-21 16:40:00+00:00,8.213592233009708,79.12621359223301,3.6,4.0
2023-10-21 16:50:00+00:00,8.222330097087378,79.13592233009709,3.6,4.0
2023-10-21 17:00:00+00:00,8.231067961165047,79.14563106796116,3.6,4.0
2023-10-21 17:10:00+00:00,8.239805825242717,79.15533980582525,3.6,4.0
2023-10-21 17:20:00+00:00,8.248543689320389,79.16504854368932,3.6,4.0
2023-10-21 17:30:00+00:00,8.257281553398059,79.1747572815534,3.6,4.0
2023-10-21 17:40:00+00:00,8.266019417475729,79.18446601941747,3.6,4.0
2023-10-21 17:50:00+00:00,8.274757281553399,79.19417475728156,3.6,4.0
2023-10-21 18:00:00+00:00,8.283495145631068,79.20388349514563,3.6,4.0
2023-10-21 18:10:00+00:00,8.292233009708738,79.2135922330097,3.6,4.0
2023-10-21 18:20:00+00:00,8.300970873786408,79.22330097087378,3.6,4.0
2023-10-21 18:30:00+00:00,8.309708737864078,79.23300970873787,3.6,4.0
2023-10-21 18:40:00+00:00,,,,
2023-10-21 18:50:00+00:00,,,,
2023-10-21 19:00:00+00:00,,,,
2023-10-21 19:10:00+00:00,,,,
2023-10-21 19:20:00+00:00,,,,
2023-10-21 19:30:00+00:00,,,,
2023-10-21 19:40:00+00:00,,,,
2023-10-21 19:50:00+00:00,,,,
2023-10-21 20:00:00+00:00,,,,
2023-10-21 20:10:00+00:00,,,,
2023-10-21 20:20:00+00:00,,,,
2023-10-21 20:30:00+00:00,,,,
2023-10-21 20:40:00+00:00,,,,
2023-10-21 20:50:00+00:00,,,,
2023-10-21 21:00:00+00:00,,,,
2023-10-21 21:10:00+00:00,,,,
2023-10-21 21:20:00+00:00,,,,
2023-10-21 21:30:00+00:00,,,,
2023-10-21 21:40:00+00:00,,,,
2023-10-21 21:50:00+00:00,,,,
2023-10-21 22:00:00+00:00,,,,
2023-10-21 22:10:00+00:00,,,,
2023-10-21 22:20:00+00:00,,,,
2023-10-21 22:30:00+00:00,,,,
2023-10-21 22:40:00+00:00,,,,
2023-10-21 22:50:00+00:00,,,,
2023-10-21 23:00:00+00:00,,,,
2023-10-21 23:10:00+00:00,,,,
2023-10-21 23:20:00+00:00,,,,
2023-10-21 23:30:00+00:00,,,,
2023-10-21 23:40:00+00:00,,,,
2023-10-21 23:50:00+00:00,,,,
2023-10-22 00:00:00+00:00,,,,
2023-10-22 00:10:00+00:00,,,,
2023-10-22 00:20:00+00:00,,,,
2023-10-22 00:30:00+00:00,,,,
2023-10-22 00:40:00+00:00,,,,
2023-10-22 00:50:00+00:00,,,,
2023-10-22 01:00:00+00:00,,,,
2023-10-22 01:10:00+00:00,,,,
2023-10-22 01:20:00+00:00,,,,
2023-10-22 01:30:00+00:00,,,,
2023-10-22 01:40:00+00:00,,,,
2023-10-22 01:50:00+00:00,,,,
2023-10-22 02:00:00+00:00,,,,
2023-10-22 02:10:00+00:00,,,,
2023-10-22 02:20:00+00:00,,,,
2023-10-22 02:30:00+00:00,,,,
2023-10-22 02:40:00+00:00,,,,
2023-10-22 02:50:00+00:00,,,,
2023-10-22 03:00:00+00:00,,,,
2023-10-22 03:10:00+00:00,,,,
2023-10-22 03:20:00+00:00,,,,
2023-10-22 03:30:00+00:00,,,,
2023-10-22 03:40:00+00:00,,,,
2023-10-22 03:50:00+00:00,,,,
2023-10-22 04:00:00+00:00,,,,
2023-10-22 04:10:00+00:00,,,,
2023-10-22 04:20:00+00:00,,,,
2023-10-22 04:30:00+00:00,,,,
2023-10-22 04:40:00+00:00,,,,
2023-10-22 04:50:00+00:00,,,,
2023-10-22 05:00:00+00:00,,,,
2023-10-22 05:10:00+00:00,,,,
2023-10-22 05:20:00+00:00,,,,
2023-10-22 05:30:00+00:00,,,,
2023-10-22 05:40:00+00:00,,,,
2023-10-22 05:50:00+00:00,,,,
2023-10-22 06:00:00+00:00,,,,
2023-10-22 06:10:00+00:00,,,,
2023-10-22 06:20:00+00:00,,,,
2023-10-22 06:30:00+00:00,,,,
2023-10-22 06:40:00+00:00,,,,
2023-10-22 06:50:00+00:00,,,,
2023-10-22 07:00:00+00:00,,,,
2023-10-22 07:10:00+00:00,,,,
2023-10-22 07:20:00+00:00,,,,
2023-10-22 07:30:00+00:00,,,,
2023-10-22 07:40:00+00:00,9.0,80.0,3.6,4.0
2023-10-22 07:50:00+00:00,9.0,80.0,3.6,4.0
2023-10-22 08:00:00+00:00,9.0,80.0,3.6,4.0
2023-10-22 08:10:00+00:00,9.0,80.0,3.6,4.0
2023-10-22 08:20:00+00:00,9.0,80.0,3.6,4.0
2023-10-22 08:30:00+00:00,9.1,80.0,3.6,4.0
2023-10-22 08:40:00+00:00,9.0,80.0,3.6,4.0
2023-10-22 08:50:00+00:00,9.1,80.0,3.5,4.0
2023-10-22 09:00:00+00:00,9.1,80.0,3.5,4.0
2023-10-22 09:10:00+00:00,9.1,80.0,3.5,4.0
2023-10-22 09:20:00+00:00,9.1,80.0,3.5,4.0
2023-10-22 09:30:00+00:00,9.1,80.0,3.5,4.0
2023-10-22 09:40:00+00:00,9.1,80.0,3.5,4.0
2023-10-22 09:50:00+00:00,9.1,80.0,3.5,4.0
2023-10-22 10:00:00+00:00,9.1,80.0,3.5,4.0
2023-10-22 10:10:00+00:00,9.1,80.0,3.5,4.0
2023-10-22 10:20:00+00:00,9.2,80.0,3.5,3.8
2023-10-22 10:30:00+00:00,9.3,80.0,3.5,4.0
2023-10-22 10:40:00+00:00,9.3,80.0,3.5,4.0
2023-10-22 10:50:00+00:00,9.3,80.0,3.5,4.0
2023-10-22 11:00:00+00:00,9.3,80.0,3.5,4.0
2023-10-22 11:10:00+00:00,9.4,80.0,3.5,4.0
2023-10-22 11:20:00+00:00,9.4,80.0,3.5,4.0
2023-10-22 11:30:00+00:00,9.5,80.0,3.5,4.0
2023-10-22 11:40:00+00:00,9.5,80.0,3.5,4.0
2023-10-22 11:50:00+00:00,9.55,80.0,3.5,4.0
2023-10-22 12:00:00+00:00,9.6,80.0,3.5,4.0
2023-10-22 12:10:00+00:00,9.6,80.0,3.5,4.0
2023-10-22 12:20:00+00:00,9.6,80.0,3.5,4.0
2023-10-22 12:30:00+00:00,9.7,80.0,3.6,4.0
2023-10-22 12:40:00+00:00,9.7,80.0,3.5,4.0
2023-10-22 12:50:00+00:00,9.8,80.0,3.5,4.0
2023-10-22 13:00:00+00:00,9.8,80.0,3.5,4.0
2023-10-22 13:10:00+00:00,9.9,80.0,3.5,4.0
2023-10-22 13:20:00+00:00,9.9,80.0,3.5,4.0
2023-10-22 13:30:00+00:00,9.95,80.0,3.5,4.0
2023-10-22 13:40:00+00:00,10.0,80.0,3.5,4.0
2023-10-22 13:50:00+00:00,10.0,80.0,3.5,4.0
2023-10-22 14:00:00+00:00,10.0,80.0,3.5,4.0
2023-10-22 14:10:00+00:00,10.1,80.0,3.5,4.0
2023-10-22 14:20:00+00:00,10.1,80.0,3.5,4.0
2023-10-22 14:30:00+00:00,10.1,80.0,3.5,4.0
2023-10-22 14:40:00+00:00,10.1,80.0,3.5,3.8
2023-10-22 14:50:00+00:00,10.2,80.0,3.6,4.0
2023-10-22 15:00:00+00:00,10.2,80.0,3.6,4.0
2023-10-22 15:10:00+00:00,10.3,80.0,3.5,4.0
2023-10-22 15:20:00+00:00,10.3,80.0,3.5,3.75
2023-10-22 15:30:00+00:00,10.3,80.0,3.5,3.5
2023-10-22 15:40:00+00:00,10.3,80.0,3.6,3.0
2023-10-22 15:50:00+00:00,10.3,80.0,3.6,1.6
2023-10-22 16:00:00+00:00,10.3,80.0,3.5,1.1
2023-10-22 16:10:00+00:00,10.3,80.0,3.6,0.7
2023-10-22 16:20:00+00:00,10.3,80.0,3.59,0.69
2023-10-22 16:30:00+00:00,10.3,80.0,3.58,0.6799999999999999
2023-10-22 16:40:00+00:00,10.3,80.0,3.5700000000000003,0.6699999999999999
2023-10-22 16:50:00+00:00,10.3,80.0,3.56,0.6599999999999999
2023-10-22 17:00:00+00:00,10.3,80.0,3.55,0.6499999999999999
2023-10-22 17:10:00+00:00,10.3,80.0,3.54,0.64
2023-10-22 17:20:00+00:00,10.3,80.0,3.5300000000000002,0.63
2023-10-22 17:30:00+00:00,10.3,80.0,3.52,0.62
2023-10-22 17:40:00+00:00,10.3,80.0,3.51,0.61
2023-10-22 17:50:00+00:00,10.3,80.0,3.5,0.6
2023-10-22 18:00:00+00:00,10.3,80.0,3.5,0.6
2023-10-22 18:10:00+00:00,10.3,80.0,3.5,0.6
2023-10-22 18:20:00+00:00,10.3,80.0,3.5,0.6
2023-10-22 18:30:00+00:00,10.3,80.0,3.5,0.6
2023-10-22 18:40:00+00:00,10.3,80.0,3.5,0.6
2023-10-22 18:50:00+00:00,10.3,80.0,3.5,0.6
2023-10-22 19:00:00+00:00,10.3,80.0,3.5,0.6
2023-10-22 19:10:00+00:00,10.3,80.0,3.5,0.6
2023-10-22 19:20:00+00:00,10.3,80.0,3.5,0.6
2023-10-22 19:30:00+00:00,10.3,80.0,3.5,0.6
2023-10-22 19:40:00+00:00,10.292857142857143,80.01428571428572,3.5014285714285713,0.6485714285714286
2023-10-22 19:50:00+00:00,10.285714285714286,80.02857142857142,3.5028571428571427,0.6971428571428571
2023-10-22 20:00:00+00:00,10.278571428571428,80.04285714285714,3.5042857142857144,0.7457142857142857
2023-10-22 20:10:00+00:00,10.271428571428572,80.05714285714286,3.505714285714286,0.7942857142857143
2023-10-22 20:20:00+00:00,10.264285714285714,80.07142857142857,3.507142857142857,0.8428571428571429
2023-10-22 20:30:00+00:00,10.257142857142858,80.08571428571429,3.5085714285714285,0.8914285714285715
2023-10-22 20:40:00+00:00,10.25,80.1,3.51,0.94
2023-10-22 20:50:00+00:00,10.242857142857144,80.11428571428571,3.5114285714285716,0.9885714285714285
2023-10-22 21:00:00+00:00,10.235714285714286,80.12857142857143,3.512857142857143,1.0371428571428571
2023-10-22 21:10:00+00:00,10.22857142857143,80.14285714285714,3.5142857142857142,1.0857142857142856
2023-10-22 21:20:00+00:00,10.221428571428572,80.15714285714286,3.5157142857142856,1.1342857142857143
2023-10-22 21:30:00+00:00,10.214285714285715,80.17142857142858,3.5171428571428573,1.1828571428571428
2023-10-22 21:40:00+00:00,10.207142857142857,80.18571428571428,3.5185714285714287,1.2314285714285713
2023-10-22 21:50:00+00:00,10.200000000000001,80.2,3.52,1.2799999999999998
2023-10-22 22:00:00+00:00,10.192857142857143,80.21428571428571,3.5214285714285714,1.3285714285714285
2023-10-22 22:10:00+00:00,10.185714285714287,80.22857142857143,3.5228571428571427,1.3771428571428572
2023-10-22 22:20:00+00:00,10.178571428571429,80.24285714285715,3.5242857142857145,1.4257142857142857
2023-10-22 22:30:00+00:00,10.171428571428573,80.25714285714285,3.525714285714286,1.4742857142857142
2023-10-22 22:40:00+00:00,10.164285714285715,80.27142857142857,3.527142857142857,1.5228571428571427
2023-10-22 22:50:00+00:00,10.157142857142858,80.28571428571429,3.5285714285714285,1.5714285714285714
2023-10-22 23:00:00+00:00,10.15,80.3,3.5300000000000002,1.62
2023-10-22 23:10:00+00:00,10.142857142857144,80.31428571428572,3.5314285714285716,1.6685714285714286
2023-10-22 23:20:00+00:00,10.135714285714286,80.32857142857142,3.532857142857143,1.717142857142857
2023-10-22 23:30:00+00:00,10.12857142857143,80.34285714285714,3.5342857142857143,1.7657142857142856
2023-10-22 23:40:00+00:00,,,,
2023-10-22 23:50:00+00:00,,,,
2023-10-23 00:00:00+00:00,,,,
2023-10-23 00:10:00+00:00,,,,
2023-10-23 00:20:00+00:00,,,,
2023-10-23 00:30:00+00:00,,,,
2023-10-23 00:40:00+00:00,,,,
2023-10-23 00:50:00+00:00,,,,
2023-10-23 01:00:00+00:00,,,,
2023-10-23 01:10:00+00:00,,,,
2023-10-23 01:20:00+00:00,,,,
2023-10-23 01:30:00+00:00,,,,
2023-10-23 01:40:00+00:00,,,,
2023-10-23 01:50:00+00:00,,,,
2023-10-23 02:00:00+00:00,,,,
2023-10-23 02:10:00+00:00,,,,
2023-10-23 02:20:00+00:00,,,,
2023-10-23 02:30:00+00:00,,,,
2023-10-23 02:40:00+00:00,,,,
2023-10-23 02:50:00+00:00,,,,
2023-10-23 03:00:00+00:00,,,,
2023-10-23 03:10:00+00:00,,,,
2023-10-23 03:20:00+00:00,,,,
2023-10-23 03:30:00+00:00,,,,
2023-10-23 03:40:00+00:00,,,,
2023-10-23 03:50:00+00:00,,,,
2023-10-23 04:00:00+00:00,,,,
2023-10-23 04:10:00+00:00,,,,
2023-10-23 04:20:00+00:00,,,,
2023-10-23 04:30:00+00:00,,,,
2023-10-23 04:40:00+00:00,,,,
2023-10-23 04:50:00+00:00,,,,
2023-10-23 05:00:00+00:00,,,,
2023-10-23 05:10:00+00:00,,,,
2023-10-23 05:20:00+00:00,,,,
2023-10-23 05:30:00+00:00,,,,
2023-10-23 05:40:00+00:00,,,,
2023-10-23 05:50:00+00:00,,,,
2023-10-23 06:00:00+00:00,,,,
2023-10-23 06:10:00+00:00,,,,
2023-10-23 06:20:00+00:00,,,,
2023-10-23 06:30:00+00:00,,,,
2023-10-23 06:40:00+00:00,,,,
2023-10-23 06:50:00+00:00,,,,
2023-10-23 07:00:00+00:00,,,,
2023-10-23 07:10:00+00:00,9.8,81.0,3.6,4.0
2023-10-23 07:20:00+00:00,9.8,81.0,3.6,4.0
2023-10-23 07:30:00+00:00,9.8,81.0,3.6,4.0
2023-10-23 07:40:00+00:00,9.8,81.0,3.5,4.0
2023-10-23 07:50:00+00:00,9.8,81.0,3.5,4.0
2023-10-23 08:00:00+00:00,9.8,81.0,3.5,4.0
2023-10-23 08:10:00+00:00,9.8,81.0,3.5,4.0
2023-10-23 08:20:00+00:00,9.8,81.0,3.5,4.0
2023-10-23 08:30:00+00:00,9.8,81.0,3.5,4.0
2023-10-23 08:40:00+00:00,9.8,81.0,3.5,4.0
2023-10-23 08:50:00+00:00,9.8,81.0,3.5,4.0
2023-10-23 09:00:00+00:00,9.8,81.0,3.5,4.0
2023-10-23 09:10:00+00:00,9.8,81.0,3.5,4.0
2023-10-23 09:20:00+00:00,9.8,80.0,3.5,4.0
2023-10-23 09:30:00+00:00,9.9,81.0,3.5,4.0
2023-10-23 09:40:00+00:00,9.9,81.0,3.5,4.0
2023-10-23 09:50:00+00:00,10.0,80.0,3.5,4.0
2023-10-23 10:00:00+00:00,10.0,80.0,3.5,4.0
2023-10-23 10:10:00+00:00,10.0,81.0,3.5,4.0
2023-10-23 10:20:00+00:00,10.0,81.0,3.5,4.0
2023-10-23 10:30:00+00:00,10.05,81.0,3.5,4.05
2023-10-23 10:40:00+00:00,10.1,81.0,3.5,4.1
2023-10-23 10:50:00+00:00,10.1,80.0,3.5,5.7
2023-10-23 11:00:00+00:00,10.2,80.0,3.5,6.0
2023-10-23 11:10:00+00:00,10.3,81.0,3.4,6.2
2023-10-23 11:20:00+00:00,10.3,81.0,3.5,6.2
2023-10-23 11:30:00+00:00,10.4,80.0,3.5,6.2
2023-10-23 11:40:00+00:00,10.5,80.0,3.5,6.3
2023-10-23 11:50:00+00:00,10.5,80.0,3.5,6.2
2023-10-23 12:00:00+00:00,10.6,80.0,3.5,6.2
2023-10-23 12:10:00+00:00,10.6,80.0,3.5,6.2
2023-10-23 12:20:00+00:00,10.649999999999999,80.0,3.45,6.2
2023-10-23 12:30:00+00:00,10.7,80.0,3.4,6.2
2023-10-23 12:40:00+00:00,10.8,80.0,3.5,5.6
2023-10-23 12:50:00+00:00,10.8,80.0,3.5,5.0
2023-10-23 13:00:00+00:00,10.9,80.0,3.5,5.5
2023-10-23 13:10:00+00:00,11.0,80.0,3.5,6.2
2023-10-23 13:20:00+00:00,11.0,80.0,3.5,6.2
2023-10-23 13:30:00+00:00,11.1,80.0,3.5,6.2
2023-10-23 13:40:00+00:00,11.1,80.0,3.5,6.2
2023-10-23 13:50:00+00:00,11.2,79.0,3.5,6.2
2023-10-23 14:00:00+00:00,11.2,80.0,3.5,6.2
2023-10-23 14:10:00+00:00,11.25,79.5,3.5,6.15
2023-10-23 14:20:00+00:00,11.3,79.0,3.5,6.1
2023-10-23 14:30:00+00:00,11.3,80.0,3.5,6.1
2023-10-23 14:40:00+00:00,11.3,79.0,3.5,5.1
2023-10-23 14:50:00+00:00,11.3,79.0,3.5,4.8
2023-10-23 15:00:00+00:00,11.4,79.0,3.5,5.7
2023-10-23 15:10:00+00:00,11.4,79.0,3.5,4.8
2023-10-23 15:20:00+00:00,11.5,79.0,3.6,4.1
2023-10-23 15:30:00+00:00,11.5,79.0,3.5,4.0
2023-10-23 15:40:00+00:00,11.5,79.0,3.6,3.0
2023-10-23 15:50:00+00:00,11.5,79.0,3.6,1.6
2023-10-23 16:00:00+00:00,11.5,79.0,3.6,1.25
2023-10-23 16:10:00+00:00,11.5,79.0,3.6,0.9
2023-10-23 16:20:00+00:00,11.46,78.9,3.6100000000000003,0.87
2023-10-23 16:30:00+00:00,11.42,78.8,3.62,0.84
2023-10-23 16:40:00+00:00,11.379999999999999,78.7,3.63,0.81
2023-10-23 16:50:00+00:00,11.34,78.6,3.64,0.78
2023-10-23 17:00:00+00:00,11.3,78.5,3.6500000000000004,0.75
2023-10-23 17:10:00+00:00,11.26,78.4,3.66,0.72
2023-10-23 17:20:00+00:00,11.219999999999999,78.3,3.67,0.69
2023-10-23 17:30:00+00:00,11.18,78.2,3.68,0.6599999999999999
2023-10-23 17:40:00+00:00,11.14,78.1,3.6900000000000004,0.6299999999999999
2023-10-23 17:50:00+00:00,11.1,78.0,3.7,0.6
2023-10-23 18:00:00+00:00,11.049999999999999,77.9,3.7,0.6
2023-10-23 18:10:00+00:00,11.0,77.8,3.7,0.6
2023-10-23 18:20:00+00:00,10.95,77.7,3.7,0.6
2023-10-23 18:30:00+00:00,10.9,77.6,3.7,0.6
2023-10-23 18:40:00+00:00,10.85,77.5,3.7,0.6
2023-10-23 18:50:00+00:00,10.799999999999999,77.4,3.7,0.6
2023-10-23 19:00:00+00:00,10.75,77.3,3.7,0.6
2023-10-23 19:10:00+00:00,10.7,77.2,3.7,0.6
2023-10-23 19:20:00+00:00,10.65,77.1,3.7,0.6
2023-10-23 19:30:00+00:00,10.6,77.0,3.7,0.6
2023-10-23 19:40:00+00:00,10.561538461538461,77.0,3.7,0.6
2023-10-23 19:50:00+00:00,10.523076923076923,77.0,3.7,0.6
2023-10-23 20:00:00+00:00,10.484615384615385,77.0,3.7,0.6
2023-10-23 20:10:00+00:00,10.446153846153846,77.0,3.7,0.6
2023-10-23 20:20:00+00:00,10.407692307692308,77.0,3.7,0.6
2023-10-23 20:30:00+00:00,10.36923076923077,77.0,3.7,0.6
2023-10-23 20:40:00+00:00,10.33076923076923,77.0,3.7,0.6
2023-10-23 20:50:00+00:00,10.292307692307691,77.0,3.7,0.6
2023-10-23 21:00:00+00:00,10.253846153846153,77.0,3.7,0.6
2023-10-23 21:10:00+00:00,10.215384615384615,77.0,3.7,0.6
2023-10-23 21:20:00+00:00,10.176923076923076,77.0,3.7,0.6
2023-10-23 21:30:00+00:00,10.138461538461538,77.0,3.7,0.6
2023-10-23 21:40:00+00:00,10.1,77.0,3.7,0.6
2023-10-23 21:50:00+00:00,10.049999999999999,77.0,3.7,0.6
2023-10-23 22:00:00+00:00,10.0,77.0,3.7,0.6
2023-10-23 22:10:00+00:00,9.95,77.0,3.7,0.6
2023-10-23 22:20:00+00:00,9.9,77.0,3.7,0.6
2023-10-23 22:30:00+00:00,9.85,77.0,3.7,0.6
2023-10-23 22:40:00+00:00,9.799999999999999,77.0,3.7,0.6
2023-10-23 22:50:00+00:00,9.75,77.0,3.7,0.6
2023-10-23 23:00:00+00:00,9.7,77.0,3.7,0.6
2023-10-23 23:10:00+00:00,9.65,77.0,3.7,0.6
2023-10-23 23:20:00+00:00,9.6,77.0,3.7,0.6
2023-10-23 23:30:00+00:00,9.559999999999999,77.0,3.7,0.6
2023-10-23 23:40:00+00:00,9.52,77.0,3.7,0.6
2023-10-23 23:50:00+00:00,9.48,77.0,3.7,0.6
2023-10-24 00:00:00+00:00,9.44,77.0,3.7,0.6
2023-10-24 00:10:00+00:00,9.399999999999999,77.0,3.7,0.6
2023-10-24 00:20:00+00:00,9.36,77.0,3.7,0.6
2023-10-24 00:30:00+00:00,9.32,77.0,3.7,0.6
2023-10-24 00:40:00+00:00,9.28,77.0,3.7,0.6
2023-10-24 00:50:00+00:00,9.239999999999998,77.0,3.7,0.6
2023-10-24 01:00:00+00:00,9.2,77.0,3.7,0.6
2023-10-24 01:10:00+00:00,9.16,76.9,3.7,0.6
2023-10-24 01:20:00+00:00,9.12,76.8,3.7,0.6
2023-10-24 01:30:00+00:00,9.08,76.7,3.7,0.6
2023-10-24 01:40:00+00:00,9.04,76.6,3.7,0.6
2023-10-24 01:50:00+00:00,9.0,76.5,3.7,0.6
2023-10-24 02:00:00+00:00,8.96,76.4,3.7,0.6
2023-10-24 02:10:00+00:00,8.92,76.3,3.7,0.6
2023-10-24 02:20:00+00:00,8.88,76.2,3.7,0.6
2023-10-24 02:30:00+00:00,8.84,76.1,3.7,0.6
2023-10-24 02:40:00+00:00,8.8,76.0,3.7,0.6
2023-10-24 02:50:00+00:00,8.770000000000001,76.0,3.7,0.6
2023-10-24 03:00:00+00:00,8.74,76.0,3.7,0.6
2023-10-24 03:10:00+00:00,8.71,76.0,3.7,0.6
2023-10-24 03:20:00+00:00,8.68,76.0,3.7,0.6
2023-10-24 03:30:00+00:00,8.65,76.0,3.7,0.6
2023-10-24 03:40:00+00:00,8.620000000000001,76.0,3.7,0.6
2023-10-24 03:50:00+00:00,8.59,76.0,3.7,0.6
2023-10-24 04:00:00+00:00,8.56,76.0,3.7,0.6
2023-10-24 04:10:00+00:00,8.53,76.0,3.7,0.6
2023-10-24 04:20:00+00:00,8.5,76.0,3.7,0.6
2023-10-24 04:30:00+00:00,8.46,76.0,3.7,0.94
2023-10-24 04:40:00+00:00,8.42,76.0,3.7,1.2799999999999998
2023-10-24 04:50:00+00:00,8.379999999999999,76.0,3.7,1.62
2023-10-24 05:00:00+00:00,8.34,76.0,3.7,1.96
2023-10-24 05:10:00+00:00,8.3,76.0,3.7,2.3
2023-10-24 05:20:00+00:00,8.26,76.0,3.7,2.64
2023-10-24 05:30:00+00:00,8.219999999999999,76.0,3.7,2.98
2023-10-24 05:40:00+00:00,8.18,76.0,3.7,3.32
2023-10-24 05:50:00+00:00,8.14,76.0,3.7,3.6599999999999997
2023-10-24 06:00:00+00:00,8.1,76.0,3.7,4.0
2023-10-24 06:10:00+00:00,8.1,76.0,3.7,4.0
2023-10-24 06:20:00+00:00,8.1,76.0,3.7,4.0
2023-10-24 06:30:00+00:00,8.0,76.0,3.7,4.0
2023-10-24 06:40:00+00:00,8.0,76.0,3.7,4.0
2023-10-24 06:50:00+00:00,8.0,76.0,3.7,4.0
2023-10-24 07:00:00+00:00,8.0,76.0,3.7,4.0
2023-10-24 07:10:00+00:00,8.0,76.0,3.7,4.0
2023-10-24 07:20:00+00:00,7.9,76.0,3.7,4.0
2023-10-24 07:30:00+00:00,7.9,77.0,3.7,4.0
2023-10-24 07:40:00+00:00,7.9,76.5,3.7,4.0
2023-10-24 07:50:00+00:00,7.9,76.0,3.7,4.0
2023-10-24 08:00:00+00:00,7.9,77.0,3.6,4.0
2023-10-24 08:10:00+00:00,7.9,77.0,3.6,4.0
2023-10-24 08:20:00+00:00,7.9,77.0,3.6,4.0
2023-10-24 08:30:00+00:00,7.9,77.0,3.6,4.0
2023-10-24 08:40:00+00:00,7.9,77.0,3.6,4.0
2023-10-24 08:50:00+00:00,7.9,77.0,3.6,4.0
2023-10-24 09:00:00+00:00,7.9,77.0,3.6,4.0
2023-10-24 09:10:00+00:00,7.9,77.0,3.6,4.0
2023-10-24 09:20:00+00:00,8.0,77.0,3.5,4.0
2023-10-24 09:30:00+00:00,8.0,77.0,3.5,4.0
2023-10-24 09:40:00+00:00,8.0,77.0,3.5,4.0
2023-10-24 09:50:00+00:00,8.0,78.0,3.5,4.0
2023-10-24 10:00:00+00:00,8.0,78.0,3.5,5.2
2023-10-24 10:10:00+00:00,8.1,78.0,3.5,5.9
2023-10-24 10:20:00+00:00,8.1,78.0,3.5,6.0
2023-10-24 10:30:00+00:00,8.2,78.0,3.5,6.2
2023-10-24 10:40:00+00:00,8.3,78.0,3.5,6.1
2023-10-24 10:50:00+00:00,8.3,78.0,3.5,6.1
2023-10-24 11:00:00+00:00,8.4,79.0,3.5,6.1
2023-10-24 11:10:00+00:00,8.45,78.5,3.5,6.15
2023-10-24 11:20:00+00:00,8.5,78.0,3.5,6.2
2023-10-24 11:30:00+00:00,8.5,78.0,3.5,6.1
2023-10-24 11:40:00+00:00,8.6,78.0,3.5,6.2
2023-10-24 11:50:00+00:00,8.7,78.0,3.4,6.1
2023-10-24 12:00:00+00:00,8.8,78.0,3.5,6.2
2023-10-24 12:10:00+00:00,8.9,78.0,3.5,6.2
2023-10-24 12:20:00+00:00,9.0,78.0,3.5,6.1
2023-10-24 12:30:00+00:00,9.1,78.0,3.5,6.1
2023-10-24 12:40:00+00:00,9.2,78.0,3.5,6.2
2023-10-24 12:50:00+00:00,9.3,78.0,3.5,6.2
2023-10-24 13:00:00+00:00,9.350000000000001,78.0,3.5,6.050000000000001
2023-10-24 13:10:00+00:00,9.4,78.0,3.5,5.9
2023-10-24 13:20:00+00:00,9.5,78.0,3.5,6.2
2023-10-24 13:30:00+00:00,9.6,78.0,3.5,6.1
2023-10-24 13:40:00+00:00,9.7,78.0,3.5,6.2
2023-10-24 13:50:00+00:00,9.8,78.0,3.5,6.0
2023-10-24 14:00:00+00:00,9.9,78.0,3.5,6.0
2023-10-24 14:10:00+00:00,10.0,78.0,3.5,4.2
2023-10-24 14:20:00+00:00,10.1,78.0,3.5,5.4
2023-10-24 14:30:00+00:00,10.1,78.0,3.5,4.8
2023-10-24 14:40:00+00:00,10.2,78.0,3.6,4.7
2023-10-24 14:50:00+00:00,10.25,78.0,3.6,4.550000000000001
2023-10-24 15:00:00+00:00,10.3,78.0,3.6,4.4
2023-10-24 15:10:00+00:00,10.3,78.0,3.6,4.0
2023-10-24 15:20:00+00:00,10.3,77.0,3.6,4.0
2023-10-24 15:30:00+00:00,10.3,78.0,3.6,3.4
2023-10-24 15:40:00+00:00,10.4,77.0,3.6,2.3
2023-10-24 15:50:00+00:00,10.4,77.0,3.6,1.1
2023-10-24 16:00:00+00:00,10.4,77.0,3.6,0.7
2023-10-24 16:10:00+00:00,10.392307692307693,77.0,3.6,0.6923076923076923
2023-10-24 16:20:00+00:00,10.384615384615385,77.0,3.6,0.6846153846153846
2023-10-24 16:30:00+00:00,10.376923076923077,77.0,3.6,0.6769230769230768
2023-10-24 16:40:00+00:00,10.36923076923077,77.0,3.6,0.6692307692307692
2023-10-24 16:50:00+00:00,10.361538461538462,77.0,3.6,0.6615384615384615
2023-10-24 17:00:00+00:00,10.353846153846154,77.0,3.6,0.6538461538461539
2023-10-24 17:10:00+00:00,10.346153846153847,77.0,3.6,0.6461538461538461
2023-10-24 17:20:00+00:00,10.338461538461539,77.0,3.6,0.6384615384615384
2023-10-24 17:30:00+00:00,10.330769230769231,77.0,3.6,0.6307692307692307
2023-10-24 17:40:00+00:00,10.323076923076924,77.0,3.6,0.6230769230769231
2023-10-24 17:50:00+00:00,10.315384615384616,77.0,3.6,0.6153846153846153
2023-10-24 18:00:00+00:00,10.307692307692308,77.0,3.6,0.6076923076923076
2023-10-24 18:10:00+00:00,10.3,77.0,3.6,0.6
2023-10-24 18:20:00+00:00,10.280000000000001,77.0,3.6,0.6
2023-10-24 18:30:00+00:00,10.26,77.0,3.6,0.6
2023-10-24 18:40:00+00:00,10.24,77.0,3.6,0.6
2023-10-24 18:50:00+00:00,10.22,77.0,3.6,0.6
2023-10-24 19:00:00+00:00,10.2,77.0,3.6,0.6
2023-10-24 19:10:00+00:00,10.18,77.0,3.6,0.6
2023-10-24 19:20:00+00:00,10.16,77.0,3.6,0.6
2023-10-24 19:30:00+00:00,10.14,77.0,3.6,0.6
2023-10-24 19:40:00+00:00,10.12,77.0,3.6,0.6
2023-10-24 19:50:00+00:00,10.1,77.0,3.6,0.6
2023-10-24 20:00:00+00:00,10.08,77.0,3.6,0.6
2023-10-24 20:10:00+00:00,10.06,77.0,3.6,0.6
2023-10-24 20:20:00+00:00,10.04,77.0,3.6,0.6
2023-10-24 20:30:00+00:00,10.02,77.0,3.6,0.6
2023-10-24 20:40:00+00:00,10.0,77.0,3.6,0.6
2023-10-24 20:50:00+00:00,9.98,77.0,3.6,0.6
2023-10-24 21:00:00+00:00,9.96,77.0,3.6,0.6
2023-10-24 21:10:00+00:00,9.94,77.0,3.6,0.6
2023-10-24 21:20:00+00:00,9.92,77.0,3.6,0.6
2023-10-24 21:30:00+00:00,9.9,77.0,3.6,0.6
2023-10-24 21:40:00+00:00,9.88,76.9,3.6,0.6
2023-10-24 21:50:00+00:00,9.86,76.8,3.6,0.6
2023-10-24 22:00:00+00:00,9.84,76.7,3.6,0.6
2023-10-24 22:10:00+00:00,9.82,76.6,3.6,0.6
2023-10-24 22:20:00+00:00,9.8,76.5,3.6,0.6
2023-10-24 22:30:00+00:00,9.78,76.4,3.6,0.6
2023-10-24 22:40:00+00:00,9.76,76.3,3.6,0.6
2023-10-24 22:50:00+00:00,9.74,76.2,3.6,0.6
2023-10-24 23:00:00+00:00,9.719999999999999,76.1,3.6,0.6
2023-10-24 23:10:00+00:00,9.7,76.0,3.6,0.6
2023-10-24 23:20:00+00:00,9.69,76.0,3.6,0.6
2023-10-24 23:30:00+00:00,9.68,76.0,3.6,0.6
2023-10-24 23:40:00+00:00,9.67,76.0,3.6,0.6
2023-10-24 23:50:00+00:00,9.66,76.0,3.6,0.6
2023-10-25 00:00:00+00:00,9.649999999999999,76.0,3.6,0.6
2023-10-25 00:10:00+00:00,9.639999999999999,76.0,3.6,0.6
2023-10-25 00:20:00+00:00,9.629999999999999,76.0,3.6,0.6
2023-10-25 00:30:00+00:00,9.62,76.0,3.6,0.6
2023-10-25 00:40:00+00:00,9.61,76.0,3.6,0.6
2023-10-25 00:50:00+00:00,9.6,76.0,3.6,0.6
2023-10-25 01:00:00+00:00,9.6,76.0,3.6,0.6
2023-10-25 01:10:00+00:00,9.6,76.0,3.6,0.6
2023-10-25 01:20:00+00:00,9.6,76.0,3.6,0.6
2023-10-25 01:30:00+00:00,9.6,76.0,3.6,0.6
2023-10-25 01:40:00+00:00,9.6,76.0,3.6,0.6
2023-10-25 01:50:00+00:00,9.6,76.0,3.6,0.6
2023-10-25 02:00:00+00:00,9.6,76.0,3.6,0.6
2023-10-25 02:10:00+00:00,9.6,76.0,3.6,0.6
2023-10-25 02:20:00+00:00,9.6,76.0,3.6,0.6
2023-10-25 02:30:00+00:00,9.6,76.0,3.6,0.6
2023-10-25 02:40:00+00:00,9.59,76.4,3.6,0.6
2023-10-25 02:50:00+00:00,9.58,76.8,3.6,0.6
2023-10-25 03:00:00+00:00,9.57,77.2,3.6,0.6
2023-10-25 03:10:00+00:00,9.56,77.6,3.6,0.6
2023-10-25 03:20:00+00:00,9.55,78.0,3.6,0.6
2023-10-25 03:30:00+00:00,9.54,78.4,3.6,0.6
2023-10-25 03:40:00+00:00,9.53,78.8,3.6,0.6
2023-10-25 03:50:00+00:00,9.52,79.2,3.6,0.6
2023-10-25 04:00:00+00:00,9.51,79.6,3.6,0.6
2023-10-25 04:10:00+00:00,9.5,80.0,3.6,0.6
2023-10-25 04:20:00+00:00,9.5,80.7,3.6,0.75
2023-10-25 04:30:00+00:00,9.5,81.4,3.6,0.8999999999999999
2023-10-25 04:40:00+00:00,9.5,82.1,3.6,1.0499999999999998
2023-10-25 04:50:00+00:00,9.5,82.8,3.6,1.2
2023-10-25 05:00:00+00:00,9.5,83.5,3.6,1.35
2023-10-25 05:10:00+00:00,9.5,84.2,3.6,1.5
2023-10-25 05:20:00+00:00,9.5,84.9,3.6,1.65
2023-10-25 05:30:00+00:00,9.5,85.6,3.6,1.7999999999999998
2023-10-25 05:40:00+00:00,9.5,86.3,3.6,1.9499999999999997
2023-10-25 05:50:00+00:00,9.5,87.0,3.6,2.1
2023-10-25 06:00:00+00:00,9.5,87.0,3.6,4.0
2023-10-25 06:10:00+00:00,9.5,87.0,3.6,4.0
2023-10-25 06:20:00+00:00,9.4,87.0,3.6,4.0
2023-10-25 06:30:00+00:00,9.4,87.0,3.6,4.0
2023-10-25 06:40:00+00:00,9.4,87.0,3.6,4.0
2023-10-25 06:50:00+00:00,9.4,88.0,3.6,4.0
2023-10-25 07:00:00+00:00,9.4,88.0,3.6,4.0
2023-10-25 07:10:00+00:00,9.4,88.0,3.6,4.0
2023-10-25 07:20:00+00:00,9.4,88.0,3.6,4.0
2023-10-25 07:30:00+00:00,9.4,88.0,3.6,4.0
2023-10-25 07:40:00+00:00,9.4,88.0,3.6,4.0
2023-10-25 07:50:00+00:00,9.4,88.0,3.6,4.0
2023-10-25 08:00:00+00:00,9.4,88.0,3.6,4.0
2023-10-25 08:10:00+00:00,9.4,88.0,3.6,4.0
2023-10-25 08:20:00+00:00,9.4,88.0,3.6,4.0
2023-10-25 08:30:00+00:00,9.4,88.0,3.6,4.0
2023-10-25 08:40:00+00:00,9.4,88.0,3.6,4.0
2023-10-25 08:50:00+00:00,9.4,88.0,3.6,4.0
2023-10-25 09:00:00+00:00,9.4,88.0,3.6,4.0
2023-10-25 09:10:00+00:00,9.3,87.0,3.6,4.0
2023-10-25 09:20:00+00:00,9.4,87.0,3.6,4.0
2023-10-25 09:30:00+00:00,9.3,87.0,3.6,4.0
2023-10-25 09:40:00+00:00,9.4,87.0,3.6,4.0
2023-10-25 09:50:00+00:00,9.4,88.0,3.6,4.0
2023-10-25 10:00:00+00:00,9.4,87.0,3.6,4.0
2023-10-25 10:10:00+00:00,9.4,87.0,3.6,4.0
2023-10-25 10:20:00+00:00,9.4,87.0,3.6,4.0
2023-10-25 10:30:00+00:00,9.4,87.0,3.6,4.0
2023-10-25 10:40:00+00:00,9.4,87.0,3.6,4.0
2023-10-25 10:50:00+00:00,9.4,87.0,3.6,4.0
2023-10-25 11:00:00+00:00,9.4,87.0,3.6,4.0
2023-10-25 11:10:00+00:00,9.4,88.0,3.6,4.0
2023-10-25 11:20:00+00:00,9.4,87.0,3.6,4.0
2023-10-25 11:30:00+00:00,9.4,88.0,3.6,4.0
2023-10-25 11:40:00+00:00,9.4,87.0,3.6,4.0
2023-10-25 11:50:00+00:00,9.4,87.0,3.6,4.0
2023-10-25 12:00:00+00:00,9.45,87.0,3.6,4.0
2023-10-25 12:10:00+00:00,9.5,87.0,3.6,4.0
2023-10-25 12:20:00+00:00,9.5,87.0,3.6,4.0
2023-10-25 12:30:00+00:00,9.5,87.0,3.6,4.0
2023-10-25 12:40:00+00:00,9.5,87.0,3.6,4.0
2023-10-25 12:50:00+00:00,9.5,87.0,3.6,4.0
2023-10-25 13:00:00+00:00,9.5,87.0,3.6,4.0
2023-10-25 13:10:00+00:00,9.5,87.0,3.6,4.0
2023-10-25 13:20:00+00:00,9.5,87.0,3.6,4.0
2023-10-25 13:30:00+00:00,9.5,87.0,3.6,4.0
2023-10-25 13:40:00+00:00,9.5,87.0,3.6,4.0
2023-10-25 13:50:00+00:00,9.5,87.0,3.6,4.0
2023-10-25 14:00:00+00:00,9.5,87.0,3.6,4.0
2023-10-25 14:10:00+00:00,9.5,87.0,3.6,3.5
2023-10-25 14:20:00+00:00,9.5,87.0,3.6,3.5
2023-10-25 14:30:00+00:00,9.5,87.0,3.6,3.5
2023-10-25 14:40:00+00:00,9.5,88.0,3.6,3.5
2023-10-25 14:50:00+00:00,9.5,89.0,3.6,3.8
2023-10-25 15:00:00+00:00,9.5,89.0,3.6,3.5
2023-10-25 15:10:00+00:00,9.5,89.0,3.6,3.5
2023-10-25 15:20:00+00:00,9.5,89.0,3.6,2.9
2023-10-25 15:30:00+00:00,9.5,89.0,3.6,2.35
2023-10-25 15:40:00+00:00,9.5,89.0,3.6,1.8
2023-10-25 15:50:00+00:00,9.5,89.0,3.6,0.9
2023-10-25 16:00:00+00:00,9.49,88.8,3.6,0.87
2023-10-25 16:10:00+00:00,9.48,88.6,3.6,0.84
2023-10-25 16:20:00+00:00,9.47,88.4,3.6,0.81
2023-10-25 16:30:00+00:00,9.46,88.2,3.6,0.78
2023-10-25 16:40:00+00:00,9.45,88.0,3.6,0.75
2023-10-25 16:50:00+00:00,9.44,87.8,3.6,0.72
2023-10-25 17:00:00+00:00,9.43,87.6,3.6,0.69
2023-10-25 17:10:00+00:00,9.42,87.4,3.6,0.6599999999999999
2023-10-25 17:20:00+00:00,9.41,87.2,3.6,0.6299999999999999
2023-10-25 17:30:00+00:00,9.4,87.0,3.6,0.6
2023-10-25 17:40:00+00:00,9.39,87.1,3.6,0.6
2023-10-25 17:50:00+00:00,9.38,87.2,3.6,0.6
2023-10-25 18:00:00+00:00,9.370000000000001,87.3,3.6,0.6
2023-10-25 18:10:00+00:00,9.360000000000001,87.4,3.6,0.6
2023-10-25 18:20:00+00:00,9.350000000000001,87.5,3.6,0.6
2023-10-25 18:30:00+00:00,9.34,87.6,3.6,0.6
2023-10-25 18:40:00+00:00,9.33,87.7,3.6,0.6
2023-10-25 18:50:00+00:00,9.32,87.8,3.6,0.6
2023-10-25 19:00:00+00:00,9.31,87.9,3.6,0.6
2023-10-25 19:10:00+00:00,9.3,88.0,3.6,0.6
2023-10-25 19:20:00+00:00,9.3,88.0,3.6,0.5846153846153846
2023-10-25 19:30:00+00:00,9.3,88.0,3.6,0.5692307692307692
2023-10-25 19:40:00+00:00,9.3,88.0,3.6,0.5538461538461539
2023-10-25 19:50:00+00:00,9.3,88.0,3.6,0.5384615384615384
2023-10-25 20:00:00+00:00,9.3,88.0,3.6,0.5230769230769231
2023-10-25 20:10:00+00:00,9.3,88.0,3.6,0.5076923076923077
2023-10-25 20:20:00+00:00,9.3,88.0,3.6,0.49230769230769234
2023-10-25 20:30:00+00:00,9.3,88.0,3.6,0.4769230769230769
2023-10-25 20:40:00+00:00,9.3,88.0,3.6,0.46153846153846156
2023-10-25 20:50:00+00:00,9.3,88.0,3.6,0.4461538461538461
2023-10-25 21:00:00+00:00,9.3,88.0,3.6,0.4307692307692308
2023-10-25 21:10:00+00:00,9.3,88.0,3.6,0.4153846153846154
2023-10-25 21:20:00+00:00,9.3,88.0,3.6,0.4
2023-10-25 21:30:00+00:00,9.290000000000001,87.9,3.6,0.42000000000000004
2023-10-25 21:40:00+00:00,9.280000000000001,87.8,3.6,0.44
2023-10-25 21:50:00+00:00,9.27,87.7,3.6,0.46
2023-10-25 22:00:00+00:00,9.26,87.6,3.6,0.48
2023-10-25 22:10:00+00:00,9.25,87.5,3.6,0.5
2023-10-25 22:20:00+00:00,9.24,87.4,3.6,0.52
2023-10-25 22:30:00+00:00,9.23,87.3,3.6,0.54
2023-10-25 22:40:00+00:00,9.219999999999999,87.2,3.6,0.56
2023-10-25 22:50:00+00:00,9.209999999999999,87.1,3.6,0.58
2023-10-25 23:00:00+00:00,9.2,87.0,3.6,0.6
2023-10-25 23:10:00+00:00,9.19,87.0,3.6100000000000003,0.6
2023-10-25 23:20:00+00:00,9.18,87.0,3.62,0.6
2023-10-25 23:30:00+00:00,9.17,87.0,3.63,0.6
2023-10-25 23:40:00+00:00,9.16,87.0,3.64,0.6
2023-10-25 23:50:00+00:00,9.149999999999999,87.0,3.6500000000000004,0.6
2023-10-26 00:00:00+00:00,9.139999999999999,87.0,3.66,0.6
2023-10-26 00:10:00+00:00,9.129999999999999,87.0,3.67,0.6
2023-10-26 00:20:00+00:00,9.12,87.0,3.68,0.6
2023-10-26 00:30:00+00:00,9.11,87.0,3.6900000000000004,0.6
2023-10-26 00:40:00+00:00,9.1,87.0,3.7,0.6
2023-10-26 00:50:00+00:00,9.1,87.0,3.6900000000000004,0.6
2023-10-26 01:00:00+00:00,9.1,87.0,3.68,0.6
2023-10-26 01:10:00+00:00,9.1,87.0,3.67,0.6
2023-10-26 01:20:00+00:00,9.1,87.0,3.66,0.6
2023-10-26 01:30:00+00:00,9.1,87.0,3.6500000000000004,0.6
2023-10-26 01:40:00+00:00,9.1,87.0,3.64,0.6
2023-10-26 01:50:00+00:00,9.1,87.0,3.63,0.6
2023-10-26 02:00:00+00:00,9.1,87.0,3.62,0.6
2023-10-26 02:10:00+00:00,9.1,87.0,3.6100000000000003,0.6
2023-10-26 02:20:00+00:00,9.1,87.0,3.6,0.6
2023-10-26 02:30:00+00:00,9.09,87.0,3.6,0.6
2023-10-26 02:40:00+00:00,9.08,87.0,3.6,0.6
2023-10-26 02:50:00+00:00,9.07,87.0,3.6,0.6
2023-10-26 03:00:00+00:00,9.06,87.0,3.6,0.6
2023-10-26 03:10:00+00:00,9.05,87.0,3.6,0.6
2023-10-26 03:20:00+00:00,9.04,87.0,3.6,0.6
2023-10-26 03:30:00+00:00,9.03,87.0,3.6,0.6
2023-10-26 03:40:00+00:00,9.02,87.0,3.6,0.6
2023-10-26 03:50:00+00:00,9.01,87.0,3.6,0.6
2023-10-26 04:00:00+00:00,9.0,87.0,3.6,0.6
2023-10-26 04:10:00+00:00,9.0,86.9,3.6,0.77
2023-10-26 04:20:00+00:00,9.0,86.8,3.6,0.94
2023-10-26 04:30:00+00:00,9.0,86.7,3.6,1.1099999999999999
2023-10-26 04:40:00+00:00,9.0,86.6,3.6,1.2799999999999998
2023-10-26 04:50:00+00:00,9.0,86.5,3.6,1.4499999999999997
2023-10-26 05:00:00+00:00,9.0,86.4,3.6,1.62
2023-10-26 05:10:00+00:00,9.0,86.3,3.6,1.79
2023-10-26 05:20:00+00:00,9.0,86.2,3.6,1.96
2023-10-26 05:30:00+00:00,9.0,86.1,3.6,2.13
2023-10-26 05:40:00+00:00,9.0,86.0,3.6,2.3
2023-10-26 05:50:00+00:00,9.0,86.0,3.7,3.8
2023-10-26 06:00:00+00:00,9.0,86.0,3.6,4.0
2023-10-26 06:10:00+00:00,9.0,86.0,3.6,4.0
2023-10-26 06:20:00+00:00,9.0,86.0,3.6,4.0
2023-10-26 06:30:00+00:00,8.9,86.0,3.6,4.0
2023-10-26 06:40:00+00:00,9.0,86.0,3.7,4.0
2023-10-26 06:50:00+00:00,8.9,86.0,3.6,4.0
2023-10-26 07:00:00+00:00,8.9,86.0,3.6,4.0
2023-10-26 07:10:00+00:00,8.9,86.0,3.6,4.0
2023-10-26 07:20:00+00:00,8.9,86.0,3.6,4.0
2023-10-26 07:30:00+00:00,8.9,86.0,3.6,4.0
2023-10-26 07:40:00+00:00,8.9,86.0,3.6,4.0
2023-10-26 07:50:00+00:00,8.9,86.0,3.6,4.0
2023-10-26 08:00:00+00:00,8.9,86.0,3.6,4.0
2023-10-26 08:10:00+00:00,8.9,86.0,3.6,4.0
2023-10-26 08:20:00+00:00,8.9,86.0,3.6,4.0
2023-10-26 08:30:00+00:00,8.9,86.0,3.6,4.0
2023-10-26 08:40:00+00:00,8.9,86.0,3.6,4.0
2023-10-26 08:50:00+00:00,8.9,86.0,3.6,4.0
2023-10-26 09:00:00+00:00,8.9,86.0,3.6,4.0
2023-10-26 09:10:00+00:00,8.9,86.0,3.6,4.0
2023-10-26 09:20:00+00:00,9.0,86.0,3.6,3.8
2023-10-26 09:30:00+00:00,9.0,86.0,3.6,4.0
2023-10-26 09:40:00+00:00,9.0,86.0,3.6,4.0
2023-10-26 09:50:00+00:00,9.0,86.0,3.6,4.0
2023-10-26 10:00:00+00:00,9.0,86.0,3.6,4.0
2023-10-26 10:10:00+00:00,9.0,86.0,3.6,4.0
2023-10-26 10:20:00+00:00,9.0,86.0,3.5,4.0
2023-10-26 10:30:00+00:00,9.0,86.0,3.6,4.0
2023-10-26 10:40:00+00:00,9.0,86.0,3.6,4.0
2023-10-26 10:50:00+00:00,9.0,86.0,3.6,4.0
2023-10-26 11:00:00+00:00,9.0,86.0,3.6,4.0
2023-10-26 11:10:00+00:00,9.1,86.0,3.6,4.0
2023-10-26 11:20:00+00:00,9.1,86.0,3.6,4.0
2023-10-26 11:30:00+00:00,9.1,86.0,3.6,4.0
2023-10-26 11:40:00+00:00,9.1,86.0,3.6,4.0
2023-10-26 11:50:00+00:00,9.1,86.0,3.6,4.0
2023-10-26 12:00:00+00:00,9.1,85.0,3.6,4.0
2023-10-26 12:10:00+00:00,9.2,86.0,3.6,4.0
2023-10-26 12:20:00+00:00,9.2,86.0,3.6,4.0
2023-10-26 12:30:00+00:00,9.3,86.0,3.6,4.0
2023-10-26 12:40:00+00:00,9.3,85.5,3.6,4.0
2023-10-26 12:50:00+00:00,9.3,85.0,3.6,4.0
2023-10-26 13:00:00+00:00,9.3,85.0,3.6,4.0
2023-10-26 13:10:00+00:00,9.3,85.0,3.6,4.0
2023-10-26 13:20:00+00:00,9.3,86.0,3.6,4.0
2023-10-26 13:30:00+00:00,9.3,85.0,3.6,4.0
2023-10-26 13:40:00+00:00,9.3,85.0,3.6,4.0
2023-10-26 13:50:00+00:00,9.4,85.0,3.6,4.0
2023-10-26 14:00:00+00:00,9.4,86.0,3.6,4.0
2023-10-26 14:10:00+00:00,9.4,85.0,3.6,4.0
2023-10-26 14:20:00+00:00,9.5,85.0,3.6,4.0
2023-10-26 14:30:00+00:00,9.5,85.0,3.6,4.0
2023-10-26 14:40:00+00:00,9.5,85.0,3.6,4.0
2023-10-26 14:50:00+00:00,9.5,85.0,3.6,3.8
2023-10-26 15:00:00+00:00,9.5,85.0,3.6,3.7
2023-10-26 15:10:00+00:00,9.493877551020407,85.0,3.6,3.703061224489796
2023-10-26 15:20:00+00:00,9.487755102040817,85.0,3.6,3.706122448979592
2023-10-26 15:30:00+00:00,9.481632653061224,85.0,3.6,3.7091836734693877
2023-10-26 15:40:00+00:00,9.475510204081633,85.0,3.6,3.712244897959184
2023-10-26 15:50:00+00:00,9.46938775510204,85.0,3.6,3.71530612244898
2023-10-26 16:00:00+00:00,9.46326530612245,85.0,3.6,3.7183673469387757
2023-10-26 16:10:00+00:00,9.457142857142857,85.0,3.6,3.7214285714285715
2023-10-26 16:20:00+00:00,9.451020408163265,85.0,3.6,3.7244897959183674
2023-10-26 16:30:00+00:00,9.444897959183674,85.0,3.6,3.727551020408163
2023-10-26 16:40:00+00:00,9.438775510204081,85.0,3.6,3.7306122448979595
2023-10-26 16:50:00+00:00,9.43265306122449,85.0,3.6,3.7336734693877554
2023-10-26 17:00:00+00:00,9.426530612244898,85.0,3.6,3.736734693877551
2023-10-26 17:10:00+00:00,9.420408163265305,85.0,3.6,3.739795918367347
2023-10-26 17:20:00+00:00,9.414285714285715,85.0,3.6,3.742857142857143
2023-10-26 17:30:00+00:00,9.408163265306122,85.0,3.6,3.7459183673469387
2023-10-26 17:40:00+00:00,9.402040816326531,85.0,3.6,3.748979591836735
2023-10-26 17:50:00+00:00,9.395918367346939,85.0,3.6,3.752040816326531
2023-10-26 18:00:00+00:00,9.389795918367348,85.0,3.6,3.7551020408163267
2023-10-26 18:10:00+00:00,9.383673469387755,85.0,3.6,3.7581632653061225
2023-10-26 18:20:00+00:00,9.377551020408163,85.0,3.6,3.7612244897959184
2023-10-26 18:30:00+00:00,9.371428571428572,85.0,3.6,3.7642857142857142
2023-10-26 18:40:00+00:00,9.36530612244898,85.0,3.6,3.7673469387755105
2023-10-26 18:50:00+00:00,9.359183673469389,85.0,3.6,3.7704081632653064
2023-10-26 19:00:00+00:00,9.353061224489796,85.0,3.6,3.773469387755102
2023-10-26 19:10:00+00:00,,,,
2023-10-26 19:20:00+00:00,,,,
2023-10-26 19:30:00+00:00,,,,
2023-10-26 19:40:00+00:00,,,,
2023-10-26 19:50:00+00:00,,,,
2023-10-26 20:00:00+00:00,,,,
2023-10-26 20:10:00+00:00,,,,
2023-10-26 20:20:00+00:00,,,,
2023-10-26 20:30:00+00:00,,,,
2023-10-26 20:40:00+00:00,,,,
2023-10-26 20:50:00+00:00,,,,
2023-10-26 21:00:00+00:00,,,,
2023-10-26 21:10:00+00:00,,,,
2023-10-26 21:20:00+00:00,,,,
2023-10-26 21:30:00+00:00,,,,
2023-10-26 21:40:00+00:00,,,,
2023-10-26 21:50:00+00:00,,,,
2023-10-26 22:00:00+00:00,,,,
2023-10-26 22:10:00+00:00,,,,
2023-10-26 22:20:00+00:00,,,,
2023-10-26 22:30:00+00:00,,,,
2023-10-26 22:40:00+00:00,,,,
2023-10-26 22:50:00+00:00,,,,
2023-10-26 23:00:00+00:00,,,,
2023-10-26 23:10:00+00:00,,,,
2023-10-26 23:20:00+00:00,,,,
2023-10-26 23:30:00+00:00,,,,
2023-10-26 23:40:00+00:00,,,,
2023-10-26 23:50:00+00:00,,,,
2023-10-27 00:00:00+00:00,,,,
2023-10-27 00:10:00+00:00,,,,
2023-10-27 00:20:00+00:00,,,,
2023-10-27 00:30:00+00:00,,,,
2023-10-27 00:40:00+00:00,,,,
2023-10-27 00:50:00+00:00,,,,
2023-10-27 01:00:00+00:00,,,,
2023-10-27 01:10:00+00:00,,,,
2023-10-27 01:20:00+00:00,,,,
2023-10-27 01:30:00+00:00,,,,
2023-10-27 01:40:00+00:00,,,,
2023-10-27 01:50:00+00:00,,,,
2023-10-27 02:00:00+00:00,,,,
2023-10-27 02:10:00+00:00,,,,
2023-10-27 02:20:00+00:00,,,,
2023-10-27 02:30:00+00:00,,,,
2023-10-27 02:40:00+00:00,,,,
2023-10-27 02:50:00+00:00,,,,
2023-10-27 03:00:00+00:00,,,,
2023-10-27 03:10:00+00:00,,,,
2023-10-27 03:20:00+00:00,,,,
2023-10-27 03:30:00+00:00,,,,
2023-10-27 03:40:00+00:00,,,,
2023-10-27 03:50:00+00:00,,,,
2023-10-27 04:00:00+00:00,,,,
2023-10-27 04:10:00+00:00,,,,
2023-10-27 04:20:00+00:00,,,,
2023-10-27 04:30:00+00:00,,,,
2023-10-27 04:40:00+00:00,,,,
2023-10-27 04:50:00+00:00,,,,
2023-10-27 05:00:00+00:00,,,,
2023-10-27 05:10:00+00:00,,,,
2023-10-27 05:20:00+00:00,,,,
2023-10-27 05:30:00+00:00,,,,
2023-10-27 05:40:00+00:00,,,,
2023-10-27 05:50:00+00:00,,,,
2023-10-27 06:00:00+00:00,,,,
2023-10-27 06:10:00+00:00,,,,
2023-10-27 06:20:00+00:00,,,,
2023-10-27 06:30:00+00:00,,,,
2023-10-27 06:40:00+00:00,,,,
2023-10-27 06:50:00+00:00,,,,
2023-10-27 07:00:00+00:00,,,,
2023-10-27 07:10:00+00:00,,,,
2023-10-27 07:20:00+00:00,8.9,85.0,3.6,4.0
2023-10-27 07:30:00+00:00,8.9,85.0,3.6,4.0
2023-10-27 07:40:00+00:00,8.9,85.0,3.6,4.0
2023-10-27 07:50:00+00:00,8.9,85.0,3.6,4.0
2023-10-27 08:00:00+00:00,8.9,85.0,3.6,4.0
2023-10-27 08:10:00+00:00,8.9,85.0,3.6,4.0
2023-10-27 08:20:00+00:00,8.9,85.0,3.6,4.0
2023-10-27 08:30:00+00:00,8.9,85.0,3.6,4.0
2023-10-27 08:40:00+00:00,8.9,85.0,3.6,4.0
2023-10-27 08:50:00+00:00,8.9,85.0,3.6,4.0
2023-10-27 09:00:00+00:00,8.9,85.0,3.6,4.0
2023-10-27 09:10:00+00:00,8.9,85.0,3.6,4.0
2023-10-27 09:20:00+00:00,8.9,85.0,3.6,4.0
2023-10-27 09:30:00+00:00,8.9,85.0,3.6,4.0
2023-10-27 09:40:00+00:00,8.9,85.0,3.6,4.0
2023-10-27 09:50:00+00:00,8.9,85.0,3.6,4.0
2023-10-27 10:00:00+00:00,9.0,85.0,3.6,4.0
2023-10-27 10:10:00+00:00,9.0,85.0,3.6,4.0
2023-10-27 10:20:00+00:00,9.0,85.0,3.6,4.0
2023-10-27 10:30:00+00:00,9.0,85.0,3.6,4.0
2023-10-27 10:40:00+00:00,9.0,85.0,3.6,4.0
2023-10-27 10:50:00+00:00,9.0,84.0,3.6,4.0
2023-10-27 11:00:00+00:00,9.0,85.0,3.6,4.0
2023-10-27 11:10:00+00:00,9.0,85.0,3.7,4.0
2023-10-27 11:20:00+00:00,9.0,85.0,3.6,4.0
2023-10-27 11:30:00+00:00,9.1,85.0,3.6,4.0
2023-10-27 11:40:00+00:00,9.1,85.0,3.6,4.0
2023-10-27 11:50:00+00:00,9.1,85.0,3.6,4.0
2023-10-27 12:00:00+00:00,9.1,85.0,3.6,4.0
2023-10-27 12:10:00+00:00,9.1,85.0,3.6,4.0
2023-10-27 12:20:00+00:00,9.1,86.0,3.6,4.0
2023-10-27 12:30:00+00:00,9.1,86.0,3.6,4.0
2023-10-27 12:40:00+00:00,9.1,86.0,3.6,4.0
2023-10-27 12:50:00+00:00,9.2,86.0,3.6,4.0
2023-10-27 13:00:00+00:00,9.2,85.0,3.6,4.0
2023-10-27 13:10:00+00:00,9.2,86.0,3.6,4.0
2023-10-27 13:20:00+00:00,9.2,85.0,3.6,4.0
2023-10-27 13:30:00+00:00,9.3,85.0,3.6,4.0
2023-10-27 13:40:00+00:00,9.3,85.0,3.6,4.0
2023-10-27 13:50:00+00:00,9.3,85.0,3.6,4.0
2023-10-27 14:00:00+00:00,9.3,85.0,3.6,4.0
2023-10-27 14:10:00+00:00,9.3,86.0,3.6,4.0
2023-10-27 14:20:00+00:00,9.3,85.0,3.6,4.0
2023-10-27 14:30:00+00:00,9.3,85.0,3.6,4.0
2023-10-27 14:40:00+00:00,9.3,85.0,3.6,4.0
2023-10-27 14:50:00+00:00,9.3,85.0,3.6,4.0
2023-10-27 15:00:00+00:00,9.3,85.0,3.6,4.0
2023-10-27 15:10:00+00:00,9.3,85.0,3.6,4.0
2023-10-27 15:20:00+00:00,9.3,85.0,3.6,3.2
2023-10-27 15:30:00+00:00,9.289795918367348,85.0204081632653,3.6,3.2081632653061227
2023-10-27 15:40:00+00:00,9.279591836734694,85.04081632653062,3.6,3.2163265306122453
2023-10-27 15:50:00+00:00,9.269387755102041,85.06122448979592,3.6,3.2244897959183674
2023-10-27 16:00:00+00:00,9.259183673469389,85.08163265306122,3.6,3.23265306122449
2023-10-27 16:10:00+00:00,9.248979591836735,85.10204081632654,3.6,3.2408163265306125
2023-10-27 16:20:00+00:00,9.238775510204082,85.12244897959184,3.6,3.248979591836735
2023-10-27 16:30:00+00:00,9.22857142857143,85.14285714285714,3.6,3.257142857142857
2023-10-27 16:40:00+00:00,9.218367346938777,85.16326530612245,3.6,3.2653061224489797
2023-10-27 16:50:00+00:00,9.208163265306123,85.18367346938776,3.6,3.273469387755102
2023-10-27 17:00:00+00:00,9.19795918367347,85.20408163265306,3.6,3.2816326530612248
2023-10-27 17:10:00+00:00,9.187755102040818,85.22448979591837,3.6,3.2897959183673473
2023-10-27 17:20:00+00:00,9.177551020408163,85.24489795918367,3.6,3.2979591836734694
2023-10-27 17:30:00+00:00,9.16734693877551,85.26530612244898,3.6,3.306122448979592
2023-10-27 17:40:00+00:00,9.157142857142858,85.28571428571429,3.6,3.3142857142857145
2023-10-27 17:50:00+00:00,9.146938775510204,85.3061224489796,3.6,3.322448979591837
2023-10-27 18:00:00+00:00,9.136734693877552,85.3265306122449,3.6,3.330612244897959
2023-10-27 18:10:00+00:00,9.126530612244899,85.34693877551021,3.6,3.3387755102040817
2023-10-27 18:20:00+00:00,9.116326530612245,85.36734693877551,3.6,3.3469387755102042
2023-10-27 18:30:00+00:00,9.106122448979592,85.38775510204081,3.6,3.355102040816327
2023-10-27 18:40:00+00:00,9.09591836734694,85.40816326530613,3.6,3.3632653061224493
2023-10-27 18:50:00+00:00,9.085714285714287,85.42857142857143,3.6,3.3714285714285714
2023-10-27 19:00:00+00:00,9.075510204081633,85.44897959183673,3.6,3.379591836734694
2023-10-27 19:10:00+00:00,9.06530612244898,85.46938775510205,3.6,3.3877551020408165
2023-10-27 19:20:00+00:00,9.055102040816328,85.48979591836735,3.6,3.395918367346939
2023-10-27 19:30:00+00:00,,,,
2023-10-27 19:40:00+00:00,,,,
2023-10-27 19:50:00+00:00,,,,
2023-10-27 20:00:00+00:00,,,,
2023-10-27 20:10:00+00:00,,,,
2023-10-27 20:20:00+00:00,,,,
2023-10-27 20:30:00+00:00,,,,
2023-10-27 20:40:00+00:00,,,,
2023-10-27 20:50:00+00:00,,,,
2023-10-27 21:00:00+00:00,,,,
2023-10-27 21:10:00+00:00,,,,
2023-10-27 21:20:00+00:00,,,,
2023-10-27 21:30:00+00:00,,,,
2023-10-27 21:40:00+00:00,,,,
2023-10-27 21:50:00+00:00,,,,
2023-10-27 22:00:00+00:00,,,,
2023-10-27 22:10:00+00:00,,,,
2023-10-27 22:20:00+00:00,,,,
2023-10-27 22:30:00+00:00,,,,
2023-10-27 22:40:00+00:00,,,,
2023-10-27 22:50:00+00:00,,,,
2023-10-27 23:00:00+00:00,,,,
2023-10-27 23:10:00+00:00,,,,
2023-10-27 23:20:00+00:00,,,,
2023-10-27 23:30:00+00:00,,,,
2023-10-27 23:40:00+00:00,,,,
2023-10-27 23:50:00+00:00,,,,
2023-10-28 00:00:00+00:00,,,,
2023-10-28 00:10:00+00:00,,,,
2023-10-28 00:20:00+00:00,,,,
2023-10-28 00:30:00+00:00,,,,
2023-10-28 00:40:00+00:00,,,,
2023-10-28 00:50:00+00:00,,,,
2023-10-28 01:00:00+00:00,,,,
2023-10-28 01:10:00+00:00,,,,
2023-10-28 01:20:00+00:00,,,,
2023-10-28 01:30:00+00:00,,,,
2023-10-28 01:40:00+00:00,,,,
2023-10-28 01:50:00+00:00,,,,
2023-10-28 02:00:00+00:00,,,,
2023-10-28 02:10:00+00:00,,,,
2023-10-28 02:20:00+00:00,,,,
2023-10-28 02:30:00+00:00,,,,
2023-10-28 02:40:00+00:00,,,,
2023-10-28 02:50:00+00:00,,,,
2023-10-28 03:00:00+00:00,,,,
2023-10-28 03:10:00+00:00,,,,
2023-10-28 03:20:00+00:00,,,,
2023-10-28 03:30:00+00:00,,,,
2023-10-28 03:40:00+00:00,,,,
2023-10-28 03:50:00+00:00,,,,
2023-10-28 04:00:00+00:00,,,,
2023-10-28 04:10:00+00:00,,,,
2023-10-28 04:20:00+00:00,,,,
2023-10-28 04:30:00+00:00,,,,
2023-10-28 04:40:00+00:00,,,,
2023-10-28 04:50:00+00:00,,,,
2023-10-28 05:00:00+00:00,,,,
2023-10-28 05:10:00+00:00,,,,
2023-10-28 05:20:00+00:00,,,,
2023-10-28 05:30:00+00:00,,,,
2023-10-28 05:40:00+00:00,,,,
2023-10-28 05:50:00+00:00,,,,
2023-10-28 06:00:00+00:00,,,,
2023-10-28 06:10:00+00:00,,,,
2023-10-28 06:20:00+00:00,,,,
2023-10-28 06:30:00+00:00,,,,
2023-10-28 06:40:00+00:00,,,,
2023-10-28 06:50:00+00:00,,,,
2023-10-28 07:00:00+00:00,,,,
2023-10-28 07:10:00+00:00,,,,
2023-10-28 07:20:00+00:00,,,,
2023-10-28 07:30:00+00:00,,,,
2023-10-28 07:40:00+00:00,8.3,87.0,3.6,4.0
2023-10-28 07:50:00+00:00,8.3,86.0,3.6,4.0
2023-10-28 08:00:00+00:00,8.3,86.0,3.6,4.0
2023-10-28 08:10:00+00:00,8.3,86.0,3.7,4.0
2023-10-28 08:20:00+00:00,8.3,86.0,3.6,4.0
2023-10-28 08:30:00+00:00,8.3,86.0,3.6,4.0
2023-10-28 08:40:00+00:00,8.3,86.0,3.6,4.0
2023-10-28 08:50:00+00:00,8.3,86.0,3.6,4.0
2023-10-28 09:00:00+00:00,8.3,86.0,3.6,4.0
2023-10-28 09:10:00+00:00,8.3,86.0,3.6,3.8
2023-10-28 09:20:00+00:00,8.3,86.0,3.6,4.0
2023-10-28 09:30:00+00:00,8.3,86.0,3.6,4.0
2023-10-28 09:40:00+00:00,8.3,86.0,3.6,4.0
2023-10-28 09:50:00+00:00,8.3,86.0,3.6,4.0
2023-10-28 10:00:00+00:00,8.4,86.0,3.6,4.0
2023-10-28 10:10:00+00:00,8.4,86.0,3.6,4.0
2023-10-28 10:20:00+00:00,8.4,86.0,3.6,4.0
2023-10-28 10:30:00+00:00,8.4,86.0,3.6,4.0
2023-10-28 10:40:00+00:00,8.4,86.0,3.6,4.0
2023-10-28 10:50:00+00:00,8.5,86.0,3.6,4.0
2023-10-28 11:00:00+00:00,8.5,86.0,3.6,4.0
2023-10-28 11:10:00+00:00,8.5,86.0,3.6,4.0
2023-10-28 11:20:00+00:00,8.5,86.0,3.6,4.0
2023-10-28 11:30:00+00:00,8.5,86.0,3.6,4.0
2023-10-28 11:40:00+00:00,8.5,86.0,3.6,4.0
2023-10-28 11:50:00+00:00,8.5,86.0,3.6,4.0
2023-10-28 12:00:00+00:00,8.5,85.0,3.6,4.0
2023-10-28 12:10:00+00:00,8.5,86.0,3.6,4.0
2023-10-28 12:20:00+00:00,8.5,86.0,3.6,4.0
2023-10-28 12:30:00+00:00,8.5,86.0,3.6,4.0
2023-10-28 12:40:00+00:00,8.6,86.0,3.6,4.0
2023-10-28 12:50:00+00:00,8.6,86.0,3.6,4.0
2023-10-28 13:00:00+00:00,8.6,86.0,3.6,4.0
2023-10-28 13:10:00+00:00,8.6,86.0,3.6,4.0
2023-10-28 13:20:00+00:00,8.593650793650793,86.0079365079365,3.6,4.0
2023-10-28 13:30:00+00:00,8.587301587301587,86.01587301587301,3.6,4.0
2023-10-28 13:40:00+00:00,8.58095238095238,86.02380952380952,3.6,4.0
2023-10-28 13:50:00+00:00,8.574603174603174,86.03174603174604,3.6,4.0
2023-10-28 14:00:00+00:00,8.568253968253968,86.03968253968254,3.6,4.0
2023-10-28 14:10:00+00:00,8.561904761904762,86.04761904761905,3.6,4.0
2023-10-28 14:20:00+00:00,8.555555555555555,86.05555555555556,3.6,4.0
2023-10-28 14:30:00+00:00,8.549206349206349,86.06349206349206,3.6,4.0
2023-10-28 14:40:00+00:00,8.542857142857143,86.07142857142857,3.6,4.0
2023-10-28 14:50:00+00:00,8.536507936507936,86.07936507936508,3.6,4.0
2023-10-28 15:00:00+00:00,8.53015873015873,86.08730158730158,3.6,4.0
2023-10-28 15:10:00+00:00,8.523809523809524,86.0952380952381,3.6,4.0
2023-10-28 15:20:00+00:00,8.517460317460317,86.10317460317461,3.6,4.0
2023-10-28 15:30:00+00:00,8.511111111111111,86.11111111111111,3.6,4.0
2023-10-28 15:40:00+00:00,8.504761904761905,86.11904761904762,3.6,4.0
2023-10-28 15:50:00+00:00,8.498412698412698,86.12698412698413,3.6,4.0
2023-10-28 16:00:00+00:00,8.492063492063492,86.13492063492063,3.6,4.0
2023-10-28 16:10:00+00:00,8.485714285714286,86.14285714285714,3.6,4.0
2023-10-28 16:20:00+00:00,8.47936507936508,86.15079365079364,3.6,4.0
2023-10-28 16:30:00+00:00,8.473015873015873,86.15873015873017,3.6,4.0
2023-10-28 16:40:00+00:00,8.466666666666667,86.16666666666667,3.6,4.0
2023-10-28 16:50:00+00:00,8.46031746031746,86.17460317460318,3.6,4.0
2023-10-28 17:00:00+00:00,8.453968253968254,86.18253968253968,3.6,4.0
2023-10-28 17:10:00+00:00,8.447619047619048,86.19047619047619,3.6,4.0
2023-10-28 17:20:00+00:00,,,,
2023-10-28 17:30:00+00:00,,,,
2023-10-28 17:40:00+00:00,,,,
2023-10-28 17:50:00+00:00,,,,
2023-10-28 18:00:00+00:00,,,,
2023-10-28 18:10:00+00:00,,,,
2023-10-28 18:20:00+00:00,,,,
2023-10-28 18:30:00+00:00,,,,
2023-10-28 18:40:00+00:00,,,,
2023-10-28 18:50:00+00:00,,,,
2023-10-28 19:00:00+00:00,,,,
2023-10-28 19:10:00+00:00,,,,
2023-10-28 19:20:00+00:00,,,,
2023-10-28 19:30:00+00:00,,,,
2023-10-28 19:40:00+00:00,,,,
2023-10-28 19:50:00+00:00,,,,
2023-10-28 20:00:00+00:00,,,,
2023-10-28 20:10:00+00:00,,,,
2023-10-28 20:20:00+00:00,,,,
2023-10-28 20:30:00+00:00,,,,
2023-10-28 20:40:00+00:00,,,,
2023-10-28 20:50:00+00:00,,,,
2023-10-28 21:00:00+00:00,,,,
2023-10-28 21:10:00+00:00,,,,
2023-10-28 21:20:00+00:00,,,,
2023-10-28 21:30:00+00:00,,,,
2023-10-28 21:40:00+00:00,,,,
2023-10-28 21:50:00+00:00,,,,
2023-10-28 22:00:00+00:00,,,,
2023-10-28 22:10:00+00:00,,,,
2023-10-28 22:20:00+00:00,,,,
2023-10-28 22:30:00+00:00,,,,
2023-10-28 22:40:00+00:00,,,,
2023-10-28 22:50:00+00:00,,,,
2023-10-28 23:00:00+00:00,,,,
2023-10-28 23:10:00+00:00,,,,
2023-10-28 23:20:00+00:00,,,,
2023-10-28 23:30:00+00:00,,,,
2023-10-28 23:40:00+00:00,,,,
2023-10-28 23:50:00+00:00,,,,
2023-10-29 00:00:00+00:00,,,,
2023-10-29 00:10:00+00:00,,,,
2023-10-29 00:20:00+00:00,,,,
2023-10-29 00:30:00+00:00,,,,
2023-10-29 00:40:00+00:00,,,,
2023-10-29 00:50:00+00:00,,,,
2023-10-29 01:00:00+00:00,,,,
2023-10-29 01:10:00+00:00,,,,
2023-10-29 01:20:00+00:00,,,,
2023-10-29 01:30:00+00:00,,,,
2023-10-29 01:40:00+00:00,,,,
2023-10-29 01:50:00+00:00,,,,
2023-10-29 02:00:00+00:00,,,,
2023-10-29 02:10:00+00:00,,,,
2023-10-29 02:20:00+00:00,,,,
2023-10-29 02:30:00+00:00,,,,
2023-10-29 02:40:00+00:00,,,,
2023-10-29 02:50:00+00:00,,,,
2023-10-29 03:00:00+00:00,,,,
2023-10-29 03:10:00+00:00,,,,
2023-10-29 03:20:00+00:00,,,,
2023-10-29 03:30:00+00:00,,,,
2023-10-29 03:40:00+00:00,,,,
2023-10-29 03:50:00+00:00,,,,
2023-10-29 04:00:00+00:00,,,,
2023-10-29 04:10:00+00:00,,,,
2023-10-29 04:20:00+00:00,,,,
2023-10-29 04:30:00+00:00,,,,
2023-10-29 04:40:00+00:00,,,,
2023-10-29 04:50:00+00:00,,,,
2023-10-29 05:00:00+00:00,,,,
2023-10-29 05:10:00+00:00,,,,
2023-10-29 05:20:00+00:00,,,,
2023-10-29 05:30:00+00:00,,,,
2023-10-29 05:40:00+00:00,,,,
2023-10-29 05:50:00+00:00,,,,
2023-10-29 06:00:00+00:00,,,,
2023-10-29 06:10:00+00:00,,,,
2023-10-29 06:20:00+00:00,,,,
2023-10-29 06:30:00+00:00,,,,
2023-10-29 06:40:00+00:00,,,,
2023-10-29 06:50:00+00:00,,,,
2023-10-29 07:00:00+00:00,,,,
2023-10-29 07:10:00+00:00,,,,
2023-10-29 07:20:00+00:00,,,,
2023-10-29 07:30:00+00:00,,,,
2023-10-29 07:40:00+00:00,,,,
2023-10-29 07:50:00+00:00,,,,
2023-10-29 08:00:00+00:00,,,,
2023-10-29 08:10:00+00:00,,,,
2023-10-29 08:20:00+00:00,,,,
2023-10-29 08:30:00+00:00,,,,
2023-10-29 08:40:00+00:00,,,,
2023-10-29 08:50:00+00:00,,,,
2023-10-29 09:00:00+00:00,,,,
2023-10-29 09:10:00+00:00,,,,
2023-10-29 09:20:00+00:00,,,,
2023-10-29 09:30:00+00:00,,,,
2023-10-29 09:40:00+00:00,,,,
2023-10-29 09:50:00+00:00,,,,
2023-10-29 10:00:00+00:00,,,,
2023-10-29 10:10:00+00:00,7.8,87.0,3.6,4.0
2023-10-29 10:20:00+00:00,7.8,87.0,3.7,4.0
2023-10-29 10:30:00+00:00,7.8,88.0,3.6,4.0
2023-10-29 10:40:00+00:00,7.8,88.0,3.6,4.0
2023-10-29 10:50:00+00:00,7.8,88.0,3.6,3.8
2023-10-29 11:00:00+00:00,7.8,88.0,3.6,4.0
