time,value_temp,value_hum,value_acid,value_PV
2023-03-28 11:50:00+00:00,3.5,24.0,9.5,5.8
2023-03-28 12:00:00+00:00,3.5,24.0,9.4,4.0
2023-03-28 12:10:00+00:00,3.5,24.0,9.4,6.1
2023-03-28 12:20:00+00:00,3.5,24.0,9.5,4.0
2023-03-28 12:30:00+00:00,3.5,24.0,9.4,6.1
2023-03-28 12:40:00+00:00,3.5,25.0,9.4,4.0
2023-03-28 12:50:00+00:00,3.5,24.0,9.4,4.0
2023-03-28 13:00:00+00:00,3.5,24.0,9.4,4.0
2023-03-28 13:10:00+00:00,3.5,24.0,9.4,4.0
2023-03-28 13:20:00+00:00,3.5,24.0,9.4,4.0
2023-03-28 13:30:00+00:00,3.5,24.0,9.4,4.0
2023-03-28 13:40:00+00:00,3.5,24.0,9.4,4.0
2023-03-28 13:50:00+00:00,3.5,24.0,9.4,4.0
2023-03-28 14:00:00+00:00,3.5,25.0,9.4,4.0
2023-03-28 14:10:00+00:00,3.5,24.0,9.4,4.0
2023-03-28 14:20:00+00:00,3.5,25.0,9.4,4.0
2023-03-28 14:30:00+00:00,3.5,25.0,9.4,4.0
2023-03-28 14:40:00+00:00,3.5,25.0,9.4,4.0
2023-03-28 14:50:00+00:00,3.5,26.0,9.4,4.0
2023-03-28 15:00:00+00:00,3.4,26.0,9.4,4.0
2023-03-28 15:10:00+00:00,3.4,25.0,9.4,4.0
2023-03-28 15:20:00+00:00,3.4,24.0,9.4,4.0
2023-03-28 15:30:00+00:00,3.4,24.0,9.4,4.0
2023-03-28 15:40:00+00:00,3.4,24.0,9.4,4.0
2023-03-28 15:50:00+00:00,3.4,24.0,9.4,4.0
2023-03-28 16:00:00+00:00,3.4,24.0,9.4,4.0
2023-03-28 16:10:00+00:00,3.4,24.0,9.4,4.0
2023-03-28 16:20:00+00:00,3.3,24.0,9.4,4.0
2023-03-28 16:30:00+00:00,3.3,24.0,9.4,4.0
2023-03-28 16:40:00+00:00,3.3,24.0,9.4,4.0
2023-03-28 16:50:00+00:00,3.3,24.0,9.4,4.0
2023-03-28 17:00:00+00:00,3.3,24.0,9.4,4.0
2023-03-28 17:10:00+00:00,3.3,25.0,9.3,4.0
2023-03-28 17:20:00+00:00,3.3,24.0,9.4,3.8
2023-03-28 17:30:00+00:00,3.3,24.0,9.3,3.1
2023-03-28 17:40:00+00:00,3.3,24.0,9.3,1.8
2023-03-28 17:50:00+00:00,3.3,24.0,9.3,1.2
2023-03-28 18:00:00+00:00,3.3,24.0,9.3,1.0
2023-03-28 18:10:00+00:00,3.3,24.0,9.3,1.0
2023-03-28 18:20:00+00:00,3.3,25.0,9.3,0.8
2023-03-28 18:30:00+00:00,3.3,24.0,9.3,0.9
2023-03-28 18:40:00+00:00,3.3,24.0,9.3,0.9
2023-03-28 18:50:00+00:00,3.3,24.0,9.3,0.9
2023-03-28 19:00:00+00:00,3.3,24.0,9.3,0.9
2023-03-28 19:10:00+00:00,3.3,24.0,9.3,0.9
2023-03-28 19:20:00+00:00,3.3,24.0,9.3,0.9
2023-03-28 19:30:00+00:00,3.3,24.0,9.3,0.9
2023-03-28 19:40:00+00:00,3.3,24.0,9.3,0.9
2023-03-28 19:50:00+00:00,3.3,24.0,9.3,0.9
2023-03-28 20:00:00+00:00,3.3,24.0,9.3,0.7
2023-03-28 20:10:00+00:00,3.3,24.0,9.3,0.9
2023-03-28 20:20:00+00:00,3.3,24.0,9.3,0.9
2023-03-28 20:30:00+00:00,3.3,24.0,9.3,0.9
2023-03-28 20:40:00+00:00,3.2,24.0,9.3,1.0
2023-03-28 20:50:00+00:00,3.3,24.0,9.3,0.9
2023-03-28 21:00:00+00:00,3.3,27.0,9.3,0.9
2023-03-28 21:10:00+00:00,3.2,24.0,9.3,0.9
2023-03-28 21:20:00+00:00,3.2,24.0,9.3,1.0
2023-03-28 21:30:00+00:00,3.2,24.0,9.3,0.9
2023-03-28 21:40:00+00:00,3.2,23.0,9.3,0.9
2023-03-28 21:50:00+00:00,3.2,24.0,9.3,0.8
2023-03-28 22:00:00+00:00,3.2,24.0,9.3,0.9
2023-03-28 22:10:00+00:00,3.2,24.0,9.3,0.9
2023-03-28 22:20:00+00:00,3.2,25.0,9.3,0.9
2023-03-28 22:30:00+00:00,3.2,25.0,9.3,0.9
2023-03-28 22:40:00+00:00,3.2,26.0,9.3,0.9
2023-03-28 22:50:00+00:00,3.2,26.0,9.3,0.9
2023-03-28 23:00:00+00:00,3.2,26.0,9.3,0.9
2023-03-28 23:10:00+00:00,3.2,26.0,9.3,0.9
2023-03-28 23:20:00+00:00,3.2,27.0,9.3,0.8
2023-03-28 23:30:00+00:00,3.2,28.0,9.3,0.9
2023-03-28 23:40:00+00:00,3.2,27.0,9.3,0.9
2023-03-28 23:50:00+00:00,3.2,27.0,9.3,0.9
2023-03-29 00:00:00+00:00,3.2,26.0,9.3,0.9
2023-03-29 00:10:00+00:00,3.2,26.0,9.3,0.7
2023-03-29 00:20:00+00:00,3.2,27.0,9.3,0.9
2023-03-29 00:30:00+00:00,3.2,26.0,9.3,0.9
2023-03-29 00:40:00+00:00,3.2,23.0,9.3,0.9
2023-03-29 00:50:00+00:00,3.2,23.0,9.3,0.9
2023-03-29 01:00:00+00:00,3.1500000000000004,23.0,9.3,0.95
2023-03-29 01:10:00+00:00,3.1,23.0,9.3,1.0
2023-03-29 01:20:00+00:00,3.1,23.0,9.3,0.9
2023-03-29 01:30:00+00:00,3.1,23.0,9.3,0.9
2023-03-29 01:40:00+00:00,3.1,23.0,9.3,0.9
2023-03-29 01:50:00+00:00,3.1,23.0,9.3,0.9
2023-03-29 02:00:00+00:00,3.1,24.0,9.3,0.8
2023-03-29 02:10:00+00:00,3.1,23.0,9.3,0.9
2023-03-29 02:20:00+00:00,3.1,23.0,9.3,0.9
2023-03-29 02:30:00+00:00,3.1,23.0,9.3,0.9
2023-03-29 02:40:00+00:00,3.1,23.0,9.3,0.9
2023-03-29 02:50:00+00:00,3.1,23.0,9.3,0.9
2023-03-29 03:00:00+00:00,3.1,23.0,9.3,0.8
2023-03-29 03:10:00+00:00,3.1,23.0,9.3,1.0
2023-03-29 03:20:00+00:00,3.1,23.0,9.3,0.8
2023-03-29 03:30:00+00:00,3.1,23.0,9.3,1.0
2023-03-29 03:40:00+00:00,3.1,23.0,9.3,1.2
2023-03-29 03:50:00+00:00,3.1,23.0,9.3,1.8
2023-03-29 04:00:00+00:00,3.1,23.0,9.3,3.0
2023-03-29 04:10:00+00:00,3.1,23.0,9.3,3.4
2023-03-29 04:20:00+00:00,3.1,23.0,9.3,4.0
2023-03-29 04:30:00+00:00,3.1,23.0,9.3,4.0
2023-03-29 04:40:00+00:00,3.1,23.0,9.3,4.0
2023-03-29 04:50:00+00:00,3.1,23.0,9.3,4.0
2023-03-29 05:00:00+00:00,3.1,23.0,9.4,4.0
2023-03-29 05:10:00+00:00,3.1,23.0,9.4,4.0
2023-03-29 05:20:00+00:00,3.1,22.0,9.5,4.0
2023-03-29 05:30:00+00:00,3.1,22.0,9.5,4.0
2023-03-29 05:40:00+00:00,3.1,22.0,9.5,4.0
2023-03-29 05:50:00+00:00,3.1,22.0,9.0,4.0
2023-03-29 06:00:00+00:00,3.1,22.0,8.6,4.0
2023-03-29 06:10:00+00:00,3.1,22.0,8.4,4.1
2023-03-29 06:20:00+00:00,3.1,22.0,8.2,4.1
2023-03-29 06:30:00+00:00,3.1,22.0,8.2,4.1
2023-03-29 06:40:00+00:00,3.1,22.0,8.2,5.6
2023-03-29 06:50:00+00:00,3.1,22.0,8.2,6.0
2023-03-29 07:00:00+00:00,3.1,22.0,8.1,6.0
2023-03-29 07:10:00+00:00,3.1,22.0,8.1,6.0
2023-03-29 07:20:00+00:00,3.1,25.0,8.0,6.1
2023-03-29 07:30:00+00:00,3.1,22.0,8.1,6.2
2023-03-29 07:40:00+00:00,3.1,22.0,7.9,6.2
2023-03-29 07:50:00+00:00,3.1,22.0,7.8,6.1
2023-03-29 08:00:00+00:00,3.1,23.0,7.7,6.1
2023-03-29 08:10:00+00:00,3.1,25.0,7.6,6.1
2023-03-29 08:20:00+00:00,3.1,36.0,7.7,6.1
2023-03-29 08:30:00+00:00,3.1,39.0,7.6,6.1
2023-03-29 08:40:00+00:00,3.2,28.0,7.7,6.1
2023-03-29 08:50:00+00:00,3.3,28.0,7.6,6.1
2023-03-29 09:00:00+00:00,3.3,28.0,7.6,6.1
2023-03-29 09:10:00+00:00,3.4,28.0,7.6,6.1
2023-03-29 09:20:00+00:00,3.5,28.0,7.6,6.1
2023-03-29 09:30:00+00:00,3.5,28.0,7.7,6.1
2023-03-29 09:40:00+00:00,3.6,28.0,8.2,6.0
2023-03-29 09:50:00+00:00,3.7,27.0,8.4,6.2
2023-03-29 10:00:00+00:00,3.8,27.0,8.5,6.0
2023-03-29 10:10:00+00:00,3.8,31.0,8.2,6.1
2023-03-29 10:20:00+00:00,4.0,28.0,8.5,6.3
2023-03-29 10:30:00+00:00,4.0,26.0,8.8,6.3
2023-03-29 10:40:00+00:00,4.1,26.0,8.4,5.7
2023-03-29 10:50:00+00:00,4.2,26.0,8.7,6.2
2023-03-29 11:00:00+00:00,4.3,26.0,9.1,5.9
2023-03-29 11:10:00+00:00,4.4,26.0,9.6,5.8
2023-03-29 11:20:00+00:00,4.5,26.0,9.6,5.8
2023-03-29 11:30:00+00:00,4.6,26.0,9.5,5.6
2023-03-29 11:40:00+00:00,4.6,26.0,9.5,5.8
2023-03-29 11:50:00+00:00,4.7,26.0,9.5,5.9
2023-03-29 12:00:00+00:00,4.8,26.0,9.5,5.6
2023-03-29 12:10:00+00:00,4.8,25.0,9.5,5.3
2023-03-29 12:20:00+00:00,4.8,25.0,9.5,5.7
2023-03-29 12:30:00+00:00,4.9,25.0,9.5,5.9
2023-03-29 12:40:00+00:00,5.0,28.0,9.5,5.6
2023-03-29 12:50:00+00:00,5.0,25.0,9.5,5.6
2023-03-29 13:00:00+00:00,5.0,25.0,9.5,5.6
2023-03-29 13:10:00+00:00,5.1,25.0,9.5,4.0
2023-03-29 13:20:00+00:00,5.1,25.0,9.5,4.0
2023-03-29 13:30:00+00:00,5.1,25.0,9.5,4.2
2023-03-29 13:40:00+00:00,5.1,25.0,9.5,4.0
2023-03-29 13:50:00+00:00,5.1,25.0,9.5,4.0
2023-03-29 14:00:00+00:00,5.1,25.0,9.5,4.0
2023-03-29 14:10:00+00:00,5.2,25.0,9.5,4.0
2023-03-29 14:20:00+00:00,5.2,25.0,9.5,4.0
2023-03-29 14:30:00+00:00,5.2,25.0,9.5,4.0
2023-03-29 14:40:00+00:00,5.2,25.0,9.5,4.0
2023-03-29 14:50:00+00:00,5.3,25.0,9.5,4.0
2023-03-29 15:00:00+00:00,5.3,27.0,9.5,4.0
2023-03-29 15:10:00+00:00,5.3,24.0,9.5,4.0
2023-03-29 15:20:00+00:00,5.3,24.0,9.5,4.0
2023-03-29 15:30:00+00:00,5.3,24.0,9.5,4.0
2023-03-29 15:40:00+00:00,5.3,24.0,9.5,4.0
2023-03-29 15:50:00+00:00,5.3,24.0,9.5,4.0
2023-03-29 16:00:00+00:00,5.3,24.0,9.5,4.0
2023-03-29 16:10:00+00:00,5.3,24.0,9.5,4.0
2023-03-29 16:20:00+00:00,5.3,25.0,9.5,4.0
2023-03-29 16:30:00+00:00,5.3,24.0,9.5,4.0
2023-03-29 16:40:00+00:00,5.3,24.0,9.5,4.0
2023-03-29 16:50:00+00:00,5.3,24.0,9.5,4.0
2023-03-29 17:00:00+00:00,5.3,24.0,9.5,4.0
2023-03-29 17:10:00+00:00,5.3,24.0,9.5,3.8
2023-03-29 17:20:00+00:00,5.3,24.0,9.5,3.4
2023-03-29 17:30:00+00:00,5.3,24.0,9.5,2.2
2023-03-29 17:40:00+00:00,5.3,24.0,9.4,1.3
2023-03-29 17:50:00+00:00,5.3,24.0,9.4,0.8
2023-03-29 18:00:00+00:00,5.3,24.0,9.4,0.7
2023-03-29 18:10:00+00:00,5.3,24.0,9.4,0.7
2023-03-29 18:20:00+00:00,5.3,24.0,9.4,0.7
2023-03-29 18:30:00+00:00,5.3,24.0,9.4,0.7
2023-03-29 18:40:00+00:00,5.3,24.0,9.4,0.7
2023-03-29 18:50:00+00:00,5.3,24.0,9.4,0.7
2023-03-29 19:00:00+00:00,5.3,24.0,9.4,0.5
2023-03-29 19:10:00+00:00,5.3,24.0,9.4,0.7
2023-03-29 19:20:00+00:00,5.3,24.0,9.4,0.7
2023-03-29 19:30:00+00:00,5.3,24.0,9.4,0.7
2023-03-29 19:40:00+00:00,5.3,24.0,9.4,0.5
2023-03-29 19:50:00+00:00,5.3,24.0,9.4,0.7
2023-03-29 20:00:00+00:00,5.3,24.0,9.4,0.7
2023-03-29 20:10:00+00:00,5.2,23.0,9.4,0.7
2023-03-29 20:20:00+00:00,5.2,23.0,9.4,0.7
2023-03-29 20:30:00+00:00,5.2,23.0,9.4,0.5
2023-03-29 20:40:00+00:00,5.2,23.0,9.4,0.5
2023-03-29 20:50:00+00:00,5.2,23.0,9.4,0.7
2023-03-29 21:00:00+00:00,5.2,23.0,9.4,0.7
2023-03-29 21:10:00+00:00,5.2,23.0,9.4,0.7
2023-03-29 21:20:00+00:00,5.2,23.0,9.4,0.7
2023-03-29 21:30:00+00:00,5.1,23.0,9.4,0.7
2023-03-29 21:40:00+00:00,5.1,23.0,9.4,0.7
2023-03-29 21:50:00+00:00,5.1,23.0,9.4,0.7
2023-03-29 22:00:00+00:00,5.1,23.0,9.4,0.5
2023-03-29 22:10:00+00:00,5.1,23.0,9.4,0.7
2023-03-29 22:20:00+00:00,5.1,23.0,9.4,0.7
2023-03-29 22:30:00+00:00,5.1,23.0,9.4,0.7
2023-03-29 22:40:00+00:00,5.1,23.0,9.4,0.7
2023-03-29 22:50:00+00:00,5.1,23.0,9.4,0.7
2023-03-29 23:00:00+00:00,5.1,22.0,9.4,0.7
2023-03-29 23:10:00+00:00,5.1,22.0,9.4,0.7
2023-03-29 23:20:00+00:00,5.1,22.0,9.4,0.7
2023-03-29 23:30:00+00:00,5.1,23.0,9.4,0.7
2023-03-29 23:40:00+00:00,5.1,23.0,9.4,0.7
2023-03-29 23:50:00+00:00,5.1,23.0,9.4,0.7
2023-03-30 00:00:00+00:00,5.1,23.0,9.4,0.7
2023-03-30 00:10:00+00:00,5.1,23.0,9.4,0.7
2023-03-30 00:20:00+00:00,5.1,23.0,9.4,0.7
2023-03-30 00:30:00+00:00,5.1,23.0,9.4,0.5
2023-03-30 00:40:00+00:00,5.1,23.0,9.4,0.7
2023-03-30 00:50:00+00:00,5.1,23.0,9.4,0.7
2023-03-30 01:00:00+00:00,5.1,23.0,9.4,0.7
2023-03-30 01:10:00+00:00,5.1,23.0,9.4,0.7
2023-03-30 01:20:00+00:00,5.1,23.0,9.4,0.7
2023-03-30 01:30:00+00:00,5.1,23.0,9.4,0.7
2023-03-30 01:40:00+00:00,5.1,23.0,9.4,0.7
2023-03-30 01:50:00+00:00,5.1,23.0,9.4,0.7
2023-03-30 02:00:00+00:00,5.1,23.0,9.4,0.7
2023-03-30 02:10:00+00:00,5.1,23.0,9.4,0.7
2023-03-30 02:20:00+00:00,5.0,23.0,9.4,0.7
2023-03-30 02:30:00+00:00,5.0,23.0,9.4,0.7
2023-03-30 02:40:00+00:00,5.0,23.0,9.4,0.7
2023-03-30 02:50:00+00:00,5.0,23.0,9.4,0.7
2023-03-30 03:00:00+00:00,5.0,23.0,9.4,0.7
2023-03-30 03:10:00+00:00,5.0,22.0,9.4,0.7
2023-03-30 03:20:00+00:00,5.0,23.0,9.4,0.7
2023-03-30 03:30:00+00:00,5.0,22.0,9.4,0.8
2023-03-30 03:40:00+00:00,5.0,22.0,9.4,0.9
2023-03-30 03:50:00+00:00,5.0,23.0,9.4,1.4
2023-03-30 04:00:00+00:00,5.0,22.0,9.4,2.4
2023-03-30 04:10:00+00:00,5.0,22.0,9.4,3.5
2023-03-30 04:20:00+00:00,5.0,23.0,9.4,4.0
2023-03-30 04:30:00+00:00,5.0,22.0,9.4,4.0
2023-03-30 04:40:00+00:00,5.0,23.0,9.4,4.0
2023-03-30 04:50:00+00:00,5.0,22.0,9.4,4.0
2023-03-30 05:00:00+00:00,5.0,22.0,9.4,4.0
2023-03-30 05:10:00+00:00,5.0,23.0,9.4,4.0
2023-03-30 05:20:00+00:00,5.0,23.0,9.4,4.0
2023-03-30 05:30:00+00:00,5.0,23.0,9.5,4.0
2023-03-30 05:40:00+00:00,5.0,23.0,9.5,4.0
2023-03-30 05:50:00+00:00,5.0,24.0,9.5,4.0
2023-03-30 06:00:00+00:00,5.0,23.0,9.5,4.0
2023-03-30 06:10:00+00:00,5.0,23.0,9.5,4.0
2023-03-30 06:20:00+00:00,5.0,23.0,9.5,4.0
2023-03-30 06:30:00+00:00,5.0,23.0,9.5,4.0
2023-03-30 06:40:00+00:00,5.0,23.0,9.5,4.0
2023-03-30 06:50:00+00:00,5.0,23.0,9.5,4.0
2023-03-30 07:00:00+00:00,5.0,22.0,9.5,4.0
2023-03-30 07:10:00+00:00,5.0,22.0,9.5,4.0
2023-03-30 07:20:00+00:00,5.0,22.0,9.5,4.0
2023-03-30 07:30:00+00:00,5.0,22.0,9.5,4.0
2023-03-30 07:40:00+00:00,5.1,22.0,9.5,4.0
2023-03-30 07:50:00+00:00,5.1,22.0,9.6,4.0
2023-03-30 08:00:00+00:00,5.1,22.0,9.6,4.0
2023-03-30 08:10:00+00:00,5.1,22.0,9.6,4.0
2023-03-30 08:20:00+00:00,5.2,22.0,9.6,4.0
2023-03-30 08:30:00+00:00,5.2,21.0,9.6,4.0
2023-03-30 08:40:00+00:00,5.3,22.0,9.6,4.0
2023-03-30 08:50:00+00:00,5.3,22.0,9.6,4.0
2023-03-30 09:00:00+00:00,5.3,21.0,9.6,4.0
2023-03-30 09:10:00+00:00,5.4,21.0,9.6,4.0
2023-03-30 09:20:00+00:00,5.5,22.0,9.6,4.0
2023-03-30 09:30:00+00:00,5.5,21.0,9.6,4.0
2023-03-30 09:40:00+00:00,5.6,21.0,9.7,4.1
2023-03-30 09:50:00+00:00,5.6,31.0,9.7,4.1
2023-03-30 10:00:00+00:00,5.7,21.0,8.9,4.1
2023-03-30 10:10:00+00:00,5.8,25.0,8.3,4.1
2023-03-30 10:20:00+00:00,5.8,21.0,8.5,4.0
2023-03-30 10:30:00+00:00,5.9,21.0,8.4,4.0
2023-03-30 10:40:00+00:00,6.0,21.0,9.7,4.0
2023-03-30 10:50:00+00:00,6.0,21.0,9.7,4.0
2023-03-30 11:00:00+00:00,6.1,21.0,9.6,4.0
2023-03-30 11:10:00+00:00,6.1,21.0,9.6,4.0
2023-03-30 11:20:00+00:00,6.2,21.0,9.6,4.0
2023-03-30 11:30:00+00:00,6.3,21.0,9.6,4.0
2023-03-30 11:40:00+00:00,6.3,21.0,9.6,4.0
2023-03-30 11:50:00+00:00,6.4,21.0,9.6,4.0
2023-03-30 12:00:00+00:00,6.4,21.0,9.6,4.0
2023-03-30 12:10:00+00:00,6.5,21.0,9.6,4.0
2023-03-30 12:20:00+00:00,6.5,21.0,9.6,4.0
2023-03-30 12:30:00+00:00,6.5,23.0,9.6,4.0
2023-03-30 12:40:00+00:00,6.6,21.0,9.6,4.0
2023-03-30 12:50:00+00:00,6.6,21.0,9.6,4.0
2023-03-30 13:00:00+00:00,6.6,21.0,9.6,4.0
2023-03-30 13:10:00+00:00,6.6,21.0,9.6,4.0
2023-03-30 13:20:00+00:00,6.6,21.0,9.6,4.0
2023-03-30 13:30:00+00:00,6.6,21.0,9.6,4.0
2023-03-30 13:40:00+00:00,6.7,21.0,9.6,4.0
2023-03-30 13:50:00+00:00,6.7,21.0,9.6,4.0
2023-03-30 14:00:00+00:00,6.7,21.0,9.6,4.0
2023-03-30 14:10:00+00:00,6.8,21.0,9.5,4.0
2023-03-30 14:20:00+00:00,6.8,21.0,9.5,4.0
2023-03-30 14:30:00+00:00,6.8,21.0,9.5,4.0
2023-03-30 14:40:00+00:00,6.8,21.0,9.5,4.0
2023-03-30 14:50:00+00:00,6.8,21.0,9.5,4.0
2023-03-30 15:00:00+00:00,6.8,20.0,9.5,4.0
2023-03-30 15:10:00+00:00,6.8,21.0,9.5,4.0
2023-03-30 15:20:00+00:00,6.8,21.0,9.5,4.0
2023-03-30 15:30:00+00:00,6.8,21.0,9.5,4.0
2023-03-30 15:40:00+00:00,6.8,21.0,9.5,4.0
2023-03-30 15:50:00+00:00,6.8,21.0,9.5,4.0
2023-03-30 16:00:00+00:00,6.8,21.0,9.5,4.0
2023-03-30 16:10:00+00:00,6.8,21.0,9.5,4.0
2023-03-30 16:20:00+00:00,6.9,21.0,9.5,3.8
2023-03-30 16:30:00+00:00,6.8,21.0,9.5,3.7
2023-03-30 16:40:00+00:00,6.8,21.0,9.5,4.0
2023-03-30 16:50:00+00:00,6.8,21.0,9.5,4.0
2023-03-30 17:00:00+00:00,6.8,22.0,9.5,3.6
2023-03-30 17:10:00+00:00,6.8,23.0,9.5,3.5
2023-03-30 17:20:00+00:00,6.8,22.0,9.5,3.1
2023-03-30 17:30:00+00:00,6.8,23.0,9.5,1.7
2023-03-30 17:40:00+00:00,6.8,23.0,9.5,0.9
2023-03-30 17:50:00+00:00,6.8,22.0,9.5,0.7
2023-03-30 18:00:00+00:00,6.8,21.0,9.5,0.7
2023-03-30 18:10:00+00:00,6.8,22.0,9.5,0.7
2023-03-30 18:20:00+00:00,6.8,24.0,9.5,0.5
2023-03-30 18:30:00+00:00,6.8,21.0,9.5,0.7
2023-03-30 18:40:00+00:00,6.8,20.0,9.5,0.7
2023-03-30 18:50:00+00:00,6.8,20.0,9.5,0.7
2023-03-30 19:00:00+00:00,6.8,20.0,9.5,0.7
2023-03-30 19:10:00+00:00,6.8,20.0,9.5,0.7
2023-03-30 19:20:00+00:00,6.8,20.0,9.5,0.7
2023-03-30 19:30:00+00:00,6.8,20.0,9.5,0.7
2023-03-30 19:40:00+00:00,6.8,20.0,9.5,0.6
2023-03-30 19:50:00+00:00,6.8,20.0,9.5,0.7
2023-03-30 20:00:00+00:00,6.8,20.0,9.5,0.7
2023-03-30 20:10:00+00:00,6.8,20.0,9.5,0.7
2023-03-30 20:20:00+00:00,6.8,20.0,9.5,0.7
2023-03-30 20:30:00+00:00,6.8,20.0,9.5,0.7
2023-03-30 20:40:00+00:00,6.8,20.0,9.5,0.7
2023-03-30 20:50:00+00:00,6.8,20.0,9.5,0.6
2023-03-30 21:00:00+00:00,6.8,20.0,9.5,0.7
2023-03-30 21:10:00+00:00,6.8,20.0,9.5,0.7
2023-03-30 21:20:00+00:00,6.8,20.0,9.5,0.6
2023-03-30 21:30:00+00:00,6.8,20.0,9.5,0.6
2023-03-30 21:40:00+00:00,6.8,20.0,9.5,0.7
2023-03-30 21:50:00+00:00,6.8,20.0,9.5,0.7
2023-03-30 22:00:00+00:00,6.8,20.0,9.5,0.7
2023-03-30 22:10:00+00:00,6.8,20.0,9.5,0.7
2023-03-30 22:20:00+00:00,6.8,20.0,9.5,0.6
2023-03-30 22:30:00+00:00,6.8,19.0,9.5,0.5
2023-03-30 22:40:00+00:00,6.8,20.0,9.5,0.5
2023-03-30 22:50:00+00:00,6.8,19.0,9.5,0.7
2023-03-30 23:00:00+00:00,6.8,19.0,9.5,0.6
2023-03-30 23:10:00+00:00,6.8,19.0,9.5,0.6
2023-03-30 23:20:00+00:00,6.8,19.0,9.5,0.6
2023-03-30 23:30:00+00:00,6.8,19.0,9.5,0.6
2023-03-30 23:40:00+00:00,6.8,20.0,9.5,0.5
2023-03-30 23:50:00+00:00,6.8,19.0,9.5,0.7
2023-03-31 00:00:00+00:00,6.7,19.0,9.5,0.7
2023-03-31 00:10:00+00:00,6.8,20.0,9.5,0.6
2023-03-31 00:20:00+00:00,6.8,20.0,9.5,0.7
2023-03-31 00:30:00+00:00,6.7,20.0,9.5,0.7
2023-03-31 00:40:00+00:00,6.8,20.0,9.5,0.6
2023-03-31 00:50:00+00:00,6.7,20.0,9.5,0.6
2023-03-31 01:00:00+00:00,6.7,20.0,9.5,0.7
2023-03-31 01:10:00+00:00,6.6971428571428575,20.0,9.5,0.7942857142857143
2023-03-31 01:20:00+00:00,6.694285714285715,20.0,9.5,0.8885714285714286
2023-03-31 01:30:00+00:00,6.691428571428571,20.0,9.5,0.9828571428571428
2023-03-31 01:40:00+00:00,6.688571428571429,20.0,9.5,1.077142857142857
2023-03-31 01:50:00+00:00,6.685714285714286,20.0,9.5,1.1714285714285713
2023-03-31 02:00:00+00:00,6.682857142857143,20.0,9.5,1.2657142857142856
2023-03-31 02:10:00+00:00,6.68,20.0,9.5,1.3599999999999999
2023-03-31 02:20:00+00:00,6.677142857142857,20.0,9.5,1.4542857142857142
2023-03-31 02:30:00+00:00,6.674285714285714,20.0,9.5,1.5485714285714285
2023-03-31 02:40:00+00:00,6.671428571428572,20.0,9.5,1.6428571428571428
2023-03-31 02:50:00+00:00,6.668571428571428,20.0,9.5,1.737142857142857
2023-03-31 03:00:00+00:00,6.6657142857142855,20.0,9.5,1.8314285714285712
2023-03-31 03:10:00+00:00,6.662857142857143,20.0,9.5,1.9257142857142855
2023-03-31 03:20:00+00:00,6.66,20.0,9.5,2.0199999999999996
2023-03-31 03:30:00+00:00,6.6571428571428575,20.0,9.5,2.114285714285714
2023-03-31 03:40:00+00:00,6.654285714285714,20.0,9.5,2.208571428571428
2023-03-31 03:50:00+00:00,6.651428571428571,20.0,9.5,2.3028571428571425
2023-03-31 04:00:00+00:00,6.648571428571429,20.0,9.5,2.397142857142857
2023-03-31 04:10:00+00:00,6.645714285714286,20.0,9.5,2.491428571428571
2023-03-31 04:20:00+00:00,6.642857142857142,20.0,9.5,2.5857142857142854
2023-03-31 04:30:00+00:00,6.64,20.0,9.5,2.6799999999999997
2023-03-31 04:40:00+00:00,6.637142857142857,20.0,9.5,2.774285714285714
2023-03-31 04:50:00+00:00,6.634285714285714,20.0,9.5,2.8685714285714283
2023-03-31 05:00:00+00:00,6.631428571428572,20.0,9.5,2.9628571428571426
2023-03-31 05:10:00+00:00,,,,
2023-03-31 05:20:00+00:00,,,,
2023-03-31 05:30:00+00:00,,,,
2023-03-31 05:40:00+00:00,,,,
2023-03-31 05:50:00+00:00,,,,
2023-03-31 06:00:00+00:00,,,,
2023-03-31 06:10:00+00:00,,,,
2023-03-31 06:20:00+00:00,,,,
2023-03-31 06:30:00+00:00,,,,
2023-03-31 06:40:00+00:00,,,,
2023-03-31 06:50:00+00:00,6.6,20.0,9.5,4.0
2023-03-31 07:00:00+00:00,6.6,20.0,9.5,4.0
2023-03-31 07:10:00+00:00,6.7,20.0,9.5,4.0
2023-03-31 07:20:00+00:00,6.7,20.0,9.5,4.0
2023-03-31 07:30:00+00:00,6.7,20.0,9.5,4.0
2023-03-31 07:40:00+00:00,6.8,20.0,9.5,4.0
2023-03-31 07:50:00+00:00,6.8,20.0,9.5,4.0
2023-03-31 08:00:00+00:00,6.8,20.0,9.5,4.0
2023-03-31 08:10:00+00:00,6.8,20.0,9.5,4.0
2023-03-31 08:20:00+00:00,6.8,20.0,9.5,4.0
2023-03-31 08:30:00+00:00,6.8,20.0,9.5,4.0
2023-03-31 08:40:00+00:00,6.9,19.0,9.5,4.0
2023-03-31 08:50:00+00:00,6.9,19.0,9.5,4.0
2023-03-31 09:00:00+00:00,6.9,19.0,9.5,4.0
2023-03-31 09:10:00+00:00,7.0,19.0,9.6,4.0
2023-03-31 09:20:00+00:00,7.0,19.0,9.6,4.0
2023-03-31 09:30:00+00:00,7.0,19.0,9.6,4.0
2023-03-31 09:40:00+00:00,7.0,20.0,9.6,4.0
2023-03-31 09:50:00+00:00,7.1,19.0,9.6,4.0
2023-03-31 10:00:00+00:00,7.1,19.0,9.6,4.0
2023-03-31 10:10:00+00:00,7.1,19.0,9.6,4.0
2023-03-31 10:20:00+00:00,7.2,19.0,9.6,4.0
2023-03-31 10:30:00+00:00,7.2,19.0,9.6,4.1
2023-03-31 10:40:00+00:00,7.3,19.0,9.7,4.0
2023-03-31 10:50:00+00:00,7.3,19.0,9.6,4.0
2023-03-31 11:00:00+00:00,7.4,19.0,9.6,4.0
2023-03-31 11:10:00+00:00,7.4,19.0,9.6,4.0
2023-03-31 11:20:00+00:00,7.5,19.0,9.6,4.0
2023-03-31 11:30:00+00:00,7.5,19.0,9.6,4.0
2023-03-31 11:40:00+00:00,7.6,19.0,9.6,4.0
2023-03-31 11:50:00+00:00,7.7,19.0,9.6,4.0
2023-03-31 12:00:00+00:00,7.7,19.0,9.6,4.0
2023-03-31 12:10:00+00:00,7.8,19.0,9.6,4.0
2023-03-31 12:20:00+00:00,7.8,19.0,9.6,4.0
2023-03-31 12:30:00+00:00,7.9,19.0,9.6,4.0
2023-03-31 12:40:00+00:00,7.9,19.0,9.6,4.0
2023-03-31 12:50:00+00:00,8.0,20.0,9.5,4.0
2023-03-31 13:00:00+00:00,8.0,20.0,9.5,4.0
2023-03-31 13:10:00+00:00,8.0,20.0,9.5,4.0
2023-03-31 13:20:00+00:00,8.1,20.0,9.5,4.0
2023-03-31 13:30:00+00:00,8.1,20.0,9.5,4.0
2023-03-31 13:40:00+00:00,8.2,20.0,9.5,4.0
2023-03-31 13:50:00+00:00,8.3,20.0,9.6,4.0
2023-03-31 14:00:00+00:00,8.3,20.0,9.6,4.0
2023-03-31 14:10:00+00:00,8.3,20.0,9.5,4.0
2023-03-31 14:20:00+00:00,8.3,20.0,9.6,4.0
2023-03-31 14:30:00+00:00,8.3,20.0,9.6,4.0
2023-03-31 14:40:00+00:00,8.3,20.0,9.5,4.0
2023-03-31 14:50:00+00:00,8.3,20.0,9.5,4.0
2023-03-31 15:00:00+00:00,8.3,20.0,9.5,4.0
2023-03-31 15:10:00+00:00,8.3,21.0,9.5,4.0
2023-03-31 15:20:00+00:00,8.3,21.0,9.5,4.0
2023-03-31 15:30:00+00:00,8.3,22.0,9.5,4.0
2023-03-31 15:40:00+00:00,8.3,21.0,9.5,4.0
2023-03-31 15:50:00+00:00,8.3,21.0,9.5,4.0
2023-03-31 16:00:00+00:00,8.3,21.0,9.5,4.0
2023-03-31 16:10:00+00:00,8.276190476190477,21.02857142857143,9.49904761904762,4.0
2023-03-31 16:20:00+00:00,8.252380952380953,21.057142857142857,9.498095238095239,4.0
2023-03-31 16:30:00+00:00,8.22857142857143,21.085714285714285,9.497142857142856,4.0
2023-03-31 16:40:00+00:00,8.204761904761906,21.114285714285714,9.496190476190476,4.0
2023-03-31 16:50:00+00:00,8.180952380952382,21.142857142857142,9.495238095238095,4.0
2023-03-31 17:00:00+00:00,8.157142857142858,21.17142857142857,9.494285714285715,4.0
2023-03-31 17:10:00+00:00,8.133333333333335,21.2,9.493333333333334,4.0
2023-03-31 17:20:00+00:00,8.109523809523811,21.228571428571428,9.492380952380952,4.0
2023-03-31 17:30:00+00:00,8.085714285714287,21.257142857142856,9.491428571428571,4.0
2023-03-31 17:40:00+00:00,8.061904761904762,21.285714285714285,9.49047619047619,4.0
2023-03-31 17:50:00+00:00,8.038095238095238,21.314285714285713,9.48952380952381,4.0
2023-03-31 18:00:00+00:00,8.014285714285714,21.34285714285714,9.48857142857143,4.0
2023-03-31 18:10:00+00:00,7.990476190476191,21.37142857142857,9.487619047619047,4.0
2023-03-31 18:20:00+00:00,7.966666666666667,21.4,9.486666666666666,4.0
2023-03-31 18:30:00+00:00,7.942857142857143,21.428571428571427,9.485714285714286,4.0
2023-03-31 18:40:00+00:00,7.919047619047619,21.457142857142856,9.484761904761905,4.0
2023-03-31 18:50:00+00:00,7.895238095238096,21.485714285714284,9.483809523809525,4.0
2023-03-31 19:00:00+00:00,7.871428571428572,21.514285714285712,9.482857142857142,4.0
2023-03-31 19:10:00+00:00,7.847619047619048,21.542857142857144,9.481904761904762,4.0
2023-03-31 19:20:00+00:00,7.823809523809524,21.571428571428573,9.480952380952381,4.0
2023-03-31 19:30:00+00:00,7.800000000000001,21.6,9.48,4.0
2023-03-31 19:40:00+00:00,7.776190476190477,21.62857142857143,9.47904761904762,4.0
2023-03-31 19:50:00+00:00,7.752380952380953,21.65714285714286,9.478095238095237,4.0
2023-03-31 20:00:00+00:00,7.7285714285714295,21.685714285714287,9.477142857142857,4.0
2023-03-31 20:10:00+00:00,,,,
2023-03-31 20:20:00+00:00,,,,
2023-03-31 20:30:00+00:00,,,,
2023-03-31 20:40:00+00:00,,,,
2023-03-31 20:50:00+00:00,,,,
2023-03-31 21:00:00+00:00,,,,
2023-03-31 21:10:00+00:00,,,,
2023-03-31 21:20:00+00:00,,,,
2023-03-31 21:30:00+00:00,,,,
2023-03-31 21:40:00+00:00,,,,
2023-03-31 21:50:00+00:00,,,,
2023-03-31 22:00:00+00:00,,,,
2023-03-31 22:10:00+00:00,,,,
2023-03-31 22:20:00+00:00,,,,
2023-03-31 22:30:00+00:00,,,,
2023-03-31 22:40:00+00:00,,,,
2023-03-31 22:50:00+00:00,,,,
2023-03-31 23:00:00+00:00,,,,
2023-03-31 23:10:00+00:00,,,,
2023-03-31 23:20:00+00:00,,,,
2023-03-31 23:30:00+00:00,,,,
2023-03-31 23:40:00+00:00,,,,
2023-03-31 23:50:00+00:00,,,,
2023-04-01 00:00:00+00:00,,,,
2023-04-01 00:10:00+00:00,,,,
2023-04-01 00:20:00+00:00,,,,
2023-04-01 00:30:00+00:00,,,,
2023-04-01 00:40:00+00:00,,,,
2023-04-01 00:50:00+00:00,,,,
2023-04-01 01:00:00+00:00,,,,
2023-04-01 01:10:00+00:00,,,,
2023-04-01 01:20:00+00:00,,,,
2023-04-01 01:30:00+00:00,,,,
2023-04-01 01:40:00+00:00,,,,
2023-04-01 01:50:00+00:00,,,,
2023-04-01 02:00:00+00:00,,,,
2023-04-01 02:10:00+00:00,,,,
2023-04-01 02:20:00+00:00,,,,
2023-04-01 02:30:00+00:00,,,,
2023-04-01 02:40:00+00:00,,,,
2023-04-01 02:50:00+00:00,,,,
2023-04-01 03:00:00+00:00,,,,
2023-04-01 03:10:00+00:00,,,,
2023-04-01 03:20:00+00:00,,,,
2023-04-01 03:30:00+00:00,,,,
2023-04-01 03:40:00+00:00,,,,
2023-04-01 03:50:00+00:00,,,,
2023-04-01 04:00:00+00:00,,,,
2023-04-01 04:10:00+00:00,,,,
2023-04-01 04:20:00+00:00,,,,
2023-04-01 04:30:00+00:00,,,,
2023-04-01 04:40:00+00:00,,,,
2023-04-01 04:50:00+00:00,,,,
2023-04-01 05:00:00+00:00,,,,
2023-04-01 05:10:00+00:00,,,,
2023-04-01 05:20:00+00:00,,,,
2023-04-01 05:30:00+00:00,,,,
2023-04-01 05:40:00+00:00,,,,
2023-04-01 05:50:00+00:00,,,,
2023-04-01 06:00:00+00:00,,,,
2023-04-01 06:10:00+00:00,,,,
2023-04-01 06:20:00+00:00,,,,
2023-04-01 06:30:00+00:00,,,,
2023-04-01 06:40:00+00:00,,,,
2023-04-01 06:50:00+00:00,,,,
2023-04-01 07:00:00+00:00,,,,
2023-04-01 07:10:00+00:00,,,,
2023-04-01 07:20:00+00:00,,,,
2023-04-01 07:30:00+00:00,,,,
2023-04-01 07:40:00+00:00,,,,
2023-04-01 07:50:00+00:00,,,,
2023-04-01 08:00:00+00:00,,,,
2023-04-01 08:10:00+00:00,,,,
2023-04-01 08:20:00+00:00,,,,
2023-04-01 08:30:00+00:00,,,,
2023-04-01 08:40:00+00:00,,,,
2023-04-01 08:50:00+00:00,,,,
2023-04-01 09:00:00+00:00,,,,
2023-04-01 09:10:00+00:00,,,,
2023-04-01 09:20:00+00:00,,,,
2023-04-01 09:30:00+00:00,5.8,24.0,9.4,4.0
2023-04-01 09:40:00+00:00,5.8,24.0,9.4,4.0
2023-04-01 09:50:00+00:00,5.8,24.0,9.4,4.0
2023-04-01 10:00:00+00:00,5.8,24.0,9.4,4.0
2023-04-01 10:10:00+00:00,5.766666666666667,24.0,9.4,4.0
2023-04-01 10:20:00+00:00,5.733333333333333,24.0,9.4,4.0
2023-04-01 10:30:00+00:00,5.7,24.0,9.4,4.0
2023-04-01 10:40:00+00:00,5.7,24.0,9.4,4.0
2023-04-01 10:50:00+00:00,5.6875,24.033333333333335,9.4,4.0
2023-04-01 11:00:00+00:00,5.675,24.066666666666666,9.4,4.0
2023-04-01 11:10:00+00:00,5.6625000000000005,24.1,9.4,4.0
2023-04-01 11:20:00+00:00,5.65,24.133333333333333,9.4,4.0
2023-04-01 11:30:00+00:00,5.6375,24.166666666666668,9.4,4.0
2023-04-01 11:40:00+00:00,5.625,24.2,9.4,4.0
2023-04-01 11:50:00+00:00,5.6125,24.233333333333334,9.4,4.0
2023-04-01 12:00:00+00:00,5.6000000000000005,24.266666666666666,9.4,4.0
2023-04-01 12:10:00+00:00,5.5875,24.3,9.4,4.0
2023-04-01 12:20:00+00:00,5.575,24.333333333333332,9.4,4.0
2023-04-01 12:30:00+00:00,5.5625,24.366666666666667,9.4,4.0
2023-04-01 12:40:00+00:00,5.55,24.4,9.4,4.0
2023-04-01 12:50:00+00:00,5.5375000000000005,24.433333333333334,9.4,4.0
2023-04-01 13:00:00+00:00,5.525,24.466666666666665,9.4,4.0
2023-04-01 13:10:00+00:00,5.5125,24.5,9.4,4.0
2023-04-01 13:20:00+00:00,5.5,24.533333333333335,9.4,4.0
2023-04-01 13:30:00+00:00,5.4875,24.566666666666666,9.4,4.0
2023-04-01 13:40:00+00:00,5.4750000000000005,24.6,9.4,4.0
2023-04-01 13:50:00+00:00,5.4625,24.633333333333333,9.4,4.0
2023-04-01 14:00:00+00:00,5.45,24.666666666666668,9.4,4.0
2023-04-01 14:10:00+00:00,5.4375,24.7,9.4,4.0
2023-04-01 14:20:00+00:00,5.425,24.733333333333334,9.4,4.0
2023-04-01 14:30:00+00:00,5.4125000000000005,24.766666666666666,9.4,4.0
2023-04-01 14:40:00+00:00,5.4,24.8,9.4,4.0
2023-04-01 14:50:00+00:00,,,,
2023-04-01 15:00:00+00:00,,,,
2023-04-01 15:10:00+00:00,,,,
2023-04-01 15:20:00+00:00,,,,
2023-04-01 15:30:00+00:00,,,,
2023-04-01 15:40:00+00:00,,,,
2023-04-01 15:50:00+00:00,,,,
2023-04-01 16:00:00+00:00,,,,
2023-04-01 16:10:00+00:00,,,,
2023-04-01 16:20:00+00:00,,,,
2023-04-01 16:30:00+00:00,,,,
2023-04-01 16:40:00+00:00,,,,
2023-04-01 16:50:00+00:00,,,,
2023-04-01 17:00:00+00:00,,,,
2023-04-01 17:10:00+00:00,,,,
2023-04-01 17:20:00+00:00,,,,
2023-04-01 17:30:00+00:00,,,,
2023-04-01 17:40:00+00:00,,,,
2023-04-01 17:50:00+00:00,,,,
2023-04-01 18:00:00+00:00,,,,
2023-04-01 18:10:00+00:00,,,,
2023-04-01 18:20:00+00:00,,,,
2023-04-01 18:30:00+00:00,,,,
2023-04-01 18:40:00+00:00,,,,
2023-04-01 18:50:00+00:00,,,,
2023-04-01 19:00:00+00:00,,,,
2023-04-01 19:10:00+00:00,,,,
2023-04-01 19:20:00+00:00,,,,
2023-04-01 19:30:00+00:00,,,,
2023-04-01 19:40:00+00:00,,,,
2023-04-01 19:50:00+00:00,,,,
2023-04-01 20:00:00+00:00,,,,
2023-04-01 20:10:00+00:00,,,,
2023-04-01 20:20:00+00:00,,,,
2023-04-01 20:30:00+00:00,,,,
2023-04-01 20:40:00+00:00,,,,
2023-04-01 20:50:00+00:00,,,,
2023-04-01 21:00:00+00:00,,,,
2023-04-01 21:10:00+00:00,,,,
2023-04-01 21:20:00+00:00,,,,
2023-04-01 21:30:00+00:00,,,,
2023-04-01 21:40:00+00:00,,,,
2023-04-01 21:50:00+00:00,,,,
2023-04-01 22:00:00+00:00,,,,
2023-04-01 22:10:00+00:00,,,,
2023-04-01 22:20:00+00:00,,,,
2023-04-01 22:30:00+00:00,,,,
2023-04-01 22:40:00+00:00,,,,
2023-04-01 22:50:00+00:00,,,,
2023-04-01 23:00:00+00:00,,,,
2023-04-01 23:10:00+00:00,,,,
2023-04-01 23:20:00+00:00,,,,
2023-04-01 23:30:00+00:00,,,,
2023-04-01 23:40:00+00:00,,,,
2023-04-01 23:50:00+00:00,,,,
2023-04-02 00:00:00+00:00,,,,
2023-04-02 00:10:00+00:00,,,,
2023-04-02 00:20:00+00:00,,,,
2023-04-02 00:30:00+00:00,,,,
2023-04-02 00:40:00+00:00,,,,
2023-04-02 00:50:00+00:00,,,,
2023-04-02 01:00:00+00:00,,,,
2023-04-02 01:10:00+00:00,,,,
2023-04-02 01:20:00+00:00,,,,
2023-04-02 01:30:00+00:00,,,,
2023-04-02 01:40:00+00:00,,,,
2023-04-02 01:50:00+00:00,,,,
2023-04-02 02:00:00+00:00,,,,
2023-04-02 02:10:00+00:00,,,,
2023-04-02 02:20:00+00:00,,,,
2023-04-02 02:30:00+00:00,,,,
2023-04-02 02:40:00+00:00,,,,
2023-04-02 02:50:00+00:00,,,,
2023-04-02 03:00:00+00:00,,,,
2023-04-02 03:10:00+00:00,,,,
2023-04-02 03:20:00+00:00,,,,
2023-04-02 03:30:00+00:00,,,,
2023-04-02 03:40:00+00:00,,,,
2023-04-02 03:50:00+00:00,,,,
2023-04-02 04:00:00+00:00,,,,
2023-04-02 04:10:00+00:00,,,,
2023-04-02 04:20:00+00:00,,,,
2023-04-02 04:30:00+00:00,,,,
2023-04-02 04:40:00+00:00,,,,
2023-04-02 04:50:00+00:00,,,,
2023-04-02 05:00:00+00:00,,,,
2023-04-02 05:10:00+00:00,,,,
2023-04-02 05:20:00+00:00,,,,
2023-04-02 05:30:00+00:00,,,,
2023-04-02 05:40:00+00:00,,,,
2023-04-02 05:50:00+00:00,,,,
2023-04-02 06:00:00+00:00,,,,
2023-04-02 06:10:00+00:00,,,,
2023-04-02 06:20:00+00:00,,,,
2023-04-02 06:30:00+00:00,,,,
2023-04-02 06:40:00+00:00,4.2,28.0,9.4,4.0
2023-04-02 06:50:00+00:00,4.2,28.0,9.4,4.0
2023-04-02 07:00:00+00:00,4.2,28.0,9.4,4.0
2023-04-02 07:10:00+00:00,4.3,28.0,9.4,4.0
2023-04-02 07:20:00+00:00,4.2,28.0,9.4,4.0
2023-04-02 07:30:00+00:00,4.3,28.0,9.4,4.0
2023-04-02 07:40:00+00:00,4.3,28.0,9.5,4.0
2023-04-02 07:50:00+00:00,4.3,28.0,9.5,4.0
2023-04-02 08:00:00+00:00,4.3,28.0,9.5,4.0
2023-04-02 08:10:00+00:00,4.3,28.0,9.5,4.0
2023-04-02 08:20:00+00:00,4.3,27.0,9.5,4.0
2023-04-02 08:30:00+00:00,4.3,27.0,9.5,4.0
2023-04-02 08:40:00+00:00,4.3,28.0,9.5,4.0
2023-04-02 08:50:00+00:00,4.4,28.0,9.6,4.0
2023-04-02 09:00:00+00:00,4.4,28.0,9.6,4.0
2023-04-02 09:10:00+00:00,4.5,28.0,9.5,4.0
2023-04-02 09:20:00+00:00,4.5,28.0,9.6,4.1
2023-04-02 09:30:00+00:00,4.5,27.0,9.6,4.1
2023-04-02 09:40:00+00:00,4.6,27.0,9.7,4.0
2023-04-02 09:50:00+00:00,4.6,27.0,9.7,4.1
2023-04-02 10:00:00+00:00,4.7,27.0,9.7,4.1
2023-04-02 10:10:00+00:00,4.8,27.0,9.7,5.6
2023-04-02 10:20:00+00:00,4.8,27.0,9.7,6.0
2023-04-02 10:30:00+00:00,4.9,27.0,9.7,6.1
2023-04-02 10:40:00+00:00,5.0,27.0,9.7,6.2
2023-04-02 10:50:00+00:00,5.0,27.0,9.6,6.2
2023-04-02 11:00:00+00:00,5.1,27.0,9.6,6.3
2023-04-02 11:10:00+00:00,5.1,27.0,9.6,6.2
2023-04-02 11:20:00+00:00,5.2,27.0,9.6,4.0
2023-04-02 11:30:00+00:00,5.2,27.0,9.5,4.0
2023-04-02 11:40:00+00:00,5.3,27.0,9.5,4.0
2023-04-02 11:50:00+00:00,5.3,27.0,9.5,4.0
2023-04-02 12:00:00+00:00,5.3,27.0,9.5,4.0
2023-04-02 12:10:00+00:00,5.3,27.0,9.5,4.0
2023-04-02 12:20:00+00:00,5.3,27.0,9.5,4.0
2023-04-02 12:30:00+00:00,5.3,27.0,9.5,4.0
2023-04-02 12:40:00+00:00,5.3,27.0,9.4,4.0
2023-04-02 12:50:00+00:00,5.3,26.0,9.4,4.0
2023-04-02 13:00:00+00:00,5.3,28.0,9.4,4.0
2023-04-02 13:10:00+00:00,5.2,27.0,9.4,4.0
2023-04-02 13:20:00+00:00,5.2,28.0,9.4,4.0
2023-04-02 13:30:00+00:00,5.2,26.0,9.4,4.0
2023-04-02 13:40:00+00:00,5.1,26.0,9.4,4.0
2023-04-02 13:50:00+00:00,5.1,26.0,9.4,4.0
2023-04-02 14:00:00+00:00,5.1,26.0,9.4,4.0
2023-04-02 14:10:00+00:00,5.1,26.0,9.4,4.0
2023-04-02 14:20:00+00:00,5.0,26.0,9.4,4.0
2023-04-02 14:30:00+00:00,5.0,26.0,9.4,4.0
2023-04-02 14:40:00+00:00,5.0,26.0,9.4,4.0
2023-04-02 14:50:00+00:00,5.0,26.0,9.4,4.0
2023-04-02 15:00:00+00:00,4.9,26.0,9.4,4.0
2023-04-02 15:10:00+00:00,4.9,26.0,9.4,4.0
2023-04-02 15:20:00+00:00,4.8,26.0,9.4,4.0
2023-04-02 15:30:00+00:00,4.8,25.0,9.4,4.0
2023-04-02 15:40:00+00:00,4.8,25.0,9.4,4.0
2023-04-02 15:50:00+00:00,4.8,26.0,9.4,4.0
2023-04-02 16:00:00+00:00,4.7,27.0,9.4,4.0
2023-04-02 16:10:00+00:00,4.7,27.0,9.4,4.0
2023-04-02 16:20:00+00:00,4.6,27.0,9.4,4.0
2023-04-02 16:30:00+00:00,4.6,26.0,9.4,4.0
2023-04-02 16:40:00+00:00,4.6,26.0,9.4,4.0
2023-04-02 16:50:00+00:00,4.6,27.0,9.4,4.0
2023-04-02 17:00:00+00:00,4.6,26.0,9.4,4.0
2023-04-02 17:10:00+00:00,4.5,26.0,9.4,4.0
2023-04-02 17:20:00+00:00,4.5,26.0,9.4,4.0
2023-04-02 17:30:00+00:00,4.5,26.0,9.4,3.7
2023-04-02 17:40:00+00:00,4.5,27.0,9.4,3.1
2023-04-02 17:50:00+00:00,4.5,26.0,9.4,1.9
2023-04-02 18:00:00+00:00,4.4,26.0,9.4,0.9
2023-04-02 18:10:00+00:00,4.4,26.0,9.4,0.8
2023-04-02 18:20:00+00:00,4.4,26.0,9.4,0.6
2023-04-02 18:30:00+00:00,4.3,26.0,9.4,0.7
2023-04-02 18:40:00+00:00,4.3,26.0,9.4,0.7
2023-04-02 18:50:00+00:00,4.3,26.0,9.4,0.7
2023-04-02 19:00:00+00:00,4.3,26.0,9.4,0.7
2023-04-02 19:10:00+00:00,4.3,26.0,9.4,0.7
2023-04-02 19:20:00+00:00,4.2,26.0,9.4,0.5
2023-04-02 19:30:00+00:00,4.2,26.0,9.4,0.6
2023-04-02 19:40:00+00:00,4.2,26.0,9.4,0.7
2023-04-02 19:50:00+00:00,4.1,26.0,9.4,0.7
2023-04-02 20:00:00+00:00,4.1,26.0,9.4,0.7
2023-04-02 20:10:00+00:00,4.1,26.0,9.4,0.7
2023-04-02 20:20:00+00:00,4.1,26.0,9.4,0.7
2023-04-02 20:30:00+00:00,4.1,26.0,9.4,0.5
2023-04-02 20:40:00+00:00,4.1,26.0,9.4,0.7
2023-04-02 20:50:00+00:00,4.0,26.0,9.4,0.7
2023-04-02 21:00:00+00:00,4.0,26.0,9.4,0.5
2023-04-02 21:10:00+00:00,4.0,26.0,9.4,0.7
2023-04-02 21:20:00+00:00,4.0,26.0,9.4,0.7
2023-04-02 21:30:00+00:00,4.0,26.0,9.4,0.7
2023-04-02 21:40:00+00:00,4.0,26.0,9.4,0.7
2023-04-02 21:50:00+00:00,4.0,26.0,9.4,0.7
2023-04-02 22:00:00+00:00,3.9,26.0,9.4,0.7
2023-04-02 22:10:00+00:00,3.9,26.0,9.4,0.7
2023-04-02 22:20:00+00:00,3.9,26.0,9.4,0.7
2023-04-02 22:30:00+00:00,3.9,26.0,9.4,0.7
2023-04-02 22:40:00+00:00,3.9,26.0,9.4,0.7
2023-04-02 22:50:00+00:00,3.8,26.0,9.4,0.7
2023-04-02 23:00:00+00:00,3.8,26.0,9.4,0.7
2023-04-02 23:10:00+00:00,3.8,26.0,9.4,0.7
2023-04-02 23:20:00+00:00,3.8,26.0,9.4,0.7
2023-04-02 23:30:00+00:00,3.8,26.0,9.4,0.7
2023-04-02 23:40:00+00:00,3.8,26.0,9.4,0.7
2023-04-02 23:50:00+00:00,3.8,26.0,9.4,0.7
2023-04-03 00:00:00+00:00,3.8,26.0,9.4,0.7
2023-04-03 00:10:00+00:00,3.8,26.0,9.4,0.7
2023-04-03 00:20:00+00:00,3.8,26.0,9.4,0.7
2023-04-03 00:30:00+00:00,3.8,26.0,9.4,0.7
2023-04-03 00:40:00+00:00,3.8,26.0,9.4,0.7
2023-04-03 00:50:00+00:00,3.8,27.0,9.4,0.7
2023-04-03 01:00:00+00:00,3.7,41.0,9.4,0.7
2023-04-03 01:10:00+00:00,3.7,29.0,9.4,0.7
2023-04-03 01:20:00+00:00,3.7,27.0,9.4,0.7
2023-04-03 01:30:00+00:00,3.7,26.0,9.4,0.7
2023-04-03 01:40:00+00:00,3.7,26.0,9.4,0.7
2023-04-03 01:50:00+00:00,3.7,26.0,9.4,0.7
2023-04-03 02:00:00+00:00,3.7,26.0,9.4,0.7
2023-04-03 02:10:00+00:00,3.6,26.0,9.4,0.7
2023-04-03 02:20:00+00:00,3.6,26.0,9.4,0.5
2023-04-03 02:30:00+00:00,3.6,26.0,9.4,0.7
2023-04-03 02:40:00+00:00,3.6,26.0,9.4,0.7
2023-04-03 02:50:00+00:00,3.6,26.0,9.4,0.7
2023-04-03 03:00:00+00:00,3.6,26.0,9.4,0.7
2023-04-03 03:10:00+00:00,3.6,26.0,9.4,0.7
2023-04-03 03:20:00+00:00,3.6,26.0,9.4,0.5
2023-04-03 03:30:00+00:00,3.6,26.0,9.4,0.6
2023-04-03 03:40:00+00:00,3.6,26.0,9.4,1.0
2023-04-03 03:50:00+00:00,3.6,26.0,9.4,1.8
2023-04-03 04:00:00+00:00,3.6,26.0,9.4,2.7
2023-04-03 04:10:00+00:00,3.6,26.0,9.4,3.4
2023-04-03 04:20:00+00:00,3.5,26.0,9.4,3.1
2023-04-03 04:30:00+00:00,3.5,26.0,9.4,3.8
2023-04-03 04:40:00+00:00,3.5,26.0,9.4,4.0
2023-04-03 04:50:00+00:00,3.5,26.0,9.4,4.0
2023-04-03 05:00:00+00:00,3.5,27.0,9.4,4.0
2023-04-03 05:10:00+00:00,3.5,26.333333333333332,9.4,4.0
2023-04-03 05:20:00+00:00,3.5,25.666666666666668,9.4,4.0
2023-04-03 05:30:00+00:00,3.5,25.0,9.4,4.0
2023-04-03 05:40:00+00:00,3.5,25.0,9.5,4.0
2023-04-03 05:50:00+00:00,3.5,25.0,9.5,4.1
2023-04-03 06:00:00+00:00,3.5,25.0,9.55,4.1
2023-04-03 06:10:00+00:00,3.5,25.0,9.6,4.1
2023-04-03 06:20:00+00:00,3.5,25.0,9.6,4.1
2023-04-03 06:30:00+00:00,3.5,25.0,9.6,4.0
2023-04-03 06:40:00+00:00,3.6,25.0,9.6,4.0
2023-04-03 06:50:00+00:00,3.6,25.0,9.7,4.1
2023-04-03 07:00:00+00:00,3.6,25.0,9.6,4.0
2023-04-03 07:10:00+00:00,3.6,25.0,9.6,4.0
2023-04-03 07:20:00+00:00,3.6,25.0,9.5,4.0
2023-04-03 07:30:00+00:00,3.6,25.0,9.5,4.0
2023-04-03 07:40:00+00:00,3.7,25.0,9.5,4.0
2023-04-03 07:50:00+00:00,3.7,25.0,9.5,4.0
2023-04-03 08:00:00+00:00,3.7,25.0,9.6,4.0
2023-04-03 08:10:00+00:00,3.8,25.0,9.5,4.0
2023-04-03 08:20:00+00:00,3.8,25.0,9.5,4.0
2023-04-03 08:30:00+00:00,3.8,25.0,9.5,4.0
2023-04-03 08:40:00+00:00,3.8,35.0,9.5,4.0
2023-04-03 08:50:00+00:00,3.8,25.0,9.5,4.0
2023-04-03 09:00:00+00:00,3.8,25.0,9.5,4.0
2023-04-03 09:10:00+00:00,3.9,25.0,9.5,6.0
2023-04-03 09:20:00+00:00,4.0,26.0,9.7,4.0
2023-04-03 09:30:00+00:00,4.0,28.0,9.6,4.0
2023-04-03 09:40:00+00:00,4.1,32.5,9.6,4.1
2023-04-03 09:50:00+00:00,4.1,36.0,9.6,4.0
2023-04-03 10:00:00+00:00,4.2,32.0,9.5,4.0
2023-04-03 10:10:00+00:00,4.2,30.0,9.5,4.0
2023-04-03 10:20:00+00:00,4.3,30.0,9.5,4.0
2023-04-03 10:30:00+00:00,4.3,35.0,9.5,4.0
2023-04-03 10:40:00+00:00,4.3,34.0,9.5,4.0
2023-04-03 10:50:00+00:00,4.3,32.0,9.5,4.1
2023-04-03 11:00:00+00:00,4.4,26.0,9.5,4.0
2023-04-03 11:10:00+00:00,4.4,25.0,9.5,4.0
2023-04-03 11:20:00+00:00,4.4,25.0,9.5,4.0
2023-04-03 11:30:00+00:00,4.4,25.0,9.5,4.0
2023-04-03 11:40:00+00:00,4.5,25.0,9.5,4.0
2023-04-03 11:50:00+00:00,4.5,25.0,9.5,4.0
2023-04-03 12:00:00+00:00,4.5,25.0,9.5,4.0
2023-04-03 12:10:00+00:00,4.5,25.0,9.5,4.0
2023-04-03 12:20:00+00:00,4.5,25.0,9.5,4.0
2023-04-03 12:30:00+00:00,4.5,25.0,9.5,4.0
2023-04-03 12:40:00+00:00,4.5,25.0,9.5,4.0
2023-04-03 12:50:00+00:00,4.5,25.0,9.5,4.0
2023-04-03 13:00:00+00:00,4.5,25.0,9.5,4.0
2023-04-03 13:10:00+00:00,4.5,25.0,9.5,4.0
2023-04-03 13:20:00+00:00,4.5,25.0,9.5,4.0
2023-04-03 13:30:00+00:00,4.5,25.0,9.5,4.0
2023-04-03 13:40:00+00:00,4.5,25.0,9.5,4.0
2023-04-03 13:50:00+00:00,4.5,25.0,9.5,4.0
2023-04-03 14:00:00+00:00,4.5,25.0,9.5,4.0
2023-04-03 14:10:00+00:00,4.5,25.0,9.5,4.0
2023-04-03 14:20:00+00:00,4.5,25.0,9.5,4.0
2023-04-03 14:30:00+00:00,4.5,25.0,9.5,4.0
2023-04-03 14:40:00+00:00,4.5,25.0,9.4,4.0
2023-04-03 14:50:00+00:00,4.5,25.0,9.4,4.0
2023-04-03 15:00:00+00:00,4.4,25.0,9.4,4.0
2023-04-03 15:10:00+00:00,4.4,25.0,9.4,4.0
2023-04-03 15:20:00+00:00,4.4,25.0,9.4,4.0
2023-04-03 15:30:00+00:00,4.3,25.0,9.4,4.0
2023-04-03 15:40:00+00:00,4.3,25.0,9.4,4.0
2023-04-03 15:50:00+00:00,4.3,25.0,9.4,4.0
2023-04-03 16:00:00+00:00,4.3,25.0,9.4,4.0
2023-04-03 16:10:00+00:00,4.3,25.0,9.4,4.0
2023-04-03 16:20:00+00:00,4.3,25.0,9.4,4.0
2023-04-03 16:30:00+00:00,4.3,25.0,9.4,4.0
2023-04-03 16:40:00+00:00,4.3,25.0,9.4,4.0
2023-04-03 16:50:00+00:00,4.3,25.0,9.4,4.0
2023-04-03 17:00:00+00:00,4.2,25.0,9.4,4.0
2023-04-03 17:10:00+00:00,4.2,25.0,9.4,3.6
2023-04-03 17:20:00+00:00,4.2,25.0,9.4,3.7
2023-04-03 17:30:00+00:00,4.1,25.0,9.4,3.6
2023-04-03 17:40:00+00:00,4.1,25.0,9.4,3.1
2023-04-03 17:50:00+00:00,4.1,25.0,9.4,1.8
2023-04-03 18:00:00+00:00,4.1,25.0,9.4,0.9
2023-04-03 18:10:00+00:00,4.1,25.0,9.4,0.8
2023-04-03 18:20:00+00:00,4.1,25.0,9.4,0.7
2023-04-03 18:30:00+00:00,4.1,25.0,9.4,0.7
2023-04-03 18:40:00+00:00,4.1,25.0,9.4,0.7
2023-04-03 18:50:00+00:00,4.0,25.0,9.4,0.7
2023-04-03 19:00:00+00:00,4.0,25.0,9.4,0.5
2023-04-03 19:10:00+00:00,4.0,25.0,9.4,0.7
2023-04-03 19:20:00+00:00,4.0,25.0,9.4,0.7
2023-04-03 19:30:00+00:00,4.0,25.0,9.4,0.7
2023-04-03 19:40:00+00:00,4.0,25.0,9.4,0.7
2023-04-03 19:50:00+00:00,4.0,25.0,9.4,0.5
2023-04-03 20:00:00+00:00,4.0,25.0,9.4,0.7
2023-04-03 20:10:00+00:00,3.9,25.0,9.4,0.7
2023-04-03 20:20:00+00:00,3.9,25.0,9.4,0.7
2023-04-03 20:30:00+00:00,3.9,25.0,9.4,0.7
2023-04-03 20:40:00+00:00,3.9,25.0,9.4,0.7
2023-04-03 20:50:00+00:00,3.8,25.0,9.4,0.7
2023-04-03 21:00:00+00:00,3.8,25.0,9.4,0.7
2023-04-03 21:10:00+00:00,3.8,25.0,9.4,0.7
2023-04-03 21:20:00+00:00,3.8,25.0,9.4,0.7
2023-04-03 21:30:00+00:00,3.8,24.0,9.4,0.7
2023-04-03 21:40:00+00:00,3.8,25.0,9.4,0.7
2023-04-03 21:50:00+00:00,3.8,24.0,9.4,0.7
2023-04-03 22:00:00+00:00,3.8,24.0,9.4,0.7
2023-04-03 22:10:00+00:00,3.8,25.0,9.4,0.7
2023-04-03 22:20:00+00:00,3.7,25.0,9.4,0.7
2023-04-03 22:30:00+00:00,3.7,25.0,9.4,0.7
2023-04-03 22:40:00+00:00,3.7,25.0,9.4,0.7
2023-04-03 22:50:00+00:00,3.7,25.0,9.4,0.7
2023-04-03 23:00:00+00:00,3.6,24.0,9.4,0.7
2023-04-03 23:10:00+00:00,3.6,24.0,9.4,0.7
2023-04-03 23:20:00+00:00,3.6,28.0,9.4,0.7
2023-04-03 23:30:00+00:00,3.6,24.0,9.4,0.7
2023-04-03 23:40:00+00:00,3.6,24.0,9.4,0.7
2023-04-03 23:50:00+00:00,3.6,24.0,9.4,0.7
2023-04-04 00:00:00+00:00,3.6,24.0,9.4,0.5
2023-04-04 00:10:00+00:00,3.6,24.0,9.4,0.7
2023-04-04 00:20:00+00:00,3.6,24.0,9.4,0.7
2023-04-04 00:30:00+00:00,3.6,24.0,9.4,0.7
2023-04-04 00:40:00+00:00,3.6,24.0,9.4,0.7
2023-04-04 00:50:00+00:00,3.6,24.0,9.4,0.5
2023-04-04 01:00:00+00:00,3.6,24.0,9.4,0.7
2023-04-04 01:10:00+00:00,3.55,24.0,9.4,0.7
2023-04-04 01:20:00+00:00,3.5,24.0,9.4,0.7
2023-04-04 01:30:00+00:00,3.5,24.0,9.4,0.7
2023-04-04 01:40:00+00:00,3.5,24.0,9.4,0.7
2023-04-04 01:50:00+00:00,3.5,24.0,9.4,0.7
2023-04-04 02:00:00+00:00,3.5,24.0,9.4,0.7
2023-04-04 02:10:00+00:00,3.5,24.0,9.4,0.7
2023-04-04 02:20:00+00:00,3.5,24.0,9.4,0.7
2023-04-04 02:30:00+00:00,3.5,24.0,9.4,0.7
2023-04-04 02:40:00+00:00,3.5,24.0,9.4,0.5
2023-04-04 02:50:00+00:00,3.5,25.0,9.4,0.7
2023-04-04 03:00:00+00:00,3.5,24.0,9.4,0.7
2023-04-04 03:10:00+00:00,3.5,24.0,9.4,0.7
2023-04-04 03:20:00+00:00,3.5,24.0,9.4,0.7
2023-04-04 03:30:00+00:00,3.5,24.0,9.4,0.9
2023-04-04 03:40:00+00:00,3.5,24.0,9.4,1.1
2023-04-04 03:50:00+00:00,3.5,24.0,9.4,2.1
2023-04-04 04:00:00+00:00,3.4,24.0,9.4,2.7
2023-04-04 04:10:00+00:00,3.4,24.0,9.4,3.2
2023-04-04 04:20:00+00:00,3.3909090909090907,24.0,9.4,3.272727272727273
2023-04-04 04:30:00+00:00,3.381818181818182,24.0,9.4,3.3454545454545457
2023-04-04 04:40:00+00:00,3.3727272727272726,24.0,9.4,3.4181818181818184
2023-04-04 04:50:00+00:00,3.3636363636363633,24.0,9.4,3.490909090909091
2023-04-04 05:00:00+00:00,3.3545454545454545,24.0,9.4,3.5636363636363635
2023-04-04 05:10:00+00:00,3.3454545454545452,24.0,9.4,3.6363636363636367
2023-04-04 05:20:00+00:00,3.3363636363636364,24.0,9.4,3.709090909090909
2023-04-04 05:30:00+00:00,3.327272727272727,24.0,9.4,3.7818181818181817
2023-04-04 05:40:00+00:00,3.318181818181818,24.0,9.4,3.8545454545454545
2023-04-04 05:50:00+00:00,3.309090909090909,24.0,9.4,3.9272727272727272
2023-04-04 06:00:00+00:00,3.3,24.0,9.4,4.0
2023-04-04 06:10:00+00:00,3.3,24.0,9.5,4.0
2023-04-04 06:20:00+00:00,3.3,24.0,9.6,4.0
2023-04-04 06:30:00+00:00,3.3,24.0,9.5,4.0
2023-04-04 06:40:00+00:00,3.4,24.0,9.1,4.1
2023-04-04 06:50:00+00:00,3.4,24.0,8.9,4.0
2023-04-04 07:00:00+00:00,3.4,24.0,8.7,4.0
2023-04-04 07:10:00+00:00,3.4,24.0,9.1,4.0
2023-04-04 07:20:00+00:00,3.4,24.0,9.6,4.0
2023-04-04 07:30:00+00:00,3.5,24.0,9.3,5.6
2023-04-04 07:40:00+00:00,3.5,24.0,8.9,4.0
2023-04-04 07:50:00+00:00,3.5,23.0,9.2,4.0
2023-04-04 08:00:00+00:00,3.5,34.0,9.3,4.0
2023-04-04 08:10:00+00:00,3.6,26.0,9.2,6.2
2023-04-04 08:20:00+00:00,3.6,24.0,8.8,6.1
2023-04-04 08:30:00+00:00,3.7,25.0,8.3,5.9
2023-04-04 08:40:00+00:00,3.7,24.0,8.3,6.3
2023-04-04 08:50:00+00:00,3.8,24.0,8.8,4.0
2023-04-04 09:00:00+00:00,3.8,24.0,9.3,6.3
2023-04-04 09:10:00+00:00,3.9,24.0,8.8,6.3
2023-04-04 09:20:00+00:00,4.0,24.0,8.1,4.0
2023-04-04 09:30:00+00:00,4.1,24.0,8.7,6.3
2023-04-04 09:40:00+00:00,4.1,24.0,8.2,4.1
2023-04-04 09:50:00+00:00,4.2,24.0,8.8,6.4
2023-04-04 10:00:00+00:00,4.3,24.0,8.7,4.0
2023-04-04 10:10:00+00:00,4.3,25.0,9.4,4.0
2023-04-04 10:20:00+00:00,4.3,24.0,9.5,6.4
2023-04-04 10:30:00+00:00,4.5,24.0,9.6,4.0
2023-04-04 10:40:00+00:00,4.5,24.0,8.8,4.0
2023-04-04 10:50:00+00:00,4.6,24.0,9.2,6.3
2023-04-04 11:00:00+00:00,4.6,24.0,9.0,6.3
2023-04-04 11:10:00+00:00,4.7,24.0,8.7,6.3
2023-04-04 11:20:00+00:00,4.7,24.0,8.7,6.0
2023-04-04 11:30:00+00:00,4.8,24.0,9.4,5.8
2023-04-04 11:40:00+00:00,4.8,24.0,9.5,6.0
2023-04-04 11:50:00+00:00,4.8,24.0,9.5,6.1
2023-04-04 12:00:00+00:00,4.8,24.0,9.5,5.7
2023-04-04 12:10:00+00:00,4.8,24.0,9.5,6.2
2023-04-04 12:20:00+00:00,4.9,24.0,9.5,5.2
2023-04-04 12:30:00+00:00,4.9,24.0,9.5,5.5
2023-04-04 12:40:00+00:00,4.9,24.0,9.5,4.8
2023-04-04 12:50:00+00:00,4.9,24.0,9.5,5.3
2023-04-04 13:00:00+00:00,4.9,24.0,9.5,5.1
2023-04-04 13:10:00+00:00,4.9,24.0,9.5,5.2
2023-04-04 13:20:00+00:00,4.9,24.0,9.5,5.1
2023-04-04 13:30:00+00:00,4.8,24.0,9.5,3.9
2023-04-04 13:40:00+00:00,4.8,25.0,9.5,4.9
2023-04-04 13:50:00+00:00,4.8,24.0,9.5,5.2
2023-04-04 14:00:00+00:00,4.8,24.0,9.4,4.9
2023-04-04 14:10:00+00:00,4.8,24.0,9.4,5.9
2023-04-04 14:20:00+00:00,4.8,24.0,9.4,5.9
2023-04-04 14:30:00+00:00,4.8,24.0,9.4,6.0
2023-04-04 14:40:00+00:00,4.7,24.0,9.4,4.5
2023-04-04 14:50:00+00:00,4.7,24.0,9.4,5.7
2023-04-04 15:00:00+00:00,4.6,24.0,9.4,5.7
2023-04-04 15:10:00+00:00,4.6,24.0,9.4,4.3
2023-04-04 15:20:00+00:00,4.6,24.0,9.4,5.1
2023-04-04 15:30:00+00:00,4.6,24.0,9.4,5.2
2023-04-04 15:40:00+00:00,4.6,24.0,9.4,3.8
2023-04-04 15:50:00+00:00,4.5,24.0,9.4,3.9
2023-04-04 16:00:00+00:00,4.5,24.0,9.4,4.3
2023-04-04 16:10:00+00:00,4.5,24.0,9.4,4.0
2023-04-04 16:20:00+00:00,4.5,24.0,9.4,4.0
2023-04-04 16:30:00+00:00,4.5,24.0,9.4,4.0
2023-04-04 16:40:00+00:00,4.4,24.0,9.4,4.0
2023-04-04 16:50:00+00:00,4.4,24.0,9.4,4.0
2023-04-04 17:00:00+00:00,4.4,24.0,9.4,4.0
2023-04-04 17:10:00+00:00,4.3,24.0,9.4,4.0
2023-04-04 17:20:00+00:00,4.3,24.0,9.4,3.7
2023-04-04 17:30:00+00:00,4.3,24.0,9.4,3.6
2023-04-04 17:40:00+00:00,4.3,24.0,9.4,2.7
2023-04-04 17:50:00+00:00,4.3,24.0,9.4,1.5
2023-04-04 18:00:00+00:00,4.2,24.0,9.4,0.9
2023-04-04 18:10:00+00:00,4.2,24.0,9.4,0.8
2023-04-04 18:20:00+00:00,4.2,24.0,9.4,0.7
2023-04-04 18:30:00+00:00,4.2,24.0,9.4,0.7
2023-04-04 18:40:00+00:00,4.1,24.0,9.4,0.7
2023-04-04 18:50:00+00:00,4.1,24.0,9.4,0.7
2023-04-04 19:00:00+00:00,4.1,29.0,9.4,0.7
2023-04-04 19:10:00+00:00,4.1,24.0,9.4,0.7
2023-04-04 19:20:00+00:00,4.1,24.0,9.4,0.7
2023-04-04 19:30:00+00:00,4.1,25.0,9.4,0.7
2023-04-04 19:40:00+00:00,4.1,24.0,9.4,0.7
2023-04-04 19:50:00+00:00,4.1,25.0,9.4,0.7
2023-04-04 20:00:00+00:00,4.0,25.0,9.4,0.7
2023-04-04 20:10:00+00:00,4.0,25.0,9.4,0.7
2023-04-04 20:20:00+00:00,4.0,25.0,9.4,0.7
2023-04-04 20:30:00+00:00,4.0,25.0,9.4,0.7
2023-04-04 20:40:00+00:00,4.0,25.0,9.4,0.7
2023-04-04 20:50:00+00:00,4.0,25.0,9.4,0.7
2023-04-04 21:00:00+00:00,4.0,25.5,9.4,0.6
2023-04-04 21:10:00+00:00,4.0,26.0,9.4,0.5
2023-04-04 21:20:00+00:00,4.0,24.0,9.4,0.7
2023-04-04 21:30:00+00:00,4.0,24.0,9.4,0.7
2023-04-04 21:40:00+00:00,4.0,24.0,9.4,0.7
2023-04-04 21:50:00+00:00,4.0,25.0,9.4,0.7
2023-04-04 22:00:00+00:00,3.9,24.5,9.4,0.7
2023-04-04 22:10:00+00:00,3.9,26.0,9.4,0.5
2023-04-04 22:20:00+00:00,3.9,25.0,9.4,0.5
2023-04-04 22:30:00+00:00,3.8,24.0,9.4,0.7
2023-04-04 22:40:00+00:00,3.8,25.0,9.4,0.7
2023-04-04 22:50:00+00:00,3.8,26.0,9.4,0.7
2023-04-04 23:00:00+00:00,3.8,24.0,9.4,0.7
2023-04-04 23:10:00+00:00,3.8,24.0,9.4,0.7
2023-04-04 23:20:00+00:00,3.8,24.0,9.4,0.7
2023-04-04 23:30:00+00:00,3.8,24.0,9.4,0.7
2023-04-04 23:40:00+00:00,3.8,23.0,9.4,0.7
2023-04-04 23:50:00+00:00,3.8,24.0,9.4,0.7
2023-04-05 00:00:00+00:00,3.7,24.0,9.4,0.7
2023-04-05 00:10:00+00:00,3.7,25.0,9.4,0.7
2023-04-05 00:20:00+00:00,3.7,24.0,9.4,0.7
2023-04-05 00:30:00+00:00,3.7,25.0,9.4,0.7
2023-04-05 00:40:00+00:00,3.7,26.0,9.4,0.7
2023-04-05 00:50:00+00:00,3.6,30.0,9.4,0.7
2023-04-05 01:00:00+00:00,3.6,32.0,9.4,0.7
2023-04-05 01:10:00+00:00,3.6,25.0,9.4,0.7
2023-04-05 01:20:00+00:00,3.6,25.0,9.4,0.5
2023-04-05 01:30:00+00:00,3.6,25.0,9.4,0.7
2023-04-05 01:40:00+00:00,3.6,28.0,9.4,0.7
2023-04-05 01:50:00+00:00,3.6,29.0,9.4,0.7
2023-04-05 02:00:00+00:00,3.5,30.0,9.4,0.7
2023-04-05 02:10:00+00:00,3.5,30.0,9.4,0.7
2023-04-05 02:20:00+00:00,3.5,29.0,9.4,0.5
2023-04-05 02:30:00+00:00,3.5,29.0,9.4,0.7
2023-04-05 02:40:00+00:00,3.5,27.0,9.4,0.7
2023-04-05 02:50:00+00:00,3.5,25.0,9.4,0.7
2023-04-05 03:00:00+00:00,3.5,25.0,9.4,0.7
2023-04-05 03:10:00+00:00,3.5,28.0,9.4,0.7
2023-04-05 03:20:00+00:00,3.4,29.0,9.4,0.9
2023-04-05 03:30:00+00:00,3.4,29.0,9.4,1.4
2023-04-05 03:40:00+00:00,3.4,25.0,9.4,2.7
2023-04-05 03:50:00+00:00,3.4,25.0,9.4,3.3
2023-04-05 04:00:00+00:00,3.4,28.0,9.4,3.8
2023-04-05 04:10:00+00:00,3.3,25.0,9.4,3.7
2023-04-05 04:20:00+00:00,3.3,25.0,9.4,3.8
2023-04-05 04:30:00+00:00,3.3,27.75,9.4,3.8499999999999996
2023-04-05 04:40:00+00:00,3.3,30.5,9.4,3.9
2023-04-05 04:50:00+00:00,3.3,33.25,9.4,3.95
2023-04-05 05:00:00+00:00,3.3,36.0,9.4,4.0
2023-04-05 05:10:00+00:00,3.3,38.0,9.4,4.0
2023-04-05 05:20:00+00:00,3.3,38.0,9.5,4.0
2023-04-05 05:30:00+00:00,3.3,38.0,9.5,4.0
2023-04-05 05:40:00+00:00,3.3,33.0,9.6,4.0
2023-04-05 05:50:00+00:00,3.3,33.0,9.2,4.0
2023-04-05 06:00:00+00:00,3.4,32.0,9.0,4.1
2023-04-05 06:10:00+00:00,3.4,31.0,8.6,4.0
2023-04-05 06:20:00+00:00,3.4,31.0,9.1,4.0
2023-04-05 06:30:00+00:00,3.4,25.0,9.5,4.0
2023-04-05 06:40:00+00:00,3.4,25.0,9.5,4.0
2023-04-05 06:50:00+00:00,3.4,32.0,9.4,4.0
2023-04-05 07:00:00+00:00,3.4,32.0,9.4,4.0
2023-04-05 07:10:00+00:00,3.4,32.0,9.4,4.0
2023-04-05 07:20:00+00:00,3.5,33.0,9.5,4.0
2023-04-05 07:30:00+00:00,3.5,32.0,9.5,4.0
2023-04-05 07:40:00+00:00,3.5,31.0,9.5,4.1
2023-04-05 07:50:00+00:00,3.5,31.0,9.5,4.0
2023-04-05 08:00:00+00:00,3.5,35.0,9.5,4.1
2023-04-05 08:10:00+00:00,3.5,37.0,9.4,4.0
2023-04-05 08:20:00+00:00,3.6,42.0,9.4,4.0
2023-04-05 08:30:00+00:00,3.6,33.0,9.6,4.1
2023-04-05 08:40:00+00:00,3.6,32.0,8.9,4.0
2023-04-05 08:50:00+00:00,3.6,32.0,9.5,4.0
2023-04-05 09:00:00+00:00,3.7,31.0,9.5,4.0
2023-04-05 09:10:00+00:00,3.7,31.0,9.5,4.0
2023-04-05 09:20:00+00:00,3.8,31.0,9.5,4.1
2023-04-05 09:30:00+00:00,3.8,31.0,9.5,4.0
2023-04-05 09:40:00+00:00,3.9,30.0,9.6,4.0
2023-04-05 09:50:00+00:00,3.9,30.0,8.9,4.0
2023-04-05 10:00:00+00:00,4.0,30.0,9.6,4.0
2023-04-05 10:10:00+00:00,4.0,30.0,9.5,4.0
2023-04-05 10:20:00+00:00,4.0,30.0,9.5,4.0
2023-04-05 10:30:00+00:00,4.1,30.0,9.6,4.0
2023-04-05 10:40:00+00:00,4.1,30.0,9.5,4.0
2023-04-05 10:50:00+00:00,4.1,30.0,9.5,4.0
2023-04-05 11:00:00+00:00,4.1,30.0,9.5,4.0
2023-04-05 11:10:00+00:00,4.2,30.0,9.5,4.0
2023-04-05 11:20:00+00:00,4.2,30.0,9.5,4.0
2023-04-05 11:30:00+00:00,4.2,30.0,9.5,4.0
2023-04-05 11:40:00+00:00,4.3,30.0,9.5,4.0
2023-04-05 11:50:00+00:00,4.3,30.0,9.5,4.0
2023-04-05 12:00:00+00:00,4.3,29.0,9.5,4.0
2023-04-05 12:10:00+00:00,4.3,29.0,9.5,4.0
2023-04-05 12:20:00+00:00,4.3,29.0,9.5,4.0
2023-04-05 12:30:00+00:00,4.3,29.0,9.5,4.0
2023-04-05 12:40:00+00:00,4.4,29.0,9.5,4.0
2023-04-05 12:50:00+00:00,4.4,29.0,9.5,4.0
2023-04-05 13:00:00+00:00,4.4,29.0,9.5,4.0
2023-04-05 13:10:00+00:00,4.4,29.0,9.5,4.0
2023-04-05 13:20:00+00:00,4.4,29.0,9.5,4.0
2023-04-05 13:30:00+00:00,4.4,28.0,9.5,4.0
2023-04-05 13:40:00+00:00,4.4,28.0,9.5,4.0
2023-04-05 13:50:00+00:00,4.4,23.0,9.5,4.0
2023-04-05 14:00:00+00:00,4.4,23.0,9.5,4.0
2023-04-05 14:10:00+00:00,4.4,23.0,9.5,4.0
2023-04-05 14:20:00+00:00,4.4,23.0,9.5,4.0
2023-04-05 14:30:00+00:00,4.4,23.0,9.5,4.0
2023-04-05 14:40:00+00:00,4.4,23.0,9.4,4.0
2023-04-05 14:50:00+00:00,4.4,23.0,9.5,4.0
2023-04-05 15:00:00+00:00,4.4,23.0,9.5,4.0
2023-04-05 15:10:00+00:00,4.4,23.0,9.4,4.0
2023-04-05 15:20:00+00:00,4.3,23.0,9.4,4.0
2023-04-05 15:30:00+00:00,4.3,23.0,9.4,4.0
2023-04-05 15:40:00+00:00,4.3,23.0,9.4,4.0
2023-04-05 15:50:00+00:00,4.3,23.0,9.4,4.0
2023-04-05 16:00:00+00:00,4.3,23.0,9.4,4.0
2023-04-05 16:10:00+00:00,4.3,23.0,9.4,4.0
2023-04-05 16:20:00+00:00,4.3,23.0,9.4,4.0
2023-04-05 16:30:00+00:00,4.3,23.0,9.4,4.0
2023-04-05 16:40:00+00:00,4.3,23.0,9.4,4.0
2023-04-05 16:50:00+00:00,4.3,23.0,9.4,4.0
2023-04-05 17:00:00+00:00,4.3,23.0,9.4,4.0
2023-04-05 17:10:00+00:00,4.3,23.0,9.4,4.0
2023-04-05 17:20:00+00:00,4.3,23.0,9.4,3.5
2023-04-05 17:30:00+00:00,4.3,23.0,9.4,3.4
2023-04-05 17:40:00+00:00,4.3,23.0,9.4,2.7
2023-04-05 17:50:00+00:00,4.3,23.0,9.4,1.6
2023-04-05 18:00:00+00:00,4.3,23.0,9.4,0.9
2023-04-05 18:10:00+00:00,4.2,23.0,9.4,0.7
2023-04-05 18:20:00+00:00,4.3,23.0,9.4,0.7
2023-04-05 18:30:00+00:00,4.2,23.0,9.4,0.7
2023-04-05 18:40:00+00:00,4.2,23.0,9.4,0.6
2023-04-05 18:50:00+00:00,4.2,23.0,9.4,0.6
2023-04-05 19:00:00+00:00,4.2,23.0,9.4,0.7
2023-04-05 19:10:00+00:00,4.2,23.0,9.4,0.7
2023-04-05 19:20:00+00:00,4.1,23.0,9.4,0.7
2023-04-05 19:30:00+00:00,4.1,23.0,9.4,0.7
2023-04-05 19:40:00+00:00,4.1,23.0,9.4,0.7
2023-04-05 19:50:00+00:00,4.1,23.0,9.4,0.8
2023-04-05 20:00:00+00:00,4.1,23.0,9.4,0.7
2023-04-05 20:10:00+00:00,4.1,23.0,9.4,0.8
2023-04-05 20:20:00+00:00,4.1,23.0,9.4,0.6
2023-04-05 20:30:00+00:00,4.1,23.0,9.4,0.8
2023-04-05 20:40:00+00:00,4.1,23.0,9.4,0.8
2023-04-05 20:50:00+00:00,4.1,23.0,9.4,0.8
2023-04-05 21:00:00+00:00,4.0,22.0,9.4,0.8
2023-04-05 21:10:00+00:00,4.0,22.0,9.4,0.8
2023-04-05 21:20:00+00:00,4.0,22.0,9.4,0.8
2023-04-05 21:30:00+00:00,4.0,22.0,9.4,0.8
2023-04-05 21:40:00+00:00,4.0,23.0,9.4,0.7
2023-04-05 21:50:00+00:00,3.9,23.0,9.4,0.5
2023-04-05 22:00:00+00:00,3.9,22.0,9.4,0.7
2023-04-05 22:10:00+00:00,3.9,22.0,9.4,0.5
2023-04-05 22:20:00+00:00,3.882051282051282,22.025641025641026,9.397435897435898,0.5897435897435898
2023-04-05 22:30:00+00:00,3.864102564102564,22.05128205128205,9.394871794871795,0.6794871794871795
2023-04-05 22:40:00+00:00,3.8461538461538463,22.076923076923077,9.392307692307693,0.7692307692307692
2023-04-05 22:50:00+00:00,3.828205128205128,22.102564102564102,9.38974358974359,0.858974358974359
2023-04-05 23:00:00+00:00,3.81025641025641,22.128205128205128,9.387179487179488,0.9487179487179487
2023-04-05 23:10:00+00:00,3.792307692307692,22.153846153846153,9.384615384615385,1.0384615384615383
2023-04-05 23:20:00+00:00,3.7743589743589743,22.17948717948718,9.382051282051282,1.1282051282051282
2023-04-05 23:30:00+00:00,3.7564102564102564,22.205128205128204,9.37948717948718,1.217948717948718
2023-04-05 23:40:00+00:00,3.7384615384615385,22.23076923076923,9.376923076923077,1.3076923076923077
2023-04-05 23:50:00+00:00,3.7205128205128206,22.256410256410255,9.374358974358975,1.3974358974358974
2023-04-06 00:00:00+00:00,3.7025641025641027,22.28205128205128,9.371794871794872,1.4871794871794872
2023-04-06 00:10:00+00:00,3.684615384615385,22.307692307692307,9.36923076923077,1.5769230769230769
2023-04-06 00:20:00+00:00,3.6666666666666665,22.333333333333332,9.366666666666667,1.6666666666666667
2023-04-06 00:30:00+00:00,3.6487179487179486,22.358974358974358,9.364102564102565,1.7564102564102564
2023-04-06 00:40:00+00:00,3.6307692307692307,22.384615384615383,9.361538461538462,1.8461538461538463
2023-04-06 00:50:00+00:00,3.612820512820513,22.41025641025641,9.35897435897436,1.935897435897436
2023-04-06 01:00:00+00:00,3.594871794871795,22.435897435897434,9.356410256410257,2.0256410256410255
2023-04-06 01:10:00+00:00,3.576923076923077,22.46153846153846,9.353846153846154,2.1153846153846154
2023-04-06 01:20:00+00:00,3.558974358974359,22.487179487179485,9.351282051282052,2.2051282051282053
2023-04-06 01:30:00+00:00,3.541025641025641,22.51282051282051,9.34871794871795,2.2948717948717947
2023-04-06 01:40:00+00:00,3.523076923076923,22.53846153846154,9.346153846153847,2.3846153846153846
2023-04-06 01:50:00+00:00,3.505128205128205,22.564102564102566,9.343589743589744,2.4743589743589745
2023-04-06 02:00:00+00:00,3.4871794871794872,22.58974358974359,9.341025641025642,2.5641025641025643
2023-04-06 02:10:00+00:00,3.4692307692307693,22.615384615384617,9.338461538461539,2.6538461538461537
2023-04-06 02:20:00+00:00,,,,
2023-04-06 02:30:00+00:00,,,,
2023-04-06 02:40:00+00:00,,,,
2023-04-06 02:50:00+00:00,,,,
2023-04-06 03:00:00+00:00,,,,
2023-04-06 03:10:00+00:00,,,,
2023-04-06 03:20:00+00:00,,,,
2023-04-06 03:30:00+00:00,,,,
2023-04-06 03:40:00+00:00,,,,
2023-04-06 03:50:00+00:00,,,,
2023-04-06 04:00:00+00:00,,,,
2023-04-06 04:10:00+00:00,,,,
2023-04-06 04:20:00+00:00,,,,
2023-04-06 04:30:00+00:00,,,,
2023-04-06 04:40:00+00:00,3.2,23.0,9.3,4.0
2023-04-06 04:50:00+00:00,3.1,24.0,9.4,4.0
2023-04-06 05:00:00+00:00,3.1,23.0,9.4,4.0
2023-04-06 05:10:00+00:00,3.1,23.0,9.4,4.0
2023-04-06 05:20:00+00:00,3.1,23.0,9.5,4.0
2023-04-06 05:30:00+00:00,3.1,23.0,9.5,4.0
2023-04-06 05:40:00+00:00,3.1,23.0,9.5,4.0
2023-04-06 05:50:00+00:00,3.1,23.0,9.5,4.0
2023-04-06 06:00:00+00:00,3.1,23.0,9.1,4.0
2023-04-06 06:10:00+00:00,3.2,23.0,8.7,4.0
2023-04-06 06:20:00+00:00,3.1,23.0,8.5,4.0
2023-04-06 06:30:00+00:00,3.2,23.0,8.4,4.0
2023-04-06 06:40:00+00:00,3.2,23.0,8.4,4.1
2023-04-06 06:50:00+00:00,3.3,23.0,8.3,4.0
2023-04-06 07:00:00+00:00,3.3,22.0,8.3,4.0
2023-04-06 07:10:00+00:00,3.3,22.0,8.3,5.4
2023-04-06 07:20:00+00:00,3.3,22.0,8.3,5.9
2023-04-06 07:30:00+00:00,3.4,22.0,8.1,6.0
2023-04-06 07:40:00+00:00,3.5,22.0,7.9,6.0
2023-04-06 07:50:00+00:00,3.5,22.0,7.7,6.0
2023-04-06 08:00:00+00:00,3.6,22.0,7.6,5.3
2023-04-06 08:10:00+00:00,3.6,22.0,7.9,4.0
2023-04-06 08:20:00+00:00,3.7,22.0,8.3,4.0
2023-04-06 08:30:00+00:00,3.7,23.0,9.6,4.0
2023-04-06 08:40:00+00:00,3.8,23.0,9.5,4.0
2023-04-06 08:50:00+00:00,3.8,22.0,9.5,4.0
2023-04-06 09:00:00+00:00,3.9,22.0,9.5,6.6
2023-04-06 09:10:00+00:00,3.9,22.0,9.5,6.5
2023-04-06 09:20:00+00:00,4.0,22.0,9.6,6.2
2023-04-06 09:30:00+00:00,4.1,26.0,9.0,6.1
2023-04-06 09:40:00+00:00,4.1,23.0,8.2,6.2
2023-04-06 09:50:00+00:00,4.3,29.0,7.9,6.3
2023-04-06 10:00:00+00:00,4.3,22.0,8.3,5.2
2023-04-06 10:10:00+00:00,4.4,22.0,8.7,5.7
2023-04-06 10:20:00+00:00,4.5,22.0,8.9,5.9
2023-04-06 10:30:00+00:00,4.5,23.0,9.3,5.9
2023-04-06 10:40:00+00:00,4.6,24.0,9.6,6.4
2023-04-06 10:50:00+00:00,4.6,23.0,9.6,6.2
2023-04-06 11:00:00+00:00,4.7,23.0,9.6,6.3
2023-04-06 11:10:00+00:00,4.8,23.0,9.5,6.3
2023-04-06 11:20:00+00:00,4.8,22.0,9.4,6.1
2023-04-06 11:30:00+00:00,4.9,22.0,9.6,4.0
2023-04-06 11:40:00+00:00,4.9,22.0,9.6,5.4
2023-04-06 11:50:00+00:00,5.0,22.0,9.5,5.9
2023-04-06 12:00:00+00:00,5.0,22.0,9.5,4.9
2023-04-06 12:10:00+00:00,5.0,22.0,9.5,6.2
2023-04-06 12:20:00+00:00,5.0,23.0,9.5,4.0
2023-04-06 12:30:00+00:00,5.0,21.0,9.5,4.0
2023-04-06 12:40:00+00:00,5.0,21.0,9.5,4.0
2023-04-06 12:50:00+00:00,5.1,21.0,9.5,4.0
2023-04-06 13:00:00+00:00,5.1,21.0,9.5,4.0
2023-04-06 13:10:00+00:00,5.1,21.0,9.5,4.0
2023-04-06 13:20:00+00:00,5.1,21.0,9.5,4.0
2023-04-06 13:30:00+00:00,5.1,21.0,9.5,4.0
2023-04-06 13:40:00+00:00,5.1,21.0,9.5,4.0
2023-04-06 13:50:00+00:00,5.1,21.0,9.5,4.0
2023-04-06 14:00:00+00:00,5.1,21.0,9.5,4.0
2023-04-06 14:10:00+00:00,5.1,21.0,9.5,4.0
2023-04-06 14:20:00+00:00,5.1,21.0,9.5,4.0
2023-04-06 14:30:00+00:00,5.1,21.0,9.5,4.0
2023-04-06 14:40:00+00:00,5.1,21.0,9.5,4.0
2023-04-06 14:50:00+00:00,5.1,20.0,9.5,4.0
2023-04-06 15:00:00+00:00,5.1,21.0,9.5,4.0
2023-04-06 15:10:00+00:00,5.1,21.0,9.5,4.0
2023-04-06 15:20:00+00:00,5.1,25.0,9.5,4.0
2023-04-06 15:30:00+00:00,5.1,24.0,9.5,4.0
2023-04-06 15:40:00+00:00,5.1,21.0,9.5,4.0
2023-04-06 15:50:00+00:00,5.0,21.0,9.5,4.0
2023-04-06 16:00:00+00:00,5.0,21.0,9.5,4.0
2023-04-06 16:10:00+00:00,5.0,21.0,9.5,4.0
2023-04-06 16:20:00+00:00,5.0,20.0,9.5,4.0
2023-04-06 16:30:00+00:00,5.0,20.0,9.4,4.0
2023-04-06 16:40:00+00:00,5.0,20.0,9.4,4.0
2023-04-06 16:50:00+00:00,5.0,20.0,9.4,4.0
2023-04-06 17:00:00+00:00,5.0,20.0,9.4,3.8
2023-04-06 17:10:00+00:00,5.0,20.0,9.4,3.7
2023-04-06 17:20:00+00:00,5.0,20.0,9.4,3.6
2023-04-06 17:30:00+00:00,5.0,20.0,9.4,3.8
2023-04-06 17:40:00+00:00,4.9,20.0,9.4,2.6
2023-04-06 17:50:00+00:00,4.9,20.0,9.4,1.4
2023-04-06 18:00:00+00:00,4.9,20.0,9.4,0.9
2023-04-06 18:10:00+00:00,4.9,20.0,9.4,0.7
2023-04-06 18:20:00+00:00,4.9,20.0,9.4,0.7
2023-04-06 18:30:00+00:00,4.8,20.0,9.4,0.5
2023-04-06 18:40:00+00:00,4.8,20.0,9.4,0.7
2023-04-06 18:50:00+00:00,4.8,20.0,9.4,0.7
2023-04-06 19:00:00+00:00,4.8,20.0,9.4,0.7
2023-04-06 19:10:00+00:00,4.8,20.0,9.4,0.7
2023-04-06 19:20:00+00:00,4.8,21.0,9.4,0.7
2023-04-06 19:30:00+00:00,4.8,20.0,9.4,0.7
2023-04-06 19:40:00+00:00,4.8,21.0,9.4,0.7
2023-04-06 19:50:00+00:00,4.8,20.0,9.4,0.7
2023-04-06 20:00:00+00:00,4.7,20.0,9.4,0.7
2023-04-06 20:10:00+00:00,4.7,20.0,9.4,0.7
2023-04-06 20:20:00+00:00,4.7,20.0,9.4,0.7
2023-04-06 20:30:00+00:00,4.7,20.0,9.4,0.7
2023-04-06 20:40:00+00:00,4.7,20.0,9.4,0.7
2023-04-06 20:50:00+00:00,4.7,20.0,9.4,0.7
2023-04-06 21:00:00+00:00,4.6,21.0,9.4,0.7
2023-04-06 21:10:00+00:00,4.6,20.0,9.4,0.7
2023-04-06 21:20:00+00:00,4.6,21.0,9.4,0.7
2023-04-06 21:30:00+00:00,4.6,21.0,9.4,0.7
2023-04-06 21:40:00+00:00,4.6,21.0,9.4,0.7
2023-04-06 21:50:00+00:00,4.6,21.0,9.4,0.7
2023-04-06 22:00:00+00:00,4.6,20.0,9.4,0.7
2023-04-06 22:10:00+00:00,4.6,21.0,9.4,0.7
2023-04-06 22:20:00+00:00,4.6,21.0,9.4,0.7
2023-04-06 22:30:00+00:00,4.6,21.0,9.4,0.7
2023-04-06 22:40:00+00:00,4.6,21.0,9.4,0.7
2023-04-06 22:50:00+00:00,4.6,21.0,9.4,0.5
2023-04-06 23:00:00+00:00,4.6,21.0,9.4,0.7
2023-04-06 23:10:00+00:00,4.6,20.0,9.4,0.7
2023-04-06 23:20:00+00:00,4.6,20.0,9.4,0.7
2023-04-06 23:30:00+00:00,4.6,20.0,9.4,0.7
2023-04-06 23:40:00+00:00,4.6,20.0,9.4,0.7
2023-04-06 23:50:00+00:00,4.6,21.0,9.4,0.5
2023-04-07 00:00:00+00:00,4.6,21.0,9.4,0.7
2023-04-07 00:10:00+00:00,4.6,21.0,9.4,0.7
2023-04-07 00:20:00+00:00,4.6,21.0,9.4,0.7
2023-04-07 00:30:00+00:00,4.5,21.0,9.4,0.7
2023-04-07 00:40:00+00:00,4.5,21.0,9.4,0.7
2023-04-07 00:50:00+00:00,4.5,21.0,9.4,0.7
2023-04-07 01:00:00+00:00,4.6,21.0,9.4,0.7
2023-04-07 01:10:00+00:00,4.5,21.0,9.4,0.5
2023-04-07 01:20:00+00:00,4.5,21.0,9.4,0.7
2023-04-07 01:30:00+00:00,4.5,21.0,9.5,0.7
2023-04-07 01:40:00+00:00,4.6,21.0,9.4,0.7
2023-04-07 01:50:00+00:00,4.5,20.0,9.4,0.7
2023-04-07 02:00:00+00:00,4.5,21.0,9.5,0.7
2023-04-07 02:10:00+00:00,4.5,21.0,9.4,0.7
2023-04-07 02:20:00+00:00,4.5,21.0,9.4,0.7
2023-04-07 02:30:00+00:00,4.5,20.0,9.4,0.6
2023-04-07 02:40:00+00:00,4.5,20.0,9.4,0.7
2023-04-07 02:50:00+00:00,4.5,21.0,9.4,0.7
2023-04-07 03:00:00+00:00,4.5,20.0,9.4,0.7
2023-04-07 03:10:00+00:00,4.5,21.0,9.4,0.7
2023-04-07 03:20:00+00:00,4.5,21.0,9.4,0.7
2023-04-07 03:30:00+00:00,4.5,21.0,9.4,0.8
2023-04-07 03:40:00+00:00,4.5,21.0,9.5,1.4
2023-04-07 03:50:00+00:00,4.5,20.0,9.4,2.5
2023-04-07 04:00:00+00:00,4.5,21.0,9.5,2.9
2023-04-07 04:10:00+00:00,4.5,21.0,9.4,3.4
2023-04-07 04:20:00+00:00,4.5,21.0,9.4,3.4
2023-04-07 04:30:00+00:00,4.5,20.0,9.4,3.4
2023-04-07 04:40:00+00:00,4.6,20.0,9.4,4.0
2023-04-07 04:50:00+00:00,4.5,20.0,9.5,3.9
2023-04-07 05:00:00+00:00,4.5,20.0,9.4,4.0
2023-04-07 05:10:00+00:00,4.6,20.0,9.5,4.0
2023-04-07 05:20:00+00:00,4.5,20.0,9.4,4.0
2023-04-07 05:30:00+00:00,4.6,20.0,9.4,4.0
2023-04-07 05:40:00+00:00,4.6,20.0,9.5,4.0
2023-04-07 05:50:00+00:00,4.5,20.0,9.4,4.0
2023-04-07 06:00:00+00:00,4.5,20.0,9.5,4.0
2023-04-07 06:10:00+00:00,4.6,20.0,9.5,4.0
2023-04-07 06:20:00+00:00,4.6,20.0,9.5,4.0
2023-04-07 06:30:00+00:00,4.6,20.0,9.5,4.0
2023-04-07 06:40:00+00:00,4.6,20.0,9.5,4.0
2023-04-07 06:50:00+00:00,4.6,19.933333333333334,9.5,4.0
2023-04-07 07:00:00+00:00,4.6,19.866666666666667,9.5,4.0
2023-04-07 07:10:00+00:00,4.6,19.8,9.5,4.0
2023-04-07 07:20:00+00:00,4.6,19.733333333333334,9.5,4.0
2023-04-07 07:30:00+00:00,4.6,19.666666666666668,9.5,4.0
2023-04-07 07:40:00+00:00,4.6,19.6,9.5,4.0
2023-04-07 07:50:00+00:00,4.6,19.533333333333335,9.5,4.0
2023-04-07 08:00:00+00:00,4.6,19.466666666666665,9.5,4.0
2023-04-07 08:10:00+00:00,4.6,19.4,9.5,4.0
2023-04-07 08:20:00+00:00,4.6,19.333333333333332,9.5,4.0
2023-04-07 08:30:00+00:00,4.6,19.266666666666666,9.5,4.0
2023-04-07 08:40:00+00:00,4.6,19.2,9.5,4.0
2023-04-07 08:50:00+00:00,4.6,19.133333333333333,9.5,4.0
2023-04-07 09:00:00+00:00,4.6,19.066666666666666,9.5,4.0
2023-04-07 09:10:00+00:00,4.6,19.0,9.5,4.0
2023-04-07 09:20:00+00:00,4.65,19.0,9.5,4.0
2023-04-07 09:30:00+00:00,4.7,19.0,9.5,4.0
2023-04-07 09:40:00+00:00,4.7,18.0,9.5,4.0
2023-04-07 09:50:00+00:00,4.7,19.0,9.5,4.0
2023-04-07 10:00:00+00:00,4.7,19.0,9.5,4.0
2023-04-07 10:10:00+00:00,4.7,19.0,9.5,4.0
2023-04-07 10:20:00+00:00,4.8,19.0,9.5,4.0
2023-04-07 10:30:00+00:00,4.8,18.0,9.5,4.0
2023-04-07 10:40:00+00:00,4.8,19.0,9.5,4.0
2023-04-07 10:50:00+00:00,4.8,18.7,9.5,4.0
2023-04-07 11:00:00+00:00,4.803389830508475,18.69406779661017,9.5,4.0
2023-04-07 11:10:00+00:00,4.806779661016949,18.688135593220338,9.5,4.0
2023-04-07 11:20:00+00:00,4.810169491525423,18.68220338983051,9.5,4.0
2023-04-07 11:30:00+00:00,4.813559322033898,18.676271186440676,9.5,4.0
2023-04-07 11:40:00+00:00,4.816949152542373,18.670338983050847,9.5,4.0
2023-04-07 11:50:00+00:00,4.820338983050847,18.664406779661018,9.5,4.0
2023-04-07 12:00:00+00:00,4.823728813559322,18.658474576271185,9.5,4.0
2023-04-07 12:10:00+00:00,4.827118644067797,18.652542372881356,9.5,4.0
2023-04-07 12:20:00+00:00,4.830508474576271,18.646610169491524,9.5,4.0
2023-04-07 12:30:00+00:00,4.8338983050847455,18.640677966101695,9.5,4.0
2023-04-07 12:40:00+00:00,4.83728813559322,18.634745762711862,9.5,4.0
2023-04-07 12:50:00+00:00,4.840677966101695,18.628813559322033,9.5,4.0
2023-04-07 13:00:00+00:00,4.84406779661017,18.622881355932204,9.5,4.0
2023-04-07 13:10:00+00:00,4.847457627118644,18.61694915254237,9.5,4.0
2023-04-07 13:20:00+00:00,4.850847457627118,18.611016949152543,9.5,4.0
2023-04-07 13:30:00+00:00,4.854237288135593,18.60508474576271,9.5,4.0
2023-04-07 13:40:00+00:00,4.857627118644068,18.59915254237288,9.5,4.0
2023-04-07 13:50:00+00:00,4.861016949152543,18.593220338983052,9.5,4.0
2023-04-07 14:00:00+00:00,4.864406779661016,18.58728813559322,9.5,4.0
2023-04-07 14:10:00+00:00,4.867796610169491,18.58135593220339,9.5,4.0
2023-04-07 14:20:00+00:00,4.871186440677966,18.575423728813558,9.5,4.0
2023-04-07 14:30:00+00:00,4.874576271186441,18.56949152542373,9.5,4.0
2023-04-07 14:40:00+00:00,4.877966101694915,18.563559322033896,9.5,4.0
2023-04-07 14:50:00+00:00,4.88135593220339,18.557627118644067,9.5,4.0
2023-04-07 15:00:00+00:00,,,,
2023-04-07 15:10:00+00:00,,,,
2023-04-07 15:20:00+00:00,,,,
2023-04-07 15:30:00+00:00,,,,
2023-04-07 15:40:00+00:00,,,,
2023-04-07 15:50:00+00:00,,,,
2023-04-07 16:00:00+00:00,,,,
2023-04-07 16:10:00+00:00,,,,
2023-04-07 16:20:00+00:00,,,,
2023-04-07 16:30:00+00:00,,,,
2023-04-07 16:40:00+00:00,,,,
2023-04-07 16:50:00+00:00,,,,
2023-04-07 17:00:00+00:00,,,,
2023-04-07 17:10:00+00:00,,,,
2023-04-07 17:20:00+00:00,,,,
2023-04-07 17:30:00+00:00,,,,
2023-04-07 17:40:00+00:00,,,,
2023-04-07 17:50:00+00:00,,,,
2023-04-07 18:00:00+00:00,,,,
2023-04-07 18:10:00+00:00,,,,
2023-04-07 18:20:00+00:00,,,,
2023-04-07 18:30:00+00:00,,,,
2023-04-07 18:40:00+00:00,,,,
2023-04-07 18:50:00+00:00,,,,
2023-04-07 19:00:00+00:00,,,,
2023-04-07 19:10:00+00:00,,,,
2023-04-07 19:20:00+00:00,,,,
2023-04-07 19:30:00+00:00,,,,
2023-04-07 19:40:00+00:00,,,,
2023-04-07 19:50:00+00:00,,,,
2023-04-07 20:00:00+00:00,,,,
2023-04-07 20:10:00+00:00,,,,
2023-04-07 20:20:00+00:00,,,,
2023-04-07 20:30:00+00:00,,,,
2023-04-07 20:40:00+00:00,,,,
2023-04-07 20:50:00+00:00,,,,
2023-04-07 21:00:00+00:00,,,,
2023-04-07 21:10:00+00:00,,,,
2023-04-07 21:20:00+00:00,,,,
2023-04-07 21:30:00+00:00,,,,
2023-04-07 21:40:00+00:00,,,,
2023-04-07 21:50:00+00:00,,,,
2023-04-07 22:00:00+00:00,,,,
2023-04-07 22:10:00+00:00,,,,
2023-04-07 22:20:00+00:00,,,,
2023-04-07 22:30:00+00:00,,,,
2023-04-07 22:40:00+00:00,,,,
2023-04-07 22:50:00+00:00,,,,
2023-04-07 23:00:00+00:00,,,,
2023-04-07 23:10:00+00:00,,,,
2023-04-07 23:20:00+00:00,,,,
2023-04-07 23:30:00+00:00,,,,
2023-04-07 23:40:00+00:00,,,,
2023-04-07 23:50:00+00:00,,,,
2023-04-08 00:00:00+00:00,,,,
2023-04-08 00:10:00+00:00,,,,
2023-04-08 00:20:00+00:00,,,,
2023-04-08 00:30:00+00:00,,,,
2023-04-08 00:40:00+00:00,,,,
2023-04-08 00:50:00+00:00,,,,
2023-04-08 01:00:00+00:00,,,,
2023-04-08 01:10:00+00:00,,,,
2023-04-08 01:20:00+00:00,,,,
2023-04-08 01:30:00+00:00,,,,
2023-04-08 01:40:00+00:00,,,,
2023-04-08 01:50:00+00:00,,,,
2023-04-08 02:00:00+00:00,,,,
2023-04-08 02:10:00+00:00,,,,
2023-04-08 02:20:00+00:00,,,,
2023-04-08 02:30:00+00:00,,,,
2023-04-08 02:40:00+00:00,,,,
2023-04-08 02:50:00+00:00,,,,
2023-04-08 03:00:00+00:00,,,,
2023-04-08 03:10:00+00:00,,,,
2023-04-08 03:20:00+00:00,,,,
2023-04-08 03:30:00+00:00,,,,
2023-04-08 03:40:00+00:00,,,,
2023-04-08 03:50:00+00:00,,,,
2023-04-08 04:00:00+00:00,,,,
2023-04-08 04:10:00+00:00,,,,
2023-04-08 04:20:00+00:00,,,,
2023-04-08 04:30:00+00:00,,,,
2023-04-08 04:40:00+00:00,,,,
2023-04-08 04:50:00+00:00,,,,
2023-04-08 05:00:00+00:00,,,,
2023-04-08 05:10:00+00:00,,,,
2023-04-08 05:20:00+00:00,,,,
2023-04-08 05:30:00+00:00,,,,
2023-04-08 05:40:00+00:00,,,,
2023-04-08 05:50:00+00:00,,,,
2023-04-08 06:00:00+00:00,,,,
2023-04-08 06:10:00+00:00,,,,
2023-04-08 06:20:00+00:00,,,,
2023-04-08 06:30:00+00:00,5.2,18.0,9.5,4.0
2023-04-08 06:40:00+00:00,5.3,17.0,9.5,4.0
2023-04-08 06:50:00+00:00,5.3,17.0,9.5,4.0
2023-04-08 07:00:00+00:00,5.305343511450381,17.0,9.499236641221374,4.0
2023-04-08 07:10:00+00:00,5.310687022900763,17.0,9.498473282442749,4.0
2023-04-08 07:20:00+00:00,5.316030534351145,17.0,9.497709923664122,4.0
2023-04-08 07:30:00+00:00,5.321374045801527,17.0,9.496946564885496,4.0
2023-04-08 07:40:00+00:00,5.326717557251908,17.0,9.49618320610687,4.0
2023-04-08 07:50:00+00:00,5.33206106870229,17.0,9.495419847328245,4.0
2023-04-08 08:00:00+00:00,5.337404580152672,17.0,9.494656488549618,4.0
2023-04-08 08:10:00+00:00,5.342748091603053,17.0,9.493893129770992,4.0
2023-04-08 08:20:00+00:00,5.348091603053435,17.0,9.493129770992367,4.0
2023-04-08 08:30:00+00:00,5.353435114503816,17.0,9.492366412213741,4.0
2023-04-08 08:40:00+00:00,5.358778625954199,17.0,9.491603053435114,4.0
2023-04-08 08:50:00+00:00,5.36412213740458,17.0,9.490839694656488,4.0
2023-04-08 09:00:00+00:00,5.369465648854962,17.0,9.490076335877863,4.0
2023-04-08 09:10:00+00:00,5.374809160305343,17.0,9.489312977099237,4.0
2023-04-08 09:20:00+00:00,5.380152671755725,17.0,9.488549618320612,4.0
2023-04-08 09:30:00+00:00,5.385496183206107,17.0,9.487786259541984,4.0
2023-04-08 09:40:00+00:00,5.3908396946564885,17.0,9.487022900763359,4.0
2023-04-08 09:50:00+00:00,5.39618320610687,17.0,9.486259541984733,4.0
2023-04-08 10:00:00+00:00,5.4015267175572514,17.0,9.485496183206108,4.0
2023-04-08 10:10:00+00:00,5.406870229007634,17.0,9.48473282442748,4.0
2023-04-08 10:20:00+00:00,5.412213740458015,17.0,9.483969465648855,4.0
2023-04-08 10:30:00+00:00,5.417557251908397,17.0,9.48320610687023,4.0
2023-04-08 10:40:00+00:00,5.422900763358778,17.0,9.482442748091604,4.0
2023-04-08 10:50:00+00:00,5.42824427480916,17.0,9.481679389312978,4.0
2023-04-08 11:00:00+00:00,,,,
2023-04-08 11:10:00+00:00,,,,
2023-04-08 11:20:00+00:00,,,,
2023-04-08 11:30:00+00:00,,,,
2023-04-08 11:40:00+00:00,,,,
2023-04-08 11:50:00+00:00,,,,
2023-04-08 12:00:00+00:00,,,,
2023-04-08 12:10:00+00:00,,,,
2023-04-08 12:20:00+00:00,,,,
2023-04-08 12:30:00+00:00,,,,
2023-04-08 12:40:00+00:00,,,,
2023-04-08 12:50:00+00:00,,,,
2023-04-08 13:00:00+00:00,,,,
2023-04-08 13:10:00+00:00,,,,
2023-04-08 13:20:00+00:00,,,,
2023-04-08 13:30:00+00:00,,,,
2023-04-08 13:40:00+00:00,,,,
2023-04-08 13:50:00+00:00,,,,
2023-04-08 14:00:00+00:00,,,,
2023-04-08 14:10:00+00:00,,,,
2023-04-08 14:20:00+00:00,,,,
2023-04-08 14:30:00+00:00,,,,
2023-04-08 14:40:00+00:00,,,,
2023-04-08 14:50:00+00:00,,,,
2023-04-08 15:00:00+00:00,,,,
2023-04-08 15:10:00+00:00,,,,
2023-04-08 15:20:00+00:00,,,,
2023-04-08 15:30:00+00:00,,,,
2023-04-08 15:40:00+00:00,,,,
2023-04-08 15:50:00+00:00,,,,
2023-04-08 16:00:00+00:00,,,,
2023-04-08 16:10:00+00:00,,,,
2023-04-08 16:20:00+00:00,,,,
2023-04-08 16:30:00+00:00,,,,
2023-04-08 16:40:00+00:00,,,,
2023-04-08 16:50:00+00:00,,,,
2023-04-08 17:00:00+00:00,,,,
2023-04-08 17:10:00+00:00,,,,
2023-04-08 17:20:00+00:00,,,,
2023-04-08 17:30:00+00:00,,,,
2023-04-08 17:40:00+00:00,,,,
2023-04-08 17:50:00+00:00,,,,
2023-04-08 18:00:00+00:00,,,,
2023-04-08 18:10:00+00:00,,,,
2023-04-08 18:20:00+00:00,,,,
2023-04-08 18:30:00+00:00,,,,
2023-04-08 18:40:00+00:00,,,,
2023-04-08 18:50:00+00:00,,,,
2023-04-08 19:00:00+00:00,,,,
2023-04-08 19:10:00+00:00,,,,
2023-04-08 19:20:00+00:00,,,,
2023-04-08 19:30:00+00:00,,,,
2023-04-08 19:40:00+00:00,,,,
2023-04-08 19:50:00+00:00,,,,
2023-04-08 20:00:00+00:00,,,,
2023-04-08 20:10:00+00:00,,,,
2023-04-08 20:20:00+00:00,,,,
2023-04-08 20:30:00+00:00,,,,
2023-04-08 20:40:00+00:00,,,,
2023-04-08 20:50:00+00:00,,,,
2023-04-08 21:00:00+00:00,,,,
2023-04-08 21:10:00+00:00,,,,
2023-04-08 21:20:00+00:00,,,,
2023-04-08 21:30:00+00:00,,,,
2023-04-08 21:40:00+00:00,,,,
2023-04-08 21:50:00+00:00,,,,
2023-04-08 22:00:00+00:00,,,,
2023-04-08 22:10:00+00:00,,,,
2023-04-08 22:20:00+00:00,,,,
2023-04-08 22:30:00+00:00,,,,
2023-04-08 22:40:00+00:00,,,,
2023-04-08 22:50:00+00:00,,,,
2023-04-08 23:00:00+00:00,,,,
2023-04-08 23:10:00+00:00,,,,
2023-04-08 23:20:00+00:00,,,,
2023-04-08 23:30:00+00:00,,,,
2023-04-08 23:40:00+00:00,,,,
2023-04-08 23:50:00+00:00,,,,
2023-04-09 00:00:00+00:00,,,,
2023-04-09 00:10:00+00:00,,,,
2023-04-09 00:20:00+00:00,,,,
2023-04-09 00:30:00+00:00,,,,
2023-04-09 00:40:00+00:00,,,,
2023-04-09 00:50:00+00:00,,,,
2023-04-09 01:00:00+00:00,,,,
2023-04-09 01:10:00+00:00,,,,
2023-04-09 01:20:00+00:00,,,,
2023-04-09 01:30:00+00:00,,,,
2023-04-09 01:40:00+00:00,,,,
2023-04-09 01:50:00+00:00,,,,
2023-04-09 02:00:00+00:00,,,,
2023-04-09 02:10:00+00:00,,,,
2023-04-09 02:20:00+00:00,,,,
2023-04-09 02:30:00+00:00,,,,
2023-04-09 02:40:00+00:00,,,,
2023-04-09 02:50:00+00:00,,,,
2023-04-09 03:00:00+00:00,,,,
2023-04-09 03:10:00+00:00,,,,
2023-04-09 03:20:00+00:00,,,,
2023-04-09 03:30:00+00:00,,,,
2023-04-09 03:40:00+00:00,,,,
2023-04-09 03:50:00+00:00,,,,
2023-04-09 04:00:00+00:00,,,,
2023-04-09 04:10:00+00:00,,,,
2023-04-09 04:20:00+00:00,,,,
2023-04-09 04:30:00+00:00,,,,
2023-04-09 04:40:00+00:00,6.0,17.0,9.4,4.0
2023-04-09 04:50:00+00:00,6.0,17.0,9.5,4.0
2023-04-09 05:00:00+00:00,5.9,17.0,9.5,4.0
2023-04-09 05:10:00+00:00,5.9,17.0,9.5,4.0
2023-04-09 05:20:00+00:00,5.9,17.0,9.6,4.0
2023-04-09 05:30:00+00:00,5.9,17.0,9.6,4.0
2023-04-09 05:40:00+00:00,5.9,16.0,9.6,4.0
2023-04-09 05:50:00+00:00,5.9,16.0,9.7,4.0
2023-04-09 06:00:00+00:00,5.9,16.0,9.7,4.0
2023-04-09 06:10:00+00:00,5.9,16.0,9.7,4.0
2023-04-09 06:20:00+00:00,6.0,16.0,9.7,4.1
2023-04-09 06:30:00+00:00,6.0,16.0,9.7,4.0
2023-04-09 06:40:00+00:00,6.0,16.0,9.7,4.1
2023-04-09 06:50:00+00:00,6.0,16.0,9.7,4.0
2023-04-09 07:00:00+00:00,6.0,16.0,9.6,4.1
2023-04-09 07:10:00+00:00,6.0,16.0,9.6,4.0
2023-04-09 07:20:00+00:00,6.0,16.0,9.6,4.0
2023-04-09 07:30:00+00:00,6.1,16.0,9.6,4.0
2023-04-09 07:40:00+00:00,6.1,16.0,9.6,4.0
2023-04-09 07:50:00+00:00,6.1,16.0,9.6,4.0
2023-04-09 08:00:00+00:00,6.1,16.0,9.6,4.0
2023-04-09 08:10:00+00:00,6.1,16.0,9.6,4.0
2023-04-09 08:20:00+00:00,6.2,16.0,9.6,4.0
2023-04-09 08:30:00+00:00,6.2,16.0,9.6,4.1
2023-04-09 08:40:00+00:00,6.3,15.0,9.6,4.0
2023-04-09 08:50:00+00:00,6.3,15.0,9.6,4.0
2023-04-09 09:00:00+00:00,6.3,15.0,9.6,4.0
2023-04-09 09:10:00+00:00,6.4,15.0,9.6,4.0
2023-04-09 09:20:00+00:00,6.5,15.0,9.6,4.1
2023-04-09 09:30:00+00:00,6.5,15.0,9.7,4.0
2023-04-09 09:40:00+00:00,6.5,14.0,9.7,4.0
2023-04-09 09:50:00+00:00,6.6,14.0,9.7,4.0
2023-04-09 10:00:00+00:00,6.6,14.0,9.7,5.6
2023-04-09 10:10:00+00:00,6.7,14.0,9.7,6.1
2023-04-09 10:20:00+00:00,6.8,14.0,9.7,6.0
2023-04-09 10:30:00+00:00,6.8,14.0,9.7,5.9
2023-04-09 10:40:00+00:00,6.9,14.0,9.7,6.1
2023-04-09 10:50:00+00:00,7.0,14.0,9.7,5.7
2023-04-09 11:00:00+00:00,7.0,14.0,9.7,5.7
2023-04-09 11:10:00+00:00,7.1,14.0,9.7,6.0
2023-04-09 11:20:00+00:00,7.1,14.0,9.6,5.8
2023-04-09 11:30:00+00:00,7.2,14.0,9.6,6.1
2023-04-09 11:40:00+00:00,7.3,14.0,9.6,6.1
2023-04-09 11:50:00+00:00,7.3,14.0,9.6,6.0
2023-04-09 12:00:00+00:00,7.3,14.0,9.6,5.6
2023-04-09 12:10:00+00:00,7.3,14.0,9.6,4.4
2023-04-09 12:20:00+00:00,7.4,14.0,9.6,5.8
2023-04-09 12:30:00+00:00,7.4,14.0,9.6,4.0
2023-04-09 12:40:00+00:00,7.5,14.0,9.6,5.4
2023-04-09 12:50:00+00:00,7.5,15.0,9.6,4.4
2023-04-09 13:00:00+00:00,7.5,14.0,9.6,4.0
2023-04-09 13:10:00+00:00,7.5,14.0,9.6,4.0
2023-04-09 13:20:00+00:00,7.5,15.0,9.5,4.0
2023-04-09 13:30:00+00:00,7.5,14.0,9.6,4.0
2023-04-09 13:40:00+00:00,7.5,14.0,9.6,4.0
2023-04-09 13:50:00+00:00,7.5,14.0,9.5,4.0
2023-04-09 14:00:00+00:00,7.5,15.0,9.5,4.0
2023-04-09 14:10:00+00:00,7.5,14.0,9.5,4.0
2023-04-09 14:20:00+00:00,7.5,15.0,9.5,4.0
2023-04-09 14:30:00+00:00,7.5,15.0,9.5,4.0
2023-04-09 14:40:00+00:00,7.5,15.0,9.5,4.0
2023-04-09 14:50:00+00:00,7.5,15.0,9.5,4.0
2023-04-09 15:00:00+00:00,7.5,15.0,9.5,4.0
2023-04-09 15:10:00+00:00,7.5,15.0,9.5,4.0
2023-04-09 15:20:00+00:00,7.5,15.0,9.5,4.0
2023-04-09 15:30:00+00:00,7.4,15.0,9.5,4.0
2023-04-09 15:40:00+00:00,7.4,15.0,9.5,4.0
2023-04-09 15:50:00+00:00,7.4,15.0,9.5,4.0
2023-04-09 16:00:00+00:00,7.4,15.0,9.5,4.0
2023-04-09 16:10:00+00:00,7.3,15.0,9.5,4.0
2023-04-09 16:20:00+00:00,7.3,15.0,9.5,4.0
2023-04-09 16:30:00+00:00,7.3,15.0,9.5,4.0
2023-04-09 16:40:00+00:00,7.3,15.0,9.5,4.0
2023-04-09 16:50:00+00:00,7.3,16.0,9.5,4.0
2023-04-09 17:00:00+00:00,7.2,16.0,9.5,4.0
2023-04-09 17:10:00+00:00,7.2,16.0,9.5,4.0
2023-04-09 17:20:00+00:00,7.1,16.0,9.5,4.0
2023-04-09 17:30:00+00:00,7.1,16.0,9.5,3.8
2023-04-09 17:40:00+00:00,7.1,16.0,9.5,3.7
2023-04-09 17:50:00+00:00,7.1,16.0,9.5,2.6
2023-04-09 18:00:00+00:00,7.1,16.0,9.4,1.4
2023-04-09 18:10:00+00:00,7.0,16.0,9.5,0.9
2023-04-09 18:20:00+00:00,7.0,16.0,9.4,0.7
2023-04-09 18:30:00+00:00,7.0,16.0,9.5,0.7
2023-04-09 18:40:00+00:00,7.0,16.0,9.4,0.7
2023-04-09 18:50:00+00:00,6.9,16.0,9.4,0.7
2023-04-09 19:00:00+00:00,6.9,16.0,9.4,0.5
2023-04-09 19:10:00+00:00,6.8,16.0,9.4,0.6
2023-04-09 19:20:00+00:00,6.8,16.0,9.4,0.7
2023-04-09 19:30:00+00:00,6.8,17.0,9.4,0.6
2023-04-09 19:40:00+00:00,6.8,17.0,9.4,0.7
2023-04-09 19:50:00+00:00,6.7,17.0,9.4,0.5
2023-04-09 20:00:00+00:00,6.7,17.0,9.4,0.7
2023-04-09 20:10:00+00:00,6.6,17.0,9.4,0.7
2023-04-09 20:20:00+00:00,6.6,17.0,9.4,0.7
2023-04-09 20:30:00+00:00,6.6,17.0,9.4,0.7
2023-04-09 20:40:00+00:00,6.6,17.0,9.4,0.7
2023-04-09 20:50:00+00:00,6.5,18.0,9.4,0.7
2023-04-09 21:00:00+00:00,6.5,17.0,9.4,0.7
2023-04-09 21:10:00+00:00,6.5,17.0,9.4,0.7
2023-04-09 21:20:00+00:00,6.4,18.0,9.4,0.7
2023-04-09 21:30:00+00:00,6.4,18.0,9.4,0.6
2023-04-09 21:40:00+00:00,6.4,18.0,9.4,0.7
2023-04-09 21:50:00+00:00,6.3,17.0,9.4,0.7
2023-04-09 22:00:00+00:00,6.3,18.0,9.4,0.6
2023-04-09 22:10:00+00:00,6.3,17.0,9.4,0.7
2023-04-09 22:20:00+00:00,6.2,17.0,9.4,0.7
2023-04-09 22:30:00+00:00,6.2,18.0,9.4,0.7
2023-04-09 22:40:00+00:00,6.1,18.0,9.4,0.7
2023-04-09 22:50:00+00:00,6.1,18.0,9.4,0.6
2023-04-09 23:00:00+00:00,6.1,18.0,9.4,0.7
2023-04-09 23:10:00+00:00,6.0,19.0,9.4,0.7
2023-04-09 23:20:00+00:00,6.0,20.0,9.4,0.7
2023-04-09 23:30:00+00:00,6.0,20.0,9.4,0.7
2023-04-09 23:40:00+00:00,6.0,21.0,9.4,0.5
2023-04-09 23:50:00+00:00,5.9,22.0,9.4,0.7
2023-04-10 00:00:00+00:00,5.9,21.0,9.4,0.7
2023-04-10 00:10:00+00:00,5.8,22.0,9.4,0.7
2023-04-10 00:20:00+00:00,5.8,22.0,9.4,0.7
2023-04-10 00:30:00+00:00,5.8,22.0,9.4,0.7
2023-04-10 00:40:00+00:00,5.8,22.0,9.4,0.7
2023-04-10 00:50:00+00:00,5.7,22.0,9.4,0.7
2023-04-10 01:00:00+00:00,5.7,22.0,9.4,0.7
2023-04-10 01:10:00+00:00,5.6,22.0,9.4,0.7
2023-04-10 01:20:00+00:00,5.6,22.0,9.4,0.7
2023-04-10 01:30:00+00:00,5.6,22.0,9.4,0.7
2023-04-10 01:40:00+00:00,5.6,23.0,9.4,0.7
2023-04-10 01:50:00+00:00,5.6,23.0,9.4,0.6
2023-04-10 02:00:00+00:00,5.5,23.0,9.4,0.6
2023-04-10 02:10:00+00:00,5.5,22.0,9.4,0.7
2023-04-10 02:20:00+00:00,5.5,23.0,9.4,0.7
2023-04-10 02:30:00+00:00,5.5,31.0,9.4,0.7
2023-04-10 02:40:00+00:00,5.4,22.0,9.4,0.7
2023-04-10 02:50:00+00:00,5.4,23.0,9.4,0.7
2023-04-10 03:00:00+00:00,5.4,23.0,9.4,0.8
2023-04-10 03:10:00+00:00,5.3,22.0,9.4,1.0
2023-04-10 03:20:00+00:00,5.3,22.0,9.4,1.7
2023-04-10 03:30:00+00:00,5.3,22.0,9.4,2.9
2023-04-10 03:40:00+00:00,5.3,22.0,9.4,3.4
2023-04-10 03:50:00+00:00,5.3,22.0,9.4,4.0
2023-04-10 04:00:00+00:00,5.2,22.0,9.4,4.0
2023-04-10 04:10:00+00:00,5.2,23.0,9.4,4.0
2023-04-10 04:20:00+00:00,5.2,23.0,9.4,4.0
2023-04-10 04:30:00+00:00,5.1,23.0,9.4,4.0
2023-04-10 04:40:00+00:00,5.1,22.0,9.4,4.0
2023-04-10 04:50:00+00:00,5.1,22.0,9.4,4.0
2023-04-10 05:00:00+00:00,5.1,22.0,9.5,4.0
2023-04-10 05:10:00+00:00,5.1,22.0,9.5,4.1
2023-04-10 05:20:00+00:00,5.1,22.0,9.6,4.0
2023-04-10 05:30:00+00:00,5.1,22.0,9.6,4.0
2023-04-10 05:40:00+00:00,5.1,22.0,9.7,4.1
2023-04-10 05:50:00+00:00,5.1,22.0,9.7,4.0
2023-04-10 06:00:00+00:00,5.1,22.0,9.7,4.0
2023-04-10 06:10:00+00:00,5.1,18.0,9.7,4.1
2023-04-10 06:20:00+00:00,5.2,18.0,9.5,4.0
2023-04-10 06:30:00+00:00,5.3,18.0,9.3,4.0
2023-04-10 06:40:00+00:00,5.3,17.0,9.1,4.1
2023-04-10 06:50:00+00:00,5.3,17.0,9.1,5.6
2023-04-10 07:00:00+00:00,5.3,17.0,8.9,5.8
2023-04-10 07:10:00+00:00,5.4,17.0,8.8,5.9
2023-04-10 07:20:00+00:00,5.5,17.0,8.6,6.0
2023-04-10 07:30:00+00:00,5.5,17.0,8.4,6.0
2023-04-10 07:40:00+00:00,5.6,17.0,8.3,6.0
2023-04-10 07:50:00+00:00,5.6,17.0,8.2,6.0
2023-04-10 08:00:00+00:00,5.7,17.0,8.1,6.0
2023-04-10 08:10:00+00:00,5.8,17.0,8.0,6.0
2023-04-10 08:20:00+00:00,5.9,16.0,8.0,6.0
2023-04-10 08:30:00+00:00,6.0,16.0,7.9,6.0
2023-04-10 08:40:00+00:00,6.1,21.0,8.0,6.0
2023-04-10 08:50:00+00:00,6.2,25.0,8.0,6.0
2023-04-10 09:00:00+00:00,6.3,16.0,7.9,6.0
2023-04-10 09:10:00+00:00,6.5,16.0,8.0,6.0
2023-04-10 09:20:00+00:00,6.6,18.0,8.0,6.0
2023-04-10 09:30:00+00:00,6.7,16.0,8.0,6.0
2023-04-10 09:40:00+00:00,6.8,16.0,8.1,6.0
2023-04-10 09:50:00+00:00,7.0,15.0,8.1,6.0
2023-04-10 10:00:00+00:00,7.1,15.0,8.2,6.0
2023-04-10 10:10:00+00:00,7.3,15.0,8.4,6.0
2023-04-10 10:20:00+00:00,7.5,14.0,8.5,6.0
2023-04-10 10:30:00+00:00,7.6,14.0,8.7,6.0
2023-04-10 10:40:00+00:00,7.8,14.0,8.9,6.1
2023-04-10 10:50:00+00:00,7.9,14.0,9.1,6.1
2023-04-10 11:00:00+00:00,8.0,14.0,9.3,6.0
2023-04-10 11:10:00+00:00,8.1,14.0,9.4,6.1
2023-04-10 11:20:00+00:00,8.2,15.0,9.6,6.1
2023-04-10 11:30:00+00:00,8.3,15.0,9.8,6.0
2023-04-10 11:40:00+00:00,8.4,15.0,9.7,5.6
2023-04-10 11:50:00+00:00,8.5,15.0,9.7,5.3
2023-04-10 12:00:00+00:00,8.5,16.0,9.6,4.0
2023-04-10 12:10:00+00:00,8.6,16.0,9.6,4.0
2023-04-10 12:20:00+00:00,8.6,16.0,9.6,4.0
2023-04-10 12:30:00+00:00,8.6,16.0,9.6,4.0
2023-04-10 12:40:00+00:00,8.7,16.0,9.6,4.0
2023-04-10 12:50:00+00:00,8.7,16.0,9.6,4.0
2023-04-10 13:00:00+00:00,8.8,16.0,9.6,4.0
2023-04-10 13:10:00+00:00,8.8,16.0,9.6,4.0
2023-04-10 13:20:00+00:00,8.8,16.0,9.6,4.0
2023-04-10 13:30:00+00:00,8.8,17.0,9.6,4.0
2023-04-10 13:40:00+00:00,8.8,16.0,9.6,4.0
2023-04-10 13:50:00+00:00,8.8,17.0,9.5,4.0
2023-04-10 14:00:00+00:00,8.7,17.0,9.5,4.0
2023-04-10 14:10:00+00:00,8.7,17.0,9.5,4.0
2023-04-10 14:20:00+00:00,8.7,17.0,9.5,4.0
2023-04-10 14:30:00+00:00,8.7,17.0,9.5,4.0
2023-04-10 14:40:00+00:00,8.6,17.0,9.5,4.0
2023-04-10 14:50:00+00:00,8.6,17.0,9.5,4.0
2023-04-10 15:00:00+00:00,8.6,17.0,9.5,4.0
2023-04-10 15:10:00+00:00,8.6,17.0,9.5,4.0
2023-04-10 15:20:00+00:00,8.6,17.0,9.5,4.0
2023-04-10 15:30:00+00:00,8.6,17.0,9.5,4.0
2023-04-10 15:40:00+00:00,8.6,17.0,9.5,4.0
2023-04-10 15:50:00+00:00,8.5,17.0,9.5,4.0
2023-04-10 16:00:00+00:00,8.5,17.0,9.5,4.0
2023-04-10 16:10:00+00:00,8.5,17.0,9.5,4.0
2023-04-10 16:20:00+00:00,8.5,17.0,9.5,4.0
2023-04-10 16:30:00+00:00,8.4,17.0,9.5,4.0
2023-04-10 16:40:00+00:00,8.4,17.0,9.5,4.0
2023-04-10 16:50:00+00:00,8.3,17.0,9.5,4.0
2023-04-10 17:00:00+00:00,8.3,18.0,9.5,4.0
2023-04-10 17:10:00+00:00,8.3,17.0,9.5,4.0
2023-04-10 17:20:00+00:00,8.3,18.0,9.5,3.9
2023-04-10 17:30:00+00:00,8.3,18.0,9.5,3.7
2023-04-10 17:40:00+00:00,8.2,17.0,9.5,3.1
2023-04-10 17:50:00+00:00,8.1,17.0,9.5,2.1
2023-04-10 18:00:00+00:00,8.1,17.0,9.5,1.1
2023-04-10 18:10:00+00:00,8.1,17.0,9.5,0.6
2023-04-10 18:20:00+00:00,8.1,18.0,9.5,0.7
2023-04-10 18:30:00+00:00,8.0,18.0,9.5,0.7
2023-04-10 18:40:00+00:00,8.0,18.0,9.5,0.6
2023-04-10 18:50:00+00:00,8.0,18.0,9.5,0.6
2023-04-10 19:00:00+00:00,7.9,18.0,9.4,0.5
2023-04-10 19:10:00+00:00,7.9,18.0,9.4,0.7
2023-04-10 19:20:00+00:00,7.8,18.0,9.4,0.5
2023-04-10 19:30:00+00:00,7.8,18.0,9.4,0.6
2023-04-10 19:40:00+00:00,7.8,18.0,9.5,0.6
2023-04-10 19:50:00+00:00,7.8,18.0,9.4,0.6
2023-04-10 20:00:00+00:00,7.7,18.0,9.4,0.6
2023-04-10 20:10:00+00:00,7.6,18.0,9.5,0.6
2023-04-10 20:20:00+00:00,7.6,18.0,9.4,0.7
2023-04-10 20:30:00+00:00,7.6,18.0,9.4,0.6
2023-04-10 20:40:00+00:00,7.6,18.0,9.4,0.7
2023-04-10 20:50:00+00:00,7.5,19.0,9.4,0.6
2023-04-10 21:00:00+00:00,7.5,19.0,9.4,0.6
2023-04-10 21:10:00+00:00,7.5,19.0,9.4,0.6
2023-04-10 21:20:00+00:00,7.4,19.0,9.4,0.6
2023-04-10 21:30:00+00:00,7.4,19.0,9.4,0.6
2023-04-10 21:40:00+00:00,7.3,19.0,9.4,0.6
2023-04-10 21:50:00+00:00,7.3,19.0,9.4,0.6
2023-04-10 22:00:00+00:00,7.3,19.0,9.4,0.6
2023-04-10 22:10:00+00:00,7.3,19.0,9.4,0.6
2023-04-10 22:20:00+00:00,7.2,19.0,9.4,0.6
2023-04-10 22:30:00+00:00,7.1,19.0,9.4,0.6
2023-04-10 22:40:00+00:00,7.1,18.0,9.4,0.6
2023-04-10 22:50:00+00:00,7.1,19.0,9.4,0.6
2023-04-10 23:00:00+00:00,7.1,19.0,9.4,0.6
2023-04-10 23:10:00+00:00,7.1,19.0,9.4,0.6
2023-04-10 23:20:00+00:00,7.0,19.0,9.4,0.6
2023-04-10 23:30:00+00:00,7.0,19.0,9.4,0.6
2023-04-10 23:40:00+00:00,7.0,19.0,9.4,0.6
2023-04-10 23:50:00+00:00,7.0,19.0,9.4,0.4
2023-04-11 00:00:00+00:00,6.9,19.0,9.4,0.6
2023-04-11 00:10:00+00:00,6.9,19.0,9.4,0.6
2023-04-11 00:20:00+00:00,6.8,19.0,9.4,0.6
2023-04-11 00:30:00+00:00,6.8,19.0,9.4,0.6
2023-04-11 00:40:00+00:00,6.8,19.0,9.4,0.6
2023-04-11 00:50:00+00:00,6.8,19.0,9.4,0.6
2023-04-11 01:00:00+00:00,6.8,19.0,9.4,0.7
2023-04-11 01:10:00+00:00,6.7,19.0,9.4,0.6
2023-04-11 01:20:00+00:00,6.7,19.0,9.4,0.6
2023-04-11 01:30:00+00:00,6.6,19.0,9.4,0.5
2023-04-11 01:40:00+00:00,6.6,19.0,9.4,0.6
2023-04-11 01:50:00+00:00,6.6,19.0,9.4,0.6
2023-04-11 02:00:00+00:00,6.6,20.0,9.4,0.6
2023-04-11 02:10:00+00:00,6.6,19.0,9.4,0.6
2023-04-11 02:20:00+00:00,6.6,19.0,9.4,0.6
2023-04-11 02:30:00+00:00,6.5,20.0,9.4,0.6
2023-04-11 02:40:00+00:00,6.5,20.0,9.4,0.6
2023-04-11 02:50:00+00:00,6.5,20.0,9.4,0.7
2023-04-11 03:00:00+00:00,6.5,20.0,9.4,0.8
2023-04-11 03:10:00+00:00,6.5,20.0,9.4,1.0
2023-04-11 03:20:00+00:00,6.5,20.0,9.4,1.8
2023-04-11 03:30:00+00:00,6.4,20.0,9.4,3.1
2023-04-11 03:40:00+00:00,6.4,20.0,9.4,4.0
2023-04-11 03:50:00+00:00,6.3,20.0,9.4,4.0
2023-04-11 04:00:00+00:00,6.3,20.0,9.4,4.0
2023-04-11 04:10:00+00:00,6.3,20.0,9.4,4.0
2023-04-11 04:20:00+00:00,6.3,20.0,9.4,4.0
2023-04-11 04:30:00+00:00,6.3,20.0,9.5,4.0
2023-04-11 04:40:00+00:00,6.3,20.0,9.5,4.0
2023-04-11 04:50:00+00:00,6.3,20.0,9.5,4.0
2023-04-11 05:00:00+00:00,6.3,20.0,9.5,4.0
2023-04-11 05:10:00+00:00,6.3,20.0,9.6,4.0
2023-04-11 05:20:00+00:00,6.3,20.0,9.6,4.0
2023-04-11 05:30:00+00:00,6.3,20.0,9.6,4.0
2023-04-11 05:40:00+00:00,6.3,20.0,9.6,4.0
2023-04-11 05:50:00+00:00,6.3,20.0,9.6,4.0
2023-04-11 06:00:00+00:00,6.3,19.0,9.7,4.0
2023-04-11 06:10:00+00:00,6.4,19.0,9.7,4.0
2023-04-11 06:20:00+00:00,6.4,19.0,9.7,4.0
2023-04-11 06:30:00+00:00,6.5,19.0,9.5,4.1
2023-04-11 06:40:00+00:00,6.5,19.0,9.6,4.0
2023-04-11 06:50:00+00:00,6.5,19.0,9.7,4.0
2023-04-11 07:00:00+00:00,6.6,18.0,9.7,4.0
2023-04-11 07:10:00+00:00,6.6,18.0,9.5,4.0
2023-04-11 07:20:00+00:00,6.6,18.0,9.2,4.1
2023-04-11 07:30:00+00:00,6.8,18.0,9.1,4.0
2023-04-11 07:40:00+00:00,6.8,18.0,8.8,4.1
2023-04-11 07:50:00+00:00,6.8,18.0,8.8,4.1
2023-04-11 08:00:00+00:00,6.9,17.0,9.3,4.1
2023-04-11 08:10:00+00:00,7.0,17.0,9.7,4.0
2023-04-11 08:20:00+00:00,7.1,17.0,9.7,4.0
2023-04-11 08:30:00+00:00,7.1,17.0,9.6,5.8
2023-04-11 08:40:00+00:00,7.2,17.0,9.3,4.0
2023-04-11 08:50:00+00:00,7.3,16.0,9.7,4.1
2023-04-11 09:00:00+00:00,7.3,16.0,9.7,6.1
2023-04-11 09:10:00+00:00,7.5,16.0,9.7,6.0
2023-04-11 09:20:00+00:00,7.6,15.0,8.8,6.1
2023-04-11 09:30:00+00:00,7.6,15.0,8.4,6.1
2023-04-11 09:40:00+00:00,7.8,15.0,8.0,5.8
2023-04-11 09:50:00+00:00,7.8,15.0,8.4,6.0
2023-04-11 10:00:00+00:00,8.0,15.0,9.3,6.1
2023-04-11 10:10:00+00:00,8.0,15.0,9.7,6.2
2023-04-11 10:20:00+00:00,8.1,15.0,9.7,6.0
2023-04-11 10:30:00+00:00,8.1,15.0,9.5,5.2
2023-04-11 10:40:00+00:00,8.3,15.0,9.7,5.3
2023-04-11 10:50:00+00:00,8.3,15.0,9.7,5.7
2023-04-11 11:00:00+00:00,8.4,15.0,9.7,6.1
2023-04-11 11:10:00+00:00,9.0,10.0,9.7,6.0
2023-04-11 11:20:00+00:00,9.1,10.0,9.7,6.1
2023-04-11 11:30:00+00:00,9.2,10.0,9.7,6.0
2023-04-11 11:40:00+00:00,9.3,10.0,9.7,5.5
2023-04-11 11:50:00+00:00,9.3,10.0,9.7,5.7
2023-04-11 12:00:00+00:00,9.3,10.0,9.7,5.6
2023-04-11 12:10:00+00:00,9.4,10.0,9.7,5.6
2023-04-11 12:20:00+00:00,9.5,11.0,9.7,5.8
2023-04-11 12:30:00+00:00,9.4,11.0,9.7,5.7
2023-04-11 12:40:00+00:00,9.4,10.0,9.7,5.6
2023-04-11 12:50:00+00:00,9.5,10.0,9.7,4.0
2023-04-11 13:00:00+00:00,9.5,11.0,9.7,4.0
2023-04-11 13:10:00+00:00,9.5,11.0,9.6,4.0
2023-04-11 13:20:00+00:00,9.5,11.0,9.6,4.0
2023-04-11 13:30:00+00:00,9.5,11.0,9.6,4.0
2023-04-11 13:40:00+00:00,9.6,11.0,9.6,4.0
2023-04-11 13:50:00+00:00,9.6,11.0,9.6,4.0
2023-04-11 14:00:00+00:00,9.5,11.0,9.6,4.0
2023-04-11 14:10:00+00:00,9.6,11.0,9.6,4.0
2023-04-11 14:20:00+00:00,9.5,11.0,9.6,4.0
2023-04-11 14:30:00+00:00,9.6,11.0,9.6,4.0
2023-04-11 14:40:00+00:00,9.5,11.0,9.6,4.0
2023-04-11 14:50:00+00:00,9.5,11.0,9.6,4.0
2023-04-11 15:00:00+00:00,9.5,11.0,9.6,4.0
2023-04-11 15:10:00+00:00,9.5,11.0,9.6,4.0
2023-04-11 15:20:00+00:00,9.5,11.0,9.6,4.0
2023-04-11 15:30:00+00:00,9.5,11.0,9.6,4.0
2023-04-11 15:40:00+00:00,9.5,11.0,9.6,4.0
2023-04-11 15:50:00+00:00,9.5,11.0,9.6,4.0
2023-04-11 16:00:00+00:00,9.5,11.0,9.6,4.0
2023-04-11 16:10:00+00:00,9.5,11.0,9.6,4.0
2023-04-11 16:20:00+00:00,9.4,11.0,9.6,4.0
2023-04-11 16:30:00+00:00,9.4,12.0,9.5,4.0
2023-04-11 16:40:00+00:00,9.3,12.0,9.5,4.0
2023-04-11 16:50:00+00:00,9.3,12.0,9.5,3.9
2023-04-11 17:00:00+00:00,9.3,12.0,9.5,3.8
2023-04-11 17:10:00+00:00,9.3,12.0,9.5,3.2
2023-04-11 17:20:00+00:00,9.2,12.0,9.5,3.3
2023-04-11 17:30:00+00:00,9.2,12.0,9.5,2.1
2023-04-11 17:40:00+00:00,9.1,12.0,9.5,2.2
2023-04-11 17:50:00+00:00,9.1,12.0,9.5,1.6
2023-04-11 18:00:00+00:00,9.05,12.0,9.5,0.85
2023-04-11 18:10:00+00:00,9.0,12.0,9.5,0.7
2023-04-11 18:20:00+00:00,9.0,12.0,9.5,0.7
2023-04-11 18:30:00+00:00,8.9,12.0,9.5,0.6
2023-04-11 18:40:00+00:00,8.9,12.0,9.5,0.6
2023-04-11 18:50:00+00:00,8.8,12.0,9.5,0.6
2023-04-11 19:00:00+00:00,8.8,12.0,9.5,0.6
2023-04-11 19:10:00+00:00,8.8,12.0,9.5,0.6
2023-04-11 19:20:00+00:00,8.7,12.0,9.5,0.6
2023-04-11 19:30:00+00:00,8.7,12.0,9.5,0.6
2023-04-11 19:40:00+00:00,8.6,12.0,9.5,0.7
2023-04-11 19:50:00+00:00,8.6,13.0,9.5,0.6
2023-04-11 20:00:00+00:00,8.6,12.0,9.5,0.6
2023-04-11 20:10:00+00:00,8.5,12.0,9.5,0.6
2023-04-11 20:20:00+00:00,8.5,13.0,9.5,0.6
2023-04-11 20:30:00+00:00,8.5,13.0,9.5,0.6
2023-04-11 20:40:00+00:00,8.5,13.0,9.5,0.6
2023-04-11 20:50:00+00:00,8.4,13.0,9.5,0.7
2023-04-11 21:00:00+00:00,8.4,13.0,9.5,0.6
2023-04-11 21:10:00+00:00,8.3,14.0,9.5,0.6
2023-04-11 21:20:00+00:00,8.3,14.0,9.5,0.6
2023-04-11 21:30:00+00:00,8.3,14.0,9.5,0.6
2023-04-11 21:40:00+00:00,8.3,15.0,9.5,0.6
2023-04-11 21:50:00+00:00,8.2,15.0,9.5,0.6
2023-04-11 22:00:00+00:00,8.2,16.0,9.5,0.6
2023-04-11 22:10:00+00:00,8.1,16.0,9.5,0.6
2023-04-11 22:20:00+00:00,8.1,16.0,9.5,0.6
2023-04-11 22:30:00+00:00,8.1,17.0,9.5,0.6
2023-04-11 22:40:00+00:00,8.1,17.0,9.5,0.6
2023-04-11 22:50:00+00:00,8.1,17.0,9.5,0.6
2023-04-11 23:00:00+00:00,8.0,17.0,9.5,0.6
2023-04-11 23:10:00+00:00,8.0,17.0,9.5,0.6
2023-04-11 23:20:00+00:00,8.0,17.0,9.5,0.7
2023-04-11 23:30:00+00:00,8.0,17.0,9.5,0.6
2023-04-11 23:40:00+00:00,8.0,17.0,9.5,0.6
2023-04-11 23:50:00+00:00,8.0,17.0,9.5,0.6
2023-04-12 00:00:00+00:00,7.9,17.0,9.5,0.4
2023-04-12 00:10:00+00:00,7.9,17.0,9.5,0.5
2023-04-12 00:20:00+00:00,7.9,17.0,9.5,0.6
2023-04-12 00:30:00+00:00,7.8,17.0,9.5,0.6
2023-04-12 00:40:00+00:00,7.8,18.0,9.5,0.6
2023-04-12 00:50:00+00:00,7.8,17.0,9.5,0.6
2023-04-12 01:00:00+00:00,7.8,18.0,9.5,0.6
2023-04-12 01:10:00+00:00,7.8,17.0,9.5,0.6
2023-04-12 01:20:00+00:00,7.8,17.0,9.5,0.5
2023-04-12 01:30:00+00:00,7.7,17.0,9.5,0.5
2023-04-12 01:40:00+00:00,7.7,18.0,9.5,0.6
2023-04-12 01:50:00+00:00,7.7,18.0,9.5,0.5
2023-04-12 02:00:00+00:00,7.6,18.0,9.5,0.6
2023-04-12 02:10:00+00:00,7.6,18.0,9.5,0.5
2023-04-12 02:20:00+00:00,7.6,18.0,9.5,0.5
2023-04-12 02:30:00+00:00,7.6,18.0,9.5,0.55
2023-04-12 02:40:00+00:00,7.6,18.0,9.5,0.6
2023-04-12 02:50:00+00:00,7.6,18.0,9.5,0.6
2023-04-12 03:00:00+00:00,7.6,17.0,9.5,0.6
2023-04-12 03:10:00+00:00,7.6,18.0,9.5,0.7
2023-04-12 03:20:00+00:00,7.6,18.0,9.5,0.7
2023-04-12 03:30:00+00:00,7.6,17.0,9.5,0.7
2023-04-12 03:40:00+00:00,7.5,18.0,9.5,1.4
2023-04-12 03:50:00+00:00,7.5,18.0,9.5,1.9
2023-04-12 04:00:00+00:00,7.5,18.0,9.5,2.5
2023-04-12 04:10:00+00:00,7.5,18.0,9.5,3.4
2023-04-12 04:20:00+00:00,7.5,18.0,9.5,4.0
2023-04-12 04:30:00+00:00,7.5,18.0,9.5,4.0
2023-04-12 04:40:00+00:00,7.5,18.0,9.5,4.0
2023-04-12 04:50:00+00:00,7.5,18.0,9.5,4.0
2023-04-12 05:00:00+00:00,7.5,18.0,9.5,4.0
2023-04-12 05:10:00+00:00,7.5,18.0,9.5,4.0
2023-04-12 05:20:00+00:00,7.5,18.0,9.5,4.0
2023-04-12 05:30:00+00:00,7.5,18.0,9.5,4.0
2023-04-12 05:40:00+00:00,7.5,18.0,9.5,4.0
2023-04-12 05:50:00+00:00,7.5,20.0,9.5,4.0
2023-04-12 06:00:00+00:00,7.5,18.0,9.5,4.0
2023-04-12 06:10:00+00:00,7.5,17.0,9.6,4.0
2023-04-12 06:20:00+00:00,7.5,18.0,9.6,4.0
2023-04-12 06:30:00+00:00,7.5,18.0,9.5,4.0
2023-04-12 06:40:00+00:00,7.5,17.0,9.5,4.0
2023-04-12 06:50:00+00:00,7.6,17.0,9.5,4.0
2023-04-12 07:00:00+00:00,7.6,17.0,9.5,4.0
2023-04-12 07:10:00+00:00,7.6,17.0,9.5,4.0
2023-04-12 07:20:00+00:00,7.6,17.0,9.5,4.0
2023-04-12 07:30:00+00:00,7.6,17.0,9.5,4.0
2023-04-12 07:40:00+00:00,7.7,17.0,9.5,4.0
2023-04-12 07:50:00+00:00,7.8,17.0,9.5,4.0
2023-04-12 08:00:00+00:00,7.8,17.0,9.6,4.0
2023-04-12 08:10:00+00:00,7.8,17.0,9.6,4.0
2023-04-12 08:20:00+00:00,7.9,16.0,9.6,4.0
2023-04-12 08:30:00+00:00,7.9,17.0,9.5,4.0
2023-04-12 08:40:00+00:00,7.9,17.0,9.5,4.0
2023-04-12 08:50:00+00:00,8.0,17.0,9.5,4.0
2023-04-12 09:00:00+00:00,8.0,17.0,9.5,4.0
2023-04-12 09:10:00+00:00,8.0,16.0,9.5,4.0
2023-04-12 09:20:00+00:00,8.0,16.0,9.5,4.0
2023-04-12 09:30:00+00:00,8.1,16.0,9.5,4.0
2023-04-12 09:40:00+00:00,8.1,16.0,9.5,4.0
2023-04-12 09:50:00+00:00,8.1,16.0,9.5,4.0
2023-04-12 10:00:00+00:00,8.1,16.0,9.5,4.0
2023-04-12 10:10:00+00:00,8.2,16.0,9.5,4.0
2023-04-12 10:20:00+00:00,8.2,16.0,9.5,4.0
2023-04-12 10:30:00+00:00,8.3,16.0,9.6,4.0
2023-04-12 10:40:00+00:00,8.3,16.0,9.6,4.0
2023-04-12 10:50:00+00:00,8.3,16.0,9.6,4.0
2023-04-12 11:00:00+00:00,8.5,16.0,9.6,4.0
2023-04-12 11:10:00+00:00,8.5,16.0,9.6,4.0
2023-04-12 11:20:00+00:00,8.5,16.0,9.6,4.0
2023-04-12 11:30:00+00:00,8.6,16.0,9.6,4.0
2023-04-12 11:40:00+00:00,8.6,16.0,9.6,4.0
2023-04-12 11:50:00+00:00,8.6,16.0,9.6,4.0
2023-04-12 12:00:00+00:00,8.649999999999999,16.0,9.6,4.0
2023-04-12 12:10:00+00:00,8.7,16.0,9.6,4.0
2023-04-12 12:20:00+00:00,8.8,16.0,9.6,4.0
2023-04-12 12:30:00+00:00,8.8,16.0,9.6,4.0
2023-04-12 12:40:00+00:00,8.8,16.0,9.6,4.0
2023-04-12 12:50:00+00:00,8.8,16.0,9.6,4.0
2023-04-12 13:00:00+00:00,8.8,16.0,9.5,4.0
2023-04-12 13:10:00+00:00,8.8,16.0,9.5,4.0
2023-04-12 13:20:00+00:00,8.9,16.0,9.5,4.0
2023-04-12 13:30:00+00:00,8.9,16.0,9.5,4.0
2023-04-12 13:40:00+00:00,8.9,16.0,9.6,4.0
2023-04-12 13:50:00+00:00,9.0,16.0,9.6,4.0
2023-04-12 14:00:00+00:00,9.0,16.0,9.6,4.0
2023-04-12 14:10:00+00:00,9.0,16.0,9.5,4.0
2023-04-12 14:20:00+00:00,9.0,16.0,9.5,4.0
2023-04-12 14:30:00+00:00,9.0,16.0,9.5,4.0
2023-04-12 14:40:00+00:00,9.0,16.0,9.5,4.0
2023-04-12 14:50:00+00:00,9.0,16.0,9.5,4.0
2023-04-12 15:00:00+00:00,9.0,17.0,9.5,4.0
2023-04-12 15:10:00+00:00,9.0,16.0,9.5,4.0
2023-04-12 15:20:00+00:00,9.0,17.0,9.5,4.0
2023-04-12 15:30:00+00:00,8.9,16.0,9.5,4.0
2023-04-12 15:40:00+00:00,8.9,16.0,9.5,4.0
2023-04-12 15:50:00+00:00,8.9,16.0,9.5,4.0
2023-04-12 16:00:00+00:00,8.9,16.0,9.5,4.0
2023-04-12 16:10:00+00:00,8.9,16.0,9.5,4.0
2023-04-12 16:20:00+00:00,8.8,16.0,9.5,4.0
2023-04-12 16:30:00+00:00,8.8,17.0,9.5,4.0
2023-04-12 16:40:00+00:00,8.8,16.0,9.5,4.0
2023-04-12 16:50:00+00:00,8.8,16.0,9.5,4.0
2023-04-12 17:00:00+00:00,8.8,17.0,9.5,4.0
2023-04-12 17:10:00+00:00,8.8,17.0,9.5,4.0
2023-04-12 17:20:00+00:00,8.7,17.0,9.5,4.0
2023-04-12 17:30:00+00:00,8.7,16.0,9.5,3.3
2023-04-12 17:40:00+00:00,8.6,17.0,9.5,3.2
2023-04-12 17:50:00+00:00,8.56865671641791,17.313432835820894,9.498507462686566,3.211940298507463
2023-04-12 18:00:00+00:00,8.53731343283582,17.62686567164179,9.497014925373135,3.2238805970149254
2023-04-12 18:10:00+00:00,8.50597014925373,17.940298507462686,9.495522388059701,3.235820895522388
2023-04-12 18:20:00+00:00,8.474626865671642,18.253731343283583,9.49402985074627,3.247761194029851
2023-04-12 18:30:00+00:00,8.443283582089553,18.567164179104477,9.492537313432836,3.259701492537314
2023-04-12 18:40:00+00:00,8.411940298507462,18.880597014925375,9.491044776119404,3.271641791044776
2023-04-12 18:50:00+00:00,8.380597014925373,19.19402985074627,9.48955223880597,3.283582089552239
2023-04-12 19:00:00+00:00,8.349253731343284,19.507462686567166,9.488059701492537,3.2955223880597018
2023-04-12 19:10:00+00:00,8.317910447761193,19.82089552238806,9.486567164179105,3.307462686567164
2023-04-12 19:20:00+00:00,8.286567164179104,20.134328358208954,9.485074626865671,3.319402985074627
2023-04-12 19:30:00+00:00,8.255223880597015,20.44776119402985,9.48358208955224,3.3313432835820898
2023-04-12 19:40:00+00:00,8.223880597014926,20.761194029850746,9.482089552238806,3.3432835820895526
2023-04-12 19:50:00+00:00,8.192537313432835,21.074626865671643,9.480597014925372,3.355223880597015
2023-04-12 20:00:00+00:00,8.161194029850746,21.388059701492537,9.47910447761194,3.3671641791044777
2023-04-12 20:10:00+00:00,8.129850746268657,21.701492537313435,9.477611940298507,3.3791044776119405
2023-04-12 20:20:00+00:00,8.098507462686566,22.01492537313433,9.476119402985075,3.391044776119403
2023-04-12 20:30:00+00:00,8.067164179104477,22.328358208955223,9.474626865671642,3.4029850746268657
2023-04-12 20:40:00+00:00,8.035820895522388,22.64179104477612,9.47313432835821,3.4149253731343285
2023-04-12 20:50:00+00:00,8.004477611940299,22.955223880597014,9.471641791044776,3.4268656716417913
2023-04-12 21:00:00+00:00,7.973134328358209,23.26865671641791,9.470149253731343,3.4388059701492537
2023-04-12 21:10:00+00:00,7.941791044776119,23.582089552238806,9.468656716417911,3.4507462686567165
2023-04-12 21:20:00+00:00,7.91044776119403,23.895522388059703,9.467164179104477,3.4626865671641793
2023-04-12 21:30:00+00:00,7.87910447761194,24.208955223880597,9.465671641791046,3.4746268656716417
2023-04-12 21:40:00+00:00,7.84776119402985,24.52238805970149,9.464179104477612,3.4865671641791045
2023-04-12 21:50:00+00:00,,,,
2023-04-12 22:00:00+00:00,,,,
2023-04-12 22:10:00+00:00,,,,
2023-04-12 22:20:00+00:00,,,,
2023-04-12 22:30:00+00:00,,,,
2023-04-12 22:40:00+00:00,,,,
2023-04-12 22:50:00+00:00,,,,
2023-04-12 23:00:00+00:00,,,,
2023-04-12 23:10:00+00:00,,,,
2023-04-12 23:20:00+00:00,,,,
2023-04-12 23:30:00+00:00,,,,
2023-04-12 23:40:00+00:00,,,,
2023-04-12 23:50:00+00:00,,,,
2023-04-13 00:00:00+00:00,,,,
2023-04-13 00:10:00+00:00,,,,
2023-04-13 00:20:00+00:00,,,,
2023-04-13 00:30:00+00:00,,,,
2023-04-13 00:40:00+00:00,,,,
2023-04-13 00:50:00+00:00,,,,
2023-04-13 01:00:00+00:00,,,,
2023-04-13 01:10:00+00:00,,,,
2023-04-13 01:20:00+00:00,,,,
2023-04-13 01:30:00+00:00,,,,
2023-04-13 01:40:00+00:00,,,,
2023-04-13 01:50:00+00:00,,,,
2023-04-13 02:00:00+00:00,,,,
2023-04-13 02:10:00+00:00,,,,
2023-04-13 02:20:00+00:00,,,,
2023-04-13 02:30:00+00:00,,,,
2023-04-13 02:40:00+00:00,,,,
2023-04-13 02:50:00+00:00,,,,
2023-04-13 03:00:00+00:00,,,,
2023-04-13 03:10:00+00:00,,,,
2023-04-13 03:20:00+00:00,,,,
2023-04-13 03:30:00+00:00,,,,
2023-04-13 03:40:00+00:00,,,,
2023-04-13 03:50:00+00:00,,,,
2023-04-13 04:00:00+00:00,,,,
2023-04-13 04:10:00+00:00,,,,
2023-04-13 04:20:00+00:00,,,,
2023-04-13 04:30:00+00:00,,,,
2023-04-13 04:40:00+00:00,,,,
2023-04-13 04:50:00+00:00,6.5,38.0,9.4,4.0
2023-04-13 05:00:00+00:00,6.5,40.0,9.5,4.0
2023-04-13 05:10:00+00:00,6.5,38.0,9.5,4.0
2023-04-13 05:20:00+00:00,6.6,20.0,9.5,4.0
2023-04-13 05:30:00+00:00,6.5,20.0,9.5,4.0
2023-04-13 05:40:00+00:00,6.55,20.0,9.5,4.0
2023-04-13 05:50:00+00:00,6.6,20.0,9.5,4.0
2023-04-13 06:00:00+00:00,6.6,20.0,9.5,4.0
2023-04-13 06:10:00+00:00,6.6,20.0,9.6,4.0
2023-04-13 06:20:00+00:00,6.6,20.0,9.6,4.0
2023-04-13 06:30:00+00:00,6.7,20.0,9.6,4.1
2023-04-13 06:40:00+00:00,6.8,20.0,9.6,4.0
2023-04-13 06:50:00+00:00,6.8,20.0,9.7,4.0
2023-04-13 07:00:00+00:00,6.9,19.0,9.7,4.1
2023-04-13 07:10:00+00:00,7.0,19.0,9.7,4.0
2023-04-13 07:20:00+00:00,7.0,19.0,9.7,4.0
2023-04-13 07:30:00+00:00,7.1,19.0,9.7,4.0
2023-04-13 07:40:00+00:00,7.2,19.0,9.7,4.0
2023-04-13 07:50:00+00:00,7.3,19.0,9.8,4.1
2023-04-13 08:00:00+00:00,7.5,18.0,9.8,4.1
2023-04-13 08:10:00+00:00,7.6,18.0,9.8,4.0
2023-04-13 08:20:00+00:00,7.7,18.0,9.8,4.1
2023-04-13 08:30:00+00:00,7.9,18.0,9.8,5.1
2023-04-13 08:40:00+00:00,8.05,18.0,9.75,5.800000000000001
2023-04-13 08:50:00+00:00,8.3,18.0,9.7,6.0
2023-04-13 09:00:00+00:00,8.5,17.0,9.8,6.0
2023-04-13 09:10:00+00:00,8.6,17.0,9.8,6.0
2023-04-13 09:20:00+00:00,8.8,16.0,9.8,6.0
2023-04-13 09:30:00+00:00,9.0,16.0,9.8,6.0
2023-04-13 09:40:00+00:00,9.1,15.0,9.9,6.0
2023-04-13 09:50:00+00:00,9.3,15.0,9.8,6.0
2023-04-13 10:00:00+00:00,9.5,15.0,9.8,5.9
2023-04-13 10:10:00+00:00,9.6,15.0,9.7,6.1
2023-04-13 10:20:00+00:00,9.8,14.0,9.8,6.1
2023-04-13 10:30:00+00:00,10.0,14.0,9.8,6.1
2023-04-13 10:40:00+00:00,10.1,13.0,9.8,6.1
2023-04-13 10:50:00+00:00,10.3,13.0,9.8,6.1
2023-04-13 11:00:00+00:00,10.4,13.0,9.8,6.1
2023-04-13 11:10:00+00:00,10.5,13.0,9.8,6.1
2023-04-13 11:20:00+00:00,10.6,14.0,9.7,6.1
2023-04-13 11:30:00+00:00,10.6,14.0,9.7,6.1
2023-04-13 11:40:00+00:00,10.7,15.0,9.7,5.8
2023-04-13 11:50:00+00:00,10.8,15.0,9.7,5.3
2023-04-13 12:00:00+00:00,10.8,15.0,9.7,5.7
2023-04-13 12:10:00+00:00,10.8,15.0,9.6,4.0
2023-04-13 12:20:00+00:00,10.8,15.0,9.6,4.0
2023-04-13 12:30:00+00:00,10.9,15.0,9.6,5.6
2023-04-13 12:40:00+00:00,10.9,15.0,9.6,4.1
2023-04-13 12:50:00+00:00,10.9,15.0,9.6,5.0
2023-04-13 13:00:00+00:00,10.9,15.0,9.6,4.0
2023-04-13 13:10:00+00:00,10.9,15.0,9.6,4.0
2023-04-13 13:20:00+00:00,10.8,15.0,9.6,4.0
2023-04-13 13:30:00+00:00,10.8,15.0,9.6,4.0
2023-04-13 13:40:00+00:00,10.8,16.0,9.6,4.0
2023-04-13 13:50:00+00:00,10.8,16.0,9.6,4.0
2023-04-13 14:00:00+00:00,10.7,16.0,9.6,4.0
2023-04-13 14:10:00+00:00,10.7,15.0,9.6,4.0
2023-04-13 14:20:00+00:00,10.7,16.0,9.6,4.0
2023-04-13 14:30:00+00:00,10.6,16.0,9.6,4.0
2023-04-13 14:40:00+00:00,10.6,16.0,9.6,4.0
2023-04-13 14:50:00+00:00,10.6,16.0,9.6,4.0
2023-04-13 15:00:00+00:00,10.6,16.0,9.6,4.0
2023-04-13 15:10:00+00:00,10.5,16.0,9.6,4.0
2023-04-13 15:20:00+00:00,10.5,16.0,9.6,4.0
2023-04-13 15:30:00+00:00,10.5,16.0,9.6,4.0
2023-04-13 15:40:00+00:00,10.5,16.0,9.6,4.0
2023-04-13 15:50:00+00:00,10.4,16.0,9.6,4.0
2023-04-13 16:00:00+00:00,10.4,16.0,9.6,4.0
2023-04-13 16:10:00+00:00,10.3,16.0,9.5,4.0
2023-04-13 16:20:00+00:00,10.3,16.0,9.6,4.0
2023-04-13 16:30:00+00:00,10.3,16.0,9.6,4.0
2023-04-13 16:40:00+00:00,10.3,16.0,9.5,4.0
2023-04-13 16:50:00+00:00,10.2,17.0,9.5,4.0
2023-04-13 17:00:00+00:00,10.1,16.0,9.5,4.0
2023-04-13 17:10:00+00:00,10.1,16.0,9.5,4.0
2023-04-13 17:20:00+00:00,10.1,16.0,9.5,4.0
2023-04-13 17:30:00+00:00,10.1,16.0,9.5,4.0
2023-04-13 17:40:00+00:00,10.0,16.0,9.5,3.7
2023-04-13 17:50:00+00:00,10.0,16.0,9.5,3.2
2023-04-13 18:00:00+00:00,9.9,16.0,9.5,2.4
2023-04-13 18:10:00+00:00,9.9,16.0,9.5,1.5
2023-04-13 18:20:00+00:00,9.8,16.0,9.5,0.9
2023-04-13 18:30:00+00:00,9.8,16.0,9.5,0.7
2023-04-13 18:40:00+00:00,9.7,16.0,9.5,0.6
2023-04-13 18:50:00+00:00,9.6,17.0,9.5,0.6
2023-04-13 19:00:00+00:00,9.6,17.0,9.5,0.6
2023-04-13 19:10:00+00:00,9.6,16.0,9.5,0.6
2023-04-13 19:20:00+00:00,9.5,16.0,9.5,0.6
2023-04-13 19:30:00+00:00,9.5,16.0,9.5,0.6
2023-04-13 19:40:00+00:00,9.5,16.0,9.5,0.6
2023-04-13 19:50:00+00:00,9.4,17.0,9.5,0.5
2023-04-13 20:00:00+00:00,9.3,17.0,9.5,0.6
2023-04-13 20:10:00+00:00,9.3,17.0,9.5,0.6
2023-04-13 20:20:00+00:00,9.2,17.0,9.5,0.6
2023-04-13 20:30:00+00:00,9.1,17.0,9.5,0.6
2023-04-13 20:40:00+00:00,9.1,17.0,9.5,0.6
2023-04-13 20:50:00+00:00,9.0,26.0,9.5,0.6
2023-04-13 21:00:00+00:00,9.0,25.0,9.5,0.6
2023-04-13 21:10:00+00:00,9.0,21.0,9.5,0.7
2023-04-13 21:20:00+00:00,8.9,20.0,9.5,0.6
2023-04-13 21:30:00+00:00,8.8,21.0,9.5,0.6
2023-04-13 21:40:00+00:00,8.8,21.0,9.5,0.4
2023-04-13 21:50:00+00:00,8.8,21.0,9.5,0.6
2023-04-13 22:00:00+00:00,8.7,21.0,9.5,0.6
2023-04-13 22:10:00+00:00,8.7,22.0,9.5,0.7
2023-04-13 22:20:00+00:00,8.6,22.0,9.5,0.6
2023-04-13 22:30:00+00:00,8.6,22.0,9.5,0.6
2023-04-13 22:40:00+00:00,8.6,22.0,9.5,0.7
2023-04-13 22:50:00+00:00,8.5,22.0,9.5,0.6
2023-04-13 23:00:00+00:00,8.5,22.0,9.5,0.6
2023-04-13 23:10:00+00:00,8.5,22.0,9.5,0.6
2023-04-13 23:20:00+00:00,8.4,22.0,9.5,0.6
2023-04-13 23:30:00+00:00,8.4,21.0,9.5,0.6
2023-04-13 23:40:00+00:00,8.3,21.0,9.5,0.6
2023-04-13 23:50:00+00:00,8.3,21.0,9.5,0.6
2023-04-14 00:00:00+00:00,8.3,21.0,9.5,0.6
2023-04-14 00:10:00+00:00,8.3,21.0,9.5,0.5
2023-04-14 00:20:00+00:00,8.3,21.0,9.5,0.6
2023-04-14 00:30:00+00:00,8.2,21.0,9.5,0.6
2023-04-14 00:40:00+00:00,8.2,21.0,9.5,0.6
2023-04-14 00:50:00+00:00,8.2,21.0,9.5,0.6
2023-04-14 01:00:00+00:00,8.2,21.0,9.5,0.6
2023-04-14 01:10:00+00:00,8.1,21.0,9.5,0.6
2023-04-14 01:20:00+00:00,8.1,21.0,9.5,0.5
2023-04-14 01:30:00+00:00,8.1,21.0,9.5,0.5
2023-04-14 01:40:00+00:00,8.1,21.0,9.5,0.6
2023-04-14 01:50:00+00:00,8.1,21.0,9.5,0.6
2023-04-14 02:00:00+00:00,8.1,21.0,9.5,0.6
2023-04-14 02:10:00+00:00,8.1,21.0,9.5,0.6
2023-04-14 02:20:00+00:00,8.1,21.0,9.5,0.6
2023-04-14 02:30:00+00:00,8.0,21.0,9.5,0.6
2023-04-14 02:40:00+00:00,8.0,21.0,9.5,0.6
2023-04-14 02:50:00+00:00,8.0,21.0,9.5,0.6
2023-04-14 03:00:00+00:00,8.0,21.0,9.5,0.7
2023-04-14 03:10:00+00:00,8.0,21.0,9.5,0.7
2023-04-14 03:20:00+00:00,8.0,21.0,9.5,0.9
2023-04-14 03:30:00+00:00,8.0,21.0,9.5,1.7
2023-04-14 03:40:00+00:00,8.0,20.0,9.5,3.5
2023-04-14 03:50:00+00:00,8.0,25.0,9.5,3.5
2023-04-14 04:00:00+00:00,8.0,32.0,9.5,4.0
2023-04-14 04:10:00+00:00,7.9,30.0,9.5,4.0
2023-04-14 04:20:00+00:00,7.9,31.0,9.5,4.0
2023-04-14 04:30:00+00:00,7.9,23.0,9.5,4.0
2023-04-14 04:40:00+00:00,7.9,23.0,9.5,4.0
2023-04-14 04:50:00+00:00,7.9,22.0,9.5,4.0
2023-04-14 05:00:00+00:00,7.9,22.0,9.5,4.0
2023-04-14 05:10:00+00:00,7.9,25.0,9.5,4.0
2023-04-14 05:20:00+00:00,7.9,22.0,9.5,4.0
2023-04-14 05:30:00+00:00,7.9,23.0,9.5,4.0
2023-04-14 05:40:00+00:00,7.9,23.0,9.5,4.0
2023-04-14 05:50:00+00:00,7.9,31.0,9.5,4.0
2023-04-14 06:00:00+00:00,7.9,27.0,9.5,4.0
2023-04-14 06:10:00+00:00,7.9,21.0,9.5,4.0
2023-04-14 06:20:00+00:00,8.0,21.0,9.5,4.0
2023-04-14 06:30:00+00:00,8.0,23.0,9.5,4.0
2023-04-14 06:40:00+00:00,8.0,29.0,9.5,4.0
2023-04-14 06:50:00+00:00,8.0,22.0,9.5,4.0
2023-04-14 07:00:00+00:00,8.0,22.0,9.6,4.0
2023-04-14 07:10:00+00:00,8.1,22.0,9.6,4.0
2023-04-14 07:20:00+00:00,8.1,33.0,9.6,4.0
2023-04-14 07:30:00+00:00,8.2,29.0,9.7,4.1
2023-04-14 07:40:00+00:00,8.3,21.0,9.8,4.1
2023-04-14 07:50:00+00:00,8.4,21.0,9.8,4.1
2023-04-14 08:00:00+00:00,8.55,20.5,9.8,4.1
2023-04-14 08:10:00+00:00,8.8,20.0,9.8,4.0
2023-04-14 08:20:00+00:00,8.9,20.0,9.8,4.0
2023-04-14 08:30:00+00:00,9.0,19.0,9.8,4.1
2023-04-14 08:40:00+00:00,9.1,19.0,9.8,4.0
2023-04-14 08:50:00+00:00,9.3,18.0,9.7,4.1
2023-04-14 09:00:00+00:00,9.4,22.0,9.7,4.0
2023-04-14 09:10:00+00:00,9.5,23.0,9.7,4.0
2023-04-14 09:20:00+00:00,9.6,24.0,9.7,4.0
2023-04-14 09:30:00+00:00,9.7,18.0,9.6,4.0
2023-04-14 09:40:00+00:00,9.8,24.0,9.7,4.0
2023-04-14 09:50:00+00:00,9.9,26.0,9.7,4.0
2023-04-14 10:00:00+00:00,10.0,26.0,9.7,4.0
2023-04-14 10:10:00+00:00,10.0,25.0,9.6,4.1
2023-04-14 10:20:00+00:00,10.1,19.0,9.6,5.8
2023-04-14 10:30:00+00:00,10.149999999999999,20.0,9.6,4.9
2023-04-14 10:40:00+00:00,10.2,21.0,9.6,4.0
2023-04-14 10:50:00+00:00,10.2,22.0,9.6,4.0
2023-04-14 11:00:00+00:00,10.3,21.0,9.6,4.0
2023-04-14 11:10:00+00:00,10.3,21.0,9.6,4.0
2023-04-14 11:20:00+00:00,10.4,21.0,9.6,4.0
2023-04-14 11:30:00+00:00,10.4,20.0,9.5,5.9
2023-04-14 11:40:00+00:00,10.5,20.0,9.5,4.0
2023-04-14 11:50:00+00:00,10.5,20.0,9.6,5.8
2023-04-14 12:00:00+00:00,10.6,19.0,9.7,5.8
2023-04-14 12:10:00+00:00,10.6,20.0,9.7,5.7
2023-04-14 12:20:00+00:00,10.6,19.0,9.6,4.0
2023-04-14 12:30:00+00:00,10.7,19.0,9.6,5.7
2023-04-14 12:40:00+00:00,10.7,18.0,9.6,5.7
2023-04-14 12:50:00+00:00,10.8,19.0,9.6,5.3
2023-04-14 13:00:00+00:00,10.8,19.0,9.6,4.9
2023-04-14 13:10:00+00:00,10.8,19.0,9.6,4.0
2023-04-14 13:20:00+00:00,10.8,20.0,9.6,4.0
2023-04-14 13:30:00+00:00,10.8,20.0,9.6,4.0
2023-04-14 13:40:00+00:00,10.8,20.0,9.6,4.0
2023-04-14 13:50:00+00:00,10.8,21.0,9.6,4.0
2023-04-14 14:00:00+00:00,10.8,20.0,9.6,4.0
2023-04-14 14:10:00+00:00,10.8,20.0,9.6,4.0
2023-04-14 14:20:00+00:00,10.8,20.0,9.6,4.0
2023-04-14 14:30:00+00:00,10.8,20.0,9.6,4.0
2023-04-14 14:40:00+00:00,10.8,20.0,9.6,4.0
2023-04-14 14:50:00+00:00,10.7,19.0,9.6,4.0
2023-04-14 15:00:00+00:00,10.7,19.0,9.6,4.0
2023-04-14 15:10:00+00:00,10.7,19.0,9.6,4.0
2023-04-14 15:20:00+00:00,10.7,19.0,9.6,4.0
2023-04-14 15:30:00+00:00,10.7,19.0,9.6,4.0
2023-04-14 15:40:00+00:00,10.6,19.0,9.6,4.0
2023-04-14 15:50:00+00:00,10.6,19.0,9.6,4.0
2023-04-14 16:00:00+00:00,10.6,19.0,9.6,4.0
2023-04-14 16:10:00+00:00,10.6,19.0,9.6,4.0
2023-04-14 16:20:00+00:00,10.6,19.0,9.6,4.0
2023-04-14 16:30:00+00:00,10.6,19.0,9.6,4.0
2023-04-14 16:40:00+00:00,10.5,19.0,9.6,4.0
2023-04-14 16:50:00+00:00,10.5,19.0,9.6,4.0
2023-04-14 17:00:00+00:00,10.5,19.0,9.6,3.8
2023-04-14 17:10:00+00:00,10.5,19.0,9.6,3.8
2023-04-14 17:20:00+00:00,10.5,19.0,9.6,3.8
2023-04-14 17:30:00+00:00,10.4,19.0,9.5,3.7
2023-04-14 17:40:00+00:00,10.4,19.0,9.5,3.7
2023-04-14 17:50:00+00:00,10.3,29.0,9.6,2.9
2023-04-14 18:00:00+00:00,10.3,20.0,9.5,2.4
2023-04-14 18:10:00+00:00,10.3,20.0,9.5,1.4
2023-04-14 18:20:00+00:00,10.2,20.0,9.5,0.8
2023-04-14 18:30:00+00:00,10.2,20.0,9.5,0.5
2023-04-14 18:40:00+00:00,10.1,20.0,9.5,0.6
2023-04-14 18:50:00+00:00,10.1,20.0,9.5,0.6
2023-04-14 19:00:00+00:00,10.1,20.0,9.5,0.6
2023-04-14 19:10:00+00:00,10.1,20.0,9.5,0.6
2023-04-14 19:20:00+00:00,10.0,20.0,9.5,0.6
2023-04-14 19:30:00+00:00,10.0,20.0,9.5,0.6
2023-04-14 19:40:00+00:00,9.95,20.0,9.5,0.55
2023-04-14 19:50:00+00:00,9.9,20.0,9.5,0.4
2023-04-14 20:00:00+00:00,9.850000000000001,20.0,9.5,0.5
2023-04-14 20:10:00+00:00,9.8,20.0,9.5,0.6
2023-04-14 20:20:00+00:00,9.8,20.0,9.5,0.6
2023-04-14 20:30:00+00:00,9.8,20.0,9.5,0.6
2023-04-14 20:40:00+00:00,9.8,20.0,9.5,0.6
2023-04-14 20:50:00+00:00,9.7,20.0,9.5,0.6
2023-04-14 21:00:00+00:00,9.6,20.0,9.5,0.6
2023-04-14 21:10:00+00:00,9.6,20.0,9.5,0.6
2023-04-14 21:20:00+00:00,9.6,20.0,9.5,0.5
2023-04-14 21:30:00+00:00,9.6,20.0,9.5,0.6
2023-04-14 21:40:00+00:00,9.5,20.0,9.5,0.6
2023-04-14 21:50:00+00:00,9.5,20.0,9.5,0.6
2023-04-14 22:00:00+00:00,9.5,20.0,9.5,0.6
2023-04-14 22:10:00+00:00,9.5,21.0,9.5,0.6
2023-04-14 22:20:00+00:00,9.4,21.0,9.5,0.6
2023-04-14 22:30:00+00:00,9.3,21.0,9.5,0.6
2023-04-14 22:40:00+00:00,9.3,19.0,9.5,0.6
2023-04-14 22:50:00+00:00,9.3,20.0,9.5,0.6
2023-04-14 23:00:00+00:00,9.3,20.0,9.5,0.4
2023-04-14 23:10:00+00:00,9.2,20.0,9.5,0.4
2023-04-14 23:20:00+00:00,9.149999999999999,20.0,9.5,0.5
2023-04-14 23:30:00+00:00,9.1,20.0,9.5,0.6
2023-04-14 23:40:00+00:00,9.1,21.0,9.5,0.6
2023-04-14 23:50:00+00:00,9.1,21.0,9.4,0.6
2023-04-15 00:00:00+00:00,9.1,21.0,9.4,0.6
2023-04-15 00:10:00+00:00,9.1,21.0,9.4,0.6
2023-04-15 00:20:00+00:00,9.0,21.0,9.4,0.6
2023-04-15 00:30:00+00:00,9.0,21.0,9.4,0.6
2023-04-15 00:40:00+00:00,9.0,22.0,9.4,0.6
2023-04-15 00:50:00+00:00,9.0,21.0,9.4,0.6
2023-04-15 01:00:00+00:00,9.0,23.0,9.4,0.6
2023-04-15 01:10:00+00:00,9.0,23.0,9.4,0.6
2023-04-15 01:20:00+00:00,8.9,22.0,9.4,0.5
2023-04-15 01:30:00+00:00,8.9,25.0,9.4,0.6
2023-04-15 01:40:00+00:00,8.9,21.0,9.4,0.6
2023-04-15 01:50:00+00:00,8.9,21.0,9.4,0.5
2023-04-15 02:00:00+00:00,8.8,21.0,9.4,0.5
2023-04-15 02:10:00+00:00,8.8,22.0,9.4,0.6
2023-04-15 02:20:00+00:00,8.8,22.0,9.4,0.6
2023-04-15 02:30:00+00:00,8.8,22.0,9.4,0.6
2023-04-15 02:40:00+00:00,8.8,22.0,9.4,0.6
2023-04-15 02:50:00+00:00,8.8,22.0,9.4,0.6
2023-04-15 03:00:00+00:00,8.7,24.0,9.4,0.6
2023-04-15 03:10:00+00:00,8.7,25.0,9.4,0.5
2023-04-15 03:20:00+00:00,8.7,24.0,9.4,0.8
2023-04-15 03:30:00+00:00,8.7,23.0,9.4,1.5
2023-04-15 03:40:00+00:00,8.7,23.0,9.4,2.1
2023-04-15 03:50:00+00:00,8.7,22.0,9.5,2.8
2023-04-15 04:00:00+00:00,8.7,22.0,9.4,3.2
2023-04-15 04:10:00+00:00,8.6,22.0,9.4,3.4
2023-04-15 04:20:00+00:00,8.6,22.0,9.4,3.4
2023-04-15 04:30:00+00:00,8.6,22.0,9.4,3.4
2023-04-15 04:40:00+00:00,8.6,22.0,9.5,3.5
2023-04-15 04:50:00+00:00,8.6,22.0,9.5,3.8
2023-04-15 05:00:00+00:00,8.6,22.0,9.4,4.0
2023-04-15 05:10:00+00:00,8.6,22.0,9.5,4.0
2023-04-15 05:20:00+00:00,8.6,22.0,9.5,4.0
2023-04-15 05:30:00+00:00,8.6,22.0,9.5,4.0
2023-04-15 05:40:00+00:00,8.6,22.0,9.4,4.0
2023-04-15 05:50:00+00:00,8.6,22.0,9.4,4.0
2023-04-15 06:00:00+00:00,8.6,22.0,9.4,4.0
2023-04-15 06:10:00+00:00,8.6,22.0,9.5,4.0
2023-04-15 06:20:00+00:00,8.6,20.0,9.5,4.0
2023-04-15 06:30:00+00:00,8.6,20.0,9.5,4.0
2023-04-15 06:40:00+00:00,8.6,21.0,9.4,4.0
2023-04-15 06:50:00+00:00,8.6,20.0,9.4,4.0
2023-04-15 07:00:00+00:00,8.6,20.0,9.4,4.0
2023-04-15 07:10:00+00:00,8.6,20.0,9.4,4.0
2023-04-15 07:20:00+00:00,8.6,20.0,9.4,4.0
2023-04-15 07:30:00+00:00,8.6,20.0,9.4,4.0
2023-04-15 07:40:00+00:00,8.6,20.0,9.4,4.0
2023-04-15 07:50:00+00:00,8.6,20.0,9.4,4.0
2023-04-15 08:00:00+00:00,8.6,20.0,9.4,4.0
2023-04-15 08:10:00+00:00,8.6,20.0,9.4,4.0
2023-04-15 08:20:00+00:00,8.7,20.0,9.5,4.0
2023-04-15 08:30:00+00:00,8.7,20.0,9.5,4.0
2023-04-15 08:40:00+00:00,8.8,20.0,9.6,4.0
2023-04-15 08:50:00+00:00,8.8,20.0,9.6,4.0
2023-04-15 09:00:00+00:00,8.8,26.0,9.6,4.0
2023-04-15 09:10:00+00:00,8.9,26.0,9.6,4.0
2023-04-15 09:20:00+00:00,9.0,22.0,9.6,4.0
2023-04-15 09:30:00+00:00,9.0,25.0,9.6,4.0
2023-04-15 09:40:00+00:00,9.0,27.0,9.6,4.0
2023-04-15 09:50:00+00:00,9.0,26.0,9.6,4.0
2023-04-15 10:00:00+00:00,9.1,26.0,9.5,4.0
2023-04-15 10:10:00+00:00,9.1,26.0,9.5,4.0
2023-04-15 10:20:00+00:00,9.1,20.0,9.5,4.0
2023-04-15 10:30:00+00:00,9.1,25.0,9.5,4.0
2023-04-15 10:40:00+00:00,9.1,22.0,9.5,4.0
2023-04-15 10:50:00+00:00,9.1,24.0,9.5,4.0
2023-04-15 11:00:00+00:00,9.2,21.0,9.5,4.0
2023-04-15 11:10:00+00:00,9.2,21.0,9.5,4.0
2023-04-15 11:20:00+00:00,9.2,21.0,9.5,4.0
2023-04-15 11:30:00+00:00,9.2,20.0,9.5,4.0
2023-04-15 11:40:00+00:00,9.2,21.0,9.5,4.0
2023-04-15 11:50:00+00:00,9.3,20.0,9.5,4.0
2023-04-15 12:00:00+00:00,9.3,20.0,9.5,4.0
2023-04-15 12:10:00+00:00,9.3,20.0,9.5,4.0
2023-04-15 12:20:00+00:00,9.3,20.0,9.5,4.0
2023-04-15 12:30:00+00:00,9.3,20.0,9.5,4.0
2023-04-15 12:40:00+00:00,9.3,20.0,9.5,4.0
2023-04-15 12:50:00+00:00,9.3,20.0,9.5,4.0
2023-04-15 13:00:00+00:00,9.3,20.0,9.5,4.0
2023-04-15 13:10:00+00:00,9.3,21.0,9.5,4.0
2023-04-15 13:20:00+00:00,9.3,24.0,9.5,4.0
2023-04-15 13:30:00+00:00,9.3,24.0,9.5,4.0
2023-04-15 13:40:00+00:00,9.3,24.0,9.5,4.0
2023-04-15 13:50:00+00:00,9.3,24.0,9.5,4.0
2023-04-15 14:00:00+00:00,9.3,24.0,9.5,4.0
2023-04-15 14:10:00+00:00,9.287128712871288,24.04950495049505,9.5,4.0
2023-04-15 14:20:00+00:00,9.274257425742576,24.099009900990097,9.5,4.0
2023-04-15 14:30:00+00:00,9.261386138613862,24.14851485148515,9.5,4.0
2023-04-15 14:40:00+00:00,9.24851485148515,24.198019801980198,9.5,4.0
2023-04-15 14:50:00+00:00,9.235643564356437,24.247524752475247,9.5,4.0
2023-04-15 15:00:00+00:00,9.222772277227724,24.297029702970296,9.5,4.0
2023-04-15 15:10:00+00:00,9.20990099009901,24.346534653465348,9.5,4.0
2023-04-15 15:20:00+00:00,9.197029702970298,24.396039603960396,9.5,4.0
2023-04-15 15:30:00+00:00,9.184158415841585,24.445544554455445,9.5,4.0
2023-04-15 15:40:00+00:00,9.171287128712873,24.495049504950494,9.5,4.0
2023-04-15 15:50:00+00:00,9.158415841584159,24.544554455445546,9.5,4.0
2023-04-15 16:00:00+00:00,9.145544554455446,24.594059405940595,9.5,4.0
2023-04-15 16:10:00+00:00,9.132673267326734,24.643564356435643,9.5,4.0
2023-04-15 16:20:00+00:00,9.119801980198021,24.693069306930692,9.5,4.0
2023-04-15 16:30:00+00:00,9.106930693069307,24.742574257425744,9.5,4.0
2023-04-15 16:40:00+00:00,9.094059405940595,24.792079207920793,9.5,4.0
2023-04-15 16:50:00+00:00,9.081188118811882,24.84158415841584,9.5,4.0
2023-04-15 17:00:00+00:00,9.06831683168317,24.89108910891089,9.5,4.0
2023-04-15 17:10:00+00:00,9.055445544554455,24.940594059405942,9.5,4.0
2023-04-15 17:20:00+00:00,9.042574257425743,24.99009900990099,9.5,4.0
2023-04-15 17:30:00+00:00,9.02970297029703,25.03960396039604,9.5,4.0
2023-04-15 17:40:00+00:00,9.016831683168318,25.08910891089109,9.5,4.0
2023-04-15 17:50:00+00:00,9.003960396039604,25.13861386138614,9.5,4.0
2023-04-15 18:00:00+00:00,8.991089108910892,25.18811881188119,9.5,4.0
2023-04-15 18:10:00+00:00,,,,
2023-04-15 18:20:00+00:00,,,,
2023-04-15 18:30:00+00:00,,,,
2023-04-15 18:40:00+00:00,,,,
2023-04-15 18:50:00+00:00,,,,
2023-04-15 19:00:00+00:00,,,,
2023-04-15 19:10:00+00:00,,,,
2023-04-15 19:20:00+00:00,,,,
2023-04-15 19:30:00+00:00,,,,
2023-04-15 19:40:00+00:00,,,,
2023-04-15 19:50:00+00:00,,,,
2023-04-15 20:00:00+00:00,,,,
2023-04-15 20:10:00+00:00,,,,
2023-04-15 20:20:00+00:00,,,,
2023-04-15 20:30:00+00:00,,,,
2023-04-15 20:40:00+00:00,,,,
2023-04-15 20:50:00+00:00,,,,
2023-04-15 21:00:00+00:00,,,,
2023-04-15 21:10:00+00:00,,,,
2023-04-15 21:20:00+00:00,,,,
2023-04-15 21:30:00+00:00,,,,
2023-04-15 21:40:00+00:00,,,,
2023-04-15 21:50:00+00:00,,,,
2023-04-15 22:00:00+00:00,,,,
2023-04-15 22:10:00+00:00,,,,
2023-04-15 22:20:00+00:00,,,,
2023-04-15 22:30:00+00:00,,,,
2023-04-15 22:40:00+00:00,,,,
2023-04-15 22:50:00+00:00,,,,
2023-04-15 23:00:00+00:00,,,,
2023-04-15 23:10:00+00:00,,,,
2023-04-15 23:20:00+00:00,,,,
2023-04-15 23:30:00+00:00,,,,
2023-04-15 23:40:00+00:00,,,,
2023-04-15 23:50:00+00:00,,,,
2023-04-16 00:00:00+00:00,,,,
2023-04-16 00:10:00+00:00,,,,
2023-04-16 00:20:00+00:00,,,,
2023-04-16 00:30:00+00:00,,,,
2023-04-16 00:40:00+00:00,,,,
2023-04-16 00:50:00+00:00,,,,
2023-04-16 01:00:00+00:00,,,,
2023-04-16 01:10:00+00:00,,,,
2023-04-16 01:20:00+00:00,,,,
2023-04-16 01:30:00+00:00,,,,
2023-04-16 01:40:00+00:00,,,,
2023-04-16 01:50:00+00:00,,,,
2023-04-16 02:00:00+00:00,,,,
2023-04-16 02:10:00+00:00,,,,
2023-04-16 02:20:00+00:00,,,,
2023-04-16 02:30:00+00:00,,,,
2023-04-16 02:40:00+00:00,,,,
2023-04-16 02:50:00+00:00,,,,
2023-04-16 03:00:00+00:00,,,,
2023-04-16 03:10:00+00:00,,,,
2023-04-16 03:20:00+00:00,,,,
2023-04-16 03:30:00+00:00,,,,
2023-04-16 03:40:00+00:00,,,,
2023-04-16 03:50:00+00:00,,,,
2023-04-16 04:00:00+00:00,,,,
2023-04-16 04:10:00+00:00,,,,
2023-04-16 04:20:00+00:00,,,,
2023-04-16 04:30:00+00:00,,,,
2023-04-16 04:40:00+00:00,,,,
2023-04-16 04:50:00+00:00,,,,
2023-04-16 05:00:00+00:00,,,,
2023-04-16 05:10:00+00:00,,,,
2023-04-16 05:20:00+00:00,,,,
2023-04-16 05:30:00+00:00,,,,
2023-04-16 05:40:00+00:00,,,,
2023-04-16 05:50:00+00:00,,,,
2023-04-16 06:00:00+00:00,,,,
2023-04-16 06:10:00+00:00,,,,
2023-04-16 06:20:00+00:00,,,,
2023-04-16 06:30:00+00:00,,,,
2023-04-16 06:40:00+00:00,,,,
2023-04-16 06:50:00+00:00,8.0,29.0,9.5,4.0
2023-04-16 07:00:00+00:00,8.0,29.5,9.5,4.0
2023-04-16 07:10:00+00:00,8.0,30.0,9.5,4.0
2023-04-16 07:20:00+00:00,8.0,30.0,9.5,4.0
2023-04-16 07:30:00+00:00,8.0,29.0,9.5,4.0
2023-04-16 07:40:00+00:00,8.0,29.0,9.5,4.0
2023-04-16 07:50:00+00:00,8.0,32.0,9.5,4.0
2023-04-16 08:00:00+00:00,8.0,39.0,9.5,4.0
2023-04-16 08:10:00+00:00,8.0,36.0,9.6,4.0
2023-04-16 08:20:00+00:00,8.1,36.0,9.6,4.0
2023-04-16 08:30:00+00:00,8.1,30.0,9.6,4.0
2023-04-16 08:40:00+00:00,8.2,30.0,9.6,4.0
2023-04-16 08:50:00+00:00,8.2,30.0,9.6,4.0
2023-04-16 09:00:00+00:00,8.3,30.0,9.6,4.0
2023-04-16 09:10:00+00:00,8.3,30.0,9.6,4.0
2023-04-16 09:20:00+00:00,8.5,29.0,9.7,4.1
2023-04-16 09:30:00+00:00,8.6,28.0,9.7,4.0
2023-04-16 09:40:00+00:00,8.6,29.0,9.7,4.0
2023-04-16 09:50:00+00:00,8.7,29.0,9.7,4.0
2023-04-16 10:00:00+00:00,8.8,29.0,9.6,4.0
2023-04-16 10:10:00+00:00,9.0,28.0,9.7,4.1
2023-04-16 10:20:00+00:00,9.0,28.0,9.7,4.0
2023-04-16 10:30:00+00:00,9.1,28.0,9.6,4.0
2023-04-16 10:40:00+00:00,9.25,27.5,9.6,4.05
2023-04-16 10:50:00+00:00,9.5,27.0,9.7,4.0
2023-04-16 11:00:00+00:00,9.5,26.0,9.7,4.0
2023-04-16 11:10:00+00:00,9.55,25.5,9.7,4.0
2023-04-16 11:20:00+00:00,9.6,25.0,9.7,4.0
2023-04-16 11:30:00+00:00,9.7,25.0,9.7,4.0
2023-04-16 11:40:00+00:00,9.8,25.0,9.6,4.0
2023-04-16 11:50:00+00:00,9.9,25.0,9.6,4.0
2023-04-16 12:00:00+00:00,9.9,25.0,9.6,4.0
2023-04-16 12:10:00+00:00,10.0,25.0,9.6,4.0
2023-04-16 12:20:00+00:00,10.0,25.0,9.6,4.0
2023-04-16 12:30:00+00:00,10.1,25.0,9.6,4.0
2023-04-16 12:40:00+00:00,10.1,25.0,9.6,4.0
2023-04-16 12:50:00+00:00,10.1,32.0,9.6,4.0
2023-04-16 13:00:00+00:00,10.1,34.0,9.6,4.0
2023-04-16 13:10:00+00:00,10.1,30.0,9.6,4.0
2023-04-16 13:20:00+00:00,10.1,30.0,9.6,4.0
2023-04-16 13:30:00+00:00,10.1,29.0,9.6,4.0
2023-04-16 13:40:00+00:00,10.1,27.0,9.5,4.0
2023-04-16 13:50:00+00:00,10.1,27.0,9.5,4.0
2023-04-16 14:00:00+00:00,10.1,27.0,9.5,4.0
2023-04-16 14:10:00+00:00,10.1,26.0,9.5,4.0
2023-04-16 14:20:00+00:00,10.1,30.0,9.5,4.0
2023-04-16 14:30:00+00:00,10.0,26.0,9.5,4.0
2023-04-16 14:40:00+00:00,10.0,26.0,9.5,4.0
2023-04-16 14:50:00+00:00,10.0,26.0,9.5,4.0
2023-04-16 15:00:00+00:00,10.0,26.0,9.5,4.0
2023-04-16 15:10:00+00:00,10.0,26.0,9.5,4.0
2023-04-16 15:20:00+00:00,9.9,26.0,9.5,4.0
2023-04-16 15:30:00+00:00,9.9,26.0,9.5,4.0
2023-04-16 15:40:00+00:00,9.9,26.0,9.5,4.0
2023-04-16 15:50:00+00:00,9.8,26.0,9.5,4.0
2023-04-16 16:00:00+00:00,9.8,26.0,9.5,4.0
2023-04-16 16:10:00+00:00,9.8,26.0,9.5,4.0
2023-04-16 16:20:00+00:00,9.8,26.0,9.5,4.0
2023-04-16 16:30:00+00:00,9.7,26.0,9.5,4.0
2023-04-16 16:40:00+00:00,9.7,26.0,9.5,4.0
2023-04-16 16:50:00+00:00,9.6,26.0,9.5,4.0
2023-04-16 17:00:00+00:00,9.6,26.0,9.5,4.0
2023-04-16 17:10:00+00:00,9.6,26.0,9.5,4.0
2023-04-16 17:20:00+00:00,9.5,26.0,9.5,4.0
2023-04-16 17:30:00+00:00,9.5,26.0,9.5,3.9
2023-04-16 17:40:00+00:00,9.5,26.0,9.5,3.6
2023-04-16 17:50:00+00:00,9.4,26.0,9.5,3.5
2023-04-16 18:00:00+00:00,9.3,26.0,9.5,2.9
2023-04-16 18:10:00+00:00,9.3,26.0,9.5,2.0
2023-04-16 18:20:00+00:00,9.3,26.0,9.5,1.1
2023-04-16 18:30:00+00:00,9.3,26.0,9.5,0.6
2023-04-16 18:40:00+00:00,9.2,26.0,9.5,0.7
2023-04-16 18:50:00+00:00,9.1,26.0,9.5,0.6
2023-04-16 19:00:00+00:00,9.1,26.0,9.5,0.7
2023-04-16 19:10:00+00:00,9.1,27.0,9.5,0.6
2023-04-16 19:20:00+00:00,9.0,27.0,9.5,0.6
2023-04-16 19:30:00+00:00,9.0,27.0,9.5,0.6
2023-04-16 19:40:00+00:00,9.0,27.0,9.5,0.6
2023-04-16 19:50:00+00:00,8.9,27.0,9.5,0.6
2023-04-16 20:00:00+00:00,8.9,27.0,9.5,0.6
2023-04-16 20:10:00+00:00,8.8,27.0,9.5,0.6
2023-04-16 20:20:00+00:00,8.8,27.0,9.5,0.7
2023-04-16 20:30:00+00:00,8.8,27.0,9.5,0.7
2023-04-16 20:40:00+00:00,8.8,27.0,9.5,0.7
2023-04-16 20:50:00+00:00,8.7,27.0,9.4,0.5
2023-04-16 21:00:00+00:00,8.6,27.0,9.4,0.7
2023-04-16 21:10:00+00:00,8.6,27.0,9.4,0.6
2023-04-16 21:20:00+00:00,8.6,27.0,9.4,0.5
2023-04-16 21:30:00+00:00,8.6,27.0,9.4,0.6
2023-04-16 21:40:00+00:00,8.6,27.0,9.4,0.6
2023-04-16 21:50:00+00:00,8.5,27.0,9.4,0.6
2023-04-16 22:00:00+00:00,8.5,27.0,9.4,0.7
2023-04-16 22:10:00+00:00,8.5,27.0,9.4,0.7
2023-04-16 22:20:00+00:00,8.5,27.0,9.4,0.6
2023-04-16 22:30:00+00:00,8.4,27.0,9.4,0.5
2023-04-16 22:40:00+00:00,8.4,27.0,9.4,0.6
2023-04-16 22:50:00+00:00,8.3,27.0,9.4,0.6
2023-04-16 23:00:00+00:00,8.3,27.0,9.4,0.7
2023-04-16 23:10:00+00:00,8.3,27.0,9.5,0.5
2023-04-16 23:20:00+00:00,8.3,27.0,9.4,0.6
2023-04-16 23:30:00+00:00,8.3,27.0,9.4,0.6
2023-04-16 23:40:00+00:00,8.2,27.0,9.4,0.6
2023-04-16 23:50:00+00:00,8.2,27.0,9.4,0.7
2023-04-17 00:00:00+00:00,8.1,27.0,9.4,0.7
2023-04-17 00:10:00+00:00,8.1,27.0,9.4,0.6
2023-04-17 00:20:00+00:00,8.1,27.0,9.4,0.6
2023-04-17 00:30:00+00:00,8.1,27.0,9.4,0.6
2023-04-17 00:40:00+00:00,8.1,27.0,9.4,0.6
2023-04-17 00:50:00+00:00,8.087096774193547,27.032258064516128,9.403225806451614,0.7096774193548387
2023-04-17 01:00:00+00:00,8.074193548387097,27.06451612903226,9.406451612903226,0.8193548387096774
2023-04-17 01:10:00+00:00,8.061290322580644,27.096774193548388,9.40967741935484,0.9290322580645161
2023-04-17 01:20:00+00:00,8.048387096774194,27.129032258064516,9.412903225806453,1.0387096774193547
2023-04-17 01:30:00+00:00,8.035483870967742,27.161290322580644,9.416129032258064,1.1483870967741936
2023-04-17 01:40:00+00:00,8.02258064516129,27.193548387096776,9.419354838709678,1.2580645161290323
2023-04-17 01:50:00+00:00,8.009677419354839,27.225806451612904,9.422580645161291,1.367741935483871
2023-04-17 02:00:00+00:00,7.9967741935483865,27.258064516129032,9.425806451612903,1.4774193548387098
2023-04-17 02:10:00+00:00,7.983870967741935,27.29032258064516,9.429032258064517,1.5870967741935482
2023-04-17 02:20:00+00:00,7.970967741935484,27.322580645161292,9.432258064516128,1.696774193548387
2023-04-17 02:30:00+00:00,7.958064516129032,27.35483870967742,9.435483870967742,1.806451612903226
2023-04-17 02:40:00+00:00,7.945161290322581,27.387096774193548,9.438709677419356,1.9161290322580644
2023-04-17 02:50:00+00:00,7.9322580645161285,27.419354838709676,9.441935483870967,2.0258064516129033
2023-04-17 03:00:00+00:00,7.919354838709677,27.451612903225808,9.44516129032258,2.135483870967742
2023-04-17 03:10:00+00:00,7.906451612903226,27.483870967741936,9.448387096774194,2.2451612903225806
2023-04-17 03:20:00+00:00,7.893548387096774,27.516129032258064,9.451612903225806,2.3548387096774195
2023-04-17 03:30:00+00:00,7.880645161290323,27.548387096774192,9.45483870967742,2.464516129032258
2023-04-17 03:40:00+00:00,7.867741935483871,27.580645161290324,9.458064516129033,2.574193548387097
2023-04-17 03:50:00+00:00,7.854838709677419,27.612903225806452,9.461290322580645,2.6838709677419357
2023-04-17 04:00:00+00:00,7.841935483870968,27.64516129032258,9.464516129032258,2.793548387096774
2023-04-17 04:10:00+00:00,7.829032258064516,27.677419354838708,9.467741935483872,2.903225806451613
2023-04-17 04:20:00+00:00,7.816129032258065,27.70967741935484,9.470967741935484,3.012903225806452
2023-04-17 04:30:00+00:00,7.803225806451613,27.741935483870968,9.474193548387097,3.1225806451612903
2023-04-17 04:40:00+00:00,7.790322580645161,27.774193548387096,9.477419354838709,3.232258064516129
2023-04-17 04:50:00+00:00,,,,
2023-04-17 05:00:00+00:00,,,,
2023-04-17 05:10:00+00:00,,,,
2023-04-17 05:20:00+00:00,,,,
2023-04-17 05:30:00+00:00,,,,
2023-04-17 05:40:00+00:00,,,,
2023-04-17 05:50:00+00:00,7.7,28.0,9.5,4.0
2023-04-17 06:00:00+00:00,7.7,28.0,9.5,4.0
2023-04-17 06:10:00+00:00,7.7,28.0,9.5,4.0
2023-04-17 06:20:00+00:00,7.7,28.0,9.5,4.0
2023-04-17 06:30:00+00:00,7.705263157894737,28.0,9.5,4.0
2023-04-17 06:40:00+00:00,7.7105263157894735,28.0,9.5,4.0
2023-04-17 06:50:00+00:00,7.715789473684211,28.0,9.5,4.0
2023-04-17 07:00:00+00:00,7.721052631578948,28.0,9.5,4.0
2023-04-17 07:10:00+00:00,7.726315789473684,28.0,9.5,4.0
2023-04-17 07:20:00+00:00,7.731578947368421,28.0,9.5,4.0
2023-04-17 07:30:00+00:00,7.7368421052631575,28.0,9.5,4.0
2023-04-17 07:40:00+00:00,7.742105263157895,28.0,9.5,4.0
2023-04-17 07:50:00+00:00,7.747368421052632,28.0,9.5,4.0
2023-04-17 08:00:00+00:00,7.752631578947368,28.0,9.5,4.0
2023-04-17 08:10:00+00:00,7.757894736842105,28.0,9.5,4.0
2023-04-17 08:20:00+00:00,7.7631578947368425,28.0,9.5,4.0
2023-04-17 08:30:00+00:00,7.768421052631579,28.0,9.5,4.0
2023-04-17 08:40:00+00:00,7.773684210526316,28.0,9.5,4.0
2023-04-17 08:50:00+00:00,7.778947368421052,28.0,9.5,4.0
2023-04-17 09:00:00+00:00,7.784210526315789,28.0,9.5,4.0
2023-04-17 09:10:00+00:00,7.7894736842105265,28.0,9.5,4.0
2023-04-17 09:20:00+00:00,7.794736842105263,28.0,9.5,4.0
2023-04-17 09:30:00+00:00,7.8,28.0,9.5,4.0
2023-04-17 09:40:00+00:00,7.8,28.0,9.5,4.0
2023-04-17 09:50:00+00:00,7.900000000000001,28.0,9.5,4.0
2023-04-17 10:00:00+00:00,7.900000000000001,28.0,9.5,4.0
2023-04-17 10:10:00+00:00,7.897674418604653,27.996124031007753,9.5,4.0
2023-04-17 10:20:00+00:00,7.895348837209304,27.992248062015506,9.5,4.0
2023-04-17 10:30:00+00:00,7.893023255813954,27.988372093023255,9.5,4.0
2023-04-17 10:40:00+00:00,7.890697674418606,27.984496124031008,9.5,4.0
2023-04-17 10:50:00+00:00,7.888372093023257,27.98062015503876,9.5,4.0
2023-04-17 11:00:00+00:00,7.886046511627908,27.976744186046513,9.5,4.0
2023-04-17 11:10:00+00:00,7.88372093023256,27.972868217054263,9.5,4.0
2023-04-17 11:20:00+00:00,7.88139534883721,27.968992248062015,9.5,4.0
2023-04-17 11:30:00+00:00,7.8790697674418615,27.96511627906977,9.5,4.0
2023-04-17 11:40:00+00:00,7.876744186046513,27.96124031007752,9.5,4.0
2023-04-17 11:50:00+00:00,7.874418604651164,27.95736434108527,9.5,4.0
2023-04-17 12:00:00+00:00,7.8720930232558155,27.953488372093023,9.5,4.0
2023-04-17 12:10:00+00:00,7.869767441860466,27.949612403100776,9.5,4.0
2023-04-17 12:20:00+00:00,7.867441860465117,27.94573643410853,9.5,4.0
2023-04-17 12:30:00+00:00,7.865116279069769,27.941860465116278,9.5,4.0
2023-04-17 12:40:00+00:00,7.86279069767442,27.93798449612403,9.5,4.0
2023-04-17 12:50:00+00:00,7.860465116279071,27.934108527131784,9.5,4.0
2023-04-17 13:00:00+00:00,7.858139534883722,27.930232558139537,9.5,4.0
2023-04-17 13:10:00+00:00,7.855813953488373,27.926356589147286,9.5,4.0
2023-04-17 13:20:00+00:00,7.853488372093024,27.92248062015504,9.5,4.0
2023-04-17 13:30:00+00:00,7.851162790697676,27.91860465116279,9.5,4.0
2023-04-17 13:40:00+00:00,7.848837209302327,27.914728682170544,9.5,4.0
2023-04-17 13:50:00+00:00,7.8465116279069775,27.910852713178294,9.5,4.0
2023-04-17 14:00:00+00:00,7.844186046511629,27.906976744186046,9.5,4.0
2023-04-17 14:10:00+00:00,,,,
2023-04-17 14:20:00+00:00,,,,
2023-04-17 14:30:00+00:00,,,,
2023-04-17 14:40:00+00:00,,,,
2023-04-17 14:50:00+00:00,,,,
2023-04-17 15:00:00+00:00,,,,
2023-04-17 15:10:00+00:00,,,,
2023-04-17 15:20:00+00:00,,,,
2023-04-17 15:30:00+00:00,,,,
2023-04-17 15:40:00+00:00,,,,
2023-04-17 15:50:00+00:00,,,,
2023-04-17 16:00:00+00:00,,,,
2023-04-17 16:10:00+00:00,,,,
2023-04-17 16:20:00+00:00,,,,
2023-04-17 16:30:00+00:00,,,,
2023-04-17 16:40:00+00:00,,,,
2023-04-17 16:50:00+00:00,,,,
2023-04-17 17:00:00+00:00,,,,
2023-04-17 17:10:00+00:00,,,,
2023-04-17 17:20:00+00:00,,,,
2023-04-17 17:30:00+00:00,,,,
2023-04-17 17:40:00+00:00,,,,
2023-04-17 17:50:00+00:00,,,,
2023-04-17 18:00:00+00:00,,,,
2023-04-17 18:10:00+00:00,,,,
2023-04-17 18:20:00+00:00,,,,
2023-04-17 18:30:00+00:00,,,,
2023-04-17 18:40:00+00:00,,,,
2023-04-17 18:50:00+00:00,,,,
2023-04-17 19:00:00+00:00,,,,
2023-04-17 19:10:00+00:00,,,,
2023-04-17 19:20:00+00:00,,,,
2023-04-17 19:30:00+00:00,,,,
2023-04-17 19:40:00+00:00,,,,
2023-04-17 19:50:00+00:00,,,,
2023-04-17 20:00:00+00:00,,,,
2023-04-17 20:10:00+00:00,,,,
2023-04-17 20:20:00+00:00,,,,
2023-04-17 20:30:00+00:00,,,,
2023-04-17 20:40:00+00:00,,,,
2023-04-17 20:50:00+00:00,,,,
2023-04-17 21:00:00+00:00,,,,
2023-04-17 21:10:00+00:00,,,,
2023-04-17 21:20:00+00:00,,,,
2023-04-17 21:30:00+00:00,,,,
2023-04-17 21:40:00+00:00,,,,
2023-04-17 21:50:00+00:00,,,,
2023-04-17 22:00:00+00:00,,,,
2023-04-17 22:10:00+00:00,,,,
2023-04-17 22:20:00+00:00,,,,
2023-04-17 22:30:00+00:00,,,,
2023-04-17 22:40:00+00:00,,,,
2023-04-17 22:50:00+00:00,,,,
2023-04-17 23:00:00+00:00,,,,
2023-04-17 23:10:00+00:00,,,,
2023-04-17 23:20:00+00:00,,,,
2023-04-17 23:30:00+00:00,,,,
2023-04-17 23:40:00+00:00,,,,
2023-04-17 23:50:00+00:00,,,,
2023-04-18 00:00:00+00:00,,,,
2023-04-18 00:10:00+00:00,,,,
2023-04-18 00:20:00+00:00,,,,
2023-04-18 00:30:00+00:00,,,,
2023-04-18 00:40:00+00:00,,,,
2023-04-18 00:50:00+00:00,,,,
2023-04-18 01:00:00+00:00,,,,
2023-04-18 01:10:00+00:00,,,,
2023-04-18 01:20:00+00:00,,,,
2023-04-18 01:30:00+00:00,,,,
2023-04-18 01:40:00+00:00,,,,
2023-04-18 01:50:00+00:00,,,,
2023-04-18 02:00:00+00:00,,,,
2023-04-18 02:10:00+00:00,,,,
2023-04-18 02:20:00+00:00,,,,
2023-04-18 02:30:00+00:00,,,,
2023-04-18 02:40:00+00:00,,,,
2023-04-18 02:50:00+00:00,,,,
2023-04-18 03:00:00+00:00,,,,
2023-04-18 03:10:00+00:00,,,,
2023-04-18 03:20:00+00:00,,,,
2023-04-18 03:30:00+00:00,,,,
2023-04-18 03:40:00+00:00,,,,
2023-04-18 03:50:00+00:00,,,,
2023-04-18 04:00:00+00:00,,,,
2023-04-18 04:10:00+00:00,,,,
2023-04-18 04:20:00+00:00,,,,
2023-04-18 04:30:00+00:00,,,,
2023-04-18 04:40:00+00:00,,,,
2023-04-18 04:50:00+00:00,,,,
2023-04-18 05:00:00+00:00,,,,
2023-04-18 05:10:00+00:00,,,,
2023-04-18 05:20:00+00:00,,,,
2023-04-18 05:30:00+00:00,,,,
2023-04-18 05:40:00+00:00,,,,
2023-04-18 05:50:00+00:00,,,,
2023-04-18 06:00:00+00:00,,,,
2023-04-18 06:10:00+00:00,,,,
2023-04-18 06:20:00+00:00,,,,
2023-04-18 06:30:00+00:00,,,,
2023-04-18 06:40:00+00:00,,,,
2023-04-18 06:50:00+00:00,,,,
2023-04-18 07:00:00+00:00,,,,
2023-04-18 07:10:00+00:00,,,,
2023-04-18 07:20:00+00:00,,,,
2023-04-18 07:30:00+00:00,,,,
2023-04-18 07:40:00+00:00,,,,
2023-04-18 07:50:00+00:00,,,,
2023-04-18 08:00:00+00:00,,,,
2023-04-18 08:10:00+00:00,,,,
2023-04-18 08:20:00+00:00,,,,
2023-04-18 08:30:00+00:00,,,,
2023-04-18 08:40:00+00:00,,,,
2023-04-18 08:50:00+00:00,,,,
2023-04-18 09:00:00+00:00,,,,
2023-04-18 09:10:00+00:00,,,,
2023-04-18 09:20:00+00:00,,,,
2023-04-18 09:30:00+00:00,,,,
2023-04-18 09:40:00+00:00,,,,
2023-04-18 09:50:00+00:00,,,,
2023-04-18 10:00:00+00:00,,,,
2023-04-18 10:10:00+00:00,,,,
2023-04-18 10:20:00+00:00,,,,
2023-04-18 10:30:00+00:00,,,,
2023-04-18 10:40:00+00:00,,,,
2023-04-18 10:50:00+00:00,,,,
2023-04-18 11:00:00+00:00,,,,
2023-04-18 11:10:00+00:00,,,,
2023-04-18 11:20:00+00:00,,,,
2023-04-18 11:30:00+00:00,,,,
2023-04-18 11:40:00+00:00,,,,
2023-04-18 11:50:00+00:00,,,,
2023-04-18 12:00:00+00:00,,,,
2023-04-18 12:10:00+00:00,,,,
2023-04-18 12:20:00+00:00,,,,
2023-04-18 12:30:00+00:00,,,,
2023-04-18 12:40:00+00:00,,,,
2023-04-18 12:50:00+00:00,,,,
2023-04-18 13:00:00+00:00,,,,
2023-04-18 13:10:00+00:00,,,,
2023-04-18 13:20:00+00:00,,,,
2023-04-18 13:30:00+00:00,,,,
2023-04-18 13:40:00+00:00,,,,
2023-04-18 13:50:00+00:00,,,,
2023-04-18 14:00:00+00:00,,,,
2023-04-18 14:10:00+00:00,,,,
2023-04-18 14:20:00+00:00,,,,
2023-04-18 14:30:00+00:00,,,,
2023-04-18 14:40:00+00:00,,,,
2023-04-18 14:50:00+00:00,,,,
2023-04-18 15:00:00+00:00,,,,
2023-04-18 15:10:00+00:00,,,,
2023-04-18 15:20:00+00:00,,,,
2023-04-18 15:30:00+00:00,,,,
2023-04-18 15:40:00+00:00,,,,
2023-04-18 15:50:00+00:00,,,,
2023-04-18 16:00:00+00:00,,,,
2023-04-18 16:10:00+00:00,,,,
2023-04-18 16:20:00+00:00,,,,
2023-04-18 16:30:00+00:00,,,,
2023-04-18 16:40:00+00:00,,,,
2023-04-18 16:50:00+00:00,,,,
2023-04-18 17:00:00+00:00,,,,
2023-04-18 17:10:00+00:00,,,,
2023-04-18 17:20:00+00:00,,,,
2023-04-18 17:30:00+00:00,,,,
2023-04-18 17:40:00+00:00,,,,
2023-04-18 17:50:00+00:00,,,,
2023-04-18 18:00:00+00:00,,,,
2023-04-18 18:10:00+00:00,,,,
2023-04-18 18:20:00+00:00,,,,
2023-04-18 18:30:00+00:00,,,,
2023-04-18 18:40:00+00:00,,,,
2023-04-18 18:50:00+00:00,,,,
2023-04-18 19:00:00+00:00,,,,
2023-04-18 19:10:00+00:00,,,,
2023-04-18 19:20:00+00:00,,,,
2023-04-18 19:30:00+00:00,,,,
2023-04-18 19:40:00+00:00,,,,
2023-04-18 19:50:00+00:00,,,,
2023-04-18 20:00:00+00:00,,,,
2023-04-18 20:10:00+00:00,,,,
2023-04-18 20:20:00+00:00,,,,
2023-04-18 20:30:00+00:00,,,,
2023-04-18 20:40:00+00:00,,,,
2023-04-18 20:50:00+00:00,,,,
2023-04-18 21:00:00+00:00,,,,
2023-04-18 21:10:00+00:00,,,,
2023-04-18 21:20:00+00:00,,,,
2023-04-18 21:30:00+00:00,,,,
2023-04-18 21:40:00+00:00,,,,
2023-04-18 21:50:00+00:00,,,,
2023-04-18 22:00:00+00:00,,,,
2023-04-18 22:10:00+00:00,,,,
2023-04-18 22:20:00+00:00,,,,
2023-04-18 22:30:00+00:00,,,,
2023-04-18 22:40:00+00:00,,,,
2023-04-18 22:50:00+00:00,,,,
2023-04-18 23:00:00+00:00,,,,
2023-04-18 23:10:00+00:00,,,,
2023-04-18 23:20:00+00:00,,,,
2023-04-18 23:30:00+00:00,,,,
2023-04-18 23:40:00+00:00,,,,
2023-04-18 23:50:00+00:00,,,,
2023-04-19 00:00:00+00:00,,,,
2023-04-19 00:10:00+00:00,,,,
2023-04-19 00:20:00+00:00,,,,
2023-04-19 00:30:00+00:00,,,,
2023-04-19 00:40:00+00:00,,,,
2023-04-19 00:50:00+00:00,,,,
2023-04-19 01:00:00+00:00,,,,
2023-04-19 01:10:00+00:00,,,,
2023-04-19 01:20:00+00:00,,,,
2023-04-19 01:30:00+00:00,,,,
2023-04-19 01:40:00+00:00,,,,
2023-04-19 01:50:00+00:00,,,,
2023-04-19 02:00:00+00:00,,,,
2023-04-19 02:10:00+00:00,,,,
2023-04-19 02:20:00+00:00,,,,
2023-04-19 02:30:00+00:00,,,,
2023-04-19 02:40:00+00:00,,,,
2023-04-19 02:50:00+00:00,,,,
2023-04-19 03:00:00+00:00,,,,
2023-04-19 03:10:00+00:00,,,,
2023-04-19 03:20:00+00:00,,,,
2023-04-19 03:30:00+00:00,,,,
2023-04-19 03:40:00+00:00,,,,
2023-04-19 03:50:00+00:00,,,,
2023-04-19 04:00:00+00:00,,,,
2023-04-19 04:10:00+00:00,,,,
2023-04-19 04:20:00+00:00,,,,
2023-04-19 04:30:00+00:00,,,,
2023-04-19 04:40:00+00:00,,,,
2023-04-19 04:50:00+00:00,,,,
2023-04-19 05:00:00+00:00,7.3,27.0,9.5,4.0
2023-04-19 05:10:00+00:00,7.3,27.0,9.5,4.0
2023-04-19 05:20:00+00:00,7.3,26.0,9.5,4.0
2023-04-19 05:30:00+00:00,7.3,26.0,9.5,4.0
2023-04-19 05:40:00+00:00,7.3,26.0,9.4,4.0
2023-04-19 05:50:00+00:00,7.3,26.0,9.5,4.0
2023-04-19 06:00:00+00:00,7.3,26.0,9.5,4.0
2023-04-19 06:10:00+00:00,7.3,26.0,9.5,4.0
2023-04-19 06:20:00+00:00,7.3,26.0,9.6,4.0
2023-04-19 06:30:00+00:00,7.4,25.0,9.6,4.0
2023-04-19 06:40:00+00:00,7.5,25.0,9.6,4.0
2023-04-19 06:50:00+00:00,7.5,25.0,9.4,4.1
2023-04-19 07:00:00+00:00,7.5,25.0,9.6,4.1
2023-04-19 07:10:00+00:00,7.6,26.0,9.7,4.1
2023-04-19 07:20:00+00:00,7.6,26.0,9.6,4.1
2023-04-19 07:30:00+00:00,7.7,27.0,9.5,4.1
2023-04-19 07:40:00+00:00,7.8,25.0,9.6,4.0
2023-04-19 07:50:00+00:00,7.9,28.0,9.7,5.1
2023-04-19 08:00:00+00:00,8.0,23.0,9.6,4.0
2023-04-19 08:10:00+00:00,8.0,23.0,9.6,4.0
2023-04-19 08:20:00+00:00,8.0,24.0,9.5,4.0
2023-04-19 08:30:00+00:00,8.1,24.0,9.5,4.0
2023-04-19 08:40:00+00:00,8.1,23.0,9.5,4.0
2023-04-19 08:50:00+00:00,8.1,23.0,9.5,4.0
2023-04-19 09:00:00+00:00,8.1,24.0,9.5,4.0
2023-04-19 09:10:00+00:00,8.1,24.0,9.5,4.0
2023-04-19 09:20:00+00:00,8.1,23.0,9.5,4.0
2023-04-19 09:30:00+00:00,8.2,24.0,9.5,4.0
2023-04-19 09:40:00+00:00,8.1,24.0,9.5,4.0
2023-04-19 09:50:00+00:00,8.1,24.0,9.5,4.0
2023-04-19 10:00:00+00:00,8.1,24.0,9.5,4.0
2023-04-19 10:10:00+00:00,8.1,24.0,9.5,4.0
2023-04-19 10:20:00+00:00,8.1,24.0,9.5,4.0
2023-04-19 10:30:00+00:00,8.1,24.0,9.5,4.0
2023-04-19 10:40:00+00:00,8.1,24.0,9.5,4.0
2023-04-19 10:50:00+00:00,8.1,24.0,9.5,4.0
2023-04-19 11:00:00+00:00,8.0,23.0,9.5,4.0
2023-04-19 11:10:00+00:00,8.0,24.0,9.5,4.0
2023-04-19 11:20:00+00:00,8.0,24.0,9.5,4.0
2023-04-19 11:30:00+00:00,8.0,24.0,9.5,4.0
2023-04-19 11:40:00+00:00,8.0,23.0,9.5,4.0
2023-04-19 11:50:00+00:00,8.0,25.0,9.5,4.0
2023-04-19 12:00:00+00:00,8.0,25.0,9.5,4.0
2023-04-19 12:10:00+00:00,8.0,26.0,9.5,4.0
2023-04-19 12:20:00+00:00,7.9,26.0,9.5,4.0
2023-04-19 12:30:00+00:00,7.9,25.0,9.5,4.0
2023-04-19 12:40:00+00:00,7.9,25.0,9.4,4.0
2023-04-19 12:50:00+00:00,7.9,25.0,9.5,4.0
2023-04-19 13:00:00+00:00,7.9,25.0,9.4,4.0
2023-04-19 13:10:00+00:00,7.9,25.0,9.5,4.0
2023-04-19 13:20:00+00:00,7.8,25.0,9.5,4.0
2023-04-19 13:30:00+00:00,7.8,25.0,9.5,4.0
2023-04-19 13:40:00+00:00,7.9,26.0,9.5,4.0
2023-04-19 13:50:00+00:00,7.9,25.0,9.5,4.0
2023-04-19 14:00:00+00:00,7.9,25.0,9.5,4.0
2023-04-19 14:10:00+00:00,7.9,25.0,9.5,4.0
2023-04-19 14:20:00+00:00,7.9,26.0,9.5,4.0
2023-04-19 14:30:00+00:00,7.9,25.0,9.5,4.0
2023-04-19 14:40:00+00:00,7.9,26.0,9.5,4.0
2023-04-19 14:50:00+00:00,7.9,26.0,9.5,4.0
2023-04-19 15:00:00+00:00,8.0,26.0,9.5,4.0
2023-04-19 15:10:00+00:00,8.0,25.0,9.5,4.0
2023-04-19 15:20:00+00:00,8.0,25.0,9.5,4.0
2023-04-19 15:30:00+00:00,8.0,25.0,9.5,4.0
2023-04-19 15:40:00+00:00,8.0,25.0,9.5,4.0
2023-04-19 15:50:00+00:00,8.0,33.0,9.5,4.0
2023-04-19 16:00:00+00:00,8.0,35.0,9.5,4.0
2023-04-19 16:10:00+00:00,8.0,36.0,9.5,4.0
2023-04-19 16:20:00+00:00,8.0,36.0,9.5,4.0
2023-04-19 16:30:00+00:00,8.0,36.0,9.5,4.0
2023-04-19 16:40:00+00:00,8.0,37.0,9.5,4.0
2023-04-19 16:50:00+00:00,7.9,25.0,9.5,4.0
2023-04-19 17:00:00+00:00,7.9,30.0,9.5,4.0
2023-04-19 17:10:00+00:00,7.9,33.0,9.5,4.0
2023-04-19 17:20:00+00:00,7.9,34.0,9.5,4.0
2023-04-19 17:30:00+00:00,7.9,34.0,9.5,4.0
2023-04-19 17:40:00+00:00,7.8,34.0,9.5,4.0
2023-04-19 17:50:00+00:00,7.8,34.0,9.5,3.4
2023-04-19 18:00:00+00:00,7.8,36.0,9.5,3.4
2023-04-19 18:10:00+00:00,7.8,35.0,9.5,2.4
2023-04-19 18:20:00+00:00,7.8,36.0,9.5,1.3
2023-04-19 18:30:00+00:00,7.8,40.0,9.5,0.9
2023-04-19 18:40:00+00:00,7.8,37.0,9.5,0.7
2023-04-19 18:50:00+00:00,7.7,38.0,9.5,0.5
2023-04-19 19:00:00+00:00,7.7,38.0,9.5,0.6
2023-04-19 19:10:00+00:00,7.7,37.0,9.5,0.6
2023-04-19 19:20:00+00:00,7.6,37.0,9.5,0.6
2023-04-19 19:30:00+00:00,7.6,35.0,9.5,0.6
2023-04-19 19:40:00+00:00,7.6,34.0,9.5,0.6
2023-04-19 19:50:00+00:00,7.6,34.0,9.5,0.6
2023-04-19 20:00:00+00:00,7.6,34.0,9.5,0.6
2023-04-19 20:10:00+00:00,7.6,33.0,9.5,0.5
2023-04-19 20:20:00+00:00,7.6,34.0,9.5,0.6
2023-04-19 20:30:00+00:00,7.6,33.0,9.5,0.6
2023-04-19 20:40:00+00:00,7.6,33.0,9.5,0.7
2023-04-19 20:50:00+00:00,7.6,31.0,9.5,0.6
2023-04-19 21:00:00+00:00,7.5,31.0,9.5,0.6
2023-04-19 21:10:00+00:00,7.5,31.0,9.5,0.4
2023-04-19 21:20:00+00:00,7.5,30.0,9.5,0.6
2023-04-19 21:30:00+00:00,7.5,30.0,9.5,0.6
2023-04-19 21:40:00+00:00,7.5,30.0,9.5,0.7
2023-04-19 21:50:00+00:00,7.5,30.0,9.5,0.6
2023-04-19 22:00:00+00:00,7.5,30.0,9.5,0.6
2023-04-19 22:10:00+00:00,7.5,30.0,9.5,0.6
2023-04-19 22:20:00+00:00,7.5,30.0,9.5,0.7
2023-04-19 22:30:00+00:00,7.5,30.0,9.5,0.6
2023-04-19 22:40:00+00:00,7.488888888888889,30.11111111111111,9.5,0.6944444444444444
2023-04-19 22:50:00+00:00,7.477777777777778,30.22222222222222,9.5,0.7888888888888889
2023-04-19 23:00:00+00:00,7.466666666666667,30.333333333333332,9.5,0.8833333333333333
2023-04-19 23:10:00+00:00,7.455555555555556,30.444444444444443,9.5,0.9777777777777777
2023-04-19 23:20:00+00:00,7.444444444444445,30.555555555555557,9.5,1.0722222222222222
2023-04-19 23:30:00+00:00,7.433333333333334,30.666666666666668,9.5,1.1666666666666665
2023-04-19 23:40:00+00:00,7.4222222222222225,30.77777777777778,9.5,1.261111111111111
2023-04-19 23:50:00+00:00,7.411111111111111,30.88888888888889,9.5,1.3555555555555556
2023-04-20 00:00:00+00:00,7.4,31.0,9.5,1.45
2023-04-20 00:10:00+00:00,7.388888888888888,31.11111111111111,9.5,1.5444444444444443
2023-04-20 00:20:00+00:00,7.377777777777777,31.22222222222222,9.5,1.6388888888888888
2023-04-20 00:30:00+00:00,7.366666666666666,31.333333333333332,9.5,1.7333333333333334
2023-04-20 00:40:00+00:00,7.355555555555555,31.444444444444443,9.5,1.827777777777778
2023-04-20 00:50:00+00:00,7.344444444444444,31.555555555555557,9.5,1.922222222222222
2023-04-20 01:00:00+00:00,7.333333333333333,31.666666666666668,9.5,2.0166666666666666
2023-04-20 01:10:00+00:00,7.322222222222222,31.77777777777778,9.5,2.111111111111111
2023-04-20 01:20:00+00:00,7.311111111111111,31.88888888888889,9.5,2.2055555555555557
2023-04-20 01:30:00+00:00,7.3,32.0,9.5,2.3
2023-04-20 01:40:00+00:00,7.288888888888889,32.111111111111114,9.5,2.3944444444444444
2023-04-20 01:50:00+00:00,7.277777777777778,32.22222222222222,9.5,2.488888888888889
2023-04-20 02:00:00+00:00,7.266666666666667,32.333333333333336,9.5,2.5833333333333335
2023-04-20 02:10:00+00:00,7.2555555555555555,32.44444444444444,9.5,2.6777777777777776
2023-04-20 02:20:00+00:00,7.2444444444444445,32.55555555555556,9.5,2.772222222222222
2023-04-20 02:30:00+00:00,7.233333333333333,32.666666666666664,9.5,2.8666666666666667
2023-04-20 02:40:00+00:00,,,,
2023-04-20 02:50:00+00:00,,,,
2023-04-20 03:00:00+00:00,,,,
2023-04-20 03:10:00+00:00,,,,
2023-04-20 03:20:00+00:00,,,,
2023-04-20 03:30:00+00:00,,,,
2023-04-20 03:40:00+00:00,,,,
2023-04-20 03:50:00+00:00,,,,
2023-04-20 04:00:00+00:00,,,,
2023-04-20 04:10:00+00:00,,,,
2023-04-20 04:20:00+00:00,,,,
2023-04-20 04:30:00+00:00,7.1,34.0,9.5,4.0
2023-04-20 04:40:00+00:00,7.1,34.0,9.5,4.0
2023-04-20 04:50:00+00:00,7.1,34.0,9.5,4.0
2023-04-20 05:00:00+00:00,7.1,34.0,9.5,4.0
2023-04-20 05:10:00+00:00,7.1,35.0,9.6,4.0
2023-04-20 05:20:00+00:00,7.1,34.0,9.6,4.0
2023-04-20 05:30:00+00:00,7.1,34.0,9.6,4.0
2023-04-20 05:40:00+00:00,7.2,33.0,9.7,4.0
2023-04-20 05:50:00+00:00,7.3,33.0,9.7,4.0
2023-04-20 06:00:00+00:00,7.3,32.0,9.7,4.1
2023-04-20 06:10:00+00:00,7.3,30.0,9.7,4.0
2023-04-20 06:20:00+00:00,7.5,29.0,9.7,4.1
2023-04-20 06:30:00+00:00,7.5,28.0,9.8,4.0
2023-04-20 06:40:00+00:00,7.6,28.0,9.8,4.1
2023-04-20 06:50:00+00:00,7.8,27.0,9.8,4.1
2023-04-20 07:00:00+00:00,7.9,27.0,9.8,4.1
2023-04-20 07:10:00+00:00,8.0,25.0,9.8,5.0
2023-04-20 07:20:00+00:00,8.1,26.0,9.8,5.7
2023-04-20 07:30:00+00:00,8.3,27.0,9.8,5.8
2023-04-20 07:40:00+00:00,8.5,27.0,9.8,5.9
2023-04-20 07:50:00+00:00,8.6,27.0,9.8,5.9
2023-04-20 08:00:00+00:00,8.8,27.0,9.8,6.0
2023-04-20 08:10:00+00:00,9.0,27.0,9.8,6.0
2023-04-20 08:20:00+00:00,9.1,27.0,9.8,6.0
2023-04-20 08:30:00+00:00,9.4,26.5,9.8,6.0
2023-04-20 08:40:00+00:00,9.8,26.0,9.8,6.0
2023-04-20 08:50:00+00:00,10.0,26.0,9.9,6.0
2023-04-20 09:00:00+00:00,10.2,26.0,9.8,6.1
2023-04-20 09:10:00+00:00,10.4,26.0,9.8,6.1
2023-04-20 09:20:00+00:00,10.6,26.0,9.8,6.0
2023-04-20 09:30:00+00:00,10.8,26.0,9.8,6.1
2023-04-20 09:40:00+00:00,11.0,26.0,9.8,6.1
2023-04-20 09:50:00+00:00,11.3,26.0,9.8,6.1
2023-04-20 10:00:00+00:00,11.5,26.0,9.8,6.1
2023-04-20 10:10:00+00:00,11.6,26.0,9.8,6.1
2023-04-20 10:20:00+00:00,11.9,26.0,9.8,6.1
2023-04-20 10:30:00+00:00,12.1,26.0,9.8,6.1
2023-04-20 10:40:00+00:00,12.3,26.0,9.8,6.1
2023-04-20 10:50:00+00:00,12.5,26.0,9.8,6.1
2023-04-20 11:00:00+00:00,12.7,26.0,9.8,6.1
2023-04-20 11:10:00+00:00,12.9,26.0,9.8,6.1
2023-04-20 11:20:00+00:00,13.0,27.0,9.8,6.1
2023-04-20 11:30:00+00:00,13.1,27.0,9.7,6.1
2023-04-20 11:40:00+00:00,13.1,28.0,9.7,6.1
2023-04-20 11:50:00+00:00,13.1,28.0,9.7,6.1
2023-04-20 12:00:00+00:00,13.2,29.0,9.7,5.8
2023-04-20 12:10:00+00:00,13.2,29.0,9.7,5.8
2023-04-20 12:20:00+00:00,13.2,29.0,9.6,5.5
2023-04-20 12:30:00+00:00,13.2,29.0,9.6,5.5
2023-04-20 12:40:00+00:00,13.2,29.0,9.6,5.5
2023-04-20 12:50:00+00:00,13.2,30.0,9.6,4.0
2023-04-20 13:00:00+00:00,13.2,29.0,9.6,4.0
2023-04-20 13:10:00+00:00,13.1,29.0,9.6,4.0
2023-04-20 13:20:00+00:00,13.1,29.0,9.6,4.0
2023-04-20 13:30:00+00:00,13.0,29.0,9.6,4.0
2023-04-20 13:40:00+00:00,13.0,30.0,9.6,4.0
2023-04-20 13:50:00+00:00,12.9,29.0,9.6,4.0
2023-04-20 14:00:00+00:00,12.8,30.0,9.6,4.0
2023-04-20 14:10:00+00:00,12.7,30.0,9.6,4.0
2023-04-20 14:20:00+00:00,12.6,31.0,9.6,4.0
2023-04-20 14:30:00+00:00,12.6,30.0,9.6,4.0
2023-04-20 14:40:00+00:00,12.5,30.0,9.5,4.0
2023-04-20 14:50:00+00:00,12.5,30.0,9.6,4.0
2023-04-20 15:00:00+00:00,12.3,30.0,9.6,4.0
2023-04-20 15:10:00+00:00,12.3,30.0,9.6,4.0
2023-04-20 15:20:00+00:00,12.2,29.0,9.6,4.0
2023-04-20 15:30:00+00:00,12.1,29.0,9.5,4.0
2023-04-20 15:40:00+00:00,12.1,29.0,9.5,4.0
2023-04-20 15:50:00+00:00,12.0,29.0,9.5,4.0
2023-04-20 16:00:00+00:00,11.9,29.0,9.5,4.0
2023-04-20 16:10:00+00:00,11.8,29.0,9.5,4.0
2023-04-20 16:20:00+00:00,11.8,29.0,9.5,4.0
2023-04-20 16:30:00+00:00,11.7,29.0,9.5,4.0
2023-04-20 16:40:00+00:00,11.6,29.0,9.5,4.0
2023-04-20 16:50:00+00:00,11.5,29.0,9.5,4.0
2023-04-20 17:00:00+00:00,11.5,29.0,9.5,4.0
2023-04-20 17:10:00+00:00,11.4,29.0,9.5,4.0
2023-04-20 17:20:00+00:00,11.3,29.0,9.5,4.0
2023-04-20 17:30:00+00:00,11.3,28.0,9.5,4.0
2023-04-20 17:40:00+00:00,11.1,26.0,9.5,4.0
2023-04-20 17:50:00+00:00,11.1,27.0,9.5,4.0
2023-04-20 18:00:00+00:00,11.0,26.0,9.5,3.7
2023-04-20 18:10:00+00:00,11.0,25.0,9.5,3.2
2023-04-20 18:20:00+00:00,10.9,26.0,9.5,1.9
2023-04-20 18:30:00+00:00,10.8,25.0,9.5,1.1
2023-04-20 18:40:00+00:00,10.8,26.0,9.5,0.8
2023-04-20 18:50:00+00:00,10.6,25.0,9.5,0.7
2023-04-20 19:00:00+00:00,10.6,25.0,9.5,0.5
2023-04-20 19:10:00+00:00,10.5,25.0,9.5,0.6
2023-04-20 19:20:00+00:00,10.5,25.0,9.5,0.6
2023-04-20 19:30:00+00:00,10.4,25.0,9.5,0.6
2023-04-20 19:40:00+00:00,10.3,26.0,9.5,0.6
2023-04-20 19:50:00+00:00,10.3,26.0,9.5,0.7
2023-04-20 20:00:00+00:00,10.2,26.0,9.5,0.6
2023-04-20 20:10:00+00:00,10.1,27.0,9.5,0.6
2023-04-20 20:20:00+00:00,10.0,27.0,9.5,0.6
2023-04-20 20:30:00+00:00,10.0,27.0,9.5,0.6
2023-04-20 20:40:00+00:00,9.9,29.0,9.5,0.6
2023-04-20 20:50:00+00:00,9.8,29.0,9.5,0.6
2023-04-20 21:00:00+00:00,9.8,30.0,9.5,0.5
2023-04-20 21:10:00+00:00,9.7,30.0,9.5,0.7
2023-04-20 21:20:00+00:00,9.6,30.0,9.5,0.7
2023-04-20 21:30:00+00:00,9.6,30.0,9.5,0.5
2023-04-20 21:40:00+00:00,9.5,30.0,9.5,0.7
2023-04-20 21:50:00+00:00,9.5,30.0,9.5,0.6
2023-04-20 22:00:00+00:00,9.4,30.0,9.5,0.7
2023-04-20 22:10:00+00:00,9.4,30.0,9.5,0.6499999999999999
2023-04-20 22:20:00+00:00,9.4,30.0,9.5,0.6
2023-04-20 22:30:00+00:00,9.3,30.0,9.4,0.6
2023-04-20 22:40:00+00:00,9.3,30.0,9.4,0.6
2023-04-20 22:50:00+00:00,9.2,30.0,9.4,0.6
2023-04-20 23:00:00+00:00,9.1,30.0,9.4,0.6
2023-04-20 23:10:00+00:00,9.1,30.0,9.4,0.6
2023-04-20 23:20:00+00:00,9.0,30.0,9.4,0.6
2023-04-20 23:30:00+00:00,9.0,30.0,9.5,0.7
2023-04-20 23:40:00+00:00,9.0,29.0,9.4,0.5
2023-04-20 23:50:00+00:00,8.9,30.0,9.4,0.6
2023-04-21 00:00:00+00:00,8.8,30.0,9.4,0.6
2023-04-21 00:10:00+00:00,8.8,30.0,9.4,0.6
2023-04-21 00:20:00+00:00,8.7,30.0,9.4,0.6
2023-04-21 00:30:00+00:00,8.6,30.0,9.4,0.7
2023-04-21 00:40:00+00:00,8.6,30.0,9.4,0.4
2023-04-21 00:50:00+00:00,8.6,30.0,9.4,0.6
2023-04-21 01:00:00+00:00,8.5,30.0,9.4,0.6
2023-04-21 01:10:00+00:00,8.5,30.0,9.4,0.6
2023-04-21 01:20:00+00:00,8.4,30.0,9.4,0.7
2023-04-21 01:30:00+00:00,8.4,30.0,9.4,0.6
2023-04-21 01:40:00+00:00,8.3,30.0,9.4,0.6
2023-04-21 01:50:00+00:00,8.3,30.0,9.4,0.6
2023-04-21 02:00:00+00:00,8.2,30.0,9.4,0.7
2023-04-21 02:10:00+00:00,8.2,30.0,9.4,0.6
2023-04-21 02:20:00+00:00,8.1,30.0,9.4,0.6
2023-04-21 02:30:00+00:00,8.1,30.0,9.4,0.7
2023-04-21 02:40:00+00:00,8.1,30.0,9.4,0.6
2023-04-21 02:50:00+00:00,8.0,30.0,9.4,1.0
2023-04-21 03:00:00+00:00,8.0,30.0,9.4,1.7
2023-04-21 03:10:00+00:00,7.9,30.0,9.4,2.8
2023-04-21 03:20:00+00:00,7.9,31.0,9.4,3.4
2023-04-21 03:30:00+00:00,7.8,31.0,9.4,4.0
2023-04-21 03:40:00+00:00,7.8,31.0,9.4,4.0
2023-04-21 03:50:00+00:00,7.8,31.0,9.4,4.0
2023-04-21 04:00:00+00:00,7.7,31.0,9.4,4.0
2023-04-21 04:10:00+00:00,7.7,31.0,9.4,4.0
2023-04-21 04:20:00+00:00,7.6,31.0,9.4,4.0
2023-04-21 04:30:00+00:00,7.6,31.0,9.4,4.0
2023-04-21 04:40:00+00:00,7.6,32.0,9.4,4.0
2023-04-21 04:50:00+00:00,7.6,32.0,9.4,4.0
2023-04-21 05:00:00+00:00,7.6,31.0,9.6,4.1
2023-04-21 05:10:00+00:00,7.6,31.0,9.6,4.0
2023-04-21 05:20:00+00:00,7.7,30.0,9.7,4.0
2023-04-21 05:30:00+00:00,7.8,30.0,9.7,4.0
2023-04-21 05:40:00+00:00,7.8,30.0,9.7,4.1
2023-04-21 05:50:00+00:00,7.8,30.0,9.7,4.0
2023-04-21 06:00:00+00:00,7.9,30.0,9.7,4.1
2023-04-21 06:10:00+00:00,8.0,30.0,9.7,4.1
2023-04-21 06:20:00+00:00,8.0,29.0,9.8,4.1
2023-04-21 06:30:00+00:00,8.1,30.0,9.8,4.1
2023-04-21 06:40:00+00:00,8.2,29.0,9.8,4.1
2023-04-21 06:50:00+00:00,8.3,30.0,9.8,5.8
2023-04-21 07:00:00+00:00,8.5,30.0,9.8,5.9
2023-04-21 07:10:00+00:00,8.6,31.0,9.8,5.9
2023-04-21 07:20:00+00:00,8.7,30.0,9.8,6.0
2023-04-21 07:30:00+00:00,8.9,29.0,9.8,6.0
2023-04-21 07:40:00+00:00,9.1,28.0,9.9,6.0
2023-04-21 07:50:00+00:00,9.2,28.0,9.7,6.0
2023-04-21 08:00:00+00:00,9.5,27.0,9.7,6.0
2023-04-21 08:10:00+00:00,9.6,27.0,9.7,6.0
2023-04-21 08:20:00+00:00,9.8,26.0,9.8,6.0
2023-04-21 08:30:00+00:00,10.1,25.0,9.9,6.0
2023-04-21 08:40:00+00:00,10.3,24.0,9.9,6.0
2023-04-21 08:50:00+00:00,10.5,24.0,9.8,6.0
2023-04-21 09:00:00+00:00,10.8,23.0,9.8,6.0
2023-04-21 09:10:00+00:00,11.0,22.0,9.8,6.0
2023-04-21 09:20:00+00:00,11.3,22.0,9.8,6.0
2023-04-21 09:30:00+00:00,11.5,21.0,9.9,6.0
2023-04-21 09:40:00+00:00,11.7,21.0,9.9,6.0
2023-04-21 09:50:00+00:00,12.0,22.0,9.9,6.1
2023-04-21 10:00:00+00:00,12.2,21.0,9.9,6.1
2023-04-21 10:10:00+00:00,12.4,22.0,9.8,6.1
2023-04-21 10:20:00+00:00,12.6,21.0,9.8,6.1
2023-04-21 10:30:00+00:00,12.9,21.0,9.8,6.1
2023-04-21 10:40:00+00:00,13.1,20.0,9.8,6.0
2023-04-21 10:50:00+00:00,13.4,20.0,9.8,6.1
2023-04-21 11:00:00+00:00,13.6,21.0,9.8,6.0
2023-04-21 11:10:00+00:00,13.8,20.0,9.8,6.1
2023-04-21 11:20:00+00:00,13.9,21.0,9.8,6.0
2023-04-21 11:30:00+00:00,14.1,20.0,9.8,6.0
2023-04-21 11:40:00+00:00,14.1,20.0,9.8,6.0
2023-04-21 11:50:00+00:00,14.2,22.0,9.8,6.0
2023-04-21 12:00:00+00:00,14.3,23.0,9.7,6.0
2023-04-21 12:10:00+00:00,14.3,23.0,9.7,5.9
2023-04-21 12:20:00+00:00,14.3,22.0,9.7,5.9
2023-04-21 12:30:00+00:00,14.3,23.0,9.7,5.7
2023-04-21 12:40:00+00:00,14.3,30.0,9.7,4.1
2023-04-21 12:50:00+00:00,14.2,34.0,9.6,4.0
2023-04-21 13:00:00+00:00,14.1,38.0,9.6,4.0
2023-04-21 13:10:00+00:00,14.1,38.0,9.6,4.0
2023-04-21 13:20:00+00:00,14.0,38.0,9.6,4.0
2023-04-21 13:30:00+00:00,14.0,39.0,9.6,4.0
2023-04-21 13:40:00+00:00,13.8,37.0,9.5,4.0
2023-04-21 13:50:00+00:00,13.8,37.0,9.5,4.0
2023-04-21 14:00:00+00:00,13.6,37.0,9.5,4.0
2023-04-21 14:10:00+00:00,13.6,37.0,9.5,4.0
2023-04-21 14:20:00+00:00,13.5,36.0,9.5,4.0
2023-04-21 14:30:00+00:00,13.4,36.0,9.5,4.0
2023-04-21 14:40:00+00:00,13.3,36.0,9.5,4.0
2023-04-21 14:50:00+00:00,13.2,36.0,9.5,4.0
2023-04-21 15:00:00+00:00,13.1,36.0,9.5,4.0
2023-04-21 15:10:00+00:00,13.0,36.0,9.5,4.0
2023-04-21 15:20:00+00:00,12.9,36.0,9.5,4.0
2023-04-21 15:30:00+00:00,12.8,36.0,9.5,4.0
2023-04-21 15:40:00+00:00,12.7,36.0,9.5,4.0
2023-04-21 15:50:00+00:00,12.6,35.0,9.5,4.0
2023-04-21 16:00:00+00:00,12.5,35.0,9.5,4.0
2023-04-21 16:10:00+00:00,12.4,35.0,9.5,4.0
2023-04-21 16:20:00+00:00,12.3,35.0,9.5,4.0
2023-04-21 16:30:00+00:00,12.2,35.0,9.5,4.0
2023-04-21 16:40:00+00:00,12.1,35.0,9.5,4.0
2023-04-21 16:50:00+00:00,12.0,35.0,9.5,4.0
2023-04-21 17:00:00+00:00,12.0,34.0,9.5,4.0
2023-04-21 17:10:00+00:00,11.9,35.0,9.5,4.0
2023-04-21 17:20:00+00:00,11.8,35.0,9.5,4.0
2023-04-21 17:30:00+00:00,11.7,35.0,9.5,4.0
2023-04-21 17:40:00+00:00,11.6,35.0,9.5,4.0
2023-04-21 17:50:00+00:00,11.5,35.0,9.5,4.0
2023-04-21 18:00:00+00:00,11.5,35.0,9.5,3.7
2023-04-21 18:10:00+00:00,11.4,35.0,9.5,3.7
2023-04-21 18:20:00+00:00,11.3,35.0,9.5,2.7
2023-04-21 18:30:00+00:00,11.2,35.0,9.5,1.4
2023-04-21 18:40:00+00:00,11.1,35.0,9.5,0.8
2023-04-21 18:50:00+00:00,11.1,35.0,9.5,0.7
2023-04-21 19:00:00+00:00,11.0,35.0,9.5,0.6
2023-04-21 19:10:00+00:00,10.9,36.0,9.5,0.6
2023-04-21 19:20:00+00:00,10.8,36.0,9.5,0.7
2023-04-21 19:30:00+00:00,10.8,35.0,9.5,0.6
2023-04-21 19:40:00+00:00,10.6,35.0,9.5,0.6
2023-04-21 19:50:00+00:00,10.6,35.0,9.5,0.6
2023-04-21 20:00:00+00:00,10.5,35.0,9.5,0.7
2023-04-21 20:10:00+00:00,10.5,35.0,9.5,0.6
2023-04-21 20:20:00+00:00,10.4,35.0,9.4,0.7
2023-04-21 20:30:00+00:00,10.3,35.0,9.4,0.6
2023-04-21 20:40:00+00:00,10.3,35.0,9.5,0.7
2023-04-21 20:50:00+00:00,10.1,35.0,9.5,0.6
2023-04-21 21:00:00+00:00,10.1,35.0,9.4,0.6
2023-04-21 21:10:00+00:00,10.0,35.0,9.5,0.7
2023-04-21 21:20:00+00:00,10.0,35.0,9.4,0.6
2023-04-21 21:30:00+00:00,9.9,35.0,9.4,0.6
2023-04-21 21:40:00+00:00,9.8,35.0,9.4,0.6
2023-04-21 21:50:00+00:00,9.8,36.0,9.4,0.6
2023-04-21 22:00:00+00:00,9.7,36.0,9.4,0.6
2023-04-21 22:10:00+00:00,9.6,36.0,9.4,0.6
2023-04-21 22:20:00+00:00,9.6,36.0,9.4,0.6
2023-04-21 22:30:00+00:00,9.5,35.0,9.4,0.7
2023-04-21 22:40:00+00:00,9.5,35.0,9.4,0.7
2023-04-21 22:50:00+00:00,9.4,35.0,9.4,0.6
2023-04-21 23:00:00+00:00,9.3,36.0,9.4,0.6
2023-04-21 23:10:00+00:00,9.3,36.0,9.4,0.6
2023-04-21 23:20:00+00:00,9.2,35.0,9.4,0.5
2023-04-21 23:30:00+00:00,9.1,35.0,9.4,0.6
2023-04-21 23:40:00+00:00,9.1,35.0,9.4,0.6
2023-04-21 23:50:00+00:00,9.0,36.0,9.4,0.6
2023-04-22 00:00:00+00:00,9.0,35.0,9.4,0.6
2023-04-22 00:10:00+00:00,9.0,35.0,9.4,0.6
2023-04-22 00:20:00+00:00,8.9,36.0,9.4,0.7
2023-04-22 00:30:00+00:00,8.8,36.0,9.4,0.6
2023-04-22 00:40:00+00:00,8.8,35.0,9.4,0.6
2023-04-22 00:50:00+00:00,8.7,35.0,9.4,0.7
2023-04-22 01:00:00+00:00,8.6,35.0,9.4,0.6
2023-04-22 01:10:00+00:00,8.6,36.0,9.4,0.6
2023-04-22 01:20:00+00:00,8.5,36.0,9.4,0.6
2023-04-22 01:30:00+00:00,8.5,36.0,9.4,0.6
2023-04-22 01:40:00+00:00,8.5,36.0,9.4,0.6
2023-04-22 01:50:00+00:00,8.4,36.0,9.4,0.6
2023-04-22 02:00:00+00:00,8.3,36.0,9.4,0.6
2023-04-22 02:10:00+00:00,8.3,36.0,9.4,0.6
2023-04-22 02:20:00+00:00,8.3,36.0,9.4,0.7
2023-04-22 02:30:00+00:00,8.2,36.0,9.4,0.7
2023-04-22 02:40:00+00:00,8.1,36.0,9.4,0.9
2023-04-22 02:50:00+00:00,8.1,36.0,9.4,1.4
2023-04-22 03:00:00+00:00,8.1,36.0,9.4,2.5
2023-04-22 03:10:00+00:00,8.0,35.0,9.4,3.4
2023-04-22 03:20:00+00:00,8.0,35.0,9.4,3.5
2023-04-22 03:30:00+00:00,8.0,36.0,9.4,4.0
2023-04-22 03:40:00+00:00,7.9,36.0,9.4,4.0
2023-04-22 03:50:00+00:00,7.9,36.0,9.4,4.0
2023-04-22 04:00:00+00:00,7.8,36.0,9.4,4.0
2023-04-22 04:10:00+00:00,7.8,36.0,9.4,4.0
2023-04-22 04:20:00+00:00,7.8,36.0,9.4,4.0
2023-04-22 04:30:00+00:00,7.8,37.0,9.4,4.0
2023-04-22 04:40:00+00:00,7.8,39.0,9.5,4.0
2023-04-22 04:50:00+00:00,7.7,41.0,9.5,4.0
2023-04-22 05:00:00+00:00,7.8,36.0,9.6,4.0
2023-04-22 05:10:00+00:00,7.8,36.0,9.6,4.0
2023-04-22 05:20:00+00:00,7.8,36.0,9.7,4.0
2023-04-22 05:30:00+00:00,7.9,35.0,9.7,4.0
2023-04-22 05:40:00+00:00,8.0,35.0,9.7,4.0
2023-04-22 05:50:00+00:00,8.0,35.0,9.8,4.0
2023-04-22 06:00:00+00:00,8.1,35.0,9.8,4.0
2023-04-22 06:10:00+00:00,8.2,34.0,9.8,4.1
2023-04-22 06:20:00+00:00,8.3,34.0,9.8,4.1
2023-04-22 06:30:00+00:00,8.4,34.0,9.8,4.1
2023-04-22 06:40:00+00:00,8.5,34.0,9.9,5.6
2023-04-22 06:50:00+00:00,8.6,34.0,9.9,5.8
2023-04-22 07:00:00+00:00,8.8,33.0,9.9,5.8
2023-04-22 07:10:00+00:00,9.0,33.0,9.9,5.9
2023-04-22 07:20:00+00:00,9.1,32.0,9.9,5.9
2023-04-22 07:30:00+00:00,9.3,32.0,9.9,6.0
2023-04-22 07:40:00+00:00,9.6,32.0,9.9,6.0
2023-04-22 07:50:00+00:00,9.8,31.0,9.9,5.9
2023-04-22 08:00:00+00:00,10.0,30.0,9.9,6.0
2023-04-22 08:10:00+00:00,10.3,30.0,9.9,5.9
2023-04-22 08:20:00+00:00,10.5,30.0,9.9,6.0
2023-04-22 08:30:00+00:00,10.7,30.0,9.9,5.9
2023-04-22 08:40:00+00:00,11.0,30.0,9.9,6.0
2023-04-22 08:50:00+00:00,11.2,29.0,9.9,6.0
2023-04-22 09:00:00+00:00,11.5,29.0,9.9,6.0
2023-04-22 09:10:00+00:00,11.7,28.0,9.9,5.9
2023-04-22 09:20:00+00:00,12.0,28.0,9.9,6.0
2023-04-22 09:30:00+00:00,12.3,28.0,9.9,6.0
2023-04-22 09:40:00+00:00,12.5,28.0,9.9,6.0
2023-04-22 09:50:00+00:00,12.7,28.0,9.9,6.0
2023-04-22 10:00:00+00:00,12.9,54.0,9.9,6.0
2023-04-22 10:10:00+00:00,13.1,51.0,9.9,6.0
2023-04-22 10:20:00+00:00,13.4,50.0,9.9,6.0
2023-04-22 10:30:00+00:00,13.6,48.0,9.9,6.0
2023-04-22 10:40:00+00:00,13.9,47.0,9.9,6.0
2023-04-22 10:50:00+00:00,14.1,46.0,9.9,6.0
2023-04-22 11:00:00+00:00,14.4,46.0,9.8,6.0
2023-04-22 11:10:00+00:00,14.6,45.0,9.8,6.0
2023-04-22 11:20:00+00:00,14.8,45.0,9.8,6.0
2023-04-22 11:30:00+00:00,14.9,44.0,9.8,6.0
2023-04-22 11:40:00+00:00,15.0,44.0,9.8,6.0
2023-04-22 11:50:00+00:00,15.0,44.0,9.8,6.0
2023-04-22 12:00:00+00:00,15.1,43.0,9.8,6.0
2023-04-22 12:10:00+00:00,15.1,43.0,9.7,5.9
2023-04-22 12:20:00+00:00,15.0,43.0,9.7,5.9
2023-04-22 12:30:00+00:00,15.1,43.0,9.7,5.8
2023-04-22 12:40:00+00:00,15.1,43.0,9.7,4.0
2023-04-22 12:50:00+00:00,15.0,42.0,9.6,4.0
2023-04-22 13:00:00+00:00,14.9,42.0,9.6,4.0
2023-04-22 13:10:00+00:00,14.8,42.0,9.6,4.0
2023-04-22 13:20:00+00:00,14.8,42.0,9.6,4.0
2023-04-22 13:30:00+00:00,14.7,42.0,9.6,4.0
2023-04-22 13:40:00+00:00,14.6,42.0,9.6,4.0
2023-04-22 13:50:00+00:00,14.5,42.0,9.6,4.0
2023-04-22 14:00:00+00:00,14.4,41.0,9.6,4.0
2023-04-22 14:10:00+00:00,14.3,41.0,9.6,4.0
2023-04-22 14:20:00+00:00,14.2,41.0,9.6,4.0
2023-04-22 14:30:00+00:00,14.1,41.0,9.6,4.0
2023-04-22 14:40:00+00:00,14.0,41.0,9.6,4.0
2023-04-22 14:50:00+00:00,14.0,41.0,9.6,4.0
2023-04-22 15:00:00+00:00,13.8,40.0,9.6,4.0
2023-04-22 15:10:00+00:00,13.8,40.0,9.6,4.0
2023-04-22 15:20:00+00:00,13.6,40.0,9.6,4.0
2023-04-22 15:30:00+00:00,13.6,40.0,9.6,4.0
2023-04-22 15:40:00+00:00,13.5,40.0,9.6,4.0
2023-04-22 15:50:00+00:00,13.4,40.0,9.6,4.0
2023-04-22 16:00:00+00:00,13.3,40.0,9.6,4.0
2023-04-22 16:10:00+00:00,13.2,40.0,9.6,4.0
2023-04-22 16:20:00+00:00,13.1,40.0,9.5,4.0
2023-04-22 16:30:00+00:00,13.0,40.0,9.6,4.0
2023-04-22 16:40:00+00:00,13.0,40.0,9.5,4.0
2023-04-22 16:50:00+00:00,12.9,40.0,9.5,4.0
2023-04-22 17:00:00+00:00,12.8,40.0,9.5,4.0
2023-04-22 17:10:00+00:00,12.7,40.0,9.5,4.0
2023-04-22 17:20:00+00:00,12.6,40.0,9.5,4.0
2023-04-22 17:30:00+00:00,12.6,40.0,9.5,4.0
2023-04-22 17:40:00+00:00,12.5,40.0,9.5,4.0
2023-04-22 17:50:00+00:00,12.4,39.0,9.5,3.9
2023-04-22 18:00:00+00:00,12.3,39.0,9.5,3.8
2023-04-22 18:10:00+00:00,12.3,39.0,9.5,2.9
2023-04-22 18:20:00+00:00,12.2,39.0,9.5,1.8
2023-04-22 18:30:00+00:00,12.1,39.0,9.5,1.0
2023-04-22 18:40:00+00:00,12.0,39.0,9.5,0.7
2023-04-22 18:50:00+00:00,12.0,39.0,9.5,0.7
2023-04-22 19:00:00+00:00,11.9,39.0,9.5,0.6
2023-04-22 19:10:00+00:00,11.8,39.0,9.5,0.6
2023-04-22 19:20:00+00:00,11.8,39.0,9.5,0.6
2023-04-22 19:30:00+00:00,11.7,39.0,9.5,0.6
2023-04-22 19:40:00+00:00,11.6,40.0,9.5,0.6
2023-04-22 19:50:00+00:00,11.5,39.0,9.5,0.4
2023-04-22 20:00:00+00:00,11.5,39.0,9.5,0.6
2023-04-22 20:10:00+00:00,11.4,39.0,9.5,0.6
2023-04-22 20:20:00+00:00,11.3,39.0,9.5,0.5
2023-04-22 20:30:00+00:00,11.3,39.0,9.5,0.5
2023-04-22 20:40:00+00:00,11.2,39.0,9.5,0.6
2023-04-22 20:50:00+00:00,11.1,39.0,9.5,0.6
2023-04-22 21:00:00+00:00,11.1,39.0,9.5,0.6
2023-04-22 21:10:00+00:00,11.0,40.0,9.5,0.6
2023-04-22 21:20:00+00:00,11.0,39.0,9.5,0.6
2023-04-22 21:30:00+00:00,10.9,39.0,9.5,0.5
2023-04-22 21:40:00+00:00,10.8,39.0,9.5,0.6
2023-04-22 21:50:00+00:00,10.8,39.0,9.5,0.6
2023-04-22 22:00:00+00:00,10.7,39.0,9.5,0.6
2023-04-22 22:10:00+00:00,10.6,39.0,9.5,0.6
2023-04-22 22:20:00+00:00,10.6,39.0,9.5,0.6
2023-04-22 22:30:00+00:00,10.5,39.0,9.5,0.6
2023-04-22 22:40:00+00:00,10.5,39.0,9.5,0.6
2023-04-22 22:50:00+00:00,10.5,39.0,9.5,0.7
2023-04-22 23:00:00+00:00,10.4,39.0,9.5,0.6
2023-04-22 23:10:00+00:00,10.3,39.0,9.5,0.6
2023-04-22 23:20:00+00:00,10.3,39.0,9.5,0.6
2023-04-22 23:30:00+00:00,10.2,39.0,9.5,0.6
2023-04-22 23:40:00+00:00,10.2,39.0,9.5,0.6
2023-04-22 23:50:00+00:00,10.1,39.0,9.5,0.6
2023-04-23 00:00:00+00:00,10.1,39.0,9.5,0.6
2023-04-23 00:10:00+00:00,10.0,39.0,9.5,0.6
2023-04-23 00:20:00+00:00,10.0,39.0,9.5,0.6
2023-04-23 00:30:00+00:00,10.0,39.0,9.5,0.6
2023-04-23 00:40:00+00:00,9.9,39.0,9.5,0.6
2023-04-23 00:50:00+00:00,9.9,39.0,9.5,0.6
2023-04-23 01:00:00+00:00,9.8,40.0,9.5,0.6
2023-04-23 01:10:00+00:00,9.8,39.0,9.5,0.6
2023-04-23 01:20:00+00:00,9.8,39.0,9.5,0.6
2023-04-23 01:30:00+00:00,9.7,39.0,9.5,0.6
2023-04-23 01:40:00+00:00,9.6,39.0,9.5,0.6
2023-04-23 01:50:00+00:00,9.6,40.0,9.5,0.4
2023-04-23 02:00:00+00:00,9.6,40.0,9.5,0.6
2023-04-23 02:10:00+00:00,9.6,39.0,9.5,0.5
2023-04-23 02:20:00+00:00,9.5,40.0,9.5,0.7
2023-04-23 02:30:00+00:00,9.5,40.0,9.5,0.7
2023-04-23 02:40:00+00:00,9.5,40.0,9.5,0.9
2023-04-23 02:50:00+00:00,9.5,40.0,9.5,1.6
2023-04-23 03:00:00+00:00,9.4,40.0,9.5,2.7
2023-04-23 03:10:00+00:00,9.3,40.0,9.5,3.4
2023-04-23 03:20:00+00:00,9.3,40.0,9.5,3.6
2023-04-23 03:30:00+00:00,9.3,40.0,9.5,4.0
2023-04-23 03:40:00+00:00,9.3,40.0,9.5,4.0
2023-04-23 03:50:00+00:00,9.2,40.0,9.5,4.0
2023-04-23 04:00:00+00:00,9.2,39.0,9.5,4.0
2023-04-23 04:10:00+00:00,9.1,39.0,9.5,4.0
2023-04-23 04:20:00+00:00,9.1,39.0,9.5,4.0
2023-04-23 04:30:00+00:00,9.1,40.0,9.5,4.0
2023-04-23 04:40:00+00:00,9.1,39.0,9.5,4.0
2023-04-23 04:50:00+00:00,9.1,39.0,9.6,4.0
2023-04-23 05:00:00+00:00,9.2,39.0,9.6,4.0
2023-04-23 05:10:00+00:00,9.2,39.0,9.7,4.0
2023-04-23 05:20:00+00:00,9.3,40.0,9.7,4.1
2023-04-23 05:30:00+00:00,9.3,38.0,9.7,4.0
2023-04-23 05:40:00+00:00,9.4,39.0,9.8,4.1
2023-04-23 05:50:00+00:00,9.5,38.0,9.8,4.1
2023-04-23 06:00:00+00:00,9.6,38.0,9.8,4.0
2023-04-23 06:10:00+00:00,9.6,38.0,9.7,4.1
2023-04-23 06:20:00+00:00,9.8,38.0,9.6,4.1
2023-04-23 06:30:00+00:00,9.9,37.0,9.4,4.1
2023-04-23 06:40:00+00:00,10.0,37.0,9.3,4.8
2023-04-23 06:50:00+00:00,10.2,37.0,9.2,5.6
2023-04-23 07:00:00+00:00,10.3,36.0,9.0,5.7
2023-04-23 07:10:00+00:00,10.5,36.0,8.7,5.8
2023-04-23 07:20:00+00:00,10.7,36.0,8.5,5.8
2023-04-23 07:30:00+00:00,10.9,35.0,8.4,5.9
2023-04-23 07:40:00+00:00,11.1,35.0,8.5,5.9
2023-04-23 07:50:00+00:00,11.3,34.0,8.1,5.9
2023-04-23 08:00:00+00:00,11.5,34.0,7.7,5.9
2023-04-23 08:10:00+00:00,11.8,34.0,7.6,5.9
2023-04-23 08:20:00+00:00,12.0,34.0,7.3,5.9
2023-04-23 08:30:00+00:00,12.2,33.0,7.3,5.9
2023-04-23 08:40:00+00:00,12.5,33.0,7.2,5.9
2023-04-23 08:50:00+00:00,12.6,33.0,7.2,5.9
2023-04-23 09:00:00+00:00,12.9,33.0,7.1,5.9
2023-04-23 09:10:00+00:00,13.1,32.0,7.1,6.0
2023-04-23 09:20:00+00:00,13.4,32.0,7.2,5.9
2023-04-23 09:30:00+00:00,13.6,32.0,7.1,6.0
2023-04-23 09:40:00+00:00,13.8,31.0,7.2,6.0
2023-04-23 09:50:00+00:00,14.0,31.0,7.1,6.0
2023-04-23 10:00:00+00:00,14.3,31.0,7.2,5.9
2023-04-23 10:10:00+00:00,14.5,31.0,7.3,5.9
2023-04-23 10:20:00+00:00,14.7,31.0,7.2,6.0
2023-04-23 10:30:00+00:00,14.9,31.0,7.2,6.0
2023-04-23 10:40:00+00:00,15.1,31.0,7.2,6.0
2023-04-23 10:50:00+00:00,15.4,31.0,7.2,5.9
2023-04-23 11:00:00+00:00,15.6,31.0,7.2,6.0
2023-04-23 11:10:00+00:00,15.8,31.0,7.3,5.9
2023-04-23 11:20:00+00:00,16.0,31.0,7.5,5.9
2023-04-23 11:30:00+00:00,16.1,31.0,7.6,5.9
2023-04-23 11:40:00+00:00,16.1,31.0,7.8,5.9
2023-04-23 11:50:00+00:00,16.1,32.0,7.9,5.9
2023-04-23 12:00:00+00:00,16.2,32.0,8.2,5.9
2023-04-23 12:10:00+00:00,16.1,32.0,8.6,5.8
2023-04-23 12:20:00+00:00,16.1,32.0,8.8,5.7
2023-04-23 12:30:00+00:00,16.2,33.0,9.0,5.6
2023-04-23 12:40:00+00:00,16.2,32.0,9.2,4.0
2023-04-23 12:50:00+00:00,16.1,32.0,9.2,4.0
2023-04-23 13:00:00+00:00,16.1,32.0,9.1,4.0
2023-04-23 13:10:00+00:00,16.0,32.0,9.2,4.0
2023-04-23 13:20:00+00:00,16.0,32.0,9.2,4.0
2023-04-23 13:30:00+00:00,15.8,33.0,9.2,4.0
2023-04-23 13:40:00+00:00,15.8,32.0,9.2,4.0
2023-04-23 13:50:00+00:00,15.7,32.0,9.1,4.0
2023-04-23 14:00:00+00:00,15.6,32.0,9.1,4.0
2023-04-23 14:10:00+00:00,15.6,32.0,9.1,4.0
2023-04-23 14:20:00+00:00,15.5,32.0,9.1,4.0
2023-04-23 14:30:00+00:00,15.4,32.0,9.1,4.0
2023-04-23 14:40:00+00:00,15.3,32.0,9.0,4.0
2023-04-23 14:50:00+00:00,15.2,32.0,9.0,4.0
2023-04-23 15:00:00+00:00,15.1,32.0,9.0,4.0
2023-04-23 15:10:00+00:00,15.1,32.0,9.0,4.0
2023-04-23 15:20:00+00:00,15.0,32.0,9.0,4.0
2023-04-23 15:30:00+00:00,15.0,32.0,9.0,4.0
2023-04-23 15:40:00+00:00,14.9,32.0,8.9,4.0
2023-04-23 15:50:00+00:00,14.8,32.0,8.9,4.0
2023-04-23 16:00:00+00:00,14.8,32.0,9.2,4.0
2023-04-23 16:10:00+00:00,14.7,32.0,9.3,4.0
2023-04-23 16:20:00+00:00,14.6,32.0,9.4,4.0
2023-04-23 16:30:00+00:00,14.6,32.0,9.4,4.0
2023-04-23 16:40:00+00:00,14.5,31.0,9.4,4.0
2023-04-23 16:50:00+00:00,14.5,32.0,9.4,4.0
2023-04-23 17:00:00+00:00,14.4,32.0,9.5,4.0
2023-04-23 17:10:00+00:00,14.3,32.0,9.5,4.0
2023-04-23 17:20:00+00:00,14.3,32.0,9.5,4.0
2023-04-23 17:30:00+00:00,14.2,32.0,9.5,4.0
2023-04-23 17:40:00+00:00,14.1,32.0,9.6,3.8
2023-04-23 17:50:00+00:00,14.1,32.0,9.6,3.2
2023-04-23 18:00:00+00:00,14.0,32.0,9.6,2.8
2023-04-23 18:10:00+00:00,14.0,32.0,9.6,1.8
2023-04-23 18:20:00+00:00,14.0,32.0,9.6,1.0
2023-04-23 18:30:00+00:00,13.9,32.0,9.6,0.7
2023-04-23 18:40:00+00:00,13.8,32.0,9.6,0.7
2023-04-23 18:50:00+00:00,13.8,32.0,9.6,0.6
2023-04-23 19:00:00+00:00,13.7,32.0,9.6,0.4
2023-04-23 19:10:00+00:00,13.6,33.0,9.6,0.6
2023-04-23 19:20:00+00:00,13.6,32.0,9.6,0.6
2023-04-23 19:30:00+00:00,13.6,32.0,9.6,0.6
2023-04-23 19:40:00+00:00,13.5,32.0,9.6,0.6
2023-04-23 19:50:00+00:00,13.5,33.0,9.6,0.6
2023-04-23 20:00:00+00:00,13.4,33.0,9.6,0.6
2023-04-23 20:10:00+00:00,13.4,33.0,9.6,0.6
2023-04-23 20:20:00+00:00,13.3,33.0,9.6,0.6
2023-04-23 20:30:00+00:00,13.3,33.0,9.6,0.6
2023-04-23 20:40:00+00:00,13.3,33.0,9.6,0.6
2023-04-23 20:50:00+00:00,13.2,33.0,9.6,0.6
2023-04-23 21:00:00+00:00,13.1,33.0,9.6,0.4
2023-04-23 21:10:00+00:00,13.1,33.0,9.6,0.6
2023-04-23 21:20:00+00:00,13.1,33.0,9.6,0.6
2023-04-23 21:30:00+00:00,13.0,33.0,9.6,0.6
2023-04-23 21:40:00+00:00,13.0,33.0,9.6,0.6
2023-04-23 21:50:00+00:00,13.0,33.0,9.6,0.6
2023-04-23 22:00:00+00:00,12.9,32.0,9.6,0.5
2023-04-23 22:10:00+00:00,12.9,33.0,9.6,0.6
2023-04-23 22:20:00+00:00,12.8,33.0,9.6,0.6
2023-04-23 22:30:00+00:00,12.8,33.0,9.6,0.6
2023-04-23 22:40:00+00:00,12.8,33.0,9.5,0.6
2023-04-23 22:50:00+00:00,12.7,33.0,9.6,0.6
2023-04-23 23:00:00+00:00,12.7,33.0,9.5,0.6
2023-04-23 23:10:00+00:00,12.6,33.0,9.6,0.6
2023-04-23 23:20:00+00:00,12.6,33.0,9.5,0.6
2023-04-23 23:30:00+00:00,12.6,33.0,9.5,0.6
2023-04-23 23:40:00+00:00,12.5,33.0,9.5,0.6
2023-04-23 23:50:00+00:00,12.5,33.0,9.5,0.6
2023-04-24 00:00:00+00:00,12.5,33.0,9.6,0.5
2023-04-24 00:10:00+00:00,12.5,33.0,9.6,0.6
2023-04-24 00:20:00+00:00,12.4,33.0,9.6,0.6
2023-04-24 00:30:00+00:00,12.4,33.0,9.5,0.6
2023-04-24 00:40:00+00:00,12.3,33.0,9.6,0.6
2023-04-24 00:50:00+00:00,12.3,33.0,9.5,0.6
2023-04-24 01:00:00+00:00,12.3,33.0,9.5,0.6
2023-04-24 01:10:00+00:00,12.3,33.0,9.5,0.6
2023-04-24 01:20:00+00:00,12.3,33.0,9.6,0.6
2023-04-24 01:30:00+00:00,12.2,33.0,9.5,0.6
2023-04-24 01:40:00+00:00,12.2,33.0,9.5,0.6
2023-04-24 01:50:00+00:00,12.1,33.0,9.5,0.6
2023-04-24 02:00:00+00:00,12.1,33.0,9.5,0.6
2023-04-24 02:10:00+00:00,12.1,33.0,9.5,0.6
2023-04-24 02:20:00+00:00,12.1,33.0,9.5,0.6
2023-04-24 02:30:00+00:00,12.0,33.0,9.5,0.7
2023-04-24 02:40:00+00:00,12.0,33.0,9.5,0.7
2023-04-24 02:50:00+00:00,12.0,33.0,9.5,0.9
2023-04-24 03:00:00+00:00,12.0,33.0,9.5,1.6
2023-04-24 03:10:00+00:00,11.9,33.0,9.5,2.4
2023-04-24 03:20:00+00:00,11.9,33.0,9.5,3.0
2023-04-24 03:30:00+00:00,11.9,33.0,9.5,3.4
2023-04-24 03:40:00+00:00,11.8,33.0,9.5,3.4
2023-04-24 03:50:00+00:00,11.8,33.0,9.5,3.4
2023-04-24 04:00:00+00:00,11.8,33.0,9.5,3.7
2023-04-24 04:10:00+00:00,11.8,33.0,9.5,3.8
2023-04-24 04:20:00+00:00,11.8,33.0,9.5,4.0
2023-04-24 04:30:00+00:00,11.7,33.0,9.5,4.0
2023-04-24 04:40:00+00:00,11.7,33.0,9.5,4.0
2023-04-24 04:50:00+00:00,11.7,33.0,9.5,4.0
2023-04-24 05:00:00+00:00,11.7,33.0,9.5,4.0
2023-04-24 05:10:00+00:00,11.6,33.0,9.5,4.0
2023-04-24 05:20:00+00:00,11.6,33.0,9.6,4.0
2023-04-24 05:30:00+00:00,11.6,32.0,9.5,4.0
2023-04-24 05:40:00+00:00,11.6,33.0,9.6,4.0
2023-04-24 05:50:00+00:00,11.6,33.0,9.6,4.0
2023-04-24 06:00:00+00:00,11.6,33.0,9.6,4.0
2023-04-24 06:10:00+00:00,11.6,33.0,9.6,4.0
2023-04-24 06:20:00+00:00,11.6,33.0,9.5,4.0
2023-04-24 06:30:00+00:00,11.6,33.0,9.6,4.0
2023-04-24 06:40:00+00:00,11.6,33.0,9.6,4.0
2023-04-24 06:50:00+00:00,11.6,32.0,9.6,4.0
2023-04-24 07:00:00+00:00,11.6,33.0,9.6,4.0
2023-04-24 07:10:00+00:00,11.6,32.0,9.6,4.0
2023-04-24 07:20:00+00:00,11.6,32.0,9.6,4.0
2023-04-24 07:30:00+00:00,11.6,32.0,9.6,4.0
2023-04-24 07:40:00+00:00,11.6,32.0,9.6,4.0
2023-04-24 07:50:00+00:00,11.6,32.0,9.6,4.0
2023-04-24 08:00:00+00:00,11.6,32.0,9.6,4.0
2023-04-24 08:10:00+00:00,11.6,32.0,9.6,4.0
2023-04-24 08:20:00+00:00,11.6,32.0,9.6,4.0
2023-04-24 08:30:00+00:00,11.589667896678966,32.095940959409596,9.599630996309962,4.0
2023-04-24 08:40:00+00:00,11.579335793357933,32.191881918819185,9.599261992619926,4.0
2023-04-24 08:50:00+00:00,11.5690036900369,32.28782287822878,9.598892988929888,4.0
2023-04-24 09:00:00+00:00,11.558671586715867,32.38376383763838,9.598523985239853,4.0
2023-04-24 09:10:00+00:00,11.548339483394834,32.47970479704797,9.598154981549815,4.0
2023-04-24 09:20:00+00:00,11.5380073800738,32.57564575645756,9.597785977859779,4.0
2023-04-24 09:30:00+00:00,11.527675276752767,32.67158671586716,9.597416974169741,4.0
2023-04-24 09:40:00+00:00,11.517343173431733,32.76752767527675,9.597047970479704,4.0
2023-04-24 09:50:00+00:00,11.507011070110702,32.86346863468635,9.596678966789668,4.0
2023-04-24 10:00:00+00:00,11.496678966789668,32.95940959409594,9.59630996309963,4.0
2023-04-24 10:10:00+00:00,11.486346863468635,33.055350553505534,9.595940959409594,4.0
2023-04-24 10:20:00+00:00,11.476014760147601,33.15129151291513,9.595571955719556,4.0
2023-04-24 10:30:00+00:00,11.465682656826568,33.247232472324725,9.59520295202952,4.0
2023-04-24 10:40:00+00:00,11.455350553505534,33.343173431734314,9.594833948339483,4.0
2023-04-24 10:50:00+00:00,11.445018450184502,33.43911439114391,9.594464944649447,4.0
2023-04-24 11:00:00+00:00,11.434686346863469,33.535055350553506,9.59409594095941,4.0
2023-04-24 11:10:00+00:00,11.424354243542435,33.6309963099631,9.593726937269372,4.0
2023-04-24 11:20:00+00:00,11.414022140221402,33.72693726937269,9.593357933579336,4.0
2023-04-24 11:30:00+00:00,11.403690036900368,33.82287822878229,9.592988929889298,4.0
2023-04-24 11:40:00+00:00,11.393357933579335,33.91881918819188,9.592619926199262,4.0
2023-04-24 11:50:00+00:00,11.383025830258303,34.01476014760148,9.592250922509225,4.0
2023-04-24 12:00:00+00:00,11.37269372693727,34.11070110701107,9.591881918819189,4.0
2023-04-24 12:10:00+00:00,11.362361623616236,34.20664206642066,9.591512915129151,4.0
2023-04-24 12:20:00+00:00,11.352029520295202,34.30258302583026,9.591143911439113,4.0
2023-04-24 12:30:00+00:00,,,,
2023-04-24 12:40:00+00:00,,,,
2023-04-24 12:50:00+00:00,,,,
2023-04-24 13:00:00+00:00,,,,
2023-04-24 13:10:00+00:00,,,,
2023-04-24 13:20:00+00:00,,,,
2023-04-24 13:30:00+00:00,,,,
2023-04-24 13:40:00+00:00,,,,
2023-04-24 13:50:00+00:00,,,,
2023-04-24 14:00:00+00:00,,,,
2023-04-24 14:10:00+00:00,,,,
2023-04-24 14:20:00+00:00,,,,
2023-04-24 14:30:00+00:00,,,,
2023-04-24 14:40:00+00:00,,,,
2023-04-24 14:50:00+00:00,,,,
2023-04-24 15:00:00+00:00,,,,
2023-04-24 15:10:00+00:00,,,,
2023-04-24 15:20:00+00:00,,,,
2023-04-24 15:30:00+00:00,,,,
2023-04-24 15:40:00+00:00,,,,
2023-04-24 15:50:00+00:00,,,,
2023-04-24 16:00:00+00:00,,,,
2023-04-24 16:10:00+00:00,,,,
2023-04-24 16:20:00+00:00,,,,
2023-04-24 16:30:00+00:00,,,,
2023-04-24 16:40:00+00:00,,,,
2023-04-24 16:50:00+00:00,,,,
2023-04-24 17:00:00+00:00,,,,
2023-04-24 17:10:00+00:00,,,,
2023-04-24 17:20:00+00:00,,,,
2023-04-24 17:30:00+00:00,,,,
2023-04-24 17:40:00+00:00,,,,
2023-04-24 17:50:00+00:00,,,,
2023-04-24 18:00:00+00:00,,,,
2023-04-24 18:10:00+00:00,,,,
2023-04-24 18:20:00+00:00,,,,
2023-04-24 18:30:00+00:00,,,,
2023-04-24 18:40:00+00:00,,,,
2023-04-24 18:50:00+00:00,,,,
2023-04-24 19:00:00+00:00,,,,
2023-04-24 19:10:00+00:00,,,,
2023-04-24 19:20:00+00:00,,,,
2023-04-24 19:30:00+00:00,,,,
2023-04-24 19:40:00+00:00,,,,
2023-04-24 19:50:00+00:00,,,,
2023-04-24 20:00:00+00:00,,,,
2023-04-24 20:10:00+00:00,,,,
2023-04-24 20:20:00+00:00,,,,
2023-04-24 20:30:00+00:00,,,,
2023-04-24 20:40:00+00:00,,,,
2023-04-24 20:50:00+00:00,,,,
2023-04-24 21:00:00+00:00,,,,
2023-04-24 21:10:00+00:00,,,,
2023-04-24 21:20:00+00:00,,,,
2023-04-24 21:30:00+00:00,,,,
2023-04-24 21:40:00+00:00,,,,
2023-04-24 21:50:00+00:00,,,,
2023-04-24 22:00:00+00:00,,,,
2023-04-24 22:10:00+00:00,,,,
2023-04-24 22:20:00+00:00,,,,
2023-04-24 22:30:00+00:00,,,,
2023-04-24 22:40:00+00:00,,,,
2023-04-24 22:50:00+00:00,,,,
2023-04-24 23:00:00+00:00,,,,
2023-04-24 23:10:00+00:00,,,,
2023-04-24 23:20:00+00:00,,,,
2023-04-24 23:30:00+00:00,,,,
2023-04-24 23:40:00+00:00,,,,
2023-04-24 23:50:00+00:00,,,,
2023-04-25 00:00:00+00:00,,,,
2023-04-25 00:10:00+00:00,,,,
2023-04-25 00:20:00+00:00,,,,
2023-04-25 00:30:00+00:00,,,,
2023-04-25 00:40:00+00:00,,,,
2023-04-25 00:50:00+00:00,,,,
2023-04-25 01:00:00+00:00,,,,
2023-04-25 01:10:00+00:00,,,,
2023-04-25 01:20:00+00:00,,,,
2023-04-25 01:30:00+00:00,,,,
2023-04-25 01:40:00+00:00,,,,
2023-04-25 01:50:00+00:00,,,,
2023-04-25 02:00:00+00:00,,,,
2023-04-25 02:10:00+00:00,,,,
2023-04-25 02:20:00+00:00,,,,
2023-04-25 02:30:00+00:00,,,,
2023-04-25 02:40:00+00:00,,,,
2023-04-25 02:50:00+00:00,,,,
2023-04-25 03:00:00+00:00,,,,
2023-04-25 03:10:00+00:00,,,,
2023-04-25 03:20:00+00:00,,,,
2023-04-25 03:30:00+00:00,,,,
2023-04-25 03:40:00+00:00,,,,
2023-04-25 03:50:00+00:00,,,,
2023-04-25 04:00:00+00:00,,,,
2023-04-25 04:10:00+00:00,,,,
2023-04-25 04:20:00+00:00,,,,
2023-04-25 04:30:00+00:00,,,,
2023-04-25 04:40:00+00:00,,,,
2023-04-25 04:50:00+00:00,,,,
2023-04-25 05:00:00+00:00,,,,
2023-04-25 05:10:00+00:00,,,,
2023-04-25 05:20:00+00:00,,,,
2023-04-25 05:30:00+00:00,,,,
2023-04-25 05:40:00+00:00,,,,
2023-04-25 05:50:00+00:00,,,,
2023-04-25 06:00:00+00:00,,,,
2023-04-25 06:10:00+00:00,,,,
2023-04-25 06:20:00+00:00,,,,
2023-04-25 06:30:00+00:00,,,,
2023-04-25 06:40:00+00:00,,,,
2023-04-25 06:50:00+00:00,,,,
2023-04-25 07:00:00+00:00,,,,
2023-04-25 07:10:00+00:00,,,,
2023-04-25 07:20:00+00:00,,,,
2023-04-25 07:30:00+00:00,,,,
2023-04-25 07:40:00+00:00,,,,
2023-04-25 07:50:00+00:00,,,,
2023-04-25 08:00:00+00:00,,,,
2023-04-25 08:10:00+00:00,,,,
2023-04-25 08:20:00+00:00,,,,
2023-04-25 08:30:00+00:00,,,,
2023-04-25 08:40:00+00:00,,,,
2023-04-25 08:50:00+00:00,,,,
2023-04-25 09:00:00+00:00,,,,
2023-04-25 09:10:00+00:00,,,,
2023-04-25 09:20:00+00:00,,,,
2023-04-25 09:30:00+00:00,,,,
2023-04-25 09:40:00+00:00,,,,
2023-04-25 09:50:00+00:00,,,,
2023-04-25 10:00:00+00:00,,,,
2023-04-25 10:10:00+00:00,,,,
2023-04-25 10:20:00+00:00,,,,
2023-04-25 10:30:00+00:00,,,,
2023-04-25 10:40:00+00:00,,,,
2023-04-25 10:50:00+00:00,,,,
2023-04-25 11:00:00+00:00,,,,
2023-04-25 11:10:00+00:00,,,,
2023-04-25 11:20:00+00:00,,,,
2023-04-25 11:30:00+00:00,,,,
2023-04-25 11:40:00+00:00,,,,
2023-04-25 11:50:00+00:00,,,,
2023-04-25 12:00:00+00:00,,,,
2023-04-25 12:10:00+00:00,,,,
2023-04-25 12:20:00+00:00,,,,
2023-04-25 12:30:00+00:00,,,,
2023-04-25 12:40:00+00:00,,,,
2023-04-25 12:50:00+00:00,,,,
2023-04-25 13:00:00+00:00,,,,
2023-04-25 13:10:00+00:00,,,,
2023-04-25 13:20:00+00:00,,,,
2023-04-25 13:30:00+00:00,,,,
2023-04-25 13:40:00+00:00,,,,
2023-04-25 13:50:00+00:00,,,,
2023-04-25 14:00:00+00:00,,,,
2023-04-25 14:10:00+00:00,,,,
2023-04-25 14:20:00+00:00,,,,
2023-04-25 14:30:00+00:00,,,,
2023-04-25 14:40:00+00:00,,,,
2023-04-25 14:50:00+00:00,,,,
2023-04-25 15:00:00+00:00,,,,
2023-04-25 15:10:00+00:00,,,,
2023-04-25 15:20:00+00:00,,,,
2023-04-25 15:30:00+00:00,,,,
2023-04-25 15:40:00+00:00,,,,
2023-04-25 15:50:00+00:00,,,,
2023-04-25 16:00:00+00:00,,,,
2023-04-25 16:10:00+00:00,,,,
2023-04-25 16:20:00+00:00,,,,
2023-04-25 16:30:00+00:00,,,,
2023-04-25 16:40:00+00:00,,,,
2023-04-25 16:50:00+00:00,,,,
2023-04-25 17:00:00+00:00,,,,
2023-04-25 17:10:00+00:00,,,,
2023-04-25 17:20:00+00:00,,,,
2023-04-25 17:30:00+00:00,,,,
2023-04-25 17:40:00+00:00,,,,
2023-04-25 17:50:00+00:00,,,,
2023-04-25 18:00:00+00:00,,,,
2023-04-25 18:10:00+00:00,,,,
2023-04-25 18:20:00+00:00,,,,
2023-04-25 18:30:00+00:00,,,,
2023-04-25 18:40:00+00:00,,,,
2023-04-25 18:50:00+00:00,,,,
2023-04-25 19:00:00+00:00,,,,
2023-04-25 19:10:00+00:00,,,,
2023-04-25 19:20:00+00:00,,,,
2023-04-25 19:30:00+00:00,,,,
2023-04-25 19:40:00+00:00,,,,
2023-04-25 19:50:00+00:00,,,,
2023-04-25 20:00:00+00:00,,,,
2023-04-25 20:10:00+00:00,,,,
2023-04-25 20:20:00+00:00,,,,
2023-04-25 20:30:00+00:00,,,,
2023-04-25 20:40:00+00:00,,,,
2023-04-25 20:50:00+00:00,,,,
2023-04-25 21:00:00+00:00,,,,
2023-04-25 21:10:00+00:00,,,,
2023-04-25 21:20:00+00:00,,,,
2023-04-25 21:30:00+00:00,,,,
2023-04-25 21:40:00+00:00,,,,
2023-04-25 21:50:00+00:00,,,,
2023-04-25 22:00:00+00:00,,,,
2023-04-25 22:10:00+00:00,,,,
2023-04-25 22:20:00+00:00,,,,
2023-04-25 22:30:00+00:00,,,,
2023-04-25 22:40:00+00:00,,,,
2023-04-25 22:50:00+00:00,,,,
2023-04-25 23:00:00+00:00,,,,
2023-04-25 23:10:00+00:00,,,,
2023-04-25 23:20:00+00:00,,,,
2023-04-25 23:30:00+00:00,,,,
2023-04-25 23:40:00+00:00,,,,
2023-04-25 23:50:00+00:00,,,,
2023-04-26 00:00:00+00:00,,,,
2023-04-26 00:10:00+00:00,,,,
2023-04-26 00:20:00+00:00,,,,
2023-04-26 00:30:00+00:00,,,,
2023-04-26 00:40:00+00:00,,,,
2023-04-26 00:50:00+00:00,,,,
2023-04-26 01:00:00+00:00,,,,
2023-04-26 01:10:00+00:00,,,,
2023-04-26 01:20:00+00:00,,,,
2023-04-26 01:30:00+00:00,,,,
2023-04-26 01:40:00+00:00,,,,
2023-04-26 01:50:00+00:00,,,,
2023-04-26 02:00:00+00:00,,,,
2023-04-26 02:10:00+00:00,,,,
2023-04-26 02:20:00+00:00,,,,
2023-04-26 02:30:00+00:00,,,,
2023-04-26 02:40:00+00:00,,,,
2023-04-26 02:50:00+00:00,,,,
2023-04-26 03:00:00+00:00,,,,
2023-04-26 03:10:00+00:00,,,,
2023-04-26 03:20:00+00:00,,,,
2023-04-26 03:30:00+00:00,,,,
2023-04-26 03:40:00+00:00,,,,
2023-04-26 03:50:00+00:00,,,,
2023-04-26 04:00:00+00:00,,,,
2023-04-26 04:10:00+00:00,,,,
2023-04-26 04:20:00+00:00,,,,
2023-04-26 04:30:00+00:00,,,,
2023-04-26 04:40:00+00:00,,,,
2023-04-26 04:50:00+00:00,,,,
2023-04-26 05:00:00+00:00,,,,
2023-04-26 05:10:00+00:00,,,,
2023-04-26 05:20:00+00:00,,,,
2023-04-26 05:30:00+00:00,8.8,58.0,9.5,4.0
2023-04-26 05:40:00+00:00,8.8,58.0,9.5,4.0
2023-04-26 05:50:00+00:00,8.8,58.0,9.5,4.0
2023-04-26 06:00:00+00:00,8.825000000000001,57.984375,9.5,4.0
2023-04-26 06:10:00+00:00,8.850000000000001,57.96875,9.5,4.0
2023-04-26 06:20:00+00:00,8.875,57.953125,9.5,4.0
2023-04-26 06:30:00+00:00,8.9,57.9375,9.5,4.0
2023-04-26 06:40:00+00:00,8.925,57.921875,9.5,4.0
2023-04-26 06:50:00+00:00,8.95,57.90625,9.5,4.0
2023-04-26 07:00:00+00:00,8.975,57.890625,9.5,4.0
2023-04-26 07:10:00+00:00,9.0,57.875,9.5,4.0
2023-04-26 07:20:00+00:00,9.0,57.0,9.5,4.0
2023-04-26 07:30:00+00:00,9.0,57.0,9.3,4.0
2023-04-26 07:40:00+00:00,8.9872,57.016,9.3008,4.0
2023-04-26 07:50:00+00:00,8.9744,57.032,9.3016,4.0
2023-04-26 08:00:00+00:00,8.9616,57.048,9.3024,4.0
2023-04-26 08:10:00+00:00,8.9488,57.064,9.3032,4.0
2023-04-26 08:20:00+00:00,8.936,57.08,9.304,4.0
2023-04-26 08:30:00+00:00,8.9232,57.096,9.3048,4.0
2023-04-26 08:40:00+00:00,8.9104,57.112,9.3056,4.0
2023-04-26 08:50:00+00:00,8.8976,57.128,9.3064,4.0
2023-04-26 09:00:00+00:00,8.8848,57.144,9.3072,4.0
2023-04-26 09:10:00+00:00,8.872,57.16,9.308,4.0
2023-04-26 09:20:00+00:00,8.8592,57.176,9.308800000000002,4.0
2023-04-26 09:30:00+00:00,8.8464,57.192,9.309600000000001,4.0
2023-04-26 09:40:00+00:00,8.8336,57.208,9.310400000000001,4.0
2023-04-26 09:50:00+00:00,8.8208,57.224,9.311200000000001,4.0
2023-04-26 10:00:00+00:00,8.808,57.24,9.312000000000001,4.0
2023-04-26 10:10:00+00:00,8.7952,57.256,9.312800000000001,4.0
2023-04-26 10:20:00+00:00,8.7824,57.272,9.313600000000001,4.0
2023-04-26 10:30:00+00:00,8.7696,57.288,9.314400000000001,4.0
2023-04-26 10:40:00+00:00,8.7568,57.304,9.3152,4.0
2023-04-26 10:50:00+00:00,8.744,57.32,9.316,4.0
2023-04-26 11:00:00+00:00,8.7312,57.336,9.3168,4.0
2023-04-26 11:10:00+00:00,8.7184,57.352,9.3176,4.0
2023-04-26 11:20:00+00:00,8.7056,57.368,9.3184,4.0
2023-04-26 11:30:00+00:00,8.6928,57.384,9.3192,4.0
2023-04-26 11:40:00+00:00,,,,
2023-04-26 11:50:00+00:00,,,,
2023-04-26 12:00:00+00:00,,,,
2023-04-26 12:10:00+00:00,,,,
2023-04-26 12:20:00+00:00,,,,
2023-04-26 12:30:00+00:00,,,,
2023-04-26 12:40:00+00:00,,,,
2023-04-26 12:50:00+00:00,,,,
2023-04-26 13:00:00+00:00,,,,
2023-04-26 13:10:00+00:00,,,,
2023-04-26 13:20:00+00:00,,,,
2023-04-26 13:30:00+00:00,,,,
2023-04-26 13:40:00+00:00,,,,
2023-04-26 13:50:00+00:00,,,,
2023-04-26 14:00:00+00:00,,,,
2023-04-26 14:10:00+00:00,,,,
2023-04-26 14:20:00+00:00,,,,
2023-04-26 14:30:00+00:00,,,,
2023-04-26 14:40:00+00:00,,,,
2023-04-26 14:50:00+00:00,,,,
2023-04-26 15:00:00+00:00,,,,
2023-04-26 15:10:00+00:00,,,,
2023-04-26 15:20:00+00:00,,,,
2023-04-26 15:30:00+00:00,,,,
2023-04-26 15:40:00+00:00,,,,
2023-04-26 15:50:00+00:00,,,,
2023-04-26 16:00:00+00:00,,,,
2023-04-26 16:10:00+00:00,,,,
2023-04-26 16:20:00+00:00,,,,
2023-04-26 16:30:00+00:00,,,,
2023-04-26 16:40:00+00:00,,,,
2023-04-26 16:50:00+00:00,,,,
2023-04-26 17:00:00+00:00,,,,
2023-04-26 17:10:00+00:00,,,,
2023-04-26 17:20:00+00:00,,,,
2023-04-26 17:30:00+00:00,,,,
2023-04-26 17:40:00+00:00,,,,
2023-04-26 17:50:00+00:00,,,,
2023-04-26 18:00:00+00:00,,,,
2023-04-26 18:10:00+00:00,,,,
2023-04-26 18:20:00+00:00,,,,
2023-04-26 18:30:00+00:00,,,,
2023-04-26 18:40:00+00:00,,,,
2023-04-26 18:50:00+00:00,,,,
2023-04-26 19:00:00+00:00,,,,
2023-04-26 19:10:00+00:00,,,,
2023-04-26 19:20:00+00:00,,,,
2023-04-26 19:30:00+00:00,,,,
2023-04-26 19:40:00+00:00,,,,
2023-04-26 19:50:00+00:00,,,,
2023-04-26 20:00:00+00:00,,,,
2023-04-26 20:10:00+00:00,,,,
2023-04-26 20:20:00+00:00,,,,
2023-04-26 20:30:00+00:00,,,,
2023-04-26 20:40:00+00:00,,,,
2023-04-26 20:50:00+00:00,,,,
2023-04-26 21:00:00+00:00,,,,
2023-04-26 21:10:00+00:00,,,,
2023-04-26 21:20:00+00:00,,,,
2023-04-26 21:30:00+00:00,,,,
2023-04-26 21:40:00+00:00,,,,
2023-04-26 21:50:00+00:00,,,,
2023-04-26 22:00:00+00:00,,,,
2023-04-26 22:10:00+00:00,,,,
2023-04-26 22:20:00+00:00,,,,
2023-04-26 22:30:00+00:00,,,,
2023-04-26 22:40:00+00:00,,,,
2023-04-26 22:50:00+00:00,,,,
2023-04-26 23:00:00+00:00,,,,
2023-04-26 23:10:00+00:00,,,,
2023-04-26 23:20:00+00:00,,,,
2023-04-26 23:30:00+00:00,,,,
2023-04-26 23:40:00+00:00,,,,
2023-04-26 23:50:00+00:00,,,,
2023-04-27 00:00:00+00:00,,,,
2023-04-27 00:10:00+00:00,,,,
2023-04-27 00:20:00+00:00,,,,
2023-04-27 00:30:00+00:00,,,,
2023-04-27 00:40:00+00:00,,,,
2023-04-27 00:50:00+00:00,,,,
2023-04-27 01:00:00+00:00,,,,
2023-04-27 01:10:00+00:00,,,,
2023-04-27 01:20:00+00:00,,,,
2023-04-27 01:30:00+00:00,,,,
2023-04-27 01:40:00+00:00,,,,
2023-04-27 01:50:00+00:00,,,,
2023-04-27 02:00:00+00:00,,,,
2023-04-27 02:10:00+00:00,,,,
2023-04-27 02:20:00+00:00,,,,
2023-04-27 02:30:00+00:00,,,,
2023-04-27 02:40:00+00:00,,,,
2023-04-27 02:50:00+00:00,,,,
2023-04-27 03:00:00+00:00,,,,
2023-04-27 03:10:00+00:00,,,,
2023-04-27 03:20:00+00:00,,,,
2023-04-27 03:30:00+00:00,,,,
2023-04-27 03:40:00+00:00,,,,
2023-04-27 03:50:00+00:00,,,,
2023-04-27 04:00:00+00:00,,,,
2023-04-27 04:10:00+00:00,,,,
2023-04-27 04:20:00+00:00,7.4,59.0,9.4,4.0
2023-04-27 04:30:00+00:00,7.4,58.5,9.3,4.0
2023-04-27 04:40:00+00:00,7.4,58.0,9.2,4.0
2023-04-27 04:50:00+00:00,7.4,58.0,9.1,4.0
2023-04-27 05:00:00+00:00,7.4,58.0,8.8,4.0
2023-04-27 05:10:00+00:00,7.5,58.0,8.6,4.0
2023-04-27 05:20:00+00:00,7.5,57.0,8.5,4.0
2023-04-27 05:30:00+00:00,7.5,58.0,8.4,4.1
2023-04-27 05:40:00+00:00,7.6,57.0,8.4,4.1
2023-04-27 05:50:00+00:00,7.7,57.0,8.3,4.1
2023-04-27 06:00:00+00:00,7.8,57.0,8.2,4.0
2023-04-27 06:10:00+00:00,7.8,57.0,8.5,4.0
2023-04-27 06:20:00+00:00,7.9,57.0,8.8,4.0
2023-04-27 06:30:00+00:00,8.0,57.0,8.5,4.1
2023-04-27 06:40:00+00:00,8.1,57.0,8.1,4.0
2023-04-27 06:50:00+00:00,8.1,58.0,8.2,4.0
2023-04-27 07:00:00+00:00,8.1,60.0,9.0,4.0
2023-04-27 07:10:00+00:00,8.2,60.0,9.3,4.0
2023-04-27 07:20:00+00:00,8.2,57.0,9.5,4.0
2023-04-27 07:30:00+00:00,8.3,57.0,9.5,4.0
2023-04-27 07:40:00+00:00,8.3,57.0,9.5,4.0
2023-04-27 07:50:00+00:00,8.3,57.0,9.5,4.0
2023-04-27 08:00:00+00:00,8.5,56.0,9.5,4.0
2023-04-27 08:10:00+00:00,8.5,56.0,8.4,4.0
2023-04-27 08:20:00+00:00,8.7,55.0,8.7,4.1
2023-04-27 08:30:00+00:00,8.9,55.0,7.9,5.3
2023-04-27 08:40:00+00:00,9.149999999999999,55.0,7.4,4.05
2023-04-27 08:50:00+00:00,9.2,56.0,7.8,4.0
2023-04-27 09:00:00+00:00,9.2,56.0,9.4,4.0
2023-04-27 09:10:00+00:00,9.3,56.0,9.5,4.0
2023-04-27 09:20:00+00:00,9.4,55.0,9.5,5.0
2023-04-27 09:30:00+00:00,9.6,55.0,9.3,6.1
2023-04-27 09:40:00+00:00,9.7,55.0,8.850000000000001,6.1
2023-04-27 09:50:00+00:00,9.8,55.0,8.4,6.1
2023-04-27 10:00:00+00:00,10.0,54.0,7.8,6.1
2023-04-27 10:10:00+00:00,10.1,55.0,7.5,4.0
2023-04-27 10:20:00+00:00,10.1,56.0,7.6,4.0
2023-04-27 10:30:00+00:00,10.3,56.0,9.3,6.2
2023-04-27 10:40:00+00:00,10.6,55.0,9.3,6.1
2023-04-27 10:50:00+00:00,10.9,54.0,8.3,6.2
2023-04-27 11:00:00+00:00,11.1,54.0,7.8,6.2
2023-04-27 11:10:00+00:00,11.3,55.0,7.8,4.0
2023-04-27 11:20:00+00:00,11.3,55.0,7.8,4.0
2023-04-27 11:30:00+00:00,11.3,56.0,8.4,6.3
2023-04-27 11:40:00+00:00,11.6,54.0,9.4,6.1
2023-04-27 11:50:00+00:00,11.6,56.0,8.4,4.0
2023-04-27 12:00:00+00:00,11.6,62.0,8.7,6.2
2023-04-27 12:10:00+00:00,11.6,60.0,9.2,6.1
2023-04-27 12:20:00+00:00,11.6,61.0,8.9,4.0
2023-04-27 12:30:00+00:00,11.7,61.0,9.0,6.0
2023-04-27 12:40:00+00:00,11.7,61.0,9.2,4.0
2023-04-27 12:50:00+00:00,11.7,63.0,9.1,4.0
2023-04-27 13:00:00+00:00,11.6,62.0,8.9,4.0
2023-04-27 13:10:00+00:00,11.6,64.0,8.7,4.0
2023-04-27 13:20:00+00:00,11.6,63.0,8.6,4.0
2023-04-27 13:30:00+00:00,11.5,63.0,8.5,4.0
2023-04-27 13:40:00+00:00,11.5,62.0,8.5,4.0
2023-04-27 13:50:00+00:00,11.4,63.0,8.6,4.0
2023-04-27 14:00:00+00:00,11.3,62.0,8.5,4.0
2023-04-27 14:10:00+00:00,11.3,62.0,8.5,4.0
2023-04-27 14:20:00+00:00,11.2,60.0,8.5,4.0
2023-04-27 14:30:00+00:00,11.1,60.0,8.4,4.0
2023-04-27 14:40:00+00:00,11.1,61.0,8.4,4.0
2023-04-27 14:50:00+00:00,11.0,60.0,8.4,4.0
2023-04-27 15:00:00+00:00,11.0,58.0,8.4,4.0
2023-04-27 15:10:00+00:00,10.9,58.0,8.4,4.0
2023-04-27 15:20:00+00:00,10.8,57.0,8.4,4.0
2023-04-27 15:30:00+00:00,10.8,57.0,8.4,4.0
2023-04-27 15:40:00+00:00,10.7,57.0,8.5,4.0
2023-04-27 15:50:00+00:00,10.6,63.0,8.5,4.0
2023-04-27 16:00:00+00:00,10.6,59.0,8.5,4.0
2023-04-27 16:10:00+00:00,10.5,63.0,8.5,4.0
2023-04-27 16:20:00+00:00,10.5,63.0,8.5,4.0
2023-04-27 16:30:00+00:00,10.4,59.0,8.5,4.0
2023-04-27 16:40:00+00:00,10.3,62.0,8.4,4.0
2023-04-27 16:50:00+00:00,10.3,63.0,8.4,4.0
2023-04-27 17:00:00+00:00,10.2,63.0,8.5,4.0
2023-04-27 17:10:00+00:00,10.1,63.0,8.5,4.0
2023-04-27 17:20:00+00:00,10.1,65.0,8.5,4.0
2023-04-27 17:30:00+00:00,10.0,65.0,8.5,4.0
2023-04-27 17:40:00+00:00,10.0,65.0,8.5,4.0
2023-04-27 17:50:00+00:00,9.9,66.0,8.5,4.0
2023-04-27 18:00:00+00:00,9.9,65.0,8.5,4.0
2023-04-27 18:10:00+00:00,9.8,66.0,8.5,3.7
2023-04-27 18:20:00+00:00,9.8,64.0,8.5,3.3
2023-04-27 18:30:00+00:00,9.7,65.0,8.5,2.4
2023-04-27 18:40:00+00:00,9.6,63.0,8.5,1.4
2023-04-27 18:50:00+00:00,9.6,65.0,8.5,0.9
2023-04-27 19:00:00+00:00,9.5,65.0,8.5,0.7
2023-04-27 19:10:00+00:00,9.5,60.0,8.5,0.7
2023-04-27 19:20:00+00:00,9.4,64.0,8.5,0.6
2023-04-27 19:30:00+00:00,9.3,61.0,8.5,0.5
2023-04-27 19:40:00+00:00,9.3,59.0,8.4,0.6
2023-04-27 19:50:00+00:00,9.2,58.0,8.5,0.6
2023-04-27 20:00:00+00:00,9.1,58.0,8.4,0.5
2023-04-27 20:10:00+00:00,9.1,58.0,8.4,0.7
2023-04-27 20:20:00+00:00,9.1,58.0,8.4,0.6
2023-04-27 20:30:00+00:00,9.0,58.0,8.4,0.6
2023-04-27 20:40:00+00:00,9.0,57.0,8.4,0.6
2023-04-27 20:50:00+00:00,8.9,57.0,8.4,0.5
2023-04-27 21:00:00+00:00,8.8,57.0,8.4,0.6
2023-04-27 21:10:00+00:00,8.8,57.0,8.4,0.6
2023-04-27 21:20:00+00:00,8.7,58.0,8.4,0.6
2023-04-27 21:30:00+00:00,8.7,57.0,8.4,0.7
2023-04-27 21:40:00+00:00,8.6,58.0,8.4,0.6
2023-04-27 21:50:00+00:00,8.6,57.0,8.4,0.7
2023-04-27 22:00:00+00:00,8.6,57.0,8.4,0.6
2023-04-27 22:10:00+00:00,8.5,58.0,8.4,0.6
2023-04-27 22:20:00+00:00,8.5,57.0,8.4,0.5
2023-04-27 22:30:00+00:00,8.4,57.0,8.4,0.6
2023-04-27 22:40:00+00:00,8.4,57.0,8.4,0.6
2023-04-27 22:50:00+00:00,8.3,57.0,8.4,0.6
2023-04-27 23:00:00+00:00,8.3,58.0,8.4,0.6
2023-04-27 23:10:00+00:00,8.3,57.0,8.4,0.5
2023-04-27 23:20:00+00:00,8.2,57.0,8.4,0.7
2023-04-27 23:30:00+00:00,8.2,57.0,8.4,0.7
2023-04-27 23:40:00+00:00,8.1,58.0,8.3,0.7
2023-04-27 23:50:00+00:00,8.1,57.0,8.3,0.6
2023-04-28 00:00:00+00:00,8.1,58.0,8.4,0.6
2023-04-28 00:10:00+00:00,8.0,59.0,8.3,0.7
2023-04-28 00:20:00+00:00,8.0,59.0,8.3,0.6
2023-04-28 00:30:00+00:00,8.0,60.0,8.3,0.6
2023-04-28 00:40:00+00:00,8.0,59.0,8.3,0.7
2023-04-28 00:50:00+00:00,7.9,59.0,8.3,0.7
2023-04-28 01:00:00+00:00,7.9,58.0,8.3,0.6
2023-04-28 01:10:00+00:00,7.8,59.0,8.3,0.6
2023-04-28 01:20:00+00:00,7.8,58.0,8.3,0.6
2023-04-28 01:30:00+00:00,7.8,57.0,8.3,0.6
2023-04-28 01:40:00+00:00,7.8,57.0,8.3,0.6
2023-04-28 01:50:00+00:00,7.8,57.0,8.3,0.7
2023-04-28 02:00:00+00:00,7.7,57.0,8.3,0.6
2023-04-28 02:10:00+00:00,7.6,56.0,8.3,0.5
2023-04-28 02:20:00+00:00,7.6,59.0,8.4,0.7
2023-04-28 02:30:00+00:00,7.6,57.0,8.3,0.9
2023-04-28 02:40:00+00:00,7.6,58.0,8.3,1.5
2023-04-28 02:50:00+00:00,7.6,58.0,8.3,2.6
2023-04-28 03:00:00+00:00,7.5,56.0,8.3,3.4
2023-04-28 03:10:00+00:00,7.5,57.0,8.3,3.6
2023-04-28 03:20:00+00:00,7.5,56.0,8.3,4.0
2023-04-28 03:30:00+00:00,7.5,55.0,8.3,4.0
2023-04-28 03:40:00+00:00,7.5,54.0,8.4,4.0
2023-04-28 03:50:00+00:00,7.4,55.0,8.4,4.0
2023-04-28 04:00:00+00:00,7.4,57.0,8.3,4.0
2023-04-28 04:10:00+00:00,7.4,54.0,8.4,4.0
2023-04-28 04:20:00+00:00,7.3,54.0,8.4,4.0
2023-04-28 04:30:00+00:00,7.3,54.0,8.5,4.0
2023-04-28 04:40:00+00:00,7.3,54.0,8.6,4.0
2023-04-28 04:50:00+00:00,7.3,63.0,8.6,4.0
2023-04-28 05:00:00+00:00,7.4,57.0,8.3,4.0
2023-04-28 05:10:00+00:00,7.4,57.0,8.1,4.1
2023-04-28 05:20:00+00:00,7.5,57.0,7.9,4.0
2023-04-28 05:30:00+00:00,7.6,56.0,7.8,4.0
2023-04-28 05:40:00+00:00,7.6,55.0,7.7,4.0
2023-04-28 05:50:00+00:00,7.7,56.0,7.7,4.1
2023-04-28 06:00:00+00:00,7.8,57.0,7.6,4.0
2023-04-28 06:10:00+00:00,7.9,56.0,7.5,4.0
2023-04-28 06:20:00+00:00,8.0,56.0,7.4,4.1
2023-04-28 06:30:00+00:00,8.1,54.0,7.4,4.1
2023-04-28 06:40:00+00:00,8.3,54.0,7.4,5.7
2023-04-28 06:50:00+00:00,8.5,54.0,7.3,5.9
2023-04-28 07:00:00+00:00,8.6,54.0,7.2,5.9
2023-04-28 07:10:00+00:00,8.8,54.0,7.2,6.0
2023-04-28 07:20:00+00:00,9.0,54.0,7.0,6.0
2023-04-28 07:30:00+00:00,9.2,54.0,6.9,6.0
2023-04-28 07:40:00+00:00,9.4,54.0,6.8,4.0
2023-04-28 07:50:00+00:00,9.5,56.0,7.2,4.0
2023-04-28 08:00:00+00:00,9.8,56.0,7.7,4.1
2023-04-28 08:10:00+00:00,9.8,57.0,7.2,4.0
2023-04-28 08:20:00+00:00,9.9,56.0,8.1,4.0
2023-04-28 08:30:00+00:00,10.0,57.0,8.9,4.0
2023-04-28 08:40:00+00:00,10.1,57.0,9.1,4.0
2023-04-28 08:50:00+00:00,10.1,57.0,9.1,4.0
2023-04-28 09:00:00+00:00,10.3,55.0,9.3,6.2
2023-04-28 09:10:00+00:00,10.6,55.0,7.6,5.2
2023-04-28 09:20:00+00:00,10.6,56.0,6.9,5.2
2023-04-28 09:30:00+00:00,10.8,57.0,8.0,6.2
2023-04-28 09:40:00+00:00,10.8,56.0,7.3,4.0
2023-04-28 09:50:00+00:00,10.9,58.0,7.8,4.0
2023-04-28 10:00:00+00:00,10.9,59.0,8.6,6.1
2023-04-28 10:10:00+00:00,11.0,58.0,8.7,5.5
2023-04-28 10:20:00+00:00,11.0,58.0,8.6,5.6
2023-04-28 10:30:00+00:00,11.1,58.0,8.3,4.0
2023-04-28 10:40:00+00:00,11.1,57.0,8.3,4.0
2023-04-28 10:50:00+00:00,11.1,57.0,8.5,6.2
2023-04-28 11:00:00+00:00,11.2,56.0,8.5,6.1
2023-04-28 11:10:00+00:00,11.5,55.0,8.2,4.1
2023-04-28 11:20:00+00:00,11.4,57.0,7.4,4.0
2023-04-28 11:30:00+00:00,11.4,57.0,7.8,4.0
2023-04-28 11:40:00+00:00,11.4,57.0,8.1,4.0
2023-04-28 11:50:00+00:00,11.4,57.0,8.4,5.5
2023-04-28 12:00:00+00:00,11.5,56.0,8.8,4.0
2023-04-28 12:10:00+00:00,11.5,57.0,8.3,6.2
2023-04-28 12:20:00+00:00,11.5,56.0,8.0,4.6
2023-04-28 12:30:00+00:00,11.5,57.0,8.1,4.8
2023-04-28 12:40:00+00:00,11.4,57.0,8.1,4.0
2023-04-28 12:50:00+00:00,11.4,56.0,8.4,4.0
2023-04-28 13:00:00+00:00,11.4,56.0,8.2,4.0
2023-04-28 13:10:00+00:00,11.4,57.0,8.2,4.0
2023-04-28 13:20:00+00:00,11.4,57.0,8.2,4.0
2023-04-28 13:30:00+00:00,11.3,56.0,8.2,4.0
2023-04-28 13:40:00+00:00,11.3,56.0,8.1,4.0
2023-04-28 13:50:00+00:00,11.3,56.0,8.1,4.0
2023-04-28 14:00:00+00:00,11.3,57.0,8.1,4.0
2023-04-28 14:10:00+00:00,11.2,58.0,8.1,4.0
2023-04-28 14:20:00+00:00,11.1,60.0,8.1,4.0
2023-04-28 14:30:00+00:00,11.1,60.0,8.2,4.0
2023-04-28 14:40:00+00:00,11.1,61.0,8.2,4.0
2023-04-28 14:50:00+00:00,11.0,59.0,8.2,4.0
2023-04-28 15:00:00+00:00,11.0,60.0,8.2,4.0
2023-04-28 15:10:00+00:00,11.0,61.0,8.2,4.0
2023-04-28 15:20:00+00:00,10.9,60.0,8.2,4.0
2023-04-28 15:30:00+00:00,10.8,60.0,8.2,4.0
2023-04-28 15:40:00+00:00,10.8,60.0,8.2,4.0
2023-04-28 15:50:00+00:00,10.7,62.0,8.2,4.0
2023-04-28 16:00:00+00:00,10.6,61.0,8.1,4.0
2023-04-28 16:10:00+00:00,10.6,60.0,8.1,4.0
2023-04-28 16:20:00+00:00,10.6,59.0,8.2,4.0
2023-04-28 16:30:00+00:00,10.5,60.0,8.2,4.0
2023-04-28 16:40:00+00:00,10.5,63.0,8.2,4.0
2023-04-28 16:50:00+00:00,10.4,62.0,8.2,4.0
2023-04-28 17:00:00+00:00,10.3,62.0,8.2,4.0
2023-04-28 17:10:00+00:00,10.3,64.0,8.2,4.0
2023-04-28 17:20:00+00:00,10.2,64.0,8.2,4.0
2023-04-28 17:30:00+00:00,10.2,64.0,8.2,4.0
2023-04-28 17:40:00+00:00,10.1,65.0,8.3,4.0
2023-04-28 17:50:00+00:00,10.1,64.0,8.3,4.0
2023-04-28 18:00:00+00:00,10.0,66.0,8.3,3.9
2023-04-28 18:10:00+00:00,10.0,66.0,8.3,3.7
2023-04-28 18:20:00+00:00,10.0,66.0,8.3,3.0
2023-04-28 18:30:00+00:00,9.9,65.0,8.3,2.2
2023-04-28 18:40:00+00:00,9.8,65.0,8.3,1.3
2023-04-28 18:50:00+00:00,9.8,66.0,8.3,0.8
2023-04-28 19:00:00+00:00,9.8,66.0,8.3,0.7
2023-04-28 19:10:00+00:00,9.7,66.0,8.3,0.6
2023-04-28 19:20:00+00:00,9.6,66.0,8.3,0.6
2023-04-28 19:30:00+00:00,9.6,66.0,8.3,0.6
2023-04-28 19:40:00+00:00,9.6,66.0,8.3,0.6
2023-04-28 19:50:00+00:00,9.5,65.0,8.3,0.6
2023-04-28 20:00:00+00:00,9.5,59.0,8.3,0.6
2023-04-28 20:10:00+00:00,9.5,61.0,8.3,0.5
2023-04-28 20:20:00+00:00,9.4,66.0,8.2,0.6
2023-04-28 20:30:00+00:00,9.3,66.0,8.2,0.5
2023-04-28 20:40:00+00:00,9.3,66.0,8.2,0.6
2023-04-28 20:50:00+00:00,9.3,64.0,8.2,0.6
2023-04-28 21:00:00+00:00,9.3,64.0,8.3,0.5
2023-04-28 21:10:00+00:00,9.2,64.0,8.3,0.6
2023-04-28 21:20:00+00:00,9.1,64.0,8.2,0.6
2023-04-28 21:30:00+00:00,9.1,64.0,8.2,0.6
2023-04-28 21:40:00+00:00,9.1,65.0,8.2,0.6
2023-04-28 21:50:00+00:00,9.1,67.0,8.2,0.6
2023-04-28 22:00:00+00:00,9.1,66.0,8.2,0.7
2023-04-28 22:10:00+00:00,9.0,65.0,8.2,0.6
2023-04-28 22:20:00+00:00,9.0,65.0,8.2,0.7
2023-04-28 22:30:00+00:00,9.0,65.0,8.2,0.6
2023-04-28 22:40:00+00:00,9.0,64.0,8.2,0.6
2023-04-28 22:50:00+00:00,8.9,64.0,8.2,0.6
2023-04-28 23:00:00+00:00,8.9,64.0,8.2,0.6
2023-04-28 23:10:00+00:00,8.8,64.0,8.2,0.6
2023-04-28 23:20:00+00:00,8.8,65.0,8.2,0.6
2023-04-28 23:30:00+00:00,8.8,64.0,8.2,0.6
2023-04-28 23:40:00+00:00,8.8,64.0,8.2,0.6
2023-04-28 23:50:00+00:00,8.8,64.0,8.2,0.6
2023-04-29 00:00:00+00:00,8.7,64.0,8.2,0.7
2023-04-29 00:10:00+00:00,8.7,63.0,8.2,0.6
2023-04-29 00:20:00+00:00,8.6,59.0,8.2,0.6
2023-04-29 00:30:00+00:00,8.6,65.0,8.2,0.6
2023-04-29 00:40:00+00:00,8.6,62.0,8.2,0.6
2023-04-29 00:50:00+00:00,8.6,63.0,8.2,0.5
2023-04-29 01:00:00+00:00,8.5,63.0,8.2,0.5
2023-04-29 01:10:00+00:00,8.5,62.0,8.2,0.6
2023-04-29 01:20:00+00:00,8.5,62.0,8.2,0.6
2023-04-29 01:30:00+00:00,8.5,62.0,8.2,0.6
2023-04-29 01:40:00+00:00,8.5,62.0,8.2,0.7
2023-04-29 01:50:00+00:00,8.4,62.0,8.2,0.7
2023-04-29 02:00:00+00:00,8.4,62.0,8.1,0.6
2023-04-29 02:10:00+00:00,8.4,62.0,8.1,0.7
2023-04-29 02:20:00+00:00,8.3,62.0,8.2,0.7
2023-04-29 02:30:00+00:00,8.3,62.0,8.2,0.8
2023-04-29 02:40:00+00:00,8.3,62.0,8.2,1.2
2023-04-29 02:50:00+00:00,8.3,62.0,8.1,1.9
2023-04-29 03:00:00+00:00,8.3,62.0,8.1,2.7
2023-04-29 03:10:00+00:00,8.3,61.0,8.1,3.4
2023-04-29 03:20:00+00:00,8.3,61.0,8.1,3.5
2023-04-29 03:30:00+00:00,8.3,61.0,8.1,4.0
2023-04-29 03:40:00+00:00,8.2,61.0,8.1,4.0
2023-04-29 03:50:00+00:00,8.2,61.0,8.1,4.0
2023-04-29 04:00:00+00:00,8.2,62.0,8.2,4.0
2023-04-29 04:10:00+00:00,8.2,62.0,8.2,4.0
2023-04-29 04:20:00+00:00,8.2,62.0,8.1,4.0
2023-04-29 04:30:00+00:00,8.2,60.0,8.2,4.0
2023-04-29 04:40:00+00:00,8.2,61.0,8.1,4.0
2023-04-29 04:50:00+00:00,8.2,61.0,8.1,4.0
2023-04-29 05:00:00+00:00,8.2,60.0,8.1,4.0
2023-04-29 05:10:00+00:00,8.3,59.0,8.1,4.0
2023-04-29 05:20:00+00:00,8.3,61.0,8.1,4.0
2023-04-29 05:30:00+00:00,8.3,61.0,8.1,4.0
2023-04-29 05:40:00+00:00,8.3,60.0,8.1,4.0
2023-04-29 05:50:00+00:00,8.3,61.0,8.1,4.0
2023-04-29 06:00:00+00:00,8.3,60.0,8.1,4.0
2023-04-29 06:10:00+00:00,8.3,61.0,8.2,4.0
2023-04-29 06:20:00+00:00,8.4,65.0,8.2,4.0
2023-04-29 06:30:00+00:00,8.5,65.0,8.1,4.0
2023-04-29 06:40:00+00:00,8.5,64.0,8.0,4.0
2023-04-29 06:50:00+00:00,8.6,65.0,8.0,4.0
2023-04-29 07:00:00+00:00,8.7,63.0,7.6,4.0
2023-04-29 07:10:00+00:00,8.8,63.0,7.3,4.1
2023-04-29 07:20:00+00:00,9.0,64.0,7.1,4.0
2023-04-29 07:30:00+00:00,9.0,64.0,7.1,4.0
2023-04-29 07:40:00+00:00,9.1,65.0,7.2,4.0
2023-04-29 07:50:00+00:00,9.3,65.0,7.2,4.0
2023-04-29 08:00:00+00:00,9.5,65.0,7.1,4.0
2023-04-29 08:10:00+00:00,9.6,63.0,7.0,4.0
2023-04-29 08:20:00+00:00,9.8,61.0,6.9,4.1
2023-04-29 08:30:00+00:00,10.0,59.0,6.8,4.1
2023-04-29 08:40:00+00:00,10.2,61.0,6.7,5.7
2023-04-29 08:50:00+00:00,10.3,62.0,6.6,4.1
2023-04-29 09:00:00+00:00,10.5,61.0,6.8,6.0
2023-04-29 09:10:00+00:00,10.8,60.0,6.6,5.9
2023-04-29 09:20:00+00:00,11.0,58.0,6.4,5.9
2023-04-29 09:30:00+00:00,11.1,58.0,6.5,5.7
2023-04-29 09:40:00+00:00,11.2,58.0,7.0,6.0
2023-04-29 09:50:00+00:00,11.3,58.0,7.1,6.1
2023-04-29 10:00:00+00:00,11.5,57.0,7.3,6.0
2023-04-29 10:10:00+00:00,11.8,57.0,7.1,6.0
2023-04-29 10:20:00+00:00,12.0,57.0,6.7,6.1
2023-04-29 10:30:00+00:00,12.2,57.0,6.6,6.0
2023-04-29 10:40:00+00:00,12.3,57.0,6.5,4.0
2023-04-29 10:50:00+00:00,12.3,58.0,7.2,4.0
2023-04-29 11:00:00+00:00,12.3,58.0,7.8,4.0
2023-04-29 11:10:00+00:00,12.4,62.0,8.1,5.3
2023-04-29 11:20:00+00:00,12.5,60.0,8.2,5.7
2023-04-29 11:30:00+00:00,12.5,60.0,7.9,5.9
2023-04-29 11:40:00+00:00,12.6,60.0,7.9,5.9
2023-04-29 11:50:00+00:00,12.6,60.0,7.7,4.0
2023-04-29 12:00:00+00:00,12.6,61.0,7.7,4.1
2023-04-29 12:10:00+00:00,12.7,60.0,7.8,4.4
2023-04-29 12:20:00+00:00,12.7,60.0,7.8,4.0
2023-04-29 12:30:00+00:00,12.6,60.0,7.9,4.0
2023-04-29 12:40:00+00:00,12.7,61.0,8.0,4.1
2023-04-29 12:50:00+00:00,12.7,60.0,8.0,5.4
2023-04-29 13:00:00+00:00,12.7,61.0,7.8,5.4
2023-04-29 13:10:00+00:00,12.7,62.0,7.7,4.0
2023-04-29 13:20:00+00:00,12.7,63.0,7.7,4.0
2023-04-29 13:30:00+00:00,12.7,63.0,7.8,4.0
2023-04-29 13:40:00+00:00,12.7,63.0,7.8,4.0
2023-04-29 13:50:00+00:00,12.7,63.0,7.8,4.0
2023-04-29 14:00:00+00:00,12.7,62.0,7.8,4.0
2023-04-29 14:10:00+00:00,12.6,62.0,7.8,4.0
2023-04-29 14:20:00+00:00,12.6,63.0,7.8,4.0
2023-04-29 14:30:00+00:00,12.6,63.0,7.9,4.0
2023-04-29 14:40:00+00:00,12.6,60.0,7.9,4.0
2023-04-29 14:50:00+00:00,12.6,61.0,8.0,4.0
2023-04-29 15:00:00+00:00,12.6,62.0,8.0,4.0
2023-04-29 15:10:00+00:00,12.5,63.0,7.9,4.0
2023-04-29 15:20:00+00:00,12.5,63.0,7.9,4.0
2023-04-29 15:30:00+00:00,12.5,63.0,7.9,4.0
2023-04-29 15:40:00+00:00,12.5,63.0,7.9,4.0
2023-04-29 15:50:00+00:00,12.5,63.0,8.0,4.0
2023-04-29 16:00:00+00:00,12.4,63.0,8.0,4.0
2023-04-29 16:10:00+00:00,12.4,63.0,8.0,4.0
2023-04-29 16:20:00+00:00,12.3,63.0,8.0,4.0
2023-04-29 16:30:00+00:00,12.3,63.0,8.0,4.0
2023-04-29 16:40:00+00:00,12.3,63.0,8.0,4.0
2023-04-29 16:50:00+00:00,12.3,64.0,8.0,4.0
2023-04-29 17:00:00+00:00,12.2,64.0,8.1,4.0
2023-04-29 17:10:00+00:00,12.2,63.0,8.1,4.0
2023-04-29 17:20:00+00:00,12.1,63.0,8.0,4.0
2023-04-29 17:30:00+00:00,12.1,63.0,8.1,4.0
2023-04-29 17:40:00+00:00,12.1,63.0,8.1,4.0
2023-04-29 17:50:00+00:00,12.1,63.0,8.1,3.8
2023-04-29 18:00:00+00:00,12.0,65.0,8.1,3.8
2023-04-29 18:10:00+00:00,12.0,60.0,8.1,3.3
2023-04-29 18:20:00+00:00,12.0,61.0,8.1,2.6
2023-04-29 18:30:00+00:00,11.9,61.0,8.1,2.0
2023-04-29 18:40:00+00:00,11.8,62.0,8.1,1.4
2023-04-29 18:50:00+00:00,11.8,61.0,8.1,0.8
2023-04-29 19:00:00+00:00,11.8,61.0,8.1,0.7
2023-04-29 19:10:00+00:00,11.7,61.0,8.1,0.6
2023-04-29 19:20:00+00:00,11.7,61.0,8.1,0.6
2023-04-29 19:30:00+00:00,11.6,61.0,8.1,0.6
2023-04-29 19:40:00+00:00,11.6,61.0,8.1,0.6
2023-04-29 19:50:00+00:00,11.5,61.0,8.1,0.6
2023-04-29 20:00:00+00:00,11.5,61.0,8.2,0.5
2023-04-29 20:10:00+00:00,11.5,61.0,8.1,0.6
2023-04-29 20:20:00+00:00,11.3,62.0,8.1,0.6
2023-04-29 20:30:00+00:00,11.3,62.0,8.2,0.6
2023-04-29 20:40:00+00:00,11.3,61.0,8.2,0.6
2023-04-29 20:50:00+00:00,11.2,59.0,8.2,0.6
2023-04-29 21:00:00+00:00,11.1,59.0,8.2,0.6
2023-04-29 21:10:00+00:00,11.1,60.0,8.2,0.6
2023-04-29 21:20:00+00:00,11.0,61.0,8.2,0.6
2023-04-29 21:30:00+00:00,11.0,61.0,8.2,0.5
2023-04-29 21:40:00+00:00,10.9,61.0,8.3,0.6
2023-04-29 21:50:00+00:00,10.8,60.0,8.3,0.6
2023-04-29 22:00:00+00:00,10.75,60.0,8.25,0.6
2023-04-29 22:10:00+00:00,10.7,60.0,8.2,0.6
2023-04-29 22:20:00+00:00,10.6,63.0,8.2,0.6
2023-04-29 22:30:00+00:00,10.6,63.0,8.2,0.6
2023-04-29 22:40:00+00:00,10.6,61.0,8.2,0.6
2023-04-29 22:50:00+00:00,10.5,61.0,8.2,0.7
2023-04-29 23:00:00+00:00,10.5,61.0,8.2,0.6
2023-04-29 23:10:00+00:00,10.4,61.0,8.2,0.6
2023-04-29 23:20:00+00:00,10.3,61.0,8.2,0.6
2023-04-29 23:30:00+00:00,10.3,61.0,8.2,0.6
2023-04-29 23:40:00+00:00,10.2,61.0,8.2,0.6
2023-04-29 23:50:00+00:00,10.1,60.0,8.2,0.6
2023-04-30 00:00:00+00:00,10.1,60.0,8.2,0.5
2023-04-30 00:10:00+00:00,10.05,60.5,8.2,0.55
2023-04-30 00:20:00+00:00,10.0,61.0,8.2,0.6
2023-04-30 00:30:00+00:00,10.0,59.0,8.2,0.6
2023-04-30 00:40:00+00:00,9.9,60.0,8.2,0.6
2023-04-30 00:50:00+00:00,9.8,62.0,8.2,0.6
2023-04-30 01:00:00+00:00,9.8,59.0,8.2,0.6
2023-04-30 01:10:00+00:00,9.7,61.0,8.2,0.7
2023-04-30 01:20:00+00:00,9.7,58.0,8.2,0.7
2023-04-30 01:30:00+00:00,9.6,58.0,8.2,0.7
2023-04-30 01:40:00+00:00,9.6,60.0,8.2,0.7
2023-04-30 01:50:00+00:00,9.5,58.0,8.2,0.7
2023-04-30 02:00:00+00:00,9.5,63.0,8.2,0.6
2023-04-30 02:10:00+00:00,9.5,64.0,8.2,0.7
2023-04-30 02:20:00+00:00,9.4,58.0,8.2,0.8
2023-04-30 02:30:00+00:00,9.3,58.0,8.2,1.3
2023-04-30 02:40:00+00:00,9.3,58.0,8.2,2.1
2023-04-30 02:50:00+00:00,9.3,58.0,8.2,3.2
2023-04-30 03:00:00+00:00,9.2,58.0,8.2,3.4
2023-04-30 03:10:00+00:00,9.1,59.0,8.2,4.0
2023-04-30 03:20:00+00:00,9.1,58.0,8.2,4.0
2023-04-30 03:30:00+00:00,9.1,58.0,8.2,4.0
2023-04-30 03:40:00+00:00,9.0,60.0,8.3,4.0
2023-04-30 03:50:00+00:00,9.0,60.0,8.2,4.0
2023-04-30 04:00:00+00:00,9.0,59.0,8.2,4.0
2023-04-30 04:10:00+00:00,9.0,58.0,8.2,4.0
2023-04-30 04:20:00+00:00,9.0,58.0,8.3,4.0
2023-04-30 04:30:00+00:00,8.95,58.0,8.350000000000001,4.0
2023-04-30 04:40:00+00:00,8.9,58.0,8.4,4.0
2023-04-30 04:50:00+00:00,8.9,58.0,8.3,4.0
2023-04-30 05:00:00+00:00,8.9,58.0,7.9,4.0
2023-04-30 05:10:00+00:00,8.9,58.0,7.7,4.0
2023-04-30 05:20:00+00:00,9.0,57.0,7.5,4.0
2023-04-30 05:30:00+00:00,9.0,57.0,7.4,4.1
2023-04-30 05:40:00+00:00,9.1,57.0,7.4,4.0
2023-04-30 05:50:00+00:00,9.1,57.0,7.3,4.1
2023-04-30 06:00:00+00:00,9.1,57.0,7.3,4.0
2023-04-30 06:10:00+00:00,9.3,57.0,7.3,4.1
2023-04-30 06:20:00+00:00,9.3,57.0,7.3,5.6
2023-04-30 06:30:00+00:00,9.5,57.0,7.2,6.0
2023-04-30 06:40:00+00:00,9.5,57.0,7.4,5.6
2023-04-30 06:50:00+00:00,9.6,57.0,7.6,6.1
2023-04-30 07:00:00+00:00,9.7,57.0,7.1,6.1
2023-04-30 07:10:00+00:00,9.9,57.0,7.3,6.2
2023-04-30 07:20:00+00:00,10.0,57.0,7.1,5.5
2023-04-30 07:30:00+00:00,10.1,57.0,7.1,4.0
2023-04-30 07:40:00+00:00,10.3,57.0,7.5,4.1
2023-04-30 07:50:00+00:00,10.4,57.0,7.2,4.1
2023-04-30 08:00:00+00:00,10.5,57.0,6.9,4.0
2023-04-30 08:10:00+00:00,10.6,57.0,7.4,6.3
2023-04-30 08:20:00+00:00,10.7,57.0,7.1,6.3
2023-04-30 08:30:00+00:00,10.8,57.0,7.1,6.3
2023-04-30 08:40:00+00:00,11.0,57.0,7.0,6.3
2023-04-30 08:50:00+00:00,11.1,56.0,7.1,5.2
2023-04-30 09:00:00+00:00,11.3,56.0,7.0,6.2
2023-04-30 09:10:00+00:00,11.5,56.0,6.7,6.3
2023-04-30 09:20:00+00:00,11.6,56.0,6.9,6.2
2023-04-30 09:30:00+00:00,11.8,56.0,6.6,6.2
2023-04-30 09:40:00+00:00,12.0,56.0,6.6,5.4
2023-04-30 09:50:00+00:00,12.1,56.0,6.5,6.2
2023-04-30 10:00:00+00:00,12.3,56.0,6.5,6.3
2023-04-30 10:10:00+00:00,12.4,56.0,6.8,6.2
2023-04-30 10:20:00+00:00,12.5,56.0,6.6,6.4
2023-04-30 10:30:00+00:00,12.8,56.0,6.9,6.1
2023-04-30 10:40:00+00:00,13.0,56.0,6.6,6.2
2023-04-30 10:50:00+00:00,13.2,56.0,6.6,6.1
2023-04-30 11:00:00+00:00,13.3,56.0,6.6,6.2
2023-04-30 11:10:00+00:00,13.5,56.0,6.8,6.1
2023-04-30 11:20:00+00:00,13.7,57.0,6.8,6.2
2023-04-30 11:30:00+00:00,13.9,57.0,6.8,6.1
2023-04-30 11:40:00+00:00,14.0,57.0,7.0,6.1
2023-04-30 11:50:00+00:00,14.1,56.0,7.2,6.1
2023-04-30 12:00:00+00:00,14.1,57.0,7.2,6.1
2023-04-30 12:10:00+00:00,14.1,57.0,7.4,6.1
2023-04-30 12:20:00+00:00,14.1,57.0,7.8,6.1
2023-04-30 12:30:00+00:00,14.1,58.0,7.8,5.9
2023-04-30 12:40:00+00:00,14.1,58.0,8.0,4.0
2023-04-30 12:50:00+00:00,14.0,58.0,8.2,4.0
2023-04-30 13:00:00+00:00,13.8,58.0,7.9,4.0
2023-04-30 13:10:00+00:00,13.8,58.0,7.8,4.0
2023-04-30 13:20:00+00:00,13.6,58.0,7.8,4.0
2023-04-30 13:30:00+00:00,13.6,58.0,7.7,4.0
2023-04-30 13:40:00+00:00,13.5,58.0,7.7,4.0
2023-04-30 13:50:00+00:00,13.4,58.0,7.7,4.0
2023-04-30 14:00:00+00:00,13.3,58.0,7.7,4.0
2023-04-30 14:10:00+00:00,13.1,58.0,7.6,4.0
2023-04-30 14:20:00+00:00,13.1,58.0,7.6,4.0
2023-04-30 14:30:00+00:00,13.0,58.0,7.6,4.0
2023-04-30 14:40:00+00:00,12.8,58.0,7.6,4.0
2023-04-30 14:50:00+00:00,12.8,58.0,7.6,4.0
2023-04-30 15:00:00+00:00,12.6,59.0,7.6,4.0
2023-04-30 15:10:00+00:00,12.6,58.0,7.7,4.0
2023-04-30 15:20:00+00:00,12.5,58.0,7.7,4.0
2023-04-30 15:30:00+00:00,12.4,58.0,7.7,4.0
2023-04-30 15:40:00+00:00,12.3,58.0,7.6,4.0
2023-04-30 15:50:00+00:00,12.2,58.0,7.7,4.0
2023-04-30 16:00:00+00:00,12.1,58.0,7.7,4.0
2023-04-30 16:10:00+00:00,12.0,58.0,7.7,4.0
2023-04-30 16:20:00+00:00,12.0,58.0,7.7,4.0
2023-04-30 16:30:00+00:00,11.9,58.0,7.7,4.0
2023-04-30 16:40:00+00:00,11.8,58.0,7.7,4.0
2023-04-30 16:50:00+00:00,11.7,58.0,7.7,4.0
2023-04-30 17:00:00+00:00,11.6,58.0,7.7,4.0
2023-04-30 17:10:00+00:00,11.6,58.0,7.7,4.0
2023-04-30 17:20:00+00:00,11.5,57.0,7.7,4.0
2023-04-30 17:30:00+00:00,11.4,57.0,7.7,4.0
2023-04-30 17:40:00+00:00,11.3,57.0,7.7,4.0
2023-04-30 17:50:00+00:00,11.3,57.0,7.8,4.0
2023-04-30 18:00:00+00:00,11.2,58.0,7.8,4.0
2023-04-30 18:10:00+00:00,11.1,65.0,7.8,3.8
2023-04-30 18:20:00+00:00,11.1,66.0,7.8,3.6
2023-04-30 18:30:00+00:00,11.0,66.0,7.8,2.6
2023-04-30 18:40:00+00:00,10.9,66.0,7.8,1.5
2023-04-30 18:50:00+00:00,10.8,66.0,7.8,0.9
2023-04-30 19:00:00+00:00,10.8,66.0,7.8,0.7
2023-04-30 19:10:00+00:00,10.7,66.0,7.8,0.7
2023-04-30 19:20:00+00:00,10.6,66.0,7.8,0.7
2023-04-30 19:30:00+00:00,10.6,66.0,7.8,0.7
2023-04-30 19:40:00+00:00,10.5,65.0,7.8,0.7
2023-04-30 19:50:00+00:00,10.5,65.0,7.8,0.7
2023-04-30 20:00:00+00:00,10.4,67.0,7.8,0.6
2023-04-30 20:10:00+00:00,10.3,68.0,7.8,0.6
2023-04-30 20:20:00+00:00,10.3,70.0,7.8,0.7
2023-04-30 20:30:00+00:00,10.2,69.0,7.8,0.7
2023-04-30 20:40:00+00:00,10.1,70.0,7.8,0.7
2023-04-30 20:50:00+00:00,10.1,70.0,7.8,0.6
2023-04-30 21:00:00+00:00,10.0,72.0,7.8,0.7
2023-04-30 21:10:00+00:00,10.0,73.0,7.8,0.7
2023-04-30 21:20:00+00:00,9.9,72.0,7.8,0.7
2023-04-30 21:30:00+00:00,9.9,71.0,7.8,0.7
2023-04-30 21:40:00+00:00,9.8,71.0,7.8,0.6
2023-04-30 21:50:00+00:00,9.8,71.0,7.8,0.6
2023-04-30 22:00:00+00:00,9.7,70.0,7.8,0.7
2023-04-30 22:10:00+00:00,9.6,72.0,7.8,0.7
2023-04-30 22:20:00+00:00,9.6,71.0,7.8,0.7
2023-04-30 22:30:00+00:00,9.6,72.0,7.7,0.6
2023-04-30 22:40:00+00:00,9.5,65.0,7.8,0.7
2023-04-30 22:50:00+00:00,9.5,65.0,7.7,0.6
2023-04-30 23:00:00+00:00,9.5,65.0,7.8,0.7
2023-04-30 23:10:00+00:00,9.4,65.0,7.8,0.7
2023-04-30 23:20:00+00:00,9.3,65.0,7.7,0.6
2023-04-30 23:30:00+00:00,9.3,69.0,7.7,0.6
2023-04-30 23:40:00+00:00,9.3,68.0,7.7,0.7
2023-04-30 23:50:00+00:00,9.2,68.0,7.7,0.5
2023-05-01 00:00:00+00:00,9.1,70.0,7.8,0.7
2023-05-01 00:10:00+00:00,9.1,69.0,7.8,0.5
2023-05-01 00:20:00+00:00,9.1,69.0,7.8,0.6
2023-05-01 00:30:00+00:00,9.0,70.0,7.8,0.7
2023-05-01 00:40:00+00:00,9.0,69.0,7.8,0.6
2023-05-01 00:50:00+00:00,9.0,69.0,7.8,0.6
2023-05-01 01:00:00+00:00,8.9,70.0,7.8,0.5
2023-05-01 01:10:00+00:00,8.8,70.0,7.8,0.7
2023-05-01 01:20:00+00:00,8.8,69.0,7.8,0.7
2023-05-01 01:30:00+00:00,8.8,70.0,7.8,0.7
2023-05-01 01:40:00+00:00,8.7,69.0,7.8,0.7
2023-05-01 01:50:00+00:00,8.6,69.0,7.8,0.7
2023-05-01 02:00:00+00:00,8.6,69.0,7.8,0.7
2023-05-01 02:10:00+00:00,8.6,69.0,7.8,0.8
2023-05-01 02:20:00+00:00,8.6,69.0,7.8,1.0
2023-05-01 02:30:00+00:00,8.5,70.0,7.7,1.5
2023-05-01 02:40:00+00:00,8.5,70.0,7.7,2.6
2023-05-01 02:50:00+00:00,8.5,70.0,7.7,3.5
2023-05-01 03:00:00+00:00,8.4,65.0,7.8,4.0
2023-05-01 03:10:00+00:00,8.4,65.0,7.8,4.0
2023-05-01 03:20:00+00:00,8.3,65.0,7.8,4.0
2023-05-01 03:30:00+00:00,8.3,68.0,7.8,4.0
2023-05-01 03:40:00+00:00,8.3,68.0,7.7,4.0
2023-05-01 03:50:00+00:00,8.3,68.0,7.6,4.0
2023-05-01 04:00:00+00:00,8.3,69.0,7.7,4.0
2023-05-01 04:10:00+00:00,8.3,70.0,7.7,4.0
2023-05-01 04:20:00+00:00,8.3,69.0,7.8,4.0
2023-05-01 04:30:00+00:00,8.3,70.0,7.9,4.0
2023-05-01 04:40:00+00:00,8.3,70.0,7.8,4.0
2023-05-01 04:50:00+00:00,8.3,70.0,7.7,4.0
2023-05-01 05:00:00+00:00,8.3,69.0,7.3,4.0
2023-05-01 05:10:00+00:00,8.3,69.0,7.2,4.0
2023-05-01 05:20:00+00:00,8.4,69.0,7.1,4.0
2023-05-01 05:30:00+00:00,8.5,69.0,7.0,4.0
2023-05-01 05:40:00+00:00,8.5,69.0,6.9,4.1
2023-05-01 05:50:00+00:00,8.6,68.0,6.9,4.0
2023-05-01 06:00:00+00:00,8.7,68.0,6.8,4.1
2023-05-01 06:10:00+00:00,8.8,68.0,6.8,4.0
2023-05-01 06:20:00+00:00,9.0,68.0,6.8,4.1
2023-05-01 06:30:00+00:00,9.1,68.0,6.8,5.6
2023-05-01 06:40:00+00:00,9.3,68.0,6.8,5.8
2023-05-01 06:50:00+00:00,9.4,67.0,6.7,5.9
2023-05-01 07:00:00+00:00,9.6,64.0,6.6,5.9
2023-05-01 07:10:00+00:00,9.8,64.0,6.5,5.9
2023-05-01 07:20:00+00:00,10.0,64.0,6.5,5.9
2023-05-01 07:30:00+00:00,10.1,64.0,6.4,6.0
2023-05-01 07:40:00+00:00,10.4,64.0,6.4,6.0
2023-05-01 07:50:00+00:00,10.6,64.0,6.3,6.0
2023-05-01 08:00:00+00:00,10.9,63.0,6.3,6.0
2023-05-01 08:10:00+00:00,11.1,63.0,6.2,6.0
2023-05-01 08:20:00+00:00,11.4,63.0,6.2,6.0
2023-05-01 08:30:00+00:00,11.6,63.0,6.2,6.0
2023-05-01 08:40:00+00:00,11.9,63.0,6.1,6.0
2023-05-01 08:50:00+00:00,12.1,63.0,6.1,5.9
2023-05-01 09:00:00+00:00,12.4,65.0,6.1,6.0
2023-05-01 09:10:00+00:00,12.6,65.0,6.1,6.0
2023-05-01 09:20:00+00:00,12.9,65.0,6.2,6.0
2023-05-01 09:30:00+00:00,13.1,65.0,6.1,5.9
2023-05-01 09:40:00+00:00,13.4,64.0,6.1,6.0
2023-05-01 09:50:00+00:00,13.6,65.0,6.1,5.9
2023-05-01 10:00:00+00:00,13.9,64.0,6.1,5.9
2023-05-01 10:10:00+00:00,14.1,64.0,6.1,6.0
2023-05-01 10:20:00+00:00,14.3,65.0,6.1,6.0
2023-05-01 10:30:00+00:00,14.6,64.0,6.2,6.0
2023-05-01 10:40:00+00:00,14.8,65.0,6.2,6.0
2023-05-01 10:50:00+00:00,15.0,65.0,6.2,6.0
2023-05-01 11:00:00+00:00,15.2,65.0,6.3,6.0
2023-05-01 11:10:00+00:00,15.5,65.0,6.4,6.0
2023-05-01 11:20:00+00:00,15.7,65.0,6.5,5.9
2023-05-01 11:30:00+00:00,15.9,65.0,6.5,6.0
2023-05-01 11:40:00+00:00,16.1,65.0,6.6,5.9
2023-05-01 11:50:00+00:00,16.2,66.0,6.7,5.9
2023-05-01 12:00:00+00:00,16.2,66.0,6.8,5.9
2023-05-01 12:10:00+00:00,16.3,66.0,7.1,5.8
2023-05-01 12:20:00+00:00,16.3,66.0,7.4,5.8
2023-05-01 12:30:00+00:00,16.2,67.0,7.6,5.7
2023-05-01 12:40:00+00:00,16.1,67.0,7.8,5.4
2023-05-01 12:50:00+00:00,16.1,67.0,7.8,4.0
2023-05-01 13:00:00+00:00,16.0,68.0,7.6,4.0
2023-05-01 13:10:00+00:00,15.9,67.0,7.6,4.0
2023-05-01 13:20:00+00:00,15.8,68.0,7.6,4.0
2023-05-01 13:30:00+00:00,15.7,68.0,7.5,4.0
2023-05-01 13:40:00+00:00,15.6,68.0,7.5,4.0
2023-05-01 13:50:00+00:00,15.5,68.0,7.4,4.0
2023-05-01 14:00:00+00:00,15.3,68.0,7.5,4.0
2023-05-01 14:10:00+00:00,15.2,68.0,7.5,4.0
2023-05-01 14:20:00+00:00,15.1,67.0,7.4,4.0
2023-05-01 14:30:00+00:00,15.0,66.0,7.4,4.0
2023-05-01 14:40:00+00:00,14.9,67.0,7.4,4.0
2023-05-01 14:50:00+00:00,14.8,67.0,7.3,4.0
2023-05-01 15:00:00+00:00,14.7,67.0,7.3,4.0
2023-05-01 15:10:00+00:00,14.6,67.0,7.3,4.0
2023-05-01 15:20:00+00:00,14.5,68.0,7.3,4.0
2023-05-01 15:30:00+00:00,14.4,68.0,7.3,4.0
2023-05-01 15:40:00+00:00,14.3,69.0,7.3,4.0
2023-05-01 15:50:00+00:00,14.2,70.0,7.3,4.0
2023-05-01 16:00:00+00:00,14.1,67.0,7.3,4.0
2023-05-01 16:10:00+00:00,14.1,67.0,7.3,4.0
2023-05-01 16:20:00+00:00,14.0,68.0,7.3,4.0
2023-05-01 16:30:00+00:00,13.9,67.0,7.3,4.0
2023-05-01 16:40:00+00:00,13.8,67.0,7.3,4.0
2023-05-01 16:50:00+00:00,13.7,68.0,7.3,4.0
2023-05-01 17:00:00+00:00,13.6,68.0,7.3,4.0
2023-05-01 17:10:00+00:00,13.6,68.0,7.4,4.0
2023-05-01 17:20:00+00:00,13.5,67.0,7.4,4.0
2023-05-01 17:30:00+00:00,13.5,66.0,7.4,4.0
2023-05-01 17:40:00+00:00,13.3,67.0,7.4,4.0
2023-05-01 17:50:00+00:00,13.3,66.0,7.4,4.0
2023-05-01 18:00:00+00:00,13.2,66.0,7.5,3.9
2023-05-01 18:10:00+00:00,13.1,65.0,7.5,3.6
2023-05-01 18:20:00+00:00,13.1,66.0,7.5,2.9
2023-05-01 18:30:00+00:00,13.0,66.0,7.5,2.1
2023-05-01 18:40:00+00:00,13.0,64.0,7.5,1.0
2023-05-01 18:50:00+00:00,12.8,65.0,7.5,0.8
2023-05-01 19:00:00+00:00,12.8,65.0,7.6,0.7
2023-05-01 19:10:00+00:00,12.7,66.0,7.6,0.7
2023-05-01 19:20:00+00:00,12.6,66.0,7.6,0.6
2023-05-01 19:30:00+00:00,12.6,64.0,7.5,0.7
2023-05-01 19:40:00+00:00,12.5,64.0,7.5,0.5
2023-05-01 19:50:00+00:00,12.5,64.0,7.6,0.5
2023-05-01 20:00:00+00:00,12.4,64.0,7.6,0.6
2023-05-01 20:10:00+00:00,12.3,63.0,7.6,0.6
2023-05-01 20:20:00+00:00,12.2,63.0,7.6,0.6
2023-05-01 20:30:00+00:00,12.1,63.0,7.6,0.6
2023-05-01 20:40:00+00:00,12.1,63.0,7.6,0.5
2023-05-01 20:50:00+00:00,12.1,63.0,7.6,0.6
2023-05-01 21:00:00+00:00,12.0,63.0,7.6,0.6
2023-05-01 21:10:00+00:00,12.0,63.0,7.6,0.6
2023-05-01 21:20:00+00:00,11.9,63.0,7.5,0.6
2023-05-01 21:30:00+00:00,11.8,63.0,7.5,0.6
2023-05-01 21:40:00+00:00,11.8,63.0,7.5,0.6
2023-05-01 21:50:00+00:00,11.7,63.0,7.5,0.6
2023-05-01 22:00:00+00:00,11.6,63.0,7.5,0.6
2023-05-01 22:10:00+00:00,11.6,63.0,7.5,0.6
2023-05-01 22:20:00+00:00,11.5,63.0,7.5,0.6
2023-05-01 22:30:00+00:00,11.5,63.0,7.5,0.6
2023-05-01 22:40:00+00:00,11.5,63.0,7.5,0.6
2023-05-01 22:50:00+00:00,11.4,63.0,7.5,0.6
2023-05-01 23:00:00+00:00,11.3,63.0,7.5,0.6
2023-05-01 23:10:00+00:00,11.3,63.0,7.5,0.6
2023-05-01 23:20:00+00:00,11.3,63.0,7.5,0.7
2023-05-01 23:30:00+00:00,11.2,63.0,7.5,0.4
2023-05-01 23:40:00+00:00,11.1,63.0,7.5,0.6
2023-05-01 23:50:00+00:00,11.1,63.0,7.5,0.6
2023-05-02 00:00:00+00:00,11.1,63.0,7.5,0.6
2023-05-02 00:10:00+00:00,11.0,63.0,7.5,0.6
2023-05-02 00:20:00+00:00,11.0,63.0,7.5,0.6
2023-05-02 00:30:00+00:00,11.0,62.0,7.5,0.6
2023-05-02 00:40:00+00:00,10.9,65.0,7.5,0.6
2023-05-02 00:50:00+00:00,10.9,65.0,7.5,0.6
2023-05-02 01:00:00+00:00,10.8,65.0,7.5,0.6
2023-05-02 01:10:00+00:00,10.8,65.0,7.5,0.6
2023-05-02 01:20:00+00:00,10.8,65.0,7.5,0.6
2023-05-02 01:30:00+00:00,10.7,65.0,7.5,0.6
2023-05-02 01:40:00+00:00,10.7,65.0,7.4,0.6
2023-05-02 01:50:00+00:00,10.6,64.0,7.4,0.7
2023-05-02 02:00:00+00:00,10.6,64.0,7.4,0.6
2023-05-02 02:10:00+00:00,10.6,64.0,7.4,0.7
2023-05-02 02:20:00+00:00,10.6,64.0,7.4,0.8
2023-05-02 02:30:00+00:00,10.6,64.0,7.4,1.0
2023-05-02 02:40:00+00:00,10.5,64.0,7.4,2.1
2023-05-02 02:50:00+00:00,10.5,64.0,7.4,3.1
2023-05-02 03:00:00+00:00,10.5,64.0,7.5,3.4
2023-05-02 03:10:00+00:00,10.4,64.0,7.5,3.5
2023-05-02 03:20:00+00:00,10.4,64.0,7.5,3.9
2023-05-02 03:30:00+00:00,10.4,64.0,7.5,4.0
2023-05-02 03:40:00+00:00,10.4,64.0,7.5,4.0
2023-05-02 03:50:00+00:00,10.3,64.0,7.5,4.0
2023-05-02 04:00:00+00:00,10.3,64.0,7.4,4.0
2023-05-02 04:10:00+00:00,10.3,64.0,7.4,4.0
2023-05-02 04:20:00+00:00,10.3,64.0,7.4,4.0
2023-05-02 04:30:00+00:00,10.3,64.0,7.4,4.0
2023-05-02 04:40:00+00:00,10.3,64.0,7.4,4.0
2023-05-02 04:50:00+00:00,10.3,64.0,7.3,4.0
2023-05-02 05:00:00+00:00,10.4,64.0,7.3,4.0
2023-05-02 05:10:00+00:00,10.4,64.0,7.2,4.0
2023-05-02 05:20:00+00:00,10.4,64.0,7.2,4.0
2023-05-02 05:30:00+00:00,10.5,64.0,7.2,4.0
2023-05-02 05:40:00+00:00,10.5,64.0,7.1,4.0
2023-05-02 05:50:00+00:00,10.5,64.0,7.2,4.0
2023-05-02 06:00:00+00:00,10.5,63.0,7.2,4.0
2023-05-02 06:10:00+00:00,10.5,63.0,7.2,4.1
2023-05-02 06:20:00+00:00,10.7,63.0,7.1,4.1
2023-05-02 06:30:00+00:00,10.8,63.0,6.7,4.0
2023-05-02 06:40:00+00:00,10.8,63.0,6.6,4.0
2023-05-02 06:50:00+00:00,10.9,63.0,6.8,4.0
2023-05-02 07:00:00+00:00,11.1,62.0,6.7,4.1
2023-05-02 07:10:00+00:00,11.3,62.0,6.5,4.1
2023-05-02 07:20:00+00:00,11.5,62.0,6.4,4.1
2023-05-02 07:30:00+00:00,11.6,62.0,6.4,4.1
2023-05-02 07:40:00+00:00,11.8,62.0,6.4,4.0
2023-05-02 07:50:00+00:00,12.0,62.0,6.3,5.6
2023-05-02 08:00:00+00:00,12.3,62.0,6.2,5.8
2023-05-02 08:10:00+00:00,12.5,67.0,6.2,5.9
2023-05-02 08:20:00+00:00,12.8,67.0,6.2,5.9
2023-05-02 08:30:00+00:00,13.0,67.0,6.1,5.9
2023-05-02 08:40:00+00:00,13.2,68.0,6.1,6.0
2023-05-02 08:50:00+00:00,13.35,68.5,6.1,6.0
2023-05-02 09:00:00+00:00,13.5,69.0,6.1,6.0
2023-05-02 09:10:00+00:00,13.6,69.0,6.2,6.0
2023-05-02 09:20:00+00:00,13.7,68.0,6.2,5.0
2023-05-02 09:30:00+00:00,13.7,68.0,6.5,4.0
2023-05-02 09:40:00+00:00,13.8,67.0,7.2,6.0
2023-05-02 09:50:00+00:00,13.9,70.0,7.3,5.3
2023-05-02 10:00:00+00:00,14.0,65.0,6.85,5.85
2023-05-02 10:10:00+00:00,14.1,63.0,6.9,6.2
2023-05-02 10:20:00+00:00,14.3,62.0,6.5,5.6
2023-05-02 10:30:00+00:00,14.3,62.0,6.4,5.7
2023-05-02 10:40:00+00:00,14.3,62.0,6.8,5.4
2023-05-02 10:50:00+00:00,14.3,62.0,7.1,4.0
2023-05-02 11:00:00+00:00,14.3,63.0,7.2,4.0
2023-05-02 11:10:00+00:00,14.2,61.0,7.3,4.0
2023-05-02 11:20:00+00:00,14.2,64.0,7.5,4.0
2023-05-02 11:30:00+00:00,14.1,62.0,7.5,4.0
2023-05-02 11:40:00+00:00,14.1,61.0,7.6,4.1
2023-05-02 11:50:00+00:00,14.1,61.0,7.6,4.0
2023-05-02 12:00:00+00:00,14.0,63.0,7.3,4.0
2023-05-02 12:10:00+00:00,14.0,60.0,7.4,4.0
2023-05-02 12:20:00+00:00,14.0,60.0,7.5,5.9
2023-05-02 12:30:00+00:00,14.0,60.0,7.2,4.0
2023-05-02 12:40:00+00:00,13.9,60.0,7.2,4.0
2023-05-02 12:50:00+00:00,13.8,59.0,7.2,4.0
2023-05-02 13:00:00+00:00,13.8,59.0,7.2,4.0
2023-05-02 13:10:00+00:00,13.8,60.0,7.2,4.0
2023-05-02 13:20:00+00:00,13.7,60.0,7.2,4.0
2023-05-02 13:30:00+00:00,13.6,59.0,7.2,4.0
2023-05-02 13:40:00+00:00,13.6,60.0,7.2,4.0
2023-05-02 13:50:00+00:00,13.5,63.0,7.2,4.0
2023-05-02 14:00:00+00:00,13.5,59.0,7.3,4.0
2023-05-02 14:10:00+00:00,13.3,59.0,7.2,4.0
2023-05-02 14:20:00+00:00,13.3,59.0,7.3,4.0
2023-05-02 14:30:00+00:00,13.2,59.0,7.3,4.0
2023-05-02 14:40:00+00:00,13.1,59.0,7.3,4.0
2023-05-02 14:50:00+00:00,13.0,59.0,7.3,4.0
2023-05-02 15:00:00+00:00,13.0,59.0,7.3,4.0
2023-05-02 15:10:00+00:00,12.9,59.0,7.3,4.0
2023-05-02 15:20:00+00:00,12.8,59.0,7.3,4.0
2023-05-02 15:30:00+00:00,12.8,60.0,7.3,4.0
2023-05-02 15:40:00+00:00,12.6,59.0,7.3,4.0
2023-05-02 15:50:00+00:00,12.6,60.0,7.3,4.0
2023-05-02 16:00:00+00:00,12.5,60.0,7.3,4.0
2023-05-02 16:10:00+00:00,12.5,59.0,7.4,4.0
2023-05-02 16:20:00+00:00,12.4,61.0,7.4,4.0
2023-05-02 16:30:00+00:00,12.3,61.0,7.4,4.0
2023-05-02 16:40:00+00:00,12.3,61.0,7.4,4.0
2023-05-02 16:50:00+00:00,12.1,61.0,7.4,4.0
2023-05-02 17:00:00+00:00,12.1,66.0,7.4,4.0
2023-05-02 17:10:00+00:00,12.0,65.0,7.4,4.0
2023-05-02 17:20:00+00:00,12.0,63.0,7.4,4.0
2023-05-02 17:30:00+00:00,11.9,64.0,7.4,4.0
2023-05-02 17:40:00+00:00,11.8,67.0,7.4,4.0
2023-05-02 17:50:00+00:00,11.8,67.0,7.4,4.0
2023-05-02 18:00:00+00:00,11.6,67.0,7.5,4.0
2023-05-02 18:10:00+00:00,11.6,59.0,7.5,3.7
2023-05-02 18:20:00+00:00,11.55,62.0,7.5,3.6
2023-05-02 18:30:00+00:00,11.5,65.0,7.5,3.5
2023-05-02 18:40:00+00:00,11.5,62.0,7.5,2.8
2023-05-02 18:50:00+00:00,11.4,61.0,7.5,1.8
2023-05-02 19:00:00+00:00,11.3,62.0,7.5,1.1
2023-05-02 19:10:00+00:00,11.3,62.0,7.5,0.8
2023-05-02 19:20:00+00:00,11.2,62.0,7.5,0.5
2023-05-02 19:30:00+00:00,11.1,61.0,7.5,0.5
2023-05-02 19:40:00+00:00,11.1,61.0,7.5,0.7
2023-05-02 19:50:00+00:00,11.0,61.0,7.5,0.7
2023-05-02 20:00:00+00:00,11.0,61.0,7.5,0.6
2023-05-02 20:10:00+00:00,10.8,69.0,7.5,0.5
2023-05-02 20:20:00+00:00,10.8,73.0,7.5,0.6
2023-05-02 20:30:00+00:00,10.7,72.0,7.5,0.6
2023-05-02 20:40:00+00:00,10.6,72.0,7.5,0.6
2023-05-02 20:50:00+00:00,10.6,72.0,7.5,0.7
2023-05-02 21:00:00+00:00,10.5,60.0,7.5,0.7
2023-05-02 21:10:00+00:00,10.5,60.0,7.5,0.6
2023-05-02 21:20:00+00:00,10.4,60.0,7.5,0.6
2023-05-02 21:30:00+00:00,10.3,59.0,7.5,0.6
2023-05-02 21:40:00+00:00,10.3,59.0,7.5,0.6499999999999999
2023-05-02 21:50:00+00:00,10.1,59.0,7.5,0.6
2023-05-02 22:00:00+00:00,10.1,59.0,7.5,0.6
2023-05-02 22:10:00+00:00,10.1,59.0,7.5,0.6
2023-05-02 22:20:00+00:00,10.0,59.0,7.5,0.6
2023-05-02 22:30:00+00:00,10.0,59.0,7.5,0.6
2023-05-02 22:40:00+00:00,9.9,59.0,7.4,0.7
2023-05-02 22:50:00+00:00,9.8,59.0,7.4,0.5
2023-05-02 23:00:00+00:00,9.8,59.0,7.4,0.7
2023-05-02 23:10:00+00:00,9.7,59.0,7.4,0.6
2023-05-02 23:20:00+00:00,9.6,59.0,7.5,0.6
2023-05-02 23:30:00+00:00,9.6,59.0,7.5,0.6
2023-05-02 23:40:00+00:00,9.5,59.0,7.4,0.6
2023-05-02 23:50:00+00:00,9.5,59.0,7.5,0.6
2023-05-03 00:00:00+00:00,9.5,59.0,7.4,0.6
2023-05-03 00:10:00+00:00,9.4,59.0,7.4,0.5
2023-05-03 00:20:00+00:00,9.4,59.0,7.4,0.7
2023-05-03 00:30:00+00:00,9.3,59.0,7.4,0.6
2023-05-03 00:40:00+00:00,9.3,59.0,7.4,0.6
2023-05-03 00:50:00+00:00,9.3,59.0,7.4,0.6
2023-05-03 01:00:00+00:00,9.2,59.0,7.4,0.6
2023-05-03 01:10:00+00:00,9.2,59.0,7.4,0.7
2023-05-03 01:20:00+00:00,9.1,59.0,7.5,0.7
2023-05-03 01:30:00+00:00,9.1,59.0,7.4,0.6
2023-05-03 01:40:00+00:00,9.1,58.0,7.4,0.7
2023-05-03 01:50:00+00:00,9.0,58.0,7.4,0.7
2023-05-03 02:00:00+00:00,9.0,58.0,7.4,0.7
2023-05-03 02:10:00+00:00,9.0,59.0,7.4,0.9
2023-05-03 02:20:00+00:00,9.0,68.0,7.4,1.5
2023-05-03 02:30:00+00:00,9.0,72.0,7.4,2.4
2023-05-03 02:40:00+00:00,8.9,73.0,7.4,3.4
2023-05-03 02:50:00+00:00,8.9,74.0,7.4,3.4
2023-05-03 03:00:00+00:00,8.8,76.0,7.4,4.0
2023-05-03 03:10:00+00:00,8.8,74.0,7.4,4.0
2023-05-03 03:20:00+00:00,8.8,75.0,7.5,4.0
2023-05-03 03:30:00+00:00,8.8,74.0,7.5,4.0
2023-05-03 03:40:00+00:00,8.8,75.0,7.4,4.0
2023-05-03 03:50:00+00:00,8.8,76.0,7.4,4.0
2023-05-03 04:00:00+00:00,8.8,76.5,7.35,4.0
2023-05-03 04:10:00+00:00,8.8,77.0,7.3,4.0
2023-05-03 04:20:00+00:00,8.8,77.0,7.4,4.0
2023-05-03 04:30:00+00:00,8.8,74.0,7.4,4.0
2023-05-03 04:40:00+00:00,8.8,74.0,7.4,4.0
2023-05-03 04:50:00+00:00,8.8,73.0,7.4,4.0
2023-05-03 05:00:00+00:00,8.8,58.0,7.2,4.1
2023-05-03 05:10:00+00:00,8.8,58.0,7.0,4.0
2023-05-03 05:20:00+00:00,8.8,69.0,6.9,4.0
2023-05-03 05:30:00+00:00,8.9,70.0,6.8,4.0
2023-05-03 05:40:00+00:00,9.0,70.0,6.8,4.0
2023-05-03 05:50:00+00:00,9.0,69.0,6.7,4.0
2023-05-03 06:00:00+00:00,9.1,64.0,6.7,4.1
2023-05-03 06:10:00+00:00,9.3,67.0,6.7,4.1
2023-05-03 06:20:00+00:00,9.4,67.0,6.7,4.1
2023-05-03 06:30:00+00:00,9.5,68.0,6.6,5.4
2023-05-03 06:40:00+00:00,9.6,68.0,6.6,5.8
2023-05-03 06:50:00+00:00,9.8,67.0,6.6,5.9
2023-05-03 07:00:00+00:00,10.0,68.0,6.6,5.9
2023-05-03 07:10:00+00:00,10.1,65.0,6.5,6.0
2023-05-03 07:20:00+00:00,10.3,68.0,6.5,6.0
2023-05-03 07:30:00+00:00,10.6,65.0,6.4,6.0
2023-05-03 07:40:00+00:00,10.8,65.0,6.4,6.1
2023-05-03 07:50:00+00:00,11.0,64.0,6.3,6.0
2023-05-03 08:00:00+00:00,11.2,64.0,6.3,6.0
2023-05-03 08:10:00+00:00,11.5,64.0,6.2,6.0
2023-05-03 08:20:00+00:00,11.6,62.0,6.2,6.0
2023-05-03 08:30:00+00:00,11.9,60.0,6.1,6.1
2023-05-03 08:40:00+00:00,12.1,60.0,6.1,6.1
2023-05-03 08:50:00+00:00,12.3,59.0,6.1,6.1
2023-05-03 09:00:00+00:00,12.6,63.0,6.1,6.1
2023-05-03 09:10:00+00:00,12.8,52.0,6.1,6.1
2023-05-03 09:20:00+00:00,13.1,55.5,6.0,6.1
2023-05-03 09:30:00+00:00,13.4,58.0,6.0,6.1
2023-05-03 09:40:00+00:00,13.6,58.0,6.0,6.1
2023-05-03 09:50:00+00:00,13.8,58.0,6.0,5.8
2023-05-03 10:00:00+00:00,14.1,58.0,6.0,6.0
2023-05-03 10:10:00+00:00,14.2,57.0,6.0,6.0
2023-05-03 10:20:00+00:00,14.4,57.0,6.0,6.1
2023-05-03 10:30:00+00:00,14.5,59.0,6.0,5.0
2023-05-03 10:40:00+00:00,14.8,59.0,6.3,6.2
2023-05-03 10:50:00+00:00,15.0,61.0,6.2,6.1
2023-05-03 11:00:00+00:00,14.9,60.0,6.2,6.3
2023-05-03 11:10:00+00:00,15.2,60.0,6.6,6.1
2023-05-03 11:20:00+00:00,15.4,59.0,6.3,6.1
2023-05-03 11:30:00+00:00,15.6,58.0,6.3,6.1
2023-05-03 11:40:00+00:00,15.8,57.0,6.3,6.1
2023-05-03 11:50:00+00:00,15.6,60.0,6.4,6.1
2023-05-03 12:00:00+00:00,15.7,61.0,6.5,5.4
2023-05-03 12:10:00+00:00,15.6,60.0,6.7,6.1
2023-05-03 12:20:00+00:00,15.8,60.0,7.2,6.0
2023-05-03 12:30:00+00:00,15.6,63.0,7.1,5.8
2023-05-03 12:40:00+00:00,15.6,61.0,7.2,5.7
2023-05-03 12:50:00+00:00,15.5,61.0,7.1,4.0
2023-05-03 13:00:00+00:00,15.4,61.0,6.9,4.0
2023-05-03 13:10:00+00:00,15.3,54.0,6.9,4.0
2023-05-03 13:20:00+00:00,15.2,57.0,6.9,4.0
2023-05-03 13:30:00+00:00,15.149999999999999,59.5,6.95,4.0
2023-05-03 13:40:00+00:00,15.1,62.0,7.0,4.0
2023-05-03 13:50:00+00:00,15.0,59.0,6.9,4.0
2023-05-03 14:00:00+00:00,14.9,63.0,6.9,4.0
2023-05-03 14:10:00+00:00,14.8,61.0,6.9,4.0
2023-05-03 14:20:00+00:00,14.6,61.0,6.8,4.0
2023-05-03 14:30:00+00:00,14.6,57.0,6.8,4.0
2023-05-03 14:40:00+00:00,14.5,57.0,6.9,4.0
2023-05-03 14:50:00+00:00,14.4,63.0,6.9,4.0
2023-05-03 15:00:00+00:00,14.3,56.0,6.8,4.0
2023-05-03 15:10:00+00:00,14.2,57.0,6.8,4.0
2023-05-03 15:20:00+00:00,14.1,57.0,6.9,4.0
2023-05-03 15:30:00+00:00,14.0,57.0,6.9,4.0
2023-05-03 15:40:00+00:00,14.0,57.0,6.9,4.0
2023-05-03 15:50:00+00:00,13.8,57.0,6.9,4.0
2023-05-03 16:00:00+00:00,13.8,56.0,6.9,4.0
2023-05-03 16:10:00+00:00,13.6,57.0,6.9,4.0
2023-05-03 16:20:00+00:00,13.6,64.0,6.9,4.0
2023-05-03 16:30:00+00:00,13.5,63.0,6.9,4.0
2023-05-03 16:40:00+00:00,13.4,63.0,6.9,4.0
2023-05-03 16:50:00+00:00,13.3,57.0,6.9,4.0
2023-05-03 17:00:00+00:00,13.3,59.0,6.9,4.0
2023-05-03 17:10:00+00:00,13.1,54.0,6.9,4.0
2023-05-03 17:20:00+00:00,13.1,61.0,7.0,4.0
2023-05-03 17:30:00+00:00,13.0,58.0,7.0,4.0
2023-05-03 17:40:00+00:00,13.0,57.0,7.0,4.0
2023-05-03 17:50:00+00:00,12.8,60.0,7.0,4.0
2023-05-03 18:00:00+00:00,12.8,59.0,7.1,4.0
2023-05-03 18:10:00+00:00,12.7,63.0,7.1,4.0
2023-05-03 18:20:00+00:00,12.6,64.0,7.1,3.8
2023-05-03 18:30:00+00:00,12.5,59.0,7.1,3.7
2023-05-03 18:40:00+00:00,12.5,64.0,7.1,3.0
2023-05-03 18:50:00+00:00,12.4,64.0,7.1,1.8
2023-05-03 19:00:00+00:00,12.3,59.0,7.1,1.1
2023-05-03 19:10:00+00:00,12.2,59.0,7.2,0.8
2023-05-03 19:20:00+00:00,12.1,63.0,7.2,0.7
2023-05-03 19:30:00+00:00,12.1,59.0,7.2,0.7
2023-05-03 19:40:00+00:00,12.0,59.0,7.2,0.7
2023-05-03 19:50:00+00:00,11.9,60.0,7.2,0.6
2023-05-03 20:00:00+00:00,11.8,60.0,7.2,0.6
2023-05-03 20:10:00+00:00,11.8,55.0,7.2,0.6
2023-05-03 20:20:00+00:00,11.7,60.0,7.2,0.7
2023-05-03 20:30:00+00:00,11.6,60.0,7.2,0.7
2023-05-03 20:40:00+00:00,11.5,60.0,7.2,0.6
2023-05-03 20:50:00+00:00,11.5,59.0,7.2,0.6
2023-05-03 21:00:00+00:00,11.350000000000001,59.0,7.2,0.6499999999999999
2023-05-03 21:10:00+00:00,11.3,61.0,7.2,0.6
2023-05-03 21:20:00+00:00,11.2,61.0,7.2,0.6
2023-05-03 21:30:00+00:00,11.1,61.0,7.2,0.7
2023-05-03 21:40:00+00:00,11.1,62.0,7.2,0.7
2023-05-03 21:50:00+00:00,11.0,64.0,7.2,0.6
2023-05-03 22:00:00+00:00,10.9,62.0,7.2,0.7
2023-05-03 22:10:00+00:00,10.9,62.0,7.2,0.7
2023-05-03 22:20:00+00:00,10.8,62.0,7.2,0.6
2023-05-03 22:30:00+00:00,10.7,56.0,7.2,0.6
2023-05-03 22:40:00+00:00,10.6,56.0,7.2,0.5
2023-05-03 22:50:00+00:00,10.6,56.0,7.2,0.6
2023-05-03 23:00:00+00:00,10.5,56.0,7.2,0.6
2023-05-03 23:10:00+00:00,10.5,56.0,7.2,0.6
2023-05-03 23:20:00+00:00,10.5,56.0,7.2,0.6
2023-05-03 23:30:00+00:00,10.4,55.0,7.2,0.6
2023-05-03 23:40:00+00:00,10.3,55.0,7.2,0.6
2023-05-03 23:50:00+00:00,10.3,55.0,7.2,0.6
2023-05-04 00:00:00+00:00,10.2,55.0,7.2,0.6
2023-05-04 00:10:00+00:00,10.1,62.0,7.2,0.6
2023-05-04 00:20:00+00:00,10.1,60.0,7.2,0.7
2023-05-04 00:30:00+00:00,10.1,64.0,7.2,0.7
2023-05-04 00:40:00+00:00,10.0,65.0,7.2,0.6
2023-05-04 00:50:00+00:00,10.0,61.0,7.2,0.6
2023-05-04 01:00:00+00:00,9.9,58.0,7.2,0.7
2023-05-04 01:10:00+00:00,9.8,60.0,7.2,0.7
2023-05-04 01:20:00+00:00,9.8,59.0,7.2,0.6
2023-05-04 01:30:00+00:00,9.8,60.0,7.2,0.6
2023-05-04 01:40:00+00:00,9.7,60.0,7.2,0.7
2023-05-04 01:50:00+00:00,9.6,57.0,7.1,0.5
2023-05-04 02:00:00+00:00,9.6,57.0,7.1,0.7
2023-05-04 02:10:00+00:00,9.6,57.0,7.2,0.8
2023-05-04 02:20:00+00:00,9.5,57.0,7.1,1.1
2023-05-04 02:30:00+00:00,9.5,57.0,7.2,1.8
2023-05-04 02:40:00+00:00,9.4,56.0,7.2,2.8
2023-05-04 02:50:00+00:00,9.3,56.0,7.2,3.4
2023-05-04 03:00:00+00:00,9.3,56.0,7.2,3.7
2023-05-04 03:10:00+00:00,9.3,56.0,7.2,4.0
2023-05-04 03:20:00+00:00,9.2,56.0,7.2,4.0
2023-05-04 03:30:00+00:00,9.1,57.0,7.2,4.0
2023-05-04 03:40:00+00:00,9.1,57.0,7.2,4.0
2023-05-04 03:50:00+00:00,9.1,56.0,7.2,4.0
2023-05-04 04:00:00+00:00,9.1,57.0,7.1,4.0
2023-05-04 04:10:00+00:00,9.1,56.0,7.1,4.0
2023-05-04 04:20:00+00:00,9.1,56.0,7.2,4.0
2023-05-04 04:30:00+00:00,9.1,57.0,7.1,4.0
2023-05-04 04:40:00+00:00,9.1,56.0,7.0,4.0
2023-05-04 04:50:00+00:00,9.1,56.0,7.0,4.0
2023-05-04 05:00:00+00:00,9.1,58.0,6.9,4.0
2023-05-04 05:10:00+00:00,9.1,58.0,6.8,4.0
2023-05-04 05:20:00+00:00,9.1,59.0,6.7,4.0
2023-05-04 05:30:00+00:00,9.2,59.0,6.6,4.0
2023-05-04 05:40:00+00:00,9.3,58.0,6.6,4.0
2023-05-04 05:50:00+00:00,9.4,60.0,6.5,4.1
2023-05-04 06:00:00+00:00,9.5,60.0,6.5,4.1
2023-05-04 06:10:00+00:00,9.6,59.0,6.5,4.1
2023-05-04 06:20:00+00:00,9.8,60.0,6.5,4.1
2023-05-04 06:30:00+00:00,9.9,57.0,6.5,5.4
2023-05-04 06:40:00+00:00,10.1,58.0,6.5,5.7
2023-05-04 06:50:00+00:00,10.2,56.0,6.5,5.9
2023-05-04 07:00:00+00:00,10.4,59.0,6.5,5.9
2023-05-04 07:10:00+00:00,10.6,55.0,6.4,6.0
2023-05-04 07:20:00+00:00,10.8,54.0,6.4,5.9
2023-05-04 07:30:00+00:00,11.0,54.0,6.3,5.9
2023-05-04 07:40:00+00:00,11.3,54.0,6.2,5.9
2023-05-04 07:50:00+00:00,11.5,53.0,6.1,5.9
2023-05-04 08:00:00+00:00,11.8,52.0,6.1,5.9
2023-05-04 08:10:00+00:00,12.0,52.0,6.0,6.0
2023-05-04 08:20:00+00:00,12.3,52.0,6.0,6.0
2023-05-04 08:30:00+00:00,12.7,53.0,6.0,5.95
2023-05-04 08:40:00+00:00,12.899999999999999,50.5,5.95,5.975
2023-05-04 08:50:00+00:00,13.1,48.0,5.9,6.0
2023-05-04 09:00:00+00:00,13.3,58.0,5.9,5.9
2023-05-04 09:10:00+00:00,13.6,53.0,5.9,5.9
2023-05-04 09:20:00+00:00,13.8,52.0,5.9,6.0
2023-05-04 09:30:00+00:00,14.0,51.0,5.9,6.0
2023-05-04 09:40:00+00:00,14.2,54.0,5.9,5.9
2023-05-04 09:50:00+00:00,14.4,52.0,5.9,5.9
2023-05-04 10:00:00+00:00,14.6,50.0,5.9,6.0
2023-05-04 10:10:00+00:00,14.8,54.0,5.9,6.0
2023-05-04 10:20:00+00:00,14.9,50.0,5.9,6.0
2023-05-04 10:30:00+00:00,15.0,50.0,5.9,6.0
2023-05-04 10:40:00+00:00,15.3,49.0,5.9,6.1
2023-05-04 10:50:00+00:00,15.5,49.0,5.9,6.1
2023-05-04 11:00:00+00:00,15.6,49.0,5.9,6.1
2023-05-04 11:10:00+00:00,15.8,48.0,6.0,6.0
2023-05-04 11:20:00+00:00,15.8,49.0,6.1,6.1
2023-05-04 11:30:00+00:00,15.9,48.0,6.3,6.0
2023-05-04 11:40:00+00:00,16.0,50.0,6.4,6.0
2023-05-04 11:50:00+00:00,15.9,52.0,6.4,5.8
2023-05-04 12:00:00+00:00,16.0,54.0,6.6,6.0
2023-05-04 12:10:00+00:00,15.9,56.0,6.5,5.9
2023-05-04 12:20:00+00:00,15.9,59.0,6.6,5.8
2023-05-04 12:30:00+00:00,15.8,57.0,6.6,5.9
2023-05-04 12:40:00+00:00,15.8,57.0,6.6,5.8
2023-05-04 12:50:00+00:00,15.6,57.0,6.5,5.8
2023-05-04 13:00:00+00:00,15.6,53.0,6.6,5.7
2023-05-04 13:10:00+00:00,15.5,58.0,6.5,5.6
2023-05-04 13:20:00+00:00,15.5,54.0,6.6,5.5
2023-05-04 13:30:00+00:00,15.4,50.0,6.6,5.3
2023-05-04 13:40:00+00:00,15.3,53.0,6.6,5.0
2023-05-04 13:50:00+00:00,15.2,58.0,6.6,5.3
2023-05-04 14:00:00+00:00,15.1,56.0,6.6,5.4
2023-05-04 14:10:00+00:00,15.0,54.0,6.6,5.2
2023-05-04 14:20:00+00:00,15.0,54.0,6.6,5.4
2023-05-04 14:30:00+00:00,14.9,61.0,6.6,4.9
2023-05-04 14:40:00+00:00,14.8,56.0,6.6,5.1
2023-05-04 14:50:00+00:00,14.7,53.0,6.6,4.0
2023-05-04 15:00:00+00:00,14.5,75.0,6.9,4.0
2023-05-04 15:10:00+00:00,14.3,67.0,6.9,4.0
2023-05-04 15:20:00+00:00,14.3,67.0,6.9,4.0
2023-05-04 15:30:00+00:00,14.2,62.0,6.9,4.0
2023-05-04 15:40:00+00:00,14.1,65.0,6.9,4.0
2023-05-04 15:50:00+00:00,14.0,61.0,6.9,4.0
2023-05-04 16:00:00+00:00,14.0,60.0,6.9,4.0
2023-05-04 16:10:00+00:00,13.8,61.0,6.9,4.0
2023-05-04 16:20:00+00:00,13.8,61.0,6.9,4.0
2023-05-04 16:30:00+00:00,13.6,61.0,6.9,4.0
2023-05-04 16:40:00+00:00,13.6,61.0,6.9,4.0
2023-05-04 16:50:00+00:00,13.5,61.0,6.9,4.0
2023-05-04 17:00:00+00:00,13.4,61.0,7.0,4.0
2023-05-04 17:10:00+00:00,13.3,60.0,7.0,4.0
2023-05-04 17:20:00+00:00,13.2,60.0,7.0,4.0
2023-05-04 17:30:00+00:00,13.1,60.0,7.0,4.0
2023-05-04 17:40:00+00:00,13.0,59.0,7.0,4.0
2023-05-04 17:50:00+00:00,12.9,66.0,7.0,4.0
2023-05-04 18:00:00+00:00,12.8,61.0,7.1,4.0
2023-05-04 18:10:00+00:00,12.7,61.0,7.1,4.0
2023-05-04 18:20:00+00:00,12.6,67.0,7.1,3.8
2023-05-04 18:30:00+00:00,12.6,65.0,7.1,3.8
2023-05-04 18:40:00+00:00,12.5,61.0,7.1,2.8
2023-05-04 18:50:00+00:00,12.4,62.0,7.1,1.9
2023-05-04 19:00:00+00:00,12.3,61.0,7.1,1.1
2023-05-04 19:10:00+00:00,12.3,64.0,7.1,0.8
2023-05-04 19:20:00+00:00,12.1,67.0,7.1,0.7
2023-05-04 19:30:00+00:00,12.1,61.0,7.1,0.7
2023-05-04 19:40:00+00:00,12.0,60.0,7.1,0.6
2023-05-04 19:50:00+00:00,12.0,60.0,7.1,0.6
2023-05-04 20:00:00+00:00,11.9,60.0,7.1,0.6
2023-05-04 20:10:00+00:00,11.8,69.0,7.1,0.6
2023-05-04 20:20:00+00:00,11.8,68.0,7.1,0.6
2023-05-04 20:30:00+00:00,11.7,61.0,7.1,0.6
2023-05-04 20:40:00+00:00,11.6,62.0,7.1,0.6
2023-05-04 20:50:00+00:00,11.6,60.0,7.1,0.6
2023-05-04 21:00:00+00:00,11.5,59.0,7.1,0.6
2023-05-04 21:10:00+00:00,11.5,60.0,7.1,0.6
2023-05-04 21:20:00+00:00,11.5,59.0,7.1,0.6
2023-05-04 21:30:00+00:00,11.4,60.0,7.1,0.7
2023-05-04 21:40:00+00:00,11.3,59.0,7.1,0.5
2023-05-04 21:50:00+00:00,11.3,59.0,7.1,0.6
2023-05-04 22:00:00+00:00,11.2,58.0,7.1,0.5
2023-05-04 22:10:00+00:00,11.1,58.0,7.1,0.6
2023-05-04 22:20:00+00:00,11.1,64.0,7.1,0.6
2023-05-04 22:30:00+00:00,11.1,62.0,7.1,0.5
2023-05-04 22:40:00+00:00,11.0,64.0,7.1,0.6
2023-05-04 22:50:00+00:00,11.0,57.0,7.1,0.6
2023-05-04 23:00:00+00:00,10.9,55.0,7.1,0.5
2023-05-04 23:10:00+00:00,10.9,54.0,7.1,0.6
2023-05-04 23:20:00+00:00,10.8,54.0,7.1,0.6
2023-05-04 23:30:00+00:00,10.8,54.0,7.1,0.6
2023-05-04 23:40:00+00:00,10.7,54.0,7.1,0.6
2023-05-04 23:50:00+00:00,10.7,57.0,7.1,0.6
2023-05-05 00:00:00+00:00,10.6,56.0,7.1,0.7
2023-05-05 00:10:00+00:00,10.6,57.0,7.1,0.6
2023-05-05 00:20:00+00:00,10.6,58.0,7.1,0.6
2023-05-05 00:30:00+00:00,10.5,58.0,7.1,0.6
2023-05-05 00:40:00+00:00,10.5,59.0,7.1,0.6
2023-05-05 00:50:00+00:00,10.5,58.0,7.1,0.6
2023-05-05 01:00:00+00:00,10.4,57.0,7.1,0.7
2023-05-05 01:10:00+00:00,10.3,57.0,7.1,0.6
2023-05-05 01:20:00+00:00,10.3,57.0,7.2,0.7
2023-05-05 01:30:00+00:00,10.3,58.0,7.1,0.6
2023-05-05 01:40:00+00:00,10.3,54.0,7.1,0.7
2023-05-05 01:50:00+00:00,10.2,60.0,7.2,0.6
2023-05-05 02:00:00+00:00,10.1,61.0,7.2,0.7
2023-05-05 02:10:00+00:00,10.1,58.0,7.1,0.8
2023-05-05 02:20:00+00:00,10.1,58.0,7.1,1.0
2023-05-05 02:30:00+00:00,10.0,58.0,7.1,1.7
2023-05-05 02:40:00+00:00,10.0,60.0,7.1,2.6
2023-05-05 02:50:00+00:00,10.0,61.0,7.2,3.4
2023-05-05 03:00:00+00:00,10.0,60.0,7.2,3.5
2023-05-05 03:10:00+00:00,9.9,60.0,7.2,4.0
2023-05-05 03:20:00+00:00,9.9,61.0,7.2,4.0
2023-05-05 03:30:00+00:00,9.8,59.0,7.2,4.0
2023-05-05 03:40:00+00:00,9.8,58.0,7.2,4.0
2023-05-05 03:50:00+00:00,9.8,58.0,7.1,4.0
2023-05-05 04:00:00+00:00,9.8,59.0,7.1,4.0
2023-05-05 04:10:00+00:00,9.7,61.0,7.1,4.0
2023-05-05 04:20:00+00:00,9.7,58.0,7.1,4.0
2023-05-05 04:30:00+00:00,9.7,58.0,7.1,4.0
2023-05-05 04:40:00+00:00,9.6,58.0,7.1,4.0
2023-05-05 04:50:00+00:00,9.6,54.0,7.1,4.0
2023-05-05 05:00:00+00:00,9.6,53.0,6.9,4.0
2023-05-05 05:10:00+00:00,9.7,63.0,6.8,4.0
2023-05-05 05:20:00+00:00,9.7,60.0,6.8,4.0
2023-05-05 05:30:00+00:00,9.8,58.0,6.7,4.1
2023-05-05 05:40:00+00:00,9.8,57.0,6.7,4.1
2023-05-05 05:50:00+00:00,9.8,56.0,6.7,4.0
2023-05-05 06:00:00+00:00,10.0,56.0,6.7,4.1
2023-05-05 06:10:00+00:00,10.0,55.0,6.6,4.1
2023-05-05 06:20:00+00:00,10.0,57.0,6.7,4.0
2023-05-05 06:30:00+00:00,10.1,55.0,6.8,4.0
2023-05-05 06:40:00+00:00,10.0,55.0,6.9,4.0
2023-05-05 06:50:00+00:00,10.1,56.0,7.1,4.0
2023-05-05 07:00:00+00:00,10.1,56.0,7.1,4.0
2023-05-05 07:10:00+00:00,10.1,55.0,7.1,4.0
2023-05-05 07:20:00+00:00,10.1,56.0,7.1,4.0
2023-05-05 07:30:00+00:00,10.2,56.0,7.0,4.0
2023-05-05 07:40:00+00:00,10.2,54.0,7.0,4.0
2023-05-05 07:50:00+00:00,10.3,54.0,6.9,5.6
2023-05-05 08:00:00+00:00,10.3,54.0,6.9,6.0
2023-05-05 08:10:00+00:00,10.3,56.0,6.9,5.8
2023-05-05 08:20:00+00:00,10.4,63.0,6.7,6.1
2023-05-05 08:30:00+00:00,10.5,63.0,6.7,6.3
2023-05-05 08:40:00+00:00,10.6,57.0,6.6,6.3
2023-05-05 08:50:00+00:00,10.7,57.0,6.5,6.2
2023-05-05 09:00:00+00:00,10.8,56.0,6.5,6.2
2023-05-05 09:10:00+00:00,11.0,57.0,6.5,4.3
2023-05-05 09:20:00+00:00,11.1,58.0,6.4,6.2
2023-05-05 09:30:00+00:00,11.2,57.0,6.4,6.2
2023-05-05 09:40:00+00:00,11.3,57.0,6.4,6.3
2023-05-05 09:50:00+00:00,11.5,57.0,6.4,6.2
2023-05-05 10:00:00+00:00,11.6,57.0,6.3,6.2
2023-05-05 10:10:00+00:00,11.7,57.0,6.3,6.2
2023-05-05 10:20:00+00:00,11.9,56.0,6.3,6.2
2023-05-05 10:30:00+00:00,12.0,57.0,6.3,6.3
2023-05-05 10:40:00+00:00,12.1,57.0,6.3,6.3
2023-05-05 10:50:00+00:00,12.3,56.0,6.3,6.2
2023-05-05 11:00:00+00:00,12.5,57.0,6.3,6.2
2023-05-05 11:10:00+00:00,12.6,56.0,6.3,6.2
2023-05-05 11:20:00+00:00,12.8,58.0,6.3,6.2
2023-05-05 11:30:00+00:00,12.8,58.0,6.3,6.2
2023-05-05 11:40:00+00:00,13.0,59.0,6.4,6.2
2023-05-05 11:50:00+00:00,13.1,58.0,6.4,6.1
2023-05-05 12:00:00+00:00,13.1,52.0,6.5,6.1
2023-05-05 12:10:00+00:00,13.2,54.0,6.5,6.1
2023-05-05 12:20:00+00:00,13.3,54.0,6.6,6.0
2023-05-05 12:30:00+00:00,13.2,54.0,6.7,6.0
2023-05-05 12:40:00+00:00,13.2,55.0,6.8,5.8
2023-05-05 12:50:00+00:00,13.1,55.0,6.7,5.4
2023-05-05 13:00:00+00:00,13.1,54.0,6.7,4.4
2023-05-05 13:10:00+00:00,13.0,55.0,6.6,5.4
2023-05-05 13:20:00+00:00,12.9,55.0,6.6,6.1
2023-05-05 13:30:00+00:00,12.8,55.0,6.6,6.1
2023-05-05 13:40:00+00:00,12.8,55.0,6.6,5.4
2023-05-05 13:50:00+00:00,12.7,56.0,6.7,5.5
2023-05-05 14:00:00+00:00,12.6,56.0,6.7,4.8
2023-05-05 14:10:00+00:00,12.5,57.0,6.7,6.0
2023-05-05 14:20:00+00:00,12.4,57.0,6.7,6.0
2023-05-05 14:30:00+00:00,12.3,54.0,6.7,6.0
2023-05-05 14:40:00+00:00,12.3,57.0,6.7,6.0
2023-05-05 14:50:00+00:00,12.1,59.0,6.7,4.5
2023-05-05 15:00:00+00:00,12.1,59.0,6.8,6.0
2023-05-05 15:10:00+00:00,12.0,59.0,6.8,5.8
2023-05-05 15:20:00+00:00,11.9,58.0,6.8,5.9
2023-05-05 15:30:00+00:00,11.8,57.0,6.8,6.0
2023-05-05 15:40:00+00:00,11.8,57.0,6.8,5.6
2023-05-05 15:50:00+00:00,11.7,58.0,6.8,5.6
2023-05-05 16:00:00+00:00,11.6,59.0,6.8,5.4
2023-05-05 16:10:00+00:00,11.6,58.0,6.8,4.4
2023-05-05 16:20:00+00:00,11.5,59.0,6.8,4.4
2023-05-05 16:30:00+00:00,11.4,59.0,6.8,4.9
2023-05-05 16:40:00+00:00,11.3,60.0,6.8,5.3
2023-05-05 16:50:00+00:00,11.3,60.0,6.8,5.0
2023-05-05 17:00:00+00:00,11.2,60.0,6.8,5.0
2023-05-05 17:10:00+00:00,11.1,60.0,6.8,4.0
2023-05-05 17:20:00+00:00,11.1,59.0,6.8,4.6
2023-05-05 17:30:00+00:00,11.0,60.0,6.8,4.4
2023-05-05 17:40:00+00:00,11.0,55.0,6.8,4.0
2023-05-05 17:50:00+00:00,10.9,55.0,6.8,4.0
2023-05-05 18:00:00+00:00,10.8,57.0,6.8,4.0
2023-05-05 18:10:00+00:00,10.8,56.0,6.8,4.0
2023-05-05 18:20:00+00:00,10.7,57.0,6.8,3.7
2023-05-05 18:30:00+00:00,10.6,57.0,6.8,3.2
2023-05-05 18:40:00+00:00,10.6,57.0,6.8,2.4
2023-05-05 18:50:00+00:00,10.5,56.0,6.8,1.6
2023-05-05 19:00:00+00:00,10.5,57.0,6.8,0.8
2023-05-05 19:10:00+00:00,10.5,61.0,6.8,0.7
2023-05-05 19:20:00+00:00,10.4,62.0,6.7,0.7
2023-05-05 19:30:00+00:00,10.3,63.0,6.7,0.7
2023-05-05 19:40:00+00:00,10.3,59.0,6.7,0.7
2023-05-05 19:50:00+00:00,10.3,61.0,6.7,0.6
2023-05-05 20:00:00+00:00,10.2,59.0,6.7,0.6
2023-05-05 20:10:00+00:00,10.1,60.0,6.7,0.7
2023-05-05 20:20:00+00:00,10.1,63.0,6.7,0.7
2023-05-05 20:30:00+00:00,10.1,62.0,6.7,0.6
2023-05-05 20:40:00+00:00,10.0,54.0,6.7,0.7
2023-05-05 20:50:00+00:00,10.0,54.0,6.7,0.6
2023-05-05 21:00:00+00:00,10.0,56.0,6.7,0.5
2023-05-05 21:10:00+00:00,9.9,55.0,6.7,0.5
2023-05-05 21:20:00+00:00,9.9,54.0,6.7,0.7
2023-05-05 21:30:00+00:00,9.8,54.0,6.7,0.6
2023-05-05 21:40:00+00:00,9.8,54.0,6.7,0.6
2023-05-05 21:50:00+00:00,9.8,55.0,6.7,0.5
2023-05-05 22:00:00+00:00,9.7,55.0,6.7,0.6
2023-05-05 22:10:00+00:00,9.7,55.0,6.7,0.7
2023-05-05 22:20:00+00:00,9.6,54.0,6.7,0.7
2023-05-05 22:30:00+00:00,9.6,54.0,6.7,0.5
2023-05-05 22:40:00+00:00,9.6,55.0,6.6,0.6
2023-05-05 22:50:00+00:00,9.6,55.0,6.6,0.6
2023-05-05 23:00:00+00:00,9.5,55.0,6.6,0.6
2023-05-05 23:10:00+00:00,9.5,54.0,6.6,0.5
2023-05-05 23:20:00+00:00,9.5,55.0,6.6,0.6
2023-05-05 23:30:00+00:00,9.4,55.0,6.6,0.7
2023-05-05 23:40:00+00:00,9.3,56.0,6.6,0.6
2023-05-05 23:50:00+00:00,9.3,55.0,6.6,0.6
2023-05-06 00:00:00+00:00,9.3,55.0,6.6,0.5
2023-05-06 00:10:00+00:00,9.3,54.0,6.6,0.7
2023-05-06 00:20:00+00:00,9.2,55.0,6.6,0.6
2023-05-06 00:30:00+00:00,9.1,55.0,6.7,0.7
2023-05-06 00:40:00+00:00,9.1,54.0,6.7,0.6
2023-05-06 00:50:00+00:00,9.1,55.0,6.7,0.7
2023-05-06 01:00:00+00:00,9.1,56.0,6.7,0.6
2023-05-06 01:10:00+00:00,9.1,51.0,6.6,0.7
2023-05-06 01:20:00+00:00,9.0,55.0,6.7,0.6
2023-05-06 01:30:00+00:00,9.0,55.0,6.6,0.7
2023-05-06 01:40:00+00:00,9.0,53.0,6.7,0.7
2023-05-06 01:50:00+00:00,9.0,54.0,6.6,0.7
2023-05-06 02:00:00+00:00,9.0,55.0,6.6,0.8
2023-05-06 02:10:00+00:00,8.9,52.0,6.6,0.8
2023-05-06 02:20:00+00:00,8.8,52.0,6.6,1.6
2023-05-06 02:30:00+00:00,8.8,52.0,6.6,2.8
2023-05-06 02:40:00+00:00,8.8,52.0,6.6,3.4
2023-05-06 02:50:00+00:00,8.8,52.0,6.6,4.0
2023-05-06 03:00:00+00:00,8.8,52.0,6.6,4.0
2023-05-06 03:10:00+00:00,8.8,52.0,6.6,4.0
2023-05-06 03:20:00+00:00,8.8,51.0,6.6,4.0
2023-05-06 03:30:00+00:00,8.7,51.0,6.6,4.0
2023-05-06 03:40:00+00:00,8.7,51.0,6.6,4.0
2023-05-06 03:50:00+00:00,8.7,51.0,6.6,4.0
2023-05-06 04:00:00+00:00,8.7,51.0,6.6,4.0
2023-05-06 04:10:00+00:00,8.7,51.0,6.6,4.0
2023-05-06 04:20:00+00:00,8.7,51.0,6.6,4.0
2023-05-06 04:30:00+00:00,8.7,51.0,6.6,4.0
2023-05-06 04:40:00+00:00,8.7,51.0,6.6,4.0
2023-05-06 04:50:00+00:00,8.7,51.0,6.6,4.0
2023-05-06 05:00:00+00:00,8.7,50.0,6.5,4.0
2023-05-06 05:10:00+00:00,8.7,50.0,6.5,4.0
2023-05-06 05:20:00+00:00,8.8,50.0,6.5,4.0
2023-05-06 05:30:00+00:00,8.8,50.0,6.5,4.0
2023-05-06 05:40:00+00:00,8.8,50.0,6.5,4.0
2023-05-06 05:50:00+00:00,8.8,56.0,6.5,4.0
2023-05-06 06:00:00+00:00,8.8,55.0,6.5,4.0
2023-05-06 06:10:00+00:00,8.9,55.0,6.5,4.0
2023-05-06 06:20:00+00:00,8.9,54.0,6.5,4.0
2023-05-06 06:30:00+00:00,9.0,54.0,6.5,4.0
2023-05-06 06:40:00+00:00,9.0,54.0,6.5,4.0
2023-05-06 06:50:00+00:00,9.1,53.0,6.4,4.0
2023-05-06 07:00:00+00:00,9.1,53.0,6.4,4.0
2023-05-06 07:10:00+00:00,9.1,53.0,6.4,4.0
2023-05-06 07:20:00+00:00,9.2,54.0,6.4,4.0
2023-05-06 07:30:00+00:00,9.3,53.0,6.4,4.0
2023-05-06 07:40:00+00:00,9.3,52.0,6.4,4.0
2023-05-06 07:50:00+00:00,9.3,52.0,6.4,4.0
2023-05-06 08:00:00+00:00,9.4,52.0,6.4,4.0
2023-05-06 08:10:00+00:00,9.5,52.0,6.4,4.0
2023-05-06 08:20:00+00:00,9.5,51.0,6.4,4.0
2023-05-06 08:30:00+00:00,9.6,51.0,6.3,4.1
2023-05-06 08:40:00+00:00,9.7,51.0,6.3,4.0
2023-05-06 08:50:00+00:00,9.8,54.0,6.3,4.0
2023-05-06 09:00:00+00:00,9.8,54.0,6.3,4.0
2023-05-06 09:10:00+00:00,9.8,54.0,6.4,4.0
2023-05-06 09:20:00+00:00,9.9,58.0,6.4,4.0
2023-05-06 09:30:00+00:00,9.9,58.0,6.4,4.0
2023-05-06 09:40:00+00:00,10.0,57.0,6.4,4.0
2023-05-06 09:50:00+00:00,10.0,56.0,6.4,4.0
2023-05-06 10:00:00+00:00,10.0,56.0,6.4,4.0
2023-05-06 10:10:00+00:00,10.0,56.0,6.4,4.0
2023-05-06 10:20:00+00:00,10.1,56.0,6.4,4.0
2023-05-06 10:30:00+00:00,10.1,56.0,6.4,4.0
2023-05-06 10:40:00+00:00,10.1,58.0,6.4,4.0
2023-05-06 10:50:00+00:00,10.1,57.0,6.4,4.0
2023-05-06 11:00:00+00:00,10.2,58.0,6.4,4.0
2023-05-06 11:10:00+00:00,10.2,58.0,6.4,4.0
2023-05-06 11:20:00+00:00,10.2,59.0,6.4,4.0
2023-05-06 11:30:00+00:00,10.3,60.0,6.4,4.0
2023-05-06 11:40:00+00:00,10.3,59.0,6.4,4.0
2023-05-06 11:50:00+00:00,10.3,57.0,6.4,4.0
2023-05-06 12:00:00+00:00,10.3,56.0,6.4,4.0
2023-05-06 12:10:00+00:00,10.4,56.0,6.4,4.0
2023-05-06 12:20:00+00:00,10.4,52.0,6.4,4.0
2023-05-06 12:30:00+00:00,10.5,56.0,6.4,4.0
2023-05-06 12:40:00+00:00,10.5,56.0,6.4,4.0
2023-05-06 12:50:00+00:00,10.5,57.0,6.4,4.0
2023-05-06 13:00:00+00:00,10.5,58.0,6.4,4.0
2023-05-06 13:10:00+00:00,10.5,60.0,6.4,4.0
2023-05-06 13:20:00+00:00,10.5,61.0,6.4,4.0
2023-05-06 13:30:00+00:00,10.6,59.0,6.4,4.0
2023-05-06 13:40:00+00:00,10.6,58.0,6.4,4.0
2023-05-06 13:50:00+00:00,10.6,57.0,6.4,4.0
2023-05-06 14:00:00+00:00,10.6,56.0,6.4,4.0
2023-05-06 14:10:00+00:00,10.6,58.0,6.4,4.0
2023-05-06 14:20:00+00:00,10.6,58.0,6.4,4.0
2023-05-06 14:30:00+00:00,10.6,58.0,6.4,4.0
2023-05-06 14:40:00+00:00,10.6,58.0,6.4,4.0
2023-05-06 14:50:00+00:00,10.6,57.0,6.5,4.0
2023-05-06 15:00:00+00:00,10.6,58.0,6.5,4.0
2023-05-06 15:10:00+00:00,10.6,58.0,6.5,4.0
2023-05-06 15:20:00+00:00,10.5,54.0,6.6,4.0
2023-05-06 15:30:00+00:00,10.5,53.0,6.6,4.0
2023-05-06 15:40:00+00:00,10.5,53.0,6.5,4.0
2023-05-06 15:50:00+00:00,10.5,53.0,6.6,4.0
2023-05-06 16:00:00+00:00,10.5,53.0,6.6,4.0
2023-05-06 16:10:00+00:00,10.5,52.0,6.6,4.0
2023-05-06 16:20:00+00:00,10.4,52.0,6.6,4.0
2023-05-06 16:30:00+00:00,10.4,52.0,6.6,4.0
2023-05-06 16:40:00+00:00,10.3,52.0,6.6,4.0
2023-05-06 16:50:00+00:00,10.3,52.0,6.6,4.0
2023-05-06 17:00:00+00:00,10.3,52.0,6.6,4.0
2023-05-06 17:10:00+00:00,10.2,52.0,6.6,4.0
2023-05-06 17:20:00+00:00,10.2,52.0,6.6,4.0
2023-05-06 17:30:00+00:00,10.1,52.0,6.6,4.0
2023-05-06 17:40:00+00:00,10.1,52.0,6.7,4.0
2023-05-06 17:50:00+00:00,10.1,52.0,6.7,4.0
2023-05-06 18:00:00+00:00,10.1,53.0,6.7,4.0
2023-05-06 18:10:00+00:00,10.0,53.0,6.7,4.0
2023-05-06 18:20:00+00:00,10.0,54.0,6.7,3.9
2023-05-06 18:30:00+00:00,10.0,54.0,6.7,3.6
2023-05-06 18:40:00+00:00,10.0,53.0,6.7,3.5
2023-05-06 18:50:00+00:00,9.9,57.0,6.7,2.2
2023-05-06 19:00:00+00:00,9.9,55.0,6.7,1.4
2023-05-06 19:10:00+00:00,9.8,58.0,6.7,0.9
2023-05-06 19:20:00+00:00,9.8,57.0,6.7,0.7
2023-05-06 19:30:00+00:00,9.8,56.0,6.7,0.5
2023-05-06 19:40:00+00:00,9.8,57.0,6.7,0.5
2023-05-06 19:50:00+00:00,9.7,56.0,6.7,0.7
2023-05-06 20:00:00+00:00,9.6,59.0,6.7,0.5
2023-05-06 20:10:00+00:00,9.6,61.0,6.7,0.7
2023-05-06 20:20:00+00:00,9.6,60.0,6.7,0.6
2023-05-06 20:30:00+00:00,9.6,58.0,6.7,0.6
2023-05-06 20:40:00+00:00,9.5,57.0,6.7,0.6
2023-05-06 20:50:00+00:00,9.5,57.0,6.7,0.6
2023-05-06 21:00:00+00:00,9.5,56.0,6.7,0.5
2023-05-06 21:10:00+00:00,9.5,56.0,6.7,0.6
2023-05-06 21:20:00+00:00,9.4,59.0,6.7,0.6
2023-05-06 21:30:00+00:00,9.3,61.0,6.7,0.5
2023-05-06 21:40:00+00:00,9.3,62.0,6.7,0.6
2023-05-06 21:50:00+00:00,9.3,62.0,6.8,0.7
2023-05-06 22:00:00+00:00,9.2,65.0,6.7,0.7
2023-05-06 22:10:00+00:00,9.2,64.0,6.8,0.6
2023-05-06 22:20:00+00:00,9.1,64.0,6.8,0.5
2023-05-06 22:30:00+00:00,9.1,65.0,6.8,0.7
2023-05-06 22:40:00+00:00,9.1,65.0,6.8,0.7
2023-05-06 22:50:00+00:00,9.0,63.0,6.8,0.5
2023-05-06 23:00:00+00:00,9.0,63.0,6.8,0.7
2023-05-06 23:10:00+00:00,9.0,63.0,6.8,0.7
2023-05-06 23:20:00+00:00,8.9,62.0,6.8,0.7
2023-05-06 23:30:00+00:00,8.9,62.0,6.8,0.7
2023-05-06 23:40:00+00:00,8.8,62.0,6.8,0.7
2023-05-06 23:50:00+00:00,8.8,61.0,6.8,0.7
2023-05-07 00:00:00+00:00,8.8,62.0,6.8,0.5
2023-05-07 00:10:00+00:00,8.7,63.0,6.8,0.7
2023-05-07 00:20:00+00:00,8.6,60.0,6.8,0.6
2023-05-07 00:30:00+00:00,8.6,61.0,6.8,0.6
2023-05-07 00:40:00+00:00,8.6,60.0,6.8,0.6
2023-05-07 00:50:00+00:00,8.6,62.0,6.8,0.6
2023-05-07 01:00:00+00:00,8.5,62.0,6.8,0.6
2023-05-07 01:10:00+00:00,8.5,61.0,6.8,0.5
2023-05-07 01:20:00+00:00,8.5,61.0,6.8,0.7
2023-05-07 01:30:00+00:00,8.5,62.0,6.8,0.6
2023-05-07 01:40:00+00:00,8.4,61.0,6.8,0.7
2023-05-07 01:50:00+00:00,8.4,61.0,6.8,0.5
2023-05-07 02:00:00+00:00,8.36923076923077,60.76923076923077,6.8,0.7692307692307692
2023-05-07 02:10:00+00:00,8.338461538461539,60.53846153846154,6.8,1.0384615384615383
2023-05-07 02:20:00+00:00,8.307692307692308,60.30769230769231,6.8,1.3076923076923077
2023-05-07 02:30:00+00:00,8.276923076923078,60.07692307692308,6.8,1.5769230769230769
2023-05-07 02:40:00+00:00,8.246153846153847,59.84615384615385,6.8,1.846153846153846
2023-05-07 02:50:00+00:00,8.215384615384616,59.61538461538461,6.8,2.1153846153846154
2023-05-07 03:00:00+00:00,8.184615384615384,59.38461538461539,6.8,2.3846153846153846
2023-05-07 03:10:00+00:00,8.153846153846153,59.15384615384615,6.8,2.6538461538461537
2023-05-07 03:20:00+00:00,8.123076923076923,58.92307692307692,6.8,2.923076923076923
2023-05-07 03:30:00+00:00,8.092307692307692,58.69230769230769,6.8,3.192307692307692
2023-05-07 03:40:00+00:00,8.061538461538461,58.46153846153846,6.8,3.4615384615384612
2023-05-07 03:50:00+00:00,8.03076923076923,58.23076923076923,6.8,3.730769230769231
2023-05-07 04:00:00+00:00,8.0,58.0,6.8,4.0
2023-05-07 04:10:00+00:00,8.0,63.0,6.8,4.0
2023-05-07 04:20:00+00:00,8.0,64.0,6.7,4.0
2023-05-07 04:30:00+00:00,8.0,64.0,6.6,4.0
2023-05-07 04:40:00+00:00,8.1,64.0,6.6,4.0
2023-05-07 04:50:00+00:00,8.0,65.0,6.6,4.0
2023-05-07 05:00:00+00:00,8.1,65.0,6.5,4.0
2023-05-07 05:10:00+00:00,8.1,66.0,6.5,4.1
2023-05-07 05:20:00+00:00,8.2,66.0,6.4,4.0
2023-05-07 05:30:00+00:00,8.3,65.0,6.4,4.0
2023-05-07 05:40:00+00:00,8.4,63.0,6.4,4.1
2023-05-07 05:50:00+00:00,8.5,55.0,6.4,4.1
2023-05-07 06:00:00+00:00,8.6,55.0,6.4,4.1
2023-05-07 06:10:00+00:00,8.8,54.0,6.4,4.1
2023-05-07 06:20:00+00:00,9.0,54.0,6.4,4.1
2023-05-07 06:30:00+00:00,9.1,55.0,6.3,4.1
2023-05-07 06:40:00+00:00,9.3,54.0,6.3,5.1
2023-05-07 06:50:00+00:00,9.5,54.0,6.4,5.6
2023-05-07 07:00:00+00:00,9.7,53.0,6.3,5.8
2023-05-07 07:10:00+00:00,10.0,53.0,6.3,5.8
2023-05-07 07:20:00+00:00,10.1,53.0,6.2,5.9
2023-05-07 07:30:00+00:00,10.4,53.0,6.1,5.9
2023-05-07 07:40:00+00:00,10.6,52.0,6.0,5.9
2023-05-07 07:50:00+00:00,10.9,52.0,6.0,5.9
2023-05-07 08:00:00+00:00,11.1,52.0,6.0,6.0
2023-05-07 08:10:00+00:00,11.3,52.0,5.9,6.0
2023-05-07 08:20:00+00:00,11.6,50.0,5.9,6.0
2023-05-07 08:30:00+00:00,11.8,49.0,5.9,6.0
2023-05-07 08:40:00+00:00,12.0,53.0,5.9,6.0
2023-05-07 08:50:00+00:00,12.3,53.0,5.8,6.0
2023-05-07 09:00:00+00:00,12.5,52.0,5.8,6.0
2023-05-07 09:10:00+00:00,12.6,52.0,5.8,6.0
2023-05-07 09:20:00+00:00,12.8,52.0,5.8,6.0
2023-05-07 09:30:00+00:00,13.1,50.0,5.8,6.0
2023-05-07 09:40:00+00:00,13.2,51.0,5.8,6.0
2023-05-07 09:50:00+00:00,13.4,51.0,5.8,6.0
2023-05-07 10:00:00+00:00,13.5,50.0,5.8,6.0
2023-05-07 10:10:00+00:00,13.6,50.0,5.8,6.0
2023-05-07 10:20:00+00:00,13.9,50.0,5.8,6.0
2023-05-07 10:30:00+00:00,14.1,50.0,5.8,6.0
2023-05-07 10:40:00+00:00,14.3,50.0,5.8,6.0
2023-05-07 10:50:00+00:00,14.5,52.0,5.8,6.1
2023-05-07 11:00:00+00:00,14.6,55.0,5.8,6.0
2023-05-07 11:10:00+00:00,14.8,55.0,5.8,6.1
2023-05-07 11:20:00+00:00,15.0,55.0,5.8,6.1
2023-05-07 11:30:00+00:00,15.1,56.0,5.8,6.1
2023-05-07 11:40:00+00:00,15.2,48.0,5.9,6.0
2023-05-07 11:50:00+00:00,15.3,48.0,5.9,6.1
2023-05-07 12:00:00+00:00,15.5,50.0,6.0,6.0
2023-05-07 12:10:00+00:00,15.5,50.0,6.1,5.9
2023-05-07 12:20:00+00:00,15.6,53.0,6.2,5.8
2023-05-07 12:30:00+00:00,15.6,52.0,6.2,5.7
2023-05-07 12:40:00+00:00,15.5,53.0,6.4,5.4
2023-05-07 12:50:00+00:00,15.5,51.0,6.5,4.1
2023-05-07 13:00:00+00:00,15.5,55.0,6.4,4.0
2023-05-07 13:10:00+00:00,15.4,55.0,6.3,4.0
2023-05-07 13:20:00+00:00,15.3,57.0,6.3,4.0
2023-05-07 13:30:00+00:00,15.2,55.0,6.3,4.0
2023-05-07 13:40:00+00:00,15.1,56.0,6.4,4.0
2023-05-07 13:50:00+00:00,15.0,58.0,6.4,4.0
2023-05-07 14:00:00+00:00,14.9,58.0,6.4,4.0
2023-05-07 14:10:00+00:00,14.8,57.0,6.4,4.0
2023-05-07 14:20:00+00:00,14.6,58.0,6.4,4.0
2023-05-07 14:30:00+00:00,14.5,56.0,6.4,4.0
2023-05-07 14:40:00+00:00,14.5,57.0,6.4,4.0
2023-05-07 14:50:00+00:00,14.3,51.0,6.4,4.0
2023-05-07 15:00:00+00:00,14.2,58.0,6.4,4.0
2023-05-07 15:10:00+00:00,14.1,57.0,6.4,4.0
2023-05-07 15:20:00+00:00,14.0,58.0,6.4,4.0
2023-05-07 15:30:00+00:00,13.9,58.0,6.4,4.0
2023-05-07 15:40:00+00:00,13.8,54.0,6.4,4.0
2023-05-07 15:50:00+00:00,13.7,54.0,6.4,4.0
2023-05-07 16:00:00+00:00,13.6,58.0,6.4,4.0
2023-05-07 16:10:00+00:00,13.5,56.0,6.4,4.0
2023-05-07 16:20:00+00:00,13.4,56.0,6.5,4.0
2023-05-07 16:30:00+00:00,13.3,55.0,6.5,4.0
2023-05-07 16:40:00+00:00,13.2,55.0,6.5,4.0
2023-05-07 16:50:00+00:00,13.1,56.0,6.5,4.0
2023-05-07 17:00:00+00:00,13.0,56.0,6.5,4.0
2023-05-07 17:10:00+00:00,13.0,56.0,6.5,4.0
2023-05-07 17:20:00+00:00,12.9,57.0,6.6,4.0
2023-05-07 17:30:00+00:00,12.8,56.0,6.6,4.0
2023-05-07 17:40:00+00:00,12.7,57.0,6.6,4.0
2023-05-07 17:50:00+00:00,12.6,57.0,6.6,4.0
2023-05-07 18:00:00+00:00,12.6,56.0,6.6,4.0
2023-05-07 18:10:00+00:00,12.5,56.0,6.6,4.0
2023-05-07 18:20:00+00:00,12.4,56.0,6.6,3.7
2023-05-07 18:30:00+00:00,12.3,56.0,6.6,3.6
2023-05-07 18:40:00+00:00,12.3,53.0,6.6,2.9
2023-05-07 18:50:00+00:00,12.2,53.0,6.6,2.0
2023-05-07 19:00:00+00:00,12.1,56.0,6.6,1.2
2023-05-07 19:10:00+00:00,12.1,57.0,6.6,0.8
2023-05-07 19:20:00+00:00,12.0,57.0,6.6,0.7
2023-05-07 19:30:00+00:00,11.9,58.0,6.6,0.5
2023-05-07 19:40:00+00:00,11.8,60.0,6.7,0.6
2023-05-07 19:50:00+00:00,11.8,59.0,6.7,0.6
2023-05-07 20:00:00+00:00,11.7,58.0,6.7,0.6
2023-05-07 20:10:00+00:00,11.6,58.0,6.7,0.6
2023-05-07 20:20:00+00:00,11.6,60.0,6.7,0.6
2023-05-07 20:30:00+00:00,11.5,57.0,6.7,0.6
2023-05-07 20:40:00+00:00,11.5,56.0,6.7,0.6
2023-05-07 20:50:00+00:00,11.4,55.0,6.7,0.6
2023-05-07 21:00:00+00:00,11.3,55.0,6.7,0.6
2023-05-07 21:10:00+00:00,11.3,55.0,6.7,0.6
2023-05-07 21:20:00+00:00,11.2,55.0,6.7,0.6
2023-05-07 21:30:00+00:00,11.1,54.0,6.7,0.5
2023-05-07 21:40:00+00:00,11.0,54.0,6.7,0.6
2023-05-07 21:50:00+00:00,11.0,57.0,6.7,0.6
2023-05-07 22:00:00+00:00,10.9,54.0,6.7,0.7
2023-05-07 22:10:00+00:00,10.8,54.0,6.7,0.6
2023-05-07 22:20:00+00:00,10.8,54.0,6.7,0.6
2023-05-07 22:30:00+00:00,10.8,53.0,6.7,0.6
2023-05-07 22:40:00+00:00,10.7,53.0,6.7,0.6
2023-05-07 22:50:00+00:00,10.6,53.0,6.7,0.6
2023-05-07 23:00:00+00:00,10.55,54.5,6.7,0.6499999999999999
2023-05-07 23:10:00+00:00,10.5,56.0,6.7,0.7
2023-05-07 23:20:00+00:00,10.5,56.0,6.7,0.6
2023-05-07 23:30:00+00:00,10.4,56.0,6.7,0.5
2023-05-07 23:40:00+00:00,10.3,56.0,6.7,0.7
2023-05-07 23:50:00+00:00,10.3,55.0,6.7,0.7
2023-05-08 00:00:00+00:00,10.2,55.0,6.7,0.7
2023-05-08 00:10:00+00:00,10.2,59.0,6.7,0.6
2023-05-08 00:20:00+00:00,10.1,67.0,6.7,0.6
2023-05-08 00:30:00+00:00,10.1,67.0,6.7,0.6
2023-05-08 00:40:00+00:00,10.0,66.0,6.7,0.6
2023-05-08 00:50:00+00:00,10.0,66.0,6.7,0.6
2023-05-08 01:00:00+00:00,10.0,63.0,6.7,0.7
2023-05-08 01:10:00+00:00,9.9,63.0,6.7,0.6
2023-05-08 01:20:00+00:00,9.8,65.0,6.7,0.6
2023-05-08 01:30:00+00:00,9.8,65.0,6.7,0.6
2023-05-08 01:40:00+00:00,9.8,65.0,6.7,0.7
2023-05-08 01:50:00+00:00,9.7,66.0,6.7,0.7
2023-05-08 02:00:00+00:00,9.6,66.0,6.7,0.8
2023-05-08 02:10:00+00:00,9.6,67.0,6.7,1.2
2023-05-08 02:20:00+00:00,9.6,67.0,6.7,2.0
2023-05-08 02:30:00+00:00,9.5,66.0,6.6,3.0
2023-05-08 02:40:00+00:00,9.5,66.0,6.7,3.4
2023-05-08 02:50:00+00:00,9.5,59.0,6.7,3.8
2023-05-08 03:00:00+00:00,9.4,63.0,6.7,4.0
2023-05-08 03:10:00+00:00,9.3,63.0,6.7,4.0
2023-05-08 03:20:00+00:00,9.3,67.0,6.7,4.0
2023-05-08 03:30:00+00:00,9.3,53.0,6.7,4.0
2023-05-08 03:40:00+00:00,9.3,54.0,6.7,4.0
2023-05-08 03:50:00+00:00,9.3,53.0,6.6,4.0
2023-05-08 04:00:00+00:00,9.3,53.0,6.6,4.0
2023-05-08 04:10:00+00:00,9.3,53.0,6.6,4.0
2023-05-08 04:20:00+00:00,9.2,53.0,6.6,4.0
2023-05-08 04:30:00+00:00,9.2,53.0,6.6,4.0
2023-05-08 04:40:00+00:00,9.2,53.0,6.5,4.0
2023-05-08 04:50:00+00:00,9.3,51.0,6.5,4.1
2023-05-08 05:00:00+00:00,9.3,52.0,6.4,4.0
2023-05-08 05:10:00+00:00,9.3,54.0,6.4,4.1
2023-05-08 05:20:00+00:00,9.4,52.0,6.4,4.0
2023-05-08 05:30:00+00:00,9.5,55.0,6.4,4.1
2023-05-08 05:40:00+00:00,9.6,52.0,6.4,4.0
2023-05-08 05:50:00+00:00,9.7,52.0,6.4,4.0
2023-05-08 06:00:00+00:00,9.8,52.0,6.3,4.0
2023-05-08 06:10:00+00:00,10.0,50.0,6.4,4.0
2023-05-08 06:20:00+00:00,10.1,49.0,6.3,4.1
2023-05-08 06:30:00+00:00,10.3,49.0,6.3,5.5
2023-05-08 06:40:00+00:00,10.5,49.0,6.3,5.7
2023-05-08 06:50:00+00:00,10.7,49.0,6.3,5.8
2023-05-08 07:00:00+00:00,10.9,48.0,6.2,5.8
2023-05-08 07:10:00+00:00,11.1,48.0,6.1,5.9
2023-05-08 07:20:00+00:00,11.4,48.0,6.1,5.9
2023-05-08 07:30:00+00:00,11.7,47.0,6.0,5.9
2023-05-08 07:40:00+00:00,12.0,47.0,6.0,5.9
2023-05-08 07:50:00+00:00,12.2,47.0,5.9,5.9
2023-05-08 08:00:00+00:00,12.5,47.0,5.9,5.9
2023-05-08 08:10:00+00:00,12.8,47.0,5.9,5.9
2023-05-08 08:20:00+00:00,13.0,47.0,5.8,5.9
2023-05-08 08:30:00+00:00,13.3,47.0,5.8,5.9
2023-05-08 08:40:00+00:00,13.5,46.0,5.8,5.9
2023-05-08 08:50:00+00:00,13.8,53.0,5.7,5.9
2023-05-08 09:00:00+00:00,14.0,54.0,5.7,6.0
2023-05-08 09:10:00+00:00,14.2,50.0,5.7,6.0
2023-05-08 09:20:00+00:00,14.3,49.0,5.7,6.0
2023-05-08 09:30:00+00:00,14.5,48.0,5.7,5.9
2023-05-08 09:40:00+00:00,14.7,47.0,5.7,6.0
2023-05-08 09:50:00+00:00,14.8,47.0,5.7,6.0
2023-05-08 10:00:00+00:00,15.0,47.0,5.7,6.0
2023-05-08 10:10:00+00:00,15.2,47.0,5.7,6.0
2023-05-08 10:20:00+00:00,15.3,46.0,5.7,6.1
2023-05-08 10:30:00+00:00,15.5,51.0,5.7,6.0
2023-05-08 10:40:00+00:00,15.6,51.0,5.7,6.0
2023-05-08 10:50:00+00:00,15.8,52.0,5.7,6.0
2023-05-08 11:00:00+00:00,16.0,55.0,5.7,6.0
2023-05-08 11:10:00+00:00,16.1,53.0,5.7,6.0
2023-05-08 11:20:00+00:00,16.3,54.0,5.7,6.0
2023-05-08 11:30:00+00:00,16.4,54.0,5.7,6.0
2023-05-08 11:40:00+00:00,16.6,51.0,5.7,6.0
2023-05-08 11:50:00+00:00,16.7,49.0,5.8,6.0
2023-05-08 12:00:00+00:00,16.8,51.0,5.8,5.9
2023-05-08 12:10:00+00:00,17.0,46.0,5.8,5.9
2023-05-08 12:20:00+00:00,17.1,46.0,5.9,5.8
2023-05-08 12:30:00+00:00,17.0,46.0,6.0,5.6
2023-05-08 12:40:00+00:00,16.9,46.0,6.1,5.1
2023-05-08 12:50:00+00:00,16.8,47.0,6.1,4.0
2023-05-08 13:00:00+00:00,16.7,47.0,6.1,4.0
2023-05-08 13:10:00+00:00,16.6,47.0,6.1,4.0
2023-05-08 13:20:00+00:00,16.5,47.0,6.1,4.0
2023-05-08 13:30:00+00:00,16.4,48.0,6.1,4.0
2023-05-08 13:40:00+00:00,16.3,48.0,6.1,4.0
2023-05-08 13:50:00+00:00,16.1,49.0,6.1,4.0
2023-05-08 14:00:00+00:00,16.1,49.0,6.1,4.0
2023-05-08 14:10:00+00:00,16.0,49.0,6.1,4.0
2023-05-08 14:20:00+00:00,15.8,49.0,6.2,4.0
2023-05-08 14:30:00+00:00,15.7,50.0,6.2,4.0
2023-05-08 14:40:00+00:00,15.6,50.0,6.2,4.0
2023-05-08 14:50:00+00:00,15.5,47.0,6.2,4.0
2023-05-08 15:00:00+00:00,15.4,51.0,6.2,4.0
2023-05-08 15:10:00+00:00,15.3,49.0,6.2,4.0
2023-05-08 15:20:00+00:00,15.1,50.0,6.3,4.0
2023-05-08 15:30:00+00:00,15.0,50.0,6.3,4.0
2023-05-08 15:40:00+00:00,14.9,49.0,6.3,4.0
2023-05-08 15:50:00+00:00,14.8,49.0,6.3,4.0
2023-05-08 16:00:00+00:00,14.7,50.0,6.3,4.0
2023-05-08 16:10:00+00:00,14.6,50.0,6.3,4.0
2023-05-08 16:20:00+00:00,14.5,49.0,6.4,4.0
2023-05-08 16:30:00+00:00,14.5,48.0,6.4,4.0
2023-05-08 16:40:00+00:00,14.3,49.0,6.4,4.0
2023-05-08 16:50:00+00:00,14.3,49.0,6.4,4.0
2023-05-08 17:00:00+00:00,14.1,48.0,6.4,4.0
2023-05-08 17:10:00+00:00,14.1,48.0,6.4,4.0
2023-05-08 17:20:00+00:00,14.0,49.0,6.4,4.0
2023-05-08 17:30:00+00:00,13.95,49.0,6.45,4.0
2023-05-08 17:40:00+00:00,13.9,49.0,6.5,4.0
2023-05-08 17:50:00+00:00,13.8,49.0,6.5,4.0
2023-05-08 18:00:00+00:00,13.7,49.0,6.5,4.0
2023-05-08 18:10:00+00:00,13.6,49.0,6.5,4.0
2023-05-08 18:20:00+00:00,13.6,48.0,6.5,4.0
2023-05-08 18:30:00+00:00,13.5,49.0,6.5,3.7
2023-05-08 18:40:00+00:00,13.4,50.0,6.5,3.5
2023-05-08 18:50:00+00:00,13.3,50.0,6.6,2.6
2023-05-08 19:00:00+00:00,13.2,49.0,6.6,1.5
2023-05-08 19:10:00+00:00,13.1,50.5,6.6,0.85
2023-05-08 19:20:00+00:00,13.0,52.0,6.6,0.5
2023-05-08 19:30:00+00:00,12.9,54.0,6.6,0.7
2023-05-08 19:40:00+00:00,12.8,53.0,6.6,0.6
2023-05-08 19:50:00+00:00,12.7,54.0,6.6,0.6
2023-05-08 20:00:00+00:00,12.6,62.0,6.6,0.6
2023-05-08 20:10:00+00:00,12.6,63.0,6.6,0.5
2023-05-08 20:20:00+00:00,12.5,53.0,6.6,0.7
2023-05-08 20:30:00+00:00,12.5,52.0,6.6,0.7
2023-05-08 20:40:00+00:00,12.4,52.0,6.6,0.5
2023-05-08 20:50:00+00:00,12.3,53.0,6.6,0.6
2023-05-08 21:00:00+00:00,12.2,51.0,6.6,0.6
2023-05-08 21:10:00+00:00,12.1,51.0,6.6,0.6
2023-05-08 21:20:00+00:00,12.1,52.0,6.6,0.6
2023-05-08 21:30:00+00:00,12.0,51.0,6.6,0.5
2023-05-08 21:40:00+00:00,12.0,51.0,6.6,0.6
2023-05-08 21:50:00+00:00,11.9,51.0,6.6,0.6
2023-05-08 22:00:00+00:00,11.8,51.0,6.6,0.6
2023-05-08 22:10:00+00:00,11.8,50.0,6.6,0.6
2023-05-08 22:20:00+00:00,11.7,50.0,6.6,0.4
2023-05-08 22:30:00+00:00,11.6,54.0,6.6,0.6
2023-05-08 22:40:00+00:00,11.6,53.0,6.6,0.6
2023-05-08 22:50:00+00:00,11.5,53.0,6.6,0.7
2023-05-08 23:00:00+00:00,11.5,53.0,6.6,0.4
2023-05-08 23:10:00+00:00,11.4,53.0,6.6,0.7
2023-05-08 23:20:00+00:00,11.4,53.0,6.6,0.7
2023-05-08 23:30:00+00:00,11.3,53.0,6.6,0.5
2023-05-08 23:40:00+00:00,11.3,53.0,6.6,0.6
2023-05-08 23:50:00+00:00,11.2,53.0,6.6,0.6
2023-05-09 00:00:00+00:00,11.1,54.0,6.6,0.7
2023-05-09 00:10:00+00:00,11.1,54.0,6.6,0.6
2023-05-09 00:20:00+00:00,11.1,54.0,6.6,0.6
2023-05-09 00:30:00+00:00,11.0,51.0,6.6,0.6
2023-05-09 00:40:00+00:00,11.0,52.0,6.6,0.6
2023-05-09 00:50:00+00:00,11.0,52.0,6.6,0.6
2023-05-09 01:00:00+00:00,10.9,52.0,6.6,0.6
2023-05-09 01:10:00+00:00,10.8,52.0,6.6,0.6
2023-05-09 01:20:00+00:00,10.8,51.0,6.6,0.6
2023-05-09 01:30:00+00:00,10.7,51.0,6.6,0.6
2023-05-09 01:40:00+00:00,10.7,51.0,6.6,0.7
2023-05-09 01:50:00+00:00,10.6,51.0,6.6,0.7
2023-05-09 02:00:00+00:00,10.6,51.0,6.6,0.9
2023-05-09 02:10:00+00:00,10.6,51.0,6.6,1.5
2023-05-09 02:20:00+00:00,10.5,50.0,6.6,2.4
2023-05-09 02:30:00+00:00,10.5,50.0,6.6,3.1
2023-05-09 02:40:00+00:00,10.5,50.0,6.6,3.4
2023-05-09 02:50:00+00:00,10.4,50.0,6.6,4.0
2023-05-09 03:00:00+00:00,10.4,50.0,6.6,4.0
2023-05-09 03:10:00+00:00,10.4,50.0,6.6,4.0
2023-05-09 03:20:00+00:00,10.3,50.0,6.6,4.0
2023-05-09 03:30:00+00:00,10.3,50.0,6.6,4.0
2023-05-09 03:40:00+00:00,10.3,50.0,6.6,4.0
2023-05-09 03:50:00+00:00,10.3,50.0,6.5,4.0
2023-05-09 04:00:00+00:00,10.3,50.0,6.5,4.0
2023-05-09 04:10:00+00:00,10.3,51.0,6.5,4.0
2023-05-09 04:20:00+00:00,10.3,61.0,6.5,4.0
2023-05-09 04:30:00+00:00,10.3,61.0,6.5,4.0
2023-05-09 04:40:00+00:00,10.3,60.0,6.5,4.0
2023-05-09 04:50:00+00:00,10.3,60.0,6.4,4.0
2023-05-09 05:00:00+00:00,10.3,60.0,6.4,4.0
2023-05-09 05:10:00+00:00,10.3,60.0,6.4,4.0
2023-05-09 05:20:00+00:00,10.3,59.0,6.4,4.1
2023-05-09 05:30:00+00:00,10.4,59.0,6.4,4.0
2023-05-09 05:40:00+00:00,10.5,59.0,6.4,4.1
2023-05-09 05:50:00+00:00,10.6,58.0,6.4,4.1
2023-05-09 06:00:00+00:00,10.7,58.0,6.4,4.1
2023-05-09 06:10:00+00:00,10.9,57.0,6.3,4.1
2023-05-09 06:20:00+00:00,11.1,57.0,6.3,4.0
2023-05-09 06:30:00+00:00,11.3,56.0,6.3,4.0
2023-05-09 06:40:00+00:00,11.55,59.5,6.3,5.449999999999999
2023-05-09 06:50:00+00:00,11.8,57.0,6.2,5.7
2023-05-09 07:00:00+00:00,12.1,56.0,6.2,5.8
2023-05-09 07:10:00+00:00,12.3,56.0,6.1,5.9
2023-05-09 07:20:00+00:00,12.5,57.0,6.1,5.9
2023-05-09 07:30:00+00:00,12.7,56.0,6.0,5.9
2023-05-09 07:40:00+00:00,13.0,56.0,6.0,5.9
2023-05-09 07:50:00+00:00,13.2,56.0,5.9,5.9
2023-05-09 08:00:00+00:00,13.5,56.0,5.9,5.9
2023-05-09 08:10:00+00:00,13.7,57.0,5.9,6.0
2023-05-09 08:20:00+00:00,14.0,57.0,5.9,5.9
2023-05-09 08:30:00+00:00,14.1,57.0,5.8,5.9
2023-05-09 08:40:00+00:00,14.3,57.0,5.8,6.0
2023-05-09 08:50:00+00:00,14.6,53.0,5.8,6.0
2023-05-09 09:00:00+00:00,14.8,52.0,5.8,5.9
2023-05-09 09:10:00+00:00,15.0,56.0,5.8,6.0
2023-05-09 09:20:00+00:00,15.1,55.0,5.8,6.0
2023-05-09 09:30:00+00:00,15.3,55.0,5.8,5.9
2023-05-09 09:40:00+00:00,15.4,55.0,5.7,6.0
2023-05-09 09:50:00+00:00,15.6,56.0,5.8,6.0
2023-05-09 10:00:00+00:00,15.8,56.0,5.8,6.0
2023-05-09 10:10:00+00:00,16.0,56.0,5.7,6.0
2023-05-09 10:20:00+00:00,16.1,56.0,5.7,6.0
2023-05-09 10:30:00+00:00,16.3,56.0,5.7,6.0
2023-05-09 10:40:00+00:00,16.5,56.0,5.7,6.0
2023-05-09 10:50:00+00:00,16.7,56.0,5.7,6.0
2023-05-09 11:00:00+00:00,16.8,56.0,5.7,6.0
2023-05-09 11:10:00+00:00,17.0,57.0,5.7,6.0
2023-05-09 11:20:00+00:00,17.1,57.0,5.8,6.0
2023-05-09 11:30:00+00:00,17.3,54.0,5.8,6.0
2023-05-09 11:40:00+00:00,17.3,54.0,5.8,6.0
2023-05-09 11:50:00+00:00,17.5,53.0,5.8,5.9
2023-05-09 12:00:00+00:00,17.6,55.0,5.8,5.9
2023-05-09 12:10:00+00:00,17.7,57.0,5.9,5.8
2023-05-09 12:20:00+00:00,17.8,56.0,5.9,5.7
2023-05-09 12:30:00+00:00,17.7,56.0,5.9,5.5
2023-05-09 12:40:00+00:00,17.65,55.0,5.95,5.0
2023-05-09 12:50:00+00:00,17.6,54.0,6.0,4.5
2023-05-09 13:00:00+00:00,17.5,57.0,6.0,4.0
2023-05-09 13:10:00+00:00,17.4,57.0,6.0,4.0
2023-05-09 13:20:00+00:00,17.3,57.0,6.0,4.0
2023-05-09 13:30:00+00:00,17.1,57.0,6.1,4.0
2023-05-09 13:40:00+00:00,17.0,56.0,6.1,4.0
2023-05-09 13:50:00+00:00,16.9,56.0,6.1,4.0
2023-05-09 14:00:00+00:00,16.8,56.0,6.1,4.0
2023-05-09 14:10:00+00:00,16.6,56.0,6.1,4.0
2023-05-09 14:20:00+00:00,16.5,56.0,6.1,4.0
2023-05-09 14:30:00+00:00,16.4,56.0,6.2,4.0
2023-05-09 14:40:00+00:00,16.3,56.0,6.2,4.0
2023-05-09 14:50:00+00:00,16.2,57.0,6.2,4.0
2023-05-09 15:00:00+00:00,16.1,57.0,6.2,4.0
2023-05-09 15:10:00+00:00,16.0,57.0,6.3,4.0
2023-05-09 15:20:00+00:00,15.9,63.0,6.3,4.0
2023-05-09 15:30:00+00:00,15.8,55.0,6.3,4.0
2023-05-09 15:40:00+00:00,15.6,60.0,6.3,4.0
2023-05-09 15:50:00+00:00,15.6,59.0,6.3,4.0
2023-05-09 16:00:00+00:00,15.5,59.0,6.3,4.0
2023-05-09 16:10:00+00:00,15.4,59.0,6.3,4.0
2023-05-09 16:20:00+00:00,15.3,59.0,6.4,4.0
2023-05-09 16:30:00+00:00,15.2,59.0,6.4,4.0
2023-05-09 16:40:00+00:00,15.1,59.0,6.4,4.0
2023-05-09 16:50:00+00:00,15.0,59.0,6.4,4.0
2023-05-09 17:00:00+00:00,14.9,59.0,6.4,4.0
2023-05-09 17:10:00+00:00,14.8,59.0,6.4,4.0
2023-05-09 17:20:00+00:00,14.8,59.0,6.4,4.0
2023-05-09 17:30:00+00:00,14.7,59.0,6.4,4.0
2023-05-09 17:40:00+00:00,14.6,59.0,6.4,4.0
2023-05-09 17:50:00+00:00,14.5,56.0,6.5,4.0
2023-05-09 18:00:00+00:00,14.5,59.0,6.5,4.0
2023-05-09 18:10:00+00:00,14.3,59.0,6.5,4.0
2023-05-09 18:20:00+00:00,14.25,59.0,6.5,3.85
2023-05-09 18:30:00+00:00,14.1,59.0,6.5,3.3
2023-05-09 18:40:00+00:00,14.0,59.0,6.5,2.4
2023-05-09 18:50:00+00:00,14.0,59.0,6.5,1.5
2023-05-09 19:00:00+00:00,13.9,59.0,6.5,1.0
2023-05-09 19:10:00+00:00,13.8,59.0,6.5,0.7
2023-05-09 19:20:00+00:00,13.7,59.0,6.5,0.6
2023-05-09 19:30:00+00:00,13.6,60.0,6.5,0.6
2023-05-09 19:40:00+00:00,13.6,59.0,6.6,0.6
2023-05-09 19:50:00+00:00,13.5,56.0,6.6,0.6
2023-05-09 20:00:00+00:00,13.5,56.0,6.6,0.6
2023-05-09 20:10:00+00:00,13.3,56.0,6.6,0.6
2023-05-09 20:20:00+00:00,13.3,56.0,6.6,0.6
2023-05-09 20:30:00+00:00,13.2,56.0,6.6,0.6
2023-05-09 20:40:00+00:00,13.1,56.0,6.6,0.5
2023-05-09 20:50:00+00:00,13.0,56.0,6.6,0.6
2023-05-09 21:00:00+00:00,13.0,56.0,6.6,0.6
2023-05-09 21:10:00+00:00,12.9,56.0,6.6,0.6
2023-05-09 21:20:00+00:00,12.8,56.0,6.6,0.6
2023-05-09 21:30:00+00:00,12.8,57.0,6.6,0.6
2023-05-09 21:40:00+00:00,12.7,57.0,6.6,0.6
2023-05-09 21:50:00+00:00,12.6,56.0,6.6,0.4
2023-05-09 22:00:00+00:00,12.6,57.0,6.6,0.6
2023-05-09 22:10:00+00:00,12.55,56.5,6.6,0.6499999999999999
2023-05-09 22:20:00+00:00,12.5,56.0,6.6,0.7
2023-05-09 22:30:00+00:00,12.5,56.0,6.6,0.6
2023-05-09 22:40:00+00:00,12.4,56.0,6.6,0.6
2023-05-09 22:50:00+00:00,12.3,56.0,6.6,0.6
2023-05-09 23:00:00+00:00,12.3,56.0,6.6,0.6
2023-05-09 23:10:00+00:00,12.2,56.0,6.6,0.5
2023-05-09 23:20:00+00:00,12.1,56.0,6.6,0.6
2023-05-09 23:30:00+00:00,12.1,56.0,6.6,0.6
2023-05-09 23:40:00+00:00,12.1,56.0,6.6,0.7
2023-05-09 23:50:00+00:00,12.0,58.0,6.6,0.6
2023-05-10 00:00:00+00:00,12.0,58.0,6.6,0.6
2023-05-10 00:10:00+00:00,12.0,58.0,6.6,0.7
2023-05-10 00:20:00+00:00,11.9,58.0,6.5,0.6
2023-05-10 00:30:00+00:00,11.8,58.0,6.5,0.6
2023-05-10 00:40:00+00:00,11.8,58.0,6.5,0.6
2023-05-10 00:50:00+00:00,11.8,57.0,6.5,0.6
2023-05-10 01:00:00+00:00,11.7,58.0,6.5,0.6
2023-05-10 01:10:00+00:00,11.7,62.0,6.5,0.6
2023-05-10 01:20:00+00:00,11.6,57.0,6.5,0.6
2023-05-10 01:30:00+00:00,11.6,57.0,6.5,0.5
2023-05-10 01:40:00+00:00,11.6,57.0,6.5,0.6
2023-05-10 01:50:00+00:00,11.5,57.0,6.5,0.6
2023-05-10 02:00:00+00:00,11.5,56.0,6.5,0.7
2023-05-10 02:10:00+00:00,11.5,56.0,6.5,1.0
2023-05-10 02:20:00+00:00,11.5,57.0,6.5,1.4
2023-05-10 02:30:00+00:00,11.5,56.0,6.5,2.3
2023-05-10 02:40:00+00:00,11.4,56.0,6.5,3.2
2023-05-10 02:50:00+00:00,11.3,56.0,6.5,3.5
2023-05-10 03:00:00+00:00,11.3,56.0,6.5,4.0
2023-05-10 03:10:00+00:00,11.3,56.0,6.5,4.0
2023-05-10 03:20:00+00:00,11.3,56.0,6.5,4.0
2023-05-10 03:30:00+00:00,11.2,56.0,6.5,4.0
2023-05-10 03:40:00+00:00,11.2,56.0,6.5,4.0
2023-05-10 03:50:00+00:00,11.1,56.0,6.5,4.0
2023-05-10 04:00:00+00:00,11.1,56.0,6.5,4.0
2023-05-10 04:10:00+00:00,11.1,55.0,6.5,4.0
2023-05-10 04:20:00+00:00,11.1,55.0,6.5,4.0
2023-05-10 04:30:00+00:00,11.1,55.0,6.5,4.0
2023-05-10 04:40:00+00:00,11.1,55.0,6.5,4.0
2023-05-10 04:50:00+00:00,11.1,55.0,6.5,4.0
2023-05-10 05:00:00+00:00,11.2,55.0,6.4,4.0
2023-05-10 05:10:00+00:00,11.2,55.0,6.4,4.0
2023-05-10 05:20:00+00:00,11.3,55.0,6.4,4.1
2023-05-10 05:30:00+00:00,11.3,55.0,6.4,4.1
2023-05-10 05:40:00+00:00,11.4,54.0,6.4,4.0
2023-05-10 05:50:00+00:00,11.5,54.0,6.4,4.1
2023-05-10 06:00:00+00:00,11.7,53.5,6.4,4.05
2023-05-10 06:10:00+00:00,11.9,53.0,6.4,4.0
2023-05-10 06:20:00+00:00,12.0,52.0,6.3,4.2
2023-05-10 06:30:00+00:00,12.2,52.0,6.3,5.6
2023-05-10 06:40:00+00:00,12.4,52.0,6.3,5.8
2023-05-10 06:50:00+00:00,12.6,51.0,6.2,5.8
2023-05-10 07:00:00+00:00,12.8,51.0,6.2,5.8
2023-05-10 07:10:00+00:00,13.0,51.0,6.1,5.9
2023-05-10 07:20:00+00:00,13.1,51.0,6.1,5.9
2023-05-10 07:30:00+00:00,13.4,52.0,6.0,6.0
2023-05-10 07:40:00+00:00,13.6,51.0,6.0,5.9
2023-05-10 07:50:00+00:00,13.7,50.5,5.95,5.9
2023-05-10 08:00:00+00:00,13.8,50.0,5.9,5.9
2023-05-10 08:10:00+00:00,14.0,50.0,5.9,6.0
2023-05-10 08:20:00+00:00,14.2,50.0,5.9,6.0
2023-05-10 08:30:00+00:00,14.4,50.0,5.8,6.0
2023-05-10 08:40:00+00:00,14.6,50.0,5.8,6.0
2023-05-10 08:50:00+00:00,14.8,50.0,5.8,6.0
2023-05-10 09:00:00+00:00,15.0,50.0,5.7,6.0
2023-05-10 09:10:00+00:00,15.1,50.0,5.7,6.0
2023-05-10 09:20:00+00:00,15.3,50.0,5.7,6.0
2023-05-10 09:30:00+00:00,15.4,50.0,5.7,6.1
2023-05-10 09:40:00+00:00,15.6,50.0,5.7,6.0
2023-05-10 09:50:00+00:00,15.7,50.0,5.7,6.0
2023-05-10 10:00:00+00:00,15.8,50.0,5.7,6.0
2023-05-10 10:10:00+00:00,16.0,50.0,5.7,6.0
2023-05-10 10:20:00+00:00,16.1,50.0,5.7,6.0
2023-05-10 10:30:00+00:00,16.4,50.0,5.7,6.0
2023-05-10 10:40:00+00:00,16.6,49.0,5.7,6.0
2023-05-10 10:50:00+00:00,16.7,50.0,5.7,6.0
2023-05-10 11:00:00+00:00,16.9,50.0,5.7,6.0
2023-05-10 11:10:00+00:00,17.0,50.0,5.7,6.0
2023-05-10 11:20:00+00:00,17.1,50.0,5.7,6.0
2023-05-10 11:30:00+00:00,17.4,49.0,5.7,5.9
2023-05-10 11:40:00+00:00,17.5,50.0,5.7,6.0
2023-05-10 11:50:00+00:00,17.6,52.0,5.7,5.9
2023-05-10 12:00:00+00:00,17.8,49.0,5.7,5.9
2023-05-10 12:10:00+00:00,17.9,50.0,5.7,5.9
2023-05-10 12:20:00+00:00,18.0,49.0,5.7,5.8
2023-05-10 12:30:00+00:00,18.1,50.0,5.7,5.7
2023-05-10 12:40:00+00:00,18.0,49.0,5.7,5.4
2023-05-10 12:50:00+00:00,17.9,50.0,5.8,4.0
2023-05-10 13:00:00+00:00,17.8,50.0,5.8,4.0
2023-05-10 13:10:00+00:00,17.7,51.0,5.8,4.0
2023-05-10 13:20:00+00:00,17.6,52.0,5.8,4.0
2023-05-10 13:30:00+00:00,17.5,53.0,5.9,4.0
2023-05-10 13:40:00+00:00,17.4,53.0,5.9,4.0
2023-05-10 13:50:00+00:00,17.3,53.0,5.9,4.0
2023-05-10 14:00:00+00:00,17.1,57.0,5.9,4.0
2023-05-10 14:10:00+00:00,17.1,57.0,5.9,4.0
2023-05-10 14:20:00+00:00,17.0,57.0,5.9,4.0
2023-05-10 14:30:00+00:00,16.8,57.0,6.0,4.0
2023-05-10 14:40:00+00:00,16.7,57.0,6.0,4.0
2023-05-10 14:50:00+00:00,16.6,57.0,6.0,4.0
2023-05-10 15:00:00+00:00,16.5,56.0,6.0,4.0
2023-05-10 15:10:00+00:00,16.4,59.0,6.0,4.0
2023-05-10 15:20:00+00:00,16.3,61.0,6.1,4.0
2023-05-10 15:30:00+00:00,16.2,64.0,6.1,4.0
2023-05-10 15:40:00+00:00,16.1,59.0,6.1,4.0
2023-05-10 15:50:00+00:00,16.0,59.0,6.1,4.0
2023-05-10 16:00:00+00:00,16.0,59.0,6.1,4.0
2023-05-10 16:10:00+00:00,15.9,59.0,6.1,4.0
2023-05-10 16:20:00+00:00,15.8,58.0,6.1,4.0
2023-05-10 16:30:00+00:00,15.7,58.0,6.1,4.0
2023-05-10 16:40:00+00:00,15.6,58.0,6.1,4.0
2023-05-10 16:50:00+00:00,15.6,58.0,6.1,4.0
2023-05-10 17:00:00+00:00,15.5,58.0,6.1,4.0
2023-05-10 17:10:00+00:00,15.4,58.0,6.2,4.0
2023-05-10 17:20:00+00:00,15.3,65.0,6.2,4.0
2023-05-10 17:30:00+00:00,15.3,59.0,6.2,4.0
2023-05-10 17:40:00+00:00,15.2,60.0,6.2,4.0
2023-05-10 17:50:00+00:00,15.1,58.0,6.2,4.0
2023-05-10 18:00:00+00:00,15.0,59.0,6.2,4.0
2023-05-10 18:10:00+00:00,15.0,65.0,6.2,4.0
2023-05-10 18:20:00+00:00,14.9,68.0,6.2,4.0
2023-05-10 18:30:00+00:00,14.8,70.0,6.2,3.7
2023-05-10 18:40:00+00:00,14.8,59.0,6.2,3.6
2023-05-10 18:50:00+00:00,14.7,59.0,6.3,2.9
2023-05-10 19:00:00+00:00,14.6,58.0,6.3,2.0
2023-05-10 19:10:00+00:00,14.5,58.0,6.3,1.1
2023-05-10 19:20:00+00:00,14.5,66.0,6.3,0.7
2023-05-10 19:30:00+00:00,14.4,59.0,6.3,0.7
2023-05-10 19:40:00+00:00,14.3,72.0,6.3,0.5
2023-05-10 19:50:00+00:00,14.3,64.0,6.3,0.6
2023-05-10 20:00:00+00:00,14.2,63.0,6.3,0.6
2023-05-10 20:10:00+00:00,14.1,63.0,6.3,0.6
2023-05-10 20:20:00+00:00,14.0,63.0,6.3,0.6
2023-05-10 20:30:00+00:00,14.0,63.0,6.3,0.6
2023-05-10 20:40:00+00:00,14.0,63.0,6.3,0.6
2023-05-10 20:50:00+00:00,13.9,63.0,6.3,0.6
2023-05-10 21:00:00+00:00,13.8,63.0,6.3,0.6
2023-05-10 21:10:00+00:00,13.8,63.0,6.3,0.6
2023-05-10 21:20:00+00:00,13.7,63.0,6.3,0.6
2023-05-10 21:30:00+00:00,13.6,63.0,6.3,0.6
2023-05-10 21:40:00+00:00,13.6,62.0,6.3,0.6
2023-05-10 21:50:00+00:00,13.5,70.0,6.3,0.6
2023-05-10 22:00:00+00:00,13.5,70.0,6.3,0.6
2023-05-10 22:10:00+00:00,13.5,70.0,6.3,0.6
2023-05-10 22:20:00+00:00,13.4,65.0,6.3,0.6
2023-05-10 22:30:00+00:00,13.3,63.0,6.3,0.6
2023-05-10 22:40:00+00:00,13.3,65.0,6.3,0.6
2023-05-10 22:50:00+00:00,13.3,65.0,6.3,0.6
2023-05-10 23:00:00+00:00,13.2,64.0,6.3,0.6
2023-05-10 23:10:00+00:00,13.1,64.0,6.3,0.6
2023-05-10 23:20:00+00:00,13.1,64.0,6.3,0.6
2023-05-10 23:30:00+00:00,13.1,65.0,6.3,0.6
2023-05-10 23:40:00+00:00,13.0,64.0,6.3,0.6
2023-05-10 23:50:00+00:00,13.0,66.0,6.3,0.6
2023-05-11 00:00:00+00:00,13.0,66.0,6.3,0.6
2023-05-11 00:10:00+00:00,12.9,65.0,6.3,0.6
2023-05-11 00:20:00+00:00,12.9,65.0,6.3,0.6
2023-05-11 00:30:00+00:00,12.8,65.0,6.3,0.6
2023-05-11 00:40:00+00:00,12.8,65.0,6.3,0.4
2023-05-11 00:50:00+00:00,12.8,65.0,6.3,0.6
2023-05-11 01:00:00+00:00,12.7,65.0,6.3,0.6
2023-05-11 01:10:00+00:00,12.6,65.0,6.3,0.5
2023-05-11 01:20:00+00:00,12.6,65.0,6.3,0.6
2023-05-11 01:30:00+00:00,12.6,65.0,6.3,0.6
2023-05-11 01:40:00+00:00,12.5,65.0,6.3,0.7
2023-05-11 01:50:00+00:00,12.5,65.0,6.3,0.7
2023-05-11 02:00:00+00:00,12.4,67.0,6.3,0.8
2023-05-11 02:10:00+00:00,12.4,70.0,6.3,1.2
2023-05-11 02:20:00+00:00,12.3,69.0,6.3,2.0
2023-05-11 02:30:00+00:00,12.3,69.0,6.3,3.0
2023-05-11 02:40:00+00:00,12.2,66.0,6.3,3.4
2023-05-11 02:50:00+00:00,12.2,67.0,6.3,3.8
2023-05-11 03:00:00+00:00,12.1,69.0,6.3,4.0
2023-05-11 03:10:00+00:00,12.1,70.0,6.3,4.0
2023-05-11 03:20:00+00:00,12.1,70.0,6.3,4.0
2023-05-11 03:30:00+00:00,12.0,69.0,6.3,4.0
2023-05-11 03:40:00+00:00,12.0,66.0,6.4,4.0
2023-05-11 03:50:00+00:00,12.0,68.0,6.3,4.0
2023-05-11 04:00:00+00:00,12.0,70.0,6.3,4.0
2023-05-11 04:10:00+00:00,12.0,70.0,6.3,4.0
2023-05-11 04:20:00+00:00,12.0,71.0,6.3,4.0
2023-05-11 04:30:00+00:00,12.0,67.0,6.3,4.0
2023-05-11 04:40:00+00:00,12.0,66.0,6.3,4.0
2023-05-11 04:50:00+00:00,12.0,66.0,6.3,4.1
2023-05-11 05:00:00+00:00,12.0,66.0,6.3,4.1
2023-05-11 05:10:00+00:00,12.1,65.0,6.3,4.0
2023-05-11 05:20:00+00:00,12.1,65.0,6.3,4.0
2023-05-11 05:30:00+00:00,12.1,65.0,6.3,4.1
2023-05-11 05:40:00+00:00,12.2,65.0,6.3,4.0
2023-05-11 05:50:00+00:00,12.3,64.0,6.3,4.0
2023-05-11 06:00:00+00:00,12.5,64.0,6.3,4.1
2023-05-11 06:10:00+00:00,12.6,63.0,6.3,4.0
2023-05-11 06:20:00+00:00,12.8,63.0,6.3,4.1
2023-05-11 06:30:00+00:00,12.9,62.0,6.2,4.0
2023-05-11 06:40:00+00:00,13.1,62.0,6.2,5.5
2023-05-11 06:50:00+00:00,13.3,62.0,6.2,5.7
2023-05-11 07:00:00+00:00,13.5,65.0,6.1,5.8
2023-05-11 07:10:00+00:00,13.6,61.0,6.1,5.8
2023-05-11 07:20:00+00:00,13.8,61.0,6.1,5.9
2023-05-11 07:30:00+00:00,14.0,60.0,6.0,5.9
2023-05-11 07:40:00+00:00,14.3,60.0,6.0,5.9
2023-05-11 07:50:00+00:00,14.5,62.0,5.9,4.1
2023-05-11 08:00:00+00:00,14.6,62.0,5.9,5.9
2023-05-11 08:10:00+00:00,14.9,60.0,5.9,6.0
2023-05-11 08:20:00+00:00,15.1,60.0,5.8,6.0
2023-05-11 08:30:00+00:00,15.3,60.0,5.8,5.9
2023-05-11 08:40:00+00:00,15.5,60.0,5.8,5.9
2023-05-11 08:50:00+00:00,15.8,60.0,5.8,5.9
2023-05-11 09:00:00+00:00,15.9,60.0,5.7,5.9
2023-05-11 09:10:00+00:00,16.1,59.0,5.7,6.0
2023-05-11 09:20:00+00:00,16.3,59.0,5.7,5.9
2023-05-11 09:30:00+00:00,16.5,59.0,5.7,5.9
2023-05-11 09:40:00+00:00,16.6,59.0,5.7,6.0
2023-05-11 09:50:00+00:00,16.7,62.0,5.7,6.0
2023-05-11 10:00:00+00:00,16.9,66.0,5.7,6.0
2023-05-11 10:10:00+00:00,17.0,60.0,5.7,6.0
2023-05-11 10:20:00+00:00,17.2,60.0,5.7,6.0
2023-05-11 10:30:00+00:00,17.4,60.0,5.7,6.0
2023-05-11 10:40:00+00:00,17.6,59.0,5.6,6.0
2023-05-11 10:50:00+00:00,17.8,60.0,5.6,6.0
2023-05-11 11:00:00+00:00,18.0,61.0,5.6,6.0
2023-05-11 11:10:00+00:00,18.1,60.0,5.6,6.0
2023-05-11 11:20:00+00:00,18.3,60.0,5.6,6.0
2023-05-11 11:30:00+00:00,18.3,60.0,5.7,6.0
2023-05-11 11:40:00+00:00,18.5,60.0,5.7,5.9
2023-05-11 11:50:00+00:00,18.6,62.0,5.7,5.9
2023-05-11 12:00:00+00:00,18.6,63.0,5.7,5.9
2023-05-11 12:10:00+00:00,18.8,63.0,5.7,5.9
2023-05-11 12:20:00+00:00,18.8,63.0,5.7,5.8
2023-05-11 12:30:00+00:00,18.9,63.0,5.7,5.6
2023-05-11 12:40:00+00:00,18.8,63.0,5.7,5.4
2023-05-11 12:50:00+00:00,18.6,63.0,5.7,4.0
2023-05-11 13:00:00+00:00,18.5,64.0,5.8,4.0
2023-05-11 13:10:00+00:00,18.4,70.0,5.8,4.0
2023-05-11 13:20:00+00:00,18.3,72.0,5.8,4.0
2023-05-11 13:30:00+00:00,18.1,66.0,5.9,4.0
2023-05-11 13:40:00+00:00,18.1,65.0,5.9,4.0
2023-05-11 13:50:00+00:00,17.9,72.0,5.9,4.0
2023-05-11 14:00:00+00:00,17.8,66.0,5.9,4.0
2023-05-11 14:10:00+00:00,17.6,66.0,5.9,4.0
2023-05-11 14:20:00+00:00,17.6,66.0,6.0,4.0
2023-05-11 14:30:00+00:00,17.4,65.0,6.0,4.0
2023-05-11 14:40:00+00:00,17.3,65.0,6.0,4.0
2023-05-11 14:50:00+00:00,17.2,65.0,6.0,4.0
2023-05-11 15:00:00+00:00,17.1,65.0,6.0,4.0
2023-05-11 15:10:00+00:00,17.0,65.0,6.0,4.0
2023-05-11 15:20:00+00:00,16.9,65.0,6.0,4.0
2023-05-11 15:30:00+00:00,16.8,65.0,6.1,4.0
2023-05-11 15:40:00+00:00,16.7,65.0,6.1,4.0
2023-05-11 15:50:00+00:00,16.6,65.0,6.1,4.0
2023-05-11 16:00:00+00:00,16.5,65.0,6.1,4.0
2023-05-11 16:10:00+00:00,16.4,65.0,6.1,4.0
2023-05-11 16:20:00+00:00,16.3,65.0,6.1,4.0
2023-05-11 16:30:00+00:00,16.3,69.0,6.1,4.0
2023-05-11 16:40:00+00:00,16.1,65.0,6.1,4.0
2023-05-11 16:50:00+00:00,16.1,65.0,6.1,4.0
2023-05-11 17:00:00+00:00,16.0,65.0,6.1,4.0
2023-05-11 17:10:00+00:00,15.9,66.0,6.1,4.0
2023-05-11 17:20:00+00:00,15.8,68.0,6.2,4.0
2023-05-11 17:30:00+00:00,15.8,72.0,6.1,4.0
2023-05-11 17:40:00+00:00,15.7,73.0,6.2,4.0
2023-05-11 17:50:00+00:00,15.6,73.0,6.2,4.0
2023-05-11 18:00:00+00:00,15.5,70.0,6.2,4.0
2023-05-11 18:10:00+00:00,15.5,64.0,6.2,4.0
2023-05-11 18:20:00+00:00,15.4,65.0,6.2,4.0
2023-05-11 18:30:00+00:00,15.3,67.0,6.2,3.7
2023-05-11 18:40:00+00:00,15.2,65.0,6.2,3.6
2023-05-11 18:50:00+00:00,15.1,65.0,6.2,2.9
2023-05-11 19:00:00+00:00,15.1,65.0,6.2,1.9
2023-05-11 19:10:00+00:00,15.0,65.0,6.2,1.1
2023-05-11 19:20:00+00:00,14.9,66.0,6.3,0.8
2023-05-11 19:30:00+00:00,14.8,68.0,6.3,0.7
2023-05-11 19:40:00+00:00,14.8,66.0,6.3,0.5
2023-05-11 19:50:00+00:00,14.7,66.0,6.3,0.7
2023-05-11 20:00:00+00:00,14.6,69.0,6.3,0.6
2023-05-11 20:10:00+00:00,14.5,69.0,6.3,0.5
2023-05-11 20:20:00+00:00,14.5,68.0,6.3,0.6
2023-05-11 20:30:00+00:00,14.4,68.0,6.3,0.6
2023-05-11 20:40:00+00:00,14.3,69.0,6.3,0.6
2023-05-11 20:50:00+00:00,14.3,66.0,6.4,0.6
2023-05-11 21:00:00+00:00,14.2,66.0,6.4,0.6
2023-05-11 21:10:00+00:00,14.1,66.0,6.4,0.7
2023-05-11 21:20:00+00:00,14.0,66.0,6.4,0.6
2023-05-11 21:30:00+00:00,14.0,67.0,6.4,0.6
2023-05-11 21:40:00+00:00,13.9,66.0,6.4,0.6
2023-05-11 21:50:00+00:00,13.8,67.0,6.4,0.6
2023-05-11 22:00:00+00:00,13.8,70.0,6.4,0.6
2023-05-11 22:10:00+00:00,13.7,74.0,6.4,0.7
2023-05-11 22:20:00+00:00,13.6,74.0,6.4,0.6
2023-05-11 22:30:00+00:00,13.6,70.0,6.4,0.6
2023-05-11 22:40:00+00:00,13.5,70.0,6.4,0.6
2023-05-11 22:50:00+00:00,13.5,70.0,6.4,0.6
2023-05-11 23:00:00+00:00,13.4,70.0,6.4,0.6
2023-05-11 23:10:00+00:00,13.4,70.0,6.4,0.5
2023-05-11 23:20:00+00:00,13.3,71.0,6.4,0.6
2023-05-11 23:30:00+00:00,13.3,67.0,6.4,0.6
2023-05-11 23:40:00+00:00,13.2,67.0,6.4,0.6
2023-05-11 23:50:00+00:00,13.1,67.0,6.4,0.6
2023-05-12 00:00:00+00:00,13.1,67.0,6.4,0.7
2023-05-12 00:10:00+00:00,13.0,67.0,6.4,0.6
2023-05-12 00:20:00+00:00,13.0,67.0,6.4,0.6
2023-05-12 00:30:00+00:00,12.9,68.0,6.4,0.6
2023-05-12 00:40:00+00:00,12.9,68.0,6.4,0.6
2023-05-12 00:50:00+00:00,12.8,68.0,6.4,0.5
2023-05-12 01:00:00+00:00,12.8,68.0,6.4,0.6
2023-05-12 01:10:00+00:00,12.7,68.0,6.4,0.6
2023-05-12 01:20:00+00:00,12.6,68.0,6.4,0.7
2023-05-12 01:30:00+00:00,12.6,68.0,6.4,0.7
2023-05-12 01:40:00+00:00,12.6,70.0,6.4,0.7
2023-05-12 01:50:00+00:00,12.5,72.0,6.4,0.6
2023-05-12 02:00:00+00:00,12.5,69.0,6.4,1.0
2023-05-12 02:10:00+00:00,12.4,69.0,6.4,1.6
2023-05-12 02:20:00+00:00,12.3,68.0,6.4,2.6
2023-05-12 02:30:00+00:00,12.3,69.0,6.5,3.5
2023-05-12 02:40:00+00:00,12.3,68.0,6.4,3.4
2023-05-12 02:50:00+00:00,12.2,68.0,6.4,4.0
2023-05-12 03:00:00+00:00,12.2,69.0,6.4,4.0
2023-05-12 03:10:00+00:00,12.1,75.0,6.4,4.0
2023-05-12 03:20:00+00:00,12.1,69.0,6.5,4.0
2023-05-12 03:30:00+00:00,12.1,68.0,6.4,4.0
2023-05-12 03:40:00+00:00,12.1,68.0,6.4,4.0
2023-05-12 03:50:00+00:00,12.0,67.0,6.4,4.0
2023-05-12 04:00:00+00:00,12.0,67.0,6.4,4.0
2023-05-12 04:10:00+00:00,12.0,69.0,6.4,4.0
2023-05-12 04:20:00+00:00,12.0,68.0,6.4,4.0
2023-05-12 04:30:00+00:00,12.0,74.0,6.4,4.0
2023-05-12 04:40:00+00:00,12.0,69.0,6.4,4.0
2023-05-12 04:50:00+00:00,12.0,69.0,6.4,4.0
2023-05-12 05:00:00+00:00,12.0,74.0,6.4,4.0
2023-05-12 05:10:00+00:00,12.1,68.0,6.4,4.1
2023-05-12 05:20:00+00:00,12.1,68.0,6.4,4.1
2023-05-12 05:30:00+00:00,12.2,74.0,6.4,4.0
2023-05-12 05:40:00+00:00,12.3,69.0,6.4,4.1
2023-05-12 05:50:00+00:00,12.4,73.0,6.4,4.1
2023-05-12 06:00:00+00:00,12.5,67.0,6.3,4.1
2023-05-12 06:10:00+00:00,12.7,67.0,6.3,4.0
2023-05-12 06:20:00+00:00,12.8,67.0,6.3,4.0
2023-05-12 06:30:00+00:00,13.0,72.0,6.3,4.1
2023-05-12 06:40:00+00:00,13.2,66.0,6.3,5.5
2023-05-12 06:50:00+00:00,13.5,65.0,6.3,5.7
2023-05-12 07:00:00+00:00,13.6,65.0,6.2,5.8
2023-05-12 07:10:00+00:00,13.8,69.0,6.1,5.8
2023-05-12 07:20:00+00:00,14.0,65.0,6.1,5.8
2023-05-12 07:30:00+00:00,14.3,64.0,6.0,5.8
2023-05-12 07:40:00+00:00,14.5,65.0,5.9,5.8
2023-05-12 07:50:00+00:00,14.8,64.0,5.9,5.8
2023-05-12 08:00:00+00:00,15.0,64.0,5.9,5.9
2023-05-12 08:10:00+00:00,15.2,65.0,5.8,5.9
2023-05-12 08:20:00+00:00,15.5,66.0,5.8,5.9
2023-05-12 08:30:00+00:00,15.7,68.0,5.8,5.9
2023-05-12 08:40:00+00:00,16.0,63.0,5.7,5.9
2023-05-12 08:50:00+00:00,16.2,66.0,5.7,5.9
2023-05-12 09:00:00+00:00,16.4,70.0,5.7,5.9
2023-05-12 09:10:00+00:00,16.6,63.0,5.7,5.9
2023-05-12 09:20:00+00:00,16.7,67.0,5.7,5.9
2023-05-12 09:30:00+00:00,16.8,69.0,5.7,5.9
2023-05-12 09:40:00+00:00,17.0,64.0,5.7,5.9
2023-05-12 09:50:00+00:00,17.2,64.0,5.7,6.0
2023-05-12 10:00:00+00:00,17.4,63.0,5.7,6.0
2023-05-12 10:10:00+00:00,17.6,63.0,5.6,6.0
2023-05-12 10:20:00+00:00,17.8,67.0,5.6,6.0
2023-05-12 10:30:00+00:00,18.0,67.0,5.6,6.0
2023-05-12 10:40:00+00:00,18.1,67.0,5.6,6.0
2023-05-12 10:50:00+00:00,18.3,67.0,5.6,5.9
2023-05-12 11:00:00+00:00,18.5,66.0,5.6,5.9
2023-05-12 11:10:00+00:00,18.6,64.0,5.6,5.9
2023-05-12 11:20:00+00:00,18.8,64.0,5.6,5.9
2023-05-12 11:30:00+00:00,19.0,64.0,5.6,5.9
2023-05-12 11:40:00+00:00,19.1,64.0,5.7,5.9
2023-05-12 11:50:00+00:00,19.3,70.0,5.6,5.9
2023-05-12 12:00:00+00:00,19.5,65.0,5.6,5.8
2023-05-12 12:10:00+00:00,19.6,70.0,5.6,5.8
2023-05-12 12:20:00+00:00,19.7,69.0,5.7,5.7
2023-05-12 12:30:00+00:00,19.8,63.0,5.7,5.6
2023-05-12 12:40:00+00:00,19.7,63.0,5.7,5.3
2023-05-12 12:50:00+00:00,19.5,64.0,5.7,4.0
2023-05-12 13:00:00+00:00,19.4,65.0,5.7,4.0
2023-05-12 13:10:00+00:00,19.3,65.0,5.8,4.0
2023-05-12 13:20:00+00:00,19.1,65.0,5.8,4.0
2023-05-12 13:30:00+00:00,19.0,65.0,5.8,4.0
2023-05-12 13:40:00+00:00,18.9,65.0,5.9,4.0
2023-05-12 13:50:00+00:00,18.8,65.0,5.9,4.0
2023-05-12 14:00:00+00:00,18.6,65.0,5.9,4.0
2023-05-12 14:10:00+00:00,18.5,65.0,5.9,4.0
2023-05-12 14:20:00+00:00,18.4,65.0,5.9,4.0
2023-05-12 14:30:00+00:00,18.3,65.0,6.0,4.0
2023-05-12 14:40:00+00:00,18.1,65.0,6.0,4.0
2023-05-12 14:50:00+00:00,18.0,65.0,6.0,4.0
2023-05-12 15:00:00+00:00,17.9,65.0,6.0,4.0
2023-05-12 15:10:00+00:00,17.8,65.0,6.0,4.0
2023-05-12 15:20:00+00:00,17.6,65.0,6.0,4.0
2023-05-12 15:30:00+00:00,17.6,65.0,6.0,4.0
2023-05-12 15:40:00+00:00,17.5,65.0,6.1,4.0
2023-05-12 15:50:00+00:00,17.3,65.0,6.1,4.0
2023-05-12 16:00:00+00:00,17.2,65.0,6.1,4.0
2023-05-12 16:10:00+00:00,17.1,65.0,6.1,4.0
2023-05-12 16:20:00+00:00,17.0,65.0,6.1,4.0
2023-05-12 16:30:00+00:00,17.0,65.0,6.1,4.0
2023-05-12 16:40:00+00:00,16.8,65.0,6.1,4.0
2023-05-12 16:50:00+00:00,16.8,65.0,6.1,4.0
2023-05-12 17:00:00+00:00,16.6,65.0,6.2,4.0
2023-05-12 17:10:00+00:00,16.6,65.0,6.2,4.0
2023-05-12 17:20:00+00:00,16.5,65.0,6.2,4.0
2023-05-12 17:30:00+00:00,16.4,65.0,6.2,4.0
2023-05-12 17:40:00+00:00,16.3,65.0,6.2,4.0
2023-05-12 17:50:00+00:00,16.3,65.0,6.2,4.0
2023-05-12 18:00:00+00:00,16.2,65.0,6.2,4.0
2023-05-12 18:10:00+00:00,16.1,65.0,6.2,4.0
2023-05-12 18:20:00+00:00,16.0,65.0,6.2,4.0
2023-05-12 18:30:00+00:00,16.0,65.0,6.2,3.8
2023-05-12 18:40:00+00:00,15.9,65.0,6.3,3.5
2023-05-12 18:50:00+00:00,15.8,65.0,6.3,2.8
2023-05-12 19:00:00+00:00,15.7,65.0,6.3,2.0
2023-05-12 19:10:00+00:00,15.6,66.0,6.3,1.2
2023-05-12 19:20:00+00:00,15.5,65.0,6.3,0.8
2023-05-12 19:30:00+00:00,15.5,66.0,6.3,0.7
2023-05-12 19:40:00+00:00,15.4,66.0,6.3,0.6
2023-05-12 19:50:00+00:00,15.3,66.0,6.3,0.7
2023-05-12 20:00:00+00:00,15.2,66.0,6.3,0.6
2023-05-12 20:10:00+00:00,15.1,66.0,6.4,0.6
2023-05-12 20:20:00+00:00,15.1,66.0,6.4,0.6
2023-05-12 20:30:00+00:00,15.0,66.0,6.4,0.6
2023-05-12 20:40:00+00:00,14.9,66.0,6.4,0.6
2023-05-12 20:50:00+00:00,14.8,66.0,6.4,0.6
2023-05-12 21:00:00+00:00,14.8,66.0,6.4,0.6
2023-05-12 21:10:00+00:00,14.7,66.0,6.4,0.6
2023-05-12 21:20:00+00:00,14.6,66.0,6.4,0.6
2023-05-12 21:30:00+00:00,14.6,66.0,6.4,0.6
2023-05-12 21:40:00+00:00,14.5,66.0,6.4,0.7
2023-05-12 21:50:00+00:00,14.5,66.0,6.4,0.6
2023-05-12 22:00:00+00:00,14.4,66.0,6.4,0.6
2023-05-12 22:10:00+00:00,14.3,66.0,6.4,0.6
2023-05-12 22:20:00+00:00,14.2,66.0,6.4,0.6
2023-05-12 22:30:00+00:00,14.1,66.0,6.4,0.6
2023-05-12 22:40:00+00:00,14.1,66.0,6.4,0.6
2023-05-12 22:50:00+00:00,14.0,72.0,6.4,0.7
2023-05-12 23:00:00+00:00,14.0,66.0,6.4,0.6
2023-05-12 23:10:00+00:00,13.9,67.0,6.4,0.6
2023-05-12 23:20:00+00:00,13.8,66.0,6.4,0.6
2023-05-12 23:30:00+00:00,13.8,67.0,6.4,0.6
2023-05-12 23:40:00+00:00,13.8,66.0,6.5,0.6
2023-05-12 23:50:00+00:00,13.7,66.0,6.4,0.6
2023-05-13 00:00:00+00:00,13.6,66.0,6.4,0.6
2023-05-13 00:10:00+00:00,13.6,67.0,6.4,0.6
2023-05-13 00:20:00+00:00,13.5,66.0,6.4,0.6
2023-05-13 00:30:00+00:00,13.5,66.0,6.5,0.6
2023-05-13 00:40:00+00:00,13.4,66.0,6.4,0.6
2023-05-13 00:50:00+00:00,13.4,68.0,6.4,0.6
2023-05-13 01:00:00+00:00,13.3,67.0,6.5,0.6
2023-05-13 01:10:00+00:00,13.3,67.0,6.5,0.6
2023-05-13 01:20:00+00:00,13.2,69.0,6.5,0.7
2023-05-13 01:30:00+00:00,13.2,72.0,6.5,0.7
2023-05-13 01:40:00+00:00,13.1,67.0,6.4,0.7
2023-05-13 01:50:00+00:00,13.1,67.0,6.4,0.8
2023-05-13 02:00:00+00:00,13.0,67.0,6.4,1.2
2023-05-13 02:10:00+00:00,13.0,70.0,6.5,2.0
2023-05-13 02:20:00+00:00,13.0,70.0,6.5,2.9
2023-05-13 02:30:00+00:00,12.9,69.0,6.5,3.4
2023-05-13 02:40:00+00:00,12.8,71.0,6.5,3.5
2023-05-13 02:50:00+00:00,12.8,71.0,6.5,4.0
2023-05-13 03:00:00+00:00,12.8,71.0,6.5,4.0
2023-05-13 03:10:00+00:00,12.7,72.0,6.5,4.0
2023-05-13 03:20:00+00:00,12.7,76.0,6.5,4.0
2023-05-13 03:30:00+00:00,12.7,76.0,6.4,4.0
2023-05-13 03:40:00+00:00,12.6,71.0,6.5,4.0
2023-05-13 03:50:00+00:00,12.6,72.0,6.5,4.1
2023-05-13 04:00:00+00:00,12.6,72.0,6.4,4.0
2023-05-13 04:10:00+00:00,12.6,72.0,6.4,4.0
2023-05-13 04:20:00+00:00,12.6,72.0,6.4,4.0
2023-05-13 04:30:00+00:00,12.6,72.0,6.4,4.0
2023-05-13 04:40:00+00:00,12.6,72.0,6.4,4.0
2023-05-13 04:50:00+00:00,12.6,71.0,6.4,4.0
2023-05-13 05:00:00+00:00,12.7,71.0,6.4,4.0
2023-05-13 05:10:00+00:00,12.7,71.0,6.4,4.0
2023-05-13 05:20:00+00:00,12.8,71.0,6.4,4.1
2023-05-13 05:30:00+00:00,12.8,71.0,6.4,4.0
2023-05-13 05:40:00+00:00,13.0,70.0,6.4,4.1
2023-05-13 05:50:00+00:00,13.1,70.0,6.4,4.1
2023-05-13 06:00:00+00:00,13.2,70.0,6.4,4.0
2023-05-13 06:10:00+00:00,13.4,69.0,6.4,4.1
2023-05-13 06:20:00+00:00,13.6,68.0,6.3,4.0
2023-05-13 06:30:00+00:00,13.8,69.0,6.3,4.1
2023-05-13 06:40:00+00:00,14.0,71.0,6.3,5.4
2023-05-13 06:50:00+00:00,14.2,67.0,6.3,5.6
2023-05-13 07:00:00+00:00,14.5,67.0,6.2,5.7
2023-05-13 07:10:00+00:00,14.7,67.0,6.1,5.8
2023-05-13 07:20:00+00:00,15.0,67.0,6.1,5.8
2023-05-13 07:30:00+00:00,15.25,68.5,6.0,5.8
2023-05-13 07:40:00+00:00,15.5,70.0,5.9,5.8
2023-05-13 07:50:00+00:00,15.7,73.0,5.9,5.8
2023-05-13 08:00:00+00:00,16.0,68.0,5.8,5.8
2023-05-13 08:10:00+00:00,16.2,68.0,5.8,5.8
2023-05-13 08:20:00+00:00,16.5,68.0,5.8,5.8
2023-05-13 08:30:00+00:00,16.8,71.0,5.8,5.8
2023-05-13 08:40:00+00:00,17.0,69.0,5.8,5.8
2023-05-13 08:50:00+00:00,17.3,70.0,5.7,5.8
2023-05-13 09:00:00+00:00,17.5,69.0,5.7,5.8
2023-05-13 09:10:00+00:00,17.8,67.0,5.7,5.8
2023-05-13 09:20:00+00:00,17.9,67.0,5.7,5.8
2023-05-13 09:30:00+00:00,18.1,67.0,5.7,5.8
2023-05-13 09:40:00+00:00,18.1,78.0,6.0,5.8
2023-05-13 09:50:00+00:00,18.2,77.0,5.9,5.8
2023-05-13 10:00:00+00:00,18.5,76.0,5.9,5.9
2023-05-13 10:10:00+00:00,18.6,76.0,5.9,5.8
2023-05-13 10:20:00+00:00,18.9,76.0,5.9,5.8
2023-05-13 10:30:00+00:00,19.1,75.0,5.9,5.8
2023-05-13 10:40:00+00:00,19.3,75.0,5.9,5.8
2023-05-13 10:50:00+00:00,19.4,75.0,5.9,5.9
2023-05-13 11:00:00+00:00,19.6,75.0,5.9,5.8
2023-05-13 11:10:00+00:00,19.8,75.0,5.9,5.9
2023-05-13 11:20:00+00:00,20.0,75.0,5.9,5.8
2023-05-13 11:30:00+00:00,20.1,75.0,5.9,5.9
2023-05-13 11:40:00+00:00,20.3,75.0,5.9,5.8
2023-05-13 11:50:00+00:00,20.4,74.0,5.9,5.8
2023-05-13 12:00:00+00:00,20.5,75.0,5.9,5.8
2023-05-13 12:10:00+00:00,20.6,75.0,5.9,5.8
2023-05-13 12:20:00+00:00,20.6,75.0,5.9,5.7
2023-05-13 12:30:00+00:00,20.6,75.0,5.9,4.0
2023-05-13 12:40:00+00:00,20.5,75.0,6.0,5.4
2023-05-13 12:50:00+00:00,20.3,75.0,6.0,5.2
2023-05-13 13:00:00+00:00,20.2,80.0,6.0,4.0
2023-05-13 13:10:00+00:00,20.1,82.0,6.0,4.0
2023-05-13 13:20:00+00:00,20.0,79.0,6.1,4.0
2023-05-13 13:30:00+00:00,19.8,80.0,6.1,4.0
2023-05-13 13:40:00+00:00,19.8,79.0,6.1,4.0
2023-05-13 13:50:00+00:00,19.6,78.0,6.1,4.0
2023-05-13 14:00:00+00:00,19.5,79.0,6.2,4.0
2023-05-13 14:10:00+00:00,19.4,78.0,6.2,4.0
2023-05-13 14:20:00+00:00,19.3,76.0,6.2,4.0
2023-05-13 14:30:00+00:00,19.1,77.0,6.2,4.0
2023-05-13 14:40:00+00:00,19.0,77.0,6.2,4.0
2023-05-13 14:50:00+00:00,18.9,76.0,6.3,4.0
2023-05-13 15:00:00+00:00,18.8,76.0,6.3,4.0
2023-05-13 15:10:00+00:00,18.6,76.0,6.3,4.0
2023-05-13 15:20:00+00:00,18.6,76.0,6.3,4.0
2023-05-13 15:30:00+00:00,18.5,76.0,6.3,4.0
2023-05-13 15:40:00+00:00,18.3,75.0,6.3,4.0
2023-05-13 15:50:00+00:00,18.2,76.0,6.4,4.0
2023-05-13 16:00:00+00:00,18.1,75.0,6.4,4.0
2023-05-13 16:10:00+00:00,18.0,75.0,6.4,4.0
2023-05-13 16:20:00+00:00,18.0,75.0,6.4,4.0
2023-05-13 16:30:00+00:00,17.8,75.0,6.4,4.0
2023-05-13 16:40:00+00:00,17.8,75.0,6.4,4.0
2023-05-13 16:50:00+00:00,17.6,76.0,6.4,4.0
2023-05-13 17:00:00+00:00,17.5,76.0,6.4,4.0
2023-05-13 17:10:00+00:00,17.5,76.0,6.4,4.0
2023-05-13 17:20:00+00:00,17.4,75.0,6.5,4.0
2023-05-13 17:30:00+00:00,17.3,76.0,6.5,4.0
2023-05-13 17:40:00+00:00,17.2,76.0,6.5,4.0
2023-05-13 17:50:00+00:00,17.1,78.0,6.5,4.0
2023-05-13 18:00:00+00:00,17.0,78.0,6.5,4.0
2023-05-13 18:10:00+00:00,16.9,78.0,6.5,4.0
2023-05-13 18:20:00+00:00,16.8,77.0,6.5,4.0
2023-05-13 18:30:00+00:00,16.8,75.0,6.5,3.7
2023-05-13 18:40:00+00:00,16.7,75.0,6.6,2.8
2023-05-13 18:50:00+00:00,16.65,75.0,6.6,2.2
2023-05-13 19:00:00+00:00,16.6,75.0,6.6,1.6
2023-05-13 19:10:00+00:00,16.5,75.0,6.6,1.0
2023-05-13 19:20:00+00:00,16.5,75.0,6.6,0.6
2023-05-13 19:30:00+00:00,16.4,75.0,6.6,0.7
2023-05-13 19:40:00+00:00,16.3,75.0,6.6,0.6
2023-05-13 19:50:00+00:00,16.3,75.0,6.6,0.4
2023-05-13 20:00:00+00:00,16.1,75.0,6.6,0.6
2023-05-13 20:10:00+00:00,16.1,75.0,6.6,0.6
2023-05-13 20:20:00+00:00,16.0,75.0,6.6,0.6
2023-05-13 20:30:00+00:00,16.0,75.0,6.6,0.6
2023-05-13 20:40:00+00:00,15.9,75.0,6.6,0.6
2023-05-13 20:50:00+00:00,15.8,75.0,6.6,0.6
2023-05-13 21:00:00+00:00,15.8,75.0,6.6,0.6
2023-05-13 21:10:00+00:00,15.7,75.0,6.6,0.6
2023-05-13 21:20:00+00:00,15.6,75.0,6.6,0.6
2023-05-13 21:30:00+00:00,15.6,75.0,6.6,0.6
2023-05-13 21:40:00+00:00,15.5,75.0,6.6,0.6
2023-05-13 21:50:00+00:00,15.5,75.0,6.6,0.6
2023-05-13 22:00:00+00:00,15.4,75.0,6.6,0.6
2023-05-13 22:10:00+00:00,15.3,75.0,6.6,0.6
2023-05-13 22:20:00+00:00,15.3,75.0,6.6,0.6
2023-05-13 22:30:00+00:00,15.3,75.0,6.6,0.4
2023-05-13 22:40:00+00:00,15.1,75.0,6.6,0.6
2023-05-13 22:50:00+00:00,15.1,75.0,6.6,0.6
2023-05-13 23:00:00+00:00,15.1,75.0,6.6,0.6
2023-05-13 23:10:00+00:00,15.0,75.0,6.6,0.6
2023-05-13 23:20:00+00:00,14.9,75.0,6.6,0.6
2023-05-13 23:30:00+00:00,14.9,75.0,6.6,0.5
2023-05-13 23:40:00+00:00,14.8,75.0,6.6,0.6
2023-05-13 23:50:00+00:00,14.8,75.0,6.5,0.6
2023-05-14 00:00:00+00:00,14.7,75.0,6.6,0.6
2023-05-14 00:10:00+00:00,14.6,75.0,6.5,0.6
2023-05-14 00:20:00+00:00,14.6,75.0,6.5,0.5
2023-05-14 00:30:00+00:00,14.5,75.0,6.5,0.6
2023-05-14 00:40:00+00:00,14.5,75.0,6.5,0.6
2023-05-14 00:50:00+00:00,14.4,75.0,6.5,0.6
2023-05-14 01:00:00+00:00,14.4,76.0,6.5,0.6
2023-05-14 01:10:00+00:00,14.3,76.0,6.5,0.6
2023-05-14 01:20:00+00:00,14.3,75.0,6.5,0.6
2023-05-14 01:30:00+00:00,14.2,75.0,6.5,0.6
2023-05-14 01:40:00+00:00,14.1,75.0,6.5,0.5
2023-05-14 01:50:00+00:00,14.1,75.0,6.5,0.7
2023-05-14 02:00:00+00:00,14.1,75.0,6.5,1.3
2023-05-14 02:10:00+00:00,14.0,75.0,6.5,2.0
2023-05-14 02:20:00+00:00,14.0,75.0,6.5,2.8
2023-05-14 02:30:00+00:00,14.0,75.0,6.5,3.4
2023-05-14 02:40:00+00:00,13.9,75.0,6.5,3.5
2023-05-14 02:50:00+00:00,13.8,75.0,6.5,3.8
2023-05-14 03:00:00+00:00,13.8,75.0,6.5,4.0
2023-05-14 03:10:00+00:00,13.8,75.0,6.5,4.0
2023-05-14 03:20:00+00:00,13.8,76.0,6.5,4.0
2023-05-14 03:30:00+00:00,13.7,76.0,6.5,4.0
2023-05-14 03:40:00+00:00,13.7,76.0,6.5,4.0
2023-05-14 03:50:00+00:00,13.7,76.0,6.5,4.0
2023-05-14 04:00:00+00:00,13.7,75.0,6.5,4.0
2023-05-14 04:10:00+00:00,13.6,76.0,6.5,4.0
2023-05-14 04:20:00+00:00,13.6,75.0,6.5,4.0
2023-05-14 04:30:00+00:00,13.6,75.0,6.4,4.0
2023-05-14 04:40:00+00:00,13.6,75.0,6.4,4.0
2023-05-14 04:50:00+00:00,13.6,75.0,6.4,4.0
2023-05-14 05:00:00+00:00,13.7,75.0,6.4,4.0
2023-05-14 05:10:00+00:00,13.8,75.0,6.4,4.0
2023-05-14 05:20:00+00:00,13.8,74.0,6.4,4.1
2023-05-14 05:30:00+00:00,13.9,75.0,6.4,4.1
2023-05-14 05:40:00+00:00,14.0,74.0,6.4,4.1
2023-05-14 05:50:00+00:00,14.1,74.0,6.4,4.1
2023-05-14 06:00:00+00:00,14.3,73.0,6.4,4.1
2023-05-14 06:10:00+00:00,14.5,73.0,6.4,4.1
2023-05-14 06:20:00+00:00,14.6,73.0,6.4,4.1
2023-05-14 06:30:00+00:00,14.9,72.0,6.3,4.1
2023-05-14 06:40:00+00:00,15.1,72.0,6.3,5.3
2023-05-14 06:50:00+00:00,15.3,72.0,6.3,5.6
2023-05-14 07:00:00+00:00,15.5,72.0,6.2,5.7
2023-05-14 07:10:00+00:00,15.8,75.0,6.1,5.7
2023-05-14 07:20:00+00:00,16.0,72.0,6.1,5.7
2023-05-14 07:30:00+00:00,16.3,71.0,6.0,5.7
2023-05-14 07:40:00+00:00,16.5,72.0,6.0,5.8
2023-05-14 07:50:00+00:00,16.8,71.0,5.9,5.8
2023-05-14 08:00:00+00:00,17.0,71.0,5.9,5.8
2023-05-14 08:10:00+00:00,17.2,71.0,5.9,5.8
2023-05-14 08:20:00+00:00,17.5,71.0,5.9,5.8
2023-05-14 08:30:00+00:00,17.6,71.0,5.8,5.8
2023-05-14 08:40:00+00:00,17.9,71.0,5.8,5.8
2023-05-14 08:50:00+00:00,18.1,71.0,5.8,5.8
2023-05-14 09:00:00+00:00,18.3,70.0,5.8,5.8
2023-05-14 09:10:00+00:00,18.4,71.0,5.8,5.9
2023-05-14 09:20:00+00:00,18.6,75.0,5.7,5.9
2023-05-14 09:30:00+00:00,18.6,71.0,5.7,5.9
2023-05-14 09:40:00+00:00,18.8,71.0,5.7,5.9
2023-05-14 09:50:00+00:00,19.1,72.0,5.7,5.9
2023-05-14 10:00:00+00:00,19.2,75.0,5.7,5.9
2023-05-14 10:10:00+00:00,19.4,75.0,5.7,5.9
2023-05-14 10:20:00+00:00,19.6,71.0,5.7,5.9
2023-05-14 10:30:00+00:00,19.8,71.0,5.7,5.9
2023-05-14 10:40:00+00:00,20.0,71.0,5.7,5.9
2023-05-14 10:50:00+00:00,20.1,71.0,5.7,5.8
2023-05-14 11:00:00+00:00,20.3,71.0,5.7,5.8
2023-05-14 11:10:00+00:00,20.5,72.0,5.7,5.8
2023-05-14 11:20:00+00:00,20.6,73.0,5.7,5.8
2023-05-14 11:30:00+00:00,20.8,73.0,5.7,5.8
2023-05-14 11:40:00+00:00,21.0,72.0,5.7,5.2
2023-05-14 11:50:00+00:00,20.9,72.0,5.7,4.7
2023-05-14 12:00:00+00:00,20.8,73.0,5.8,5.7
2023-05-14 12:10:00+00:00,20.8,73.0,5.8,5.7
2023-05-14 12:20:00+00:00,21.0,75.0,5.8,5.7
2023-05-14 12:30:00+00:00,21.0,73.0,5.9,4.0
2023-05-14 12:40:00+00:00,20.8,73.0,5.9,5.2
2023-05-14 12:50:00+00:00,20.7,74.0,5.9,4.0
2023-05-14 13:00:00+00:00,20.6,74.0,6.0,4.0
2023-05-14 13:10:00+00:00,20.5,75.0,6.0,4.0
2023-05-14 13:20:00+00:00,20.3,75.0,6.1,4.0
2023-05-14 13:30:00+00:00,20.2,75.0,6.1,4.0
2023-05-14 13:40:00+00:00,20.1,75.0,6.1,4.0
2023-05-14 13:50:00+00:00,20.0,75.0,6.1,4.0
2023-05-14 14:00:00+00:00,19.9,75.0,6.2,4.0
2023-05-14 14:10:00+00:00,19.8,75.0,6.2,4.0
2023-05-14 14:20:00+00:00,19.6,75.0,6.2,4.0
2023-05-14 14:30:00+00:00,19.5,75.0,6.2,4.0
2023-05-14 14:40:00+00:00,19.5,75.0,6.3,4.0
2023-05-14 14:50:00+00:00,19.3,75.0,6.3,4.0
2023-05-14 15:00:00+00:00,19.2,75.0,6.3,4.0
2023-05-14 15:10:00+00:00,19.1,75.0,6.3,4.0
2023-05-14 15:20:00+00:00,19.0,75.0,6.3,4.0
2023-05-14 15:30:00+00:00,18.9,75.0,6.4,4.0
2023-05-14 15:40:00+00:00,18.8,75.0,6.4,4.0
2023-05-14 15:50:00+00:00,18.8,75.0,6.4,4.0
2023-05-14 16:00:00+00:00,18.6,75.0,6.4,4.0
2023-05-14 16:10:00+00:00,18.6,75.0,6.4,4.0
2023-05-14 16:20:00+00:00,18.5,75.0,6.4,4.0
2023-05-14 16:30:00+00:00,18.5,75.0,6.4,4.0
2023-05-14 16:40:00+00:00,18.4,75.0,6.4,4.0
2023-05-14 16:50:00+00:00,18.3,75.0,6.4,4.0
2023-05-14 17:00:00+00:00,18.2,75.0,6.5,4.0
2023-05-14 17:10:00+00:00,18.1,75.0,6.5,4.0
2023-05-14 17:20:00+00:00,18.1,75.0,6.5,4.0
2023-05-14 17:30:00+00:00,18.0,75.0,6.5,4.0
2023-05-14 17:40:00+00:00,18.0,75.0,6.5,4.0
2023-05-14 17:50:00+00:00,17.9,75.0,6.5,4.0
2023-05-14 18:00:00+00:00,17.8,75.0,6.5,4.0
2023-05-14 18:10:00+00:00,17.8,75.0,6.5,4.0
2023-05-14 18:20:00+00:00,17.6,75.0,6.5,3.8
2023-05-14 18:30:00+00:00,17.6,75.0,6.5,3.6
2023-05-14 18:40:00+00:00,17.5,75.0,6.6,2.8
2023-05-14 18:50:00+00:00,17.5,75.0,6.6,2.2
2023-05-14 19:00:00+00:00,17.4,75.0,6.6,1.5
2023-05-14 19:10:00+00:00,17.3,75.0,6.6,0.9
2023-05-14 19:20:00+00:00,17.2,75.0,6.6,0.7
2023-05-14 19:30:00+00:00,17.1,75.0,6.6,0.6
2023-05-14 19:40:00+00:00,17.1,75.0,6.6,0.6
2023-05-14 19:50:00+00:00,17.0,75.0,6.6,0.6
2023-05-14 20:00:00+00:00,17.0,75.0,6.6,0.5
2023-05-14 20:10:00+00:00,16.9,75.0,6.6,0.6
2023-05-14 20:20:00+00:00,16.8,75.0,6.6,0.6
2023-05-14 20:30:00+00:00,16.8,75.0,6.6,0.6
2023-05-14 20:40:00+00:00,16.7,75.0,6.7,0.6
2023-05-14 20:50:00+00:00,16.6,75.0,6.6,0.6
2023-05-14 21:00:00+00:00,16.6,75.0,6.6,0.6
2023-05-14 21:10:00+00:00,16.5,75.0,6.6,0.6
2023-05-14 21:20:00+00:00,16.5,75.0,6.6,0.5
2023-05-14 21:30:00+00:00,16.4,75.0,6.6,0.6
2023-05-14 21:40:00+00:00,16.4,75.0,6.6,0.4
2023-05-14 21:50:00+00:00,16.3,75.0,6.6,0.6
2023-05-14 22:00:00+00:00,16.3,75.0,6.6,0.6
2023-05-14 22:10:00+00:00,16.2,75.0,6.7,0.6
2023-05-14 22:20:00+00:00,16.1,75.0,6.6,0.6
2023-05-14 22:30:00+00:00,16.1,75.0,6.6,0.6
2023-05-14 22:40:00+00:00,16.0,75.0,6.6,0.6
2023-05-14 22:50:00+00:00,16.0,75.0,6.6,0.6
2023-05-14 23:00:00+00:00,16.0,75.0,6.6,0.6
2023-05-14 23:10:00+00:00,15.9,75.0,6.6,0.5
2023-05-14 23:20:00+00:00,15.8,75.0,6.6,0.6
2023-05-14 23:30:00+00:00,15.8,75.0,6.6,0.6
2023-05-14 23:40:00+00:00,15.8,75.0,6.6,0.6
2023-05-14 23:50:00+00:00,15.7,75.0,6.6,0.6
2023-05-15 00:00:00+00:00,15.6,75.0,6.6,0.6
2023-05-15 00:10:00+00:00,15.6,75.0,6.6,0.6
2023-05-15 00:20:00+00:00,15.6,75.0,6.6,0.6
2023-05-15 00:30:00+00:00,15.5,75.0,6.6,0.6
2023-05-15 00:40:00+00:00,15.5,75.0,6.6,0.6
2023-05-15 00:50:00+00:00,15.4,75.0,6.6,0.6
2023-05-15 01:00:00+00:00,15.4,75.0,6.6,0.6
2023-05-15 01:10:00+00:00,15.3,75.0,6.6,0.5
2023-05-15 01:20:00+00:00,15.3,75.0,6.6,0.6
2023-05-15 01:30:00+00:00,15.3,75.0,6.6,0.6
2023-05-15 01:40:00+00:00,15.2,75.0,6.6,0.7
2023-05-15 01:50:00+00:00,15.1,75.0,6.6,0.6
2023-05-15 02:00:00+00:00,15.1,75.0,6.6,1.1
2023-05-15 02:10:00+00:00,15.1,75.0,6.6,1.6
2023-05-15 02:20:00+00:00,15.0,75.0,6.6,2.3
2023-05-15 02:30:00+00:00,15.0,75.0,6.6,3.5
2023-05-15 02:40:00+00:00,15.0,75.0,6.6,3.4
2023-05-15 02:50:00+00:00,14.9,75.0,6.6,3.5
2023-05-15 03:00:00+00:00,14.9,75.0,6.6,3.5
2023-05-15 03:10:00+00:00,14.8,75.0,6.6,3.8
2023-05-15 03:20:00+00:00,14.8,75.0,6.6,4.0
2023-05-15 03:30:00+00:00,14.8,75.0,6.5,4.0
2023-05-15 03:40:00+00:00,14.8,75.0,6.5,4.0
2023-05-15 03:50:00+00:00,14.8,75.0,6.5,4.0
2023-05-15 04:00:00+00:00,14.7,75.0,6.5,4.0
2023-05-15 04:10:00+00:00,14.7,75.0,6.5,4.0
2023-05-15 04:20:00+00:00,14.7,75.0,6.5,4.0
2023-05-15 04:30:00+00:00,14.6,75.0,6.5,4.0
2023-05-15 04:40:00+00:00,14.6,75.0,6.5,4.0
2023-05-15 04:50:00+00:00,14.6,75.0,6.5,4.0
2023-05-15 05:00:00+00:00,14.6,75.0,6.5,4.0
2023-05-15 05:10:00+00:00,14.6,76.0,6.5,4.0
2023-05-15 05:20:00+00:00,14.6,75.0,6.5,4.0
2023-05-15 05:30:00+00:00,14.7,75.0,6.5,4.0
2023-05-15 05:40:00+00:00,14.7,75.0,6.4,4.0
2023-05-15 05:50:00+00:00,14.7,75.0,6.4,4.0
2023-05-15 06:00:00+00:00,14.7,75.0,6.4,4.0
2023-05-15 06:10:00+00:00,14.7,75.0,6.5,4.0
2023-05-15 06:20:00+00:00,14.7,75.0,6.4,4.0
2023-05-15 06:30:00+00:00,14.7,75.0,6.4,4.0
2023-05-15 06:40:00+00:00,14.7,75.0,6.4,4.0
2023-05-15 06:50:00+00:00,14.8,75.0,6.4,4.0
2023-05-15 07:00:00+00:00,14.8,75.0,6.4,4.0
2023-05-15 07:10:00+00:00,14.8,75.0,6.4,4.0
2023-05-15 07:20:00+00:00,14.8,74.0,6.4,4.0
2023-05-15 07:30:00+00:00,14.8,75.0,6.4,4.0
2023-05-15 07:40:00+00:00,14.8,74.0,6.4,4.0
2023-05-15 07:50:00+00:00,14.8,75.0,6.4,4.0
2023-05-15 08:00:00+00:00,14.9,74.0,6.4,4.0
2023-05-15 08:10:00+00:00,14.9,74.0,6.4,4.0
2023-05-15 08:20:00+00:00,15.0,74.0,6.4,4.0
2023-05-15 08:30:00+00:00,15.0,74.0,6.4,4.0
2023-05-15 08:40:00+00:00,15.0,74.0,6.4,4.0
2023-05-15 08:50:00+00:00,15.0,74.0,6.4,4.0
2023-05-15 09:00:00+00:00,15.1,74.0,6.4,4.0
2023-05-15 09:10:00+00:00,15.1,74.0,6.3,4.0
2023-05-15 09:20:00+00:00,15.2,74.0,6.4,4.0
2023-05-15 09:30:00+00:00,15.2,74.0,6.3,4.0
2023-05-15 09:40:00+00:00,15.2,74.0,6.3,4.0
2023-05-15 09:50:00+00:00,15.3,74.0,6.3,4.0
2023-05-15 10:00:00+00:00,15.3,74.0,6.3,4.0
2023-05-15 10:10:00+00:00,15.3,74.0,6.4,4.0
2023-05-15 10:20:00+00:00,15.3,74.0,6.3,4.0
2023-05-15 10:30:00+00:00,15.3,74.0,6.3,4.0
2023-05-15 10:40:00+00:00,15.3,74.0,6.4,4.0
2023-05-15 10:50:00+00:00,15.3,74.0,6.4,4.0
2023-05-15 11:00:00+00:00,15.3,74.0,6.4,4.0
2023-05-15 11:10:00+00:00,15.3,79.0,6.4,4.0
2023-05-15 11:20:00+00:00,15.3,74.0,6.4,4.0
2023-05-15 11:30:00+00:00,15.3,74.0,6.4,4.0
2023-05-15 11:40:00+00:00,15.3,74.0,6.4,4.0
2023-05-15 11:50:00+00:00,15.3,75.0,6.4,4.0
2023-05-15 12:00:00+00:00,15.3,75.0,6.4,4.0
2023-05-15 12:10:00+00:00,15.283018867924529,75.08490566037736,6.403773584905661,4.0
2023-05-15 12:20:00+00:00,15.266037735849057,75.16981132075472,6.407547169811321,4.0
2023-05-15 12:30:00+00:00,15.249056603773585,75.25471698113208,6.411320754716981,4.0
2023-05-15 12:40:00+00:00,15.232075471698113,75.33962264150944,6.415094339622642,4.0
2023-05-15 12:50:00+00:00,15.215094339622642,75.4245283018868,6.4188679245283025,4.0
2023-05-15 13:00:00+00:00,15.19811320754717,75.50943396226415,6.422641509433962,4.0
2023-05-15 13:10:00+00:00,15.181132075471698,75.59433962264151,6.426415094339623,4.0
2023-05-15 13:20:00+00:00,15.164150943396226,75.67924528301887,6.430188679245283,4.0
2023-05-15 13:30:00+00:00,15.147169811320756,75.76415094339623,6.433962264150944,4.0
2023-05-15 13:40:00+00:00,15.130188679245284,75.84905660377359,6.437735849056604,4.0
2023-05-15 13:50:00+00:00,15.113207547169813,75.93396226415095,6.441509433962264,4.0
2023-05-15 14:00:00+00:00,15.09622641509434,76.01886792452831,6.445283018867925,4.0
2023-05-15 14:10:00+00:00,15.079245283018869,76.10377358490567,6.4490566037735855,4.0
2023-05-15 14:20:00+00:00,15.062264150943397,76.18867924528301,6.452830188679245,4.0
2023-05-15 14:30:00+00:00,15.045283018867925,76.27358490566037,6.456603773584906,4.0
2023-05-15 14:40:00+00:00,15.028301886792454,76.35849056603773,6.460377358490566,4.0
2023-05-15 14:50:00+00:00,15.011320754716982,76.44339622641509,6.464150943396227,4.0
2023-05-15 15:00:00+00:00,14.99433962264151,76.52830188679245,6.467924528301887,4.0
2023-05-15 15:10:00+00:00,14.977358490566038,76.61320754716981,6.471698113207547,4.0
2023-05-15 15:20:00+00:00,14.960377358490566,76.69811320754717,6.475471698113208,4.0
2023-05-15 15:30:00+00:00,14.943396226415095,76.78301886792453,6.4792452830188685,4.0
2023-05-15 15:40:00+00:00,14.926415094339623,76.86792452830188,6.483018867924528,4.0
2023-05-15 15:50:00+00:00,14.909433962264151,76.95283018867924,6.486792452830189,4.0
2023-05-15 16:00:00+00:00,14.89245283018868,77.0377358490566,6.490566037735849,4.0
2023-05-15 16:10:00+00:00,,,,
2023-05-15 16:20:00+00:00,,,,
2023-05-15 16:30:00+00:00,,,,
2023-05-15 16:40:00+00:00,,,,
2023-05-15 16:50:00+00:00,,,,
2023-05-15 17:00:00+00:00,,,,
2023-05-15 17:10:00+00:00,,,,
2023-05-15 17:20:00+00:00,,,,
2023-05-15 17:30:00+00:00,,,,
2023-05-15 17:40:00+00:00,,,,
2023-05-15 17:50:00+00:00,,,,
2023-05-15 18:00:00+00:00,,,,
2023-05-15 18:10:00+00:00,,,,
2023-05-15 18:20:00+00:00,,,,
2023-05-15 18:30:00+00:00,,,,
2023-05-15 18:40:00+00:00,,,,
2023-05-15 18:50:00+00:00,,,,
2023-05-15 19:00:00+00:00,,,,
2023-05-15 19:10:00+00:00,,,,
2023-05-15 19:20:00+00:00,,,,
2023-05-15 19:30:00+00:00,,,,
2023-05-15 19:40:00+00:00,,,,
2023-05-15 19:50:00+00:00,,,,
2023-05-15 20:00:00+00:00,,,,
2023-05-15 20:10:00+00:00,,,,
2023-05-15 20:20:00+00:00,,,,
2023-05-15 20:30:00+00:00,,,,
2023-05-15 20:40:00+00:00,,,,
2023-05-15 20:50:00+00:00,,,,
2023-05-15 21:00:00+00:00,,,,
2023-05-15 21:10:00+00:00,,,,
2023-05-15 21:20:00+00:00,,,,
2023-05-15 21:30:00+00:00,,,,
2023-05-15 21:40:00+00:00,,,,
2023-05-15 21:50:00+00:00,,,,
2023-05-15 22:00:00+00:00,,,,
2023-05-15 22:10:00+00:00,,,,
2023-05-15 22:20:00+00:00,,,,
2023-05-15 22:30:00+00:00,,,,
2023-05-15 22:40:00+00:00,,,,
2023-05-15 22:50:00+00:00,,,,
2023-05-15 23:00:00+00:00,,,,
2023-05-15 23:10:00+00:00,,,,
2023-05-15 23:20:00+00:00,,,,
2023-05-15 23:30:00+00:00,,,,
2023-05-15 23:40:00+00:00,,,,
2023-05-15 23:50:00+00:00,,,,
2023-05-16 00:00:00+00:00,,,,
2023-05-16 00:10:00+00:00,,,,
2023-05-16 00:20:00+00:00,,,,
2023-05-16 00:30:00+00:00,,,,
2023-05-16 00:40:00+00:00,,,,
2023-05-16 00:50:00+00:00,,,,
2023-05-16 01:00:00+00:00,,,,
2023-05-16 01:10:00+00:00,,,,
2023-05-16 01:20:00+00:00,,,,
2023-05-16 01:30:00+00:00,,,,
2023-05-16 01:40:00+00:00,,,,
2023-05-16 01:50:00+00:00,,,,
2023-05-16 02:00:00+00:00,,,,
2023-05-16 02:10:00+00:00,,,,
2023-05-16 02:20:00+00:00,,,,
2023-05-16 02:30:00+00:00,,,,
2023-05-16 02:40:00+00:00,,,,
2023-05-16 02:50:00+00:00,,,,
2023-05-16 03:00:00+00:00,,,,
2023-05-16 03:10:00+00:00,,,,
2023-05-16 03:20:00+00:00,,,,
2023-05-16 03:30:00+00:00,,,,
2023-05-16 03:40:00+00:00,,,,
2023-05-16 03:50:00+00:00,,,,
2023-05-16 04:00:00+00:00,,,,
2023-05-16 04:10:00+00:00,,,,
2023-05-16 04:20:00+00:00,,,,
2023-05-16 04:30:00+00:00,,,,
2023-05-16 04:40:00+00:00,,,,
2023-05-16 04:50:00+00:00,,,,
2023-05-16 05:00:00+00:00,,,,
2023-05-16 05:10:00+00:00,,,,
2023-05-16 05:20:00+00:00,,,,
2023-05-16 05:30:00+00:00,,,,
2023-05-16 05:40:00+00:00,13.5,84.0,6.8,4.0
2023-05-16 05:50:00+00:00,13.4875,83.96323529411765,6.800735294117647,4.0
2023-05-16 06:00:00+00:00,13.475,83.92647058823529,6.801470588235294,4.0
2023-05-16 06:10:00+00:00,13.4625,83.88970588235294,6.802205882352941,4.0
2023-05-16 06:20:00+00:00,13.45,83.8529411764706,6.802941176470588,4.0
2023-05-16 06:30:00+00:00,13.4375,83.81617647058823,6.803676470588235,4.0
2023-05-16 06:40:00+00:00,13.425,83.77941176470588,6.804411764705883,4.0
2023-05-16 06:50:00+00:00,13.4125,83.74264705882354,6.805147058823529,4.0
2023-05-16 07:00:00+00:00,13.4,83.70588235294117,6.805882352941176,4.0
2023-05-16 07:10:00+00:00,13.3875,83.66911764705883,6.8066176470588236,4.0
2023-05-16 07:20:00+00:00,13.375,83.63235294117646,6.807352941176471,4.0
2023-05-16 07:30:00+00:00,13.3625,83.59558823529412,6.808088235294117,4.0
2023-05-16 07:40:00+00:00,13.35,83.55882352941177,6.8088235294117645,4.0
2023-05-16 07:50:00+00:00,13.3375,83.5220588235294,6.809558823529412,4.0
2023-05-16 08:00:00+00:00,13.325,83.48529411764706,6.810294117647059,4.0
2023-05-16 08:10:00+00:00,13.3125,83.44852941176471,6.811029411764705,4.0
2023-05-16 08:20:00+00:00,13.3,83.41176470588235,6.811764705882353,4.0
2023-05-16 08:30:00+00:00,13.2875,83.375,6.8125,4.0
2023-05-16 08:40:00+00:00,13.275,83.33823529411765,6.813235294117647,4.0
2023-05-16 08:50:00+00:00,13.2625,83.30147058823529,6.813970588235294,4.0
2023-05-16 09:00:00+00:00,13.25,83.26470588235294,6.814705882352941,4.0
2023-05-16 09:10:00+00:00,13.2375,83.2279411764706,6.815441176470588,4.0
2023-05-16 09:20:00+00:00,13.225,83.19117647058823,6.8161764705882355,4.0
2023-05-16 09:30:00+00:00,13.2125,83.15441176470588,6.816911764705882,4.0
2023-05-16 09:40:00+00:00,13.2,83.11764705882354,6.817647058823529,4.0
2023-05-16 09:50:00+00:00,,,,
2023-05-16 10:00:00+00:00,,,,
2023-05-16 10:10:00+00:00,,,,
2023-05-16 10:20:00+00:00,,,,
2023-05-16 10:30:00+00:00,,,,
2023-05-16 10:40:00+00:00,,,,
2023-05-16 10:50:00+00:00,,,,
2023-05-16 11:00:00+00:00,,,,
2023-05-16 11:10:00+00:00,,,,
2023-05-16 11:20:00+00:00,,,,
2023-05-16 11:30:00+00:00,,,,
2023-05-16 11:40:00+00:00,,,,
2023-05-16 11:50:00+00:00,,,,
2023-05-16 12:00:00+00:00,,,,
2023-05-16 12:10:00+00:00,,,,
2023-05-16 12:20:00+00:00,,,,
2023-05-16 12:30:00+00:00,,,,
2023-05-16 12:40:00+00:00,,,,
2023-05-16 12:50:00+00:00,,,,
2023-05-16 13:00:00+00:00,,,,
2023-05-16 13:10:00+00:00,,,,
2023-05-16 13:20:00+00:00,,,,
2023-05-16 13:30:00+00:00,,,,
2023-05-16 13:40:00+00:00,,,,
2023-05-16 13:50:00+00:00,,,,
2023-05-16 14:00:00+00:00,,,,
2023-05-16 14:10:00+00:00,,,,
2023-05-16 14:20:00+00:00,,,,
2023-05-16 14:30:00+00:00,,,,
2023-05-16 14:40:00+00:00,,,,
2023-05-16 14:50:00+00:00,,,,
2023-05-16 15:00:00+00:00,,,,
2023-05-16 15:10:00+00:00,,,,
2023-05-16 15:20:00+00:00,,,,
2023-05-16 15:30:00+00:00,,,,
2023-05-16 15:40:00+00:00,,,,
2023-05-16 15:50:00+00:00,,,,
2023-05-16 16:00:00+00:00,,,,
2023-05-16 16:10:00+00:00,,,,
2023-05-16 16:20:00+00:00,,,,
2023-05-16 16:30:00+00:00,,,,
2023-05-16 16:40:00+00:00,,,,
2023-05-16 16:50:00+00:00,,,,
2023-05-16 17:00:00+00:00,,,,
2023-05-16 17:10:00+00:00,,,,
2023-05-16 17:20:00+00:00,,,,
2023-05-16 17:30:00+00:00,,,,
2023-05-16 17:40:00+00:00,,,,
2023-05-16 17:50:00+00:00,,,,
2023-05-16 18:00:00+00:00,,,,
2023-05-16 18:10:00+00:00,,,,
2023-05-16 18:20:00+00:00,,,,
2023-05-16 18:30:00+00:00,,,,
2023-05-16 18:40:00+00:00,,,,
2023-05-16 18:50:00+00:00,,,,
2023-05-16 19:00:00+00:00,,,,
2023-05-16 19:10:00+00:00,,,,
2023-05-16 19:20:00+00:00,,,,
2023-05-16 19:30:00+00:00,,,,
2023-05-16 19:40:00+00:00,,,,
2023-05-16 19:50:00+00:00,,,,
2023-05-16 20:00:00+00:00,,,,
2023-05-16 20:10:00+00:00,,,,
2023-05-16 20:20:00+00:00,,,,
2023-05-16 20:30:00+00:00,,,,
2023-05-16 20:40:00+00:00,,,,
2023-05-16 20:50:00+00:00,,,,
2023-05-16 21:00:00+00:00,,,,
2023-05-16 21:10:00+00:00,,,,
2023-05-16 21:20:00+00:00,,,,
2023-05-16 21:30:00+00:00,,,,
2023-05-16 21:40:00+00:00,,,,
2023-05-16 21:50:00+00:00,,,,
2023-05-16 22:00:00+00:00,,,,
2023-05-16 22:10:00+00:00,,,,
2023-05-16 22:20:00+00:00,,,,
2023-05-16 22:30:00+00:00,,,,
2023-05-16 22:40:00+00:00,,,,
2023-05-16 22:50:00+00:00,,,,
2023-05-16 23:00:00+00:00,,,,
2023-05-16 23:10:00+00:00,,,,
2023-05-16 23:20:00+00:00,,,,
2023-05-16 23:30:00+00:00,,,,
2023-05-16 23:40:00+00:00,,,,
2023-05-16 23:50:00+00:00,,,,
2023-05-17 00:00:00+00:00,,,,
2023-05-17 00:10:00+00:00,,,,
2023-05-17 00:20:00+00:00,,,,
2023-05-17 00:30:00+00:00,,,,
2023-05-17 00:40:00+00:00,,,,
2023-05-17 00:50:00+00:00,,,,
2023-05-17 01:00:00+00:00,,,,
2023-05-17 01:10:00+00:00,,,,
2023-05-17 01:20:00+00:00,,,,
2023-05-17 01:30:00+00:00,,,,
2023-05-17 01:40:00+00:00,,,,
2023-05-17 01:50:00+00:00,,,,
2023-05-17 02:00:00+00:00,,,,
2023-05-17 02:10:00+00:00,,,,
2023-05-17 02:20:00+00:00,,,,
2023-05-17 02:30:00+00:00,,,,
2023-05-17 02:40:00+00:00,,,,
2023-05-17 02:50:00+00:00,,,,
2023-05-17 03:00:00+00:00,,,,
2023-05-17 03:10:00+00:00,,,,
2023-05-17 03:20:00+00:00,,,,
2023-05-17 03:30:00+00:00,,,,
2023-05-17 03:40:00+00:00,,,,
2023-05-17 03:50:00+00:00,,,,
2023-05-17 04:00:00+00:00,,,,
2023-05-17 04:10:00+00:00,,,,
2023-05-17 04:20:00+00:00,11.8,79.0,6.9,4.0
2023-05-17 04:30:00+00:00,11.8,79.0,6.9,4.0
