time,value_temp,value_hum,value_acid,value_PV
2023-08-10 15:50:00+00:00,17.1,0.0,7.5,4.1
2023-08-10 16:00:00+00:00,16.9,6.0,7.3,4.6
2023-08-10 16:10:00+00:00,16.1,6.0,7.3,5.2
2023-08-10 16:20:00+00:00,15.8,7.0,7.2,5.3
2023-08-10 16:30:00+00:00,15.8,6.0,7.3,4.9
2023-08-10 16:40:00+00:00,15.5,6.0,7.2,4.7
2023-08-10 16:50:00+00:00,14.8,6.0,7.2,4.1
2023-08-10 17:00:00+00:00,14.6,6.0,7.2,4.7
2023-08-10 17:10:00+00:00,14.6,6.0,7.1,4.4
2023-08-10 17:20:00+00:00,14.45,6.5,7.05,4.300000000000001
2023-08-10 17:30:00+00:00,14.3,7.0,7.0,4.2
2023-08-10 17:40:00+00:00,14.100000000000001,6.5,6.95,4.15
2023-08-10 17:50:00+00:00,13.9,6.0,6.9,4.1
2023-08-10 18:00:00+00:00,13.8,7.0,6.9,4.2
2023-08-10 18:10:00+00:00,13.5,6.0,6.7,4.1
2023-08-10 18:20:00+00:00,13.2,7.0,6.7,3.9
2023-08-10 18:30:00+00:00,13.2,6.0,6.5,3.8
2023-08-10 18:40:00+00:00,13.1,7.0,6.2,2.8
2023-08-10 18:50:00+00:00,13.0,6.0,5.9,1.7
2023-08-10 19:00:00+00:00,12.8,6.0,5.8,0.9
2023-08-10 19:10:00+00:00,12.792857142857143,6.0,5.692857142857143,0.8714285714285714
2023-08-10 19:20:00+00:00,12.785714285714286,6.0,5.585714285714285,0.8428571428571429
2023-08-10 19:30:00+00:00,12.778571428571428,6.0,5.478571428571429,0.8142857142857143
2023-08-10 19:40:00+00:00,12.771428571428572,6.0,5.371428571428571,0.7857142857142857
2023-08-10 19:50:00+00:00,12.764285714285714,6.0,5.264285714285714,0.7571428571428571
2023-08-10 20:00:00+00:00,12.757142857142858,6.0,5.157142857142857,0.7285714285714286
2023-08-10 20:10:00+00:00,12.75,6.0,5.05,0.7
2023-08-10 20:20:00+00:00,12.742857142857142,6.0,4.942857142857143,0.6714285714285715
2023-08-10 20:30:00+00:00,12.735714285714286,6.0,4.835714285714285,0.6428571428571428
2023-08-10 20:40:00+00:00,12.728571428571428,6.0,4.728571428571429,0.6142857142857143
2023-08-10 20:50:00+00:00,12.721428571428572,6.0,4.621428571428571,0.5857142857142856
2023-08-10 21:00:00+00:00,12.714285714285714,6.0,4.514285714285714,0.5571428571428572
2023-08-10 21:10:00+00:00,12.707142857142857,6.0,4.407142857142857,0.5285714285714286
2023-08-10 21:20:00+00:00,12.7,6.0,4.3,0.5
2023-08-10 21:30:00+00:00,12.53,6.1,4.22,0.52
2023-08-10 21:40:00+00:00,12.36,6.2,4.14,0.54
2023-08-10 21:50:00+00:00,12.19,6.3,4.06,0.5599999999999999
2023-08-10 22:00:00+00:00,12.02,6.4,3.98,0.58
2023-08-10 22:10:00+00:00,11.85,6.5,3.9,0.6
2023-08-10 22:20:00+00:00,11.68,6.6,3.82,0.62
2023-08-10 22:30:00+00:00,11.51,6.7,3.7399999999999998,0.64
2023-08-10 22:40:00+00:00,11.34,6.8,3.66,0.6599999999999999
2023-08-10 22:50:00+00:00,11.17,6.9,3.58,0.6799999999999999
2023-08-10 23:00:00+00:00,11.0,7.0,3.5,0.7
2023-08-10 23:10:00+00:00,10.95,6.9,3.49,0.7
2023-08-10 23:20:00+00:00,10.9,6.8,3.48,0.7
2023-08-10 23:30:00+00:00,10.85,6.7,3.4699999999999998,0.7
2023-08-10 23:40:00+00:00,10.8,6.6,3.46,0.7
2023-08-10 23:50:00+00:00,10.75,6.5,3.45,0.7
2023-08-11 00:00:00+00:00,10.7,6.4,3.44,0.7
2023-08-11 00:10:00+00:00,10.65,6.3,3.4299999999999997,0.7
2023-08-11 00:20:00+00:00,10.6,6.2,3.42,0.7
2023-08-11 00:30:00+00:00,10.55,6.1,3.41,0.7
2023-08-11 00:40:00+00:00,10.5,6.0,3.4,0.7
2023-08-11 00:50:00+00:00,10.62,6.1,3.4,0.7
2023-08-11 01:00:00+00:00,10.74,6.2,3.4,0.7
2023-08-11 01:10:00+00:00,10.86,6.3,3.4,0.7
2023-08-11 01:20:00+00:00,10.98,6.4,3.4,0.7
2023-08-11 01:30:00+00:00,11.1,6.5,3.4,0.7
2023-08-11 01:40:00+00:00,11.219999999999999,6.6,3.4,0.7
2023-08-11 01:50:00+00:00,11.34,6.7,3.4,0.7
2023-08-11 02:00:00+00:00,11.459999999999999,6.8,3.4,0.7
2023-08-11 02:10:00+00:00,11.58,6.9,3.4,0.7
2023-08-11 02:20:00+00:00,11.7,7.0,3.4,0.7
2023-08-11 02:30:00+00:00,11.575,6.95,3.4,1.04
2023-08-11 02:40:00+00:00,11.45,6.9,3.4,1.38
2023-08-11 02:50:00+00:00,11.325,6.85,3.4,1.72
2023-08-11 03:00:00+00:00,11.2,6.8,3.4,2.0599999999999996
2023-08-11 03:10:00+00:00,11.075,6.75,3.4,2.3999999999999995
2023-08-11 03:20:00+00:00,10.95,6.7,3.4,2.74
2023-08-11 03:30:00+00:00,10.825,6.65,3.4,3.08
2023-08-11 03:40:00+00:00,10.7,6.6,3.4,3.42
2023-08-11 03:50:00+00:00,10.575,6.55,3.4,3.76
2023-08-11 04:00:00+00:00,10.45,6.5,3.4,4.1
2023-08-11 04:10:00+00:00,10.9,7.0,3.4,4.1
2023-08-11 04:20:00+00:00,11.2,7.0,3.4,4.1
2023-08-11 04:30:00+00:00,11.5,6.5,3.4,4.1
2023-08-11 04:40:00+00:00,11.8,6.0,3.4,4.1
2023-08-11 04:50:00+00:00,12.3,7.0,3.4,4.1
2023-08-11 05:00:00+00:00,13.0,7.0,3.4,4.1
2023-08-11 05:10:00+00:00,13.5,6.0,3.4,4.1
2023-08-11 05:20:00+00:00,14.1,6.0,3.5,4.1
2023-08-11 05:30:00+00:00,14.8,6.0,3.8,4.1
2023-08-11 05:40:00+00:00,15.5,6.0,4.6,4.1
2023-08-11 05:50:00+00:00,19.7,6.0,5.6,2.5
2023-08-11 06:00:00+00:00,19.8,7.0,6.5,0.5
2023-08-11 06:10:00+00:00,19.8,6.833333333333333,6.533333333333333,0.8
2023-08-11 06:20:00+00:00,19.8,6.666666666666667,6.566666666666666,1.1
2023-08-11 06:30:00+00:00,19.8,6.5,6.6,1.4
2023-08-11 06:40:00+00:00,19.8,6.333333333333333,6.633333333333334,1.7
2023-08-11 06:50:00+00:00,19.8,6.166666666666667,6.666666666666667,2.0
2023-08-11 07:00:00+00:00,19.8,6.0,6.7,2.3
2023-08-11 07:10:00+00:00,19.8,5.833333333333334,6.733333333333333,2.6
2023-08-11 07:20:00+00:00,19.8,5.666666666666667,6.766666666666667,2.9
2023-08-11 07:30:00+00:00,19.8,5.5,6.800000000000001,3.1999999999999997
2023-08-11 07:40:00+00:00,19.8,5.333333333333334,6.833333333333334,3.5
2023-08-11 07:50:00+00:00,19.8,5.166666666666667,6.866666666666667,3.8
2023-08-11 08:00:00+00:00,19.8,5.0,6.9,4.1
2023-08-11 08:10:00+00:00,23.3,6.0,6.7,4.1
2023-08-11 08:20:00+00:00,23.8,5.0,6.7,4.2
2023-08-11 08:30:00+00:00,24.1,5.0,6.7,4.2
2023-08-11 08:40:00+00:00,22.6,5.0,6.6,4.1
2023-08-11 08:50:00+00:00,21.8,5.0,6.7,4.1
2023-08-11 09:00:00+00:00,18.0,6.0,6.3,4.1
2023-08-11 09:10:00+00:00,18.0,6.0,6.3,4.1
2023-08-11 09:20:00+00:00,16.5,6.0,6.5,4.1
2023-08-11 09:30:00+00:00,16.5,6.0,6.6,4.2
2023-08-11 09:40:00+00:00,16.5,6.5,6.65,4.95
2023-08-11 09:50:00+00:00,16.5,7.0,6.7,5.7
2023-08-11 10:00:00+00:00,16.5,6.0,6.7,4.1
2023-08-11 10:10:00+00:00,16.5,7.0,6.7,6.2
2023-08-11 10:20:00+00:00,16.5,6.0,6.7,5.6
2023-08-11 10:30:00+00:00,16.5,6.0,6.7,6.3
2023-08-11 10:40:00+00:00,16.5,6.0,6.7,5.9
2023-08-11 10:50:00+00:00,16.5,6.0,6.6,6.3
2023-08-11 11:00:00+00:00,16.5,6.0,6.7,5.9
2023-08-11 11:10:00+00:00,16.5,7.0,6.7,6.2
2023-08-11 11:20:00+00:00,16.5,7.0,6.6,6.4
2023-08-11 11:30:00+00:00,16.5,7.0,6.6,6.35
2023-08-11 11:40:00+00:00,16.5,7.0,6.6,6.3
2023-08-11 11:50:00+00:00,16.6,6.0,6.7,6.2
2023-08-11 12:00:00+00:00,16.6,6.0,6.6,5.9
2023-08-11 12:10:00+00:00,16.6,6.0,6.6,6.1
2023-08-11 12:20:00+00:00,16.6,6.0,6.6,5.8
2023-08-11 12:30:00+00:00,16.6,7.0,6.6,5.9
2023-08-11 12:40:00+00:00,16.6,6.0,6.6,6.2
2023-08-11 12:50:00+00:00,16.7,6.0,6.6,6.0
2023-08-11 13:00:00+00:00,16.7,6.0,6.6,6.0
2023-08-11 13:10:00+00:00,16.7,6.0,6.6,6.2
2023-08-11 13:20:00+00:00,16.75,6.0,6.6,6.15
2023-08-11 13:30:00+00:00,16.8,6.0,6.6,6.1
2023-08-11 13:40:00+00:00,16.8,6.0,6.6,6.1
2023-08-11 13:50:00+00:00,16.9,6.0,6.6,6.2
2023-08-11 14:00:00+00:00,17.0,7.0,6.7,5.9
2023-08-11 14:10:00+00:00,17.0,7.0,6.6,5.9
2023-08-11 14:20:00+00:00,17.0,6.0,6.6,6.1
2023-08-11 14:30:00+00:00,17.0,6.5,6.6,6.05
2023-08-11 14:40:00+00:00,17.0,7.0,6.6,6.0
2023-08-11 14:50:00+00:00,17.1,6.0,6.5,6.1
2023-08-11 15:00:00+00:00,17.1,6.0,6.5,6.0
2023-08-11 15:10:00+00:00,17.1,6.0,6.5,6.05
2023-08-11 15:20:00+00:00,17.1,6.0,6.5,6.1
2023-08-11 15:30:00+00:00,17.1,7.0,6.5,6.1
2023-08-11 15:40:00+00:00,17.1,6.0,6.6,5.5
2023-08-11 15:50:00+00:00,17.2,6.0,6.6,6.2
2023-08-11 16:00:00+00:00,17.2,6.0,6.6,5.4
2023-08-11 16:10:00+00:00,17.2,6.0,6.5,6.3
2023-08-11 16:20:00+00:00,17.2,6.0,6.6,6.3
2023-08-11 16:30:00+00:00,17.2,6.0,6.6,6.1
2023-08-11 16:40:00+00:00,17.3,6.0,6.6,5.6
2023-08-11 16:50:00+00:00,17.3,6.0,6.55,5.8
2023-08-11 17:00:00+00:00,17.3,6.0,6.5,6.0
2023-08-11 17:10:00+00:00,17.3,6.0,6.5,6.1
2023-08-11 17:20:00+00:00,17.3,7.0,6.5,4.1
2023-08-11 17:30:00+00:00,17.3,7.0,6.4,4.1
2023-08-11 17:40:00+00:00,17.3,6.0,6.4,4.1
2023-08-11 17:50:00+00:00,17.3,7.0,6.3,4.1
2023-08-11 18:00:00+00:00,17.3,7.0,6.3,4.1
2023-08-11 18:10:00+00:00,17.2,6.0,6.2,4.1
2023-08-11 18:20:00+00:00,17.2,6.0,6.2,4.1
2023-08-11 18:30:00+00:00,17.1,6.0,6.1,3.9
2023-08-11 18:40:00+00:00,17.1,6.0,6.1,3.75
2023-08-11 18:50:00+00:00,17.1,6.0,6.1,3.6
2023-08-11 19:00:00+00:00,17.0,6.0,6.0,2.0
2023-08-11 19:10:00+00:00,17.0,7.0,6.0,1.2
2023-08-11 19:20:00+00:00,16.9,6.0,6.0,0.8
2023-08-11 19:30:00+00:00,16.86153846153846,6.076923076923077,5.984615384615385,0.7846153846153846
2023-08-11 19:40:00+00:00,16.823076923076922,6.153846153846154,5.969230769230769,0.7692307692307693
2023-08-11 19:50:00+00:00,16.784615384615382,6.230769230769231,5.953846153846154,0.7538461538461538
2023-08-11 20:00:00+00:00,16.746153846153845,6.3076923076923075,5.938461538461539,0.7384615384615385
2023-08-11 20:10:00+00:00,16.707692307692305,6.384615384615385,5.923076923076923,0.7230769230769231
2023-08-11 20:20:00+00:00,16.66923076923077,6.461538461538462,5.907692307692308,0.7076923076923077
2023-08-11 20:30:00+00:00,16.63076923076923,6.538461538461538,5.892307692307692,0.6923076923076923
2023-08-11 20:40:00+00:00,16.592307692307692,6.615384615384615,5.8769230769230765,0.676923076923077
2023-08-11 20:50:00+00:00,16.553846153846152,6.6923076923076925,5.861538461538461,0.6615384615384615
2023-08-11 21:00:00+00:00,16.515384615384615,6.769230769230769,5.846153846153846,0.6461538461538462
2023-08-11 21:10:00+00:00,16.476923076923075,6.846153846153847,5.8307692307692305,0.6307692307692307
2023-08-11 21:20:00+00:00,16.43846153846154,6.923076923076923,5.815384615384615,0.6153846153846154
2023-08-11 21:30:00+00:00,16.4,7.0,5.8,0.6
2023-08-11 21:40:00+00:00,16.349999999999998,7.0,5.81,0.6
2023-08-11 21:50:00+00:00,16.299999999999997,7.0,5.82,0.6
2023-08-11 22:00:00+00:00,16.25,7.0,5.83,0.6
2023-08-11 22:10:00+00:00,16.2,7.0,5.84,0.6
2023-08-11 22:20:00+00:00,16.15,7.0,5.85,0.6
2023-08-11 22:30:00+00:00,16.1,7.0,5.86,0.6
2023-08-11 22:40:00+00:00,16.05,7.0,5.87,0.6
2023-08-11 22:50:00+00:00,16.0,7.0,5.88,0.6
2023-08-11 23:00:00+00:00,15.95,7.0,5.890000000000001,0.6
2023-08-11 23:10:00+00:00,15.9,7.0,5.9,0.6
2023-08-11 23:20:00+00:00,15.86,7.0,5.880000000000001,0.6
2023-08-11 23:30:00+00:00,15.82,7.0,5.86,0.6
2023-08-11 23:40:00+00:00,15.780000000000001,7.0,5.84,0.6
2023-08-11 23:50:00+00:00,15.74,7.0,5.82,0.6
2023-08-12 00:00:00+00:00,15.7,7.0,5.800000000000001,0.6
2023-08-12 00:10:00+00:00,15.66,7.0,5.78,0.6
2023-08-12 00:20:00+00:00,15.620000000000001,7.0,5.76,0.6
2023-08-12 00:30:00+00:00,15.58,7.0,5.74,0.6
2023-08-12 00:40:00+00:00,15.54,7.0,5.720000000000001,0.6
2023-08-12 00:50:00+00:00,15.5,7.0,5.7,0.6
2023-08-12 01:00:00+00:00,15.45,7.0,5.720000000000001,0.61
2023-08-12 01:10:00+00:00,15.4,7.0,5.74,0.62
2023-08-12 01:20:00+00:00,15.35,7.0,5.76,0.63
2023-08-12 01:30:00+00:00,15.3,7.0,5.78,0.64
2023-08-12 01:40:00+00:00,15.25,7.0,5.800000000000001,0.6499999999999999
2023-08-12 01:50:00+00:00,15.2,7.0,5.82,0.6599999999999999
2023-08-12 02:00:00+00:00,15.15,7.0,5.84,0.6699999999999999
2023-08-12 02:10:00+00:00,15.1,7.0,5.86,0.6799999999999999
2023-08-12 02:20:00+00:00,15.05,7.0,5.880000000000001,0.69
2023-08-12 02:30:00+00:00,15.0,7.0,5.9,0.7
2023-08-12 02:40:00+00:00,15.0,7.0,5.92,1.04
2023-08-12 02:50:00+00:00,15.0,7.0,5.94,1.38
2023-08-12 03:00:00+00:00,15.0,7.0,5.96,1.72
2023-08-12 03:10:00+00:00,15.0,7.0,5.98,2.0599999999999996
2023-08-12 03:20:00+00:00,15.0,7.0,6.0,2.3999999999999995
2023-08-12 03:30:00+00:00,15.0,7.0,6.02,2.74
2023-08-12 03:40:00+00:00,15.0,7.0,6.04,3.08
2023-08-12 03:50:00+00:00,15.0,7.0,6.06,3.42
2023-08-12 04:00:00+00:00,15.0,7.0,6.08,3.76
2023-08-12 04:10:00+00:00,15.0,7.0,6.1,4.1
2023-08-12 04:20:00+00:00,14.2,6.0,6.4,4.1
2023-08-12 04:30:00+00:00,14.7,6.0,6.4,4.1
2023-08-12 04:40:00+00:00,14.8,6.0,6.5,4.1
2023-08-12 04:50:00+00:00,14.8,7.0,6.6,4.1
2023-08-12 05:00:00+00:00,14.8,7.0,6.6,4.1
2023-08-12 05:10:00+00:00,14.8,7.0,6.7,4.1
2023-08-12 05:20:00+00:00,14.8,6.0,6.7,4.1
2023-08-12 05:30:00+00:00,14.9,7.0,6.7,4.1
2023-08-12 05:40:00+00:00,14.9,6.0,6.7,4.1
2023-08-12 05:50:00+00:00,14.9,6.5,6.75,4.1
2023-08-12 06:00:00+00:00,14.9,7.0,6.8,4.1
2023-08-12 06:10:00+00:00,14.9,7.0,6.7,4.1
2023-08-12 06:20:00+00:00,15.0,7.0,6.8,4.1
2023-08-12 06:30:00+00:00,15.0,6.0,6.8,4.1
2023-08-12 06:40:00+00:00,15.0,7.0,6.8,4.1
2023-08-12 06:50:00+00:00,15.0,6.0,6.8,4.1
2023-08-12 07:00:00+00:00,15.0,6.0,6.8,4.1
2023-08-12 07:10:00+00:00,15.1,6.0,6.8,4.1
2023-08-12 07:20:00+00:00,15.1,7.0,6.8,4.1
2023-08-12 07:30:00+00:00,15.2,6.0,6.8,4.1
2023-08-12 07:40:00+00:00,15.25,6.0,6.8,4.1
2023-08-12 07:50:00+00:00,15.3,6.0,6.8,4.1
2023-08-12 08:00:00+00:00,15.3,6.0,6.7,4.1
2023-08-12 08:10:00+00:00,15.3,6.0,6.7,4.1
2023-08-12 08:20:00+00:00,15.4,7.0,6.7,4.1
2023-08-12 08:30:00+00:00,15.5,6.0,6.7,5.3
2023-08-12 08:40:00+00:00,15.5,6.0,6.6,5.8
2023-08-12 08:50:00+00:00,15.6,6.0,6.6,6.2
2023-08-12 09:00:00+00:00,15.7,6.0,6.6,6.1
2023-08-12 09:10:00+00:00,15.8,6.0,6.5,6.2
2023-08-12 09:20:00+00:00,15.9,6.0,6.5,6.2
2023-08-12 09:30:00+00:00,15.95,6.0,6.5,6.2
2023-08-12 09:40:00+00:00,16.0,6.0,6.5,6.2
2023-08-12 09:50:00+00:00,16.1,6.0,6.5,6.2
2023-08-12 10:00:00+00:00,16.1,6.0,6.5,6.2
2023-08-12 10:10:00+00:00,16.3,6.0,6.5,6.2
2023-08-12 10:20:00+00:00,16.4,6.0,6.4,6.2
2023-08-12 10:30:00+00:00,16.5,6.0,6.4,6.2
2023-08-12 10:40:00+00:00,16.5,7.0,6.4,6.1
2023-08-12 10:50:00+00:00,16.6,6.0,6.4,6.3
2023-08-12 11:00:00+00:00,16.7,6.0,6.4,6.2
2023-08-12 11:10:00+00:00,16.8,6.0,6.4,6.1
2023-08-12 11:20:00+00:00,16.85,6.0,6.4,6.15
2023-08-12 11:30:00+00:00,16.9,6.0,6.4,6.2
2023-08-12 11:40:00+00:00,17.0,7.0,6.4,6.1
2023-08-12 11:50:00+00:00,17.1,6.0,6.4,6.2
2023-08-12 12:00:00+00:00,17.2,7.0,6.4,6.1
2023-08-12 12:10:00+00:00,17.3,6.0,6.4,6.1
2023-08-12 12:20:00+00:00,17.4,6.0,6.4,6.1
2023-08-12 12:30:00+00:00,17.5,6.0,6.3,6.1
2023-08-12 12:40:00+00:00,17.5,6.0,6.3,6.1
2023-08-12 12:50:00+00:00,17.6,6.0,6.3,6.0
2023-08-12 13:00:00+00:00,17.7,6.0,6.3,6.1
2023-08-12 13:10:00+00:00,17.75,6.0,6.3,6.1
2023-08-12 13:20:00+00:00,17.8,6.0,6.3,6.1
2023-08-12 13:30:00+00:00,17.8,6.0,6.3,6.1
2023-08-12 13:40:00+00:00,17.8,6.0,6.3,6.1
2023-08-12 13:50:00+00:00,18.0,6.0,6.3,6.0
2023-08-12 14:00:00+00:00,18.1,6.0,6.3,6.0
2023-08-12 14:10:00+00:00,18.1,6.0,6.3,6.1
2023-08-12 14:20:00+00:00,18.3,6.0,6.2,6.1
2023-08-12 14:30:00+00:00,18.3,6.0,6.2,6.1
2023-08-12 14:40:00+00:00,18.4,6.0,6.2,6.0
2023-08-12 14:50:00+00:00,18.5,6.0,6.2,6.0
2023-08-12 15:00:00+00:00,18.5,6.0,6.2,6.05
2023-08-12 15:10:00+00:00,18.5,6.0,6.2,6.1
2023-08-12 15:20:00+00:00,18.6,6.0,6.2,6.1
2023-08-12 15:30:00+00:00,18.6,6.0,6.1,4.8
2023-08-12 15:40:00+00:00,18.7,6.0,6.1,5.9
2023-08-12 15:50:00+00:00,18.7,6.0,6.1,6.0
2023-08-12 16:00:00+00:00,18.8,6.0,6.1,5.5
2023-08-12 16:10:00+00:00,18.8,6.0,6.1,4.1
2023-08-12 16:20:00+00:00,18.8,6.0,6.1,4.1
2023-08-12 16:30:00+00:00,18.9,6.0,6.1,4.1
2023-08-12 16:40:00+00:00,18.9,6.0,6.1,4.1
2023-08-12 16:50:00+00:00,18.9,6.0,6.1,4.1
2023-08-12 17:00:00+00:00,18.9,6.0,6.1,4.1
2023-08-12 17:10:00+00:00,19.0,6.0,6.0,4.1
2023-08-12 17:20:00+00:00,19.0,6.0,6.0,4.1
2023-08-12 17:30:00+00:00,19.0,5.0,6.0,4.1
2023-08-12 17:40:00+00:00,19.0,6.0,6.0,4.1
2023-08-12 17:50:00+00:00,19.0,6.0,6.0,4.1
2023-08-12 18:00:00+00:00,19.0,6.0,6.0,4.1
2023-08-12 18:10:00+00:00,19.0,6.0,6.0,4.1
2023-08-12 18:20:00+00:00,19.0,6.0,5.9,4.0
2023-08-12 18:30:00+00:00,19.0,6.0,5.95,3.55
2023-08-12 18:40:00+00:00,19.0,6.0,6.0,3.1
2023-08-12 18:50:00+00:00,19.0,5.0,6.0,1.7
2023-08-12 19:00:00+00:00,19.0,6.0,5.9,0.9
2023-08-12 19:10:00+00:00,18.98,6.1,5.91,0.87
2023-08-12 19:20:00+00:00,18.96,6.2,5.92,0.84
2023-08-12 19:30:00+00:00,18.94,6.3,5.930000000000001,0.81
2023-08-12 19:40:00+00:00,18.92,6.4,5.94,0.78
2023-08-12 19:50:00+00:00,18.9,6.5,5.95,0.75
2023-08-12 20:00:00+00:00,18.88,6.6,5.96,0.72
2023-08-12 20:10:00+00:00,18.86,6.7,5.97,0.69
2023-08-12 20:20:00+00:00,18.84,6.8,5.98,0.6599999999999999
2023-08-12 20:30:00+00:00,18.82,6.9,5.99,0.6299999999999999
2023-08-12 20:40:00+00:00,18.8,7.0,6.0,0.6
2023-08-12 20:50:00+00:00,18.79230769230769,6.923076923076923,6.0,0.5846153846153846
2023-08-12 21:00:00+00:00,18.784615384615385,6.846153846153846,6.0,0.5692307692307692
2023-08-12 21:10:00+00:00,18.776923076923076,6.769230769230769,6.0,0.5538461538461539
2023-08-12 21:20:00+00:00,18.76923076923077,6.6923076923076925,6.0,0.5384615384615384
2023-08-12 21:30:00+00:00,18.76153846153846,6.615384615384615,6.0,0.5230769230769231
2023-08-12 21:40:00+00:00,18.753846153846155,6.538461538461538,6.0,0.5076923076923077
2023-08-12 21:50:00+00:00,18.746153846153845,6.461538461538462,6.0,0.49230769230769234
2023-08-12 22:00:00+00:00,18.73846153846154,6.384615384615385,6.0,0.4769230769230769
2023-08-12 22:10:00+00:00,18.73076923076923,6.3076923076923075,6.0,0.46153846153846156
2023-08-12 22:20:00+00:00,18.723076923076924,6.230769230769231,6.0,0.4461538461538461
2023-08-12 22:30:00+00:00,18.715384615384615,6.153846153846153,6.0,0.4307692307692308
2023-08-12 22:40:00+00:00,18.70769230769231,6.076923076923077,6.0,0.4153846153846154
2023-08-12 22:50:00+00:00,18.7,6.0,6.0,0.4
2023-08-12 23:00:00+00:00,18.68,6.0,6.01,0.42000000000000004
2023-08-12 23:10:00+00:00,18.66,6.0,6.02,0.44
2023-08-12 23:20:00+00:00,18.64,6.0,6.03,0.46
2023-08-12 23:30:00+00:00,18.62,6.0,6.04,0.48
2023-08-12 23:40:00+00:00,18.6,6.0,6.05,0.5
2023-08-12 23:50:00+00:00,18.58,6.0,6.06,0.52
2023-08-13 00:00:00+00:00,18.56,6.0,6.069999999999999,0.54
2023-08-13 00:10:00+00:00,18.54,6.0,6.08,0.56
2023-08-13 00:20:00+00:00,18.52,6.0,6.09,0.58
2023-08-13 00:30:00+00:00,18.5,6.0,6.1,0.6
2023-08-13 00:40:00+00:00,18.48,6.1,6.1,0.6
2023-08-13 00:50:00+00:00,18.46,6.2,6.1,0.6
2023-08-13 01:00:00+00:00,18.44,6.3,6.1,0.6
2023-08-13 01:10:00+00:00,18.42,6.4,6.1,0.6
2023-08-13 01:20:00+00:00,18.4,6.5,6.1,0.6
2023-08-13 01:30:00+00:00,18.38,6.6,6.1,0.6
2023-08-13 01:40:00+00:00,18.36,6.7,6.1,0.6
2023-08-13 01:50:00+00:00,18.34,6.8,6.1,0.6
2023-08-13 02:00:00+00:00,18.32,6.9,6.1,0.6
2023-08-13 02:10:00+00:00,18.3,7.0,6.1,0.6
2023-08-13 02:20:00+00:00,18.27,6.9,6.09,0.95
2023-08-13 02:30:00+00:00,18.240000000000002,6.8,6.08,1.2999999999999998
2023-08-13 02:40:00+00:00,18.21,6.7,6.069999999999999,1.65
2023-08-13 02:50:00+00:00,18.18,6.6,6.06,2.0
2023-08-13 03:00:00+00:00,18.15,6.5,6.05,2.35
2023-08-13 03:10:00+00:00,18.12,6.4,6.04,2.6999999999999997
2023-08-13 03:20:00+00:00,18.09,6.3,6.03,3.05
2023-08-13 03:30:00+00:00,18.06,6.2,6.02,3.4
2023-08-13 03:40:00+00:00,18.03,6.1,6.01,3.75
2023-08-13 03:50:00+00:00,18.0,6.0,6.0,4.1
2023-08-13 04:00:00+00:00,17.9,7.0,6.1,4.1
2023-08-13 04:10:00+00:00,17.9,6.0,6.1,4.1
2023-08-13 04:20:00+00:00,17.9,6.0,6.1,4.1
2023-08-13 04:30:00+00:00,17.9,7.0,6.1,4.1
2023-08-13 04:40:00+00:00,17.9,7.0,6.2,4.1
2023-08-13 04:50:00+00:00,17.9,7.0,6.2,4.1
2023-08-13 05:00:00+00:00,17.9,6.0,6.2,4.1
2023-08-13 05:10:00+00:00,17.9,7.0,6.2,4.1
2023-08-13 05:20:00+00:00,17.8,6.0,6.3,4.1
2023-08-13 05:30:00+00:00,17.8,7.0,6.3,4.1
2023-08-13 05:40:00+00:00,17.8,6.5,6.35,4.1
2023-08-13 05:50:00+00:00,17.8,6.0,6.4,4.1
2023-08-13 06:00:00+00:00,17.8,7.0,6.4,4.1
2023-08-13 06:10:00+00:00,17.8,6.0,6.4,4.1
2023-08-13 06:20:00+00:00,17.9,6.0,6.4,4.1
2023-08-13 06:30:00+00:00,17.9,6.0,6.4,4.1
2023-08-13 06:40:00+00:00,17.9,6.0,6.4,4.1
2023-08-13 06:50:00+00:00,17.9,6.0,6.4,4.1
2023-08-13 07:00:00+00:00,18.0,6.0,6.4,4.1
2023-08-13 07:10:00+00:00,18.0,6.0,6.4,4.1
2023-08-13 07:20:00+00:00,18.0,6.0,6.3,4.1
2023-08-13 07:30:00+00:00,18.0,6.0,6.35,4.1
2023-08-13 07:40:00+00:00,18.0,6.0,6.4,4.1
2023-08-13 07:50:00+00:00,18.05,6.5,6.4,4.15
2023-08-13 08:00:00+00:00,18.1,7.0,6.4,4.2
2023-08-13 08:10:00+00:00,18.2,5.0,6.4,4.1
2023-08-13 08:20:00+00:00,18.25,5.5,6.35,4.05
2023-08-13 08:30:00+00:00,18.3,6.0,6.3,4.0
2023-08-13 08:40:00+00:00,18.4,6.0,6.3,5.6
2023-08-13 08:50:00+00:00,18.5,6.0,6.3,6.1
2023-08-13 09:00:00+00:00,18.5,6.0,6.3,6.1
2023-08-13 09:10:00+00:00,18.6,6.0,6.4,5.8
2023-08-13 09:20:00+00:00,18.6,5.5,6.35,5.9
2023-08-13 09:30:00+00:00,18.6,5.0,6.3,6.0
2023-08-13 09:40:00+00:00,18.700000000000003,5.5,6.3,5.95
2023-08-13 09:50:00+00:00,18.8,6.0,6.3,5.9
2023-08-13 10:00:00+00:00,18.9,6.0,6.2,6.2
2023-08-13 10:10:00+00:00,19.0,5.0,6.3,6.0
2023-08-13 10:20:00+00:00,19.0,6.0,6.2,6.0
2023-08-13 10:30:00+00:00,19.1,6.0,6.2,6.2
2023-08-13 10:40:00+00:00,19.2,6.0,6.3,6.4
2023-08-13 10:50:00+00:00,19.3,6.0,6.2,6.4
2023-08-13 11:00:00+00:00,19.4,6.0,6.3,6.2
2023-08-13 11:10:00+00:00,19.45,6.0,6.3,6.1
2023-08-13 11:20:00+00:00,19.5,6.0,6.3,6.0
2023-08-13 11:30:00+00:00,19.5,6.0,6.2,6.1
2023-08-13 11:40:00+00:00,19.5,6.0,6.2,5.8
2023-08-13 11:50:00+00:00,19.6,6.0,6.2,6.3
2023-08-13 12:00:00+00:00,19.6,6.0,6.2,6.0
2023-08-13 12:10:00+00:00,19.7,6.0,6.1,6.3
2023-08-13 12:20:00+00:00,19.8,6.0,6.2,6.1
2023-08-13 12:30:00+00:00,19.9,6.0,6.2,6.1
2023-08-13 12:40:00+00:00,19.9,6.0,6.1,6.3
2023-08-13 12:50:00+00:00,20.0,6.0,6.1,5.8
2023-08-13 13:00:00+00:00,20.0,6.0,6.1,6.0
2023-08-13 13:10:00+00:00,20.0,6.0,6.1,6.2
2023-08-13 13:20:00+00:00,20.1,6.0,6.1,6.2
2023-08-13 13:30:00+00:00,20.1,6.0,6.1,5.2
2023-08-13 13:40:00+00:00,20.2,5.0,6.1,6.3
2023-08-13 13:50:00+00:00,20.2,5.0,6.2,6.0
2023-08-13 14:00:00+00:00,20.3,6.0,6.1,5.2
2023-08-13 14:10:00+00:00,20.3,6.0,6.1,5.8
2023-08-13 14:20:00+00:00,20.4,5.0,6.1,6.0
2023-08-13 14:30:00+00:00,20.5,6.0,6.1,6.0
2023-08-13 14:40:00+00:00,20.5,6.0,6.1,6.0
2023-08-13 14:50:00+00:00,20.5,6.0,6.1,6.0
2023-08-13 15:00:00+00:00,20.5,6.0,6.1,6.0
2023-08-13 15:10:00+00:00,20.5,5.0,6.1,6.3
2023-08-13 15:20:00+00:00,20.5,6.0,6.1,6.2
2023-08-13 15:30:00+00:00,20.5,6.0,6.0,4.2
2023-08-13 15:40:00+00:00,20.5,6.0,6.0,4.1
2023-08-13 15:50:00+00:00,20.6,6.0,5.9,4.1
2023-08-13 16:00:00+00:00,20.6,6.0,5.9,4.1
2023-08-13 16:10:00+00:00,20.6,6.0,5.9,4.1
2023-08-13 16:20:00+00:00,20.6,6.0,5.9,6.1
2023-08-13 16:30:00+00:00,20.6,5.0,5.9,4.1
2023-08-13 16:40:00+00:00,20.6,5.5,5.9,5.15
2023-08-13 16:50:00+00:00,20.6,6.0,5.9,6.2
2023-08-13 17:00:00+00:00,20.6,6.0,5.9,6.2
2023-08-13 17:10:00+00:00,20.6,6.0,5.9,6.0
2023-08-13 17:20:00+00:00,20.6,5.0,5.9,5.7
2023-08-13 17:30:00+00:00,20.6,6.0,5.9,4.1
2023-08-13 17:40:00+00:00,20.6,6.0,5.9,4.1
2023-08-13 17:50:00+00:00,20.6,6.0,5.8,4.1
2023-08-13 18:00:00+00:00,20.6,6.0,5.8,4.1
2023-08-13 18:10:00+00:00,20.6,6.0,5.8,4.1
2023-08-13 18:20:00+00:00,20.55,6.0,5.75,3.9499999999999997
2023-08-13 18:30:00+00:00,20.5,6.0,5.7,3.8
2023-08-13 18:40:00+00:00,20.5,6.0,5.7,3.5
2023-08-13 18:50:00+00:00,20.45,6.0,5.65,2.3
2023-08-13 19:00:00+00:00,20.4,6.0,5.6,1.1
2023-08-13 19:10:00+00:00,20.3,6.0,5.7,0.8
2023-08-13 19:20:00+00:00,20.25,6.1,5.7,0.78
2023-08-13 19:30:00+00:00,20.2,6.2,5.7,0.76
2023-08-13 19:40:00+00:00,20.150000000000002,6.3,5.7,0.74
2023-08-13 19:50:00+00:00,20.1,6.4,5.7,0.72
2023-08-13 20:00:00+00:00,20.05,6.5,5.7,0.7
2023-08-13 20:10:00+00:00,20.0,6.6,5.7,0.6799999999999999
2023-08-13 20:20:00+00:00,19.95,6.7,5.7,0.66
2023-08-13 20:30:00+00:00,19.900000000000002,6.8,5.7,0.64
2023-08-13 20:40:00+00:00,19.85,6.9,5.7,0.62
2023-08-13 20:50:00+00:00,19.8,7.0,5.7,0.6
2023-08-13 21:00:00+00:00,19.75,6.9,5.7,0.6
2023-08-13 21:10:00+00:00,19.7,6.8,5.7,0.6
2023-08-13 21:20:00+00:00,19.650000000000002,6.7,5.7,0.6
2023-08-13 21:30:00+00:00,19.6,6.6,5.7,0.6
2023-08-13 21:40:00+00:00,19.55,6.5,5.7,0.6
2023-08-13 21:50:00+00:00,19.5,6.4,5.7,0.6
2023-08-13 22:00:00+00:00,19.45,6.3,5.7,0.6
2023-08-13 22:10:00+00:00,19.400000000000002,6.2,5.7,0.6
2023-08-13 22:20:00+00:00,19.35,6.1,5.7,0.6
2023-08-13 22:30:00+00:00,19.3,6.0,5.7,0.6
2023-08-13 22:40:00+00:00,19.26153846153846,6.0,5.7153846153846155,0.5846153846153846
2023-08-13 22:50:00+00:00,19.223076923076924,6.0,5.730769230769231,0.5692307692307692
2023-08-13 23:00:00+00:00,19.184615384615384,6.0,5.746153846153846,0.5538461538461539
2023-08-13 23:10:00+00:00,19.146153846153847,6.0,5.7615384615384615,0.5384615384615384
2023-08-13 23:20:00+00:00,19.107692307692307,6.0,5.776923076923077,0.5230769230769231
2023-08-13 23:30:00+00:00,19.06923076923077,6.0,5.792307692307692,0.5076923076923077
2023-08-13 23:40:00+00:00,19.03076923076923,6.0,5.807692307692308,0.49230769230769234
2023-08-13 23:50:00+00:00,18.992307692307694,6.0,5.823076923076924,0.4769230769230769
2023-08-14 00:00:00+00:00,18.953846153846154,6.0,5.838461538461539,0.46153846153846156
2023-08-14 00:10:00+00:00,18.915384615384617,6.0,5.853846153846154,0.4461538461538461
2023-08-14 00:20:00+00:00,18.876923076923077,6.0,5.86923076923077,0.4307692307692308
2023-08-14 00:30:00+00:00,18.83846153846154,6.0,5.884615384615385,0.4153846153846154
2023-08-14 00:40:00+00:00,18.8,6.0,5.9,0.4
2023-08-14 00:50:00+00:00,18.75,6.0,5.9,0.42000000000000004
2023-08-14 01:00:00+00:00,18.7,6.0,5.9,0.44
2023-08-14 01:10:00+00:00,18.650000000000002,6.0,5.9,0.46
2023-08-14 01:20:00+00:00,18.6,6.0,5.9,0.48
2023-08-14 01:30:00+00:00,18.55,6.0,5.9,0.5
2023-08-14 01:40:00+00:00,18.5,6.0,5.9,0.52
2023-08-14 01:50:00+00:00,18.45,6.0,5.9,0.54
2023-08-14 02:00:00+00:00,18.400000000000002,6.0,5.9,0.56
2023-08-14 02:10:00+00:00,18.35,6.0,5.9,0.58
2023-08-14 02:20:00+00:00,18.3,6.0,5.9,0.6
2023-08-14 02:30:00+00:00,18.25,6.1,5.87,0.95
2023-08-14 02:40:00+00:00,18.2,6.2,5.84,1.2999999999999998
2023-08-14 02:50:00+00:00,18.150000000000002,6.3,5.8100000000000005,1.65
2023-08-14 03:00:00+00:00,18.1,6.4,5.78,2.0
2023-08-14 03:10:00+00:00,18.05,6.5,5.75,2.35
2023-08-14 03:20:00+00:00,18.0,6.6,5.72,2.6999999999999997
2023-08-14 03:30:00+00:00,17.95,6.7,5.6899999999999995,3.05
2023-08-14 03:40:00+00:00,17.900000000000002,6.8,5.66,3.4
2023-08-14 03:50:00+00:00,17.85,6.9,5.63,3.75
2023-08-14 04:00:00+00:00,17.8,7.0,5.6,4.1
2023-08-14 04:10:00+00:00,17.7,6.0,6.0,4.1
2023-08-14 04:20:00+00:00,17.7,7.0,6.1,4.1
2023-08-14 04:30:00+00:00,17.8,6.0,6.1,4.1
2023-08-14 04:40:00+00:00,17.8,7.0,6.2,4.1
2023-08-14 04:50:00+00:00,17.8,6.0,6.1,4.1
2023-08-14 05:00:00+00:00,17.8,6.0,6.2,4.1
2023-08-14 05:10:00+00:00,17.85,6.0,6.2,4.1
2023-08-14 05:20:00+00:00,17.9,6.0,6.2,4.1
2023-08-14 05:30:00+00:00,17.9,6.5,6.2,4.1
2023-08-14 05:40:00+00:00,17.9,7.0,6.2,4.1
2023-08-14 05:50:00+00:00,17.9,6.0,6.2,4.1
2023-08-14 06:00:00+00:00,18.0,6.0,6.2,4.1
2023-08-14 06:10:00+00:00,18.0,6.0,6.2,4.1
2023-08-14 06:20:00+00:00,18.0,6.0,6.2,4.1
2023-08-14 06:30:00+00:00,18.0,6.0,6.1,4.1
2023-08-14 06:40:00+00:00,18.0,7.0,6.2,4.1
2023-08-14 06:50:00+00:00,18.0,6.0,6.2,4.1
2023-08-14 07:00:00+00:00,18.0,6.0,6.2,4.1
2023-08-14 07:10:00+00:00,18.0,6.0,6.3,4.1
2023-08-14 07:20:00+00:00,18.0,6.0,6.3,4.1
2023-08-14 07:30:00+00:00,18.0,6.0,6.3,4.1
2023-08-14 07:40:00+00:00,18.1,6.0,6.2,4.1
2023-08-14 07:50:00+00:00,18.1,6.0,6.2,4.1
2023-08-14 08:00:00+00:00,18.1,6.0,6.2,4.1
2023-08-14 08:10:00+00:00,18.2,6.0,6.2,4.1
2023-08-14 08:20:00+00:00,18.2,7.0,6.2,4.1
2023-08-14 08:30:00+00:00,18.3,6.0,6.2,4.1
2023-08-14 08:40:00+00:00,18.3,6.0,6.2,4.1
2023-08-14 08:50:00+00:00,18.5,6.0,6.2,4.1
2023-08-14 09:00:00+00:00,18.5,6.0,6.2,5.9
2023-08-14 09:10:00+00:00,18.55,6.5,6.15,5.95
2023-08-14 09:20:00+00:00,18.6,7.0,6.1,6.0
2023-08-14 09:30:00+00:00,18.6,6.0,6.1,6.1
2023-08-14 09:40:00+00:00,18.7,5.0,6.1,6.1
2023-08-14 09:50:00+00:00,18.8,5.0,6.1,6.1
2023-08-14 10:00:00+00:00,18.8,5.5,6.05,6.1
2023-08-14 10:10:00+00:00,18.8,6.0,6.0,6.1
2023-08-14 10:20:00+00:00,18.9,6.0,5.9,6.0
2023-08-14 10:30:00+00:00,19.0,6.0,5.8,6.0
2023-08-14 10:40:00+00:00,19.0,7.0,5.8,6.1
2023-08-14 10:50:00+00:00,19.1,6.0,5.9,6.1
2023-08-14 11:00:00+00:00,19.15,6.0,5.85,6.1
2023-08-14 11:10:00+00:00,19.2,6.0,5.8,6.1
2023-08-14 11:20:00+00:00,19.3,6.0,5.8,6.1
2023-08-14 11:30:00+00:00,19.3,6.0,5.8,6.0
2023-08-14 11:40:00+00:00,19.4,6.0,5.8,6.0
2023-08-14 11:50:00+00:00,19.5,6.0,5.8,6.0
2023-08-14 12:00:00+00:00,19.5,6.0,5.8,6.0
2023-08-14 12:10:00+00:00,19.6,6.0,5.8,6.0
2023-08-14 12:20:00+00:00,19.7,6.0,5.8,6.0
2023-08-14 12:30:00+00:00,19.8,6.0,5.8,6.0
2023-08-14 12:40:00+00:00,19.9,6.0,5.8,6.0
2023-08-14 12:50:00+00:00,19.95,5.5,5.8,5.85
2023-08-14 13:00:00+00:00,20.0,5.0,5.8,5.7
2023-08-14 13:10:00+00:00,20.1,6.0,5.8,6.0
2023-08-14 13:20:00+00:00,20.1,5.0,5.7,5.9
2023-08-14 13:30:00+00:00,20.2,5.0,5.7,6.0
2023-08-14 13:40:00+00:00,20.3,5.0,5.7,6.2
2023-08-14 13:50:00+00:00,20.4,6.0,5.7,6.1
2023-08-14 14:00:00+00:00,20.5,6.0,5.7,5.6
2023-08-14 14:10:00+00:00,20.5,6.0,5.7,5.9
2023-08-14 14:20:00+00:00,20.6,6.0,5.7,5.8
2023-08-14 14:30:00+00:00,20.6,6.0,5.7,6.2
2023-08-14 14:40:00+00:00,20.6,5.5,5.7,6.1
2023-08-14 14:50:00+00:00,20.6,5.0,5.7,6.0
2023-08-14 15:00:00+00:00,20.7,6.0,5.7,6.0
2023-08-14 15:10:00+00:00,20.8,6.0,5.7,6.0
2023-08-14 15:20:00+00:00,20.8,6.0,5.7,5.7
2023-08-14 15:30:00+00:00,20.8,6.0,5.6,6.0
2023-08-14 15:40:00+00:00,20.9,5.0,5.6,6.1
2023-08-14 15:50:00+00:00,21.0,6.0,5.7,6.0
2023-08-14 16:00:00+00:00,21.0,6.0,5.7,5.4
2023-08-14 16:10:00+00:00,21.0,6.0,5.7,6.0
2023-08-14 16:20:00+00:00,21.1,6.0,5.6,6.0
2023-08-14 16:30:00+00:00,21.1,5.5,5.6,5.75
2023-08-14 16:40:00+00:00,21.1,5.0,5.6,5.5
2023-08-14 16:50:00+00:00,21.1,6.0,5.6,4.1
2023-08-14 17:00:00+00:00,21.1,5.0,5.5,5.4
2023-08-14 17:10:00+00:00,21.1,6.0,5.5,4.1
2023-08-14 17:20:00+00:00,21.1,6.0,5.4,4.1
2023-08-14 17:30:00+00:00,21.2,5.0,5.4,4.1
2023-08-14 17:40:00+00:00,21.2,6.0,5.3,5.1
2023-08-14 17:50:00+00:00,21.2,6.0,5.3,5.5
2023-08-14 18:00:00+00:00,21.2,6.0,5.2,4.7
2023-08-14 18:10:00+00:00,21.2,6.0,5.2,4.45
2023-08-14 18:20:00+00:00,21.2,6.0,5.2,4.2
2023-08-14 18:30:00+00:00,21.2,6.0,5.1,4.0
2023-08-14 18:40:00+00:00,21.1,6.0,5.0,3.8
2023-08-14 18:50:00+00:00,21.1,5.0,4.9,1.9
2023-08-14 19:00:00+00:00,21.1,6.0,4.8,0.9
2023-08-14 19:10:00+00:00,21.05,6.0,4.74,0.87
2023-08-14 19:20:00+00:00,21.0,6.0,4.68,0.84
2023-08-14 19:30:00+00:00,20.950000000000003,6.0,4.62,0.81
2023-08-14 19:40:00+00:00,20.900000000000002,6.0,4.56,0.78
2023-08-14 19:50:00+00:00,20.85,6.0,4.5,0.75
2023-08-14 20:00:00+00:00,20.8,6.0,4.44,0.72
2023-08-14 20:10:00+00:00,20.75,6.0,4.38,0.69
2023-08-14 20:20:00+00:00,20.700000000000003,6.0,4.32,0.6599999999999999
2023-08-14 20:30:00+00:00,20.650000000000002,6.0,4.26,0.6299999999999999
2023-08-14 20:40:00+00:00,20.6,6.0,4.2,0.6
2023-08-14 20:50:00+00:00,20.55,6.0,4.18,0.6
2023-08-14 21:00:00+00:00,20.5,6.0,4.16,0.6
2023-08-14 21:10:00+00:00,20.450000000000003,6.0,4.140000000000001,0.6
2023-08-14 21:20:00+00:00,20.400000000000002,6.0,4.12,0.6
2023-08-14 21:30:00+00:00,20.35,6.0,4.1,0.6
2023-08-14 21:40:00+00:00,20.3,6.0,4.08,0.6
2023-08-14 21:50:00+00:00,20.25,6.0,4.0600000000000005,0.6
2023-08-14 22:00:00+00:00,20.200000000000003,6.0,4.04,0.6
2023-08-14 22:10:00+00:00,20.150000000000002,6.0,4.02,0.6
2023-08-14 22:20:00+00:00,20.1,6.0,4.0,0.6
2023-08-14 22:30:00+00:00,20.076923076923077,6.0,4.007692307692308,0.6
2023-08-14 22:40:00+00:00,20.053846153846155,6.0,4.015384615384615,0.6
2023-08-14 22:50:00+00:00,20.03076923076923,6.0,4.023076923076923,0.6
2023-08-14 23:00:00+00:00,20.00769230769231,6.0,4.030769230769231,0.6
2023-08-14 23:10:00+00:00,19.984615384615385,6.0,4.038461538461538,0.6
2023-08-14 23:20:00+00:00,19.961538461538463,6.0,4.046153846153846,0.6
2023-08-14 23:30:00+00:00,19.93846153846154,6.0,4.053846153846154,0.6
2023-08-14 23:40:00+00:00,19.915384615384617,6.0,4.061538461538461,0.6
2023-08-14 23:50:00+00:00,19.892307692307693,6.0,4.069230769230769,0.6
2023-08-15 00:00:00+00:00,19.86923076923077,6.0,4.076923076923077,0.6
2023-08-15 00:10:00+00:00,19.846153846153847,6.0,4.084615384615384,0.6
2023-08-15 00:20:00+00:00,19.823076923076925,6.0,4.092307692307692,0.6
2023-08-15 00:30:00+00:00,19.8,6.0,4.1,0.6
2023-08-15 00:40:00+00:00,19.77,6.0,4.109999999999999,0.6
2023-08-15 00:50:00+00:00,19.740000000000002,6.0,4.12,0.6
2023-08-15 01:00:00+00:00,19.71,6.0,4.13,0.6
2023-08-15 01:10:00+00:00,19.68,6.0,4.14,0.6
2023-08-15 01:20:00+00:00,19.65,6.0,4.15,0.6
2023-08-15 01:30:00+00:00,19.62,6.0,4.16,0.6
2023-08-15 01:40:00+00:00,19.59,6.0,4.17,0.6
2023-08-15 01:50:00+00:00,19.56,6.0,4.18,0.6
2023-08-15 02:00:00+00:00,19.53,6.0,4.19,0.6
2023-08-15 02:10:00+00:00,19.5,6.0,4.2,0.6
2023-08-15 02:20:00+00:00,19.48,6.0,4.24,0.95
2023-08-15 02:30:00+00:00,19.46,6.0,4.28,1.2999999999999998
2023-08-15 02:40:00+00:00,19.44,6.0,4.32,1.65
2023-08-15 02:50:00+00:00,19.42,6.0,4.36,2.0
2023-08-15 03:00:00+00:00,19.4,6.0,4.4,2.35
2023-08-15 03:10:00+00:00,19.38,6.0,4.4399999999999995,2.6999999999999997
2023-08-15 03:20:00+00:00,19.36,6.0,4.4799999999999995,3.05
2023-08-15 03:30:00+00:00,19.34,6.0,4.52,3.4
2023-08-15 03:40:00+00:00,19.32,6.0,4.56,3.75
2023-08-15 03:50:00+00:00,19.3,6.0,4.6,4.1
2023-08-15 04:00:00+00:00,19.2,6.0,4.4,4.1
2023-08-15 04:10:00+00:00,19.1,6.0,4.3,4.1
2023-08-15 04:20:00+00:00,19.1,6.0,4.4,4.1
2023-08-15 04:30:00+00:00,19.1,6.0,5.1,4.1
2023-08-15 04:40:00+00:00,19.1,6.0,5.3,4.1
2023-08-15 04:50:00+00:00,19.1,6.0,5.4,4.1
2023-08-15 05:00:00+00:00,19.1,7.0,5.5,4.1
2023-08-15 05:10:00+00:00,19.1,7.0,5.5,4.1
2023-08-15 05:20:00+00:00,19.15,6.5,5.55,4.1
2023-08-15 05:30:00+00:00,19.2,6.0,5.6,4.1
2023-08-15 05:40:00+00:00,19.2,6.0,5.6,4.1
2023-08-15 05:50:00+00:00,19.2,6.0,5.6,4.1
2023-08-15 06:00:00+00:00,19.2,7.0,5.6,4.1
2023-08-15 06:10:00+00:00,19.2,6.0,5.7,4.1
2023-08-15 06:20:00+00:00,19.3,6.0,5.7,4.1
2023-08-15 06:30:00+00:00,19.3,6.0,5.6,4.1
2023-08-15 06:40:00+00:00,19.3,6.0,5.6,4.1
2023-08-15 06:50:00+00:00,19.3,6.0,5.6,4.1
2023-08-15 07:00:00+00:00,19.3,6.0,5.7,4.1
2023-08-15 07:10:00+00:00,19.3,6.0,5.7,4.1
2023-08-15 07:20:00+00:00,19.3,6.0,5.7,4.1
2023-08-15 07:30:00+00:00,19.4,6.0,5.7,4.1
2023-08-15 07:40:00+00:00,19.5,6.0,5.7,4.1
2023-08-15 07:50:00+00:00,19.5,6.0,5.7,4.2
2023-08-15 08:00:00+00:00,19.6,6.0,5.7,4.1
2023-08-15 08:10:00+00:00,19.6,6.0,5.7,4.1
2023-08-15 08:20:00+00:00,19.6,6.0,5.7,4.1
2023-08-15 08:30:00+00:00,19.7,5.0,5.7,4.1
2023-08-15 08:40:00+00:00,19.8,5.0,5.7,4.2
2023-08-15 08:50:00+00:00,19.8,7.0,5.7,5.2
2023-08-15 09:00:00+00:00,19.9,6.0,5.7,5.5
2023-08-15 09:10:00+00:00,20.0,5.0,5.7,5.8
2023-08-15 09:20:00+00:00,20.0,6.0,5.7,6.0
2023-08-15 09:30:00+00:00,20.1,6.0,5.7,6.0
2023-08-15 09:40:00+00:00,20.2,6.0,5.7,6.0
2023-08-15 09:50:00+00:00,20.3,6.0,5.7,6.1
2023-08-15 10:00:00+00:00,20.4,6.0,5.7,6.1
2023-08-15 10:10:00+00:00,20.5,5.0,5.7,6.1
2023-08-15 10:20:00+00:00,20.5,6.0,5.7,6.1
2023-08-15 10:30:00+00:00,20.6,6.0,5.7,6.1
2023-08-15 10:40:00+00:00,20.7,6.0,5.7,6.1
2023-08-15 10:50:00+00:00,20.7,5.5,5.7,6.1
2023-08-15 11:00:00+00:00,20.7,5.0,5.7,6.1
2023-08-15 11:10:00+00:00,20.8,6.0,5.7,6.1
2023-08-15 11:20:00+00:00,20.9,6.0,5.7,6.1
2023-08-15 11:30:00+00:00,21.0,5.0,5.7,6.1
2023-08-15 11:40:00+00:00,21.0,6.0,5.7,6.1
2023-08-15 11:50:00+00:00,21.1,6.0,5.6,6.1
2023-08-15 12:00:00+00:00,21.2,6.0,5.7,6.1
2023-08-15 12:10:00+00:00,21.3,5.0,5.7,6.1
2023-08-15 12:20:00+00:00,21.4,5.0,5.6,6.1
2023-08-15 12:30:00+00:00,21.5,6.0,5.6,6.1
2023-08-15 12:40:00+00:00,21.5,6.0,5.6,6.1
2023-08-15 12:50:00+00:00,21.5,6.0,5.6,6.1
2023-08-15 13:00:00+00:00,21.6,6.0,5.6,6.1
2023-08-15 13:10:00+00:00,21.7,5.0,5.6,6.1
2023-08-15 13:20:00+00:00,21.8,6.0,5.6,6.1
2023-08-15 13:30:00+00:00,21.9,6.0,5.6,6.1
2023-08-15 13:40:00+00:00,22.0,5.0,5.6,6.1
2023-08-15 13:50:00+00:00,22.0,6.0,5.6,6.1
2023-08-15 14:00:00+00:00,22.1,5.0,5.6,6.1
2023-08-15 14:10:00+00:00,22.1,5.0,5.6,6.1
2023-08-15 14:20:00+00:00,22.1,6.0,5.6,6.1
2023-08-15 14:30:00+00:00,22.15,5.5,5.6,6.05
2023-08-15 14:40:00+00:00,22.2,5.0,5.6,6.0
2023-08-15 14:50:00+00:00,22.3,5.0,5.6,6.1
2023-08-15 15:00:00+00:00,22.3,5.0,5.6,6.1
2023-08-15 15:10:00+00:00,22.4,6.0,5.6,6.1
2023-08-15 15:20:00+00:00,22.4,6.0,5.6,6.1
2023-08-15 15:30:00+00:00,22.5,6.0,5.5,6.1
2023-08-15 15:40:00+00:00,22.5,5.0,5.6,6.0
2023-08-15 15:50:00+00:00,22.5,6.0,5.6,6.0
2023-08-15 16:00:00+00:00,22.5,5.0,5.5,6.0
2023-08-15 16:10:00+00:00,22.6,6.0,5.5,6.0
2023-08-15 16:20:00+00:00,22.6,6.0,5.5,5.95
2023-08-15 16:30:00+00:00,22.6,6.0,5.5,5.9
2023-08-15 16:40:00+00:00,22.65,5.5,5.5,5.9
2023-08-15 16:50:00+00:00,22.7,5.0,5.5,5.9
2023-08-15 17:00:00+00:00,22.8,6.0,5.4,5.8
2023-08-15 17:10:00+00:00,22.8,5.0,5.4,5.6
2023-08-15 17:20:00+00:00,22.8,5.0,5.4,4.1
2023-08-15 17:30:00+00:00,22.8,5.0,5.4,4.1
2023-08-15 17:40:00+00:00,22.8,6.0,5.2,4.1
2023-08-15 17:50:00+00:00,22.8,6.0,5.1,4.1
2023-08-15 18:00:00+00:00,22.8,5.5,5.05,4.1
2023-08-15 18:10:00+00:00,22.8,5.0,5.0,4.1
2023-08-15 18:20:00+00:00,22.8,5.0,4.9,4.1
2023-08-15 18:30:00+00:00,22.8,6.0,4.8,3.8
2023-08-15 18:40:00+00:00,22.8,6.0,4.7,2.9
2023-08-15 18:50:00+00:00,22.7,6.0,4.6,1.3
2023-08-15 19:00:00+00:00,22.7,5.0,4.5,0.8
2023-08-15 19:10:00+00:00,22.65,5.1,4.47,0.78
2023-08-15 19:20:00+00:00,22.599999999999998,5.2,4.44,0.76
2023-08-15 19:30:00+00:00,22.55,5.3,4.41,0.74
2023-08-15 19:40:00+00:00,22.5,5.4,4.38,0.72
2023-08-15 19:50:00+00:00,22.45,5.5,4.35,0.7
2023-08-15 20:00:00+00:00,22.4,5.6,4.32,0.6799999999999999
2023-08-15 20:10:00+00:00,22.349999999999998,5.7,4.29,0.66
2023-08-15 20:20:00+00:00,22.3,5.8,4.26,0.64
2023-08-15 20:30:00+00:00,22.25,5.9,4.23,0.62
2023-08-15 20:40:00+00:00,22.2,6.0,4.2,0.6
2023-08-15 20:50:00+00:00,22.16153846153846,6.076923076923077,4.184615384615385,0.6
2023-08-15 21:00:00+00:00,22.123076923076923,6.153846153846154,4.1692307692307695,0.6
2023-08-15 21:10:00+00:00,22.084615384615383,6.230769230769231,4.153846153846154,0.6
2023-08-15 21:20:00+00:00,22.046153846153846,6.3076923076923075,4.138461538461539,0.6
2023-08-15 21:30:00+00:00,22.007692307692306,6.384615384615385,4.1230769230769235,0.6
2023-08-15 21:40:00+00:00,21.96923076923077,6.461538461538462,4.107692307692308,0.6
2023-08-15 21:50:00+00:00,21.93076923076923,6.538461538461538,4.092307692307692,0.6
2023-08-15 22:00:00+00:00,21.892307692307693,6.615384615384615,4.076923076923077,0.6
2023-08-15 22:10:00+00:00,21.853846153846153,6.6923076923076925,4.061538461538461,0.6
2023-08-15 22:20:00+00:00,21.815384615384616,6.769230769230769,4.046153846153846,0.6
2023-08-15 22:30:00+00:00,21.776923076923076,6.846153846153847,4.030769230769231,0.6
2023-08-15 22:40:00+00:00,21.73846153846154,6.923076923076923,4.015384615384615,0.6
2023-08-15 22:50:00+00:00,21.7,7.0,4.0,0.6
2023-08-15 23:00:00+00:00,21.65,6.9,4.01,0.6
2023-08-15 23:10:00+00:00,21.599999999999998,6.8,4.02,0.6
2023-08-15 23:20:00+00:00,21.55,6.7,4.03,0.6
2023-08-15 23:30:00+00:00,21.5,6.6,4.04,0.6
2023-08-15 23:40:00+00:00,21.45,6.5,4.05,0.6
2023-08-15 23:50:00+00:00,21.4,6.4,4.06,0.6
2023-08-16 00:00:00+00:00,21.349999999999998,6.3,4.069999999999999,0.6
2023-08-16 00:10:00+00:00,21.3,6.2,4.08,0.6
2023-08-16 00:20:00+00:00,21.25,6.1,4.09,0.6
2023-08-16 00:30:00+00:00,21.2,6.0,4.1,0.6
2023-08-16 00:40:00+00:00,21.14,6.0,4.1,0.6
2023-08-16 00:50:00+00:00,21.08,6.0,4.1,0.6
2023-08-16 01:00:00+00:00,21.02,6.0,4.1,0.6
2023-08-16 01:10:00+00:00,20.96,6.0,4.1,0.6
2023-08-16 01:20:00+00:00,20.9,6.0,4.1,0.6
2023-08-16 01:30:00+00:00,20.84,6.0,4.1,0.6
2023-08-16 01:40:00+00:00,20.78,6.0,4.1,0.6
2023-08-16 01:50:00+00:00,20.720000000000002,6.0,4.1,0.6
2023-08-16 02:00:00+00:00,20.66,6.0,4.1,0.6
2023-08-16 02:10:00+00:00,20.6,6.0,4.1,0.6
2023-08-16 02:20:00+00:00,20.57,6.1,4.1,0.95
2023-08-16 02:30:00+00:00,20.540000000000003,6.2,4.1,1.2999999999999998
2023-08-16 02:40:00+00:00,20.51,6.3,4.1,1.65
2023-08-16 02:50:00+00:00,20.48,6.4,4.1,2.0
2023-08-16 03:00:00+00:00,20.450000000000003,6.5,4.1,2.35
2023-08-16 03:10:00+00:00,20.42,6.6,4.1,2.6999999999999997
2023-08-16 03:20:00+00:00,20.39,6.7,4.1,3.05
2023-08-16 03:30:00+00:00,20.36,6.8,4.1,3.4
2023-08-16 03:40:00+00:00,20.330000000000002,6.9,4.1,3.75
2023-08-16 03:50:00+00:00,20.3,7.0,4.1,4.1
2023-08-16 04:00:00+00:00,20.2,6.0,4.1,4.1
2023-08-16 04:10:00+00:00,20.1,6.0,4.4,4.1
2023-08-16 04:20:00+00:00,20.2,6.0,4.9,4.1
2023-08-16 04:30:00+00:00,20.2,6.0,5.2,4.1
2023-08-16 04:40:00+00:00,20.2,6.0,5.3,4.1
2023-08-16 04:50:00+00:00,20.2,6.0,5.4,4.1
2023-08-16 05:00:00+00:00,20.2,6.0,5.4,4.1
2023-08-16 05:10:00+00:00,20.25,6.0,5.45,4.1
2023-08-16 05:20:00+00:00,20.3,6.0,5.5,4.1
2023-08-16 05:30:00+00:00,20.3,6.0,5.6,4.1
2023-08-16 05:40:00+00:00,20.3,6.0,5.6,4.1
2023-08-16 05:50:00+00:00,20.3,6.0,5.6,4.1
2023-08-16 06:00:00+00:00,20.3,6.0,5.6,4.1
2023-08-16 06:10:00+00:00,20.3,6.0,5.6,4.1
2023-08-16 06:20:00+00:00,20.3,6.0,5.6,4.1
2023-08-16 06:30:00+00:00,20.3,6.0,5.6,4.1
2023-08-16 06:40:00+00:00,20.3,6.0,5.6,4.1
2023-08-16 06:50:00+00:00,20.4,6.0,5.6,4.1
2023-08-16 07:00:00+00:00,20.4,6.0,5.6,4.1
2023-08-16 07:10:00+00:00,20.4,6.0,5.6,4.1
2023-08-16 07:20:00+00:00,20.5,6.0,5.6,4.1
2023-08-16 07:30:00+00:00,20.5,5.0,5.6,4.1
2023-08-16 07:40:00+00:00,20.5,6.0,5.6,4.1
2023-08-16 07:50:00+00:00,20.5,6.0,5.6,4.1
2023-08-16 08:00:00+00:00,20.55,6.0,5.65,4.1
2023-08-16 08:10:00+00:00,20.6,6.0,5.7,4.1
2023-08-16 08:20:00+00:00,20.6,6.0,5.7,4.1
2023-08-16 08:30:00+00:00,20.7,6.0,5.7,4.1
2023-08-16 08:40:00+00:00,20.8,6.0,5.7,4.2
2023-08-16 08:50:00+00:00,20.8,6.0,5.7,4.75
2023-08-16 09:00:00+00:00,20.8,6.0,5.7,5.3
2023-08-16 09:10:00+00:00,21.0,6.0,5.7,5.8
2023-08-16 09:20:00+00:00,21.0,6.0,5.6,6.0
2023-08-16 09:30:00+00:00,21.0,6.0,5.6,5.9
2023-08-16 09:40:00+00:00,21.1,6.0,5.6,6.0
2023-08-16 09:50:00+00:00,21.2,5.0,5.7,5.9
2023-08-16 10:00:00+00:00,21.3,5.0,5.7,5.9
2023-08-16 10:10:00+00:00,21.4,5.5,5.7,5.9
2023-08-16 10:20:00+00:00,21.5,6.0,5.7,5.9
2023-08-16 10:30:00+00:00,21.6,6.0,5.666666666666667,5.866666666666667
2023-08-16 10:40:00+00:00,21.7,6.0,5.633333333333333,5.833333333333333
2023-08-16 10:50:00+00:00,21.8,6.0,5.6,5.8
2023-08-16 11:00:00+00:00,21.8,6.0,5.7,5.8
2023-08-16 11:10:00+00:00,22.0,6.0,5.6,5.8
2023-08-16 11:20:00+00:00,22.1,5.0,5.7,5.8
2023-08-16 11:30:00+00:00,22.2,5.0,5.6,5.8
2023-08-16 11:40:00+00:00,22.3,5.0,5.6,5.8
2023-08-16 11:50:00+00:00,22.4,6.0,5.6,5.8
2023-08-16 12:00:00+00:00,22.5,5.0,5.6,5.9
2023-08-16 12:10:00+00:00,22.6,6.0,5.5,5.9
2023-08-16 12:20:00+00:00,22.6,5.0,5.5,6.0
2023-08-16 12:30:00+00:00,22.65,5.0,5.5,6.0
2023-08-16 12:40:00+00:00,22.7,5.0,5.5,6.0
2023-08-16 12:50:00+00:00,22.766666666666666,5.333333333333333,5.466666666666667,6.0
2023-08-16 13:00:00+00:00,22.833333333333332,5.666666666666667,5.433333333333334,6.0
2023-08-16 13:10:00+00:00,22.9,6.0,5.4,6.0
2023-08-16 13:20:00+00:00,23.0,5.0,5.4,6.0
2023-08-16 13:30:00+00:00,23.1,5.0,5.4,6.1
2023-08-16 13:40:00+00:00,23.1,5.5,5.35,6.1
2023-08-16 13:50:00+00:00,23.1,6.0,5.3,6.1
2023-08-16 14:00:00+00:00,23.150000000000002,5.75,5.3,6.1
2023-08-16 14:10:00+00:00,23.200000000000003,5.5,5.3,6.1
2023-08-16 14:20:00+00:00,23.25,5.25,5.3,6.1
2023-08-16 14:30:00+00:00,23.3,5.0,5.3,6.1
2023-08-16 14:40:00+00:00,23.4,6.0,5.3,6.1
2023-08-16 14:50:00+00:00,23.45,6.0,5.25,6.1
2023-08-16 15:00:00+00:00,23.5,6.0,5.2,6.1
2023-08-16 15:10:00+00:00,23.6,5.0,5.2,6.1
2023-08-16 15:20:00+00:00,23.6,6.0,5.2,6.1
2023-08-16 15:30:00+00:00,23.6,5.5,5.2,6.1
2023-08-16 15:40:00+00:00,23.6,5.0,5.2,6.1
2023-08-16 15:50:00+00:00,23.7,6.0,5.2,6.2
2023-08-16 16:00:00+00:00,23.7,5.0,5.1,6.1
2023-08-16 16:10:00+00:00,23.75,5.5,5.1,6.1
2023-08-16 16:20:00+00:00,23.8,6.0,5.1,6.1
2023-08-16 16:30:00+00:00,23.8,6.0,5.05,6.1
2023-08-16 16:40:00+00:00,23.8,6.0,5.0,6.1
2023-08-16 16:50:00+00:00,23.8,6.0,4.9,5.9
2023-08-16 17:00:00+00:00,23.8,6.0,4.8,4.3
2023-08-16 17:10:00+00:00,23.7,6.0,4.7,4.1
2023-08-16 17:20:00+00:00,23.7,5.0,4.5,5.0
2023-08-16 17:30:00+00:00,23.7,5.5,4.45,4.55
2023-08-16 17:40:00+00:00,23.7,6.0,4.4,4.1
2023-08-16 17:50:00+00:00,23.65,5.5,4.4,4.1
2023-08-16 18:00:00+00:00,23.6,5.0,4.4,4.1
2023-08-16 18:10:00+00:00,23.6,6.0,4.3,4.1
2023-08-16 18:20:00+00:00,23.55,6.0,4.25,4.05
2023-08-16 18:30:00+00:00,23.5,6.0,4.2,4.0
2023-08-16 18:40:00+00:00,23.4,6.0,4.1,2.7
2023-08-16 18:50:00+00:00,23.35,5.5,4.05,1.75
2023-08-16 19:00:00+00:00,23.3,5.0,4.0,0.8
2023-08-16 19:10:00+00:00,23.23846153846154,5.076923076923077,3.9923076923076923,0.7846153846153846
2023-08-16 19:20:00+00:00,23.176923076923078,5.153846153846154,3.9846153846153847,0.7692307692307693
2023-08-16 19:30:00+00:00,23.115384615384617,5.230769230769231,3.976923076923077,0.7538461538461538
2023-08-16 19:40:00+00:00,23.053846153846155,5.3076923076923075,3.9692307692307693,0.7384615384615385
2023-08-16 19:50:00+00:00,22.992307692307694,5.384615384615385,3.9615384615384617,0.7230769230769231
2023-08-16 20:00:00+00:00,22.930769230769233,5.461538461538462,3.953846153846154,0.7076923076923077
2023-08-16 20:10:00+00:00,22.869230769230768,5.538461538461538,3.946153846153846,0.6923076923076923
2023-08-16 20:20:00+00:00,22.807692307692307,5.615384615384615,3.9384615384615382,0.676923076923077
2023-08-16 20:30:00+00:00,22.746153846153845,5.6923076923076925,3.9307692307692306,0.6615384615384615
2023-08-16 20:40:00+00:00,22.684615384615384,5.769230769230769,3.923076923076923,0.6461538461538462
2023-08-16 20:50:00+00:00,22.623076923076923,5.846153846153847,3.9153846153846152,0.6307692307692307
2023-08-16 21:00:00+00:00,22.56153846153846,5.923076923076923,3.9076923076923076,0.6153846153846154
2023-08-16 21:10:00+00:00,22.5,6.0,3.9,0.6
2023-08-16 21:20:00+00:00,22.43,6.0,3.9,0.6
2023-08-16 21:30:00+00:00,22.36,6.0,3.9,0.6
2023-08-16 21:40:00+00:00,22.29,6.0,3.9,0.6
2023-08-16 21:50:00+00:00,22.22,6.0,3.9,0.6
2023-08-16 22:00:00+00:00,22.15,6.0,3.9,0.6
2023-08-16 22:10:00+00:00,22.080000000000002,6.0,3.9,0.6
2023-08-16 22:20:00+00:00,22.01,6.0,3.9,0.6
2023-08-16 22:30:00+00:00,21.94,6.0,3.9,0.6
2023-08-16 22:40:00+00:00,21.87,6.0,3.9,0.6
2023-08-16 22:50:00+00:00,21.8,6.0,3.9,0.6
2023-08-16 23:00:00+00:00,21.740000000000002,6.0,3.8899999999999997,0.6
2023-08-16 23:10:00+00:00,21.68,6.0,3.88,0.6
2023-08-16 23:20:00+00:00,21.62,6.0,3.87,0.6
2023-08-16 23:30:00+00:00,21.56,6.0,3.86,0.6
2023-08-16 23:40:00+00:00,21.5,6.0,3.8499999999999996,0.6
2023-08-16 23:50:00+00:00,21.44,6.0,3.84,0.6
2023-08-17 00:00:00+00:00,21.38,6.0,3.83,0.6
2023-08-17 00:10:00+00:00,21.32,6.0,3.82,0.6
2023-08-17 00:20:00+00:00,21.259999999999998,6.0,3.8099999999999996,0.6
2023-08-17 00:30:00+00:00,21.2,6.0,3.8,0.6
2023-08-17 00:40:00+00:00,21.15,6.1,3.8099999999999996,0.58
2023-08-17 00:50:00+00:00,21.099999999999998,6.2,3.82,0.5599999999999999
2023-08-17 01:00:00+00:00,21.05,6.3,3.83,0.54
2023-08-17 01:10:00+00:00,21.0,6.4,3.84,0.52
2023-08-17 01:20:00+00:00,20.95,6.5,3.8499999999999996,0.5
2023-08-17 01:30:00+00:00,20.9,6.6,3.86,0.48
2023-08-17 01:40:00+00:00,20.849999999999998,6.7,3.87,0.45999999999999996
2023-08-17 01:50:00+00:00,20.8,6.8,3.88,0.44
2023-08-17 02:00:00+00:00,20.75,6.9,3.8899999999999997,0.42000000000000004
2023-08-17 02:10:00+00:00,20.7,7.0,3.9,0.4
2023-08-17 02:20:00+00:00,20.68,7.0,3.91,0.77
2023-08-17 02:30:00+00:00,20.66,7.0,3.92,1.1400000000000001
2023-08-17 02:40:00+00:00,20.64,7.0,3.9299999999999997,1.5099999999999998
2023-08-17 02:50:00+00:00,20.62,7.0,3.94,1.88
2023-08-17 03:00:00+00:00,20.6,7.0,3.95,2.25
2023-08-17 03:10:00+00:00,20.58,7.0,3.96,2.6199999999999997
2023-08-17 03:20:00+00:00,20.56,7.0,3.9699999999999998,2.9899999999999998
2023-08-17 03:30:00+00:00,20.54,7.0,3.98,3.36
2023-08-17 03:40:00+00:00,20.52,7.0,3.99,3.73
2023-08-17 03:50:00+00:00,20.5,7.0,4.0,4.1
2023-08-17 04:00:00+00:00,20.4,6.0,4.2,4.1
2023-08-17 04:10:00+00:00,20.4,6.0,4.1,4.1
2023-08-17 04:20:00+00:00,20.3,6.0,4.2,3.8
2023-08-17 04:30:00+00:00,20.3,6.0,4.3,3.8
2023-08-17 04:40:00+00:00,20.3,6.0,4.3,3.8
2023-08-17 04:50:00+00:00,20.3,6.0,4.5,4.1
2023-08-17 05:00:00+00:00,20.3,6.5,4.65,4.1
2023-08-17 05:10:00+00:00,20.3,7.0,4.8,4.1
2023-08-17 05:20:00+00:00,20.2,7.0,5.1,4.1
2023-08-17 05:30:00+00:00,20.2,6.0,5.4,4.1
2023-08-17 05:40:00+00:00,20.2,7.0,5.7,4.1
2023-08-17 05:50:00+00:00,20.2,7.0,6.0,4.1
2023-08-17 06:00:00+00:00,20.2,6.0,6.1,4.1
2023-08-17 06:10:00+00:00,20.1,6.0,6.2,4.1
2023-08-17 06:20:00+00:00,20.1,6.0,6.0,4.1
2023-08-17 06:30:00+00:00,20.2,6.0,5.5,4.1
2023-08-17 06:40:00+00:00,20.2,6.0,5.4,4.1
2023-08-17 06:50:00+00:00,20.2,6.5,5.300000000000001,4.1
2023-08-17 07:00:00+00:00,20.2,7.0,5.2,4.1
2023-08-17 07:10:00+00:00,20.1,6.0,5.1,4.1
2023-08-17 07:20:00+00:00,20.1,6.0,4.9,4.1
2023-08-17 07:30:00+00:00,20.1,7.0,4.6,4.1
2023-08-17 07:40:00+00:00,20.1,6.0,4.2,4.1
2023-08-17 07:50:00+00:00,20.1,7.0,3.9,4.1
2023-08-17 08:00:00+00:00,20.1,6.0,3.8,4.1
2023-08-17 08:10:00+00:00,20.1,6.0,3.8,3.9
2023-08-17 08:20:00+00:00,20.1,6.0,4.0,4.1
2023-08-17 08:30:00+00:00,20.1,6.0,4.5,4.1
2023-08-17 08:40:00+00:00,20.1,6.0,4.7,4.1
2023-08-17 08:50:00+00:00,20.1,6.0,4.9,4.1
2023-08-17 09:00:00+00:00,20.1,6.0,5.0,4.1
2023-08-17 09:10:00+00:00,20.1,6.0,5.0,4.1
2023-08-17 09:20:00+00:00,20.1,7.0,4.8,4.1
2023-08-17 09:30:00+00:00,20.1,6.0,4.7,4.2
2023-08-17 09:40:00+00:00,20.2,6.0,4.8,4.1
2023-08-17 09:50:00+00:00,20.2,6.0,4.9,5.1
2023-08-17 10:00:00+00:00,20.2,5.0,5.1,5.4
2023-08-17 10:10:00+00:00,20.2,5.5,5.4,5.6
2023-08-17 10:20:00+00:00,20.2,6.0,5.7,5.8
2023-08-17 10:30:00+00:00,20.25,6.0,5.75,5.949999999999999
2023-08-17 10:40:00+00:00,20.3,6.0,5.8,6.1
2023-08-17 10:50:00+00:00,20.3,6.0,5.9,6.1
2023-08-17 11:00:00+00:00,20.3,6.0,6.0,6.0
2023-08-17 11:10:00+00:00,20.3,6.0,5.9,6.1
2023-08-17 11:20:00+00:00,20.333333333333332,6.0,5.9,6.1
2023-08-17 11:30:00+00:00,20.366666666666667,6.0,5.9,6.1
2023-08-17 11:40:00+00:00,20.4,6.0,5.9,6.1
2023-08-17 11:50:00+00:00,20.5,6.0,5.9,6.1
2023-08-17 12:00:00+00:00,20.5,6.0,5.8,6.1
2023-08-17 12:10:00+00:00,20.5,6.0,5.7,6.0
2023-08-17 12:20:00+00:00,20.55,6.0,5.7,5.95
2023-08-17 12:30:00+00:00,20.6,6.0,5.7,5.9
2023-08-17 12:40:00+00:00,20.6,6.0,5.7,6.0
2023-08-17 12:50:00+00:00,20.65,6.0,5.65,6.1
2023-08-17 13:00:00+00:00,20.7,6.0,5.6,6.2
2023-08-17 13:10:00+00:00,20.8,5.0,5.7,6.1
2023-08-17 13:20:00+00:00,20.8,5.0,5.7,5.9
2023-08-17 13:30:00+00:00,20.8,6.0,5.5,5.8
2023-08-17 13:40:00+00:00,20.9,6.0,5.4,6.2
2023-08-17 13:50:00+00:00,20.9,7.0,5.6,6.2
2023-08-17 14:00:00+00:00,20.933333333333334,6.666666666666667,5.6,6.166666666666667
2023-08-17 14:10:00+00:00,20.966666666666665,6.333333333333333,5.6,6.133333333333333
2023-08-17 14:20:00+00:00,21.0,6.0,5.6,6.1
2023-08-17 14:30:00+00:00,21.1,6.0,5.5,6.1
2023-08-17 14:40:00+00:00,21.1,6.0,5.5,6.1
2023-08-17 14:50:00+00:00,21.1,6.0,5.5,6.1
2023-08-17 15:00:00+00:00,21.2,6.0,5.5,6.1
2023-08-17 15:10:00+00:00,21.2,6.0,5.5,6.2
2023-08-17 15:20:00+00:00,21.233333333333334,6.0,5.466666666666667,6.2
2023-08-17 15:30:00+00:00,21.266666666666666,6.0,5.433333333333334,6.2
2023-08-17 15:40:00+00:00,21.3,6.0,5.4,6.2
2023-08-17 15:50:00+00:00,21.3,6.0,5.4,6.1
2023-08-17 16:00:00+00:00,21.3,6.0,5.4,6.1
2023-08-17 16:10:00+00:00,21.3,6.0,5.4,6.1
2023-08-17 16:20:00+00:00,21.3,6.0,5.3,6.1
2023-08-17 16:30:00+00:00,21.4,6.0,5.3,6.1
2023-08-17 16:40:00+00:00,21.4,5.0,5.3,6.1
2023-08-17 16:50:00+00:00,21.45,5.5,5.25,6.05
2023-08-17 17:00:00+00:00,21.5,6.0,5.2,6.0
2023-08-17 17:10:00+00:00,21.5,5.0,5.2,4.8
2023-08-17 17:20:00+00:00,21.5,6.0,5.1,4.1
2023-08-17 17:30:00+00:00,21.5,6.333333333333333,5.033333333333333,4.1
2023-08-17 17:40:00+00:00,21.5,6.666666666666667,4.966666666666667,4.1
2023-08-17 17:50:00+00:00,21.5,7.0,4.9,4.1
2023-08-17 18:00:00+00:00,21.4,6.5,4.85,4.1
2023-08-17 18:10:00+00:00,21.3,6.0,4.8,4.1
2023-08-17 18:20:00+00:00,21.3,6.0,4.7,4.0
2023-08-17 18:30:00+00:00,21.3,6.0,4.7,3.3
2023-08-17 18:40:00+00:00,21.2,6.0,4.7,1.8
2023-08-17 18:50:00+00:00,21.1,6.0,4.7,0.9
2023-08-17 19:00:00+00:00,21.084615384615386,6.0,4.707692307692308,0.8615384615384616
2023-08-17 19:10:00+00:00,21.06923076923077,6.0,4.7153846153846155,0.823076923076923
2023-08-17 19:20:00+00:00,21.053846153846155,6.0,4.723076923076923,0.7846153846153846
2023-08-17 19:30:00+00:00,21.03846153846154,6.0,4.730769230769231,0.7461538461538462
2023-08-17 19:40:00+00:00,21.023076923076925,6.0,4.7384615384615385,0.7076923076923077
2023-08-17 19:50:00+00:00,21.00769230769231,6.0,4.746153846153846,0.6692307692307693
2023-08-17 20:00:00+00:00,20.99230769230769,6.0,4.753846153846154,0.6307692307692307
2023-08-17 20:10:00+00:00,20.976923076923075,6.0,4.7615384615384615,0.5923076923076923
2023-08-17 20:20:00+00:00,20.96153846153846,6.0,4.769230769230769,0.5538461538461539
2023-08-17 20:30:00+00:00,20.946153846153845,6.0,4.776923076923077,0.5153846153846153
2023-08-17 20:40:00+00:00,20.93076923076923,6.0,4.7846153846153845,0.4769230769230769
2023-08-17 20:50:00+00:00,20.915384615384614,6.0,4.792307692307692,0.43846153846153846
2023-08-17 21:00:00+00:00,20.9,6.0,4.8,0.4
2023-08-17 21:10:00+00:00,20.869999999999997,6.0,4.81,0.4
2023-08-17 21:20:00+00:00,20.84,6.0,4.82,0.4
2023-08-17 21:30:00+00:00,20.81,6.0,4.83,0.4
2023-08-17 21:40:00+00:00,20.78,6.0,4.84,0.4
2023-08-17 21:50:00+00:00,20.75,6.0,4.85,0.4
2023-08-17 22:00:00+00:00,20.72,6.0,4.86,0.4
2023-08-17 22:10:00+00:00,20.69,6.0,4.87,0.4
2023-08-17 22:20:00+00:00,20.66,6.0,4.88,0.4
2023-08-17 22:30:00+00:00,20.630000000000003,6.0,4.890000000000001,0.4
2023-08-17 22:40:00+00:00,20.6,6.0,4.9,0.4
2023-08-17 22:50:00+00:00,20.580000000000002,6.0,4.9,0.42000000000000004
2023-08-17 23:00:00+00:00,20.560000000000002,6.0,4.9,0.44
2023-08-17 23:10:00+00:00,20.54,6.0,4.9,0.46
2023-08-17 23:20:00+00:00,20.52,6.0,4.9,0.48
2023-08-17 23:30:00+00:00,20.5,6.0,4.9,0.5
2023-08-17 23:40:00+00:00,20.48,6.0,4.9,0.52
2023-08-17 23:50:00+00:00,20.46,6.0,4.9,0.54
2023-08-18 00:00:00+00:00,20.439999999999998,6.0,4.9,0.56
2023-08-18 00:10:00+00:00,20.419999999999998,6.0,4.9,0.58
2023-08-18 00:20:00+00:00,20.4,6.0,4.9,0.6
2023-08-18 00:30:00+00:00,20.369999999999997,6.0,4.91,0.6
2023-08-18 00:40:00+00:00,20.34,6.0,4.92,0.6
2023-08-18 00:50:00+00:00,20.31,6.0,4.930000000000001,0.6
2023-08-18 01:00:00+00:00,20.28,6.0,4.94,0.6
2023-08-18 01:10:00+00:00,20.25,6.0,4.95,0.6
2023-08-18 01:20:00+00:00,20.22,6.0,4.96,0.6
2023-08-18 01:30:00+00:00,20.19,6.0,4.97,0.6
2023-08-18 01:40:00+00:00,20.16,6.0,4.98,0.6
2023-08-18 01:50:00+00:00,20.130000000000003,6.0,4.99,0.6
2023-08-18 02:00:00+00:00,20.1,6.0,5.0,0.6
2023-08-18 02:10:00+00:00,20.09,6.0,5.01,0.8799999999999999
2023-08-18 02:20:00+00:00,20.080000000000002,6.0,5.02,1.16
2023-08-18 02:30:00+00:00,20.07,6.0,5.03,1.44
2023-08-18 02:40:00+00:00,20.060000000000002,6.0,5.04,1.7199999999999998
2023-08-18 02:50:00+00:00,20.05,6.0,5.05,2.0
2023-08-18 03:00:00+00:00,20.04,6.0,5.06,2.28
2023-08-18 03:10:00+00:00,20.03,6.0,5.069999999999999,2.5599999999999996
2023-08-18 03:20:00+00:00,20.02,6.0,5.08,2.84
2023-08-18 03:30:00+00:00,20.01,6.0,5.09,3.1199999999999997
2023-08-18 03:40:00+00:00,20.0,6.0,5.1,3.4
2023-08-18 03:50:00+00:00,19.9,6.0,5.1,4.1
2023-08-18 04:00:00+00:00,19.9,6.0,5.1,4.1
2023-08-18 04:10:00+00:00,19.9,6.0,5.1,4.1
2023-08-18 04:20:00+00:00,19.9,6.0,5.2,4.1
2023-08-18 04:30:00+00:00,19.85,6.0,5.2,4.1
2023-08-18 04:40:00+00:00,19.8,6.0,5.2,4.1
2023-08-18 04:50:00+00:00,19.8,6.0,5.2,4.1
2023-08-18 05:00:00+00:00,19.8,6.0,5.2,4.1
2023-08-18 05:10:00+00:00,19.8,6.0,5.2,4.1
2023-08-18 05:20:00+00:00,19.8,6.0,5.3,4.1
2023-08-18 05:30:00+00:00,19.8,6.0,5.5,3.9
2023-08-18 05:40:00+00:00,19.8,6.0,5.4,4.1
2023-08-18 05:50:00+00:00,19.8,6.0,5.45,4.1
2023-08-18 06:00:00+00:00,19.8,6.0,5.5,4.1
2023-08-18 06:10:00+00:00,19.8,6.0,5.6,4.1
2023-08-18 06:20:00+00:00,19.9,6.0,5.5,4.1
2023-08-18 06:30:00+00:00,19.9,6.0,5.5,4.1
2023-08-18 06:40:00+00:00,19.9,6.0,5.5,4.1
2023-08-18 06:50:00+00:00,19.9,6.0,5.5,4.1
2023-08-18 07:00:00+00:00,19.9,7.0,5.5,4.1
2023-08-18 07:10:00+00:00,19.9,6.0,5.5,4.1
2023-08-18 07:20:00+00:00,19.9,6.0,5.5,3.9
2023-08-18 07:30:00+00:00,19.9,6.0,5.5,4.1
2023-08-18 07:40:00+00:00,20.0,6.0,5.6,4.1
2023-08-18 07:50:00+00:00,20.0,6.0,5.6,4.1
2023-08-18 08:00:00+00:00,20.0,6.0,5.6,4.1
2023-08-18 08:10:00+00:00,20.0,6.0,5.6,4.1
2023-08-18 08:20:00+00:00,20.0,6.0,5.6,4.2
2023-08-18 08:30:00+00:00,20.0,6.5,5.65,4.15
2023-08-18 08:40:00+00:00,20.0,7.0,5.7,4.1
2023-08-18 08:50:00+00:00,20.1,6.0,5.8,4.6
2023-08-18 09:00:00+00:00,20.1,7.0,5.7,4.1
2023-08-18 09:10:00+00:00,20.1,6.0,5.6,5.2
2023-08-18 09:20:00+00:00,20.1,6.0,5.6,5.6
2023-08-18 09:30:00+00:00,20.2,6.0,5.6,5.6
2023-08-18 09:40:00+00:00,20.2,6.0,5.6,5.2
2023-08-18 09:50:00+00:00,20.25,6.0,5.6,4.65
2023-08-18 10:00:00+00:00,20.3,6.0,5.6,4.1
2023-08-18 10:10:00+00:00,20.333333333333332,6.333333333333333,5.566666666666666,4.666666666666666
2023-08-18 10:20:00+00:00,20.366666666666667,6.666666666666667,5.533333333333333,5.233333333333333
2023-08-18 10:30:00+00:00,20.4,7.0,5.5,5.8
2023-08-18 10:40:00+00:00,20.4,7.0,5.5,5.6
2023-08-18 10:50:00+00:00,20.45,6.5,5.55,5.8
2023-08-18 11:00:00+00:00,20.5,6.0,5.6,6.0
2023-08-18 11:10:00+00:00,20.5,6.0,5.6,6.0
2023-08-18 11:20:00+00:00,20.5,6.0,5.6,6.0
2023-08-18 11:30:00+00:00,20.5,5.0,5.6,6.0
2023-08-18 11:40:00+00:00,20.6,7.0,5.6,6.1
2023-08-18 11:50:00+00:00,20.6,6.5,5.6,6.0
2023-08-18 12:00:00+00:00,20.6,6.0,5.6,5.9
2023-08-18 12:10:00+00:00,20.6,6.0,5.566666666666666,5.9
2023-08-18 12:20:00+00:00,20.6,6.0,5.533333333333333,5.9
2023-08-18 12:30:00+00:00,20.6,6.0,5.5,5.9
2023-08-18 12:40:00+00:00,20.7,6.0,5.5,6.0
2023-08-18 12:50:00+00:00,20.7,6.0,5.5,6.1
2023-08-18 13:00:00+00:00,20.7,6.0,5.5,6.0
2023-08-18 13:10:00+00:00,20.8,5.0,5.5,6.1
2023-08-18 13:20:00+00:00,20.8,6.0,5.5,6.0
2023-08-18 13:30:00+00:00,20.833333333333332,6.0,5.5,6.0
2023-08-18 13:40:00+00:00,20.866666666666667,6.0,5.5,6.0
2023-08-18 13:50:00+00:00,20.9,6.0,5.5,6.0
2023-08-18 14:00:00+00:00,20.9,6.0,5.5,6.0
2023-08-18 14:10:00+00:00,20.9,6.0,5.5,6.0
2023-08-18 14:20:00+00:00,20.933333333333334,5.666666666666667,5.466666666666667,6.0
2023-08-18 14:30:00+00:00,20.966666666666665,5.333333333333333,5.433333333333334,6.0
2023-08-18 14:40:00+00:00,21.0,5.0,5.4,6.0
2023-08-18 14:50:00+00:00,21.0,6.0,5.4,5.8
2023-08-18 15:00:00+00:00,21.1,6.0,5.4,6.0
2023-08-18 15:10:00+00:00,21.1,6.0,5.4,5.7
2023-08-18 15:20:00+00:00,21.15,6.0,5.35,5.6
2023-08-18 15:30:00+00:00,21.2,6.0,5.3,5.5
2023-08-18 15:40:00+00:00,21.233333333333334,6.0,5.3,5.1
2023-08-18 15:50:00+00:00,21.266666666666666,6.0,5.3,4.7
2023-08-18 16:00:00+00:00,21.3,6.0,5.3,4.3
2023-08-18 16:10:00+00:00,21.3,6.0,5.3,4.1
2023-08-18 16:20:00+00:00,21.35,5.5,5.3,4.1
2023-08-18 16:30:00+00:00,21.4,5.0,5.3,4.1
2023-08-18 16:40:00+00:00,21.433333333333334,5.333333333333333,5.266666666666667,4.1
2023-08-18 16:50:00+00:00,21.466666666666665,5.666666666666667,5.233333333333333,4.1
2023-08-18 17:00:00+00:00,21.5,6.0,5.2,4.1
2023-08-18 17:10:00+00:00,21.5,6.0,5.050000000000001,4.1
2023-08-18 17:20:00+00:00,21.5,6.0,4.9,4.1
2023-08-18 17:30:00+00:00,21.5,6.0,4.9,4.1
2023-08-18 17:40:00+00:00,21.5,6.0,4.9,4.1
2023-08-18 17:50:00+00:00,21.5,6.0,4.8,4.1
2023-08-18 18:00:00+00:00,21.5,6.0,4.7,4.1
2023-08-18 18:10:00+00:00,21.5,6.0,4.7,4.0
2023-08-18 18:20:00+00:00,21.5,6.0,4.666666666666667,3.0
2023-08-18 18:30:00+00:00,21.5,6.0,4.633333333333333,2.0
2023-08-18 18:40:00+00:00,21.5,6.0,4.6,1.0
2023-08-18 18:50:00+00:00,21.5,6.0,4.7,0.5
2023-08-18 19:00:00+00:00,21.48,6.0,4.68,0.51
2023-08-18 19:10:00+00:00,21.46,6.0,4.66,0.52
2023-08-18 19:20:00+00:00,21.44,6.0,4.640000000000001,0.53
2023-08-18 19:30:00+00:00,21.42,6.0,4.62,0.54
2023-08-18 19:40:00+00:00,21.4,6.0,4.6,0.55
2023-08-18 19:50:00+00:00,21.38,6.0,4.58,0.5599999999999999
2023-08-18 20:00:00+00:00,21.36,6.0,4.5600000000000005,0.57
2023-08-18 20:10:00+00:00,21.34,6.0,4.54,0.58
2023-08-18 20:20:00+00:00,21.32,6.0,4.52,0.59
2023-08-18 20:30:00+00:00,21.3,6.0,4.5,0.6
2023-08-18 20:40:00+00:00,21.27,6.0,4.5,0.6
2023-08-18 20:50:00+00:00,21.240000000000002,6.0,4.5,0.6
2023-08-18 21:00:00+00:00,21.21,6.0,4.5,0.6
2023-08-18 21:10:00+00:00,21.18,6.0,4.5,0.6
2023-08-18 21:20:00+00:00,21.15,6.0,4.5,0.6
2023-08-18 21:30:00+00:00,21.12,6.0,4.5,0.6
2023-08-18 21:40:00+00:00,21.09,6.0,4.5,0.6
2023-08-18 21:50:00+00:00,21.06,6.0,4.5,0.6
2023-08-18 22:00:00+00:00,21.03,6.0,4.5,0.6
2023-08-18 22:10:00+00:00,21.0,6.0,4.5,0.6
2023-08-18 22:20:00+00:00,20.97142857142857,6.0,4.514285714285714,0.6
2023-08-18 22:30:00+00:00,20.942857142857143,6.0,4.5285714285714285,0.6
2023-08-18 22:40:00+00:00,20.914285714285715,6.0,4.542857142857143,0.6
2023-08-18 22:50:00+00:00,20.885714285714286,6.0,4.557142857142857,0.6
2023-08-18 23:00:00+00:00,20.857142857142858,6.0,4.571428571428571,0.6
2023-08-18 23:10:00+00:00,20.82857142857143,6.0,4.585714285714285,0.6
2023-08-18 23:20:00+00:00,20.8,6.0,4.6,0.6
2023-08-18 23:30:00+00:00,20.771428571428572,6.0,4.614285714285715,0.6
2023-08-18 23:40:00+00:00,20.742857142857144,6.0,4.628571428571429,0.6
2023-08-18 23:50:00+00:00,20.714285714285715,6.0,4.642857142857143,0.6
2023-08-19 00:00:00+00:00,20.685714285714287,6.0,4.6571428571428575,0.6
2023-08-19 00:10:00+00:00,20.65714285714286,6.0,4.671428571428572,0.6
2023-08-19 00:20:00+00:00,20.62857142857143,6.0,4.685714285714286,0.6
2023-08-19 00:30:00+00:00,20.6,6.0,4.7,0.6
2023-08-19 00:40:00+00:00,20.57,6.0,4.67,0.6
2023-08-19 00:50:00+00:00,20.540000000000003,6.0,4.640000000000001,0.6
2023-08-19 01:00:00+00:00,20.51,6.0,4.61,0.6
2023-08-19 01:10:00+00:00,20.48,6.0,4.58,0.6
2023-08-19 01:20:00+00:00,20.450000000000003,6.0,4.550000000000001,0.6
2023-08-19 01:30:00+00:00,20.42,6.0,4.5200000000000005,0.6
2023-08-19 01:40:00+00:00,20.39,6.0,4.49,0.6
2023-08-19 01:50:00+00:00,20.36,6.0,4.46,0.6
2023-08-19 02:00:00+00:00,20.330000000000002,6.0,4.430000000000001,0.6
2023-08-19 02:10:00+00:00,20.3,6.0,4.4,0.6
2023-08-19 02:20:00+00:00,20.27,6.05,4.445,0.9299999999999999
2023-08-19 02:30:00+00:00,20.240000000000002,6.1,4.49,1.2599999999999998
2023-08-19 02:40:00+00:00,20.21,6.15,4.535,1.5899999999999999
2023-08-19 02:50:00+00:00,20.18,6.2,4.58,1.92
2023-08-19 03:00:00+00:00,20.15,6.25,4.625,2.25
2023-08-19 03:10:00+00:00,20.12,6.3,4.67,2.5799999999999996
2023-08-19 03:20:00+00:00,20.09,6.35,4.715,2.9099999999999997
2023-08-19 03:30:00+00:00,20.06,6.4,4.76,3.2399999999999998
2023-08-19 03:40:00+00:00,20.03,6.45,4.805,3.57
2023-08-19 03:50:00+00:00,20.0,6.5,4.85,3.9
2023-08-19 04:00:00+00:00,19.9,6.0,5.0,4.1
2023-08-19 04:10:00+00:00,20.0,7.0,5.0,4.1
2023-08-19 04:20:00+00:00,20.0,6.0,5.1,4.1
2023-08-19 04:30:00+00:00,20.0,6.0,5.1,4.1
2023-08-19 04:40:00+00:00,19.95,6.0,5.15,4.1
2023-08-19 04:50:00+00:00,19.9,6.0,5.2,4.1
2023-08-19 05:00:00+00:00,20.0,7.0,5.3,4.1
2023-08-19 05:10:00+00:00,19.9,6.0,5.3,4.1
2023-08-19 05:20:00+00:00,19.9,6.0,5.4,4.1
2023-08-19 05:30:00+00:00,20.0,7.0,5.5,4.1
2023-08-19 05:40:00+00:00,19.9,7.0,5.5,4.1
2023-08-19 05:50:00+00:00,19.9,6.0,5.6,4.1
2023-08-19 06:00:00+00:00,19.9,6.0,5.7,4.1
2023-08-19 06:10:00+00:00,19.9,6.0,5.7,4.1
2023-08-19 06:20:00+00:00,19.9,6.0,5.8,4.1
2023-08-19 06:30:00+00:00,19.9,6.0,5.8,4.1
2023-08-19 06:40:00+00:00,19.9,6.0,5.8,4.1
2023-08-19 06:50:00+00:00,20.0,6.0,5.8,4.1
2023-08-19 07:00:00+00:00,19.9,6.0,5.9,4.1
2023-08-19 07:10:00+00:00,20.0,6.0,5.9,4.1
2023-08-19 07:20:00+00:00,20.0,6.0,5.9,4.1
2023-08-19 07:30:00+00:00,20.0,6.0,5.8,4.1
2023-08-19 07:40:00+00:00,20.0,6.0,5.8,4.1
2023-08-19 07:50:00+00:00,20.0,6.0,5.7,4.1
2023-08-19 08:00:00+00:00,20.0,6.0,5.75,4.1
2023-08-19 08:10:00+00:00,20.0,6.0,5.8,4.1
2023-08-19 08:20:00+00:00,20.0,6.0,5.75,4.1
2023-08-19 08:30:00+00:00,20.0,6.0,5.7,4.1
2023-08-19 08:40:00+00:00,20.1,6.0,5.7,4.1
2023-08-19 08:50:00+00:00,20.1,7.0,5.7,4.1
2023-08-19 09:00:00+00:00,20.1,6.0,5.7,4.1
2023-08-19 09:10:00+00:00,20.125,6.0,5.7,4.1
2023-08-19 09:20:00+00:00,20.15,6.0,5.7,4.1
2023-08-19 09:30:00+00:00,20.175,6.0,5.7,4.1
2023-08-19 09:40:00+00:00,20.2,6.0,5.7,4.1
2023-08-19 09:50:00+00:00,20.3,6.0,5.7,4.6
2023-08-19 10:00:00+00:00,20.3,5.0,5.7,5.3
2023-08-19 10:10:00+00:00,20.333333333333332,5.333333333333333,5.666666666666667,5.533333333333333
2023-08-19 10:20:00+00:00,20.366666666666667,5.666666666666667,5.633333333333333,5.766666666666667
2023-08-19 10:30:00+00:00,20.4,6.0,5.6,6.0
2023-08-19 10:40:00+00:00,20.5,5.0,5.7,5.9
2023-08-19 10:50:00+00:00,20.5,6.0,5.6,6.0
2023-08-19 11:00:00+00:00,20.6,6.0,5.6,5.9
2023-08-19 11:10:00+00:00,20.7,5.0,5.6,6.0
2023-08-19 11:20:00+00:00,20.8,6.0,5.6,6.0
2023-08-19 11:30:00+00:00,20.8,7.0,5.5,5.9
2023-08-19 11:40:00+00:00,20.9,5.0,5.5,6.0
2023-08-19 11:50:00+00:00,21.0,6.0,5.5,5.9
2023-08-19 12:00:00+00:00,21.0,5.5,5.5,5.9
2023-08-19 12:10:00+00:00,21.0,5.0,5.5,5.9
2023-08-19 12:20:00+00:00,21.1,5.0,5.4,5.9
2023-08-19 12:30:00+00:00,21.2,6.0,5.4,6.0
2023-08-19 12:40:00+00:00,21.3,6.0,5.4,6.0
2023-08-19 12:50:00+00:00,21.5,6.0,5.4,5.5
2023-08-19 13:00:00+00:00,21.5,5.0,5.4,5.8
2023-08-19 13:10:00+00:00,21.55,5.5,5.35,5.8
2023-08-19 13:20:00+00:00,21.6,6.0,5.3,5.8
2023-08-19 13:30:00+00:00,21.8,6.0,5.3,5.9
2023-08-19 13:40:00+00:00,21.9,6.0,5.3,5.8
2023-08-19 13:50:00+00:00,21.95,5.5,5.35,5.85
2023-08-19 14:00:00+00:00,22.0,5.0,5.4,5.9
2023-08-19 14:10:00+00:00,22.0,5.0,5.3,5.8
2023-08-19 14:20:00+00:00,22.1,6.0,5.3,5.8
2023-08-19 14:30:00+00:00,22.15,5.5,5.25,5.9
2023-08-19 14:40:00+00:00,22.2,5.0,5.2,6.0
2023-08-19 14:50:00+00:00,22.2,5.0,5.2,6.0
2023-08-19 15:00:00+00:00,22.3,5.0,5.1,6.0
2023-08-19 15:10:00+00:00,22.3,6.0,5.0,5.8
2023-08-19 15:20:00+00:00,22.5,5.0,4.9,5.9
2023-08-19 15:30:00+00:00,22.5,6.0,5.0,6.0
2023-08-19 15:40:00+00:00,22.55,5.5,5.05,6.0
2023-08-19 15:50:00+00:00,22.6,5.0,5.1,6.0
2023-08-19 16:00:00+00:00,22.6,5.0,5.1,6.0
2023-08-19 16:10:00+00:00,22.6,5.0,5.1,6.0
2023-08-19 16:20:00+00:00,22.666666666666668,5.333333333333333,5.066666666666666,5.933333333333334
2023-08-19 16:30:00+00:00,22.733333333333334,5.666666666666667,5.033333333333333,5.866666666666666
2023-08-19 16:40:00+00:00,22.8,6.0,5.0,5.8
2023-08-19 16:50:00+00:00,22.9,6.0,4.9,5.7
2023-08-19 17:00:00+00:00,22.9,5.0,4.9,5.6
2023-08-19 17:10:00+00:00,22.924999999999997,5.0,4.8500000000000005,5.225
2023-08-19 17:20:00+00:00,22.95,5.0,4.800000000000001,4.85
2023-08-19 17:30:00+00:00,22.975,5.0,4.75,4.475
2023-08-19 17:40:00+00:00,23.0,5.0,4.7,4.1
2023-08-19 17:50:00+00:00,23.0,6.0,4.5,4.1
2023-08-19 18:00:00+00:00,23.0,6.0,4.4,3.8666666666666663
2023-08-19 18:10:00+00:00,23.0,6.0,4.3,3.6333333333333333
2023-08-19 18:20:00+00:00,23.0,6.0,4.2,3.4
2023-08-19 18:30:00+00:00,23.0,6.0,4.15,2.15
2023-08-19 18:40:00+00:00,23.0,6.0,4.1,0.9
2023-08-19 18:50:00+00:00,22.95,6.0,4.109999999999999,0.87
2023-08-19 19:00:00+00:00,22.9,6.0,4.12,0.84
2023-08-19 19:10:00+00:00,22.85,6.0,4.13,0.81
2023-08-19 19:20:00+00:00,22.8,6.0,4.14,0.78
2023-08-19 19:30:00+00:00,22.75,6.0,4.15,0.75
2023-08-19 19:40:00+00:00,22.7,6.0,4.16,0.72
2023-08-19 19:50:00+00:00,22.65,6.0,4.17,0.69
2023-08-19 20:00:00+00:00,22.6,6.0,4.18,0.6599999999999999
2023-08-19 20:10:00+00:00,22.55,6.0,4.19,0.6299999999999999
2023-08-19 20:20:00+00:00,22.5,6.0,4.2,0.6
2023-08-19 20:30:00+00:00,22.46,6.0,4.220000000000001,0.6
2023-08-19 20:40:00+00:00,22.42,6.0,4.24,0.6
2023-08-19 20:50:00+00:00,22.38,6.0,4.26,0.6
2023-08-19 21:00:00+00:00,22.34,6.0,4.28,0.6
2023-08-19 21:10:00+00:00,22.3,6.0,4.300000000000001,0.6
2023-08-19 21:20:00+00:00,22.26,6.0,4.32,0.6
2023-08-19 21:30:00+00:00,22.220000000000002,6.0,4.34,0.6
2023-08-19 21:40:00+00:00,22.18,6.0,4.36,0.6
2023-08-19 21:50:00+00:00,22.14,6.0,4.380000000000001,0.6
2023-08-19 22:00:00+00:00,22.1,6.0,4.4,0.6
2023-08-19 22:10:00+00:00,22.064285714285717,6.071428571428571,4.4,0.6
2023-08-19 22:20:00+00:00,22.02857142857143,6.142857142857143,4.4,0.6
2023-08-19 22:30:00+00:00,21.992857142857144,6.214285714285714,4.4,0.6
2023-08-19 22:40:00+00:00,21.95714285714286,6.285714285714286,4.4,0.6
2023-08-19 22:50:00+00:00,21.921428571428574,6.357142857142857,4.4,0.6
2023-08-19 23:00:00+00:00,21.885714285714286,6.428571428571429,4.4,0.6
2023-08-19 23:10:00+00:00,21.85,6.5,4.4,0.6
2023-08-19 23:20:00+00:00,21.814285714285717,6.571428571428571,4.4,0.6
2023-08-19 23:30:00+00:00,21.77857142857143,6.642857142857142,4.4,0.6
2023-08-19 23:40:00+00:00,21.742857142857144,6.714285714285714,4.4,0.6
2023-08-19 23:50:00+00:00,21.70714285714286,6.785714285714286,4.4,0.6
2023-08-20 00:00:00+00:00,21.671428571428574,6.857142857142857,4.4,0.6
2023-08-20 00:10:00+00:00,21.635714285714286,6.928571428571429,4.4,0.6
2023-08-20 00:20:00+00:00,21.6,7.0,4.4,0.6
2023-08-20 00:30:00+00:00,21.560000000000002,6.9,4.44,0.58
2023-08-20 00:40:00+00:00,21.52,6.8,4.48,0.5599999999999999
2023-08-20 00:50:00+00:00,21.48,6.7,4.5200000000000005,0.54
2023-08-20 01:00:00+00:00,21.44,6.6,4.5600000000000005,0.52
2023-08-20 01:10:00+00:00,21.4,6.5,4.6,0.5
2023-08-20 01:20:00+00:00,21.36,6.4,4.64,0.48
2023-08-20 01:30:00+00:00,21.32,6.3,4.68,0.45999999999999996
2023-08-20 01:40:00+00:00,21.28,6.2,4.72,0.44
2023-08-20 01:50:00+00:00,21.24,6.1,4.76,0.42000000000000004
2023-08-20 02:00:00+00:00,21.2,6.0,4.8,0.4
2023-08-20 02:10:00+00:00,21.15,6.0,4.835,0.69
2023-08-20 02:20:00+00:00,21.1,6.0,4.87,0.98
2023-08-20 02:30:00+00:00,21.05,6.0,4.905,1.27
2023-08-20 02:40:00+00:00,21.0,6.0,4.94,1.56
2023-08-20 02:50:00+00:00,20.950000000000003,6.0,4.975,1.85
2023-08-20 03:00:00+00:00,20.900000000000002,6.0,5.01,2.1399999999999997
2023-08-20 03:10:00+00:00,20.85,6.0,5.045,2.4299999999999997
2023-08-20 03:20:00+00:00,20.8,6.0,5.08,2.7199999999999998
2023-08-20 03:30:00+00:00,20.750000000000004,6.0,5.115,3.01
2023-08-20 03:40:00+00:00,20.700000000000003,6.0,5.15,3.3
2023-08-20 03:50:00+00:00,20.650000000000002,6.0,5.225,3.6999999999999997
2023-08-20 04:00:00+00:00,20.6,6.0,5.3,4.1
2023-08-20 04:10:00+00:00,20.6,6.0,5.5,4.1
2023-08-20 04:20:00+00:00,20.6,6.0,5.5,4.1
2023-08-20 04:30:00+00:00,20.6,6.0,5.55,4.1
2023-08-20 04:40:00+00:00,20.6,6.0,5.6,4.1
2023-08-20 04:50:00+00:00,20.6,6.0,5.6,4.1
2023-08-20 05:00:00+00:00,20.6,6.0,5.7,4.1
2023-08-20 05:10:00+00:00,20.6,6.0,5.7,4.1
2023-08-20 05:20:00+00:00,20.6,6.0,5.7,4.1
2023-08-20 05:30:00+00:00,20.6,6.0,5.7,4.1
2023-08-20 05:40:00+00:00,20.6,6.0,5.7,4.1
2023-08-20 05:50:00+00:00,20.7,6.0,5.7,4.1
2023-08-20 06:00:00+00:00,20.7,6.0,5.7,4.1
2023-08-20 06:10:00+00:00,20.7,6.0,5.7,4.1
2023-08-20 06:20:00+00:00,20.7,6.0,5.75,4.1
2023-08-20 06:30:00+00:00,20.7,6.0,5.8,4.1
2023-08-20 06:40:00+00:00,20.7,6.0,5.7,4.1
2023-08-20 06:50:00+00:00,20.7,6.0,5.7,4.1
2023-08-20 07:00:00+00:00,20.8,5.0,5.7,4.1
2023-08-20 07:10:00+00:00,20.8,6.0,5.8,4.1
2023-08-20 07:20:00+00:00,20.8,6.0,5.8,4.1
2023-08-20 07:30:00+00:00,20.8,6.0,5.7,4.1
2023-08-20 07:40:00+00:00,20.8,6.0,5.8,4.1
2023-08-20 07:50:00+00:00,20.9,5.0,5.7,4.1
2023-08-20 08:00:00+00:00,20.9,6.0,5.7,4.2
2023-08-20 08:10:00+00:00,20.95,6.0,5.7,4.2
2023-08-20 08:20:00+00:00,21.0,6.0,5.7,4.2
2023-08-20 08:30:00+00:00,21.0,6.0,5.7,4.1
2023-08-20 08:40:00+00:00,21.0,6.0,5.7,4.1
2023-08-20 08:50:00+00:00,21.1,6.0,5.7,4.9
2023-08-20 09:00:00+00:00,21.1,6.0,5.6,5.5
2023-08-20 09:10:00+00:00,21.2,6.0,5.6,5.9
2023-08-20 09:20:00+00:00,21.3,5.0,5.6,5.8
2023-08-20 09:30:00+00:00,21.3,6.0,5.6,5.9
2023-08-20 09:40:00+00:00,21.4,6.0,5.5,5.9
2023-08-20 09:50:00+00:00,21.5,6.0,5.5,5.9
2023-08-20 10:00:00+00:00,21.55,6.0,5.55,5.9
2023-08-20 10:10:00+00:00,21.6,6.0,5.6,5.9
2023-08-20 10:20:00+00:00,21.7,6.0,5.6,5.6
2023-08-20 10:30:00+00:00,21.8,6.0,5.6,5.7
2023-08-20 10:40:00+00:00,21.8,6.0,5.5,5.7
2023-08-20 10:50:00+00:00,22.0,6.0,5.4,5.7
2023-08-20 11:00:00+00:00,22.1,6.0,5.4,5.6
2023-08-20 11:10:00+00:00,22.15,6.0,5.4,5.6
2023-08-20 11:20:00+00:00,22.2,6.0,5.4,5.6
2023-08-20 11:30:00+00:00,22.25,6.0,5.4,5.9
2023-08-20 11:40:00+00:00,22.3,6.0,5.4,6.2
2023-08-20 11:50:00+00:00,22.35,6.0,5.4,5.15
2023-08-20 12:00:00+00:00,22.4,6.0,5.4,4.1
2023-08-20 12:10:00+00:00,22.5,6.0,5.2,4.1
2023-08-20 12:20:00+00:00,22.6,6.0,5.2,6.4
2023-08-20 12:30:00+00:00,22.7,5.0,6.2,5.3
2023-08-20 12:40:00+00:00,22.7,6.0,6.5,4.1
2023-08-20 12:50:00+00:00,22.8,5.0,6.3,5.3
2023-08-20 13:00:00+00:00,22.8,5.0,6.2,5.7
2023-08-20 13:10:00+00:00,22.8,6.0,6.1,5.8
2023-08-20 13:20:00+00:00,22.8,6.0,6.1,6.0
2023-08-20 13:30:00+00:00,22.8,6.0,6.1,6.1
2023-08-20 13:40:00+00:00,22.8,6.0,6.15,6.05
2023-08-20 13:50:00+00:00,22.8,6.0,6.2,6.0
2023-08-20 14:00:00+00:00,22.8,6.0,6.4,6.0
2023-08-20 14:10:00+00:00,22.8,6.0,6.4,6.0
2023-08-20 14:20:00+00:00,22.9,6.0,6.4,6.0
2023-08-20 14:30:00+00:00,22.8,6.0,6.2,6.0
2023-08-20 14:40:00+00:00,22.9,5.0,6.3,6.0
2023-08-20 14:50:00+00:00,22.9,5.5,6.4,6.05
2023-08-20 15:00:00+00:00,22.9,6.0,6.5,6.1
2023-08-20 15:10:00+00:00,22.95,5.5,6.5,6.1
2023-08-20 15:20:00+00:00,23.0,5.0,6.5,6.1
2023-08-20 15:30:00+00:00,23.0,5.333333333333333,6.433333333333334,6.1
2023-08-20 15:40:00+00:00,23.0,5.666666666666667,6.366666666666666,6.1
2023-08-20 15:50:00+00:00,23.0,6.0,6.3,6.1
2023-08-20 16:00:00+00:00,23.0,6.0,6.3,6.0
2023-08-20 16:10:00+00:00,23.0,5.0,6.4,6.0
2023-08-20 16:20:00+00:00,23.0,6.0,6.1,6.1
2023-08-20 16:30:00+00:00,23.0,6.0,6.199999999999999,6.05
2023-08-20 16:40:00+00:00,23.0,6.0,6.3,6.0
2023-08-20 16:50:00+00:00,23.0,6.0,6.4,5.9
2023-08-20 17:00:00+00:00,23.0,6.0,6.3,5.0
2023-08-20 17:10:00+00:00,23.0,5.5,6.3,4.55
2023-08-20 17:20:00+00:00,23.0,5.0,6.3,4.1
2023-08-20 17:30:00+00:00,23.0,5.5,6.25,4.1
2023-08-20 17:40:00+00:00,23.0,6.0,6.2,4.1
2023-08-20 17:50:00+00:00,23.0,6.0,6.2,4.1
2023-08-20 18:00:00+00:00,22.966666666666665,5.666666666666667,6.166666666666667,3.933333333333333
2023-08-20 18:10:00+00:00,22.933333333333334,5.333333333333333,6.133333333333333,3.7666666666666666
2023-08-20 18:20:00+00:00,22.9,5.0,6.1,3.6
2023-08-20 18:30:00+00:00,22.85,5.5,6.05,2.25
2023-08-20 18:40:00+00:00,22.8,6.0,6.0,0.9
2023-08-20 18:50:00+00:00,22.75,6.0,6.0,0.87
2023-08-20 19:00:00+00:00,22.7,6.0,6.0,0.84
2023-08-20 19:10:00+00:00,22.650000000000002,6.0,6.0,0.81
2023-08-20 19:20:00+00:00,22.6,6.0,6.0,0.78
2023-08-20 19:30:00+00:00,22.55,6.0,6.0,0.75
2023-08-20 19:40:00+00:00,22.5,6.0,6.0,0.72
2023-08-20 19:50:00+00:00,22.45,6.0,6.0,0.69
2023-08-20 20:00:00+00:00,22.400000000000002,6.0,6.0,0.6599999999999999
2023-08-20 20:10:00+00:00,22.35,6.0,6.0,0.6299999999999999
2023-08-20 20:20:00+00:00,22.3,6.0,6.0,0.6
2023-08-20 20:30:00+00:00,22.285714285714285,5.928571428571429,6.007142857142857,0.6
2023-08-20 20:40:00+00:00,22.271428571428572,5.857142857142857,6.014285714285714,0.6
2023-08-20 20:50:00+00:00,22.25714285714286,5.785714285714286,6.021428571428571,0.6
2023-08-20 21:00:00+00:00,22.242857142857144,5.714285714285714,6.0285714285714285,0.6
2023-08-20 21:10:00+00:00,22.228571428571428,5.642857142857143,6.035714285714286,0.6
2023-08-20 21:20:00+00:00,22.214285714285715,5.571428571428571,6.042857142857143,0.6
2023-08-20 21:30:00+00:00,22.200000000000003,5.5,6.05,0.6
2023-08-20 21:40:00+00:00,22.185714285714287,5.428571428571429,6.057142857142857,0.6
2023-08-20 21:50:00+00:00,22.17142857142857,5.357142857142858,6.064285714285714,0.6
2023-08-20 22:00:00+00:00,22.15714285714286,5.285714285714286,6.071428571428571,0.6
2023-08-20 22:10:00+00:00,22.142857142857146,5.214285714285714,6.078571428571428,0.6
2023-08-20 22:20:00+00:00,22.12857142857143,5.142857142857143,6.085714285714285,0.6
2023-08-20 22:30:00+00:00,22.114285714285714,5.071428571428571,6.0928571428571425,0.6
2023-08-20 22:40:00+00:00,22.1,5.0,6.1,0.6
2023-08-20 22:50:00+00:00,22.07,5.1,6.1,0.6
2023-08-20 23:00:00+00:00,22.040000000000003,5.2,6.1,0.6
2023-08-20 23:10:00+00:00,22.01,5.3,6.1,0.6
2023-08-20 23:20:00+00:00,21.98,5.4,6.1,0.6
2023-08-20 23:30:00+00:00,21.950000000000003,5.5,6.1,0.6
2023-08-20 23:40:00+00:00,21.92,5.6,6.1,0.6
2023-08-20 23:50:00+00:00,21.89,5.7,6.1,0.6
2023-08-21 00:00:00+00:00,21.86,5.8,6.1,0.6
2023-08-21 00:10:00+00:00,21.830000000000002,5.9,6.1,0.6
2023-08-21 00:20:00+00:00,21.8,6.0,6.1,0.6
2023-08-21 00:30:00+00:00,21.740000000000002,6.0,6.08,0.6
2023-08-21 00:40:00+00:00,21.68,6.0,6.06,0.6
2023-08-21 00:50:00+00:00,21.62,6.0,6.04,0.6
2023-08-21 01:00:00+00:00,21.56,6.0,6.02,0.6
2023-08-21 01:10:00+00:00,21.5,6.0,6.0,0.6
2023-08-21 01:20:00+00:00,21.44,6.0,5.98,0.6
2023-08-21 01:30:00+00:00,21.38,6.0,5.96,0.6
2023-08-21 01:40:00+00:00,21.32,6.0,5.94,0.6
2023-08-21 01:50:00+00:00,21.259999999999998,6.0,5.92,0.6
2023-08-21 02:00:00+00:00,21.2,6.0,5.9,0.6
2023-08-21 02:10:00+00:00,21.18,6.0,5.9,0.75
2023-08-21 02:20:00+00:00,21.16,6.0,5.9,0.8999999999999999
2023-08-21 02:30:00+00:00,21.14,6.0,5.9,1.0499999999999998
2023-08-21 02:40:00+00:00,21.12,6.0,5.9,1.2
2023-08-21 02:50:00+00:00,21.1,6.0,5.9,1.35
2023-08-21 03:00:00+00:00,21.08,6.0,5.9,1.5
2023-08-21 03:10:00+00:00,21.06,6.0,5.9,1.65
2023-08-21 03:20:00+00:00,21.04,6.0,5.9,1.7999999999999998
2023-08-21 03:30:00+00:00,21.02,6.0,5.9,1.9499999999999997
2023-08-21 03:40:00+00:00,21.0,6.0,5.9,2.1
2023-08-21 03:50:00+00:00,20.8,6.0,5.9,4.1
2023-08-21 04:00:00+00:00,20.7,6.0,5.9,4.1
2023-08-21 04:10:00+00:00,20.666666666666668,6.0,5.833333333333334,4.1
2023-08-21 04:20:00+00:00,20.633333333333333,6.0,5.766666666666667,4.1
2023-08-21 04:30:00+00:00,20.6,6.0,5.7,4.1
2023-08-21 04:40:00+00:00,20.6,6.0,5.7,4.1
2023-08-21 04:50:00+00:00,20.6,6.0,5.7,4.1
2023-08-21 05:00:00+00:00,20.6,6.0,5.766666666666667,4.1
2023-08-21 05:10:00+00:00,20.6,6.0,5.833333333333334,4.1
2023-08-21 05:20:00+00:00,20.6,6.0,5.9,4.1
2023-08-21 05:30:00+00:00,20.6,6.0,5.9,4.1
2023-08-21 05:40:00+00:00,20.6,6.0,5.8,4.1
2023-08-21 05:50:00+00:00,20.6,7.0,5.9,4.1
2023-08-21 06:00:00+00:00,20.6,6.666666666666667,5.866666666666667,4.1
2023-08-21 06:10:00+00:00,20.6,6.333333333333333,5.833333333333333,4.1
2023-08-21 06:20:00+00:00,20.6,6.0,5.8,4.1
2023-08-21 06:30:00+00:00,20.65,6.5,5.8,4.1
2023-08-21 06:40:00+00:00,20.7,7.0,5.8,4.1
2023-08-21 06:50:00+00:00,20.6,6.0,5.8,4.1
2023-08-21 07:00:00+00:00,20.65,6.0,5.8,4.1
2023-08-21 07:10:00+00:00,20.7,6.0,5.8,4.1
2023-08-21 07:20:00+00:00,20.7,6.0,5.8,4.1
2023-08-21 07:30:00+00:00,20.7,6.0,5.7,4.1
2023-08-21 07:40:00+00:00,20.7,6.0,5.7,4.1
2023-08-21 07:50:00+00:00,20.8,6.0,5.8,4.1
2023-08-21 08:00:00+00:00,20.8,6.0,5.75,4.1
2023-08-21 08:10:00+00:00,20.8,6.0,5.7,4.1
2023-08-21 08:20:00+00:00,20.8,6.0,5.7,4.1
2023-08-21 08:30:00+00:00,20.8,6.0,5.7,4.1
2023-08-21 08:40:00+00:00,20.8,6.0,5.6,4.1
2023-08-21 08:50:00+00:00,20.9,6.0,5.6,4.3
2023-08-21 09:00:00+00:00,21.0,6.0,5.6,4.5
2023-08-21 09:10:00+00:00,21.0,5.0,5.6,5.9
2023-08-21 09:20:00+00:00,21.0,6.0,5.6,5.9
2023-08-21 09:30:00+00:00,21.1,6.0,5.6,6.0
2023-08-21 09:40:00+00:00,21.133333333333333,5.666666666666667,5.566666666666666,6.066666666666666
2023-08-21 09:50:00+00:00,21.166666666666668,5.333333333333333,5.533333333333333,6.133333333333334
2023-08-21 10:00:00+00:00,21.2,5.0,5.5,6.2
2023-08-21 10:10:00+00:00,21.25,5.5,5.45,6.2
2023-08-21 10:20:00+00:00,21.3,6.0,5.4,6.2
2023-08-21 10:30:00+00:00,21.3,6.0,5.4,6.1
2023-08-21 10:40:00+00:00,21.4,6.0,5.4,6.1
2023-08-21 10:50:00+00:00,21.5,6.0,5.3,6.2
2023-08-21 11:00:00+00:00,21.533333333333335,6.0,5.266666666666667,6.133333333333334
2023-08-21 11:10:00+00:00,21.566666666666666,6.0,5.233333333333333,6.066666666666666
2023-08-21 11:20:00+00:00,21.6,6.0,5.2,6.0
2023-08-21 11:30:00+00:00,21.7,6.0,5.2,5.9
2023-08-21 11:40:00+00:00,21.75,6.0,5.2,6.050000000000001
2023-08-21 11:50:00+00:00,21.8,6.0,5.2,6.2
2023-08-21 12:00:00+00:00,21.8,6.0,5.2,6.1
2023-08-21 12:10:00+00:00,21.8,6.0,5.2,6.2
2023-08-21 12:20:00+00:00,21.9,5.5,5.15,6.25
2023-08-21 12:30:00+00:00,22.0,5.0,5.1,6.3
2023-08-21 12:40:00+00:00,22.0,6.0,5.2,6.1
2023-08-21 12:50:00+00:00,22.1,6.0,5.2,6.2
2023-08-21 13:00:00+00:00,22.2,6.0,5.1,6.3
2023-08-21 13:10:00+00:00,22.3,6.0,5.0,6.2
2023-08-21 13:20:00+00:00,22.3,6.0,5.0,6.3
2023-08-21 13:30:00+00:00,22.35,5.5,5.0,6.25
2023-08-21 13:40:00+00:00,22.4,5.0,5.0,6.2
2023-08-21 13:50:00+00:00,22.5,6.0,5.1,6.2
2023-08-21 14:00:00+00:00,22.525,6.0,5.05,6.2
2023-08-21 14:10:00+00:00,22.55,6.0,5.0,6.2
2023-08-21 14:20:00+00:00,22.575000000000003,6.0,4.95,6.2
2023-08-21 14:30:00+00:00,22.6,6.0,4.9,6.2
2023-08-21 14:40:00+00:00,22.7,6.0,5.0,6.1
2023-08-21 14:50:00+00:00,22.75,5.5,5.0,6.1
2023-08-21 15:00:00+00:00,22.8,5.0,5.0,6.1
2023-08-21 15:10:00+00:00,22.833333333333332,5.0,4.966666666666667,6.066666666666666
2023-08-21 15:20:00+00:00,22.866666666666667,5.0,4.933333333333334,6.033333333333333
2023-08-21 15:30:00+00:00,22.9,5.0,4.9,6.0
2023-08-21 15:40:00+00:00,23.0,5.0,4.9,6.1
2023-08-21 15:50:00+00:00,23.0,6.0,4.9,6.1
2023-08-21 16:00:00+00:00,23.05,6.0,4.75,6.15
2023-08-21 16:10:00+00:00,23.1,6.0,4.6,6.2
2023-08-21 16:20:00+00:00,23.1,5.0,4.6,5.1
2023-08-21 16:30:00+00:00,23.1,5.333333333333333,4.5,4.766666666666667
2023-08-21 16:40:00+00:00,23.1,5.666666666666667,4.3999999999999995,4.433333333333333
2023-08-21 16:50:00+00:00,23.1,6.0,4.3,4.1
2023-08-21 17:00:00+00:00,23.1,6.0,4.199999999999999,4.1
2023-08-21 17:10:00+00:00,23.1,6.0,4.1,4.1
2023-08-21 17:20:00+00:00,23.1,5.0,4.1,4.1
2023-08-21 17:30:00+00:00,23.1,6.0,4.2,4.1
2023-08-21 17:40:00+00:00,23.1,6.0,4.1,4.1
2023-08-21 17:50:00+00:00,23.0,6.0,3.9,4.1
2023-08-21 18:00:00+00:00,23.0,6.0,3.8,4.1
2023-08-21 18:10:00+00:00,23.0,6.0,3.8,4.0
2023-08-21 18:20:00+00:00,22.8,6.0,3.7,3.2
2023-08-21 18:30:00+00:00,22.8,6.0,3.7,1.7
2023-08-21 18:40:00+00:00,22.7,5.0,3.7,0.9
2023-08-21 18:50:00+00:00,22.65,5.071428571428571,3.7,0.8642857142857143
2023-08-21 19:00:00+00:00,22.599999999999998,5.142857142857143,3.7,0.8285714285714286
2023-08-21 19:10:00+00:00,22.55,5.214285714285714,3.7,0.7928571428571429
2023-08-21 19:20:00+00:00,22.5,5.285714285714286,3.7,0.7571428571428571
2023-08-21 19:30:00+00:00,22.45,5.357142857142857,3.7,0.7214285714285715
2023-08-21 19:40:00+00:00,22.4,5.428571428571429,3.7,0.6857142857142857
2023-08-21 19:50:00+00:00,22.35,5.5,3.7,0.65
2023-08-21 20:00:00+00:00,22.3,5.571428571428571,3.7,0.6142857142857143
2023-08-21 20:10:00+00:00,22.25,5.642857142857142,3.7,0.5785714285714286
2023-08-21 20:20:00+00:00,22.2,5.714285714285714,3.7,0.5428571428571429
2023-08-21 20:30:00+00:00,22.15,5.785714285714286,3.7,0.5071428571428571
2023-08-21 20:40:00+00:00,22.1,5.857142857142857,3.7,0.4714285714285715
2023-08-21 20:50:00+00:00,22.05,5.928571428571429,3.7,0.4357142857142858
2023-08-21 21:00:00+00:00,22.0,6.0,3.7,0.4
2023-08-21 21:10:00+00:00,21.92,6.0,3.71,0.42000000000000004
2023-08-21 21:20:00+00:00,21.84,6.0,3.72,0.44
2023-08-21 21:30:00+00:00,21.759999999999998,6.0,3.73,0.46
2023-08-21 21:40:00+00:00,21.68,6.0,3.74,0.48
2023-08-21 21:50:00+00:00,21.6,6.0,3.75,0.5
2023-08-21 22:00:00+00:00,21.52,6.0,3.76,0.52
2023-08-21 22:10:00+00:00,21.439999999999998,6.0,3.77,0.54
2023-08-21 22:20:00+00:00,21.36,6.0,3.78,0.56
2023-08-21 22:30:00+00:00,21.28,6.0,3.79,0.58
2023-08-21 22:40:00+00:00,21.2,6.0,3.8,0.6
2023-08-21 22:50:00+00:00,21.13,6.1,3.8099999999999996,0.6
2023-08-21 23:00:00+00:00,21.06,6.2,3.82,0.6
2023-08-21 23:10:00+00:00,20.99,6.3,3.83,0.6
2023-08-21 23:20:00+00:00,20.919999999999998,6.4,3.84,0.6
2023-08-21 23:30:00+00:00,20.85,6.5,3.8499999999999996,0.6
2023-08-21 23:40:00+00:00,20.78,6.6,3.86,0.6
2023-08-21 23:50:00+00:00,20.71,6.7,3.87,0.6
2023-08-22 00:00:00+00:00,20.64,6.8,3.88,0.6
2023-08-22 00:10:00+00:00,20.57,6.9,3.8899999999999997,0.6
2023-08-22 00:20:00+00:00,20.5,7.0,3.9,0.6
2023-08-22 00:30:00+00:00,20.43,7.0,3.9299999999999997,0.6
2023-08-22 00:40:00+00:00,20.36,7.0,3.96,0.6
2023-08-22 00:50:00+00:00,20.29,7.0,3.99,0.6
2023-08-22 01:00:00+00:00,20.22,7.0,4.02,0.6
2023-08-22 01:10:00+00:00,20.15,7.0,4.05,0.6
2023-08-22 01:20:00+00:00,20.080000000000002,7.0,4.08,0.6
2023-08-22 01:30:00+00:00,20.01,7.0,4.11,0.6
2023-08-22 01:40:00+00:00,19.94,7.0,4.140000000000001,0.6
2023-08-22 01:50:00+00:00,19.87,7.0,4.17,0.6
2023-08-22 02:00:00+00:00,19.8,7.0,4.2,0.6
2023-08-22 02:10:00+00:00,19.75,6.9,4.275,0.9299999999999999
2023-08-22 02:20:00+00:00,19.7,6.8,4.35,1.2599999999999998
2023-08-22 02:30:00+00:00,19.650000000000002,6.7,4.425,1.5899999999999999
2023-08-22 02:40:00+00:00,19.6,6.6,4.5,1.92
2023-08-22 02:50:00+00:00,19.55,6.5,4.574999999999999,2.25
2023-08-22 03:00:00+00:00,19.5,6.4,4.6499999999999995,2.5799999999999996
2023-08-22 03:10:00+00:00,19.45,6.3,4.725,2.9099999999999997
2023-08-22 03:20:00+00:00,19.400000000000002,6.2,4.8,3.2399999999999998
2023-08-22 03:30:00+00:00,19.35,6.1,4.874999999999999,3.57
2023-08-22 03:40:00+00:00,19.3,6.0,4.949999999999999,3.9
2023-08-22 03:50:00+00:00,19.2,6.0,4.9,4.1
2023-08-22 04:00:00+00:00,19.1,6.0,5.4,4.1
2023-08-22 04:10:00+00:00,19.075000000000003,6.25,5.575,4.1
2023-08-22 04:20:00+00:00,19.05,6.5,5.75,4.1
2023-08-22 04:30:00+00:00,19.025,6.75,5.925,4.1
2023-08-22 04:40:00+00:00,19.0,7.0,6.1,4.1
2023-08-22 04:50:00+00:00,19.0,7.0,6.3,4.1
2023-08-22 05:00:00+00:00,19.0,6.0,6.4,4.1
2023-08-22 05:10:00+00:00,19.0,6.5,6.550000000000001,4.1
2023-08-22 05:20:00+00:00,19.0,7.0,6.7,4.1
2023-08-22 05:30:00+00:00,19.0,6.0,6.9,4.1
2023-08-22 05:40:00+00:00,19.0,7.0,6.9,4.1
2023-08-22 05:50:00+00:00,19.0,7.0,6.7,4.1
2023-08-22 06:00:00+00:00,19.05,7.0,6.7,4.1
2023-08-22 06:10:00+00:00,19.1,7.0,6.7,4.1
2023-08-22 06:20:00+00:00,19.1,6.0,6.6,4.1
2023-08-22 06:30:00+00:00,19.1,6.0,6.6,4.1
2023-08-22 06:40:00+00:00,19.133333333333333,6.0,6.566666666666666,4.1
2023-08-22 06:50:00+00:00,19.166666666666668,6.0,6.533333333333333,4.1
2023-08-22 07:00:00+00:00,19.2,6.0,6.5,4.1
2023-08-22 07:10:00+00:00,19.25,6.0,6.45,4.1
2023-08-22 07:20:00+00:00,19.3,6.0,6.4,4.1
2023-08-22 07:30:00+00:00,19.3,7.0,6.2,4.2
2023-08-22 07:40:00+00:00,19.4,6.0,6.2,4.1
2023-08-22 07:50:00+00:00,19.4,6.0,6.25,4.1
2023-08-22 08:00:00+00:00,19.4,6.0,6.3,4.1
2023-08-22 08:10:00+00:00,19.5,6.0,6.4,4.1
2023-08-22 08:20:00+00:00,19.5,7.0,6.3,4.1
2023-08-22 08:30:00+00:00,19.5,6.0,6.3,4.2
2023-08-22 08:40:00+00:00,19.5,6.0,6.3,4.1
2023-08-22 08:50:00+00:00,19.5,6.0,6.1,4.1
2023-08-22 09:00:00+00:00,19.5,5.0,6.1,4.2
2023-08-22 09:10:00+00:00,19.6,6.0,6.0,5.7
2023-08-22 09:20:00+00:00,19.6,6.0,6.1,5.9
2023-08-22 09:30:00+00:00,19.6,6.0,6.0,5.5
2023-08-22 09:40:00+00:00,19.6,6.0,6.0,5.6
2023-08-22 09:50:00+00:00,19.6,6.0,6.0,5.7
2023-08-22 10:00:00+00:00,19.6,7.0,5.9,6.0
2023-08-22 10:10:00+00:00,19.6,6.0,5.9,5.9
2023-08-22 10:20:00+00:00,19.6,5.0,5.9,6.3
2023-08-22 10:30:00+00:00,19.6,6.0,6.0,6.0
2023-08-22 10:40:00+00:00,19.65,6.0,5.95,6.0
2023-08-22 10:50:00+00:00,19.7,6.0,5.9,6.0
2023-08-22 11:00:00+00:00,19.7,6.0,5.9,6.2
2023-08-22 11:10:00+00:00,19.8,6.0,6.0,6.1
2023-08-22 11:20:00+00:00,19.8,5.666666666666667,6.0,6.133333333333333
2023-08-22 11:30:00+00:00,19.8,5.333333333333333,6.0,6.166666666666667
2023-08-22 11:40:00+00:00,19.8,5.0,6.0,6.2
2023-08-22 11:50:00+00:00,20.0,6.0,5.9,5.9
2023-08-22 12:00:00+00:00,20.0,6.0,5.8,5.9
2023-08-22 12:10:00+00:00,20.1,6.0,5.8,6.2
2023-08-22 12:20:00+00:00,20.1,6.0,5.8,6.2
2023-08-22 12:30:00+00:00,20.2,6.0,5.7,5.9
2023-08-22 12:40:00+00:00,20.3,6.0,5.7,6.1
2023-08-22 12:50:00+00:00,20.3,6.0,5.6,6.0
2023-08-22 13:00:00+00:00,20.3,6.0,5.5,6.0
2023-08-22 13:10:00+00:00,20.4,6.0,5.4,6.0
2023-08-22 13:20:00+00:00,20.45,6.0,5.45,6.1
2023-08-22 13:30:00+00:00,20.5,6.0,5.5,6.2
2023-08-22 13:40:00+00:00,20.5,6.0,5.4,5.9
2023-08-22 13:50:00+00:00,20.6,6.0,5.4,6.2
2023-08-22 14:00:00+00:00,20.6,6.0,5.3,5.9
2023-08-22 14:10:00+00:00,20.675,6.0,5.3,5.95
2023-08-22 14:20:00+00:00,20.75,6.0,5.3,6.0
2023-08-22 14:30:00+00:00,20.825,6.0,5.3,6.05
2023-08-22 14:40:00+00:00,20.9,6.0,5.3,6.1
2023-08-22 14:50:00+00:00,20.95,6.0,5.3,6.1
2023-08-22 15:00:00+00:00,21.0,6.0,5.3,6.1
2023-08-22 15:10:00+00:00,21.05,6.0,5.3,6.05
2023-08-22 15:20:00+00:00,21.1,6.0,5.3,6.0
2023-08-22 15:30:00+00:00,21.1,6.0,5.199999999999999,5.8
2023-08-22 15:40:00+00:00,21.1,6.0,5.1,5.6
2023-08-22 15:50:00+00:00,21.2,6.0,5.1,5.7
2023-08-22 16:00:00+00:00,21.2,6.0,5.0,6.2
2023-08-22 16:10:00+00:00,21.3,6.0,5.0,5.0
2023-08-22 16:20:00+00:00,21.3,6.0,5.0,6.2
2023-08-22 16:30:00+00:00,21.3,6.0,5.0,6.15
2023-08-22 16:40:00+00:00,21.3,6.0,5.0,6.1
2023-08-22 16:50:00+00:00,21.3,5.666666666666667,4.966666666666667,6.033333333333333
2023-08-22 17:00:00+00:00,21.3,5.333333333333333,4.933333333333334,5.966666666666667
2023-08-22 17:10:00+00:00,21.3,5.0,4.9,5.9
2023-08-22 17:20:00+00:00,21.3,6.0,4.8,4.1
2023-08-22 17:30:00+00:00,21.3,6.0,4.6,4.1
2023-08-22 17:40:00+00:00,21.200000000000003,6.0,4.35,4.1
2023-08-22 17:50:00+00:00,21.1,6.0,4.1,4.1
2023-08-22 18:00:00+00:00,21.1,6.0,4.0,4.1
2023-08-22 18:10:00+00:00,21.05,6.0,3.95,3.4
2023-08-22 18:20:00+00:00,21.0,6.0,3.9,2.7
2023-08-22 18:30:00+00:00,21.0,6.0,3.9,1.4
2023-08-22 18:40:00+00:00,20.95,6.0,3.95,1.1
2023-08-22 18:50:00+00:00,20.9,6.0,4.0,0.8
2023-08-22 19:00:00+00:00,20.84,6.1,4.02,0.78
2023-08-22 19:10:00+00:00,20.779999999999998,6.2,4.04,0.76
2023-08-22 19:20:00+00:00,20.72,6.3,4.0600000000000005,0.74
2023-08-22 19:30:00+00:00,20.66,6.4,4.08,0.72
2023-08-22 19:40:00+00:00,20.6,6.5,4.1,0.7
2023-08-22 19:50:00+00:00,20.54,6.6,4.12,0.6799999999999999
2023-08-22 20:00:00+00:00,20.48,6.7,4.140000000000001,0.66
2023-08-22 20:10:00+00:00,20.42,6.8,4.16,0.64
2023-08-22 20:20:00+00:00,20.36,6.9,4.18,0.62
2023-08-22 20:30:00+00:00,20.3,7.0,4.2,0.6
2023-08-22 20:40:00+00:00,20.233333333333334,6.888888888888889,4.266666666666667,0.6
2023-08-22 20:50:00+00:00,20.166666666666668,6.777777777777778,4.333333333333333,0.6
2023-08-22 21:00:00+00:00,20.1,6.666666666666667,4.4,0.6
2023-08-22 21:10:00+00:00,20.033333333333335,6.555555555555555,4.466666666666667,0.6
2023-08-22 21:20:00+00:00,19.966666666666665,6.444444444444445,4.533333333333333,0.6
2023-08-22 21:30:00+00:00,19.9,6.333333333333333,4.6,0.6
2023-08-22 21:40:00+00:00,19.833333333333332,6.222222222222222,4.666666666666666,0.6
2023-08-22 21:50:00+00:00,19.766666666666666,6.111111111111111,4.733333333333333,0.6
2023-08-22 22:00:00+00:00,19.7,6.0,4.8,0.6
2023-08-22 22:10:00+00:00,19.66,6.0,4.83,0.6
2023-08-22 22:20:00+00:00,19.62,6.0,4.859999999999999,0.6
2023-08-22 22:30:00+00:00,19.58,6.0,4.89,0.6
2023-08-22 22:40:00+00:00,19.54,6.0,4.92,0.6
2023-08-22 22:50:00+00:00,19.5,6.0,4.949999999999999,0.6
2023-08-22 23:00:00+00:00,19.46,6.0,4.9799999999999995,0.6
2023-08-22 23:10:00+00:00,19.42,6.0,5.01,0.6
2023-08-22 23:20:00+00:00,19.38,6.0,5.04,0.6
2023-08-22 23:30:00+00:00,19.34,6.0,5.069999999999999,0.6
2023-08-22 23:40:00+00:00,19.3,6.0,5.1,0.6
2023-08-22 23:50:00+00:00,19.264285714285716,6.0,5.1,0.6
2023-08-23 00:00:00+00:00,19.228571428571428,6.0,5.1,0.6
2023-08-23 00:10:00+00:00,19.192857142857143,6.0,5.1,0.6
2023-08-23 00:20:00+00:00,19.15714285714286,6.0,5.1,0.6
2023-08-23 00:30:00+00:00,19.121428571428574,6.0,5.1,0.6
2023-08-23 00:40:00+00:00,19.085714285714285,6.0,5.1,0.6
2023-08-23 00:50:00+00:00,19.05,6.0,5.1,0.6
2023-08-23 01:00:00+00:00,19.014285714285716,6.0,5.1,0.6
2023-08-23 01:10:00+00:00,18.978571428571428,6.0,5.1,0.6
2023-08-23 01:20:00+00:00,18.942857142857143,6.0,5.1,0.6
2023-08-23 01:30:00+00:00,18.90714285714286,6.0,5.1,0.6
2023-08-23 01:40:00+00:00,18.871428571428574,6.0,5.1,0.6
2023-08-23 01:50:00+00:00,18.835714285714285,6.0,5.1,0.6
2023-08-23 02:00:00+00:00,18.8,6.0,5.1,0.6
2023-08-23 02:10:00+00:00,18.745,6.1,5.1,0.8499999999999999
2023-08-23 02:20:00+00:00,18.69,6.2,5.1,1.0999999999999999
2023-08-23 02:30:00+00:00,18.635,6.3,5.1,1.3499999999999996
2023-08-23 02:40:00+00:00,18.580000000000002,6.4,5.1,1.5999999999999996
2023-08-23 02:50:00+00:00,18.525,6.5,5.1,1.8499999999999996
2023-08-23 03:00:00+00:00,18.47,6.6,5.1,2.0999999999999996
2023-08-23 03:10:00+00:00,18.415,6.7,5.1,2.3499999999999996
2023-08-23 03:20:00+00:00,18.36,6.8,5.1,2.5999999999999996
2023-08-23 03:30:00+00:00,18.305,6.9,5.1,2.8499999999999996
2023-08-23 03:40:00+00:00,18.25,7.0,5.1,3.0999999999999996
2023-08-23 03:50:00+00:00,18.1,7.0,5.0,4.1
2023-08-23 04:00:00+00:00,18.1,6.0,4.9,4.1
2023-08-23 04:10:00+00:00,18.1,6.0,5.3,4.1
2023-08-23 04:20:00+00:00,18.0,7.0,5.4,4.1
2023-08-23 04:30:00+00:00,18.05,7.0,5.550000000000001,4.1
2023-08-23 04:40:00+00:00,18.1,7.0,5.7,4.1
2023-08-23 04:50:00+00:00,18.1,7.0,5.9,4.1
2023-08-23 05:00:00+00:00,18.1,7.0,5.9,4.1
2023-08-23 05:10:00+00:00,18.1,6.0,5.9,4.1
2023-08-23 05:20:00+00:00,18.1,6.0,5.9,4.1
2023-08-23 05:30:00+00:00,18.15,6.0,5.95,4.1
2023-08-23 05:40:00+00:00,18.2,6.0,6.0,4.1
2023-08-23 05:50:00+00:00,18.3,6.0,6.0,4.1
2023-08-23 06:00:00+00:00,18.3,6.0,6.0,4.1
2023-08-23 06:10:00+00:00,18.3,6.0,6.0,4.1
2023-08-23 06:20:00+00:00,18.3,6.0,6.0,4.1
2023-08-23 06:30:00+00:00,18.3,7.0,6.0,4.1
2023-08-23 06:40:00+00:00,18.4,7.0,6.0,4.1
2023-08-23 06:50:00+00:00,18.4,6.0,6.1,4.1
2023-08-23 07:00:00+00:00,18.5,6.0,6.1,4.1
2023-08-23 07:10:00+00:00,18.5,6.0,6.0,4.1
2023-08-23 07:20:00+00:00,18.5,6.0,6.1,4.1
2023-08-23 07:30:00+00:00,18.6,6.0,6.1,4.1
2023-08-23 07:40:00+00:00,18.6,6.0,6.0,4.1
2023-08-23 07:50:00+00:00,18.6,6.0,6.0,4.1
2023-08-23 08:00:00+00:00,18.650000000000002,6.25,6.0,4.1
2023-08-23 08:10:00+00:00,18.700000000000003,6.5,6.0,4.1
2023-08-23 08:20:00+00:00,18.75,6.75,6.0,4.1
2023-08-23 08:30:00+00:00,18.8,7.0,6.0,4.1
2023-08-23 08:40:00+00:00,18.8,6.0,6.0,4.1
2023-08-23 08:50:00+00:00,19.0,6.0,6.0,4.1
2023-08-23 09:00:00+00:00,19.0,6.0,5.9,4.8
2023-08-23 09:10:00+00:00,19.1,6.0,6.0,5.7
2023-08-23 09:20:00+00:00,19.1,6.0,5.9,6.0
2023-08-23 09:30:00+00:00,19.2,6.0,5.9,6.0
2023-08-23 09:40:00+00:00,19.3,6.0,5.8,6.1
2023-08-23 09:50:00+00:00,19.35,6.0,5.8,6.1
2023-08-23 10:00:00+00:00,19.425,6.0,5.75,6.05
2023-08-23 10:10:00+00:00,19.5,6.0,5.7,6.0
2023-08-23 10:20:00+00:00,19.5,5.0,5.7,5.9
2023-08-23 10:30:00+00:00,19.6,5.5,5.7,5.95
2023-08-23 10:40:00+00:00,19.7,6.0,5.7,6.0
2023-08-23 10:50:00+00:00,19.8,5.0,5.7,6.0
2023-08-23 11:00:00+00:00,19.9,5.5,5.65,6.05
2023-08-23 11:10:00+00:00,20.0,6.0,5.6,6.1
2023-08-23 11:20:00+00:00,20.1,6.0,5.5,5.6
2023-08-23 11:30:00+00:00,20.3,6.0,5.4,6.1
2023-08-23 11:40:00+00:00,20.3,6.0,5.5,6.0
2023-08-23 11:50:00+00:00,20.4,6.0,5.5,6.0
2023-08-23 12:00:00+00:00,20.5,6.0,5.5,6.0
2023-08-23 12:10:00+00:00,20.5,5.0,5.4,5.8
2023-08-23 12:20:00+00:00,20.6,6.0,5.3,5.7
2023-08-23 12:30:00+00:00,20.7,6.0,5.3,6.0
2023-08-23 12:40:00+00:00,20.799999999999997,6.0,5.25,5.85
2023-08-23 12:50:00+00:00,20.9,6.0,5.2,5.7
2023-08-23 13:00:00+00:00,21.0,5.0,5.2,5.5
2023-08-23 13:10:00+00:00,21.0,5.5,5.2,5.8
2023-08-23 13:20:00+00:00,21.0,6.0,5.2,6.1
2023-08-23 13:30:00+00:00,21.033333333333335,6.0,5.2,6.1
2023-08-23 13:40:00+00:00,21.066666666666666,6.0,5.2,6.1
2023-08-23 13:50:00+00:00,21.1,6.0,5.2,6.1
2023-08-23 14:00:00+00:00,21.2,6.0,5.2,5.8
2023-08-23 14:10:00+00:00,21.3,5.0,5.2,6.1
2023-08-23 14:20:00+00:00,21.3,5.0,5.2,6.2
2023-08-23 14:30:00+00:00,21.3,6.0,5.2,6.1
2023-08-23 14:40:00+00:00,21.333333333333332,6.0,5.133333333333334,5.866666666666666
2023-08-23 14:50:00+00:00,21.366666666666667,6.0,5.066666666666666,5.633333333333334
2023-08-23 15:00:00+00:00,21.4,6.0,5.0,5.4
2023-08-23 15:10:00+00:00,21.5,6.0,5.1,6.2
2023-08-23 15:20:00+00:00,21.5,6.0,5.2,4.2
2023-08-23 15:30:00+00:00,21.5,5.5,5.2,5.2
2023-08-23 15:40:00+00:00,21.5,5.0,5.2,6.2
2023-08-23 15:50:00+00:00,21.5,6.0,5.2,6.1
2023-08-23 16:00:00+00:00,21.5,5.5,5.15,5.1
2023-08-23 16:10:00+00:00,21.5,5.0,5.1,4.1
2023-08-23 16:20:00+00:00,21.5,5.5,5.05,4.1
2023-08-23 16:30:00+00:00,21.5,6.0,5.0,4.1
2023-08-23 16:40:00+00:00,21.5,6.0,5.0,4.1
2023-08-23 16:50:00+00:00,21.55,6.0,5.0,4.4
2023-08-23 17:00:00+00:00,21.6,6.0,5.0,4.7
2023-08-23 17:10:00+00:00,21.6,6.0,4.975,4.55
2023-08-23 17:20:00+00:00,21.6,6.0,4.95,4.4
2023-08-23 17:30:00+00:00,21.6,6.0,4.925000000000001,4.25
2023-08-23 17:40:00+00:00,21.6,6.0,4.9,4.1
2023-08-23 17:50:00+00:00,21.6,5.0,4.8,4.1
2023-08-23 18:00:00+00:00,21.6,6.0,4.6,4.0
2023-08-23 18:10:00+00:00,21.55,5.5,4.55,2.8
2023-08-23 18:20:00+00:00,21.5,5.0,4.5,1.6
2023-08-23 18:30:00+00:00,21.5,6.0,4.5,0.8
2023-08-23 18:40:00+00:00,21.46,6.0,4.59,0.78
2023-08-23 18:50:00+00:00,21.42,6.0,4.68,0.76
2023-08-23 19:00:00+00:00,21.38,6.0,4.7700000000000005,0.74
2023-08-23 19:10:00+00:00,21.34,6.0,4.86,0.72
2023-08-23 19:20:00+00:00,21.3,6.0,4.95,0.7
2023-08-23 19:30:00+00:00,21.26,6.0,5.04,0.6799999999999999
2023-08-23 19:40:00+00:00,21.220000000000002,6.0,5.13,0.66
2023-08-23 19:50:00+00:00,21.18,6.0,5.220000000000001,0.64
2023-08-23 20:00:00+00:00,21.14,6.0,5.3100000000000005,0.62
2023-08-23 20:10:00+00:00,21.1,6.0,5.4,0.6
2023-08-23 20:20:00+00:00,21.080000000000002,6.1,5.390000000000001,0.6
2023-08-23 20:30:00+00:00,21.060000000000002,6.2,5.38,0.6
2023-08-23 20:40:00+00:00,21.04,6.3,5.37,0.6
2023-08-23 20:50:00+00:00,21.02,6.4,5.36,0.6
2023-08-23 21:00:00+00:00,21.0,6.5,5.35,0.6
2023-08-23 21:10:00+00:00,20.98,6.6,5.34,0.6
2023-08-23 21:20:00+00:00,20.96,6.7,5.33,0.6
2023-08-23 21:30:00+00:00,20.939999999999998,6.8,5.32,0.6
2023-08-23 21:40:00+00:00,20.919999999999998,6.9,5.31,0.6
2023-08-23 21:50:00+00:00,20.9,7.0,5.3,0.6
2023-08-23 22:00:00+00:00,20.9,7.0,5.3,0.6
2023-08-23 22:10:00+00:00,20.866666666666667,6.888888888888889,5.311111111111111,0.6
2023-08-23 22:20:00+00:00,20.833333333333332,6.777777777777778,5.322222222222222,0.6
2023-08-23 22:30:00+00:00,20.8,6.666666666666667,5.333333333333333,0.6
2023-08-23 22:40:00+00:00,20.766666666666666,6.555555555555555,5.344444444444444,0.6
2023-08-23 22:50:00+00:00,20.733333333333334,6.444444444444445,5.355555555555556,0.6
2023-08-23 23:00:00+00:00,20.7,6.333333333333333,5.366666666666667,0.6
2023-08-23 23:10:00+00:00,20.666666666666668,6.222222222222222,5.377777777777778,0.6
2023-08-23 23:20:00+00:00,20.633333333333333,6.111111111111111,5.388888888888889,0.6
2023-08-23 23:30:00+00:00,20.6,6.0,5.4,0.6
2023-08-23 23:40:00+00:00,20.567647058823532,6.014705882352941,5.4147058823529415,0.7029411764705882
2023-08-23 23:50:00+00:00,20.53529411764706,6.029411764705882,5.429411764705883,0.8058823529411764
2023-08-24 00:00:00+00:00,20.50294117647059,6.044117647058823,5.444117647058824,0.9088235294117646
2023-08-24 00:10:00+00:00,20.47058823529412,6.0588235294117645,5.458823529411765,1.011764705882353
2023-08-24 00:20:00+00:00,20.43823529411765,6.073529411764706,5.473529411764706,1.1147058823529412
2023-08-24 00:30:00+00:00,20.405882352941177,6.088235294117647,5.488235294117647,1.2176470588235293
2023-08-24 00:40:00+00:00,20.373529411764707,6.102941176470588,5.502941176470588,1.3205882352941174
2023-08-24 00:50:00+00:00,20.341176470588238,6.117647058823529,5.517647058823529,1.4235294117647057
2023-08-24 01:00:00+00:00,20.308823529411764,6.132352941176471,5.532352941176471,1.526470588235294
2023-08-24 01:10:00+00:00,20.276470588235295,6.147058823529412,5.5470588235294125,1.6294117647058823
2023-08-24 01:20:00+00:00,20.244117647058825,6.161764705882353,5.561764705882354,1.7323529411764702
2023-08-24 01:30:00+00:00,20.211764705882352,6.176470588235294,5.576470588235295,1.8352941176470585
2023-08-24 01:40:00+00:00,20.179411764705883,6.1911764705882355,5.591176470588236,1.9382352941176468
2023-08-24 01:50:00+00:00,20.147058823529413,6.205882352941177,5.605882352941177,2.041176470588235
2023-08-24 02:00:00+00:00,20.114705882352943,6.220588235294118,5.620588235294118,2.144117647058823
2023-08-24 02:10:00+00:00,20.08235294117647,6.235294117647059,5.635294117647059,2.2470588235294113
2023-08-24 02:20:00+00:00,20.05,6.25,5.65,2.3499999999999996
2023-08-24 02:30:00+00:00,20.01764705882353,6.264705882352941,5.6647058823529415,2.452941176470588
2023-08-24 02:40:00+00:00,19.985294117647058,6.279411764705882,5.679411764705883,2.5558823529411763
2023-08-24 02:50:00+00:00,19.95294117647059,6.294117647058823,5.694117647058824,2.6588235294117646
2023-08-24 03:00:00+00:00,19.92058823529412,6.3088235294117645,5.708823529411765,2.7617647058823525
2023-08-24 03:10:00+00:00,19.88823529411765,6.323529411764706,5.723529411764706,2.8647058823529408
2023-08-24 03:20:00+00:00,19.855882352941176,6.338235294117647,5.738235294117647,2.967647058823529
2023-08-24 03:30:00+00:00,19.823529411764707,6.352941176470588,5.752941176470588,3.0705882352941174
2023-08-24 03:40:00+00:00,,,,
2023-08-24 03:50:00+00:00,,,,
2023-08-24 04:00:00+00:00,,,,
2023-08-24 04:10:00+00:00,,,,
2023-08-24 04:20:00+00:00,,,,
2023-08-24 04:30:00+00:00,,,,
2023-08-24 04:40:00+00:00,,,,
2023-08-24 04:50:00+00:00,,,,
2023-08-24 05:00:00+00:00,,,,
2023-08-24 05:10:00+00:00,19.5,6.5,5.9,4.1
2023-08-24 05:20:00+00:00,19.5,6.0,6.1,4.1
2023-08-24 05:30:00+00:00,19.5,6.0,6.1,4.1
2023-08-24 05:40:00+00:00,19.5,6.0,6.1,4.1
2023-08-24 05:50:00+00:00,19.5,6.0,6.05,4.1
2023-08-24 06:00:00+00:00,19.5,6.0,6.0,4.1
2023-08-24 06:10:00+00:00,19.5,6.0,6.0,4.1
2023-08-24 06:20:00+00:00,19.5,6.0,6.05,4.1
2023-08-24 06:30:00+00:00,19.5,6.0,6.1,4.1
2023-08-24 06:40:00+00:00,19.45,6.5,6.1,4.1
2023-08-24 06:50:00+00:00,19.4,7.0,6.1,4.1
2023-08-24 07:00:00+00:00,19.4,6.75,6.1,4.1
2023-08-24 07:10:00+00:00,19.4,6.5,6.1,4.1
2023-08-24 07:20:00+00:00,19.4,6.25,6.1,4.1
2023-08-24 07:30:00+00:00,19.4,6.0,6.1,4.1
2023-08-24 07:40:00+00:00,19.4,6.0,6.1,4.1
2023-08-24 07:50:00+00:00,19.4,6.0,6.1,4.1
2023-08-24 08:00:00+00:00,19.4,6.0,6.1,4.1
2023-08-24 08:10:00+00:00,19.424999999999997,6.0,6.1,4.125
2023-08-24 08:20:00+00:00,19.45,6.0,6.1,4.15
2023-08-24 08:30:00+00:00,19.475,6.0,6.1,4.175
2023-08-24 08:40:00+00:00,19.5,6.0,6.1,4.2
2023-08-24 08:50:00+00:00,19.5,7.0,6.0,4.1
2023-08-24 09:00:00+00:00,19.5,7.0,6.0,4.1
2023-08-24 09:10:00+00:00,19.6,6.0,6.0,6.0
2023-08-24 09:20:00+00:00,19.625,6.0,5.975,5.525
2023-08-24 09:30:00+00:00,19.65,6.0,5.95,5.05
2023-08-24 09:40:00+00:00,19.675,6.0,5.925000000000001,4.574999999999999
2023-08-24 09:50:00+00:00,19.7,6.0,5.9,4.1
2023-08-24 10:00:00+00:00,19.8,6.0,5.7,4.2
2023-08-24 10:10:00+00:00,19.8,6.0,5.6,6.4
2023-08-24 10:20:00+00:00,19.8,6.0,5.6,5.4
2023-08-24 10:30:00+00:00,19.9,5.0,5.6,6.2
2023-08-24 10:40:00+00:00,20.0,6.0,5.6,5.6
2023-08-24 10:50:00+00:00,20.0,5.0,5.5,6.2
2023-08-24 11:00:00+00:00,20.05,5.5,5.45,6.050000000000001
2023-08-24 11:10:00+00:00,20.1,6.0,5.4,5.9
2023-08-24 11:20:00+00:00,20.1,6.0,5.35,5.9
2023-08-24 11:30:00+00:00,20.1,6.0,5.3,5.9
2023-08-24 11:40:00+00:00,20.2,6.0,5.4,6.1
2023-08-24 11:50:00+00:00,20.3,6.0,5.4,6.2
2023-08-24 12:00:00+00:00,20.3,7.0,5.5,5.9
2023-08-24 12:10:00+00:00,20.4,6.0,5.5,5.7
2023-08-24 12:20:00+00:00,20.5,6.0,5.3,5.3
2023-08-24 12:30:00+00:00,20.6,6.0,5.2,6.4
2023-08-24 12:40:00+00:00,20.6,6.0,5.2,6.1
2023-08-24 12:50:00+00:00,20.6,6.0,5.2,5.8
2023-08-24 13:00:00+00:00,20.7,6.0,5.2,5.6
2023-08-24 13:10:00+00:00,20.75,6.0,5.2,5.699999999999999
2023-08-24 13:20:00+00:00,20.8,6.0,5.2,5.8
2023-08-24 13:30:00+00:00,20.8,6.0,5.2,6.3
2023-08-24 13:40:00+00:00,20.9,6.0,5.3,6.2
2023-08-24 13:50:00+00:00,20.9,6.0,5.2,4.1
2023-08-24 14:00:00+00:00,20.95,6.0,5.15,4.85
2023-08-24 14:10:00+00:00,21.0,6.0,5.1,5.6
2023-08-24 14:20:00+00:00,21.0,6.0,3.9,4.1
2023-08-24 14:30:00+00:00,21.0,6.0,3.7,5.7
2023-08-24 14:40:00+00:00,21.0,5.0,3.7,5.7
2023-08-24 14:50:00+00:00,21.1,5.0,3.6,5.8
2023-08-24 15:00:00+00:00,21.1,5.0,3.6500000000000004,6.0
2023-08-24 15:10:00+00:00,21.1,5.0,3.7,6.2
2023-08-24 15:20:00+00:00,21.1,6.0,3.8,4.1
2023-08-24 15:30:00+00:00,21.15,5.5,3.75,4.1
2023-08-24 15:40:00+00:00,21.2,5.0,3.7,4.1
2023-08-24 15:50:00+00:00,21.2,6.0,3.7,6.3
2023-08-24 16:00:00+00:00,21.3,6.0,3.8,6.1
2023-08-24 16:10:00+00:00,21.3,6.0,3.9,4.1
2023-08-24 16:20:00+00:00,21.3,6.0,3.8,4.1
2023-08-24 16:30:00+00:00,21.3,6.0,3.7,4.1
2023-08-24 16:40:00+00:00,21.3,6.0,3.8,6.0
2023-08-24 16:50:00+00:00,21.3,6.0,3.8499999999999996,5.05
2023-08-24 17:00:00+00:00,21.3,6.0,3.9,4.1
2023-08-24 17:10:00+00:00,21.3,6.0,3.8,4.1
2023-08-24 17:20:00+00:00,21.3,6.0,3.8,4.1
2023-08-24 17:30:00+00:00,21.3,6.0,3.8,4.1
2023-08-24 17:40:00+00:00,21.3,6.0,3.8,4.1
2023-08-24 17:50:00+00:00,21.3,6.0,3.8,3.8
2023-08-24 18:00:00+00:00,21.3,6.0,3.8,3.5
2023-08-24 18:10:00+00:00,21.25,5.5,3.8499999999999996,2.2
2023-08-24 18:20:00+00:00,21.2,5.0,3.9,0.9
2023-08-24 18:30:00+00:00,21.15,5.2,3.9,0.87
2023-08-24 18:40:00+00:00,21.099999999999998,5.4,3.9,0.84
2023-08-24 18:50:00+00:00,21.05,5.6,3.9,0.81
2023-08-24 19:00:00+00:00,21.0,5.8,3.9,0.78
2023-08-24 19:10:00+00:00,20.95,6.0,3.9,0.75
2023-08-24 19:20:00+00:00,20.9,6.2,3.9,0.72
2023-08-24 19:30:00+00:00,20.849999999999998,6.4,3.9,0.69
2023-08-24 19:40:00+00:00,20.8,6.6,3.9,0.6599999999999999
2023-08-24 19:50:00+00:00,20.75,6.8,3.9,0.6299999999999999
2023-08-24 20:00:00+00:00,20.7,7.0,3.9,0.6
2023-08-24 20:10:00+00:00,20.664285714285715,6.928571428571429,3.914285714285714,0.6
2023-08-24 20:20:00+00:00,20.628571428571426,6.857142857142857,3.9285714285714284,0.6
2023-08-24 20:30:00+00:00,20.59285714285714,6.785714285714286,3.9428571428571426,0.6
2023-08-24 20:40:00+00:00,20.557142857142857,6.714285714285714,3.957142857142857,0.6
2023-08-24 20:50:00+00:00,20.521428571428572,6.642857142857143,3.971428571428571,0.6
2023-08-24 21:00:00+00:00,20.485714285714284,6.571428571428571,3.9857142857142853,0.6
2023-08-24 21:10:00+00:00,20.45,6.5,4.0,0.6
2023-08-24 21:20:00+00:00,20.414285714285715,6.428571428571429,4.014285714285714,0.6
2023-08-24 21:30:00+00:00,20.378571428571426,6.357142857142858,4.0285714285714285,0.6
2023-08-24 21:40:00+00:00,20.34285714285714,6.285714285714286,4.042857142857143,0.6
2023-08-24 21:50:00+00:00,20.307142857142857,6.214285714285714,4.057142857142857,0.6
2023-08-24 22:00:00+00:00,20.271428571428572,6.142857142857143,4.071428571428571,0.6
2023-08-24 22:10:00+00:00,20.235714285714284,6.071428571428571,4.085714285714285,0.6
2023-08-24 22:20:00+00:00,20.2,6.0,4.1,0.6
2023-08-24 22:30:00+00:00,20.16,6.0,4.13,0.6
2023-08-24 22:40:00+00:00,20.12,6.0,4.16,0.6
2023-08-24 22:50:00+00:00,20.08,6.0,4.1899999999999995,0.6
2023-08-24 23:00:00+00:00,20.04,6.0,4.22,0.6
2023-08-24 23:10:00+00:00,20.0,6.0,4.25,0.6
2023-08-24 23:20:00+00:00,19.96,6.0,4.28,0.6
2023-08-24 23:30:00+00:00,19.92,6.0,4.3100000000000005,0.6
2023-08-24 23:40:00+00:00,19.88,6.0,4.34,0.6
2023-08-24 23:50:00+00:00,19.84,6.0,4.37,0.6
2023-08-25 00:00:00+00:00,19.8,6.0,4.4,0.6
2023-08-25 00:10:00+00:00,19.77,6.1,4.470000000000001,0.6
2023-08-25 00:20:00+00:00,19.740000000000002,6.2,4.54,0.6
2023-08-25 00:30:00+00:00,19.71,6.3,4.61,0.6
2023-08-25 00:40:00+00:00,19.68,6.4,4.68,0.6
2023-08-25 00:50:00+00:00,19.65,6.5,4.75,0.6
2023-08-25 01:00:00+00:00,19.62,6.6,4.82,0.6
2023-08-25 01:10:00+00:00,19.59,6.7,4.89,0.6
2023-08-25 01:20:00+00:00,19.56,6.8,4.96,0.6
2023-08-25 01:30:00+00:00,19.53,6.9,5.029999999999999,0.6
2023-08-25 01:40:00+00:00,19.5,7.0,5.1,0.6
2023-08-25 01:50:00+00:00,19.475,6.975,5.1075,0.7749999999999999
2023-08-25 02:00:00+00:00,19.45,6.95,5.114999999999999,0.95
2023-08-25 02:10:00+00:00,19.425,6.925,5.1225,1.125
2023-08-25 02:20:00+00:00,19.4,6.9,5.13,1.2999999999999998
2023-08-25 02:30:00+00:00,19.375,6.875,5.137499999999999,1.475
2023-08-25 02:40:00+00:00,19.35,6.85,5.145,1.65
2023-08-25 02:50:00+00:00,19.325,6.825,5.1525,1.8249999999999997
2023-08-25 03:00:00+00:00,19.3,6.8,5.16,2.0
2023-08-25 03:10:00+00:00,19.275,6.775,5.1674999999999995,2.175
2023-08-25 03:20:00+00:00,19.25,6.75,5.175,2.35
2023-08-25 03:30:00+00:00,19.225,6.725,5.1825,2.525
2023-08-25 03:40:00+00:00,19.2,6.7,5.1899999999999995,2.6999999999999997
2023-08-25 03:50:00+00:00,19.175,6.675,5.1975,2.875
2023-08-25 04:00:00+00:00,19.15,6.65,5.205,3.05
2023-08-25 04:10:00+00:00,19.125,6.625,5.2125,3.225
2023-08-25 04:20:00+00:00,19.1,6.6,5.22,3.4
2023-08-25 04:30:00+00:00,19.075,6.575,5.2275,3.5749999999999997
2023-08-25 04:40:00+00:00,19.05,6.55,5.235,3.75
2023-08-25 04:50:00+00:00,19.025,6.525,5.2425,3.925
2023-08-25 05:00:00+00:00,19.0,6.5,5.25,4.1
2023-08-25 05:10:00+00:00,19.0,6.0,5.3,4.1
2023-08-25 05:20:00+00:00,19.0,6.0,5.433333333333334,4.1
2023-08-25 05:30:00+00:00,19.0,6.0,5.566666666666666,4.1
2023-08-25 05:40:00+00:00,19.0,6.0,5.7,4.1
2023-08-25 05:50:00+00:00,19.0,6.0,5.9,4.1
2023-08-25 06:00:00+00:00,19.0,7.0,6.1,4.1
2023-08-25 06:10:00+00:00,19.0,6.0,6.3,4.1
2023-08-25 06:20:00+00:00,19.0,6.0,6.5,4.1
2023-08-25 06:30:00+00:00,19.0,6.0,6.7,4.1
2023-08-25 06:40:00+00:00,19.0,6.0,6.8,4.1
2023-08-25 06:50:00+00:00,19.0,6.0,6.75,4.1
2023-08-25 07:00:00+00:00,19.0,6.0,6.7,4.1
2023-08-25 07:10:00+00:00,19.0,6.0,6.65,4.1
2023-08-25 07:20:00+00:00,19.0,6.0,6.6,4.1
2023-08-25 07:30:00+00:00,19.0,6.0,6.6,4.1
2023-08-25 07:40:00+00:00,19.0,6.0,6.6,4.1
2023-08-25 07:50:00+00:00,19.0,6.0,6.6,4.1
2023-08-25 08:00:00+00:00,19.0,6.0,6.566666666666666,4.1
2023-08-25 08:10:00+00:00,19.0,6.0,6.533333333333333,4.1
2023-08-25 08:20:00+00:00,19.0,6.0,6.5,4.1
2023-08-25 08:30:00+00:00,19.0,7.0,6.5,4.1
2023-08-25 08:40:00+00:00,19.0,6.0,6.4,4.1
2023-08-25 08:50:00+00:00,19.0,6.0,6.5,4.1
2023-08-25 09:00:00+00:00,19.0,6.0,6.5,4.1
2023-08-25 09:10:00+00:00,19.0,6.0,6.5,4.1
2023-08-25 09:20:00+00:00,19.0,7.0,6.5,4.1
2023-08-25 09:30:00+00:00,19.0,6.0,6.5,4.1
2023-08-25 09:40:00+00:00,19.05,6.0,6.45,4.1
2023-08-25 09:50:00+00:00,19.1,6.0,6.4,4.1
2023-08-25 10:00:00+00:00,19.1,6.0,6.4,4.1
2023-08-25 10:10:00+00:00,19.1,6.0,6.4,4.1
2023-08-25 10:20:00+00:00,19.1,6.0,6.35,4.1
2023-08-25 10:30:00+00:00,19.1,6.0,6.3,4.1
2023-08-25 10:40:00+00:00,19.1,6.0,6.3,4.1
2023-08-25 10:50:00+00:00,19.133333333333333,6.0,6.233333333333333,4.7
2023-08-25 11:00:00+00:00,19.166666666666668,6.0,6.166666666666666,5.3
2023-08-25 11:10:00+00:00,19.2,6.0,6.1,5.9
2023-08-25 11:20:00+00:00,19.2,6.0,6.1,6.0
2023-08-25 11:30:00+00:00,19.3,6.0,6.1,6.0
2023-08-25 11:40:00+00:00,19.3,6.0,6.1,6.1
2023-08-25 11:50:00+00:00,19.3,7.0,6.1,6.0
2023-08-25 12:00:00+00:00,19.4,6.0,6.0,6.0
2023-08-25 12:10:00+00:00,19.5,7.0,6.0,6.1
2023-08-25 12:20:00+00:00,19.5,6.0,6.0,6.0
2023-08-25 12:30:00+00:00,19.533333333333335,6.0,6.0,6.0
2023-08-25 12:40:00+00:00,19.566666666666666,6.0,6.0,6.0
2023-08-25 12:50:00+00:00,19.6,6.0,6.0,6.0
2023-08-25 13:00:00+00:00,19.6,6.0,6.0,6.1
2023-08-25 13:10:00+00:00,19.7,6.0,5.9,6.0
2023-08-25 13:20:00+00:00,19.75,6.0,5.9,6.0
2023-08-25 13:30:00+00:00,19.8,6.0,5.9,6.0
2023-08-25 13:40:00+00:00,19.9,6.0,5.9,6.2
2023-08-25 13:50:00+00:00,20.0,6.0,5.9,6.2
2023-08-25 14:00:00+00:00,20.0,6.0,5.8,6.1
2023-08-25 14:10:00+00:00,20.1,5.0,5.8,6.1
2023-08-25 14:20:00+00:00,20.1,6.0,5.7,6.1
2023-08-25 14:30:00+00:00,20.15,6.0,5.7,6.1
2023-08-25 14:40:00+00:00,20.2,6.0,5.7,6.1
2023-08-25 14:50:00+00:00,20.3,6.0,5.7,6.0
2023-08-25 15:00:00+00:00,20.3,6.0,5.6,6.1
2023-08-25 15:10:00+00:00,20.4,6.0,5.6,6.0
2023-08-25 15:20:00+00:00,20.5,6.0,5.5,5.9
2023-08-25 15:30:00+00:00,20.5,6.0,5.4,5.8
2023-08-25 15:40:00+00:00,20.5,6.0,5.4,5.5
2023-08-25 15:50:00+00:00,20.55,5.5,5.35,5.55
2023-08-25 16:00:00+00:00,20.6,5.0,5.3,5.6
2023-08-25 16:10:00+00:00,20.6,6.0,5.3,5.7
2023-08-25 16:20:00+00:00,20.6,5.5,5.3,5.800000000000001
2023-08-25 16:30:00+00:00,20.6,5.0,5.3,5.9
2023-08-25 16:40:00+00:00,20.7,5.0,5.2,4.1
2023-08-25 16:50:00+00:00,20.7,6.0,5.1,4.1
2023-08-25 17:00:00+00:00,20.8,6.0,5.1,4.1
2023-08-25 17:10:00+00:00,20.8,6.0,5.1,4.1
2023-08-25 17:20:00+00:00,20.8,6.0,5.1,4.1
2023-08-25 17:30:00+00:00,20.8,7.0,5.1,4.1
2023-08-25 17:40:00+00:00,20.8,6.0,5.1,4.1
2023-08-25 17:50:00+00:00,20.9,6.0,5.1,3.9
2023-08-25 18:00:00+00:00,20.9,5.0,5.0,2.6
2023-08-25 18:10:00+00:00,20.9,5.5,5.0,1.8
2023-08-25 18:20:00+00:00,20.9,6.0,5.0,1.0
2023-08-25 18:30:00+00:00,20.9,6.0,5.0,0.5
2023-08-25 18:40:00+00:00,20.9,6.0,5.02,0.49
2023-08-25 18:50:00+00:00,20.9,6.0,5.04,0.48
2023-08-25 19:00:00+00:00,20.9,6.0,5.0600000000000005,0.47000000000000003
2023-08-25 19:10:00+00:00,20.9,6.0,5.08,0.46
2023-08-25 19:20:00+00:00,20.9,6.0,5.1,0.45
2023-08-25 19:30:00+00:00,20.9,6.0,5.12,0.44
2023-08-25 19:40:00+00:00,20.9,6.0,5.140000000000001,0.43
2023-08-25 19:50:00+00:00,20.9,6.0,5.16,0.42000000000000004
2023-08-25 20:00:00+00:00,20.9,6.0,5.18,0.41000000000000003
2023-08-25 20:10:00+00:00,20.9,6.0,5.2,0.4
2023-08-25 20:20:00+00:00,20.892307692307693,6.0,5.2153846153846155,0.4153846153846154
2023-08-25 20:30:00+00:00,20.884615384615383,6.0,5.230769230769231,0.4307692307692308
2023-08-25 20:40:00+00:00,20.876923076923077,6.0,5.246153846153846,0.4461538461538462
2023-08-25 20:50:00+00:00,20.869230769230768,6.0,5.2615384615384615,0.46153846153846156
2023-08-25 21:00:00+00:00,20.861538461538462,6.0,5.276923076923077,0.47692307692307695
2023-08-25 21:10:00+00:00,20.853846153846153,6.0,5.292307692307692,0.49230769230769234
2023-08-25 21:20:00+00:00,20.846153846153847,6.0,5.307692307692308,0.5076923076923077
2023-08-25 21:30:00+00:00,20.838461538461537,6.0,5.323076923076924,0.5230769230769231
2023-08-25 21:40:00+00:00,20.83076923076923,6.0,5.338461538461539,0.5384615384615384
2023-08-25 21:50:00+00:00,20.823076923076922,6.0,5.353846153846154,0.5538461538461539
2023-08-25 22:00:00+00:00,20.815384615384616,6.0,5.36923076923077,0.5692307692307692
2023-08-25 22:10:00+00:00,20.807692307692307,6.0,5.384615384615385,0.5846153846153845
2023-08-25 22:20:00+00:00,20.8,6.0,5.4,0.6
2023-08-25 22:30:00+00:00,20.773333333333333,6.0,5.436666666666667,0.6033333333333333
2023-08-25 22:40:00+00:00,20.746666666666666,6.0,5.473333333333334,0.6066666666666667
2023-08-25 22:50:00+00:00,20.72,6.0,5.510000000000001,0.61
2023-08-25 23:00:00+00:00,20.693333333333335,6.0,5.546666666666667,0.6133333333333333
2023-08-25 23:10:00+00:00,20.666666666666668,6.0,5.583333333333334,0.6166666666666667
2023-08-25 23:20:00+00:00,20.64,6.0,5.62,0.62
2023-08-25 23:30:00+00:00,20.613333333333333,6.0,5.656666666666667,0.6233333333333333
2023-08-25 23:40:00+00:00,20.586666666666666,6.0,5.693333333333333,0.6266666666666666
2023-08-25 23:50:00+00:00,20.560000000000002,6.0,5.73,0.63
2023-08-26 00:00:00+00:00,20.533333333333335,6.0,5.766666666666667,0.6333333333333333
2023-08-26 00:10:00+00:00,20.506666666666668,6.0,5.803333333333334,0.6366666666666666
2023-08-26 00:20:00+00:00,20.48,6.0,5.84,0.64
2023-08-26 00:30:00+00:00,20.453333333333333,6.0,5.876666666666667,0.6433333333333333
2023-08-26 00:40:00+00:00,20.426666666666666,6.0,5.913333333333334,0.6466666666666666
2023-08-26 00:50:00+00:00,20.4,6.0,5.95,0.6499999999999999
2023-08-26 01:00:00+00:00,20.373333333333335,6.0,5.986666666666666,0.6533333333333333
2023-08-26 01:10:00+00:00,20.346666666666668,6.0,6.023333333333333,0.6566666666666666
2023-08-26 01:20:00+00:00,20.32,6.0,6.0600000000000005,0.6599999999999999
2023-08-26 01:30:00+00:00,20.293333333333333,6.0,6.096666666666667,0.6633333333333333
2023-08-26 01:40:00+00:00,20.266666666666666,6.0,6.133333333333334,0.6666666666666666
2023-08-26 01:50:00+00:00,20.240000000000002,6.0,6.17,0.6699999999999999
2023-08-26 02:00:00+00:00,20.213333333333335,6.0,6.206666666666667,0.6733333333333333
2023-08-26 02:10:00+00:00,20.186666666666667,6.0,6.243333333333333,0.6766666666666666
2023-08-26 02:20:00+00:00,20.16,6.0,6.28,0.6799999999999999
2023-08-26 02:30:00+00:00,,,,
2023-08-26 02:40:00+00:00,,,,
2023-08-26 02:50:00+00:00,,,,
2023-08-26 03:00:00+00:00,,,,
2023-08-26 03:10:00+00:00,,,,
2023-08-26 03:20:00+00:00,20.0,6.0,6.5,0.7
2023-08-26 03:30:00+00:00,19.97,6.0,6.49,1.04
2023-08-26 03:40:00+00:00,19.94,6.0,6.48,1.38
2023-08-26 03:50:00+00:00,19.91,6.0,6.47,1.72
2023-08-26 04:00:00+00:00,19.88,6.0,6.46,2.0599999999999996
2023-08-26 04:10:00+00:00,19.85,6.0,6.45,2.3999999999999995
2023-08-26 04:20:00+00:00,19.82,6.0,6.44,2.74
2023-08-26 04:30:00+00:00,19.79,6.0,6.430000000000001,3.08
2023-08-26 04:40:00+00:00,19.759999999999998,6.0,6.42,3.42
2023-08-26 04:50:00+00:00,19.73,6.0,6.41,3.76
2023-08-26 05:00:00+00:00,19.7,6.0,6.4,4.1
2023-08-26 05:10:00+00:00,19.7,6.0,6.45,4.1
2023-08-26 05:20:00+00:00,19.7,6.0,6.5,4.1
2023-08-26 05:30:00+00:00,19.8,6.0,6.5,4.1
2023-08-26 05:40:00+00:00,19.8,7.0,6.4,4.1
2023-08-26 05:50:00+00:00,19.8,6.0,6.5,4.1
2023-08-26 06:00:00+00:00,19.8,6.0,6.5,4.1
2023-08-26 06:10:00+00:00,19.8,6.0,6.4,4.1
2023-08-26 06:20:00+00:00,19.8,6.0,6.5,4.1
2023-08-26 06:30:00+00:00,19.8,6.0,6.5,4.1
2023-08-26 06:40:00+00:00,19.8,6.0,6.5,4.1
2023-08-26 06:50:00+00:00,19.8,5.5,6.55,4.1
2023-08-26 07:00:00+00:00,19.8,5.0,6.6,4.1
2023-08-26 07:10:00+00:00,19.8,6.0,6.6,4.1
2023-08-26 07:20:00+00:00,19.8,6.0,6.6,4.1
2023-08-26 07:30:00+00:00,19.8,6.0,6.6,4.1
2023-08-26 07:40:00+00:00,19.9,6.0,6.6,4.1
2023-08-26 07:50:00+00:00,19.9,6.0,6.6,4.1
2023-08-26 08:00:00+00:00,19.95,6.0,6.55,4.1
2023-08-26 08:10:00+00:00,20.0,6.0,6.5,4.1
2023-08-26 08:20:00+00:00,20.0,7.0,6.5,4.1
2023-08-26 08:30:00+00:00,20.0,6.5,6.55,4.15
2023-08-26 08:40:00+00:00,20.0,6.0,6.6,4.2
2023-08-26 08:50:00+00:00,20.075,6.0,6.475,4.2
2023-08-26 09:00:00+00:00,20.15,6.0,6.35,4.2
2023-08-26 09:10:00+00:00,20.225,6.0,6.225,4.2
2023-08-26 09:20:00+00:00,20.3,6.0,6.1,4.2
2023-08-26 09:30:00+00:00,20.3,6.0,6.1,4.1
2023-08-26 09:40:00+00:00,20.3,6.0,6.1,4.1
2023-08-26 09:50:00+00:00,20.5,5.0,6.1,5.3
2023-08-26 10:00:00+00:00,20.6,6.0,6.1,5.7
2023-08-26 10:10:00+00:00,20.6,6.0,6.0,5.8
2023-08-26 10:20:00+00:00,20.65,6.0,6.0,4.949999999999999
2023-08-26 10:30:00+00:00,20.7,6.0,6.0,4.1
2023-08-26 10:40:00+00:00,20.7,5.5,5.95,4.1
2023-08-26 10:50:00+00:00,20.7,5.0,5.9,4.1
2023-08-26 11:00:00+00:00,20.8,6.0,5.9,4.1
2023-08-26 11:10:00+00:00,20.7,6.0,5.9,4.1
2023-08-26 11:20:00+00:00,20.7,6.0,6.0,4.1
2023-08-26 11:30:00+00:00,20.7,6.0,6.0,4.1
2023-08-26 11:40:00+00:00,20.7,6.0,6.0,4.1
2023-08-26 11:50:00+00:00,20.7,6.0,6.4,3.9
2023-08-26 12:00:00+00:00,20.7,6.0,6.8,5.9
2023-08-26 12:10:00+00:00,20.75,6.0,6.85,5.800000000000001
2023-08-26 12:20:00+00:00,20.8,6.0,6.9,5.7
2023-08-26 12:30:00+00:00,20.8,6.0,6.9,5.9
2023-08-26 12:40:00+00:00,20.8,6.0,6.9,5.9
2023-08-26 12:50:00+00:00,20.833333333333332,6.0,6.9,6.0
2023-08-26 13:00:00+00:00,20.866666666666667,6.0,6.9,6.1000000000000005
2023-08-26 13:10:00+00:00,20.9,6.0,6.9,6.2
2023-08-26 13:20:00+00:00,21.0,6.0,6.6,6.3
2023-08-26 13:30:00+00:00,21.1,5.0,6.4,6.2
2023-08-26 13:40:00+00:00,21.1,6.0,6.3,6.2
2023-08-26 13:50:00+00:00,21.1,6.0,6.3,6.15
2023-08-26 14:00:00+00:00,21.1,5.5,6.199999999999999,6.125
2023-08-26 14:10:00+00:00,21.1,5.0,6.1,6.1
2023-08-26 14:20:00+00:00,21.15,5.5,6.05,6.15
2023-08-26 14:30:00+00:00,21.2,6.0,6.0,6.2
2023-08-26 14:40:00+00:00,21.3,6.0,6.0,6.0
2023-08-26 14:50:00+00:00,21.3,6.0,5.9,4.1
2023-08-26 15:00:00+00:00,21.3,6.0,5.8,4.1
2023-08-26 15:10:00+00:00,21.3,5.5,5.85,4.1
2023-08-26 15:20:00+00:00,21.3,5.0,5.9,4.1
2023-08-26 15:30:00+00:00,21.2,6.0,6.0,4.1
2023-08-26 15:40:00+00:00,21.2,6.0,6.025,4.199999999999999
2023-08-26 15:50:00+00:00,21.2,6.0,6.05,4.3
2023-08-26 16:00:00+00:00,21.2,6.0,6.074999999999999,4.4
2023-08-26 16:10:00+00:00,21.2,6.0,6.1,4.5
2023-08-26 16:20:00+00:00,21.1,6.0,6.2,4.4
2023-08-26 16:30:00+00:00,21.1,6.0,6.3,5.8
2023-08-26 16:40:00+00:00,21.2,6.0,6.4,4.1
2023-08-26 16:50:00+00:00,21.2,6.0,6.6,4.1
2023-08-26 17:00:00+00:00,21.15,6.0,6.8,4.1
2023-08-26 17:10:00+00:00,21.1,6.0,7.0,4.1
2023-08-26 17:20:00+00:00,21.1,6.0,7.2,4.1
2023-08-26 17:30:00+00:00,21.1,6.0,7.1,4.1
2023-08-26 17:40:00+00:00,21.1,6.5,7.1,4.1
2023-08-26 17:50:00+00:00,21.1,7.0,7.1,4.1
2023-08-26 18:00:00+00:00,21.1,6.0,7.0,4.0
2023-08-26 18:10:00+00:00,21.0,6.0,7.0,2.7
2023-08-26 18:20:00+00:00,21.0,6.0,7.0,1.4
2023-08-26 18:30:00+00:00,21.0,6.0,6.8,0.8
2023-08-26 18:40:00+00:00,20.96,6.0,6.75,0.78
2023-08-26 18:50:00+00:00,20.92,6.0,6.7,0.76
2023-08-26 19:00:00+00:00,20.88,6.0,6.6499999999999995,0.74
2023-08-26 19:10:00+00:00,20.84,6.0,6.6,0.72
2023-08-26 19:20:00+00:00,20.8,6.0,6.55,0.7
2023-08-26 19:30:00+00:00,20.76,6.0,6.5,0.6799999999999999
2023-08-26 19:40:00+00:00,20.720000000000002,6.0,6.45,0.66
2023-08-26 19:50:00+00:00,20.68,6.0,6.3999999999999995,0.64
2023-08-26 20:00:00+00:00,20.64,6.0,6.35,0.62
2023-08-26 20:10:00+00:00,20.6,6.0,6.3,0.6
2023-08-26 20:20:00+00:00,20.580000000000002,6.0,6.25,0.6
2023-08-26 20:30:00+00:00,20.560000000000002,6.0,6.2,0.6
2023-08-26 20:40:00+00:00,20.54,6.0,6.1499999999999995,0.6
2023-08-26 20:50:00+00:00,20.52,6.0,6.1,0.6
2023-08-26 21:00:00+00:00,20.5,6.0,6.05,0.6
2023-08-26 21:10:00+00:00,20.48,6.0,6.0,0.6
2023-08-26 21:20:00+00:00,20.46,6.0,5.95,0.6
2023-08-26 21:30:00+00:00,20.439999999999998,6.0,5.8999999999999995,0.6
2023-08-26 21:40:00+00:00,20.419999999999998,6.0,5.85,0.6
2023-08-26 21:50:00+00:00,20.4,6.0,5.8,0.6
2023-08-26 22:00:00+00:00,20.376923076923077,6.076923076923077,5.653846153846153,0.6
2023-08-26 22:10:00+00:00,20.353846153846153,6.153846153846154,5.507692307692308,0.6
2023-08-26 22:20:00+00:00,20.33076923076923,6.230769230769231,5.361538461538461,0.6
2023-08-26 22:30:00+00:00,20.307692307692307,6.3076923076923075,5.2153846153846155,0.6
2023-08-26 22:40:00+00:00,20.284615384615385,6.384615384615385,5.069230769230769,0.6
2023-08-26 22:50:00+00:00,20.26153846153846,6.461538461538462,4.923076923076923,0.6
2023-08-26 23:00:00+00:00,20.23846153846154,6.538461538461538,4.776923076923077,0.6
2023-08-26 23:10:00+00:00,20.215384615384615,6.615384615384615,4.63076923076923,0.6
2023-08-26 23:20:00+00:00,20.192307692307693,6.6923076923076925,4.484615384615385,0.6
2023-08-26 23:30:00+00:00,20.16923076923077,6.769230769230769,4.338461538461539,0.6
2023-08-26 23:40:00+00:00,20.146153846153847,6.846153846153847,4.1923076923076925,0.6
2023-08-26 23:50:00+00:00,20.123076923076923,6.923076923076923,4.046153846153846,0.6
2023-08-27 00:00:00+00:00,20.1,7.0,3.9,0.6
2023-08-27 00:10:00+00:00,20.07,6.9,3.88,0.6
2023-08-27 00:20:00+00:00,20.040000000000003,6.8,3.86,0.6
2023-08-27 00:30:00+00:00,20.01,6.7,3.84,0.6
2023-08-27 00:40:00+00:00,19.98,6.6,3.82,0.6
2023-08-27 00:50:00+00:00,19.950000000000003,6.5,3.8,0.6
2023-08-27 01:00:00+00:00,19.92,6.4,3.7800000000000002,0.6
2023-08-27 01:10:00+00:00,19.89,6.3,3.7600000000000002,0.6
2023-08-27 01:20:00+00:00,19.86,6.2,3.74,0.6
2023-08-27 01:30:00+00:00,19.830000000000002,6.1,3.72,0.6
2023-08-27 01:40:00+00:00,19.8,6.0,3.7,0.6
2023-08-27 01:50:00+00:00,19.79,6.0,3.6900000000000004,0.61
2023-08-27 02:00:00+00:00,19.78,6.0,3.68,0.62
2023-08-27 02:10:00+00:00,19.77,6.0,3.67,0.63
2023-08-27 02:20:00+00:00,19.76,6.0,3.66,0.64
2023-08-27 02:30:00+00:00,19.75,6.0,3.6500000000000004,0.6499999999999999
2023-08-27 02:40:00+00:00,19.74,6.0,3.64,0.6599999999999999
2023-08-27 02:50:00+00:00,19.73,6.0,3.63,0.6699999999999999
2023-08-27 03:00:00+00:00,19.72,6.0,3.62,0.6799999999999999
2023-08-27 03:10:00+00:00,19.71,6.0,3.6100000000000003,0.69
2023-08-27 03:20:00+00:00,19.7,6.0,3.6,0.7
2023-08-27 03:30:00+00:00,19.68,6.0,3.58,1.04
2023-08-27 03:40:00+00:00,19.66,6.0,3.56,1.38
2023-08-27 03:50:00+00:00,19.64,6.0,3.54,1.72
2023-08-27 04:00:00+00:00,19.62,6.0,3.52,2.0599999999999996
2023-08-27 04:10:00+00:00,19.6,6.0,3.5,2.3999999999999995
2023-08-27 04:20:00+00:00,19.58,6.0,3.48,2.74
2023-08-27 04:30:00+00:00,19.56,6.0,3.46,3.08
2023-08-27 04:40:00+00:00,19.54,6.0,3.44,3.42
2023-08-27 04:50:00+00:00,19.52,6.0,3.42,3.76
2023-08-27 05:00:00+00:00,19.5,6.0,3.4,4.1
2023-08-27 05:10:00+00:00,19.5,6.0,3.4,4.1
2023-08-27 05:20:00+00:00,19.5,6.0,3.4,4.1
2023-08-27 05:30:00+00:00,19.5,6.0,3.4,4.1
2023-08-27 05:40:00+00:00,19.5,6.0,3.4,4.1
2023-08-27 05:50:00+00:00,19.5,6.0,3.4,4.1
2023-08-27 06:00:00+00:00,19.5,7.0,3.5,4.1
2023-08-27 06:10:00+00:00,19.5,6.0,3.5,4.1
2023-08-27 06:20:00+00:00,19.5,6.0,3.45,4.1
2023-08-27 06:30:00+00:00,19.5,6.0,3.4,4.1
2023-08-27 06:40:00+00:00,19.5,6.0,3.4,4.1
2023-08-27 06:50:00+00:00,19.5,6.0,3.5,4.1
2023-08-27 07:00:00+00:00,19.5,6.0,3.5,4.1
2023-08-27 07:10:00+00:00,19.5,6.0,3.5,4.1
2023-08-27 07:20:00+00:00,19.5,6.0,3.5,4.1
2023-08-27 07:30:00+00:00,19.5,6.0,3.5,4.1
2023-08-27 07:40:00+00:00,19.5,7.0,3.6,4.1
2023-08-27 07:50:00+00:00,19.5,6.0,3.8,4.1
2023-08-27 08:00:00+00:00,19.5,6.0,3.7,4.1
2023-08-27 08:10:00+00:00,19.5,6.0,3.6500000000000004,4.0
2023-08-27 08:20:00+00:00,19.5,6.0,3.6,3.9
2023-08-27 08:30:00+00:00,19.5,6.0,3.8,4.1
2023-08-27 08:40:00+00:00,19.5,6.0,4.6,4.1
2023-08-27 08:50:00+00:00,19.5,6.0,4.9,4.1
2023-08-27 09:00:00+00:00,19.5,6.0,4.1,4.1
2023-08-27 09:10:00+00:00,19.5,6.0,5.05,4.15
2023-08-27 09:20:00+00:00,19.5,6.0,6.0,4.2
2023-08-27 09:30:00+00:00,19.55,6.0,6.45,4.15
2023-08-27 09:40:00+00:00,19.6,6.0,6.9,4.1
2023-08-27 09:50:00+00:00,19.6,6.0,7.1,4.1
2023-08-27 10:00:00+00:00,19.6,6.0,7.3,4.1
2023-08-27 10:10:00+00:00,19.6,6.0,8.5,4.1
2023-08-27 10:20:00+00:00,19.6,7.0,9.9,4.1
2023-08-27 10:30:00+00:00,19.6,6.0,10.1,4.1
2023-08-27 10:40:00+00:00,19.6,6.0,10.0,4.1
2023-08-27 10:50:00+00:00,19.6,6.0,9.9,4.1
2023-08-27 11:00:00+00:00,19.65,5.5,9.9,4.1
2023-08-27 11:10:00+00:00,19.7,5.0,9.9,4.1
2023-08-27 11:20:00+00:00,19.7,6.0,10.0,5.9
2023-08-27 11:30:00+00:00,19.7,6.0,9.933333333333334,5.866666666666667
2023-08-27 11:40:00+00:00,19.7,6.0,9.866666666666667,5.833333333333333
2023-08-27 11:50:00+00:00,19.7,6.0,9.8,5.8
2023-08-27 12:00:00+00:00,19.7,6.0,10.0,5.8
2023-08-27 12:10:00+00:00,19.725,6.0,10.025,5.75
2023-08-27 12:20:00+00:00,19.75,6.0,10.05,5.699999999999999
2023-08-27 12:30:00+00:00,19.775,6.0,10.075,5.6499999999999995
2023-08-27 12:40:00+00:00,19.8,6.0,10.1,5.6
2023-08-27 12:50:00+00:00,19.8,6.0,10.1,5.9
2023-08-27 13:00:00+00:00,19.8,6.0,10.2,6.0
2023-08-27 13:10:00+00:00,19.8,6.0,10.3,6.05
2023-08-27 13:20:00+00:00,19.8,6.0,10.4,6.1
2023-08-27 13:30:00+00:00,19.85,6.0,10.25,5.15
2023-08-27 13:40:00+00:00,19.9,6.0,10.1,4.2
2023-08-27 13:50:00+00:00,19.9,6.0,10.0,4.15
2023-08-27 14:00:00+00:00,19.9,6.0,9.9,4.1
2023-08-27 14:10:00+00:00,19.9,5.0,10.0,4.1
2023-08-27 14:20:00+00:00,19.9,6.0,10.1,4.1
2023-08-27 14:30:00+00:00,20.0,6.0,10.1,4.1
2023-08-27 14:40:00+00:00,19.9,6.0,10.1,4.1
2023-08-27 14:50:00+00:00,20.0,6.0,10.2,5.6
2023-08-27 15:00:00+00:00,20.0,6.0,10.2,5.6
2023-08-27 15:10:00+00:00,20.0,6.0,10.3,4.1
2023-08-27 15:20:00+00:00,20.0,6.0,10.25,4.1
2023-08-27 15:30:00+00:00,20.0,6.0,10.2,4.1
2023-08-27 15:40:00+00:00,20.0,5.5,10.25,4.1
2023-08-27 15:50:00+00:00,20.0,5.0,10.3,4.1
2023-08-27 16:00:00+00:00,20.0,7.0,10.4,4.1
2023-08-27 16:10:00+00:00,20.0,6.0,10.4,4.1
2023-08-27 16:20:00+00:00,20.0,6.333333333333333,10.4,4.1
2023-08-27 16:30:00+00:00,20.0,6.666666666666667,10.4,4.1
2023-08-27 16:40:00+00:00,20.0,7.0,10.4,4.1
2023-08-27 16:50:00+00:00,19.9,6.0,10.4,4.1
2023-08-27 17:00:00+00:00,19.9,7.0,10.3,4.1
2023-08-27 17:10:00+00:00,19.9,7.0,10.3,4.0
2023-08-27 17:20:00+00:00,19.9,7.0,10.3,3.9
2023-08-27 17:30:00+00:00,19.9,6.0,10.2,4.0
2023-08-27 17:40:00+00:00,19.9,6.0,10.1,3.9
2023-08-27 17:50:00+00:00,19.8,6.0,10.0,3.1
2023-08-27 18:00:00+00:00,19.8,6.0,9.9,1.6
2023-08-27 18:10:00+00:00,19.8,6.0,9.9,0.7
2023-08-27 18:20:00+00:00,19.78,6.1,9.81,0.6699999999999999
2023-08-27 18:30:00+00:00,19.76,6.2,9.72,0.64
2023-08-27 18:40:00+00:00,19.740000000000002,6.3,9.63,0.61
2023-08-27 18:50:00+00:00,19.720000000000002,6.4,9.540000000000001,0.58
2023-08-27 19:00:00+00:00,19.700000000000003,6.5,9.45,0.55
2023-08-27 19:10:00+00:00,19.68,6.6,9.36,0.52
2023-08-27 19:20:00+00:00,19.66,6.7,9.27,0.49
2023-08-27 19:30:00+00:00,19.64,6.8,9.18,0.46
2023-08-27 19:40:00+00:00,19.62,6.9,9.09,0.43000000000000005
2023-08-27 19:50:00+00:00,19.6,7.0,9.0,0.4
2023-08-27 20:00:00+00:00,19.592307692307692,6.923076923076923,8.946153846153846,0.4153846153846154
2023-08-27 20:10:00+00:00,19.584615384615386,6.846153846153846,8.892307692307693,0.4307692307692308
2023-08-27 20:20:00+00:00,19.576923076923077,6.769230769230769,8.838461538461539,0.4461538461538462
2023-08-27 20:30:00+00:00,19.56923076923077,6.6923076923076925,8.784615384615385,0.46153846153846156
2023-08-27 20:40:00+00:00,19.56153846153846,6.615384615384615,8.730769230769232,0.47692307692307695
2023-08-27 20:50:00+00:00,19.553846153846155,6.538461538461538,8.676923076923078,0.49230769230769234
2023-08-27 21:00:00+00:00,19.546153846153846,6.461538461538462,8.623076923076923,0.5076923076923077
2023-08-27 21:10:00+00:00,19.53846153846154,6.384615384615385,8.569230769230769,0.5230769230769231
2023-08-27 21:20:00+00:00,19.53076923076923,6.3076923076923075,8.515384615384615,0.5384615384615384
2023-08-27 21:30:00+00:00,19.523076923076925,6.230769230769231,8.461538461538462,0.5538461538461539
2023-08-27 21:40:00+00:00,19.515384615384615,6.153846153846153,8.407692307692308,0.5692307692307692
2023-08-27 21:50:00+00:00,19.50769230769231,6.076923076923077,8.353846153846154,0.5846153846153845
2023-08-27 22:00:00+00:00,19.5,6.0,8.3,0.6
2023-08-27 22:10:00+00:00,19.47,6.0,8.32,0.6
2023-08-27 22:20:00+00:00,19.44,6.0,8.34,0.6
2023-08-27 22:30:00+00:00,19.41,6.0,8.360000000000001,0.6
2023-08-27 22:40:00+00:00,19.38,6.0,8.38,0.6
2023-08-27 22:50:00+00:00,19.35,6.0,8.4,0.6
2023-08-27 23:00:00+00:00,19.32,6.0,8.42,0.6
2023-08-27 23:10:00+00:00,19.29,6.0,8.44,0.6
2023-08-27 23:20:00+00:00,19.259999999999998,6.0,8.46,0.6
2023-08-27 23:30:00+00:00,19.23,6.0,8.48,0.6
2023-08-27 23:40:00+00:00,19.2,6.0,8.5,0.6
2023-08-27 23:50:00+00:00,19.18,6.0,8.58,0.6
2023-08-28 00:00:00+00:00,19.16,6.0,8.66,0.6
2023-08-28 00:10:00+00:00,19.14,6.0,8.74,0.6
2023-08-28 00:20:00+00:00,19.12,6.0,8.82,0.6
2023-08-28 00:30:00+00:00,19.1,6.0,8.9,0.6
2023-08-28 00:40:00+00:00,19.08,6.0,8.98,0.6
2023-08-28 00:50:00+00:00,19.06,6.0,9.06,0.6
2023-08-28 01:00:00+00:00,19.04,6.0,9.14,0.6
2023-08-28 01:10:00+00:00,19.02,6.0,9.22,0.6
2023-08-28 01:20:00+00:00,19.0,6.0,9.3,0.6
2023-08-28 01:30:00+00:00,19.0,6.0,9.3,0.6
2023-08-28 01:40:00+00:00,18.977777777777778,6.0,9.255555555555556,0.5777777777777777
2023-08-28 01:50:00+00:00,18.955555555555556,6.0,9.211111111111112,0.5555555555555556
2023-08-28 02:00:00+00:00,18.933333333333334,6.0,9.166666666666668,0.5333333333333333
2023-08-28 02:10:00+00:00,18.91111111111111,6.0,9.122222222222224,0.5111111111111111
2023-08-28 02:20:00+00:00,18.88888888888889,6.0,9.077777777777778,0.48888888888888893
2023-08-28 02:30:00+00:00,18.866666666666667,6.0,9.033333333333333,0.4666666666666667
2023-08-28 02:40:00+00:00,18.844444444444445,6.0,8.988888888888889,0.4444444444444445
2023-08-28 02:50:00+00:00,18.822222222222223,6.0,8.944444444444445,0.4222222222222223
2023-08-28 03:00:00+00:00,18.8,6.0,8.9,0.4
2023-08-28 03:10:00+00:00,18.78,6.1,8.88,0.77
2023-08-28 03:20:00+00:00,18.76,6.2,8.86,1.1400000000000001
2023-08-28 03:30:00+00:00,18.740000000000002,6.3,8.84,1.5099999999999998
2023-08-28 03:40:00+00:00,18.720000000000002,6.4,8.82,1.88
2023-08-28 03:50:00+00:00,18.700000000000003,6.5,8.8,2.25
2023-08-28 04:00:00+00:00,18.68,6.6,8.78,2.6199999999999997
2023-08-28 04:10:00+00:00,18.66,6.7,8.76,2.9899999999999998
2023-08-28 04:20:00+00:00,18.64,6.8,8.74,3.36
2023-08-28 04:30:00+00:00,18.62,6.9,8.719999999999999,3.73
2023-08-28 04:40:00+00:00,18.6,7.0,8.7,4.1
2023-08-28 04:50:00+00:00,18.6,6.0,8.8,4.1
2023-08-28 05:00:00+00:00,18.5,6.0,8.9,4.1
2023-08-28 05:10:00+00:00,18.5,6.0,8.8,4.1
2023-08-28 05:20:00+00:00,18.5,7.0,8.8,4.1
2023-08-28 05:30:00+00:00,18.5,6.0,9.9,4.1
2023-08-28 05:40:00+00:00,18.5,6.0,10.5,4.1
2023-08-28 05:50:00+00:00,18.5,6.0,10.6,4.0
2023-08-28 06:00:00+00:00,18.5,6.0,10.7,3.9
2023-08-28 06:10:00+00:00,18.5,6.0,10.7,4.1
2023-08-28 06:20:00+00:00,18.5,7.0,10.9,4.1
2023-08-28 06:30:00+00:00,18.5,7.0,11.0,3.9
2023-08-28 06:40:00+00:00,18.6,6.0,10.9,4.1
2023-08-28 06:50:00+00:00,18.6,6.0,10.9,3.9
2023-08-28 07:00:00+00:00,18.6,6.0,11.1,4.1
2023-08-28 07:10:00+00:00,18.6,6.0,11.3,4.1
2023-08-28 07:20:00+00:00,18.6,6.0,11.3,4.1
2023-08-28 07:30:00+00:00,18.6,6.0,11.3,4.1
2023-08-28 07:40:00+00:00,18.6,6.0,11.3,4.1
2023-08-28 07:50:00+00:00,18.6,6.0,11.3,4.1
2023-08-28 08:00:00+00:00,18.6,6.0,11.4,4.1
2023-08-28 08:10:00+00:00,18.7,6.0,11.7,4.1
2023-08-28 08:20:00+00:00,18.8,6.0,11.5,4.1
2023-08-28 08:30:00+00:00,18.8,6.0,11.3,4.1
2023-08-28 08:40:00+00:00,18.8,6.0,11.8,4.1
2023-08-28 08:50:00+00:00,18.8,6.0,11.6,4.1
2023-08-28 09:00:00+00:00,18.8,6.0,11.9,5.9
2023-08-28 09:10:00+00:00,18.9,6.0,11.5,6.2
2023-08-28 09:20:00+00:00,18.9,6.0,11.4,6.3
2023-08-28 09:30:00+00:00,18.9,6.0,11.600000000000001,6.3
2023-08-28 09:40:00+00:00,18.9,6.0,11.8,6.3
2023-08-28 09:50:00+00:00,19.0,6.0,11.3,6.0
2023-08-28 10:00:00+00:00,19.0,7.0,11.3,6.3
2023-08-28 10:10:00+00:00,19.0,6.0,11.6,6.3
2023-08-28 10:20:00+00:00,19.0,7.0,11.7,6.3
2023-08-28 10:30:00+00:00,19.0,7.0,11.2,6.1
2023-08-28 10:40:00+00:00,19.1,6.0,11.0,6.2
2023-08-28 10:50:00+00:00,19.1,7.0,11.0,6.3
2023-08-28 11:00:00+00:00,19.1,6.0,10.4,6.2
2023-08-28 11:10:00+00:00,19.1,5.5,10.45,6.2
2023-08-28 11:20:00+00:00,19.1,5.0,10.5,6.2
2023-08-28 11:30:00+00:00,19.1,6.0,11.5,6.1
2023-08-28 11:40:00+00:00,19.2,6.0,11.3,6.4
2023-08-28 11:50:00+00:00,19.2,7.0,10.9,6.3
2023-08-28 12:00:00+00:00,19.3,6.0,10.3,6.3
2023-08-28 12:10:00+00:00,19.3,6.0,9.7,6.3
2023-08-28 12:20:00+00:00,19.3,6.0,9.7,6.0
2023-08-28 12:30:00+00:00,19.3,7.0,10.4,5.9
2023-08-28 12:40:00+00:00,19.4,6.0,10.7,6.1
2023-08-28 12:50:00+00:00,19.4,6.0,10.8,5.9
2023-08-28 13:00:00+00:00,19.45,6.0,10.8,5.95
2023-08-28 13:10:00+00:00,19.5,6.0,10.8,6.0
2023-08-28 13:20:00+00:00,19.5,5.0,10.8,6.0
2023-08-28 13:30:00+00:00,19.5,6.0,10.3,5.9
2023-08-28 13:40:00+00:00,19.5,6.0,10.5,5.7
2023-08-28 13:50:00+00:00,19.5,5.0,10.4,6.0
2023-08-28 14:00:00+00:00,19.5,6.0,10.6,6.0
2023-08-28 14:10:00+00:00,19.6,6.0,10.4,5.8
2023-08-28 14:20:00+00:00,19.6,6.0,10.3,5.9
2023-08-28 14:30:00+00:00,19.6,6.0,10.4,6.1
2023-08-28 14:40:00+00:00,19.6,6.0,10.9,6.2
2023-08-28 14:50:00+00:00,19.6,6.0,10.8,5.9
2023-08-28 15:00:00+00:00,19.6,6.0,10.7,5.6
2023-08-28 15:10:00+00:00,19.7,6.0,9.9,4.1
2023-08-28 15:20:00+00:00,19.7,6.0,9.8,4.1
2023-08-28 15:30:00+00:00,19.7,6.0,9.8,5.2
2023-08-28 15:40:00+00:00,19.7,6.0,10.1,5.5
2023-08-28 15:50:00+00:00,19.6,6.0,10.4,4.3
2023-08-28 16:00:00+00:00,19.6,6.0,10.5,5.9
2023-08-28 16:10:00+00:00,19.6,6.0,10.4,5.9
2023-08-28 16:20:00+00:00,19.6,6.0,10.3,5.5
2023-08-28 16:30:00+00:00,19.6,6.0,10.4,4.6
2023-08-28 16:40:00+00:00,19.6,6.0,10.4,4.4
2023-08-28 16:50:00+00:00,19.6,6.0,10.4,4.2
2023-08-28 17:00:00+00:00,19.6,6.0,10.7,4.1
2023-08-28 17:10:00+00:00,19.6,6.0,10.7,4.1
2023-08-28 17:20:00+00:00,19.6,6.0,10.9,3.9
2023-08-28 17:30:00+00:00,19.6,6.0,11.0,4.0
2023-08-28 17:40:00+00:00,19.5,6.0,11.0,3.4
2023-08-28 17:50:00+00:00,19.5,6.0,11.2,2.8
2023-08-28 18:00:00+00:00,19.5,6.0,11.3,1.8
2023-08-28 18:10:00+00:00,19.5,6.0,11.2,1.0
2023-08-28 18:20:00+00:00,19.5,5.0,11.3,0.6
2023-08-28 18:30:00+00:00,19.478571428571428,5.142857142857143,11.335714285714287,0.5857142857142857
2023-08-28 18:40:00+00:00,19.457142857142856,5.285714285714286,11.371428571428572,0.5714285714285714
2023-08-28 18:50:00+00:00,19.435714285714287,5.428571428571429,11.407142857142858,0.5571428571428572
2023-08-28 19:00:00+00:00,19.414285714285715,5.571428571428571,11.442857142857143,0.5428571428571428
2023-08-28 19:10:00+00:00,19.392857142857142,5.714285714285714,11.47857142857143,0.5285714285714286
2023-08-28 19:20:00+00:00,19.37142857142857,5.857142857142857,11.514285714285714,0.5142857142857142
2023-08-28 19:30:00+00:00,19.35,6.0,11.55,0.5
2023-08-28 19:40:00+00:00,19.32857142857143,6.142857142857142,11.585714285714287,0.4857142857142857
2023-08-28 19:50:00+00:00,19.307142857142857,6.285714285714286,11.621428571428572,0.4714285714285714
2023-08-28 20:00:00+00:00,19.285714285714285,6.428571428571429,11.657142857142858,0.4571428571428572
2023-08-28 20:10:00+00:00,19.264285714285712,6.571428571428571,11.692857142857143,0.44285714285714284
2023-08-28 20:20:00+00:00,19.242857142857144,6.714285714285714,11.72857142857143,0.4285714285714286
2023-08-28 20:30:00+00:00,19.22142857142857,6.857142857142857,11.764285714285714,0.4142857142857143
2023-08-28 20:40:00+00:00,19.2,7.0,11.8,0.4
2023-08-28 20:50:00+00:00,19.18,6.9,11.8,0.42000000000000004
2023-08-28 21:00:00+00:00,19.16,6.8,11.8,0.44
2023-08-28 21:10:00+00:00,19.14,6.7,11.8,0.46
2023-08-28 21:20:00+00:00,19.12,6.6,11.8,0.48
2023-08-28 21:30:00+00:00,19.1,6.5,11.8,0.5
2023-08-28 21:40:00+00:00,19.08,6.4,11.8,0.52
2023-08-28 21:50:00+00:00,19.06,6.3,11.8,0.54
2023-08-28 22:00:00+00:00,19.04,6.2,11.8,0.56
2023-08-28 22:10:00+00:00,19.02,6.1,11.8,0.58
2023-08-28 22:20:00+00:00,19.0,6.0,11.8,0.6
2023-08-28 22:30:00+00:00,18.99,6.0,11.8,0.58
2023-08-28 22:40:00+00:00,18.98,6.0,11.8,0.5599999999999999
2023-08-28 22:50:00+00:00,18.97,6.0,11.8,0.54
2023-08-28 23:00:00+00:00,18.96,6.0,11.8,0.52
2023-08-28 23:10:00+00:00,18.95,6.0,11.8,0.5
2023-08-28 23:20:00+00:00,18.939999999999998,6.0,11.8,0.48
2023-08-28 23:30:00+00:00,18.93,6.0,11.8,0.45999999999999996
2023-08-28 23:40:00+00:00,18.919999999999998,6.0,11.8,0.44
2023-08-28 23:50:00+00:00,18.91,6.0,11.8,0.42000000000000004
2023-08-29 00:00:00+00:00,18.9,6.0,11.8,0.4
2023-08-29 00:10:00+00:00,18.88,6.0,11.790000000000001,0.42000000000000004
2023-08-29 00:20:00+00:00,18.86,6.0,11.780000000000001,0.44
2023-08-29 00:30:00+00:00,18.84,6.0,11.77,0.46
2023-08-29 00:40:00+00:00,18.82,6.0,11.76,0.48
2023-08-29 00:50:00+00:00,18.799999999999997,6.0,11.75,0.5
2023-08-29 01:00:00+00:00,18.779999999999998,6.0,11.74,0.52
2023-08-29 01:10:00+00:00,18.759999999999998,6.0,11.73,0.54
2023-08-29 01:20:00+00:00,18.74,6.0,11.719999999999999,0.56
2023-08-29 01:30:00+00:00,18.72,6.0,11.709999999999999,0.58
2023-08-29 01:40:00+00:00,18.7,6.0,11.7,0.6
2023-08-29 01:50:00+00:00,18.68,6.0,11.649999999999999,0.6
2023-08-29 02:00:00+00:00,18.66,6.0,11.6,0.6
2023-08-29 02:10:00+00:00,18.64,6.0,11.549999999999999,0.6
2023-08-29 02:20:00+00:00,18.62,6.0,11.5,0.6
2023-08-29 02:30:00+00:00,18.6,6.0,11.45,0.6
2023-08-29 02:40:00+00:00,18.58,6.0,11.399999999999999,0.6
2023-08-29 02:50:00+00:00,18.56,6.0,11.35,0.6
2023-08-29 03:00:00+00:00,18.54,6.0,11.299999999999999,0.6
2023-08-29 03:10:00+00:00,18.52,6.0,11.25,0.6
2023-08-29 03:20:00+00:00,18.5,6.0,11.2,0.6
2023-08-29 03:30:00+00:00,18.48,6.05,11.18,0.915
2023-08-29 03:40:00+00:00,18.46,6.1,11.16,1.23
2023-08-29 03:50:00+00:00,18.44,6.15,11.139999999999999,1.545
2023-08-29 04:00:00+00:00,18.42,6.2,11.12,1.8599999999999999
2023-08-29 04:10:00+00:00,18.4,6.25,11.1,2.175
2023-08-29 04:20:00+00:00,18.38,6.3,11.08,2.49
2023-08-29 04:30:00+00:00,18.36,6.35,11.06,2.805
2023-08-29 04:40:00+00:00,18.34,6.4,11.04,3.12
2023-08-29 04:50:00+00:00,18.32,6.45,11.02,3.435
2023-08-29 05:00:00+00:00,18.3,6.5,11.0,3.75
2023-08-29 05:10:00+00:00,18.2,6.0,10.9,4.1
2023-08-29 05:20:00+00:00,18.2,6.0,10.850000000000001,4.1
2023-08-29 05:30:00+00:00,18.2,6.0,10.8,4.1
2023-08-29 05:40:00+00:00,18.1,7.0,10.7,4.1
2023-08-29 05:50:00+00:00,18.1,6.0,10.6,4.1
2023-08-29 06:00:00+00:00,18.1,6.0,10.5,4.1
2023-08-29 06:10:00+00:00,18.1,6.0,10.5,4.1
2023-08-29 06:20:00+00:00,18.0,7.0,10.5,4.1
2023-08-29 06:30:00+00:00,18.0,7.0,10.4,4.1
2023-08-29 06:40:00+00:00,18.0,7.0,10.4,4.1
2023-08-29 06:50:00+00:00,18.0,6.0,10.4,4.1
2023-08-29 07:00:00+00:00,18.0,6.0,10.3,4.1
2023-08-29 07:10:00+00:00,18.0,6.0,10.25,4.1
2023-08-29 07:20:00+00:00,18.0,6.0,10.2,4.1
2023-08-29 07:30:00+00:00,18.0,7.0,10.1,4.1
2023-08-29 07:40:00+00:00,18.0,6.0,10.1,4.1
2023-08-29 07:50:00+00:00,18.0,6.0,10.2,4.1
2023-08-29 08:00:00+00:00,18.0,6.0,10.2,4.1
2023-08-29 08:10:00+00:00,18.0,7.0,10.2,4.1
2023-08-29 08:20:00+00:00,18.0,6.0,10.2,4.1
2023-08-29 08:30:00+00:00,18.0,6.0,10.2,4.1
2023-08-29 08:40:00+00:00,18.0,6.0,10.3,4.1
2023-08-29 08:50:00+00:00,18.0,6.0,10.3,4.1
2023-08-29 09:00:00+00:00,18.0,6.5,10.4,4.1
2023-08-29 09:10:00+00:00,18.0,7.0,10.5,4.1
2023-08-29 09:20:00+00:00,18.0,7.0,10.6,4.1
2023-08-29 09:30:00+00:00,18.0,7.0,10.8,4.1
2023-08-29 09:40:00+00:00,18.0,6.0,10.9,4.1
2023-08-29 09:50:00+00:00,18.0,6.0,11.0,4.1
2023-08-29 10:00:00+00:00,18.0,6.0,11.0,4.1
2023-08-29 10:10:00+00:00,18.0,7.0,11.1,4.1
2023-08-29 10:20:00+00:00,18.0,6.0,11.2,4.1
2023-08-29 10:30:00+00:00,18.0,7.0,11.2,4.1
2023-08-29 10:40:00+00:00,18.0,6.0,11.1,4.1
2023-08-29 10:50:00+00:00,18.0,6.5,11.1,4.1
2023-08-29 11:00:00+00:00,18.0,7.0,11.1,4.1
2023-08-29 11:10:00+00:00,18.0,6.0,11.4,4.1
2023-08-29 11:20:00+00:00,18.0,6.0,11.5,4.1
2023-08-29 11:30:00+00:00,18.0,6.0,11.7,3.9
2023-08-29 11:40:00+00:00,18.0,6.0,11.8,4.1
2023-08-29 11:50:00+00:00,18.0,7.0,11.8,4.1
2023-08-29 12:00:00+00:00,18.0,6.0,11.8,4.1
2023-08-29 12:10:00+00:00,18.0,6.0,11.8,4.1
2023-08-29 12:20:00+00:00,18.1,6.0,11.8,4.1
2023-08-29 12:30:00+00:00,18.1,6.0,11.8,4.1
2023-08-29 12:40:00+00:00,18.1,6.0,11.8,4.1
2023-08-29 12:50:00+00:00,18.1,6.0,11.8,4.1
2023-08-29 13:00:00+00:00,18.1,6.0,11.8,4.1
2023-08-29 13:10:00+00:00,18.1,6.0,11.8,4.1
2023-08-29 13:20:00+00:00,18.1,6.0,11.8,4.1
2023-08-29 13:30:00+00:00,18.1,6.0,11.8,4.1
2023-08-29 13:40:00+00:00,18.1,6.0,11.8,4.1
2023-08-29 13:50:00+00:00,18.1,7.0,11.8,4.1
2023-08-29 14:00:00+00:00,18.1,6.0,11.8,4.1
2023-08-29 14:10:00+00:00,18.1,6.0,11.8,4.1
2023-08-29 14:20:00+00:00,18.1,6.0,11.8,4.1
2023-08-29 14:30:00+00:00,18.1,6.0,11.8,4.1
2023-08-29 14:40:00+00:00,18.1,6.0,11.8,4.1
2023-08-29 14:50:00+00:00,18.1,6.0,11.8,4.1
2023-08-29 15:00:00+00:00,18.1,6.0,11.8,4.1
2023-08-29 15:10:00+00:00,18.1,6.0,11.8,4.1
2023-08-29 15:20:00+00:00,18.1,7.0,11.8,4.1
2023-08-29 15:30:00+00:00,18.2,6.0,11.8,4.1
2023-08-29 15:40:00+00:00,18.1,6.0,11.8,4.1
2023-08-29 15:50:00+00:00,18.2,7.0,11.8,4.1
2023-08-29 16:00:00+00:00,18.1,6.0,11.8,4.1
2023-08-29 16:10:00+00:00,18.15,6.0,11.8,4.1
2023-08-29 16:20:00+00:00,18.2,6.0,11.8,4.1
2023-08-29 16:30:00+00:00,18.2,6.0,11.8,4.1
2023-08-29 16:40:00+00:00,18.2,6.0,11.8,4.1
2023-08-29 16:50:00+00:00,18.2,7.0,11.8,4.1
2023-08-29 17:00:00+00:00,18.2,6.0,11.8,4.1
2023-08-29 17:10:00+00:00,18.2,7.0,11.8,4.0
2023-08-29 17:20:00+00:00,18.2,6.0,11.8,3.8
2023-08-29 17:30:00+00:00,18.2,7.0,11.8,3.7
2023-08-29 17:40:00+00:00,18.2,7.0,11.8,3.1
2023-08-29 17:50:00+00:00,18.2,7.0,11.8,1.6
2023-08-29 18:00:00+00:00,18.2,6.5,11.8,1.4500000000000002
2023-08-29 18:10:00+00:00,18.2,6.0,11.8,1.3
2023-08-29 18:20:00+00:00,18.2,6.0,11.8,0.6
2023-08-29 18:30:00+00:00,18.189999999999998,6.1,11.8,0.6
2023-08-29 18:40:00+00:00,18.18,6.2,11.8,0.6
2023-08-29 18:50:00+00:00,18.17,6.3,11.8,0.6
2023-08-29 19:00:00+00:00,18.16,6.4,11.8,0.6
2023-08-29 19:10:00+00:00,18.15,6.5,11.8,0.6
2023-08-29 19:20:00+00:00,18.14,6.6,11.8,0.6
2023-08-29 19:30:00+00:00,18.130000000000003,6.7,11.8,0.6
2023-08-29 19:40:00+00:00,18.12,6.8,11.8,0.6
2023-08-29 19:50:00+00:00,18.11,6.9,11.8,0.6
2023-08-29 20:00:00+00:00,18.1,7.0,11.8,0.6
2023-08-29 20:10:00+00:00,18.1,6.923076923076923,11.8,0.6
2023-08-29 20:20:00+00:00,18.1,6.846153846153846,11.8,0.6
2023-08-29 20:30:00+00:00,18.1,6.769230769230769,11.8,0.6
2023-08-29 20:40:00+00:00,18.1,6.6923076923076925,11.8,0.6
2023-08-29 20:50:00+00:00,18.1,6.615384615384615,11.8,0.6
2023-08-29 21:00:00+00:00,18.1,6.538461538461538,11.8,0.6
2023-08-29 21:10:00+00:00,18.1,6.461538461538462,11.8,0.6
2023-08-29 21:20:00+00:00,18.1,6.384615384615385,11.8,0.6
2023-08-29 21:30:00+00:00,18.1,6.3076923076923075,11.8,0.6
2023-08-29 21:40:00+00:00,18.1,6.230769230769231,11.8,0.6
2023-08-29 21:50:00+00:00,18.1,6.153846153846153,11.8,0.6
2023-08-29 22:00:00+00:00,18.1,6.076923076923077,11.8,0.6
2023-08-29 22:10:00+00:00,18.1,6.0,11.8,0.6
2023-08-29 22:20:00+00:00,18.1,6.1,11.8,0.6
2023-08-29 22:30:00+00:00,18.1,6.2,11.8,0.6
2023-08-29 22:40:00+00:00,18.1,6.3,11.8,0.6
2023-08-29 22:50:00+00:00,18.1,6.4,11.8,0.6
2023-08-29 23:00:00+00:00,18.1,6.5,11.8,0.6
2023-08-29 23:10:00+00:00,18.1,6.6,11.8,0.6
2023-08-29 23:20:00+00:00,18.1,6.7,11.8,0.6
2023-08-29 23:30:00+00:00,18.1,6.8,11.8,0.6
2023-08-29 23:40:00+00:00,18.1,6.9,11.8,0.6
2023-08-29 23:50:00+00:00,18.1,7.0,11.8,0.6
2023-08-30 00:00:00+00:00,18.09,7.0,11.8,0.6
2023-08-30 00:10:00+00:00,18.080000000000002,7.0,11.8,0.6
2023-08-30 00:20:00+00:00,18.07,7.0,11.8,0.6
2023-08-30 00:30:00+00:00,18.060000000000002,7.0,11.8,0.6
2023-08-30 00:40:00+00:00,18.05,7.0,11.8,0.6
2023-08-30 00:50:00+00:00,18.04,7.0,11.8,0.6
2023-08-30 01:00:00+00:00,18.03,7.0,11.8,0.6
2023-08-30 01:10:00+00:00,18.02,7.0,11.8,0.6
2023-08-30 01:20:00+00:00,18.01,7.0,11.8,0.6
2023-08-30 01:30:00+00:00,18.0,7.0,11.8,0.6
2023-08-30 01:40:00+00:00,18.0,6.9,11.8,0.6
2023-08-30 01:50:00+00:00,18.0,6.8,11.8,0.6
2023-08-30 02:00:00+00:00,18.0,6.7,11.8,0.6
2023-08-30 02:10:00+00:00,18.0,6.6,11.8,0.6
2023-08-30 02:20:00+00:00,18.0,6.5,11.8,0.6
2023-08-30 02:30:00+00:00,18.0,6.4,11.8,0.6
2023-08-30 02:40:00+00:00,18.0,6.3,11.8,0.6
2023-08-30 02:50:00+00:00,18.0,6.2,11.8,0.6
2023-08-30 03:00:00+00:00,18.0,6.1,11.8,0.6
2023-08-30 03:10:00+00:00,18.0,6.0,11.8,0.6
2023-08-30 03:20:00+00:00,18.0,6.1,11.8,0.95
2023-08-30 03:30:00+00:00,18.0,6.2,11.8,1.2999999999999998
2023-08-30 03:40:00+00:00,18.0,6.3,11.8,1.65
2023-08-30 03:50:00+00:00,18.0,6.4,11.8,2.0
2023-08-30 04:00:00+00:00,18.0,6.5,11.8,2.35
2023-08-30 04:10:00+00:00,18.0,6.6,11.8,2.6999999999999997
2023-08-30 04:20:00+00:00,18.0,6.7,11.8,3.05
2023-08-30 04:30:00+00:00,18.0,6.8,11.8,3.4
2023-08-30 04:40:00+00:00,18.0,6.9,11.8,3.75
2023-08-30 04:50:00+00:00,18.0,7.0,11.8,4.1
2023-08-30 05:00:00+00:00,18.0,7.0,11.8,4.1
2023-08-30 05:10:00+00:00,18.0,6.0,11.8,4.1
2023-08-30 05:20:00+00:00,18.0,6.0,11.8,4.1
2023-08-30 05:30:00+00:00,18.0,6.0,11.8,4.1
2023-08-30 05:40:00+00:00,18.0,7.0,11.8,4.1
2023-08-30 05:50:00+00:00,18.0,6.0,11.8,4.1
2023-08-30 06:00:00+00:00,18.0,6.0,11.8,4.1
2023-08-30 06:10:00+00:00,18.0,7.0,11.8,4.1
2023-08-30 06:20:00+00:00,18.0,6.0,11.8,4.1
2023-08-30 06:30:00+00:00,18.0,6.0,11.8,4.1
2023-08-30 06:40:00+00:00,18.0,6.0,11.8,4.1
2023-08-30 06:50:00+00:00,18.0,6.0,11.8,4.1
2023-08-30 07:00:00+00:00,18.0,6.0,11.8,4.1
2023-08-30 07:10:00+00:00,18.0,6.0,11.8,4.1
2023-08-30 07:20:00+00:00,18.0,7.0,11.8,4.1
2023-08-30 07:30:00+00:00,18.0,6.0,11.8,4.1
2023-08-30 07:40:00+00:00,18.0,6.0,11.8,4.1
2023-08-30 07:50:00+00:00,18.0,6.0,11.8,4.1
2023-08-30 08:00:00+00:00,18.0,6.0,11.8,4.1
2023-08-30 08:10:00+00:00,18.0,6.0,11.8,4.1
2023-08-30 08:20:00+00:00,18.0,7.0,11.8,4.1
2023-08-30 08:30:00+00:00,18.0,6.5,11.8,4.1
2023-08-30 08:40:00+00:00,18.0,6.0,11.8,4.1
2023-08-30 08:50:00+00:00,18.0,6.0,11.8,4.1
2023-08-30 09:00:00+00:00,18.0,6.0,11.8,4.1
2023-08-30 09:10:00+00:00,18.1,6.0,11.8,4.1
2023-08-30 09:20:00+00:00,18.1,7.0,11.8,4.1
2023-08-30 09:30:00+00:00,18.1,6.0,11.8,4.1
2023-08-30 09:40:00+00:00,18.1,6.0,11.8,4.1
2023-08-30 09:50:00+00:00,18.1,7.0,11.8,4.1
2023-08-30 10:00:00+00:00,18.1,6.0,11.8,4.1
2023-08-30 10:10:00+00:00,18.1,6.0,11.8,4.1
2023-08-30 10:20:00+00:00,18.1,6.0,11.8,4.1
2023-08-30 10:30:00+00:00,18.1,6.0,11.8,4.1
2023-08-30 10:40:00+00:00,18.1,7.0,11.8,4.1
2023-08-30 10:50:00+00:00,18.1,7.0,11.8,4.1
2023-08-30 11:00:00+00:00,18.1,6.0,11.8,4.1
2023-08-30 11:10:00+00:00,18.2,6.0,11.8,4.1
2023-08-30 11:20:00+00:00,18.2,7.0,11.8,4.1
2023-08-30 11:30:00+00:00,18.2,6.0,11.8,4.1
2023-08-30 11:40:00+00:00,18.2,7.0,11.8,4.1
2023-08-30 11:50:00+00:00,18.2,6.0,11.8,4.1
2023-08-30 12:00:00+00:00,18.3,6.0,11.8,4.1
2023-08-30 12:10:00+00:00,18.3,6.0,11.8,4.1
2023-08-30 12:20:00+00:00,18.3,6.0,11.8,4.1
2023-08-30 12:30:00+00:00,18.3,6.0,11.8,4.1
2023-08-30 12:40:00+00:00,18.3,7.0,11.8,4.1
2023-08-30 12:50:00+00:00,18.3,7.0,11.8,4.1
2023-08-30 13:00:00+00:00,18.3,6.0,11.8,4.1
2023-08-30 13:10:00+00:00,18.3,7.0,11.8,4.1
2023-08-30 13:20:00+00:00,18.3,6.0,11.8,4.1
2023-08-30 13:30:00+00:00,18.3,6.0,11.8,4.1
2023-08-30 13:40:00+00:00,18.3,6.0,11.8,4.1
2023-08-30 13:50:00+00:00,18.3,6.0,11.8,4.1
2023-08-30 14:00:00+00:00,18.3,6.5,11.8,4.1
2023-08-30 14:10:00+00:00,18.3,7.0,11.8,4.1
2023-08-30 14:20:00+00:00,18.3,7.0,11.8,4.1
2023-08-30 14:30:00+00:00,18.3,6.0,11.8,4.1
2023-08-30 14:40:00+00:00,18.4,6.0,11.8,4.2
2023-08-30 14:50:00+00:00,18.4,6.0,11.8,4.1
2023-08-30 15:00:00+00:00,18.4,6.0,11.8,4.1
2023-08-30 15:10:00+00:00,18.4,6.0,11.8,4.1
2023-08-30 15:20:00+00:00,18.4,5.0,11.8,4.1
2023-08-30 15:30:00+00:00,18.5,6.0,11.8,4.1
2023-08-30 15:40:00+00:00,18.5,6.0,11.8,4.1
2023-08-30 15:50:00+00:00,18.5,6.0,11.8,4.1
2023-08-30 16:00:00+00:00,18.5,6.0,11.8,4.1
2023-08-30 16:10:00+00:00,18.5,6.0,11.8,4.1
2023-08-30 16:20:00+00:00,18.5,7.0,11.8,4.1
2023-08-30 16:30:00+00:00,18.5,6.0,11.8,4.1
2023-08-30 16:40:00+00:00,18.5,6.0,11.8,4.1
2023-08-30 16:50:00+00:00,18.5,5.0,11.8,4.1
2023-08-30 17:00:00+00:00,18.5,6.0,11.8,4.1
2023-08-30 17:10:00+00:00,18.5,6.0,11.8,4.1
2023-08-30 17:20:00+00:00,18.5,6.0,11.8,4.1
2023-08-30 17:30:00+00:00,18.5,6.0,11.8,3.8499999999999996
2023-08-30 17:40:00+00:00,18.5,6.0,11.8,3.6
2023-08-30 17:50:00+00:00,18.5,7.0,11.8,3.0
2023-08-30 18:00:00+00:00,18.5,6.0,11.8,1.8
2023-08-30 18:10:00+00:00,18.5,6.0,11.8,0.9
2023-08-30 18:20:00+00:00,18.49230769230769,6.076923076923077,11.8,0.8769230769230769
2023-08-30 18:30:00+00:00,18.484615384615385,6.153846153846154,11.8,0.8538461538461538
2023-08-30 18:40:00+00:00,18.476923076923075,6.230769230769231,11.8,0.8307692307692308
2023-08-30 18:50:00+00:00,18.46923076923077,6.3076923076923075,11.8,0.8076923076923077
2023-08-30 19:00:00+00:00,18.46153846153846,6.384615384615385,11.8,0.7846153846153846
2023-08-30 19:10:00+00:00,18.453846153846154,6.461538461538462,11.8,0.7615384615384615
2023-08-30 19:20:00+00:00,18.446153846153845,6.538461538461538,11.8,0.7384615384615385
2023-08-30 19:30:00+00:00,18.43846153846154,6.615384615384615,11.8,0.7153846153846154
2023-08-30 19:40:00+00:00,18.43076923076923,6.6923076923076925,11.8,0.6923076923076923
2023-08-30 19:50:00+00:00,18.423076923076923,6.769230769230769,11.8,0.6692307692307692
2023-08-30 20:00:00+00:00,18.415384615384614,6.846153846153847,11.8,0.6461538461538461
2023-08-30 20:10:00+00:00,18.407692307692308,6.923076923076923,11.8,0.6230769230769231
2023-08-30 20:20:00+00:00,18.4,7.0,11.8,0.6
2023-08-30 20:30:00+00:00,18.39,7.0,11.8,0.6
2023-08-30 20:40:00+00:00,18.38,7.0,11.8,0.6
2023-08-30 20:50:00+00:00,18.369999999999997,7.0,11.8,0.6
2023-08-30 21:00:00+00:00,18.36,7.0,11.8,0.6
2023-08-30 21:10:00+00:00,18.35,7.0,11.8,0.6
2023-08-30 21:20:00+00:00,18.34,7.0,11.8,0.6
2023-08-30 21:30:00+00:00,18.33,7.0,11.8,0.6
2023-08-30 21:40:00+00:00,18.32,7.0,11.8,0.6
2023-08-30 21:50:00+00:00,18.310000000000002,7.0,11.8,0.6
2023-08-30 22:00:00+00:00,18.3,7.0,11.8,0.6
2023-08-30 22:10:00+00:00,18.28,6.9,11.8,0.6
2023-08-30 22:20:00+00:00,18.26,6.8,11.8,0.6
2023-08-30 22:30:00+00:00,18.240000000000002,6.7,11.8,0.6
2023-08-30 22:40:00+00:00,18.220000000000002,6.6,11.8,0.6
2023-08-30 22:50:00+00:00,18.200000000000003,6.5,11.8,0.6
2023-08-30 23:00:00+00:00,18.18,6.4,11.8,0.6
2023-08-30 23:10:00+00:00,18.16,6.3,11.8,0.6
2023-08-30 23:20:00+00:00,18.14,6.2,11.8,0.6
2023-08-30 23:30:00+00:00,18.12,6.1,11.8,0.6
2023-08-30 23:40:00+00:00,18.1,6.0,11.8,0.6
2023-08-30 23:50:00+00:00,18.09,6.1,11.770000000000001,0.6
2023-08-31 00:00:00+00:00,18.080000000000002,6.2,11.74,0.6
2023-08-31 00:10:00+00:00,18.07,6.3,11.71,0.6
2023-08-31 00:20:00+00:00,18.060000000000002,6.4,11.68,0.6
2023-08-31 00:30:00+00:00,18.05,6.5,11.65,0.6
2023-08-31 00:40:00+00:00,18.04,6.6,11.620000000000001,0.6
2023-08-31 00:50:00+00:00,18.03,6.7,11.59,0.6
2023-08-31 01:00:00+00:00,18.02,6.8,11.56,0.6
2023-08-31 01:10:00+00:00,18.01,6.9,11.53,0.6
2023-08-31 01:20:00+00:00,18.0,7.0,11.5,0.6
2023-08-31 01:30:00+00:00,17.97,6.9,11.42,0.6
2023-08-31 01:40:00+00:00,17.94,6.8,11.34,0.6
2023-08-31 01:50:00+00:00,17.91,6.7,11.26,0.6
2023-08-31 02:00:00+00:00,17.88,6.6,11.18,0.6
2023-08-31 02:10:00+00:00,17.85,6.5,11.1,0.6
2023-08-31 02:20:00+00:00,17.82,6.4,11.02,0.6
2023-08-31 02:30:00+00:00,17.79,6.3,10.94,0.6
2023-08-31 02:40:00+00:00,17.759999999999998,6.2,10.86,0.6
2023-08-31 02:50:00+00:00,17.73,6.1,10.78,0.6
2023-08-31 03:00:00+00:00,17.7,6.0,10.7,0.6
2023-08-31 03:10:00+00:00,17.68,6.0,10.75,0.95
2023-08-31 03:20:00+00:00,17.66,6.0,10.799999999999999,1.2999999999999998
2023-08-31 03:30:00+00:00,17.64,6.0,10.85,1.65
2023-08-31 03:40:00+00:00,17.62,6.0,10.899999999999999,2.0
2023-08-31 03:50:00+00:00,17.6,6.0,10.95,2.35
2023-08-31 04:00:00+00:00,17.58,6.0,11.0,2.6999999999999997
2023-08-31 04:10:00+00:00,17.56,6.0,11.049999999999999,3.05
2023-08-31 04:20:00+00:00,17.54,6.0,11.1,3.4
2023-08-31 04:30:00+00:00,17.52,6.0,11.149999999999999,3.75
2023-08-31 04:40:00+00:00,17.5,6.0,11.2,4.1
2023-08-31 04:50:00+00:00,17.5,6.0,10.6,4.1
2023-08-31 05:00:00+00:00,17.5,6.0,10.6,4.1
2023-08-31 05:10:00+00:00,17.5,6.0,10.4,4.1
2023-08-31 05:20:00+00:00,17.5,6.0,10.4,4.1
2023-08-31 05:30:00+00:00,17.4,7.0,10.5,4.1
2023-08-31 05:40:00+00:00,17.5,6.0,10.2,4.1
2023-08-31 05:50:00+00:00,17.4,6.0,10.0,4.1
2023-08-31 06:00:00+00:00,17.4,6.0,10.3,4.1
2023-08-31 06:10:00+00:00,17.4,6.0,10.25,4.1
2023-08-31 06:20:00+00:00,17.4,6.0,10.2,4.1
2023-08-31 06:30:00+00:00,17.4,6.0,10.6,4.1
2023-08-31 06:40:00+00:00,17.4,7.0,10.8,4.1
2023-08-31 06:50:00+00:00,17.4,7.0,10.5,4.1
2023-08-31 07:00:00+00:00,17.4,7.0,10.2,4.1
2023-08-31 07:10:00+00:00,17.4,6.0,10.3,4.1
2023-08-31 07:20:00+00:00,17.4,6.0,10.0,4.1
2023-08-31 07:30:00+00:00,17.4,6.0,10.0,4.1
2023-08-31 07:40:00+00:00,17.4,6.0,10.0,4.1
2023-08-31 07:50:00+00:00,17.4,7.0,9.5,4.1
2023-08-31 08:00:00+00:00,17.45,7.0,9.1,4.1
2023-08-31 08:10:00+00:00,17.5,7.0,8.7,4.1
2023-08-31 08:20:00+00:00,17.5,6.0,8.8,4.1
2023-08-31 08:30:00+00:00,17.5,6.0,9.4,4.1
2023-08-31 08:40:00+00:00,17.5,6.0,9.6,4.1
2023-08-31 08:50:00+00:00,17.5,7.0,9.6,4.2
2023-08-31 09:00:00+00:00,17.6,6.0,9.5,4.1
2023-08-31 09:10:00+00:00,17.6,6.0,9.2,4.1
2023-08-31 09:20:00+00:00,17.6,6.0,9.1,4.1
2023-08-31 09:30:00+00:00,17.6,6.0,9.2,4.1
2023-08-31 09:40:00+00:00,17.6,6.0,9.2,4.1
2023-08-31 09:50:00+00:00,17.6,6.0,9.25,4.1
2023-08-31 10:00:00+00:00,17.6,6.0,9.3,4.1
2023-08-31 10:10:00+00:00,17.6,7.0,9.0,4.2
2023-08-31 10:20:00+00:00,17.7,6.0,9.2,4.1
2023-08-31 10:30:00+00:00,17.7,7.0,9.1,4.2
2023-08-31 10:40:00+00:00,17.7,7.0,9.0,4.2
2023-08-31 10:50:00+00:00,17.8,7.0,9.0,4.2
2023-08-31 11:00:00+00:00,17.8,6.0,9.0,4.2
2023-08-31 11:10:00+00:00,17.8,7.0,9.0,4.1
2023-08-31 11:20:00+00:00,17.8,7.0,9.0,4.1
2023-08-31 11:30:00+00:00,17.8,7.0,9.1,4.2
2023-08-31 11:40:00+00:00,17.85,6.5,9.05,4.15
2023-08-31 11:50:00+00:00,17.9,6.0,9.0,4.1
2023-08-31 12:00:00+00:00,17.9,7.0,8.6,4.1
2023-08-31 12:10:00+00:00,18.0,6.0,8.4,5.6
2023-08-31 12:20:00+00:00,18.0,7.0,8.3,4.1
2023-08-31 12:30:00+00:00,18.0,6.0,8.2,4.1
2023-08-31 12:40:00+00:00,18.0,6.0,7.8,4.1
2023-08-31 12:50:00+00:00,17.9,6.0,7.3,4.1
2023-08-31 13:00:00+00:00,18.0,6.0,9.6,4.1
2023-08-31 13:10:00+00:00,17.9,6.0,10.4,4.1
2023-08-31 13:20:00+00:00,18.0,6.0,10.3,4.1
2023-08-31 13:30:00+00:00,18.0,6.0,10.2,4.1
2023-08-31 13:40:00+00:00,18.0,6.0,10.1,4.1
2023-08-31 13:50:00+00:00,18.0,7.0,10.2,4.1
2023-08-31 14:00:00+00:00,18.0,6.0,10.1,4.1
2023-08-31 14:10:00+00:00,18.0,6.0,10.8,4.1
2023-08-31 14:20:00+00:00,18.0,6.0,11.4,5.7
2023-08-31 14:30:00+00:00,18.0,6.0,10.7,4.1
2023-08-31 14:40:00+00:00,18.0,7.0,10.9,6.0
2023-08-31 14:50:00+00:00,18.1,7.0,11.6,5.6
2023-08-31 15:00:00+00:00,18.1,6.0,10.4,4.2
2023-08-31 15:10:00+00:00,18.1,7.0,10.8,5.7
2023-08-31 15:20:00+00:00,18.1,6.5,10.95,5.95
2023-08-31 15:30:00+00:00,18.1,6.0,11.1,6.2
2023-08-31 15:40:00+00:00,18.1,6.0,11.8,6.3
2023-08-31 15:50:00+00:00,18.1,6.0,10.1,6.3
2023-08-31 16:00:00+00:00,18.1,7.0,9.9,4.1
2023-08-31 16:10:00+00:00,18.1,6.0,10.6,4.1
2023-08-31 16:20:00+00:00,18.1,6.0,11.4,4.1
2023-08-31 16:30:00+00:00,18.1,7.0,11.3,4.1
2023-08-31 16:40:00+00:00,18.1,6.0,11.8,4.1
2023-08-31 16:50:00+00:00,18.1,7.0,11.0,4.1
2023-08-31 17:00:00+00:00,18.1,6.5,10.35,4.1
2023-08-31 17:10:00+00:00,18.1,6.0,9.7,4.1
2023-08-31 17:20:00+00:00,18.0,6.0,9.5,4.1
2023-08-31 17:30:00+00:00,18.0,6.0,9.8,4.1
2023-08-31 17:40:00+00:00,18.0,6.0,10.1,4.1
2023-08-31 17:50:00+00:00,17.9,6.0,10.5,4.0
2023-08-31 18:00:00+00:00,17.8,7.0,10.6,2.6
2023-08-31 18:10:00+00:00,17.8,6.0,10.4,1.2
2023-08-31 18:20:00+00:00,17.7,6.0,10.1,0.8
2023-08-31 18:30:00+00:00,17.66,6.0,10.19,0.78
2023-08-31 18:40:00+00:00,17.62,6.0,10.28,0.76
2023-08-31 18:50:00+00:00,17.58,6.0,10.37,0.74
2023-08-31 19:00:00+00:00,17.54,6.0,10.459999999999999,0.72
2023-08-31 19:10:00+00:00,17.5,6.0,10.55,0.7
2023-08-31 19:20:00+00:00,17.46,6.0,10.64,0.6799999999999999
2023-08-31 19:30:00+00:00,17.42,6.0,10.73,0.66
2023-08-31 19:40:00+00:00,17.38,6.0,10.82,0.64
2023-08-31 19:50:00+00:00,17.34,6.0,10.91,0.62
2023-08-31 20:00:00+00:00,17.3,6.0,11.0,0.6
2023-08-31 20:10:00+00:00,17.27,6.0,10.96,0.59
2023-08-31 20:20:00+00:00,17.240000000000002,6.0,10.92,0.58
2023-08-31 20:30:00+00:00,17.21,6.0,10.879999999999999,0.57
2023-08-31 20:40:00+00:00,17.18,6.0,10.84,0.5599999999999999
2023-08-31 20:50:00+00:00,17.15,6.0,10.8,0.55
2023-08-31 21:00:00+00:00,17.12,6.0,10.76,0.54
2023-08-31 21:10:00+00:00,17.09,6.0,10.719999999999999,0.53
2023-08-31 21:20:00+00:00,17.06,6.0,10.68,0.52
2023-08-31 21:30:00+00:00,17.03,6.0,10.64,0.51
2023-08-31 21:40:00+00:00,17.0,6.0,10.6,0.5
2023-08-31 21:50:00+00:00,16.97142857142857,6.0,10.621428571428572,0.5142857142857142
2023-08-31 22:00:00+00:00,16.942857142857143,6.0,10.642857142857142,0.5285714285714286
2023-08-31 22:10:00+00:00,16.914285714285715,6.0,10.664285714285715,0.5428571428571428
2023-08-31 22:20:00+00:00,16.885714285714286,6.0,10.685714285714285,0.5571428571428572
2023-08-31 22:30:00+00:00,16.857142857142858,6.0,10.707142857142857,0.5714285714285714
2023-08-31 22:40:00+00:00,16.82857142857143,6.0,10.728571428571428,0.5857142857142856
2023-08-31 22:50:00+00:00,16.8,6.0,10.75,0.6
2023-08-31 23:00:00+00:00,16.771428571428572,6.0,10.771428571428572,0.6142857142857142
2023-08-31 23:10:00+00:00,16.742857142857144,6.0,10.792857142857143,0.6285714285714286
2023-08-31 23:20:00+00:00,16.714285714285715,6.0,10.814285714285715,0.6428571428571428
2023-08-31 23:30:00+00:00,16.685714285714287,6.0,10.835714285714285,0.6571428571428571
2023-08-31 23:40:00+00:00,16.65714285714286,6.0,10.857142857142858,0.6714285714285714
2023-08-31 23:50:00+00:00,16.62857142857143,6.0,10.878571428571428,0.6857142857142857
2023-09-01 00:00:00+00:00,16.6,6.0,10.9,0.7
2023-09-01 00:10:00+00:00,16.560000000000002,6.1,10.9,0.7
2023-09-01 00:20:00+00:00,16.52,6.2,10.9,0.7
2023-09-01 00:30:00+00:00,16.48,6.3,10.9,0.7
2023-09-01 00:40:00+00:00,16.44,6.4,10.9,0.7
2023-09-01 00:50:00+00:00,16.4,6.5,10.9,0.7
2023-09-01 01:00:00+00:00,16.36,6.6,10.9,0.7
2023-09-01 01:10:00+00:00,16.32,6.7,10.9,0.7
2023-09-01 01:20:00+00:00,16.28,6.8,10.9,0.7
2023-09-01 01:30:00+00:00,16.24,6.9,10.9,0.7
2023-09-01 01:40:00+00:00,16.2,7.0,10.9,0.7
2023-09-01 01:50:00+00:00,16.16,7.0,10.91,0.7
2023-09-01 02:00:00+00:00,16.12,7.0,10.92,0.7
2023-09-01 02:10:00+00:00,16.08,7.0,10.93,0.7
2023-09-01 02:20:00+00:00,16.04,7.0,10.94,0.7
2023-09-01 02:30:00+00:00,16.0,7.0,10.95,0.7
2023-09-01 02:40:00+00:00,15.96,7.0,10.96,0.7
2023-09-01 02:50:00+00:00,15.92,7.0,10.97,0.7
2023-09-01 03:00:00+00:00,15.88,7.0,10.98,0.7
2023-09-01 03:10:00+00:00,15.84,7.0,10.99,0.7
2023-09-01 03:20:00+00:00,15.8,7.0,11.0,0.7
2023-09-01 03:30:00+00:00,15.775,6.95,11.035,1.04
2023-09-01 03:40:00+00:00,15.75,6.9,11.07,1.38
2023-09-01 03:50:00+00:00,15.725000000000001,6.85,11.105,1.72
2023-09-01 04:00:00+00:00,15.700000000000001,6.8,11.14,2.0599999999999996
2023-09-01 04:10:00+00:00,15.675,6.75,11.175,2.3999999999999995
2023-09-01 04:20:00+00:00,15.65,6.7,11.209999999999999,2.74
2023-09-01 04:30:00+00:00,15.625,6.65,11.245,3.08
2023-09-01 04:40:00+00:00,15.600000000000001,6.6,11.28,3.42
2023-09-01 04:50:00+00:00,15.575000000000001,6.55,11.315,3.76
2023-09-01 05:00:00+00:00,15.55,6.5,11.35,4.1
2023-09-01 05:10:00+00:00,15.5,7.0,11.6,4.1
2023-09-01 05:20:00+00:00,15.5,7.0,11.6,4.1
2023-09-01 05:30:00+00:00,15.5,7.0,11.3,4.1
2023-09-01 05:40:00+00:00,15.5,6.5,11.3,4.1
2023-09-01 05:50:00+00:00,15.5,6.0,11.3,4.1
2023-09-01 06:00:00+00:00,15.5,7.0,10.7,4.1
2023-09-01 06:10:00+00:00,15.5,7.0,11.5,4.1
2023-09-01 06:20:00+00:00,15.5,6.0,11.2,4.1
2023-09-01 06:30:00+00:00,15.5,7.0,11.0,4.1
2023-09-01 06:40:00+00:00,15.5,6.0,10.5,4.1
2023-09-01 06:50:00+00:00,15.5,7.0,10.4,4.1
2023-09-01 07:00:00+00:00,15.5,7.0,10.6,4.1
2023-09-01 07:10:00+00:00,15.5,7.0,11.8,4.1
2023-09-01 07:20:00+00:00,15.5,6.0,10.9,4.1
2023-09-01 07:30:00+00:00,15.5,6.5,11.350000000000001,4.1
2023-09-01 07:40:00+00:00,15.5,7.0,11.8,4.1
2023-09-01 07:50:00+00:00,15.5,6.0,10.6,4.1
2023-09-01 08:00:00+00:00,15.5,7.0,11.1,4.1
2023-09-01 08:10:00+00:00,15.5,7.0,11.6,4.1
2023-09-01 08:20:00+00:00,15.5,6.0,11.8,4.2
2023-09-01 08:30:00+00:00,15.6,7.0,11.4,4.2
2023-09-01 08:40:00+00:00,15.6,7.0,11.7,4.1
2023-09-01 08:50:00+00:00,15.6,7.0,11.4,4.1
2023-09-01 09:00:00+00:00,15.6,6.0,11.8,4.2
2023-09-01 09:10:00+00:00,15.6,7.0,11.5,4.1
2023-09-01 09:20:00+00:00,15.6,6.5,11.4,4.1
2023-09-01 09:30:00+00:00,15.6,6.0,11.3,4.1
2023-09-01 09:40:00+00:00,15.6,6.0,11.1,4.1
2023-09-01 09:50:00+00:00,15.6,6.0,11.3,4.1
2023-09-01 10:00:00+00:00,15.6,6.0,11.7,4.1
2023-09-01 10:10:00+00:00,15.6,6.0,11.5,4.1
2023-09-01 10:20:00+00:00,15.6,6.0,11.4,4.1
2023-09-01 10:30:00+00:00,15.6,6.0,11.1,4.1
2023-09-01 10:40:00+00:00,15.6,6.0,10.8,4.1
2023-09-01 10:50:00+00:00,15.6,6.0,10.6,4.1
2023-09-01 11:00:00+00:00,15.6,7.0,10.6,4.1
2023-09-01 11:10:00+00:00,15.6,7.0,10.649999999999999,4.1
2023-09-01 11:20:00+00:00,15.6,7.0,10.7,4.1
2023-09-01 11:30:00+00:00,15.6,7.0,10.6,4.3
2023-09-01 11:40:00+00:00,15.6,6.0,10.6,4.1
2023-09-01 11:50:00+00:00,15.6,7.0,10.5,4.1
2023-09-01 12:00:00+00:00,15.6,6.0,10.5,4.2
2023-09-01 12:10:00+00:00,15.7,7.0,10.5,6.1
2023-09-01 12:20:00+00:00,15.7,6.0,10.8,6.2
2023-09-01 12:30:00+00:00,15.7,7.0,10.6,5.8
2023-09-01 12:40:00+00:00,15.8,7.0,10.5,4.1
2023-09-01 12:50:00+00:00,15.8,6.0,10.5,6.4
2023-09-01 13:00:00+00:00,15.8,6.0,10.45,6.2
2023-09-01 13:10:00+00:00,15.8,6.0,10.4,6.0
2023-09-01 13:20:00+00:00,15.8,7.0,10.2,4.1
2023-09-01 13:30:00+00:00,15.8,6.0,10.3,4.1
2023-09-01 13:40:00+00:00,15.8,6.0,10.5,6.0
2023-09-01 13:50:00+00:00,15.8,7.0,10.4,6.2
2023-09-01 14:00:00+00:00,15.8,6.0,10.4,6.2
2023-09-01 14:10:00+00:00,15.8,6.0,10.5,6.4
2023-09-01 14:20:00+00:00,15.8,6.0,10.4,6.1
2023-09-01 14:30:00+00:00,15.9,7.0,10.2,6.1
2023-09-01 14:40:00+00:00,15.9,6.0,9.9,5.6
2023-09-01 14:50:00+00:00,15.9,6.0,9.9,4.85
2023-09-01 15:00:00+00:00,15.9,6.0,9.9,4.1
2023-09-01 15:10:00+00:00,15.9,7.0,10.0,4.1
2023-09-01 15:20:00+00:00,16.0,6.0,10.1,6.1
2023-09-01 15:30:00+00:00,16.0,7.0,10.6,6.4
2023-09-01 15:40:00+00:00,16.0,6.0,10.3,6.4
2023-09-01 15:50:00+00:00,16.0,6.0,10.6,6.4
2023-09-01 16:00:00+00:00,16.0,6.0,10.5,6.4
2023-09-01 16:10:00+00:00,16.0,6.0,10.2,6.4
2023-09-01 16:20:00+00:00,16.0,6.0,10.3,6.3
2023-09-01 16:30:00+00:00,16.1,6.0,10.0,6.3
2023-09-01 16:40:00+00:00,16.05,6.5,9.95,5.199999999999999
2023-09-01 16:50:00+00:00,16.0,7.0,9.9,4.1
2023-09-01 17:00:00+00:00,16.1,6.0,10.0,6.1
2023-09-01 17:10:00+00:00,16.0,6.0,10.1,4.1
2023-09-01 17:20:00+00:00,16.1,7.0,9.5,4.1
2023-09-01 17:30:00+00:00,16.1,6.0,9.3,4.1
2023-09-01 17:40:00+00:00,16.0,6.0,9.2,4.1
2023-09-01 17:50:00+00:00,16.0,7.0,9.2,3.8
2023-09-01 18:00:00+00:00,16.0,7.0,9.2,2.1
2023-09-01 18:10:00+00:00,16.0,7.0,9.3,1.0
2023-09-01 18:20:00+00:00,16.0,7.0,9.314285714285715,0.9714285714285714
2023-09-01 18:30:00+00:00,16.0,7.0,9.32857142857143,0.9428571428571428
2023-09-01 18:40:00+00:00,16.0,7.0,9.342857142857143,0.9142857142857143
2023-09-01 18:50:00+00:00,16.0,7.0,9.357142857142858,0.8857142857142857
2023-09-01 19:00:00+00:00,16.0,7.0,9.371428571428572,0.8571428571428571
2023-09-01 19:10:00+00:00,16.0,7.0,9.385714285714286,0.8285714285714285
2023-09-01 19:20:00+00:00,16.0,7.0,9.4,0.8
2023-09-01 19:30:00+00:00,16.0,7.0,9.414285714285715,0.7714285714285714
2023-09-01 19:40:00+00:00,16.0,7.0,9.428571428571429,0.7428571428571429
2023-09-01 19:50:00+00:00,16.0,7.0,9.442857142857143,0.7142857142857142
2023-09-01 20:00:00+00:00,16.0,7.0,9.457142857142857,0.6857142857142857
2023-09-01 20:10:00+00:00,16.0,7.0,9.471428571428572,0.6571428571428571
2023-09-01 20:20:00+00:00,16.0,7.0,9.485714285714286,0.6285714285714286
2023-09-01 20:30:00+00:00,16.0,7.0,9.5,0.6
2023-09-01 20:40:00+00:00,15.98,7.0,9.51,0.58
2023-09-01 20:50:00+00:00,15.96,7.0,9.52,0.5599999999999999
2023-09-01 21:00:00+00:00,15.94,7.0,9.53,0.54
2023-09-01 21:10:00+00:00,15.92,7.0,9.54,0.52
2023-09-01 21:20:00+00:00,15.9,7.0,9.55,0.5
2023-09-01 21:30:00+00:00,15.88,7.0,9.56,0.48
2023-09-01 21:40:00+00:00,15.860000000000001,7.0,9.57,0.45999999999999996
2023-09-01 21:50:00+00:00,15.84,7.0,9.58,0.44
2023-09-01 22:00:00+00:00,15.82,7.0,9.59,0.42000000000000004
2023-09-01 22:10:00+00:00,15.8,7.0,9.6,0.4
2023-09-01 22:20:00+00:00,15.780000000000001,7.0,9.57,0.42000000000000004
2023-09-01 22:30:00+00:00,15.76,7.0,9.54,0.44
2023-09-01 22:40:00+00:00,15.74,7.0,9.51,0.46
2023-09-01 22:50:00+00:00,15.72,7.0,9.48,0.48
2023-09-01 23:00:00+00:00,15.7,7.0,9.45,0.5
2023-09-01 23:10:00+00:00,15.68,7.0,9.42,0.52
2023-09-01 23:20:00+00:00,15.66,7.0,9.39,0.54
2023-09-01 23:30:00+00:00,15.64,7.0,9.360000000000001,0.56
2023-09-01 23:40:00+00:00,15.62,7.0,9.33,0.58
2023-09-01 23:50:00+00:00,15.6,7.0,9.3,0.6
2023-09-02 00:00:00+00:00,15.57,6.9,9.33,0.6
2023-09-02 00:10:00+00:00,15.54,6.8,9.360000000000001,0.6
2023-09-02 00:20:00+00:00,15.51,6.7,9.39,0.6
2023-09-02 00:30:00+00:00,15.48,6.6,9.42,0.6
2023-09-02 00:40:00+00:00,15.45,6.5,9.45,0.6
2023-09-02 00:50:00+00:00,15.42,6.4,9.48,0.6
2023-09-02 01:00:00+00:00,15.39,6.3,9.51,0.6
2023-09-02 01:10:00+00:00,15.360000000000001,6.2,9.54,0.6
2023-09-02 01:20:00+00:00,15.33,6.1,9.57,0.6
2023-09-02 01:30:00+00:00,15.3,6.0,9.6,0.6
2023-09-02 01:40:00+00:00,15.280000000000001,6.0,9.61,0.59
2023-09-02 01:50:00+00:00,15.26,6.0,9.62,0.58
2023-09-02 02:00:00+00:00,15.24,6.0,9.629999999999999,0.57
2023-09-02 02:10:00+00:00,15.22,6.0,9.639999999999999,0.5599999999999999
2023-09-02 02:20:00+00:00,15.2,6.0,9.649999999999999,0.55
2023-09-02 02:30:00+00:00,15.18,6.0,9.66,0.54
2023-09-02 02:40:00+00:00,15.16,6.0,9.67,0.53
2023-09-02 02:50:00+00:00,15.14,6.0,9.68,0.52
2023-09-02 03:00:00+00:00,15.12,6.0,9.69,0.51
2023-09-02 03:10:00+00:00,15.1,6.0,9.7,0.5
2023-09-02 03:20:00+00:00,15.09,6.05,9.67,0.86
2023-09-02 03:30:00+00:00,15.08,6.1,9.639999999999999,1.22
2023-09-02 03:40:00+00:00,15.07,6.15,9.61,1.58
2023-09-02 03:50:00+00:00,15.06,6.2,9.58,1.94
2023-09-02 04:00:00+00:00,15.05,6.25,9.55,2.3
2023-09-02 04:10:00+00:00,15.04,6.3,9.52,2.66
2023-09-02 04:20:00+00:00,15.03,6.35,9.49,3.02
2023-09-02 04:30:00+00:00,15.02,6.4,9.46,3.38
2023-09-02 04:40:00+00:00,15.01,6.45,9.43,3.7399999999999998
2023-09-02 04:50:00+00:00,15.0,6.5,9.4,4.1
2023-09-02 05:00:00+00:00,15.0,6.0,9.2,4.1
2023-09-02 05:10:00+00:00,15.0,6.0,9.3,4.1
2023-09-02 05:20:00+00:00,15.0,6.0,9.4,4.1
2023-09-02 05:30:00+00:00,15.0,7.0,9.4,4.1
2023-09-02 05:40:00+00:00,15.0,7.0,9.4,4.1
2023-09-02 05:50:00+00:00,15.0,6.0,9.4,4.1
2023-09-02 06:00:00+00:00,15.0,6.0,9.5,4.1
2023-09-02 06:10:00+00:00,15.0,7.0,9.5,4.1
2023-09-02 06:20:00+00:00,15.0,6.0,9.5,4.1
2023-09-02 06:30:00+00:00,15.0,6.0,9.7,4.1
2023-09-02 06:40:00+00:00,15.0,7.0,9.7,4.1
2023-09-02 06:50:00+00:00,15.0,7.0,9.9,4.1
2023-09-02 07:00:00+00:00,15.0,6.5,9.9,4.1
2023-09-02 07:10:00+00:00,15.0,6.0,9.9,4.1
2023-09-02 07:20:00+00:00,15.1,7.0,9.9,4.1
2023-09-02 07:30:00+00:00,15.1,6.0,10.1,4.1
2023-09-02 07:40:00+00:00,15.1,7.0,10.1,4.1
2023-09-02 07:50:00+00:00,15.2,6.0,10.0,4.1
2023-09-02 08:00:00+00:00,15.2,6.0,10.0,4.1
2023-09-02 08:10:00+00:00,15.2,7.0,10.1,4.1
2023-09-02 08:20:00+00:00,15.3,6.0,10.1,4.1
2023-09-02 08:30:00+00:00,15.3,7.0,9.9,4.2
2023-09-02 08:40:00+00:00,15.333333333333334,6.666666666666667,9.933333333333334,4.766666666666667
2023-09-02 08:50:00+00:00,15.366666666666667,6.333333333333333,9.966666666666667,5.333333333333334
2023-09-02 09:00:00+00:00,15.4,6.0,10.0,5.9
2023-09-02 09:10:00+00:00,15.5,7.0,10.2,6.1
2023-09-02 09:20:00+00:00,15.5,7.0,10.2,6.2
2023-09-02 09:30:00+00:00,15.5,7.0,10.1,6.3
2023-09-02 09:40:00+00:00,15.6,6.0,10.1,6.3
2023-09-02 09:50:00+00:00,15.6,6.0,10.2,6.3
2023-09-02 10:00:00+00:00,15.7,6.0,10.3,6.3
2023-09-02 10:10:00+00:00,15.8,7.0,11.8,6.3
2023-09-02 10:20:00+00:00,15.8,7.0,11.5,6.3
2023-09-02 10:30:00+00:00,15.9,6.0,10.5,6.3
2023-09-02 10:40:00+00:00,15.9,6.5,10.25,6.4
2023-09-02 10:50:00+00:00,15.9,7.0,10.0,6.5
2023-09-02 11:00:00+00:00,16.0,7.0,10.7,6.2
2023-09-02 11:10:00+00:00,16.0,7.0,10.4,6.2
2023-09-02 11:20:00+00:00,16.1,6.0,9.8,6.4
2023-09-02 11:30:00+00:00,16.1,6.0,9.8,6.3
2023-09-02 11:40:00+00:00,16.1,6.0,9.6,6.3
2023-09-02 11:50:00+00:00,16.2,6.0,9.5,6.2
2023-09-02 12:00:00+00:00,16.3,6.0,9.4,6.2
2023-09-02 12:10:00+00:00,16.3,7.0,9.2,6.2
2023-09-02 12:20:00+00:00,16.5,6.0,8.6,6.3
2023-09-02 12:30:00+00:00,16.5,6.0,8.75,6.25
2023-09-02 12:40:00+00:00,16.5,6.0,8.9,6.2
2023-09-02 12:50:00+00:00,16.6,7.0,9.2,6.1
2023-09-02 13:00:00+00:00,16.6,7.0,8.7,6.2
2023-09-02 13:10:00+00:00,16.7,6.0,9.2,6.0
2023-09-02 13:20:00+00:00,16.8,6.0,8.3,6.3
2023-09-02 13:30:00+00:00,16.8,6.0,8.3,6.2
2023-09-02 13:40:00+00:00,17.0,6.0,8.7,6.2
2023-09-02 13:50:00+00:00,17.0,6.0,8.5,6.2
2023-09-02 14:00:00+00:00,17.1,6.0,9.2,5.5
2023-09-02 14:10:00+00:00,17.1,6.0,9.3,6.1
2023-09-02 14:20:00+00:00,17.15,6.0,9.15,6.15
2023-09-02 14:30:00+00:00,17.2,6.0,9.0,6.2
2023-09-02 14:40:00+00:00,17.3,6.0,9.0,6.1
2023-09-02 14:50:00+00:00,17.3,6.0,8.9,5.9
2023-09-02 15:00:00+00:00,17.4,7.0,8.9,5.9
2023-09-02 15:10:00+00:00,17.5,6.0,9.7,6.2
2023-09-02 15:20:00+00:00,17.5,6.0,9.1,5.7
2023-09-02 15:30:00+00:00,17.5,6.0,8.8,5.7
2023-09-02 15:40:00+00:00,17.6,6.0,9.5,6.1
2023-09-02 15:50:00+00:00,17.6,6.0,9.2,5.0
2023-09-02 16:00:00+00:00,17.6,6.0,9.3,4.1
2023-09-02 16:10:00+00:00,17.65,6.0,9.4,4.1
2023-09-02 16:20:00+00:00,17.7,6.0,9.5,4.1
2023-09-02 16:30:00+00:00,17.7,6.0,9.5,4.1
2023-09-02 16:40:00+00:00,17.8,6.0,9.9,6.1
2023-09-02 16:50:00+00:00,17.8,6.0,9.6,5.9
2023-09-02 17:00:00+00:00,17.8,6.0,9.3,4.1
2023-09-02 17:10:00+00:00,17.8,6.0,9.3,4.1
2023-09-02 17:20:00+00:00,17.8,6.0,9.1,4.1
2023-09-02 17:30:00+00:00,17.8,6.0,8.8,4.1
2023-09-02 17:40:00+00:00,17.8,6.0,8.4,4.0
2023-09-02 17:50:00+00:00,17.8,7.0,8.2,2.7
2023-09-02 18:00:00+00:00,17.8,6.5,8.2,1.9000000000000001
2023-09-02 18:10:00+00:00,17.8,6.0,8.2,1.1
2023-09-02 18:20:00+00:00,17.7,6.0,8.3,0.8
2023-09-02 18:30:00+00:00,17.68,6.0,8.33,0.78
2023-09-02 18:40:00+00:00,17.66,6.0,8.360000000000001,0.76
2023-09-02 18:50:00+00:00,17.64,6.0,8.39,0.74
2023-09-02 19:00:00+00:00,17.62,6.0,8.42,0.72
2023-09-02 19:10:00+00:00,17.6,6.0,8.45,0.7
2023-09-02 19:20:00+00:00,17.58,6.0,8.48,0.6799999999999999
2023-09-02 19:30:00+00:00,17.56,6.0,8.51,0.66
2023-09-02 19:40:00+00:00,17.54,6.0,8.54,0.64
2023-09-02 19:50:00+00:00,17.52,6.0,8.57,0.62
2023-09-02 20:00:00+00:00,17.5,6.0,8.6,0.6
2023-09-02 20:10:00+00:00,17.46923076923077,6.0,8.576923076923077,0.5846153846153846
2023-09-02 20:20:00+00:00,17.43846153846154,6.0,8.553846153846154,0.5692307692307692
2023-09-02 20:30:00+00:00,17.407692307692308,6.0,8.53076923076923,0.5538461538461539
2023-09-02 20:40:00+00:00,17.376923076923077,6.0,8.507692307692308,0.5384615384615384
2023-09-02 20:50:00+00:00,17.346153846153847,6.0,8.484615384615385,0.5230769230769231
2023-09-02 21:00:00+00:00,17.315384615384616,6.0,8.461538461538462,0.5076923076923077
2023-09-02 21:10:00+00:00,17.284615384615385,6.0,8.438461538461539,0.49230769230769234
2023-09-02 21:20:00+00:00,17.253846153846155,6.0,8.415384615384616,0.4769230769230769
2023-09-02 21:30:00+00:00,17.223076923076924,6.0,8.392307692307693,0.46153846153846156
2023-09-02 21:40:00+00:00,17.192307692307693,6.0,8.36923076923077,0.4461538461538461
2023-09-02 21:50:00+00:00,17.161538461538463,6.0,8.346153846153847,0.4307692307692308
2023-09-02 22:00:00+00:00,17.130769230769232,6.0,8.323076923076924,0.4153846153846154
2023-09-02 22:10:00+00:00,17.1,6.0,8.3,0.4
2023-09-02 22:20:00+00:00,17.05,6.0,8.290000000000001,0.42000000000000004
2023-09-02 22:30:00+00:00,17.0,6.0,8.280000000000001,0.44
2023-09-02 22:40:00+00:00,16.950000000000003,6.0,8.27,0.46
2023-09-02 22:50:00+00:00,16.900000000000002,6.0,8.26,0.48
2023-09-02 23:00:00+00:00,16.85,6.0,8.25,0.5
2023-09-02 23:10:00+00:00,16.8,6.0,8.24,0.52
2023-09-02 23:20:00+00:00,16.75,6.0,8.23,0.54
2023-09-02 23:30:00+00:00,16.700000000000003,6.0,8.219999999999999,0.56
2023-09-02 23:40:00+00:00,16.650000000000002,6.0,8.209999999999999,0.58
2023-09-02 23:50:00+00:00,16.6,6.0,8.2,0.6
2023-09-03 00:00:00+00:00,16.57,6.1,8.16,0.6
2023-09-03 00:10:00+00:00,16.540000000000003,6.2,8.12,0.6
2023-09-03 00:20:00+00:00,16.51,6.3,8.08,0.6
2023-09-03 00:30:00+00:00,16.48,6.4,8.04,0.6
2023-09-03 00:40:00+00:00,16.450000000000003,6.5,8.0,0.6
2023-09-03 00:50:00+00:00,16.42,6.6,7.96,0.6
2023-09-03 01:00:00+00:00,16.39,6.7,7.92,0.6
2023-09-03 01:10:00+00:00,16.36,6.8,7.88,0.6
2023-09-03 01:20:00+00:00,16.330000000000002,6.9,7.84,0.6
2023-09-03 01:30:00+00:00,16.3,7.0,7.8,0.6
2023-09-03 01:40:00+00:00,16.27,7.0,7.79,0.61
2023-09-03 01:50:00+00:00,16.240000000000002,7.0,7.78,0.62
2023-09-03 02:00:00+00:00,16.21,7.0,7.77,0.63
2023-09-03 02:10:00+00:00,16.18,7.0,7.76,0.64
2023-09-03 02:20:00+00:00,16.15,7.0,7.75,0.6499999999999999
2023-09-03 02:30:00+00:00,16.12,7.0,7.74,0.6599999999999999
2023-09-03 02:40:00+00:00,16.09,7.0,7.73,0.6699999999999999
2023-09-03 02:50:00+00:00,16.06,7.0,7.72,0.6799999999999999
2023-09-03 03:00:00+00:00,16.03,7.0,7.71,0.69
2023-09-03 03:10:00+00:00,16.0,7.0,7.7,0.7
2023-09-03 03:20:00+00:00,15.96,7.0,7.71,1.04
2023-09-03 03:30:00+00:00,15.92,7.0,7.72,1.38
2023-09-03 03:40:00+00:00,15.879999999999999,7.0,7.73,1.72
2023-09-03 03:50:00+00:00,15.84,7.0,7.74,2.0599999999999996
2023-09-03 04:00:00+00:00,15.8,7.0,7.75,2.3999999999999995
2023-09-03 04:10:00+00:00,15.76,7.0,7.76,2.74
2023-09-03 04:20:00+00:00,15.719999999999999,7.0,7.77,3.08
2023-09-03 04:30:00+00:00,15.68,7.0,7.78,3.42
2023-09-03 04:40:00+00:00,15.64,7.0,7.79,3.76
2023-09-03 04:50:00+00:00,15.6,7.0,7.8,4.1
2023-09-03 05:00:00+00:00,15.6,7.0,7.4,4.1
2023-09-03 05:10:00+00:00,15.6,7.0,7.6,4.1
2023-09-03 05:20:00+00:00,15.6,6.0,7.7,4.1
2023-09-03 05:30:00+00:00,15.6,6.0,8.5,4.1
2023-09-03 05:40:00+00:00,15.6,7.0,8.8,3.9
2023-09-03 05:50:00+00:00,15.6,6.0,8.9,4.1
2023-09-03 06:00:00+00:00,15.6,6.0,9.0,4.1
2023-09-03 06:10:00+00:00,15.6,6.0,9.1,4.1
2023-09-03 06:20:00+00:00,15.6,7.0,9.0,4.1
2023-09-03 06:30:00+00:00,15.6,7.0,9.05,4.1
2023-09-03 06:40:00+00:00,15.6,7.0,9.1,4.1
2023-09-03 06:50:00+00:00,15.6,6.0,9.2,4.1
2023-09-03 07:00:00+00:00,15.7,7.0,9.3,4.1
2023-09-03 07:10:00+00:00,15.7,6.0,9.2,4.1
2023-09-03 07:20:00+00:00,15.7,7.0,9.3,4.1
2023-09-03 07:30:00+00:00,15.7,7.0,9.4,4.1
2023-09-03 07:40:00+00:00,15.8,7.0,9.6,4.1
2023-09-03 07:50:00+00:00,15.8,6.0,9.8,4.1
2023-09-03 08:00:00+00:00,15.8,6.0,10.3,4.1
2023-09-03 08:10:00+00:00,15.8,7.0,10.3,4.1
2023-09-03 08:20:00+00:00,15.8,7.0,10.2,4.1
2023-09-03 08:30:00+00:00,15.8,7.0,10.1,4.1
2023-09-03 08:40:00+00:00,15.8,6.0,10.0,4.1
2023-09-03 08:50:00+00:00,15.9,6.0,10.7,4.1
2023-09-03 09:00:00+00:00,15.9,7.0,9.6,5.8
2023-09-03 09:10:00+00:00,16.0,6.0,9.5,6.1
2023-09-03 09:20:00+00:00,16.0,6.0,9.3,6.2
2023-09-03 09:30:00+00:00,16.0,7.0,9.1,4.1
2023-09-03 09:40:00+00:00,16.1,6.0,9.0,6.3
2023-09-03 09:50:00+00:00,16.1,6.0,9.4,5.8
2023-09-03 10:00:00+00:00,16.1,6.0,9.3,6.2
2023-09-03 10:10:00+00:00,16.15,6.5,9.4,6.2
2023-09-03 10:20:00+00:00,16.2,7.0,9.5,6.2
2023-09-03 10:30:00+00:00,16.3,6.0,8.4,6.3
2023-09-03 10:40:00+00:00,16.3,6.0,8.7,6.3
2023-09-03 10:50:00+00:00,16.3,6.0,8.7,5.8
2023-09-03 11:00:00+00:00,16.4,6.0,9.0,6.3
2023-09-03 11:10:00+00:00,16.4,6.0,9.2,6.1
2023-09-03 11:20:00+00:00,16.5,6.0,9.2,6.2
2023-09-03 11:30:00+00:00,16.5,6.0,9.2,6.1
2023-09-03 11:40:00+00:00,16.6,6.0,9.3,6.1
2023-09-03 11:50:00+00:00,16.6,7.0,9.3,6.1
2023-09-03 12:00:00+00:00,16.6,6.5,9.350000000000001,6.1
2023-09-03 12:10:00+00:00,16.6,6.0,9.4,6.1
2023-09-03 12:20:00+00:00,16.7,6.0,9.3,6.1
2023-09-03 12:30:00+00:00,16.8,7.0,9.2,6.0
2023-09-03 12:40:00+00:00,16.8,6.0,9.3,6.2
2023-09-03 12:50:00+00:00,16.9,7.0,9.3,6.0
2023-09-03 13:00:00+00:00,17.0,6.0,9.3,6.2
2023-09-03 13:10:00+00:00,17.0,6.0,9.2,6.2
2023-09-03 13:20:00+00:00,17.1,6.0,9.2,6.3
2023-09-03 13:30:00+00:00,17.1,6.0,9.4,6.2
2023-09-03 13:40:00+00:00,17.1,6.0,9.6,6.0
2023-09-03 13:50:00+00:00,17.15,6.0,9.149999999999999,6.15
2023-09-03 14:00:00+00:00,17.2,6.0,8.7,6.3
2023-09-03 14:10:00+00:00,17.3,6.0,8.7,6.0
2023-09-03 14:20:00+00:00,17.3,6.0,8.9,5.9
2023-09-03 14:30:00+00:00,17.4,6.0,9.3,5.7
2023-09-03 14:40:00+00:00,17.5,6.0,9.7,5.8
2023-09-03 14:50:00+00:00,17.5,6.0,9.6,5.7
2023-09-03 15:00:00+00:00,17.5,6.0,9.4,4.8
2023-09-03 15:10:00+00:00,17.6,6.0,9.5,4.2
2023-09-03 15:20:00+00:00,17.6,6.0,9.5,4.1
2023-09-03 15:30:00+00:00,17.6,6.0,9.5,4.1
2023-09-03 15:40:00+00:00,17.65,6.0,9.55,4.1
2023-09-03 15:50:00+00:00,17.7,6.0,9.6,4.1
2023-09-03 16:00:00+00:00,17.7,6.0,9.5,4.1
2023-09-03 16:10:00+00:00,17.8,6.0,9.6,4.1
2023-09-03 16:20:00+00:00,17.8,6.0,9.6,4.1
2023-09-03 16:30:00+00:00,17.8,6.0,9.6,4.1
2023-09-03 16:40:00+00:00,17.8,6.0,9.5,4.1
2023-09-03 16:50:00+00:00,17.8,6.0,9.5,3.9
2023-09-03 17:00:00+00:00,17.8,7.0,9.4,4.1
2023-09-03 17:10:00+00:00,17.8,6.0,9.2,4.1
2023-09-03 17:20:00+00:00,17.8,6.0,9.2,4.0
2023-09-03 17:30:00+00:00,17.8,6.0,9.149999999999999,3.9
2023-09-03 17:40:00+00:00,17.8,6.0,9.1,3.8
2023-09-03 17:50:00+00:00,17.8,6.0,9.1,2.6
2023-09-03 18:00:00+00:00,17.8,6.0,9.0,1.3
2023-09-03 18:10:00+00:00,17.8,6.0,8.9,0.6
2023-09-03 18:20:00+00:00,17.78,6.0,8.86,0.6
2023-09-03 18:30:00+00:00,17.76,6.0,8.82,0.6
2023-09-03 18:40:00+00:00,17.740000000000002,6.0,8.780000000000001,0.6
2023-09-03 18:50:00+00:00,17.720000000000002,6.0,8.74,0.6
2023-09-03 19:00:00+00:00,17.700000000000003,6.0,8.7,0.6
2023-09-03 19:10:00+00:00,17.68,6.0,8.66,0.6
2023-09-03 19:20:00+00:00,17.66,6.0,8.620000000000001,0.6
2023-09-03 19:30:00+00:00,17.64,6.0,8.58,0.6
2023-09-03 19:40:00+00:00,17.62,6.0,8.54,0.6
2023-09-03 19:50:00+00:00,17.6,6.0,8.5,0.6
2023-09-03 20:00:00+00:00,17.59,6.1,8.49,0.6
2023-09-03 20:10:00+00:00,17.580000000000002,6.2,8.48,0.6
2023-09-03 20:20:00+00:00,17.57,6.3,8.47,0.6
2023-09-03 20:30:00+00:00,17.560000000000002,6.4,8.46,0.6
2023-09-03 20:40:00+00:00,17.55,6.5,8.45,0.6
2023-09-03 20:50:00+00:00,17.54,6.6,8.44,0.6
2023-09-03 21:00:00+00:00,17.53,6.7,8.43,0.6
2023-09-03 21:10:00+00:00,17.52,6.8,8.42,0.6
2023-09-03 21:20:00+00:00,17.51,6.9,8.41,0.6
2023-09-03 21:30:00+00:00,17.5,7.0,8.4,0.6
2023-09-03 21:40:00+00:00,17.476923076923075,7.0,8.392307692307693,0.6
2023-09-03 21:50:00+00:00,17.453846153846154,7.0,8.384615384615385,0.6
2023-09-03 22:00:00+00:00,17.43076923076923,7.0,8.376923076923077,0.6
2023-09-03 22:10:00+00:00,17.407692307692308,7.0,8.36923076923077,0.6
2023-09-03 22:20:00+00:00,17.384615384615383,7.0,8.361538461538462,0.6
2023-09-03 22:30:00+00:00,17.361538461538462,7.0,8.353846153846154,0.6
2023-09-03 22:40:00+00:00,17.338461538461537,7.0,8.346153846153847,0.6
2023-09-03 22:50:00+00:00,17.315384615384616,7.0,8.338461538461539,0.6
2023-09-03 23:00:00+00:00,17.29230769230769,7.0,8.330769230769231,0.6
2023-09-03 23:10:00+00:00,17.26923076923077,7.0,8.323076923076924,0.6
2023-09-03 23:20:00+00:00,17.246153846153845,7.0,8.315384615384616,0.6
2023-09-03 23:30:00+00:00,17.223076923076924,7.0,8.307692307692308,0.6
2023-09-03 23:40:00+00:00,17.2,7.0,8.3,0.6
2023-09-03 23:50:00+00:00,17.169999999999998,6.9,8.31,0.58
2023-09-04 00:00:00+00:00,17.14,6.8,8.32,0.5599999999999999
2023-09-04 00:10:00+00:00,17.11,6.7,8.33,0.54
2023-09-04 00:20:00+00:00,17.08,6.6,8.34,0.52
2023-09-04 00:30:00+00:00,17.049999999999997,6.5,8.350000000000001,0.5
2023-09-04 00:40:00+00:00,17.02,6.4,8.360000000000001,0.48
2023-09-04 00:50:00+00:00,16.99,6.3,8.370000000000001,0.45999999999999996
2023-09-04 01:00:00+00:00,16.959999999999997,6.2,8.38,0.44
2023-09-04 01:10:00+00:00,16.93,6.1,8.39,0.42000000000000004
2023-09-04 01:20:00+00:00,16.9,6.0,8.4,0.4
2023-09-04 01:30:00+00:00,16.89,6.1,8.41,0.42000000000000004
2023-09-04 01:40:00+00:00,16.88,6.2,8.42,0.44
2023-09-04 01:50:00+00:00,16.869999999999997,6.3,8.43,0.46
2023-09-04 02:00:00+00:00,16.86,6.4,8.44,0.48
2023-09-04 02:10:00+00:00,16.85,6.5,8.45,0.5
2023-09-04 02:20:00+00:00,16.84,6.6,8.46,0.52
2023-09-04 02:30:00+00:00,16.83,6.7,8.47,0.54
2023-09-04 02:40:00+00:00,16.82,6.8,8.48,0.56
2023-09-04 02:50:00+00:00,16.810000000000002,6.9,8.49,0.58
2023-09-04 03:00:00+00:00,16.8,7.0,8.5,0.6
2023-09-04 03:10:00+00:00,16.78,7.0,8.46,0.95
2023-09-04 03:20:00+00:00,16.76,7.0,8.42,1.2999999999999998
2023-09-04 03:30:00+00:00,16.740000000000002,7.0,8.379999999999999,1.65
2023-09-04 03:40:00+00:00,16.720000000000002,7.0,8.34,2.0
2023-09-04 03:50:00+00:00,16.700000000000003,7.0,8.3,2.35
2023-09-04 04:00:00+00:00,16.68,7.0,8.26,2.6999999999999997
2023-09-04 04:10:00+00:00,16.66,7.0,8.219999999999999,3.05
2023-09-04 04:20:00+00:00,16.64,7.0,8.18,3.4
2023-09-04 04:30:00+00:00,16.62,7.0,8.14,3.75
2023-09-04 04:40:00+00:00,16.6,7.0,8.1,4.1
2023-09-04 04:50:00+00:00,16.5,6.0,8.2,4.1
2023-09-04 05:00:00+00:00,16.5,6.0,8.3,4.1
2023-09-04 05:10:00+00:00,16.5,7.0,8.3,4.1
2023-09-04 05:20:00+00:00,16.5,6.0,8.4,4.1
2023-09-04 05:30:00+00:00,16.5,7.0,8.5,4.1
2023-09-04 05:40:00+00:00,16.5,7.0,8.2,4.1
2023-09-04 05:50:00+00:00,16.5,6.0,8.3,4.1
2023-09-04 06:00:00+00:00,16.5,6.0,8.4,4.1
2023-09-04 06:10:00+00:00,16.5,6.0,8.5,4.1
2023-09-04 06:20:00+00:00,16.5,7.0,8.6,4.1
2023-09-04 06:30:00+00:00,16.5,6.0,8.8,4.1
2023-09-04 06:40:00+00:00,16.5,6.0,9.5,4.1
2023-09-04 06:50:00+00:00,16.5,7.0,9.0,4.1
2023-09-04 07:00:00+00:00,16.5,6.0,8.6,4.1
2023-09-04 07:10:00+00:00,16.5,7.0,8.2,4.1
2023-09-04 07:20:00+00:00,16.5,6.0,8.3,4.1
2023-09-04 07:30:00+00:00,16.5,7.0,8.6,4.1
2023-09-04 07:40:00+00:00,16.6,6.0,8.6,4.1
2023-09-04 07:50:00+00:00,16.6,6.0,8.6,4.1
2023-09-04 08:00:00+00:00,16.6,6.0,8.6,4.1
2023-09-04 08:10:00+00:00,16.6,6.0,8.7,4.1
2023-09-04 08:20:00+00:00,16.6,6.0,8.6,4.1
2023-09-04 08:30:00+00:00,16.6,7.0,8.8,4.1
2023-09-04 08:40:00+00:00,16.6,7.0,8.8,4.1
2023-09-04 08:50:00+00:00,16.6,7.0,8.9,4.1
2023-09-04 09:00:00+00:00,16.6,7.0,8.9,4.2
2023-09-04 09:10:00+00:00,16.6,6.0,8.9,4.1
2023-09-04 09:20:00+00:00,16.7,6.0,8.9,4.1
2023-09-04 09:30:00+00:00,16.7,7.0,8.7,4.1
2023-09-04 09:40:00+00:00,16.7,6.5,8.75,5.1
2023-09-04 09:50:00+00:00,16.7,6.0,8.8,6.1
2023-09-04 10:00:00+00:00,16.8,7.0,8.9,6.2
2023-09-04 10:10:00+00:00,16.8,6.0,8.6,6.2
2023-09-04 10:20:00+00:00,16.8,7.0,8.3,6.2
2023-09-04 10:30:00+00:00,16.9,6.0,8.0,6.2
2023-09-04 10:40:00+00:00,17.0,6.0,7.9,6.2
2023-09-04 10:50:00+00:00,17.0,6.0,7.6,5.8
2023-09-04 11:00:00+00:00,17.0,6.0,7.4,6.3
2023-09-04 11:10:00+00:00,17.1,6.0,7.5,6.3
2023-09-04 11:20:00+00:00,17.1,6.0,7.1,5.5
2023-09-04 11:30:00+00:00,17.15,6.5,7.15,5.45
2023-09-04 11:40:00+00:00,17.2,7.0,7.2,5.4
2023-09-04 11:50:00+00:00,17.2,6.0,7.6,6.1
2023-09-04 12:00:00+00:00,17.3,6.0,8.0,6.2
2023-09-04 12:10:00+00:00,17.3,6.0,8.0,5.9
2023-09-04 12:20:00+00:00,17.3,7.0,7.8,4.0
2023-09-04 12:30:00+00:00,17.4,6.0,7.9,5.7
2023-09-04 12:40:00+00:00,17.4,6.0,8.0,5.6
2023-09-04 12:50:00+00:00,17.5,7.0,8.2,6.0
2023-09-04 13:00:00+00:00,17.5,6.0,8.3,6.1
2023-09-04 13:10:00+00:00,17.6,6.0,8.2,6.1
2023-09-04 13:20:00+00:00,17.6,6.0,8.25,6.0
2023-09-04 13:30:00+00:00,17.6,6.0,8.3,5.9
2023-09-04 13:40:00+00:00,17.6,6.0,8.3,5.9
2023-09-04 13:50:00+00:00,17.7,6.0,8.3,5.8
2023-09-04 14:00:00+00:00,17.7,6.0,8.3,4.1
2023-09-04 14:10:00+00:00,17.8,5.0,8.3,4.1
2023-09-04 14:20:00+00:00,17.8,6.0,8.3,4.1
2023-09-04 14:30:00+00:00,17.8,6.0,8.4,5.2
2023-09-04 14:40:00+00:00,17.9,6.0,8.4,5.9
2023-09-04 14:50:00+00:00,17.9,6.0,8.4,6.0
2023-09-04 15:00:00+00:00,18.0,5.0,8.4,5.6
2023-09-04 15:10:00+00:00,18.0,5.5,8.4,5.65
2023-09-04 15:20:00+00:00,18.0,6.0,8.4,5.7
2023-09-04 15:30:00+00:00,18.0,6.0,8.3,6.0
2023-09-04 15:40:00+00:00,18.0,6.0,8.2,4.1
2023-09-04 15:50:00+00:00,18.1,6.0,8.2,4.1
2023-09-04 16:00:00+00:00,18.1,5.0,8.3,4.1
2023-09-04 16:10:00+00:00,18.1,6.0,8.3,5.7
2023-09-04 16:20:00+00:00,18.1,6.0,8.4,4.1
2023-09-04 16:30:00+00:00,18.1,6.0,8.4,4.1
2023-09-04 16:40:00+00:00,18.2,6.0,8.5,4.1
2023-09-04 16:50:00+00:00,18.2,6.0,8.6,4.1
2023-09-04 17:00:00+00:00,18.2,6.0,8.6,4.1
2023-09-04 17:10:00+00:00,18.2,6.0,8.6,4.1
2023-09-04 17:20:00+00:00,18.3,6.0,8.8,4.1
2023-09-04 17:30:00+00:00,18.3,6.0,8.8,4.1
2023-09-04 17:40:00+00:00,18.3,5.0,8.6,3.8
2023-09-04 17:50:00+00:00,18.3,6.0,8.8,2.6
2023-09-04 18:00:00+00:00,18.3,6.0,8.8,1.5
2023-09-04 18:10:00+00:00,18.3,5.0,8.8,0.7
2023-09-04 18:20:00+00:00,18.29,5.2,8.790000000000001,0.69
2023-09-04 18:30:00+00:00,18.28,5.4,8.780000000000001,0.6799999999999999
2023-09-04 18:40:00+00:00,18.27,5.6,8.77,0.6699999999999999
2023-09-04 18:50:00+00:00,18.26,5.8,8.76,0.6599999999999999
2023-09-04 19:00:00+00:00,18.25,6.0,8.75,0.6499999999999999
2023-09-04 19:10:00+00:00,18.24,6.2,8.74,0.64
2023-09-04 19:20:00+00:00,18.23,6.4,8.73,0.63
2023-09-04 19:30:00+00:00,18.22,6.6,8.719999999999999,0.62
2023-09-04 19:40:00+00:00,18.21,6.8,8.709999999999999,0.61
2023-09-04 19:50:00+00:00,18.2,7.0,8.7,0.6
2023-09-04 20:00:00+00:00,18.18,6.9,8.709999999999999,0.6
2023-09-04 20:10:00+00:00,18.16,6.8,8.719999999999999,0.6
2023-09-04 20:20:00+00:00,18.14,6.7,8.73,0.6
2023-09-04 20:30:00+00:00,18.12,6.6,8.74,0.6
2023-09-04 20:40:00+00:00,18.1,6.5,8.75,0.6
2023-09-04 20:50:00+00:00,18.08,6.4,8.76,0.6
2023-09-04 21:00:00+00:00,18.06,6.3,8.77,0.6
2023-09-04 21:10:00+00:00,18.04,6.2,8.780000000000001,0.6
2023-09-04 21:20:00+00:00,18.02,6.1,8.790000000000001,0.6
2023-09-04 21:30:00+00:00,18.0,6.0,8.8,0.6
2023-09-04 21:40:00+00:00,17.96,6.0,8.74,0.6
2023-09-04 21:50:00+00:00,17.92,6.0,8.68,0.6
2023-09-04 22:00:00+00:00,17.88,6.0,8.620000000000001,0.6
2023-09-04 22:10:00+00:00,17.84,6.0,8.56,0.6
2023-09-04 22:20:00+00:00,17.8,6.0,8.5,0.6
2023-09-04 22:30:00+00:00,17.76,6.0,8.44,0.6
2023-09-04 22:40:00+00:00,17.720000000000002,6.0,8.379999999999999,0.6
2023-09-04 22:50:00+00:00,17.68,6.0,8.32,0.6
2023-09-04 23:00:00+00:00,17.64,6.0,8.26,0.6
2023-09-04 23:10:00+00:00,17.6,6.0,8.2,0.6
2023-09-04 23:20:00+00:00,17.585714285714285,6.0,8.185714285714285,0.6
2023-09-04 23:30:00+00:00,17.571428571428573,6.0,8.17142857142857,0.6
2023-09-04 23:40:00+00:00,17.557142857142857,6.0,8.157142857142857,0.6
2023-09-04 23:50:00+00:00,17.542857142857144,6.0,8.142857142857142,0.6
2023-09-05 00:00:00+00:00,17.52857142857143,6.0,8.128571428571428,0.6
2023-09-05 00:10:00+00:00,17.514285714285716,6.0,8.114285714285714,0.6
2023-09-05 00:20:00+00:00,17.5,6.0,8.1,0.6
2023-09-05 00:30:00+00:00,17.485714285714284,6.0,8.085714285714285,0.6
2023-09-05 00:40:00+00:00,17.47142857142857,6.0,8.071428571428571,0.6
2023-09-05 00:50:00+00:00,17.457142857142856,6.0,8.057142857142857,0.6
2023-09-05 01:00:00+00:00,17.442857142857143,6.0,8.042857142857143,0.6
2023-09-05 01:10:00+00:00,17.428571428571427,6.0,8.028571428571428,0.6
2023-09-05 01:20:00+00:00,17.414285714285715,6.0,8.014285714285714,0.6
2023-09-05 01:30:00+00:00,17.4,6.0,8.0,0.6
2023-09-05 01:40:00+00:00,17.369999999999997,6.1,8.02,0.6
2023-09-05 01:50:00+00:00,17.34,6.2,8.04,0.6
2023-09-05 02:00:00+00:00,17.31,6.3,8.06,0.6
2023-09-05 02:10:00+00:00,17.28,6.4,8.08,0.6
2023-09-05 02:20:00+00:00,17.25,6.5,8.1,0.6
2023-09-05 02:30:00+00:00,17.22,6.6,8.12,0.6
2023-09-05 02:40:00+00:00,17.19,6.7,8.139999999999999,0.6
2023-09-05 02:50:00+00:00,17.16,6.8,8.16,0.6
2023-09-05 03:00:00+00:00,17.130000000000003,6.9,8.18,0.6
2023-09-05 03:10:00+00:00,17.1,7.0,8.2,0.6
2023-09-05 03:20:00+00:00,17.075000000000003,7.0,8.17,0.95
2023-09-05 03:30:00+00:00,17.05,7.0,8.139999999999999,1.2999999999999998
2023-09-05 03:40:00+00:00,17.025000000000002,7.0,8.11,1.65
2023-09-05 03:50:00+00:00,17.0,7.0,8.08,2.0
2023-09-05 04:00:00+00:00,16.975,7.0,8.049999999999999,2.35
2023-09-05 04:10:00+00:00,16.950000000000003,7.0,8.02,2.6999999999999997
2023-09-05 04:20:00+00:00,16.925,7.0,7.989999999999999,3.05
2023-09-05 04:30:00+00:00,16.900000000000002,7.0,7.959999999999999,3.4
2023-09-05 04:40:00+00:00,16.875,7.0,7.93,3.75
2023-09-05 04:50:00+00:00,16.85,7.0,7.8999999999999995,4.1
2023-09-05 05:00:00+00:00,16.8,6.0,7.6,4.1
2023-09-05 05:10:00+00:00,16.8,7.0,7.8,4.1
2023-09-05 05:20:00+00:00,16.8,7.0,8.2,4.1
2023-09-05 05:30:00+00:00,16.8,6.0,8.2,4.1
2023-09-05 05:40:00+00:00,16.8,6.0,8.2,4.1
2023-09-05 05:50:00+00:00,16.8,6.0,8.2,4.1
2023-09-05 06:00:00+00:00,16.8,6.0,8.2,4.1
2023-09-05 06:10:00+00:00,16.9,6.0,8.3,4.1
2023-09-05 06:20:00+00:00,16.9,7.0,8.4,4.1
2023-09-05 06:30:00+00:00,16.9,7.0,8.4,4.1
2023-09-05 06:40:00+00:00,16.9,7.0,8.5,4.1
2023-09-05 06:50:00+00:00,16.9,6.0,8.6,4.1
2023-09-05 07:00:00+00:00,16.9,6.0,8.6,4.1
2023-09-05 07:10:00+00:00,17.0,6.0,8.7,4.1
2023-09-05 07:20:00+00:00,17.0,6.0,8.7,4.1
2023-09-05 07:30:00+00:00,17.0,6.0,8.7,4.1
2023-09-05 07:40:00+00:00,17.0,6.0,8.7,4.1
2023-09-05 07:50:00+00:00,17.0,6.0,8.7,4.1
2023-09-05 08:00:00+00:00,17.0,6.0,8.75,4.1
2023-09-05 08:10:00+00:00,17.0,6.0,8.8,4.1
2023-09-05 08:20:00+00:00,17.1,6.0,9.0,4.2
2023-09-05 08:30:00+00:00,17.1,7.0,9.1,4.1
2023-09-05 08:40:00+00:00,17.1,7.0,9.2,4.1
2023-09-05 08:50:00+00:00,17.1,7.0,9.2,4.1
2023-09-05 09:00:00+00:00,17.1,6.0,9.2,5.9
2023-09-05 09:10:00+00:00,17.15,6.0,9.05,6.0
2023-09-05 09:20:00+00:00,17.2,6.0,8.9,6.1
2023-09-05 09:30:00+00:00,17.2,6.0,9.1,6.1
2023-09-05 09:40:00+00:00,17.3,7.0,9.0,6.1
2023-09-05 09:50:00+00:00,17.3,6.0,8.6,6.2
2023-09-05 10:00:00+00:00,17.3,6.0,8.5,6.1
2023-09-05 10:10:00+00:00,17.4,6.0,8.3,6.2
2023-09-05 10:20:00+00:00,17.4,6.0,8.1,6.2
2023-09-05 10:30:00+00:00,17.5,6.0,7.9,6.2
2023-09-05 10:40:00+00:00,17.5,7.0,8.0,6.2
2023-09-05 10:50:00+00:00,17.6,7.0,7.6,6.3
2023-09-05 11:00:00+00:00,17.6,6.5,7.65,6.3
2023-09-05 11:10:00+00:00,17.6,6.0,7.7,6.3
2023-09-05 11:20:00+00:00,17.6,6.0,7.8,6.2
2023-09-05 11:30:00+00:00,17.7,6.0,7.8,6.1
2023-09-05 11:40:00+00:00,17.8,6.0,7.1,6.2
2023-09-05 11:50:00+00:00,17.8,6.0,7.0,6.2
2023-09-05 12:00:00+00:00,17.8,6.0,6.8,6.2
2023-09-05 12:10:00+00:00,17.9,6.0,6.7,6.2
2023-09-05 12:20:00+00:00,18.0,6.0,6.7,6.2
2023-09-05 12:30:00+00:00,18.0,6.0,6.6,6.2
2023-09-05 12:40:00+00:00,18.1,6.0,6.5,6.2
2023-09-05 12:50:00+00:00,18.1,6.0,6.45,6.2
2023-09-05 13:00:00+00:00,18.1,6.0,6.4,6.2
2023-09-05 13:10:00+00:00,18.1,6.0,6.4,6.2
2023-09-05 13:20:00+00:00,18.2,7.0,6.4,6.2
2023-09-05 13:30:00+00:00,18.3,6.0,6.5,6.2
2023-09-05 13:40:00+00:00,18.3,6.0,6.5,6.2
2023-09-05 13:50:00+00:00,18.4,6.0,6.5,6.2
2023-09-05 14:00:00+00:00,18.4,6.0,6.3,6.2
2023-09-05 14:10:00+00:00,18.5,6.0,6.4,6.2
2023-09-05 14:20:00+00:00,18.5,6.0,6.5,6.2
2023-09-05 14:30:00+00:00,18.6,6.0,6.4,6.2
2023-09-05 14:40:00+00:00,18.6,6.0,6.4,6.2
2023-09-05 14:50:00+00:00,18.6,6.0,6.4,6.2
2023-09-05 15:00:00+00:00,18.6,6.0,6.3,6.2
2023-09-05 15:10:00+00:00,18.6,6.0,6.3,6.2
2023-09-05 15:20:00+00:00,18.6,6.0,6.4,6.2
2023-09-05 15:30:00+00:00,18.7,6.0,6.5,6.2
2023-09-05 15:40:00+00:00,18.8,5.0,6.6,6.2
2023-09-05 15:50:00+00:00,18.8,6.0,6.8,6.2
2023-09-05 16:00:00+00:00,18.8,6.0,6.8,6.2
2023-09-05 16:10:00+00:00,18.8,6.0,7.1,6.1
2023-09-05 16:20:00+00:00,18.8,6.0,7.3,6.1
2023-09-05 16:30:00+00:00,18.85,6.0,7.5,6.05
2023-09-05 16:40:00+00:00,18.9,6.0,7.7,6.0
2023-09-05 16:50:00+00:00,18.9,6.0,7.7,5.8
2023-09-05 17:00:00+00:00,18.9,6.0,7.7,4.1
2023-09-05 17:10:00+00:00,19.0,6.0,7.7,4.1
2023-09-05 17:20:00+00:00,19.0,6.0,7.6,4.1
2023-09-05 17:30:00+00:00,19.0,5.0,7.8,3.9
2023-09-05 17:40:00+00:00,19.0,6.0,7.9,3.6
2023-09-05 17:50:00+00:00,19.0,6.0,8.0,2.2
2023-09-05 18:00:00+00:00,19.0,6.0,7.9,1.0
2023-09-05 18:10:00+00:00,19.0,6.0,7.9,0.8
2023-09-05 18:20:00+00:00,18.992857142857144,6.0,7.885714285714286,0.7857142857142858
2023-09-05 18:30:00+00:00,18.985714285714284,6.0,7.871428571428572,0.7714285714285715
2023-09-05 18:40:00+00:00,18.978571428571428,6.0,7.857142857142858,0.7571428571428571
2023-09-05 18:50:00+00:00,18.97142857142857,6.0,7.842857142857143,0.7428571428571429
2023-09-05 19:00:00+00:00,18.964285714285715,6.0,7.828571428571429,0.7285714285714286
2023-09-05 19:10:00+00:00,18.957142857142856,6.0,7.814285714285715,0.7142857142857143
2023-09-05 19:20:00+00:00,18.95,6.0,7.800000000000001,0.7
2023-09-05 19:30:00+00:00,18.942857142857143,6.0,7.785714285714286,0.6857142857142857
2023-09-05 19:40:00+00:00,18.935714285714283,6.0,7.771428571428571,0.6714285714285715
2023-09-05 19:50:00+00:00,18.928571428571427,6.0,7.757142857142857,0.6571428571428571
2023-09-05 20:00:00+00:00,18.92142857142857,6.0,7.742857142857143,0.6428571428571428
2023-09-05 20:10:00+00:00,18.914285714285715,6.0,7.728571428571429,0.6285714285714286
2023-09-05 20:20:00+00:00,18.907142857142855,6.0,7.714285714285714,0.6142857142857143
2023-09-05 20:30:00+00:00,18.9,6.0,7.7,0.6
2023-09-05 20:40:00+00:00,18.89,6.1,7.69,0.6
2023-09-05 20:50:00+00:00,18.88,6.2,7.68,0.6
2023-09-05 21:00:00+00:00,18.869999999999997,6.3,7.67,0.6
2023-09-05 21:10:00+00:00,18.86,6.4,7.66,0.6
2023-09-05 21:20:00+00:00,18.85,6.5,7.65,0.6
2023-09-05 21:30:00+00:00,18.84,6.6,7.64,0.6
2023-09-05 21:40:00+00:00,18.83,6.7,7.63,0.6
2023-09-05 21:50:00+00:00,18.82,6.8,7.62,0.6
2023-09-05 22:00:00+00:00,18.810000000000002,6.9,7.609999999999999,0.6
2023-09-05 22:10:00+00:00,18.8,7.0,7.6,0.6
2023-09-05 22:20:00+00:00,18.775000000000002,6.95,7.6049999999999995,0.6
2023-09-05 22:30:00+00:00,18.75,6.9,7.609999999999999,0.6
2023-09-05 22:40:00+00:00,18.725,6.85,7.614999999999999,0.6
2023-09-05 22:50:00+00:00,18.7,6.8,7.62,0.6
2023-09-05 23:00:00+00:00,18.675,6.75,7.625,0.6
2023-09-05 23:10:00+00:00,18.650000000000002,6.7,7.63,0.6
2023-09-05 23:20:00+00:00,18.625,6.65,7.635,0.6
2023-09-05 23:30:00+00:00,18.6,6.6,7.64,0.6
2023-09-05 23:40:00+00:00,18.575,6.55,7.645,0.6
2023-09-05 23:50:00+00:00,18.55,6.5,7.65,0.6
2023-09-06 00:00:00+00:00,18.525000000000002,6.45,7.655,0.6
2023-09-06 00:10:00+00:00,18.5,6.4,7.66,0.6
2023-09-06 00:20:00+00:00,18.475,6.35,7.665,0.6
2023-09-06 00:30:00+00:00,18.45,6.3,7.67,0.6
2023-09-06 00:40:00+00:00,18.425,6.25,7.675,0.6
2023-09-06 00:50:00+00:00,18.400000000000002,6.2,7.68,0.6
2023-09-06 01:00:00+00:00,18.375,6.15,7.6850000000000005,0.6
2023-09-06 01:10:00+00:00,18.35,6.1,7.69,0.6
2023-09-06 01:20:00+00:00,18.325,6.05,7.695,0.6
2023-09-06 01:30:00+00:00,18.3,6.0,7.7,0.6
2023-09-06 01:40:00+00:00,18.275000000000002,6.0,7.671666666666667,0.7749999999999999
2023-09-06 01:50:00+00:00,18.25,6.0,7.6433333333333335,0.95
2023-09-06 02:00:00+00:00,18.225,6.0,7.615,1.125
2023-09-06 02:10:00+00:00,18.2,6.0,7.586666666666667,1.2999999999999998
2023-09-06 02:20:00+00:00,18.175,6.0,7.558333333333334,1.475
2023-09-06 02:30:00+00:00,18.150000000000002,6.0,7.53,1.65
2023-09-06 02:40:00+00:00,18.125,6.0,7.501666666666667,1.8249999999999997
2023-09-06 02:50:00+00:00,18.1,6.0,7.473333333333334,2.0
2023-09-06 03:00:00+00:00,18.075,6.0,7.445,2.175
2023-09-06 03:10:00+00:00,18.05,6.0,7.416666666666666,2.35
2023-09-06 03:20:00+00:00,18.025000000000002,6.0,7.388333333333333,2.525
2023-09-06 03:30:00+00:00,18.0,6.0,7.359999999999999,2.6999999999999997
2023-09-06 03:40:00+00:00,17.975,6.0,7.331666666666666,2.875
2023-09-06 03:50:00+00:00,17.95,6.0,7.303333333333333,3.05
2023-09-06 04:00:00+00:00,17.925,6.0,7.2749999999999995,3.225
2023-09-06 04:10:00+00:00,17.900000000000002,6.0,7.246666666666666,3.4
2023-09-06 04:20:00+00:00,17.875,6.0,7.218333333333333,3.5749999999999997
2023-09-06 04:30:00+00:00,17.85,6.0,7.1899999999999995,3.75
2023-09-06 04:40:00+00:00,17.825,6.0,7.161666666666666,3.925
2023-09-06 04:50:00+00:00,17.8,6.0,7.133333333333333,4.1
2023-09-06 05:00:00+00:00,17.8,7.0,7.2,4.1
2023-09-06 05:10:00+00:00,17.8,6.5,7.1,4.1
2023-09-06 05:20:00+00:00,17.8,6.0,7.0,4.1
2023-09-06 05:30:00+00:00,17.8,7.0,6.9,4.1
2023-09-06 05:40:00+00:00,17.8,7.0,6.9,4.1
2023-09-06 05:50:00+00:00,17.8,7.0,7.0,4.1
2023-09-06 06:00:00+00:00,17.8,6.0,7.1,4.1
2023-09-06 06:10:00+00:00,17.8,6.0,7.3,4.1
2023-09-06 06:20:00+00:00,17.8,6.0,7.6,4.1
2023-09-06 06:30:00+00:00,17.8,6.0,7.6,4.1
2023-09-06 06:40:00+00:00,17.8,6.0,7.7,4.1
2023-09-06 06:50:00+00:00,17.8,6.0,7.766666666666667,4.1
2023-09-06 07:00:00+00:00,17.8,6.0,7.833333333333334,4.1
2023-09-06 07:10:00+00:00,17.8,6.0,7.9,4.1
2023-09-06 07:20:00+00:00,17.9,7.0,7.9,4.1
2023-09-06 07:30:00+00:00,17.9,6.0,8.1,4.1
2023-09-06 07:40:00+00:00,17.9,6.0,8.2,3.9
2023-09-06 07:50:00+00:00,17.9,6.5,8.149999999999999,4.0
2023-09-06 08:00:00+00:00,17.9,7.0,8.1,4.1
2023-09-06 08:10:00+00:00,17.9,6.0,8.3,4.1
2023-09-06 08:20:00+00:00,18.0,6.0,8.4,4.2
2023-09-06 08:30:00+00:00,18.0,6.0,8.4,4.1
2023-09-06 08:40:00+00:00,18.0,6.0,8.45,4.15
2023-09-06 08:50:00+00:00,18.0,6.0,8.5,4.2
2023-09-06 09:00:00+00:00,18.0,6.0,8.6,4.2
2023-09-06 09:10:00+00:00,18.0,6.0,8.6,5.6
2023-09-06 09:20:00+00:00,18.1,6.0,8.5,5.8
2023-09-06 09:30:00+00:00,18.1,6.0,8.45,5.85
2023-09-06 09:40:00+00:00,18.1,6.0,8.4,5.9
2023-09-06 09:50:00+00:00,18.1,6.0,8.0,6.0
2023-09-06 10:00:00+00:00,18.2,5.0,7.9,6.1
2023-09-06 10:10:00+00:00,18.2,6.0,8.0,6.1
2023-09-06 10:20:00+00:00,18.3,6.0,8.2,6.0
2023-09-06 10:30:00+00:00,18.3,6.5,8.1,6.0
2023-09-06 10:40:00+00:00,18.3,7.0,8.0,6.0
2023-09-06 10:50:00+00:00,18.3,6.0,7.9,6.0
2023-09-06 11:00:00+00:00,18.4,5.0,7.8,6.1
2023-09-06 11:10:00+00:00,18.45,5.5,7.75,6.1
2023-09-06 11:20:00+00:00,18.5,6.0,7.7,6.1
2023-09-06 11:30:00+00:00,18.5,6.0,7.8,6.0
2023-09-06 11:40:00+00:00,18.55,6.0,7.699999999999999,6.0
2023-09-06 11:50:00+00:00,18.6,6.0,7.6,6.0
2023-09-06 12:00:00+00:00,18.6,6.0,7.8,6.0
2023-09-06 12:10:00+00:00,18.7,6.0,7.7,5.9
2023-09-06 12:20:00+00:00,18.75,6.5,7.65,5.95
2023-09-06 12:30:00+00:00,18.8,7.0,7.6,6.0
2023-09-06 12:40:00+00:00,18.8,6.0,7.6,6.0
2023-09-06 12:50:00+00:00,18.8,7.0,7.4,6.0
2023-09-06 13:00:00+00:00,18.9,6.0,7.3,6.1
2023-09-06 13:10:00+00:00,19.0,7.0,7.2,6.1
2023-09-06 13:20:00+00:00,19.0,6.0,7.1,6.1
2023-09-06 13:30:00+00:00,19.0,6.0,7.2,6.2
2023-09-06 13:40:00+00:00,19.1,6.0,7.1,6.2
2023-09-06 13:50:00+00:00,19.1,6.0,7.0,6.2
2023-09-06 14:00:00+00:00,19.1,6.0,7.1,6.1
2023-09-06 14:10:00+00:00,19.15,6.0,7.05,6.15
2023-09-06 14:20:00+00:00,19.2,6.0,7.0,6.2
2023-09-06 14:30:00+00:00,19.2,5.0,7.0,6.1
2023-09-06 14:40:00+00:00,19.25,5.5,6.95,6.15
2023-09-06 14:50:00+00:00,19.3,6.0,6.9,6.2
2023-09-06 15:00:00+00:00,19.3,6.0,6.9,6.2
2023-09-06 15:10:00+00:00,19.3,6.0,7.0,6.2
2023-09-06 15:20:00+00:00,19.4,6.0,7.1,6.2
2023-09-06 15:30:00+00:00,19.4,6.0,7.0,6.2
2023-09-06 15:40:00+00:00,19.4,6.0,7.1,6.2
2023-09-06 15:50:00+00:00,19.5,6.0,7.1,6.1
2023-09-06 16:00:00+00:00,19.5,6.0,7.15,6.15
2023-09-06 16:10:00+00:00,19.5,6.0,7.2,6.2
2023-09-06 16:20:00+00:00,19.5,6.0,7.2,6.1
2023-09-06 16:30:00+00:00,19.5,6.0,7.3,6.1
2023-09-06 16:40:00+00:00,19.5,6.0,7.3,5.9
2023-09-06 16:50:00+00:00,19.5,5.0,7.3,4.7
2023-09-06 17:00:00+00:00,19.5,6.0,7.3,4.1
2023-09-06 17:10:00+00:00,19.6,6.0,7.2,4.2
2023-09-06 17:20:00+00:00,19.6,6.0,7.2,4.1
2023-09-06 17:30:00+00:00,19.6,6.0,7.1,4.0
2023-09-06 17:40:00+00:00,19.6,5.0,7.0,3.4
2023-09-06 17:50:00+00:00,19.6,6.0,7.0,2.65
2023-09-06 18:00:00+00:00,19.6,7.0,7.0,1.9
2023-09-06 18:10:00+00:00,19.5,6.0,7.0,0.9
2023-09-06 18:20:00+00:00,19.46,6.1,7.05,0.87
2023-09-06 18:30:00+00:00,19.42,6.2,7.1,0.84
2023-09-06 18:40:00+00:00,19.38,6.3,7.15,0.81
2023-09-06 18:50:00+00:00,19.34,6.4,7.2,0.78
2023-09-06 19:00:00+00:00,19.3,6.5,7.25,0.75
2023-09-06 19:10:00+00:00,19.26,6.6,7.3,0.72
2023-09-06 19:20:00+00:00,19.220000000000002,6.7,7.35,0.69
2023-09-06 19:30:00+00:00,19.18,6.8,7.4,0.6599999999999999
2023-09-06 19:40:00+00:00,19.14,6.9,7.45,0.6299999999999999
2023-09-06 19:50:00+00:00,19.1,7.0,7.5,0.6
2023-09-06 20:00:00+00:00,19.076923076923077,6.923076923076923,7.476923076923077,0.6
2023-09-06 20:10:00+00:00,19.053846153846155,6.846153846153846,7.453846153846154,0.6
2023-09-06 20:20:00+00:00,19.03076923076923,6.769230769230769,7.430769230769231,0.6
2023-09-06 20:30:00+00:00,19.00769230769231,6.6923076923076925,7.407692307692308,0.6
2023-09-06 20:40:00+00:00,18.984615384615385,6.615384615384615,7.384615384615385,0.6
2023-09-06 20:50:00+00:00,18.961538461538463,6.538461538461538,7.361538461538462,0.6
2023-09-06 21:00:00+00:00,18.93846153846154,6.461538461538462,7.338461538461538,0.6
2023-09-06 21:10:00+00:00,18.915384615384617,6.384615384615385,7.315384615384615,0.6
2023-09-06 21:20:00+00:00,18.892307692307693,6.3076923076923075,7.292307692307692,0.6
2023-09-06 21:30:00+00:00,18.86923076923077,6.230769230769231,7.269230769230769,0.6
2023-09-06 21:40:00+00:00,18.846153846153847,6.153846153846153,7.246153846153846,0.6
2023-09-06 21:50:00+00:00,18.823076923076925,6.076923076923077,7.223076923076923,0.6
2023-09-06 22:00:00+00:00,18.8,6.0,7.2,0.6
2023-09-06 22:10:00+00:00,18.77,6.0,7.21,0.58
2023-09-06 22:20:00+00:00,18.740000000000002,6.0,7.22,0.5599999999999999
2023-09-06 22:30:00+00:00,18.71,6.0,7.23,0.54
2023-09-06 22:40:00+00:00,18.68,6.0,7.24,0.52
2023-09-06 22:50:00+00:00,18.65,6.0,7.25,0.5
2023-09-06 23:00:00+00:00,18.62,6.0,7.26,0.48
2023-09-06 23:10:00+00:00,18.59,6.0,7.27,0.45999999999999996
2023-09-06 23:20:00+00:00,18.56,6.0,7.28,0.44
2023-09-06 23:30:00+00:00,18.53,6.0,7.29,0.42000000000000004
2023-09-06 23:40:00+00:00,18.5,6.0,7.3,0.4
2023-09-06 23:50:00+00:00,18.46,6.0,7.3,0.42000000000000004
2023-09-07 00:00:00+00:00,18.42,6.0,7.3,0.44
2023-09-07 00:10:00+00:00,18.38,6.0,7.3,0.46
2023-09-07 00:20:00+00:00,18.34,6.0,7.3,0.48
2023-09-07 00:30:00+00:00,18.3,6.0,7.3,0.5
2023-09-07 00:40:00+00:00,18.26,6.0,7.3,0.52
2023-09-07 00:50:00+00:00,18.220000000000002,6.0,7.3,0.54
2023-09-07 01:00:00+00:00,18.18,6.0,7.3,0.56
2023-09-07 01:10:00+00:00,18.14,6.0,7.3,0.58
2023-09-07 01:20:00+00:00,18.1,6.0,7.3,0.6
2023-09-07 01:30:00+00:00,18.09,6.0,7.279999999999999,0.6
2023-09-07 01:40:00+00:00,18.080000000000002,6.0,7.26,0.6
2023-09-07 01:50:00+00:00,18.07,6.0,7.24,0.6
2023-09-07 02:00:00+00:00,18.060000000000002,6.0,7.22,0.6
2023-09-07 02:10:00+00:00,18.05,6.0,7.199999999999999,0.6
2023-09-07 02:20:00+00:00,18.04,6.0,7.18,0.6
2023-09-07 02:30:00+00:00,18.03,6.0,7.16,0.6
2023-09-07 02:40:00+00:00,18.02,6.0,7.14,0.6
2023-09-07 02:50:00+00:00,18.01,6.0,7.119999999999999,0.6
2023-09-07 03:00:00+00:00,18.0,6.0,7.1,0.6
2023-09-07 03:10:00+00:00,17.98,6.0,7.16,0.95
2023-09-07 03:20:00+00:00,17.96,6.0,7.22,1.2999999999999998
2023-09-07 03:30:00+00:00,17.94,6.0,7.279999999999999,1.65
2023-09-07 03:40:00+00:00,17.92,6.0,7.34,2.0
2023-09-07 03:50:00+00:00,17.9,6.0,7.4,2.35
2023-09-07 04:00:00+00:00,17.88,6.0,7.46,2.6999999999999997
2023-09-07 04:10:00+00:00,17.86,6.0,7.52,3.05
2023-09-07 04:20:00+00:00,17.84,6.0,7.58,3.4
2023-09-07 04:30:00+00:00,17.82,6.0,7.640000000000001,3.75
2023-09-07 04:40:00+00:00,17.8,6.0,7.7,4.1
2023-09-07 04:50:00+00:00,17.8,7.0,7.7,4.1
2023-09-07 05:00:00+00:00,17.8,6.0,7.5,4.1
2023-09-07 05:10:00+00:00,17.8,6.0,7.3,4.1
2023-09-07 05:20:00+00:00,17.8,6.0,7.1,4.1
2023-09-07 05:30:00+00:00,17.8,6.0,7.1,4.1
2023-09-07 05:40:00+00:00,17.8,6.0,7.1,4.1
2023-09-07 05:50:00+00:00,17.8,6.0,7.1,4.1
2023-09-07 06:00:00+00:00,17.8,6.0,7.0,4.1
2023-09-07 06:10:00+00:00,17.8,7.0,6.7,4.1
2023-09-07 06:20:00+00:00,17.8,6.0,6.1,4.1
2023-09-07 06:30:00+00:00,17.8,6.0,6.4,4.1
2023-09-07 06:40:00+00:00,17.8,6.0,6.7,4.1
2023-09-07 06:50:00+00:00,17.8,6.0,7.0,4.1
2023-09-07 07:00:00+00:00,17.8,7.0,7.4,4.1
2023-09-07 07:10:00+00:00,17.8,6.0,8.0,4.1
2023-09-07 07:20:00+00:00,17.8,6.5,8.15,4.1
2023-09-07 07:30:00+00:00,17.8,7.0,8.3,4.1
2023-09-07 07:40:00+00:00,17.8,6.0,8.4,4.1
2023-09-07 07:50:00+00:00,17.8,6.0,8.4,4.1
2023-09-07 08:00:00+00:00,17.8,6.0,8.2,4.1
2023-09-07 08:10:00+00:00,17.8,6.0,8.3,4.1
2023-09-07 08:20:00+00:00,17.8,6.0,8.25,4.1
2023-09-07 08:30:00+00:00,17.8,6.0,8.2,4.1
2023-09-07 08:40:00+00:00,17.8,6.5,8.35,4.85
2023-09-07 08:50:00+00:00,17.8,7.0,8.5,5.6
2023-09-07 09:00:00+00:00,17.9,6.0,8.4,5.9
2023-09-07 09:10:00+00:00,17.9,7.0,8.4,6.0
2023-09-07 09:20:00+00:00,17.9,7.0,8.3,6.0
2023-09-07 09:30:00+00:00,18.0,6.0,8.4,6.0
2023-09-07 09:40:00+00:00,18.0,6.0,8.4,6.0
2023-09-07 09:50:00+00:00,18.0,6.0,8.4,6.0
2023-09-07 10:00:00+00:00,18.0,6.0,8.4,6.0
2023-09-07 10:10:00+00:00,18.0,6.0,8.4,6.0
2023-09-07 10:20:00+00:00,18.0,6.0,8.2,6.0
2023-09-07 10:30:00+00:00,18.0,6.0,8.2,6.0
2023-09-07 10:40:00+00:00,18.1,6.0,8.1,6.1
2023-09-07 10:50:00+00:00,18.1,6.0,8.1,6.1
2023-09-07 11:00:00+00:00,18.1,6.0,8.0,6.1
2023-09-07 11:10:00+00:00,18.1,6.0,8.0,6.1
2023-09-07 11:20:00+00:00,18.2,7.0,7.8,5.9
2023-09-07 11:30:00+00:00,18.3,6.0,7.6,6.1
2023-09-07 11:40:00+00:00,18.3,6.0,7.4,6.1
2023-09-07 11:50:00+00:00,18.3,6.0,7.4,6.1
2023-09-07 12:00:00+00:00,18.3,6.0,7.3,6.1
2023-09-07 12:10:00+00:00,18.3,5.0,7.4,6.0
2023-09-07 12:20:00+00:00,18.4,6.0,7.5,6.0
2023-09-07 12:30:00+00:00,18.5,7.0,7.5,6.1
2023-09-07 12:40:00+00:00,18.55,6.5,7.2,6.05
2023-09-07 12:50:00+00:00,18.6,6.0,6.9,6.0
2023-09-07 13:00:00+00:00,18.6,7.0,7.0,6.0
2023-09-07 13:10:00+00:00,18.6,6.5,7.05,6.0
2023-09-07 13:20:00+00:00,18.6,6.0,7.1,6.0
2023-09-07 13:30:00+00:00,18.7,6.0,7.2,6.0
2023-09-07 13:40:00+00:00,18.75,6.0,7.4,6.0
2023-09-07 13:50:00+00:00,18.8,6.0,7.6,6.0
2023-09-07 14:00:00+00:00,18.8,6.0,7.65,6.05
2023-09-07 14:10:00+00:00,18.8,6.0,7.7,6.1
2023-09-07 14:20:00+00:00,18.9,6.0,7.8,6.3
2023-09-07 14:30:00+00:00,18.9,5.0,8.0,6.1
2023-09-07 14:40:00+00:00,19.0,6.0,7.9,6.1
2023-09-07 14:50:00+00:00,19.0,7.0,7.8,6.1
2023-09-07 15:00:00+00:00,19.05,6.5,7.8,6.1
2023-09-07 15:10:00+00:00,19.1,6.0,7.8,6.1
2023-09-07 15:20:00+00:00,19.1,6.0,7.8,6.1
2023-09-07 15:30:00+00:00,19.1,5.5,7.8,6.1
2023-09-07 15:40:00+00:00,19.1,5.0,7.8,6.1
2023-09-07 15:50:00+00:00,19.1,6.0,7.8,6.1
2023-09-07 16:00:00+00:00,19.2,6.0,7.8,6.1
2023-09-07 16:10:00+00:00,19.233333333333334,6.0,7.766666666666667,5.933333333333333
2023-09-07 16:20:00+00:00,19.266666666666666,6.0,7.733333333333333,5.766666666666667
2023-09-07 16:30:00+00:00,19.3,6.0,7.7,5.6
2023-09-07 16:40:00+00:00,19.3,6.0,7.6,4.1
2023-09-07 16:50:00+00:00,19.3,6.0,7.6,4.1
2023-09-07 17:00:00+00:00,19.3,6.0,7.5,4.1
2023-09-07 17:10:00+00:00,19.3,6.0,7.5,4.1
2023-09-07 17:20:00+00:00,19.3,6.0,7.45,4.1
2023-09-07 17:30:00+00:00,19.3,6.0,7.4,4.1
2023-09-07 17:40:00+00:00,19.4,6.0,7.4,3.8
2023-09-07 17:50:00+00:00,19.4,6.0,7.2,2.7
2023-09-07 18:00:00+00:00,19.3,6.0,7.1,1.2
2023-09-07 18:10:00+00:00,19.3,6.0,7.2,0.8
2023-09-07 18:20:00+00:00,19.28,6.1,7.2,0.78
2023-09-07 18:30:00+00:00,19.26,6.2,7.2,0.76
2023-09-07 18:40:00+00:00,19.240000000000002,6.3,7.2,0.74
2023-09-07 18:50:00+00:00,19.220000000000002,6.4,7.2,0.72
2023-09-07 19:00:00+00:00,19.200000000000003,6.5,7.2,0.7
2023-09-07 19:10:00+00:00,19.18,6.6,7.2,0.6799999999999999
2023-09-07 19:20:00+00:00,19.16,6.7,7.2,0.66
2023-09-07 19:30:00+00:00,19.14,6.8,7.2,0.64
2023-09-07 19:40:00+00:00,19.12,6.9,7.2,0.62
2023-09-07 19:50:00+00:00,19.1,7.0,7.2,0.6
2023-09-07 20:00:00+00:00,19.060000000000002,7.0,7.19,0.6
2023-09-07 20:10:00+00:00,19.02,7.0,7.18,0.6
2023-09-07 20:20:00+00:00,18.98,7.0,7.17,0.6
2023-09-07 20:30:00+00:00,18.94,7.0,7.16,0.6
2023-09-07 20:40:00+00:00,18.9,7.0,7.15,0.6
2023-09-07 20:50:00+00:00,18.86,7.0,7.14,0.6
2023-09-07 21:00:00+00:00,18.82,7.0,7.13,0.6
2023-09-07 21:10:00+00:00,18.78,7.0,7.12,0.6
2023-09-07 21:20:00+00:00,18.74,7.0,7.109999999999999,0.6
2023-09-07 21:30:00+00:00,18.7,7.0,7.1,0.6
2023-09-07 21:40:00+00:00,18.66923076923077,7.0,7.1,0.6
2023-09-07 21:50:00+00:00,18.638461538461538,7.0,7.1,0.6
2023-09-07 22:00:00+00:00,18.607692307692307,7.0,7.1,0.6
2023-09-07 22:10:00+00:00,18.576923076923077,7.0,7.1,0.6
2023-09-07 22:20:00+00:00,18.546153846153846,7.0,7.1,0.6
2023-09-07 22:30:00+00:00,18.515384615384615,7.0,7.1,0.6
2023-09-07 22:40:00+00:00,18.484615384615385,7.0,7.1,0.6
2023-09-07 22:50:00+00:00,18.453846153846154,7.0,7.1,0.6
2023-09-07 23:00:00+00:00,18.423076923076923,7.0,7.1,0.6
2023-09-07 23:10:00+00:00,18.392307692307693,7.0,7.1,0.6
2023-09-07 23:20:00+00:00,18.361538461538462,7.0,7.1,0.6
2023-09-07 23:30:00+00:00,18.33076923076923,7.0,7.1,0.6
2023-09-07 23:40:00+00:00,18.3,7.0,7.1,0.6
2023-09-07 23:50:00+00:00,18.2625,6.96875,7.078125,0.709375
2023-09-08 00:00:00+00:00,18.225,6.9375,7.0562499999999995,0.81875
2023-09-08 00:10:00+00:00,18.1875,6.90625,7.034375,0.9281249999999999
2023-09-08 00:20:00+00:00,18.150000000000002,6.875,7.012499999999999,1.0374999999999999
2023-09-08 00:30:00+00:00,18.1125,6.84375,6.990625,1.1468749999999999
2023-09-08 00:40:00+00:00,18.075,6.8125,6.96875,1.2562499999999999
2023-09-08 00:50:00+00:00,18.0375,6.78125,6.9468749999999995,1.3656249999999999
2023-09-08 01:00:00+00:00,18.0,6.75,6.925,1.4749999999999999
2023-09-08 01:10:00+00:00,17.962500000000002,6.71875,6.903125,1.5843749999999999
2023-09-08 01:20:00+00:00,17.925,6.6875,6.88125,1.6937499999999996
2023-09-08 01:30:00+00:00,17.8875,6.65625,6.859375,1.8031249999999996
2023-09-08 01:40:00+00:00,17.85,6.625,6.8375,1.9124999999999996
2023-09-08 01:50:00+00:00,17.8125,6.59375,6.815625,2.0218749999999996
2023-09-08 02:00:00+00:00,17.775000000000002,6.5625,6.79375,2.1312499999999996
2023-09-08 02:10:00+00:00,17.7375,6.53125,6.771875,2.2406249999999996
2023-09-08 02:20:00+00:00,17.700000000000003,6.5,6.75,2.3499999999999996
2023-09-08 02:30:00+00:00,17.6625,6.46875,6.728125,2.4593749999999996
2023-09-08 02:40:00+00:00,17.625,6.4375,6.70625,2.5687499999999996
2023-09-08 02:50:00+00:00,17.587500000000002,6.40625,6.684375,2.6781249999999996
2023-09-08 03:00:00+00:00,17.55,6.375,6.6625,2.7874999999999996
2023-09-08 03:10:00+00:00,17.512500000000003,6.34375,6.640625,2.8968749999999996
2023-09-08 03:20:00+00:00,17.475,6.3125,6.61875,3.0062499999999996
2023-09-08 03:30:00+00:00,17.4375,6.28125,6.596875,3.1156249999999996
2023-09-08 03:40:00+00:00,17.400000000000002,6.25,6.575,3.2249999999999996
2023-09-08 03:50:00+00:00,,,,
2023-09-08 04:00:00+00:00,,,,
2023-09-08 04:10:00+00:00,,,,
2023-09-08 04:20:00+00:00,,,,
2023-09-08 04:30:00+00:00,,,,
2023-09-08 04:40:00+00:00,,,,
2023-09-08 04:50:00+00:00,,,,
2023-09-08 05:00:00+00:00,17.1,6.0,6.4,4.1
2023-09-08 05:10:00+00:00,17.2,6.0,6.7,4.1
2023-09-08 05:20:00+00:00,17.2,6.0,7.1,4.1
2023-09-08 05:30:00+00:00,17.2,7.0,7.3,4.1
2023-09-08 05:40:00+00:00,17.2,7.0,7.3,4.1
2023-09-08 05:50:00+00:00,17.2,6.0,7.2,4.1
2023-09-08 06:00:00+00:00,17.25,6.5,7.2,4.1
2023-09-08 06:10:00+00:00,17.3,7.0,7.2,4.1
2023-09-08 06:20:00+00:00,17.3,6.0,7.2,4.1
2023-09-08 06:30:00+00:00,17.3,6.0,7.1,4.1
2023-09-08 06:40:00+00:00,17.3,6.0,7.2,4.1
2023-09-08 06:50:00+00:00,17.3,6.0,7.2,4.1
2023-09-08 07:00:00+00:00,17.3,6.0,7.2,4.1
2023-09-08 07:10:00+00:00,17.3,6.0,7.4,4.1
2023-09-08 07:20:00+00:00,17.3,7.0,7.4,4.1
2023-09-08 07:30:00+00:00,17.3,6.0,7.5,4.1
2023-09-08 07:40:00+00:00,17.3,7.0,7.7,4.1
2023-09-08 07:50:00+00:00,17.35,6.5,7.800000000000001,4.1
2023-09-08 08:00:00+00:00,17.4,6.0,7.9,4.1
2023-09-08 08:10:00+00:00,17.3,6.0,8.0,4.1
2023-09-08 08:20:00+00:00,17.4,6.0,8.1,4.1
2023-09-08 08:30:00+00:00,17.4,7.0,8.2,4.1
2023-09-08 08:40:00+00:00,17.45,7.0,8.3,4.15
2023-09-08 08:50:00+00:00,17.5,7.0,8.4,4.2
2023-09-08 09:00:00+00:00,17.5,6.0,8.5,4.2
2023-09-08 09:10:00+00:00,17.5,6.5,8.5,5.050000000000001
2023-09-08 09:20:00+00:00,17.5,7.0,8.5,5.9
2023-09-08 09:30:00+00:00,17.5,6.5,8.55,5.9
2023-09-08 09:40:00+00:00,17.5,6.0,8.6,5.9
2023-09-08 09:50:00+00:00,17.6,6.0,8.6,5.9
2023-09-08 10:00:00+00:00,17.6,6.0,8.4,5.9
2023-09-08 10:10:00+00:00,17.65,6.0,8.350000000000001,5.95
2023-09-08 10:20:00+00:00,17.7,6.0,8.3,6.0
2023-09-08 10:30:00+00:00,17.7,6.0,8.4,5.9
2023-09-08 10:40:00+00:00,17.8,6.0,8.4,6.0
2023-09-08 10:50:00+00:00,17.8,7.0,8.4,5.9
2023-09-08 11:00:00+00:00,17.9,5.0,8.2,5.9
2023-09-08 11:10:00+00:00,17.9,6.0,8.2,5.9
2023-09-08 11:20:00+00:00,17.95,6.0,8.0,5.9
2023-09-08 11:30:00+00:00,18.0,6.0,7.8,5.9
2023-09-08 11:40:00+00:00,18.0,7.0,7.8,5.9
2023-09-08 11:50:00+00:00,18.0,6.0,7.8,5.9
2023-09-08 12:00:00+00:00,18.1,6.0,7.9,6.0
2023-09-08 12:10:00+00:00,18.1,6.0,7.7,6.0
2023-09-08 12:20:00+00:00,18.2,6.0,7.8,6.0
2023-09-08 12:30:00+00:00,18.25,6.0,7.949999999999999,5.9
2023-09-08 12:40:00+00:00,18.3,6.0,8.1,5.8
2023-09-08 12:50:00+00:00,18.4,6.0,7.8,5.9
2023-09-08 13:00:00+00:00,18.433333333333334,6.0,7.766666666666667,5.9
2023-09-08 13:10:00+00:00,18.466666666666665,6.0,7.733333333333333,5.9
2023-09-08 13:20:00+00:00,18.5,6.0,7.7,5.9
2023-09-08 13:30:00+00:00,18.5,6.0,7.6,6.0
2023-09-08 13:40:00+00:00,18.6,6.0,7.6,6.0
2023-09-08 13:50:00+00:00,18.65,6.0,7.55,5.95
2023-09-08 14:00:00+00:00,18.7,6.0,7.5,5.9
2023-09-08 14:10:00+00:00,18.8,5.0,7.2,6.0
2023-09-08 14:20:00+00:00,18.8,6.0,7.0,6.0
2023-09-08 14:30:00+00:00,18.8,6.0,6.9,6.0
2023-09-08 14:40:00+00:00,18.9,6.0,7.0,6.0
2023-09-08 14:50:00+00:00,18.9,7.0,7.0,6.0
2023-09-08 15:00:00+00:00,18.95,6.5,6.85,6.0
2023-09-08 15:10:00+00:00,19.0,6.0,6.7,6.0
2023-09-08 15:20:00+00:00,19.0,6.0,6.65,6.05
2023-09-08 15:30:00+00:00,19.0,6.0,6.6,6.1
2023-09-08 15:40:00+00:00,19.0,6.0,6.5,6.1
2023-09-08 15:50:00+00:00,19.1,6.0,6.5,6.1
2023-09-08 16:00:00+00:00,19.1,6.0,6.5,6.0
2023-09-08 16:10:00+00:00,19.1,6.0,6.4,6.0
2023-09-08 16:20:00+00:00,19.2,5.0,6.4,6.0
2023-09-08 16:30:00+00:00,19.2,6.0,6.4,5.8
2023-09-08 16:40:00+00:00,19.3,6.0,6.3,4.5
2023-09-08 16:50:00+00:00,19.3,6.0,6.25,4.3
2023-09-08 17:00:00+00:00,19.3,6.0,6.2,4.1
2023-09-08 17:10:00+00:00,19.3,6.0,6.1,4.1
2023-09-08 17:20:00+00:00,19.3,6.0,6.0,4.2
2023-09-08 17:30:00+00:00,19.3,6.0,5.9,4.0
2023-09-08 17:40:00+00:00,19.3,6.0,5.8,2.9
2023-09-08 17:50:00+00:00,19.3,6.0,5.7,1.4
2023-09-08 18:00:00+00:00,19.3,6.0,5.7,0.8
2023-09-08 18:10:00+00:00,19.276923076923076,6.0,5.7153846153846155,0.7692307692307693
2023-09-08 18:20:00+00:00,19.253846153846155,6.0,5.730769230769231,0.7384615384615385
2023-09-08 18:30:00+00:00,19.23076923076923,6.0,5.746153846153846,0.7076923076923077
2023-09-08 18:40:00+00:00,19.20769230769231,6.0,5.7615384615384615,0.676923076923077
2023-09-08 18:50:00+00:00,19.184615384615384,6.0,5.776923076923077,0.6461538461538462
2023-09-08 19:00:00+00:00,19.161538461538463,6.0,5.792307692307692,0.6153846153846154
2023-09-08 19:10:00+00:00,19.138461538461538,6.0,5.807692307692308,0.5846153846153846
2023-09-08 19:20:00+00:00,19.115384615384617,6.0,5.823076923076924,0.5538461538461539
2023-09-08 19:30:00+00:00,19.092307692307692,6.0,5.838461538461539,0.5230769230769231
2023-09-08 19:40:00+00:00,19.06923076923077,6.0,5.853846153846154,0.49230769230769234
2023-09-08 19:50:00+00:00,19.046153846153846,6.0,5.86923076923077,0.46153846153846156
2023-09-08 20:00:00+00:00,19.023076923076925,6.0,5.884615384615385,0.4307692307692308
2023-09-08 20:10:00+00:00,19.0,6.0,5.9,0.4
2023-09-08 20:20:00+00:00,18.98,6.1,5.91,0.42000000000000004
2023-09-08 20:30:00+00:00,18.96,6.2,5.92,0.44
2023-09-08 20:40:00+00:00,18.94,6.3,5.930000000000001,0.46
2023-09-08 20:50:00+00:00,18.92,6.4,5.94,0.48
2023-09-08 21:00:00+00:00,18.9,6.5,5.95,0.5
2023-09-08 21:10:00+00:00,18.88,6.6,5.96,0.52
2023-09-08 21:20:00+00:00,18.86,6.7,5.97,0.54
2023-09-08 21:30:00+00:00,18.84,6.8,5.98,0.56
2023-09-08 21:40:00+00:00,18.82,6.9,5.99,0.58
2023-09-08 21:50:00+00:00,18.8,7.0,6.0,0.6
2023-09-08 22:00:00+00:00,18.77,6.9,6.01,0.58
2023-09-08 22:10:00+00:00,18.740000000000002,6.8,6.02,0.5599999999999999
2023-09-08 22:20:00+00:00,18.71,6.7,6.03,0.54
2023-09-08 22:30:00+00:00,18.68,6.6,6.04,0.52
2023-09-08 22:40:00+00:00,18.65,6.5,6.05,0.5
2023-09-08 22:50:00+00:00,18.62,6.4,6.06,0.48
2023-09-08 23:00:00+00:00,18.59,6.3,6.069999999999999,0.45999999999999996
2023-09-08 23:10:00+00:00,18.56,6.2,6.08,0.44
2023-09-08 23:20:00+00:00,18.53,6.1,6.09,0.42000000000000004
2023-09-08 23:30:00+00:00,18.5,6.0,6.1,0.4
2023-09-08 23:40:00+00:00,18.465,6.0,6.1,0.41000000000000003
2023-09-08 23:50:00+00:00,18.43,6.0,6.1,0.42000000000000004
2023-09-09 00:00:00+00:00,18.395,6.0,6.1,0.43
2023-09-09 00:10:00+00:00,18.36,6.0,6.1,0.44
2023-09-09 00:20:00+00:00,18.325,6.0,6.1,0.45
2023-09-09 00:30:00+00:00,18.29,6.0,6.1,0.46
2023-09-09 00:40:00+00:00,18.255,6.0,6.1,0.47000000000000003
2023-09-09 00:50:00+00:00,18.22,6.0,6.1,0.48
2023-09-09 01:00:00+00:00,18.185,6.0,6.1,0.49
2023-09-09 01:10:00+00:00,18.15,6.0,6.1,0.5
2023-09-09 01:20:00+00:00,18.115000000000002,6.0,6.1,0.51
2023-09-09 01:30:00+00:00,18.080000000000002,6.0,6.1,0.52
2023-09-09 01:40:00+00:00,18.045,6.0,6.1,0.53
2023-09-09 01:50:00+00:00,18.01,6.0,6.1,0.54
2023-09-09 02:00:00+00:00,17.975,6.0,6.1,0.55
2023-09-09 02:10:00+00:00,17.94,6.0,6.1,0.56
2023-09-09 02:20:00+00:00,17.905,6.0,6.1,0.5700000000000001
2023-09-09 02:30:00+00:00,17.87,6.0,6.1,0.58
2023-09-09 02:40:00+00:00,17.835,6.0,6.1,0.59
2023-09-09 02:50:00+00:00,17.8,6.0,6.1,0.6
2023-09-09 03:00:00+00:00,17.772727272727273,6.0,6.1090909090909085,0.9181818181818181
2023-09-09 03:10:00+00:00,17.745454545454546,6.0,6.118181818181818,1.2363636363636363
2023-09-09 03:20:00+00:00,17.71818181818182,6.0,6.127272727272727,1.5545454545454542
2023-09-09 03:30:00+00:00,17.69090909090909,6.0,6.136363636363636,1.8727272727272726
2023-09-09 03:40:00+00:00,17.663636363636364,6.0,6.1454545454545455,2.1909090909090905
2023-09-09 03:50:00+00:00,17.636363636363637,6.0,6.154545454545454,2.509090909090909
2023-09-09 04:00:00+00:00,17.60909090909091,6.0,6.163636363636364,2.8272727272727267
2023-09-09 04:10:00+00:00,17.581818181818182,6.0,6.172727272727273,3.145454545454545
2023-09-09 04:20:00+00:00,17.554545454545455,6.0,6.181818181818182,3.4636363636363634
2023-09-09 04:30:00+00:00,17.527272727272727,6.0,6.190909090909091,3.7818181818181813
2023-09-09 04:40:00+00:00,17.5,6.0,6.2,4.1
2023-09-09 04:50:00+00:00,17.5,6.0,6.2,4.1
2023-09-09 05:00:00+00:00,17.5,6.0,6.2,4.1
2023-09-09 05:10:00+00:00,17.5,6.0,6.2,4.1
2023-09-09 05:20:00+00:00,17.5,6.0,6.2,4.1
2023-09-09 05:30:00+00:00,17.5,6.5,6.2,4.1
2023-09-09 05:40:00+00:00,17.5,7.0,6.2,4.1
2023-09-09 05:50:00+00:00,17.5,6.0,6.2,4.1
2023-09-09 06:00:00+00:00,17.5,6.0,6.2,4.1
2023-09-09 06:10:00+00:00,17.5,6.5,6.2,4.1
2023-09-09 06:20:00+00:00,17.5,7.0,6.2,4.1
2023-09-09 06:30:00+00:00,17.5,6.0,6.2,4.1
2023-09-09 06:40:00+00:00,17.5,6.0,6.2,4.1
2023-09-09 06:50:00+00:00,17.5,6.0,6.2,4.1
2023-09-09 07:00:00+00:00,17.5,7.0,6.2,4.1
2023-09-09 07:10:00+00:00,17.5,6.666666666666667,6.233333333333333,4.1
2023-09-09 07:20:00+00:00,17.5,6.333333333333333,6.266666666666667,4.1
2023-09-09 07:30:00+00:00,17.5,6.0,6.3,4.1
2023-09-09 07:40:00+00:00,17.5,6.0,6.25,4.1
2023-09-09 07:50:00+00:00,17.5,6.0,6.2,4.1
2023-09-09 08:00:00+00:00,17.5,6.0,6.2,4.1
2023-09-09 08:10:00+00:00,17.5,6.0,6.3,4.1
2023-09-09 08:20:00+00:00,17.5,7.0,6.3,4.1
2023-09-09 08:30:00+00:00,17.5,6.0,6.4,4.1
2023-09-09 08:40:00+00:00,17.5,7.0,6.4,4.2
2023-09-09 08:50:00+00:00,17.6,7.0,6.4,4.1
2023-09-09 09:00:00+00:00,17.6,6.0,6.4,5.8
2023-09-09 09:10:00+00:00,17.6,6.5,6.45,5.85
2023-09-09 09:20:00+00:00,17.6,7.0,6.5,5.9
2023-09-09 09:30:00+00:00,17.6,7.0,6.4,6.0
2023-09-09 09:40:00+00:00,17.65,6.5,6.4,6.0
2023-09-09 09:50:00+00:00,17.7,6.0,6.4,6.0
2023-09-09 10:00:00+00:00,17.8,6.0,6.4,6.1
2023-09-09 10:10:00+00:00,17.8,6.0,6.4,6.1
2023-09-09 10:20:00+00:00,17.8,6.0,6.3,6.1
2023-09-09 10:30:00+00:00,17.8,6.0,6.4,6.0
2023-09-09 10:40:00+00:00,17.8,6.0,6.3,6.1
2023-09-09 10:50:00+00:00,17.9,6.0,6.3,6.1
2023-09-09 11:00:00+00:00,17.9,6.0,6.3,6.05
2023-09-09 11:10:00+00:00,17.9,6.0,6.3,6.0
2023-09-09 11:20:00+00:00,17.95,6.0,6.3,6.0
2023-09-09 11:30:00+00:00,18.0,6.0,6.3,6.0
2023-09-09 11:40:00+00:00,18.1,6.0,6.3,6.0
2023-09-09 11:50:00+00:00,18.1,6.0,6.3,6.0
2023-09-09 12:00:00+00:00,18.1,7.0,6.3,6.0
2023-09-09 12:10:00+00:00,18.2,7.0,6.3,6.0
2023-09-09 12:20:00+00:00,18.2,6.0,6.2,6.1
2023-09-09 12:30:00+00:00,18.3,6.0,6.2,6.1
2023-09-09 12:40:00+00:00,18.3,6.0,6.2,6.1
2023-09-09 12:50:00+00:00,18.3,6.0,6.2,6.1
2023-09-09 13:00:00+00:00,18.4,6.0,6.2,6.0
2023-09-09 13:10:00+00:00,18.5,6.0,6.2,6.2
2023-09-09 13:20:00+00:00,18.5,6.0,6.2,6.1
2023-09-09 13:30:00+00:00,18.6,6.0,6.2,6.1
2023-09-09 13:40:00+00:00,18.6,6.0,6.1,6.0
2023-09-09 13:50:00+00:00,18.6,6.0,6.1,6.0
2023-09-09 14:00:00+00:00,18.7,6.0,6.1,6.1
2023-09-09 14:10:00+00:00,18.7,6.0,6.1,6.0
2023-09-09 14:20:00+00:00,18.8,6.0,6.1,6.0
2023-09-09 14:30:00+00:00,18.8,6.0,6.1,5.95
2023-09-09 14:40:00+00:00,18.8,6.0,6.1,5.9
2023-09-09 14:50:00+00:00,18.8,6.0,6.1,5.8
2023-09-09 15:00:00+00:00,18.8,6.0,6.0,5.9
2023-09-09 15:10:00+00:00,18.9,7.0,6.1,5.7
2023-09-09 15:20:00+00:00,19.0,6.0,6.1,5.1
2023-09-09 15:30:00+00:00,19.0,7.0,6.0,4.7
2023-09-09 15:40:00+00:00,19.0,6.5,6.0,4.4
2023-09-09 15:50:00+00:00,19.0,6.0,6.0,4.1
2023-09-09 16:00:00+00:00,19.0,6.0,6.0,4.1
2023-09-09 16:10:00+00:00,19.1,5.0,6.0,4.1
2023-09-09 16:20:00+00:00,19.1,5.0,6.0,4.1
2023-09-09 16:30:00+00:00,19.1,5.0,6.0,4.1
2023-09-09 16:40:00+00:00,19.1,6.0,6.0,4.1
2023-09-09 16:50:00+00:00,19.1,6.0,6.0,4.1
2023-09-09 17:00:00+00:00,19.1,6.0,6.0,4.1
2023-09-09 17:10:00+00:00,19.1,7.0,5.9,4.1
2023-09-09 17:20:00+00:00,19.2,6.0,5.9,4.1
2023-09-09 17:30:00+00:00,19.2,6.0,5.9,3.25
2023-09-09 17:40:00+00:00,19.2,6.0,5.9,2.4
2023-09-09 17:50:00+00:00,19.2,6.0,5.9,1.1
2023-09-09 18:00:00+00:00,19.2,6.0,5.9,0.8
2023-09-09 18:10:00+00:00,19.192857142857143,6.0,5.892857142857143,0.7857142857142858
2023-09-09 18:20:00+00:00,19.185714285714287,6.0,5.885714285714286,0.7714285714285715
2023-09-09 18:30:00+00:00,19.178571428571427,6.0,5.878571428571429,0.7571428571428571
2023-09-09 18:40:00+00:00,19.17142857142857,6.0,5.871428571428572,0.7428571428571429
2023-09-09 18:50:00+00:00,19.164285714285715,6.0,5.864285714285715,0.7285714285714286
2023-09-09 19:00:00+00:00,19.15714285714286,6.0,5.857142857142858,0.7142857142857143
2023-09-09 19:10:00+00:00,19.15,6.0,5.85,0.7
2023-09-09 19:20:00+00:00,19.142857142857142,6.0,5.8428571428571425,0.6857142857142857
2023-09-09 19:30:00+00:00,19.135714285714286,6.0,5.835714285714285,0.6714285714285715
2023-09-09 19:40:00+00:00,19.12857142857143,6.0,5.828571428571428,0.6571428571428571
2023-09-09 19:50:00+00:00,19.121428571428574,6.0,5.821428571428571,0.6428571428571428
2023-09-09 20:00:00+00:00,19.114285714285714,6.0,5.814285714285714,0.6285714285714286
2023-09-09 20:10:00+00:00,19.107142857142858,6.0,5.807142857142857,0.6142857142857143
2023-09-09 20:20:00+00:00,19.1,6.0,5.8,0.6
2023-09-09 20:30:00+00:00,19.060000000000002,6.0,5.82,0.6
2023-09-09 20:40:00+00:00,19.02,6.0,5.84,0.6
2023-09-09 20:50:00+00:00,18.98,6.0,5.859999999999999,0.6
2023-09-09 21:00:00+00:00,18.94,6.0,5.88,0.6
2023-09-09 21:10:00+00:00,18.9,6.0,5.9,0.6
2023-09-09 21:20:00+00:00,18.86,6.0,5.92,0.6
2023-09-09 21:30:00+00:00,18.82,6.0,5.9399999999999995,0.6
2023-09-09 21:40:00+00:00,18.78,6.0,5.96,0.6
2023-09-09 21:50:00+00:00,18.74,6.0,5.98,0.6
2023-09-09 22:00:00+00:00,18.7,6.0,6.0,0.6
2023-09-09 22:10:00+00:00,18.66,6.0,6.0,0.6
2023-09-09 22:20:00+00:00,18.62,6.0,6.0,0.6
2023-09-09 22:30:00+00:00,18.58,6.0,6.0,0.6
2023-09-09 22:40:00+00:00,18.54,6.0,6.0,0.6
2023-09-09 22:50:00+00:00,18.5,6.0,6.0,0.6
2023-09-09 23:00:00+00:00,18.46,6.0,6.0,0.6
2023-09-09 23:10:00+00:00,18.42,6.0,6.0,0.6
2023-09-09 23:20:00+00:00,18.38,6.0,6.0,0.6
2023-09-09 23:30:00+00:00,18.34,6.0,6.0,0.6
2023-09-09 23:40:00+00:00,18.3,6.0,6.0,0.6
2023-09-09 23:50:00+00:00,18.27,6.0,6.01,0.6
2023-09-10 00:00:00+00:00,18.240000000000002,6.0,6.02,0.6
2023-09-10 00:10:00+00:00,18.21,6.0,6.03,0.6
2023-09-10 00:20:00+00:00,18.18,6.0,6.04,0.6
2023-09-10 00:30:00+00:00,18.15,6.0,6.05,0.6
2023-09-10 00:40:00+00:00,18.12,6.0,6.06,0.6
2023-09-10 00:50:00+00:00,18.09,6.0,6.069999999999999,0.6
2023-09-10 01:00:00+00:00,18.06,6.0,6.08,0.6
2023-09-10 01:10:00+00:00,18.03,6.0,6.09,0.6
2023-09-10 01:20:00+00:00,18.0,6.0,6.1,0.6
2023-09-10 01:30:00+00:00,17.96,6.0,6.09,0.6
2023-09-10 01:40:00+00:00,17.92,6.0,6.08,0.6
2023-09-10 01:50:00+00:00,17.88,6.0,6.069999999999999,0.6
2023-09-10 02:00:00+00:00,17.84,6.0,6.06,0.6
2023-09-10 02:10:00+00:00,17.8,6.0,6.05,0.6
2023-09-10 02:20:00+00:00,17.76,6.0,6.04,0.6
2023-09-10 02:30:00+00:00,17.720000000000002,6.0,6.03,0.6
2023-09-10 02:40:00+00:00,17.68,6.0,6.02,0.6
2023-09-10 02:50:00+00:00,17.64,6.0,6.01,0.6
2023-09-10 03:00:00+00:00,17.6,6.0,6.0,0.6
2023-09-10 03:10:00+00:00,17.560000000000002,6.0,6.01,0.95
2023-09-10 03:20:00+00:00,17.52,6.0,6.02,1.2999999999999998
2023-09-10 03:30:00+00:00,17.48,6.0,6.03,1.65
2023-09-10 03:40:00+00:00,17.44,6.0,6.04,2.0
2023-09-10 03:50:00+00:00,17.4,6.0,6.05,2.35
2023-09-10 04:00:00+00:00,17.36,6.0,6.06,2.6999999999999997
2023-09-10 04:10:00+00:00,17.32,6.0,6.069999999999999,3.05
2023-09-10 04:20:00+00:00,17.28,6.0,6.08,3.4
2023-09-10 04:30:00+00:00,17.24,6.0,6.09,3.75
2023-09-10 04:40:00+00:00,17.2,6.0,6.1,4.1
2023-09-10 04:50:00+00:00,17.2,7.0,6.2,4.1
2023-09-10 05:00:00+00:00,17.15,6.5,6.25,4.1
2023-09-10 05:10:00+00:00,17.1,6.0,6.3,4.1
2023-09-10 05:20:00+00:00,17.15,6.5,6.35,4.1
2023-09-10 05:30:00+00:00,17.2,7.0,6.4,4.1
2023-09-10 05:40:00+00:00,17.2,6.5,6.45,4.1
2023-09-10 05:50:00+00:00,17.2,6.0,6.5,4.1
2023-09-10 06:00:00+00:00,17.2,6.0,6.5,4.1
2023-09-10 06:10:00+00:00,17.3,6.0,6.5,4.1
2023-09-10 06:20:00+00:00,17.3,6.0,6.6,4.1
2023-09-10 06:30:00+00:00,17.3,7.0,6.5,4.1
2023-09-10 06:40:00+00:00,17.3,6.0,6.6,4.1
2023-09-10 06:50:00+00:00,17.3,6.5,6.6,4.15
2023-09-10 07:00:00+00:00,17.3,7.0,6.6,4.2
2023-09-10 07:10:00+00:00,17.3,6.0,6.6,4.1
2023-09-10 07:20:00+00:00,17.3,7.0,6.6,4.1
2023-09-10 07:30:00+00:00,17.3,6.0,6.7,3.9
2023-09-10 07:40:00+00:00,17.3,6.0,6.7,4.1
2023-09-10 07:50:00+00:00,17.3,6.0,6.7,4.1
2023-09-10 08:00:00+00:00,17.4,6.0,6.7,4.1
2023-09-10 08:10:00+00:00,17.4,7.0,6.6,4.1
2023-09-10 08:20:00+00:00,17.4,6.0,6.7,4.1
2023-09-10 08:30:00+00:00,17.5,6.0,6.7,4.2
2023-09-10 08:40:00+00:00,17.5,6.0,6.7,4.15
2023-09-10 08:50:00+00:00,17.5,6.0,6.7,4.1
2023-09-10 09:00:00+00:00,17.5,6.0,6.7,4.1
2023-09-10 09:10:00+00:00,17.5,6.0,6.7,5.4
2023-09-10 09:20:00+00:00,17.55,6.5,6.7,5.7
2023-09-10 09:30:00+00:00,17.6,7.0,6.7,6.0
2023-09-10 09:40:00+00:00,17.6,6.0,6.7,6.1
2023-09-10 09:50:00+00:00,17.6,7.0,6.6,6.1
2023-09-10 10:00:00+00:00,17.6,6.0,6.6,6.1
2023-09-10 10:10:00+00:00,17.7,6.0,6.6,6.1
2023-09-10 10:20:00+00:00,17.7,6.0,6.6,6.1
2023-09-10 10:30:00+00:00,17.75,6.0,6.6,6.1
2023-09-10 10:40:00+00:00,17.8,6.0,6.6,6.1
2023-09-10 10:50:00+00:00,17.85,6.0,6.6,6.1
2023-09-10 11:00:00+00:00,17.9,6.0,6.6,6.1
2023-09-10 11:10:00+00:00,18.0,7.0,6.6,6.2
2023-09-10 11:20:00+00:00,18.1,6.0,6.6,6.2
2023-09-10 11:30:00+00:00,18.1,6.0,6.5,6.1
2023-09-10 11:40:00+00:00,18.2,6.0,6.5,6.1
2023-09-10 11:50:00+00:00,18.3,6.0,6.5,6.1
2023-09-10 12:00:00+00:00,18.3,6.0,6.45,6.1
2023-09-10 12:10:00+00:00,18.3,6.0,6.4,6.1
2023-09-10 12:20:00+00:00,18.35,6.5,6.4,6.1
2023-09-10 12:30:00+00:00,18.4,7.0,6.4,6.1
2023-09-10 12:40:00+00:00,18.5,6.0,6.4,6.2
2023-09-10 12:50:00+00:00,18.5,6.0,6.3,6.0
2023-09-10 13:00:00+00:00,18.6,6.0,6.3,6.2
2023-09-10 13:10:00+00:00,18.6,6.0,6.3,6.0
2023-09-10 13:20:00+00:00,18.6,6.0,6.2,6.1
2023-09-10 13:30:00+00:00,18.7,7.0,6.2,6.1
2023-09-10 13:40:00+00:00,18.8,6.0,6.2,6.1
2023-09-10 13:50:00+00:00,18.8,6.0,6.2,6.0
2023-09-10 14:00:00+00:00,18.8,6.0,6.15,6.0
2023-09-10 14:10:00+00:00,18.8,6.0,6.1,6.0
2023-09-10 14:20:00+00:00,18.9,6.0,6.1,6.1
2023-09-10 14:30:00+00:00,19.0,6.0,6.1,6.1
2023-09-10 14:40:00+00:00,19.0,6.0,6.1,6.0
2023-09-10 14:50:00+00:00,19.0,6.0,6.1,6.1
2023-09-10 15:00:00+00:00,19.05,6.0,6.1,6.1
2023-09-10 15:10:00+00:00,19.1,6.0,6.1,6.1
2023-09-10 15:20:00+00:00,19.1,6.0,6.1,6.0
2023-09-10 15:30:00+00:00,19.1,6.0,6.1,6.0
2023-09-10 15:40:00+00:00,19.2,6.0,6.1,6.0
2023-09-10 15:50:00+00:00,19.233333333333334,6.0,6.066666666666666,5.966666666666667
2023-09-10 16:00:00+00:00,19.266666666666666,6.0,6.033333333333333,5.933333333333334
2023-09-10 16:10:00+00:00,19.3,6.0,6.0,5.9
2023-09-10 16:20:00+00:00,19.3,6.0,6.0,5.8
2023-09-10 16:30:00+00:00,19.3,7.0,6.0,5.5
2023-09-10 16:40:00+00:00,19.3,6.0,5.9,3.9
2023-09-10 16:50:00+00:00,19.3,6.0,5.9,5.6
2023-09-10 17:00:00+00:00,19.4,6.0,5.9,4.5
2023-09-10 17:10:00+00:00,19.4,7.0,5.9,4.3
2023-09-10 17:20:00+00:00,19.4,6.0,5.8,4.0
2023-09-10 17:30:00+00:00,19.5,7.0,5.8,2.5
2023-09-10 17:40:00+00:00,19.5,6.0,5.8,1.8
2023-09-10 17:50:00+00:00,19.5,5.0,5.8,1.1
2023-09-10 18:00:00+00:00,19.5,6.0,5.8,0.8
2023-09-10 18:10:00+00:00,19.48,6.0,5.79,0.78
2023-09-10 18:20:00+00:00,19.46,6.0,5.78,0.76
2023-09-10 18:30:00+00:00,19.44,6.0,5.77,0.74
2023-09-10 18:40:00+00:00,19.42,6.0,5.76,0.72
2023-09-10 18:50:00+00:00,19.4,6.0,5.75,0.7
2023-09-10 19:00:00+00:00,19.38,6.0,5.74,0.6799999999999999
2023-09-10 19:10:00+00:00,19.36,6.0,5.73,0.66
2023-09-10 19:20:00+00:00,19.34,6.0,5.72,0.64
2023-09-10 19:30:00+00:00,19.32,6.0,5.71,0.62
2023-09-10 19:40:00+00:00,19.3,6.0,5.7,0.6
2023-09-10 19:50:00+00:00,19.276923076923076,6.076923076923077,5.707692307692308,0.6
2023-09-10 20:00:00+00:00,19.253846153846155,6.153846153846154,5.7153846153846155,0.6
2023-09-10 20:10:00+00:00,19.23076923076923,6.230769230769231,5.723076923076923,0.6
2023-09-10 20:20:00+00:00,19.20769230769231,6.3076923076923075,5.730769230769231,0.6
2023-09-10 20:30:00+00:00,19.184615384615384,6.384615384615385,5.7384615384615385,0.6
2023-09-10 20:40:00+00:00,19.161538461538463,6.461538461538462,5.746153846153846,0.6
2023-09-10 20:50:00+00:00,19.138461538461538,6.538461538461538,5.753846153846154,0.6
2023-09-10 21:00:00+00:00,19.115384615384617,6.615384615384615,5.7615384615384615,0.6
2023-09-10 21:10:00+00:00,19.092307692307692,6.6923076923076925,5.769230769230769,0.6
2023-09-10 21:20:00+00:00,19.06923076923077,6.769230769230769,5.776923076923077,0.6
2023-09-10 21:30:00+00:00,19.046153846153846,6.846153846153847,5.7846153846153845,0.6
2023-09-10 21:40:00+00:00,19.023076923076925,6.923076923076923,5.792307692307692,0.6
2023-09-10 21:50:00+00:00,19.0,7.0,5.8,0.6
2023-09-10 22:00:00+00:00,18.965,7.0,5.805,0.6
2023-09-10 22:10:00+00:00,18.93,7.0,5.81,0.6
2023-09-10 22:20:00+00:00,18.895,7.0,5.8149999999999995,0.6
2023-09-10 22:30:00+00:00,18.86,7.0,5.82,0.6
2023-09-10 22:40:00+00:00,18.825,7.0,5.825,0.6
2023-09-10 22:50:00+00:00,18.79,7.0,5.83,0.6
2023-09-10 23:00:00+00:00,18.755,7.0,5.835,0.6
2023-09-10 23:10:00+00:00,18.72,7.0,5.84,0.6
2023-09-10 23:20:00+00:00,18.685,7.0,5.845,0.6
2023-09-10 23:30:00+00:00,18.65,7.0,5.85,0.6
2023-09-10 23:40:00+00:00,18.615000000000002,7.0,5.855,0.6
2023-09-10 23:50:00+00:00,18.580000000000002,7.0,5.86,0.6
2023-09-11 00:00:00+00:00,18.545,7.0,5.865,0.6
2023-09-11 00:10:00+00:00,18.51,7.0,5.87,0.6
2023-09-11 00:20:00+00:00,18.475,7.0,5.875,0.6
2023-09-11 00:30:00+00:00,18.44,7.0,5.88,0.6
2023-09-11 00:40:00+00:00,18.405,7.0,5.885000000000001,0.6
2023-09-11 00:50:00+00:00,18.37,7.0,5.890000000000001,0.6
2023-09-11 01:00:00+00:00,18.335,7.0,5.8950000000000005,0.6
2023-09-11 01:10:00+00:00,18.3,7.0,5.9,0.6
2023-09-11 01:20:00+00:00,18.261904761904763,7.0,5.890476190476191,0.7666666666666666
2023-09-11 01:30:00+00:00,18.223809523809525,7.0,5.880952380952381,0.9333333333333333
2023-09-11 01:40:00+00:00,18.185714285714287,7.0,5.871428571428572,1.1
2023-09-11 01:50:00+00:00,18.14761904761905,7.0,5.861904761904762,1.2666666666666666
2023-09-11 02:00:00+00:00,18.10952380952381,7.0,5.852380952380953,1.4333333333333331
2023-09-11 02:10:00+00:00,18.071428571428573,7.0,5.842857142857143,1.6
2023-09-11 02:20:00+00:00,18.033333333333335,7.0,5.833333333333334,1.7666666666666666
2023-09-11 02:30:00+00:00,17.995238095238097,7.0,5.823809523809524,1.9333333333333331
2023-09-11 02:40:00+00:00,17.95714285714286,7.0,5.814285714285715,2.1
2023-09-11 02:50:00+00:00,17.91904761904762,7.0,5.8047619047619055,2.2666666666666666
2023-09-11 03:00:00+00:00,17.88095238095238,7.0,5.795238095238095,2.433333333333333
2023-09-11 03:10:00+00:00,17.84285714285714,7.0,5.785714285714286,2.6
2023-09-11 03:20:00+00:00,17.804761904761904,7.0,5.776190476190476,2.7666666666666666
2023-09-11 03:30:00+00:00,17.766666666666666,7.0,5.766666666666667,2.933333333333333
2023-09-11 03:40:00+00:00,17.728571428571428,7.0,5.757142857142857,3.1
2023-09-11 03:50:00+00:00,17.69047619047619,7.0,5.747619047619048,3.2666666666666666
2023-09-11 04:00:00+00:00,17.652380952380952,7.0,5.738095238095238,3.433333333333333
2023-09-11 04:10:00+00:00,17.614285714285714,7.0,5.728571428571429,3.6
2023-09-11 04:20:00+00:00,17.576190476190476,7.0,5.719047619047619,3.7666666666666666
2023-09-11 04:30:00+00:00,17.538095238095238,7.0,5.70952380952381,3.933333333333333
2023-09-11 04:40:00+00:00,17.5,7.0,5.7,4.1
2023-09-11 04:50:00+00:00,17.5,6.0,5.7,4.1
2023-09-11 05:00:00+00:00,17.5,7.0,5.9,4.1
2023-09-11 05:10:00+00:00,17.5,7.0,6.0,4.1
2023-09-11 05:20:00+00:00,17.5,6.0,6.2,4.1
2023-09-11 05:30:00+00:00,17.5,6.0,6.3,4.1
2023-09-11 05:40:00+00:00,17.5,6.0,6.3,4.1
2023-09-11 05:50:00+00:00,17.5,6.0,6.3,4.1
2023-09-11 06:00:00+00:00,17.5,7.0,6.4,4.1
2023-09-11 06:10:00+00:00,17.5,7.0,6.4,4.1
2023-09-11 06:20:00+00:00,17.5,6.5,6.4,4.1
2023-09-11 06:30:00+00:00,17.5,6.0,6.4,4.1
2023-09-11 06:40:00+00:00,17.6,6.0,6.4,4.1
2023-09-11 06:50:00+00:00,17.6,7.0,6.4,4.1
2023-09-11 07:00:00+00:00,17.6,6.0,6.4,4.1
2023-09-11 07:10:00+00:00,17.6,6.0,6.4,4.1
2023-09-11 07:20:00+00:00,17.6,6.0,6.4,4.1
2023-09-11 07:30:00+00:00,17.6,6.0,6.5,4.1
2023-09-11 07:40:00+00:00,17.6,6.0,6.4,4.1
2023-09-11 07:50:00+00:00,17.6,7.0,6.4,4.1
2023-09-11 08:00:00+00:00,17.6,6.0,6.4,4.2
2023-09-11 08:10:00+00:00,17.6,7.0,6.4,4.1
2023-09-11 08:20:00+00:00,17.6,6.0,6.4,4.1
2023-09-11 08:30:00+00:00,17.7,6.0,6.4,4.1
2023-09-11 08:40:00+00:00,17.7,6.5,6.4,4.15
2023-09-11 08:50:00+00:00,17.7,7.0,6.4,4.2
2023-09-11 09:00:00+00:00,17.7,6.0,6.4,4.1
2023-09-11 09:10:00+00:00,17.8,6.0,6.4,4.9
2023-09-11 09:20:00+00:00,17.8,6.0,6.4,5.7
2023-09-11 09:30:00+00:00,17.8,6.0,6.4,5.8
2023-09-11 09:40:00+00:00,17.8,6.0,6.4,5.9
2023-09-11 09:50:00+00:00,17.9,6.0,6.3,6.0
2023-09-11 10:00:00+00:00,17.9,6.0,6.3,5.9
2023-09-11 10:10:00+00:00,18.0,6.0,6.3,5.9
2023-09-11 10:20:00+00:00,18.0,6.0,6.2,5.9
2023-09-11 10:30:00+00:00,18.0,6.5,6.2,5.95
2023-09-11 10:40:00+00:00,18.0,7.0,6.2,6.0
2023-09-11 10:50:00+00:00,18.1,6.0,6.2,6.0
2023-09-11 11:00:00+00:00,18.1,7.0,6.1,5.9
2023-09-11 11:10:00+00:00,18.1,6.0,6.2,5.9
2023-09-11 11:20:00+00:00,18.2,6.0,6.1,5.8
2023-09-11 11:30:00+00:00,18.2,7.0,6.0,5.9
2023-09-11 11:40:00+00:00,18.3,6.0,6.0,5.9
2023-09-11 11:50:00+00:00,18.3,6.0,6.0,5.9
2023-09-11 12:00:00+00:00,18.4,6.0,6.0,5.9
2023-09-11 12:10:00+00:00,18.4,6.0,5.9,5.9
2023-09-11 12:20:00+00:00,18.45,6.0,5.9,5.9
2023-09-11 12:30:00+00:00,18.5,6.0,5.9,5.9
2023-09-11 12:40:00+00:00,18.5,6.0,5.8,5.9
2023-09-11 12:50:00+00:00,18.5,6.0,5.8,5.9
2023-09-11 13:00:00+00:00,18.6,6.0,5.7,5.9
2023-09-11 13:10:00+00:00,18.6,6.0,5.8,5.9
2023-09-11 13:20:00+00:00,18.6,6.0,5.7,5.9
2023-09-11 13:30:00+00:00,18.7,6.0,5.6,5.9
2023-09-11 13:40:00+00:00,18.7,6.0,5.6,6.0
2023-09-11 13:50:00+00:00,18.8,6.0,5.6,6.0
2023-09-11 14:00:00+00:00,18.8,6.0,5.5,6.1
2023-09-11 14:10:00+00:00,18.8,6.0,5.5,6.1
2023-09-11 14:20:00+00:00,18.8,6.0,5.5,6.1
2023-09-11 14:30:00+00:00,18.8,7.0,5.5,6.1
2023-09-11 14:40:00+00:00,18.9,6.0,5.5,6.1
2023-09-11 14:50:00+00:00,18.9,6.0,5.4,6.1
2023-09-11 15:00:00+00:00,18.9,7.0,5.4,6.1
2023-09-11 15:10:00+00:00,18.9,7.0,5.4,6.0
2023-09-11 15:20:00+00:00,19.0,6.0,5.3,5.7
2023-09-11 15:30:00+00:00,19.0,7.0,5.3,5.6
2023-09-11 15:40:00+00:00,19.0,6.0,5.2,5.7
2023-09-11 15:50:00+00:00,19.0,6.0,5.2,6.0
2023-09-11 16:00:00+00:00,19.05,6.0,5.2,5.7
2023-09-11 16:10:00+00:00,19.1,6.0,5.2,5.4
2023-09-11 16:20:00+00:00,19.1,6.0,5.2,4.1
2023-09-11 16:30:00+00:00,19.1,6.0,5.2,4.1
2023-09-11 16:40:00+00:00,19.1,6.0,5.1,4.1
2023-09-11 16:50:00+00:00,19.15,6.0,5.0,4.1
2023-09-11 17:00:00+00:00,19.2,6.0,4.9,4.1
2023-09-11 17:10:00+00:00,19.3,6.0,4.8,4.1
2023-09-11 17:20:00+00:00,19.3,6.0,4.65,2.9499999999999997
2023-09-11 17:30:00+00:00,19.3,6.0,4.5,1.8
2023-09-11 17:40:00+00:00,19.3,6.0,4.3,0.7
2023-09-11 17:50:00+00:00,19.27857142857143,6.071428571428571,4.3,0.6928571428571428
2023-09-11 18:00:00+00:00,19.257142857142856,6.142857142857143,4.3,0.6857142857142857
2023-09-11 18:10:00+00:00,19.235714285714288,6.214285714285714,4.3,0.6785714285714285
2023-09-11 18:20:00+00:00,19.214285714285715,6.285714285714286,4.3,0.6714285714285714
2023-09-11 18:30:00+00:00,19.192857142857143,6.357142857142857,4.3,0.6642857142857143
2023-09-11 18:40:00+00:00,19.17142857142857,6.428571428571429,4.3,0.6571428571428571
2023-09-11 18:50:00+00:00,19.15,6.5,4.3,0.6499999999999999
2023-09-11 19:00:00+00:00,19.12857142857143,6.571428571428571,4.3,0.6428571428571428
2023-09-11 19:10:00+00:00,19.107142857142858,6.642857142857142,4.3,0.6357142857142857
2023-09-11 19:20:00+00:00,19.085714285714285,6.714285714285714,4.3,0.6285714285714286
2023-09-11 19:30:00+00:00,19.064285714285713,6.785714285714286,4.3,0.6214285714285714
2023-09-11 19:40:00+00:00,19.042857142857144,6.857142857142857,4.3,0.6142857142857143
2023-09-11 19:50:00+00:00,19.021428571428572,6.928571428571429,4.3,0.6071428571428571
2023-09-11 20:00:00+00:00,19.0,7.0,4.3,0.6
2023-09-11 20:10:00+00:00,18.98,6.9,4.35,0.6
2023-09-11 20:20:00+00:00,18.96,6.8,4.3999999999999995,0.6
2023-09-11 20:30:00+00:00,18.94,6.7,4.45,0.6
2023-09-11 20:40:00+00:00,18.92,6.6,4.5,0.6
2023-09-11 20:50:00+00:00,18.9,6.5,4.55,0.6
2023-09-11 21:00:00+00:00,18.88,6.4,4.6,0.6
2023-09-11 21:10:00+00:00,18.86,6.3,4.6499999999999995,0.6
2023-09-11 21:20:00+00:00,18.84,6.2,4.7,0.6
2023-09-11 21:30:00+00:00,18.82,6.1,4.75,0.6
2023-09-11 21:40:00+00:00,18.8,6.0,4.8,0.6
2023-09-11 21:50:00+00:00,18.77,6.1,4.85,0.6
2023-09-11 22:00:00+00:00,18.740000000000002,6.2,4.8999999999999995,0.6
2023-09-11 22:10:00+00:00,18.71,6.3,4.95,0.6
2023-09-11 22:20:00+00:00,18.68,6.4,5.0,0.6
2023-09-11 22:30:00+00:00,18.65,6.5,5.05,0.6
2023-09-11 22:40:00+00:00,18.62,6.6,5.1,0.6
2023-09-11 22:50:00+00:00,18.59,6.7,5.1499999999999995,0.6
2023-09-11 23:00:00+00:00,18.56,6.8,5.2,0.6
2023-09-11 23:10:00+00:00,18.53,6.9,5.25,0.6
2023-09-11 23:20:00+00:00,18.5,7.0,5.3,0.6
2023-09-11 23:30:00+00:00,18.47,7.0,5.31,0.6
2023-09-11 23:40:00+00:00,18.44,7.0,5.32,0.6
2023-09-11 23:50:00+00:00,18.41,7.0,5.33,0.6
2023-09-12 00:00:00+00:00,18.38,7.0,5.34,0.6
2023-09-12 00:10:00+00:00,18.35,7.0,5.35,0.6
2023-09-12 00:20:00+00:00,18.32,7.0,5.36,0.6
2023-09-12 00:30:00+00:00,18.29,7.0,5.37,0.6
2023-09-12 00:40:00+00:00,18.259999999999998,7.0,5.38,0.6
2023-09-12 00:50:00+00:00,18.23,7.0,5.390000000000001,0.6
2023-09-12 01:00:00+00:00,18.2,7.0,5.4,0.6
2023-09-12 01:10:00+00:00,18.169999999999998,7.0,5.4,0.6
2023-09-12 01:20:00+00:00,18.14,7.0,5.4,0.6
2023-09-12 01:30:00+00:00,18.11,7.0,5.4,0.6
2023-09-12 01:40:00+00:00,18.08,7.0,5.4,0.6
2023-09-12 01:50:00+00:00,18.049999999999997,7.0,5.4,0.6
2023-09-12 02:00:00+00:00,18.02,7.0,5.4,0.6
2023-09-12 02:10:00+00:00,17.99,7.0,5.4,0.6
2023-09-12 02:20:00+00:00,17.959999999999997,7.0,5.4,0.6
2023-09-12 02:30:00+00:00,17.93,7.0,5.4,0.6
2023-09-12 02:40:00+00:00,17.9,7.0,5.4,0.6
2023-09-12 02:50:00+00:00,17.865,6.95,5.390000000000001,0.9099999999999999
2023-09-12 03:00:00+00:00,17.83,6.9,5.38,1.2199999999999998
2023-09-12 03:10:00+00:00,17.794999999999998,6.85,5.37,1.5299999999999998
2023-09-12 03:20:00+00:00,17.759999999999998,6.8,5.36,1.8399999999999999
2023-09-12 03:30:00+00:00,17.725,6.75,5.35,2.15
2023-09-12 03:40:00+00:00,17.69,6.7,5.34,2.4599999999999995
2023-09-12 03:50:00+00:00,17.655,6.65,5.33,2.7699999999999996
2023-09-12 04:00:00+00:00,17.62,6.6,5.32,3.0799999999999996
2023-09-12 04:10:00+00:00,17.585,6.55,5.31,3.3899999999999997
2023-09-12 04:20:00+00:00,17.55,6.5,5.3,3.6999999999999997
2023-09-12 04:30:00+00:00,17.525,6.25,5.3,3.8999999999999995
2023-09-12 04:40:00+00:00,17.5,6.0,5.3,4.1
2023-09-12 04:50:00+00:00,17.5,7.0,5.2,4.1
2023-09-12 05:00:00+00:00,17.5,6.0,5.5,4.1
2023-09-12 05:10:00+00:00,17.5,7.0,5.6,4.1
2023-09-12 05:20:00+00:00,17.5,7.0,5.8,4.1
2023-09-12 05:30:00+00:00,17.5,6.0,6.0,4.1
2023-09-12 05:40:00+00:00,17.5,6.0,6.15,4.1
2023-09-12 05:50:00+00:00,17.5,6.0,6.3,4.1
2023-09-12 06:00:00+00:00,17.5,7.0,6.4,4.1
2023-09-12 06:10:00+00:00,17.6,6.0,6.5,4.1
2023-09-12 06:20:00+00:00,17.6,6.0,6.566666666666666,4.1
2023-09-12 06:30:00+00:00,17.6,6.0,6.633333333333334,4.1
2023-09-12 06:40:00+00:00,17.6,6.0,6.7,4.1
2023-09-12 06:50:00+00:00,17.6,6.0,6.8,4.1
2023-09-12 07:00:00+00:00,17.6,7.0,6.8,4.1
2023-09-12 07:10:00+00:00,17.6,6.5,6.85,4.1
2023-09-12 07:20:00+00:00,17.6,6.0,6.9,4.1
2023-09-12 07:30:00+00:00,17.6,6.0,7.0,4.1
2023-09-12 07:40:00+00:00,17.6,6.0,7.1,4.1
2023-09-12 07:50:00+00:00,17.6,7.0,7.1,4.1
2023-09-12 08:00:00+00:00,17.6,6.0,7.1,4.1
2023-09-12 08:10:00+00:00,17.65,6.0,7.15,4.1
2023-09-12 08:20:00+00:00,17.7,6.0,7.2,4.1
2023-09-12 08:30:00+00:00,17.7,7.0,7.2,4.1
2023-09-12 08:40:00+00:00,17.7,6.0,7.0,4.1
2023-09-12 08:50:00+00:00,17.8,6.0,6.8,4.1
2023-09-12 09:00:00+00:00,17.8,6.0,6.6,4.2
2023-09-12 09:10:00+00:00,17.9,6.0,6.5,5.4
2023-09-12 09:20:00+00:00,17.9,6.0,6.4,5.9
2023-09-12 09:30:00+00:00,18.0,6.0,6.3,6.0
2023-09-12 09:40:00+00:00,18.0,6.0,6.2,6.1
2023-09-12 09:50:00+00:00,18.1,6.0,6.2,6.1
2023-09-12 10:00:00+00:00,18.1,6.0,6.15,6.1
2023-09-12 10:10:00+00:00,18.1,6.0,6.1,6.1
2023-09-12 10:20:00+00:00,18.1,6.0,6.1,6.0
2023-09-12 10:30:00+00:00,18.2,6.0,6.0,6.0
2023-09-12 10:40:00+00:00,18.3,5.0,6.0,6.1
2023-09-12 10:50:00+00:00,18.3,6.0,5.9,6.1
2023-09-12 11:00:00+00:00,18.3,6.0,5.9,6.1
2023-09-12 11:10:00+00:00,18.4,6.0,5.9,6.0
2023-09-12 11:20:00+00:00,18.5,6.0,5.8,6.0
2023-09-12 11:30:00+00:00,18.5,6.0,5.8,6.1
2023-09-12 11:40:00+00:00,18.5,7.0,5.8,6.0
2023-09-12 11:50:00+00:00,18.55,6.5,5.75,6.05
2023-09-12 12:00:00+00:00,18.6,6.0,5.7,6.1
2023-09-12 12:10:00+00:00,18.7,6.0,5.7,6.1
2023-09-12 12:20:00+00:00,18.8,6.0,5.7,6.2
2023-09-12 12:30:00+00:00,18.8,6.0,5.6,6.1
2023-09-12 12:40:00+00:00,18.8,5.0,5.6,6.1
2023-09-12 12:50:00+00:00,18.9,6.0,5.6,6.0
2023-09-12 13:00:00+00:00,18.9,6.0,5.6,6.1
2023-09-12 13:10:00+00:00,19.0,6.0,5.6,6.1
2023-09-12 13:20:00+00:00,19.0,6.0,5.6,6.1
2023-09-12 13:30:00+00:00,19.1,6.0,5.5,6.0
2023-09-12 13:40:00+00:00,19.1,6.0,5.5,6.05
2023-09-12 13:50:00+00:00,19.1,6.0,5.5,6.1
2023-09-12 14:00:00+00:00,19.1,6.0,5.5,6.0
2023-09-12 14:10:00+00:00,19.1,5.0,5.5,6.1
2023-09-12 14:20:00+00:00,19.2,6.0,5.5,6.0
2023-09-12 14:30:00+00:00,19.2,5.0,5.5,5.9
2023-09-12 14:40:00+00:00,19.3,6.0,5.5,6.0
2023-09-12 14:50:00+00:00,19.3,5.0,5.5,5.9
2023-09-12 15:00:00+00:00,19.3,6.0,5.5,5.9
2023-09-12 15:10:00+00:00,19.3,6.0,5.45,5.9
2023-09-12 15:20:00+00:00,19.3,6.0,5.4,5.9
2023-09-12 15:30:00+00:00,19.35,6.0,5.4,6.0
2023-09-12 15:40:00+00:00,19.4,6.0,5.4,6.1
2023-09-12 15:50:00+00:00,19.5,6.0,5.4,5.8
2023-09-12 16:00:00+00:00,19.5,6.0,5.3,5.8
2023-09-12 16:10:00+00:00,19.5,6.0,5.3,5.6
2023-09-12 16:20:00+00:00,19.5,6.0,5.25,4.85
2023-09-12 16:30:00+00:00,19.5,6.0,5.2,4.1
2023-09-12 16:40:00+00:00,19.6,6.0,5.2,4.1
2023-09-12 16:50:00+00:00,19.6,5.0,5.1,4.1
2023-09-12 17:00:00+00:00,19.6,5.5,5.1,4.1
2023-09-12 17:10:00+00:00,19.6,5.0,5.0,3.9
2023-09-12 17:20:00+00:00,19.6,5.5,4.95,3.3
2023-09-12 17:30:00+00:00,19.6,6.0,4.9,2.7
2023-09-12 17:40:00+00:00,19.6,6.0,4.8,1.2
2023-09-12 17:50:00+00:00,19.6,6.0,4.8,0.8
2023-09-12 18:00:00+00:00,19.592307692307692,6.076923076923077,4.792307692307692,0.7846153846153846
2023-09-12 18:10:00+00:00,19.584615384615386,6.153846153846154,4.7846153846153845,0.7692307692307693
2023-09-12 18:20:00+00:00,19.576923076923077,6.230769230769231,4.776923076923077,0.7538461538461538
2023-09-12 18:30:00+00:00,19.56923076923077,6.3076923076923075,4.769230769230769,0.7384615384615385
2023-09-12 18:40:00+00:00,19.56153846153846,6.384615384615385,4.7615384615384615,0.7230769230769231
2023-09-12 18:50:00+00:00,19.553846153846155,6.461538461538462,4.753846153846154,0.7076923076923077
2023-09-12 19:00:00+00:00,19.546153846153846,6.538461538461538,4.746153846153846,0.6923076923076923
2023-09-12 19:10:00+00:00,19.53846153846154,6.615384615384615,4.7384615384615385,0.676923076923077
2023-09-12 19:20:00+00:00,19.53076923076923,6.6923076923076925,4.730769230769231,0.6615384615384615
2023-09-12 19:30:00+00:00,19.523076923076925,6.769230769230769,4.723076923076923,0.6461538461538462
2023-09-12 19:40:00+00:00,19.515384615384615,6.846153846153847,4.7153846153846155,0.6307692307692307
2023-09-12 19:50:00+00:00,19.50769230769231,6.923076923076923,4.707692307692308,0.6153846153846154
2023-09-12 20:00:00+00:00,19.5,7.0,4.7,0.6
2023-09-12 20:10:00+00:00,19.48,6.9,4.69,0.58
2023-09-12 20:20:00+00:00,19.46,6.8,4.68,0.5599999999999999
2023-09-12 20:30:00+00:00,19.44,6.7,4.67,0.54
2023-09-12 20:40:00+00:00,19.42,6.6,4.66,0.52
2023-09-12 20:50:00+00:00,19.4,6.5,4.65,0.5
2023-09-12 21:00:00+00:00,19.38,6.4,4.64,0.48
2023-09-12 21:10:00+00:00,19.36,6.3,4.63,0.45999999999999996
2023-09-12 21:20:00+00:00,19.34,6.2,4.62,0.44
2023-09-12 21:30:00+00:00,19.32,6.1,4.609999999999999,0.42000000000000004
2023-09-12 21:40:00+00:00,19.3,6.0,4.6,0.4
2023-09-12 21:50:00+00:00,19.27,6.0,4.619999999999999,0.42000000000000004
2023-09-12 22:00:00+00:00,19.240000000000002,6.0,4.64,0.44
2023-09-12 22:10:00+00:00,19.21,6.0,4.66,0.46
2023-09-12 22:20:00+00:00,19.18,6.0,4.68,0.48
2023-09-12 22:30:00+00:00,19.15,6.0,4.699999999999999,0.5
2023-09-12 22:40:00+00:00,19.12,6.0,4.72,0.52
2023-09-12 22:50:00+00:00,19.09,6.0,4.74,0.54
2023-09-12 23:00:00+00:00,19.06,6.0,4.76,0.56
2023-09-12 23:10:00+00:00,19.03,6.0,4.779999999999999,0.58
2023-09-12 23:20:00+00:00,19.0,6.0,4.8,0.6
2023-09-12 23:30:00+00:00,18.96,6.0,4.805,0.6
2023-09-12 23:40:00+00:00,18.92,6.0,4.81,0.6
2023-09-12 23:50:00+00:00,18.88,6.0,4.8149999999999995,0.6
2023-09-13 00:00:00+00:00,18.84,6.0,4.82,0.6
2023-09-13 00:10:00+00:00,18.8,6.0,4.825,0.6
2023-09-13 00:20:00+00:00,18.759999999999998,6.0,4.83,0.6
2023-09-13 00:30:00+00:00,18.72,6.0,4.835,0.6
2023-09-13 00:40:00+00:00,18.68,6.0,4.84,0.6
2023-09-13 00:50:00+00:00,18.64,6.0,4.845,0.6
2023-09-13 01:00:00+00:00,18.6,6.0,4.85,0.6
2023-09-13 01:10:00+00:00,18.56,6.0,4.855,0.6
2023-09-13 01:20:00+00:00,18.52,6.0,4.86,0.6
2023-09-13 01:30:00+00:00,18.48,6.0,4.865,0.6
2023-09-13 01:40:00+00:00,18.439999999999998,6.0,4.87,0.6
2023-09-13 01:50:00+00:00,18.4,6.0,4.875,0.6
2023-09-13 02:00:00+00:00,18.36,6.0,4.88,0.6
2023-09-13 02:10:00+00:00,18.32,6.0,4.885000000000001,0.6
2023-09-13 02:20:00+00:00,18.28,6.0,4.890000000000001,0.6
2023-09-13 02:30:00+00:00,18.24,6.0,4.8950000000000005,0.6
2023-09-13 02:40:00+00:00,18.2,6.0,4.9,0.6
2023-09-13 02:50:00+00:00,18.169999999999998,6.0,4.91,0.8999999999999999
2023-09-13 03:00:00+00:00,18.14,6.0,4.92,1.2
2023-09-13 03:10:00+00:00,18.11,6.0,4.930000000000001,1.5
2023-09-13 03:20:00+00:00,18.08,6.0,4.94,1.7999999999999998
2023-09-13 03:30:00+00:00,18.049999999999997,6.0,4.95,2.1
2023-09-13 03:40:00+00:00,18.02,6.0,4.96,2.4
2023-09-13 03:50:00+00:00,17.99,6.0,4.97,2.7
2023-09-13 04:00:00+00:00,17.959999999999997,6.0,4.98,3.0
2023-09-13 04:10:00+00:00,17.93,6.0,4.99,3.3
2023-09-13 04:20:00+00:00,17.9,6.0,5.0,3.6
2023-09-13 04:30:00+00:00,17.866666666666667,6.0,5.066666666666666,3.7666666666666666
2023-09-13 04:40:00+00:00,17.833333333333332,6.0,5.133333333333334,3.933333333333333
2023-09-13 04:50:00+00:00,17.8,6.0,5.2,4.1
2023-09-13 05:00:00+00:00,17.8,7.0,5.4,4.1
2023-09-13 05:10:00+00:00,17.8,7.0,5.4,4.1
2023-09-13 05:20:00+00:00,17.8,6.0,5.5,4.1
2023-09-13 05:30:00+00:00,17.8,6.0,5.6,3.9
2023-09-13 05:40:00+00:00,17.8,6.0,5.7,4.1
2023-09-13 05:50:00+00:00,17.8,6.5,5.75,4.1
2023-09-13 06:00:00+00:00,17.8,7.0,5.8,4.1
2023-09-13 06:10:00+00:00,17.8,7.0,5.8,4.1
2023-09-13 06:20:00+00:00,17.9,7.0,5.8,4.1
2023-09-13 06:30:00+00:00,17.9,7.0,5.9,4.1
2023-09-13 06:40:00+00:00,17.9,6.0,5.9,4.1
2023-09-13 06:50:00+00:00,17.9,6.0,5.9,4.1
2023-09-13 07:00:00+00:00,17.9,6.0,6.0,4.1
2023-09-13 07:10:00+00:00,17.9,6.0,6.0,4.1
2023-09-13 07:20:00+00:00,17.9,6.0,6.0,4.1
2023-09-13 07:30:00+00:00,17.9,6.0,6.0,4.1
2023-09-13 07:40:00+00:00,17.933333333333334,6.0,6.033333333333333,4.1
2023-09-13 07:50:00+00:00,17.966666666666665,6.0,6.066666666666666,4.1
2023-09-13 08:00:00+00:00,18.0,6.0,6.1,4.1
2023-09-13 08:10:00+00:00,18.0,7.0,6.1,4.1
2023-09-13 08:20:00+00:00,18.0,6.0,6.1,4.1
2023-09-13 08:30:00+00:00,18.0,6.0,6.1,4.1
2023-09-13 08:40:00+00:00,18.0,6.0,6.1,4.2
2023-09-13 08:50:00+00:00,18.0,6.0,6.1,4.2
2023-09-13 09:00:00+00:00,18.05,6.0,6.05,5.0
2023-09-13 09:10:00+00:00,18.1,6.0,6.0,5.8
2023-09-13 09:20:00+00:00,18.1,6.0,6.0,6.0
2023-09-13 09:30:00+00:00,18.1,6.0,6.05,5.65
2023-09-13 09:40:00+00:00,18.1,6.0,6.1,5.3
2023-09-13 09:50:00+00:00,18.1,6.0,6.0,6.0
2023-09-13 10:00:00+00:00,18.1,7.0,6.0,6.1
2023-09-13 10:10:00+00:00,18.2,6.0,6.0,5.8
2023-09-13 10:20:00+00:00,18.3,7.0,5.9,5.8
2023-09-13 10:30:00+00:00,18.3,6.0,5.9,5.9
2023-09-13 10:40:00+00:00,18.3,6.0,5.9,5.9
2023-09-13 10:50:00+00:00,18.3,6.0,5.8,6.0
2023-09-13 11:00:00+00:00,18.4,6.0,5.8,6.0
2023-09-13 11:10:00+00:00,18.4,7.0,5.8,6.0
2023-09-13 11:20:00+00:00,18.45,6.5,5.8,6.05
2023-09-13 11:30:00+00:00,18.5,6.0,5.8,6.1
2023-09-13 11:40:00+00:00,18.5,5.0,5.8,6.2
2023-09-13 11:50:00+00:00,18.6,7.0,5.8,6.2
2023-09-13 12:00:00+00:00,18.6,6.0,5.8,6.2
2023-09-13 12:10:00+00:00,18.8,6.0,5.7,6.1
2023-09-13 12:20:00+00:00,18.9,6.0,5.7,6.2
2023-09-13 12:30:00+00:00,19.0,6.0,5.7,6.1
2023-09-13 12:40:00+00:00,19.1,6.0,5.6,6.2
2023-09-13 12:50:00+00:00,19.1,6.0,5.6,5.9
2023-09-13 13:00:00+00:00,19.1,6.0,5.5,5.2
2023-09-13 13:10:00+00:00,19.15,6.0,5.5,4.65
2023-09-13 13:20:00+00:00,19.2,6.0,5.5,4.1
2023-09-13 13:30:00+00:00,19.15,6.0,5.45,4.1
2023-09-13 13:40:00+00:00,19.1,6.0,5.4,4.1
2023-09-13 13:50:00+00:00,19.1,6.0,5.3,6.4
2023-09-13 14:00:00+00:00,19.1,5.0,5.4,5.9
2023-09-13 14:10:00+00:00,19.2,6.0,5.3,4.2
2023-09-13 14:20:00+00:00,19.1,7.0,5.3,4.1
2023-09-13 14:30:00+00:00,19.1,6.0,5.3,4.1
2023-09-13 14:40:00+00:00,19.1,6.0,5.3,6.3
2023-09-13 14:50:00+00:00,19.1,6.0,5.4,6.2
2023-09-13 15:00:00+00:00,19.1,6.0,5.4,5.15
2023-09-13 15:10:00+00:00,19.1,6.0,5.4,4.1
2023-09-13 15:20:00+00:00,19.2,6.0,5.3,4.1
2023-09-13 15:30:00+00:00,19.1,6.0,5.3,5.6
2023-09-13 15:40:00+00:00,19.1,6.0,5.3,4.1
2023-09-13 15:50:00+00:00,19.1,6.0,5.3,4.1
2023-09-13 16:00:00+00:00,19.1,7.0,5.3,4.1
2023-09-13 16:10:00+00:00,19.1,6.5,5.3,4.1
2023-09-13 16:20:00+00:00,19.1,6.0,5.3,4.1
2023-09-13 16:30:00+00:00,19.1,6.0,5.2,4.1
2023-09-13 16:40:00+00:00,19.1,6.0,5.2,4.1
2023-09-13 16:50:00+00:00,19.1,5.0,5.2,4.1
2023-09-13 17:00:00+00:00,19.1,6.0,5.2,4.1
2023-09-13 17:10:00+00:00,19.1,6.0,5.2,3.8
2023-09-13 17:20:00+00:00,19.1,6.0,5.2,2.9
2023-09-13 17:30:00+00:00,19.1,6.0,5.1,1.6
2023-09-13 17:40:00+00:00,19.1,6.0,5.0,0.8
2023-09-13 17:50:00+00:00,19.1,6.0,4.99,0.78
2023-09-13 18:00:00+00:00,19.1,6.0,4.98,0.76
2023-09-13 18:10:00+00:00,19.1,6.0,4.97,0.74
2023-09-13 18:20:00+00:00,19.1,6.0,4.96,0.72
2023-09-13 18:30:00+00:00,19.1,6.0,4.95,0.7
2023-09-13 18:40:00+00:00,19.1,6.0,4.94,0.6799999999999999
2023-09-13 18:50:00+00:00,19.1,6.0,4.930000000000001,0.66
2023-09-13 19:00:00+00:00,19.1,6.0,4.92,0.64
2023-09-13 19:10:00+00:00,19.1,6.0,4.91,0.62
2023-09-13 19:20:00+00:00,19.1,6.0,4.9,0.6
2023-09-13 19:30:00+00:00,19.1,6.0,4.9,0.6
2023-09-13 19:40:00+00:00,19.1,6.0,4.9,0.6
2023-09-13 19:50:00+00:00,19.1,6.0,4.9,0.6
2023-09-13 20:00:00+00:00,19.1,6.0,4.9,0.6
2023-09-13 20:10:00+00:00,19.1,6.0,4.9,0.6
2023-09-13 20:20:00+00:00,19.1,6.0,4.9,0.6
2023-09-13 20:30:00+00:00,19.1,6.0,4.9,0.6
2023-09-13 20:40:00+00:00,19.1,6.0,4.9,0.6
2023-09-13 20:50:00+00:00,19.1,6.0,4.9,0.6
2023-09-13 21:00:00+00:00,19.1,6.0,4.9,0.6
2023-09-13 21:10:00+00:00,19.1,6.0,4.9,0.6
2023-09-13 21:20:00+00:00,19.1,6.0,4.9,0.6
2023-09-13 21:30:00+00:00,19.1,6.0,4.9,0.6
2023-09-13 21:40:00+00:00,19.09,6.1,4.9,0.6
2023-09-13 21:50:00+00:00,19.080000000000002,6.2,4.9,0.6
2023-09-13 22:00:00+00:00,19.07,6.3,4.9,0.6
2023-09-13 22:10:00+00:00,19.060000000000002,6.4,4.9,0.6
2023-09-13 22:20:00+00:00,19.05,6.5,4.9,0.6
2023-09-13 22:30:00+00:00,19.04,6.6,4.9,0.6
2023-09-13 22:40:00+00:00,19.03,6.7,4.9,0.6
2023-09-13 22:50:00+00:00,19.02,6.8,4.9,0.6
2023-09-13 23:00:00+00:00,19.01,6.9,4.9,0.6
2023-09-13 23:10:00+00:00,19.0,7.0,4.9,0.6
2023-09-13 23:20:00+00:00,18.99,6.9,4.9,0.58
2023-09-13 23:30:00+00:00,18.98,6.8,4.9,0.5599999999999999
2023-09-13 23:40:00+00:00,18.97,6.7,4.9,0.54
2023-09-13 23:50:00+00:00,18.96,6.6,4.9,0.52
2023-09-14 00:00:00+00:00,18.95,6.5,4.9,0.5
2023-09-14 00:10:00+00:00,18.939999999999998,6.4,4.9,0.48
2023-09-14 00:20:00+00:00,18.93,6.3,4.9,0.45999999999999996
2023-09-14 00:30:00+00:00,18.919999999999998,6.2,4.9,0.44
2023-09-14 00:40:00+00:00,18.91,6.1,4.9,0.42000000000000004
2023-09-14 00:50:00+00:00,18.9,6.0,4.9,0.4
2023-09-14 01:00:00+00:00,18.89,6.0,4.9,0.42000000000000004
2023-09-14 01:10:00+00:00,18.88,6.0,4.9,0.44
2023-09-14 01:20:00+00:00,18.869999999999997,6.0,4.9,0.46
2023-09-14 01:30:00+00:00,18.86,6.0,4.9,0.48
2023-09-14 01:40:00+00:00,18.85,6.0,4.9,0.5
2023-09-14 01:50:00+00:00,18.84,6.0,4.9,0.52
2023-09-14 02:00:00+00:00,18.83,6.0,4.9,0.54
2023-09-14 02:10:00+00:00,18.82,6.0,4.9,0.56
2023-09-14 02:20:00+00:00,18.810000000000002,6.0,4.9,0.58
2023-09-14 02:30:00+00:00,18.8,6.0,4.9,0.6
2023-09-14 02:40:00+00:00,18.78,6.0,4.86,0.85
2023-09-14 02:50:00+00:00,18.76,6.0,4.82,1.1
2023-09-14 03:00:00+00:00,18.740000000000002,6.0,4.78,1.35
2023-09-14 03:10:00+00:00,18.720000000000002,6.0,4.74,1.6
2023-09-14 03:20:00+00:00,18.700000000000003,6.0,4.7,1.85
2023-09-14 03:30:00+00:00,18.68,6.0,4.66,2.1
2023-09-14 03:40:00+00:00,18.66,6.0,4.62,2.35
2023-09-14 03:50:00+00:00,18.64,6.0,4.58,2.6
2023-09-14 04:00:00+00:00,18.62,6.0,4.54,2.85
2023-09-14 04:10:00+00:00,18.6,6.0,4.5,3.1
2023-09-14 04:20:00+00:00,18.5,7.0,4.6,4.1
2023-09-14 04:30:00+00:00,18.5,6.0,4.8,4.1
2023-09-14 04:40:00+00:00,18.5,6.0,4.9,4.1
2023-09-14 04:50:00+00:00,18.5,6.0,4.9,4.1
2023-09-14 05:00:00+00:00,18.5,6.0,4.9,4.1
2023-09-14 05:10:00+00:00,18.5,6.0,5.0,4.1
2023-09-14 05:20:00+00:00,18.5,6.0,5.0,4.1
2023-09-14 05:30:00+00:00,18.5,6.0,5.05,4.1
2023-09-14 05:40:00+00:00,18.5,6.0,5.1,4.1
2023-09-14 05:50:00+00:00,18.5,6.0,5.1,4.1
2023-09-14 06:00:00+00:00,18.5,7.0,5.2,4.1
2023-09-14 06:10:00+00:00,18.4,6.0,5.3,4.1
2023-09-14 06:20:00+00:00,18.4,7.0,5.4,4.1
2023-09-14 06:30:00+00:00,18.4,6.0,5.6,4.1
2023-09-14 06:40:00+00:00,18.4,6.0,5.7,4.1
2023-09-14 06:50:00+00:00,18.4,6.0,5.9,4.1
2023-09-14 07:00:00+00:00,18.4,6.0,6.0,4.1
2023-09-14 07:10:00+00:00,18.4,6.0,6.1,4.1
2023-09-14 07:20:00+00:00,18.4,6.0,6.1,4.1
2023-09-14 07:30:00+00:00,18.4,6.0,6.1,4.1
2023-09-14 07:40:00+00:00,18.4,6.0,6.1,4.1
2023-09-14 07:50:00+00:00,18.3,6.0,6.1,4.1
2023-09-14 08:00:00+00:00,18.3,7.0,6.1,4.1
2023-09-14 08:10:00+00:00,18.3,6.0,6.2,4.1
2023-09-14 08:20:00+00:00,18.3,6.0,6.2,4.1
2023-09-14 08:30:00+00:00,18.3,7.0,6.4,4.1
2023-09-14 08:40:00+00:00,18.3,6.0,6.5,4.1
2023-09-14 08:50:00+00:00,18.3,6.0,6.4,4.1
2023-09-14 09:00:00+00:00,18.3,6.0,6.45,4.1
2023-09-14 09:10:00+00:00,18.3,6.0,6.5,4.1
2023-09-14 09:20:00+00:00,18.3,6.0,6.5,4.1
2023-09-14 09:30:00+00:00,18.4,6.0,6.5,4.1
2023-09-14 09:40:00+00:00,18.3,7.0,6.6,4.1
2023-09-14 09:50:00+00:00,18.4,7.0,6.6,4.1
2023-09-14 10:00:00+00:00,18.3,6.0,6.7,4.2
2023-09-14 10:10:00+00:00,18.3,6.0,6.7,4.1
2023-09-14 10:20:00+00:00,18.3,6.0,6.7,4.1
2023-09-14 10:30:00+00:00,18.3,6.0,6.8,4.1
2023-09-14 10:40:00+00:00,18.4,6.0,6.8,4.1
2023-09-14 10:50:00+00:00,18.35,6.0,6.8,4.1
2023-09-14 11:00:00+00:00,18.3,6.0,6.8,4.1
2023-09-14 11:10:00+00:00,18.4,7.0,6.9,4.1
2023-09-14 11:20:00+00:00,18.4,6.0,6.8,4.1
2023-09-14 11:30:00+00:00,18.4,6.0,6.8,4.1
2023-09-14 11:40:00+00:00,18.4,6.0,6.8,6.2
2023-09-14 11:50:00+00:00,18.4,6.0,6.8,5.8
2023-09-14 12:00:00+00:00,18.4,6.0,6.8,6.0
2023-09-14 12:10:00+00:00,18.4,7.0,6.7,6.2
2023-09-14 12:20:00+00:00,18.4,6.0,6.7,6.4
2023-09-14 12:30:00+00:00,18.4,6.0,6.666666666666667,6.4
2023-09-14 12:40:00+00:00,18.4,6.0,6.633333333333333,6.4
2023-09-14 12:50:00+00:00,18.4,6.0,6.6,6.4
2023-09-14 13:00:00+00:00,18.4,7.0,6.6,5.8
2023-09-14 13:10:00+00:00,18.4,6.0,6.6,6.1
2023-09-14 13:20:00+00:00,18.4,6.0,6.6,5.9
2023-09-14 13:30:00+00:00,18.4,6.5,6.55,5.85
2023-09-14 13:40:00+00:00,18.4,7.0,6.5,5.8
2023-09-14 13:50:00+00:00,18.4,6.0,6.4,6.3
2023-09-14 14:00:00+00:00,18.4,6.0,6.4,5.7
2023-09-14 14:10:00+00:00,18.4,6.0,6.35,6.0
2023-09-14 14:20:00+00:00,18.4,6.0,6.2,6.3
2023-09-14 14:30:00+00:00,18.4,6.0,6.2,6.25
2023-09-14 14:40:00+00:00,18.4,6.0,6.2,6.2
2023-09-14 14:50:00+00:00,18.4,6.0,6.050000000000001,6.25
2023-09-14 15:00:00+00:00,18.4,6.0,5.9,6.3
2023-09-14 15:10:00+00:00,18.4,6.0,5.7,6.3
2023-09-14 15:20:00+00:00,18.4,6.0,5.7,6.3
2023-09-14 15:30:00+00:00,18.4,6.0,5.7,4.5
2023-09-14 15:40:00+00:00,18.4,6.0,5.6,6.3
2023-09-14 15:50:00+00:00,18.4,7.0,5.5,6.2
2023-09-14 16:00:00+00:00,18.4,6.0,5.4,6.2
2023-09-14 16:10:00+00:00,18.4,7.0,5.3,6.1
2023-09-14 16:20:00+00:00,18.4,7.0,5.25,5.1
2023-09-14 16:30:00+00:00,18.4,7.0,5.2,4.1
2023-09-14 16:40:00+00:00,18.3,7.0,5.0,4.1
2023-09-14 16:50:00+00:00,18.4,6.0,4.7,4.1
2023-09-14 17:00:00+00:00,18.3,7.0,4.3,4.1
2023-09-14 17:10:00+00:00,18.3,6.0,4.2,4.0
2023-09-14 17:20:00+00:00,18.3,6.0,4.1,3.2
2023-09-14 17:30:00+00:00,18.3,6.0,4.0,1.4
2023-09-14 17:40:00+00:00,18.2,7.0,3.9,0.7
2023-09-14 17:50:00+00:00,18.15,6.9,3.92,0.69
2023-09-14 18:00:00+00:00,18.099999999999998,6.8,3.94,0.6799999999999999
2023-09-14 18:10:00+00:00,18.05,6.7,3.96,0.6699999999999999
2023-09-14 18:20:00+00:00,18.0,6.6,3.98,0.6599999999999999
2023-09-14 18:30:00+00:00,17.95,6.5,4.0,0.6499999999999999
2023-09-14 18:40:00+00:00,17.9,6.4,4.02,0.64
2023-09-14 18:50:00+00:00,17.849999999999998,6.3,4.04,0.63
2023-09-14 19:00:00+00:00,17.8,6.2,4.06,0.62
2023-09-14 19:10:00+00:00,17.75,6.1,4.08,0.61
2023-09-14 19:20:00+00:00,17.7,6.0,4.1,0.6
2023-09-14 19:30:00+00:00,17.66,6.0,4.09,0.6
2023-09-14 19:40:00+00:00,17.62,6.0,4.08,0.6
2023-09-14 19:50:00+00:00,17.58,6.0,4.069999999999999,0.6
2023-09-14 20:00:00+00:00,17.54,6.0,4.06,0.6
2023-09-14 20:10:00+00:00,17.5,6.0,4.05,0.6
2023-09-14 20:20:00+00:00,17.46,6.0,4.04,0.6
2023-09-14 20:30:00+00:00,17.42,6.0,4.03,0.6
2023-09-14 20:40:00+00:00,17.38,6.0,4.02,0.6
2023-09-14 20:50:00+00:00,17.34,6.0,4.01,0.6
2023-09-14 21:00:00+00:00,17.3,6.0,4.0,0.6
2023-09-14 21:10:00+00:00,17.264285714285716,6.071428571428571,3.992857142857143,0.6
2023-09-14 21:20:00+00:00,17.228571428571428,6.142857142857143,3.9857142857142858,0.6
2023-09-14 21:30:00+00:00,17.192857142857143,6.214285714285714,3.9785714285714286,0.6
2023-09-14 21:40:00+00:00,17.15714285714286,6.285714285714286,3.9714285714285715,0.6
2023-09-14 21:50:00+00:00,17.121428571428574,6.357142857142857,3.9642857142857144,0.6
2023-09-14 22:00:00+00:00,17.085714285714285,6.428571428571429,3.9571428571428573,0.6
2023-09-14 22:10:00+00:00,17.05,6.5,3.95,0.6
2023-09-14 22:20:00+00:00,17.014285714285716,6.571428571428571,3.9428571428571426,0.6
2023-09-14 22:30:00+00:00,16.978571428571428,6.642857142857142,3.9357142857142855,0.6
2023-09-14 22:40:00+00:00,16.942857142857143,6.714285714285714,3.9285714285714284,0.6
2023-09-14 22:50:00+00:00,16.90714285714286,6.785714285714286,3.9214285714285713,0.6
2023-09-14 23:00:00+00:00,16.871428571428574,6.857142857142857,3.914285714285714,0.6
2023-09-14 23:10:00+00:00,16.835714285714285,6.928571428571429,3.907142857142857,0.6
2023-09-14 23:20:00+00:00,16.8,7.0,3.9,0.6
2023-09-14 23:30:00+00:00,16.77,6.9,3.9,0.6
2023-09-14 23:40:00+00:00,16.740000000000002,6.8,3.9,0.6
2023-09-14 23:50:00+00:00,16.71,6.7,3.9,0.6
2023-09-15 00:00:00+00:00,16.68,6.6,3.9,0.6
2023-09-15 00:10:00+00:00,16.65,6.5,3.9,0.6
2023-09-15 00:20:00+00:00,16.62,6.4,3.9,0.6
2023-09-15 00:30:00+00:00,16.59,6.3,3.9,0.6
2023-09-15 00:40:00+00:00,16.56,6.2,3.9,0.6
2023-09-15 00:50:00+00:00,16.53,6.1,3.9,0.6
2023-09-15 01:00:00+00:00,16.5,6.0,3.9,0.6
2023-09-15 01:10:00+00:00,16.46,6.1,3.9,0.6
2023-09-15 01:20:00+00:00,16.42,6.2,3.9,0.6
2023-09-15 01:30:00+00:00,16.38,6.3,3.9,0.6
2023-09-15 01:40:00+00:00,16.34,6.4,3.9,0.6
2023-09-15 01:50:00+00:00,16.3,6.5,3.9,0.6
2023-09-15 02:00:00+00:00,16.26,6.6,3.9,0.6
2023-09-15 02:10:00+00:00,16.220000000000002,6.7,3.9,0.6
2023-09-15 02:20:00+00:00,16.18,6.8,3.9,0.6
2023-09-15 02:30:00+00:00,16.14,6.9,3.9,0.6
2023-09-15 02:40:00+00:00,16.1,7.0,3.9,0.6
2023-09-15 02:50:00+00:00,16.055,6.95,3.905,0.865
2023-09-15 03:00:00+00:00,16.01,6.9,3.91,1.13
2023-09-15 03:10:00+00:00,15.965,6.85,3.915,1.395
2023-09-15 03:20:00+00:00,15.92,6.8,3.92,1.6600000000000001
2023-09-15 03:30:00+00:00,15.875,6.75,3.925,1.9250000000000003
2023-09-15 03:40:00+00:00,15.83,6.7,3.93,2.19
2023-09-15 03:50:00+00:00,15.785,6.65,3.935,2.455
2023-09-15 04:00:00+00:00,15.739999999999998,6.6,3.94,2.72
2023-09-15 04:10:00+00:00,15.694999999999999,6.55,3.9450000000000003,2.9850000000000003
2023-09-15 04:20:00+00:00,15.649999999999999,6.5,3.95,3.25
2023-09-15 04:30:00+00:00,15.6,6.0,4.0,4.1
2023-09-15 04:40:00+00:00,15.55,6.0,4.05,4.1
2023-09-15 04:50:00+00:00,15.5,6.0,4.1,4.1
2023-09-15 05:00:00+00:00,15.5,6.5,4.1,4.1
2023-09-15 05:10:00+00:00,15.5,7.0,4.1,4.1
2023-09-15 05:20:00+00:00,15.5,6.666666666666667,4.633333333333333,4.1
2023-09-15 05:30:00+00:00,15.5,6.333333333333333,5.166666666666667,4.1
2023-09-15 05:40:00+00:00,15.5,6.0,5.7,4.1
2023-09-15 05:50:00+00:00,15.5,7.0,5.7,4.1
2023-09-15 06:00:00+00:00,15.5,6.0,5.8,4.1
2023-09-15 06:10:00+00:00,15.6,7.0,6.0,4.1
2023-09-15 06:20:00+00:00,15.6,7.0,6.2,4.1
2023-09-15 06:30:00+00:00,15.6,6.0,6.2,4.1
2023-09-15 06:40:00+00:00,15.6,7.0,6.3,4.1
2023-09-15 06:50:00+00:00,15.6,6.5,6.35,4.1
2023-09-15 07:00:00+00:00,15.6,6.0,6.4,4.1
2023-09-15 07:10:00+00:00,15.6,6.0,6.4,4.1
2023-09-15 07:20:00+00:00,15.6,7.0,6.4,4.1
2023-09-15 07:30:00+00:00,15.6,6.0,6.4,4.1
2023-09-15 07:40:00+00:00,15.6,7.0,6.4,4.1
2023-09-15 07:50:00+00:00,15.7,6.0,6.5,4.1
2023-09-15 08:00:00+00:00,15.7,7.0,6.4,3.9
2023-09-15 08:10:00+00:00,15.7,6.0,6.6,4.2
2023-09-15 08:20:00+00:00,15.7,6.0,6.6,4.1
2023-09-15 08:30:00+00:00,15.7,6.0,6.6,4.2
2023-09-15 08:40:00+00:00,15.7,6.5,6.55,4.15
2023-09-15 08:50:00+00:00,15.7,7.0,6.5,4.1
2023-09-15 09:00:00+00:00,15.8,6.0,6.5,4.2
2023-09-15 09:10:00+00:00,15.8,7.0,6.6,4.2
2023-09-15 09:20:00+00:00,15.8,6.0,6.5,5.8
2023-09-15 09:30:00+00:00,15.8,7.0,6.4,6.0
2023-09-15 09:40:00+00:00,15.8,7.0,6.3,6.1
2023-09-15 09:50:00+00:00,15.8,6.0,6.3,6.1
2023-09-15 10:00:00+00:00,15.8,6.0,6.2,6.1
2023-09-15 10:10:00+00:00,15.9,7.0,6.1,6.1
2023-09-15 10:20:00+00:00,15.9,6.5,6.05,6.15
2023-09-15 10:30:00+00:00,15.9,6.0,6.0,6.2
2023-09-15 10:40:00+00:00,15.9,6.0,5.9,6.1
2023-09-15 10:50:00+00:00,16.0,7.0,6.0,6.2
2023-09-15 11:00:00+00:00,16.0,6.0,5.9,6.1
2023-09-15 11:10:00+00:00,16.0,6.0,5.9,6.2
2023-09-15 11:20:00+00:00,16.0,7.0,5.8,6.1
2023-09-15 11:30:00+00:00,16.0,6.0,5.7,6.3
2023-09-15 11:40:00+00:00,16.0,6.0,5.8,6.2
2023-09-15 11:50:00+00:00,16.1,6.0,5.8,6.1
2023-09-15 12:00:00+00:00,16.1,6.333333333333333,5.8,6.1
2023-09-15 12:10:00+00:00,16.1,6.666666666666667,5.8,6.1
2023-09-15 12:20:00+00:00,16.1,7.0,5.8,6.1
2023-09-15 12:30:00+00:00,16.1,6.0,5.8,6.1
2023-09-15 12:40:00+00:00,16.2,6.0,5.8,6.1
2023-09-15 12:50:00+00:00,16.2,6.0,5.7,6.2
2023-09-15 13:00:00+00:00,16.3,6.0,5.8,6.0
2023-09-15 13:10:00+00:00,16.3,6.0,5.8,6.1
2023-09-15 13:20:00+00:00,16.3,6.0,5.7,6.1
2023-09-15 13:30:00+00:00,16.3,6.0,5.7,6.1
2023-09-15 13:40:00+00:00,16.3,7.0,5.8,6.0
2023-09-15 13:50:00+00:00,16.4,7.0,5.7,6.2
2023-09-15 14:00:00+00:00,16.4,7.0,5.7,6.15
2023-09-15 14:10:00+00:00,16.4,7.0,5.7,6.1
2023-09-15 14:20:00+00:00,16.4,6.0,5.7,6.1
2023-09-15 14:30:00+00:00,16.5,6.0,5.6,6.1
2023-09-15 14:40:00+00:00,16.5,7.0,5.6,6.2
2023-09-15 14:50:00+00:00,16.5,6.0,5.6,6.2
2023-09-15 15:00:00+00:00,16.5,6.0,5.5,6.2
2023-09-15 15:10:00+00:00,16.5,7.0,5.5,6.3
2023-09-15 15:20:00+00:00,16.5,6.0,5.4,6.3
2023-09-15 15:30:00+00:00,16.6,6.0,5.4,6.2
2023-09-15 15:40:00+00:00,16.6,6.0,5.366666666666667,6.2
2023-09-15 15:50:00+00:00,16.6,6.0,5.333333333333333,6.2
2023-09-15 16:00:00+00:00,16.6,6.0,5.3,6.2
2023-09-15 16:10:00+00:00,16.6,7.0,5.3,6.2
2023-09-15 16:20:00+00:00,16.6,6.0,5.2,6.1
2023-09-15 16:30:00+00:00,16.6,6.0,5.050000000000001,5.1
2023-09-15 16:40:00+00:00,16.6,6.0,4.9,4.1
2023-09-15 16:50:00+00:00,16.7,7.0,4.6,4.1
2023-09-15 17:00:00+00:00,16.7,6.0,4.5,4.1
2023-09-15 17:10:00+00:00,16.7,6.0,4.3,4.0
2023-09-15 17:20:00+00:00,16.7,7.0,4.1,2.9
2023-09-15 17:30:00+00:00,16.7,7.0,4.1,1.4
2023-09-15 17:40:00+00:00,16.7,6.5,4.1,1.1
2023-09-15 17:50:00+00:00,16.7,6.0,4.1,0.8
2023-09-15 18:00:00+00:00,16.689999999999998,6.1,4.08,0.78
2023-09-15 18:10:00+00:00,16.68,6.2,4.06,0.76
2023-09-15 18:20:00+00:00,16.67,6.3,4.04,0.74
2023-09-15 18:30:00+00:00,16.66,6.4,4.02,0.72
2023-09-15 18:40:00+00:00,16.65,6.5,4.0,0.7
2023-09-15 18:50:00+00:00,16.64,6.6,3.98,0.6799999999999999
2023-09-15 19:00:00+00:00,16.630000000000003,6.7,3.96,0.66
2023-09-15 19:10:00+00:00,16.62,6.8,3.94,0.64
2023-09-15 19:20:00+00:00,16.61,6.9,3.92,0.62
2023-09-15 19:30:00+00:00,16.6,7.0,3.9,0.6
2023-09-15 19:40:00+00:00,16.560000000000002,7.0,3.8899999999999997,0.6
2023-09-15 19:50:00+00:00,16.52,7.0,3.88,0.6
2023-09-15 20:00:00+00:00,16.48,7.0,3.87,0.6
2023-09-15 20:10:00+00:00,16.44,7.0,3.86,0.6
2023-09-15 20:20:00+00:00,16.4,7.0,3.8499999999999996,0.6
2023-09-15 20:30:00+00:00,16.36,7.0,3.84,0.6
2023-09-15 20:40:00+00:00,16.32,7.0,3.83,0.6
2023-09-15 20:50:00+00:00,16.28,7.0,3.82,0.6
2023-09-15 21:00:00+00:00,16.24,7.0,3.8099999999999996,0.6
2023-09-15 21:10:00+00:00,16.2,7.0,3.8,0.6
2023-09-15 21:20:00+00:00,16.176923076923075,6.923076923076923,3.8,0.5846153846153846
2023-09-15 21:30:00+00:00,16.153846153846153,6.846153846153846,3.8,0.5692307692307692
2023-09-15 21:40:00+00:00,16.130769230769232,6.769230769230769,3.8,0.5538461538461539
2023-09-15 21:50:00+00:00,16.107692307692307,6.6923076923076925,3.8,0.5384615384615384
2023-09-15 22:00:00+00:00,16.084615384615383,6.615384615384615,3.8,0.5230769230769231
2023-09-15 22:10:00+00:00,16.06153846153846,6.538461538461538,3.8,0.5076923076923077
2023-09-15 22:20:00+00:00,16.03846153846154,6.461538461538462,3.8,0.49230769230769234
2023-09-15 22:30:00+00:00,16.015384615384615,6.384615384615385,3.8,0.4769230769230769
2023-09-15 22:40:00+00:00,15.992307692307692,6.3076923076923075,3.8,0.46153846153846156
2023-09-15 22:50:00+00:00,15.96923076923077,6.230769230769231,3.8,0.4461538461538461
2023-09-15 23:00:00+00:00,15.946153846153846,6.153846153846153,3.8,0.4307692307692308
2023-09-15 23:10:00+00:00,15.923076923076923,6.076923076923077,3.8,0.4153846153846154
2023-09-15 23:20:00+00:00,15.9,6.0,3.8,0.4
2023-09-15 23:30:00+00:00,15.86,6.1,3.79,0.42000000000000004
2023-09-15 23:40:00+00:00,15.82,6.2,3.78,0.44
2023-09-15 23:50:00+00:00,15.780000000000001,6.3,3.77,0.46
2023-09-16 00:00:00+00:00,15.74,6.4,3.76,0.48
2023-09-16 00:10:00+00:00,15.7,6.5,3.75,0.5
2023-09-16 00:20:00+00:00,15.66,6.6,3.74,0.52
2023-09-16 00:30:00+00:00,15.620000000000001,6.7,3.73,0.54
2023-09-16 00:40:00+00:00,15.58,6.8,3.72,0.56
2023-09-16 00:50:00+00:00,15.54,6.9,3.71,0.58
2023-09-16 01:00:00+00:00,15.5,7.0,3.7,0.6
2023-09-16 01:10:00+00:00,15.45,7.0,3.71,0.6
2023-09-16 01:20:00+00:00,15.4,7.0,3.72,0.6
2023-09-16 01:30:00+00:00,15.35,7.0,3.73,0.6
2023-09-16 01:40:00+00:00,15.3,7.0,3.74,0.6
2023-09-16 01:50:00+00:00,15.25,7.0,3.75,0.6
2023-09-16 02:00:00+00:00,15.2,7.0,3.76,0.6
2023-09-16 02:10:00+00:00,15.15,7.0,3.77,0.6
2023-09-16 02:20:00+00:00,15.1,7.0,3.78,0.6
2023-09-16 02:30:00+00:00,15.05,7.0,3.79,0.6
2023-09-16 02:40:00+00:00,15.0,7.0,3.8,0.6
2023-09-16 02:50:00+00:00,14.955,7.0,3.8,0.875
2023-09-16 03:00:00+00:00,14.91,7.0,3.8,1.15
2023-09-16 03:10:00+00:00,14.865,7.0,3.8,1.4249999999999998
2023-09-16 03:20:00+00:00,14.82,7.0,3.8,1.6999999999999997
2023-09-16 03:30:00+00:00,14.775,7.0,3.8,1.9749999999999996
2023-09-16 03:40:00+00:00,14.73,7.0,3.8,2.25
2023-09-16 03:50:00+00:00,14.685,7.0,3.8,2.525
2023-09-16 04:00:00+00:00,14.64,7.0,3.8,2.8
2023-09-16 04:10:00+00:00,14.595,7.0,3.8,3.0749999999999997
2023-09-16 04:20:00+00:00,14.55,7.0,3.8,3.3499999999999996
2023-09-16 04:30:00+00:00,14.525,7.0,3.8,3.7249999999999996
2023-09-16 04:40:00+00:00,14.5,7.0,3.8,4.1
2023-09-16 04:50:00+00:00,14.5,7.0,3.8,4.1
2023-09-16 05:00:00+00:00,14.45,7.0,3.9,4.1
2023-09-16 05:10:00+00:00,14.4,7.0,4.0,4.1
2023-09-16 05:20:00+00:00,14.4,7.0,5.5,4.1
2023-09-16 05:30:00+00:00,14.5,7.0,6.0,4.1
2023-09-16 05:40:00+00:00,14.5,7.0,6.1,4.1
2023-09-16 05:50:00+00:00,14.5,7.0,6.3,4.1
2023-09-16 06:00:00+00:00,14.5,7.0,6.3,4.1
2023-09-16 06:10:00+00:00,14.5,7.0,6.2,4.1
2023-09-16 06:20:00+00:00,14.55,6.5,6.2,4.1
2023-09-16 06:30:00+00:00,14.6,6.0,6.2,4.1
2023-09-16 06:40:00+00:00,14.6,6.5,6.300000000000001,4.1
2023-09-16 06:50:00+00:00,14.6,7.0,6.4,4.1
2023-09-16 07:00:00+00:00,14.6,7.0,6.5,4.1
2023-09-16 07:10:00+00:00,14.6,7.0,6.5,4.1
2023-09-16 07:20:00+00:00,14.6,6.0,6.6,4.1
2023-09-16 07:30:00+00:00,14.7,7.0,6.7,4.1
2023-09-16 07:40:00+00:00,14.7,7.0,6.7,4.1
2023-09-16 07:50:00+00:00,14.7,6.0,6.7,4.1
2023-09-16 08:00:00+00:00,14.7,7.0,6.7,4.1
2023-09-16 08:10:00+00:00,14.7,6.5,6.65,4.1
2023-09-16 08:20:00+00:00,14.7,6.0,6.6,4.1
2023-09-16 08:30:00+00:00,14.7,7.0,6.7,4.1
2023-09-16 08:40:00+00:00,14.7,6.0,6.7,4.1
2023-09-16 08:50:00+00:00,14.75,6.0,6.75,4.15
2023-09-16 09:00:00+00:00,14.8,6.0,6.8,4.2
2023-09-16 09:10:00+00:00,14.8,7.0,6.8,5.0
2023-09-16 09:20:00+00:00,14.8,6.5,6.85,5.6
2023-09-16 09:30:00+00:00,14.8,6.0,6.9,6.2
2023-09-16 09:40:00+00:00,14.9,6.0,6.7,6.2
2023-09-16 09:50:00+00:00,14.9,6.0,6.6,6.2
2023-09-16 10:00:00+00:00,14.95,6.0,6.55,6.25
2023-09-16 10:10:00+00:00,15.0,6.0,6.5,6.3
2023-09-16 10:20:00+00:00,15.0,6.0,6.3,6.3
2023-09-16 10:30:00+00:00,15.0,7.0,6.2,6.3
2023-09-16 10:40:00+00:00,15.1,7.0,6.3,6.2
2023-09-16 10:50:00+00:00,15.1,6.0,6.2,6.2
2023-09-16 11:00:00+00:00,15.1,7.0,6.1,6.2
2023-09-16 11:10:00+00:00,15.1,7.0,6.0,6.3
2023-09-16 11:20:00+00:00,15.125,6.75,5.95,6.275
2023-09-16 11:30:00+00:00,15.149999999999999,6.5,5.9,6.25
2023-09-16 11:40:00+00:00,15.2,6.0,5.9,6.2
2023-09-16 11:50:00+00:00,15.2,7.0,5.8,6.2
2023-09-16 12:00:00+00:00,15.25,6.5,5.8,6.25
2023-09-16 12:10:00+00:00,15.3,6.0,5.8,6.3
2023-09-16 12:20:00+00:00,15.3,7.0,5.8,6.3
2023-09-16 12:30:00+00:00,15.3,6.0,5.8,6.2
2023-09-16 12:40:00+00:00,15.350000000000001,6.0,5.8,6.2
2023-09-16 12:50:00+00:00,15.4,6.0,5.8,6.2
2023-09-16 13:00:00+00:00,15.5,7.0,5.8,6.2
2023-09-16 13:10:00+00:00,15.5,7.0,5.7,6.2
2023-09-16 13:20:00+00:00,15.5,6.0,5.8,6.2
2023-09-16 13:30:00+00:00,15.5,6.0,5.75,6.2
2023-09-16 13:40:00+00:00,15.5,6.0,5.7,6.2
2023-09-16 13:50:00+00:00,15.6,6.0,5.7,6.2
2023-09-16 14:00:00+00:00,15.6,6.0,5.7,6.2
2023-09-16 14:10:00+00:00,15.6,6.0,5.7,6.2
2023-09-16 14:20:00+00:00,15.6,6.0,5.7,6.2
2023-09-16 14:30:00+00:00,15.7,6.0,5.6,6.2
2023-09-16 14:40:00+00:00,15.7,7.0,5.6,6.2
2023-09-16 14:50:00+00:00,15.8,7.0,5.5,6.3
2023-09-16 15:00:00+00:00,15.8,7.0,5.5,6.25
2023-09-16 15:10:00+00:00,15.8,7.0,5.5,6.2
2023-09-16 15:20:00+00:00,15.8,7.0,5.5,6.2
2023-09-16 15:30:00+00:00,15.8,7.0,5.5,6.2
2023-09-16 15:40:00+00:00,15.9,7.0,5.4,6.2
2023-09-16 15:50:00+00:00,15.9,6.0,5.4,6.2
2023-09-16 16:00:00+00:00,16.0,6.0,5.4,6.2
2023-09-16 16:10:00+00:00,16.0,7.0,5.3,6.1
2023-09-16 16:20:00+00:00,16.0,7.0,5.2,5.5
2023-09-16 16:30:00+00:00,16.0,7.0,5.1,4.1
2023-09-16 16:40:00+00:00,16.0,6.0,5.0,4.1
2023-09-16 16:50:00+00:00,16.0,6.0,4.8,4.1
2023-09-16 17:00:00+00:00,16.1,6.0,4.7,4.1
2023-09-16 17:10:00+00:00,16.1,6.5,4.65,3.8499999999999996
2023-09-16 17:20:00+00:00,16.1,7.0,4.6,3.6
2023-09-16 17:30:00+00:00,16.1,6.0,4.4,1.5
2023-09-16 17:40:00+00:00,16.1,6.0,4.2,0.9
2023-09-16 17:50:00+00:00,16.1,6.076923076923077,4.176923076923077,0.8769230769230769
2023-09-16 18:00:00+00:00,16.1,6.153846153846154,4.153846153846154,0.8538461538461538
2023-09-16 18:10:00+00:00,16.1,6.230769230769231,4.130769230769231,0.8307692307692308
2023-09-16 18:20:00+00:00,16.1,6.3076923076923075,4.107692307692308,0.8076923076923077
2023-09-16 18:30:00+00:00,16.1,6.384615384615385,4.084615384615384,0.7846153846153846
2023-09-16 18:40:00+00:00,16.1,6.461538461538462,4.061538461538461,0.7615384615384615
2023-09-16 18:50:00+00:00,16.1,6.538461538461538,4.038461538461538,0.7384615384615385
2023-09-16 19:00:00+00:00,16.1,6.615384615384615,4.015384615384615,0.7153846153846154
2023-09-16 19:10:00+00:00,16.1,6.6923076923076925,3.9923076923076923,0.6923076923076923
2023-09-16 19:20:00+00:00,16.1,6.769230769230769,3.9692307692307693,0.6692307692307692
2023-09-16 19:30:00+00:00,16.1,6.846153846153847,3.946153846153846,0.6461538461538461
2023-09-16 19:40:00+00:00,16.1,6.923076923076923,3.923076923076923,0.6230769230769231
2023-09-16 19:50:00+00:00,16.1,7.0,3.9,0.6
2023-09-16 20:00:00+00:00,16.09,7.0,3.8899999999999997,0.6
2023-09-16 20:10:00+00:00,16.080000000000002,7.0,3.88,0.6
2023-09-16 20:20:00+00:00,16.07,7.0,3.87,0.6
2023-09-16 20:30:00+00:00,16.060000000000002,7.0,3.86,0.6
2023-09-16 20:40:00+00:00,16.05,7.0,3.8499999999999996,0.6
2023-09-16 20:50:00+00:00,16.04,7.0,3.84,0.6
2023-09-16 21:00:00+00:00,16.03,7.0,3.83,0.6
2023-09-16 21:10:00+00:00,16.02,7.0,3.82,0.6
2023-09-16 21:20:00+00:00,16.01,7.0,3.8099999999999996,0.6
2023-09-16 21:30:00+00:00,16.0,7.0,3.8,0.6
2023-09-16 21:40:00+00:00,15.97,6.9,3.8,0.6
2023-09-16 21:50:00+00:00,15.94,6.8,3.8,0.6
2023-09-16 22:00:00+00:00,15.91,6.7,3.8,0.6
2023-09-16 22:10:00+00:00,15.879999999999999,6.6,3.8,0.6
2023-09-16 22:20:00+00:00,15.85,6.5,3.8,0.6
2023-09-16 22:30:00+00:00,15.82,6.4,3.8,0.6
2023-09-16 22:40:00+00:00,15.79,6.3,3.8,0.6
2023-09-16 22:50:00+00:00,15.76,6.2,3.8,0.6
2023-09-16 23:00:00+00:00,15.729999999999999,6.1,3.8,0.6
2023-09-16 23:10:00+00:00,15.7,6.0,3.8,0.6
2023-09-16 23:20:00+00:00,15.68,6.1,3.8099999999999996,0.6
2023-09-16 23:30:00+00:00,15.66,6.2,3.82,0.6
2023-09-16 23:40:00+00:00,15.639999999999999,6.3,3.83,0.6
2023-09-16 23:50:00+00:00,15.62,6.4,3.84,0.6
2023-09-17 00:00:00+00:00,15.6,6.5,3.8499999999999996,0.6
2023-09-17 00:10:00+00:00,15.58,6.6,3.86,0.6
2023-09-17 00:20:00+00:00,15.56,6.7,3.87,0.6
2023-09-17 00:30:00+00:00,15.54,6.8,3.88,0.6
2023-09-17 00:40:00+00:00,15.52,6.9,3.8899999999999997,0.6
2023-09-17 00:50:00+00:00,15.5,7.0,3.9,0.6
2023-09-17 01:00:00+00:00,15.48,7.0,3.91,0.6
2023-09-17 01:10:00+00:00,15.46,7.0,3.92,0.6
2023-09-17 01:20:00+00:00,15.44,7.0,3.9299999999999997,0.6
2023-09-17 01:30:00+00:00,15.42,7.0,3.94,0.6
2023-09-17 01:40:00+00:00,15.4,7.0,3.95,0.6
2023-09-17 01:50:00+00:00,15.38,7.0,3.96,0.6
2023-09-17 02:00:00+00:00,15.360000000000001,7.0,3.9699999999999998,0.6
2023-09-17 02:10:00+00:00,15.34,7.0,3.98,0.6
2023-09-17 02:20:00+00:00,15.32,7.0,3.99,0.6
2023-09-17 02:30:00+00:00,15.3,7.0,4.0,0.6
2023-09-17 02:40:00+00:00,15.280000000000001,6.9,3.99,0.65
2023-09-17 02:50:00+00:00,15.26,6.8,3.98,0.7
2023-09-17 03:00:00+00:00,15.24,6.7,3.9699999999999998,0.75
2023-09-17 03:10:00+00:00,15.22,6.6,3.96,0.8
2023-09-17 03:20:00+00:00,15.2,6.5,3.95,0.8500000000000001
2023-09-17 03:30:00+00:00,15.18,6.4,3.94,0.9
2023-09-17 03:40:00+00:00,15.16,6.3,3.9299999999999997,0.9500000000000001
2023-09-17 03:50:00+00:00,15.14,6.2,3.92,1.0
2023-09-17 04:00:00+00:00,15.12,6.1,3.91,1.05
2023-09-17 04:10:00+00:00,15.1,6.0,3.9,1.1
2023-09-17 04:20:00+00:00,15.1,6.0,3.9,4.1
2023-09-17 04:30:00+00:00,15.1,7.0,3.9,4.1
2023-09-17 04:40:00+00:00,15.1,6.0,3.9,4.1
2023-09-17 04:50:00+00:00,15.1,6.5,3.9,4.1
2023-09-17 05:00:00+00:00,15.1,7.0,3.9,4.1
2023-09-17 05:10:00+00:00,15.1,6.0,4.2,4.1
2023-09-17 05:20:00+00:00,15.1,6.0,4.75,4.1
2023-09-17 05:30:00+00:00,15.1,6.0,5.3,4.1
2023-09-17 05:40:00+00:00,15.1,7.0,5.4,4.1
2023-09-17 05:50:00+00:00,15.1,7.0,5.4,4.1
2023-09-17 06:00:00+00:00,15.1,7.0,5.4,4.1
2023-09-17 06:10:00+00:00,15.1,7.0,5.5,4.1
2023-09-17 06:20:00+00:00,15.1,7.0,5.5,4.1
2023-09-17 06:30:00+00:00,15.1,7.0,5.5,4.1
2023-09-17 06:40:00+00:00,15.1,7.0,5.5,4.1
2023-09-17 06:50:00+00:00,15.1,7.0,5.5,4.1
2023-09-17 07:00:00+00:00,15.1,7.0,5.5,4.1
2023-09-17 07:10:00+00:00,15.1,7.0,5.6,4.1
2023-09-17 07:20:00+00:00,15.1,7.0,5.6,4.1
2023-09-17 07:30:00+00:00,15.2,6.0,5.6,4.1
2023-09-17 07:40:00+00:00,15.2,6.5,5.65,4.1
2023-09-17 07:50:00+00:00,15.2,7.0,5.7,4.1
2023-09-17 08:00:00+00:00,15.2,7.0,5.7,4.1
2023-09-17 08:10:00+00:00,15.2,6.0,5.7,4.2
2023-09-17 08:20:00+00:00,15.2,6.0,5.7,4.1
2023-09-17 08:30:00+00:00,15.3,7.0,5.8,4.1
2023-09-17 08:40:00+00:00,15.3,7.0,5.8,4.1
2023-09-17 08:50:00+00:00,15.3,7.0,5.8,4.1
2023-09-17 09:00:00+00:00,15.3,7.0,5.8,4.2
2023-09-17 09:10:00+00:00,15.3,7.0,5.8,5.0
2023-09-17 09:20:00+00:00,15.3,6.0,5.8,5.8
2023-09-17 09:30:00+00:00,15.3,6.0,5.8,5.8
2023-09-17 09:40:00+00:00,15.3,7.0,5.8,5.9
2023-09-17 09:50:00+00:00,15.4,7.0,5.8,6.0
2023-09-17 10:00:00+00:00,15.4,6.0,5.8,6.0
2023-09-17 10:10:00+00:00,15.5,6.0,5.9,6.0
2023-09-17 10:20:00+00:00,15.5,6.5,5.85,6.0
2023-09-17 10:30:00+00:00,15.5,7.0,5.8,6.0
2023-09-17 10:40:00+00:00,15.5,7.0,5.8,6.0
2023-09-17 10:50:00+00:00,15.5,7.0,5.8,6.1
2023-09-17 11:00:00+00:00,15.6,7.0,5.7,6.0
2023-09-17 11:10:00+00:00,15.6,7.0,5.7,5.9
2023-09-17 11:20:00+00:00,15.649999999999999,7.0,5.7,5.95
2023-09-17 11:30:00+00:00,15.7,7.0,5.7,6.0
2023-09-17 11:40:00+00:00,15.7,6.0,5.7,6.0
2023-09-17 11:50:00+00:00,15.8,6.0,5.7,5.9
2023-09-17 12:00:00+00:00,15.8,6.5,5.7,5.95
2023-09-17 12:10:00+00:00,15.8,7.0,5.7,6.0
2023-09-17 12:20:00+00:00,15.9,6.0,5.7,6.0
2023-09-17 12:30:00+00:00,15.9,6.0,5.7,5.9
2023-09-17 12:40:00+00:00,16.0,6.0,5.7,5.8
2023-09-17 12:50:00+00:00,16.0,6.0,5.6,6.0
2023-09-17 13:00:00+00:00,16.05,6.5,5.6,5.95
2023-09-17 13:10:00+00:00,16.1,7.0,5.6,5.9
2023-09-17 13:20:00+00:00,16.1,6.0,5.6,5.9
2023-09-17 13:30:00+00:00,16.1,7.0,5.5,5.9
2023-09-17 13:40:00+00:00,16.1,6.0,5.5,5.9
2023-09-17 13:50:00+00:00,16.2,6.0,5.5,5.9
2023-09-17 14:00:00+00:00,16.3,6.0,5.5,5.9
2023-09-17 14:10:00+00:00,16.3,6.0,5.4,6.1
2023-09-17 14:20:00+00:00,16.3,6.0,5.3,6.0
2023-09-17 14:30:00+00:00,16.3,6.0,5.3,6.1
2023-09-17 14:40:00+00:00,16.3,6.0,5.2,6.1
2023-09-17 14:50:00+00:00,16.35,6.0,5.1,5.1
2023-09-17 15:00:00+00:00,16.4,6.0,5.0,4.1
2023-09-17 15:10:00+00:00,16.433333333333334,6.0,4.933333333333334,4.1
2023-09-17 15:20:00+00:00,16.466666666666665,6.0,4.866666666666666,4.1
2023-09-17 15:30:00+00:00,16.5,6.0,4.8,4.1
2023-09-17 15:40:00+00:00,16.5,6.0,4.733333333333333,4.1
2023-09-17 15:50:00+00:00,16.5,6.0,4.666666666666666,4.1
2023-09-17 16:00:00+00:00,16.5,6.0,4.6,4.1
2023-09-17 16:10:00+00:00,16.6,6.0,4.4,4.1
2023-09-17 16:20:00+00:00,16.6,6.0,4.4,4.5
2023-09-17 16:30:00+00:00,16.6,6.0,4.2,4.4
2023-09-17 16:40:00+00:00,16.6,6.5,4.15,4.300000000000001
2023-09-17 16:50:00+00:00,16.6,7.0,4.1,4.2
2023-09-17 17:00:00+00:00,16.7,6.0,4.1,4.1
2023-09-17 17:10:00+00:00,16.7,6.0,4.0,3.6
2023-09-17 17:20:00+00:00,16.8,6.0,4.0,1.7
2023-09-17 17:30:00+00:00,16.8,6.0,3.9,0.9
2023-09-17 17:40:00+00:00,16.8,6.0,3.88,0.85
2023-09-17 17:50:00+00:00,16.8,6.0,3.86,0.8
2023-09-17 18:00:00+00:00,16.8,6.0,3.84,0.75
2023-09-17 18:10:00+00:00,16.8,6.0,3.82,0.7
2023-09-17 18:20:00+00:00,16.8,6.0,3.8,0.65
2023-09-17 18:30:00+00:00,16.8,6.0,3.7800000000000002,0.6
2023-09-17 18:40:00+00:00,16.8,6.0,3.7600000000000002,0.55
2023-09-17 18:50:00+00:00,16.8,6.0,3.74,0.5
2023-09-17 19:00:00+00:00,16.8,6.0,3.72,0.45
2023-09-17 19:10:00+00:00,16.8,6.0,3.7,0.4
2023-09-17 19:20:00+00:00,16.79,6.0,3.71,0.42000000000000004
2023-09-17 19:30:00+00:00,16.78,6.0,3.72,0.44
2023-09-17 19:40:00+00:00,16.77,6.0,3.73,0.46
2023-09-17 19:50:00+00:00,16.76,6.0,3.74,0.48
2023-09-17 20:00:00+00:00,16.75,6.0,3.75,0.5
2023-09-17 20:10:00+00:00,16.74,6.0,3.76,0.52
2023-09-17 20:20:00+00:00,16.73,6.0,3.77,0.54
2023-09-17 20:30:00+00:00,16.72,6.0,3.78,0.56
2023-09-17 20:40:00+00:00,16.71,6.0,3.79,0.58
2023-09-17 20:50:00+00:00,16.7,6.0,3.8,0.6
2023-09-17 21:00:00+00:00,16.683720930232557,6.0,3.8209302325581396,0.6023255813953489
2023-09-17 21:10:00+00:00,16.667441860465114,6.0,3.841860465116279,0.6046511627906976
2023-09-17 21:20:00+00:00,16.651162790697672,6.0,3.8627906976744186,0.6069767441860465
2023-09-17 21:30:00+00:00,16.634883720930233,6.0,3.883720930232558,0.6093023255813953
2023-09-17 21:40:00+00:00,16.61860465116279,6.0,3.9046511627906977,0.6116279069767442
2023-09-17 21:50:00+00:00,16.60232558139535,6.0,3.925581395348837,0.613953488372093
2023-09-17 22:00:00+00:00,16.586046511627906,6.0,3.9465116279069767,0.6162790697674418
2023-09-17 22:10:00+00:00,16.569767441860463,6.0,3.967441860465116,0.6186046511627906
2023-09-17 22:20:00+00:00,16.55348837209302,6.0,3.988372093023256,0.6209302325581395
2023-09-17 22:30:00+00:00,16.537209302325582,6.0,4.0093023255813955,0.6232558139534884
2023-09-17 22:40:00+00:00,16.52093023255814,6.0,4.030232558139534,0.6255813953488372
2023-09-17 22:50:00+00:00,16.504651162790697,6.0,4.051162790697674,0.627906976744186
2023-09-17 23:00:00+00:00,16.488372093023255,6.0,4.072093023255814,0.6302325581395348
2023-09-17 23:10:00+00:00,16.472093023255812,6.0,4.093023255813954,0.6325581395348837
2023-09-17 23:20:00+00:00,16.45581395348837,6.0,4.113953488372093,0.6348837209302325
2023-09-17 23:30:00+00:00,16.43953488372093,6.0,4.134883720930232,0.6372093023255814
2023-09-17 23:40:00+00:00,16.42325581395349,6.0,4.155813953488372,0.6395348837209303
2023-09-17 23:50:00+00:00,16.406976744186046,6.0,4.176744186046512,0.641860465116279
2023-09-18 00:00:00+00:00,16.390697674418604,6.0,4.1976744186046515,0.6441860465116279
2023-09-18 00:10:00+00:00,16.37441860465116,6.0,4.21860465116279,0.6465116279069767
2023-09-18 00:20:00+00:00,16.35813953488372,6.0,4.23953488372093,0.6488372093023256
2023-09-18 00:30:00+00:00,16.34186046511628,6.0,4.26046511627907,0.6511627906976744
2023-09-18 00:40:00+00:00,16.325581395348838,6.0,4.28139534883721,0.6534883720930232
2023-09-18 00:50:00+00:00,16.309302325581395,6.0,4.3023255813953485,0.655813953488372
2023-09-18 01:00:00+00:00,,,,
2023-09-18 01:10:00+00:00,,,,
2023-09-18 01:20:00+00:00,,,,
2023-09-18 01:30:00+00:00,,,,
2023-09-18 01:40:00+00:00,,,,
2023-09-18 01:50:00+00:00,,,,
2023-09-18 02:00:00+00:00,,,,
2023-09-18 02:10:00+00:00,,,,
2023-09-18 02:20:00+00:00,,,,
2023-09-18 02:30:00+00:00,,,,
2023-09-18 02:40:00+00:00,,,,
2023-09-18 02:50:00+00:00,,,,
2023-09-18 03:00:00+00:00,,,,
2023-09-18 03:10:00+00:00,,,,
2023-09-18 03:20:00+00:00,,,,
2023-09-18 03:30:00+00:00,,,,
2023-09-18 03:40:00+00:00,,,,
2023-09-18 03:50:00+00:00,,,,
2023-09-18 04:00:00+00:00,16.0,6.0,4.7,0.7
2023-09-18 04:10:00+00:00,16.0,6.0,4.8,1.04
2023-09-18 04:20:00+00:00,16.0,6.0,4.9,1.38
2023-09-18 04:30:00+00:00,16.0,6.0,5.0,1.72
2023-09-18 04:40:00+00:00,16.0,6.0,5.1000000000000005,2.0599999999999996
2023-09-18 04:50:00+00:00,16.0,6.0,5.2,2.3999999999999995
2023-09-18 05:00:00+00:00,16.0,6.0,5.300000000000001,2.74
2023-09-18 05:10:00+00:00,16.0,6.0,5.4,3.08
2023-09-18 05:20:00+00:00,16.0,6.0,5.5,3.42
2023-09-18 05:30:00+00:00,16.0,6.0,5.6000000000000005,3.76
2023-09-18 05:40:00+00:00,16.0,6.0,5.7,4.1
2023-09-18 05:50:00+00:00,15.9,7.0,5.8,4.1
2023-09-18 06:00:00+00:00,16.0,6.0,6.1,3.9
2023-09-18 06:10:00+00:00,16.0,6.0,6.5,4.1
2023-09-18 06:20:00+00:00,16.0,7.0,6.6,4.1
2023-09-18 06:30:00+00:00,16.0,6.0,6.6,4.1
2023-09-18 06:40:00+00:00,16.0,7.0,6.6,4.1
2023-09-18 06:50:00+00:00,16.0,7.0,6.6,4.1
2023-09-18 07:00:00+00:00,16.0,7.0,6.6,4.1
2023-09-18 07:10:00+00:00,16.0,7.0,6.6,4.1
2023-09-18 07:20:00+00:00,16.0,7.0,6.6,4.1
2023-09-18 07:30:00+00:00,16.0,6.0,6.6,4.1
2023-09-18 07:40:00+00:00,16.0,7.0,6.7,4.1
2023-09-18 07:50:00+00:00,16.0,7.0,6.7,4.1
2023-09-18 08:00:00+00:00,16.0,6.0,6.7,4.1
2023-09-18 08:10:00+00:00,16.0,7.0,6.6,4.2
2023-09-18 08:20:00+00:00,16.0,6.0,6.6,4.1
2023-09-18 08:30:00+00:00,16.1,6.0,6.6,4.1
2023-09-18 08:40:00+00:00,16.1,6.0,6.6,4.15
2023-09-18 08:50:00+00:00,16.1,6.0,6.6,4.2
2023-09-18 09:00:00+00:00,16.1,6.0,6.7,4.1
2023-09-18 09:10:00+00:00,16.1,7.0,6.7,4.0
2023-09-18 09:20:00+00:00,16.15,6.5,6.7,4.95
2023-09-18 09:30:00+00:00,16.2,6.0,6.7,5.9
2023-09-18 09:40:00+00:00,16.2,7.0,6.7,6.0
2023-09-18 09:50:00+00:00,16.3,7.0,6.8,6.1
2023-09-18 10:00:00+00:00,16.3,6.0,6.8,6.1
2023-09-18 10:10:00+00:00,16.3,6.0,6.7,6.2
2023-09-18 10:20:00+00:00,16.4,6.0,6.6,6.2
2023-09-18 10:30:00+00:00,16.4,6.0,6.55,6.2
2023-09-18 10:40:00+00:00,16.4,6.0,6.5,6.2
2023-09-18 10:50:00+00:00,16.6,7.0,6.1,6.3
2023-09-18 11:00:00+00:00,16.700000000000003,6.0,6.05,5.699999999999999
2023-09-18 11:10:00+00:00,16.8,5.0,6.0,5.1
2023-09-18 11:20:00+00:00,16.8,6.0,6.0,6.1
2023-09-18 11:30:00+00:00,16.9,6.0,5.9,6.2
2023-09-18 11:40:00+00:00,17.0,6.0,5.7,6.2
2023-09-18 11:50:00+00:00,17.0,6.0,5.7,6.2
2023-09-18 12:00:00+00:00,17.05,6.0,5.65,6.15
2023-09-18 12:10:00+00:00,17.1,6.0,5.6,6.2
2023-09-18 12:20:00+00:00,17.15,6.0,5.55,6.2
2023-09-18 12:30:00+00:00,17.2,6.0,5.5,6.2
2023-09-18 12:40:00+00:00,17.3,6.0,5.4,5.5
2023-09-18 12:50:00+00:00,17.3,6.0,5.4,6.2
2023-09-18 13:00:00+00:00,17.35,6.0,5.4,6.15
2023-09-18 13:10:00+00:00,17.4,6.0,5.4,6.1
2023-09-18 13:20:00+00:00,17.5,6.0,5.3,6.1
2023-09-18 13:30:00+00:00,17.5,6.0,5.3,6.2
2023-09-18 13:40:00+00:00,17.5,6.0,5.3,6.2
2023-09-18 13:50:00+00:00,17.6,7.0,5.3,6.1
2023-09-18 14:00:00+00:00,17.6,6.0,5.2,6.0
2023-09-18 14:10:00+00:00,17.6,6.5,5.2,6.05
2023-09-18 14:20:00+00:00,17.6,7.0,5.2,6.1
2023-09-18 14:30:00+00:00,17.6,6.0,5.2,5.6
2023-09-18 14:40:00+00:00,17.6,5.0,5.1,6.2
2023-09-18 14:50:00+00:00,17.6,6.0,5.1,6.2
2023-09-18 15:00:00+00:00,17.7,6.0,5.0,5.8
2023-09-18 15:10:00+00:00,17.7,6.0,5.0,5.3
2023-09-18 15:20:00+00:00,17.8,7.0,4.9,5.6
2023-09-18 15:30:00+00:00,17.8,6.0,4.8,4.1
2023-09-18 15:40:00+00:00,17.8,6.0,4.8,4.1
2023-09-18 15:50:00+00:00,17.8,6.5,4.75,4.1
2023-09-18 16:00:00+00:00,17.8,7.0,4.7,4.1
2023-09-18 16:10:00+00:00,17.8,6.0,4.7,4.1
2023-09-18 16:20:00+00:00,17.8,6.0,4.7,4.1
2023-09-18 16:30:00+00:00,17.8,6.0,4.6,4.1
2023-09-18 16:40:00+00:00,17.8,6.0,4.6,4.1
2023-09-18 16:50:00+00:00,17.8,6.0,4.4,4.1
2023-09-18 17:00:00+00:00,17.8,6.0,4.3,3.6
2023-09-18 17:10:00+00:00,17.8,6.0,4.2,2.1
2023-09-18 17:20:00+00:00,17.8,6.0,4.1,0.7
2023-09-18 17:30:00+00:00,17.8,6.1,4.08,0.6699999999999999
2023-09-18 17:40:00+00:00,17.8,6.2,4.06,0.64
2023-09-18 17:50:00+00:00,17.8,6.3,4.04,0.61
2023-09-18 18:00:00+00:00,17.8,6.4,4.02,0.58
2023-09-18 18:10:00+00:00,17.8,6.5,4.0,0.55
2023-09-18 18:20:00+00:00,17.8,6.6,3.98,0.52
2023-09-18 18:30:00+00:00,17.8,6.7,3.96,0.49
2023-09-18 18:40:00+00:00,17.8,6.8,3.94,0.46
2023-09-18 18:50:00+00:00,17.8,6.9,3.92,0.43000000000000005
2023-09-18 19:00:00+00:00,17.8,7.0,3.9,0.4
2023-09-18 19:10:00+00:00,17.8,6.928571428571429,3.907142857142857,0.4142857142857143
2023-09-18 19:20:00+00:00,17.8,6.857142857142857,3.914285714285714,0.4285714285714286
2023-09-18 19:30:00+00:00,17.8,6.785714285714286,3.9214285714285713,0.44285714285714284
2023-09-18 19:40:00+00:00,17.8,6.714285714285714,3.9285714285714284,0.45714285714285713
2023-09-18 19:50:00+00:00,17.8,6.642857142857143,3.9357142857142855,0.4714285714285714
2023-09-18 20:00:00+00:00,17.8,6.571428571428571,3.9428571428571426,0.4857142857142857
2023-09-18 20:10:00+00:00,17.8,6.5,3.95,0.5
2023-09-18 20:20:00+00:00,17.8,6.428571428571429,3.9571428571428573,0.5142857142857142
2023-09-18 20:30:00+00:00,17.8,6.357142857142858,3.9642857142857144,0.5285714285714286
2023-09-18 20:40:00+00:00,17.8,6.285714285714286,3.9714285714285715,0.5428571428571428
2023-09-18 20:50:00+00:00,17.8,6.214285714285714,3.9785714285714286,0.5571428571428572
2023-09-18 21:00:00+00:00,17.8,6.142857142857143,3.9857142857142858,0.5714285714285714
2023-09-18 21:10:00+00:00,17.8,6.071428571428571,3.992857142857143,0.5857142857142856
2023-09-18 21:20:00+00:00,17.8,6.0,4.0,0.6
2023-09-18 21:30:00+00:00,17.78,6.0,4.05,0.6
2023-09-18 21:40:00+00:00,17.76,6.0,4.1,0.6
2023-09-18 21:50:00+00:00,17.740000000000002,6.0,4.15,0.6
2023-09-18 22:00:00+00:00,17.720000000000002,6.0,4.2,0.6
2023-09-18 22:10:00+00:00,17.700000000000003,6.0,4.25,0.6
2023-09-18 22:20:00+00:00,17.68,6.0,4.3,0.6
2023-09-18 22:30:00+00:00,17.66,6.0,4.35,0.6
2023-09-18 22:40:00+00:00,17.64,6.0,4.4,0.6
2023-09-18 22:50:00+00:00,17.62,6.0,4.45,0.6
2023-09-18 23:00:00+00:00,17.6,6.0,4.5,0.6
2023-09-18 23:10:00+00:00,17.59,6.0,4.51,0.6
2023-09-18 23:20:00+00:00,17.580000000000002,6.0,4.52,0.6
2023-09-18 23:30:00+00:00,17.57,6.0,4.53,0.6
2023-09-18 23:40:00+00:00,17.560000000000002,6.0,4.54,0.6
2023-09-18 23:50:00+00:00,17.55,6.0,4.55,0.6
2023-09-19 00:00:00+00:00,17.54,6.0,4.56,0.6
2023-09-19 00:10:00+00:00,17.53,6.0,4.569999999999999,0.6
2023-09-19 00:20:00+00:00,17.52,6.0,4.58,0.6
2023-09-19 00:30:00+00:00,17.51,6.0,4.59,0.6
2023-09-19 00:40:00+00:00,17.5,6.0,4.6,0.6
2023-09-19 00:50:00+00:00,17.5,6.0,4.56,0.6
2023-09-19 01:00:00+00:00,17.5,6.0,4.52,0.6
2023-09-19 01:10:00+00:00,17.5,6.0,4.4799999999999995,0.6
2023-09-19 01:20:00+00:00,17.5,6.0,4.4399999999999995,0.6
2023-09-19 01:30:00+00:00,17.5,6.0,4.4,0.6
2023-09-19 01:40:00+00:00,17.5,6.0,4.36,0.6
2023-09-19 01:50:00+00:00,17.5,6.0,4.32,0.6
2023-09-19 02:00:00+00:00,17.5,6.0,4.28,0.6
2023-09-19 02:10:00+00:00,17.5,6.0,4.24,0.6
2023-09-19 02:20:00+00:00,17.5,6.0,4.2,0.6
2023-09-19 02:30:00+00:00,17.5,6.1,4.19,0.6
2023-09-19 02:40:00+00:00,17.5,6.2,4.18,0.6
2023-09-19 02:50:00+00:00,17.5,6.3,4.17,0.6
2023-09-19 03:00:00+00:00,17.5,6.4,4.16,0.6
2023-09-19 03:10:00+00:00,17.5,6.5,4.15,0.6
2023-09-19 03:20:00+00:00,17.5,6.6,4.14,0.6
2023-09-19 03:30:00+00:00,17.5,6.7,4.13,0.6
2023-09-19 03:40:00+00:00,17.5,6.8,4.12,0.6
2023-09-19 03:50:00+00:00,17.5,6.9,4.109999999999999,0.6
2023-09-19 04:00:00+00:00,17.5,7.0,4.1,0.6
2023-09-19 04:10:00+00:00,17.49,6.9,4.1499999999999995,0.95
2023-09-19 04:20:00+00:00,17.48,6.8,4.199999999999999,1.2999999999999998
2023-09-19 04:30:00+00:00,17.47,6.7,4.25,1.65
2023-09-19 04:40:00+00:00,17.46,6.6,4.3,2.0
2023-09-19 04:50:00+00:00,17.45,6.5,4.35,2.35
2023-09-19 05:00:00+00:00,17.439999999999998,6.4,4.3999999999999995,2.6999999999999997
2023-09-19 05:10:00+00:00,17.43,6.3,4.449999999999999,3.05
2023-09-19 05:20:00+00:00,17.419999999999998,6.2,4.5,3.4
2023-09-19 05:30:00+00:00,17.41,6.1,4.55,3.75
2023-09-19 05:40:00+00:00,17.4,6.0,4.6,4.1
2023-09-19 05:50:00+00:00,17.4,7.0,4.8,4.1
2023-09-19 06:00:00+00:00,17.4,7.0,4.9,4.1
2023-09-19 06:10:00+00:00,17.4,7.0,5.0,4.1
2023-09-19 06:20:00+00:00,17.4,6.0,5.2,4.1
2023-09-19 06:30:00+00:00,17.4,6.0,5.5,4.1
2023-09-19 06:40:00+00:00,17.4,6.0,5.8,4.1
2023-09-19 06:50:00+00:00,17.4,6.0,6.0,4.1
2023-09-19 07:00:00+00:00,17.5,7.0,6.1,4.1
2023-09-19 07:10:00+00:00,17.5,6.0,6.1,4.1
2023-09-19 07:20:00+00:00,17.5,6.0,6.2,3.9
2023-09-19 07:30:00+00:00,17.5,6.0,6.2,4.1
2023-09-19 07:40:00+00:00,17.5,6.0,6.2,4.1
2023-09-19 07:50:00+00:00,17.5,6.0,6.15,4.1
2023-09-19 08:00:00+00:00,17.5,6.0,6.1,4.1
2023-09-19 08:10:00+00:00,17.5,6.0,6.1,4.1
2023-09-19 08:20:00+00:00,17.5,6.0,6.1,4.1
2023-09-19 08:30:00+00:00,17.5,6.0,6.1,4.1
2023-09-19 08:40:00+00:00,17.5,6.0,6.1,4.1
2023-09-19 08:50:00+00:00,17.5,6.0,6.1,4.1
2023-09-19 09:00:00+00:00,17.5,7.0,6.2,4.1
2023-09-19 09:10:00+00:00,17.6,6.0,6.2,4.1
2023-09-19 09:20:00+00:00,17.6,7.0,6.1,4.2
2023-09-19 09:30:00+00:00,17.6,7.0,6.0,4.1
2023-09-19 09:40:00+00:00,17.65,6.5,5.9,4.15
2023-09-19 09:50:00+00:00,17.7,6.0,5.8,4.2
2023-09-19 10:00:00+00:00,17.8,6.0,5.7,5.9
2023-09-19 10:10:00+00:00,18.0,6.0,5.5,6.0
2023-09-19 10:20:00+00:00,18.0,6.0,5.3,6.2
2023-09-19 10:30:00+00:00,18.1,6.0,5.2,5.6
2023-09-19 10:40:00+00:00,18.1,6.0,5.1,4.1
2023-09-19 10:50:00+00:00,18.1,7.0,4.9,4.1
2023-09-19 11:00:00+00:00,18.0,6.0,4.9,6.3
2023-09-19 11:10:00+00:00,18.1,6.0,5.1,6.3
2023-09-19 11:20:00+00:00,18.1,6.0,5.1,6.1
2023-09-19 11:30:00+00:00,18.1,6.5,5.0,6.1
2023-09-19 11:40:00+00:00,18.1,7.0,4.9,6.1
2023-09-19 11:50:00+00:00,18.0,7.0,4.9,5.9
2023-09-19 12:00:00+00:00,18.0,6.0,4.9,6.2
2023-09-19 12:10:00+00:00,18.0,6.0,4.9,6.2
2023-09-19 12:20:00+00:00,18.0,6.0,4.9,6.3
2023-09-19 12:30:00+00:00,18.0,6.0,5.0,5.9
2023-09-19 12:40:00+00:00,17.9,6.0,4.9,5.9
2023-09-19 12:50:00+00:00,17.9,6.0,4.7,6.2
2023-09-19 13:00:00+00:00,17.9,6.0,4.8,6.3
2023-09-19 13:10:00+00:00,18.0,6.0,4.9,6.3
2023-09-19 13:20:00+00:00,18.0,6.0,4.95,6.3
2023-09-19 13:30:00+00:00,18.0,6.0,5.0,6.3
2023-09-19 13:40:00+00:00,18.0,6.0,4.9,6.4
2023-09-19 13:50:00+00:00,18.0,7.0,4.9,6.4
2023-09-19 14:00:00+00:00,18.0,6.0,4.8,6.3
2023-09-19 14:10:00+00:00,18.0,6.0,4.8,6.3
2023-09-19 14:20:00+00:00,18.0,6.0,4.7,6.0
2023-09-19 14:30:00+00:00,17.8,6.0,4.4,5.6
2023-09-19 14:40:00+00:00,17.8,6.0,4.3,6.3
2023-09-19 14:50:00+00:00,17.7,7.0,4.6,6.3
2023-09-19 15:00:00+00:00,17.7,6.0,4.7,6.3
2023-09-19 15:10:00+00:00,17.65,6.0,4.6,5.699999999999999
2023-09-19 15:20:00+00:00,17.6,6.0,4.5,5.1
2023-09-19 15:30:00+00:00,17.6,6.0,4.3,4.1
2023-09-19 15:40:00+00:00,17.5,6.0,4.3,6.2
2023-09-19 15:50:00+00:00,17.5,6.0,4.3,4.1
2023-09-19 16:00:00+00:00,17.5,6.0,4.2,4.1
2023-09-19 16:10:00+00:00,17.4,7.0,4.0,4.1
2023-09-19 16:20:00+00:00,17.4,6.5,3.95,4.1
2023-09-19 16:30:00+00:00,17.4,6.0,3.9,4.1
2023-09-19 16:40:00+00:00,17.3,6.0,3.9,4.1
2023-09-19 16:50:00+00:00,17.3,6.0,3.8,4.0
2023-09-19 17:00:00+00:00,17.3,6.0,3.8,3.55
2023-09-19 17:10:00+00:00,17.3,6.0,3.8,3.1
2023-09-19 17:20:00+00:00,17.3,6.0,3.8,1.4
2023-09-19 17:30:00+00:00,17.2,7.0,3.7,0.8
2023-09-19 17:40:00+00:00,17.17391304347826,6.956521739130435,3.704347826086957,0.791304347826087
2023-09-19 17:50:00+00:00,17.14782608695652,6.913043478260869,3.708695652173913,0.782608695652174
2023-09-19 18:00:00+00:00,17.121739130434783,6.869565217391305,3.71304347826087,0.773913043478261
2023-09-19 18:10:00+00:00,17.09565217391304,6.826086956521739,3.717391304347826,0.7652173913043478
2023-09-19 18:20:00+00:00,17.069565217391304,6.782608695652174,3.721739130434783,0.7565217391304349
2023-09-19 18:30:00+00:00,17.043478260869566,6.739130434782608,3.726086956521739,0.7478260869565218
2023-09-19 18:40:00+00:00,17.017391304347825,6.695652173913043,3.730434782608696,0.7391304347826088
2023-09-19 18:50:00+00:00,16.991304347826087,6.6521739130434785,3.734782608695652,0.7304347826086957
2023-09-19 19:00:00+00:00,16.965217391304346,6.608695652173913,3.739130434782609,0.7217391304347827
2023-09-19 19:10:00+00:00,16.93913043478261,6.565217391304348,3.743478260869565,0.7130434782608696
2023-09-19 19:20:00+00:00,16.91304347826087,6.521739130434782,3.747826086956522,0.7043478260869566
2023-09-19 19:30:00+00:00,16.88695652173913,6.478260869565218,3.752173913043478,0.6956521739130435
2023-09-19 19:40:00+00:00,16.860869565217392,6.434782608695652,3.756521739130435,0.6869565217391305
2023-09-19 19:50:00+00:00,16.834782608695654,6.391304347826087,3.760869565217391,0.6782608695652174
2023-09-19 20:00:00+00:00,16.808695652173913,6.3478260869565215,3.765217391304348,0.6695652173913044
2023-09-19 20:10:00+00:00,16.782608695652176,6.304347826086957,3.769565217391304,0.6608695652173913
2023-09-19 20:20:00+00:00,16.756521739130434,6.260869565217392,3.773913043478261,0.6521739130434783
2023-09-19 20:30:00+00:00,16.730434782608697,6.217391304347826,3.778260869565217,0.6434782608695652
2023-09-19 20:40:00+00:00,16.70434782608696,6.173913043478261,3.782608695652174,0.6347826086956522
2023-09-19 20:50:00+00:00,16.678260869565218,6.130434782608695,3.78695652173913,0.6260869565217391
2023-09-19 21:00:00+00:00,16.65217391304348,6.086956521739131,3.791304347826087,0.6173913043478261
2023-09-19 21:10:00+00:00,16.62608695652174,6.043478260869565,3.795652173913043,0.608695652173913
2023-09-19 21:20:00+00:00,16.6,6.0,3.8,0.6
2023-09-19 21:30:00+00:00,16.51,6.1,3.8099999999999996,0.6
2023-09-19 21:40:00+00:00,16.42,6.2,3.82,0.6
2023-09-19 21:50:00+00:00,16.330000000000002,6.3,3.83,0.6
2023-09-19 22:00:00+00:00,16.240000000000002,6.4,3.84,0.6
2023-09-19 22:10:00+00:00,16.15,6.5,3.8499999999999996,0.6
2023-09-19 22:20:00+00:00,16.06,6.6,3.86,0.6
2023-09-19 22:30:00+00:00,15.97,6.7,3.87,0.6
2023-09-19 22:40:00+00:00,15.879999999999999,6.8,3.88,0.6
2023-09-19 22:50:00+00:00,15.79,6.9,3.8899999999999997,0.6
2023-09-19 23:00:00+00:00,15.7,7.0,3.9,0.6
2023-09-19 23:10:00+00:00,15.62,6.9,3.92,0.6
2023-09-19 23:20:00+00:00,15.54,6.8,3.94,0.6
2023-09-19 23:30:00+00:00,15.459999999999999,6.7,3.96,0.6
2023-09-19 23:40:00+00:00,15.379999999999999,6.6,3.98,0.6
2023-09-19 23:50:00+00:00,15.3,6.5,4.0,0.6
2023-09-20 00:00:00+00:00,15.22,6.4,4.02,0.6
2023-09-20 00:10:00+00:00,15.14,6.3,4.04,0.6
2023-09-20 00:20:00+00:00,15.06,6.2,4.06,0.6
2023-09-20 00:30:00+00:00,14.98,6.1,4.08,0.6
2023-09-20 00:40:00+00:00,14.9,6.0,4.1,0.6
2023-09-20 00:50:00+00:00,14.89,6.1,4.08,0.6
2023-09-20 01:00:00+00:00,14.88,6.2,4.06,0.6
2023-09-20 01:10:00+00:00,14.870000000000001,6.3,4.04,0.6
2023-09-20 01:20:00+00:00,14.860000000000001,6.4,4.02,0.6
2023-09-20 01:30:00+00:00,14.850000000000001,6.5,4.0,0.6
2023-09-20 01:40:00+00:00,14.84,6.6,3.98,0.6
2023-09-20 01:50:00+00:00,14.83,6.7,3.96,0.6
2023-09-20 02:00:00+00:00,14.82,6.8,3.94,0.6
2023-09-20 02:10:00+00:00,14.81,6.9,3.92,0.6
2023-09-20 02:20:00+00:00,14.8,7.0,3.9,0.6
2023-09-20 02:30:00+00:00,14.770000000000001,7.0,3.9,0.59
2023-09-20 02:40:00+00:00,14.74,7.0,3.9,0.58
2023-09-20 02:50:00+00:00,14.71,7.0,3.9,0.57
2023-09-20 03:00:00+00:00,14.68,7.0,3.9,0.5599999999999999
2023-09-20 03:10:00+00:00,14.65,7.0,3.9,0.55
2023-09-20 03:20:00+00:00,14.620000000000001,7.0,3.9,0.54
2023-09-20 03:30:00+00:00,14.59,7.0,3.9,0.53
2023-09-20 03:40:00+00:00,14.56,7.0,3.9,0.52
2023-09-20 03:50:00+00:00,14.53,7.0,3.9,0.51
2023-09-20 04:00:00+00:00,14.5,7.0,3.9,0.5
2023-09-20 04:10:00+00:00,14.46,7.0,4.0,0.86
2023-09-20 04:20:00+00:00,14.42,7.0,4.1,1.22
2023-09-20 04:30:00+00:00,14.379999999999999,7.0,4.2,1.58
2023-09-20 04:40:00+00:00,14.34,7.0,4.3,1.94
2023-09-20 04:50:00+00:00,14.3,7.0,4.4,2.3
2023-09-20 05:00:00+00:00,14.26,7.0,4.5,2.66
2023-09-20 05:10:00+00:00,14.219999999999999,7.0,4.6000000000000005,3.02
2023-09-20 05:20:00+00:00,14.18,7.0,4.7,3.38
2023-09-20 05:30:00+00:00,14.14,7.0,4.800000000000001,3.7399999999999998
2023-09-20 05:40:00+00:00,14.1,7.0,4.9,4.1
2023-09-20 05:50:00+00:00,14.2,6.0,5.0,4.1
2023-09-20 06:00:00+00:00,14.3,6.0,5.1,3.9
2023-09-20 06:10:00+00:00,14.3,7.0,5.1,4.1
2023-09-20 06:20:00+00:00,14.5,6.0,5.2,4.1
2023-09-20 06:30:00+00:00,14.55,6.5,5.2,4.1
2023-09-20 06:40:00+00:00,14.6,7.0,5.2,4.1
2023-09-20 06:50:00+00:00,14.6,6.0,5.1,4.1
2023-09-20 07:00:00+00:00,14.7,6.0,5.1,4.1
2023-09-20 07:10:00+00:00,14.8,6.0,5.1,4.1
2023-09-20 07:20:00+00:00,14.8,7.0,5.2,4.1
2023-09-20 07:30:00+00:00,14.9,7.0,5.2,4.1
2023-09-20 07:40:00+00:00,15.0,6.0,5.2,4.1
2023-09-20 07:50:00+00:00,15.05,6.0,5.2,4.1
2023-09-20 08:00:00+00:00,15.1,6.0,5.2,4.1
2023-09-20 08:10:00+00:00,15.2,6.0,5.2,4.1
2023-09-20 08:20:00+00:00,15.25,6.0,5.2,4.1
2023-09-20 08:30:00+00:00,15.3,6.0,5.2,4.1
2023-09-20 08:40:00+00:00,15.4,7.0,5.1,4.1
2023-09-20 08:50:00+00:00,15.4,7.0,5.1,4.1
2023-09-20 09:00:00+00:00,15.5,6.0,5.0,4.1
2023-09-20 09:10:00+00:00,15.5,7.0,5.0,4.2
2023-09-20 09:20:00+00:00,15.5,7.0,4.9,4.1
2023-09-20 09:30:00+00:00,15.6,6.0,4.7,4.1
2023-09-20 09:40:00+00:00,15.6,6.0,4.6,4.1
2023-09-20 09:50:00+00:00,15.6,6.333333333333333,4.6,4.733333333333333
2023-09-20 10:00:00+00:00,15.6,6.666666666666667,4.6,5.366666666666666
2023-09-20 10:10:00+00:00,15.6,7.0,4.6,6.0
2023-09-20 10:20:00+00:00,15.6,6.0,4.8,6.3
2023-09-20 10:30:00+00:00,15.9,6.0,5.1,6.3
2023-09-20 10:40:00+00:00,15.95,6.0,5.0,6.35
2023-09-20 10:50:00+00:00,16.0,6.0,4.9,6.4
2023-09-20 11:00:00+00:00,16.2,6.0,5.1,6.4
2023-09-20 11:10:00+00:00,16.3,6.0,5.0,6.3
2023-09-20 11:20:00+00:00,16.5,6.0,5.0,6.4
2023-09-20 11:30:00+00:00,16.6,6.0,4.9,6.3
2023-09-20 11:40:00+00:00,16.7,6.0,4.8,6.4
2023-09-20 11:50:00+00:00,16.8,6.0,4.8,6.3
2023-09-20 12:00:00+00:00,16.8,6.0,4.7,6.3
2023-09-20 12:10:00+00:00,16.9,6.0,4.7,6.4
2023-09-20 12:20:00+00:00,17.0,6.0,4.7,6.3
2023-09-20 12:30:00+00:00,17.0,6.0,4.7,6.3
2023-09-20 12:40:00+00:00,17.1,6.0,4.8,6.3
2023-09-20 12:50:00+00:00,17.2,6.0,4.8,6.3
2023-09-20 13:00:00+00:00,17.25,6.0,4.8,6.3
2023-09-20 13:10:00+00:00,17.3,6.0,4.8,6.3
2023-09-20 13:20:00+00:00,17.5,6.0,4.7,6.3
2023-09-20 13:30:00+00:00,17.5,6.0,4.7,6.3
2023-09-20 13:40:00+00:00,17.5,6.0,4.7,6.3
2023-09-20 13:50:00+00:00,17.5,6.0,4.7,6.3
2023-09-20 14:00:00+00:00,17.6,6.0,4.7,6.3
2023-09-20 14:10:00+00:00,17.6,6.0,4.6,6.3
2023-09-20 14:20:00+00:00,17.6,6.5,4.6,6.3
2023-09-20 14:30:00+00:00,17.6,7.0,4.6,6.3
2023-09-20 14:40:00+00:00,17.6,6.0,4.6,6.3
2023-09-20 14:50:00+00:00,17.6,6.0,4.6,6.2
2023-09-20 15:00:00+00:00,17.6,6.0,4.6,6.3
2023-09-20 15:10:00+00:00,17.6,5.0,4.5,6.3
2023-09-20 15:20:00+00:00,17.6,6.0,4.5,6.2
2023-09-20 15:30:00+00:00,17.6,6.0,4.4,6.2
2023-09-20 15:40:00+00:00,17.5,6.0,4.4,6.2
2023-09-20 15:50:00+00:00,17.5,6.0,4.4,6.1
2023-09-20 16:00:00+00:00,17.466666666666665,6.0,4.3,6.0
2023-09-20 16:10:00+00:00,17.433333333333334,6.0,4.2,5.8999999999999995
2023-09-20 16:20:00+00:00,17.4,6.0,4.1,5.8
2023-09-20 16:30:00+00:00,17.3,6.0,3.9,4.1
2023-09-20 16:40:00+00:00,17.3,7.0,3.8,4.1
2023-09-20 16:50:00+00:00,17.2,7.0,3.8,3.9
2023-09-20 17:00:00+00:00,17.2,6.0,3.8,4.0
2023-09-20 17:10:00+00:00,17.1,7.0,3.7,2.5
2023-09-20 17:20:00+00:00,17.1,6.0,3.7,1.1
2023-09-20 17:30:00+00:00,17.090909090909093,6.0,3.690909090909091,1.0545454545454547
2023-09-20 17:40:00+00:00,17.081818181818182,6.0,3.681818181818182,1.0090909090909093
2023-09-20 17:50:00+00:00,17.072727272727274,6.0,3.672727272727273,0.9636363636363637
2023-09-20 18:00:00+00:00,17.063636363636366,6.0,3.6636363636363636,0.9181818181818182
2023-09-20 18:10:00+00:00,17.054545454545455,6.0,3.6545454545454548,0.8727272727272728
2023-09-20 18:20:00+00:00,17.045454545454547,6.0,3.6454545454545455,0.8272727272727274
2023-09-20 18:30:00+00:00,17.036363636363635,6.0,3.6363636363636367,0.7818181818181819
2023-09-20 18:40:00+00:00,17.027272727272727,6.0,3.6272727272727274,0.7363636363636363
2023-09-20 18:50:00+00:00,17.01818181818182,6.0,3.618181818181818,0.6909090909090909
2023-09-20 19:00:00+00:00,17.009090909090908,6.0,3.6090909090909093,0.6454545454545455
2023-09-20 19:10:00+00:00,17.0,6.0,3.6,0.6
2023-09-20 19:20:00+00:00,16.983333333333334,6.041666666666667,3.604166666666667,0.5916666666666667
2023-09-20 19:30:00+00:00,16.96666666666667,6.083333333333333,3.6083333333333334,0.5833333333333333
2023-09-20 19:40:00+00:00,16.95,6.125,3.6125000000000003,0.575
2023-09-20 19:50:00+00:00,16.933333333333334,6.166666666666667,3.6166666666666667,0.5666666666666667
2023-09-20 20:00:00+00:00,16.916666666666668,6.208333333333333,3.6208333333333336,0.5583333333333333
2023-09-20 20:10:00+00:00,16.9,6.25,3.625,0.55
2023-09-20 20:20:00+00:00,16.883333333333333,6.291666666666667,3.629166666666667,0.5416666666666666
2023-09-20 20:30:00+00:00,16.866666666666667,6.333333333333333,3.6333333333333333,0.5333333333333333
2023-09-20 20:40:00+00:00,16.85,6.375,3.6375,0.525
2023-09-20 20:50:00+00:00,16.833333333333336,6.416666666666667,3.6416666666666666,0.5166666666666666
2023-09-20 21:00:00+00:00,16.816666666666666,6.458333333333333,3.6458333333333335,0.5083333333333333
2023-09-20 21:10:00+00:00,16.8,6.5,3.6500000000000004,0.5
2023-09-20 21:20:00+00:00,16.783333333333335,6.541666666666667,3.654166666666667,0.4916666666666667
2023-09-20 21:30:00+00:00,16.766666666666666,6.583333333333333,3.6583333333333337,0.48333333333333334
2023-09-20 21:40:00+00:00,16.75,6.625,3.6625,0.475
2023-09-20 21:50:00+00:00,16.733333333333334,6.666666666666667,3.666666666666667,0.4666666666666667
2023-09-20 22:00:00+00:00,16.71666666666667,6.708333333333333,3.6708333333333334,0.45833333333333337
2023-09-20 22:10:00+00:00,16.700000000000003,6.75,3.6750000000000003,0.45
2023-09-20 22:20:00+00:00,16.683333333333334,6.791666666666667,3.6791666666666667,0.44166666666666665
2023-09-20 22:30:00+00:00,16.666666666666668,6.833333333333333,3.6833333333333336,0.43333333333333335
2023-09-20 22:40:00+00:00,16.650000000000002,6.875,3.6875,0.42500000000000004
2023-09-20 22:50:00+00:00,16.633333333333333,6.916666666666667,3.691666666666667,0.4166666666666667
2023-09-20 23:00:00+00:00,16.616666666666667,6.958333333333333,3.6958333333333333,0.4083333333333333
2023-09-20 23:10:00+00:00,16.6,7.0,3.7,0.4
2023-09-20 23:20:00+00:00,16.580000000000002,7.0,3.7,0.41000000000000003
2023-09-20 23:30:00+00:00,16.560000000000002,7.0,3.7,0.42000000000000004
2023-09-20 23:40:00+00:00,16.540000000000003,7.0,3.7,0.43
2023-09-20 23:50:00+00:00,16.52,7.0,3.7,0.44
2023-09-21 00:00:00+00:00,16.5,7.0,3.7,0.45
2023-09-21 00:10:00+00:00,16.48,7.0,3.7,0.46
2023-09-21 00:20:00+00:00,16.46,7.0,3.7,0.47000000000000003
2023-09-21 00:30:00+00:00,16.44,7.0,3.7,0.48
2023-09-21 00:40:00+00:00,16.42,7.0,3.7,0.49
2023-09-21 00:50:00+00:00,16.4,7.0,3.7,0.5
2023-09-21 01:00:00+00:00,16.38,7.0,3.7,0.51
2023-09-21 01:10:00+00:00,16.36,7.0,3.7,0.52
2023-09-21 01:20:00+00:00,16.34,7.0,3.7,0.53
2023-09-21 01:30:00+00:00,16.32,7.0,3.7,0.54
2023-09-21 01:40:00+00:00,16.3,7.0,3.7,0.55
2023-09-21 01:50:00+00:00,16.28,7.0,3.7,0.56
2023-09-21 02:00:00+00:00,16.259999999999998,7.0,3.7,0.5700000000000001
2023-09-21 02:10:00+00:00,16.24,7.0,3.7,0.58
2023-09-21 02:20:00+00:00,16.22,7.0,3.7,0.59
2023-09-21 02:30:00+00:00,16.2,7.0,3.7,0.6
2023-09-21 02:40:00+00:00,16.189999999999998,7.0,3.7125000000000004,0.77
2023-09-21 02:50:00+00:00,16.18,7.0,3.725,0.94
2023-09-21 03:00:00+00:00,16.169999999999998,7.0,3.7375000000000003,1.1099999999999999
2023-09-21 03:10:00+00:00,16.16,7.0,3.75,1.2799999999999998
2023-09-21 03:20:00+00:00,16.15,7.0,3.7625,1.4499999999999997
2023-09-21 03:30:00+00:00,16.14,7.0,3.7750000000000004,1.62
2023-09-21 03:40:00+00:00,16.13,7.0,3.7875,1.79
2023-09-21 03:50:00+00:00,16.12,7.0,3.8000000000000003,1.96
2023-09-21 04:00:00+00:00,16.11,7.0,3.8125,2.13
2023-09-21 04:10:00+00:00,16.1,7.0,3.825,2.3
2023-09-21 04:20:00+00:00,16.09,7.0,3.8375000000000004,2.4699999999999998
2023-09-21 04:30:00+00:00,16.08,7.0,3.85,2.64
2023-09-21 04:40:00+00:00,16.07,7.0,3.8625000000000003,2.81
2023-09-21 04:50:00+00:00,16.06,7.0,3.875,2.98
2023-09-21 05:00:00+00:00,16.05,7.0,3.8875,3.15
2023-09-21 05:10:00+00:00,16.04,7.0,3.9000000000000004,3.32
2023-09-21 05:20:00+00:00,16.03,7.0,3.9125,3.4899999999999998
2023-09-21 05:30:00+00:00,16.02,7.0,3.9250000000000003,3.6599999999999997
2023-09-21 05:40:00+00:00,16.01,7.0,3.9375,3.8299999999999996
2023-09-21 05:50:00+00:00,16.0,7.0,3.95,4.0
2023-09-21 06:00:00+00:00,16.0,7.0,4.1,4.1
2023-09-21 06:10:00+00:00,16.0,7.0,4.2,4.1
2023-09-21 06:20:00+00:00,16.0,7.0,4.25,4.1
2023-09-21 06:30:00+00:00,16.0,7.0,4.3,4.1
2023-09-21 06:40:00+00:00,16.0,7.0,4.3,4.1
2023-09-21 06:50:00+00:00,16.0,6.0,4.3,4.1
2023-09-21 07:00:00+00:00,16.0,6.0,4.5,4.1
2023-09-21 07:10:00+00:00,16.0,6.0,4.55,4.1
2023-09-21 07:20:00+00:00,16.0,6.0,4.6,4.1
2023-09-21 07:30:00+00:00,16.1,7.0,4.7,4.1
2023-09-21 07:40:00+00:00,16.1,7.0,4.7,4.1
2023-09-21 07:50:00+00:00,16.1,7.0,4.7,4.1
2023-09-21 08:00:00+00:00,16.1,6.5,4.7,4.1
2023-09-21 08:10:00+00:00,16.1,6.0,4.7,4.1
2023-09-21 08:20:00+00:00,16.1,5.0,4.7,4.2
2023-09-21 08:30:00+00:00,16.1,6.0,4.9,4.2
2023-09-21 08:40:00+00:00,16.2,6.0,4.9,4.1
2023-09-21 08:50:00+00:00,16.3,6.0,4.9,4.1
2023-09-21 09:00:00+00:00,16.3,6.0,4.9,4.1
2023-09-21 09:10:00+00:00,16.4,6.5,4.9,4.949999999999999
2023-09-21 09:20:00+00:00,16.5,7.0,4.9,5.8
2023-09-21 09:30:00+00:00,16.5,7.0,4.9,6.1
2023-09-21 09:40:00+00:00,16.6,6.0,4.9,6.1
2023-09-21 09:50:00+00:00,16.6,6.0,4.85,6.1
2023-09-21 10:00:00+00:00,16.6,6.0,4.8,6.1
2023-09-21 10:10:00+00:00,16.6,7.0,4.8,6.2
2023-09-21 10:20:00+00:00,16.8,6.0,4.8,6.3
2023-09-21 10:30:00+00:00,16.8,6.0,4.8,6.2
2023-09-21 10:40:00+00:00,16.8,6.0,4.8,6.2
2023-09-21 10:50:00+00:00,16.950000000000003,6.5,4.75,6.2
2023-09-21 11:00:00+00:00,17.1,7.0,4.7,6.2
2023-09-21 11:10:00+00:00,17.0,6.0,4.7,6.2
2023-09-21 11:20:00+00:00,17.0,6.0,4.7,6.2
2023-09-21 11:30:00+00:00,17.1,6.0,4.7,6.2
2023-09-21 11:40:00+00:00,17.1,6.0,4.7,6.2
2023-09-21 11:50:00+00:00,17.1,6.0,4.7,6.2
2023-09-21 12:00:00+00:00,17.1,6.0,4.7,6.3
2023-09-21 12:10:00+00:00,17.4,6.0,4.7,6.2
2023-09-21 12:20:00+00:00,17.3,6.0,4.6,6.2
2023-09-21 12:30:00+00:00,17.4,5.0,4.6,6.2
2023-09-21 12:40:00+00:00,17.6,6.0,4.6,6.2
2023-09-21 12:50:00+00:00,17.6,6.0,4.6,6.2
2023-09-21 13:00:00+00:00,17.7,6.0,4.6,6.2
2023-09-21 13:10:00+00:00,17.75,6.0,4.55,6.2
2023-09-21 13:20:00+00:00,17.8,6.0,4.5,6.2
2023-09-21 13:30:00+00:00,17.766666666666666,6.0,4.5,6.233333333333333
2023-09-21 13:40:00+00:00,17.733333333333334,6.0,4.5,6.266666666666667
2023-09-21 13:50:00+00:00,17.7,6.0,4.5,6.3
2023-09-21 14:00:00+00:00,17.6,6.0,4.4,6.2
2023-09-21 14:10:00+00:00,17.6,6.0,4.4,6.2
2023-09-21 14:20:00+00:00,17.6,6.0,4.4,6.2
2023-09-21 14:30:00+00:00,17.6,6.0,4.4,6.2
2023-09-21 14:40:00+00:00,17.6,6.0,4.4,6.2
2023-09-21 14:50:00+00:00,17.6,6.0,4.3,6.2
2023-09-21 15:00:00+00:00,17.6,6.0,4.3,6.2
2023-09-21 15:10:00+00:00,17.7,6.0,4.3,6.2
2023-09-21 15:20:00+00:00,17.7,6.0,4.3,6.2
2023-09-21 15:30:00+00:00,17.6,6.0,4.2,6.1
2023-09-21 15:40:00+00:00,17.7,6.0,4.2,6.1
2023-09-21 15:50:00+00:00,17.6,6.0,4.1,6.0
2023-09-21 16:00:00+00:00,17.6,6.0,4.0,5.9
2023-09-21 16:10:00+00:00,17.6,6.0,3.9,5.7
2023-09-21 16:20:00+00:00,17.6,6.0,3.8,4.1
2023-09-21 16:30:00+00:00,17.6,6.0,3.7,4.1
2023-09-21 16:40:00+00:00,17.6,6.0,3.7,4.1
2023-09-21 16:50:00+00:00,17.65,6.0,3.6500000000000004,3.5
2023-09-21 17:00:00+00:00,17.7,6.0,3.6,2.9
2023-09-21 17:10:00+00:00,17.65,6.0,3.6,2.1
2023-09-21 17:20:00+00:00,17.6,6.0,3.6,1.3
2023-09-21 17:30:00+00:00,17.6,6.0,3.5,0.8
2023-09-21 17:40:00+00:00,17.61,6.0,3.51,0.78
2023-09-21 17:50:00+00:00,17.62,6.0,3.52,0.76
2023-09-21 18:00:00+00:00,17.630000000000003,6.0,3.5300000000000002,0.74
2023-09-21 18:10:00+00:00,17.64,6.0,3.54,0.72
2023-09-21 18:20:00+00:00,17.65,6.0,3.55,0.7
2023-09-21 18:30:00+00:00,17.66,6.0,3.56,0.6799999999999999
2023-09-21 18:40:00+00:00,17.67,6.0,3.5700000000000003,0.66
2023-09-21 18:50:00+00:00,17.68,6.0,3.58,0.64
2023-09-21 19:00:00+00:00,17.689999999999998,6.0,3.59,0.62
2023-09-21 19:10:00+00:00,17.7,6.0,3.6,0.6
2023-09-21 19:20:00+00:00,17.692307692307693,6.0,3.5923076923076924,0.6
2023-09-21 19:30:00+00:00,17.684615384615384,6.0,3.5846153846153848,0.6
2023-09-21 19:40:00+00:00,17.676923076923078,6.0,3.576923076923077,0.6
2023-09-21 19:50:00+00:00,17.66923076923077,6.0,3.5692307692307694,0.6
2023-09-21 20:00:00+00:00,17.661538461538463,6.0,3.5615384615384618,0.6
2023-09-21 20:10:00+00:00,17.653846153846153,6.0,3.553846153846154,0.6
2023-09-21 20:20:00+00:00,17.646153846153847,6.0,3.546153846153846,0.6
2023-09-21 20:30:00+00:00,17.638461538461538,6.0,3.5384615384615383,0.6
2023-09-21 20:40:00+00:00,17.630769230769232,6.0,3.5307692307692307,0.6
2023-09-21 20:50:00+00:00,17.623076923076923,6.0,3.523076923076923,0.6
2023-09-21 21:00:00+00:00,17.615384615384617,6.0,3.5153846153846153,0.6
2023-09-21 21:10:00+00:00,17.607692307692307,6.0,3.5076923076923077,0.6
2023-09-21 21:20:00+00:00,17.6,6.0,3.5,0.6
2023-09-21 21:30:00+00:00,17.59,6.1,3.51,0.6
2023-09-21 21:40:00+00:00,17.580000000000002,6.2,3.52,0.6
2023-09-21 21:50:00+00:00,17.57,6.3,3.5300000000000002,0.6
2023-09-21 22:00:00+00:00,17.560000000000002,6.4,3.54,0.6
2023-09-21 22:10:00+00:00,17.55,6.5,3.55,0.6
2023-09-21 22:20:00+00:00,17.54,6.6,3.56,0.6
2023-09-21 22:30:00+00:00,17.53,6.7,3.5700000000000003,0.6
2023-09-21 22:40:00+00:00,17.52,6.8,3.58,0.6
2023-09-21 22:50:00+00:00,17.51,6.9,3.59,0.6
2023-09-21 23:00:00+00:00,17.5,7.0,3.6,0.6
2023-09-21 23:10:00+00:00,17.49,6.9,3.6,0.6
2023-09-21 23:20:00+00:00,17.48,6.8,3.6,0.6
2023-09-21 23:30:00+00:00,17.47,6.7,3.6,0.6
2023-09-21 23:40:00+00:00,17.46,6.6,3.6,0.6
2023-09-21 23:50:00+00:00,17.45,6.5,3.6,0.6
2023-09-22 00:00:00+00:00,17.439999999999998,6.4,3.6,0.6
2023-09-22 00:10:00+00:00,17.43,6.3,3.6,0.6
2023-09-22 00:20:00+00:00,17.419999999999998,6.2,3.6,0.6
2023-09-22 00:30:00+00:00,17.41,6.1,3.6,0.6
2023-09-22 00:40:00+00:00,17.4,6.0,3.6,0.6
2023-09-22 00:50:00+00:00,17.39,6.0,3.6,0.6
2023-09-22 01:00:00+00:00,17.38,6.0,3.6,0.6
2023-09-22 01:10:00+00:00,17.369999999999997,6.0,3.6,0.6
2023-09-22 01:20:00+00:00,17.36,6.0,3.6,0.6
2023-09-22 01:30:00+00:00,17.35,6.0,3.6,0.6
2023-09-22 01:40:00+00:00,17.34,6.0,3.6,0.6
2023-09-22 01:50:00+00:00,17.33,6.0,3.6,0.6
2023-09-22 02:00:00+00:00,17.32,6.0,3.6,0.6
2023-09-22 02:10:00+00:00,17.310000000000002,6.0,3.6,0.6
2023-09-22 02:20:00+00:00,17.3,6.0,3.6,0.6
2023-09-22 02:30:00+00:00,17.28,6.0,3.6,0.61
2023-09-22 02:40:00+00:00,17.26,6.0,3.6,0.62
2023-09-22 02:50:00+00:00,17.240000000000002,6.0,3.6,0.63
2023-09-22 03:00:00+00:00,17.220000000000002,6.0,3.6,0.64
2023-09-22 03:10:00+00:00,17.200000000000003,6.0,3.6,0.6499999999999999
2023-09-22 03:20:00+00:00,17.18,6.0,3.6,0.6599999999999999
2023-09-22 03:30:00+00:00,17.16,6.0,3.6,0.6699999999999999
2023-09-22 03:40:00+00:00,17.14,6.0,3.6,0.6799999999999999
2023-09-22 03:50:00+00:00,17.12,6.0,3.6,0.69
2023-09-22 04:00:00+00:00,17.1,6.0,3.6,0.7
2023-09-22 04:10:00+00:00,17.09,6.0,3.62,1.04
2023-09-22 04:20:00+00:00,17.080000000000002,6.0,3.64,1.38
2023-09-22 04:30:00+00:00,17.07,6.0,3.66,1.72
2023-09-22 04:40:00+00:00,17.060000000000002,6.0,3.68,2.0599999999999996
2023-09-22 04:50:00+00:00,17.05,6.0,3.7,2.3999999999999995
2023-09-22 05:00:00+00:00,17.04,6.0,3.7199999999999998,2.74
2023-09-22 05:10:00+00:00,17.03,6.0,3.7399999999999998,3.08
2023-09-22 05:20:00+00:00,17.02,6.0,3.76,3.42
2023-09-22 05:30:00+00:00,17.01,6.0,3.78,3.76
2023-09-22 05:40:00+00:00,17.0,6.0,3.8,4.1
2023-09-22 05:50:00+00:00,17.0,7.0,4.1,4.1
2023-09-22 06:00:00+00:00,17.0,7.0,4.3,4.1
2023-09-22 06:10:00+00:00,17.0,6.5,4.4,4.1
2023-09-22 06:20:00+00:00,17.0,6.0,4.5,4.1
2023-09-22 06:30:00+00:00,17.05,6.0,4.45,4.1
2023-09-22 06:40:00+00:00,17.1,6.0,4.4,4.1
2023-09-22 06:50:00+00:00,17.1,6.0,4.4,4.1
2023-09-22 07:00:00+00:00,17.1,6.0,4.4,4.1
2023-09-22 07:10:00+00:00,17.1,6.0,4.4,4.1
2023-09-22 07:20:00+00:00,17.1,6.0,4.5,4.1
2023-09-22 07:30:00+00:00,17.2,7.0,4.6,4.1
2023-09-22 07:40:00+00:00,17.25,6.5,4.55,4.1
2023-09-22 07:50:00+00:00,17.3,6.0,4.5,4.1
2023-09-22 08:00:00+00:00,17.4,6.0,4.4,4.2
2023-09-22 08:10:00+00:00,17.45,6.0,4.5,4.15
2023-09-22 08:20:00+00:00,17.5,6.0,4.6,4.1
2023-09-22 08:30:00+00:00,17.5,6.0,4.7,4.1
2023-09-22 08:40:00+00:00,17.7,6.0,4.75,4.1
2023-09-22 08:50:00+00:00,17.9,6.0,4.8,4.1
2023-09-22 09:00:00+00:00,18.0,6.0,4.4,4.1
2023-09-22 09:10:00+00:00,18.0,6.0,4.35,4.15
2023-09-22 09:20:00+00:00,18.0,6.0,4.3,4.2
2023-09-22 09:30:00+00:00,18.0,5.0,4.3,4.1
2023-09-22 09:40:00+00:00,18.0,6.0,4.6,5.9
2023-09-22 09:50:00+00:00,18.0,6.0,4.7,6.1
2023-09-22 10:00:00+00:00,18.0,6.0,4.7,6.1
2023-09-22 10:10:00+00:00,18.133333333333333,6.0,4.7,6.133333333333333
2023-09-22 10:20:00+00:00,18.266666666666666,6.0,4.7,6.166666666666667
2023-09-22 10:30:00+00:00,18.4,6.0,4.7,6.2
2023-09-22 10:40:00+00:00,18.419999999999998,6.0,4.68,6.2
2023-09-22 10:50:00+00:00,18.439999999999998,6.0,4.66,6.2
2023-09-22 11:00:00+00:00,18.46,6.0,4.64,6.2
2023-09-22 11:10:00+00:00,18.48,6.0,4.62,6.2
2023-09-22 11:20:00+00:00,18.5,6.0,4.6,6.2
2023-09-22 11:30:00+00:00,18.4,6.0,4.6,6.2
2023-09-22 11:40:00+00:00,18.5,6.0,4.6,6.1
2023-09-22 11:50:00+00:00,18.3,7.0,4.3,6.0
2023-09-22 12:00:00+00:00,18.5,6.0,4.3,6.2
2023-09-22 12:10:00+00:00,18.6,6.0,4.2,5.8
2023-09-22 12:20:00+00:00,18.6,6.0,4.1,5.699999999999999
2023-09-22 12:30:00+00:00,18.6,6.0,4.0,5.6
2023-09-22 12:40:00+00:00,18.666666666666668,6.0,4.033333333333333,5.766666666666667
2023-09-22 12:50:00+00:00,18.733333333333334,6.0,4.066666666666666,5.933333333333333
2023-09-22 13:00:00+00:00,18.8,6.0,4.1,6.1
2023-09-22 13:10:00+00:00,18.6,6.0,4.3,6.3
2023-09-22 13:20:00+00:00,18.5,6.0,4.4,6.3
2023-09-22 13:30:00+00:00,18.5,6.0,4.3,5.7
2023-09-22 13:40:00+00:00,18.6,6.0,4.1,4.8
2023-09-22 13:50:00+00:00,18.6,6.0,4.0,4.1
2023-09-22 14:00:00+00:00,18.6,6.0,4.0,4.1
2023-09-22 14:10:00+00:00,18.6,6.0,3.9,4.1
2023-09-22 14:20:00+00:00,18.5,6.0,3.9,4.1
2023-09-22 14:30:00+00:00,18.5,6.0,3.9,4.1
2023-09-22 14:40:00+00:00,18.5,6.0,3.9,4.1
2023-09-22 14:50:00+00:00,18.5,6.0,3.9,4.1
2023-09-22 15:00:00+00:00,18.5,7.0,3.9,4.1
2023-09-22 15:10:00+00:00,18.5,6.666666666666667,3.8666666666666667,4.1
2023-09-22 15:20:00+00:00,18.5,6.333333333333333,3.833333333333333,4.1
2023-09-22 15:30:00+00:00,18.5,6.0,3.8,4.1
2023-09-22 15:40:00+00:00,18.4,6.0,3.8,4.1
2023-09-22 15:50:00+00:00,18.4,6.0,3.8,4.1
2023-09-22 16:00:00+00:00,18.4,6.0,3.8,4.1
2023-09-22 16:10:00+00:00,18.3,7.0,3.7,4.1
2023-09-22 16:20:00+00:00,18.3,7.0,3.7,4.1
2023-09-22 16:30:00+00:00,18.3,6.0,3.7,4.0
2023-09-22 16:40:00+00:00,18.3,6.0,3.7,3.5
2023-09-22 16:50:00+00:00,18.3,6.0,3.6,2.0
2023-09-22 17:00:00+00:00,18.2,6.0,3.6,1.3
2023-09-22 17:10:00+00:00,18.2,7.0,3.6,0.6
2023-09-22 17:20:00+00:00,18.189999999999998,6.95,3.595,0.6
2023-09-22 17:30:00+00:00,18.18,6.9,3.59,0.6
2023-09-22 17:40:00+00:00,18.169999999999998,6.85,3.585,0.6
2023-09-22 17:50:00+00:00,18.16,6.8,3.58,0.6
2023-09-22 18:00:00+00:00,18.15,6.75,3.575,0.6
2023-09-22 18:10:00+00:00,18.14,6.7,3.5700000000000003,0.6
2023-09-22 18:20:00+00:00,18.13,6.65,3.565,0.6
2023-09-22 18:30:00+00:00,18.12,6.6,3.56,0.6
2023-09-22 18:40:00+00:00,18.11,6.55,3.555,0.6
2023-09-22 18:50:00+00:00,18.1,6.5,3.55,0.6
2023-09-22 19:00:00+00:00,18.09,6.45,3.545,0.6
2023-09-22 19:10:00+00:00,18.08,6.4,3.54,0.6
2023-09-22 19:20:00+00:00,18.07,6.35,3.535,0.6
2023-09-22 19:30:00+00:00,18.06,6.3,3.5300000000000002,0.6
2023-09-22 19:40:00+00:00,18.05,6.25,3.525,0.6
2023-09-22 19:50:00+00:00,18.04,6.2,3.52,0.6
2023-09-22 20:00:00+00:00,18.03,6.15,3.515,0.6
2023-09-22 20:10:00+00:00,18.02,6.1,3.51,0.6
2023-09-22 20:20:00+00:00,18.01,6.05,3.505,0.6
2023-09-22 20:30:00+00:00,18.0,6.0,3.5,0.6
2023-09-22 20:40:00+00:00,17.98148148148148,6.0,3.512962962962963,0.6648148148148147
2023-09-22 20:50:00+00:00,17.962962962962962,6.0,3.525925925925926,0.7296296296296296
2023-09-22 21:00:00+00:00,17.944444444444443,6.0,3.5388888888888888,0.7944444444444444
2023-09-22 21:10:00+00:00,17.925925925925927,6.0,3.551851851851852,0.8592592592592592
2023-09-22 21:20:00+00:00,17.90740740740741,6.0,3.564814814814815,0.924074074074074
2023-09-22 21:30:00+00:00,17.88888888888889,6.0,3.577777777777778,0.9888888888888888
2023-09-22 21:40:00+00:00,17.87037037037037,6.0,3.5907407407407406,1.0537037037037036
2023-09-22 21:50:00+00:00,17.85185185185185,6.0,3.6037037037037036,1.1185185185185185
2023-09-22 22:00:00+00:00,17.833333333333332,6.0,3.6166666666666667,1.1833333333333331
2023-09-22 22:10:00+00:00,17.814814814814813,6.0,3.6296296296296298,1.248148148148148
2023-09-22 22:20:00+00:00,17.796296296296298,6.0,3.642592592592593,1.3129629629629629
2023-09-22 22:30:00+00:00,17.77777777777778,6.0,3.6555555555555554,1.3777777777777778
2023-09-22 22:40:00+00:00,17.75925925925926,6.0,3.6685185185185185,1.4425925925925926
2023-09-22 22:50:00+00:00,17.74074074074074,6.0,3.6814814814814816,1.5074074074074073
2023-09-22 23:00:00+00:00,17.72222222222222,6.0,3.6944444444444446,1.5722222222222222
2023-09-22 23:10:00+00:00,17.703703703703702,6.0,3.7074074074074073,1.6370370370370368
2023-09-22 23:20:00+00:00,17.685185185185187,6.0,3.7203703703703703,1.7018518518518517
2023-09-22 23:30:00+00:00,17.666666666666668,6.0,3.7333333333333334,1.7666666666666666
2023-09-22 23:40:00+00:00,17.64814814814815,6.0,3.7462962962962965,1.8314814814814815
2023-09-22 23:50:00+00:00,17.62962962962963,6.0,3.7592592592592595,1.8962962962962964
2023-09-23 00:00:00+00:00,17.61111111111111,6.0,3.772222222222222,1.9611111111111108
2023-09-23 00:10:00+00:00,17.59259259259259,6.0,3.785185185185185,2.0259259259259257
2023-09-23 00:20:00+00:00,17.574074074074073,6.0,3.7981481481481483,2.0907407407407406
2023-09-23 00:30:00+00:00,17.555555555555557,6.0,3.8111111111111113,2.1555555555555554
2023-09-23 00:40:00+00:00,,,,
2023-09-23 00:50:00+00:00,,,,
2023-09-23 01:00:00+00:00,,,,
2023-09-23 01:10:00+00:00,,,,
2023-09-23 01:20:00+00:00,,,,
2023-09-23 01:30:00+00:00,,,,
2023-09-23 01:40:00+00:00,,,,
2023-09-23 01:50:00+00:00,,,,
2023-09-23 02:00:00+00:00,,,,
2023-09-23 02:10:00+00:00,,,,
2023-09-23 02:20:00+00:00,,,,
2023-09-23 02:30:00+00:00,,,,
2023-09-23 02:40:00+00:00,,,,
2023-09-23 02:50:00+00:00,,,,
2023-09-23 03:00:00+00:00,,,,
2023-09-23 03:10:00+00:00,,,,
2023-09-23 03:20:00+00:00,,,,
2023-09-23 03:30:00+00:00,,,,
2023-09-23 03:40:00+00:00,,,,
2023-09-23 03:50:00+00:00,,,,
2023-09-23 04:00:00+00:00,,,,
2023-09-23 04:10:00+00:00,,,,
2023-09-23 04:20:00+00:00,,,,
2023-09-23 04:30:00+00:00,,,,
2023-09-23 04:40:00+00:00,,,,
2023-09-23 04:50:00+00:00,,,,
2023-09-23 05:00:00+00:00,,,,
2023-09-23 05:10:00+00:00,,,,
2023-09-23 05:20:00+00:00,,,,
2023-09-23 05:30:00+00:00,17.0,6.0,4.2,4.1
2023-09-23 05:40:00+00:00,16.9,6.0,4.2,4.1
2023-09-23 05:50:00+00:00,16.9,7.0,4.3,4.1
2023-09-23 06:00:00+00:00,16.9,7.0,4.3,4.1
2023-09-23 06:10:00+00:00,16.8,6.0,4.5,4.1
2023-09-23 06:20:00+00:00,16.9,6.0,4.7,4.1
2023-09-23 06:30:00+00:00,16.9,6.0,4.75,4.0
2023-09-23 06:40:00+00:00,16.9,6.0,4.8,3.9
2023-09-23 06:50:00+00:00,17.0,6.0,4.4,4.1
2023-09-23 07:00:00+00:00,17.0,6.0,5.2,4.1
2023-09-23 07:10:00+00:00,16.9,6.0,5.4,4.1
2023-09-23 07:20:00+00:00,17.0,6.0,5.4,4.1
2023-09-23 07:30:00+00:00,17.0,6.0,5.5,4.1
2023-09-23 07:40:00+00:00,17.0,6.0,5.65,4.1
2023-09-23 07:50:00+00:00,17.0,6.0,5.8,4.1
2023-09-23 08:00:00+00:00,17.0,6.0,5.9,4.1
2023-09-23 08:10:00+00:00,17.0,6.0,5.9,4.1
2023-09-23 08:20:00+00:00,17.05,6.0,5.95,4.15
2023-09-23 08:30:00+00:00,17.1,6.0,6.0,4.2
2023-09-23 08:40:00+00:00,17.1,7.0,6.2,4.1
2023-09-23 08:50:00+00:00,17.1,7.0,6.3,4.0
2023-09-23 09:00:00+00:00,17.15,6.5,6.3,4.05
2023-09-23 09:10:00+00:00,17.2,6.0,6.3,4.1
2023-09-23 09:20:00+00:00,17.3,7.0,6.4,4.1
2023-09-23 09:30:00+00:00,17.3,6.0,6.3,4.1
2023-09-23 09:40:00+00:00,17.2,6.0,6.3,4.1
2023-09-23 09:50:00+00:00,17.3,6.0,6.4,6.2
2023-09-23 10:00:00+00:00,17.3,7.0,6.5,6.3
2023-09-23 10:10:00+00:00,17.3,6.5,6.45,6.3
2023-09-23 10:20:00+00:00,17.3,6.0,6.4,6.3
2023-09-23 10:30:00+00:00,17.5,6.0,6.2,6.2
2023-09-23 10:40:00+00:00,17.5,6.0,6.1,6.3
2023-09-23 10:50:00+00:00,17.5,6.0,6.1,6.2
2023-09-23 11:00:00+00:00,17.5,6.0,6.0,6.2
2023-09-23 11:10:00+00:00,17.5,6.0,5.7,6.3
2023-09-23 11:20:00+00:00,17.5,6.0,5.8,6.3
2023-09-23 11:30:00+00:00,17.6,6.0,5.6,6.3
2023-09-23 11:40:00+00:00,17.6,6.0,5.55,6.3
2023-09-23 11:50:00+00:00,17.8,6.0,5.3,6.3
2023-09-23 12:00:00+00:00,17.8,6.0,5.25,6.3
2023-09-23 12:10:00+00:00,17.8,6.0,5.2,6.3
2023-09-23 12:20:00+00:00,17.85,6.0,5.050000000000001,6.25
2023-09-23 12:30:00+00:00,17.9,6.0,4.9,6.2
2023-09-23 12:40:00+00:00,17.8,6.0,5.0,6.3
2023-09-23 12:50:00+00:00,17.9,6.0,4.9,6.3
2023-09-23 13:00:00+00:00,17.9,6.0,5.1,6.3
2023-09-23 13:10:00+00:00,18.0,6.0,4.7,6.3
2023-09-23 13:20:00+00:00,17.9,6.0,4.5,6.2
2023-09-23 13:30:00+00:00,17.9,6.0,4.3,6.0
2023-09-23 13:40:00+00:00,17.85,6.0,4.199999999999999,5.95
2023-09-23 13:50:00+00:00,17.8,6.0,4.1,5.9
2023-09-23 14:00:00+00:00,17.7,6.0,4.0,6.0
2023-09-23 14:10:00+00:00,17.7,6.0,3.9,5.7
2023-09-23 14:20:00+00:00,17.6,6.0,3.8,5.8
2023-09-23 14:30:00+00:00,17.6,6.0,3.8,4.2
2023-09-23 14:40:00+00:00,17.6,6.0,3.8,4.1
2023-09-23 14:50:00+00:00,17.5,6.0,3.8,4.1
2023-09-23 15:00:00+00:00,17.5,6.0,3.8,3.9
2023-09-23 15:10:00+00:00,17.5,6.0,3.7,4.1
2023-09-23 15:20:00+00:00,17.5,6.0,3.8,4.1
2023-09-23 15:30:00+00:00,17.45,6.0,3.75,4.1
2023-09-23 15:40:00+00:00,17.4,6.0,3.7,4.1
2023-09-23 15:50:00+00:00,17.4,6.0,3.7,4.1
2023-09-23 16:00:00+00:00,17.35,6.0,3.6500000000000004,4.1
2023-09-23 16:10:00+00:00,17.3,6.0,3.6,4.1
2023-09-23 16:20:00+00:00,17.2,6.0,3.6,4.1
2023-09-23 16:30:00+00:00,17.1,6.0,3.7,4.1
2023-09-23 16:40:00+00:00,17.0,7.0,3.7,4.1
2023-09-23 16:50:00+00:00,17.0,7.0,3.6,4.0
2023-09-23 17:00:00+00:00,17.0,6.0,3.7,2.0
2023-09-23 17:10:00+00:00,16.9,6.0,3.7,0.9
2023-09-23 17:20:00+00:00,16.878571428571426,6.0,3.692857142857143,0.8785714285714286
2023-09-23 17:30:00+00:00,16.857142857142858,6.0,3.685714285714286,0.8571428571428572
2023-09-23 17:40:00+00:00,16.835714285714285,6.0,3.678571428571429,0.8357142857142857
2023-09-23 17:50:00+00:00,16.814285714285713,6.0,3.6714285714285717,0.8142857142857143
2023-09-23 18:00:00+00:00,16.79285714285714,6.0,3.6642857142857146,0.7928571428571428
2023-09-23 18:10:00+00:00,16.771428571428572,6.0,3.6571428571428575,0.7714285714285715
2023-09-23 18:20:00+00:00,16.75,6.0,3.6500000000000004,0.75
2023-09-23 18:30:00+00:00,16.728571428571428,6.0,3.642857142857143,0.7285714285714285
2023-09-23 18:40:00+00:00,16.70714285714286,6.0,3.6357142857142857,0.7071428571428571
2023-09-23 18:50:00+00:00,16.685714285714287,6.0,3.6285714285714286,0.6857142857142857
2023-09-23 19:00:00+00:00,16.664285714285715,6.0,3.6214285714285714,0.6642857142857143
2023-09-23 19:10:00+00:00,16.642857142857142,6.0,3.6142857142857143,0.6428571428571428
2023-09-23 19:20:00+00:00,16.621428571428574,6.0,3.607142857142857,0.6214285714285714
2023-09-23 19:30:00+00:00,16.6,6.0,3.6,0.6
2023-09-23 19:40:00+00:00,16.57,6.0,3.6,0.6
2023-09-23 19:50:00+00:00,16.540000000000003,6.0,3.6,0.6
2023-09-23 20:00:00+00:00,16.51,6.0,3.6,0.6
2023-09-23 20:10:00+00:00,16.48,6.0,3.6,0.6
2023-09-23 20:20:00+00:00,16.450000000000003,6.0,3.6,0.6
2023-09-23 20:30:00+00:00,16.42,6.0,3.6,0.6
2023-09-23 20:40:00+00:00,16.39,6.0,3.6,0.6
2023-09-23 20:50:00+00:00,16.36,6.0,3.6,0.6
2023-09-23 21:00:00+00:00,16.330000000000002,6.0,3.6,0.6
2023-09-23 21:10:00+00:00,16.3,6.0,3.6,0.6
2023-09-23 21:20:00+00:00,16.26,6.0,3.6100000000000003,0.58
2023-09-23 21:30:00+00:00,16.22,6.0,3.62,0.5599999999999999
2023-09-23 21:40:00+00:00,16.18,6.0,3.63,0.54
2023-09-23 21:50:00+00:00,16.14,6.0,3.64,0.52
2023-09-23 22:00:00+00:00,16.1,6.0,3.6500000000000004,0.5
2023-09-23 22:10:00+00:00,16.060000000000002,6.0,3.66,0.48
2023-09-23 22:20:00+00:00,16.02,6.0,3.67,0.45999999999999996
2023-09-23 22:30:00+00:00,15.98,6.0,3.68,0.44
2023-09-23 22:40:00+00:00,15.940000000000001,6.0,3.6900000000000004,0.42000000000000004
2023-09-23 22:50:00+00:00,15.9,6.0,3.7,0.4
2023-09-23 23:00:00+00:00,15.84,6.1,3.77,0.42000000000000004
2023-09-23 23:10:00+00:00,15.780000000000001,6.2,3.8400000000000003,0.44
2023-09-23 23:20:00+00:00,15.72,6.3,3.91,0.46
2023-09-23 23:30:00+00:00,15.66,6.4,3.9800000000000004,0.48
2023-09-23 23:40:00+00:00,15.600000000000001,6.5,4.050000000000001,0.5
2023-09-23 23:50:00+00:00,15.540000000000001,6.6,4.12,0.52
2023-09-24 00:00:00+00:00,15.48,6.7,4.19,0.54
2023-09-24 00:10:00+00:00,15.42,6.8,4.260000000000001,0.56
2023-09-24 00:20:00+00:00,15.360000000000001,6.9,4.33,0.58
2023-09-24 00:30:00+00:00,15.3,7.0,4.4,0.6
2023-09-24 00:40:00+00:00,15.290000000000001,7.0,4.380000000000001,0.58
2023-09-24 00:50:00+00:00,15.280000000000001,7.0,4.36,0.5599999999999999
2023-09-24 01:00:00+00:00,15.27,7.0,4.34,0.54
2023-09-24 01:10:00+00:00,15.26,7.0,4.32,0.52
2023-09-24 01:20:00+00:00,15.25,7.0,4.300000000000001,0.5
2023-09-24 01:30:00+00:00,15.24,7.0,4.28,0.48
2023-09-24 01:40:00+00:00,15.23,7.0,4.26,0.45999999999999996
2023-09-24 01:50:00+00:00,15.219999999999999,7.0,4.24,0.44
2023-09-24 02:00:00+00:00,15.209999999999999,7.0,4.220000000000001,0.42000000000000004
2023-09-24 02:10:00+00:00,15.2,7.0,4.2,0.4
2023-09-24 02:20:00+00:00,15.209999999999999,6.9,4.18,0.42000000000000004
2023-09-24 02:30:00+00:00,15.219999999999999,6.8,4.16,0.44
2023-09-24 02:40:00+00:00,15.23,6.7,4.140000000000001,0.46
2023-09-24 02:50:00+00:00,15.24,6.6,4.12,0.48
2023-09-24 03:00:00+00:00,15.25,6.5,4.1,0.5
2023-09-24 03:10:00+00:00,15.26,6.4,4.08,0.52
2023-09-24 03:20:00+00:00,15.27,6.3,4.0600000000000005,0.54
2023-09-24 03:30:00+00:00,15.280000000000001,6.2,4.04,0.56
2023-09-24 03:40:00+00:00,15.290000000000001,6.1,4.02,0.58
2023-09-24 03:50:00+00:00,15.3,6.0,4.0,0.6
2023-09-24 04:00:00+00:00,15.265,6.1,4.075,0.95
2023-09-24 04:10:00+00:00,15.23,6.2,4.15,1.2999999999999998
2023-09-24 04:20:00+00:00,15.195,6.3,4.225,1.65
2023-09-24 04:30:00+00:00,15.16,6.4,4.3,2.0
2023-09-24 04:40:00+00:00,15.125,6.5,4.375,2.35
2023-09-24 04:50:00+00:00,15.09,6.6,4.45,2.6999999999999997
2023-09-24 05:00:00+00:00,15.055,6.7,4.525,3.05
2023-09-24 05:10:00+00:00,15.02,6.8,4.6,3.4
2023-09-24 05:20:00+00:00,14.985,6.9,4.675,3.75
2023-09-24 05:30:00+00:00,14.95,7.0,4.75,4.1
2023-09-24 05:40:00+00:00,14.875,7.0,5.025,4.1
2023-09-24 05:50:00+00:00,14.8,7.0,5.3,4.1
2023-09-24 06:00:00+00:00,14.9,6.0,5.4,4.1
2023-09-24 06:10:00+00:00,14.8,7.0,5.4,4.1
2023-09-24 06:20:00+00:00,14.8,7.0,5.4,4.1
2023-09-24 06:30:00+00:00,14.8,7.0,5.45,4.1
2023-09-24 06:40:00+00:00,14.8,7.0,5.5,4.1
2023-09-24 06:50:00+00:00,14.8,7.0,5.6,4.1
2023-09-24 07:00:00+00:00,14.9,6.0,5.6,4.1
2023-09-24 07:10:00+00:00,15.0,7.0,5.7,4.1
2023-09-24 07:20:00+00:00,15.0,6.0,5.7,4.1
2023-09-24 07:30:00+00:00,15.0,6.0,5.7,4.1
2023-09-24 07:40:00+00:00,15.0,6.0,5.7,4.1
2023-09-24 07:50:00+00:00,15.1,7.0,5.6,4.1
2023-09-24 08:00:00+00:00,15.1,6.0,5.4,4.1
2023-09-24 08:10:00+00:00,15.149999999999999,6.5,5.45,4.1
2023-09-24 08:20:00+00:00,15.2,7.0,5.5,4.1
2023-09-24 08:30:00+00:00,15.3,6.0,5.4,4.1
2023-09-24 08:40:00+00:00,15.3,7.0,5.3,4.1
2023-09-24 08:50:00+00:00,15.4,7.0,5.2,4.1
2023-09-24 09:00:00+00:00,15.4,7.0,5.2,4.1
2023-09-24 09:10:00+00:00,15.5,7.0,5.3,4.1
2023-09-24 09:20:00+00:00,15.5,6.5,5.3,4.1
2023-09-24 09:30:00+00:00,15.5,6.0,5.3,4.1
2023-09-24 09:40:00+00:00,15.5,7.0,5.1,4.1
2023-09-24 09:50:00+00:00,15.5,6.0,5.1,5.9
2023-09-24 10:00:00+00:00,15.6,6.0,5.0,6.2
2023-09-24 10:10:00+00:00,15.6,6.0,5.0,6.2
2023-09-24 10:20:00+00:00,15.6,6.0,5.0,6.2
2023-09-24 10:30:00+00:00,15.6,6.0,5.0,5.6
2023-09-24 10:40:00+00:00,15.7,7.0,4.8,6.3
2023-09-24 10:50:00+00:00,15.75,6.5,4.9,6.25
2023-09-24 11:00:00+00:00,15.8,6.0,5.0,6.2
2023-09-24 11:10:00+00:00,15.8,6.0,5.05,6.2
2023-09-24 11:20:00+00:00,15.8,6.0,5.1,6.2
2023-09-24 11:30:00+00:00,15.8,6.5,5.1,5.95
2023-09-24 11:40:00+00:00,15.8,7.0,5.1,5.7
2023-09-24 11:50:00+00:00,15.8,6.0,4.7,6.0
2023-09-24 12:00:00+00:00,15.9,6.0,4.8,6.3
2023-09-24 12:10:00+00:00,15.9,7.0,4.8,6.2
2023-09-24 12:20:00+00:00,15.9,7.0,5.0,6.2
2023-09-24 12:30:00+00:00,16.0,6.0,5.0,5.9
2023-09-24 12:40:00+00:00,16.0,6.5,4.9,6.050000000000001
2023-09-24 12:50:00+00:00,16.0,7.0,4.8,6.2
2023-09-24 13:00:00+00:00,16.0,7.0,4.65,6.300000000000001
2023-09-24 13:10:00+00:00,16.0,7.0,4.5,6.4
2023-09-24 13:20:00+00:00,16.1,6.0,4.7,6.2
2023-09-24 13:30:00+00:00,16.1,6.0,4.8,6.2
2023-09-24 13:40:00+00:00,16.1,6.0,4.4,5.8
2023-09-24 13:50:00+00:00,16.1,7.0,4.3,6.2
2023-09-24 14:00:00+00:00,16.1,6.5,4.1,6.25
2023-09-24 14:10:00+00:00,16.1,6.0,3.9,6.3
2023-09-24 14:20:00+00:00,16.1,7.0,4.3,6.2
2023-09-24 14:30:00+00:00,16.1,6.0,4.5,5.6
2023-09-24 14:40:00+00:00,16.2,6.0,4.4,6.2
2023-09-24 14:50:00+00:00,16.15,6.0,4.300000000000001,5.800000000000001
2023-09-24 15:00:00+00:00,16.1,6.0,4.2,5.4
2023-09-24 15:10:00+00:00,16.2,6.0,3.8,4.1
2023-09-24 15:20:00+00:00,16.2,6.5,3.8,5.15
2023-09-24 15:30:00+00:00,16.2,7.0,3.8,6.2
2023-09-24 15:40:00+00:00,16.3,7.0,3.8,6.1
2023-09-24 15:50:00+00:00,16.3,6.0,3.7,6.1
2023-09-24 16:00:00+00:00,16.3,7.0,3.7,5.8
2023-09-24 16:10:00+00:00,16.3,7.0,3.6500000000000004,4.949999999999999
2023-09-24 16:20:00+00:00,16.3,7.0,3.6,4.1
2023-09-24 16:30:00+00:00,16.3,7.0,3.6,4.1
2023-09-24 16:40:00+00:00,16.3,7.0,3.6,4.1
2023-09-24 16:50:00+00:00,16.3,6.0,3.6,4.1
2023-09-24 17:00:00+00:00,16.3,6.0,3.5,3.4
2023-09-24 17:10:00+00:00,16.3,7.0,3.5,1.8
2023-09-24 17:20:00+00:00,16.266666666666666,7.0,3.5047619047619047,1.7428571428571429
2023-09-24 17:30:00+00:00,16.233333333333334,7.0,3.5095238095238095,1.6857142857142857
2023-09-24 17:40:00+00:00,16.2,7.0,3.5142857142857142,1.6285714285714286
2023-09-24 17:50:00+00:00,16.166666666666668,7.0,3.519047619047619,1.5714285714285714
2023-09-24 18:00:00+00:00,16.133333333333333,7.0,3.5238095238095237,1.5142857142857142
2023-09-24 18:10:00+00:00,16.1,7.0,3.5285714285714285,1.4571428571428573
2023-09-24 18:20:00+00:00,16.066666666666666,7.0,3.533333333333333,1.4
2023-09-24 18:30:00+00:00,16.033333333333335,7.0,3.538095238095238,1.342857142857143
2023-09-24 18:40:00+00:00,16.0,7.0,3.5428571428571427,1.2857142857142856
2023-09-24 18:50:00+00:00,15.966666666666667,7.0,3.5476190476190474,1.2285714285714286
2023-09-24 19:00:00+00:00,15.933333333333334,7.0,3.5523809523809526,1.1714285714285713
2023-09-24 19:10:00+00:00,15.9,7.0,3.5571428571428574,1.1142857142857143
2023-09-24 19:20:00+00:00,15.866666666666667,7.0,3.561904761904762,1.0571428571428572
2023-09-24 19:30:00+00:00,15.833333333333334,7.0,3.566666666666667,1.0
2023-09-24 19:40:00+00:00,15.8,7.0,3.5714285714285716,0.9428571428571428
2023-09-24 19:50:00+00:00,15.766666666666666,7.0,3.5761904761904764,0.8857142857142857
2023-09-24 20:00:00+00:00,15.733333333333333,7.0,3.580952380952381,0.8285714285714285
2023-09-24 20:10:00+00:00,15.7,7.0,3.585714285714286,0.7714285714285714
2023-09-24 20:20:00+00:00,15.666666666666666,7.0,3.5904761904761906,0.7142857142857142
2023-09-24 20:30:00+00:00,15.633333333333333,7.0,3.5952380952380953,0.657142857142857
2023-09-24 20:40:00+00:00,15.6,7.0,3.6,0.6
2023-09-24 20:50:00+00:00,15.553846153846154,7.0,3.6,0.6
2023-09-24 21:00:00+00:00,15.507692307692308,7.0,3.6,0.6
2023-09-24 21:10:00+00:00,15.461538461538462,7.0,3.6,0.6
2023-09-24 21:20:00+00:00,15.415384615384616,7.0,3.6,0.6
2023-09-24 21:30:00+00:00,15.36923076923077,7.0,3.6,0.6
2023-09-24 21:40:00+00:00,15.323076923076924,7.0,3.6,0.6
2023-09-24 21:50:00+00:00,15.276923076923076,7.0,3.6,0.6
2023-09-24 22:00:00+00:00,15.23076923076923,7.0,3.6,0.6
2023-09-24 22:10:00+00:00,15.184615384615384,7.0,3.6,0.6
2023-09-24 22:20:00+00:00,15.138461538461538,7.0,3.6,0.6
2023-09-24 22:30:00+00:00,15.092307692307692,7.0,3.6,0.6
2023-09-24 22:40:00+00:00,15.046153846153846,7.0,3.6,0.6
2023-09-24 22:50:00+00:00,15.0,7.0,3.6,0.6
2023-09-24 23:00:00+00:00,14.97,7.0,3.6,0.6
2023-09-24 23:10:00+00:00,14.94,7.0,3.6,0.6
2023-09-24 23:20:00+00:00,14.91,7.0,3.6,0.6
2023-09-24 23:30:00+00:00,14.879999999999999,7.0,3.6,0.6
2023-09-24 23:40:00+00:00,14.85,7.0,3.6,0.6
2023-09-24 23:50:00+00:00,14.82,7.0,3.6,0.6
2023-09-25 00:00:00+00:00,14.79,7.0,3.6,0.6
2023-09-25 00:10:00+00:00,14.76,7.0,3.6,0.6
2023-09-25 00:20:00+00:00,14.729999999999999,7.0,3.6,0.6
2023-09-25 00:30:00+00:00,14.7,7.0,3.6,0.6
2023-09-25 00:40:00+00:00,14.66,7.0,3.6,0.6
2023-09-25 00:50:00+00:00,14.62,7.0,3.6,0.6
2023-09-25 01:00:00+00:00,14.58,7.0,3.6,0.6
2023-09-25 01:10:00+00:00,14.54,7.0,3.6,0.6
2023-09-25 01:20:00+00:00,14.5,7.0,3.6,0.6
2023-09-25 01:30:00+00:00,14.46,7.0,3.6,0.6
2023-09-25 01:40:00+00:00,14.42,7.0,3.6,0.6
2023-09-25 01:50:00+00:00,14.38,7.0,3.6,0.6
2023-09-25 02:00:00+00:00,14.34,7.0,3.6,0.6
2023-09-25 02:10:00+00:00,14.3,7.0,3.6,0.6
2023-09-25 02:20:00+00:00,14.25,7.0,3.6,0.6
2023-09-25 02:30:00+00:00,14.200000000000001,7.0,3.6,0.6
2023-09-25 02:40:00+00:00,14.15,7.0,3.6,0.6
2023-09-25 02:50:00+00:00,14.100000000000001,7.0,3.6,0.6
2023-09-25 03:00:00+00:00,14.05,7.0,3.6,0.6
2023-09-25 03:10:00+00:00,14.0,7.0,3.6,0.6
2023-09-25 03:20:00+00:00,13.950000000000001,7.0,3.6,0.6
2023-09-25 03:30:00+00:00,13.9,7.0,3.6,0.6
2023-09-25 03:40:00+00:00,13.850000000000001,7.0,3.6,0.6
2023-09-25 03:50:00+00:00,13.8,7.0,3.6,0.6
2023-09-25 04:00:00+00:00,13.8,7.0,3.618181818181818,0.9181818181818181
2023-09-25 04:10:00+00:00,13.8,7.0,3.6363636363636362,1.2363636363636363
2023-09-25 04:20:00+00:00,13.8,7.0,3.6545454545454548,1.5545454545454542
2023-09-25 04:30:00+00:00,13.8,7.0,3.672727272727273,1.8727272727272726
2023-09-25 04:40:00+00:00,13.8,7.0,3.690909090909091,2.1909090909090905
2023-09-25 04:50:00+00:00,13.8,7.0,3.709090909090909,2.509090909090909
2023-09-25 05:00:00+00:00,13.8,7.0,3.727272727272727,2.8272727272727267
2023-09-25 05:10:00+00:00,13.8,7.0,3.745454545454545,3.145454545454545
2023-09-25 05:20:00+00:00,13.8,7.0,3.7636363636363637,3.4636363636363634
2023-09-25 05:30:00+00:00,13.8,7.0,3.7818181818181817,3.7818181818181813
2023-09-25 05:40:00+00:00,13.8,7.0,3.8,4.1
2023-09-25 05:50:00+00:00,13.850000000000001,7.0,3.9499999999999997,4.1
2023-09-25 06:00:00+00:00,13.9,7.0,4.1,4.1
2023-09-25 06:10:00+00:00,14.0,7.0,4.5,4.1
2023-09-25 06:20:00+00:00,14.0,7.0,4.9,4.1
2023-09-25 06:30:00+00:00,14.1,6.0,5.2,4.1
2023-09-25 06:40:00+00:00,14.1,6.0,5.300000000000001,4.1
2023-09-25 06:50:00+00:00,14.1,6.0,5.4,4.1
2023-09-25 07:00:00+00:00,14.1,7.0,5.4,4.1
2023-09-25 07:10:00+00:00,14.2,7.0,5.4,4.1
2023-09-25 07:20:00+00:00,14.25,6.5,5.550000000000001,4.1
2023-09-25 07:30:00+00:00,14.3,6.0,5.7,4.1
2023-09-25 07:40:00+00:00,14.3,7.0,5.7,4.1
2023-09-25 07:50:00+00:00,14.3,7.0,5.7,4.1
2023-09-25 08:00:00+00:00,14.3,6.5,5.85,4.1
2023-09-25 08:10:00+00:00,14.3,6.0,6.0,4.1
2023-09-25 08:20:00+00:00,14.4,7.0,6.0,4.1
2023-09-25 08:30:00+00:00,14.45,7.0,6.05,4.1
2023-09-25 08:40:00+00:00,14.5,7.0,6.1,4.1
2023-09-25 08:50:00+00:00,14.5,7.0,6.0,4.1
2023-09-25 09:00:00+00:00,14.5,7.0,5.9,4.1
2023-09-25 09:10:00+00:00,14.5,6.0,5.8,4.1
2023-09-25 09:20:00+00:00,14.5,6.0,5.699999999999999,5.1
2023-09-25 09:30:00+00:00,14.5,6.0,5.6,6.1
2023-09-25 09:40:00+00:00,14.5,6.0,5.5,6.1
2023-09-25 09:50:00+00:00,14.55,6.0,5.45,6.15
2023-09-25 10:00:00+00:00,14.6,6.0,5.4,6.2
2023-09-25 10:10:00+00:00,14.6,6.0,5.3,6.2
2023-09-25 10:20:00+00:00,14.6,6.0,5.3,6.2
2023-09-25 10:30:00+00:00,14.6,6.0,5.3,6.2
2023-09-25 10:40:00+00:00,14.6,6.0,5.2,6.3
2023-09-25 10:50:00+00:00,14.6,7.0,5.0,6.2
2023-09-25 11:00:00+00:00,14.7,6.0,5.0,6.2
2023-09-25 11:10:00+00:00,14.7,7.0,5.1,6.2
2023-09-25 11:20:00+00:00,14.7,7.0,5.1,6.2
2023-09-25 11:30:00+00:00,14.8,6.0,5.1,6.2
2023-09-25 11:40:00+00:00,14.8,6.0,5.1,6.2
2023-09-25 11:50:00+00:00,14.8,7.0,5.0,6.2
2023-09-25 12:00:00+00:00,14.8,6.666666666666667,4.966666666666667,6.266666666666667
2023-09-25 12:10:00+00:00,14.8,6.333333333333333,4.933333333333334,6.333333333333334
2023-09-25 12:20:00+00:00,14.8,6.0,4.9,6.4
2023-09-25 12:30:00+00:00,14.9,6.0,4.9,6.2
2023-09-25 12:40:00+00:00,14.95,6.0,4.800000000000001,5.95
2023-09-25 12:50:00+00:00,15.0,6.0,4.7,5.7
2023-09-25 13:00:00+00:00,15.0,6.0,4.4,6.4
2023-09-25 13:10:00+00:00,15.0,6.0,4.5,5.6
2023-09-25 13:20:00+00:00,15.0,6.0,4.4,6.4
2023-09-25 13:30:00+00:00,15.0,6.0,4.300000000000001,6.2
2023-09-25 13:40:00+00:00,15.0,6.0,4.2,6.0
2023-09-25 13:50:00+00:00,15.0,7.0,4.1,5.8
2023-09-25 14:00:00+00:00,15.05,6.5,4.1,5.85
2023-09-25 14:10:00+00:00,15.1,6.0,4.1,5.9
2023-09-25 14:20:00+00:00,15.1,6.0,4.4,6.2
2023-09-25 14:30:00+00:00,15.1,6.0,4.4,6.3
2023-09-25 14:40:00+00:00,15.1,6.0,4.4,6.2
2023-09-25 14:50:00+00:00,15.1,7.0,4.4,6.2
2023-09-25 15:00:00+00:00,15.149999999999999,7.0,4.300000000000001,6.2
2023-09-25 15:10:00+00:00,15.2,7.0,4.2,6.2
2023-09-25 15:20:00+00:00,15.2,7.0,4.1,6.2
2023-09-25 15:30:00+00:00,15.25,7.0,4.0,6.050000000000001
2023-09-25 15:40:00+00:00,15.3,7.0,3.9,5.9
2023-09-25 15:50:00+00:00,15.3,6.5,3.8499999999999996,5.75
2023-09-25 16:00:00+00:00,15.3,6.0,3.8,5.6
2023-09-25 16:10:00+00:00,15.3,7.0,3.7,4.1
2023-09-25 16:20:00+00:00,15.3,6.0,3.7,4.1
2023-09-25 16:30:00+00:00,15.3,7.0,3.6,4.1
2023-09-25 16:40:00+00:00,15.3,6.0,3.6,4.0
2023-09-25 16:50:00+00:00,15.4,6.0,3.6,3.6
2023-09-25 17:00:00+00:00,15.4,6.0,3.6,2.1
2023-09-25 17:10:00+00:00,15.4,7.0,3.5,0.9
2023-09-25 17:20:00+00:00,15.395,6.95,3.5,0.885
2023-09-25 17:30:00+00:00,15.39,6.9,3.5,0.87
2023-09-25 17:40:00+00:00,15.385,6.85,3.5,0.855
2023-09-25 17:50:00+00:00,15.38,6.8,3.5,0.84
2023-09-25 18:00:00+00:00,15.375,6.75,3.5,0.825
2023-09-25 18:10:00+00:00,15.370000000000001,6.7,3.5,0.81
2023-09-25 18:20:00+00:00,15.365,6.65,3.5,0.795
2023-09-25 18:30:00+00:00,15.360000000000001,6.6,3.5,0.78
2023-09-25 18:40:00+00:00,15.355,6.55,3.5,0.765
2023-09-25 18:50:00+00:00,15.350000000000001,6.5,3.5,0.75
2023-09-25 19:00:00+00:00,15.345,6.45,3.5,0.735
2023-09-25 19:10:00+00:00,15.34,6.4,3.5,0.72
2023-09-25 19:20:00+00:00,15.335,6.35,3.5,0.705
2023-09-25 19:30:00+00:00,15.33,6.3,3.5,0.69
2023-09-25 19:40:00+00:00,15.325000000000001,6.25,3.5,0.675
2023-09-25 19:50:00+00:00,15.32,6.2,3.5,0.6599999999999999
2023-09-25 20:00:00+00:00,15.315000000000001,6.15,3.5,0.645
2023-09-25 20:10:00+00:00,15.31,6.1,3.5,0.6299999999999999
2023-09-25 20:20:00+00:00,15.305000000000001,6.05,3.5,0.615
2023-09-25 20:30:00+00:00,15.3,6.0,3.5,0.6
2023-09-25 20:40:00+00:00,15.279411764705882,6.0,3.5029411764705882,0.6
2023-09-25 20:50:00+00:00,15.258823529411766,6.0,3.5058823529411764,0.6
2023-09-25 21:00:00+00:00,15.238235294117647,6.0,3.5088235294117647,0.6
2023-09-25 21:10:00+00:00,15.21764705882353,6.0,3.511764705882353,0.6
2023-09-25 21:20:00+00:00,15.197058823529412,6.0,3.514705882352941,0.6
2023-09-25 21:30:00+00:00,15.176470588235295,6.0,3.5176470588235293,0.6
2023-09-25 21:40:00+00:00,15.155882352941177,6.0,3.5205882352941176,0.6
2023-09-25 21:50:00+00:00,15.13529411764706,6.0,3.523529411764706,0.6
2023-09-25 22:00:00+00:00,15.114705882352942,6.0,3.526470588235294,0.6
2023-09-25 22:10:00+00:00,15.094117647058823,6.0,3.5294117647058822,0.6
2023-09-25 22:20:00+00:00,15.073529411764707,6.0,3.5323529411764705,0.6
2023-09-25 22:30:00+00:00,15.052941176470588,6.0,3.5352941176470587,0.6
2023-09-25 22:40:00+00:00,15.032352941176471,6.0,3.538235294117647,0.6
2023-09-25 22:50:00+00:00,15.011764705882353,6.0,3.541176470588235,0.6
2023-09-25 23:00:00+00:00,14.991176470588236,6.0,3.5441176470588234,0.6
2023-09-25 23:10:00+00:00,14.970588235294118,6.0,3.5470588235294116,0.6
2023-09-25 23:20:00+00:00,14.95,6.0,3.55,0.6
2023-09-25 23:30:00+00:00,14.929411764705883,6.0,3.5529411764705885,0.6
2023-09-25 23:40:00+00:00,14.908823529411764,6.0,3.5558823529411767,0.6
2023-09-25 23:50:00+00:00,14.888235294117647,6.0,3.558823529411765,0.6
2023-09-26 00:00:00+00:00,14.867647058823529,6.0,3.561764705882353,0.6
2023-09-26 00:10:00+00:00,14.847058823529412,6.0,3.5647058823529414,0.6
2023-09-26 00:20:00+00:00,14.826470588235294,6.0,3.5676470588235296,0.6
2023-09-26 00:30:00+00:00,14.805882352941177,6.0,3.570588235294118,0.6
2023-09-26 00:40:00+00:00,,,,
2023-09-26 00:50:00+00:00,,,,
2023-09-26 01:00:00+00:00,,,,
2023-09-26 01:10:00+00:00,,,,
2023-09-26 01:20:00+00:00,,,,
2023-09-26 01:30:00+00:00,,,,
2023-09-26 01:40:00+00:00,,,,
2023-09-26 01:50:00+00:00,,,,
2023-09-26 02:00:00+00:00,,,,
2023-09-26 02:10:00+00:00,14.6,6.0,3.6,0.6
2023-09-26 02:20:00+00:00,14.61,6.1,3.6,0.6
2023-09-26 02:30:00+00:00,14.62,6.2,3.6,0.6
2023-09-26 02:40:00+00:00,14.629999999999999,6.3,3.6,0.6
2023-09-26 02:50:00+00:00,14.639999999999999,6.4,3.6,0.6
2023-09-26 03:00:00+00:00,14.649999999999999,6.5,3.6,0.6
2023-09-26 03:10:00+00:00,14.66,6.6,3.6,0.6
2023-09-26 03:20:00+00:00,14.67,6.7,3.6,0.6
2023-09-26 03:30:00+00:00,14.68,6.8,3.6,0.6
2023-09-26 03:40:00+00:00,14.69,6.9,3.6,0.6
2023-09-26 03:50:00+00:00,14.7,7.0,3.6,0.6
2023-09-26 04:00:00+00:00,14.69,6.9,3.605,0.95
2023-09-26 04:10:00+00:00,14.68,6.8,3.6100000000000003,1.2999999999999998
2023-09-26 04:20:00+00:00,14.67,6.7,3.615,1.65
2023-09-26 04:30:00+00:00,14.66,6.6,3.62,2.0
2023-09-26 04:40:00+00:00,14.649999999999999,6.5,3.625,2.35
2023-09-26 04:50:00+00:00,14.639999999999999,6.4,3.6300000000000003,2.6999999999999997
2023-09-26 05:00:00+00:00,14.629999999999999,6.3,3.6350000000000002,3.05
2023-09-26 05:10:00+00:00,14.62,6.2,3.64,3.4
2023-09-26 05:20:00+00:00,14.61,6.1,3.6450000000000005,3.75
2023-09-26 05:30:00+00:00,14.6,6.0,3.6500000000000004,4.1
2023-09-26 05:40:00+00:00,14.6,6.0,3.7,4.1
2023-09-26 05:50:00+00:00,14.625,6.0,3.7,4.1
2023-09-26 06:00:00+00:00,14.649999999999999,6.0,3.7,4.1
2023-09-26 06:10:00+00:00,14.674999999999999,6.0,3.7,4.1
2023-09-26 06:20:00+00:00,14.7,6.0,3.7,4.1
2023-09-26 06:30:00+00:00,14.7,7.0,3.7,4.1
2023-09-26 06:40:00+00:00,14.7,7.0,3.7,4.1
2023-09-26 06:50:00+00:00,14.7,6.0,3.8,4.1
2023-09-26 07:00:00+00:00,14.7,7.0,3.8,4.1
2023-09-26 07:10:00+00:00,14.7,6.0,3.9,4.1
2023-09-26 07:20:00+00:00,14.7,7.0,3.9,4.1
2023-09-26 07:30:00+00:00,14.8,6.0,3.9,4.1
2023-09-26 07:40:00+00:00,14.8,6.0,3.9,4.1
2023-09-26 07:50:00+00:00,14.8,6.0,3.9,4.1
2023-09-26 08:00:00+00:00,14.8,6.0,4.0,4.1
2023-09-26 08:10:00+00:00,14.8,6.0,4.1,4.1
2023-09-26 08:20:00+00:00,14.8,6.0,4.2,4.1
2023-09-26 08:30:00+00:00,14.8,6.0,4.3,4.1
2023-09-26 08:40:00+00:00,14.8,6.0,4.5,4.1
2023-09-26 08:50:00+00:00,14.8,6.0,4.6,4.2
2023-09-26 09:00:00+00:00,14.9,6.0,4.8,4.1
2023-09-26 09:10:00+00:00,14.9,6.0,4.8,4.1
2023-09-26 09:20:00+00:00,14.9,6.0,5.0,4.1
2023-09-26 09:30:00+00:00,14.933333333333334,6.333333333333333,5.033333333333333,4.1
2023-09-26 09:40:00+00:00,14.966666666666667,6.666666666666667,5.066666666666666,4.1
2023-09-26 09:50:00+00:00,15.0,7.0,5.1,4.1
2023-09-26 10:00:00+00:00,15.0,6.0,5.1,5.7
2023-09-26 10:10:00+00:00,15.1,7.0,5.2,6.0
2023-09-26 10:20:00+00:00,15.1,7.0,5.2,6.0
2023-09-26 10:30:00+00:00,15.5,6.0,5.1,6.1
2023-09-26 10:40:00+00:00,15.6,6.0,4.9,5.7
2023-09-26 10:50:00+00:00,15.6,6.0,4.9,5.7
2023-09-26 11:00:00+00:00,15.8,6.0,4.7,4.1
2023-09-26 11:10:00+00:00,15.8,6.0,4.6,5.6
2023-09-26 11:20:00+00:00,15.8,6.5,4.55,5.05
2023-09-26 11:30:00+00:00,15.8,7.0,4.5,4.5
2023-09-26 11:40:00+00:00,15.7,6.0,4.5,4.1
2023-09-26 11:50:00+00:00,15.8,6.0,4.5,4.9
2023-09-26 12:00:00+00:00,15.8,6.0,4.4,4.1
2023-09-26 12:10:00+00:00,15.7,6.0,4.4,4.1
2023-09-26 12:20:00+00:00,15.8,6.0,4.4,4.1
2023-09-26 12:30:00+00:00,15.75,6.5,4.45,4.9
2023-09-26 12:40:00+00:00,15.7,7.0,4.5,5.7
2023-09-26 12:50:00+00:00,15.8,6.0,4.5,6.0
2023-09-26 13:00:00+00:00,15.8,6.0,4.6,5.9
2023-09-26 13:10:00+00:00,15.8,6.0,4.566666666666666,5.8
2023-09-26 13:20:00+00:00,15.8,6.0,4.533333333333333,5.7
2023-09-26 13:30:00+00:00,15.8,6.0,4.5,5.6
2023-09-26 13:40:00+00:00,15.9,6.0,4.5,4.1
2023-09-26 13:50:00+00:00,15.95,6.0,4.4,4.1
2023-09-26 14:00:00+00:00,16.0,6.0,4.3,4.1
2023-09-26 14:10:00+00:00,16.0,6.5,4.199999999999999,4.1
2023-09-26 14:20:00+00:00,16.0,7.0,4.1,4.1
2023-09-26 14:30:00+00:00,16.0,6.0,4.0,5.9
2023-09-26 14:40:00+00:00,15.95,6.0,4.0,5.4
2023-09-26 14:50:00+00:00,15.9,6.0,4.0,4.9
2023-09-26 15:00:00+00:00,15.95,6.0,4.0,4.5
2023-09-26 15:10:00+00:00,16.0,6.0,4.0,4.1
2023-09-26 15:20:00+00:00,16.0,6.0,4.0,4.1
2023-09-26 15:30:00+00:00,16.0,6.0,4.0,4.1
2023-09-26 15:40:00+00:00,16.0,7.0,4.0,4.1
2023-09-26 15:50:00+00:00,16.1,6.0,3.9,4.1
2023-09-26 16:00:00+00:00,16.1,7.0,3.9,4.1
2023-09-26 16:10:00+00:00,16.1,7.0,3.8,4.1
2023-09-26 16:20:00+00:00,16.1,6.0,3.8,4.1
2023-09-26 16:30:00+00:00,16.2,6.0,3.8,4.1
2023-09-26 16:40:00+00:00,16.2,6.0,3.7,3.8
2023-09-26 16:50:00+00:00,16.2,6.0,3.7,2.95
2023-09-26 17:00:00+00:00,16.2,6.0,3.7,2.1
2023-09-26 17:10:00+00:00,16.191666666666666,6.041666666666667,3.6958333333333333,2.0375
2023-09-26 17:20:00+00:00,16.183333333333334,6.083333333333333,3.691666666666667,1.975
2023-09-26 17:30:00+00:00,16.175,6.125,3.6875,1.9125
2023-09-26 17:40:00+00:00,16.166666666666664,6.166666666666667,3.6833333333333336,1.85
2023-09-26 17:50:00+00:00,16.15833333333333,6.208333333333333,3.6791666666666667,1.7875
2023-09-26 18:00:00+00:00,16.15,6.25,3.6750000000000003,1.725
2023-09-26 18:10:00+00:00,16.141666666666666,6.291666666666667,3.6708333333333334,1.6625
2023-09-26 18:20:00+00:00,16.133333333333333,6.333333333333333,3.666666666666667,1.6
2023-09-26 18:30:00+00:00,16.125,6.375,3.6625,1.5375
2023-09-26 18:40:00+00:00,16.116666666666667,6.416666666666667,3.6583333333333337,1.475
2023-09-26 18:50:00+00:00,16.108333333333334,6.458333333333333,3.654166666666667,1.4125
2023-09-26 19:00:00+00:00,16.1,6.5,3.6500000000000004,1.35
2023-09-26 19:10:00+00:00,16.091666666666665,6.541666666666667,3.6458333333333335,1.2875
2023-09-26 19:20:00+00:00,16.083333333333332,6.583333333333333,3.6416666666666666,1.225
2023-09-26 19:30:00+00:00,16.075,6.625,3.6375,1.1625
2023-09-26 19:40:00+00:00,16.066666666666666,6.666666666666667,3.6333333333333333,1.1
2023-09-26 19:50:00+00:00,16.058333333333334,6.708333333333333,3.629166666666667,1.0375
2023-09-26 20:00:00+00:00,16.05,6.75,3.625,0.9750000000000001
2023-09-26 20:10:00+00:00,16.041666666666668,6.791666666666667,3.6208333333333336,0.9125000000000001
2023-09-26 20:20:00+00:00,16.03333333333333,6.833333333333333,3.6166666666666667,0.8500000000000001
2023-09-26 20:30:00+00:00,16.025,6.875,3.6125000000000003,0.7875000000000001
2023-09-26 20:40:00+00:00,16.016666666666666,6.916666666666667,3.6083333333333334,0.7250000000000001
2023-09-26 20:50:00+00:00,16.008333333333333,6.958333333333333,3.604166666666667,0.6625000000000001
2023-09-26 21:00:00+00:00,16.0,7.0,3.6,0.6
2023-09-26 21:10:00+00:00,15.98,6.9,3.6,0.6
2023-09-26 21:20:00+00:00,15.96,6.8,3.6,0.6
2023-09-26 21:30:00+00:00,15.94,6.7,3.6,0.6
2023-09-26 21:40:00+00:00,15.92,6.6,3.6,0.6
2023-09-26 21:50:00+00:00,15.9,6.5,3.6,0.6
2023-09-26 22:00:00+00:00,15.88,6.4,3.6,0.6
2023-09-26 22:10:00+00:00,15.860000000000001,6.3,3.6,0.6
2023-09-26 22:20:00+00:00,15.84,6.2,3.6,0.6
2023-09-26 22:30:00+00:00,15.82,6.1,3.6,0.6
2023-09-26 22:40:00+00:00,15.8,6.0,3.6,0.6
2023-09-26 22:50:00+00:00,15.780000000000001,6.0,3.6,0.58
2023-09-26 23:00:00+00:00,15.76,6.0,3.6,0.5599999999999999
2023-09-26 23:10:00+00:00,15.74,6.0,3.6,0.54
2023-09-26 23:20:00+00:00,15.72,6.0,3.6,0.52
2023-09-26 23:30:00+00:00,15.7,6.0,3.6,0.5
2023-09-26 23:40:00+00:00,15.68,6.0,3.6,0.48
2023-09-26 23:50:00+00:00,15.66,6.0,3.6,0.45999999999999996
2023-09-27 00:00:00+00:00,15.64,6.0,3.6,0.44
2023-09-27 00:10:00+00:00,15.62,6.0,3.6,0.42000000000000004
2023-09-27 00:20:00+00:00,15.6,6.0,3.6,0.4
2023-09-27 00:30:00+00:00,15.57,6.1,3.6,0.42000000000000004
2023-09-27 00:40:00+00:00,15.54,6.2,3.6,0.44
2023-09-27 00:50:00+00:00,15.51,6.3,3.6,0.46
2023-09-27 01:00:00+00:00,15.48,6.4,3.6,0.48
2023-09-27 01:10:00+00:00,15.45,6.5,3.6,0.5
2023-09-27 01:20:00+00:00,15.42,6.6,3.6,0.52
2023-09-27 01:30:00+00:00,15.39,6.7,3.6,0.54
2023-09-27 01:40:00+00:00,15.360000000000001,6.8,3.6,0.56
2023-09-27 01:50:00+00:00,15.33,6.9,3.6,0.58
2023-09-27 02:00:00+00:00,15.3,7.0,3.6,0.6
2023-09-27 02:10:00+00:00,15.280000000000001,7.0,3.6,0.6
2023-09-27 02:20:00+00:00,15.26,7.0,3.6,0.6
2023-09-27 02:30:00+00:00,15.24,7.0,3.6,0.6
2023-09-27 02:40:00+00:00,15.22,7.0,3.6,0.6
2023-09-27 02:50:00+00:00,15.2,7.0,3.6,0.6
2023-09-27 03:00:00+00:00,15.18,7.0,3.6,0.6
2023-09-27 03:10:00+00:00,15.16,7.0,3.6,0.6
2023-09-27 03:20:00+00:00,15.14,7.0,3.6,0.6
2023-09-27 03:30:00+00:00,15.12,7.0,3.6,0.6
2023-09-27 03:40:00+00:00,15.1,7.0,3.6,0.6
2023-09-27 03:50:00+00:00,15.09,7.0,3.64,0.95
2023-09-27 04:00:00+00:00,15.08,7.0,3.68,1.2999999999999998
2023-09-27 04:10:00+00:00,15.07,7.0,3.72,1.65
2023-09-27 04:20:00+00:00,15.06,7.0,3.7600000000000002,2.0
2023-09-27 04:30:00+00:00,15.05,7.0,3.8,2.35
2023-09-27 04:40:00+00:00,15.04,7.0,3.84,2.6999999999999997
2023-09-27 04:50:00+00:00,15.03,7.0,3.88,3.05
2023-09-27 05:00:00+00:00,15.02,7.0,3.92,3.4
2023-09-27 05:10:00+00:00,15.01,7.0,3.96,3.75
2023-09-27 05:20:00+00:00,15.0,7.0,4.0,4.1
2023-09-27 05:30:00+00:00,15.0,7.0,4.2,4.1
2023-09-27 05:40:00+00:00,15.0,7.0,4.3999999999999995,4.1
2023-09-27 05:50:00+00:00,15.0,7.0,4.6,4.1
2023-09-27 06:00:00+00:00,15.0,6.0,4.6,4.1
2023-09-27 06:10:00+00:00,15.0,7.0,4.5,4.1
2023-09-27 06:20:00+00:00,15.0,7.0,4.4,4.2
2023-09-27 06:30:00+00:00,15.0,7.0,4.5,4.1
2023-09-27 06:40:00+00:00,15.0,7.0,4.5,4.1
2023-09-27 06:50:00+00:00,15.0,6.666666666666667,4.666666666666667,4.1
2023-09-27 07:00:00+00:00,15.0,6.333333333333333,4.833333333333333,4.1
2023-09-27 07:10:00+00:00,15.0,6.0,5.0,4.1
2023-09-27 07:20:00+00:00,15.05,6.5,5.35,4.1
2023-09-27 07:30:00+00:00,15.1,7.0,5.7,4.1
2023-09-27 07:40:00+00:00,15.1,7.0,5.9,4.1
2023-09-27 07:50:00+00:00,15.1,7.0,6.0,4.1
2023-09-27 08:00:00+00:00,15.1,6.0,6.1,4.1
2023-09-27 08:10:00+00:00,15.2,6.5,6.199999999999999,4.1
2023-09-27 08:20:00+00:00,15.3,7.0,6.3,4.1
2023-09-27 08:30:00+00:00,15.5,6.0,6.3,4.1
2023-09-27 08:40:00+00:00,15.5,6.0,6.35,4.1
2023-09-27 08:50:00+00:00,15.5,6.0,6.4,4.1
2023-09-27 09:00:00+00:00,15.5,6.0,6.4,4.1
2023-09-27 09:10:00+00:00,15.6,7.0,6.4,4.2
2023-09-27 09:20:00+00:00,15.6,7.0,6.4,4.2
2023-09-27 09:30:00+00:00,15.8,7.0,6.5,5.9
2023-09-27 09:40:00+00:00,15.7,6.0,6.5,6.1
2023-09-27 09:50:00+00:00,15.8,7.0,6.5,6.1
2023-09-27 10:00:00+00:00,15.9,7.0,6.4,6.1
2023-09-27 10:10:00+00:00,15.8,7.0,6.4,6.1
2023-09-27 10:20:00+00:00,15.9,7.0,6.3,6.2
2023-09-27 10:30:00+00:00,15.95,6.5,6.199999999999999,6.2
2023-09-27 10:40:00+00:00,16.0,6.0,6.1,6.2
2023-09-27 10:50:00+00:00,16.0,6.0,6.0,6.1
2023-09-27 11:00:00+00:00,16.0,7.0,5.8,6.2
2023-09-27 11:10:00+00:00,16.0,6.0,5.7,6.2
2023-09-27 11:20:00+00:00,16.5,6.0,5.6,6.2
2023-09-27 11:30:00+00:00,17.5,7.0,5.4,6.3
2023-09-27 11:40:00+00:00,17.7,6.0,5.3,6.2
2023-09-27 11:50:00+00:00,18.3,6.0,5.3,6.3
2023-09-27 12:00:00+00:00,18.8,5.0,5.2,6.3
2023-09-27 12:10:00+00:00,18.9,6.0,5.1,6.3
2023-09-27 12:20:00+00:00,18.95,6.0,5.05,6.25
2023-09-27 12:30:00+00:00,19.0,6.0,5.0,6.2
2023-09-27 12:40:00+00:00,18.8,6.0,4.9,6.2
2023-09-27 12:50:00+00:00,19.1,6.0,4.9,6.2
2023-09-27 13:00:00+00:00,19.0,6.0,4.8,6.2
2023-09-27 13:10:00+00:00,19.3,5.0,4.7,6.2
2023-09-27 13:20:00+00:00,19.3,6.0,4.7,6.2
2023-09-27 13:30:00+00:00,19.3,6.0,4.7,6.2
2023-09-27 13:40:00+00:00,19.3,6.0,4.7,6.2
2023-09-27 13:50:00+00:00,19.5,6.0,4.6,6.2
2023-09-27 14:00:00+00:00,19.5,6.0,4.6,6.2
2023-09-27 14:10:00+00:00,19.45,6.0,4.55,6.2
2023-09-27 14:20:00+00:00,19.4,6.0,4.5,6.2
2023-09-27 14:30:00+00:00,19.3,5.0,4.5,6.2
2023-09-27 14:40:00+00:00,19.4,5.0,4.4,6.2
2023-09-27 14:50:00+00:00,19.3,6.0,4.4,6.2
2023-09-27 15:00:00+00:00,19.3,6.0,4.4,6.2
2023-09-27 15:10:00+00:00,19.1,6.0,4.3,6.0
2023-09-27 15:20:00+00:00,19.0,6.0,4.3,5.9
2023-09-27 15:30:00+00:00,19.0,6.0,4.1,6.0
2023-09-27 15:40:00+00:00,18.7,6.0,4.1,5.9
2023-09-27 15:50:00+00:00,18.5,6.0,4.0,5.4
2023-09-27 16:00:00+00:00,18.45,6.0,3.95,4.75
2023-09-27 16:10:00+00:00,18.4,6.0,3.9,4.1
2023-09-27 16:20:00+00:00,18.3,6.0,3.7,4.1
2023-09-27 16:30:00+00:00,18.2,7.0,3.7,4.1
2023-09-27 16:40:00+00:00,18.1,6.0,3.6,4.0
2023-09-27 16:50:00+00:00,18.1,6.0,3.6,3.0
2023-09-27 17:00:00+00:00,18.0,7.0,3.5,1.3
2023-09-27 17:10:00+00:00,18.0,6.0,3.5,0.6
2023-09-27 17:20:00+00:00,17.96153846153846,6.0,3.5,0.6
2023-09-27 17:30:00+00:00,17.923076923076923,6.0,3.5,0.6
2023-09-27 17:40:00+00:00,17.884615384615383,6.0,3.5,0.6
2023-09-27 17:50:00+00:00,17.846153846153847,6.0,3.5,0.6
2023-09-27 18:00:00+00:00,17.807692307692307,6.0,3.5,0.6
2023-09-27 18:10:00+00:00,17.76923076923077,6.0,3.5,0.6
2023-09-27 18:20:00+00:00,17.73076923076923,6.0,3.5,0.6
2023-09-27 18:30:00+00:00,17.692307692307693,6.0,3.5,0.6
2023-09-27 18:40:00+00:00,17.653846153846153,6.0,3.5,0.6
2023-09-27 18:50:00+00:00,17.615384615384617,6.0,3.5,0.6
2023-09-27 19:00:00+00:00,17.576923076923077,6.0,3.5,0.6
2023-09-27 19:10:00+00:00,17.53846153846154,6.0,3.5,0.6
2023-09-27 19:20:00+00:00,17.5,6.0,3.5,0.6
2023-09-27 19:30:00+00:00,17.46,5.9,3.5,0.6
2023-09-27 19:40:00+00:00,17.42,5.8,3.5,0.6
2023-09-27 19:50:00+00:00,17.38,5.7,3.5,0.6
2023-09-27 20:00:00+00:00,17.34,5.6,3.5,0.6
2023-09-27 20:10:00+00:00,17.3,5.5,3.5,0.6
2023-09-27 20:20:00+00:00,17.26,5.4,3.5,0.6
2023-09-27 20:30:00+00:00,17.220000000000002,5.3,3.5,0.6
2023-09-27 20:40:00+00:00,17.18,5.2,3.5,0.6
2023-09-27 20:50:00+00:00,17.14,5.1,3.5,0.6
2023-09-27 21:00:00+00:00,17.1,5.0,3.5,0.6
2023-09-27 21:10:00+00:00,17.07,5.2,3.5,0.6
2023-09-27 21:20:00+00:00,17.040000000000003,5.4,3.5,0.6
2023-09-27 21:30:00+00:00,17.01,5.6,3.5,0.6
2023-09-27 21:40:00+00:00,16.98,5.8,3.5,0.6
2023-09-27 21:50:00+00:00,16.950000000000003,6.0,3.5,0.6
2023-09-27 22:00:00+00:00,16.92,6.2,3.5,0.6
2023-09-27 22:10:00+00:00,16.89,6.4,3.5,0.6
2023-09-27 22:20:00+00:00,16.86,6.6,3.5,0.6
2023-09-27 22:30:00+00:00,16.830000000000002,6.8,3.5,0.6
2023-09-27 22:40:00+00:00,16.8,7.0,3.5,0.6
2023-09-27 22:50:00+00:00,16.75,6.9,3.5,0.58
2023-09-27 23:00:00+00:00,16.7,6.8,3.5,0.5599999999999999
2023-09-27 23:10:00+00:00,16.650000000000002,6.7,3.5,0.54
2023-09-27 23:20:00+00:00,16.6,6.6,3.5,0.52
2023-09-27 23:30:00+00:00,16.55,6.5,3.5,0.5
2023-09-27 23:40:00+00:00,16.5,6.4,3.5,0.48
2023-09-27 23:50:00+00:00,16.45,6.3,3.5,0.45999999999999996
2023-09-28 00:00:00+00:00,16.400000000000002,6.2,3.5,0.44
2023-09-28 00:10:00+00:00,16.35,6.1,3.5,0.42000000000000004
2023-09-28 00:20:00+00:00,16.3,6.0,3.5,0.4
2023-09-28 00:30:00+00:00,16.28,6.1,3.51,0.42000000000000004
2023-09-28 00:40:00+00:00,16.26,6.2,3.52,0.44
2023-09-28 00:50:00+00:00,16.240000000000002,6.3,3.5300000000000002,0.46
2023-09-28 01:00:00+00:00,16.220000000000002,6.4,3.54,0.48
2023-09-28 01:10:00+00:00,16.200000000000003,6.5,3.55,0.5
2023-09-28 01:20:00+00:00,16.18,6.6,3.56,0.52
2023-09-28 01:30:00+00:00,16.16,6.7,3.5700000000000003,0.54
2023-09-28 01:40:00+00:00,16.14,6.8,3.58,0.56
2023-09-28 01:50:00+00:00,16.12,6.9,3.59,0.58
2023-09-28 02:00:00+00:00,16.1,7.0,3.6,0.6
2023-09-28 02:10:00+00:00,16.07,6.9,3.69,0.6
2023-09-28 02:20:00+00:00,16.040000000000003,6.8,3.7800000000000002,0.6
2023-09-28 02:30:00+00:00,16.01,6.7,3.87,0.6
2023-09-28 02:40:00+00:00,15.98,6.6,3.96,0.6
2023-09-28 02:50:00+00:00,15.950000000000001,6.5,4.05,0.6
2023-09-28 03:00:00+00:00,15.920000000000002,6.4,4.140000000000001,0.6
2023-09-28 03:10:00+00:00,15.89,6.3,4.23,0.6
2023-09-28 03:20:00+00:00,15.860000000000001,6.2,4.32,0.6
2023-09-28 03:30:00+00:00,15.83,6.1,4.41,0.6
2023-09-28 03:40:00+00:00,15.8,6.0,4.5,0.6
2023-09-28 03:50:00+00:00,15.780000000000001,6.0,4.45,0.95
2023-09-28 04:00:00+00:00,15.76,6.0,4.4,1.2999999999999998
2023-09-28 04:10:00+00:00,15.74,6.0,4.35,1.65
2023-09-28 04:20:00+00:00,15.72,6.0,4.3,2.0
2023-09-28 04:30:00+00:00,15.7,6.0,4.25,2.35
2023-09-28 04:40:00+00:00,15.68,6.0,4.2,2.6999999999999997
2023-09-28 04:50:00+00:00,15.66,6.0,4.15,3.05
2023-09-28 05:00:00+00:00,15.64,6.0,4.1,3.4
2023-09-28 05:10:00+00:00,15.62,6.0,4.05,3.75
2023-09-28 05:20:00+00:00,15.6,6.0,4.0,4.1
2023-09-28 05:30:00+00:00,15.6,6.0,4.8,4.1
2023-09-28 05:40:00+00:00,15.6,7.0,5.2,4.1
2023-09-28 05:50:00+00:00,15.7,6.0,5.4,4.1
2023-09-28 06:00:00+00:00,15.7,6.333333333333333,5.5,4.1
2023-09-28 06:10:00+00:00,15.7,6.666666666666667,5.6000000000000005,4.1
2023-09-28 06:20:00+00:00,15.7,7.0,5.7,4.1
2023-09-28 06:30:00+00:00,15.7,7.0,5.8,4.1
2023-09-28 06:40:00+00:00,15.7,6.5,5.949999999999999,4.1
2023-09-28 06:50:00+00:00,15.7,6.0,6.1,4.1
2023-09-28 07:00:00+00:00,15.8,7.0,6.2,4.1
2023-09-28 07:10:00+00:00,15.7,6.0,6.2,4.1
2023-09-28 07:20:00+00:00,15.8,6.0,6.2,4.1
2023-09-28 07:30:00+00:00,15.8,7.0,6.2,4.1
2023-09-28 07:40:00+00:00,15.8,7.0,6.2,4.1
2023-09-28 07:50:00+00:00,15.825000000000001,7.0,6.2,4.1
2023-09-28 08:00:00+00:00,15.850000000000001,7.0,6.2,4.1
2023-09-28 08:10:00+00:00,15.875,7.0,6.2,4.1
2023-09-28 08:20:00+00:00,15.9,7.0,6.2,4.1
2023-09-28 08:30:00+00:00,15.95,7.0,6.25,4.1
2023-09-28 08:40:00+00:00,16.0,7.0,6.3,4.1
2023-09-28 08:50:00+00:00,16.0,6.0,6.4,4.1
2023-09-28 09:00:00+00:00,16.05,6.5,6.35,4.15
2023-09-28 09:10:00+00:00,16.1,7.0,6.3,4.2
2023-09-28 09:20:00+00:00,16.15,6.5,6.05,5.1
2023-09-28 09:30:00+00:00,16.2,6.0,5.8,6.0
2023-09-28 09:40:00+00:00,16.3,6.0,5.6,6.1
2023-09-28 09:50:00+00:00,16.35,6.0,5.5,6.15
2023-09-28 10:00:00+00:00,16.4,6.0,5.4,6.2
2023-09-28 10:10:00+00:00,16.5,6.0,5.3,6.2
2023-09-28 10:20:00+00:00,16.55,6.0,5.199999999999999,6.2
2023-09-28 10:30:00+00:00,16.6,6.0,5.1,6.2
2023-09-28 10:40:00+00:00,16.8,6.0,5.0,6.3
2023-09-28 10:50:00+00:00,16.775,6.0,4.975,6.275
2023-09-28 11:00:00+00:00,16.75,6.0,4.95,6.25
2023-09-28 11:10:00+00:00,16.725,6.0,4.925000000000001,6.225
2023-09-28 11:20:00+00:00,16.7,6.0,4.9,6.2
2023-09-28 11:30:00+00:00,16.799999999999997,6.0,4.9,6.2
2023-09-28 11:40:00+00:00,16.9,6.0,4.9,6.2
2023-09-28 11:50:00+00:00,17.0,6.0,4.8,6.2
2023-09-28 12:00:00+00:00,17.1,5.0,4.7,6.2
2023-09-28 12:10:00+00:00,17.1,6.0,4.7,6.2
2023-09-28 12:20:00+00:00,17.0,7.0,4.7,6.2
2023-09-28 12:30:00+00:00,17.0,6.0,4.7,6.2
2023-09-28 12:40:00+00:00,16.9,6.0,4.7,6.2
2023-09-28 12:50:00+00:00,17.0,6.0,4.7,6.1
2023-09-28 13:00:00+00:00,17.0,7.0,4.7,6.2
2023-09-28 13:10:00+00:00,16.933333333333334,6.666666666666667,4.666666666666667,6.2
2023-09-28 13:20:00+00:00,16.866666666666667,6.333333333333333,4.633333333333333,6.2
2023-09-28 13:30:00+00:00,16.8,6.0,4.6,6.2
2023-09-28 13:40:00+00:00,17.1,7.0,4.6,6.2
2023-09-28 13:50:00+00:00,17.0,6.0,4.6,6.2
2023-09-28 14:00:00+00:00,17.1,7.0,4.6,6.2
2023-09-28 14:10:00+00:00,17.1,6.5,4.55,6.15
2023-09-28 14:20:00+00:00,17.1,6.0,4.5,6.1
2023-09-28 14:30:00+00:00,17.1,6.0,4.5,6.2
2023-09-28 14:40:00+00:00,17.1,6.0,4.5,6.2
2023-09-28 14:50:00+00:00,17.1,6.0,4.4,6.1
2023-09-28 15:00:00+00:00,17.1,6.0,4.4,6.1
2023-09-28 15:10:00+00:00,17.1,6.5,4.35,6.1
2023-09-28 15:20:00+00:00,17.1,7.0,4.3,6.1
2023-09-28 15:30:00+00:00,17.1,6.0,4.3,6.0
2023-09-28 15:40:00+00:00,17.1,7.0,4.1,4.9
2023-09-28 15:50:00+00:00,17.1,6.0,3.9,5.6
2023-09-28 16:00:00+00:00,17.1,6.0,3.8,4.1
2023-09-28 16:10:00+00:00,17.1,6.0,3.8,4.1
2023-09-28 16:20:00+00:00,17.1,6.0,3.6,4.1
2023-09-28 16:30:00+00:00,17.1,7.0,3.6,4.1
2023-09-28 16:40:00+00:00,17.1,6.0,3.6,3.6
2023-09-28 16:50:00+00:00,17.1,7.0,3.6,1.9
2023-09-28 17:00:00+00:00,17.1,6.5,3.55,1.4
2023-09-28 17:10:00+00:00,17.1,6.0,3.5,0.9
2023-09-28 17:20:00+00:00,17.09,6.0,3.5,0.87
2023-09-28 17:30:00+00:00,17.080000000000002,6.0,3.5,0.84
2023-09-28 17:40:00+00:00,17.07,6.0,3.5,0.81
2023-09-28 17:50:00+00:00,17.060000000000002,6.0,3.5,0.78
2023-09-28 18:00:00+00:00,17.05,6.0,3.5,0.75
2023-09-28 18:10:00+00:00,17.04,6.0,3.5,0.72
2023-09-28 18:20:00+00:00,17.03,6.0,3.5,0.69
2023-09-28 18:30:00+00:00,17.02,6.0,3.5,0.6599999999999999
2023-09-28 18:40:00+00:00,17.01,6.0,3.5,0.6299999999999999
2023-09-28 18:50:00+00:00,17.0,6.0,3.5,0.6
2023-09-28 19:00:00+00:00,16.97142857142857,6.0,3.5015873015873016,0.6555555555555556
2023-09-28 19:10:00+00:00,16.942857142857143,6.0,3.503174603174603,0.711111111111111
2023-09-28 19:20:00+00:00,16.914285714285715,6.0,3.5047619047619047,0.7666666666666666
2023-09-28 19:30:00+00:00,16.885714285714286,6.0,3.5063492063492063,0.8222222222222222
2023-09-28 19:40:00+00:00,16.857142857142858,6.0,3.507936507936508,0.8777777777777778
2023-09-28 19:50:00+00:00,16.82857142857143,6.0,3.5095238095238095,0.9333333333333332
2023-09-28 20:00:00+00:00,16.8,6.0,3.511111111111111,0.9888888888888888
2023-09-28 20:10:00+00:00,16.771428571428572,6.0,3.5126984126984127,1.0444444444444443
2023-09-28 20:20:00+00:00,16.742857142857144,6.0,3.5142857142857142,1.0999999999999999
2023-09-28 20:30:00+00:00,16.714285714285715,6.0,3.515873015873016,1.1555555555555554
2023-09-28 20:40:00+00:00,16.685714285714287,6.0,3.5174603174603174,1.211111111111111
2023-09-28 20:50:00+00:00,16.65714285714286,6.0,3.519047619047619,1.2666666666666666
2023-09-28 21:00:00+00:00,16.62857142857143,6.0,3.5206349206349206,1.322222222222222
2023-09-28 21:10:00+00:00,16.6,6.0,3.522222222222222,1.3777777777777778
2023-09-28 21:20:00+00:00,16.571428571428573,6.0,3.5238095238095237,1.4333333333333331
2023-09-28 21:30:00+00:00,16.54285714285714,6.0,3.5253968253968253,1.4888888888888887
2023-09-28 21:40:00+00:00,16.514285714285712,6.0,3.526984126984127,1.5444444444444443
2023-09-28 21:50:00+00:00,16.485714285714284,6.0,3.5285714285714285,1.5999999999999996
2023-09-28 22:00:00+00:00,16.457142857142856,6.0,3.53015873015873,1.6555555555555554
2023-09-28 22:10:00+00:00,16.428571428571427,6.0,3.5317460317460316,1.7111111111111108
2023-09-28 22:20:00+00:00,16.4,6.0,3.533333333333333,1.7666666666666666
2023-09-28 22:30:00+00:00,16.37142857142857,6.0,3.534920634920635,1.822222222222222
2023-09-28 22:40:00+00:00,16.34285714285714,6.0,3.5365079365079364,1.8777777777777773
2023-09-28 22:50:00+00:00,16.314285714285713,6.0,3.538095238095238,1.9333333333333331
2023-09-28 23:00:00+00:00,,,,
2023-09-28 23:10:00+00:00,,,,
2023-09-28 23:20:00+00:00,,,,
2023-09-28 23:30:00+00:00,,,,
2023-09-28 23:40:00+00:00,,,,
2023-09-28 23:50:00+00:00,,,,
2023-09-29 00:00:00+00:00,,,,
2023-09-29 00:10:00+00:00,,,,
2023-09-29 00:20:00+00:00,,,,
2023-09-29 00:30:00+00:00,,,,
2023-09-29 00:40:00+00:00,,,,
2023-09-29 00:50:00+00:00,,,,
2023-09-29 01:00:00+00:00,,,,
2023-09-29 01:10:00+00:00,,,,
2023-09-29 01:20:00+00:00,,,,
2023-09-29 01:30:00+00:00,,,,
2023-09-29 01:40:00+00:00,,,,
2023-09-29 01:50:00+00:00,,,,
2023-09-29 02:00:00+00:00,,,,
2023-09-29 02:10:00+00:00,,,,
2023-09-29 02:20:00+00:00,,,,
2023-09-29 02:30:00+00:00,,,,
2023-09-29 02:40:00+00:00,,,,
2023-09-29 02:50:00+00:00,,,,
2023-09-29 03:00:00+00:00,,,,
2023-09-29 03:10:00+00:00,,,,
2023-09-29 03:20:00+00:00,,,,
2023-09-29 03:30:00+00:00,,,,
2023-09-29 03:40:00+00:00,,,,
2023-09-29 03:50:00+00:00,,,,
2023-09-29 04:00:00+00:00,,,,
2023-09-29 04:10:00+00:00,,,,
2023-09-29 04:20:00+00:00,,,,
2023-09-29 04:30:00+00:00,,,,
2023-09-29 04:40:00+00:00,,,,
2023-09-29 04:50:00+00:00,,,,
2023-09-29 05:00:00+00:00,,,,
2023-09-29 05:10:00+00:00,,,,
2023-09-29 05:20:00+00:00,15.2,6.0,3.6,4.1
2023-09-29 05:30:00+00:00,15.1,7.0,3.6,4.1
2023-09-29 05:40:00+00:00,15.2,6.0,3.7,4.1
2023-09-29 05:50:00+00:00,15.2,7.0,3.7,4.1
2023-09-29 06:00:00+00:00,15.2,6.0,3.8,4.1
2023-09-29 06:10:00+00:00,15.1,7.0,3.9,4.1
2023-09-29 06:20:00+00:00,15.1,7.0,3.9,4.2
2023-09-29 06:30:00+00:00,15.0,7.0,3.8,4.1
2023-09-29 06:40:00+00:00,14.9,7.0,3.9,4.1
2023-09-29 06:50:00+00:00,15.0,7.0,4.0,4.1
2023-09-29 07:00:00+00:00,15.0,7.0,4.0,4.1
2023-09-29 07:10:00+00:00,15.0,7.0,4.05,4.1
2023-09-29 07:20:00+00:00,15.0,7.0,4.1,4.1
2023-09-29 07:30:00+00:00,15.0,7.0,4.3,4.1
2023-09-29 07:40:00+00:00,15.1,7.0,4.5,4.1
2023-09-29 07:50:00+00:00,15.2,6.0,4.4,4.1
2023-09-29 08:00:00+00:00,15.3,6.0,4.4,4.1
2023-09-29 08:10:00+00:00,15.4,6.0,4.45,4.1
2023-09-29 08:20:00+00:00,15.5,6.0,4.5,4.1
2023-09-29 08:30:00+00:00,15.6,6.0,4.6,4.1
2023-09-29 08:40:00+00:00,15.8,6.0,4.5,4.1
2023-09-29 08:50:00+00:00,15.8,7.0,4.7,4.1
2023-09-29 09:00:00+00:00,15.850000000000001,6.5,4.75,4.15
2023-09-29 09:10:00+00:00,15.9,6.0,4.8,4.2
2023-09-29 09:20:00+00:00,16.033333333333335,6.0,4.8,4.833333333333333
2023-09-29 09:30:00+00:00,16.166666666666668,6.0,4.8,5.466666666666667
2023-09-29 09:40:00+00:00,16.3,6.0,4.8,6.1
2023-09-29 09:50:00+00:00,16.6,6.0,4.7,6.1
2023-09-29 10:00:00+00:00,16.75,6.0,4.7,6.15
2023-09-29 10:10:00+00:00,16.9,6.0,4.7,6.2
2023-09-29 10:20:00+00:00,16.8,6.0,4.6,6.2
2023-09-29 10:30:00+00:00,16.9,6.0,4.6,6.2
2023-09-29 10:40:00+00:00,17.0,6.0,4.6,6.1
2023-09-29 10:50:00+00:00,17.15,6.0,4.55,6.15
2023-09-29 11:00:00+00:00,17.3,6.0,4.5,6.2
2023-09-29 11:10:00+00:00,17.5,6.0,4.5,6.3
2023-09-29 11:20:00+00:00,17.7,6.0,4.4,6.2
2023-09-29 11:30:00+00:00,17.5,5.5,4.35,6.2
2023-09-29 11:40:00+00:00,17.3,5.0,4.3,6.2
2023-09-29 11:50:00+00:00,17.1,6.0,4.4,6.2
2023-09-29 12:00:00+00:00,18.0,6.0,4.2,6.2
2023-09-29 12:10:00+00:00,18.1,6.0,4.0,6.1
2023-09-29 12:20:00+00:00,18.05,6.0,3.95,5.949999999999999
2023-09-29 12:30:00+00:00,18.0,6.0,3.9,5.8
2023-09-29 12:40:00+00:00,18.0,6.0,3.8499999999999996,5.85
2023-09-29 12:50:00+00:00,18.0,6.0,3.8,5.9
2023-09-29 13:00:00+00:00,18.0,6.0,3.7,5.8
2023-09-29 13:10:00+00:00,18.0,6.0,3.8,6.0
2023-09-29 13:20:00+00:00,18.1,6.0,3.8,5.8
2023-09-29 13:30:00+00:00,18.0,6.0,3.7,5.5
2023-09-29 13:40:00+00:00,18.0,6.0,3.7,5.0
2023-09-29 13:50:00+00:00,18.0,6.0,3.7,4.1
2023-09-29 14:00:00+00:00,18.0,6.0,3.7,4.1
2023-09-29 14:10:00+00:00,17.9,7.0,3.6,4.1
2023-09-29 14:20:00+00:00,17.85,6.5,3.6,4.1
2023-09-29 14:30:00+00:00,17.8,6.0,3.6,4.1
2023-09-29 14:40:00+00:00,17.8,6.0,3.6,5.1
2023-09-29 14:50:00+00:00,17.7,6.0,3.6,4.1
2023-09-29 15:00:00+00:00,17.6,6.0,3.6,4.1
2023-09-29 15:10:00+00:00,17.6,6.0,3.6,4.1
2023-09-29 15:20:00+00:00,17.6,6.0,3.6,4.1
2023-09-29 15:30:00+00:00,17.5,6.0,3.6,4.1
2023-09-29 15:40:00+00:00,17.4,6.0,3.6,4.1
2023-09-29 15:50:00+00:00,17.4,7.0,3.6,4.1
2023-09-29 16:00:00+00:00,17.3,7.0,3.6,4.1
2023-09-29 16:10:00+00:00,17.3,6.5,3.6,4.05
2023-09-29 16:20:00+00:00,17.3,6.0,3.6,4.0
2023-09-29 16:30:00+00:00,17.2,6.0,3.5,3.3
2023-09-29 16:40:00+00:00,17.2,6.0,3.6,2.4
2023-09-29 16:50:00+00:00,17.2,6.0,3.55,1.6
2023-09-29 17:00:00+00:00,17.2,6.0,3.5,0.8
2023-09-29 17:10:00+00:00,17.18,6.0,3.51,0.78
2023-09-29 17:20:00+00:00,17.16,6.0,3.52,0.76
2023-09-29 17:30:00+00:00,17.14,6.0,3.5300000000000002,0.74
2023-09-29 17:40:00+00:00,17.12,6.0,3.54,0.72
2023-09-29 17:50:00+00:00,17.1,6.0,3.55,0.7
2023-09-29 18:00:00+00:00,17.08,6.0,3.56,0.6799999999999999
2023-09-29 18:10:00+00:00,17.06,6.0,3.5700000000000003,0.66
2023-09-29 18:20:00+00:00,17.04,6.0,3.58,0.64
2023-09-29 18:30:00+00:00,17.02,6.0,3.59,0.62
2023-09-29 18:40:00+00:00,17.0,6.0,3.6,0.6
2023-09-29 18:50:00+00:00,16.991304347826087,6.043478260869565,3.6,0.6
2023-09-29 19:00:00+00:00,16.982608695652175,6.086956521739131,3.6,0.6
2023-09-29 19:10:00+00:00,16.973913043478262,6.130434782608695,3.6,0.6
2023-09-29 19:20:00+00:00,16.965217391304346,6.173913043478261,3.6,0.6
2023-09-29 19:30:00+00:00,16.956521739130434,6.217391304347826,3.6,0.6
2023-09-29 19:40:00+00:00,16.94782608695652,6.260869565217392,3.6,0.6
2023-09-29 19:50:00+00:00,16.93913043478261,6.304347826086957,3.6,0.6
2023-09-29 20:00:00+00:00,16.930434782608696,6.3478260869565215,3.6,0.6
2023-09-29 20:10:00+00:00,16.921739130434784,6.391304347826087,3.6,0.6
2023-09-29 20:20:00+00:00,16.91304347826087,6.434782608695652,3.6,0.6
2023-09-29 20:30:00+00:00,16.90434782608696,6.478260869565218,3.6,0.6
2023-09-29 20:40:00+00:00,16.895652173913042,6.521739130434782,3.6,0.6
2023-09-29 20:50:00+00:00,16.88695652173913,6.565217391304348,3.6,0.6
2023-09-29 21:00:00+00:00,16.878260869565217,6.608695652173913,3.6,0.6
2023-09-29 21:10:00+00:00,16.869565217391305,6.6521739130434785,3.6,0.6
2023-09-29 21:20:00+00:00,16.860869565217392,6.695652173913043,3.6,0.6
2023-09-29 21:30:00+00:00,16.85217391304348,6.739130434782608,3.6,0.6
2023-09-29 21:40:00+00:00,16.843478260869567,6.782608695652174,3.6,0.6
2023-09-29 21:50:00+00:00,16.834782608695654,6.826086956521739,3.6,0.6
2023-09-29 22:00:00+00:00,16.82608695652174,6.869565217391305,3.6,0.6
2023-09-29 22:10:00+00:00,16.817391304347826,6.913043478260869,3.6,0.6
2023-09-29 22:20:00+00:00,16.808695652173913,6.956521739130435,3.6,0.6
2023-09-29 22:30:00+00:00,16.8,7.0,3.6,0.6
2023-09-29 22:40:00+00:00,16.8,7.0,3.6100000000000003,0.6
2023-09-29 22:50:00+00:00,16.8,7.0,3.62,0.6
2023-09-29 23:00:00+00:00,16.8,7.0,3.63,0.6
2023-09-29 23:10:00+00:00,16.8,7.0,3.64,0.6
2023-09-29 23:20:00+00:00,16.8,7.0,3.6500000000000004,0.6
2023-09-29 23:30:00+00:00,16.8,7.0,3.66,0.6
2023-09-29 23:40:00+00:00,16.8,7.0,3.67,0.6
2023-09-29 23:50:00+00:00,16.8,7.0,3.68,0.6
2023-09-30 00:00:00+00:00,16.8,7.0,3.6900000000000004,0.6
2023-09-30 00:10:00+00:00,16.8,7.0,3.7,0.6
2023-09-30 00:20:00+00:00,16.79,7.0,3.6900000000000004,0.61
2023-09-30 00:30:00+00:00,16.78,7.0,3.68,0.62
2023-09-30 00:40:00+00:00,16.77,7.0,3.67,0.63
2023-09-30 00:50:00+00:00,16.76,7.0,3.66,0.64
2023-09-30 01:00:00+00:00,16.75,7.0,3.6500000000000004,0.6499999999999999
2023-09-30 01:10:00+00:00,16.74,7.0,3.64,0.6599999999999999
2023-09-30 01:20:00+00:00,16.73,7.0,3.63,0.6699999999999999
2023-09-30 01:30:00+00:00,16.72,7.0,3.62,0.6799999999999999
2023-09-30 01:40:00+00:00,16.71,7.0,3.6100000000000003,0.69
2023-09-30 01:50:00+00:00,16.7,7.0,3.6,0.7
2023-09-30 02:00:00+00:00,16.689999999999998,7.0,3.6100000000000003,0.69
2023-09-30 02:10:00+00:00,16.68,7.0,3.62,0.6799999999999999
2023-09-30 02:20:00+00:00,16.67,7.0,3.63,0.6699999999999999
2023-09-30 02:30:00+00:00,16.66,7.0,3.64,0.6599999999999999
2023-09-30 02:40:00+00:00,16.65,7.0,3.6500000000000004,0.6499999999999999
2023-09-30 02:50:00+00:00,16.64,7.0,3.66,0.64
2023-09-30 03:00:00+00:00,16.630000000000003,7.0,3.67,0.63
2023-09-30 03:10:00+00:00,16.62,7.0,3.68,0.62
2023-09-30 03:20:00+00:00,16.61,7.0,3.6900000000000004,0.61
2023-09-30 03:30:00+00:00,16.6,7.0,3.7,0.6
2023-09-30 03:40:00+00:00,16.6,7.0,3.7800000000000002,0.9099999999999999
2023-09-30 03:50:00+00:00,16.6,7.0,3.8600000000000003,1.22
2023-09-30 04:00:00+00:00,16.6,7.0,3.94,1.5299999999999998
2023-09-30 04:10:00+00:00,16.6,7.0,4.0200000000000005,1.8399999999999999
2023-09-30 04:20:00+00:00,16.6,7.0,4.1,2.15
2023-09-30 04:30:00+00:00,16.6,7.0,4.18,2.46
2023-09-30 04:40:00+00:00,16.6,7.0,4.26,2.77
2023-09-30 04:50:00+00:00,16.6,7.0,4.34,3.08
2023-09-30 05:00:00+00:00,16.6,7.0,4.42,3.39
2023-09-30 05:10:00+00:00,16.6,7.0,4.5,3.7
2023-09-30 05:20:00+00:00,16.55,7.0,5.1,3.9
2023-09-30 05:30:00+00:00,16.5,7.0,5.7,4.1
2023-09-30 05:40:00+00:00,16.5,7.0,5.7,4.1
2023-09-30 05:50:00+00:00,16.5,7.0,5.7,4.1
2023-09-30 06:00:00+00:00,16.5,6.0,5.7,4.1
2023-09-30 06:10:00+00:00,16.5,7.0,5.7,4.1
2023-09-30 06:20:00+00:00,16.5,7.0,5.65,4.1
2023-09-30 06:30:00+00:00,16.5,7.0,5.6,4.1
2023-09-30 06:40:00+00:00,16.5,6.0,5.7,4.1
2023-09-30 06:50:00+00:00,16.5,7.0,5.7,4.1
2023-09-30 07:00:00+00:00,16.5,6.0,5.6,4.1
2023-09-30 07:10:00+00:00,16.4,7.0,5.6,4.1
2023-09-30 07:20:00+00:00,16.4,6.0,5.7,4.1
2023-09-30 07:30:00+00:00,16.4,6.0,5.9,4.1
2023-09-30 07:40:00+00:00,16.4,6.0,5.95,4.1
2023-09-30 07:50:00+00:00,16.4,6.0,6.0,4.1
2023-09-30 08:00:00+00:00,16.3,7.0,6.0,4.1
2023-09-30 08:10:00+00:00,16.333333333333332,7.0,5.933333333333334,4.1
2023-09-30 08:20:00+00:00,16.366666666666667,7.0,5.866666666666666,4.1
2023-09-30 08:30:00+00:00,16.4,7.0,5.8,4.1
2023-09-30 08:40:00+00:00,16.3,6.0,5.7,4.2
2023-09-30 08:50:00+00:00,16.3,7.0,5.3,4.1
2023-09-30 09:00:00+00:00,16.3,7.0,5.1,4.2
2023-09-30 09:10:00+00:00,16.3,7.0,4.8,4.1
2023-09-30 09:20:00+00:00,16.3,6.0,4.1,4.2
2023-09-30 09:30:00+00:00,16.3,6.0,4.6,4.1
2023-09-30 09:40:00+00:00,16.3,7.0,4.1,3.9
2023-09-30 09:50:00+00:00,16.3,6.0,4.1,4.1
2023-09-30 10:00:00+00:00,16.3,6.5,4.15,4.15
2023-09-30 10:10:00+00:00,16.3,7.0,4.2,4.2
2023-09-30 10:20:00+00:00,16.3,6.5,4.05,5.25
2023-09-30 10:30:00+00:00,16.3,6.0,3.9,6.3
2023-09-30 10:40:00+00:00,16.3,6.0,4.3,5.8
2023-09-30 10:50:00+00:00,16.3,6.0,4.25,6.05
2023-09-30 11:00:00+00:00,16.3,6.0,4.2,6.3
2023-09-30 11:10:00+00:00,16.3,6.0,4.35,6.3
2023-09-30 11:20:00+00:00,16.3,6.0,4.5,6.3
2023-09-30 11:30:00+00:00,16.3,6.0,4.2,5.6
2023-09-30 11:40:00+00:00,16.3,6.0,3.8,5.6
2023-09-30 11:50:00+00:00,16.3,6.5,3.8499999999999996,5.949999999999999
2023-09-30 12:00:00+00:00,16.3,7.0,3.9,6.3
2023-09-30 12:10:00+00:00,16.3,6.0,4.1,6.0
2023-09-30 12:20:00+00:00,16.3,7.0,3.8,5.8
2023-09-30 12:30:00+00:00,16.3,6.0,3.7,5.9
2023-09-30 12:40:00+00:00,16.3,6.0,3.7,6.3
2023-09-30 12:50:00+00:00,16.3,6.0,3.9,5.7
2023-09-30 13:00:00+00:00,16.3,7.0,3.7,6.0
2023-09-30 13:10:00+00:00,16.3,7.0,3.7,6.0
2023-09-30 13:20:00+00:00,16.3,7.0,3.75,6.2
2023-09-30 13:30:00+00:00,16.3,7.0,3.8,6.4
2023-09-30 13:40:00+00:00,16.3,6.5,3.75,6.35
2023-09-30 13:50:00+00:00,16.3,6.0,3.7,6.3
2023-09-30 14:00:00+00:00,16.3,6.0,3.9,5.7
2023-09-30 14:10:00+00:00,16.2,7.0,3.6,5.5
2023-09-30 14:20:00+00:00,16.2,6.0,3.6,6.3
2023-09-30 14:30:00+00:00,16.2,7.0,3.6,6.5
2023-09-30 14:40:00+00:00,16.1,6.0,3.6,6.3
2023-09-30 14:50:00+00:00,16.2,6.0,3.6,6.3
2023-09-30 15:00:00+00:00,16.1,7.0,3.6,6.2
2023-09-30 15:10:00+00:00,16.1,7.0,3.6,5.5
2023-09-30 15:20:00+00:00,16.0,6.0,3.6,6.2
2023-09-30 15:30:00+00:00,16.0,6.0,3.55,5.15
2023-09-30 15:40:00+00:00,16.0,6.0,3.5,4.1
2023-09-30 15:50:00+00:00,16.0,6.0,3.5,4.1
2023-09-30 16:00:00+00:00,15.9,6.0,3.5,4.1
2023-09-30 16:10:00+00:00,15.8,6.0,3.5,4.1
2023-09-30 16:20:00+00:00,15.7,6.0,3.5,4.1
2023-09-30 16:30:00+00:00,15.6,6.0,3.5,4.1
2023-09-30 16:40:00+00:00,15.6,6.0,3.5,3.1
2023-09-30 16:50:00+00:00,15.5,6.0,3.5,1.4
2023-09-30 17:00:00+00:00,15.5,6.0,3.5,0.8
2023-09-30 17:10:00+00:00,15.478571428571428,6.071428571428571,3.5,0.7714285714285715
2023-09-30 17:20:00+00:00,15.457142857142857,6.142857142857143,3.5,0.7428571428571429
2023-09-30 17:30:00+00:00,15.435714285714285,6.214285714285714,3.5,0.7142857142857143
2023-09-30 17:40:00+00:00,15.414285714285715,6.285714285714286,3.5,0.6857142857142857
2023-09-30 17:50:00+00:00,15.392857142857142,6.357142857142857,3.5,0.6571428571428571
2023-09-30 18:00:00+00:00,15.371428571428572,6.428571428571429,3.5,0.6285714285714286
2023-09-30 18:10:00+00:00,15.35,6.5,3.5,0.6000000000000001
2023-09-30 18:20:00+00:00,15.328571428571427,6.571428571428571,3.5,0.5714285714285714
2023-09-30 18:30:00+00:00,15.307142857142857,6.642857142857142,3.5,0.5428571428571429
2023-09-30 18:40:00+00:00,15.285714285714285,6.714285714285714,3.5,0.5142857142857142
2023-09-30 18:50:00+00:00,15.264285714285714,6.785714285714286,3.5,0.4857142857142857
2023-09-30 19:00:00+00:00,15.242857142857142,6.857142857142857,3.5,0.4571428571428572
2023-09-30 19:10:00+00:00,15.221428571428572,6.928571428571429,3.5,0.4285714285714286
2023-09-30 19:20:00+00:00,15.2,7.0,3.5,0.4
2023-09-30 19:30:00+00:00,15.139999999999999,7.0,3.51,0.42000000000000004
2023-09-30 19:40:00+00:00,15.08,7.0,3.52,0.44
2023-09-30 19:50:00+00:00,15.02,7.0,3.5300000000000002,0.46
2023-09-30 20:00:00+00:00,14.959999999999999,7.0,3.54,0.48
2023-09-30 20:10:00+00:00,14.899999999999999,7.0,3.55,0.5
2023-09-30 20:20:00+00:00,14.84,7.0,3.56,0.52
2023-09-30 20:30:00+00:00,14.78,7.0,3.5700000000000003,0.54
2023-09-30 20:40:00+00:00,14.719999999999999,7.0,3.58,0.56
2023-09-30 20:50:00+00:00,14.66,7.0,3.59,0.58
2023-09-30 21:00:00+00:00,14.6,7.0,3.6,0.6
2023-09-30 21:10:00+00:00,14.577777777777778,6.888888888888889,3.611111111111111,0.611111111111111
2023-09-30 21:20:00+00:00,14.555555555555555,6.777777777777778,3.6222222222222222,0.6222222222222222
2023-09-30 21:30:00+00:00,14.533333333333333,6.666666666666667,3.6333333333333333,0.6333333333333333
2023-09-30 21:40:00+00:00,14.511111111111111,6.555555555555555,3.6444444444444444,0.6444444444444444
2023-09-30 21:50:00+00:00,14.488888888888889,6.444444444444445,3.655555555555556,0.6555555555555556
2023-09-30 22:00:00+00:00,14.466666666666667,6.333333333333333,3.666666666666667,0.6666666666666666
2023-09-30 22:10:00+00:00,14.444444444444445,6.222222222222222,3.677777777777778,0.6777777777777777
2023-09-30 22:20:00+00:00,14.422222222222222,6.111111111111111,3.688888888888889,0.6888888888888889
2023-09-30 22:30:00+00:00,14.4,6.0,3.7,0.7
2023-09-30 22:40:00+00:00,14.370000000000001,6.1,3.75,0.6699999999999999
2023-09-30 22:50:00+00:00,14.34,6.2,3.8000000000000003,0.64
2023-09-30 23:00:00+00:00,14.31,6.3,3.85,0.61
2023-09-30 23:10:00+00:00,14.28,6.4,3.9000000000000004,0.58
2023-09-30 23:20:00+00:00,14.25,6.5,3.95,0.55
2023-09-30 23:30:00+00:00,14.22,6.6,4.0,0.52
2023-09-30 23:40:00+00:00,14.19,6.7,4.05,0.49
2023-09-30 23:50:00+00:00,14.16,6.8,4.1000000000000005,0.46
2023-10-01 00:00:00+00:00,14.129999999999999,6.9,4.15,0.43000000000000005
2023-10-01 00:10:00+00:00,14.1,7.0,4.2,0.4
2023-10-01 00:20:00+00:00,14.07,7.0,4.25,0.42000000000000004
2023-10-01 00:30:00+00:00,14.04,7.0,4.3,0.44
2023-10-01 00:40:00+00:00,14.01,7.0,4.3500000000000005,0.46
2023-10-01 00:50:00+00:00,13.98,7.0,4.4,0.48
2023-10-01 01:00:00+00:00,13.95,7.0,4.45,0.5
2023-10-01 01:10:00+00:00,13.92,7.0,4.5,0.52
2023-10-01 01:20:00+00:00,13.89,7.0,4.55,0.54
2023-10-01 01:30:00+00:00,13.860000000000001,7.0,4.6000000000000005,0.56
2023-10-01 01:40:00+00:00,13.83,7.0,4.65,0.58
2023-10-01 01:50:00+00:00,13.8,7.0,4.7,0.6
2023-10-01 02:00:00+00:00,13.83,6.9,4.67,0.6
2023-10-01 02:10:00+00:00,13.860000000000001,6.8,4.640000000000001,0.6
2023-10-01 02:20:00+00:00,13.89,6.7,4.61,0.6
2023-10-01 02:30:00+00:00,13.92,6.6,4.58,0.6
2023-10-01 02:40:00+00:00,13.95,6.5,4.550000000000001,0.6
2023-10-01 02:50:00+00:00,13.98,6.4,4.5200000000000005,0.6
2023-10-01 03:00:00+00:00,14.01,6.3,4.49,0.6
2023-10-01 03:10:00+00:00,14.04,6.2,4.46,0.6
2023-10-01 03:20:00+00:00,14.07,6.1,4.430000000000001,0.6
2023-10-01 03:30:00+00:00,14.1,6.0,4.4,0.6
2023-10-01 03:40:00+00:00,14.08,6.1,4.470000000000001,0.9099999999999999
2023-10-01 03:50:00+00:00,14.06,6.2,4.54,1.22
2023-10-01 04:00:00+00:00,14.04,6.3,4.61,1.5299999999999998
2023-10-01 04:10:00+00:00,14.02,6.4,4.68,1.8399999999999999
2023-10-01 04:20:00+00:00,14.0,6.5,4.75,2.15
2023-10-01 04:30:00+00:00,13.98,6.6,4.82,2.46
2023-10-01 04:40:00+00:00,13.96,6.7,4.89,2.77
2023-10-01 04:50:00+00:00,13.94,6.8,4.96,3.08
2023-10-01 05:00:00+00:00,13.92,6.9,5.029999999999999,3.39
2023-10-01 05:10:00+00:00,13.9,7.0,5.1,3.7
2023-10-01 05:20:00+00:00,13.8,7.0,5.2,4.1
2023-10-01 05:30:00+00:00,13.8,6.0,5.2,4.1
2023-10-01 05:40:00+00:00,13.8,6.0,5.2,4.1
2023-10-01 05:50:00+00:00,13.7,7.0,5.2,4.1
2023-10-01 06:00:00+00:00,13.8,7.0,5.3,4.1
2023-10-01 06:10:00+00:00,13.766666666666667,7.0,5.333333333333333,4.1
2023-10-01 06:20:00+00:00,13.733333333333333,7.0,5.366666666666667,4.1
2023-10-01 06:30:00+00:00,13.7,7.0,5.4,4.1
2023-10-01 06:40:00+00:00,13.8,7.0,5.6,4.1
2023-10-01 06:50:00+00:00,13.8,6.0,5.7,3.9
2023-10-01 07:00:00+00:00,13.9,7.0,5.7,4.1
2023-10-01 07:10:00+00:00,14.0,7.0,5.7,4.1
2023-10-01 07:20:00+00:00,14.0,7.0,5.7,4.1
2023-10-01 07:30:00+00:00,14.0,7.0,5.7,4.1
2023-10-01 07:40:00+00:00,14.1,7.0,5.9,4.1
2023-10-01 07:50:00+00:00,14.2,7.0,5.9,4.1
2023-10-01 08:00:00+00:00,14.25,7.0,5.85,4.1
2023-10-01 08:10:00+00:00,14.3,7.0,5.8,4.1
2023-10-01 08:20:00+00:00,14.3,7.0,5.9,4.1
2023-10-01 08:30:00+00:00,14.4,7.0,5.75,4.15
2023-10-01 08:40:00+00:00,14.5,7.0,5.6,4.2
2023-10-01 08:50:00+00:00,14.6,6.0,5.5,4.1
2023-10-01 09:00:00+00:00,14.6,6.0,5.3,4.1
2023-10-01 09:10:00+00:00,14.7,7.0,5.1,4.1
2023-10-01 09:20:00+00:00,14.8,6.0,5.0,4.1
2023-10-01 09:30:00+00:00,14.8,6.0,4.6,5.9
2023-10-01 09:40:00+00:00,14.850000000000001,6.0,4.55,6.050000000000001
2023-10-01 09:50:00+00:00,14.9,6.0,4.5,6.2
2023-10-01 10:00:00+00:00,15.0,7.0,4.5,6.3
2023-10-01 10:10:00+00:00,15.0,6.0,4.5,6.3
2023-10-01 10:20:00+00:00,15.1,6.0,4.4,6.1
2023-10-01 10:30:00+00:00,15.1,6.0,4.0,4.1
2023-10-01 10:40:00+00:00,15.1,6.0,3.9,3.9
2023-10-01 10:50:00+00:00,15.1,6.0,3.9,6.4
2023-10-01 11:00:00+00:00,15.1,7.0,4.0,6.1
2023-10-01 11:10:00+00:00,15.1,6.0,4.1,6.2
2023-10-01 11:20:00+00:00,15.1,7.0,4.1,6.3
2023-10-01 11:30:00+00:00,15.149999999999999,7.0,4.1,6.3
2023-10-01 11:40:00+00:00,15.2,7.0,4.1,6.3
2023-10-01 11:50:00+00:00,15.3,6.0,4.1,6.3
2023-10-01 12:00:00+00:00,15.3,6.0,3.9,6.4
2023-10-01 12:10:00+00:00,15.3,6.0,3.8,6.4
2023-10-01 12:20:00+00:00,15.3,6.0,3.9,6.4
2023-10-01 12:30:00+00:00,15.3,7.0,4.1,6.3
2023-10-01 12:40:00+00:00,15.3,6.0,3.9,4.2
2023-10-01 12:50:00+00:00,15.3,6.0,3.8,6.3
2023-10-01 13:00:00+00:00,15.3,6.0,3.8,5.8
2023-10-01 13:10:00+00:00,15.3,6.0,3.7,4.1
2023-10-01 13:20:00+00:00,15.3,6.0,3.6500000000000004,5.199999999999999
2023-10-01 13:30:00+00:00,15.3,6.0,3.6,6.3
2023-10-01 13:40:00+00:00,15.3,6.0,3.6,5.9
2023-10-01 13:50:00+00:00,15.3,6.0,3.7,6.3
2023-10-01 14:00:00+00:00,15.3,6.0,3.7,6.2
2023-10-01 14:10:00+00:00,15.3,6.0,3.6500000000000004,5.2
2023-10-01 14:20:00+00:00,15.3,6.0,3.6,4.2
2023-10-01 14:30:00+00:00,15.3,7.0,3.5,6.2
2023-10-01 14:40:00+00:00,15.3,6.0,3.6,6.2
2023-10-01 14:50:00+00:00,15.3,7.0,3.6,6.1
2023-10-01 15:00:00+00:00,15.3,6.0,3.6,6.0
2023-10-01 15:10:00+00:00,15.350000000000001,6.0,3.6,5.85
2023-10-01 15:20:00+00:00,15.4,6.0,3.6,5.7
2023-10-01 15:30:00+00:00,15.4,7.0,3.6,4.1
2023-10-01 15:40:00+00:00,15.4,6.0,3.5,4.7
2023-10-01 15:50:00+00:00,15.4,6.0,3.5,5.3
2023-10-01 16:00:00+00:00,15.4,6.0,3.5,4.3
2023-10-01 16:10:00+00:00,15.3,7.0,3.5,4.2
2023-10-01 16:20:00+00:00,15.3,7.0,3.5,4.0
2023-10-01 16:30:00+00:00,15.3,7.0,3.5,3.0
2023-10-01 16:40:00+00:00,15.3,6.0,3.5,1.6
2023-10-01 16:50:00+00:00,15.2,6.0,3.5,0.9
2023-10-01 17:00:00+00:00,15.17142857142857,6.071428571428571,3.5,0.8785714285714286
2023-10-01 17:10:00+00:00,15.142857142857142,6.142857142857143,3.5,0.8571428571428572
2023-10-01 17:20:00+00:00,15.114285714285714,6.214285714285714,3.5,0.8357142857142857
2023-10-01 17:30:00+00:00,15.085714285714285,6.285714285714286,3.5,0.8142857142857143
2023-10-01 17:40:00+00:00,15.057142857142857,6.357142857142857,3.5,0.7928571428571428
2023-10-01 17:50:00+00:00,15.028571428571428,6.428571428571429,3.5,0.7714285714285715
2023-10-01 18:00:00+00:00,15.0,6.5,3.5,0.75
2023-10-01 18:10:00+00:00,14.971428571428572,6.571428571428571,3.5,0.7285714285714285
2023-10-01 18:20:00+00:00,14.942857142857143,6.642857142857142,3.5,0.7071428571428571
2023-10-01 18:30:00+00:00,14.914285714285715,6.714285714285714,3.5,0.6857142857142857
2023-10-01 18:40:00+00:00,14.885714285714286,6.785714285714286,3.5,0.6642857142857143
2023-10-01 18:50:00+00:00,14.857142857142858,6.857142857142857,3.5,0.6428571428571428
2023-10-01 19:00:00+00:00,14.82857142857143,6.928571428571429,3.5,0.6214285714285714
2023-10-01 19:10:00+00:00,14.8,7.0,3.5,0.6
2023-10-01 19:20:00+00:00,14.75,6.9,3.5,0.6
2023-10-01 19:30:00+00:00,14.700000000000001,6.8,3.5,0.6
2023-10-01 19:40:00+00:00,14.65,6.7,3.5,0.6
2023-10-01 19:50:00+00:00,14.600000000000001,6.6,3.5,0.6
2023-10-01 20:00:00+00:00,14.55,6.5,3.5,0.6
2023-10-01 20:10:00+00:00,14.5,6.4,3.5,0.6
2023-10-01 20:20:00+00:00,14.450000000000001,6.3,3.5,0.6
2023-10-01 20:30:00+00:00,14.4,6.2,3.5,0.6
2023-10-01 20:40:00+00:00,14.350000000000001,6.1,3.5,0.6
2023-10-01 20:50:00+00:00,14.3,6.0,3.5,0.6
2023-10-01 21:00:00+00:00,14.3,6.1,3.51,0.6
2023-10-01 21:10:00+00:00,14.3,6.2,3.52,0.6
2023-10-01 21:20:00+00:00,14.3,6.3,3.5300000000000002,0.6
2023-10-01 21:30:00+00:00,14.3,6.4,3.54,0.6
2023-10-01 21:40:00+00:00,14.3,6.5,3.55,0.6
2023-10-01 21:50:00+00:00,14.3,6.6,3.56,0.6
2023-10-01 22:00:00+00:00,14.3,6.7,3.5700000000000003,0.6
2023-10-01 22:10:00+00:00,14.3,6.8,3.58,0.6
2023-10-01 22:20:00+00:00,14.3,6.9,3.59,0.6
2023-10-01 22:30:00+00:00,14.3,7.0,3.6,0.6
2023-10-01 22:40:00+00:00,14.280000000000001,6.9,3.59,0.6
2023-10-01 22:50:00+00:00,14.26,6.8,3.58,0.6
2023-10-01 23:00:00+00:00,14.24,6.7,3.5700000000000003,0.6
2023-10-01 23:10:00+00:00,14.22,6.6,3.56,0.6
2023-10-01 23:20:00+00:00,14.2,6.5,3.55,0.6
2023-10-01 23:30:00+00:00,14.18,6.4,3.54,0.6
2023-10-01 23:40:00+00:00,14.16,6.3,3.5300000000000002,0.6
2023-10-01 23:50:00+00:00,14.14,6.2,3.52,0.6
2023-10-02 00:00:00+00:00,14.12,6.1,3.51,0.6
2023-10-02 00:10:00+00:00,14.1,6.0,3.5,0.6
2023-10-02 00:20:00+00:00,14.049999999999999,6.1,3.51,0.61
2023-10-02 00:30:00+00:00,14.0,6.2,3.52,0.62
2023-10-02 00:40:00+00:00,13.95,6.3,3.5300000000000002,0.63
2023-10-02 00:50:00+00:00,13.9,6.4,3.54,0.64
2023-10-02 01:00:00+00:00,13.85,6.5,3.55,0.6499999999999999
2023-10-02 01:10:00+00:00,13.799999999999999,6.6,3.56,0.6599999999999999
2023-10-02 01:20:00+00:00,13.75,6.7,3.5700000000000003,0.6699999999999999
2023-10-02 01:30:00+00:00,13.7,6.8,3.58,0.6799999999999999
2023-10-02 01:40:00+00:00,13.65,6.9,3.59,0.69
2023-10-02 01:50:00+00:00,13.6,7.0,3.6,0.7
2023-10-02 02:00:00+00:00,13.65,7.0,3.6,0.69
2023-10-02 02:10:00+00:00,13.7,7.0,3.6,0.6799999999999999
2023-10-02 02:20:00+00:00,13.75,7.0,3.6,0.6699999999999999
2023-10-02 02:30:00+00:00,13.799999999999999,7.0,3.6,0.6599999999999999
2023-10-02 02:40:00+00:00,13.85,7.0,3.6,0.6499999999999999
2023-10-02 02:50:00+00:00,13.9,7.0,3.6,0.64
2023-10-02 03:00:00+00:00,13.95,7.0,3.6,0.63
2023-10-02 03:10:00+00:00,14.0,7.0,3.6,0.62
2023-10-02 03:20:00+00:00,14.049999999999999,7.0,3.6,0.61
2023-10-02 03:30:00+00:00,14.1,7.0,3.6,0.6
2023-10-02 03:40:00+00:00,14.094999999999999,7.0,3.6,0.9349999999999999
2023-10-02 03:50:00+00:00,14.09,7.0,3.6,1.27
2023-10-02 04:00:00+00:00,14.085,7.0,3.6,1.605
2023-10-02 04:10:00+00:00,14.08,7.0,3.6,1.94
2023-10-02 04:20:00+00:00,14.075,7.0,3.6,2.275
2023-10-02 04:30:00+00:00,14.07,7.0,3.6,2.61
2023-10-02 04:40:00+00:00,14.065000000000001,7.0,3.6,2.945
2023-10-02 04:50:00+00:00,14.06,7.0,3.6,3.28
2023-10-02 05:00:00+00:00,14.055,7.0,3.6,3.6149999999999998
2023-10-02 05:10:00+00:00,14.05,7.0,3.6,3.9499999999999997
2023-10-02 05:20:00+00:00,13.825,7.0,3.6,4.0249999999999995
2023-10-02 05:30:00+00:00,13.6,7.0,3.6,4.1
2023-10-02 05:40:00+00:00,13.6,7.0,3.7,4.1
2023-10-02 05:50:00+00:00,13.5,6.0,3.7,4.1
2023-10-02 06:00:00+00:00,13.5,7.0,3.7,4.1
2023-10-02 06:10:00+00:00,13.5,7.0,3.7,4.1
2023-10-02 06:20:00+00:00,13.55,7.0,3.75,4.1
2023-10-02 06:30:00+00:00,13.6,7.0,3.8,4.1
2023-10-02 06:40:00+00:00,13.6,7.0,3.8,4.1
2023-10-02 06:50:00+00:00,13.7,6.0,3.9,4.1
2023-10-02 07:00:00+00:00,13.6,7.0,3.9,4.1
2023-10-02 07:10:00+00:00,13.6,7.0,3.9,4.1
2023-10-02 07:20:00+00:00,13.6,7.0,3.9,4.1
2023-10-02 07:30:00+00:00,13.7,7.0,3.9,4.1
2023-10-02 07:40:00+00:00,13.8,7.0,3.9,4.1
2023-10-02 07:50:00+00:00,13.9,6.0,4.0,4.1
2023-10-02 08:00:00+00:00,14.0,7.0,4.0,4.1
2023-10-02 08:10:00+00:00,14.0,7.0,3.9,4.1
2023-10-02 08:20:00+00:00,14.2,6.0,3.9,4.1
2023-10-02 08:30:00+00:00,14.399999999999999,6.0,3.95,4.1
2023-10-02 08:40:00+00:00,14.6,6.0,4.0,4.1
2023-10-02 08:50:00+00:00,14.7,6.5,3.9,4.1
2023-10-02 09:00:00+00:00,14.8,7.0,3.8,4.1
2023-10-02 09:10:00+00:00,15.0,7.0,4.0,4.1
2023-10-02 09:20:00+00:00,15.3,7.0,3.9,4.1
2023-10-02 09:30:00+00:00,15.2,7.0,3.8,4.1
2023-10-02 09:40:00+00:00,15.3,6.0,3.7,4.1
2023-10-02 09:50:00+00:00,15.3,6.0,3.7,4.1
2023-10-02 10:00:00+00:00,15.45,6.5,3.7,4.1
2023-10-02 10:10:00+00:00,15.6,7.0,3.7,4.1
2023-10-02 10:20:00+00:00,15.8,6.0,3.7,4.1
2023-10-02 10:30:00+00:00,15.7,6.0,3.7,4.1
2023-10-02 10:40:00+00:00,15.7,7.0,3.7,4.1
2023-10-02 10:50:00+00:00,15.8,6.5,3.8,4.15
2023-10-02 11:00:00+00:00,15.9,6.0,3.9,4.2
2023-10-02 11:10:00+00:00,16.0,6.0,3.8,4.1
2023-10-02 11:20:00+00:00,16.0,6.0,3.75,5.05
2023-10-02 11:30:00+00:00,16.0,6.0,3.7,6.0
2023-10-02 11:40:00+00:00,16.1,6.0,3.8,6.1
2023-10-02 11:50:00+00:00,16.3,7.0,3.7,4.1
2023-10-02 12:00:00+00:00,16.3,6.0,3.7,4.1
2023-10-02 12:10:00+00:00,16.2,7.0,3.6,4.1
2023-10-02 12:20:00+00:00,16.2,6.0,3.6,4.1
2023-10-02 12:30:00+00:00,16.15,6.0,3.6,4.1
2023-10-02 12:40:00+00:00,16.1,6.0,3.6,4.1
2023-10-02 12:50:00+00:00,16.1,6.0,3.6,4.1
2023-10-02 13:00:00+00:00,16.1,6.0,3.6,5.6
2023-10-02 13:10:00+00:00,16.0,6.0,3.7,4.1
2023-10-02 13:20:00+00:00,16.0,6.0,3.7,4.1
2023-10-02 13:30:00+00:00,16.0,6.0,3.8,4.1
2023-10-02 13:40:00+00:00,16.0,6.0,3.75,4.1
2023-10-02 13:50:00+00:00,16.0,6.0,3.7,4.1
2023-10-02 14:00:00+00:00,16.0,6.0,3.7,4.1
2023-10-02 14:10:00+00:00,16.0,6.0,3.8,4.1
2023-10-02 14:20:00+00:00,16.0,6.0,3.75,4.1
2023-10-02 14:30:00+00:00,16.0,6.0,3.7,4.1
2023-10-02 14:40:00+00:00,16.0,6.0,3.7,4.1
2023-10-02 14:50:00+00:00,16.0,7.0,3.7,4.1
2023-10-02 15:00:00+00:00,16.0,6.0,3.7,4.1
2023-10-02 15:10:00+00:00,16.0,6.5,3.75,4.1
2023-10-02 15:20:00+00:00,16.0,7.0,3.8,4.1
2023-10-02 15:30:00+00:00,16.0,6.5,3.75,4.1
2023-10-02 15:40:00+00:00,16.0,6.0,3.7,4.1
2023-10-02 15:50:00+00:00,16.0,6.0,3.8,4.0
2023-10-02 16:00:00+00:00,16.0,6.0,3.8,4.0
2023-10-02 16:10:00+00:00,16.0,6.0,3.8,3.75
2023-10-02 16:20:00+00:00,16.0,6.0,3.8,3.5
2023-10-02 16:30:00+00:00,16.0,6.0,3.8,2.6
2023-10-02 16:40:00+00:00,16.0,6.0,3.8,1.1
2023-10-02 16:50:00+00:00,16.0,6.0,3.8,0.8
2023-10-02 17:00:00+00:00,16.0,6.0,3.8,0.78
2023-10-02 17:10:00+00:00,16.0,6.0,3.8,0.76
2023-10-02 17:20:00+00:00,16.0,6.0,3.8,0.74
2023-10-02 17:30:00+00:00,16.0,6.0,3.8,0.72
2023-10-02 17:40:00+00:00,16.0,6.0,3.8,0.7
2023-10-02 17:50:00+00:00,16.0,6.0,3.8,0.6799999999999999
2023-10-02 18:00:00+00:00,16.0,6.0,3.8,0.66
2023-10-02 18:10:00+00:00,16.0,6.0,3.8,0.64
2023-10-02 18:20:00+00:00,16.0,6.0,3.8,0.62
2023-10-02 18:30:00+00:00,16.0,6.0,3.8,0.6
2023-10-02 18:40:00+00:00,15.99,6.1,3.8,0.6
2023-10-02 18:50:00+00:00,15.98,6.2,3.8,0.6
2023-10-02 19:00:00+00:00,15.97,6.3,3.8,0.6
2023-10-02 19:10:00+00:00,15.96,6.4,3.8,0.6
2023-10-02 19:20:00+00:00,15.95,6.5,3.8,0.6
2023-10-02 19:30:00+00:00,15.94,6.6,3.8,0.6
2023-10-02 19:40:00+00:00,15.93,6.7,3.8,0.6
2023-10-02 19:50:00+00:00,15.92,6.8,3.8,0.6
2023-10-02 20:00:00+00:00,15.91,6.9,3.8,0.6
2023-10-02 20:10:00+00:00,15.9,7.0,3.8,0.6
2023-10-02 20:20:00+00:00,15.89,6.9,3.8,0.6
2023-10-02 20:30:00+00:00,15.88,6.8,3.8,0.6
2023-10-02 20:40:00+00:00,15.870000000000001,6.7,3.8,0.6
2023-10-02 20:50:00+00:00,15.860000000000001,6.6,3.8,0.6
2023-10-02 21:00:00+00:00,15.850000000000001,6.5,3.8,0.6
2023-10-02 21:10:00+00:00,15.84,6.4,3.8,0.6
2023-10-02 21:20:00+00:00,15.83,6.3,3.8,0.6
2023-10-02 21:30:00+00:00,15.82,6.2,3.8,0.6
2023-10-02 21:40:00+00:00,15.81,6.1,3.8,0.6
2023-10-02 21:50:00+00:00,15.8,6.0,3.8,0.6
2023-10-02 22:00:00+00:00,15.792307692307693,6.076923076923077,3.8,0.5846153846153846
2023-10-02 22:10:00+00:00,15.784615384615385,6.153846153846154,3.8,0.5692307692307692
2023-10-02 22:20:00+00:00,15.776923076923078,6.230769230769231,3.8,0.5538461538461539
2023-10-02 22:30:00+00:00,15.76923076923077,6.3076923076923075,3.8,0.5384615384615384
2023-10-02 22:40:00+00:00,15.761538461538462,6.384615384615385,3.8,0.5230769230769231
2023-10-02 22:50:00+00:00,15.753846153846155,6.461538461538462,3.8,0.5076923076923077
2023-10-02 23:00:00+00:00,15.746153846153845,6.538461538461538,3.8,0.49230769230769234
2023-10-02 23:10:00+00:00,15.738461538461538,6.615384615384615,3.8,0.4769230769230769
2023-10-02 23:20:00+00:00,15.73076923076923,6.6923076923076925,3.8,0.46153846153846156
2023-10-02 23:30:00+00:00,15.723076923076922,6.769230769230769,3.8,0.4461538461538461
2023-10-02 23:40:00+00:00,15.715384615384615,6.846153846153847,3.8,0.4307692307692308
2023-10-02 23:50:00+00:00,15.707692307692307,6.923076923076923,3.8,0.4153846153846154
2023-10-03 00:00:00+00:00,15.7,7.0,3.8,0.4
2023-10-03 00:10:00+00:00,15.69,6.9,3.79,0.4
2023-10-03 00:20:00+00:00,15.68,6.8,3.78,0.4
2023-10-03 00:30:00+00:00,15.67,6.7,3.77,0.4
2023-10-03 00:40:00+00:00,15.66,6.6,3.76,0.4
2023-10-03 00:50:00+00:00,15.649999999999999,6.5,3.75,0.4
2023-10-03 01:00:00+00:00,15.639999999999999,6.4,3.74,0.4
2023-10-03 01:10:00+00:00,15.629999999999999,6.3,3.73,0.4
2023-10-03 01:20:00+00:00,15.62,6.2,3.72,0.4
2023-10-03 01:30:00+00:00,15.61,6.1,3.71,0.4
2023-10-03 01:40:00+00:00,15.6,6.0,3.7,0.4
2023-10-03 01:50:00+00:00,15.57,6.1,3.6900000000000004,0.42000000000000004
2023-10-03 02:00:00+00:00,15.54,6.2,3.68,0.44
2023-10-03 02:10:00+00:00,15.51,6.3,3.67,0.46
2023-10-03 02:20:00+00:00,15.48,6.4,3.66,0.48
2023-10-03 02:30:00+00:00,15.45,6.5,3.6500000000000004,0.5
2023-10-03 02:40:00+00:00,15.42,6.6,3.64,0.52
2023-10-03 02:50:00+00:00,15.39,6.7,3.63,0.54
2023-10-03 03:00:00+00:00,15.360000000000001,6.8,3.62,0.56
2023-10-03 03:10:00+00:00,15.33,6.9,3.6100000000000003,0.58
2023-10-03 03:20:00+00:00,15.3,7.0,3.6,0.6
2023-10-03 03:30:00+00:00,15.280000000000001,6.9,3.6100000000000003,0.95
2023-10-03 03:40:00+00:00,15.26,6.8,3.62,1.2999999999999998
2023-10-03 03:50:00+00:00,15.24,6.7,3.63,1.65
2023-10-03 04:00:00+00:00,15.22,6.6,3.64,2.0
2023-10-03 04:10:00+00:00,15.2,6.5,3.6500000000000004,2.35
2023-10-03 04:20:00+00:00,15.18,6.4,3.66,2.6999999999999997
2023-10-03 04:30:00+00:00,15.16,6.3,3.67,3.05
2023-10-03 04:40:00+00:00,15.14,6.2,3.68,3.4
2023-10-03 04:50:00+00:00,15.12,6.1,3.6900000000000004,3.75
2023-10-03 05:00:00+00:00,15.1,6.0,3.7,4.1
2023-10-03 05:10:00+00:00,15.0,7.0,3.6,4.1
2023-10-03 05:20:00+00:00,14.9,7.0,3.7,4.1
2023-10-03 05:30:00+00:00,14.8,6.0,3.7,4.1
2023-10-03 05:40:00+00:00,15.0,6.0,3.7,4.1
2023-10-03 05:50:00+00:00,15.1,6.0,3.8,4.1
2023-10-03 06:00:00+00:00,15.05,6.5,3.8,4.1
2023-10-03 06:10:00+00:00,15.0,7.0,3.8,4.1
2023-10-03 06:20:00+00:00,15.0,6.5,3.8499999999999996,4.1
2023-10-03 06:30:00+00:00,15.0,6.0,3.9,4.1
2023-10-03 06:40:00+00:00,15.0,6.0,3.9,4.1
2023-10-03 06:50:00+00:00,15.1,6.0,4.0,4.1
2023-10-03 07:00:00+00:00,15.25,6.0,4.0,4.1
2023-10-03 07:10:00+00:00,15.4,6.0,4.0,4.1
2023-10-03 07:20:00+00:00,15.7,7.0,3.9,4.1
2023-10-03 07:30:00+00:00,15.9,6.0,3.9,4.1
2023-10-03 07:40:00+00:00,16.2,6.0,3.9,4.1
2023-10-03 07:50:00+00:00,16.5,6.0,3.8,4.2
2023-10-03 08:00:00+00:00,16.8,6.0,3.8,4.1
2023-10-03 08:10:00+00:00,16.9,6.0,3.8,4.1
2023-10-03 08:20:00+00:00,17.0,6.0,3.8,4.1
2023-10-03 08:30:00+00:00,17.3,7.0,3.8,4.2
2023-10-03 08:40:00+00:00,17.6,6.0,3.7,4.1
2023-10-03 08:50:00+00:00,17.700000000000003,6.0,3.7,4.1
2023-10-03 09:00:00+00:00,17.8,6.0,3.7,4.1
2023-10-03 09:10:00+00:00,18.0,6.0,3.6,4.1
2023-10-03 09:20:00+00:00,18.0,6.0,3.7,4.1
2023-10-03 09:30:00+00:00,18.1,6.0,3.7,4.1
2023-10-03 09:40:00+00:00,18.0,6.0,3.6,4.1
2023-10-03 09:50:00+00:00,18.1,6.0,3.6,4.1
2023-10-03 10:00:00+00:00,18.200000000000003,6.0,3.6500000000000004,5.05
2023-10-03 10:10:00+00:00,18.3,6.0,3.7,6.0
2023-10-03 10:20:00+00:00,18.5,6.0,3.7,5.9
2023-10-03 10:30:00+00:00,18.5,6.0,3.6,6.1
2023-10-03 10:40:00+00:00,18.65,5.5,3.6,6.0
2023-10-03 10:50:00+00:00,18.8,5.0,3.6,5.9
2023-10-03 11:00:00+00:00,19.0,6.0,3.6,6.0
2023-10-03 11:10:00+00:00,19.1,6.0,3.6,5.7
2023-10-03 11:20:00+00:00,19.2,5.0,3.5,6.0
2023-10-03 11:30:00+00:00,19.3,6.0,3.5,5.8
2023-10-03 11:40:00+00:00,19.5,6.0,3.5,5.8
2023-10-03 11:50:00+00:00,19.5,6.0,3.5,5.85
2023-10-03 12:00:00+00:00,19.5,6.0,3.5,5.9
2023-10-03 12:10:00+00:00,19.6,6.0,3.5,6.0
2023-10-03 12:20:00+00:00,19.7,6.0,3.5,6.1
2023-10-03 12:30:00+00:00,20.0,5.0,3.5,5.9
2023-10-03 12:40:00+00:00,20.2,6.0,3.5,6.2
2023-10-03 12:50:00+00:00,20.3,6.0,3.5,6.0
2023-10-03 13:00:00+00:00,20.4,5.0,3.5,6.0
2023-10-03 13:10:00+00:00,20.4,6.0,3.5,5.8
2023-10-03 13:20:00+00:00,20.4,6.0,3.4,5.5
2023-10-03 13:30:00+00:00,20.2,6.0,3.5,5.5
2023-10-03 13:40:00+00:00,20.2,6.0,3.466666666666667,5.033333333333333
2023-10-03 13:50:00+00:00,20.2,6.0,3.433333333333333,4.566666666666666
2023-10-03 14:00:00+00:00,20.2,6.0,3.4,4.1
2023-10-03 14:10:00+00:00,20.1,6.0,3.4,4.1
2023-10-03 14:20:00+00:00,20.0,6.0,3.5,4.1
2023-10-03 14:30:00+00:00,20.0,5.0,3.5,5.8
2023-10-03 14:40:00+00:00,20.1,5.0,3.4,5.6
2023-10-03 14:50:00+00:00,19.9,5.0,3.4,4.1
2023-10-03 15:00:00+00:00,19.6,6.0,3.4,5.8
2023-10-03 15:10:00+00:00,19.5,6.0,3.4,4.1
2023-10-03 15:20:00+00:00,19.4,6.0,3.4,4.1
2023-10-03 15:30:00+00:00,19.3,6.0,3.4,4.1
2023-10-03 15:40:00+00:00,19.2,6.0,3.4,4.1
2023-10-03 15:50:00+00:00,19.1,5.0,3.4,4.1
2023-10-03 16:00:00+00:00,19.0,6.0,3.4,4.0
2023-10-03 16:10:00+00:00,18.8,6.0,3.4,4.0
2023-10-03 16:20:00+00:00,18.8,6.0,3.4,3.0
2023-10-03 16:30:00+00:00,18.6,6.0,3.4,1.8
2023-10-03 16:40:00+00:00,18.7,6.0,3.4,0.8
2023-10-03 16:50:00+00:00,18.619999999999997,6.0,3.57,0.78
2023-10-03 17:00:00+00:00,18.54,6.0,3.7399999999999998,0.76
2023-10-03 17:10:00+00:00,18.46,6.0,3.91,0.74
2023-10-03 17:20:00+00:00,18.38,6.0,4.08,0.72
2023-10-03 17:30:00+00:00,18.299999999999997,6.0,4.25,0.7
2023-10-03 17:40:00+00:00,18.22,6.0,4.42,0.6799999999999999
2023-10-03 17:50:00+00:00,18.14,6.0,4.59,0.66
2023-10-03 18:00:00+00:00,18.06,6.0,4.76,0.64
2023-10-03 18:10:00+00:00,17.979999999999997,6.0,4.93,0.62
2023-10-03 18:20:00+00:00,17.9,6.0,5.1,0.6
2023-10-03 18:30:00+00:00,17.81,6.0,5.18,0.58
2023-10-03 18:40:00+00:00,17.72,6.0,5.26,0.5599999999999999
2023-10-03 18:50:00+00:00,17.63,6.0,5.34,0.54
2023-10-03 19:00:00+00:00,17.54,6.0,5.42,0.52
2023-10-03 19:10:00+00:00,17.45,6.0,5.5,0.5
2023-10-03 19:20:00+00:00,17.36,6.0,5.58,0.48
2023-10-03 19:30:00+00:00,17.27,6.0,5.66,0.45999999999999996
2023-10-03 19:40:00+00:00,17.18,6.0,5.74,0.44
2023-10-03 19:50:00+00:00,17.09,6.0,5.82,0.42000000000000004
2023-10-03 20:00:00+00:00,17.0,6.0,5.9,0.4
2023-10-03 20:10:00+00:00,16.92142857142857,6.071428571428571,5.9071428571428575,0.4142857142857143
2023-10-03 20:20:00+00:00,16.84285714285714,6.142857142857143,5.914285714285715,0.4285714285714286
2023-10-03 20:30:00+00:00,16.764285714285716,6.214285714285714,5.921428571428572,0.44285714285714284
2023-10-03 20:40:00+00:00,16.685714285714287,6.285714285714286,5.928571428571429,0.45714285714285713
2023-10-03 20:50:00+00:00,16.607142857142858,6.357142857142857,5.935714285714286,0.4714285714285714
2023-10-03 21:00:00+00:00,16.52857142857143,6.428571428571429,5.942857142857143,0.4857142857142857
2023-10-03 21:10:00+00:00,16.45,6.5,5.95,0.5
2023-10-03 21:20:00+00:00,16.37142857142857,6.571428571428571,5.957142857142857,0.5142857142857142
2023-10-03 21:30:00+00:00,16.292857142857144,6.642857142857142,5.964285714285714,0.5285714285714286
2023-10-03 21:40:00+00:00,16.214285714285715,6.714285714285714,5.9714285714285715,0.5428571428571428
2023-10-03 21:50:00+00:00,16.135714285714286,6.785714285714286,5.978571428571429,0.5571428571428572
2023-10-03 22:00:00+00:00,16.057142857142857,6.857142857142857,5.985714285714286,0.5714285714285714
2023-10-03 22:10:00+00:00,15.97857142857143,6.928571428571429,5.992857142857143,0.5857142857142856
2023-10-03 22:20:00+00:00,15.9,7.0,6.0,0.6
2023-10-03 22:30:00+00:00,15.780000000000001,7.0,5.9,0.6
2023-10-03 22:40:00+00:00,15.66,7.0,5.8,0.6
2023-10-03 22:50:00+00:00,15.54,7.0,5.7,0.6
2023-10-03 23:00:00+00:00,15.42,7.0,5.6,0.6
2023-10-03 23:10:00+00:00,15.3,7.0,5.5,0.6
2023-10-03 23:20:00+00:00,15.18,7.0,5.4,0.6
2023-10-03 23:30:00+00:00,15.059999999999999,7.0,5.3,0.6
2023-10-03 23:40:00+00:00,14.94,7.0,5.2,0.6
2023-10-03 23:50:00+00:00,14.82,7.0,5.1,0.6
2023-10-04 00:00:00+00:00,14.7,7.0,5.0,0.6
2023-10-04 00:10:00+00:00,14.639999999999999,6.9,4.94,0.6
2023-10-04 00:20:00+00:00,14.58,6.8,4.88,0.6
2023-10-04 00:30:00+00:00,14.52,6.7,4.82,0.6
2023-10-04 00:40:00+00:00,14.459999999999999,6.6,4.76,0.6
2023-10-04 00:50:00+00:00,14.399999999999999,6.5,4.7,0.6
2023-10-04 01:00:00+00:00,14.34,6.4,4.640000000000001,0.6
2023-10-04 01:10:00+00:00,14.28,6.3,4.58,0.6
2023-10-04 01:20:00+00:00,14.219999999999999,6.2,4.5200000000000005,0.6
2023-10-04 01:30:00+00:00,14.16,6.1,4.46,0.6
2023-10-04 01:40:00+00:00,14.1,6.0,4.4,0.6
2023-10-04 01:50:00+00:00,14.049999999999999,6.0,4.36,0.6
2023-10-04 02:00:00+00:00,14.0,6.0,4.32,0.6
2023-10-04 02:10:00+00:00,13.95,6.0,4.28,0.6
2023-10-04 02:20:00+00:00,13.9,6.0,4.24,0.6
2023-10-04 02:30:00+00:00,13.85,6.0,4.2,0.6
2023-10-04 02:40:00+00:00,13.799999999999999,6.0,4.16,0.6
2023-10-04 02:50:00+00:00,13.75,6.0,4.12,0.6
2023-10-04 03:00:00+00:00,13.7,6.0,4.08,0.6
2023-10-04 03:10:00+00:00,13.65,6.0,4.04,0.6
2023-10-04 03:20:00+00:00,13.6,6.0,4.0,0.6
2023-10-04 03:30:00+00:00,13.555,6.05,4.005,0.9299999999999999
2023-10-04 03:40:00+00:00,13.51,6.1,4.01,1.2599999999999998
2023-10-04 03:50:00+00:00,13.465,6.15,4.015,1.5899999999999999
2023-10-04 04:00:00+00:00,13.42,6.2,4.02,1.92
2023-10-04 04:10:00+00:00,13.375,6.25,4.025,2.25
2023-10-04 04:20:00+00:00,13.329999999999998,6.3,4.03,2.5799999999999996
2023-10-04 04:30:00+00:00,13.284999999999998,6.35,4.035,2.9099999999999997
2023-10-04 04:40:00+00:00,13.239999999999998,6.4,4.04,3.2399999999999998
2023-10-04 04:50:00+00:00,13.194999999999999,6.45,4.045,3.57
2023-10-04 05:00:00+00:00,13.149999999999999,6.5,4.05,3.9
2023-10-04 05:10:00+00:00,13.1,7.0,4.2,4.1
2023-10-04 05:20:00+00:00,13.0,7.0,4.2,4.1
2023-10-04 05:30:00+00:00,13.05,7.0,4.45,4.1
2023-10-04 05:40:00+00:00,13.1,7.0,4.7,4.1
2023-10-04 05:50:00+00:00,13.1,7.0,5.2,4.1
2023-10-04 06:00:00+00:00,13.2,6.5,5.35,4.1
2023-10-04 06:10:00+00:00,13.3,6.0,5.5,4.1
2023-10-04 06:20:00+00:00,13.3,6.0,5.6,4.1
2023-10-04 06:30:00+00:00,13.3,7.0,5.6,4.1
2023-10-04 06:40:00+00:00,13.3,7.0,5.7,4.1
2023-10-04 06:50:00+00:00,13.5,7.0,5.8,4.1
2023-10-04 07:00:00+00:00,13.5,7.0,5.8,4.1
2023-10-04 07:10:00+00:00,13.5,6.0,5.8,4.1
2023-10-04 07:20:00+00:00,13.6,6.5,5.85,4.15
2023-10-04 07:30:00+00:00,13.7,7.0,5.9,4.2
2023-10-04 07:40:00+00:00,13.6,6.0,5.9,4.1
2023-10-04 07:50:00+00:00,13.6,6.0,5.9,4.1
2023-10-04 08:00:00+00:00,13.8,6.0,5.9,4.1
2023-10-04 08:10:00+00:00,13.8,6.5,5.9,4.1
2023-10-04 08:20:00+00:00,13.8,7.0,5.9,4.1
2023-10-04 08:30:00+00:00,13.8,7.0,5.9,4.1
2023-10-04 08:40:00+00:00,13.9,6.5,5.95,4.1
2023-10-04 08:50:00+00:00,14.1,6.0,5.9,4.1
2023-10-04 09:00:00+00:00,14.1,6.0,5.7,4.1
2023-10-04 09:10:00+00:00,14.1,6.0,5.65,4.1
2023-10-04 09:20:00+00:00,14.1,6.0,5.6,4.1
2023-10-04 09:30:00+00:00,14.1,7.0,5.2,4.1
2023-10-04 09:40:00+00:00,14.1,7.0,5.2,4.1
2023-10-04 09:50:00+00:00,14.1,7.0,5.050000000000001,4.1
2023-10-04 10:00:00+00:00,14.1,7.0,4.9,4.1
2023-10-04 10:10:00+00:00,14.1,6.0,5.0,4.1
2023-10-04 10:20:00+00:00,14.1,7.0,5.2,4.1
2023-10-04 10:30:00+00:00,14.2,7.0,5.3,4.1
2023-10-04 10:40:00+00:00,14.3,6.0,5.4,4.2
2023-10-04 10:50:00+00:00,14.5,7.0,4.9,4.1
2023-10-04 11:00:00+00:00,14.466666666666667,6.666666666666667,4.7,4.033333333333333
2023-10-04 11:10:00+00:00,14.433333333333334,6.333333333333333,4.5,3.9666666666666663
2023-10-04 11:20:00+00:00,14.4,6.0,4.3,3.9
2023-10-04 11:30:00+00:00,14.5,7.0,4.1,4.1
2023-10-04 11:40:00+00:00,14.6,7.0,4.0,6.5
2023-10-04 11:50:00+00:00,14.8,6.0,4.0,6.4
2023-10-04 12:00:00+00:00,15.0,6.0,4.0,6.2
2023-10-04 12:10:00+00:00,14.8,6.0,3.7,5.3
2023-10-04 12:20:00+00:00,14.75,6.0,3.7,4.699999999999999
2023-10-04 12:30:00+00:00,14.6,6.0,3.9,5.9
2023-10-04 12:40:00+00:00,14.6,7.0,4.7,4.1
2023-10-04 12:50:00+00:00,14.55,6.5,5.050000000000001,4.1
2023-10-04 13:00:00+00:00,14.5,6.0,5.4,4.1
2023-10-04 13:10:00+00:00,14.5,7.0,5.8,6.5
2023-10-04 13:20:00+00:00,14.6,7.0,6.1,4.1
2023-10-04 13:30:00+00:00,14.5,7.0,5.9,4.1
2023-10-04 13:40:00+00:00,14.5,6.0,5.7,4.1
2023-10-04 13:50:00+00:00,14.3,6.0,5.9,4.1
2023-10-04 14:00:00+00:00,14.1,6.0,6.1,4.1
2023-10-04 14:10:00+00:00,14.1,7.0,6.1,6.4
2023-10-04 14:20:00+00:00,14.3,7.0,6.2,6.4
2023-10-04 14:30:00+00:00,14.3,7.0,6.166666666666667,6.366666666666667
2023-10-04 14:40:00+00:00,14.3,7.0,6.133333333333333,6.333333333333333
2023-10-04 14:50:00+00:00,14.3,7.0,6.1,6.3
2023-10-04 15:00:00+00:00,14.3,7.0,6.1,6.3
2023-10-04 15:10:00+00:00,14.3,7.0,6.0,6.2
2023-10-04 15:20:00+00:00,14.2,6.0,5.9,5.9
2023-10-04 15:30:00+00:00,14.1,6.0,5.8,4.1
2023-10-04 15:40:00+00:00,14.1,6.0,5.8,4.1
2023-10-04 15:50:00+00:00,14.024999999999999,6.25,5.725,4.05
2023-10-04 16:00:00+00:00,13.95,6.5,5.65,4.0
2023-10-04 16:10:00+00:00,13.850000000000001,7.0,5.6,4.05
2023-10-04 16:20:00+00:00,13.7,6.0,5.7,3.5
2023-10-04 16:30:00+00:00,13.649999999999999,6.5,5.7,2.7
2023-10-04 16:40:00+00:00,13.6,7.0,5.7,1.9
2023-10-04 16:50:00+00:00,13.527272727272727,7.0,5.663636363636364,1.7818181818181817
2023-10-04 17:00:00+00:00,13.454545454545455,7.0,5.627272727272727,1.6636363636363636
2023-10-04 17:10:00+00:00,13.381818181818181,7.0,5.590909090909091,1.5454545454545454
2023-10-04 17:20:00+00:00,13.309090909090909,7.0,5.554545454545455,1.4272727272727272
2023-10-04 17:30:00+00:00,13.236363636363636,7.0,5.5181818181818185,1.309090909090909
2023-10-04 17:40:00+00:00,13.163636363636364,7.0,5.4818181818181815,1.190909090909091
2023-10-04 17:50:00+00:00,13.090909090909092,7.0,5.445454545454545,1.0727272727272728
2023-10-04 18:00:00+00:00,13.01818181818182,7.0,5.409090909090909,0.9545454545454546
2023-10-04 18:10:00+00:00,12.945454545454545,7.0,5.372727272727273,0.8363636363636364
2023-10-04 18:20:00+00:00,12.872727272727273,7.0,5.336363636363636,0.7181818181818183
2023-10-04 18:30:00+00:00,12.8,7.0,5.3,0.6
2023-10-04 18:40:00+00:00,12.753846153846155,7.0,5.2846153846153845,0.6
2023-10-04 18:50:00+00:00,12.707692307692309,7.0,5.269230769230769,0.6
2023-10-04 19:00:00+00:00,12.661538461538463,7.0,5.253846153846154,0.6
2023-10-04 19:10:00+00:00,12.615384615384615,7.0,5.2384615384615385,0.6
2023-10-04 19:20:00+00:00,12.569230769230769,7.0,5.223076923076923,0.6
2023-10-04 19:30:00+00:00,12.523076923076923,7.0,5.207692307692308,0.6
2023-10-04 19:40:00+00:00,12.476923076923077,7.0,5.192307692307692,0.6
2023-10-04 19:50:00+00:00,12.430769230769231,7.0,5.176923076923076,0.6
2023-10-04 20:00:00+00:00,12.384615384615385,7.0,5.161538461538461,0.6
2023-10-04 20:10:00+00:00,12.338461538461537,7.0,5.146153846153846,0.6
2023-10-04 20:20:00+00:00,12.292307692307691,7.0,5.13076923076923,0.6
2023-10-04 20:30:00+00:00,12.246153846153845,7.0,5.115384615384615,0.6
2023-10-04 20:40:00+00:00,12.2,7.0,5.1,0.6
2023-10-04 20:50:00+00:00,12.19,6.9,5.1,0.6
2023-10-04 21:00:00+00:00,12.18,6.8,5.1,0.6
2023-10-04 21:10:00+00:00,12.17,6.7,5.1,0.6
2023-10-04 21:20:00+00:00,12.16,6.6,5.1,0.6
2023-10-04 21:30:00+00:00,12.149999999999999,6.5,5.1,0.6
2023-10-04 21:40:00+00:00,12.139999999999999,6.4,5.1,0.6
2023-10-04 21:50:00+00:00,12.129999999999999,6.3,5.1,0.6
2023-10-04 22:00:00+00:00,12.12,6.2,5.1,0.6
2023-10-04 22:10:00+00:00,12.11,6.1,5.1,0.6
2023-10-04 22:20:00+00:00,12.1,6.0,5.1,0.6
2023-10-04 22:30:00+00:00,12.11,6.1,5.14,0.6
2023-10-04 22:40:00+00:00,12.12,6.2,5.18,0.6
2023-10-04 22:50:00+00:00,12.129999999999999,6.3,5.22,0.6
2023-10-04 23:00:00+00:00,12.139999999999999,6.4,5.26,0.6
2023-10-04 23:10:00+00:00,12.149999999999999,6.5,5.3,0.6
2023-10-04 23:20:00+00:00,12.16,6.6,5.34,0.6
2023-10-04 23:30:00+00:00,12.17,6.7,5.38,0.6
2023-10-04 23:40:00+00:00,12.18,6.8,5.42,0.6
2023-10-04 23:50:00+00:00,12.19,6.9,5.46,0.6
2023-10-05 00:00:00+00:00,12.2,7.0,5.5,0.6
2023-10-05 00:10:00+00:00,12.19,6.9,5.51,0.58
2023-10-05 00:20:00+00:00,12.18,6.8,5.52,0.5599999999999999
2023-10-05 00:30:00+00:00,12.17,6.7,5.53,0.54
2023-10-05 00:40:00+00:00,12.16,6.6,5.54,0.52
2023-10-05 00:50:00+00:00,12.149999999999999,6.5,5.55,0.5
2023-10-05 01:00:00+00:00,12.139999999999999,6.4,5.56,0.48
2023-10-05 01:10:00+00:00,12.129999999999999,6.3,5.569999999999999,0.45999999999999996
2023-10-05 01:20:00+00:00,12.12,6.2,5.58,0.44
2023-10-05 01:30:00+00:00,12.11,6.1,5.59,0.42000000000000004
2023-10-05 01:40:00+00:00,12.1,6.0,5.6,0.4
2023-10-05 01:50:00+00:00,12.08,6.1,5.59,0.42000000000000004
2023-10-05 02:00:00+00:00,12.06,6.2,5.58,0.44
2023-10-05 02:10:00+00:00,12.04,6.3,5.569999999999999,0.46
2023-10-05 02:20:00+00:00,12.02,6.4,5.56,0.48
2023-10-05 02:30:00+00:00,12.0,6.5,5.55,0.5
2023-10-05 02:40:00+00:00,11.98,6.6,5.54,0.52
2023-10-05 02:50:00+00:00,11.96,6.7,5.53,0.54
2023-10-05 03:00:00+00:00,11.94,6.8,5.52,0.56
2023-10-05 03:10:00+00:00,11.92,6.9,5.51,0.58
2023-10-05 03:20:00+00:00,11.9,7.0,5.5,0.6
2023-10-05 03:30:00+00:00,11.86,6.9,5.48,0.9099999999999999
2023-10-05 03:40:00+00:00,11.82,6.8,5.46,1.22
2023-10-05 03:50:00+00:00,11.780000000000001,6.7,5.4399999999999995,1.5299999999999998
2023-10-05 04:00:00+00:00,11.74,6.6,5.42,1.8399999999999999
2023-10-05 04:10:00+00:00,11.7,6.5,5.4,2.15
2023-10-05 04:20:00+00:00,11.66,6.4,5.38,2.46
2023-10-05 04:30:00+00:00,11.620000000000001,6.3,5.359999999999999,2.77
2023-10-05 04:40:00+00:00,11.58,6.2,5.34,3.08
2023-10-05 04:50:00+00:00,11.54,6.1,5.32,3.39
2023-10-05 05:00:00+00:00,11.5,6.0,5.3,3.7
2023-10-05 05:10:00+00:00,11.5,7.0,5.4,4.1
2023-10-05 05:20:00+00:00,11.45,7.0,5.4,4.1
2023-10-05 05:30:00+00:00,11.4,7.0,5.4,4.1
2023-10-05 05:40:00+00:00,11.4,7.0,5.5,4.1
2023-10-05 05:50:00+00:00,11.4,7.0,5.5,4.1
2023-10-05 06:00:00+00:00,11.5,7.0,5.6,4.1
2023-10-05 06:10:00+00:00,11.5,6.5,5.6,4.1
2023-10-05 06:20:00+00:00,11.5,6.0,5.6,4.1
2023-10-05 06:30:00+00:00,11.55,6.0,5.65,4.1
2023-10-05 06:40:00+00:00,11.6,6.0,5.7,4.1
2023-10-05 06:50:00+00:00,11.6,7.0,5.8,4.1
2023-10-05 07:00:00+00:00,11.7,6.0,5.9,4.1
2023-10-05 07:10:00+00:00,11.8,6.0,5.9,4.1
2023-10-05 07:20:00+00:00,11.8,6.0,5.9,4.1
2023-10-05 07:30:00+00:00,11.9,7.0,6.0,4.1
2023-10-05 07:40:00+00:00,11.8,7.0,6.0,4.1
2023-10-05 07:50:00+00:00,11.8,7.0,6.0,4.1
2023-10-05 08:00:00+00:00,11.8,7.0,6.0,4.1
2023-10-05 08:10:00+00:00,11.8,7.0,6.0,4.1
2023-10-05 08:20:00+00:00,11.8,7.0,6.0,4.1
2023-10-05 08:30:00+00:00,11.8,7.0,6.0,4.1
2023-10-05 08:40:00+00:00,12.0,7.0,6.0,4.1
2023-10-05 08:50:00+00:00,12.05,7.0,5.95,4.1
2023-10-05 09:00:00+00:00,12.1,7.0,5.9,4.1
2023-10-05 09:10:00+00:00,12.1,7.0,5.8,4.1
2023-10-05 09:20:00+00:00,12.1,7.0,5.8,4.1
2023-10-05 09:30:00+00:00,12.3,7.0,5.7,4.1
2023-10-05 09:40:00+00:00,12.3,7.0,5.7,4.1
2023-10-05 09:50:00+00:00,12.4,7.0,5.75,4.1
2023-10-05 10:00:00+00:00,12.5,7.0,5.8,4.1
2023-10-05 10:10:00+00:00,12.55,7.0,5.8,4.1
2023-10-05 10:20:00+00:00,12.6,7.0,5.8,4.1
2023-10-05 10:30:00+00:00,12.7,7.0,6.0,4.2
2023-10-05 10:40:00+00:00,13.1,6.0,6.1,4.1
2023-10-05 10:50:00+00:00,13.4,6.0,6.3,4.2
2023-10-05 11:00:00+00:00,13.5,6.0,6.3,4.2
2023-10-05 11:10:00+00:00,13.6,6.0,6.3,6.3
2023-10-05 11:20:00+00:00,13.8,7.0,6.3,6.4
2023-10-05 11:30:00+00:00,14.0,6.0,6.2,6.4
2023-10-05 11:40:00+00:00,14.1,6.0,6.1,6.5
2023-10-05 11:50:00+00:00,14.2,7.0,5.9,6.2
2023-10-05 12:00:00+00:00,14.1,6.5,5.75,5.15
2023-10-05 12:10:00+00:00,14.0,6.0,5.6,4.1
2023-10-05 12:20:00+00:00,13.7,7.0,6.2,6.5
2023-10-05 12:30:00+00:00,14.0,7.0,6.4,6.5
2023-10-05 12:40:00+00:00,14.1,7.0,6.5,6.4
2023-10-05 12:50:00+00:00,14.1,7.0,6.5,6.5
2023-10-05 13:00:00+00:00,13.9,6.0,6.3,6.6
2023-10-05 13:10:00+00:00,13.7,6.0,6.2,6.5
2023-10-05 13:20:00+00:00,13.9,7.0,6.0,6.5
2023-10-05 13:30:00+00:00,13.850000000000001,6.5,6.05,6.5
2023-10-05 13:40:00+00:00,13.8,6.0,6.1,6.5
2023-10-05 13:50:00+00:00,13.8,6.5,5.65,6.45
2023-10-05 14:00:00+00:00,13.8,7.0,5.2,6.4
2023-10-05 14:10:00+00:00,13.8,7.0,4.6,6.4
2023-10-05 14:20:00+00:00,13.8,7.0,4.0,6.4
2023-10-05 14:30:00+00:00,13.9,7.0,3.8,6.5
2023-10-05 14:40:00+00:00,13.9,7.0,3.7,5.8
2023-10-05 14:50:00+00:00,13.8,7.0,3.7,6.4
2023-10-05 15:00:00+00:00,13.8,6.0,3.7,6.4
2023-10-05 15:10:00+00:00,13.7,7.0,3.7,6.3
2023-10-05 15:20:00+00:00,13.6,7.0,3.6,4.1
2023-10-05 15:30:00+00:00,13.6,6.666666666666667,3.6,4.8
2023-10-05 15:40:00+00:00,13.6,6.333333333333333,3.6,5.5
2023-10-05 15:50:00+00:00,13.6,6.0,3.6,6.2
2023-10-05 16:00:00+00:00,13.55,6.5,3.6500000000000004,5.15
2023-10-05 16:10:00+00:00,13.5,7.0,3.7,4.1
2023-10-05 16:20:00+00:00,13.5,6.0,3.6,3.8
2023-10-05 16:30:00+00:00,13.5,7.0,3.7,2.4
2023-10-05 16:40:00+00:00,13.6,6.0,3.7,0.9
2023-10-05 16:50:00+00:00,13.569230769230769,6.076923076923077,3.8615384615384616,0.8615384615384616
2023-10-05 17:00:00+00:00,13.538461538461538,6.153846153846154,4.023076923076923,0.823076923076923
2023-10-05 17:10:00+00:00,13.507692307692308,6.230769230769231,4.184615384615385,0.7846153846153846
2023-10-05 17:20:00+00:00,13.476923076923077,6.3076923076923075,4.346153846153847,0.7461538461538462
2023-10-05 17:30:00+00:00,13.446153846153846,6.384615384615385,4.507692307692308,0.7076923076923077
2023-10-05 17:40:00+00:00,13.415384615384616,6.461538461538462,4.6692307692307695,0.6692307692307693
2023-10-05 17:50:00+00:00,13.384615384615383,6.538461538461538,4.830769230769231,0.6307692307692307
2023-10-05 18:00:00+00:00,13.353846153846153,6.615384615384615,4.992307692307692,0.5923076923076923
2023-10-05 18:10:00+00:00,13.323076923076922,6.6923076923076925,5.153846153846153,0.5538461538461539
2023-10-05 18:20:00+00:00,13.292307692307691,6.769230769230769,5.315384615384615,0.5153846153846153
2023-10-05 18:30:00+00:00,13.26153846153846,6.846153846153847,5.476923076923077,0.4769230769230769
2023-10-05 18:40:00+00:00,13.23076923076923,6.923076923076923,5.638461538461538,0.43846153846153846
2023-10-05 18:50:00+00:00,13.2,7.0,5.8,0.4
2023-10-05 19:00:00+00:00,13.17,7.0,5.609999999999999,0.42000000000000004
2023-10-05 19:10:00+00:00,13.139999999999999,7.0,5.42,0.44
2023-10-05 19:20:00+00:00,13.11,7.0,5.2299999999999995,0.46
2023-10-05 19:30:00+00:00,13.08,7.0,5.04,0.48
2023-10-05 19:40:00+00:00,13.05,7.0,4.85,0.5
2023-10-05 19:50:00+00:00,13.02,7.0,4.66,0.52
2023-10-05 20:00:00+00:00,12.99,7.0,4.47,0.54
2023-10-05 20:10:00+00:00,12.96,7.0,4.279999999999999,0.56
2023-10-05 20:20:00+00:00,12.93,7.0,4.09,0.58
2023-10-05 20:30:00+00:00,12.9,7.0,3.9,0.6
2023-10-05 20:40:00+00:00,12.82,7.0,3.88,0.6
2023-10-05 20:50:00+00:00,12.74,7.0,3.86,0.6
2023-10-05 21:00:00+00:00,12.66,7.0,3.84,0.6
2023-10-05 21:10:00+00:00,12.58,7.0,3.82,0.6
2023-10-05 21:20:00+00:00,12.5,7.0,3.8,0.6
2023-10-05 21:30:00+00:00,12.42,7.0,3.7800000000000002,0.6
2023-10-05 21:40:00+00:00,12.34,7.0,3.7600000000000002,0.6
2023-10-05 21:50:00+00:00,12.26,7.0,3.74,0.6
2023-10-05 22:00:00+00:00,12.18,7.0,3.72,0.6
2023-10-05 22:10:00+00:00,12.1,7.0,3.7,0.6
2023-10-05 22:20:00+00:00,12.059999999999999,7.0,3.7,0.6
2023-10-05 22:30:00+00:00,12.02,7.0,3.7,0.6
2023-10-05 22:40:00+00:00,11.98,7.0,3.7,0.6
2023-10-05 22:50:00+00:00,11.94,7.0,3.7,0.6
2023-10-05 23:00:00+00:00,11.899999999999999,7.0,3.7,0.6
2023-10-05 23:10:00+00:00,11.86,7.0,3.7,0.6
2023-10-05 23:20:00+00:00,11.82,7.0,3.7,0.6
2023-10-05 23:30:00+00:00,11.78,7.0,3.7,0.6
2023-10-05 23:40:00+00:00,11.739999999999998,7.0,3.7,0.6
2023-10-05 23:50:00+00:00,11.7,7.0,3.7,0.6
2023-10-06 00:00:00+00:00,11.639999999999999,7.0,3.6900000000000004,0.6
2023-10-06 00:10:00+00:00,11.58,7.0,3.68,0.6
2023-10-06 00:20:00+00:00,11.52,7.0,3.67,0.6
2023-10-06 00:30:00+00:00,11.459999999999999,7.0,3.66,0.6
2023-10-06 00:40:00+00:00,11.399999999999999,7.0,3.6500000000000004,0.6
2023-10-06 00:50:00+00:00,11.34,7.0,3.64,0.6
2023-10-06 01:00:00+00:00,11.28,7.0,3.63,0.6
2023-10-06 01:10:00+00:00,11.219999999999999,7.0,3.62,0.6
2023-10-06 01:20:00+00:00,11.16,7.0,3.6100000000000003,0.6
2023-10-06 01:30:00+00:00,11.1,7.0,3.6,0.6
2023-10-06 01:40:00+00:00,11.11,7.0,3.6,0.6
2023-10-06 01:50:00+00:00,11.12,7.0,3.6,0.6
2023-10-06 02:00:00+00:00,11.129999999999999,7.0,3.6,0.6
2023-10-06 02:10:00+00:00,11.139999999999999,7.0,3.6,0.6
2023-10-06 02:20:00+00:00,11.149999999999999,7.0,3.6,0.6
2023-10-06 02:30:00+00:00,11.16,7.0,3.6,0.6
2023-10-06 02:40:00+00:00,11.17,7.0,3.6,0.6
2023-10-06 02:50:00+00:00,11.18,7.0,3.6,0.6
2023-10-06 03:00:00+00:00,11.19,7.0,3.6,0.6
2023-10-06 03:10:00+00:00,11.2,7.0,3.6,0.6
2023-10-06 03:20:00+00:00,11.209999999999999,7.0,3.59,0.75
2023-10-06 03:30:00+00:00,11.219999999999999,7.0,3.58,0.8999999999999999
2023-10-06 03:40:00+00:00,11.23,7.0,3.5700000000000003,1.0499999999999998
2023-10-06 03:50:00+00:00,11.24,7.0,3.56,1.2
2023-10-06 04:00:00+00:00,11.25,7.0,3.55,1.35
2023-10-06 04:10:00+00:00,11.26,7.0,3.54,1.5
2023-10-06 04:20:00+00:00,11.27,7.0,3.5300000000000002,1.65
2023-10-06 04:30:00+00:00,11.280000000000001,7.0,3.52,1.7999999999999998
2023-10-06 04:40:00+00:00,11.290000000000001,7.0,3.51,1.9499999999999997
2023-10-06 04:50:00+00:00,11.3,7.0,3.5,2.1
2023-10-06 05:00:00+00:00,11.4,6.0,3.5,4.1
2023-10-06 05:10:00+00:00,11.4,7.0,3.5,4.1
2023-10-06 05:20:00+00:00,11.6,7.0,3.5,4.1
2023-10-06 05:30:00+00:00,11.6,7.0,3.5,4.1
2023-10-06 05:40:00+00:00,11.5,7.0,3.6,4.1
2023-10-06 05:50:00+00:00,11.55,7.0,3.55,4.1
2023-10-06 06:00:00+00:00,11.6,7.0,3.5,4.1
2023-10-06 06:10:00+00:00,11.6,7.0,3.5,4.1
2023-10-06 06:20:00+00:00,11.6,7.0,3.5,4.1
2023-10-06 06:30:00+00:00,11.6,7.0,3.5,4.1
2023-10-06 06:40:00+00:00,11.8,7.0,3.5,4.1
2023-10-06 06:50:00+00:00,11.8,7.0,3.5,3.9
2023-10-06 07:00:00+00:00,11.9,7.0,3.7,4.1
2023-10-06 07:10:00+00:00,12.0,7.0,3.7,4.1
2023-10-06 07:20:00+00:00,12.0,6.0,3.6,4.1
2023-10-06 07:30:00+00:00,12.0,6.5,3.6,4.1
2023-10-06 07:40:00+00:00,12.0,7.0,3.6,4.1
2023-10-06 07:50:00+00:00,12.1,7.0,3.6,4.1
2023-10-06 08:00:00+00:00,12.2,7.0,3.7,4.1
2023-10-06 08:10:00+00:00,12.3,6.0,3.8,4.1
2023-10-06 08:20:00+00:00,12.3,6.0,3.9,4.1
2023-10-06 08:30:00+00:00,12.4,7.0,4.0,4.1
2023-10-06 08:40:00+00:00,12.45,7.0,4.4,4.1
2023-10-06 08:50:00+00:00,12.5,7.0,4.8,4.1
2023-10-06 09:00:00+00:00,12.5,6.0,5.1,4.1
2023-10-06 09:10:00+00:00,12.5,7.0,5.2,4.1
2023-10-06 09:20:00+00:00,12.5,7.0,5.2,4.1
2023-10-06 09:30:00+00:00,12.5,7.0,5.2,4.1
2023-10-06 09:40:00+00:00,12.4,7.0,5.3,4.1
2023-10-06 09:50:00+00:00,12.4,7.0,5.4,4.1
2023-10-06 10:00:00+00:00,12.3,7.0,5.5,4.1
2023-10-06 10:10:00+00:00,12.4,7.0,5.6,4.1
2023-10-06 10:20:00+00:00,12.5,7.0,5.7,4.1
2023-10-06 10:30:00+00:00,12.6,7.0,5.7,4.1
2023-10-06 10:40:00+00:00,12.7,6.0,5.8,4.1
2023-10-06 10:50:00+00:00,12.8,6.0,5.8,4.1
2023-10-06 11:00:00+00:00,12.9,7.0,5.9,4.1
2023-10-06 11:10:00+00:00,12.95,7.0,5.9,4.1
2023-10-06 11:20:00+00:00,13.0,7.0,5.9,4.1
2023-10-06 11:30:00+00:00,13.0,6.0,5.9,4.1
2023-10-06 11:40:00+00:00,12.9,6.0,5.9,4.1
2023-10-06 11:50:00+00:00,12.9,6.0,5.9,4.1
2023-10-06 12:00:00+00:00,13.0,7.0,5.9,4.1
2023-10-06 12:10:00+00:00,12.9,6.0,6.0,4.1
2023-10-06 12:20:00+00:00,13.0,7.0,6.0,4.1
2023-10-06 12:30:00+00:00,13.0,6.0,6.1,4.1
2023-10-06 12:40:00+00:00,13.1,6.0,6.1,3.9
2023-10-06 12:50:00+00:00,13.1,7.0,6.1,4.1
2023-10-06 13:00:00+00:00,13.1,7.0,6.05,4.1
2023-10-06 13:10:00+00:00,13.1,7.0,6.0,4.1
2023-10-06 13:20:00+00:00,13.0,7.0,6.0,4.1
2023-10-06 13:30:00+00:00,13.0,7.0,6.1,4.1
2023-10-06 13:40:00+00:00,13.0,6.0,6.0,4.1
2023-10-06 13:50:00+00:00,13.0,6.0,6.1,4.1
2023-10-06 14:00:00+00:00,13.0,7.0,6.0,4.1
2023-10-06 14:10:00+00:00,13.0,6.0,6.0,4.1
2023-10-06 14:20:00+00:00,13.1,7.0,6.0,4.1
2023-10-06 14:30:00+00:00,13.1,6.0,6.0,4.1
2023-10-06 14:40:00+00:00,13.2,6.0,6.0,4.1
2023-10-06 14:50:00+00:00,13.25,6.0,6.05,4.1
2023-10-06 15:00:00+00:00,13.3,6.0,6.1,4.1
2023-10-06 15:10:00+00:00,13.3,7.0,6.1,4.1
2023-10-06 15:20:00+00:00,13.3,6.0,6.1,4.1
2023-10-06 15:30:00+00:00,13.3,6.0,6.1,4.1
2023-10-06 15:40:00+00:00,13.3,6.0,6.1,4.1
2023-10-06 15:50:00+00:00,13.2,6.0,6.1,4.1
2023-10-06 16:00:00+00:00,13.2,7.0,6.1,4.1
2023-10-06 16:10:00+00:00,13.1,6.0,6.0,3.9
2023-10-06 16:20:00+00:00,13.1,6.0,6.0,2.2
2023-10-06 16:30:00+00:00,13.1,7.0,6.0,0.9
2023-10-06 16:40:00+00:00,13.1,7.0,5.992857142857143,0.8785714285714286
2023-10-06 16:50:00+00:00,13.1,7.0,5.985714285714286,0.8571428571428572
2023-10-06 17:00:00+00:00,13.1,7.0,5.978571428571429,0.8357142857142857
2023-10-06 17:10:00+00:00,13.1,7.0,5.9714285714285715,0.8142857142857143
2023-10-06 17:20:00+00:00,13.1,7.0,5.964285714285714,0.7928571428571428
2023-10-06 17:30:00+00:00,13.1,7.0,5.957142857142857,0.7714285714285715
2023-10-06 17:40:00+00:00,13.1,7.0,5.95,0.75
2023-10-06 17:50:00+00:00,13.1,7.0,5.942857142857143,0.7285714285714285
2023-10-06 18:00:00+00:00,13.1,7.0,5.935714285714286,0.7071428571428571
2023-10-06 18:10:00+00:00,13.1,7.0,5.928571428571429,0.6857142857142857
2023-10-06 18:20:00+00:00,13.1,7.0,5.921428571428572,0.6642857142857143
2023-10-06 18:30:00+00:00,13.1,7.0,5.914285714285715,0.6428571428571428
2023-10-06 18:40:00+00:00,13.1,7.0,5.9071428571428575,0.6214285714285714
2023-10-06 18:50:00+00:00,13.1,7.0,5.9,0.6
2023-10-06 19:00:00+00:00,13.11,7.0,5.880000000000001,0.6
2023-10-06 19:10:00+00:00,13.12,7.0,5.86,0.6
2023-10-06 19:20:00+00:00,13.129999999999999,7.0,5.84,0.6
2023-10-06 19:30:00+00:00,13.139999999999999,7.0,5.82,0.6
2023-10-06 19:40:00+00:00,13.149999999999999,7.0,5.800000000000001,0.6
2023-10-06 19:50:00+00:00,13.16,7.0,5.78,0.6
2023-10-06 20:00:00+00:00,13.17,7.0,5.76,0.6
2023-10-06 20:10:00+00:00,13.18,7.0,5.74,0.6
2023-10-06 20:20:00+00:00,13.19,7.0,5.720000000000001,0.6
2023-10-06 20:30:00+00:00,13.2,7.0,5.7,0.6
2023-10-06 20:40:00+00:00,13.209999999999999,7.0,5.71,0.6
2023-10-06 20:50:00+00:00,13.219999999999999,7.0,5.72,0.6
2023-10-06 21:00:00+00:00,13.23,7.0,5.73,0.6
2023-10-06 21:10:00+00:00,13.24,7.0,5.74,0.6
2023-10-06 21:20:00+00:00,13.25,7.0,5.75,0.6
2023-10-06 21:30:00+00:00,13.26,7.0,5.76,0.6
2023-10-06 21:40:00+00:00,13.27,7.0,5.77,0.6
2023-10-06 21:50:00+00:00,13.280000000000001,7.0,5.78,0.6
2023-10-06 22:00:00+00:00,13.290000000000001,7.0,5.79,0.6
2023-10-06 22:10:00+00:00,13.3,7.0,5.8,0.6
2023-10-06 22:20:00+00:00,13.32,7.0,5.8,0.6
2023-10-06 22:30:00+00:00,13.34,7.0,5.8,0.6
2023-10-06 22:40:00+00:00,13.360000000000001,7.0,5.8,0.6
2023-10-06 22:50:00+00:00,13.38,7.0,5.8,0.6
2023-10-06 23:00:00+00:00,13.4,7.0,5.8,0.6
2023-10-06 23:10:00+00:00,13.42,7.0,5.8,0.6
2023-10-06 23:20:00+00:00,13.44,7.0,5.8,0.6
2023-10-06 23:30:00+00:00,13.46,7.0,5.8,0.6
2023-10-06 23:40:00+00:00,13.48,7.0,5.8,0.6
2023-10-06 23:50:00+00:00,13.5,7.0,5.8,0.6
2023-10-07 00:00:00+00:00,13.51,7.0,5.82,0.6
2023-10-07 00:10:00+00:00,13.52,7.0,5.84,0.6
2023-10-07 00:20:00+00:00,13.53,7.0,5.859999999999999,0.6
2023-10-07 00:30:00+00:00,13.54,7.0,5.88,0.6
2023-10-07 00:40:00+00:00,13.55,7.0,5.9,0.6
2023-10-07 00:50:00+00:00,13.56,7.0,5.92,0.6
2023-10-07 01:00:00+00:00,13.57,7.0,5.9399999999999995,0.6
2023-10-07 01:10:00+00:00,13.58,7.0,5.96,0.6
2023-10-07 01:20:00+00:00,13.59,7.0,5.98,0.6
2023-10-07 01:30:00+00:00,13.6,7.0,6.0,0.6
2023-10-07 01:40:00+00:00,13.62,6.9,6.01,0.6
2023-10-07 01:50:00+00:00,13.64,6.8,6.02,0.6
2023-10-07 02:00:00+00:00,13.66,6.7,6.03,0.6
2023-10-07 02:10:00+00:00,13.68,6.6,6.04,0.6
2023-10-07 02:20:00+00:00,13.7,6.5,6.05,0.6
2023-10-07 02:30:00+00:00,13.72,6.4,6.06,0.6
2023-10-07 02:40:00+00:00,13.74,6.3,6.069999999999999,0.6
2023-10-07 02:50:00+00:00,13.76,6.2,6.08,0.6
2023-10-07 03:00:00+00:00,13.780000000000001,6.1,6.09,0.6
2023-10-07 03:10:00+00:00,13.8,6.0,6.1,0.6
2023-10-07 03:20:00+00:00,13.82,6.1,6.13,0.62
2023-10-07 03:30:00+00:00,13.84,6.2,6.16,0.64
2023-10-07 03:40:00+00:00,13.860000000000001,6.3,6.1899999999999995,0.66
2023-10-07 03:50:00+00:00,13.88,6.4,6.22,0.68
2023-10-07 04:00:00+00:00,13.9,6.5,6.25,0.7
2023-10-07 04:10:00+00:00,13.92,6.6,6.28,0.72
2023-10-07 04:20:00+00:00,13.94,6.7,6.3100000000000005,0.74
2023-10-07 04:30:00+00:00,13.96,6.8,6.34,0.76
2023-10-07 04:40:00+00:00,13.98,6.9,6.37,0.78
2023-10-07 04:50:00+00:00,14.0,7.0,6.4,0.8
2023-10-07 05:00:00+00:00,13.95,7.0,6.380000000000001,1.13
2023-10-07 05:10:00+00:00,13.9,7.0,6.36,1.46
2023-10-07 05:20:00+00:00,13.85,7.0,6.34,1.79
2023-10-07 05:30:00+00:00,13.8,7.0,6.32,2.12
2023-10-07 05:40:00+00:00,13.75,7.0,6.300000000000001,2.45
2023-10-07 05:50:00+00:00,13.7,7.0,6.28,2.78
2023-10-07 06:00:00+00:00,13.65,7.0,6.26,3.1099999999999994
2023-10-07 06:10:00+00:00,13.6,7.0,6.24,3.4399999999999995
2023-10-07 06:20:00+00:00,13.55,7.0,6.220000000000001,3.7699999999999996
2023-10-07 06:30:00+00:00,13.5,7.0,6.2,4.1
2023-10-07 06:40:00+00:00,13.4,7.0,6.1,4.1
2023-10-07 06:50:00+00:00,13.2,6.0,5.9,4.1
2023-10-07 07:00:00+00:00,13.149999999999999,6.0,5.85,4.1
2023-10-07 07:10:00+00:00,13.1,6.0,5.8,4.1
2023-10-07 07:20:00+00:00,13.1,7.0,5.8,4.1
2023-10-07 07:30:00+00:00,13.1,7.0,6.0,4.1
2023-10-07 07:40:00+00:00,13.2,7.0,6.2,4.1
2023-10-07 07:50:00+00:00,13.25,6.5,6.15,4.1
2023-10-07 08:00:00+00:00,13.3,6.0,6.1,4.1
2023-10-07 08:10:00+00:00,13.2,6.0,6.1,4.1
2023-10-07 08:20:00+00:00,13.2,6.0,6.1,4.1
2023-10-07 08:30:00+00:00,13.3,6.0,6.1,4.1
2023-10-07 08:40:00+00:00,13.4,6.0,6.1,4.1
2023-10-07 08:50:00+00:00,13.5,7.0,6.1,4.1
2023-10-07 09:00:00+00:00,13.5,6.0,6.2,4.2
2023-10-07 09:10:00+00:00,13.5,7.0,6.0,4.1
2023-10-07 09:20:00+00:00,13.6,7.0,6.0,4.1
2023-10-07 09:30:00+00:00,13.6,7.0,5.9,4.1
2023-10-07 09:40:00+00:00,13.6,6.0,5.6,4.2
2023-10-07 09:50:00+00:00,13.6,7.0,5.4,4.1
2023-10-07 10:00:00+00:00,13.6,6.0,5.4,4.2
2023-10-07 10:10:00+00:00,13.649999999999999,6.5,5.300000000000001,4.15
2023-10-07 10:20:00+00:00,13.7,7.0,5.2,4.1
2023-10-07 10:30:00+00:00,13.7,7.0,5.1,4.1
2023-10-07 10:40:00+00:00,13.7,7.0,4.4,4.1
2023-10-07 10:50:00+00:00,13.7,7.0,4.3,4.1
2023-10-07 11:00:00+00:00,13.7,7.0,4.0,4.1
2023-10-07 11:10:00+00:00,13.7,6.0,4.0,4.1
2023-10-07 11:20:00+00:00,13.8,6.0,4.6,6.2
2023-10-07 11:30:00+00:00,13.8,6.0,4.2,6.1
2023-10-07 11:40:00+00:00,13.8,7.0,3.9,5.8
2023-10-07 11:50:00+00:00,13.75,7.0,3.9,4.949999999999999
2023-10-07 12:00:00+00:00,13.7,7.0,3.9,4.1
2023-10-07 12:10:00+00:00,13.8,6.0,3.9,6.1
2023-10-07 12:20:00+00:00,13.8,6.0,3.8,6.1
2023-10-07 12:30:00+00:00,13.8,7.0,3.7,5.5
2023-10-07 12:40:00+00:00,13.7,7.0,3.7,5.8
2023-10-07 12:50:00+00:00,13.6,7.0,3.8,5.5
2023-10-07 13:00:00+00:00,13.7,7.0,3.8,4.1
2023-10-07 13:10:00+00:00,13.1,6.0,3.8,3.9
2023-10-07 13:20:00+00:00,13.3,7.0,3.7,4.1
2023-10-07 13:30:00+00:00,13.3,7.0,3.7,4.1
2023-10-07 13:40:00+00:00,13.350000000000001,6.5,3.75,4.1
2023-10-07 13:50:00+00:00,13.4,6.0,3.8,4.1
2023-10-07 14:00:00+00:00,13.5,7.0,3.8,4.1
2023-10-07 14:10:00+00:00,13.5,7.0,3.8,4.1
2023-10-07 14:20:00+00:00,13.4,6.0,3.8,4.1
2023-10-07 14:30:00+00:00,13.4,6.0,3.8,4.1
2023-10-07 14:40:00+00:00,13.5,7.0,3.7,4.1
2023-10-07 14:50:00+00:00,13.55,7.0,3.7,4.1
2023-10-07 15:00:00+00:00,13.6,7.0,3.7,4.1
2023-10-07 15:10:00+00:00,13.6,7.0,3.6,4.1
2023-10-07 15:20:00+00:00,13.6,6.0,3.6,4.1
2023-10-07 15:30:00+00:00,13.6,6.5,3.6,4.1
2023-10-07 15:40:00+00:00,13.6,7.0,3.6,4.1
2023-10-07 15:50:00+00:00,13.6,6.0,3.6,4.1
2023-10-07 16:00:00+00:00,13.6,7.0,3.6,4.0
2023-10-07 16:10:00+00:00,13.6,7.0,3.6,3.7
2023-10-07 16:20:00+00:00,13.6,6.0,3.6,2.9
2023-10-07 16:30:00+00:00,13.6,7.0,3.6,1.3
2023-10-07 16:40:00+00:00,13.6,6.0,3.6,0.8
2023-10-07 16:50:00+00:00,13.553846153846154,6.076923076923077,3.6,0.7846153846153846
2023-10-07 17:00:00+00:00,13.507692307692308,6.153846153846154,3.6,0.7692307692307693
2023-10-07 17:10:00+00:00,13.461538461538462,6.230769230769231,3.6,0.7538461538461538
2023-10-07 17:20:00+00:00,13.415384615384616,6.3076923076923075,3.6,0.7384615384615385
2023-10-07 17:30:00+00:00,13.36923076923077,6.384615384615385,3.6,0.7230769230769231
2023-10-07 17:40:00+00:00,13.323076923076924,6.461538461538462,3.6,0.7076923076923077
2023-10-07 17:50:00+00:00,13.276923076923076,6.538461538461538,3.6,0.6923076923076923
2023-10-07 18:00:00+00:00,13.23076923076923,6.615384615384615,3.6,0.676923076923077
2023-10-07 18:10:00+00:00,13.184615384615384,6.6923076923076925,3.6,0.6615384615384615
2023-10-07 18:20:00+00:00,13.138461538461538,6.769230769230769,3.6,0.6461538461538462
2023-10-07 18:30:00+00:00,13.092307692307692,6.846153846153847,3.6,0.6307692307692307
2023-10-07 18:40:00+00:00,13.046153846153846,6.923076923076923,3.6,0.6153846153846154
2023-10-07 18:50:00+00:00,13.0,7.0,3.6,0.6
2023-10-07 19:00:00+00:00,12.96,6.9,3.6100000000000003,0.6
2023-10-07 19:10:00+00:00,12.92,6.8,3.62,0.6
2023-10-07 19:20:00+00:00,12.879999999999999,6.7,3.63,0.6
2023-10-07 19:30:00+00:00,12.84,6.6,3.64,0.6
2023-10-07 19:40:00+00:00,12.8,6.5,3.6500000000000004,0.6
2023-10-07 19:50:00+00:00,12.76,6.4,3.66,0.6
2023-10-07 20:00:00+00:00,12.719999999999999,6.3,3.67,0.6
2023-10-07 20:10:00+00:00,12.68,6.2,3.68,0.6
2023-10-07 20:20:00+00:00,12.64,6.1,3.6900000000000004,0.6
2023-10-07 20:30:00+00:00,12.6,6.0,3.7,0.6
2023-10-07 20:40:00+00:00,12.629999999999999,6.1,3.7,0.6
2023-10-07 20:50:00+00:00,12.66,6.2,3.7,0.6
2023-10-07 21:00:00+00:00,12.69,6.3,3.7,0.6
2023-10-07 21:10:00+00:00,12.72,6.4,3.7,0.6
2023-10-07 21:20:00+00:00,12.75,6.5,3.7,0.6
2023-10-07 21:30:00+00:00,12.78,6.6,3.7,0.6
2023-10-07 21:40:00+00:00,12.81,6.7,3.7,0.6
2023-10-07 21:50:00+00:00,12.84,6.8,3.7,0.6
2023-10-07 22:00:00+00:00,12.870000000000001,6.9,3.7,0.6
2023-10-07 22:10:00+00:00,12.9,7.0,3.7,0.6
2023-10-07 22:20:00+00:00,12.92,7.0,3.7,0.6
2023-10-07 22:30:00+00:00,12.94,7.0,3.7,0.6
2023-10-07 22:40:00+00:00,12.96,7.0,3.7,0.6
2023-10-07 22:50:00+00:00,12.98,7.0,3.7,0.6
2023-10-07 23:00:00+00:00,13.0,7.0,3.7,0.6
2023-10-07 23:10:00+00:00,13.02,7.0,3.7,0.6
2023-10-07 23:20:00+00:00,13.04,7.0,3.7,0.6
2023-10-07 23:30:00+00:00,13.06,7.0,3.7,0.6
2023-10-07 23:40:00+00:00,13.08,7.0,3.7,0.6
2023-10-07 23:50:00+00:00,13.1,7.0,3.7,0.6
2023-10-08 00:00:00+00:00,13.1,6.9,3.6900000000000004,0.6
2023-10-08 00:10:00+00:00,13.1,6.8,3.68,0.6
2023-10-08 00:20:00+00:00,13.1,6.7,3.67,0.6
2023-10-08 00:30:00+00:00,13.1,6.6,3.66,0.6
2023-10-08 00:40:00+00:00,13.1,6.5,3.6500000000000004,0.6
2023-10-08 00:50:00+00:00,13.1,6.4,3.64,0.6
2023-10-08 01:00:00+00:00,13.1,6.3,3.63,0.6
2023-10-08 01:10:00+00:00,13.1,6.2,3.62,0.6
2023-10-08 01:20:00+00:00,13.1,6.1,3.6100000000000003,0.6
2023-10-08 01:30:00+00:00,13.1,6.0,3.6,0.6
2023-10-08 01:40:00+00:00,13.08,6.1,3.6,0.6
2023-10-08 01:50:00+00:00,13.06,6.2,3.6,0.6
2023-10-08 02:00:00+00:00,13.04,6.3,3.6,0.6
2023-10-08 02:10:00+00:00,13.02,6.4,3.6,0.6
2023-10-08 02:20:00+00:00,13.0,6.5,3.6,0.6
2023-10-08 02:30:00+00:00,12.98,6.6,3.6,0.6
2023-10-08 02:40:00+00:00,12.96,6.7,3.6,0.6
2023-10-08 02:50:00+00:00,12.94,6.8,3.6,0.6
2023-10-08 03:00:00+00:00,12.92,6.9,3.6,0.6
2023-10-08 03:10:00+00:00,12.9,7.0,3.6,0.6
2023-10-08 03:20:00+00:00,12.74,7.0,3.6,0.9099999999999999
2023-10-08 03:30:00+00:00,12.58,7.0,3.6,1.22
2023-10-08 03:40:00+00:00,12.42,7.0,3.6,1.5299999999999998
2023-10-08 03:50:00+00:00,12.26,7.0,3.6,1.8399999999999999
2023-10-08 04:00:00+00:00,12.100000000000001,7.0,3.6,2.15
2023-10-08 04:10:00+00:00,11.940000000000001,7.0,3.6,2.46
2023-10-08 04:20:00+00:00,11.780000000000001,7.0,3.6,2.77
2023-10-08 04:30:00+00:00,11.620000000000001,7.0,3.6,3.08
2023-10-08 04:40:00+00:00,11.46,7.0,3.6,3.39
2023-10-08 04:50:00+00:00,11.3,7.0,3.6,3.7
2023-10-08 05:00:00+00:00,11.6,6.0,3.6,4.1
2023-10-08 05:10:00+00:00,11.8,7.0,3.7,4.1
2023-10-08 05:20:00+00:00,11.6,7.0,3.7,4.1
2023-10-08 05:30:00+00:00,11.6,7.0,3.7,4.1
2023-10-08 05:40:00+00:00,11.6,7.0,3.7,4.1
2023-10-08 05:50:00+00:00,11.6,7.0,3.7,4.1
2023-10-08 06:00:00+00:00,11.7,7.0,3.8,4.1
2023-10-08 06:10:00+00:00,11.8,7.0,3.8,4.1
2023-10-08 06:20:00+00:00,11.9,7.0,3.8,4.1
2023-10-08 06:30:00+00:00,11.9,7.0,3.9,4.1
2023-10-08 06:40:00+00:00,12.0,7.0,3.9,4.1
2023-10-08 06:50:00+00:00,12.0,7.0,3.8,4.1
2023-10-08 07:00:00+00:00,12.0,7.0,3.9,4.1
2023-10-08 07:10:00+00:00,12.2,7.0,3.9,4.1
2023-10-08 07:20:00+00:00,12.3,7.0,3.9,4.1
2023-10-08 07:30:00+00:00,12.3,7.0,3.9,4.1
2023-10-08 07:40:00+00:00,12.3,7.0,3.9,4.1
2023-10-08 07:50:00+00:00,12.4,7.0,3.8,4.1
2023-10-08 08:00:00+00:00,12.45,6.5,3.8,4.1
2023-10-08 08:10:00+00:00,12.5,6.0,3.8,4.1
2023-10-08 08:20:00+00:00,12.6,7.0,3.8,4.1
2023-10-08 08:30:00+00:00,12.5,7.0,3.8,4.1
2023-10-08 08:40:00+00:00,12.6,7.0,3.7,4.1
2023-10-08 08:50:00+00:00,12.6,6.0,3.7,4.1
2023-10-08 09:00:00+00:00,12.6,7.0,3.7,4.1
2023-10-08 09:10:00+00:00,12.6,7.0,3.7,4.1
2023-10-08 09:20:00+00:00,12.55,6.5,3.7,4.1
2023-10-08 09:30:00+00:00,12.5,6.0,3.7,4.1
2023-10-08 09:40:00+00:00,12.6,7.0,3.7,6.3
2023-10-08 09:50:00+00:00,12.6,7.0,3.7,6.4
2023-10-08 10:00:00+00:00,12.55,6.5,3.7,6.4
2023-10-08 10:10:00+00:00,12.5,6.0,3.7,6.4
2023-10-08 10:20:00+00:00,12.5,7.0,3.7,6.5
2023-10-08 10:30:00+00:00,12.6,7.0,3.6,4.1
2023-10-08 10:40:00+00:00,12.5,6.0,3.6,6.5
2023-10-08 10:50:00+00:00,12.5,6.5,3.6,6.5
2023-10-08 11:00:00+00:00,12.5,7.0,3.6,6.5
2023-10-08 11:10:00+00:00,12.5,7.0,3.6,6.5
2023-10-08 11:20:00+00:00,12.5,7.0,3.6,6.5
2023-10-08 11:30:00+00:00,12.5,7.0,3.6,6.5
2023-10-08 11:40:00+00:00,12.5,7.0,3.7,6.5
2023-10-08 11:50:00+00:00,12.5,7.0,3.6,6.5
2023-10-08 12:00:00+00:00,12.3,6.0,3.6,6.5
2023-10-08 12:10:00+00:00,12.5,7.0,3.6,6.5
2023-10-08 12:20:00+00:00,12.5,7.0,3.6,6.5
2023-10-08 12:30:00+00:00,12.5,7.0,3.6,6.5
2023-10-08 12:40:00+00:00,12.5,7.0,3.6,6.5
2023-10-08 12:50:00+00:00,12.4,7.0,3.6,6.5
2023-10-08 13:00:00+00:00,12.4,6.5,3.6,6.5
2023-10-08 13:10:00+00:00,12.4,6.0,3.6,6.5
2023-10-08 13:20:00+00:00,12.4,7.0,3.6,6.5
2023-10-08 13:30:00+00:00,12.3,7.0,3.6,6.5
2023-10-08 13:40:00+00:00,12.3,6.0,3.6,6.5
2023-10-08 13:50:00+00:00,12.3,6.5,3.6,6.5
2023-10-08 14:00:00+00:00,12.3,7.0,3.6,6.5
2023-10-08 14:10:00+00:00,12.4,7.0,3.6,6.5
2023-10-08 14:20:00+00:00,12.4,7.0,3.6,6.5
2023-10-08 14:30:00+00:00,12.3,7.0,3.5,6.5
2023-10-08 14:40:00+00:00,12.3,7.0,3.5,6.5
2023-10-08 14:50:00+00:00,12.3,7.0,3.5,6.5
2023-10-08 15:00:00+00:00,12.4,7.0,3.5,6.4
2023-10-08 15:10:00+00:00,12.4,7.0,3.5,6.5
2023-10-08 15:20:00+00:00,12.3,7.0,3.5,6.3
2023-10-08 15:30:00+00:00,12.3,6.0,3.5,6.3
2023-10-08 15:40:00+00:00,12.3,7.0,3.5,4.1
2023-10-08 15:50:00+00:00,12.2,7.0,3.5,4.1
2023-10-08 16:00:00+00:00,12.2,6.0,3.5,4.1
2023-10-08 16:10:00+00:00,12.1,7.0,3.5,4.1
2023-10-08 16:20:00+00:00,12.0,7.0,3.5,2.9
2023-10-08 16:30:00+00:00,12.0,6.5,3.5,2.15
2023-10-08 16:40:00+00:00,12.0,6.0,3.5,1.4
2023-10-08 16:50:00+00:00,11.8,6.0,3.6,0.8
2023-10-08 17:00:00+00:00,11.65,6.1,3.6,0.78
2023-10-08 17:10:00+00:00,11.5,6.2,3.6,0.76
2023-10-08 17:20:00+00:00,11.350000000000001,6.3,3.6,0.74
2023-10-08 17:30:00+00:00,11.200000000000001,6.4,3.6,0.72
2023-10-08 17:40:00+00:00,11.05,6.5,3.6,0.7
2023-10-08 17:50:00+00:00,10.9,6.6,3.6,0.6799999999999999
2023-10-08 18:00:00+00:00,10.75,6.7,3.6,0.66
2023-10-08 18:10:00+00:00,10.600000000000001,6.8,3.6,0.64
2023-10-08 18:20:00+00:00,10.450000000000001,6.9,3.6,0.62
2023-10-08 18:30:00+00:00,10.3,7.0,3.6,0.6
2023-10-08 18:40:00+00:00,10.17,7.0,3.6,0.6
2023-10-08 18:50:00+00:00,10.040000000000001,7.0,3.6,0.6
2023-10-08 19:00:00+00:00,9.91,7.0,3.6,0.6
2023-10-08 19:10:00+00:00,9.780000000000001,7.0,3.6,0.6
2023-10-08 19:20:00+00:00,9.65,7.0,3.6,0.6
2023-10-08 19:30:00+00:00,9.52,7.0,3.6,0.6
2023-10-08 19:40:00+00:00,9.39,7.0,3.6,0.6
2023-10-08 19:50:00+00:00,9.26,7.0,3.6,0.6
2023-10-08 20:00:00+00:00,9.13,7.0,3.6,0.6
2023-10-08 20:10:00+00:00,9.0,7.0,3.6,0.6
2023-10-08 20:20:00+00:00,8.907692307692308,7.076923076923077,3.6076923076923078,0.5846153846153846
2023-10-08 20:30:00+00:00,8.815384615384616,7.153846153846154,3.6153846153846154,0.5692307692307692
2023-10-08 20:40:00+00:00,8.723076923076922,7.230769230769231,3.623076923076923,0.5538461538461539
2023-10-08 20:50:00+00:00,8.63076923076923,7.3076923076923075,3.6307692307692307,0.5384615384615384
2023-10-08 21:00:00+00:00,8.538461538461538,7.384615384615385,3.6384615384615384,0.5230769230769231
2023-10-08 21:10:00+00:00,8.446153846153846,7.461538461538462,3.646153846153846,0.5076923076923077
2023-10-08 21:20:00+00:00,8.353846153846154,7.538461538461538,3.653846153846154,0.49230769230769234
2023-10-08 21:30:00+00:00,8.26153846153846,7.615384615384615,3.661538461538462,0.4769230769230769
2023-10-08 21:40:00+00:00,8.169230769230769,7.6923076923076925,3.6692307692307695,0.46153846153846156
2023-10-08 21:50:00+00:00,8.076923076923077,7.769230769230769,3.676923076923077,0.4461538461538461
2023-10-08 22:00:00+00:00,7.984615384615385,7.846153846153847,3.684615384615385,0.4307692307692308
2023-10-08 22:10:00+00:00,7.892307692307692,7.923076923076923,3.6923076923076925,0.4153846153846154
2023-10-08 22:20:00+00:00,7.8,8.0,3.7,0.4
2023-10-08 22:30:00+00:00,7.76,8.0,3.71,0.42000000000000004
2023-10-08 22:40:00+00:00,7.72,8.0,3.72,0.44
2023-10-08 22:50:00+00:00,7.68,8.0,3.73,0.46
2023-10-08 23:00:00+00:00,7.64,8.0,3.74,0.48
2023-10-08 23:10:00+00:00,7.6,8.0,3.75,0.5
2023-10-08 23:20:00+00:00,7.5600000000000005,8.0,3.76,0.52
2023-10-08 23:30:00+00:00,7.5200000000000005,8.0,3.77,0.54
2023-10-08 23:40:00+00:00,7.48,8.0,3.78,0.56
2023-10-08 23:50:00+00:00,7.44,8.0,3.79,0.58
2023-10-09 00:00:00+00:00,7.4,8.0,3.8,0.6
2023-10-09 00:10:00+00:00,7.36,8.0,3.8099999999999996,0.6
2023-10-09 00:20:00+00:00,7.32,8.0,3.82,0.6
2023-10-09 00:30:00+00:00,7.28,8.0,3.83,0.6
2023-10-09 00:40:00+00:00,7.24,8.0,3.84,0.6
2023-10-09 00:50:00+00:00,7.2,8.0,3.8499999999999996,0.6
2023-10-09 01:00:00+00:00,7.16,8.0,3.86,0.6
2023-10-09 01:10:00+00:00,7.12,8.0,3.87,0.6
2023-10-09 01:20:00+00:00,7.08,8.0,3.88,0.6
2023-10-09 01:30:00+00:00,7.04,8.0,3.8899999999999997,0.6
2023-10-09 01:40:00+00:00,7.0,8.0,3.9,0.6
2023-10-09 01:50:00+00:00,7.0,7.9,3.91,0.6
2023-10-09 02:00:00+00:00,7.0,7.8,3.92,0.6
2023-10-09 02:10:00+00:00,7.0,7.7,3.9299999999999997,0.6
2023-10-09 02:20:00+00:00,7.0,7.6,3.94,0.6
2023-10-09 02:30:00+00:00,7.0,7.5,3.95,0.6
2023-10-09 02:40:00+00:00,7.0,7.4,3.96,0.6
2023-10-09 02:50:00+00:00,7.0,7.3,3.9699999999999998,0.6
2023-10-09 03:00:00+00:00,7.0,7.2,3.98,0.6
2023-10-09 03:10:00+00:00,7.0,7.1,3.99,0.6
2023-10-09 03:20:00+00:00,7.0,7.0,4.0,0.6
2023-10-09 03:30:00+00:00,6.95,7.0,4.0,0.8799999999999999
2023-10-09 03:40:00+00:00,6.9,7.0,4.0,1.16
2023-10-09 03:50:00+00:00,6.85,7.0,4.0,1.44
2023-10-09 04:00:00+00:00,6.8,7.0,4.0,1.7199999999999998
2023-10-09 04:10:00+00:00,6.75,7.0,4.0,2.0
2023-10-09 04:20:00+00:00,6.7,7.0,4.0,2.28
2023-10-09 04:30:00+00:00,6.65,7.0,4.0,2.5599999999999996
2023-10-09 04:40:00+00:00,6.6,7.0,4.0,2.84
2023-10-09 04:50:00+00:00,6.55,7.0,4.0,3.1199999999999997
2023-10-09 05:00:00+00:00,6.5,7.0,4.0,3.4
2023-10-09 05:10:00+00:00,6.6,7.0,4.0,4.1
2023-10-09 05:20:00+00:00,6.6,7.0,4.0,4.1
2023-10-09 05:30:00+00:00,6.5,7.0,4.0,4.1
2023-10-09 05:40:00+00:00,6.5,8.0,4.0,4.1
2023-10-09 05:50:00+00:00,6.5,7.0,4.0,4.1
2023-10-09 06:00:00+00:00,6.8,7.0,4.1,4.1
2023-10-09 06:10:00+00:00,6.8,7.0,4.1,4.1
2023-10-09 06:20:00+00:00,7.0,8.0,4.1,4.1
2023-10-09 06:30:00+00:00,7.0,8.0,4.1,4.1
2023-10-09 06:40:00+00:00,7.0,7.5,4.15,4.1
2023-10-09 06:50:00+00:00,7.0,7.0,4.2,4.1
2023-10-09 07:00:00+00:00,7.3,7.0,4.3,4.1
2023-10-09 07:10:00+00:00,7.5,7.0,4.5,4.1
2023-10-09 07:20:00+00:00,7.5,8.0,4.4,4.1
2023-10-09 07:30:00+00:00,7.6,7.0,4.5,4.1
2023-10-09 07:40:00+00:00,7.8,7.0,4.3,4.1
2023-10-09 07:50:00+00:00,7.9,7.0,4.1,4.1
2023-10-09 08:00:00+00:00,8.0,7.0,4.1,4.1
2023-10-09 08:10:00+00:00,8.0,7.0,4.1,4.1
2023-10-09 08:20:00+00:00,8.1,7.0,4.0,4.1
2023-10-09 08:30:00+00:00,8.149999999999999,7.0,4.05,4.1
2023-10-09 08:40:00+00:00,8.2,7.0,4.1,4.1
2023-10-09 08:50:00+00:00,8.3,7.0,4.1,4.1
2023-10-09 09:00:00+00:00,8.6,7.0,4.1,4.1
2023-10-09 09:10:00+00:00,8.6,7.0,4.0,4.1
2023-10-09 09:20:00+00:00,8.8,7.0,3.9,4.1
2023-10-09 09:30:00+00:00,9.0,7.0,4.1,6.1
2023-10-09 09:40:00+00:00,9.2,7.0,4.4,4.1
2023-10-09 09:50:00+00:00,9.2,7.0,4.2,6.3
2023-10-09 10:00:00+00:00,9.4,7.0,4.9,6.3
2023-10-09 10:10:00+00:00,9.4,7.0,4.7,5.8
2023-10-09 10:20:00+00:00,9.45,7.0,4.45,6.05
2023-10-09 10:30:00+00:00,9.5,7.0,4.2,6.3
2023-10-09 10:40:00+00:00,9.6,6.0,4.3,6.3
2023-10-09 10:50:00+00:00,9.8,7.0,4.6,6.3
2023-10-09 11:00:00+00:00,9.8,7.0,4.5,6.3
2023-10-09 11:10:00+00:00,9.9,7.0,4.7,6.4
2023-10-09 11:20:00+00:00,10.0,7.0,5.1,6.1
2023-10-09 11:30:00+00:00,10.1,7.0,5.1,5.7
2023-10-09 11:40:00+00:00,10.1,7.0,5.2,6.2
2023-10-09 11:50:00+00:00,10.1,7.0,5.2,6.3
2023-10-09 12:00:00+00:00,10.2,7.0,5.0,6.3
2023-10-09 12:10:00+00:00,10.25,7.0,5.0,6.25
2023-10-09 12:20:00+00:00,10.3,7.0,5.0,6.2
2023-10-09 12:30:00+00:00,10.3,7.0,5.1,6.2
2023-10-09 12:40:00+00:00,10.4,6.5,4.949999999999999,6.15
2023-10-09 12:50:00+00:00,10.5,6.0,4.8,6.1
2023-10-09 13:00:00+00:00,10.5,7.0,4.7,6.1
2023-10-09 13:10:00+00:00,10.5,7.0,4.7,6.2
2023-10-09 13:20:00+00:00,10.6,6.0,4.7,6.2
2023-10-09 13:30:00+00:00,10.6,7.0,4.1,6.4
2023-10-09 13:40:00+00:00,10.6,6.0,3.8,6.0
2023-10-09 13:50:00+00:00,10.5,7.0,3.7,6.3
2023-10-09 14:00:00+00:00,10.55,7.0,3.6500000000000004,5.949999999999999
2023-10-09 14:10:00+00:00,10.6,7.0,3.6,5.6
2023-10-09 14:20:00+00:00,10.7,7.0,3.6,4.1
2023-10-09 14:30:00+00:00,10.7,7.0,3.6,4.2
2023-10-09 14:40:00+00:00,10.7,6.0,3.6,6.4
2023-10-09 14:50:00+00:00,10.8,6.0,3.7,6.3
2023-10-09 15:00:00+00:00,10.8,7.0,3.6,6.3
2023-10-09 15:10:00+00:00,10.8,7.0,3.6,6.3
2023-10-09 15:20:00+00:00,10.8,7.0,3.6,4.1
2023-10-09 15:30:00+00:00,10.9,7.0,3.5,4.1
2023-10-09 15:40:00+00:00,10.9,7.0,3.5,4.1
2023-10-09 15:50:00+00:00,10.9,7.0,3.5,4.1
2023-10-09 16:00:00+00:00,10.9,7.0,3.5,4.1
2023-10-09 16:10:00+00:00,10.8,7.0,3.6,4.1
2023-10-09 16:20:00+00:00,10.8,7.0,3.6,3.9
2023-10-09 16:30:00+00:00,10.6,6.0,3.6,2.2
2023-10-09 16:40:00+00:00,10.6,6.0,3.6,0.9
2023-10-09 16:50:00+00:00,10.5,6.1,3.6,0.87
2023-10-09 17:00:00+00:00,10.4,6.2,3.6,0.84
2023-10-09 17:10:00+00:00,10.299999999999999,6.3,3.6,0.81
2023-10-09 17:20:00+00:00,10.2,6.4,3.6,0.78
2023-10-09 17:30:00+00:00,10.1,6.5,3.6,0.75
2023-10-09 17:40:00+00:00,10.0,6.6,3.6,0.72
2023-10-09 17:50:00+00:00,9.9,6.7,3.6,0.69
2023-10-09 18:00:00+00:00,9.799999999999999,6.8,3.6,0.6599999999999999
2023-10-09 18:10:00+00:00,9.7,6.9,3.6,0.6299999999999999
2023-10-09 18:20:00+00:00,9.6,7.0,3.6,0.6
2023-10-09 18:30:00+00:00,9.553846153846154,7.0,3.6,0.6
2023-10-09 18:40:00+00:00,9.507692307692308,7.0,3.6,0.6
2023-10-09 18:50:00+00:00,9.461538461538462,7.0,3.6,0.6
2023-10-09 19:00:00+00:00,9.415384615384616,7.0,3.6,0.6
2023-10-09 19:10:00+00:00,9.36923076923077,7.0,3.6,0.6
2023-10-09 19:20:00+00:00,9.323076923076924,7.0,3.6,0.6
2023-10-09 19:30:00+00:00,9.276923076923076,7.0,3.6,0.6
2023-10-09 19:40:00+00:00,9.23076923076923,7.0,3.6,0.6
2023-10-09 19:50:00+00:00,9.184615384615384,7.0,3.6,0.6
2023-10-09 20:00:00+00:00,9.138461538461538,7.0,3.6,0.6
2023-10-09 20:10:00+00:00,9.092307692307692,7.0,3.6,0.6
2023-10-09 20:20:00+00:00,9.046153846153846,7.0,3.6,0.6
2023-10-09 20:30:00+00:00,9.0,7.0,3.6,0.6
2023-10-09 20:40:00+00:00,8.93,7.0,3.6,0.6
2023-10-09 20:50:00+00:00,8.86,7.0,3.6,0.6
2023-10-09 21:00:00+00:00,8.790000000000001,7.0,3.6,0.6
2023-10-09 21:10:00+00:00,8.72,7.0,3.6,0.6
2023-10-09 21:20:00+00:00,8.65,7.0,3.6,0.6
2023-10-09 21:30:00+00:00,8.58,7.0,3.6,0.6
2023-10-09 21:40:00+00:00,8.51,7.0,3.6,0.6
2023-10-09 21:50:00+00:00,8.440000000000001,7.0,3.6,0.6
2023-10-09 22:00:00+00:00,8.370000000000001,7.0,3.6,0.6
2023-10-09 22:10:00+00:00,8.3,7.0,3.6,0.6
2023-10-09 22:20:00+00:00,8.22,7.1,3.62,0.58
2023-10-09 22:30:00+00:00,8.14,7.2,3.64,0.5599999999999999
2023-10-09 22:40:00+00:00,8.06,7.3,3.66,0.54
2023-10-09 22:50:00+00:00,7.98,7.4,3.68,0.52
2023-10-09 23:00:00+00:00,7.9,7.5,3.7,0.5
2023-10-09 23:10:00+00:00,7.82,7.6,3.7199999999999998,0.48
2023-10-09 23:20:00+00:00,7.74,7.7,3.7399999999999998,0.45999999999999996
2023-10-09 23:30:00+00:00,7.66,7.8,3.76,0.44
2023-10-09 23:40:00+00:00,7.58,7.9,3.78,0.42000000000000004
2023-10-09 23:50:00+00:00,7.5,8.0,3.8,0.4
2023-10-10 00:00:00+00:00,7.49,8.0,3.84,0.42000000000000004
2023-10-10 00:10:00+00:00,7.48,8.0,3.88,0.44
2023-10-10 00:20:00+00:00,7.47,8.0,3.92,0.46
2023-10-10 00:30:00+00:00,7.46,8.0,3.96,0.48
2023-10-10 00:40:00+00:00,7.45,8.0,4.0,0.5
2023-10-10 00:50:00+00:00,7.44,8.0,4.04,0.52
2023-10-10 01:00:00+00:00,7.430000000000001,8.0,4.08,0.54
2023-10-10 01:10:00+00:00,7.42,8.0,4.12,0.56
2023-10-10 01:20:00+00:00,7.41,8.0,4.16,0.58
2023-10-10 01:30:00+00:00,7.4,8.0,4.2,0.6
2023-10-10 01:40:00+00:00,7.41,8.0,4.2,0.6
2023-10-10 01:50:00+00:00,7.42,8.0,4.2,0.6
2023-10-10 02:00:00+00:00,7.430000000000001,8.0,4.2,0.6
2023-10-10 02:10:00+00:00,7.44,8.0,4.2,0.6
2023-10-10 02:20:00+00:00,7.45,8.0,4.2,0.6
2023-10-10 02:30:00+00:00,7.46,8.0,4.2,0.6
2023-10-10 02:40:00+00:00,7.47,8.0,4.2,0.6
2023-10-10 02:50:00+00:00,7.48,8.0,4.2,0.6
2023-10-10 03:00:00+00:00,7.49,8.0,4.2,0.6
2023-10-10 03:10:00+00:00,7.5,8.0,4.2,0.6
2023-10-10 03:20:00+00:00,7.52,7.9,4.18,0.6599999999999999
2023-10-10 03:30:00+00:00,7.54,7.8,4.16,0.72
2023-10-10 03:40:00+00:00,7.5600000000000005,7.7,4.140000000000001,0.78
2023-10-10 03:50:00+00:00,7.58,7.6,4.12,0.84
2023-10-10 04:00:00+00:00,7.6,7.5,4.1,0.8999999999999999
2023-10-10 04:10:00+00:00,7.62,7.4,4.08,0.96
2023-10-10 04:20:00+00:00,7.640000000000001,7.3,4.0600000000000005,1.02
2023-10-10 04:30:00+00:00,7.66,7.2,4.04,1.08
2023-10-10 04:40:00+00:00,7.68,7.1,4.02,1.1400000000000001
2023-10-10 04:50:00+00:00,7.7,7.0,4.0,1.2
2023-10-10 05:00:00+00:00,7.8,7.0,4.2,4.1
2023-10-10 05:10:00+00:00,7.9,7.0,4.4,4.1
2023-10-10 05:20:00+00:00,8.0,7.0,4.3,4.1
2023-10-10 05:30:00+00:00,8.0,8.0,4.6,4.1
2023-10-10 05:40:00+00:00,8.0,7.0,4.8,4.1
2023-10-10 05:50:00+00:00,8.0,7.5,4.949999999999999,4.1
2023-10-10 06:00:00+00:00,8.0,8.0,5.1,4.1
2023-10-10 06:10:00+00:00,7.9,7.0,5.3,4.1
2023-10-10 06:20:00+00:00,8.1,7.0,5.5,4.1
2023-10-10 06:30:00+00:00,8.2,7.0,5.9,4.1
2023-10-10 06:40:00+00:00,8.3,7.0,6.1,4.1
2023-10-10 06:50:00+00:00,8.5,8.0,6.3,4.1
2023-10-10 07:00:00+00:00,8.6,7.0,6.4,4.1
2023-10-10 07:10:00+00:00,8.8,7.0,6.5,4.1
2023-10-10 07:20:00+00:00,8.8,7.0,6.4,4.1
2023-10-10 07:30:00+00:00,9.0,7.0,6.4,4.1
2023-10-10 07:40:00+00:00,9.05,7.0,6.25,4.1
2023-10-10 07:50:00+00:00,9.1,7.0,6.1,4.1
2023-10-10 08:00:00+00:00,9.1,7.0,5.8,4.1
2023-10-10 08:10:00+00:00,9.2,7.0,5.55,4.1
2023-10-10 08:20:00+00:00,9.3,7.0,5.3,4.1
2023-10-10 08:30:00+00:00,9.3,7.0,4.7,3.9
2023-10-10 08:40:00+00:00,9.3,7.0,4.4,4.1
2023-10-10 08:50:00+00:00,9.3,7.0,4.1,4.1
2023-10-10 09:00:00+00:00,9.3,7.0,4.15,4.1
2023-10-10 09:10:00+00:00,9.3,7.0,4.2,4.1
2023-10-10 09:20:00+00:00,9.4,7.0,4.1,4.1
2023-10-10 09:30:00+00:00,9.4,7.0,4.1,4.1
2023-10-10 09:40:00+00:00,9.4,7.0,4.0,4.1
2023-10-10 09:50:00+00:00,9.5,7.0,3.9,4.1
2023-10-10 10:00:00+00:00,9.5,6.0,3.9,4.1
2023-10-10 10:10:00+00:00,9.6,7.0,3.8,4.1
2023-10-10 10:20:00+00:00,9.6,7.0,3.8,4.1
2023-10-10 10:30:00+00:00,9.7,7.0,3.7,4.1
2023-10-10 10:40:00+00:00,9.8,7.0,3.7,4.1
2023-10-10 10:50:00+00:00,9.9,7.0,3.7,4.1
2023-10-10 11:00:00+00:00,10.0,7.0,3.7,4.1
2023-10-10 11:10:00+00:00,10.0,7.0,3.7,4.1
2023-10-10 11:20:00+00:00,10.0,7.0,3.7,4.1
2023-10-10 11:30:00+00:00,10.0,7.0,3.7,4.1
2023-10-10 11:40:00+00:00,10.3,7.0,3.7,4.1
2023-10-10 11:50:00+00:00,10.3,7.0,3.7,4.2
2023-10-10 12:00:00+00:00,10.45,6.5,3.7,5.15
2023-10-10 12:10:00+00:00,10.6,6.0,3.7,6.1
2023-10-10 12:20:00+00:00,10.8,7.0,3.7,6.4
2023-10-10 12:30:00+00:00,10.9,7.0,3.7,6.3
2023-10-10 12:40:00+00:00,10.95,7.0,3.7,6.3
2023-10-10 12:50:00+00:00,11.0,7.0,3.7,6.3
2023-10-10 13:00:00+00:00,11.1,7.0,3.7,6.3
2023-10-10 13:10:00+00:00,11.1,7.0,3.7,6.3
2023-10-10 13:20:00+00:00,11.0,6.0,3.7,6.4
2023-10-10 13:30:00+00:00,11.0,7.0,3.7,6.4
2023-10-10 13:40:00+00:00,11.3,6.0,3.6,6.4
2023-10-10 13:50:00+00:00,11.5,7.0,3.6,4.1
2023-10-10 14:00:00+00:00,11.15,6.5,3.55,4.1
2023-10-10 14:10:00+00:00,10.8,6.0,3.5,4.1
2023-10-10 14:20:00+00:00,10.8,7.0,3.5,4.4
2023-10-10 14:30:00+00:00,10.7,6.0,3.5,4.1
2023-10-10 14:40:00+00:00,10.7,7.0,3.5,4.1
2023-10-10 14:50:00+00:00,10.7,6.0,3.5,4.1
2023-10-10 15:00:00+00:00,10.649999999999999,6.5,3.5,4.1
2023-10-10 15:10:00+00:00,10.6,7.0,3.5,4.1
2023-10-10 15:20:00+00:00,10.5,7.0,3.5,4.3
2023-10-10 15:30:00+00:00,10.3,7.0,3.5,4.1
2023-10-10 15:40:00+00:00,10.133333333333335,6.666666666666667,3.5,4.1
2023-10-10 15:50:00+00:00,9.966666666666667,6.333333333333333,3.5,4.1
2023-10-10 16:00:00+00:00,9.8,6.0,3.5,4.1
2023-10-10 16:10:00+00:00,9.6,8.0,3.5,3.7
2023-10-10 16:20:00+00:00,9.5,7.0,3.5,2.2
2023-10-10 16:30:00+00:00,9.3,7.0,3.5,1.0
2023-10-10 16:40:00+00:00,9.2,8.0,3.5,0.7
2023-10-10 16:50:00+00:00,9.142857142857142,7.857142857142857,3.5,0.6928571428571428
2023-10-10 17:00:00+00:00,9.085714285714285,7.714285714285714,3.5,0.6857142857142857
2023-10-10 17:10:00+00:00,9.028571428571428,7.571428571428571,3.5,0.6785714285714285
2023-10-10 17:20:00+00:00,8.971428571428572,7.428571428571429,3.5,0.6714285714285714
2023-10-10 17:30:00+00:00,8.914285714285715,7.285714285714286,3.5,0.6642857142857143
2023-10-10 17:40:00+00:00,8.857142857142858,7.142857142857143,3.5,0.6571428571428571
2023-10-10 17:50:00+00:00,8.8,7.0,3.5,0.6499999999999999
2023-10-10 18:00:00+00:00,8.742857142857142,6.857142857142858,3.5,0.6428571428571428
2023-10-10 18:10:00+00:00,8.685714285714285,6.714285714285714,3.5,0.6357142857142857
2023-10-10 18:20:00+00:00,8.628571428571428,6.571428571428571,3.5,0.6285714285714286
2023-10-10 18:30:00+00:00,8.571428571428571,6.428571428571429,3.5,0.6214285714285714
2023-10-10 18:40:00+00:00,8.514285714285714,6.285714285714286,3.5,0.6142857142857143
2023-10-10 18:50:00+00:00,8.457142857142857,6.142857142857143,3.5,0.6071428571428571
2023-10-10 19:00:00+00:00,8.4,6.0,3.5,0.6
2023-10-10 19:10:00+00:00,8.395,6.1,3.505,0.6
2023-10-10 19:20:00+00:00,8.39,6.2,3.51,0.6
2023-10-10 19:30:00+00:00,8.385,6.3,3.515,0.6
2023-10-10 19:40:00+00:00,8.38,6.4,3.52,0.6
2023-10-10 19:50:00+00:00,8.375,6.5,3.525,0.6
2023-10-10 20:00:00+00:00,8.370000000000001,6.6,3.5300000000000002,0.6
2023-10-10 20:10:00+00:00,8.365,6.7,3.535,0.6
2023-10-10 20:20:00+00:00,8.360000000000001,6.8,3.54,0.6
2023-10-10 20:30:00+00:00,8.355,6.9,3.545,0.6
2023-10-10 20:40:00+00:00,8.350000000000001,7.0,3.55,0.6
2023-10-10 20:50:00+00:00,8.345,7.1,3.555,0.6
2023-10-10 21:00:00+00:00,8.34,7.2,3.56,0.6
2023-10-10 21:10:00+00:00,8.335,7.3,3.565,0.6
2023-10-10 21:20:00+00:00,8.33,7.4,3.5700000000000003,0.6
2023-10-10 21:30:00+00:00,8.325000000000001,7.5,3.575,0.6
2023-10-10 21:40:00+00:00,8.32,7.6,3.58,0.6
2023-10-10 21:50:00+00:00,8.315000000000001,7.7,3.585,0.6
2023-10-10 22:00:00+00:00,8.31,7.8,3.59,0.6
2023-10-10 22:10:00+00:00,8.305000000000001,7.9,3.595,0.6
2023-10-10 22:20:00+00:00,8.3,8.0,3.6,0.6
2023-10-10 22:30:00+00:00,8.350000000000001,7.9,3.81,0.6
2023-10-10 22:40:00+00:00,8.4,7.8,4.0200000000000005,0.6
2023-10-10 22:50:00+00:00,8.450000000000001,7.7,4.23,0.6
2023-10-10 23:00:00+00:00,8.5,7.6,4.44,0.6
2023-10-10 23:10:00+00:00,8.55,7.5,4.65,0.6
2023-10-10 23:20:00+00:00,8.600000000000001,7.4,4.86,0.6
2023-10-10 23:30:00+00:00,8.65,7.3,5.07,0.6
2023-10-10 23:40:00+00:00,8.700000000000001,7.2,5.28,0.6
2023-10-10 23:50:00+00:00,8.75,7.1,5.49,0.6
2023-10-11 00:00:00+00:00,8.8,7.0,5.7,0.6
2023-10-11 00:10:00+00:00,8.870000000000001,7.0,5.73,0.6
2023-10-11 00:20:00+00:00,8.940000000000001,7.0,5.76,0.6
2023-10-11 00:30:00+00:00,9.01,7.0,5.79,0.6
2023-10-11 00:40:00+00:00,9.08,7.0,5.82,0.6
2023-10-11 00:50:00+00:00,9.15,7.0,5.85,0.6
2023-10-11 01:00:00+00:00,9.22,7.0,5.88,0.6
2023-10-11 01:10:00+00:00,9.290000000000001,7.0,5.91,0.6
2023-10-11 01:20:00+00:00,9.36,7.0,5.94,0.6
2023-10-11 01:30:00+00:00,9.43,7.0,5.97,0.6
2023-10-11 01:40:00+00:00,9.5,7.0,6.0,0.6
2023-10-11 01:50:00+00:00,9.58,7.0,5.87,0.6
2023-10-11 02:00:00+00:00,9.66,7.0,5.74,0.6
2023-10-11 02:10:00+00:00,9.74,7.0,5.61,0.6
2023-10-11 02:20:00+00:00,9.82,7.0,5.48,0.6
2023-10-11 02:30:00+00:00,9.9,7.0,5.35,0.6
2023-10-11 02:40:00+00:00,9.98,7.0,5.220000000000001,0.6
2023-10-11 02:50:00+00:00,10.06,7.0,5.09,0.6
2023-10-11 03:00:00+00:00,10.14,7.0,4.96,0.6
2023-10-11 03:10:00+00:00,10.22,7.0,4.83,0.6
2023-10-11 03:20:00+00:00,10.3,7.0,4.7,0.6
2023-10-11 03:30:00+00:00,10.38,7.0,4.71,0.63
2023-10-11 03:40:00+00:00,10.46,7.0,4.72,0.66
2023-10-11 03:50:00+00:00,10.540000000000001,7.0,4.73,0.69
2023-10-11 04:00:00+00:00,10.620000000000001,7.0,4.74,0.72
2023-10-11 04:10:00+00:00,10.7,7.0,4.75,0.75
2023-10-11 04:20:00+00:00,10.78,7.0,4.76,0.78
2023-10-11 04:30:00+00:00,10.86,7.0,4.77,0.81
2023-10-11 04:40:00+00:00,10.94,7.0,4.78,0.8400000000000001
2023-10-11 04:50:00+00:00,11.02,7.0,4.79,0.8700000000000001
2023-10-11 05:00:00+00:00,11.1,7.0,4.8,0.9
2023-10-11 05:10:00+00:00,11.17,7.0,4.85,1.22
2023-10-11 05:20:00+00:00,11.24,7.0,4.8999999999999995,1.54
2023-10-11 05:30:00+00:00,11.31,7.0,4.95,1.8599999999999999
2023-10-11 05:40:00+00:00,11.38,7.0,5.0,2.1799999999999997
2023-10-11 05:50:00+00:00,11.45,7.0,5.05,2.4999999999999996
2023-10-11 06:00:00+00:00,11.52,7.0,5.1,2.82
2023-10-11 06:10:00+00:00,11.59,7.0,5.1499999999999995,3.1399999999999997
2023-10-11 06:20:00+00:00,11.66,7.0,5.2,3.4599999999999995
2023-10-11 06:30:00+00:00,11.73,7.0,5.25,3.7799999999999994
2023-10-11 06:40:00+00:00,11.8,7.0,5.3,4.1
2023-10-11 06:50:00+00:00,12.2,7.0,5.6,3.9
2023-10-11 07:00:00+00:00,12.3,6.0,5.6,4.1
2023-10-11 07:10:00+00:00,12.4,7.0,5.8,4.1
2023-10-11 07:20:00+00:00,12.5,7.0,5.8,4.1
2023-10-11 07:30:00+00:00,12.6,7.0,5.9,4.1
2023-10-11 07:40:00+00:00,12.8,6.0,5.9,4.1
2023-10-11 07:50:00+00:00,13.0,6.0,6.0,4.1
2023-10-11 08:00:00+00:00,13.1,6.0,6.1,4.1
2023-10-11 08:10:00+00:00,13.3,7.0,6.2,4.1
2023-10-11 08:20:00+00:00,13.4,7.0,6.25,4.1
2023-10-11 08:30:00+00:00,13.5,7.0,6.3,4.1
2023-10-11 08:40:00+00:00,13.8,7.0,6.3,4.1
2023-10-11 08:50:00+00:00,13.7,7.0,6.4,4.1
2023-10-11 09:00:00+00:00,13.8,6.0,6.4,4.2
2023-10-11 09:10:00+00:00,14.1,7.0,6.5,4.1
2023-10-11 09:20:00+00:00,14.2,6.0,6.5,4.1
2023-10-11 09:30:00+00:00,14.4,6.0,6.5,4.1
2023-10-11 09:40:00+00:00,14.6,6.0,6.5,4.1
2023-10-11 09:50:00+00:00,14.6,6.0,6.4,3.9
2023-10-11 10:00:00+00:00,14.8,7.0,6.3,4.1
2023-10-11 10:10:00+00:00,14.850000000000001,6.5,6.199999999999999,4.1
2023-10-11 10:20:00+00:00,14.9,6.0,6.1,4.1
2023-10-11 10:30:00+00:00,15.1,7.0,6.1,4.1
2023-10-11 10:40:00+00:00,15.0,7.0,5.9,4.1
2023-10-11 10:50:00+00:00,15.0,6.0,5.9,4.1
2023-10-11 11:00:00+00:00,15.3,7.0,5.8,4.1
2023-10-11 11:10:00+00:00,15.2,6.0,5.7,4.1
2023-10-11 11:20:00+00:00,15.3,7.0,5.5,4.1
2023-10-11 11:30:00+00:00,15.5,6.0,5.4,4.1
2023-10-11 11:40:00+00:00,15.5,7.0,5.3,4.1
2023-10-11 11:50:00+00:00,15.4,6.0,5.4,6.3
2023-10-11 12:00:00+00:00,15.7,6.0,5.4,6.3
2023-10-11 12:10:00+00:00,16.0,6.0,5.4,6.3
2023-10-11 12:20:00+00:00,16.3,6.0,5.3,6.2
2023-10-11 12:30:00+00:00,16.1,6.0,5.0,6.2
2023-10-11 12:40:00+00:00,16.4,6.0,5.1,6.1
2023-10-11 12:50:00+00:00,16.3,6.0,5.1,6.3
2023-10-11 13:00:00+00:00,16.6,7.0,4.9,6.3
2023-10-11 13:10:00+00:00,16.8,6.0,4.6,6.1
2023-10-11 13:20:00+00:00,16.5,6.0,4.4,6.2
2023-10-11 13:30:00+00:00,16.5,6.0,4.5,6.4
2023-10-11 13:40:00+00:00,17.0,6.0,4.5,6.3
2023-10-11 13:50:00+00:00,17.0,6.0,4.4,6.3
2023-10-11 14:00:00+00:00,17.0,6.0,4.3,6.3
2023-10-11 14:10:00+00:00,16.9,6.0,4.1,5.7
2023-10-11 14:20:00+00:00,16.7,6.0,4.0,6.0
2023-10-11 14:30:00+00:00,16.5,7.0,3.8,4.2
2023-10-11 14:40:00+00:00,16.3,7.0,3.8,4.1
2023-10-11 14:50:00+00:00,16.1,5.0,3.8,4.1
2023-10-11 15:00:00+00:00,16.1,7.0,3.8,4.1
2023-10-11 15:10:00+00:00,16.0,7.0,3.8,4.1
2023-10-11 15:20:00+00:00,16.1,6.0,3.8,4.2
2023-10-11 15:30:00+00:00,16.0,6.0,3.8,5.4
2023-10-11 15:40:00+00:00,15.9,6.0,3.75,4.9
2023-10-11 15:50:00+00:00,15.8,6.0,3.7,4.4
2023-10-11 16:00:00+00:00,15.7,6.0,3.8,4.0
2023-10-11 16:10:00+00:00,15.6,7.0,3.8,3.1
2023-10-11 16:20:00+00:00,15.6,7.0,3.8,1.3
2023-10-11 16:30:00+00:00,15.6,6.0,3.8,0.7
2023-10-11 16:40:00+00:00,15.57,6.1,3.8,0.6699999999999999
2023-10-11 16:50:00+00:00,15.54,6.2,3.8,0.64
2023-10-11 17:00:00+00:00,15.51,6.3,3.8,0.61
2023-10-11 17:10:00+00:00,15.48,6.4,3.8,0.58
2023-10-11 17:20:00+00:00,15.45,6.5,3.8,0.55
2023-10-11 17:30:00+00:00,15.42,6.6,3.8,0.52
2023-10-11 17:40:00+00:00,15.39,6.7,3.8,0.49
2023-10-11 17:50:00+00:00,15.360000000000001,6.8,3.8,0.46
2023-10-11 18:00:00+00:00,15.33,6.9,3.8,0.43000000000000005
2023-10-11 18:10:00+00:00,15.3,7.0,3.8,0.4
2023-10-11 18:20:00+00:00,15.280000000000001,7.0,3.8099999999999996,0.42000000000000004
2023-10-11 18:30:00+00:00,15.26,7.0,3.82,0.44
2023-10-11 18:40:00+00:00,15.24,7.0,3.83,0.46
2023-10-11 18:50:00+00:00,15.22,7.0,3.84,0.48
2023-10-11 19:00:00+00:00,15.2,7.0,3.8499999999999996,0.5
2023-10-11 19:10:00+00:00,15.18,7.0,3.86,0.52
2023-10-11 19:20:00+00:00,15.16,7.0,3.87,0.54
2023-10-11 19:30:00+00:00,15.14,7.0,3.88,0.56
2023-10-11 19:40:00+00:00,15.12,7.0,3.8899999999999997,0.58
2023-10-11 19:50:00+00:00,15.1,7.0,3.9,0.6
2023-10-11 20:00:00+00:00,15.115384615384615,6.923076923076923,3.9,0.6
2023-10-11 20:10:00+00:00,15.13076923076923,6.846153846153846,3.9,0.6
2023-10-11 20:20:00+00:00,15.146153846153846,6.769230769230769,3.9,0.6
2023-10-11 20:30:00+00:00,15.161538461538461,6.6923076923076925,3.9,0.6
2023-10-11 20:40:00+00:00,15.176923076923076,6.615384615384615,3.9,0.6
2023-10-11 20:50:00+00:00,15.192307692307692,6.538461538461538,3.9,0.6
2023-10-11 21:00:00+00:00,15.207692307692309,6.461538461538462,3.9,0.6
2023-10-11 21:10:00+00:00,15.223076923076924,6.384615384615385,3.9,0.6
2023-10-11 21:20:00+00:00,15.23846153846154,6.3076923076923075,3.9,0.6
2023-10-11 21:30:00+00:00,15.253846153846155,6.230769230769231,3.9,0.6
2023-10-11 21:40:00+00:00,15.26923076923077,6.153846153846153,3.9,0.6
2023-10-11 21:50:00+00:00,15.284615384615385,6.076923076923077,3.9,0.6
2023-10-11 22:00:00+00:00,15.3,6.0,3.9,0.6
2023-10-11 22:10:00+00:00,15.270000000000001,6.0,3.92,0.6
2023-10-11 22:20:00+00:00,15.24,6.0,3.94,0.6
2023-10-11 22:30:00+00:00,15.21,6.0,3.96,0.6
2023-10-11 22:40:00+00:00,15.18,6.0,3.98,0.6
2023-10-11 22:50:00+00:00,15.15,6.0,4.0,0.6
2023-10-11 23:00:00+00:00,15.120000000000001,6.0,4.02,0.6
2023-10-11 23:10:00+00:00,15.09,6.0,4.04,0.6
2023-10-11 23:20:00+00:00,15.06,6.0,4.06,0.6
2023-10-11 23:30:00+00:00,15.03,6.0,4.08,0.6
2023-10-11 23:40:00+00:00,15.0,6.0,4.1,0.6
2023-10-11 23:50:00+00:00,14.95,6.0,4.199999999999999,0.6
2023-10-12 00:00:00+00:00,14.9,6.0,4.3,0.6
2023-10-12 00:10:00+00:00,14.85,6.0,4.3999999999999995,0.6
2023-10-12 00:20:00+00:00,14.8,6.0,4.5,0.6
2023-10-12 00:30:00+00:00,14.75,6.0,4.6,0.6
2023-10-12 00:40:00+00:00,14.7,6.0,4.699999999999999,0.6
2023-10-12 00:50:00+00:00,14.65,6.0,4.8,0.6
2023-10-12 01:00:00+00:00,14.6,6.0,4.8999999999999995,0.6
2023-10-12 01:10:00+00:00,14.55,6.0,5.0,0.6
2023-10-12 01:20:00+00:00,14.5,6.0,5.1,0.6
2023-10-12 01:30:00+00:00,14.47,6.1,5.26,0.58
2023-10-12 01:40:00+00:00,14.44,6.2,5.42,0.5599999999999999
2023-10-12 01:50:00+00:00,14.41,6.3,5.58,0.54
2023-10-12 02:00:00+00:00,14.379999999999999,6.4,5.74,0.52
2023-10-12 02:10:00+00:00,14.35,6.5,5.9,0.5
2023-10-12 02:20:00+00:00,14.32,6.6,6.0600000000000005,0.48
2023-10-12 02:30:00+00:00,14.29,6.7,6.22,0.45999999999999996
2023-10-12 02:40:00+00:00,14.26,6.8,6.38,0.44
2023-10-12 02:50:00+00:00,14.229999999999999,6.9,6.54,0.42000000000000004
2023-10-12 03:00:00+00:00,14.2,7.0,6.7,0.4
2023-10-12 03:10:00+00:00,14.17,6.9,6.62,0.42000000000000004
2023-10-12 03:20:00+00:00,14.139999999999999,6.8,6.54,0.44
2023-10-12 03:30:00+00:00,14.11,6.7,6.46,0.46
2023-10-12 03:40:00+00:00,14.08,6.6,6.38,0.48
2023-10-12 03:50:00+00:00,14.05,6.5,6.300000000000001,0.5
2023-10-12 04:00:00+00:00,14.02,6.4,6.220000000000001,0.52
2023-10-12 04:10:00+00:00,13.99,6.3,6.140000000000001,0.54
2023-10-12 04:20:00+00:00,13.96,6.2,6.0600000000000005,0.56
2023-10-12 04:30:00+00:00,13.93,6.1,5.98,0.58
2023-10-12 04:40:00+00:00,13.9,6.0,5.9,0.6
2023-10-12 04:50:00+00:00,13.870000000000001,6.1,5.83,0.95
2023-10-12 05:00:00+00:00,13.84,6.2,5.760000000000001,1.2999999999999998
2023-10-12 05:10:00+00:00,13.81,6.3,5.69,1.65
2023-10-12 05:20:00+00:00,13.78,6.4,5.62,2.0
2023-10-12 05:30:00+00:00,13.75,6.5,5.550000000000001,2.35
2023-10-12 05:40:00+00:00,13.72,6.6,5.48,2.6999999999999997
2023-10-12 05:50:00+00:00,13.69,6.7,5.41,3.05
2023-10-12 06:00:00+00:00,13.66,6.8,5.34,3.4
2023-10-12 06:10:00+00:00,13.629999999999999,6.9,5.2700000000000005,3.75
2023-10-12 06:20:00+00:00,13.6,7.0,5.2,4.1
2023-10-12 06:30:00+00:00,13.5,6.0,5.1,4.1
2023-10-12 06:40:00+00:00,13.3,6.0,5.0,4.1
2023-10-12 06:50:00+00:00,13.3,7.0,5.0,4.1
2023-10-12 07:00:00+00:00,13.1,7.0,4.9,4.1
2023-10-12 07:10:00+00:00,13.1,7.0,5.0,4.1
2023-10-12 07:20:00+00:00,13.05,6.5,4.95,4.1
2023-10-12 07:30:00+00:00,13.0,6.0,4.9,4.1
2023-10-12 07:40:00+00:00,13.0,7.0,5.0,4.1
2023-10-12 07:50:00+00:00,13.0,6.0,5.2,4.1
2023-10-12 08:00:00+00:00,13.0,6.0,5.0,4.1
2023-10-12 08:10:00+00:00,13.0,6.0,5.1,4.1
2023-10-12 08:20:00+00:00,13.0,6.0,5.2,4.1
2023-10-12 08:30:00+00:00,13.05,6.5,5.15,4.1
2023-10-12 08:40:00+00:00,13.1,7.0,5.1,4.1
2023-10-12 08:50:00+00:00,13.1,6.0,5.5,4.1
2023-10-12 09:00:00+00:00,13.1,6.5,5.55,4.1
2023-10-12 09:10:00+00:00,13.0,6.75,5.625,4.1
2023-10-12 09:20:00+00:00,12.9,7.0,5.7,4.1
2023-10-12 09:30:00+00:00,12.9,7.0,5.8,4.1
2023-10-12 09:40:00+00:00,12.9,7.0,5.9,4.2
2023-10-12 09:50:00+00:00,13.0,6.0,6.1,4.1
2023-10-12 10:00:00+00:00,13.0,7.0,6.2,4.1
2023-10-12 10:10:00+00:00,13.0,7.0,6.3,4.1
2023-10-12 10:20:00+00:00,13.3,7.0,6.5,4.1
2023-10-12 10:30:00+00:00,13.3,6.0,6.5,4.1
2023-10-12 10:40:00+00:00,13.2,7.0,6.5,4.1
2023-10-12 10:50:00+00:00,13.1,6.0,6.5,4.1
2023-10-12 11:00:00+00:00,13.05,6.5,6.5,4.1
2023-10-12 11:10:00+00:00,13.0,7.0,6.5,4.1
2023-10-12 11:20:00+00:00,13.0,6.0,6.5,4.1
2023-10-12 11:30:00+00:00,13.0,7.0,6.5,4.1
2023-10-12 11:40:00+00:00,13.0,7.0,6.6,6.3
2023-10-12 11:50:00+00:00,13.1,6.0,6.5,5.7
2023-10-12 12:00:00+00:00,13.0,7.0,6.5,4.1
2023-10-12 12:10:00+00:00,12.8,6.0,6.5,4.1
2023-10-12 12:20:00+00:00,12.8,7.0,6.4,4.1
2023-10-12 12:30:00+00:00,12.8,6.666666666666667,6.4,4.1
2023-10-12 12:40:00+00:00,12.8,6.333333333333333,6.4,4.1
2023-10-12 12:50:00+00:00,12.8,6.0,6.4,4.1
2023-10-12 13:00:00+00:00,12.6,7.0,6.4,6.5
2023-10-12 13:10:00+00:00,13.0,7.0,6.5,4.1
2023-10-12 13:20:00+00:00,13.1,6.0,6.5,6.5
2023-10-12 13:30:00+00:00,13.0,7.0,6.2,4.1
2023-10-12 13:40:00+00:00,12.8,6.0,6.2,4.1
2023-10-12 13:50:00+00:00,12.9,6.5,6.25,5.25
2023-10-12 14:00:00+00:00,13.0,7.0,6.3,6.4
2023-10-12 14:10:00+00:00,12.9,6.0,6.2,4.1
2023-10-12 14:20:00+00:00,12.75,6.5,6.0,5.3
2023-10-12 14:30:00+00:00,12.625,6.75,5.9,5.9
2023-10-12 14:40:00+00:00,12.5,7.0,5.8,6.5
2023-10-12 14:50:00+00:00,12.45,7.0,5.949999999999999,5.3
2023-10-12 15:00:00+00:00,12.4,7.0,6.1,4.1
2023-10-12 15:10:00+00:00,12.1,6.0,6.0,6.0
2023-10-12 15:20:00+00:00,12.0,6.5,5.95,5.25
2023-10-12 15:30:00+00:00,11.9,7.0,5.9,4.5
2023-10-12 15:40:00+00:00,11.8,6.0,5.9,4.4
2023-10-12 15:50:00+00:00,11.6,7.0,5.9,4.0
2023-10-12 16:00:00+00:00,11.6,7.0,6.0,4.1
2023-10-12 16:10:00+00:00,11.5,7.0,6.1,3.5
2023-10-12 16:20:00+00:00,11.5,6.5,6.15,2.6
2023-10-12 16:30:00+00:00,11.5,6.0,6.2,1.7
2023-10-12 16:40:00+00:00,11.5,7.0,6.3,0.8
2023-10-12 16:50:00+00:00,11.51,7.0,6.12,0.78
2023-10-12 17:00:00+00:00,11.52,7.0,5.9399999999999995,0.76
2023-10-12 17:10:00+00:00,11.53,7.0,5.76,0.74
2023-10-12 17:20:00+00:00,11.54,7.0,5.58,0.72
2023-10-12 17:30:00+00:00,11.55,7.0,5.4,0.7
2023-10-12 17:40:00+00:00,11.56,7.0,5.22,0.6799999999999999
2023-10-12 17:50:00+00:00,11.57,7.0,5.04,0.66
2023-10-12 18:00:00+00:00,11.58,7.0,4.859999999999999,0.64
2023-10-12 18:10:00+00:00,11.59,7.0,4.68,0.62
2023-10-12 18:20:00+00:00,11.6,7.0,4.5,0.6
2023-10-12 18:30:00+00:00,11.55813953488372,7.0,4.4837209302325585,0.5953488372093023
2023-10-12 18:40:00+00:00,11.516279069767442,7.0,4.467441860465116,0.5906976744186047
2023-10-12 18:50:00+00:00,11.474418604651163,7.0,4.4511627906976745,0.586046511627907
2023-10-12 19:00:00+00:00,11.432558139534883,7.0,4.434883720930233,0.5813953488372093
2023-10-12 19:10:00+00:00,11.390697674418604,7.0,4.4186046511627906,0.5767441860465116
2023-10-12 19:20:00+00:00,11.348837209302326,7.0,4.402325581395349,0.5720930232558139
2023-10-12 19:30:00+00:00,11.306976744186047,7.0,4.386046511627907,0.5674418604651162
2023-10-12 19:40:00+00:00,11.265116279069767,7.0,4.369767441860465,0.5627906976744186
2023-10-12 19:50:00+00:00,11.223255813953488,7.0,4.3534883720930235,0.5581395348837209
2023-10-12 20:00:00+00:00,11.18139534883721,7.0,4.337209302325581,0.5534883720930233
2023-10-12 20:10:00+00:00,11.13953488372093,7.0,4.32093023255814,0.5488372093023256
2023-10-12 20:20:00+00:00,11.097674418604651,7.0,4.304651162790698,0.5441860465116279
2023-10-12 20:30:00+00:00,11.055813953488371,7.0,4.288372093023256,0.5395348837209302
2023-10-12 20:40:00+00:00,11.013953488372094,7.0,4.272093023255814,0.5348837209302325
2023-10-12 20:50:00+00:00,10.972093023255814,7.0,4.255813953488372,0.5302325581395348
2023-10-12 21:00:00+00:00,10.930232558139535,7.0,4.23953488372093,0.5255813953488372
2023-10-12 21:10:00+00:00,10.888372093023255,7.0,4.223255813953489,0.5209302325581395
2023-10-12 21:20:00+00:00,10.846511627906978,7.0,4.206976744186046,0.5162790697674419
2023-10-12 21:30:00+00:00,10.804651162790698,7.0,4.190697674418605,0.5116279069767442
2023-10-12 21:40:00+00:00,10.762790697674419,7.0,4.174418604651163,0.5069767441860465
2023-10-12 21:50:00+00:00,10.720930232558139,7.0,4.158139534883721,0.5023255813953489
2023-10-12 22:00:00+00:00,10.679069767441861,7.0,4.141860465116279,0.49767441860465117
2023-10-12 22:10:00+00:00,10.637209302325582,7.0,4.125581395348837,0.49302325581395345
2023-10-12 22:20:00+00:00,10.595348837209302,7.0,4.109302325581395,0.4883720930232558
2023-10-12 22:30:00+00:00,,,,
2023-10-12 22:40:00+00:00,,,,
2023-10-12 22:50:00+00:00,,,,
2023-10-12 23:00:00+00:00,,,,
2023-10-12 23:10:00+00:00,,,,
2023-10-12 23:20:00+00:00,,,,
2023-10-12 23:30:00+00:00,,,,
2023-10-12 23:40:00+00:00,,,,
2023-10-12 23:50:00+00:00,,,,
2023-10-13 00:00:00+00:00,,,,
2023-10-13 00:10:00+00:00,,,,
2023-10-13 00:20:00+00:00,,,,
2023-10-13 00:30:00+00:00,,,,
2023-10-13 00:40:00+00:00,,,,
2023-10-13 00:50:00+00:00,,,,
2023-10-13 01:00:00+00:00,,,,
2023-10-13 01:10:00+00:00,,,,
2023-10-13 01:20:00+00:00,,,,
2023-10-13 01:30:00+00:00,9.8,7.0,3.8,0.4
2023-10-13 01:40:00+00:00,9.74,7.0,3.79,0.42000000000000004
2023-10-13 01:50:00+00:00,9.68,7.0,3.78,0.44
2023-10-13 02:00:00+00:00,9.620000000000001,7.0,3.77,0.46
2023-10-13 02:10:00+00:00,9.56,7.0,3.76,0.48
2023-10-13 02:20:00+00:00,9.5,7.0,3.75,0.5
2023-10-13 02:30:00+00:00,9.44,7.0,3.74,0.52
2023-10-13 02:40:00+00:00,9.379999999999999,7.0,3.73,0.54
2023-10-13 02:50:00+00:00,9.32,7.0,3.72,0.56
2023-10-13 03:00:00+00:00,9.26,7.0,3.71,0.58
2023-10-13 03:10:00+00:00,9.2,7.0,3.7,0.6
2023-10-13 03:20:00+00:00,9.204761904761904,7.0,3.6904761904761907,0.7666666666666666
2023-10-13 03:30:00+00:00,9.209523809523809,7.0,3.680952380952381,0.9333333333333333
2023-10-13 03:40:00+00:00,9.214285714285714,7.0,3.6714285714285717,1.1
2023-10-13 03:50:00+00:00,9.219047619047618,7.0,3.661904761904762,1.2666666666666666
2023-10-13 04:00:00+00:00,9.223809523809523,7.0,3.6523809523809527,1.4333333333333331
2023-10-13 04:10:00+00:00,9.228571428571428,7.0,3.642857142857143,1.6
2023-10-13 04:20:00+00:00,9.233333333333333,7.0,3.6333333333333333,1.7666666666666666
2023-10-13 04:30:00+00:00,9.238095238095237,7.0,3.623809523809524,1.9333333333333331
2023-10-13 04:40:00+00:00,9.242857142857142,7.0,3.6142857142857143,2.1
2023-10-13 04:50:00+00:00,9.247619047619047,7.0,3.604761904761905,2.2666666666666666
2023-10-13 05:00:00+00:00,9.252380952380953,7.0,3.5952380952380953,2.433333333333333
2023-10-13 05:10:00+00:00,9.257142857142858,7.0,3.585714285714286,2.6
2023-10-13 05:20:00+00:00,9.261904761904763,7.0,3.5761904761904764,2.7666666666666666
2023-10-13 05:30:00+00:00,9.266666666666667,7.0,3.566666666666667,2.933333333333333
2023-10-13 05:40:00+00:00,9.271428571428572,7.0,3.5571428571428574,3.1
2023-10-13 05:50:00+00:00,9.276190476190477,7.0,3.5476190476190474,3.2666666666666666
2023-10-13 06:00:00+00:00,9.280952380952382,7.0,3.538095238095238,3.433333333333333
2023-10-13 06:10:00+00:00,9.285714285714286,7.0,3.5285714285714285,3.6
2023-10-13 06:20:00+00:00,9.290476190476191,7.0,3.519047619047619,3.7666666666666666
2023-10-13 06:30:00+00:00,9.295238095238096,7.0,3.5095238095238095,3.933333333333333
2023-10-13 06:40:00+00:00,9.3,7.0,3.5,4.1
2023-10-13 06:50:00+00:00,9.4,7.0,3.5,4.1
2023-10-13 07:00:00+00:00,9.7,7.0,3.5,4.1
2023-10-13 07:10:00+00:00,10.0,7.0,3.5,4.1
2023-10-13 07:20:00+00:00,10.3,7.0,3.6,4.1
2023-10-13 07:30:00+00:00,10.5,7.0,3.7,4.1
2023-10-13 07:40:00+00:00,10.6,7.0,3.7,4.1
2023-10-13 07:50:00+00:00,10.4,7.0,3.7,4.1
2023-10-13 08:00:00+00:00,10.45,7.0,3.75,4.1
2023-10-13 08:10:00+00:00,10.5,7.0,3.8,4.1
2023-10-13 08:20:00+00:00,10.6,7.0,3.9,4.1
2023-10-13 08:30:00+00:00,10.6,7.0,3.8,4.1
2023-10-13 08:40:00+00:00,10.8,7.0,3.7,4.1
2023-10-13 08:50:00+00:00,10.6,7.0,3.6,4.1
2023-10-13 09:00:00+00:00,10.8,7.0,3.5,4.1
2023-10-13 09:10:00+00:00,10.8,7.0,3.5,4.1
2023-10-13 09:20:00+00:00,10.9,7.0,3.5,4.1
2023-10-13 09:30:00+00:00,10.8,6.0,3.4,4.1
2023-10-13 09:40:00+00:00,10.9,6.333333333333333,3.4,4.1
2023-10-13 09:50:00+00:00,11.0,6.666666666666667,3.4,4.1
2023-10-13 10:00:00+00:00,11.1,7.0,3.4,4.1
2023-10-13 10:10:00+00:00,11.0,6.0,3.5,4.1
2023-10-13 10:20:00+00:00,11.0,6.0,3.5,4.1
2023-10-13 10:30:00+00:00,11.0,7.0,3.6,4.1
2023-10-13 10:40:00+00:00,11.1,7.0,3.7,4.1
2023-10-13 10:50:00+00:00,11.1,6.0,4.0,4.1
2023-10-13 11:00:00+00:00,11.1,7.0,4.2,4.1
2023-10-13 11:10:00+00:00,11.3,6.0,4.7,4.1
2023-10-13 11:20:00+00:00,11.4,7.0,5.1,4.1
2023-10-13 11:30:00+00:00,11.6,7.0,5.5,4.1
2023-10-13 11:40:00+00:00,11.55,7.0,5.6,4.1
2023-10-13 11:50:00+00:00,11.5,7.0,5.7,4.1
2023-10-13 12:00:00+00:00,11.5,7.0,5.8,4.1
2023-10-13 12:10:00+00:00,11.9,7.0,6.0,4.1
2023-10-13 12:20:00+00:00,12.1,7.0,6.1,4.2
2023-10-13 12:30:00+00:00,12.0,7.0,6.1,4.1
2023-10-13 12:40:00+00:00,12.3,7.0,6.1,4.1
2023-10-13 12:50:00+00:00,12.7,7.0,6.1,3.9
2023-10-13 13:00:00+00:00,12.7,6.0,6.1,4.1
2023-10-13 13:10:00+00:00,13.0,7.0,6.2,4.1
2023-10-13 13:20:00+00:00,13.1,6.0,6.1,4.1
2023-10-13 13:30:00+00:00,13.1,6.0,6.1,4.1
2023-10-13 13:40:00+00:00,13.1,6.0,6.1,4.1
2023-10-13 13:50:00+00:00,13.1,6.0,6.1,4.1
2023-10-13 14:00:00+00:00,13.1,6.0,6.1,4.1
2023-10-13 14:10:00+00:00,13.2,7.0,6.0,4.1
2023-10-13 14:20:00+00:00,13.1,7.0,5.9,4.1
2023-10-13 14:30:00+00:00,13.2,6.0,5.9,4.1
2023-10-13 14:40:00+00:00,13.2,6.0,5.9,4.1
2023-10-13 14:50:00+00:00,13.2,7.0,5.9,4.1
2023-10-13 15:00:00+00:00,13.4,7.0,5.8,4.1
2023-10-13 15:10:00+00:00,13.5,6.0,5.8,4.1
2023-10-13 15:20:00+00:00,13.6,6.5,5.75,4.1
2023-10-13 15:30:00+00:00,13.7,7.0,5.7,4.1
2023-10-13 15:40:00+00:00,13.8,6.0,5.7,4.1
2023-10-13 15:50:00+00:00,14.0,7.0,5.7,3.9
2023-10-13 16:00:00+00:00,14.3,7.0,5.7,3.9
2023-10-13 16:10:00+00:00,14.4,7.0,5.7,2.0
2023-10-13 16:20:00+00:00,14.5,7.0,5.8,0.9
2023-10-13 16:30:00+00:00,14.561538461538461,7.0,5.823076923076923,0.8769230769230769
2023-10-13 16:40:00+00:00,14.623076923076923,7.0,5.846153846153846,0.8538461538461538
2023-10-13 16:50:00+00:00,14.684615384615384,7.0,5.869230769230769,0.8307692307692308
2023-10-13 17:00:00+00:00,14.746153846153847,7.0,5.892307692307692,0.8076923076923077
2023-10-13 17:10:00+00:00,14.807692307692308,7.0,5.915384615384615,0.7846153846153846
2023-10-13 17:20:00+00:00,14.86923076923077,7.0,5.938461538461538,0.7615384615384615
2023-10-13 17:30:00+00:00,14.930769230769231,7.0,5.961538461538462,0.7384615384615385
2023-10-13 17:40:00+00:00,14.992307692307692,7.0,5.984615384615385,0.7153846153846154
2023-10-13 17:50:00+00:00,15.053846153846154,7.0,6.007692307692308,0.6923076923076923
2023-10-13 18:00:00+00:00,15.115384615384617,7.0,6.030769230769231,0.6692307692307692
2023-10-13 18:10:00+00:00,15.176923076923078,7.0,6.053846153846154,0.6461538461538461
2023-10-13 18:20:00+00:00,15.23846153846154,7.0,6.076923076923077,0.6230769230769231
2023-10-13 18:30:00+00:00,15.3,7.0,6.1,0.6
2023-10-13 18:40:00+00:00,15.350000000000001,7.0,6.13,0.6
2023-10-13 18:50:00+00:00,15.4,7.0,6.16,0.6
2023-10-13 19:00:00+00:00,15.450000000000001,7.0,6.1899999999999995,0.6
2023-10-13 19:10:00+00:00,15.5,7.0,6.22,0.6
2023-10-13 19:20:00+00:00,15.55,7.0,6.25,0.6
2023-10-13 19:30:00+00:00,15.600000000000001,7.0,6.28,0.6
2023-10-13 19:40:00+00:00,15.65,7.0,6.3100000000000005,0.6
2023-10-13 19:50:00+00:00,15.700000000000001,7.0,6.34,0.6
2023-10-13 20:00:00+00:00,15.75,7.0,6.37,0.6
2023-10-13 20:10:00+00:00,15.8,7.0,6.4,0.6
2023-10-13 20:20:00+00:00,15.8,7.0,6.4,0.6
2023-10-13 20:30:00+00:00,15.8,7.0,6.4,0.6
2023-10-13 20:40:00+00:00,15.8,7.0,6.4,0.6
2023-10-13 20:50:00+00:00,15.8,7.0,6.4,0.6
2023-10-13 21:00:00+00:00,15.8,7.0,6.4,0.6
2023-10-13 21:10:00+00:00,15.8,7.0,6.4,0.6
2023-10-13 21:20:00+00:00,15.8,7.0,6.4,0.6
2023-10-13 21:30:00+00:00,15.8,7.0,6.4,0.6
2023-10-13 21:40:00+00:00,15.8,7.0,6.4,0.6
2023-10-13 21:50:00+00:00,15.8,7.0,6.4,0.6
2023-10-13 22:00:00+00:00,15.82,6.9,6.32,0.6
2023-10-13 22:10:00+00:00,15.84,6.8,6.24,0.6
2023-10-13 22:20:00+00:00,15.860000000000001,6.7,6.16,0.6
2023-10-13 22:30:00+00:00,15.88,6.6,6.08,0.6
2023-10-13 22:40:00+00:00,15.9,6.5,6.0,0.6
2023-10-13 22:50:00+00:00,15.92,6.4,5.92,0.6
2023-10-13 23:00:00+00:00,15.94,6.3,5.84,0.6
2023-10-13 23:10:00+00:00,15.96,6.2,5.76,0.6
2023-10-13 23:20:00+00:00,15.98,6.1,5.68,0.6
2023-10-13 23:30:00+00:00,16.0,6.0,5.6,0.6
2023-10-13 23:40:00+00:00,16.0,6.1,5.569999999999999,0.6
2023-10-13 23:50:00+00:00,16.0,6.2,5.54,0.6
2023-10-14 00:00:00+00:00,16.0,6.3,5.51,0.6
2023-10-14 00:10:00+00:00,16.0,6.4,5.4799999999999995,0.6
2023-10-14 00:20:00+00:00,16.0,6.5,5.449999999999999,0.6
2023-10-14 00:30:00+00:00,16.0,6.6,5.42,0.6
2023-10-14 00:40:00+00:00,16.0,6.7,5.39,0.6
2023-10-14 00:50:00+00:00,16.0,6.8,5.359999999999999,0.6
2023-10-14 01:00:00+00:00,16.0,6.9,5.33,0.6
2023-10-14 01:10:00+00:00,16.0,7.0,5.3,0.6
2023-10-14 01:20:00+00:00,15.95,6.9,5.34,0.6
2023-10-14 01:30:00+00:00,15.9,6.8,5.38,0.6
2023-10-14 01:40:00+00:00,15.85,6.7,5.42,0.6
2023-10-14 01:50:00+00:00,15.8,6.6,5.46,0.6
2023-10-14 02:00:00+00:00,15.75,6.5,5.5,0.6
2023-10-14 02:10:00+00:00,15.7,6.4,5.54,0.6
2023-10-14 02:20:00+00:00,15.65,6.3,5.58,0.6
2023-10-14 02:30:00+00:00,15.6,6.2,5.62,0.6
2023-10-14 02:40:00+00:00,15.55,6.1,5.66,0.6
2023-10-14 02:50:00+00:00,15.5,6.0,5.7,0.6
2023-10-14 03:00:00+00:00,15.45,6.1,5.69,0.6
2023-10-14 03:10:00+00:00,15.4,6.2,5.68,0.6
2023-10-14 03:20:00+00:00,15.35,6.3,5.67,0.6
2023-10-14 03:30:00+00:00,15.3,6.4,5.66,0.6
2023-10-14 03:40:00+00:00,15.25,6.5,5.65,0.6
2023-10-14 03:50:00+00:00,15.2,6.6,5.64,0.6
2023-10-14 04:00:00+00:00,15.15,6.7,5.63,0.6
2023-10-14 04:10:00+00:00,15.1,6.8,5.62,0.6
2023-10-14 04:20:00+00:00,15.05,6.9,5.609999999999999,0.6
2023-10-14 04:30:00+00:00,15.0,7.0,5.6,0.6
2023-10-14 04:40:00+00:00,14.98,6.9,5.699999999999999,0.95
2023-10-14 04:50:00+00:00,14.96,6.8,5.8,1.2999999999999998
2023-10-14 05:00:00+00:00,14.94,6.7,5.8999999999999995,1.65
2023-10-14 05:10:00+00:00,14.92,6.6,6.0,2.0
2023-10-14 05:20:00+00:00,14.9,6.5,6.1,2.35
2023-10-14 05:30:00+00:00,14.88,6.4,6.199999999999999,2.6999999999999997
2023-10-14 05:40:00+00:00,14.860000000000001,6.3,6.3,3.05
2023-10-14 05:50:00+00:00,14.84,6.2,6.3999999999999995,3.4
2023-10-14 06:00:00+00:00,14.82,6.1,6.5,3.75
2023-10-14 06:10:00+00:00,14.8,6.0,6.6,4.1
2023-10-14 06:20:00+00:00,15.1,7.0,6.4,4.1
2023-10-14 06:30:00+00:00,15.1,6.0,6.2,3.9
2023-10-14 06:40:00+00:00,15.3,7.0,5.9,4.1
2023-10-14 06:50:00+00:00,15.350000000000001,6.5,5.75,4.1
2023-10-14 07:00:00+00:00,15.4,6.0,5.6,4.1
2023-10-14 07:10:00+00:00,15.6,6.0,5.3,4.1
2023-10-14 07:20:00+00:00,15.8,7.0,5.1,4.1
2023-10-14 07:30:00+00:00,15.7,7.0,4.9,4.1
2023-10-14 07:40:00+00:00,15.9,6.0,5.0,4.2
2023-10-14 07:50:00+00:00,15.8,7.0,4.7,4.1
2023-10-14 08:00:00+00:00,15.8,6.0,4.7,4.1
2023-10-14 08:10:00+00:00,15.7,6.0,4.9,4.1
2023-10-14 08:20:00+00:00,15.55,6.0,5.45,4.1
2023-10-14 08:30:00+00:00,15.4,6.0,6.0,4.1
2023-10-14 08:40:00+00:00,15.2,6.0,6.1,4.1
2023-10-14 08:50:00+00:00,15.0,6.0,6.2,4.1
2023-10-14 09:00:00+00:00,14.8,7.0,6.3,4.1
2023-10-14 09:10:00+00:00,14.7,7.0,6.5,4.1
2023-10-14 09:20:00+00:00,14.8,6.0,7.0,4.1
2023-10-14 09:30:00+00:00,14.7,7.0,7.0,4.1
2023-10-14 09:40:00+00:00,14.6,6.0,6.9,4.1
2023-10-14 09:50:00+00:00,14.5,6.0,6.9,4.1
2023-10-14 10:00:00+00:00,14.4,6.0,6.9,4.1
2023-10-14 10:10:00+00:00,14.3,7.0,6.8,4.1
2023-10-14 10:20:00+00:00,14.2,6.0,6.8,4.1
2023-10-14 10:30:00+00:00,14.2,6.0,6.75,4.1
2023-10-14 10:40:00+00:00,14.2,6.0,6.7,4.1
2023-10-14 10:50:00+00:00,14.0,7.0,6.5,4.1
2023-10-14 11:00:00+00:00,14.0,6.0,6.4,4.1
2023-10-14 11:10:00+00:00,14.0,6.0,6.3,4.1
2023-10-14 11:20:00+00:00,14.0,6.0,6.3,4.1
2023-10-14 11:30:00+00:00,14.1,7.0,6.2,4.1
2023-10-14 11:40:00+00:00,14.0,7.0,5.9,4.1
2023-10-14 11:50:00+00:00,14.1,7.0,5.9,4.1
2023-10-14 12:00:00+00:00,14.05,7.0,5.5,4.1
2023-10-14 12:10:00+00:00,14.0,7.0,5.1,4.1
2023-10-14 12:20:00+00:00,14.0,6.5,4.85,4.1
2023-10-14 12:30:00+00:00,14.0,6.0,4.6,4.1
2023-10-14 12:40:00+00:00,14.0,6.0,4.2,4.1
2023-10-14 12:50:00+00:00,13.8,6.0,4.0,4.1
2023-10-14 13:00:00+00:00,13.9,7.0,3.9,4.1
2023-10-14 13:10:00+00:00,13.9,6.0,3.9,6.2
2023-10-14 13:20:00+00:00,14.1,6.0,3.9,6.3
2023-10-14 13:30:00+00:00,13.9,7.0,3.7,4.1
2023-10-14 13:40:00+00:00,13.5,6.0,3.6,4.1
2023-10-14 13:50:00+00:00,13.3,7.0,3.6,4.1
2023-10-14 14:00:00+00:00,13.3,6.0,3.6,4.1
2023-10-14 14:10:00+00:00,13.2,6.0,3.6,4.1
2023-10-14 14:20:00+00:00,13.1,6.0,3.6,4.1
2023-10-14 14:30:00+00:00,12.9,7.0,3.6,6.5
2023-10-14 14:40:00+00:00,13.1,7.0,3.6,6.2
2023-10-14 14:50:00+00:00,13.0,6.0,3.6,6.0
2023-10-14 15:00:00+00:00,12.8,7.0,3.6,4.1
2023-10-14 15:10:00+00:00,12.8,6.5,3.6,4.949999999999999
2023-10-14 15:20:00+00:00,12.8,6.0,3.6,5.8
2023-10-14 15:30:00+00:00,12.6,7.0,3.5,4.1
2023-10-14 15:40:00+00:00,12.5,6.0,3.6,4.1
2023-10-14 15:50:00+00:00,12.2,6.0,3.6,4.1
2023-10-14 16:00:00+00:00,12.149999999999999,6.0,3.6,4.05
2023-10-14 16:10:00+00:00,12.1,6.0,3.6,4.0
2023-10-14 16:20:00+00:00,12.1,7.0,3.6,2.5
2023-10-14 16:30:00+00:00,12.0,7.0,3.6,1.1
2023-10-14 16:40:00+00:00,11.8,7.0,3.6,0.8
2023-10-14 16:50:00+00:00,11.71,7.0,3.65,0.78
2023-10-14 17:00:00+00:00,11.620000000000001,7.0,3.7,0.76
2023-10-14 17:10:00+00:00,11.530000000000001,7.0,3.75,0.74
2023-10-14 17:20:00+00:00,11.440000000000001,7.0,3.8,0.72
2023-10-14 17:30:00+00:00,11.350000000000001,7.0,3.8499999999999996,0.7
2023-10-14 17:40:00+00:00,11.26,7.0,3.9,0.6799999999999999
2023-10-14 17:50:00+00:00,11.17,7.0,3.9499999999999997,0.66
2023-10-14 18:00:00+00:00,11.08,7.0,3.9999999999999996,0.64
2023-10-14 18:10:00+00:00,10.99,7.0,4.05,0.62
2023-10-14 18:20:00+00:00,10.9,7.0,4.1,0.6
2023-10-14 18:30:00+00:00,10.81,6.9,4.109999999999999,0.6
2023-10-14 18:40:00+00:00,10.72,6.8,4.12,0.6
2023-10-14 18:50:00+00:00,10.63,6.7,4.13,0.6
2023-10-14 19:00:00+00:00,10.540000000000001,6.6,4.14,0.6
2023-10-14 19:10:00+00:00,10.45,6.5,4.15,0.6
2023-10-14 19:20:00+00:00,10.36,6.4,4.16,0.6
2023-10-14 19:30:00+00:00,10.27,6.3,4.17,0.6
2023-10-14 19:40:00+00:00,10.18,6.2,4.18,0.6
2023-10-14 19:50:00+00:00,10.09,6.1,4.19,0.6
2023-10-14 20:00:00+00:00,10.0,6.0,4.2,0.6
2023-10-14 20:10:00+00:00,9.946153846153846,6.076923076923077,4.207692307692308,0.5846153846153846
2023-10-14 20:20:00+00:00,9.892307692307693,6.153846153846154,4.2153846153846155,0.5692307692307692
2023-10-14 20:30:00+00:00,9.838461538461539,6.230769230769231,4.223076923076923,0.5538461538461539
2023-10-14 20:40:00+00:00,9.784615384615385,6.3076923076923075,4.230769230769231,0.5384615384615384
2023-10-14 20:50:00+00:00,9.730769230769232,6.384615384615385,4.2384615384615385,0.5230769230769231
2023-10-14 21:00:00+00:00,9.676923076923078,6.461538461538462,4.246153846153846,0.5076923076923077
2023-10-14 21:10:00+00:00,9.623076923076923,6.538461538461538,4.253846153846154,0.49230769230769234
2023-10-14 21:20:00+00:00,9.569230769230769,6.615384615384615,4.2615384615384615,0.4769230769230769
2023-10-14 21:30:00+00:00,9.515384615384615,6.6923076923076925,4.269230769230769,0.46153846153846156
2023-10-14 21:40:00+00:00,9.461538461538462,6.769230769230769,4.276923076923077,0.4461538461538461
2023-10-14 21:50:00+00:00,9.407692307692308,6.846153846153847,4.2846153846153845,0.4307692307692308
2023-10-14 22:00:00+00:00,9.353846153846154,6.923076923076923,4.292307692307692,0.4153846153846154
2023-10-14 22:10:00+00:00,9.3,7.0,4.3,0.4
2023-10-14 22:20:00+00:00,9.280000000000001,7.0,4.42,0.4
2023-10-14 22:30:00+00:00,9.26,7.0,4.54,0.4
2023-10-14 22:40:00+00:00,9.24,7.0,4.66,0.4
2023-10-14 22:50:00+00:00,9.22,7.0,4.78,0.4
2023-10-14 23:00:00+00:00,9.2,7.0,4.9,0.4
2023-10-14 23:10:00+00:00,9.18,7.0,5.02,0.4
2023-10-14 23:20:00+00:00,9.16,7.0,5.14,0.4
2023-10-14 23:30:00+00:00,9.14,7.0,5.26,0.4
2023-10-14 23:40:00+00:00,9.12,7.0,5.38,0.4
2023-10-14 23:50:00+00:00,9.1,7.0,5.5,0.4
2023-10-15 00:00:00+00:00,9.08,7.1,5.52,0.42000000000000004
2023-10-15 00:10:00+00:00,9.06,7.2,5.54,0.44
2023-10-15 00:20:00+00:00,9.04,7.3,5.5600000000000005,0.46
2023-10-15 00:30:00+00:00,9.02,7.4,5.58,0.48
2023-10-15 00:40:00+00:00,9.0,7.5,5.6,0.5
2023-10-15 00:50:00+00:00,8.98,7.6,5.62,0.52
2023-10-15 01:00:00+00:00,8.96,7.7,5.640000000000001,0.54
2023-10-15 01:10:00+00:00,8.94,7.8,5.66,0.56
2023-10-15 01:20:00+00:00,8.92,7.9,5.68,0.58
2023-10-15 01:30:00+00:00,8.9,8.0,5.7,0.6
2023-10-15 01:40:00+00:00,8.82,7.9,5.71,0.6
2023-10-15 01:50:00+00:00,8.74,7.8,5.72,0.6
2023-10-15 02:00:00+00:00,8.66,7.7,5.73,0.6
2023-10-15 02:10:00+00:00,8.58,7.6,5.74,0.6
2023-10-15 02:20:00+00:00,8.5,7.5,5.75,0.6
2023-10-15 02:30:00+00:00,8.42,7.4,5.76,0.6
2023-10-15 02:40:00+00:00,8.34,7.3,5.77,0.6
2023-10-15 02:50:00+00:00,8.26,7.2,5.78,0.6
2023-10-15 03:00:00+00:00,8.18,7.1,5.79,0.6
2023-10-15 03:10:00+00:00,8.1,7.0,5.8,0.6
2023-10-15 03:20:00+00:00,8.1,7.0,5.82,0.62
2023-10-15 03:30:00+00:00,8.1,7.0,5.84,0.64
2023-10-15 03:40:00+00:00,8.1,7.0,5.859999999999999,0.66
2023-10-15 03:50:00+00:00,8.1,7.0,5.88,0.68
2023-10-15 04:00:00+00:00,8.1,7.0,5.9,0.7
2023-10-15 04:10:00+00:00,8.1,7.0,5.92,0.72
2023-10-15 04:20:00+00:00,8.1,7.0,5.9399999999999995,0.74
2023-10-15 04:30:00+00:00,8.1,7.0,5.96,0.76
2023-10-15 04:40:00+00:00,8.1,7.0,5.98,0.78
2023-10-15 04:50:00+00:00,8.1,7.0,6.0,0.8
2023-10-15 05:00:00+00:00,8.09,7.0,6.0,1.13
2023-10-15 05:10:00+00:00,8.08,7.0,6.0,1.46
2023-10-15 05:20:00+00:00,8.07,7.0,6.0,1.79
2023-10-15 05:30:00+00:00,8.06,7.0,6.0,2.12
2023-10-15 05:40:00+00:00,8.05,7.0,6.0,2.45
2023-10-15 05:50:00+00:00,8.04,7.0,6.0,2.78
2023-10-15 06:00:00+00:00,8.03,7.0,6.0,3.1099999999999994
2023-10-15 06:10:00+00:00,8.02,7.0,6.0,3.4399999999999995
2023-10-15 06:20:00+00:00,8.01,7.0,6.0,3.7699999999999996
2023-10-15 06:30:00+00:00,8.0,7.0,6.0,4.1
2023-10-15 06:40:00+00:00,8.5,7.0,5.8,4.1
2023-10-15 06:50:00+00:00,8.8,7.0,5.8,4.1
2023-10-15 07:00:00+00:00,8.9,7.0,5.3,4.1
2023-10-15 07:10:00+00:00,9.0,7.0,5.2,4.1
2023-10-15 07:20:00+00:00,9.1,7.0,4.7,4.1
2023-10-15 07:30:00+00:00,9.3,7.0,4.3,4.1
2023-10-15 07:40:00+00:00,9.4,7.0,4.199999999999999,4.1
2023-10-15 07:50:00+00:00,9.5,7.0,4.1,4.1
2023-10-15 08:00:00+00:00,9.6,7.0,3.9,4.1
2023-10-15 08:10:00+00:00,9.6,7.0,3.9,4.1
2023-10-15 08:20:00+00:00,9.8,6.0,3.9,4.1
2023-10-15 08:30:00+00:00,9.8,7.0,3.8,4.1
2023-10-15 08:40:00+00:00,9.8,6.0,3.7,4.1
2023-10-15 08:50:00+00:00,10.1,7.0,3.8,4.1
2023-10-15 09:00:00+00:00,10.5,6.0,3.8,4.1
2023-10-15 09:10:00+00:00,10.5,7.0,3.7,4.1
2023-10-15 09:20:00+00:00,10.45,6.5,3.7,4.1
2023-10-15 09:30:00+00:00,10.4,6.0,3.7,4.1
2023-10-15 09:40:00+00:00,10.4,7.0,3.7,4.2
2023-10-15 09:50:00+00:00,10.6,7.0,3.6,4.2
2023-10-15 10:00:00+00:00,10.9,7.0,3.7,6.4
2023-10-15 10:10:00+00:00,10.9,6.0,3.6,4.1
2023-10-15 10:20:00+00:00,10.4,7.0,3.5,4.1
2023-10-15 10:30:00+00:00,10.3,8.0,3.6,4.1
2023-10-15 10:40:00+00:00,10.5,7.0,3.6,4.1
2023-10-15 10:50:00+00:00,10.7,7.0,3.6,6.6
2023-10-15 11:00:00+00:00,10.6,7.0,3.6,4.1
2023-10-15 11:10:00+00:00,10.5,6.5,3.55,4.1
2023-10-15 11:20:00+00:00,10.4,6.0,3.5,4.1
2023-10-15 11:30:00+00:00,10.6,6.0,3.5,6.5
2023-10-15 11:40:00+00:00,11.0,7.0,3.6,6.6
2023-10-15 11:50:00+00:00,11.2,7.0,3.6,6.2
2023-10-15 12:00:00+00:00,11.2,7.0,3.55,6.25
2023-10-15 12:10:00+00:00,11.2,7.0,3.5,6.3
2023-10-15 12:20:00+00:00,11.1,7.0,3.5,6.1
2023-10-15 12:30:00+00:00,11.0,7.0,3.5,6.5
2023-10-15 12:40:00+00:00,11.1,6.0,3.5,6.6
2023-10-15 12:50:00+00:00,11.2,7.0,3.5,6.2
2023-10-15 13:00:00+00:00,11.0,7.0,3.5,6.4
2023-10-15 13:10:00+00:00,10.8,7.0,3.5,6.6
2023-10-15 13:20:00+00:00,10.7,7.0,3.5,4.1
2023-10-15 13:30:00+00:00,10.7,7.0,3.5,6.5
2023-10-15 13:40:00+00:00,11.0,7.0,3.5,6.6
2023-10-15 13:50:00+00:00,10.8,7.0,3.5,6.1
2023-10-15 14:00:00+00:00,10.6,7.0,3.5,4.1
2023-10-15 14:10:00+00:00,10.7,7.0,3.5,4.1
2023-10-15 14:20:00+00:00,10.8,7.0,3.5,4.1
2023-10-15 14:30:00+00:00,10.8,7.0,3.5,4.1
2023-10-15 14:40:00+00:00,10.2,6.0,3.5,4.1
2023-10-15 14:50:00+00:00,10.1,6.5,3.5,4.1
2023-10-15 15:00:00+00:00,10.0,7.0,3.5,4.1
2023-10-15 15:10:00+00:00,9.7,6.0,3.5,4.1
2023-10-15 15:20:00+00:00,9.3,7.0,3.6,4.1
2023-10-15 15:30:00+00:00,9.100000000000001,7.0,3.6,4.1
2023-10-15 15:40:00+00:00,8.9,7.0,3.6,4.1
2023-10-15 15:50:00+00:00,9.0,8.0,3.6,3.9
2023-10-15 16:00:00+00:00,8.7,8.0,3.8,3.9
2023-10-15 16:10:00+00:00,8.8,7.0,3.9,2.3
2023-10-15 16:20:00+00:00,8.7,7.0,4.0,1.1
2023-10-15 16:30:00+00:00,8.7,7.0,4.7,0.7
2023-10-15 16:40:00+00:00,8.67142857142857,7.0,4.807142857142857,0.6928571428571428
2023-10-15 16:50:00+00:00,8.642857142857142,7.0,4.914285714285715,0.6857142857142857
2023-10-15 17:00:00+00:00,8.614285714285714,7.0,5.021428571428571,0.6785714285714285
2023-10-15 17:10:00+00:00,8.585714285714285,7.0,5.128571428571429,0.6714285714285714
2023-10-15 17:20:00+00:00,8.557142857142857,7.0,5.235714285714286,0.6642857142857143
2023-10-15 17:30:00+00:00,8.528571428571428,7.0,5.342857142857143,0.6571428571428571
2023-10-15 17:40:00+00:00,8.5,7.0,5.45,0.6499999999999999
2023-10-15 17:50:00+00:00,8.471428571428572,7.0,5.557142857142857,0.6428571428571428
2023-10-15 18:00:00+00:00,8.442857142857143,7.0,5.664285714285715,0.6357142857142857
2023-10-15 18:10:00+00:00,8.414285714285715,7.0,5.771428571428571,0.6285714285714286
2023-10-15 18:20:00+00:00,8.385714285714286,7.0,5.878571428571429,0.6214285714285714
2023-10-15 18:30:00+00:00,8.357142857142858,7.0,5.985714285714286,0.6142857142857143
2023-10-15 18:40:00+00:00,8.32857142857143,7.0,6.092857142857143,0.6071428571428571
2023-10-15 18:50:00+00:00,8.3,7.0,6.2,0.6
2023-10-15 19:00:00+00:00,8.275,7.0,6.21,0.59
2023-10-15 19:10:00+00:00,8.25,7.0,6.220000000000001,0.58
2023-10-15 19:20:00+00:00,8.225000000000001,7.0,6.23,0.57
2023-10-15 19:30:00+00:00,8.200000000000001,7.0,6.24,0.5599999999999999
2023-10-15 19:40:00+00:00,8.175,7.0,6.25,0.55
2023-10-15 19:50:00+00:00,8.15,7.0,6.26,0.54
2023-10-15 20:00:00+00:00,8.125,7.0,6.2700000000000005,0.53
2023-10-15 20:10:00+00:00,8.1,7.0,6.28,0.52
2023-10-15 20:20:00+00:00,8.075000000000001,7.0,6.29,0.51
2023-10-15 20:30:00+00:00,8.05,7.0,6.300000000000001,0.5
2023-10-15 20:40:00+00:00,8.025,7.0,6.3100000000000005,0.49
2023-10-15 20:50:00+00:00,8.0,7.0,6.32,0.48
2023-10-15 21:00:00+00:00,7.9750000000000005,7.0,6.33,0.47
2023-10-15 21:10:00+00:00,7.95,7.0,6.34,0.45999999999999996
2023-10-15 21:20:00+00:00,7.925,7.0,6.3500000000000005,0.45
2023-10-15 21:30:00+00:00,7.9,7.0,6.36,0.44
2023-10-15 21:40:00+00:00,7.875,7.0,6.37,0.43
2023-10-15 21:50:00+00:00,7.85,7.0,6.380000000000001,0.42000000000000004
2023-10-15 22:00:00+00:00,7.825,7.0,6.390000000000001,0.41000000000000003
2023-10-15 22:10:00+00:00,7.8,7.0,6.4,0.4
2023-10-15 22:20:00+00:00,7.83,7.0,6.3500000000000005,0.42000000000000004
2023-10-15 22:30:00+00:00,7.859999999999999,7.0,6.300000000000001,0.44
2023-10-15 22:40:00+00:00,7.89,7.0,6.25,0.46
2023-10-15 22:50:00+00:00,7.92,7.0,6.2,0.48
2023-10-15 23:00:00+00:00,7.949999999999999,7.0,6.15,0.5
2023-10-15 23:10:00+00:00,7.9799999999999995,7.0,6.1000000000000005,0.52
2023-10-15 23:20:00+00:00,8.01,7.0,6.050000000000001,0.54
2023-10-15 23:30:00+00:00,8.04,7.0,6.0,0.56
2023-10-15 23:40:00+00:00,8.07,7.0,5.95,0.58
2023-10-15 23:50:00+00:00,8.1,7.0,5.9,0.6
2023-10-16 00:00:00+00:00,8.049999999999999,7.0,5.71,0.6
2023-10-16 00:10:00+00:00,8.0,7.0,5.5200000000000005,0.6
2023-10-16 00:20:00+00:00,7.949999999999999,7.0,5.33,0.6
2023-10-16 00:30:00+00:00,7.8999999999999995,7.0,5.140000000000001,0.6
2023-10-16 00:40:00+00:00,7.85,7.0,4.95,0.6
2023-10-16 00:50:00+00:00,7.8,7.0,4.76,0.6
2023-10-16 01:00:00+00:00,7.75,7.0,4.57,0.6
2023-10-16 01:10:00+00:00,7.699999999999999,7.0,4.38,0.6
2023-10-16 01:20:00+00:00,7.6499999999999995,7.0,4.19,0.6
2023-10-16 01:30:00+00:00,7.6,7.0,4.0,0.6
2023-10-16 01:40:00+00:00,7.569999999999999,7.0,3.98,0.6
2023-10-16 01:50:00+00:00,7.54,7.0,3.96,0.6
2023-10-16 02:00:00+00:00,7.51,7.0,3.94,0.6
2023-10-16 02:10:00+00:00,7.4799999999999995,7.0,3.92,0.6
2023-10-16 02:20:00+00:00,7.449999999999999,7.0,3.9,0.6
2023-10-16 02:30:00+00:00,7.42,7.0,3.88,0.6
2023-10-16 02:40:00+00:00,7.39,7.0,3.86,0.6
2023-10-16 02:50:00+00:00,7.359999999999999,7.0,3.84,0.6
2023-10-16 03:00:00+00:00,7.33,7.0,3.82,0.6
2023-10-16 03:10:00+00:00,7.3,7.0,3.8,0.6
2023-10-16 03:20:00+00:00,7.4,7.0,3.79,0.6
2023-10-16 03:30:00+00:00,7.5,7.0,3.78,0.6
2023-10-16 03:40:00+00:00,7.6,7.0,3.77,0.6
2023-10-16 03:50:00+00:00,7.7,7.0,3.76,0.6
2023-10-16 04:00:00+00:00,7.800000000000001,7.0,3.75,0.6
2023-10-16 04:10:00+00:00,7.9,7.0,3.74,0.6
2023-10-16 04:20:00+00:00,8.0,7.0,3.73,0.6
2023-10-16 04:30:00+00:00,8.100000000000001,7.0,3.72,0.6
2023-10-16 04:40:00+00:00,8.200000000000001,7.0,3.71,0.6
2023-10-16 04:50:00+00:00,8.3,7.0,3.7,0.6
2023-10-16 05:00:00+00:00,8.350000000000001,7.0,3.7,0.95
2023-10-16 05:10:00+00:00,8.4,7.0,3.7,1.2999999999999998
2023-10-16 05:20:00+00:00,8.450000000000001,7.0,3.7,1.65
2023-10-16 05:30:00+00:00,8.5,7.0,3.7,2.0
2023-10-16 05:40:00+00:00,8.55,7.0,3.7,2.35
2023-10-16 05:50:00+00:00,8.600000000000001,7.0,3.7,2.6999999999999997
2023-10-16 06:00:00+00:00,8.65,7.0,3.7,3.05
2023-10-16 06:10:00+00:00,8.700000000000001,7.0,3.7,3.4
2023-10-16 06:20:00+00:00,8.75,7.0,3.7,3.75
2023-10-16 06:30:00+00:00,8.8,7.0,3.7,4.1
2023-10-16 06:40:00+00:00,8.6,8.0,3.7,4.1
2023-10-16 06:50:00+00:00,8.5,7.0,3.7,4.1
2023-10-16 07:00:00+00:00,8.6,7.0,3.7,4.1
2023-10-16 07:10:00+00:00,8.5,7.0,3.7,4.1
2023-10-16 07:20:00+00:00,8.5,7.0,3.7,4.1
2023-10-16 07:30:00+00:00,8.5,7.0,3.7,4.1
2023-10-16 07:40:00+00:00,8.5,7.0,3.7,4.1
2023-10-16 07:50:00+00:00,8.5,8.0,3.7,4.1
2023-10-16 08:00:00+00:00,8.5,8.0,3.7,4.1
2023-10-16 08:10:00+00:00,8.3,7.0,3.7,4.1
2023-10-16 08:20:00+00:00,8.2,7.0,3.7,4.1
2023-10-16 08:30:00+00:00,8.1,7.0,3.7,4.1
2023-10-16 08:40:00+00:00,8.3,7.0,3.7,4.1
2023-10-16 08:50:00+00:00,8.2,7.0,3.7,4.1
2023-10-16 09:00:00+00:00,8.3,7.0,3.6,4.1
2023-10-16 09:10:00+00:00,8.4,8.0,3.6,3.9
2023-10-16 09:20:00+00:00,8.5,7.0,3.6,4.1
2023-10-16 09:30:00+00:00,8.6,7.0,3.6,4.1
2023-10-16 09:40:00+00:00,8.8,8.0,3.6,3.9
2023-10-16 09:50:00+00:00,9.0,7.0,3.7,3.9
2023-10-16 10:00:00+00:00,9.0,7.0,3.7,4.1
2023-10-16 10:10:00+00:00,8.9,6.5,3.7,4.1
2023-10-16 10:20:00+00:00,8.8,6.0,3.7,4.1
2023-10-16 10:30:00+00:00,8.7,7.0,3.8,4.1
2023-10-16 10:40:00+00:00,8.8,7.0,3.8,4.1
2023-10-16 10:50:00+00:00,9.0,7.0,3.8,4.1
2023-10-16 11:00:00+00:00,9.0,7.0,3.7,4.1
2023-10-16 11:10:00+00:00,9.0,7.0,3.6,4.1
2023-10-16 11:20:00+00:00,9.1,7.0,3.7,4.1
2023-10-16 11:30:00+00:00,9.1,7.0,3.7,4.1
2023-10-16 11:40:00+00:00,9.2,8.0,3.7,4.1
2023-10-16 11:50:00+00:00,9.3,7.0,3.7,4.1
2023-10-16 12:00:00+00:00,9.25,7.0,3.75,4.1
2023-10-16 12:10:00+00:00,9.2,7.0,3.8,4.1
2023-10-16 12:20:00+00:00,9.3,7.0,3.9,6.4
2023-10-16 12:30:00+00:00,9.5,7.0,4.0,6.5
2023-10-16 12:40:00+00:00,9.6,7.0,5.2,6.4
2023-10-16 12:50:00+00:00,9.7,7.0,5.6,6.0
2023-10-16 13:00:00+00:00,9.6,7.0,5.6,4.1
2023-10-16 13:10:00+00:00,9.4,7.0,5.6,4.1
2023-10-16 13:20:00+00:00,9.4,7.0,5.5,6.5
2023-10-16 13:30:00+00:00,9.4,7.0,5.3,6.4
2023-10-16 13:40:00+00:00,9.45,7.0,5.3,6.5
2023-10-16 13:50:00+00:00,9.5,7.0,5.3,6.6
2023-10-16 14:00:00+00:00,9.5,6.0,5.2,4.1
2023-10-16 14:10:00+00:00,9.5,7.0,5.9,6.5
2023-10-16 14:20:00+00:00,9.6,7.0,4.7,4.1
2023-10-16 14:30:00+00:00,9.6,7.0,5.4,6.5
2023-10-16 14:40:00+00:00,9.7,7.0,4.5,4.1
2023-10-16 14:50:00+00:00,9.7,7.0,5.5,6.3
2023-10-16 15:00:00+00:00,9.75,7.0,5.5,6.3
2023-10-16 15:10:00+00:00,9.8,7.0,5.5,6.3
2023-10-16 15:20:00+00:00,9.7,7.0,5.5,4.1
2023-10-16 15:30:00+00:00,9.6,7.0,5.4,4.1
2023-10-16 15:40:00+00:00,9.5,7.0,5.3,4.1
2023-10-16 15:50:00+00:00,9.3,8.0,4.7,4.1
2023-10-16 16:00:00+00:00,9.2,7.0,4.4,4.0
2023-10-16 16:10:00+00:00,9.0,7.0,4.2,3.1
2023-10-16 16:20:00+00:00,8.9,7.0,4.2,1.5
2023-10-16 16:30:00+00:00,8.9,6.0,4.2,0.9
2023-10-16 16:40:00+00:00,8.82,6.1,4.16,0.87
2023-10-16 16:50:00+00:00,8.74,6.2,4.12,0.84
2023-10-16 17:00:00+00:00,8.66,6.3,4.08,0.81
2023-10-16 17:10:00+00:00,8.58,6.4,4.04,0.78
2023-10-16 17:20:00+00:00,8.5,6.5,4.0,0.75
2023-10-16 17:30:00+00:00,8.42,6.6,3.96,0.72
2023-10-16 17:40:00+00:00,8.34,6.7,3.92,0.69
2023-10-16 17:50:00+00:00,8.26,6.8,3.88,0.6599999999999999
2023-10-16 18:00:00+00:00,8.18,6.9,3.84,0.6299999999999999
2023-10-16 18:10:00+00:00,8.1,7.0,3.8,0.6
2023-10-16 18:20:00+00:00,8.046153846153846,7.0,3.8,0.5846153846153846
2023-10-16 18:30:00+00:00,7.992307692307692,7.0,3.8,0.5692307692307692
2023-10-16 18:40:00+00:00,7.938461538461539,7.0,3.8,0.5538461538461539
2023-10-16 18:50:00+00:00,7.884615384615384,7.0,3.8,0.5384615384615384
2023-10-16 19:00:00+00:00,7.8307692307692305,7.0,3.8,0.5230769230769231
2023-10-16 19:10:00+00:00,7.776923076923077,7.0,3.8,0.5076923076923077
2023-10-16 19:20:00+00:00,7.723076923076923,7.0,3.8,0.49230769230769234
2023-10-16 19:30:00+00:00,7.6692307692307695,7.0,3.8,0.4769230769230769
2023-10-16 19:40:00+00:00,7.615384615384616,7.0,3.8,0.46153846153846156
2023-10-16 19:50:00+00:00,7.561538461538461,7.0,3.8,0.4461538461538461
2023-10-16 20:00:00+00:00,7.507692307692308,7.0,3.8,0.4307692307692308
2023-10-16 20:10:00+00:00,7.453846153846154,7.0,3.8,0.4153846153846154
2023-10-16 20:20:00+00:00,7.4,7.0,3.8,0.4
2023-10-16 20:30:00+00:00,7.36,7.1,3.8,0.42000000000000004
2023-10-16 20:40:00+00:00,7.32,7.2,3.8,0.44
2023-10-16 20:50:00+00:00,7.28,7.3,3.8,0.46
2023-10-16 21:00:00+00:00,7.24,7.4,3.8,0.48
2023-10-16 21:10:00+00:00,7.2,7.5,3.8,0.5
2023-10-16 21:20:00+00:00,7.16,7.6,3.8,0.52
2023-10-16 21:30:00+00:00,7.12,7.7,3.8,0.54
2023-10-16 21:40:00+00:00,7.08,7.8,3.8,0.56
2023-10-16 21:50:00+00:00,7.04,7.9,3.8,0.58
2023-10-16 22:00:00+00:00,7.0,8.0,3.8,0.6
2023-10-16 22:10:00+00:00,6.95,8.0,3.79,0.6
2023-10-16 22:20:00+00:00,6.9,8.0,3.78,0.6
2023-10-16 22:30:00+00:00,6.85,8.0,3.77,0.6
2023-10-16 22:40:00+00:00,6.8,8.0,3.76,0.6
2023-10-16 22:50:00+00:00,6.75,8.0,3.75,0.6
2023-10-16 23:00:00+00:00,6.7,8.0,3.74,0.6
2023-10-16 23:10:00+00:00,6.65,8.0,3.73,0.6
2023-10-16 23:20:00+00:00,6.6,8.0,3.72,0.6
2023-10-16 23:30:00+00:00,6.55,8.0,3.71,0.6
2023-10-16 23:40:00+00:00,6.5,8.0,3.7,0.6
2023-10-16 23:50:00+00:00,6.48,7.9,3.7,0.6
2023-10-17 00:00:00+00:00,6.46,7.8,3.7,0.6
2023-10-17 00:10:00+00:00,6.4399999999999995,7.7,3.7,0.6
2023-10-17 00:20:00+00:00,6.42,7.6,3.7,0.6
2023-10-17 00:30:00+00:00,6.4,7.5,3.7,0.6
2023-10-17 00:40:00+00:00,6.38,7.4,3.7,0.6
2023-10-17 00:50:00+00:00,6.359999999999999,7.3,3.7,0.6
2023-10-17 01:00:00+00:00,6.34,7.2,3.7,0.6
2023-10-17 01:10:00+00:00,6.32,7.1,3.7,0.6
2023-10-17 01:20:00+00:00,6.3,7.0,3.7,0.6
2023-10-17 01:30:00+00:00,6.279999999999999,7.1,3.7,0.58
2023-10-17 01:40:00+00:00,6.26,7.2,3.7,0.5599999999999999
2023-10-17 01:50:00+00:00,6.24,7.3,3.7,0.54
2023-10-17 02:00:00+00:00,6.22,7.4,3.7,0.52
2023-10-17 02:10:00+00:00,6.199999999999999,7.5,3.7,0.5
2023-10-17 02:20:00+00:00,6.18,7.6,3.7,0.48
2023-10-17 02:30:00+00:00,6.16,7.7,3.7,0.45999999999999996
2023-10-17 02:40:00+00:00,6.14,7.8,3.7,0.44
2023-10-17 02:50:00+00:00,6.119999999999999,7.9,3.7,0.42000000000000004
2023-10-17 03:00:00+00:00,6.1,8.0,3.7,0.4
2023-10-17 03:10:00+00:00,6.05,7.9,3.7,0.4
2023-10-17 03:20:00+00:00,6.0,7.8,3.7,0.4
2023-10-17 03:30:00+00:00,5.949999999999999,7.7,3.7,0.4
2023-10-17 03:40:00+00:00,5.8999999999999995,7.6,3.7,0.4
2023-10-17 03:50:00+00:00,5.85,7.5,3.7,0.4
2023-10-17 04:00:00+00:00,5.8,7.4,3.7,0.4
2023-10-17 04:10:00+00:00,5.75,7.3,3.7,0.4
2023-10-17 04:20:00+00:00,5.699999999999999,7.2,3.7,0.4
2023-10-17 04:30:00+00:00,5.6499999999999995,7.1,3.7,0.4
2023-10-17 04:40:00+00:00,5.6,7.0,3.7,0.4
2023-10-17 04:50:00+00:00,5.619999999999999,7.0,3.7,0.77
2023-10-17 05:00:00+00:00,5.64,7.0,3.7,1.1400000000000001
2023-10-17 05:10:00+00:00,5.66,7.0,3.7,1.5099999999999998
2023-10-17 05:20:00+00:00,5.68,7.0,3.7,1.88
2023-10-17 05:30:00+00:00,5.699999999999999,7.0,3.7,2.25
2023-10-17 05:40:00+00:00,5.72,7.0,3.7,2.6199999999999997
2023-10-17 05:50:00+00:00,5.74,7.0,3.7,2.9899999999999998
2023-10-17 06:00:00+00:00,5.76,7.0,3.7,3.36
2023-10-17 06:10:00+00:00,5.779999999999999,7.0,3.7,3.73
2023-10-17 06:20:00+00:00,5.8,7.0,3.7,4.1
2023-10-17 06:30:00+00:00,6.3,7.0,3.5,4.1
2023-10-17 06:40:00+00:00,6.4,7.0,3.6,4.1
2023-10-17 06:50:00+00:00,6.6,7.0,3.55,4.1
2023-10-17 07:00:00+00:00,6.8,7.0,3.5,4.1
2023-10-17 07:10:00+00:00,6.85,7.0,3.5,4.1
2023-10-17 07:20:00+00:00,6.9,7.0,3.5,4.1
2023-10-17 07:30:00+00:00,6.9,7.0,3.5,4.1
2023-10-17 07:40:00+00:00,6.9,7.0,3.5,4.1
2023-10-17 07:50:00+00:00,7.1,8.0,3.5,4.1
2023-10-17 08:00:00+00:00,7.2,7.0,3.6,4.1
2023-10-17 08:10:00+00:00,7.4,7.0,7.2,4.1
2023-10-17 08:20:00+00:00,7.5,7.0,7.3,4.1
2023-10-17 08:30:00+00:00,7.7,7.0,6.4,3.9
2023-10-17 08:40:00+00:00,7.8,8.0,3.8,4.1
2023-10-17 08:50:00+00:00,8.0,8.0,3.5,4.1
2023-10-17 09:00:00+00:00,8.05,8.0,3.5,4.1
2023-10-17 09:10:00+00:00,8.1,8.0,3.5,4.1
2023-10-17 09:20:00+00:00,8.3,7.0,3.5,4.1
2023-10-17 09:30:00+00:00,8.5,8.0,3.5,5.9
2023-10-17 09:40:00+00:00,8.6,7.0,3.7,6.3
2023-10-17 09:50:00+00:00,8.8,7.0,4.0,6.4
2023-10-17 10:00:00+00:00,8.9,7.0,4.7,6.4
2023-10-17 10:10:00+00:00,9.1,6.0,5.3,6.5
2023-10-17 10:20:00+00:00,9.25,6.0,5.5,6.5
2023-10-17 10:30:00+00:00,9.4,6.0,5.7,6.5
2023-10-17 10:40:00+00:00,9.5,7.0,5.7,6.5
2023-10-17 10:50:00+00:00,9.45,7.0,5.75,6.5
2023-10-17 11:00:00+00:00,9.4,7.0,5.8,6.5
2023-10-17 11:10:00+00:00,9.5,7.0,6.0,6.5
2023-10-17 11:20:00+00:00,9.5,7.0,6.0,6.5
2023-10-17 11:30:00+00:00,9.5,6.0,6.0,6.5
2023-10-17 11:40:00+00:00,9.6,7.0,6.2,6.5
2023-10-17 11:50:00+00:00,9.649999999999999,7.0,6.15,6.55
2023-10-17 12:00:00+00:00,9.7,7.0,6.1,6.6
2023-10-17 12:10:00+00:00,9.8,6.0,6.2,6.4
2023-10-17 12:20:00+00:00,9.8,7.0,6.2,6.5
2023-10-17 12:30:00+00:00,9.9,7.0,6.2,6.5
2023-10-17 12:40:00+00:00,9.850000000000001,7.0,6.25,6.5
2023-10-17 12:50:00+00:00,9.8,7.0,6.3,6.5
2023-10-17 13:00:00+00:00,9.8,7.0,6.3,6.5
2023-10-17 13:10:00+00:00,9.8,7.0,6.3,6.5
2023-10-17 13:20:00+00:00,9.8,7.0,6.2,6.5
2023-10-17 13:30:00+00:00,9.7,7.0,6.2,6.5
2023-10-17 13:40:00+00:00,9.6,7.0,6.2,6.3
2023-10-17 13:50:00+00:00,9.5,7.0,6.1,6.4
2023-10-17 14:00:00+00:00,9.5,7.0,6.2,6.4
2023-10-17 14:10:00+00:00,9.5,7.0,6.1,6.4
2023-10-17 14:20:00+00:00,9.4,6.0,6.2,6.4
2023-10-17 14:30:00+00:00,9.4,6.5,6.15,6.45
2023-10-17 14:40:00+00:00,9.4,7.0,6.1,6.5
2023-10-17 14:50:00+00:00,9.3,7.0,6.1,6.5
2023-10-17 15:00:00+00:00,9.3,7.0,6.0,6.0
2023-10-17 15:10:00+00:00,9.3,7.0,5.9,6.3
2023-10-17 15:20:00+00:00,9.3,7.0,5.9,6.1
2023-10-17 15:30:00+00:00,9.1,7.0,5.6,4.1
2023-10-17 15:40:00+00:00,8.9,7.0,5.4,4.1
2023-10-17 15:50:00+00:00,8.7,7.0,5.3,4.1
2023-10-17 16:00:00+00:00,8.6,7.0,5.1,4.0
2023-10-17 16:10:00+00:00,8.5,6.0,4.9,2.2
2023-10-17 16:20:00+00:00,8.4,6.5,4.800000000000001,1.55
2023-10-17 16:30:00+00:00,8.3,7.0,4.7,0.9
2023-10-17 16:40:00+00:00,8.23,7.0,4.67,0.85
2023-10-17 16:50:00+00:00,8.16,7.0,4.640000000000001,0.8
2023-10-17 17:00:00+00:00,8.09,7.0,4.61,0.75
2023-10-17 17:10:00+00:00,8.02,7.0,4.58,0.7
2023-10-17 17:20:00+00:00,7.95,7.0,4.550000000000001,0.65
2023-10-17 17:30:00+00:00,7.88,7.0,4.5200000000000005,0.6
2023-10-17 17:40:00+00:00,7.81,7.0,4.49,0.55
2023-10-17 17:50:00+00:00,7.74,7.0,4.46,0.5
2023-10-17 18:00:00+00:00,7.67,7.0,4.430000000000001,0.45
2023-10-17 18:10:00+00:00,7.6,7.0,4.4,0.4
2023-10-17 18:20:00+00:00,7.569999999999999,7.0,4.380000000000001,0.42000000000000004
2023-10-17 18:30:00+00:00,7.54,7.0,4.36,0.44
2023-10-17 18:40:00+00:00,7.51,7.0,4.34,0.46
2023-10-17 18:50:00+00:00,7.4799999999999995,7.0,4.32,0.48
2023-10-17 19:00:00+00:00,7.449999999999999,7.0,4.300000000000001,0.5
2023-10-17 19:10:00+00:00,7.42,7.0,4.28,0.52
2023-10-17 19:20:00+00:00,7.39,7.0,4.26,0.54
2023-10-17 19:30:00+00:00,7.359999999999999,7.0,4.24,0.56
2023-10-17 19:40:00+00:00,7.33,7.0,4.220000000000001,0.58
2023-10-17 19:50:00+00:00,7.3,7.0,4.2,0.6
2023-10-17 20:00:00+00:00,7.2846153846153845,7.0,4.207692307692308,0.6
2023-10-17 20:10:00+00:00,7.269230769230769,7.0,4.2153846153846155,0.6
2023-10-17 20:20:00+00:00,7.253846153846154,7.0,4.223076923076923,0.6
2023-10-17 20:30:00+00:00,7.2384615384615385,7.0,4.230769230769231,0.6
2023-10-17 20:40:00+00:00,7.223076923076923,7.0,4.2384615384615385,0.6
2023-10-17 20:50:00+00:00,7.207692307692308,7.0,4.246153846153846,0.6
2023-10-17 21:00:00+00:00,7.192307692307692,7.0,4.253846153846154,0.6
2023-10-17 21:10:00+00:00,7.176923076923076,7.0,4.2615384615384615,0.6
2023-10-17 21:20:00+00:00,7.161538461538461,7.0,4.269230769230769,0.6
2023-10-17 21:30:00+00:00,7.146153846153846,7.0,4.276923076923077,0.6
2023-10-17 21:40:00+00:00,7.13076923076923,7.0,4.2846153846153845,0.6
2023-10-17 21:50:00+00:00,7.115384615384615,7.0,4.292307692307692,0.6
2023-10-17 22:00:00+00:00,7.1,7.0,4.3,0.6
2023-10-17 22:10:00+00:00,7.1,7.0,4.359999999999999,0.58
2023-10-17 22:20:00+00:00,7.1,7.0,4.42,0.5599999999999999
2023-10-17 22:30:00+00:00,7.1,7.0,4.48,0.54
2023-10-17 22:40:00+00:00,7.1,7.0,4.54,0.52
2023-10-17 22:50:00+00:00,7.1,7.0,4.6,0.5
2023-10-17 23:00:00+00:00,7.1,7.0,4.66,0.48
2023-10-17 23:10:00+00:00,7.1,7.0,4.720000000000001,0.45999999999999996
2023-10-17 23:20:00+00:00,7.1,7.0,4.78,0.44
2023-10-17 23:30:00+00:00,7.1,7.0,4.84,0.42000000000000004
2023-10-17 23:40:00+00:00,7.1,7.0,4.9,0.4
2023-10-17 23:50:00+00:00,7.09,7.0,4.91,0.42000000000000004
2023-10-18 00:00:00+00:00,7.08,7.0,4.92,0.44
2023-10-18 00:10:00+00:00,7.069999999999999,7.0,4.930000000000001,0.46
2023-10-18 00:20:00+00:00,7.06,7.0,4.94,0.48
2023-10-18 00:30:00+00:00,7.05,7.0,4.95,0.5
2023-10-18 00:40:00+00:00,7.04,7.0,4.96,0.52
2023-10-18 00:50:00+00:00,7.03,7.0,4.97,0.54
2023-10-18 01:00:00+00:00,7.02,7.0,4.98,0.56
2023-10-18 01:10:00+00:00,7.01,7.0,4.99,0.58
2023-10-18 01:20:00+00:00,7.0,7.0,5.0,0.6
2023-10-18 01:30:00+00:00,7.01,7.0,4.98,0.6
2023-10-18 01:40:00+00:00,7.02,7.0,4.96,0.6
2023-10-18 01:50:00+00:00,7.03,7.0,4.9399999999999995,0.6
2023-10-18 02:00:00+00:00,7.04,7.0,4.92,0.6
2023-10-18 02:10:00+00:00,7.05,7.0,4.9,0.6
2023-10-18 02:20:00+00:00,7.06,7.0,4.88,0.6
2023-10-18 02:30:00+00:00,7.069999999999999,7.0,4.859999999999999,0.6
2023-10-18 02:40:00+00:00,7.08,7.0,4.84,0.6
2023-10-18 02:50:00+00:00,7.09,7.0,4.82,0.6
2023-10-18 03:00:00+00:00,7.1,7.0,4.8,0.6
2023-10-18 03:10:00+00:00,7.14,7.0,4.76,0.6
2023-10-18 03:20:00+00:00,7.18,7.0,4.72,0.6
2023-10-18 03:30:00+00:00,7.22,7.0,4.68,0.6
2023-10-18 03:40:00+00:00,7.26,7.0,4.64,0.6
2023-10-18 03:50:00+00:00,7.3,7.0,4.6,0.6
2023-10-18 04:00:00+00:00,7.34,7.0,4.5600000000000005,0.6
2023-10-18 04:10:00+00:00,7.38,7.0,4.5200000000000005,0.6
2023-10-18 04:20:00+00:00,7.42,7.0,4.48,0.6
2023-10-18 04:30:00+00:00,7.46,7.0,4.44,0.6
2023-10-18 04:40:00+00:00,7.5,7.0,4.4,0.6
2023-10-18 04:50:00+00:00,7.48,7.0,4.37,0.95
2023-10-18 05:00:00+00:00,7.46,7.0,4.34,1.2999999999999998
2023-10-18 05:10:00+00:00,7.4399999999999995,7.0,4.3100000000000005,1.65
2023-10-18 05:20:00+00:00,7.42,7.0,4.28,2.0
2023-10-18 05:30:00+00:00,7.4,7.0,4.25,2.35
2023-10-18 05:40:00+00:00,7.38,7.0,4.22,2.6999999999999997
2023-10-18 05:50:00+00:00,7.359999999999999,7.0,4.1899999999999995,3.05
2023-10-18 06:00:00+00:00,7.34,7.0,4.16,3.4
2023-10-18 06:10:00+00:00,7.32,7.0,4.13,3.75
2023-10-18 06:20:00+00:00,7.3,7.0,4.1,4.1
2023-10-18 06:30:00+00:00,7.5,8.0,4.3,4.1
2023-10-18 06:40:00+00:00,7.6,7.0,4.8,4.1
2023-10-18 06:50:00+00:00,7.8,7.0,5.2,4.1
2023-10-18 07:00:00+00:00,8.1,7.0,5.4,4.1
2023-10-18 07:10:00+00:00,8.3,7.0,5.4,4.1
2023-10-18 07:20:00+00:00,8.3,8.0,5.5,4.1
2023-10-18 07:30:00+00:00,8.3,7.0,5.6,4.2
2023-10-18 07:40:00+00:00,8.4,7.0,5.6,4.1
2023-10-18 07:50:00+00:00,8.45,7.0,5.65,4.1
2023-10-18 08:00:00+00:00,8.5,7.0,5.7,4.1
2023-10-18 08:10:00+00:00,8.5,7.0,5.7,4.1
2023-10-18 08:20:00+00:00,8.6,7.0,5.8,4.1
2023-10-18 08:30:00+00:00,8.7,7.0,5.8,4.1
2023-10-18 08:40:00+00:00,8.7,7.0,5.9,4.1
2023-10-18 08:50:00+00:00,8.8,6.5,5.95,4.1
2023-10-18 09:00:00+00:00,8.9,6.0,6.0,4.1
2023-10-18 09:10:00+00:00,9.1,8.0,6.0,4.1
2023-10-18 09:20:00+00:00,9.1,7.0,6.1,4.1
2023-10-18 09:30:00+00:00,9.1,7.0,6.1,4.1
2023-10-18 09:40:00+00:00,9.1,7.0,6.1,4.1
2023-10-18 09:50:00+00:00,9.1,7.0,6.1,4.1
2023-10-18 10:00:00+00:00,9.1,7.0,6.1,4.1
2023-10-18 10:10:00+00:00,9.1,7.0,6.0,4.1
2023-10-18 10:20:00+00:00,9.1,7.0,6.0,4.1
2023-10-18 10:30:00+00:00,9.3,7.0,6.0,4.1
2023-10-18 10:40:00+00:00,9.3,7.0,6.0,4.2
2023-10-18 10:50:00+00:00,9.3,7.0,6.3,5.6
2023-10-18 11:00:00+00:00,9.3,7.0,6.0,6.2
2023-10-18 11:10:00+00:00,9.3,7.0,6.2,4.1
2023-10-18 11:20:00+00:00,9.4,7.0,6.3,6.3
2023-10-18 11:30:00+00:00,9.5,7.0,6.35,6.35
2023-10-18 11:40:00+00:00,9.6,7.0,6.4,6.4
2023-10-18 11:50:00+00:00,10.0,7.0,6.4,6.4
2023-10-18 12:00:00+00:00,9.8,6.0,6.4,6.4
2023-10-18 12:10:00+00:00,10.0,7.0,6.5,6.4
2023-10-18 12:20:00+00:00,10.1,7.0,6.5,6.4
2023-10-18 12:30:00+00:00,10.3,7.0,6.5,6.5
2023-10-18 12:40:00+00:00,10.1,7.0,6.5,4.1
2023-10-18 12:50:00+00:00,10.1,7.0,6.5,6.5
2023-10-18 13:00:00+00:00,10.1,7.0,6.5,6.5
2023-10-18 13:10:00+00:00,10.5,7.0,6.4,6.6
2023-10-18 13:20:00+00:00,10.45,7.0,6.45,6.5
2023-10-18 13:30:00+00:00,10.4,7.0,6.5,6.4
2023-10-18 13:40:00+00:00,10.2,7.0,6.4,5.7
2023-10-18 13:50:00+00:00,10.2,7.0,6.3,4.1
2023-10-18 14:00:00+00:00,10.1,7.0,6.3,4.1
2023-10-18 14:10:00+00:00,10.1,7.0,6.2,4.1
2023-10-18 14:20:00+00:00,10.0,6.0,6.0,4.1
2023-10-18 14:30:00+00:00,10.0,7.0,6.0,4.1
2023-10-18 14:40:00+00:00,10.0,6.0,5.9,4.1
2023-10-18 14:50:00+00:00,9.9,7.0,5.8,4.1
2023-10-18 15:00:00+00:00,9.9,7.0,5.6,4.1
2023-10-18 15:10:00+00:00,9.9,6.5,5.5,4.1
2023-10-18 15:20:00+00:00,9.9,6.0,5.4,4.1
2023-10-18 15:30:00+00:00,9.9,7.0,5.3,4.1
2023-10-18 15:40:00+00:00,9.9,7.0,5.2,4.1
2023-10-18 15:50:00+00:00,9.9,7.0,4.3,4.0
2023-10-18 16:00:00+00:00,9.9,7.0,4.2,2.6
2023-10-18 16:10:00+00:00,9.9,7.0,4.2,1.7000000000000002
2023-10-18 16:20:00+00:00,9.9,7.0,4.2,0.8
2023-10-18 16:30:00+00:00,9.88,7.0,4.16,0.78
2023-10-18 16:40:00+00:00,9.86,7.0,4.12,0.76
2023-10-18 16:50:00+00:00,9.84,7.0,4.08,0.74
2023-10-18 17:00:00+00:00,9.82,7.0,4.04,0.72
2023-10-18 17:10:00+00:00,9.8,7.0,4.0,0.7
2023-10-18 17:20:00+00:00,9.78,7.0,3.96,0.6799999999999999
2023-10-18 17:30:00+00:00,9.76,7.0,3.92,0.66
2023-10-18 17:40:00+00:00,9.74,7.0,3.88,0.64
2023-10-18 17:50:00+00:00,9.719999999999999,7.0,3.84,0.62
2023-10-18 18:00:00+00:00,9.7,7.0,3.8,0.6
2023-10-18 18:10:00+00:00,9.639999999999999,7.0,3.8,0.6
2023-10-18 18:20:00+00:00,9.58,7.0,3.8,0.6
2023-10-18 18:30:00+00:00,9.52,7.0,3.8,0.6
2023-10-18 18:40:00+00:00,9.459999999999999,7.0,3.8,0.6
2023-10-18 18:50:00+00:00,9.399999999999999,7.0,3.8,0.6
2023-10-18 19:00:00+00:00,9.34,7.0,3.8,0.6
2023-10-18 19:10:00+00:00,9.28,7.0,3.8,0.6
2023-10-18 19:20:00+00:00,9.219999999999999,7.0,3.8,0.6
2023-10-18 19:30:00+00:00,9.16,7.0,3.8,0.6
2023-10-18 19:40:00+00:00,9.1,7.0,3.8,0.6
2023-10-18 19:50:00+00:00,9.129999999999999,6.9,3.8,0.6
2023-10-18 20:00:00+00:00,9.16,6.8,3.8,0.6
2023-10-18 20:10:00+00:00,9.19,6.7,3.8,0.6
2023-10-18 20:20:00+00:00,9.22,6.6,3.8,0.6
2023-10-18 20:30:00+00:00,9.25,6.5,3.8,0.6
2023-10-18 20:40:00+00:00,9.28,6.4,3.8,0.6
2023-10-18 20:50:00+00:00,9.31,6.3,3.8,0.6
2023-10-18 21:00:00+00:00,9.34,6.2,3.8,0.6
2023-10-18 21:10:00+00:00,9.370000000000001,6.1,3.8,0.6
2023-10-18 21:20:00+00:00,9.4,6.0,3.8,0.6
2023-10-18 21:30:00+00:00,9.371428571428572,6.0,3.8,0.5857142857142857
2023-10-18 21:40:00+00:00,9.342857142857143,6.0,3.8,0.5714285714285714
2023-10-18 21:50:00+00:00,9.314285714285715,6.0,3.8,0.5571428571428572
2023-10-18 22:00:00+00:00,9.285714285714286,6.0,3.8,0.5428571428571428
2023-10-18 22:10:00+00:00,9.257142857142858,6.0,3.8,0.5285714285714286
2023-10-18 22:20:00+00:00,9.22857142857143,6.0,3.8,0.5142857142857142
2023-10-18 22:30:00+00:00,9.2,6.0,3.8,0.5
2023-10-18 22:40:00+00:00,9.17142857142857,6.0,3.8,0.4857142857142857
2023-10-18 22:50:00+00:00,9.142857142857142,6.0,3.8,0.4714285714285714
2023-10-18 23:00:00+00:00,9.114285714285714,6.0,3.8,0.4571428571428572
2023-10-18 23:10:00+00:00,9.085714285714285,6.0,3.8,0.44285714285714284
2023-10-18 23:20:00+00:00,9.057142857142857,6.0,3.8,0.4285714285714286
2023-10-18 23:30:00+00:00,9.028571428571428,6.0,3.8,0.4142857142857143
2023-10-18 23:40:00+00:00,9.0,6.0,3.8,0.4
2023-10-18 23:50:00+00:00,8.99,6.1,3.79,0.42000000000000004
2023-10-19 00:00:00+00:00,8.98,6.2,3.78,0.44
2023-10-19 00:10:00+00:00,8.97,6.3,3.77,0.46
2023-10-19 00:20:00+00:00,8.96,6.4,3.76,0.48
2023-10-19 00:30:00+00:00,8.95,6.5,3.75,0.5
2023-10-19 00:40:00+00:00,8.94,6.6,3.74,0.52
2023-10-19 00:50:00+00:00,8.93,6.7,3.73,0.54
2023-10-19 01:00:00+00:00,8.92,6.8,3.72,0.56
2023-10-19 01:10:00+00:00,8.91,6.9,3.71,0.58
2023-10-19 01:20:00+00:00,8.9,7.0,3.7,0.6
2023-10-19 01:30:00+00:00,8.91,7.1,3.7,0.6
2023-10-19 01:40:00+00:00,8.92,7.2,3.7,0.6
2023-10-19 01:50:00+00:00,8.93,7.3,3.7,0.6
2023-10-19 02:00:00+00:00,8.94,7.4,3.7,0.6
2023-10-19 02:10:00+00:00,8.95,7.5,3.7,0.6
2023-10-19 02:20:00+00:00,8.96,7.6,3.7,0.6
2023-10-19 02:30:00+00:00,8.97,7.7,3.7,0.6
2023-10-19 02:40:00+00:00,8.98,7.8,3.7,0.6
2023-10-19 02:50:00+00:00,8.99,7.9,3.7,0.6
2023-10-19 03:00:00+00:00,9.0,8.0,3.7,0.6
2023-10-19 03:10:00+00:00,9.0,7.9,3.7,0.6
2023-10-19 03:20:00+00:00,9.0,7.8,3.7,0.6
2023-10-19 03:30:00+00:00,9.0,7.7,3.7,0.6
2023-10-19 03:40:00+00:00,9.0,7.6,3.7,0.6
2023-10-19 03:50:00+00:00,9.0,7.5,3.7,0.6
2023-10-19 04:00:00+00:00,9.0,7.4,3.7,0.6
2023-10-19 04:10:00+00:00,9.0,7.3,3.7,0.6
2023-10-19 04:20:00+00:00,9.0,7.2,3.7,0.6
2023-10-19 04:30:00+00:00,9.0,7.1,3.7,0.6
2023-10-19 04:40:00+00:00,9.0,7.0,3.7,0.6
2023-10-19 04:50:00+00:00,9.04,7.05,3.705,0.95
2023-10-19 05:00:00+00:00,9.08,7.1,3.71,1.2999999999999998
2023-10-19 05:10:00+00:00,9.120000000000001,7.15,3.7150000000000003,1.65
2023-10-19 05:20:00+00:00,9.16,7.2,3.72,2.0
2023-10-19 05:30:00+00:00,9.2,7.25,3.725,2.35
2023-10-19 05:40:00+00:00,9.24,7.3,3.73,2.6999999999999997
2023-10-19 05:50:00+00:00,9.280000000000001,7.35,3.735,3.05
2023-10-19 06:00:00+00:00,9.32,7.4,3.74,3.4
2023-10-19 06:10:00+00:00,9.36,7.45,3.745,3.75
2023-10-19 06:20:00+00:00,9.4,7.5,3.75,4.1
2023-10-19 06:30:00+00:00,9.5,7.0,3.7,4.1
2023-10-19 06:40:00+00:00,9.5,7.0,3.7,4.1
2023-10-19 06:50:00+00:00,9.5,7.0,3.7,4.1
2023-10-19 07:00:00+00:00,9.5,7.0,3.7,4.1
2023-10-19 07:10:00+00:00,9.6,7.0,3.7,4.1
2023-10-19 07:20:00+00:00,9.5,7.0,3.7,4.1
2023-10-19 07:30:00+00:00,9.6,7.0,3.7,4.1
2023-10-19 07:40:00+00:00,9.5,7.0,3.6,4.1
2023-10-19 07:50:00+00:00,9.6,7.0,3.7,4.1
2023-10-19 08:00:00+00:00,9.6,7.0,3.6,4.1
2023-10-19 08:10:00+00:00,9.6,7.0,3.6,4.1
2023-10-19 08:20:00+00:00,9.6,7.0,3.6,4.1
2023-10-19 08:30:00+00:00,9.6,6.0,3.6,4.1
2023-10-19 08:40:00+00:00,9.6,7.0,3.6,4.1
2023-10-19 08:50:00+00:00,9.6,8.0,3.6,4.1
2023-10-19 09:00:00+00:00,9.6,7.0,3.6,4.1
2023-10-19 09:10:00+00:00,9.6,7.0,3.6,4.1
2023-10-19 09:20:00+00:00,9.6,8.0,3.6,4.1
2023-10-19 09:30:00+00:00,9.6,7.0,3.6,4.1
2023-10-19 09:40:00+00:00,9.6,7.0,3.7,4.1
2023-10-19 09:50:00+00:00,9.6,8.0,3.7,4.1
2023-10-19 10:00:00+00:00,9.6,7.0,3.6,3.9
2023-10-19 10:10:00+00:00,9.6,7.0,3.7,4.1
2023-10-19 10:20:00+00:00,9.649999999999999,7.0,3.7,4.1
2023-10-19 10:30:00+00:00,9.7,7.0,3.7,4.1
2023-10-19 10:40:00+00:00,9.6,7.0,3.7,4.1
2023-10-19 10:50:00+00:00,9.7,7.0,3.7,4.1
2023-10-19 11:00:00+00:00,9.7,7.0,3.8,4.1
2023-10-19 11:10:00+00:00,9.7,7.0,3.8,4.1
2023-10-19 11:20:00+00:00,9.7,7.0,3.8,4.1
2023-10-19 11:30:00+00:00,9.7,7.0,3.9,4.1
2023-10-19 11:40:00+00:00,9.7,7.0,3.9,4.1
2023-10-19 11:50:00+00:00,9.7,7.0,3.9,4.1
2023-10-19 12:00:00+00:00,9.7,7.0,3.9,4.1
2023-10-19 12:10:00+00:00,9.7,7.5,3.95,4.1
2023-10-19 12:20:00+00:00,9.7,8.0,4.0,4.1
2023-10-19 12:30:00+00:00,9.7,7.0,4.0,4.1
2023-10-19 12:40:00+00:00,9.7,7.0,4.0,4.1
2023-10-19 12:50:00+00:00,9.7,7.0,4.1,4.1
2023-10-19 13:00:00+00:00,9.7,7.0,4.0,4.1
2023-10-19 13:10:00+00:00,9.7,7.0,4.0,4.1
2023-10-19 13:20:00+00:00,9.7,7.0,4.2,4.1
2023-10-19 13:30:00+00:00,9.7,7.0,4.2,4.1
2023-10-19 13:40:00+00:00,9.7,7.0,4.1,4.1
2023-10-19 13:50:00+00:00,9.7,7.0,4.2,4.1
2023-10-19 14:00:00+00:00,9.7,7.0,4.15,4.1
2023-10-19 14:10:00+00:00,9.7,7.0,4.1,4.1
2023-10-19 14:20:00+00:00,9.7,7.0,4.1,4.1
2023-10-19 14:30:00+00:00,9.7,7.0,4.1,3.9
2023-10-19 14:40:00+00:00,9.7,7.0,4.2,4.1
2023-10-19 14:50:00+00:00,9.7,7.0,4.0,4.1
2023-10-19 15:00:00+00:00,9.7,7.0,4.0,4.1
2023-10-19 15:10:00+00:00,9.7,7.0,4.1,4.1
2023-10-19 15:20:00+00:00,9.7,7.0,3.9,3.8
2023-10-19 15:30:00+00:00,9.7,7.0,3.9,3.8
2023-10-19 15:40:00+00:00,9.7,7.0,4.0,3.3
2023-10-19 15:50:00+00:00,9.7,7.0,4.0,2.5999999999999996
2023-10-19 16:00:00+00:00,9.7,7.0,4.0,1.9
2023-10-19 16:10:00+00:00,9.7,7.0,4.0,0.9
2023-10-19 16:20:00+00:00,9.69,7.0,3.99,0.85
2023-10-19 16:30:00+00:00,9.68,7.0,3.98,0.8
2023-10-19 16:40:00+00:00,9.67,7.0,3.9699999999999998,0.75
2023-10-19 16:50:00+00:00,9.66,7.0,3.96,0.7
2023-10-19 17:00:00+00:00,9.649999999999999,7.0,3.95,0.65
2023-10-19 17:10:00+00:00,9.639999999999999,7.0,3.94,0.6
2023-10-19 17:20:00+00:00,9.629999999999999,7.0,3.9299999999999997,0.55
2023-10-19 17:30:00+00:00,9.62,7.0,3.92,0.5
2023-10-19 17:40:00+00:00,9.61,7.0,3.91,0.45
2023-10-19 17:50:00+00:00,9.6,7.0,3.9,0.4
2023-10-19 18:00:00+00:00,9.6,7.076923076923077,3.9,0.4153846153846154
2023-10-19 18:10:00+00:00,9.6,7.153846153846154,3.9,0.4307692307692308
2023-10-19 18:20:00+00:00,9.6,7.230769230769231,3.9,0.4461538461538462
2023-10-19 18:30:00+00:00,9.6,7.3076923076923075,3.9,0.46153846153846156
2023-10-19 18:40:00+00:00,9.6,7.384615384615385,3.9,0.47692307692307695
2023-10-19 18:50:00+00:00,9.6,7.461538461538462,3.9,0.49230769230769234
2023-10-19 19:00:00+00:00,9.6,7.538461538461538,3.9,0.5076923076923077
2023-10-19 19:10:00+00:00,9.6,7.615384615384615,3.9,0.5230769230769231
2023-10-19 19:20:00+00:00,9.6,7.6923076923076925,3.9,0.5384615384615384
2023-10-19 19:30:00+00:00,9.6,7.769230769230769,3.9,0.5538461538461539
2023-10-19 19:40:00+00:00,9.6,7.846153846153847,3.9,0.5692307692307692
2023-10-19 19:50:00+00:00,9.6,7.923076923076923,3.9,0.5846153846153845
2023-10-19 20:00:00+00:00,9.6,8.0,3.9,0.6
2023-10-19 20:10:00+00:00,9.6,7.9,3.8899999999999997,0.6
2023-10-19 20:20:00+00:00,9.6,7.8,3.88,0.6
2023-10-19 20:30:00+00:00,9.6,7.7,3.87,0.6
2023-10-19 20:40:00+00:00,9.6,7.6,3.86,0.6
2023-10-19 20:50:00+00:00,9.6,7.5,3.8499999999999996,0.6
2023-10-19 21:00:00+00:00,9.6,7.4,3.84,0.6
2023-10-19 21:10:00+00:00,9.6,7.3,3.83,0.6
2023-10-19 21:20:00+00:00,9.6,7.2,3.82,0.6
2023-10-19 21:30:00+00:00,9.6,7.1,3.8099999999999996,0.6
2023-10-19 21:40:00+00:00,9.6,7.0,3.8,0.6
2023-10-19 21:50:00+00:00,9.6,7.0,3.8,0.6
2023-10-19 22:00:00+00:00,9.6,7.0,3.8,0.6
2023-10-19 22:10:00+00:00,9.6,7.0,3.8,0.6
2023-10-19 22:20:00+00:00,9.6,7.0,3.8,0.6
2023-10-19 22:30:00+00:00,9.6,7.0,3.8,0.6
2023-10-19 22:40:00+00:00,9.6,7.0,3.8,0.6
2023-10-19 22:50:00+00:00,9.6,7.0,3.8,0.6
2023-10-19 23:00:00+00:00,9.6,7.0,3.8,0.6
2023-10-19 23:10:00+00:00,9.6,7.0,3.8,0.6
2023-10-19 23:20:00+00:00,9.6,7.0,3.8,0.6
2023-10-19 23:30:00+00:00,9.59,7.1,3.79,0.6
2023-10-19 23:40:00+00:00,9.58,7.2,3.78,0.6
2023-10-19 23:50:00+00:00,9.57,7.3,3.77,0.6
2023-10-20 00:00:00+00:00,9.56,7.4,3.76,0.6
2023-10-20 00:10:00+00:00,9.55,7.5,3.75,0.6
2023-10-20 00:20:00+00:00,9.54,7.6,3.74,0.6
2023-10-20 00:30:00+00:00,9.53,7.7,3.73,0.6
2023-10-20 00:40:00+00:00,9.52,7.8,3.72,0.6
2023-10-20 00:50:00+00:00,9.51,7.9,3.71,0.6
2023-10-20 01:00:00+00:00,9.5,8.0,3.7,0.6
2023-10-20 01:10:00+00:00,9.49,8.0,3.7,0.6
2023-10-20 01:20:00+00:00,9.48,8.0,3.7,0.6
2023-10-20 01:30:00+00:00,9.47,8.0,3.7,0.6
2023-10-20 01:40:00+00:00,9.46,8.0,3.7,0.6
2023-10-20 01:50:00+00:00,9.45,8.0,3.7,0.6
2023-10-20 02:00:00+00:00,9.44,8.0,3.7,0.6
2023-10-20 02:10:00+00:00,9.43,8.0,3.7,0.6
2023-10-20 02:20:00+00:00,9.42,8.0,3.7,0.6
2023-10-20 02:30:00+00:00,9.41,8.0,3.7,0.6
2023-10-20 02:40:00+00:00,9.4,8.0,3.7,0.6
2023-10-20 02:50:00+00:00,9.39,7.9,3.6900000000000004,0.6
2023-10-20 03:00:00+00:00,9.38,7.8,3.68,0.6
2023-10-20 03:10:00+00:00,9.370000000000001,7.7,3.67,0.6
2023-10-20 03:20:00+00:00,9.360000000000001,7.6,3.66,0.6
2023-10-20 03:30:00+00:00,9.350000000000001,7.5,3.6500000000000004,0.6
2023-10-20 03:40:00+00:00,9.34,7.4,3.64,0.6
2023-10-20 03:50:00+00:00,9.33,7.3,3.63,0.6
2023-10-20 04:00:00+00:00,9.32,7.2,3.62,0.6
2023-10-20 04:10:00+00:00,9.31,7.1,3.6100000000000003,0.6
2023-10-20 04:20:00+00:00,9.3,7.0,3.6,0.6
2023-10-20 04:30:00+00:00,9.3,7.0,3.6100000000000003,0.8999999999999999
2023-10-20 04:40:00+00:00,9.3,7.0,3.62,1.2
2023-10-20 04:50:00+00:00,9.3,7.0,3.63,1.5
2023-10-20 05:00:00+00:00,9.3,7.0,3.64,1.7999999999999998
2023-10-20 05:10:00+00:00,9.3,7.0,3.6500000000000004,2.1
2023-10-20 05:20:00+00:00,9.3,7.0,3.66,2.4
2023-10-20 05:30:00+00:00,9.3,7.0,3.67,2.7
2023-10-20 05:40:00+00:00,9.3,7.0,3.68,3.0
2023-10-20 05:50:00+00:00,9.3,7.0,3.6900000000000004,3.3
2023-10-20 06:00:00+00:00,9.3,7.0,3.7,3.6
2023-10-20 06:10:00+00:00,9.2,8.0,3.6,4.1
2023-10-20 06:20:00+00:00,9.2,8.0,3.6,4.1
2023-10-20 06:30:00+00:00,9.2,8.0,3.6,4.1
2023-10-20 06:40:00+00:00,9.2,7.0,3.6,4.1
2023-10-20 06:50:00+00:00,9.1,7.0,3.6,4.1
2023-10-20 07:00:00+00:00,9.1,8.0,3.6,4.1
2023-10-20 07:10:00+00:00,9.1,7.0,3.6,4.1
2023-10-20 07:20:00+00:00,9.1,7.0,3.6,4.1
2023-10-20 07:30:00+00:00,9.1,7.0,3.6,4.1
2023-10-20 07:40:00+00:00,9.1,7.0,3.6,4.1
2023-10-20 07:50:00+00:00,9.1,7.0,3.6,4.1
2023-10-20 08:00:00+00:00,9.1,7.0,3.6,4.1
2023-10-20 08:10:00+00:00,9.2,7.0,3.6,4.1
2023-10-20 08:20:00+00:00,9.1,8.0,3.6,4.1
2023-10-20 08:30:00+00:00,9.1,8.0,3.6,4.1
2023-10-20 08:40:00+00:00,9.1,7.0,3.6,4.1
2023-10-20 08:50:00+00:00,9.1,8.0,3.6,4.1
2023-10-20 09:00:00+00:00,9.1,7.0,3.6,4.1
2023-10-20 09:10:00+00:00,9.1,7.0,3.6,4.1
2023-10-20 09:20:00+00:00,9.1,7.0,3.6,4.1
2023-10-20 09:30:00+00:00,9.1,7.0,3.6,4.1
2023-10-20 09:40:00+00:00,9.1,7.0,3.6,4.1
2023-10-20 09:50:00+00:00,9.1,7.0,3.6,4.1
2023-10-20 10:00:00+00:00,9.2,7.0,3.6,4.1
2023-10-20 10:10:00+00:00,9.1,7.0,3.5,4.1
2023-10-20 10:20:00+00:00,9.1,7.0,3.5,4.1
2023-10-20 10:30:00+00:00,9.1,7.0,3.5,4.1
2023-10-20 10:40:00+00:00,9.1,7.0,3.6,4.1
2023-10-20 10:50:00+00:00,9.1,7.0,3.6,4.1
2023-10-20 11:00:00+00:00,9.1,7.0,3.6,4.1
2023-10-20 11:10:00+00:00,9.1,7.0,3.6,4.1
2023-10-20 11:20:00+00:00,9.1,7.0,3.6,4.1
2023-10-20 11:30:00+00:00,9.1,7.0,3.6,4.1
2023-10-20 11:40:00+00:00,9.1,7.0,3.6,4.1
2023-10-20 11:50:00+00:00,9.1,7.0,3.6,4.1
2023-10-20 12:00:00+00:00,9.1,7.0,3.6,4.1
2023-10-20 12:10:00+00:00,9.1,8.0,3.6,4.1
2023-10-20 12:20:00+00:00,9.1,7.0,3.6,4.1
2023-10-20 12:30:00+00:00,9.1,7.0,3.6,3.9
2023-10-20 12:40:00+00:00,9.1,7.0,3.7,4.1
2023-10-20 12:50:00+00:00,9.1,7.0,3.6,4.1
2023-10-20 13:00:00+00:00,9.149999999999999,7.0,3.6,4.1
2023-10-20 13:10:00+00:00,9.2,7.0,3.6,4.1
2023-10-20 13:20:00+00:00,9.1,7.0,3.6,4.1
2023-10-20 13:30:00+00:00,9.1,8.0,3.6,4.1
2023-10-20 13:40:00+00:00,9.1,7.0,3.6,4.1
2023-10-20 13:50:00+00:00,9.1,7.0,3.6,4.1
2023-10-20 14:00:00+00:00,9.1,7.0,3.6,4.1
2023-10-20 14:10:00+00:00,9.1,7.0,3.6,4.1
2023-10-20 14:20:00+00:00,9.1,7.0,3.6,4.1
2023-10-20 14:30:00+00:00,9.1,7.0,3.6,4.1
2023-10-20 14:40:00+00:00,9.1,7.5,3.6500000000000004,4.0
2023-10-20 14:50:00+00:00,9.1,8.0,3.7,3.9
2023-10-20 15:00:00+00:00,9.1,7.0,3.7,4.1
2023-10-20 15:10:00+00:00,9.1,7.0,3.7,4.1
2023-10-20 15:20:00+00:00,9.1,6.0,3.6,3.8
2023-10-20 15:30:00+00:00,9.1,7.0,3.6,3.3
2023-10-20 15:40:00+00:00,9.0,6.0,3.7,3.3
2023-10-20 15:50:00+00:00,9.1,7.0,3.6,2.0
2023-10-20 16:00:00+00:00,9.0,7.0,3.6,0.9
2023-10-20 16:10:00+00:00,8.98857142857143,7.0095238095238095,3.601904761904762,0.9304761904761905
2023-10-20 16:20:00+00:00,8.977142857142857,7.019047619047619,3.603809523809524,0.960952380952381
2023-10-20 16:30:00+00:00,8.965714285714286,7.0285714285714285,3.605714285714286,0.9914285714285714
2023-10-20 16:40:00+00:00,8.954285714285714,7.038095238095238,3.6076190476190475,1.0219047619047619
2023-10-20 16:50:00+00:00,8.942857142857143,7.0476190476190474,3.6095238095238096,1.0523809523809524
2023-10-20 17:00:00+00:00,8.93142857142857,7.057142857142857,3.6114285714285717,1.0828571428571427
2023-10-20 17:10:00+00:00,8.92,7.066666666666666,3.6133333333333333,1.1133333333333333
2023-10-20 17:20:00+00:00,8.90857142857143,7.076190476190476,3.6152380952380954,1.1438095238095238
2023-10-20 17:30:00+00:00,8.897142857142857,7.085714285714285,3.617142857142857,1.1742857142857144
2023-10-20 17:40:00+00:00,8.885714285714286,7.095238095238095,3.619047619047619,1.2047619047619047
2023-10-20 17:50:00+00:00,8.874285714285714,7.104761904761904,3.620952380952381,1.2352380952380952
2023-10-20 18:00:00+00:00,8.862857142857143,7.114285714285714,3.6228571428571428,1.2657142857142856
2023-10-20 18:10:00+00:00,8.85142857142857,7.123809523809523,3.624761904761905,1.2961904761904761
2023-10-20 18:20:00+00:00,8.84,7.133333333333334,3.626666666666667,1.3266666666666667
2023-10-20 18:30:00+00:00,8.82857142857143,7.142857142857143,3.6285714285714286,1.3571428571428572
2023-10-20 18:40:00+00:00,8.817142857142857,7.152380952380953,3.6304761904761906,1.3876190476190475
2023-10-20 18:50:00+00:00,8.805714285714286,7.161904761904762,3.6323809523809523,1.418095238095238
2023-10-20 19:00:00+00:00,8.794285714285714,7.171428571428572,3.6342857142857143,1.4485714285714284
2023-10-20 19:10:00+00:00,8.782857142857143,7.180952380952381,3.6361904761904764,1.479047619047619
2023-10-20 19:20:00+00:00,8.771428571428572,7.190476190476191,3.638095238095238,1.5095238095238095
2023-10-20 19:30:00+00:00,8.76,7.2,3.64,1.54
2023-10-20 19:40:00+00:00,8.748571428571429,7.20952380952381,3.6419047619047618,1.5704761904761906
2023-10-20 19:50:00+00:00,8.737142857142857,7.219047619047619,3.643809523809524,1.600952380952381
2023-10-20 20:00:00+00:00,8.725714285714286,7.228571428571429,3.645714285714286,1.6314285714285712
2023-10-20 20:10:00+00:00,,,,
2023-10-20 20:20:00+00:00,,,,
2023-10-20 20:30:00+00:00,,,,
2023-10-20 20:40:00+00:00,,,,
2023-10-20 20:50:00+00:00,,,,
2023-10-20 21:00:00+00:00,,,,
2023-10-20 21:10:00+00:00,,,,
2023-10-20 21:20:00+00:00,,,,
2023-10-20 21:30:00+00:00,,,,
2023-10-20 21:40:00+00:00,,,,
2023-10-20 21:50:00+00:00,,,,
2023-10-20 22:00:00+00:00,,,,
2023-10-20 22:10:00+00:00,,,,
2023-10-20 22:20:00+00:00,,,,
2023-10-20 22:30:00+00:00,,,,
2023-10-20 22:40:00+00:00,,,,
2023-10-20 22:50:00+00:00,,,,
2023-10-20 23:00:00+00:00,,,,
2023-10-20 23:10:00+00:00,,,,
2023-10-20 23:20:00+00:00,,,,
2023-10-20 23:30:00+00:00,,,,
2023-10-20 23:40:00+00:00,,,,
2023-10-20 23:50:00+00:00,,,,
2023-10-21 00:00:00+00:00,,,,
2023-10-21 00:10:00+00:00,,,,
2023-10-21 00:20:00+00:00,,,,
2023-10-21 00:30:00+00:00,,,,
2023-10-21 00:40:00+00:00,,,,
2023-10-21 00:50:00+00:00,,,,
2023-10-21 01:00:00+00:00,,,,
2023-10-21 01:10:00+00:00,,,,
2023-10-21 01:20:00+00:00,,,,
2023-10-21 01:30:00+00:00,,,,
2023-10-21 01:40:00+00:00,,,,
2023-10-21 01:50:00+00:00,,,,
2023-10-21 02:00:00+00:00,,,,
2023-10-21 02:10:00+00:00,,,,
2023-10-21 02:20:00+00:00,,,,
2023-10-21 02:30:00+00:00,,,,
2023-10-21 02:40:00+00:00,,,,
2023-10-21 02:50:00+00:00,,,,
2023-10-21 03:00:00+00:00,,,,
2023-10-21 03:10:00+00:00,,,,
2023-10-21 03:20:00+00:00,,,,
2023-10-21 03:30:00+00:00,,,,
2023-10-21 03:40:00+00:00,,,,
2023-10-21 03:50:00+00:00,,,,
2023-10-21 04:00:00+00:00,,,,
2023-10-21 04:10:00+00:00,,,,
2023-10-21 04:20:00+00:00,,,,
2023-10-21 04:30:00+00:00,,,,
2023-10-21 04:40:00+00:00,,,,
2023-10-21 04:50:00+00:00,,,,
2023-10-21 05:00:00+00:00,,,,
2023-10-21 05:10:00+00:00,,,,
2023-10-21 05:20:00+00:00,,,,
2023-10-21 05:30:00+00:00,,,,
2023-10-21 05:40:00+00:00,,,,
2023-10-21 05:50:00+00:00,,,,
2023-10-21 06:00:00+00:00,,,,
2023-10-21 06:10:00+00:00,,,,
2023-10-21 06:20:00+00:00,,,,
2023-10-21 06:30:00+00:00,,,,
2023-10-21 06:40:00+00:00,,,,
2023-10-21 06:50:00+00:00,,,,
2023-10-21 07:00:00+00:00,,,,
2023-10-21 07:10:00+00:00,,,,
2023-10-21 07:20:00+00:00,,,,
2023-10-21 07:30:00+00:00,,,,
2023-10-21 07:40:00+00:00,,,,
2023-10-21 07:50:00+00:00,,,,
2023-10-21 08:00:00+00:00,,,,
2023-10-21 08:10:00+00:00,,,,
2023-10-21 08:20:00+00:00,,,,
2023-10-21 08:30:00+00:00,,,,
2023-10-21 08:40:00+00:00,,,,
2023-10-21 08:50:00+00:00,,,,
2023-10-21 09:00:00+00:00,,,,
2023-10-21 09:10:00+00:00,,,,
2023-10-21 09:20:00+00:00,,,,
2023-10-21 09:30:00+00:00,7.8,8.0,3.8,4.1
2023-10-21 09:40:00+00:00,7.8,8.0,3.8,4.1
2023-10-21 09:50:00+00:00,7.8,8.0,3.8,4.1
2023-10-21 10:00:00+00:00,7.8,8.0,3.8,4.1
2023-10-21 10:10:00+00:00,7.8,8.0,3.8,4.1
2023-10-21 10:20:00+00:00,7.8,8.0,3.8,4.1
2023-10-21 10:30:00+00:00,7.85,7.5,4.05,4.1
2023-10-21 10:40:00+00:00,7.9,7.0,4.3,4.1
2023-10-21 10:50:00+00:00,7.9,7.0,4.2,4.1
2023-10-21 11:00:00+00:00,7.9,7.0,4.1,4.1
2023-10-21 11:10:00+00:00,7.9,7.0,4.0,4.1
2023-10-21 11:20:00+00:00,7.9,7.0,4.0,4.1
2023-10-21 11:30:00+00:00,7.9,7.0,4.1,4.1
2023-10-21 11:40:00+00:00,7.9,7.0,4.2,4.1
2023-10-21 11:50:00+00:00,7.9,7.0,4.1,4.1
2023-10-21 12:00:00+00:00,7.933333333333334,7.0,4.066666666666666,4.033333333333333
2023-10-21 12:10:00+00:00,7.966666666666667,7.0,4.033333333333333,3.9666666666666663
2023-10-21 12:20:00+00:00,8.0,7.0,4.0,3.9
2023-10-21 12:30:00+00:00,8.0,7.0,5.2,4.0
2023-10-21 12:40:00+00:00,8.0,7.0,6.4,4.1
2023-10-21 12:50:00+00:00,8.0,7.0,6.5,4.1
2023-10-21 13:00:00+00:00,8.0,7.0,6.6,4.1
2023-10-21 13:10:00+00:00,8.0,7.0,6.4,4.1
2023-10-21 13:20:00+00:00,8.0,7.0,6.5,4.1
2023-10-21 13:30:00+00:00,8.0,7.0,6.6,4.1
2023-10-21 13:40:00+00:00,8.0,7.0,6.7,4.1
2023-10-21 13:50:00+00:00,8.0,7.0,6.7,4.1
2023-10-21 14:00:00+00:00,8.1,7.0,6.8,4.1
2023-10-21 14:10:00+00:00,8.110280373831776,7.0,6.846728971962617,4.1
2023-10-21 14:20:00+00:00,8.120560747663552,7.0,6.893457943925234,4.1
2023-10-21 14:30:00+00:00,8.130841121495326,7.0,6.940186915887851,4.1
2023-10-21 14:40:00+00:00,8.141121495327102,7.0,6.986915887850467,4.1
2023-10-21 14:50:00+00:00,8.151401869158878,7.0,7.033644859813084,4.1
2023-10-21 15:00:00+00:00,8.161682242990654,7.0,7.080373831775701,4.1
2023-10-21 15:10:00+00:00,8.17196261682243,7.0,7.1271028037383175,4.1
2023-10-21 15:20:00+00:00,8.182242990654204,7.0,7.173831775700934,4.1
2023-10-21 15:30:00+00:00,8.19252336448598,7.0,7.220560747663551,4.1
2023-10-21 15:40:00+00:00,8.202803738317757,7.0,7.267289719626168,4.1
2023-10-21 15:50:00+00:00,8.213084112149533,7.0,7.314018691588785,4.1
2023-10-21 16:00:00+00:00,8.223364485981309,7.0,7.360747663551402,4.1
2023-10-21 16:10:00+00:00,8.233644859813083,7.0,7.407476635514018,4.1
2023-10-21 16:20:00+00:00,8.243925233644859,7.0,7.454205607476635,4.1
2023-10-21 16:30:00+00:00,8.254205607476635,7.0,7.500934579439252,4.1
2023-10-21 16:40:00+00:00,8.264485981308411,7.0,7.547663551401869,4.1
2023-10-21 16:50:00+00:00,8.274766355140187,7.0,7.594392523364486,4.1
2023-10-21 17:00:00+00:00,8.285046728971961,7.0,7.641121495327103,4.1
2023-10-21 17:10:00+00:00,8.295327102803737,7.0,7.68785046728972,4.1
2023-10-21 17:20:00+00:00,8.305607476635513,7.0,7.734579439252336,4.1
2023-10-21 17:30:00+00:00,8.31588785046729,7.0,7.781308411214953,4.1
2023-10-21 17:40:00+00:00,8.326168224299066,7.0,7.82803738317757,4.1
2023-10-21 17:50:00+00:00,8.33644859813084,7.0,7.874766355140187,4.1
2023-10-21 18:00:00+00:00,8.346728971962616,7.0,7.921495327102804,4.1
2023-10-21 18:10:00+00:00,,,,
2023-10-21 18:20:00+00:00,,,,
2023-10-21 18:30:00+00:00,,,,
2023-10-21 18:40:00+00:00,,,,
2023-10-21 18:50:00+00:00,,,,
2023-10-21 19:00:00+00:00,,,,
2023-10-21 19:10:00+00:00,,,,
2023-10-21 19:20:00+00:00,,,,
2023-10-21 19:30:00+00:00,,,,
2023-10-21 19:40:00+00:00,,,,
2023-10-21 19:50:00+00:00,,,,
2023-10-21 20:00:00+00:00,,,,
2023-10-21 20:10:00+00:00,,,,
2023-10-21 20:20:00+00:00,,,,
2023-10-21 20:30:00+00:00,,,,
2023-10-21 20:40:00+00:00,,,,
2023-10-21 20:50:00+00:00,,,,
2023-10-21 21:00:00+00:00,,,,
2023-10-21 21:10:00+00:00,,,,
2023-10-21 21:20:00+00:00,,,,
2023-10-21 21:30:00+00:00,,,,
2023-10-21 21:40:00+00:00,,,,
2023-10-21 21:50:00+00:00,,,,
2023-10-21 22:00:00+00:00,,,,
2023-10-21 22:10:00+00:00,,,,
2023-10-21 22:20:00+00:00,,,,
2023-10-21 22:30:00+00:00,,,,
2023-10-21 22:40:00+00:00,,,,
2023-10-21 22:50:00+00:00,,,,
2023-10-21 23:00:00+00:00,,,,
2023-10-21 23:10:00+00:00,,,,
2023-10-21 23:20:00+00:00,,,,
2023-10-21 23:30:00+00:00,,,,
2023-10-21 23:40:00+00:00,,,,
2023-10-21 23:50:00+00:00,,,,
2023-10-22 00:00:00+00:00,,,,
2023-10-22 00:10:00+00:00,,,,
2023-10-22 00:20:00+00:00,,,,
2023-10-22 00:30:00+00:00,,,,
2023-10-22 00:40:00+00:00,,,,
2023-10-22 00:50:00+00:00,,,,
2023-10-22 01:00:00+00:00,,,,
2023-10-22 01:10:00+00:00,,,,
2023-10-22 01:20:00+00:00,,,,
2023-10-22 01:30:00+00:00,,,,
2023-10-22 01:40:00+00:00,,,,
2023-10-22 01:50:00+00:00,,,,
2023-10-22 02:00:00+00:00,,,,
2023-10-22 02:10:00+00:00,,,,
2023-10-22 02:20:00+00:00,,,,
2023-10-22 02:30:00+00:00,,,,
2023-10-22 02:40:00+00:00,,,,
2023-10-22 02:50:00+00:00,,,,
2023-10-22 03:00:00+00:00,,,,
2023-10-22 03:10:00+00:00,,,,
2023-10-22 03:20:00+00:00,,,,
2023-10-22 03:30:00+00:00,,,,
2023-10-22 03:40:00+00:00,,,,
2023-10-22 03:50:00+00:00,,,,
2023-10-22 04:00:00+00:00,,,,
2023-10-22 04:10:00+00:00,,,,
2023-10-22 04:20:00+00:00,,,,
2023-10-22 04:30:00+00:00,,,,
2023-10-22 04:40:00+00:00,,,,
2023-10-22 04:50:00+00:00,,,,
2023-10-22 05:00:00+00:00,,,,
2023-10-22 05:10:00+00:00,,,,
2023-10-22 05:20:00+00:00,,,,
2023-10-22 05:30:00+00:00,,,,
2023-10-22 05:40:00+00:00,,,,
2023-10-22 05:50:00+00:00,,,,
2023-10-22 06:00:00+00:00,,,,
2023-10-22 06:10:00+00:00,,,,
2023-10-22 06:20:00+00:00,,,,
2023-10-22 06:30:00+00:00,,,,
2023-10-22 06:40:00+00:00,,,,
2023-10-22 06:50:00+00:00,,,,
2023-10-22 07:00:00+00:00,,,,
2023-10-22 07:10:00+00:00,,,,
2023-10-22 07:20:00+00:00,,,,
2023-10-22 07:30:00+00:00,,,,
2023-10-22 07:40:00+00:00,,,,
2023-10-22 07:50:00+00:00,9.2,7.0,11.8,4.1
2023-10-22 08:00:00+00:00,9.2,6.0,11.7,4.1
2023-10-22 08:10:00+00:00,9.2,7.0,11.8,4.1
2023-10-22 08:20:00+00:00,9.2,7.0,11.7,4.1
2023-10-22 08:30:00+00:00,9.2,7.0,11.8,4.1
2023-10-22 08:40:00+00:00,9.2,7.0,11.7,4.1
2023-10-22 08:50:00+00:00,9.2,7.0,11.8,4.1
2023-10-22 09:00:00+00:00,9.2,7.0,11.8,4.1
2023-10-22 09:10:00+00:00,9.2,7.0,11.7,3.9
2023-10-22 09:20:00+00:00,9.2,7.0,11.75,4.0
2023-10-22 09:30:00+00:00,9.2,7.0,11.8,4.1
2023-10-22 09:40:00+00:00,9.3,7.0,11.7,4.1
2023-10-22 09:50:00+00:00,9.3,7.0,11.8,4.1
2023-10-22 10:00:00+00:00,9.3,7.0,11.7,4.1
2023-10-22 10:10:00+00:00,9.3,7.0,11.8,4.1
2023-10-22 10:20:00+00:00,9.3,7.0,11.7,4.1
2023-10-22 10:30:00+00:00,9.3,7.0,11.6,4.1
2023-10-22 10:40:00+00:00,9.3,6.0,11.6,4.1
2023-10-22 10:50:00+00:00,9.3,7.0,11.5,4.1
2023-10-22 11:00:00+00:00,9.3,7.0,10.9,4.1
2023-10-22 11:10:00+00:00,9.3,7.0,10.8,4.1
2023-10-22 11:20:00+00:00,9.3,7.0,10.7,4.1
2023-10-22 11:30:00+00:00,9.3,7.0,11.2,4.1
2023-10-22 11:40:00+00:00,9.3,7.0,11.1,4.1
2023-10-22 11:50:00+00:00,9.4,7.0,11.1,4.1
2023-10-22 12:00:00+00:00,9.4,7.0,11.4,4.1
2023-10-22 12:10:00+00:00,9.4,8.0,11.6,4.1
2023-10-22 12:20:00+00:00,9.4,6.0,11.7,4.1
2023-10-22 12:30:00+00:00,9.4,7.0,11.8,4.1
2023-10-22 12:40:00+00:00,9.4,7.0,11.7,4.1
2023-10-22 12:50:00+00:00,9.5,7.0,11.8,4.1
2023-10-22 13:00:00+00:00,9.5,7.0,11.8,4.1
2023-10-22 13:10:00+00:00,9.5,7.0,11.8,4.1
2023-10-22 13:20:00+00:00,9.5,7.0,10.9,3.9
2023-10-22 13:30:00+00:00,9.5,7.0,11.6,4.1
2023-10-22 13:40:00+00:00,9.5,7.0,11.8,4.1
2023-10-22 13:50:00+00:00,9.5,7.0,11.8,4.1
2023-10-22 14:00:00+00:00,9.6,7.0,11.7,4.1
2023-10-22 14:10:00+00:00,9.6,7.0,11.7,4.1
2023-10-22 14:20:00+00:00,9.6,7.0,11.7,4.1
2023-10-22 14:30:00+00:00,9.6,8.0,11.8,4.1
2023-10-22 14:40:00+00:00,9.6,7.0,11.7,4.1
2023-10-22 14:50:00+00:00,9.6,7.0,11.7,4.1
2023-10-22 15:00:00+00:00,9.6,7.0,11.7,4.1
2023-10-22 15:10:00+00:00,9.6,7.0,11.8,4.1
2023-10-22 15:20:00+00:00,9.6,7.0,11.7,4.1
2023-10-22 15:30:00+00:00,9.6,7.0,11.8,3.5
2023-10-22 15:40:00+00:00,9.7,7.0,11.8,2.9
2023-10-22 15:50:00+00:00,9.7,7.0,11.8,1.7
2023-10-22 16:00:00+00:00,9.7,7.0,11.8,0.9
2023-10-22 16:10:00+00:00,9.707692307692307,7.0,11.8,0.8615384615384616
2023-10-22 16:20:00+00:00,9.715384615384615,7.0,11.8,0.823076923076923
2023-10-22 16:30:00+00:00,9.723076923076922,7.0,11.8,0.7846153846153846
2023-10-22 16:40:00+00:00,9.73076923076923,7.0,11.8,0.7461538461538462
2023-10-22 16:50:00+00:00,9.738461538461538,7.0,11.8,0.7076923076923077
2023-10-22 17:00:00+00:00,9.746153846153845,7.0,11.8,0.6692307692307693
2023-10-22 17:10:00+00:00,9.753846153846155,7.0,11.8,0.6307692307692307
2023-10-22 17:20:00+00:00,9.761538461538462,7.0,11.8,0.5923076923076923
2023-10-22 17:30:00+00:00,9.76923076923077,7.0,11.8,0.5538461538461539
2023-10-22 17:40:00+00:00,9.776923076923078,7.0,11.8,0.5153846153846153
2023-10-22 17:50:00+00:00,9.784615384615385,7.0,11.8,0.4769230769230769
2023-10-22 18:00:00+00:00,9.792307692307693,7.0,11.8,0.43846153846153846
2023-10-22 18:10:00+00:00,9.8,7.0,11.8,0.4
2023-10-22 18:20:00+00:00,9.80379746835443,7.0,11.79873417721519,0.44683544303797473
2023-10-22 18:30:00+00:00,9.807594936708862,7.0,11.79746835443038,0.4936708860759494
2023-10-22 18:40:00+00:00,9.811392405063291,7.0,11.79620253164557,0.540506329113924
2023-10-22 18:50:00+00:00,9.815189873417722,7.0,11.79493670886076,0.5873417721518988
2023-10-22 19:00:00+00:00,9.818987341772152,7.0,11.79367088607595,0.6341772151898735
2023-10-22 19:10:00+00:00,9.822784810126583,7.0,11.79240506329114,0.6810126582278482
2023-10-22 19:20:00+00:00,9.826582278481013,7.0,11.791139240506329,0.7278481012658228
2023-10-22 19:30:00+00:00,9.830379746835444,7.0,11.78987341772152,0.7746835443037975
2023-10-22 19:40:00+00:00,9.834177215189873,7.0,11.788607594936709,0.8215189873417722
2023-10-22 19:50:00+00:00,9.837974683544305,7.0,11.7873417721519,0.8683544303797468
2023-10-22 20:00:00+00:00,9.841772151898734,7.0,11.786075949367088,0.9151898734177215
2023-10-22 20:10:00+00:00,9.845569620253166,7.0,11.784810126582279,0.9620253164556962
2023-10-22 20:20:00+00:00,9.849367088607595,7.0,11.783544303797468,1.008860759493671
2023-10-22 20:30:00+00:00,9.853164556962026,7.0,11.782278481012659,1.0556962025316454
2023-10-22 20:40:00+00:00,9.856962025316456,7.0,11.781012658227848,1.1025316455696204
2023-10-22 20:50:00+00:00,9.860759493670887,7.0,11.779746835443039,1.1493670886075948
2023-10-22 21:00:00+00:00,9.864556962025317,7.0,11.778481012658228,1.1962025316455698
2023-10-22 21:10:00+00:00,9.868354430379748,7.0,11.777215189873418,1.2430379746835443
2023-10-22 21:20:00+00:00,9.872151898734177,7.0,11.775949367088607,1.289873417721519
2023-10-22 21:30:00+00:00,9.875949367088609,7.0,11.774683544303798,1.3367088607594937
2023-10-22 21:40:00+00:00,9.879746835443038,7.0,11.773417721518987,1.3835443037974684
2023-10-22 21:50:00+00:00,9.88354430379747,7.0,11.772151898734178,1.4303797468354431
2023-10-22 22:00:00+00:00,9.887341772151899,7.0,11.770886075949367,1.4772151898734176
2023-10-22 22:10:00+00:00,9.89113924050633,7.0,11.769620253164558,1.5240506329113925
2023-10-22 22:20:00+00:00,,,,
2023-10-22 22:30:00+00:00,,,,
2023-10-22 22:40:00+00:00,,,,
2023-10-22 22:50:00+00:00,,,,
2023-10-22 23:00:00+00:00,,,,
2023-10-22 23:10:00+00:00,,,,
2023-10-22 23:20:00+00:00,,,,
2023-10-22 23:30:00+00:00,,,,
2023-10-22 23:40:00+00:00,,,,
2023-10-22 23:50:00+00:00,,,,
2023-10-23 00:00:00+00:00,,,,
2023-10-23 00:10:00+00:00,,,,
2023-10-23 00:20:00+00:00,,,,
2023-10-23 00:30:00+00:00,,,,
2023-10-23 00:40:00+00:00,,,,
2023-10-23 00:50:00+00:00,,,,
2023-10-23 01:00:00+00:00,,,,
2023-10-23 01:10:00+00:00,,,,
2023-10-23 01:20:00+00:00,,,,
2023-10-23 01:30:00+00:00,,,,
2023-10-23 01:40:00+00:00,,,,
2023-10-23 01:50:00+00:00,,,,
2023-10-23 02:00:00+00:00,,,,
2023-10-23 02:10:00+00:00,,,,
2023-10-23 02:20:00+00:00,,,,
2023-10-23 02:30:00+00:00,,,,
2023-10-23 02:40:00+00:00,,,,
2023-10-23 02:50:00+00:00,,,,
2023-10-23 03:00:00+00:00,,,,
2023-10-23 03:10:00+00:00,,,,
2023-10-23 03:20:00+00:00,,,,
2023-10-23 03:30:00+00:00,,,,
2023-10-23 03:40:00+00:00,,,,
2023-10-23 03:50:00+00:00,,,,
2023-10-23 04:00:00+00:00,,,,
2023-10-23 04:10:00+00:00,,,,
2023-10-23 04:20:00+00:00,,,,
2023-10-23 04:30:00+00:00,,,,
2023-10-23 04:40:00+00:00,,,,
2023-10-23 04:50:00+00:00,,,,
2023-10-23 05:00:00+00:00,,,,
2023-10-23 05:10:00+00:00,,,,
2023-10-23 05:20:00+00:00,,,,
2023-10-23 05:30:00+00:00,,,,
2023-10-23 05:40:00+00:00,,,,
2023-10-23 05:50:00+00:00,,,,
2023-10-23 06:00:00+00:00,,,,
2023-10-23 06:10:00+00:00,,,,
2023-10-23 06:20:00+00:00,,,,
2023-10-23 06:30:00+00:00,,,,
2023-10-23 06:40:00+00:00,,,,
2023-10-23 06:50:00+00:00,,,,
2023-10-23 07:00:00+00:00,,,,
2023-10-23 07:10:00+00:00,,,,
2023-10-23 07:20:00+00:00,10.1,7.0,11.7,4.1
2023-10-23 07:30:00+00:00,10.1,7.0,11.7,4.1
2023-10-23 07:40:00+00:00,10.1,7.0,11.7,4.1
2023-10-23 07:50:00+00:00,10.1,7.0,11.7,4.1
2023-10-23 08:00:00+00:00,10.1,7.0,11.7,4.1
2023-10-23 08:10:00+00:00,10.1,7.0,11.8,4.1
2023-10-23 08:20:00+00:00,10.1,6.0,11.8,4.1
2023-10-23 08:30:00+00:00,10.1,7.0,11.7,4.1
2023-10-23 08:40:00+00:00,10.1,7.0,11.7,4.1
2023-10-23 08:50:00+00:00,10.1,7.0,11.75,4.15
2023-10-23 09:00:00+00:00,10.1,7.0,11.8,4.2
2023-10-23 09:10:00+00:00,10.1,7.0,11.7,4.1
2023-10-23 09:20:00+00:00,10.1,7.0,11.7,4.2
2023-10-23 09:30:00+00:00,10.1,6.0,11.7,4.1
2023-10-23 09:40:00+00:00,10.2,7.0,11.7,4.2
2023-10-23 09:50:00+00:00,10.2,7.0,11.8,4.2
2023-10-23 10:00:00+00:00,10.2,7.0,11.8,4.2
2023-10-23 10:10:00+00:00,10.2,7.0,11.7,4.1
2023-10-23 10:20:00+00:00,10.3,7.0,11.7,4.2
2023-10-23 10:30:00+00:00,10.3,6.0,11.7,4.2
2023-10-23 10:40:00+00:00,10.3,6.5,11.649999999999999,4.15
2023-10-23 10:50:00+00:00,10.3,7.0,11.6,4.1
2023-10-23 11:00:00+00:00,10.3,7.0,11.4,4.1
2023-10-23 11:10:00+00:00,10.3,7.0,11.2,5.8
2023-10-23 11:20:00+00:00,10.3,7.0,11.4,6.2
2023-10-23 11:30:00+00:00,10.3,7.0,11.5,6.3
2023-10-23 11:40:00+00:00,10.3,7.0,11.3,6.3
2023-10-23 11:50:00+00:00,10.4,6.0,11.1,6.3
2023-10-23 12:00:00+00:00,10.4,7.0,11.1,6.4
2023-10-23 12:10:00+00:00,10.4,7.0,10.8,6.4
2023-10-23 12:20:00+00:00,10.4,7.0,11.0,6.4
2023-10-23 12:30:00+00:00,10.4,7.0,10.7,5.25
2023-10-23 12:40:00+00:00,10.4,7.0,10.4,4.1
2023-10-23 12:50:00+00:00,10.5,7.0,10.7,6.4
2023-10-23 13:00:00+00:00,10.5,7.0,10.4,4.1
2023-10-23 13:10:00+00:00,10.5,7.0,10.9,6.3
2023-10-23 13:20:00+00:00,10.5,7.0,11.0,6.4
2023-10-23 13:30:00+00:00,10.5,7.0,10.4,6.4
2023-10-23 13:40:00+00:00,10.5,6.0,10.4,6.4
2023-10-23 13:50:00+00:00,10.5,7.0,10.2,6.4
2023-10-23 14:00:00+00:00,10.5,7.0,10.1,6.35
2023-10-23 14:10:00+00:00,10.5,7.0,10.0,6.3
2023-10-23 14:20:00+00:00,10.5,7.0,9.95,6.3
2023-10-23 14:30:00+00:00,10.5,7.0,9.9,6.3
2023-10-23 14:40:00+00:00,10.5,6.0,9.8,6.3
2023-10-23 14:50:00+00:00,10.5,7.0,9.7,6.2
2023-10-23 15:00:00+00:00,10.5,7.0,9.6,5.9
2023-10-23 15:10:00+00:00,10.5,7.0,9.7,4.1
2023-10-23 15:20:00+00:00,10.5,7.0,9.2,4.1
2023-10-23 15:30:00+00:00,10.5,7.0,9.0,4.1
2023-10-23 15:40:00+00:00,10.5,7.0,8.8,4.0
2023-10-23 15:50:00+00:00,10.5,7.0,8.6,2.4
2023-10-23 16:00:00+00:00,10.5,7.0,8.7,1.2
2023-10-23 16:10:00+00:00,10.5,7.0,8.7,1.0
2023-10-23 16:20:00+00:00,10.5,7.0,8.7,0.8
2023-10-23 16:30:00+00:00,10.47,7.0,8.639999999999999,0.76
2023-10-23 16:40:00+00:00,10.44,7.0,8.58,0.7200000000000001
2023-10-23 16:50:00+00:00,10.41,7.0,8.52,0.68
2023-10-23 17:00:00+00:00,10.379999999999999,7.0,8.459999999999999,0.64
2023-10-23 17:10:00+00:00,10.35,7.0,8.399999999999999,0.6000000000000001
2023-10-23 17:20:00+00:00,10.32,7.0,8.34,0.56
2023-10-23 17:30:00+00:00,10.29,7.0,8.28,0.52
2023-10-23 17:40:00+00:00,10.26,7.0,8.219999999999999,0.48000000000000004
2023-10-23 17:50:00+00:00,10.229999999999999,7.0,8.16,0.44000000000000006
2023-10-23 18:00:00+00:00,10.2,7.0,8.1,0.4
2023-10-23 18:10:00+00:00,10.18,7.0,8.15,0.42000000000000004
2023-10-23 18:20:00+00:00,10.16,7.0,8.2,0.44
2023-10-23 18:30:00+00:00,10.139999999999999,7.0,8.25,0.46
2023-10-23 18:40:00+00:00,10.12,7.0,8.299999999999999,0.48
2023-10-23 18:50:00+00:00,10.1,7.0,8.35,0.5
2023-10-23 19:00:00+00:00,10.08,7.0,8.4,0.52
2023-10-23 19:10:00+00:00,10.06,7.0,8.45,0.54
2023-10-23 19:20:00+00:00,10.04,7.0,8.5,0.56
2023-10-23 19:30:00+00:00,10.02,7.0,8.549999999999999,0.58
2023-10-23 19:40:00+00:00,10.0,7.0,8.6,0.6
2023-10-23 19:50:00+00:00,9.984615384615385,6.923076923076923,8.561538461538461,0.6
2023-10-23 20:00:00+00:00,9.96923076923077,6.846153846153846,8.523076923076923,0.6
2023-10-23 20:10:00+00:00,9.953846153846154,6.769230769230769,8.484615384615385,0.6
2023-10-23 20:20:00+00:00,9.938461538461539,6.6923076923076925,8.446153846153846,0.6
2023-10-23 20:30:00+00:00,9.923076923076923,6.615384615384615,8.407692307692308,0.6
2023-10-23 20:40:00+00:00,9.907692307692308,6.538461538461538,8.36923076923077,0.6
2023-10-23 20:50:00+00:00,9.892307692307693,6.461538461538462,8.33076923076923,0.6
2023-10-23 21:00:00+00:00,9.876923076923077,6.384615384615385,8.292307692307691,0.6
2023-10-23 21:10:00+00:00,9.861538461538462,6.3076923076923075,8.253846153846153,0.6
2023-10-23 21:20:00+00:00,9.846153846153847,6.230769230769231,8.215384615384615,0.6
2023-10-23 21:30:00+00:00,9.830769230769231,6.153846153846153,8.176923076923076,0.6
2023-10-23 21:40:00+00:00,9.815384615384616,6.076923076923077,8.138461538461538,0.6
2023-10-23 21:50:00+00:00,9.8,6.0,8.1,0.6
2023-10-23 22:00:00+00:00,9.770000000000001,6.1,8.07,0.6
2023-10-23 22:10:00+00:00,9.74,6.2,8.04,0.6
2023-10-23 22:20:00+00:00,9.71,6.3,8.01,0.6
2023-10-23 22:30:00+00:00,9.68,6.4,7.9799999999999995,0.6
2023-10-23 22:40:00+00:00,9.65,6.5,7.949999999999999,0.6
2023-10-23 22:50:00+00:00,9.620000000000001,6.6,7.92,0.6
2023-10-23 23:00:00+00:00,9.59,6.7,7.89,0.6
2023-10-23 23:10:00+00:00,9.56,6.8,7.859999999999999,0.6
2023-10-23 23:20:00+00:00,9.53,6.9,7.83,0.6
2023-10-23 23:30:00+00:00,9.5,7.0,7.8,0.6
2023-10-23 23:40:00+00:00,9.48,7.1,7.85,0.6
2023-10-23 23:50:00+00:00,9.46,7.2,7.9,0.6
2023-10-24 00:00:00+00:00,9.44,7.3,7.95,0.6
2023-10-24 00:10:00+00:00,9.42,7.4,8.0,0.6
2023-10-24 00:20:00+00:00,9.4,7.5,8.05,0.6
2023-10-24 00:30:00+00:00,9.38,7.6,8.1,0.6
2023-10-24 00:40:00+00:00,9.360000000000001,7.7,8.15,0.6
2023-10-24 00:50:00+00:00,9.34,7.8,8.200000000000001,0.6
2023-10-24 01:00:00+00:00,9.32,7.9,8.25,0.6
2023-10-24 01:10:00+00:00,9.3,8.0,8.3,0.6
2023-10-24 01:20:00+00:00,9.270000000000001,8.0,8.3,0.6
2023-10-24 01:30:00+00:00,9.24,8.0,8.3,0.6
2023-10-24 01:40:00+00:00,9.21,8.0,8.3,0.6
2023-10-24 01:50:00+00:00,9.18,8.0,8.3,0.6
2023-10-24 02:00:00+00:00,9.15,8.0,8.3,0.6
2023-10-24 02:10:00+00:00,9.120000000000001,8.0,8.3,0.6
2023-10-24 02:20:00+00:00,9.09,8.0,8.3,0.6
2023-10-24 02:30:00+00:00,9.06,8.0,8.3,0.6
2023-10-24 02:40:00+00:00,9.03,8.0,8.3,0.6
2023-10-24 02:50:00+00:00,9.0,8.0,8.3,0.6
2023-10-24 03:00:00+00:00,8.98,7.9,8.3,0.58
2023-10-24 03:10:00+00:00,8.96,7.8,8.3,0.5599999999999999
2023-10-24 03:20:00+00:00,8.94,7.7,8.3,0.54
2023-10-24 03:30:00+00:00,8.92,7.6,8.3,0.52
2023-10-24 03:40:00+00:00,8.9,7.5,8.3,0.5
2023-10-24 03:50:00+00:00,8.88,7.4,8.3,0.48
2023-10-24 04:00:00+00:00,8.860000000000001,7.3,8.3,0.45999999999999996
2023-10-24 04:10:00+00:00,8.84,7.2,8.3,0.44
2023-10-24 04:20:00+00:00,8.82,7.1,8.3,0.42000000000000004
2023-10-24 04:30:00+00:00,8.8,7.0,8.3,0.4
2023-10-24 04:40:00+00:00,8.780000000000001,7.0,8.5,0.77
2023-10-24 04:50:00+00:00,8.76,7.0,8.700000000000001,1.1400000000000001
2023-10-24 05:00:00+00:00,8.74,7.0,8.9,1.5099999999999998
2023-10-24 05:10:00+00:00,8.72,7.0,9.100000000000001,1.88
2023-10-24 05:20:00+00:00,8.7,7.0,9.3,2.25
2023-10-24 05:30:00+00:00,8.68,7.0,9.5,2.6199999999999997
2023-10-24 05:40:00+00:00,8.66,7.0,9.700000000000001,2.9899999999999998
2023-10-24 05:50:00+00:00,8.64,7.0,9.9,3.36
2023-10-24 06:00:00+00:00,8.62,7.0,10.100000000000001,3.73
2023-10-24 06:10:00+00:00,8.6,7.0,10.3,4.1
2023-10-24 06:20:00+00:00,8.5,7.0,11.7,4.1
2023-10-24 06:30:00+00:00,8.5,7.0,11.7,4.1
2023-10-24 06:40:00+00:00,8.5,7.0,11.7,4.1
2023-10-24 06:50:00+00:00,8.5,7.0,11.7,4.1
2023-10-24 07:00:00+00:00,8.5,7.0,11.7,4.1
2023-10-24 07:10:00+00:00,8.5,7.0,11.7,4.1
2023-10-24 07:20:00+00:00,8.5,7.0,11.7,4.1
2023-10-24 07:30:00+00:00,8.5,8.0,11.7,3.9
2023-10-24 07:40:00+00:00,8.5,7.0,11.7,4.1
2023-10-24 07:50:00+00:00,8.5,7.0,11.7,4.1
2023-10-24 08:00:00+00:00,8.5,7.0,11.7,4.1
2023-10-24 08:10:00+00:00,8.6,8.0,11.7,4.1
2023-10-24 08:20:00+00:00,8.6,7.0,11.7,4.1
2023-10-24 08:30:00+00:00,8.6,8.0,11.7,4.1
2023-10-24 08:40:00+00:00,8.6,7.0,11.7,4.1
2023-10-24 08:50:00+00:00,8.6,7.0,11.7,4.1
2023-10-24 09:00:00+00:00,8.6,8.0,11.7,4.1
2023-10-24 09:10:00+00:00,8.6,7.0,11.7,4.1
2023-10-24 09:20:00+00:00,8.6,7.0,11.7,4.1
2023-10-24 09:30:00+00:00,8.6,7.0,11.7,4.1
2023-10-24 09:40:00+00:00,8.6,6.5,11.7,4.15
2023-10-24 09:50:00+00:00,8.6,6.0,11.7,4.2
2023-10-24 10:00:00+00:00,8.6,8.0,8.2,4.2
2023-10-24 10:10:00+00:00,8.6,7.0,8.7,4.0
2023-10-24 10:20:00+00:00,8.6,8.0,9.2,5.7
2023-10-24 10:30:00+00:00,8.6,7.0,9.2,6.0
2023-10-24 10:40:00+00:00,8.6,7.0,9.3,6.1
2023-10-24 10:50:00+00:00,8.7,7.0,9.3,6.1
2023-10-24 11:00:00+00:00,8.7,6.0,9.3,6.2
2023-10-24 11:10:00+00:00,8.7,7.0,9.3,6.2
2023-10-24 11:20:00+00:00,8.7,7.0,9.3,6.2
2023-10-24 11:30:00+00:00,8.7,7.0,9.350000000000001,6.2
2023-10-24 11:40:00+00:00,8.7,7.0,9.4,6.2
2023-10-24 11:50:00+00:00,8.7,7.0,9.4,6.2
2023-10-24 12:00:00+00:00,8.7,7.0,9.2,6.3
2023-10-24 12:10:00+00:00,8.8,7.0,9.2,6.2
2023-10-24 12:20:00+00:00,8.8,7.0,9.0,6.3
2023-10-24 12:30:00+00:00,8.8,7.0,8.9,6.3
2023-10-24 12:40:00+00:00,8.8,7.0,8.8,6.3
2023-10-24 12:50:00+00:00,8.8,7.0,8.7,6.2
2023-10-24 13:00:00+00:00,8.8,7.0,8.6,6.0
2023-10-24 13:10:00+00:00,8.8,7.0,8.6,6.2
2023-10-24 13:20:00+00:00,8.8,7.0,8.6,6.4
2023-10-24 13:30:00+00:00,8.8,7.0,8.6,6.3
2023-10-24 13:40:00+00:00,8.8,7.0,8.5,6.2
2023-10-24 13:50:00+00:00,8.8,7.0,8.3,5.9
2023-10-24 14:00:00+00:00,8.9,7.0,8.3,4.1
2023-10-24 14:10:00+00:00,8.9,7.0,8.3,4.1
2023-10-24 14:20:00+00:00,8.9,7.0,8.2,4.1
2023-10-24 14:30:00+00:00,8.9,7.0,8.0,4.1
2023-10-24 14:40:00+00:00,8.9,7.0,8.3,4.1
2023-10-24 14:50:00+00:00,8.9,8.0,9.3,4.1
2023-10-24 15:00:00+00:00,8.95,7.5,9.25,4.1
2023-10-24 15:10:00+00:00,9.0,7.0,9.2,4.1
2023-10-24 15:20:00+00:00,9.0,7.0,9.1,4.1
2023-10-24 15:30:00+00:00,9.0,7.0,9.2,4.0
2023-10-24 15:40:00+00:00,9.0,7.0,9.3,2.8
2023-10-24 15:50:00+00:00,9.0,7.0,9.3,1.4
2023-10-24 16:00:00+00:00,9.0,7.0,9.4,0.8
2023-10-24 16:10:00+00:00,9.01,7.0,9.63,0.78
2023-10-24 16:20:00+00:00,9.02,7.0,9.86,0.76
2023-10-24 16:30:00+00:00,9.03,7.0,10.09,0.74
2023-10-24 16:40:00+00:00,9.04,7.0,10.32,0.72
2023-10-24 16:50:00+00:00,9.05,7.0,10.55,0.7
2023-10-24 17:00:00+00:00,9.06,7.0,10.78,0.6799999999999999
2023-10-24 17:10:00+00:00,9.07,7.0,11.01,0.66
2023-10-24 17:20:00+00:00,9.08,7.0,11.24,0.64
2023-10-24 17:30:00+00:00,9.09,7.0,11.469999999999999,0.62
2023-10-24 17:40:00+00:00,9.1,7.0,11.7,0.6
2023-10-24 17:50:00+00:00,9.107692307692307,7.0,11.7,0.6
2023-10-24 18:00:00+00:00,9.115384615384615,7.0,11.7,0.6
2023-10-24 18:10:00+00:00,9.123076923076923,7.0,11.7,0.6
2023-10-24 18:20:00+00:00,9.13076923076923,7.0,11.7,0.6
2023-10-24 18:30:00+00:00,9.138461538461538,7.0,11.7,0.6
2023-10-24 18:40:00+00:00,9.146153846153846,7.0,11.7,0.6
2023-10-24 18:50:00+00:00,9.153846153846153,7.0,11.7,0.6
2023-10-24 19:00:00+00:00,9.161538461538461,7.0,11.7,0.6
2023-10-24 19:10:00+00:00,9.169230769230769,7.0,11.7,0.6
2023-10-24 19:20:00+00:00,9.176923076923076,7.0,11.7,0.6
2023-10-24 19:30:00+00:00,9.184615384615384,7.0,11.7,0.6
2023-10-24 19:40:00+00:00,9.192307692307692,7.0,11.7,0.6
2023-10-24 19:50:00+00:00,9.2,7.0,11.7,0.6
2023-10-24 20:00:00+00:00,9.209999999999999,7.0,11.7,0.6
2023-10-24 20:10:00+00:00,9.219999999999999,7.0,11.7,0.6
2023-10-24 20:20:00+00:00,9.23,7.0,11.7,0.6
2023-10-24 20:30:00+00:00,9.24,7.0,11.7,0.6
2023-10-24 20:40:00+00:00,9.25,7.0,11.7,0.6
2023-10-24 20:50:00+00:00,9.26,7.0,11.7,0.6
2023-10-24 21:00:00+00:00,9.27,7.0,11.7,0.6
2023-10-24 21:10:00+00:00,9.280000000000001,7.0,11.7,0.6
2023-10-24 21:20:00+00:00,9.290000000000001,7.0,11.7,0.6
2023-10-24 21:30:00+00:00,9.3,7.0,11.7,0.6
2023-10-24 21:40:00+00:00,9.3,7.0,11.7,0.6
2023-10-24 21:50:00+00:00,9.3,7.0,11.7,0.6
2023-10-24 22:00:00+00:00,9.3,7.0,11.7,0.6
2023-10-24 22:10:00+00:00,9.3,7.0,11.7,0.6
2023-10-24 22:20:00+00:00,9.3,7.0,11.7,0.6
2023-10-24 22:30:00+00:00,9.3,7.0,11.7,0.6
2023-10-24 22:40:00+00:00,9.3,7.0,11.7,0.6
2023-10-24 22:50:00+00:00,9.3,7.0,11.7,0.6
2023-10-24 23:00:00+00:00,9.3,7.0,11.7,0.6
2023-10-24 23:10:00+00:00,9.3,7.0,11.7,0.6
2023-10-24 23:20:00+00:00,9.31,7.0,11.7,0.6
2023-10-24 23:30:00+00:00,9.32,7.0,11.7,0.6
2023-10-24 23:40:00+00:00,9.33,7.0,11.7,0.6
2023-10-24 23:50:00+00:00,9.34,7.0,11.7,0.6
2023-10-25 00:00:00+00:00,9.350000000000001,7.0,11.7,0.6
2023-10-25 00:10:00+00:00,9.360000000000001,7.0,11.7,0.6
2023-10-25 00:20:00+00:00,9.370000000000001,7.0,11.7,0.6
2023-10-25 00:30:00+00:00,9.38,7.0,11.7,0.6
2023-10-25 00:40:00+00:00,9.39,7.0,11.7,0.6
2023-10-25 00:50:00+00:00,9.4,7.0,11.7,0.6
2023-10-25 01:00:00+00:00,9.4,7.0,11.7,0.58
2023-10-25 01:10:00+00:00,9.4,7.0,11.7,0.5599999999999999
2023-10-25 01:20:00+00:00,9.4,7.0,11.7,0.54
2023-10-25 01:30:00+00:00,9.4,7.0,11.7,0.52
2023-10-25 01:40:00+00:00,9.4,7.0,11.7,0.5
2023-10-25 01:50:00+00:00,9.4,7.0,11.7,0.48
2023-10-25 02:00:00+00:00,9.4,7.0,11.7,0.45999999999999996
2023-10-25 02:10:00+00:00,9.4,7.0,11.7,0.44
2023-10-25 02:20:00+00:00,9.4,7.0,11.7,0.42000000000000004
2023-10-25 02:30:00+00:00,9.4,7.0,11.7,0.4
2023-10-25 02:40:00+00:00,9.4,7.0,11.7,0.42000000000000004
2023-10-25 02:50:00+00:00,9.4,7.0,11.7,0.44
2023-10-25 03:00:00+00:00,9.4,7.0,11.7,0.46
2023-10-25 03:10:00+00:00,9.4,7.0,11.7,0.48
2023-10-25 03:20:00+00:00,9.4,7.0,11.7,0.5
2023-10-25 03:30:00+00:00,9.4,7.0,11.7,0.52
2023-10-25 03:40:00+00:00,9.4,7.0,11.7,0.54
2023-10-25 03:50:00+00:00,9.4,7.0,11.7,0.56
2023-10-25 04:00:00+00:00,9.4,7.0,11.7,0.58
2023-10-25 04:10:00+00:00,9.4,7.0,11.7,0.6
2023-10-25 04:20:00+00:00,9.4,7.0,11.7,0.83
2023-10-25 04:30:00+00:00,9.4,7.0,11.7,1.06
2023-10-25 04:40:00+00:00,9.4,7.0,11.7,1.29
2023-10-25 04:50:00+00:00,9.4,7.0,11.7,1.52
2023-10-25 05:00:00+00:00,9.4,7.0,11.7,1.75
2023-10-25 05:10:00+00:00,9.4,7.0,11.7,1.98
2023-10-25 05:20:00+00:00,9.4,7.0,11.7,2.21
2023-10-25 05:30:00+00:00,9.4,7.0,11.7,2.44
2023-10-25 05:40:00+00:00,9.4,7.0,11.7,2.67
2023-10-25 05:50:00+00:00,9.4,7.0,11.7,2.9
2023-10-25 06:00:00+00:00,9.4,7.0,11.8,4.1
2023-10-25 06:10:00+00:00,9.4,8.0,11.7,4.1
2023-10-25 06:20:00+00:00,9.4,6.0,11.7,4.1
2023-10-25 06:30:00+00:00,9.4,8.0,11.7,4.1
2023-10-25 06:40:00+00:00,9.4,7.0,11.7,4.1
2023-10-25 06:50:00+00:00,9.4,6.0,11.7,4.1
2023-10-25 07:00:00+00:00,9.4,7.0,11.7,4.1
2023-10-25 07:10:00+00:00,9.4,7.0,11.7,4.1
2023-10-25 07:20:00+00:00,9.4,7.0,11.7,4.1
2023-10-25 07:30:00+00:00,9.4,7.0,11.7,4.1
2023-10-25 07:40:00+00:00,9.4,7.0,11.7,4.1
2023-10-25 07:50:00+00:00,9.4,7.0,11.7,4.1
2023-10-25 08:00:00+00:00,9.3,7.0,11.7,4.1
2023-10-25 08:10:00+00:00,9.3,7.0,11.7,4.1
2023-10-25 08:20:00+00:00,9.3,7.0,11.7,4.1
2023-10-25 08:30:00+00:00,9.3,7.0,11.7,4.1
2023-10-25 08:40:00+00:00,9.3,7.0,11.7,4.1
2023-10-25 08:50:00+00:00,9.3,7.0,11.7,3.9
2023-10-25 09:00:00+00:00,9.3,6.0,11.7,4.1
2023-10-25 09:10:00+00:00,9.3,7.0,11.7,4.1
2023-10-25 09:20:00+00:00,9.3,7.0,11.7,4.1
2023-10-25 09:30:00+00:00,9.3,7.0,11.7,4.1
2023-10-25 09:40:00+00:00,9.3,6.0,11.7,4.2
2023-10-25 09:50:00+00:00,9.3,7.0,11.7,4.1
2023-10-25 10:00:00+00:00,9.3,7.0,11.7,4.1
2023-10-25 10:10:00+00:00,9.3,7.0,11.8,4.1
2023-10-25 10:20:00+00:00,9.3,6.5,11.75,4.1
2023-10-25 10:30:00+00:00,9.3,6.0,11.7,4.1
2023-10-25 10:40:00+00:00,9.3,6.0,11.7,4.1
2023-10-25 10:50:00+00:00,9.3,7.0,11.7,4.1
2023-10-25 11:00:00+00:00,9.3,7.0,11.6,4.1
2023-10-25 11:10:00+00:00,9.3,7.0,11.6,4.1
2023-10-25 11:20:00+00:00,9.3,7.0,11.6,4.1
2023-10-25 11:30:00+00:00,9.3,6.0,11.6,4.1
2023-10-25 11:40:00+00:00,9.3,6.0,11.6,4.1
2023-10-25 11:50:00+00:00,9.3,7.0,11.6,4.1
2023-10-25 12:00:00+00:00,9.3,7.0,11.6,4.1
2023-10-25 12:10:00+00:00,9.3,7.0,11.649999999999999,4.1
2023-10-25 12:20:00+00:00,9.3,7.0,11.7,4.1
2023-10-25 12:30:00+00:00,9.4,7.0,11.7,4.1
2023-10-25 12:40:00+00:00,9.3,7.0,11.7,4.1
2023-10-25 12:50:00+00:00,9.4,7.0,11.7,4.1
2023-10-25 13:00:00+00:00,9.4,7.0,11.7,4.1
2023-10-25 13:10:00+00:00,9.4,7.0,11.7,4.1
2023-10-25 13:20:00+00:00,9.4,7.0,11.7,4.1
2023-10-25 13:30:00+00:00,9.4,6.0,11.7,4.1
2023-10-25 13:40:00+00:00,9.4,8.0,11.7,4.1
2023-10-25 13:50:00+00:00,9.4,8.0,11.8,4.1
2023-10-25 14:00:00+00:00,9.4,7.5,11.75,4.05
2023-10-25 14:10:00+00:00,9.4,7.0,11.7,4.0
2023-10-25 14:20:00+00:00,9.4,7.0,11.7,3.5
2023-10-25 14:30:00+00:00,9.4,7.0,11.7,3.6
2023-10-25 14:40:00+00:00,9.4,7.0,11.7,3.6
2023-10-25 14:50:00+00:00,9.4,7.0,11.8,4.1
2023-10-25 15:00:00+00:00,9.4,7.0,11.7,3.4
2023-10-25 15:10:00+00:00,9.4,7.0,11.7,3.6
2023-10-25 15:20:00+00:00,9.4,8.0,11.8,3.6
2023-10-25 15:30:00+00:00,9.4,6.0,11.7,2.1
2023-10-25 15:40:00+00:00,9.4,7.0,11.7,0.9
2023-10-25 15:50:00+00:00,9.4,7.0,11.7,0.8785714285714286
2023-10-25 16:00:00+00:00,9.4,7.0,11.7,0.8571428571428572
2023-10-25 16:10:00+00:00,9.4,7.0,11.7,0.8357142857142857
2023-10-25 16:20:00+00:00,9.4,7.0,11.7,0.8142857142857143
2023-10-25 16:30:00+00:00,9.4,7.0,11.7,0.7928571428571428
2023-10-25 16:40:00+00:00,9.4,7.0,11.7,0.7714285714285715
2023-10-25 16:50:00+00:00,9.4,7.0,11.7,0.75
2023-10-25 17:00:00+00:00,9.4,7.0,11.7,0.7285714285714285
2023-10-25 17:10:00+00:00,9.4,7.0,11.7,0.7071428571428571
2023-10-25 17:20:00+00:00,9.4,7.0,11.7,0.6857142857142857
2023-10-25 17:30:00+00:00,9.4,7.0,11.7,0.6642857142857143
2023-10-25 17:40:00+00:00,9.4,7.0,11.7,0.6428571428571428
2023-10-25 17:50:00+00:00,9.4,7.0,11.7,0.6214285714285714
2023-10-25 18:00:00+00:00,9.4,7.0,11.7,0.6
2023-10-25 18:10:00+00:00,9.4,6.9,11.7,0.6
2023-10-25 18:20:00+00:00,9.4,6.8,11.7,0.6
2023-10-25 18:30:00+00:00,9.4,6.7,11.7,0.6
2023-10-25 18:40:00+00:00,9.4,6.6,11.7,0.6
2023-10-25 18:50:00+00:00,9.4,6.5,11.7,0.6
2023-10-25 19:00:00+00:00,9.4,6.4,11.7,0.6
2023-10-25 19:10:00+00:00,9.4,6.3,11.7,0.6
2023-10-25 19:20:00+00:00,9.4,6.2,11.7,0.6
2023-10-25 19:30:00+00:00,9.4,6.1,11.7,0.6
2023-10-25 19:40:00+00:00,9.4,6.0,11.7,0.6
2023-10-25 19:50:00+00:00,9.4,6.1,11.7,0.6
2023-10-25 20:00:00+00:00,9.4,6.2,11.7,0.6
2023-10-25 20:10:00+00:00,9.4,6.3,11.7,0.6
2023-10-25 20:20:00+00:00,9.4,6.4,11.7,0.6
2023-10-25 20:30:00+00:00,9.4,6.5,11.7,0.6
2023-10-25 20:40:00+00:00,9.4,6.6,11.7,0.6
2023-10-25 20:50:00+00:00,9.4,6.7,11.7,0.6
2023-10-25 21:00:00+00:00,9.4,6.8,11.7,0.6
2023-10-25 21:10:00+00:00,9.4,6.9,11.7,0.6
2023-10-25 21:20:00+00:00,9.4,7.0,11.7,0.6
2023-10-25 21:30:00+00:00,9.39,7.0,11.7,0.6
2023-10-25 21:40:00+00:00,9.38,7.0,11.7,0.6
2023-10-25 21:50:00+00:00,9.370000000000001,7.0,11.7,0.6
2023-10-25 22:00:00+00:00,9.360000000000001,7.0,11.7,0.6
2023-10-25 22:10:00+00:00,9.350000000000001,7.0,11.7,0.6
2023-10-25 22:20:00+00:00,9.34,7.0,11.7,0.6
2023-10-25 22:30:00+00:00,9.33,7.0,11.7,0.6
2023-10-25 22:40:00+00:00,9.32,7.0,11.7,0.6
2023-10-25 22:50:00+00:00,9.31,7.0,11.7,0.6
2023-10-25 23:00:00+00:00,9.3,7.0,11.7,0.6
2023-10-25 23:10:00+00:00,9.3,7.0,11.7,0.6
2023-10-25 23:20:00+00:00,9.3,7.0,11.7,0.6
2023-10-25 23:30:00+00:00,9.3,7.0,11.7,0.6
2023-10-25 23:40:00+00:00,9.3,7.0,11.7,0.6
2023-10-25 23:50:00+00:00,9.3,7.0,11.7,0.6
2023-10-26 00:00:00+00:00,9.3,7.0,11.7,0.6
2023-10-26 00:10:00+00:00,9.3,7.0,11.7,0.6
2023-10-26 00:20:00+00:00,9.3,7.0,11.7,0.6
2023-10-26 00:30:00+00:00,9.3,7.0,11.7,0.6
2023-10-26 00:40:00+00:00,9.3,7.0,11.7,0.6
2023-10-26 00:50:00+00:00,9.3,6.9,11.7,0.6
2023-10-26 01:00:00+00:00,9.3,6.8,11.7,0.6
2023-10-26 01:10:00+00:00,9.3,6.7,11.7,0.6
2023-10-26 01:20:00+00:00,9.3,6.6,11.7,0.6
2023-10-26 01:30:00+00:00,9.3,6.5,11.7,0.6
2023-10-26 01:40:00+00:00,9.3,6.4,11.7,0.6
2023-10-26 01:50:00+00:00,9.3,6.3,11.7,0.6
2023-10-26 02:00:00+00:00,9.3,6.2,11.7,0.6
2023-10-26 02:10:00+00:00,9.3,6.1,11.7,0.6
2023-10-26 02:20:00+00:00,9.3,6.0,11.7,0.6
2023-10-26 02:30:00+00:00,9.3,6.0285714285714285,11.7,0.7
2023-10-26 02:40:00+00:00,9.3,6.057142857142857,11.7,0.7999999999999999
2023-10-26 02:50:00+00:00,9.3,6.085714285714285,11.7,0.8999999999999999
2023-10-26 03:00:00+00:00,9.3,6.114285714285714,11.7,1.0
2023-10-26 03:10:00+00:00,9.3,6.142857142857143,11.7,1.0999999999999999
2023-10-26 03:20:00+00:00,9.3,6.171428571428572,11.7,1.2
2023-10-26 03:30:00+00:00,9.3,6.2,11.7,1.2999999999999998
2023-10-26 03:40:00+00:00,9.3,6.228571428571429,11.7,1.4
2023-10-26 03:50:00+00:00,9.3,6.257142857142857,11.7,1.5
2023-10-26 04:00:00+00:00,9.3,6.285714285714286,11.7,1.5999999999999999
2023-10-26 04:10:00+00:00,9.3,6.314285714285714,11.7,1.6999999999999997
2023-10-26 04:20:00+00:00,9.3,6.3428571428571425,11.7,1.7999999999999998
2023-10-26 04:30:00+00:00,9.3,6.371428571428572,11.7,1.9
2023-10-26 04:40:00+00:00,9.3,6.4,11.7,2.0
2023-10-26 04:50:00+00:00,9.3,6.428571428571429,11.7,2.0999999999999996
2023-10-26 05:00:00+00:00,9.3,6.457142857142857,11.7,2.1999999999999997
2023-10-26 05:10:00+00:00,9.3,6.485714285714286,11.7,2.3
2023-10-26 05:20:00+00:00,9.3,6.514285714285714,11.7,2.4
2023-10-26 05:30:00+00:00,9.3,6.542857142857143,11.7,2.5
2023-10-26 05:40:00+00:00,9.3,6.571428571428571,11.7,2.5999999999999996
2023-10-26 05:50:00+00:00,9.3,6.6,11.7,2.6999999999999997
2023-10-26 06:00:00+00:00,9.3,6.628571428571428,11.7,2.8
2023-10-26 06:10:00+00:00,9.3,6.6571428571428575,11.7,2.9
2023-10-26 06:20:00+00:00,9.3,6.685714285714286,11.7,3.0
2023-10-26 06:30:00+00:00,,,,
2023-10-26 06:40:00+00:00,,,,
2023-10-26 06:50:00+00:00,,,,
2023-10-26 07:00:00+00:00,,,,
2023-10-26 07:10:00+00:00,,,,
2023-10-26 07:20:00+00:00,,,,
2023-10-26 07:30:00+00:00,,,,
2023-10-26 07:40:00+00:00,,,,
2023-10-26 07:50:00+00:00,,,,
2023-10-26 08:00:00+00:00,,,,
2023-10-26 08:10:00+00:00,9.3,7.0,11.7,4.1
2023-10-26 08:20:00+00:00,9.3,7.0,11.7,4.1
2023-10-26 08:30:00+00:00,9.3,7.0,11.7,4.1
2023-10-26 08:40:00+00:00,9.3,7.0,11.7,4.1
2023-10-26 08:50:00+00:00,9.3,7.0,11.7,4.1
2023-10-26 09:00:00+00:00,9.3,7.0,11.7,4.1
2023-10-26 09:10:00+00:00,9.3,7.0,11.7,4.1
2023-10-26 09:20:00+00:00,9.3,7.0,11.7,4.1
2023-10-26 09:30:00+00:00,9.3,7.0,11.7,4.1
2023-10-26 09:40:00+00:00,9.3,7.0,11.7,4.1
2023-10-26 09:50:00+00:00,9.3,8.0,11.8,4.1
2023-10-26 10:00:00+00:00,9.3,7.0,11.7,4.1
2023-10-26 10:10:00+00:00,9.3,7.5,11.7,4.1
2023-10-26 10:20:00+00:00,9.3,8.0,11.7,4.1
2023-10-26 10:30:00+00:00,9.3,7.0,11.7,4.1
2023-10-26 10:40:00+00:00,9.3,7.0,11.7,4.1
2023-10-26 10:50:00+00:00,9.3,7.0,11.7,4.1
2023-10-26 11:00:00+00:00,9.3,7.0,11.7,4.1
2023-10-26 11:10:00+00:00,9.3,7.0,11.7,4.1
2023-10-26 11:20:00+00:00,9.3,7.0,11.8,4.1
2023-10-26 11:30:00+00:00,9.3,7.0,11.7,4.1
2023-10-26 11:40:00+00:00,9.3,8.0,11.7,4.1
2023-10-26 11:50:00+00:00,9.3,7.0,11.7,4.1
2023-10-26 12:00:00+00:00,9.3,7.0,11.7,4.1
2023-10-26 12:10:00+00:00,9.3,7.0,11.7,4.1
2023-10-26 12:20:00+00:00,9.3,7.0,11.7,4.1
2023-10-26 12:30:00+00:00,9.3,7.0,11.7,4.1
2023-10-26 12:40:00+00:00,9.3,7.0,11.7,4.1
2023-10-26 12:50:00+00:00,9.3,7.0,11.7,4.1
2023-10-26 13:00:00+00:00,9.3,7.0,11.7,4.1
2023-10-26 13:10:00+00:00,9.3,6.0,11.7,4.1
2023-10-26 13:20:00+00:00,9.3,8.0,11.7,4.1
2023-10-26 13:30:00+00:00,9.3,7.0,11.7,4.1
2023-10-26 13:40:00+00:00,9.3,7.0,11.7,4.1
2023-10-26 13:50:00+00:00,9.3,7.0,11.7,4.1
2023-10-26 14:00:00+00:00,9.3,8.0,11.8,4.1
2023-10-26 14:10:00+00:00,9.3,7.0,11.7,4.1
2023-10-26 14:20:00+00:00,9.4,7.0,11.7,4.1
2023-10-26 14:30:00+00:00,9.3,7.0,11.7,4.1
2023-10-26 14:40:00+00:00,9.350000000000001,7.0,11.7,4.1
2023-10-26 14:50:00+00:00,9.4,7.0,11.7,4.1
2023-10-26 15:00:00+00:00,9.4,6.0,11.7,4.1
2023-10-26 15:10:00+00:00,9.398979591836735,6.020408163265306,11.7,4.1
2023-10-26 15:20:00+00:00,9.39795918367347,6.040816326530612,11.7,4.1
2023-10-26 15:30:00+00:00,9.396938775510204,6.061224489795919,11.7,4.1
2023-10-26 15:40:00+00:00,9.395918367346939,6.081632653061225,11.7,4.1
2023-10-26 15:50:00+00:00,9.394897959183673,6.1020408163265305,11.7,4.1
2023-10-26 16:00:00+00:00,9.393877551020408,6.122448979591836,11.7,4.1
2023-10-26 16:10:00+00:00,9.392857142857142,6.142857142857143,11.7,4.1
2023-10-26 16:20:00+00:00,9.391836734693879,6.163265306122449,11.7,4.1
2023-10-26 16:30:00+00:00,9.390816326530613,6.183673469387755,11.7,4.1
2023-10-26 16:40:00+00:00,9.389795918367348,6.204081632653061,11.7,4.1
2023-10-26 16:50:00+00:00,9.388775510204082,6.224489795918367,11.7,4.1
2023-10-26 17:00:00+00:00,9.387755102040817,6.244897959183674,11.7,4.1
2023-10-26 17:10:00+00:00,9.386734693877552,6.26530612244898,11.7,4.1
2023-10-26 17:20:00+00:00,9.385714285714286,6.285714285714286,11.7,4.1
2023-10-26 17:30:00+00:00,9.38469387755102,6.3061224489795915,11.7,4.1
2023-10-26 17:40:00+00:00,9.383673469387755,6.326530612244898,11.7,4.1
2023-10-26 17:50:00+00:00,9.38265306122449,6.346938775510204,11.7,4.1
2023-10-26 18:00:00+00:00,9.381632653061224,6.36734693877551,11.7,4.1
2023-10-26 18:10:00+00:00,9.380612244897959,6.387755102040816,11.7,4.1
2023-10-26 18:20:00+00:00,9.379591836734694,6.408163265306122,11.7,4.1
2023-10-26 18:30:00+00:00,9.37857142857143,6.428571428571429,11.7,4.1
2023-10-26 18:40:00+00:00,9.377551020408164,6.448979591836735,11.7,4.1
2023-10-26 18:50:00+00:00,9.376530612244899,6.469387755102041,11.7,4.1
2023-10-26 19:00:00+00:00,9.375510204081634,6.489795918367347,11.7,4.1
2023-10-26 19:10:00+00:00,,,,
2023-10-26 19:20:00+00:00,,,,
2023-10-26 19:30:00+00:00,,,,
2023-10-26 19:40:00+00:00,,,,
2023-10-26 19:50:00+00:00,,,,
2023-10-26 20:00:00+00:00,,,,
2023-10-26 20:10:00+00:00,,,,
2023-10-26 20:20:00+00:00,,,,
2023-10-26 20:30:00+00:00,,,,
2023-10-26 20:40:00+00:00,,,,
2023-10-26 20:50:00+00:00,,,,
2023-10-26 21:00:00+00:00,,,,
2023-10-26 21:10:00+00:00,,,,
2023-10-26 21:20:00+00:00,,,,
2023-10-26 21:30:00+00:00,,,,
2023-10-26 21:40:00+00:00,,,,
2023-10-26 21:50:00+00:00,,,,
2023-10-26 22:00:00+00:00,,,,
2023-10-26 22:10:00+00:00,,,,
2023-10-26 22:20:00+00:00,,,,
2023-10-26 22:30:00+00:00,,,,
2023-10-26 22:40:00+00:00,,,,
2023-10-26 22:50:00+00:00,,,,
2023-10-26 23:00:00+00:00,,,,
2023-10-26 23:10:00+00:00,,,,
2023-10-26 23:20:00+00:00,,,,
2023-10-26 23:30:00+00:00,,,,
2023-10-26 23:40:00+00:00,,,,
2023-10-26 23:50:00+00:00,,,,
2023-10-27 00:00:00+00:00,,,,
2023-10-27 00:10:00+00:00,,,,
2023-10-27 00:20:00+00:00,,,,
2023-10-27 00:30:00+00:00,,,,
2023-10-27 00:40:00+00:00,,,,
2023-10-27 00:50:00+00:00,,,,
2023-10-27 01:00:00+00:00,,,,
2023-10-27 01:10:00+00:00,,,,
2023-10-27 01:20:00+00:00,,,,
2023-10-27 01:30:00+00:00,,,,
2023-10-27 01:40:00+00:00,,,,
2023-10-27 01:50:00+00:00,,,,
2023-10-27 02:00:00+00:00,,,,
2023-10-27 02:10:00+00:00,,,,
2023-10-27 02:20:00+00:00,,,,
2023-10-27 02:30:00+00:00,,,,
2023-10-27 02:40:00+00:00,,,,
2023-10-27 02:50:00+00:00,,,,
2023-10-27 03:00:00+00:00,,,,
2023-10-27 03:10:00+00:00,,,,
2023-10-27 03:20:00+00:00,,,,
2023-10-27 03:30:00+00:00,,,,
2023-10-27 03:40:00+00:00,,,,
2023-10-27 03:50:00+00:00,,,,
2023-10-27 04:00:00+00:00,,,,
2023-10-27 04:10:00+00:00,,,,
2023-10-27 04:20:00+00:00,,,,
2023-10-27 04:30:00+00:00,,,,
2023-10-27 04:40:00+00:00,,,,
2023-10-27 04:50:00+00:00,,,,
2023-10-27 05:00:00+00:00,,,,
2023-10-27 05:10:00+00:00,,,,
2023-10-27 05:20:00+00:00,,,,
2023-10-27 05:30:00+00:00,,,,
2023-10-27 05:40:00+00:00,,,,
2023-10-27 05:50:00+00:00,,,,
2023-10-27 06:00:00+00:00,,,,
2023-10-27 06:10:00+00:00,,,,
2023-10-27 06:20:00+00:00,,,,
2023-10-27 06:30:00+00:00,,,,
2023-10-27 06:40:00+00:00,,,,
2023-10-27 06:50:00+00:00,,,,
2023-10-27 07:00:00+00:00,,,,
2023-10-27 07:10:00+00:00,,,,
2023-10-27 07:20:00+00:00,9.3,8.0,11.7,4.1
2023-10-27 07:30:00+00:00,9.3,7.0,11.7,4.1
2023-10-27 07:40:00+00:00,9.3,7.0,11.7,4.1
2023-10-27 07:50:00+00:00,9.3,7.0,11.7,4.1
2023-10-27 08:00:00+00:00,9.3,7.0,11.7,4.1
2023-10-27 08:10:00+00:00,9.3,7.0,11.7,4.1
2023-10-27 08:20:00+00:00,9.3,7.0,11.7,4.1
2023-10-27 08:30:00+00:00,9.3,7.0,11.7,4.1
2023-10-27 08:40:00+00:00,9.3,7.0,11.7,4.1
2023-10-27 08:50:00+00:00,9.3,7.0,11.7,4.1
2023-10-27 09:00:00+00:00,9.3,7.0,11.7,4.1
2023-10-27 09:10:00+00:00,9.3,7.0,11.7,4.1
2023-10-27 09:20:00+00:00,9.3,7.0,11.7,4.1
2023-10-27 09:30:00+00:00,9.3,7.0,11.7,4.1
2023-10-27 09:40:00+00:00,9.3,7.0,11.7,4.1
2023-10-27 09:50:00+00:00,9.3,8.0,11.7,4.1
2023-10-27 10:00:00+00:00,9.3,7.0,11.7,4.1
2023-10-27 10:10:00+00:00,9.3,7.0,11.7,4.0
2023-10-27 10:20:00+00:00,9.3,7.0,11.7,3.9
2023-10-27 10:30:00+00:00,9.3,6.0,11.7,4.1
2023-10-27 10:40:00+00:00,9.3,7.0,11.7,4.1
2023-10-27 10:50:00+00:00,9.3,7.0,11.7,4.1
2023-10-27 11:00:00+00:00,9.3,7.0,11.7,4.1
2023-10-27 11:10:00+00:00,9.3,7.0,11.7,4.1
2023-10-27 11:20:00+00:00,9.3,7.0,11.7,4.1
2023-10-27 11:30:00+00:00,9.3,7.0,11.7,4.1
2023-10-27 11:40:00+00:00,9.3,7.0,11.7,4.1
2023-10-27 11:50:00+00:00,9.3,7.0,11.7,4.1
2023-10-27 12:00:00+00:00,9.3,7.0,11.7,4.1
2023-10-27 12:10:00+00:00,9.3,7.0,11.7,4.1
2023-10-27 12:20:00+00:00,9.3,7.0,11.7,4.1
2023-10-27 12:30:00+00:00,9.3,7.0,11.7,4.1
2023-10-27 12:40:00+00:00,9.3,7.0,11.7,4.1
2023-10-27 12:50:00+00:00,9.3,7.0,11.7,4.1
2023-10-27 13:00:00+00:00,9.3,7.0,11.7,4.1
2023-10-27 13:10:00+00:00,9.3,7.0,11.7,4.1
2023-10-27 13:20:00+00:00,9.3,7.0,11.7,4.1
2023-10-27 13:30:00+00:00,9.3,7.0,11.7,4.1
2023-10-27 13:40:00+00:00,9.3,6.0,11.7,4.1
2023-10-27 13:50:00+00:00,9.3,6.5,11.7,4.1
2023-10-27 14:00:00+00:00,9.3,7.0,11.7,4.1
2023-10-27 14:10:00+00:00,9.3,6.0,11.8,4.1
2023-10-27 14:20:00+00:00,9.3,7.0,11.7,4.1
2023-10-27 14:30:00+00:00,9.3,7.0,11.7,4.1
2023-10-27 14:40:00+00:00,9.3,7.0,11.7,4.1
2023-10-27 14:50:00+00:00,9.3,7.0,11.7,4.1
2023-10-27 15:00:00+00:00,9.3,7.0,11.7,4.1
2023-10-27 15:10:00+00:00,9.3,7.0,11.7,4.1
2023-10-27 15:20:00+00:00,9.3,7.0,11.7,3.3
2023-10-27 15:30:00+00:00,9.296938775510204,7.0,11.7,3.3081632653061224
2023-10-27 15:40:00+00:00,9.293877551020408,7.0,11.7,3.316326530612245
2023-10-27 15:50:00+00:00,9.290816326530614,7.0,11.7,3.324489795918367
2023-10-27 16:00:00+00:00,9.287755102040817,7.0,11.7,3.3326530612244896
2023-10-27 16:10:00+00:00,9.284693877551021,7.0,11.7,3.340816326530612
2023-10-27 16:20:00+00:00,9.281632653061225,7.0,11.7,3.3489795918367347
2023-10-27 16:30:00+00:00,9.278571428571428,7.0,11.7,3.3571428571428568
2023-10-27 16:40:00+00:00,9.275510204081634,7.0,11.7,3.3653061224489793
2023-10-27 16:50:00+00:00,9.272448979591838,7.0,11.7,3.373469387755102
2023-10-27 17:00:00+00:00,9.269387755102041,7.0,11.7,3.3816326530612244
2023-10-27 17:10:00+00:00,9.266326530612245,7.0,11.7,3.389795918367347
2023-10-27 17:20:00+00:00,9.263265306122449,7.0,11.7,3.397959183673469
2023-10-27 17:30:00+00:00,9.260204081632654,7.0,11.7,3.4061224489795916
2023-10-27 17:40:00+00:00,9.257142857142858,7.0,11.7,3.414285714285714
2023-10-27 17:50:00+00:00,9.254081632653062,7.0,11.7,3.4224489795918367
2023-10-27 18:00:00+00:00,9.251020408163265,7.0,11.7,3.430612244897959
2023-10-27 18:10:00+00:00,9.24795918367347,7.0,11.7,3.4387755102040813
2023-10-27 18:20:00+00:00,9.244897959183675,7.0,11.7,3.446938775510204
2023-10-27 18:30:00+00:00,9.241836734693878,7.0,11.7,3.4551020408163264
2023-10-27 18:40:00+00:00,9.238775510204082,7.0,11.7,3.463265306122449
2023-10-27 18:50:00+00:00,9.235714285714286,7.0,11.7,3.471428571428571
2023-10-27 19:00:00+00:00,9.23265306122449,7.0,11.7,3.4795918367346936
2023-10-27 19:10:00+00:00,9.229591836734695,7.0,11.7,3.487755102040816
2023-10-27 19:20:00+00:00,9.226530612244899,7.0,11.7,3.4959183673469387
2023-10-27 19:30:00+00:00,,,,
2023-10-27 19:40:00+00:00,,,,
2023-10-27 19:50:00+00:00,,,,
2023-10-27 20:00:00+00:00,,,,
2023-10-27 20:10:00+00:00,,,,
2023-10-27 20:20:00+00:00,,,,
2023-10-27 20:30:00+00:00,,,,
2023-10-27 20:40:00+00:00,,,,
2023-10-27 20:50:00+00:00,,,,
2023-10-27 21:00:00+00:00,,,,
2023-10-27 21:10:00+00:00,,,,
2023-10-27 21:20:00+00:00,,,,
2023-10-27 21:30:00+00:00,,,,
2023-10-27 21:40:00+00:00,,,,
2023-10-27 21:50:00+00:00,,,,
2023-10-27 22:00:00+00:00,,,,
2023-10-27 22:10:00+00:00,,,,
2023-10-27 22:20:00+00:00,,,,
2023-10-27 22:30:00+00:00,,,,
2023-10-27 22:40:00+00:00,,,,
2023-10-27 22:50:00+00:00,,,,
2023-10-27 23:00:00+00:00,,,,
2023-10-27 23:10:00+00:00,,,,
2023-10-27 23:20:00+00:00,,,,
2023-10-27 23:30:00+00:00,,,,
2023-10-27 23:40:00+00:00,,,,
2023-10-27 23:50:00+00:00,,,,
2023-10-28 00:00:00+00:00,,,,
2023-10-28 00:10:00+00:00,,,,
2023-10-28 00:20:00+00:00,,,,
2023-10-28 00:30:00+00:00,,,,
2023-10-28 00:40:00+00:00,,,,
2023-10-28 00:50:00+00:00,,,,
2023-10-28 01:00:00+00:00,,,,
2023-10-28 01:10:00+00:00,,,,
2023-10-28 01:20:00+00:00,,,,
2023-10-28 01:30:00+00:00,,,,
2023-10-28 01:40:00+00:00,,,,
2023-10-28 01:50:00+00:00,,,,
2023-10-28 02:00:00+00:00,,,,
2023-10-28 02:10:00+00:00,,,,
2023-10-28 02:20:00+00:00,,,,
2023-10-28 02:30:00+00:00,,,,
2023-10-28 02:40:00+00:00,,,,
2023-10-28 02:50:00+00:00,,,,
2023-10-28 03:00:00+00:00,,,,
2023-10-28 03:10:00+00:00,,,,
2023-10-28 03:20:00+00:00,,,,
2023-10-28 03:30:00+00:00,,,,
2023-10-28 03:40:00+00:00,,,,
2023-10-28 03:50:00+00:00,,,,
2023-10-28 04:00:00+00:00,,,,
2023-10-28 04:10:00+00:00,,,,
2023-10-28 04:20:00+00:00,,,,
2023-10-28 04:30:00+00:00,,,,
2023-10-28 04:40:00+00:00,,,,
2023-10-28 04:50:00+00:00,,,,
2023-10-28 05:00:00+00:00,,,,
2023-10-28 05:10:00+00:00,,,,
2023-10-28 05:20:00+00:00,,,,
2023-10-28 05:30:00+00:00,,,,
2023-10-28 05:40:00+00:00,,,,
2023-10-28 05:50:00+00:00,,,,
2023-10-28 06:00:00+00:00,,,,
2023-10-28 06:10:00+00:00,,,,
2023-10-28 06:20:00+00:00,,,,
2023-10-28 06:30:00+00:00,,,,
2023-10-28 06:40:00+00:00,,,,
2023-10-28 06:50:00+00:00,,,,
2023-10-28 07:00:00+00:00,,,,
2023-10-28 07:10:00+00:00,,,,
2023-10-28 07:20:00+00:00,,,,
2023-10-28 07:30:00+00:00,,,,
2023-10-28 07:40:00+00:00,9.0,7.0,11.7,4.1
2023-10-28 07:50:00+00:00,9.0,7.0,11.7,4.1
2023-10-28 08:00:00+00:00,9.0,7.0,11.7,4.1
2023-10-28 08:10:00+00:00,9.0,7.0,11.7,4.1
2023-10-28 08:20:00+00:00,9.0,7.0,11.7,4.1
2023-10-28 08:30:00+00:00,9.0,7.0,11.7,4.1
2023-10-28 08:40:00+00:00,9.0,7.0,11.7,4.1
2023-10-28 08:50:00+00:00,9.0,7.0,11.7,4.1
2023-10-28 09:00:00+00:00,9.0,7.0,11.7,4.1
2023-10-28 09:10:00+00:00,9.0,7.0,11.7,4.1
2023-10-28 09:20:00+00:00,8.9,8.0,11.7,4.1
2023-10-28 09:30:00+00:00,8.9,7.0,11.7,4.1
2023-10-28 09:40:00+00:00,9.0,7.0,11.7,4.1
2023-10-28 09:50:00+00:00,9.0,7.0,11.7,3.9
2023-10-28 10:00:00+00:00,8.9,8.0,11.7,4.1
2023-10-28 10:10:00+00:00,8.9,8.0,11.7,4.1
2023-10-28 10:20:00+00:00,8.9,8.0,11.7,4.1
2023-10-28 10:30:00+00:00,8.9,7.666666666666667,11.7,4.1
2023-10-28 10:40:00+00:00,8.9,7.333333333333333,11.7,4.1
2023-10-28 10:50:00+00:00,8.9,7.0,11.7,4.1
2023-10-28 11:00:00+00:00,8.9,7.0,11.7,4.1
2023-10-28 11:10:00+00:00,8.9,7.0,11.7,4.1
2023-10-28 11:20:00+00:00,8.9,7.0,11.7,4.1
2023-10-28 11:30:00+00:00,8.9,8.0,11.7,4.1
2023-10-28 11:40:00+00:00,8.9,7.0,11.7,4.1
2023-10-28 11:50:00+00:00,8.9,7.0,11.7,4.1
2023-10-28 12:00:00+00:00,8.9,7.0,11.7,4.1
2023-10-28 12:10:00+00:00,8.9,7.0,11.7,4.1
2023-10-28 12:20:00+00:00,8.9,7.0,11.7,4.1
2023-10-28 12:30:00+00:00,8.9,7.0,11.7,4.1
