time,value_temp,value_hum,value_acid,value_PV
2023-08-09 13:50:00+00:00,22.6,94.0,11.4,4.1
2023-08-09 14:00:00+00:00,23.3,95.0,11.4,4.1
2023-08-09 14:10:00+00:00,22.6,96.0,11.4,4.1
2023-08-09 14:20:00+00:00,21.7,96.0,11.4,5.5
2023-08-09 14:30:00+00:00,21.0,98.0,11.4,5.8
2023-08-09 14:40:00+00:00,20.0,99.0,11.4,5.4
2023-08-09 14:50:00+00:00,19.9,97.0,11.4,5.4
2023-08-09 15:00:00+00:00,20.2,97.5,11.4,5.5
2023-08-09 15:10:00+00:00,20.5,98.0,11.4,5.6
2023-08-09 15:20:00+00:00,20.5,97.0,11.4,4.7
2023-08-09 15:30:00+00:00,20.0,97.0,11.4,5.6
2023-08-09 15:40:00+00:00,20.6,96.0,11.4,4.7
2023-08-09 15:50:00+00:00,20.1,98.0,11.4,5.1
2023-08-09 16:00:00+00:00,19.8,98.0,11.4,4.7
2023-08-09 16:10:00+00:00,19.9,98.0,11.4,5.7
2023-08-09 16:20:00+00:00,19.9,99.0,11.4,5.7
2023-08-09 16:30:00+00:00,19.2,99.0,11.4,5.0
2023-08-09 16:40:00+00:00,18.1,100.0,11.4,4.4
2023-08-09 16:50:00+00:00,17.85,100.0,11.4,4.300000000000001
2023-08-09 17:00:00+00:00,17.6,100.0,11.4,4.2
2023-08-09 17:10:00+00:00,17.8,100.0,11.3,4.2
2023-08-09 17:20:00+00:00,17.6,100.0,11.4,5.0
2023-08-09 17:30:00+00:00,17.2,100.0,11.3,4.1
2023-08-09 17:40:00+00:00,17.5,100.0,11.3,4.7
2023-08-09 17:50:00+00:00,17.1,100.0,11.3,4.6
2023-08-09 18:00:00+00:00,16.9,100.0,11.3,4.0
2023-08-09 18:10:00+00:00,16.5,100.0,11.3,3.9
2023-08-09 18:20:00+00:00,16.4,100.0,11.3,3.6
2023-08-09 18:30:00+00:00,16.3,100.0,11.3,2.5
2023-08-09 18:40:00+00:00,16.200000000000003,100.0,11.3,2.1
2023-08-09 18:50:00+00:00,16.1,100.0,11.3,1.7
2023-08-09 19:00:00+00:00,16.0,100.0,11.3,1.0
2023-08-09 19:10:00+00:00,15.9,100.0,11.3,0.7
2023-08-09 19:20:00+00:00,15.838461538461539,100.0,11.3,0.6923076923076923
2023-08-09 19:30:00+00:00,15.776923076923078,100.0,11.3,0.6846153846153846
2023-08-09 19:40:00+00:00,15.715384615384616,100.0,11.3,0.6769230769230768
2023-08-09 19:50:00+00:00,15.653846153846153,100.0,11.3,0.6692307692307692
2023-08-09 20:00:00+00:00,15.592307692307692,100.0,11.3,0.6615384615384615
2023-08-09 20:10:00+00:00,15.53076923076923,100.0,11.3,0.6538461538461539
2023-08-09 20:20:00+00:00,15.46923076923077,100.0,11.3,0.6461538461538461
2023-08-09 20:30:00+00:00,15.407692307692308,100.0,11.3,0.6384615384615384
2023-08-09 20:40:00+00:00,15.346153846153847,100.0,11.3,0.6307692307692307
2023-08-09 20:50:00+00:00,15.284615384615385,100.0,11.3,0.6230769230769231
2023-08-09 21:00:00+00:00,15.223076923076922,100.0,11.3,0.6153846153846153
2023-08-09 21:10:00+00:00,15.161538461538461,100.0,11.3,0.6076923076923076
2023-08-09 21:20:00+00:00,15.1,100.0,11.3,0.6
2023-08-09 21:30:00+00:00,15.01,100.0,11.290000000000001,0.6
2023-08-09 21:40:00+00:00,14.92,100.0,11.280000000000001,0.6
2023-08-09 21:50:00+00:00,14.83,100.0,11.27,0.6
2023-08-09 22:00:00+00:00,14.74,100.0,11.26,0.6
2023-08-09 22:10:00+00:00,14.649999999999999,100.0,11.25,0.6
2023-08-09 22:20:00+00:00,14.559999999999999,100.0,11.24,0.6
2023-08-09 22:30:00+00:00,14.469999999999999,100.0,11.23,0.6
2023-08-09 22:40:00+00:00,14.379999999999999,100.0,11.219999999999999,0.6
2023-08-09 22:50:00+00:00,14.29,100.0,11.209999999999999,0.6
2023-08-09 23:00:00+00:00,14.2,100.0,11.2,0.6
2023-08-09 23:10:00+00:00,14.139999999999999,100.0,11.2,0.58
2023-08-09 23:20:00+00:00,14.08,100.0,11.2,0.5599999999999999
2023-08-09 23:30:00+00:00,14.02,100.0,11.2,0.54
2023-08-09 23:40:00+00:00,13.959999999999999,100.0,11.2,0.52
2023-08-09 23:50:00+00:00,13.899999999999999,100.0,11.2,0.5
2023-08-10 00:00:00+00:00,13.84,100.0,11.2,0.48
2023-08-10 00:10:00+00:00,13.78,100.0,11.2,0.45999999999999996
2023-08-10 00:20:00+00:00,13.719999999999999,100.0,11.2,0.44
2023-08-10 00:30:00+00:00,13.66,100.0,11.2,0.42000000000000004
2023-08-10 00:40:00+00:00,13.6,100.0,11.2,0.4
2023-08-10 00:50:00+00:00,13.57,100.0,11.2,0.42000000000000004
2023-08-10 01:00:00+00:00,13.54,100.0,11.2,0.44
2023-08-10 01:10:00+00:00,13.51,100.0,11.2,0.46
2023-08-10 01:20:00+00:00,13.48,100.0,11.2,0.48
2023-08-10 01:30:00+00:00,13.45,100.0,11.2,0.5
2023-08-10 01:40:00+00:00,13.42,100.0,11.2,0.52
2023-08-10 01:50:00+00:00,13.39,100.0,11.2,0.54
2023-08-10 02:00:00+00:00,13.360000000000001,100.0,11.2,0.56
2023-08-10 02:10:00+00:00,13.33,100.0,11.2,0.58
2023-08-10 02:20:00+00:00,13.3,100.0,11.2,0.6
2023-08-10 02:30:00+00:00,13.34,100.0,11.209999999999999,0.95
2023-08-10 02:40:00+00:00,13.38,100.0,11.219999999999999,1.2999999999999998
2023-08-10 02:50:00+00:00,13.42,100.0,11.23,1.65
2023-08-10 03:00:00+00:00,13.46,100.0,11.24,2.0
2023-08-10 03:10:00+00:00,13.5,100.0,11.25,2.35
2023-08-10 03:20:00+00:00,13.54,100.0,11.26,2.6999999999999997
2023-08-10 03:30:00+00:00,13.58,100.0,11.27,3.05
2023-08-10 03:40:00+00:00,13.62,100.0,11.280000000000001,3.4
2023-08-10 03:50:00+00:00,13.66,100.0,11.290000000000001,3.75
2023-08-10 04:00:00+00:00,13.7,100.0,11.3,4.1
2023-08-10 04:10:00+00:00,14.0,100.0,11.3,4.1
2023-08-10 04:20:00+00:00,14.0,100.0,11.3,4.1
2023-08-10 04:30:00+00:00,14.0,100.0,11.3,4.1
2023-08-10 04:40:00+00:00,14.2,100.0,11.3,4.1
2023-08-10 04:50:00+00:00,14.1,100.0,11.3,4.1
2023-08-10 05:00:00+00:00,14.1,100.0,11.3,4.1
2023-08-10 05:10:00+00:00,14.2,100.0,11.3,4.1
2023-08-10 05:20:00+00:00,14.2,100.0,11.3,4.1
2023-08-10 05:30:00+00:00,14.5,100.0,11.3,4.1
2023-08-10 05:40:00+00:00,14.6,100.0,11.3,4.1
2023-08-10 05:50:00+00:00,14.55,100.0,11.3,4.1
2023-08-10 06:00:00+00:00,14.5,100.0,11.3,4.1
2023-08-10 06:10:00+00:00,14.5,100.0,11.3,3.9
2023-08-10 06:20:00+00:00,15.0,100.0,11.4,4.1
2023-08-10 06:30:00+00:00,15.4,100.0,11.4,4.1
2023-08-10 06:40:00+00:00,16.1,100.0,11.4,4.1
2023-08-10 06:50:00+00:00,17.5,100.0,11.4,4.1
2023-08-10 07:00:00+00:00,17.0,100.0,11.4,4.1
2023-08-10 07:10:00+00:00,16.4,100.0,11.4,4.1
2023-08-10 07:20:00+00:00,16.4,100.0,11.4,4.1
2023-08-10 07:30:00+00:00,16.6,100.0,11.4,4.1
2023-08-10 07:40:00+00:00,16.8,100.0,11.4,4.1
2023-08-10 07:50:00+00:00,17.4,100.0,11.4,4.1
2023-08-10 08:00:00+00:00,21.6,100.0,11.4,4.1
2023-08-10 08:10:00+00:00,24.0,100.0,11.5,4.2
2023-08-10 08:20:00+00:00,22.7,100.0,11.5,4.2
2023-08-10 08:30:00+00:00,23.1,100.0,11.5,4.1
2023-08-10 08:40:00+00:00,23.5,100.0,11.5,4.1
2023-08-10 08:50:00+00:00,21.7,100.0,11.4,4.1
2023-08-10 09:00:00+00:00,22.3,100.0,11.4,4.1
2023-08-10 09:10:00+00:00,22.7,100.0,11.4,4.4
2023-08-10 09:20:00+00:00,22.25,100.0,11.4,4.25
2023-08-10 09:30:00+00:00,21.8,100.0,11.4,4.1
2023-08-10 09:40:00+00:00,21.1,100.0,11.4,4.7
2023-08-10 09:50:00+00:00,21.7,100.0,11.4,4.1
2023-08-10 10:00:00+00:00,22.6,100.0,11.4,6.0
2023-08-10 10:10:00+00:00,20.3,100.0,11.4,4.1
2023-08-10 10:20:00+00:00,18.8,100.0,11.4,4.1
2023-08-10 10:30:00+00:00,19.2,100.0,11.4,4.1
2023-08-10 10:40:00+00:00,21.3,99.0,11.4,6.4
2023-08-10 10:50:00+00:00,20.2,100.0,11.4,4.1
2023-08-10 11:00:00+00:00,21.0,100.0,11.4,6.2
2023-08-10 11:10:00+00:00,21.95,100.0,11.4,6.2
2023-08-10 11:20:00+00:00,22.9,100.0,11.4,6.2
2023-08-10 11:30:00+00:00,21.1,100.0,11.4,5.8
2023-08-10 11:40:00+00:00,20.6,100.0,11.4,6.1
2023-08-10 11:50:00+00:00,20.4,100.0,11.4,5.4
2023-08-10 12:00:00+00:00,20.6,100.0,11.4,5.6
2023-08-10 12:10:00+00:00,19.3,100.0,11.4,4.1
2023-08-10 12:20:00+00:00,20.5,100.0,11.4,6.2
2023-08-10 12:30:00+00:00,20.3,100.0,11.4,4.1
2023-08-10 12:40:00+00:00,20.6,100.0,11.4,4.1
2023-08-10 12:50:00+00:00,20.1,100.0,11.4,6.0
2023-08-10 13:00:00+00:00,19.950000000000003,100.0,11.4,5.05
2023-08-10 13:10:00+00:00,19.8,100.0,11.4,4.1
2023-08-10 13:20:00+00:00,20.1,100.0,11.4,4.5
2023-08-10 13:30:00+00:00,20.3,100.0,11.4,3.9
2023-08-10 13:40:00+00:00,20.0,100.0,11.4,4.1
2023-08-10 13:50:00+00:00,19.5,100.0,11.4,4.1
2023-08-10 14:00:00+00:00,19.7,100.0,11.4,4.1
2023-08-10 14:10:00+00:00,19.5,100.0,11.4,4.1
2023-08-10 14:20:00+00:00,20.0,100.0,11.4,4.7
2023-08-10 14:30:00+00:00,19.4,100.0,11.4,4.1
2023-08-10 14:40:00+00:00,19.5,100.0,11.4,4.1
2023-08-10 14:50:00+00:00,19.55,100.0,11.4,4.1
2023-08-10 15:00:00+00:00,19.6,100.0,11.4,4.1
2023-08-10 15:10:00+00:00,19.3,100.0,11.4,4.1
2023-08-10 15:20:00+00:00,19.3,100.0,11.4,4.1
2023-08-10 15:30:00+00:00,19.4,100.0,11.4,4.1
2023-08-10 15:40:00+00:00,19.0,100.0,11.4,4.1
2023-08-10 15:50:00+00:00,18.6,100.0,11.4,4.1
2023-08-10 16:00:00+00:00,18.5,100.0,11.4,4.1
2023-08-10 16:10:00+00:00,18.1,100.0,11.4,4.1
2023-08-10 16:20:00+00:00,17.8,100.0,11.4,4.1
2023-08-10 16:30:00+00:00,18.0,100.0,11.4,4.1
2023-08-10 16:40:00+00:00,17.85,100.0,11.4,4.1
2023-08-10 16:50:00+00:00,17.7,100.0,11.4,4.1
2023-08-10 17:00:00+00:00,17.8,100.0,11.4,4.1
2023-08-10 17:10:00+00:00,17.7,100.0,11.4,4.1
2023-08-10 17:20:00+00:00,17.6,100.0,11.4,3.9
2023-08-10 17:30:00+00:00,17.3,100.0,11.4,4.1
2023-08-10 17:40:00+00:00,17.3,100.0,11.4,4.1
2023-08-10 17:50:00+00:00,17.0,100.0,11.4,4.1
2023-08-10 18:00:00+00:00,16.8,100.0,11.4,4.1
2023-08-10 18:10:00+00:00,16.6,100.0,11.4,3.9
2023-08-10 18:20:00+00:00,16.5,100.0,11.4,3.4
2023-08-10 18:30:00+00:00,16.4,100.0,11.4,2.9
2023-08-10 18:40:00+00:00,16.3,100.0,11.4,2.4
2023-08-10 18:50:00+00:00,16.3,100.0,11.4,1.5
2023-08-10 19:00:00+00:00,16.1,100.0,11.4,0.9
2023-08-10 19:10:00+00:00,16.046153846153846,100.0,11.4,0.8769230769230769
2023-08-10 19:20:00+00:00,15.992307692307694,100.0,11.4,0.8538461538461538
2023-08-10 19:30:00+00:00,15.93846153846154,100.0,11.4,0.8307692307692308
2023-08-10 19:40:00+00:00,15.884615384615385,100.0,11.4,0.8076923076923077
2023-08-10 19:50:00+00:00,15.830769230769231,100.0,11.4,0.7846153846153846
2023-08-10 20:00:00+00:00,15.776923076923078,100.0,11.4,0.7615384615384615
2023-08-10 20:10:00+00:00,15.723076923076924,100.0,11.4,0.7384615384615385
2023-08-10 20:20:00+00:00,15.66923076923077,100.0,11.4,0.7153846153846154
2023-08-10 20:30:00+00:00,15.615384615384617,100.0,11.4,0.6923076923076923
2023-08-10 20:40:00+00:00,15.561538461538461,100.0,11.4,0.6692307692307692
2023-08-10 20:50:00+00:00,15.507692307692308,100.0,11.4,0.6461538461538461
2023-08-10 21:00:00+00:00,15.453846153846154,100.0,11.4,0.6230769230769231
2023-08-10 21:10:00+00:00,15.4,100.0,11.4,0.6
2023-08-10 21:20:00+00:00,15.27,100.0,11.39,0.6
2023-08-10 21:30:00+00:00,15.14,100.0,11.38,0.6
2023-08-10 21:40:00+00:00,15.01,100.0,11.370000000000001,0.6
2023-08-10 21:50:00+00:00,14.88,100.0,11.360000000000001,0.6
2023-08-10 22:00:00+00:00,14.75,100.0,11.350000000000001,0.6
2023-08-10 22:10:00+00:00,14.62,100.0,11.34,0.6
2023-08-10 22:20:00+00:00,14.49,100.0,11.33,0.6
2023-08-10 22:30:00+00:00,14.36,100.0,11.32,0.6
2023-08-10 22:40:00+00:00,14.23,100.0,11.31,0.6
2023-08-10 22:50:00+00:00,14.1,100.0,11.3,0.6
2023-08-10 23:00:00+00:00,14.02,100.0,11.3,0.6
2023-08-10 23:10:00+00:00,13.94,100.0,11.3,0.6
2023-08-10 23:20:00+00:00,13.86,100.0,11.3,0.6
2023-08-10 23:30:00+00:00,13.78,100.0,11.3,0.6
2023-08-10 23:40:00+00:00,13.7,100.0,11.3,0.6
2023-08-10 23:50:00+00:00,13.620000000000001,100.0,11.3,0.6
2023-08-11 00:00:00+00:00,13.540000000000001,100.0,11.3,0.6
2023-08-11 00:10:00+00:00,13.46,100.0,11.3,0.6
2023-08-11 00:20:00+00:00,13.38,100.0,11.3,0.6
2023-08-11 00:30:00+00:00,13.3,100.0,11.3,0.6
2023-08-11 00:40:00+00:00,13.350000000000001,100.0,11.3,0.6
2023-08-11 00:50:00+00:00,13.4,100.0,11.3,0.6
2023-08-11 01:00:00+00:00,13.450000000000001,100.0,11.3,0.6
2023-08-11 01:10:00+00:00,13.5,100.0,11.3,0.6
2023-08-11 01:20:00+00:00,13.55,100.0,11.3,0.6
2023-08-11 01:30:00+00:00,13.600000000000001,100.0,11.3,0.6
2023-08-11 01:40:00+00:00,13.65,100.0,11.3,0.6
2023-08-11 01:50:00+00:00,13.700000000000001,100.0,11.3,0.6
2023-08-11 02:00:00+00:00,13.75,100.0,11.3,0.6
2023-08-11 02:10:00+00:00,13.8,100.0,11.3,0.6
2023-08-11 02:20:00+00:00,13.71,100.0,11.3,0.9299999999999999
2023-08-11 02:30:00+00:00,13.620000000000001,100.0,11.3,1.2599999999999998
2023-08-11 02:40:00+00:00,13.530000000000001,100.0,11.3,1.5899999999999999
2023-08-11 02:50:00+00:00,13.440000000000001,100.0,11.3,1.92
2023-08-11 03:00:00+00:00,13.350000000000001,100.0,11.3,2.25
2023-08-11 03:10:00+00:00,13.26,100.0,11.3,2.5799999999999996
2023-08-11 03:20:00+00:00,13.17,100.0,11.3,2.9099999999999997
2023-08-11 03:30:00+00:00,13.08,100.0,11.3,3.2399999999999998
2023-08-11 03:40:00+00:00,12.99,100.0,11.3,3.57
2023-08-11 03:50:00+00:00,12.9,100.0,11.3,3.9
2023-08-11 04:00:00+00:00,13.0,100.0,11.3,4.1
2023-08-11 04:10:00+00:00,13.0,100.0,11.3,4.1
2023-08-11 04:20:00+00:00,13.1,100.0,11.3,4.1
2023-08-11 04:30:00+00:00,13.2,100.0,11.3,4.1
2023-08-11 04:40:00+00:00,13.4,100.0,11.4,4.1
2023-08-11 04:50:00+00:00,13.6,100.0,11.3,4.1
2023-08-11 05:00:00+00:00,13.8,100.0,11.4,4.1
2023-08-11 05:10:00+00:00,14.1,100.0,11.4,4.1
2023-08-11 05:20:00+00:00,14.4,100.0,11.4,4.1
2023-08-11 05:30:00+00:00,14.9,100.0,11.4,4.1
2023-08-11 05:40:00+00:00,16.2,100.0,11.4,4.1
2023-08-11 05:50:00+00:00,17.5,100.0,11.4,4.1
2023-08-11 06:00:00+00:00,18.06923076923077,100.0,11.407692307692308,4.1
2023-08-11 06:10:00+00:00,18.638461538461538,100.0,11.415384615384616,4.1
2023-08-11 06:20:00+00:00,19.20769230769231,100.0,11.423076923076923,4.1
2023-08-11 06:30:00+00:00,19.776923076923076,100.0,11.430769230769231,4.1
2023-08-11 06:40:00+00:00,20.346153846153847,100.0,11.438461538461539,4.1
2023-08-11 06:50:00+00:00,20.915384615384614,100.0,11.446153846153846,4.1
2023-08-11 07:00:00+00:00,21.484615384615385,100.0,11.453846153846154,4.1
2023-08-11 07:10:00+00:00,22.053846153846152,100.0,11.461538461538462,4.1
2023-08-11 07:20:00+00:00,22.623076923076923,100.0,11.46923076923077,4.1
2023-08-11 07:30:00+00:00,23.19230769230769,100.0,11.476923076923077,4.1
2023-08-11 07:40:00+00:00,23.76153846153846,100.0,11.484615384615385,4.1
2023-08-11 07:50:00+00:00,24.330769230769228,100.0,11.492307692307692,4.1
2023-08-11 08:00:00+00:00,24.9,100.0,11.5,4.1
2023-08-11 08:10:00+00:00,25.0,100.0,11.5,4.1
2023-08-11 08:20:00+00:00,26.4,100.0,11.5,4.1
2023-08-11 08:30:00+00:00,23.85,100.0,11.5,4.1
2023-08-11 08:40:00+00:00,21.3,100.0,11.5,4.1
2023-08-11 08:50:00+00:00,18.1,100.0,10.8,4.1
2023-08-11 09:00:00+00:00,18.0,100.0,10.8,4.1
2023-08-11 09:10:00+00:00,17.9,100.0,10.8,4.1
2023-08-11 09:20:00+00:00,17.8,100.0,10.8,4.1
2023-08-11 09:30:00+00:00,17.5,100.0,10.8,4.1
2023-08-11 09:40:00+00:00,17.3,100.0,10.8,4.2
2023-08-11 09:50:00+00:00,17.1,100.0,10.8,5.9
2023-08-11 10:00:00+00:00,17.0,100.0,10.8,4.3
2023-08-11 10:10:00+00:00,16.8,100.0,10.8,6.2
2023-08-11 10:20:00+00:00,16.7,100.0,10.8,6.3
2023-08-11 10:30:00+00:00,16.6,100.0,10.8,6.2
2023-08-11 10:40:00+00:00,16.6,100.0,10.8,6.0
2023-08-11 10:50:00+00:00,16.5,100.0,10.8,6.2
2023-08-11 11:00:00+00:00,16.5,100.0,10.8,6.15
2023-08-11 11:10:00+00:00,16.5,100.0,10.8,6.1
2023-08-11 11:20:00+00:00,16.5,100.0,10.8,6.0
2023-08-11 11:30:00+00:00,16.5,100.0,10.8,6.3
2023-08-11 11:40:00+00:00,16.5,100.0,10.8,6.2
2023-08-11 11:50:00+00:00,16.5,100.0,10.8,6.1
2023-08-11 12:00:00+00:00,16.5,100.0,10.8,5.7
2023-08-11 12:10:00+00:00,16.6,100.0,10.8,5.8
2023-08-11 12:20:00+00:00,16.6,100.0,10.8,6.1
2023-08-11 12:30:00+00:00,16.6,100.0,10.8,6.3
2023-08-11 12:40:00+00:00,16.6,100.0,10.9,6.2
2023-08-11 12:50:00+00:00,16.65,100.0,10.9,6.1
2023-08-11 13:00:00+00:00,16.7,100.0,10.9,6.0
2023-08-11 13:10:00+00:00,16.8,100.0,10.9,6.1
2023-08-11 13:20:00+00:00,16.8,100.0,10.9,6.1
2023-08-11 13:30:00+00:00,16.9,100.0,10.9,6.1
2023-08-11 13:40:00+00:00,16.9,100.0,10.9,6.0
2023-08-11 13:50:00+00:00,17.0,100.0,10.9,6.2
2023-08-11 14:00:00+00:00,17.0,100.0,10.9,6.3
2023-08-11 14:10:00+00:00,17.1,100.0,10.9,6.1
2023-08-11 14:20:00+00:00,17.1,100.0,10.9,6.1
2023-08-11 14:30:00+00:00,17.1,100.0,10.9,6.1
2023-08-11 14:40:00+00:00,17.15,100.0,10.9,6.1
2023-08-11 14:50:00+00:00,17.2,100.0,10.9,6.1
2023-08-11 15:00:00+00:00,17.3,100.0,10.9,6.1
2023-08-11 15:10:00+00:00,17.3,100.0,10.9,6.0
2023-08-11 15:20:00+00:00,17.3,100.0,10.9,6.1
2023-08-11 15:30:00+00:00,17.4,100.0,10.9,6.4
2023-08-11 15:40:00+00:00,17.5,100.0,10.9,6.2
2023-08-11 15:50:00+00:00,17.5,100.0,10.9,6.2
2023-08-11 16:00:00+00:00,17.5,100.0,10.9,4.5
2023-08-11 16:10:00+00:00,17.5,100.0,10.9,6.3
2023-08-11 16:20:00+00:00,17.6,100.0,10.9,6.2
2023-08-11 16:30:00+00:00,17.6,100.0,10.9,6.15
2023-08-11 16:40:00+00:00,17.6,100.0,10.9,6.1
2023-08-11 16:50:00+00:00,17.6,100.0,10.9,6.1
2023-08-11 17:00:00+00:00,17.7,100.0,10.9,6.1
2023-08-11 17:10:00+00:00,17.7,100.0,10.9,6.0
2023-08-11 17:20:00+00:00,17.7,100.0,10.9,5.6
2023-08-11 17:30:00+00:00,17.7,100.0,10.9,4.3
2023-08-11 17:40:00+00:00,17.8,100.0,10.9,4.7
2023-08-11 17:50:00+00:00,17.8,100.0,10.9,4.7
2023-08-11 18:00:00+00:00,17.8,100.0,10.9,4.1
2023-08-11 18:10:00+00:00,17.8,100.0,10.9,4.4
2023-08-11 18:20:00+00:00,17.8,100.0,10.9,4.2
2023-08-11 18:30:00+00:00,17.8,100.0,10.9,4.0
2023-08-11 18:40:00+00:00,17.8,100.0,10.8,3.3
2023-08-11 18:50:00+00:00,17.8,100.0,10.8,2.1
2023-08-11 19:00:00+00:00,17.8,100.0,10.8,1.1
2023-08-11 19:10:00+00:00,17.7,100.0,10.8,0.8
2023-08-11 19:20:00+00:00,17.669999999999998,100.0,10.790000000000001,0.78
2023-08-11 19:30:00+00:00,17.64,100.0,10.780000000000001,0.76
2023-08-11 19:40:00+00:00,17.61,100.0,10.77,0.74
2023-08-11 19:50:00+00:00,17.58,100.0,10.76,0.72
2023-08-11 20:00:00+00:00,17.549999999999997,100.0,10.75,0.7
2023-08-11 20:10:00+00:00,17.52,100.0,10.74,0.6799999999999999
2023-08-11 20:20:00+00:00,17.49,100.0,10.73,0.66
2023-08-11 20:30:00+00:00,17.459999999999997,100.0,10.719999999999999,0.64
2023-08-11 20:40:00+00:00,17.43,100.0,10.709999999999999,0.62
2023-08-11 20:50:00+00:00,17.4,100.0,10.7,0.6
2023-08-11 21:00:00+00:00,17.369230769230768,100.0,10.692307692307692,0.6
2023-08-11 21:10:00+00:00,17.338461538461537,100.0,10.684615384615384,0.6
2023-08-11 21:20:00+00:00,17.307692307692307,100.0,10.676923076923076,0.6
2023-08-11 21:30:00+00:00,17.276923076923076,100.0,10.669230769230769,0.6
2023-08-11 21:40:00+00:00,17.246153846153845,100.0,10.661538461538461,0.6
2023-08-11 21:50:00+00:00,17.215384615384615,100.0,10.653846153846153,0.6
2023-08-11 22:00:00+00:00,17.184615384615384,100.0,10.646153846153846,0.6
2023-08-11 22:10:00+00:00,17.153846153846153,100.0,10.638461538461538,0.6
2023-08-11 22:20:00+00:00,17.123076923076923,100.0,10.63076923076923,0.6
2023-08-11 22:30:00+00:00,17.092307692307692,100.0,10.623076923076923,0.6
2023-08-11 22:40:00+00:00,17.06153846153846,100.0,10.615384615384615,0.6
2023-08-11 22:50:00+00:00,17.03076923076923,100.0,10.607692307692307,0.6
2023-08-11 23:00:00+00:00,17.0,100.0,10.6,0.6
2023-08-11 23:10:00+00:00,16.96,100.0,10.59,0.6
2023-08-11 23:20:00+00:00,16.92,100.0,10.58,0.6
2023-08-11 23:30:00+00:00,16.88,100.0,10.57,0.6
2023-08-11 23:40:00+00:00,16.84,100.0,10.56,0.6
2023-08-11 23:50:00+00:00,16.8,100.0,10.55,0.6
2023-08-12 00:00:00+00:00,16.76,100.0,10.54,0.6
2023-08-12 00:10:00+00:00,16.720000000000002,100.0,10.53,0.6
2023-08-12 00:20:00+00:00,16.68,100.0,10.52,0.6
2023-08-12 00:30:00+00:00,16.64,100.0,10.51,0.6
2023-08-12 00:40:00+00:00,16.6,100.0,10.5,0.6
2023-08-12 00:50:00+00:00,16.55,100.0,10.5,0.6
2023-08-12 01:00:00+00:00,16.5,100.0,10.5,0.6
2023-08-12 01:10:00+00:00,16.450000000000003,100.0,10.5,0.6
2023-08-12 01:20:00+00:00,16.400000000000002,100.0,10.5,0.6
2023-08-12 01:30:00+00:00,16.35,100.0,10.5,0.6
2023-08-12 01:40:00+00:00,16.3,100.0,10.5,0.6
2023-08-12 01:50:00+00:00,16.25,100.0,10.5,0.6
2023-08-12 02:00:00+00:00,16.200000000000003,100.0,10.5,0.6
2023-08-12 02:10:00+00:00,16.150000000000002,100.0,10.5,0.6
2023-08-12 02:20:00+00:00,16.1,100.0,10.5,0.6
2023-08-12 02:30:00+00:00,16.07,100.0,10.49,0.95
2023-08-12 02:40:00+00:00,16.040000000000003,100.0,10.48,1.2999999999999998
2023-08-12 02:50:00+00:00,16.01,100.0,10.47,1.65
2023-08-12 03:00:00+00:00,15.98,100.0,10.46,2.0
2023-08-12 03:10:00+00:00,15.950000000000001,100.0,10.45,2.35
2023-08-12 03:20:00+00:00,15.920000000000002,100.0,10.44,2.6999999999999997
2023-08-12 03:30:00+00:00,15.89,100.0,10.43,3.05
2023-08-12 03:40:00+00:00,15.860000000000001,100.0,10.42,3.4
2023-08-12 03:50:00+00:00,15.83,100.0,10.41,3.75
2023-08-12 04:00:00+00:00,15.8,100.0,10.4,4.1
2023-08-12 04:10:00+00:00,15.7,100.0,10.5,4.1
2023-08-12 04:20:00+00:00,15.6,100.0,10.5,4.1
2023-08-12 04:30:00+00:00,15.6,100.0,10.5,4.1
2023-08-12 04:40:00+00:00,15.6,100.0,10.5,4.1
2023-08-12 04:50:00+00:00,15.6,100.0,10.5,4.1
2023-08-12 05:00:00+00:00,15.5,100.0,10.5,4.1
2023-08-12 05:10:00+00:00,15.5,100.0,10.5,4.1
2023-08-12 05:20:00+00:00,15.5,100.0,10.5,4.1
2023-08-12 05:30:00+00:00,15.5,100.0,10.5,4.1
2023-08-12 05:40:00+00:00,15.5,100.0,10.5,4.1
2023-08-12 05:50:00+00:00,15.5,100.0,10.5,4.1
2023-08-12 06:00:00+00:00,15.5,100.0,10.5,4.1
2023-08-12 06:10:00+00:00,15.4,100.0,10.5,4.1
2023-08-12 06:20:00+00:00,15.4,100.0,10.5,4.1
2023-08-12 06:30:00+00:00,15.4,100.0,10.5,4.1
2023-08-12 06:40:00+00:00,15.4,100.0,10.5,4.1
2023-08-12 06:50:00+00:00,15.4,100.0,10.5,4.1
2023-08-12 07:00:00+00:00,15.4,100.0,10.5,4.1
2023-08-12 07:10:00+00:00,15.4,100.0,10.5,4.1
2023-08-12 07:20:00+00:00,15.4,100.0,10.5,4.1
2023-08-12 07:30:00+00:00,15.4,100.0,10.5,4.1
2023-08-12 07:40:00+00:00,15.4,100.0,10.5,4.1
2023-08-12 07:50:00+00:00,15.4,100.0,10.5,4.1
2023-08-12 08:00:00+00:00,15.4,100.0,10.5,4.2
2023-08-12 08:10:00+00:00,15.4,100.0,10.6,4.2
2023-08-12 08:20:00+00:00,15.4,100.0,10.6,6.1
2023-08-12 08:30:00+00:00,15.4,100.0,10.6,6.0
2023-08-12 08:40:00+00:00,15.5,100.0,10.6,6.2
2023-08-12 08:50:00+00:00,15.5,100.0,10.6,6.2
2023-08-12 09:00:00+00:00,15.5,100.0,10.6,6.15
2023-08-12 09:10:00+00:00,15.5,100.0,10.6,6.1
2023-08-12 09:20:00+00:00,15.5,100.0,10.6,6.2
2023-08-12 09:30:00+00:00,15.5,100.0,10.6,6.2
2023-08-12 09:40:00+00:00,15.6,100.0,10.6,6.2
2023-08-12 09:50:00+00:00,15.6,100.0,10.7,6.2
2023-08-12 10:00:00+00:00,15.6,100.0,10.7,6.2
2023-08-12 10:10:00+00:00,15.7,100.0,10.6,6.2
2023-08-12 10:20:00+00:00,15.8,100.0,10.6,6.2
2023-08-12 10:30:00+00:00,15.8,100.0,10.7,6.2
2023-08-12 10:40:00+00:00,15.9,100.0,10.7,6.0
2023-08-12 10:50:00+00:00,15.95,100.0,10.7,6.1
2023-08-12 11:00:00+00:00,16.0,100.0,10.7,6.2
2023-08-12 11:10:00+00:00,16.0,100.0,10.7,6.2
2023-08-12 11:20:00+00:00,16.1,100.0,10.7,6.1
2023-08-12 11:30:00+00:00,16.1,100.0,10.7,6.1
2023-08-12 11:40:00+00:00,16.2,100.0,10.7,6.1
2023-08-12 11:50:00+00:00,16.3,100.0,10.7,6.1
2023-08-12 12:00:00+00:00,16.4,100.0,10.7,6.0
2023-08-12 12:10:00+00:00,16.5,100.0,10.8,6.1
2023-08-12 12:20:00+00:00,16.5,100.0,10.80909090909091,6.1
2023-08-12 12:30:00+00:00,16.6,100.0,10.818181818181818,6.1
2023-08-12 12:40:00+00:00,16.6,100.0,10.827272727272728,6.1
2023-08-12 12:50:00+00:00,16.6,100.0,10.836363636363638,6.1
2023-08-12 13:00:00+00:00,16.6,100.0,10.845454545454546,6.1
2023-08-12 13:10:00+00:00,16.9,100.0,10.854545454545455,6.0
2023-08-12 13:20:00+00:00,17.0,100.0,10.863636363636363,6.1
2023-08-12 13:30:00+00:00,17.0,100.0,10.872727272727273,6.1
2023-08-12 13:40:00+00:00,17.0,100.0,10.881818181818183,6.1
2023-08-12 13:50:00+00:00,17.3,100.0,10.89090909090909,6.0
2023-08-12 14:00:00+00:00,17.4,100.0,10.9,6.1
2023-08-12 14:10:00+00:00,17.4,100.0,10.9,6.1
2023-08-12 14:20:00+00:00,17.6,100.0,10.9,6.1
2023-08-12 14:30:00+00:00,17.65,100.0,10.9,6.1
2023-08-12 14:40:00+00:00,17.7,100.0,10.9,6.1
2023-08-12 14:50:00+00:00,17.8,100.0,10.9,6.1
2023-08-12 15:00:00+00:00,18.0,100.0,10.9,6.0
2023-08-12 15:10:00+00:00,18.0,100.0,10.9,6.2
2023-08-12 15:20:00+00:00,18.1,100.0,10.9,6.0
2023-08-12 15:30:00+00:00,18.2,100.0,10.9,4.3
2023-08-12 15:40:00+00:00,18.3,100.0,10.9,6.0
2023-08-12 15:50:00+00:00,18.4,100.0,10.9,6.0
2023-08-12 16:00:00+00:00,18.5,100.0,10.9,4.7
2023-08-12 16:10:00+00:00,18.5,100.0,10.9,3.9
2023-08-12 16:20:00+00:00,18.55,100.0,10.9,4.0
2023-08-12 16:30:00+00:00,18.6,100.0,10.9,4.1
2023-08-12 16:40:00+00:00,18.6,100.0,10.9,4.1
2023-08-12 16:50:00+00:00,18.7,100.0,10.9,4.1
2023-08-12 17:00:00+00:00,18.8,100.0,10.9,4.1
2023-08-12 17:10:00+00:00,18.8,100.0,10.9,4.1
2023-08-12 17:20:00+00:00,18.8,100.0,10.9,3.9
2023-08-12 17:30:00+00:00,18.9,100.0,10.9,4.1
2023-08-12 17:40:00+00:00,18.9,100.0,10.9,4.1
2023-08-12 17:50:00+00:00,19.0,100.0,10.9,4.1
2023-08-12 18:00:00+00:00,19.0,100.0,10.9,4.0
2023-08-12 18:10:00+00:00,19.0,100.0,10.9,3.7
2023-08-12 18:20:00+00:00,19.0,100.0,10.9,3.4
2023-08-12 18:30:00+00:00,19.0,100.0,10.9,2.6
2023-08-12 18:40:00+00:00,19.0,100.0,10.9,1.4
2023-08-12 18:50:00+00:00,19.0,100.0,10.8,0.9
2023-08-12 19:00:00+00:00,18.99,100.0,10.8,0.85
2023-08-12 19:10:00+00:00,18.98,100.0,10.8,0.8
2023-08-12 19:20:00+00:00,18.97,100.0,10.8,0.75
2023-08-12 19:30:00+00:00,18.96,100.0,10.8,0.7
2023-08-12 19:40:00+00:00,18.95,100.0,10.8,0.65
2023-08-12 19:50:00+00:00,18.939999999999998,100.0,10.8,0.6
2023-08-12 20:00:00+00:00,18.93,100.0,10.8,0.55
2023-08-12 20:10:00+00:00,18.919999999999998,100.0,10.8,0.5
2023-08-12 20:20:00+00:00,18.91,100.0,10.8,0.45
2023-08-12 20:30:00+00:00,18.9,100.0,10.8,0.4
2023-08-12 20:40:00+00:00,18.88,100.0,10.8,0.42000000000000004
2023-08-12 20:50:00+00:00,18.86,100.0,10.8,0.44
2023-08-12 21:00:00+00:00,18.84,100.0,10.8,0.46
2023-08-12 21:10:00+00:00,18.82,100.0,10.8,0.48
2023-08-12 21:20:00+00:00,18.799999999999997,100.0,10.8,0.5
2023-08-12 21:30:00+00:00,18.779999999999998,100.0,10.8,0.52
2023-08-12 21:40:00+00:00,18.759999999999998,100.0,10.8,0.54
2023-08-12 21:50:00+00:00,18.74,100.0,10.8,0.56
2023-08-12 22:00:00+00:00,18.72,100.0,10.8,0.58
2023-08-12 22:10:00+00:00,18.7,100.0,10.8,0.6
2023-08-12 22:20:00+00:00,18.684615384615384,100.0,10.8,0.5846153846153846
2023-08-12 22:30:00+00:00,18.66923076923077,100.0,10.8,0.5692307692307692
2023-08-12 22:40:00+00:00,18.653846153846153,100.0,10.8,0.5538461538461539
2023-08-12 22:50:00+00:00,18.638461538461538,100.0,10.8,0.5384615384615384
2023-08-12 23:00:00+00:00,18.623076923076923,100.0,10.8,0.5230769230769231
2023-08-12 23:10:00+00:00,18.607692307692307,100.0,10.8,0.5076923076923077
2023-08-12 23:20:00+00:00,18.592307692307692,100.0,10.8,0.49230769230769234
2023-08-12 23:30:00+00:00,18.576923076923077,100.0,10.8,0.4769230769230769
2023-08-12 23:40:00+00:00,18.56153846153846,100.0,10.8,0.46153846153846156
2023-08-12 23:50:00+00:00,18.546153846153846,100.0,10.8,0.4461538461538461
2023-08-13 00:00:00+00:00,18.53076923076923,100.0,10.8,0.4307692307692308
2023-08-13 00:10:00+00:00,18.515384615384615,100.0,10.8,0.4153846153846154
2023-08-13 00:20:00+00:00,18.5,100.0,10.8,0.4
2023-08-13 00:30:00+00:00,18.48,100.0,10.8,0.42000000000000004
2023-08-13 00:40:00+00:00,18.46,100.0,10.8,0.44
2023-08-13 00:50:00+00:00,18.44,100.0,10.8,0.46
2023-08-13 01:00:00+00:00,18.42,100.0,10.8,0.48
2023-08-13 01:10:00+00:00,18.4,100.0,10.8,0.5
2023-08-13 01:20:00+00:00,18.38,100.0,10.8,0.52
2023-08-13 01:30:00+00:00,18.36,100.0,10.8,0.54
2023-08-13 01:40:00+00:00,18.34,100.0,10.8,0.56
2023-08-13 01:50:00+00:00,18.32,100.0,10.8,0.58
2023-08-13 02:00:00+00:00,18.3,100.0,10.8,0.6
2023-08-13 02:10:00+00:00,18.28,100.0,10.790000000000001,0.95
2023-08-13 02:20:00+00:00,18.26,100.0,10.780000000000001,1.2999999999999998
2023-08-13 02:30:00+00:00,18.240000000000002,100.0,10.77,1.65
2023-08-13 02:40:00+00:00,18.220000000000002,100.0,10.76,2.0
2023-08-13 02:50:00+00:00,18.200000000000003,100.0,10.75,2.35
2023-08-13 03:00:00+00:00,18.18,100.0,10.74,2.6999999999999997
2023-08-13 03:10:00+00:00,18.16,100.0,10.73,3.05
2023-08-13 03:20:00+00:00,18.14,100.0,10.719999999999999,3.4
2023-08-13 03:30:00+00:00,18.12,100.0,10.709999999999999,3.75
2023-08-13 03:40:00+00:00,18.1,100.0,10.7,4.1
2023-08-13 03:50:00+00:00,18.0,100.0,10.7,4.1
2023-08-13 04:00:00+00:00,18.0,100.0,10.8,3.9
2023-08-13 04:10:00+00:00,18.0,100.0,10.8,4.1
2023-08-13 04:20:00+00:00,18.0,100.0,10.7,4.1
2023-08-13 04:30:00+00:00,18.0,100.0,10.8,4.1
2023-08-13 04:40:00+00:00,18.0,100.0,10.7,4.1
2023-08-13 04:50:00+00:00,17.9,100.0,10.8,4.1
2023-08-13 05:00:00+00:00,17.9,100.0,10.7,4.1
2023-08-13 05:10:00+00:00,17.9,100.0,10.75,4.1
2023-08-13 05:20:00+00:00,17.9,100.0,10.8,4.1
2023-08-13 05:30:00+00:00,17.9,100.0,10.8,4.1
2023-08-13 05:40:00+00:00,17.8,100.0,10.8,3.9
2023-08-13 05:50:00+00:00,17.8,100.0,10.8,4.1
2023-08-13 06:00:00+00:00,17.8,100.0,10.8,3.9
2023-08-13 06:10:00+00:00,17.8,100.0,10.8,4.1
2023-08-13 06:20:00+00:00,17.8,100.0,10.8,4.1
2023-08-13 06:30:00+00:00,17.8,100.0,10.8,4.1
2023-08-13 06:40:00+00:00,17.8,100.0,10.8,4.1
2023-08-13 06:50:00+00:00,17.8,100.0,10.8,4.1
2023-08-13 07:00:00+00:00,17.8,100.0,10.8,4.1
2023-08-13 07:10:00+00:00,17.8,100.0,10.8,4.1
2023-08-13 07:20:00+00:00,17.8,100.0,10.8,4.1
2023-08-13 07:30:00+00:00,17.8,100.0,10.8,4.1
2023-08-13 07:40:00+00:00,17.8,100.0,10.8,4.1
2023-08-13 07:50:00+00:00,17.8,100.0,10.8,4.1
2023-08-13 08:00:00+00:00,17.8,100.0,10.8,4.1
2023-08-13 08:10:00+00:00,17.8,100.0,10.8,4.1
2023-08-13 08:20:00+00:00,17.8,100.0,10.9,4.1
2023-08-13 08:30:00+00:00,17.8,100.0,10.8,4.1
2023-08-13 08:40:00+00:00,17.9,100.0,10.8,4.1
2023-08-13 08:50:00+00:00,17.9,100.0,10.850000000000001,4.699999999999999
2023-08-13 09:00:00+00:00,17.9,100.0,10.9,5.3
2023-08-13 09:10:00+00:00,17.9,100.0,10.9,6.2
2023-08-13 09:20:00+00:00,18.0,100.0,10.9,5.7
2023-08-13 09:30:00+00:00,18.0,100.0,10.9,6.1
2023-08-13 09:40:00+00:00,18.0,100.0,10.9,6.0
2023-08-13 09:50:00+00:00,18.0,100.0,10.9,6.4
2023-08-13 10:00:00+00:00,18.0,100.0,10.9,6.2
2023-08-13 10:10:00+00:00,18.1,100.0,10.9,6.1
2023-08-13 10:20:00+00:00,18.1,100.0,10.9,6.1
2023-08-13 10:30:00+00:00,18.2,100.0,10.9,6.2
2023-08-13 10:40:00+00:00,18.2,100.0,10.9,6.0
2023-08-13 10:50:00+00:00,18.2,100.0,10.9,5.8
2023-08-13 11:00:00+00:00,18.3,100.0,10.9,6.2
2023-08-13 11:10:00+00:00,18.3,100.0,10.9,6.1
2023-08-13 11:20:00+00:00,18.4,100.0,10.9,6.3
2023-08-13 11:30:00+00:00,18.5,100.0,10.9,6.3
2023-08-13 11:40:00+00:00,18.5,100.0,10.9,6.0
2023-08-13 11:50:00+00:00,18.5,100.0,10.9,5.6
2023-08-13 12:00:00+00:00,18.6,100.0,10.9,6.0
2023-08-13 12:10:00+00:00,18.6,100.0,10.9,6.2
2023-08-13 12:20:00+00:00,18.7,100.0,11.0,6.2
2023-08-13 12:30:00+00:00,18.75,100.0,10.95,6.0
2023-08-13 12:40:00+00:00,18.8,100.0,10.9,5.8
2023-08-13 12:50:00+00:00,18.9,100.0,11.0,5.8
2023-08-13 13:00:00+00:00,19.0,100.0,10.9,5.9
2023-08-13 13:10:00+00:00,19.0,100.0,10.9,6.2
2023-08-13 13:20:00+00:00,19.1,100.0,10.9,6.3
2023-08-13 13:30:00+00:00,19.1,100.0,10.9,5.6
2023-08-13 13:40:00+00:00,19.2,100.0,11.0,6.1
2023-08-13 13:50:00+00:00,19.3,100.0,11.0,5.5
2023-08-13 14:00:00+00:00,19.3,100.0,10.9,5.4
2023-08-13 14:10:00+00:00,19.4,100.0,10.9,6.4
2023-08-13 14:20:00+00:00,19.45,100.0,10.9,6.0
2023-08-13 14:30:00+00:00,19.5,100.0,10.9,5.6
2023-08-13 14:40:00+00:00,19.5,100.0,10.9,6.1
2023-08-13 14:50:00+00:00,19.5,100.0,10.9,6.1
2023-08-13 15:00:00+00:00,19.6,100.0,10.9,6.1
2023-08-13 15:10:00+00:00,19.6,100.0,10.9,6.2
2023-08-13 15:20:00+00:00,19.7,100.0,10.9,5.7
2023-08-13 15:30:00+00:00,19.7,100.0,10.9,4.2
2023-08-13 15:40:00+00:00,19.8,100.0,10.9,4.1
2023-08-13 15:50:00+00:00,19.8,100.0,10.9,4.1
2023-08-13 16:00:00+00:00,19.8,100.0,10.9,4.1
2023-08-13 16:10:00+00:00,19.8,100.0,10.9,4.1
2023-08-13 16:20:00+00:00,19.8,100.0,10.9,4.1
2023-08-13 16:30:00+00:00,19.8,100.0,10.9,4.1
2023-08-13 16:40:00+00:00,19.9,100.0,10.9,4.1
2023-08-13 16:50:00+00:00,19.9,100.0,10.9,4.1
2023-08-13 17:00:00+00:00,19.9,100.0,10.9,6.1
2023-08-13 17:10:00+00:00,20.0,100.0,10.9,5.8
2023-08-13 17:20:00+00:00,20.0,100.0,10.9,4.1
2023-08-13 17:30:00+00:00,20.0,100.0,10.9,4.3
2023-08-13 17:40:00+00:00,20.0,100.0,10.9,4.1
2023-08-13 17:50:00+00:00,20.0,100.0,10.9,4.9
2023-08-13 18:00:00+00:00,20.0,100.0,10.9,4.6
2023-08-13 18:10:00+00:00,20.0,100.0,10.9,4.3
2023-08-13 18:20:00+00:00,20.0,100.0,10.9,3.7
2023-08-13 18:30:00+00:00,20.0,100.0,10.9,2.9
2023-08-13 18:40:00+00:00,20.0,100.0,10.9,1.9
2023-08-13 18:50:00+00:00,20.0,100.0,10.8,1.1
2023-08-13 19:00:00+00:00,20.0,100.0,10.8,0.7
2023-08-13 19:10:00+00:00,19.976923076923075,100.0,10.8,0.6923076923076923
2023-08-13 19:20:00+00:00,19.953846153846154,100.0,10.8,0.6846153846153846
2023-08-13 19:30:00+00:00,19.93076923076923,100.0,10.8,0.6769230769230768
2023-08-13 19:40:00+00:00,19.907692307692308,100.0,10.8,0.6692307692307692
2023-08-13 19:50:00+00:00,19.884615384615383,100.0,10.8,0.6615384615384615
2023-08-13 20:00:00+00:00,19.861538461538462,100.0,10.8,0.6538461538461539
2023-08-13 20:10:00+00:00,19.838461538461537,100.0,10.8,0.6461538461538461
2023-08-13 20:20:00+00:00,19.815384615384616,100.0,10.8,0.6384615384615384
2023-08-13 20:30:00+00:00,19.79230769230769,100.0,10.8,0.6307692307692307
2023-08-13 20:40:00+00:00,19.76923076923077,100.0,10.8,0.6230769230769231
2023-08-13 20:50:00+00:00,19.746153846153845,100.0,10.8,0.6153846153846153
2023-08-13 21:00:00+00:00,19.723076923076924,100.0,10.8,0.6076923076923076
2023-08-13 21:10:00+00:00,19.7,100.0,10.8,0.6
2023-08-13 21:20:00+00:00,19.66,100.0,10.790000000000001,0.58
2023-08-13 21:30:00+00:00,19.62,100.0,10.780000000000001,0.5599999999999999
2023-08-13 21:40:00+00:00,19.58,100.0,10.77,0.54
2023-08-13 21:50:00+00:00,19.54,100.0,10.76,0.52
2023-08-13 22:00:00+00:00,19.5,100.0,10.75,0.5
2023-08-13 22:10:00+00:00,19.46,100.0,10.74,0.48
2023-08-13 22:20:00+00:00,19.42,100.0,10.73,0.45999999999999996
2023-08-13 22:30:00+00:00,19.38,100.0,10.719999999999999,0.44
2023-08-13 22:40:00+00:00,19.34,100.0,10.709999999999999,0.42000000000000004
2023-08-13 22:50:00+00:00,19.3,100.0,10.7,0.4
2023-08-13 23:00:00+00:00,19.27,100.0,10.69,0.42000000000000004
2023-08-13 23:10:00+00:00,19.240000000000002,100.0,10.68,0.44
2023-08-13 23:20:00+00:00,19.21,100.0,10.67,0.46
2023-08-13 23:30:00+00:00,19.18,100.0,10.66,0.48
2023-08-13 23:40:00+00:00,19.15,100.0,10.649999999999999,0.5
2023-08-13 23:50:00+00:00,19.12,100.0,10.639999999999999,0.52
2023-08-14 00:00:00+00:00,19.09,100.0,10.629999999999999,0.54
2023-08-14 00:10:00+00:00,19.06,100.0,10.62,0.56
2023-08-14 00:20:00+00:00,19.03,100.0,10.61,0.58
2023-08-14 00:30:00+00:00,19.0,100.0,10.6,0.6
2023-08-14 00:40:00+00:00,18.96,100.0,10.6,0.6
2023-08-14 00:50:00+00:00,18.92,100.0,10.6,0.6
2023-08-14 01:00:00+00:00,18.88,100.0,10.6,0.6
2023-08-14 01:10:00+00:00,18.84,100.0,10.6,0.6
2023-08-14 01:20:00+00:00,18.8,100.0,10.6,0.6
2023-08-14 01:30:00+00:00,18.76,100.0,10.6,0.6
2023-08-14 01:40:00+00:00,18.720000000000002,100.0,10.6,0.6
2023-08-14 01:50:00+00:00,18.68,100.0,10.6,0.6
2023-08-14 02:00:00+00:00,18.64,100.0,10.6,0.6
2023-08-14 02:10:00+00:00,18.6,100.0,10.6,0.6
2023-08-14 02:20:00+00:00,18.560000000000002,100.0,10.6,0.9199999999999999
2023-08-14 02:30:00+00:00,18.52,100.0,10.6,1.2399999999999998
2023-08-14 02:40:00+00:00,18.48,100.0,10.6,1.5599999999999998
2023-08-14 02:50:00+00:00,18.44,100.0,10.6,1.88
2023-08-14 03:00:00+00:00,18.4,100.0,10.6,2.1999999999999997
2023-08-14 03:10:00+00:00,18.36,100.0,10.6,2.5199999999999996
2023-08-14 03:20:00+00:00,18.32,100.0,10.6,2.84
2023-08-14 03:30:00+00:00,18.28,100.0,10.6,3.1599999999999997
2023-08-14 03:40:00+00:00,18.24,100.0,10.6,3.4799999999999995
2023-08-14 03:50:00+00:00,18.2,100.0,10.6,3.8
2023-08-14 04:00:00+00:00,18.1,100.0,10.5,3.9
2023-08-14 04:10:00+00:00,18.0,100.0,10.5,4.1
2023-08-14 04:20:00+00:00,18.0,100.0,10.5,4.1
2023-08-14 04:30:00+00:00,18.0,100.0,10.5,4.1
2023-08-14 04:40:00+00:00,18.0,100.0,10.5,4.1
2023-08-14 04:50:00+00:00,17.9,100.0,10.5,4.1
2023-08-14 05:00:00+00:00,17.9,100.0,10.55,4.1
2023-08-14 05:10:00+00:00,17.9,100.0,10.6,4.1
2023-08-14 05:20:00+00:00,17.8,100.0,10.6,3.9
2023-08-14 05:30:00+00:00,17.8,100.0,10.6,4.1
2023-08-14 05:40:00+00:00,17.8,100.0,10.6,4.1
2023-08-14 05:50:00+00:00,17.8,100.0,10.6,4.1
2023-08-14 06:00:00+00:00,17.8,100.0,10.6,4.1
2023-08-14 06:10:00+00:00,17.7,100.0,10.6,4.1
2023-08-14 06:20:00+00:00,17.7,100.0,10.6,4.1
2023-08-14 06:30:00+00:00,17.7,100.0,10.6,4.1
2023-08-14 06:40:00+00:00,17.7,100.0,10.6,4.1
2023-08-14 06:50:00+00:00,17.65,100.0,10.6,4.1
2023-08-14 07:00:00+00:00,17.6,100.0,10.6,4.1
2023-08-14 07:10:00+00:00,17.6,100.0,10.6,4.1
2023-08-14 07:20:00+00:00,17.6,100.0,10.6,4.1
2023-08-14 07:30:00+00:00,17.6,100.0,10.6,4.1
2023-08-14 07:40:00+00:00,17.6,100.0,10.6,4.1
2023-08-14 07:50:00+00:00,17.6,100.0,10.6,4.1
2023-08-14 08:00:00+00:00,17.6,100.0,10.6,4.1
2023-08-14 08:10:00+00:00,17.6,100.0,10.6,4.1
2023-08-14 08:20:00+00:00,17.6,100.0,10.6,4.1
2023-08-14 08:30:00+00:00,17.6,100.0,10.6,4.1
2023-08-14 08:40:00+00:00,17.6,100.0,10.649999999999999,5.0
2023-08-14 08:50:00+00:00,17.6,100.0,10.7,5.9
2023-08-14 09:00:00+00:00,17.7,100.0,10.7,6.1
2023-08-14 09:10:00+00:00,17.7,100.0,10.7,6.1
2023-08-14 09:20:00+00:00,17.8,100.0,10.7,6.2
2023-08-14 09:30:00+00:00,17.8,100.0,10.7,6.2
2023-08-14 09:40:00+00:00,17.8,100.0,10.7,6.1
2023-08-14 09:50:00+00:00,17.8,100.0,10.7,6.2
2023-08-14 10:00:00+00:00,17.8,100.0,10.8,6.2
2023-08-14 10:10:00+00:00,17.9,100.0,10.7,6.2
2023-08-14 10:20:00+00:00,17.9,100.0,10.7,6.1
2023-08-14 10:30:00+00:00,17.95,100.0,10.7,6.15
2023-08-14 10:40:00+00:00,18.0,100.0,10.7,6.2
2023-08-14 10:50:00+00:00,18.0,100.0,10.7,6.2
2023-08-14 11:00:00+00:00,18.0,100.0,10.8,6.2
2023-08-14 11:10:00+00:00,18.1,100.0,10.8,6.2
2023-08-14 11:20:00+00:00,18.1,100.0,10.8,6.1
2023-08-14 11:30:00+00:00,18.2,100.0,10.8,6.1
2023-08-14 11:40:00+00:00,18.3,100.0,10.8,6.1
2023-08-14 11:50:00+00:00,18.3,100.0,10.8,6.0
2023-08-14 12:00:00+00:00,18.4,100.0,10.8,6.1
2023-08-14 12:10:00+00:00,18.5,100.0,10.8,6.1
2023-08-14 12:20:00+00:00,18.5,100.0,10.8,6.1
2023-08-14 12:30:00+00:00,18.5,100.0,10.8,6.1
2023-08-14 12:40:00+00:00,18.6,100.0,10.8,6.1
2023-08-14 12:50:00+00:00,18.6,100.0,10.9,5.7
2023-08-14 13:00:00+00:00,18.7,100.0,10.9,6.3
2023-08-14 13:10:00+00:00,18.8,100.0,10.9,5.8
2023-08-14 13:20:00+00:00,18.8,100.0,10.9,6.1
2023-08-14 13:30:00+00:00,19.0,100.0,10.9,5.9
2023-08-14 13:40:00+00:00,19.0,100.0,10.9,5.7
2023-08-14 13:50:00+00:00,19.1,100.0,10.9,6.2
2023-08-14 14:00:00+00:00,19.1,100.0,10.9,6.1
2023-08-14 14:10:00+00:00,19.200000000000003,100.0,10.9,6.199999999999999
2023-08-14 14:20:00+00:00,19.3,100.0,10.9,6.3
2023-08-14 14:30:00+00:00,19.3,100.0,10.9,5.5
2023-08-14 14:40:00+00:00,19.4,100.0,10.9,5.8
2023-08-14 14:50:00+00:00,19.4,100.0,10.9,5.4
2023-08-14 15:00:00+00:00,19.5,100.0,10.9,6.0
2023-08-14 15:10:00+00:00,19.5,100.0,10.9,6.2
2023-08-14 15:20:00+00:00,19.6,100.0,10.9,5.6
2023-08-14 15:30:00+00:00,19.6,100.0,10.9,4.2
2023-08-14 15:40:00+00:00,19.7,100.0,10.9,6.2
2023-08-14 15:50:00+00:00,19.8,100.0,10.9,6.0
2023-08-14 16:00:00+00:00,19.8,100.0,10.9,5.95
2023-08-14 16:10:00+00:00,19.8,100.0,10.9,5.9
2023-08-14 16:20:00+00:00,19.9,100.0,10.9,5.8
2023-08-14 16:30:00+00:00,20.0,100.0,10.9,5.0
2023-08-14 16:40:00+00:00,20.0,100.0,10.9,4.2
2023-08-14 16:50:00+00:00,20.0,100.0,10.9,4.1
2023-08-14 17:00:00+00:00,20.1,100.0,10.9,4.1
2023-08-14 17:10:00+00:00,20.1,100.0,10.9,5.1
2023-08-14 17:20:00+00:00,20.1,100.0,10.9,4.1
2023-08-14 17:30:00+00:00,20.1,100.0,10.9,5.8
2023-08-14 17:40:00+00:00,20.2,100.0,10.9,5.1
2023-08-14 17:50:00+00:00,20.2,100.0,10.9,5.05
2023-08-14 18:00:00+00:00,20.2,100.0,10.9,5.0
2023-08-14 18:10:00+00:00,20.3,100.0,10.9,4.2
2023-08-14 18:20:00+00:00,20.3,100.0,10.9,4.0
2023-08-14 18:30:00+00:00,20.3,100.0,10.9,3.1
2023-08-14 18:40:00+00:00,20.3,100.0,10.9,2.0
2023-08-14 18:50:00+00:00,20.3,100.0,10.9,1.0
2023-08-14 19:00:00+00:00,20.3,100.0,10.8,0.5
2023-08-14 19:10:00+00:00,20.29,100.0,10.8,0.51
2023-08-14 19:20:00+00:00,20.28,100.0,10.8,0.52
2023-08-14 19:30:00+00:00,20.27,100.0,10.8,0.53
2023-08-14 19:40:00+00:00,20.26,100.0,10.8,0.54
2023-08-14 19:50:00+00:00,20.25,100.0,10.8,0.55
2023-08-14 20:00:00+00:00,20.24,100.0,10.8,0.5599999999999999
2023-08-14 20:10:00+00:00,20.23,100.0,10.8,0.57
2023-08-14 20:20:00+00:00,20.22,100.0,10.8,0.58
2023-08-14 20:30:00+00:00,20.21,100.0,10.8,0.59
2023-08-14 20:40:00+00:00,20.2,100.0,10.8,0.6
2023-08-14 20:50:00+00:00,20.169999999999998,100.0,10.790000000000001,0.6
2023-08-14 21:00:00+00:00,20.14,100.0,10.780000000000001,0.6
2023-08-14 21:10:00+00:00,20.11,100.0,10.77,0.6
2023-08-14 21:20:00+00:00,20.08,100.0,10.76,0.6
2023-08-14 21:30:00+00:00,20.049999999999997,100.0,10.75,0.6
2023-08-14 21:40:00+00:00,20.02,100.0,10.74,0.6
2023-08-14 21:50:00+00:00,19.99,100.0,10.73,0.6
2023-08-14 22:00:00+00:00,19.959999999999997,100.0,10.719999999999999,0.6
2023-08-14 22:10:00+00:00,19.93,100.0,10.709999999999999,0.6
2023-08-14 22:20:00+00:00,19.9,100.0,10.7,0.6
2023-08-14 22:30:00+00:00,19.878571428571426,100.0,10.7,0.6
2023-08-14 22:40:00+00:00,19.857142857142858,100.0,10.7,0.6
2023-08-14 22:50:00+00:00,19.835714285714285,100.0,10.7,0.6
2023-08-14 23:00:00+00:00,19.814285714285713,100.0,10.7,0.6
2023-08-14 23:10:00+00:00,19.79285714285714,100.0,10.7,0.6
2023-08-14 23:20:00+00:00,19.771428571428572,100.0,10.7,0.6
2023-08-14 23:30:00+00:00,19.75,100.0,10.7,0.6
2023-08-14 23:40:00+00:00,19.728571428571428,100.0,10.7,0.6
2023-08-14 23:50:00+00:00,19.70714285714286,100.0,10.7,0.6
2023-08-15 00:00:00+00:00,19.685714285714287,100.0,10.7,0.6
2023-08-15 00:10:00+00:00,19.664285714285715,100.0,10.7,0.6
2023-08-15 00:20:00+00:00,19.642857142857142,100.0,10.7,0.6
2023-08-15 00:30:00+00:00,19.621428571428574,100.0,10.7,0.6
2023-08-15 00:40:00+00:00,19.6,100.0,10.7,0.6
2023-08-15 00:50:00+00:00,19.57,100.0,10.7,0.6
2023-08-15 01:00:00+00:00,19.540000000000003,100.0,10.7,0.6
2023-08-15 01:10:00+00:00,19.51,100.0,10.7,0.6
2023-08-15 01:20:00+00:00,19.48,100.0,10.7,0.6
2023-08-15 01:30:00+00:00,19.450000000000003,100.0,10.7,0.6
2023-08-15 01:40:00+00:00,19.42,100.0,10.7,0.6
2023-08-15 01:50:00+00:00,19.39,100.0,10.7,0.6
2023-08-15 02:00:00+00:00,19.36,100.0,10.7,0.6
2023-08-15 02:10:00+00:00,19.330000000000002,100.0,10.7,0.6
2023-08-15 02:20:00+00:00,19.3,100.0,10.7,0.6
2023-08-15 02:30:00+00:00,19.27,100.0,10.69,0.94
2023-08-15 02:40:00+00:00,19.240000000000002,100.0,10.68,1.2799999999999998
2023-08-15 02:50:00+00:00,19.21,100.0,10.67,1.62
2023-08-15 03:00:00+00:00,19.18,100.0,10.66,1.96
2023-08-15 03:10:00+00:00,19.15,100.0,10.649999999999999,2.3
2023-08-15 03:20:00+00:00,19.12,100.0,10.639999999999999,2.64
2023-08-15 03:30:00+00:00,19.09,100.0,10.629999999999999,2.98
2023-08-15 03:40:00+00:00,19.06,100.0,10.62,3.32
2023-08-15 03:50:00+00:00,19.03,100.0,10.61,3.6599999999999997
2023-08-15 04:00:00+00:00,19.0,100.0,10.6,4.0
2023-08-15 04:10:00+00:00,19.0,100.0,10.6,4.1
2023-08-15 04:20:00+00:00,18.9,100.0,10.6,4.1
2023-08-15 04:30:00+00:00,18.9,100.0,10.7,4.1
2023-08-15 04:40:00+00:00,18.8,100.0,10.6,4.1
2023-08-15 04:50:00+00:00,18.8,100.0,10.6,4.1
2023-08-15 05:00:00+00:00,18.8,100.0,10.6,4.1
2023-08-15 05:10:00+00:00,18.8,100.0,10.7,4.1
2023-08-15 05:20:00+00:00,18.8,100.0,10.7,4.1
2023-08-15 05:30:00+00:00,18.8,100.0,10.7,4.1
2023-08-15 05:40:00+00:00,18.8,100.0,10.7,4.1
2023-08-15 05:50:00+00:00,18.8,100.0,10.7,4.1
2023-08-15 06:00:00+00:00,18.8,100.0,10.7,3.9
2023-08-15 06:10:00+00:00,18.8,100.0,10.7,4.1
2023-08-15 06:20:00+00:00,18.7,100.0,10.7,4.1
2023-08-15 06:30:00+00:00,18.7,100.0,10.7,4.1
2023-08-15 06:40:00+00:00,18.7,100.0,10.7,4.1
2023-08-15 06:50:00+00:00,18.7,100.0,10.7,4.1
2023-08-15 07:00:00+00:00,18.7,100.0,10.7,4.1
2023-08-15 07:10:00+00:00,18.7,100.0,10.7,4.1
2023-08-15 07:20:00+00:00,18.7,100.0,10.8,4.1
2023-08-15 07:30:00+00:00,18.7,100.0,10.7,4.1
2023-08-15 07:40:00+00:00,18.7,100.0,10.7,4.1
2023-08-15 07:50:00+00:00,18.7,100.0,10.8,4.1
2023-08-15 08:00:00+00:00,18.8,100.0,10.8,4.2
2023-08-15 08:10:00+00:00,18.8,100.0,10.8,4.1
2023-08-15 08:20:00+00:00,18.8,100.0,10.8,4.2
2023-08-15 08:30:00+00:00,18.8,100.0,10.8,4.15
2023-08-15 08:40:00+00:00,18.8,100.0,10.8,4.1
2023-08-15 08:50:00+00:00,18.8,100.0,10.8,5.8
2023-08-15 09:00:00+00:00,18.8,100.0,10.8,6.0
2023-08-15 09:10:00+00:00,18.9,100.0,10.8,6.1
2023-08-15 09:20:00+00:00,18.9,100.0,10.8,6.1
2023-08-15 09:30:00+00:00,19.0,100.0,10.8,6.1
2023-08-15 09:40:00+00:00,19.0,100.0,10.9,6.1
2023-08-15 09:50:00+00:00,19.0,100.0,10.9,6.1
2023-08-15 10:00:00+00:00,19.1,100.0,10.9,6.1
2023-08-15 10:10:00+00:00,19.1,100.0,10.9,6.1
2023-08-15 10:20:00+00:00,19.15,100.0,10.9,6.1
2023-08-15 10:30:00+00:00,19.2,100.0,10.9,6.1
2023-08-15 10:40:00+00:00,19.2,100.0,10.9,6.1
2023-08-15 10:50:00+00:00,19.2,100.0,10.9,6.1
2023-08-15 11:00:00+00:00,19.4,100.0,10.9,6.1
2023-08-15 11:10:00+00:00,19.5,100.0,10.9,6.1
2023-08-15 11:20:00+00:00,19.5,100.0,10.9,6.1
2023-08-15 11:30:00+00:00,19.6,100.0,10.9,6.1
2023-08-15 11:40:00+00:00,19.6,100.0,10.9,6.1
2023-08-15 11:50:00+00:00,19.6,100.0,9.6,6.1
2023-08-15 12:00:00+00:00,19.8,100.0,8.3,6.1
2023-08-15 12:10:00+00:00,19.8,100.0,7.0,6.1
2023-08-15 12:20:00+00:00,19.8,100.0,5.7,6.1
2023-08-15 12:30:00+00:00,20.0,100.0,4.4,6.1
2023-08-15 12:40:00+00:00,20.0,100.0,3.1,6.1
2023-08-15 12:50:00+00:00,20.0,100.0,7.050000000000001,6.1
2023-08-15 13:00:00+00:00,20.2,100.0,11.0,6.1
2023-08-15 13:10:00+00:00,20.3,100.0,11.0,6.1
2023-08-15 13:20:00+00:00,20.4,100.0,11.0,6.1
2023-08-15 13:30:00+00:00,20.4,100.0,11.0,6.1
2023-08-15 13:40:00+00:00,20.4,100.0,11.0,6.1
2023-08-15 13:50:00+00:00,20.7,100.0,11.0,6.1
2023-08-15 14:00:00+00:00,20.75,100.0,11.0,6.1
2023-08-15 14:10:00+00:00,20.8,100.0,11.0,6.1
2023-08-15 14:20:00+00:00,20.9,100.0,7.05,6.1
2023-08-15 14:30:00+00:00,20.9,100.0,3.1,6.1
2023-08-15 14:40:00+00:00,20.9,100.0,3.1,6.1
2023-08-15 14:50:00+00:00,20.9,100.0,3.1,6.1
2023-08-15 15:00:00+00:00,21.3,100.0,5.733333333333333,6.1
2023-08-15 15:10:00+00:00,21.3,100.0,8.366666666666667,6.1
2023-08-15 15:20:00+00:00,21.5,100.0,11.0,6.1
2023-08-15 15:30:00+00:00,21.5,100.0,11.0,6.1
2023-08-15 15:40:00+00:00,21.6,100.0,11.0,6.0
2023-08-15 15:50:00+00:00,21.6,100.0,11.0,6.0
2023-08-15 16:00:00+00:00,21.6,100.0,11.0,6.0
2023-08-15 16:10:00+00:00,21.7,100.0,11.0,6.0
2023-08-15 16:20:00+00:00,21.8,100.0,11.0,6.0
2023-08-15 16:30:00+00:00,21.8,100.0,11.0,5.9
2023-08-15 16:40:00+00:00,21.8,100.0,11.0,5.8
2023-08-15 16:50:00+00:00,21.9,100.0,11.0,5.8
2023-08-15 17:00:00+00:00,21.9,100.0,11.0,5.3
2023-08-15 17:10:00+00:00,22.0,100.0,11.0,4.1
2023-08-15 17:20:00+00:00,22.0,100.0,11.0,5.6
2023-08-15 17:30:00+00:00,22.0,100.0,11.0,4.1
2023-08-15 17:40:00+00:00,22.0,100.0,11.0,4.1
2023-08-15 17:50:00+00:00,22.0,100.0,11.0,4.1
2023-08-15 18:00:00+00:00,22.0,100.0,11.0,4.1
2023-08-15 18:10:00+00:00,22.0,100.0,11.0,4.1
2023-08-15 18:20:00+00:00,22.0,100.0,11.0,3.3
2023-08-15 18:30:00+00:00,22.0,100.0,10.9,2.3
2023-08-15 18:40:00+00:00,22.0,100.0,10.9,1.4
2023-08-15 18:50:00+00:00,22.0,100.0,10.9,0.8
2023-08-15 19:00:00+00:00,21.98,100.0,10.9,0.76
2023-08-15 19:10:00+00:00,21.96,100.0,10.9,0.7200000000000001
2023-08-15 19:20:00+00:00,21.94,100.0,10.9,0.68
2023-08-15 19:30:00+00:00,21.92,100.0,10.9,0.64
2023-08-15 19:40:00+00:00,21.9,100.0,10.9,0.6000000000000001
2023-08-15 19:50:00+00:00,21.88,100.0,10.9,0.56
2023-08-15 20:00:00+00:00,21.86,100.0,10.9,0.52
2023-08-15 20:10:00+00:00,21.84,100.0,10.9,0.48000000000000004
2023-08-15 20:20:00+00:00,21.82,100.0,10.9,0.44000000000000006
2023-08-15 20:30:00+00:00,21.8,100.0,10.9,0.4
2023-08-15 20:40:00+00:00,21.76,100.0,10.89,0.42000000000000004
2023-08-15 20:50:00+00:00,21.72,100.0,10.88,0.44
2023-08-15 21:00:00+00:00,21.68,100.0,10.870000000000001,0.46
2023-08-15 21:10:00+00:00,21.64,100.0,10.860000000000001,0.48
2023-08-15 21:20:00+00:00,21.6,100.0,10.850000000000001,0.5
2023-08-15 21:30:00+00:00,21.56,100.0,10.84,0.52
2023-08-15 21:40:00+00:00,21.52,100.0,10.83,0.54
2023-08-15 21:50:00+00:00,21.48,100.0,10.82,0.56
2023-08-15 22:00:00+00:00,21.439999999999998,100.0,10.81,0.58
2023-08-15 22:10:00+00:00,21.4,100.0,10.8,0.6
2023-08-15 22:20:00+00:00,21.37142857142857,100.0,10.8,0.6
2023-08-15 22:30:00+00:00,21.34285714285714,100.0,10.8,0.6
2023-08-15 22:40:00+00:00,21.314285714285713,100.0,10.8,0.6
2023-08-15 22:50:00+00:00,21.285714285714285,100.0,10.8,0.6
2023-08-15 23:00:00+00:00,21.257142857142856,100.0,10.8,0.6
2023-08-15 23:10:00+00:00,21.228571428571428,100.0,10.8,0.6
2023-08-15 23:20:00+00:00,21.2,100.0,10.8,0.6
2023-08-15 23:30:00+00:00,21.17142857142857,100.0,10.8,0.6
2023-08-15 23:40:00+00:00,21.142857142857142,100.0,10.8,0.6
2023-08-15 23:50:00+00:00,21.114285714285714,100.0,10.8,0.6
2023-08-16 00:00:00+00:00,21.085714285714285,100.0,10.8,0.6
2023-08-16 00:10:00+00:00,21.057142857142857,100.0,10.8,0.6
2023-08-16 00:20:00+00:00,21.02857142857143,100.0,10.8,0.6
2023-08-16 00:30:00+00:00,21.0,100.0,10.8,0.6
2023-08-16 00:40:00+00:00,20.96,100.0,10.8,0.6
2023-08-16 00:50:00+00:00,20.92,100.0,10.8,0.6
2023-08-16 01:00:00+00:00,20.88,100.0,10.8,0.6
2023-08-16 01:10:00+00:00,20.84,100.0,10.8,0.6
2023-08-16 01:20:00+00:00,20.8,100.0,10.8,0.6
2023-08-16 01:30:00+00:00,20.76,100.0,10.8,0.6
2023-08-16 01:40:00+00:00,20.720000000000002,100.0,10.8,0.6
2023-08-16 01:50:00+00:00,20.68,100.0,10.8,0.6
2023-08-16 02:00:00+00:00,20.64,100.0,10.8,0.6
2023-08-16 02:10:00+00:00,20.6,100.0,10.8,0.6
2023-08-16 02:20:00+00:00,20.545,100.0,10.790000000000001,0.9299999999999999
2023-08-16 02:30:00+00:00,20.490000000000002,100.0,10.780000000000001,1.2599999999999998
2023-08-16 02:40:00+00:00,20.435000000000002,100.0,10.77,1.5899999999999999
2023-08-16 02:50:00+00:00,20.380000000000003,100.0,10.76,1.92
2023-08-16 03:00:00+00:00,20.325000000000003,100.0,10.75,2.25
2023-08-16 03:10:00+00:00,20.27,100.0,10.74,2.5799999999999996
2023-08-16 03:20:00+00:00,20.215,100.0,10.73,2.9099999999999997
2023-08-16 03:30:00+00:00,20.16,100.0,10.719999999999999,3.2399999999999998
2023-08-16 03:40:00+00:00,20.105,100.0,10.709999999999999,3.57
2023-08-16 03:50:00+00:00,20.05,100.0,10.7,3.9
2023-08-16 04:00:00+00:00,20.0,100.0,10.7,4.1
2023-08-16 04:10:00+00:00,20.0,100.0,10.7,4.1
2023-08-16 04:20:00+00:00,20.0,100.0,10.7,4.1
2023-08-16 04:30:00+00:00,19.9,100.0,10.7,4.1
2023-08-16 04:40:00+00:00,19.9,100.0,10.7,4.1
2023-08-16 04:50:00+00:00,19.9,100.0,10.7,4.1
2023-08-16 05:00:00+00:00,19.8,100.0,10.7,4.1
2023-08-16 05:10:00+00:00,19.8,100.0,10.7,4.1
2023-08-16 05:20:00+00:00,19.8,100.0,10.7,4.1
2023-08-16 05:30:00+00:00,19.8,100.0,10.7,4.1
2023-08-16 05:40:00+00:00,19.8,100.0,10.7,4.1
2023-08-16 05:50:00+00:00,19.8,100.0,10.8,4.1
2023-08-16 06:00:00+00:00,19.7,100.0,10.8,4.1
2023-08-16 06:10:00+00:00,19.7,100.0,10.8,4.1
2023-08-16 06:20:00+00:00,19.7,100.0,10.8,4.1
2023-08-16 06:30:00+00:00,19.7,100.0,10.8,4.1
2023-08-16 06:40:00+00:00,19.7,100.0,10.8,4.1
2023-08-16 06:50:00+00:00,19.6,100.0,10.8,4.1
2023-08-16 07:00:00+00:00,19.6,100.0,10.8,4.1
2023-08-16 07:10:00+00:00,19.6,100.0,10.8,4.1
2023-08-16 07:20:00+00:00,19.6,100.0,10.8,4.1
2023-08-16 07:30:00+00:00,19.6,100.0,10.8,4.1
2023-08-16 07:40:00+00:00,19.6,100.0,10.8,4.1
2023-08-16 07:50:00+00:00,19.6,100.0,10.8,4.1
2023-08-16 08:00:00+00:00,19.6,100.0,10.8,4.1
2023-08-16 08:10:00+00:00,19.6,100.0,10.8,4.1
2023-08-16 08:20:00+00:00,19.6,100.0,10.8,4.1
2023-08-16 08:30:00+00:00,19.6,100.0,10.8,4.1
2023-08-16 08:40:00+00:00,19.7,100.0,10.9,4.1
2023-08-16 08:50:00+00:00,19.7,100.0,10.9,4.1
2023-08-16 09:00:00+00:00,19.7,100.0,10.9,5.9
2023-08-16 09:10:00+00:00,19.7,100.0,10.9,6.0
2023-08-16 09:20:00+00:00,19.8,100.0,10.9,6.1
2023-08-16 09:30:00+00:00,19.8,100.0,10.9,6.1
2023-08-16 09:40:00+00:00,19.8,100.0,10.9,6.0
2023-08-16 09:50:00+00:00,19.8,100.0,10.9,6.1
2023-08-16 10:00:00+00:00,19.9,100.0,10.9,6.1
2023-08-16 10:10:00+00:00,19.9,100.0,10.925,6.1
2023-08-16 10:20:00+00:00,19.9,100.0,10.95,6.1
2023-08-16 10:30:00+00:00,20.0,100.0,10.975,6.1
2023-08-16 10:40:00+00:00,20.0,100.0,11.0,6.0
2023-08-16 10:50:00+00:00,20.0,100.0,11.0,6.1
2023-08-16 11:00:00+00:00,20.1,100.0,11.0,6.0
2023-08-16 11:10:00+00:00,20.1,100.0,11.0,6.0
2023-08-16 11:20:00+00:00,20.3,100.0,11.0,6.0
2023-08-16 11:30:00+00:00,20.4,100.0,11.0,6.1
2023-08-16 11:40:00+00:00,20.4,100.0,11.0,6.1
2023-08-16 11:50:00+00:00,20.4,100.0,11.0,6.1
2023-08-16 12:00:00+00:00,20.5,100.0,11.0,6.1
2023-08-16 12:10:00+00:00,20.6,100.0,11.0,6.1
2023-08-16 12:20:00+00:00,20.6,100.0,11.0,6.1
2023-08-16 12:30:00+00:00,20.7,100.0,11.0,6.2
2023-08-16 12:40:00+00:00,20.8,100.0,11.0,6.2
2023-08-16 12:50:00+00:00,20.8,100.0,11.0,6.2
2023-08-16 13:00:00+00:00,20.9,100.0,11.0,6.2
2023-08-16 13:10:00+00:00,21.0,100.0,11.0,6.2
2023-08-16 13:20:00+00:00,21.0,100.0,11.0,6.2
2023-08-16 13:30:00+00:00,21.1,100.0,11.0,6.1
2023-08-16 13:40:00+00:00,21.1,100.0,11.0,6.2
2023-08-16 13:50:00+00:00,21.1,100.0,11.0,6.2
2023-08-16 14:00:00+00:00,21.1,100.0,11.0,6.2
2023-08-16 14:10:00+00:00,21.2,100.0,11.0,6.2
2023-08-16 14:20:00+00:00,21.3,100.0,11.0,6.2
2023-08-16 14:30:00+00:00,21.3,100.0,11.0,6.2
2023-08-16 14:40:00+00:00,21.4,100.0,11.0,6.2
2023-08-16 14:50:00+00:00,21.4,100.0,11.0,6.2
2023-08-16 15:00:00+00:00,21.5,100.0,11.0,6.2
2023-08-16 15:10:00+00:00,21.5,100.0,11.0,6.2
2023-08-16 15:20:00+00:00,21.6,100.0,11.0,6.2
2023-08-16 15:30:00+00:00,21.6,100.0,11.0,6.2
2023-08-16 15:40:00+00:00,21.6,100.0,11.0,6.2
2023-08-16 15:50:00+00:00,21.6,100.0,11.0,6.2
2023-08-16 16:00:00+00:00,21.7,100.0,11.0,6.2
2023-08-16 16:10:00+00:00,21.7,100.0,11.0,6.2
2023-08-16 16:20:00+00:00,21.7,100.0,11.0,6.2
2023-08-16 16:30:00+00:00,21.8,100.0,11.0,6.1
2023-08-16 16:40:00+00:00,21.8,100.0,11.0,6.0
2023-08-16 16:50:00+00:00,21.8,100.0,11.0,5.6
2023-08-16 17:00:00+00:00,21.8,100.0,11.0,5.7
2023-08-16 17:10:00+00:00,21.8,100.0,11.0,5.1
2023-08-16 17:20:00+00:00,21.8,100.0,11.0,5.0
2023-08-16 17:30:00+00:00,21.8,100.0,11.0,5.3
2023-08-16 17:40:00+00:00,21.8,100.0,11.0,5.6
2023-08-16 17:50:00+00:00,21.8,100.0,11.0,4.3
2023-08-16 18:00:00+00:00,21.8,100.0,11.0,4.1
2023-08-16 18:10:00+00:00,21.8,100.0,11.0,4.0
2023-08-16 18:20:00+00:00,21.8,100.0,10.9,3.5
2023-08-16 18:30:00+00:00,21.8,100.0,11.0,2.6
2023-08-16 18:40:00+00:00,21.8,100.0,10.9,1.5
2023-08-16 18:50:00+00:00,21.8,100.0,10.9,0.8
2023-08-16 19:00:00+00:00,21.77,100.0,10.9,0.78
2023-08-16 19:10:00+00:00,21.740000000000002,100.0,10.9,0.76
2023-08-16 19:20:00+00:00,21.71,100.0,10.9,0.74
2023-08-16 19:30:00+00:00,21.68,100.0,10.9,0.72
2023-08-16 19:40:00+00:00,21.65,100.0,10.9,0.7
2023-08-16 19:50:00+00:00,21.62,100.0,10.9,0.6799999999999999
2023-08-16 20:00:00+00:00,21.59,100.0,10.9,0.66
2023-08-16 20:10:00+00:00,21.56,100.0,10.9,0.64
2023-08-16 20:20:00+00:00,21.53,100.0,10.9,0.62
2023-08-16 20:30:00+00:00,21.5,100.0,10.9,0.6
2023-08-16 20:40:00+00:00,21.47142857142857,100.0,10.892857142857142,0.5857142857142857
2023-08-16 20:50:00+00:00,21.442857142857143,100.0,10.885714285714286,0.5714285714285714
2023-08-16 21:00:00+00:00,21.414285714285715,100.0,10.87857142857143,0.5571428571428572
2023-08-16 21:10:00+00:00,21.385714285714286,100.0,10.871428571428572,0.5428571428571428
2023-08-16 21:20:00+00:00,21.357142857142858,100.0,10.864285714285714,0.5285714285714286
2023-08-16 21:30:00+00:00,21.32857142857143,100.0,10.857142857142858,0.5142857142857142
2023-08-16 21:40:00+00:00,21.3,100.0,10.850000000000001,0.5
2023-08-16 21:50:00+00:00,21.271428571428572,100.0,10.842857142857143,0.4857142857142857
2023-08-16 22:00:00+00:00,21.242857142857144,100.0,10.835714285714285,0.4714285714285714
2023-08-16 22:10:00+00:00,21.214285714285715,100.0,10.82857142857143,0.4571428571428572
2023-08-16 22:20:00+00:00,21.185714285714287,100.0,10.821428571428573,0.44285714285714284
2023-08-16 22:30:00+00:00,21.15714285714286,100.0,10.814285714285715,0.4285714285714286
2023-08-16 22:40:00+00:00,21.12857142857143,100.0,10.807142857142857,0.4142857142857143
2023-08-16 22:50:00+00:00,21.1,100.0,10.8,0.4
2023-08-16 23:00:00+00:00,21.05,100.0,10.790000000000001,0.42000000000000004
2023-08-16 23:10:00+00:00,21.0,100.0,10.780000000000001,0.44
2023-08-16 23:20:00+00:00,20.950000000000003,100.0,10.77,0.46
2023-08-16 23:30:00+00:00,20.900000000000002,100.0,10.76,0.48
2023-08-16 23:40:00+00:00,20.85,100.0,10.75,0.5
2023-08-16 23:50:00+00:00,20.8,100.0,10.74,0.52
2023-08-17 00:00:00+00:00,20.75,100.0,10.73,0.54
2023-08-17 00:10:00+00:00,20.700000000000003,100.0,10.719999999999999,0.56
2023-08-17 00:20:00+00:00,20.650000000000002,100.0,10.709999999999999,0.58
2023-08-17 00:30:00+00:00,20.6,100.0,10.7,0.6
2023-08-17 00:40:00+00:00,20.560000000000002,100.0,10.7,0.6
2023-08-17 00:50:00+00:00,20.52,100.0,10.7,0.6
2023-08-17 01:00:00+00:00,20.48,100.0,10.7,0.6
2023-08-17 01:10:00+00:00,20.44,100.0,10.7,0.6
2023-08-17 01:20:00+00:00,20.4,100.0,10.7,0.6
2023-08-17 01:30:00+00:00,20.36,100.0,10.7,0.6
2023-08-17 01:40:00+00:00,20.32,100.0,10.7,0.6
2023-08-17 01:50:00+00:00,20.28,100.0,10.7,0.6
2023-08-17 02:00:00+00:00,20.24,100.0,10.7,0.6
2023-08-17 02:10:00+00:00,20.2,100.0,10.7,0.6
2023-08-17 02:20:00+00:00,20.165,100.0,10.7,0.8899999999999999
2023-08-17 02:30:00+00:00,20.13,100.0,10.7,1.18
2023-08-17 02:40:00+00:00,20.095,100.0,10.7,1.4699999999999998
2023-08-17 02:50:00+00:00,20.06,100.0,10.7,1.7599999999999998
2023-08-17 03:00:00+00:00,20.025,100.0,10.7,2.05
2023-08-17 03:10:00+00:00,19.990000000000002,100.0,10.7,2.34
2023-08-17 03:20:00+00:00,19.955000000000002,100.0,10.7,2.63
2023-08-17 03:30:00+00:00,19.92,100.0,10.7,2.92
2023-08-17 03:40:00+00:00,19.885,100.0,10.7,3.21
2023-08-17 03:50:00+00:00,19.85,100.0,10.7,3.5
2023-08-17 04:00:00+00:00,19.8,100.0,10.7,3.8
2023-08-17 04:10:00+00:00,19.7,100.0,10.7,3.5
2023-08-17 04:20:00+00:00,19.7,100.0,10.7,2.8
2023-08-17 04:30:00+00:00,19.7,100.0,10.7,2.95
2023-08-17 04:40:00+00:00,19.7,100.0,10.7,3.1
2023-08-17 04:50:00+00:00,19.6,100.0,10.7,3.6
2023-08-17 05:00:00+00:00,19.6,100.0,10.7,3.6
2023-08-17 05:10:00+00:00,19.6,100.0,10.7,4.1
2023-08-17 05:20:00+00:00,19.6,100.0,10.7,4.1
2023-08-17 05:30:00+00:00,19.6,100.0,10.7,4.1
2023-08-17 05:40:00+00:00,19.5,100.0,10.7,4.1
2023-08-17 05:50:00+00:00,19.5,100.0,10.7,4.1
2023-08-17 06:00:00+00:00,19.5,100.0,10.7,4.1
2023-08-17 06:10:00+00:00,19.5,100.0,10.7,4.1
2023-08-17 06:20:00+00:00,19.5,100.0,10.7,4.1
2023-08-17 06:30:00+00:00,19.5,100.0,10.7,4.1
2023-08-17 06:40:00+00:00,19.5,100.0,10.7,4.1
2023-08-17 06:50:00+00:00,19.5,100.0,10.7,4.1
2023-08-17 07:00:00+00:00,19.5,100.0,10.7,4.1
2023-08-17 07:10:00+00:00,19.4,100.0,10.7,4.1
2023-08-17 07:20:00+00:00,19.4,100.0,10.7,4.1
2023-08-17 07:30:00+00:00,19.4,100.0,10.7,4.1
2023-08-17 07:40:00+00:00,19.3,100.0,10.7,4.1
2023-08-17 07:50:00+00:00,19.3,100.0,10.7,4.1
2023-08-17 08:00:00+00:00,19.3,100.0,10.7,4.1
2023-08-17 08:10:00+00:00,19.3,100.0,10.7,4.1
2023-08-17 08:20:00+00:00,19.3,100.0,10.7,4.1
2023-08-17 08:30:00+00:00,19.3,100.0,10.7,4.1
2023-08-17 08:40:00+00:00,19.3,100.0,10.7,4.1
2023-08-17 08:50:00+00:00,19.3,100.0,10.7,4.1
2023-08-17 09:00:00+00:00,19.3,100.0,10.7,4.1
2023-08-17 09:10:00+00:00,19.3,100.0,10.7,4.1
2023-08-17 09:20:00+00:00,19.3,100.0,10.7,4.1
2023-08-17 09:30:00+00:00,19.3,100.0,10.7,4.1
2023-08-17 09:40:00+00:00,19.3,100.0,10.7,4.1
2023-08-17 09:50:00+00:00,19.3,100.0,10.7,4.2
2023-08-17 10:00:00+00:00,19.3,100.0,10.7,4.800000000000001
2023-08-17 10:10:00+00:00,19.3,100.0,10.7,5.4
2023-08-17 10:20:00+00:00,19.3,100.0,10.7,6.1
2023-08-17 10:30:00+00:00,19.3,100.0,10.7,6.1
2023-08-17 10:40:00+00:00,19.3,100.0,10.7,6.2
2023-08-17 10:50:00+00:00,19.3,100.0,10.7,6.2
2023-08-17 11:00:00+00:00,19.4,100.0,10.7,6.2
2023-08-17 11:10:00+00:00,19.4,100.0,10.7,6.2
2023-08-17 11:20:00+00:00,19.4,100.0,10.7,6.4
2023-08-17 11:30:00+00:00,19.4,100.0,10.8,6.2
2023-08-17 11:40:00+00:00,19.4,100.0,10.8,6.2
2023-08-17 11:50:00+00:00,19.45,100.0,10.8,6.2
2023-08-17 12:00:00+00:00,19.5,100.0,10.8,6.2
2023-08-17 12:10:00+00:00,19.5,100.0,10.8,6.2
2023-08-17 12:20:00+00:00,19.5,100.0,10.8,6.2
2023-08-17 12:30:00+00:00,19.5,100.0,10.8,6.3
2023-08-17 12:40:00+00:00,19.5,100.0,10.8,6.2
2023-08-17 12:50:00+00:00,19.6,100.0,10.8,6.2
2023-08-17 13:00:00+00:00,19.6,100.0,10.8,6.2
2023-08-17 13:10:00+00:00,19.6,100.0,10.8,6.2
2023-08-17 13:20:00+00:00,19.6,100.0,10.8,5.9
2023-08-17 13:30:00+00:00,19.7,100.0,10.8,5.8
2023-08-17 13:40:00+00:00,19.75,100.0,10.8,6.1
2023-08-17 13:50:00+00:00,19.8,100.0,10.8,6.4
2023-08-17 14:00:00+00:00,19.8,100.0,10.8,6.2
2023-08-17 14:10:00+00:00,19.8,100.0,10.8,6.2
2023-08-17 14:20:00+00:00,19.8,100.0,10.8,6.2
2023-08-17 14:30:00+00:00,19.9,100.0,10.8,6.1
2023-08-17 14:40:00+00:00,20.0,100.0,10.8,6.2
2023-08-17 14:50:00+00:00,20.0,100.0,10.8,6.2
2023-08-17 15:00:00+00:00,20.0,100.0,10.8,6.2
2023-08-17 15:10:00+00:00,20.0,100.0,10.8,6.2
2023-08-17 15:20:00+00:00,20.1,100.0,10.8,6.2
2023-08-17 15:30:00+00:00,20.1,100.0,10.8,6.2
2023-08-17 15:40:00+00:00,20.1,100.0,10.8,6.2
2023-08-17 15:50:00+00:00,20.1,100.0,10.8,6.2
2023-08-17 16:00:00+00:00,20.1,100.0,10.8,6.2
2023-08-17 16:10:00+00:00,20.2,100.0,10.8,6.2
2023-08-17 16:20:00+00:00,20.2,100.0,10.8,6.2
2023-08-17 16:30:00+00:00,20.2,100.0,10.8,6.1
2023-08-17 16:40:00+00:00,20.2,100.0,10.8,6.1
2023-08-17 16:50:00+00:00,20.2,100.0,10.8,5.9
2023-08-17 17:00:00+00:00,20.3,100.0,10.8,4.6
2023-08-17 17:10:00+00:00,20.3,100.0,10.8,5.3
2023-08-17 17:20:00+00:00,20.3,100.0,10.8,6.0
2023-08-17 17:30:00+00:00,20.3,100.0,10.8,5.9
2023-08-17 17:40:00+00:00,20.3,100.0,10.8,4.1
2023-08-17 17:50:00+00:00,20.3,100.0,10.8,4.6
2023-08-17 18:00:00+00:00,20.3,100.0,10.8,4.4
2023-08-17 18:10:00+00:00,20.3,100.0,10.8,4.1
2023-08-17 18:20:00+00:00,20.3,100.0,10.8,3.1
2023-08-17 18:30:00+00:00,20.2,100.0,10.8,2.0
2023-08-17 18:40:00+00:00,20.2,100.0,10.8,0.8
2023-08-17 18:50:00+00:00,20.18,100.0,10.8,0.76
2023-08-17 19:00:00+00:00,20.16,100.0,10.8,0.7200000000000001
2023-08-17 19:10:00+00:00,20.14,100.0,10.8,0.68
2023-08-17 19:20:00+00:00,20.12,100.0,10.8,0.64
2023-08-17 19:30:00+00:00,20.1,100.0,10.8,0.6000000000000001
2023-08-17 19:40:00+00:00,20.08,100.0,10.8,0.56
2023-08-17 19:50:00+00:00,20.06,100.0,10.8,0.52
2023-08-17 20:00:00+00:00,20.04,100.0,10.8,0.48000000000000004
2023-08-17 20:10:00+00:00,20.02,100.0,10.8,0.44000000000000006
2023-08-17 20:20:00+00:00,20.0,100.0,10.8,0.4
2023-08-17 20:30:00+00:00,19.985714285714288,100.0,10.792857142857143,0.4142857142857143
2023-08-17 20:40:00+00:00,19.97142857142857,100.0,10.785714285714286,0.4285714285714286
2023-08-17 20:50:00+00:00,19.957142857142856,100.0,10.778571428571428,0.44285714285714284
2023-08-17 21:00:00+00:00,19.942857142857143,100.0,10.771428571428572,0.45714285714285713
2023-08-17 21:10:00+00:00,19.92857142857143,100.0,10.764285714285714,0.4714285714285714
2023-08-17 21:20:00+00:00,19.914285714285715,100.0,10.757142857142858,0.4857142857142857
2023-08-17 21:30:00+00:00,19.9,100.0,10.75,0.5
2023-08-17 21:40:00+00:00,19.885714285714286,100.0,10.742857142857142,0.5142857142857142
2023-08-17 21:50:00+00:00,19.871428571428574,100.0,10.735714285714286,0.5285714285714286
2023-08-17 22:00:00+00:00,19.857142857142858,100.0,10.728571428571428,0.5428571428571428
2023-08-17 22:10:00+00:00,19.84285714285714,100.0,10.721428571428572,0.5571428571428572
2023-08-17 22:20:00+00:00,19.82857142857143,100.0,10.714285714285714,0.5714285714285714
2023-08-17 22:30:00+00:00,19.814285714285717,100.0,10.707142857142857,0.5857142857142856
2023-08-17 22:40:00+00:00,19.8,100.0,10.7,0.6
2023-08-17 22:50:00+00:00,19.78,100.0,10.7,0.6
2023-08-17 23:00:00+00:00,19.76,100.0,10.7,0.6
2023-08-17 23:10:00+00:00,19.740000000000002,100.0,10.7,0.6
2023-08-17 23:20:00+00:00,19.720000000000002,100.0,10.7,0.6
2023-08-17 23:30:00+00:00,19.700000000000003,100.0,10.7,0.6
2023-08-17 23:40:00+00:00,19.68,100.0,10.7,0.6
2023-08-17 23:50:00+00:00,19.66,100.0,10.7,0.6
2023-08-18 00:00:00+00:00,19.64,100.0,10.7,0.6
2023-08-18 00:10:00+00:00,19.62,100.0,10.7,0.6
2023-08-18 00:20:00+00:00,19.6,100.0,10.7,0.6
2023-08-18 00:30:00+00:00,19.59,100.0,10.7,0.6
2023-08-18 00:40:00+00:00,19.580000000000002,100.0,10.7,0.6
2023-08-18 00:50:00+00:00,19.57,100.0,10.7,0.6
2023-08-18 01:00:00+00:00,19.560000000000002,100.0,10.7,0.6
2023-08-18 01:10:00+00:00,19.55,100.0,10.7,0.6
2023-08-18 01:20:00+00:00,19.54,100.0,10.7,0.6
2023-08-18 01:30:00+00:00,19.53,100.0,10.7,0.6
2023-08-18 01:40:00+00:00,19.52,100.0,10.7,0.6
2023-08-18 01:50:00+00:00,19.51,100.0,10.7,0.6
2023-08-18 02:00:00+00:00,19.5,100.0,10.7,0.6
2023-08-18 02:10:00+00:00,19.48,100.0,10.7,0.86
2023-08-18 02:20:00+00:00,19.46,100.0,10.7,1.12
2023-08-18 02:30:00+00:00,19.44,100.0,10.7,1.38
2023-08-18 02:40:00+00:00,19.42,100.0,10.7,1.6400000000000001
2023-08-18 02:50:00+00:00,19.4,100.0,10.7,1.9
2023-08-18 03:00:00+00:00,19.38,100.0,10.7,2.16
2023-08-18 03:10:00+00:00,19.36,100.0,10.7,2.42
2023-08-18 03:20:00+00:00,19.34,100.0,10.7,2.68
2023-08-18 03:30:00+00:00,19.32,100.0,10.7,2.94
2023-08-18 03:40:00+00:00,19.3,100.0,10.7,3.2
2023-08-18 03:50:00+00:00,19.3,100.0,10.7,4.1
2023-08-18 04:00:00+00:00,19.2,100.0,10.7,4.1
2023-08-18 04:10:00+00:00,19.2,100.0,10.7,4.1
2023-08-18 04:20:00+00:00,19.2,100.0,10.7,4.1
2023-08-18 04:30:00+00:00,19.2,100.0,10.7,4.1
2023-08-18 04:40:00+00:00,19.2,100.0,10.7,4.1
2023-08-18 04:50:00+00:00,19.2,100.0,10.7,4.1
2023-08-18 05:00:00+00:00,19.1,100.0,10.7,4.1
2023-08-18 05:10:00+00:00,19.1,100.0,10.7,4.1
2023-08-18 05:20:00+00:00,19.1,100.0,10.7,4.1
2023-08-18 05:30:00+00:00,19.1,100.0,10.7,4.1
2023-08-18 05:40:00+00:00,19.1,100.0,10.7,4.1
2023-08-18 05:50:00+00:00,19.1,100.0,10.7,4.1
2023-08-18 06:00:00+00:00,19.1,100.0,10.7,4.1
2023-08-18 06:10:00+00:00,19.1,100.0,10.7,4.1
2023-08-18 06:20:00+00:00,19.1,100.0,10.7,4.1
2023-08-18 06:30:00+00:00,19.1,100.0,10.7,4.1
2023-08-18 06:40:00+00:00,19.1,100.0,10.7,4.1
2023-08-18 06:50:00+00:00,19.1,100.0,10.8,4.1
2023-08-18 07:00:00+00:00,19.1,100.0,10.8,4.1
2023-08-18 07:10:00+00:00,19.1,100.0,10.8,4.1
2023-08-18 07:20:00+00:00,19.1,100.0,10.8,4.1
2023-08-18 07:30:00+00:00,19.1,100.0,10.7,4.1
2023-08-18 07:40:00+00:00,19.1,100.0,10.8,4.1
2023-08-18 07:50:00+00:00,19.1,100.0,10.8,4.1
2023-08-18 08:00:00+00:00,19.1,100.0,10.8,4.1
2023-08-18 08:10:00+00:00,19.1,100.0,10.8,4.1
2023-08-18 08:20:00+00:00,19.1,100.0,10.8,4.1
2023-08-18 08:30:00+00:00,19.1,100.0,10.8,4.1
2023-08-18 08:40:00+00:00,19.1,100.0,10.8,4.1
2023-08-18 08:50:00+00:00,19.1,100.0,10.8,5.8
2023-08-18 09:00:00+00:00,19.2,100.0,10.8,5.3
2023-08-18 09:10:00+00:00,19.2,100.0,10.8,5.7
2023-08-18 09:20:00+00:00,19.2,100.0,10.8,5.9
2023-08-18 09:30:00+00:00,19.3,100.0,10.8,5.6
2023-08-18 09:40:00+00:00,19.3,100.0,10.8,5.3
2023-08-18 09:50:00+00:00,19.3,100.0,10.8,5.15
2023-08-18 10:00:00+00:00,19.3,100.0,10.8,5.0
2023-08-18 10:10:00+00:00,19.3,100.0,10.8,4.8
2023-08-18 10:20:00+00:00,19.4,100.0,10.8,5.7
2023-08-18 10:30:00+00:00,19.4,100.0,10.8,5.8
2023-08-18 10:40:00+00:00,19.5,100.0,10.8,5.8
2023-08-18 10:50:00+00:00,19.5,100.0,10.8,5.9
2023-08-18 11:00:00+00:00,19.5,100.0,10.8,6.2
2023-08-18 11:10:00+00:00,19.6,100.0,10.8,6.2
2023-08-18 11:20:00+00:00,19.6,100.0,10.9,6.1
2023-08-18 11:30:00+00:00,19.6,100.0,10.8,6.1
2023-08-18 11:40:00+00:00,19.6,100.0,10.8,6.1
2023-08-18 11:50:00+00:00,19.6,100.0,10.8,6.1
2023-08-18 12:00:00+00:00,19.6,100.0,10.9,6.1
2023-08-18 12:10:00+00:00,19.6,100.0,10.9,6.0
2023-08-18 12:20:00+00:00,19.7,100.0,10.9,6.0
2023-08-18 12:30:00+00:00,19.7,100.0,10.9,6.0
2023-08-18 12:40:00+00:00,19.8,100.0,10.8,6.1
2023-08-18 12:50:00+00:00,19.8,100.0,10.9,6.1
2023-08-18 13:00:00+00:00,19.8,100.0,10.9,6.1
2023-08-18 13:10:00+00:00,19.8,100.0,10.9,6.2
2023-08-18 13:20:00+00:00,19.9,100.0,10.9,6.0
2023-08-18 13:30:00+00:00,19.9,100.0,10.9,6.1
2023-08-18 13:40:00+00:00,19.9,100.0,10.9,6.2
2023-08-18 13:50:00+00:00,20.0,100.0,10.9,6.2
2023-08-18 14:00:00+00:00,20.0,100.0,10.9,6.0
2023-08-18 14:10:00+00:00,20.0,100.0,10.9,6.0
2023-08-18 14:20:00+00:00,20.0,100.0,10.9,6.2
2023-08-18 14:30:00+00:00,20.1,100.0,10.9,5.9
2023-08-18 14:40:00+00:00,20.1,100.0,10.9,5.9
2023-08-18 14:50:00+00:00,20.1,100.0,10.9,5.8
2023-08-18 15:00:00+00:00,20.2,100.0,10.9,5.9
2023-08-18 15:10:00+00:00,20.2,100.0,10.9,5.5
2023-08-18 15:20:00+00:00,20.25,100.0,10.9,5.6
2023-08-18 15:30:00+00:00,20.3,100.0,10.9,5.7
2023-08-18 15:40:00+00:00,20.3,100.0,10.9,5.4
2023-08-18 15:50:00+00:00,20.4,100.0,10.9,4.7
2023-08-18 16:00:00+00:00,20.4,100.0,10.9,4.1
2023-08-18 16:10:00+00:00,20.5,100.0,10.9,5.3
2023-08-18 16:20:00+00:00,20.5,100.0,10.9,6.0
2023-08-18 16:30:00+00:00,20.5,100.0,10.9,5.9
2023-08-18 16:40:00+00:00,20.6,100.0,10.9,4.1
2023-08-18 16:50:00+00:00,20.6,100.0,10.9,4.1
2023-08-18 17:00:00+00:00,20.6,100.0,10.9,4.1
2023-08-18 17:10:00+00:00,20.6,100.0,10.9,4.1
2023-08-18 17:20:00+00:00,20.6,100.0,10.9,4.1
2023-08-18 17:30:00+00:00,20.7,100.0,10.9,4.1
2023-08-18 17:40:00+00:00,20.7,100.0,10.9,4.1
2023-08-18 17:50:00+00:00,20.7,100.0,10.9,4.1
2023-08-18 18:00:00+00:00,20.8,100.0,10.9,3.8
2023-08-18 18:10:00+00:00,20.8,100.0,10.9,3.2
2023-08-18 18:20:00+00:00,20.8,100.0,10.8,2.3
2023-08-18 18:30:00+00:00,20.8,100.0,10.9,1.4
2023-08-18 18:40:00+00:00,20.8,100.0,10.8,0.8
2023-08-18 18:50:00+00:00,20.8,100.0,10.8,0.7857142857142858
2023-08-18 19:00:00+00:00,20.8,100.0,10.8,0.7714285714285715
2023-08-18 19:10:00+00:00,20.8,100.0,10.8,0.7571428571428571
2023-08-18 19:20:00+00:00,20.8,100.0,10.8,0.7428571428571429
2023-08-18 19:30:00+00:00,20.8,100.0,10.8,0.7285714285714286
2023-08-18 19:40:00+00:00,20.8,100.0,10.8,0.7142857142857143
2023-08-18 19:50:00+00:00,20.8,100.0,10.8,0.7
2023-08-18 20:00:00+00:00,20.8,100.0,10.8,0.6857142857142857
2023-08-18 20:10:00+00:00,20.8,100.0,10.8,0.6714285714285715
2023-08-18 20:20:00+00:00,20.8,100.0,10.8,0.6571428571428571
2023-08-18 20:30:00+00:00,20.8,100.0,10.8,0.6428571428571428
2023-08-18 20:40:00+00:00,20.8,100.0,10.8,0.6285714285714286
2023-08-18 20:50:00+00:00,20.8,100.0,10.8,0.6142857142857143
2023-08-18 21:00:00+00:00,20.8,100.0,10.8,0.6
2023-08-18 21:10:00+00:00,20.78,100.0,10.8,0.6
2023-08-18 21:20:00+00:00,20.76,100.0,10.8,0.6
2023-08-18 21:30:00+00:00,20.740000000000002,100.0,10.8,0.6
2023-08-18 21:40:00+00:00,20.720000000000002,100.0,10.8,0.6
2023-08-18 21:50:00+00:00,20.700000000000003,100.0,10.8,0.6
2023-08-18 22:00:00+00:00,20.68,100.0,10.8,0.6
2023-08-18 22:10:00+00:00,20.66,100.0,10.8,0.6
2023-08-18 22:20:00+00:00,20.64,100.0,10.8,0.6
2023-08-18 22:30:00+00:00,20.62,100.0,10.8,0.6
2023-08-18 22:40:00+00:00,20.6,100.0,10.8,0.6
2023-08-18 22:50:00+00:00,20.580000000000002,100.0,10.790000000000001,0.6
2023-08-18 23:00:00+00:00,20.560000000000002,100.0,10.780000000000001,0.6
2023-08-18 23:10:00+00:00,20.54,100.0,10.77,0.6
2023-08-18 23:20:00+00:00,20.52,100.0,10.76,0.6
2023-08-18 23:30:00+00:00,20.5,100.0,10.75,0.6
2023-08-18 23:40:00+00:00,20.48,100.0,10.74,0.6
2023-08-18 23:50:00+00:00,20.46,100.0,10.73,0.6
2023-08-19 00:00:00+00:00,20.439999999999998,100.0,10.719999999999999,0.6
2023-08-19 00:10:00+00:00,20.419999999999998,100.0,10.709999999999999,0.6
2023-08-19 00:20:00+00:00,20.4,100.0,10.7,0.6
2023-08-19 00:30:00+00:00,20.369999999999997,100.0,10.7,0.6
2023-08-19 00:40:00+00:00,20.34,100.0,10.7,0.6
2023-08-19 00:50:00+00:00,20.31,100.0,10.7,0.6
2023-08-19 01:00:00+00:00,20.28,100.0,10.7,0.6
2023-08-19 01:10:00+00:00,20.25,100.0,10.7,0.6
2023-08-19 01:20:00+00:00,20.22,100.0,10.7,0.6
2023-08-19 01:30:00+00:00,20.19,100.0,10.7,0.6
2023-08-19 01:40:00+00:00,20.16,100.0,10.7,0.6
2023-08-19 01:50:00+00:00,20.130000000000003,100.0,10.7,0.6
2023-08-19 02:00:00+00:00,20.1,100.0,10.7,0.6
2023-08-19 02:10:00+00:00,20.075000000000003,100.0,10.69,0.8599999999999999
2023-08-19 02:20:00+00:00,20.05,100.0,10.68,1.1199999999999999
2023-08-19 02:30:00+00:00,20.025000000000002,100.0,10.67,1.38
2023-08-19 02:40:00+00:00,20.0,100.0,10.66,1.6399999999999997
2023-08-19 02:50:00+00:00,19.975,100.0,10.649999999999999,1.9
2023-08-19 03:00:00+00:00,19.950000000000003,100.0,10.639999999999999,2.1599999999999997
2023-08-19 03:10:00+00:00,19.925,100.0,10.629999999999999,2.4199999999999995
2023-08-19 03:20:00+00:00,19.900000000000002,100.0,10.62,2.6799999999999997
2023-08-19 03:30:00+00:00,19.875,100.0,10.61,2.9399999999999995
2023-08-19 03:40:00+00:00,19.85,100.0,10.6,3.1999999999999997
2023-08-19 03:50:00+00:00,19.8,100.0,10.6,4.1
2023-08-19 04:00:00+00:00,19.7,100.0,10.6,4.1
2023-08-19 04:10:00+00:00,19.7,100.0,10.6,4.1
2023-08-19 04:20:00+00:00,19.7,100.0,10.6,4.1
2023-08-19 04:30:00+00:00,19.7,100.0,10.6,4.1
2023-08-19 04:40:00+00:00,19.6,100.0,10.6,4.1
2023-08-19 04:50:00+00:00,19.6,100.0,10.7,4.1
2023-08-19 05:00:00+00:00,19.6,100.0,10.7,4.1
2023-08-19 05:10:00+00:00,19.6,100.0,10.7,4.1
2023-08-19 05:20:00+00:00,19.6,100.0,10.7,4.1
2023-08-19 05:30:00+00:00,19.6,100.0,10.7,4.1
2023-08-19 05:40:00+00:00,19.6,100.0,10.7,4.1
2023-08-19 05:50:00+00:00,19.6,100.0,10.7,4.1
2023-08-19 06:00:00+00:00,19.55,100.0,10.7,4.1
2023-08-19 06:10:00+00:00,19.5,100.0,10.7,4.1
2023-08-19 06:20:00+00:00,19.5,100.0,10.7,4.1
2023-08-19 06:30:00+00:00,19.5,100.0,10.7,4.1
2023-08-19 06:40:00+00:00,19.5,100.0,10.7,4.1
2023-08-19 06:50:00+00:00,19.5,100.0,10.7,4.1
2023-08-19 07:00:00+00:00,19.5,100.0,10.7,4.1
2023-08-19 07:10:00+00:00,19.5,100.0,10.7,4.1
2023-08-19 07:20:00+00:00,19.5,100.0,10.7,4.1
2023-08-19 07:30:00+00:00,19.5,100.0,10.7,4.1
2023-08-19 07:40:00+00:00,19.5,100.0,10.7,4.1
2023-08-19 07:50:00+00:00,19.5,100.0,10.7,4.1
2023-08-19 08:00:00+00:00,19.5,100.0,10.7,4.1
2023-08-19 08:10:00+00:00,19.6,100.0,10.7,4.1
2023-08-19 08:20:00+00:00,19.6,100.0,10.7,4.1
2023-08-19 08:30:00+00:00,19.6,100.0,10.7,4.1
2023-08-19 08:40:00+00:00,19.6,100.0,10.7,4.1
2023-08-19 08:50:00+00:00,19.6,100.0,10.8,4.1
2023-08-19 09:00:00+00:00,19.6,100.0,10.8,4.2
2023-08-19 09:10:00+00:00,19.6,100.0,10.8,4.1
2023-08-19 09:20:00+00:00,19.6,100.0,10.8,4.1
2023-08-19 09:30:00+00:00,19.7,100.0,10.8,4.1
2023-08-19 09:40:00+00:00,19.7,100.0,10.8,4.1
2023-08-19 09:50:00+00:00,19.7,100.0,10.8,4.1
2023-08-19 10:00:00+00:00,19.7,100.0,10.8,5.9
2023-08-19 10:10:00+00:00,19.8,100.0,10.9,6.0
2023-08-19 10:20:00+00:00,19.8,100.0,10.9,6.1
2023-08-19 10:30:00+00:00,19.8,100.0,10.9,6.1
2023-08-19 10:40:00+00:00,19.8,100.0,10.9,6.0
2023-08-19 10:50:00+00:00,19.9,100.0,10.9,6.0
2023-08-19 11:00:00+00:00,19.9,100.0,10.9,6.0
2023-08-19 11:10:00+00:00,20.0,100.0,10.9,6.0
2023-08-19 11:20:00+00:00,20.0,100.0,10.9,6.0
2023-08-19 11:30:00+00:00,20.0,100.0,8.95,6.0
2023-08-19 11:40:00+00:00,20.0,100.0,7.0,6.0
2023-08-19 11:50:00+00:00,20.1,100.0,5.05,6.1
2023-08-19 12:00:00+00:00,20.1,100.0,3.1,6.1
2023-08-19 12:10:00+00:00,20.2,100.0,10.9,6.0
2023-08-19 12:20:00+00:00,20.2,100.0,10.9,6.1
2023-08-19 12:30:00+00:00,20.4,100.0,10.9,6.0
2023-08-19 12:40:00+00:00,20.5,100.0,7.0,6.0
2023-08-19 12:50:00+00:00,20.5,100.0,3.1,6.0
2023-08-19 13:00:00+00:00,20.5,100.0,3.1,6.0
2023-08-19 13:10:00+00:00,20.5,100.0,3.1,6.0
2023-08-19 13:20:00+00:00,20.5,100.0,3.1,6.0
2023-08-19 13:30:00+00:00,20.5,100.0,3.1,6.0
2023-08-19 13:40:00+00:00,20.8,100.0,3.1,5.9
2023-08-19 13:50:00+00:00,20.8,100.0,3.1,6.0
2023-08-19 14:00:00+00:00,20.8,100.0,3.1,5.9
2023-08-19 14:10:00+00:00,20.8,100.0,3.1,5.9
2023-08-19 14:20:00+00:00,20.8,100.0,3.1,6.0
2023-08-19 14:30:00+00:00,21.3,100.0,10.9,6.0
2023-08-19 14:40:00+00:00,21.3,100.0,10.9,6.0
2023-08-19 14:50:00+00:00,21.3,100.0,10.9,6.1
2023-08-19 15:00:00+00:00,21.35,100.0,10.95,6.05
2023-08-19 15:10:00+00:00,21.4,100.0,11.0,6.0
2023-08-19 15:20:00+00:00,21.5,100.0,10.9,5.8
2023-08-19 15:30:00+00:00,21.5,100.0,10.9,6.2
2023-08-19 15:40:00+00:00,21.6,100.0,10.9,6.1
2023-08-19 15:50:00+00:00,21.6,100.0,10.9,6.1
2023-08-19 16:00:00+00:00,21.7,100.0,10.9,6.0
2023-08-19 16:10:00+00:00,21.8,100.0,10.9,6.0
2023-08-19 16:20:00+00:00,21.8,100.0,10.9,6.0
2023-08-19 16:30:00+00:00,21.8,100.0,10.9,5.9
2023-08-19 16:40:00+00:00,21.8,100.0,10.9,5.7
2023-08-19 16:50:00+00:00,21.85,100.0,10.9,5.6
2023-08-19 17:00:00+00:00,21.9,100.0,10.9,5.5
2023-08-19 17:10:00+00:00,22.0,100.0,10.9,4.1
2023-08-19 17:20:00+00:00,22.0,100.0,10.9,4.2
2023-08-19 17:30:00+00:00,22.0,100.0,10.9,4.1
2023-08-19 17:40:00+00:00,22.1,100.0,10.9,4.1
2023-08-19 17:50:00+00:00,22.1,100.0,10.9,4.1
2023-08-19 18:00:00+00:00,22.1,100.0,10.9,3.8
2023-08-19 18:10:00+00:00,22.1,100.0,10.9,3.0
2023-08-19 18:20:00+00:00,22.1,100.0,10.9,2.0
2023-08-19 18:30:00+00:00,22.1,100.0,10.9,1.0
2023-08-19 18:40:00+00:00,22.1,100.0,10.9,0.85
2023-08-19 18:50:00+00:00,22.1,100.0,10.9,0.7
2023-08-19 19:00:00+00:00,22.09,100.0,10.89,0.6699999999999999
2023-08-19 19:10:00+00:00,22.080000000000002,100.0,10.88,0.64
2023-08-19 19:20:00+00:00,22.07,100.0,10.870000000000001,0.61
2023-08-19 19:30:00+00:00,22.060000000000002,100.0,10.860000000000001,0.58
2023-08-19 19:40:00+00:00,22.05,100.0,10.850000000000001,0.55
2023-08-19 19:50:00+00:00,22.04,100.0,10.84,0.52
2023-08-19 20:00:00+00:00,22.03,100.0,10.83,0.49
2023-08-19 20:10:00+00:00,22.02,100.0,10.82,0.46
2023-08-19 20:20:00+00:00,22.01,100.0,10.81,0.43000000000000005
2023-08-19 20:30:00+00:00,22.0,100.0,10.8,0.4
2023-08-19 20:40:00+00:00,21.97,100.0,10.8,0.42000000000000004
2023-08-19 20:50:00+00:00,21.94,100.0,10.8,0.44
2023-08-19 21:00:00+00:00,21.91,100.0,10.8,0.46
2023-08-19 21:10:00+00:00,21.88,100.0,10.8,0.48
2023-08-19 21:20:00+00:00,21.85,100.0,10.8,0.5
2023-08-19 21:30:00+00:00,21.82,100.0,10.8,0.52
2023-08-19 21:40:00+00:00,21.79,100.0,10.8,0.54
2023-08-19 21:50:00+00:00,21.759999999999998,100.0,10.8,0.56
2023-08-19 22:00:00+00:00,21.73,100.0,10.8,0.58
2023-08-19 22:10:00+00:00,21.7,100.0,10.8,0.6
2023-08-19 22:20:00+00:00,21.669999999999998,100.0,10.790000000000001,0.6
2023-08-19 22:30:00+00:00,21.64,100.0,10.780000000000001,0.6
2023-08-19 22:40:00+00:00,21.61,100.0,10.77,0.6
2023-08-19 22:50:00+00:00,21.58,100.0,10.76,0.6
2023-08-19 23:00:00+00:00,21.549999999999997,100.0,10.75,0.6
2023-08-19 23:10:00+00:00,21.52,100.0,10.74,0.6
2023-08-19 23:20:00+00:00,21.49,100.0,10.73,0.6
2023-08-19 23:30:00+00:00,21.459999999999997,100.0,10.719999999999999,0.6
2023-08-19 23:40:00+00:00,21.43,100.0,10.709999999999999,0.6
2023-08-19 23:50:00+00:00,21.4,100.0,10.7,0.6
2023-08-20 00:00:00+00:00,21.369230769230768,100.0,10.692307692307692,0.6
2023-08-20 00:10:00+00:00,21.338461538461537,100.0,10.684615384615384,0.6
2023-08-20 00:20:00+00:00,21.307692307692307,100.0,10.676923076923076,0.6
2023-08-20 00:30:00+00:00,21.276923076923076,100.0,10.669230769230769,0.6
2023-08-20 00:40:00+00:00,21.246153846153845,100.0,10.661538461538461,0.6
2023-08-20 00:50:00+00:00,21.215384615384615,100.0,10.653846153846153,0.6
2023-08-20 01:00:00+00:00,21.184615384615384,100.0,10.646153846153846,0.6
2023-08-20 01:10:00+00:00,21.153846153846153,100.0,10.638461538461538,0.6
2023-08-20 01:20:00+00:00,21.123076923076923,100.0,10.63076923076923,0.6
2023-08-20 01:30:00+00:00,21.092307692307692,100.0,10.623076923076923,0.6
2023-08-20 01:40:00+00:00,21.06153846153846,100.0,10.615384615384615,0.6
2023-08-20 01:50:00+00:00,21.03076923076923,100.0,10.607692307692307,0.6
2023-08-20 02:00:00+00:00,21.0,100.0,10.6,0.6
2023-08-20 02:10:00+00:00,20.955,100.0,10.59,0.835
2023-08-20 02:20:00+00:00,20.91,100.0,10.58,1.0699999999999998
2023-08-20 02:30:00+00:00,20.865000000000002,100.0,10.57,1.3049999999999997
2023-08-20 02:40:00+00:00,20.82,100.0,10.56,1.5399999999999998
2023-08-20 02:50:00+00:00,20.775,100.0,10.55,1.775
2023-08-20 03:00:00+00:00,20.73,100.0,10.54,2.01
2023-08-20 03:10:00+00:00,20.685000000000002,100.0,10.53,2.2449999999999997
2023-08-20 03:20:00+00:00,20.64,100.0,10.52,2.4799999999999995
2023-08-20 03:30:00+00:00,20.595,100.0,10.51,2.715
2023-08-20 03:40:00+00:00,20.55,100.0,10.5,2.9499999999999997
2023-08-20 03:50:00+00:00,20.5,100.0,10.5,4.1
2023-08-20 04:00:00+00:00,20.5,100.0,10.5,4.1
2023-08-20 04:10:00+00:00,20.5,100.0,10.5,4.1
2023-08-20 04:20:00+00:00,20.4,100.0,10.5,4.1
2023-08-20 04:30:00+00:00,20.4,100.0,10.5,4.1
2023-08-20 04:40:00+00:00,20.3,100.0,10.6,4.1
2023-08-20 04:50:00+00:00,20.3,100.0,10.5,4.1
2023-08-20 05:00:00+00:00,20.3,100.0,10.6,4.1
2023-08-20 05:10:00+00:00,20.3,100.0,10.6,4.1
2023-08-20 05:20:00+00:00,20.3,100.0,10.6,4.1
2023-08-20 05:30:00+00:00,20.2,100.0,10.6,4.1
2023-08-20 05:40:00+00:00,20.2,100.0,10.6,4.1
2023-08-20 05:50:00+00:00,20.2,100.0,10.6,4.1
2023-08-20 06:00:00+00:00,20.2,100.0,10.6,4.1
2023-08-20 06:10:00+00:00,20.2,100.0,10.6,4.1
2023-08-20 06:20:00+00:00,20.1,100.0,10.6,4.1
2023-08-20 06:30:00+00:00,20.1,100.0,10.6,4.1
2023-08-20 06:40:00+00:00,20.1,100.0,10.6,4.1
2023-08-20 06:50:00+00:00,20.1,100.0,10.6,4.1
2023-08-20 07:00:00+00:00,20.1,100.0,10.7,4.1
2023-08-20 07:10:00+00:00,20.1,100.0,10.7,4.1
2023-08-20 07:20:00+00:00,20.1,100.0,10.7,4.1
2023-08-20 07:30:00+00:00,20.1,100.0,10.7,4.1
2023-08-20 07:40:00+00:00,20.1,100.0,10.7,4.1
2023-08-20 07:50:00+00:00,20.1,100.0,10.7,4.1
2023-08-20 08:00:00+00:00,20.1,100.0,10.7,4.1
2023-08-20 08:10:00+00:00,20.1,100.0,10.7,4.1
2023-08-20 08:20:00+00:00,20.1,100.0,10.7,4.2
2023-08-20 08:30:00+00:00,20.1,100.0,10.7,4.1
2023-08-20 08:40:00+00:00,20.2,100.0,10.7,5.8
2023-08-20 08:50:00+00:00,20.2,100.0,10.7,5.7
2023-08-20 09:00:00+00:00,20.3,100.0,10.8,5.9
2023-08-20 09:10:00+00:00,20.3,100.0,10.8,5.9
2023-08-20 09:20:00+00:00,20.3,100.0,10.8,6.0
2023-08-20 09:30:00+00:00,20.3,100.0,10.8,6.0
2023-08-20 09:40:00+00:00,20.3,100.0,10.8,6.0
2023-08-20 09:50:00+00:00,20.4,100.0,6.95,6.0
2023-08-20 10:00:00+00:00,20.4,100.0,3.1,5.9
2023-08-20 10:10:00+00:00,20.4,100.0,3.1,5.9
2023-08-20 10:20:00+00:00,20.4,100.0,3.1,5.9
2023-08-20 10:30:00+00:00,20.4,100.0,3.1,5.7
2023-08-20 10:40:00+00:00,20.4,100.0,3.1,5.8
2023-08-20 10:50:00+00:00,20.4,100.0,3.1,5.7
2023-08-20 11:00:00+00:00,20.8,100.0,7.0,5.5
2023-08-20 11:10:00+00:00,20.8,100.0,10.9,5.7
2023-08-20 11:20:00+00:00,20.85,100.0,10.9,5.6
2023-08-20 11:30:00+00:00,20.9,100.0,10.9,5.5
2023-08-20 11:40:00+00:00,21.0,100.0,10.9,5.5
2023-08-20 11:50:00+00:00,21.0,100.0,10.9,5.8
2023-08-20 12:00:00+00:00,21.1,100.0,10.9,4.1
2023-08-20 12:10:00+00:00,21.2,100.0,10.6,4.2
2023-08-20 12:20:00+00:00,21.3,100.0,10.0,5.9
2023-08-20 12:30:00+00:00,21.3,100.0,10.0,4.5
2023-08-20 12:40:00+00:00,21.4,100.0,9.9,4.1
2023-08-20 12:50:00+00:00,21.5,100.0,9.9,5.7
2023-08-20 13:00:00+00:00,21.5,100.0,9.9,5.6
2023-08-20 13:10:00+00:00,21.55,100.0,9.95,5.75
2023-08-20 13:20:00+00:00,21.6,100.0,10.0,5.9
2023-08-20 13:30:00+00:00,21.6,100.0,10.0,6.3
2023-08-20 13:40:00+00:00,21.6,100.0,10.0,6.1
2023-08-20 13:50:00+00:00,21.6,100.0,10.0,6.1
2023-08-20 14:00:00+00:00,21.6,100.0,10.0,6.0
2023-08-20 14:10:00+00:00,21.6,100.0,10.0,6.1
2023-08-20 14:20:00+00:00,21.7,100.0,10.0,6.0
2023-08-20 14:30:00+00:00,21.7,100.0,10.0,6.0
2023-08-20 14:40:00+00:00,21.7,100.0,10.0,6.1
2023-08-20 14:50:00+00:00,21.75,100.0,10.0,6.1
2023-08-20 15:00:00+00:00,21.8,100.0,10.0,6.1
2023-08-20 15:10:00+00:00,21.8,100.0,10.0,6.1
2023-08-20 15:20:00+00:00,21.8,100.0,10.0,6.1
2023-08-20 15:30:00+00:00,21.8,100.0,10.0,6.1
2023-08-20 15:40:00+00:00,21.8,100.0,10.0,6.1
2023-08-20 15:50:00+00:00,21.8,100.0,10.0,6.1
2023-08-20 16:00:00+00:00,21.9,100.0,10.0,6.1
2023-08-20 16:10:00+00:00,21.9,100.0,10.0,6.1
2023-08-20 16:20:00+00:00,21.9,100.0,10.0,6.1
2023-08-20 16:30:00+00:00,21.9,100.0,10.0,6.0
2023-08-20 16:40:00+00:00,21.95,100.0,10.0,5.95
2023-08-20 16:50:00+00:00,22.0,100.0,10.0,5.9
2023-08-20 17:00:00+00:00,22.0,100.0,10.0,5.2
2023-08-20 17:10:00+00:00,22.0,100.0,10.0,4.1
2023-08-20 17:20:00+00:00,22.0,100.0,10.0,5.8
2023-08-20 17:30:00+00:00,22.0,100.0,10.0,4.9
2023-08-20 17:40:00+00:00,22.0,100.0,10.0,4.1
2023-08-20 17:50:00+00:00,22.0,100.0,10.0,4.2
2023-08-20 18:00:00+00:00,22.0,100.0,10.0,4.0
2023-08-20 18:10:00+00:00,22.0,100.0,10.0,3.3
2023-08-20 18:20:00+00:00,22.0,100.0,9.9,2.2
2023-08-20 18:30:00+00:00,22.0,100.0,9.9,1.6500000000000001
2023-08-20 18:40:00+00:00,22.0,100.0,9.9,1.1
2023-08-20 18:50:00+00:00,22.0,100.0,9.9,0.7
2023-08-20 19:00:00+00:00,21.96,100.0,9.91,0.69
2023-08-20 19:10:00+00:00,21.92,100.0,9.92,0.6799999999999999
2023-08-20 19:20:00+00:00,21.88,100.0,9.93,0.6699999999999999
2023-08-20 19:30:00+00:00,21.84,100.0,9.94,0.6599999999999999
2023-08-20 19:40:00+00:00,21.8,100.0,9.95,0.6499999999999999
2023-08-20 19:50:00+00:00,21.76,100.0,9.96,0.64
2023-08-20 20:00:00+00:00,21.720000000000002,100.0,9.97,0.63
2023-08-20 20:10:00+00:00,21.68,100.0,9.98,0.62
2023-08-20 20:20:00+00:00,21.64,100.0,9.99,0.61
2023-08-20 20:30:00+00:00,21.6,100.0,10.0,0.6
2023-08-20 20:40:00+00:00,21.584615384615386,100.0,10.0,0.6
2023-08-20 20:50:00+00:00,21.56923076923077,100.0,10.0,0.6
2023-08-20 21:00:00+00:00,21.553846153846155,100.0,10.0,0.6
2023-08-20 21:10:00+00:00,21.53846153846154,100.0,10.0,0.6
2023-08-20 21:20:00+00:00,21.523076923076925,100.0,10.0,0.6
2023-08-20 21:30:00+00:00,21.50769230769231,100.0,10.0,0.6
2023-08-20 21:40:00+00:00,21.49230769230769,100.0,10.0,0.6
2023-08-20 21:50:00+00:00,21.476923076923075,100.0,10.0,0.6
2023-08-20 22:00:00+00:00,21.46153846153846,100.0,10.0,0.6
2023-08-20 22:10:00+00:00,21.446153846153845,100.0,10.0,0.6
2023-08-20 22:20:00+00:00,21.43076923076923,100.0,10.0,0.6
2023-08-20 22:30:00+00:00,21.415384615384614,100.0,10.0,0.6
2023-08-20 22:40:00+00:00,21.4,100.0,10.0,0.6
2023-08-20 22:50:00+00:00,21.369999999999997,100.0,10.0,0.6
2023-08-20 23:00:00+00:00,21.34,100.0,10.0,0.6
2023-08-20 23:10:00+00:00,21.31,100.0,10.0,0.6
2023-08-20 23:20:00+00:00,21.28,100.0,10.0,0.6
2023-08-20 23:30:00+00:00,21.25,100.0,10.0,0.6
2023-08-20 23:40:00+00:00,21.22,100.0,10.0,0.6
2023-08-20 23:50:00+00:00,21.19,100.0,10.0,0.6
2023-08-21 00:00:00+00:00,21.16,100.0,10.0,0.6
2023-08-21 00:10:00+00:00,21.130000000000003,100.0,10.0,0.6
2023-08-21 00:20:00+00:00,21.1,100.0,10.0,0.6
2023-08-21 00:30:00+00:00,21.07,100.0,10.0,0.6
2023-08-21 00:40:00+00:00,21.040000000000003,100.0,10.0,0.6
2023-08-21 00:50:00+00:00,21.01,100.0,10.0,0.6
2023-08-21 01:00:00+00:00,20.98,100.0,10.0,0.6
2023-08-21 01:10:00+00:00,20.950000000000003,100.0,10.0,0.6
2023-08-21 01:20:00+00:00,20.92,100.0,10.0,0.6
2023-08-21 01:30:00+00:00,20.89,100.0,10.0,0.6
2023-08-21 01:40:00+00:00,20.86,100.0,10.0,0.6
2023-08-21 01:50:00+00:00,20.830000000000002,100.0,10.0,0.6
2023-08-21 02:00:00+00:00,20.8,100.0,10.0,0.6
2023-08-21 02:10:00+00:00,20.775000000000002,100.0,10.0,0.84
2023-08-21 02:20:00+00:00,20.75,100.0,10.0,1.08
2023-08-21 02:30:00+00:00,20.725,100.0,10.0,1.3199999999999998
2023-08-21 02:40:00+00:00,20.7,100.0,10.0,1.56
2023-08-21 02:50:00+00:00,20.675,100.0,10.0,1.7999999999999998
2023-08-21 03:00:00+00:00,20.650000000000002,100.0,10.0,2.04
2023-08-21 03:10:00+00:00,20.625,100.0,10.0,2.28
2023-08-21 03:20:00+00:00,20.6,100.0,10.0,2.52
2023-08-21 03:30:00+00:00,20.575,100.0,10.0,2.7600000000000002
2023-08-21 03:40:00+00:00,20.55,100.0,10.0,3.0
2023-08-21 03:50:00+00:00,20.525,100.0,10.0,3.55
2023-08-21 04:00:00+00:00,20.5,100.0,10.0,4.1
2023-08-21 04:10:00+00:00,20.4,100.0,10.0,4.1
2023-08-21 04:20:00+00:00,20.4,100.0,10.0,4.1
2023-08-21 04:30:00+00:00,20.3,100.0,10.0,4.1
2023-08-21 04:40:00+00:00,20.3,100.0,10.0,4.1
2023-08-21 04:50:00+00:00,20.3,100.0,10.0,4.1
2023-08-21 05:00:00+00:00,20.3,100.0,10.0,4.1
2023-08-21 05:10:00+00:00,20.2,100.0,10.0,4.1
2023-08-21 05:20:00+00:00,20.2,100.0,9.9,4.1
2023-08-21 05:30:00+00:00,20.2,100.0,10.0,4.1
2023-08-21 05:40:00+00:00,20.15,100.0,10.0,4.1
2023-08-21 05:50:00+00:00,20.1,100.0,10.0,4.1
2023-08-21 06:00:00+00:00,20.1,100.0,10.0,4.1
2023-08-21 06:10:00+00:00,20.1,100.0,10.0,4.1
2023-08-21 06:20:00+00:00,20.1,100.0,10.0,4.1
2023-08-21 06:30:00+00:00,20.1,100.0,10.0,4.1
2023-08-21 06:40:00+00:00,20.1,100.0,10.0,4.1
2023-08-21 06:50:00+00:00,20.0,100.0,10.0,4.1
2023-08-21 07:00:00+00:00,20.0,100.0,10.0,4.1
2023-08-21 07:10:00+00:00,20.0,100.0,10.0,4.1
2023-08-21 07:20:00+00:00,20.0,100.0,10.0,4.1
2023-08-21 07:30:00+00:00,20.0,100.0,10.0,4.1
2023-08-21 07:40:00+00:00,20.0,100.0,10.0,4.1
2023-08-21 07:50:00+00:00,20.0,100.0,10.0,4.1
2023-08-21 08:00:00+00:00,20.0,100.0,10.0,4.1
2023-08-21 08:10:00+00:00,20.0,100.0,10.0,4.1
2023-08-21 08:20:00+00:00,20.0,100.0,10.0,4.1
2023-08-21 08:30:00+00:00,20.0,100.0,10.0,4.1
2023-08-21 08:40:00+00:00,20.0,100.0,10.0,4.2
2023-08-21 08:50:00+00:00,20.0,100.0,10.0,6.0
2023-08-21 09:00:00+00:00,20.0,100.0,10.0,6.0
2023-08-21 09:10:00+00:00,20.0,100.0,10.1,6.1
2023-08-21 09:20:00+00:00,20.0,100.0,10.05,6.1
2023-08-21 09:30:00+00:00,20.0,100.0,10.0,6.1
2023-08-21 09:40:00+00:00,20.0,100.0,10.0,6.2
2023-08-21 09:50:00+00:00,20.0,100.0,10.1,6.2
2023-08-21 10:00:00+00:00,20.1,100.0,10.1,6.3
2023-08-21 10:10:00+00:00,20.1,100.0,10.1,6.2
2023-08-21 10:20:00+00:00,20.1,100.0,10.1,6.1
2023-08-21 10:30:00+00:00,20.2,100.0,10.1,6.2
2023-08-21 10:40:00+00:00,20.2,100.0,10.1,6.2
2023-08-21 10:50:00+00:00,20.3,100.0,10.1,6.1
2023-08-21 11:00:00+00:00,20.3,100.0,10.1,5.7
2023-08-21 11:10:00+00:00,20.35,100.0,10.1,5.95
2023-08-21 11:20:00+00:00,20.4,100.0,10.1,6.2
2023-08-21 11:30:00+00:00,20.4,100.0,10.1,6.1
2023-08-21 11:40:00+00:00,20.5,100.0,10.1,6.0
2023-08-21 11:50:00+00:00,20.5,100.0,10.1,6.2
2023-08-21 12:00:00+00:00,20.55,100.0,10.1,6.2
2023-08-21 12:10:00+00:00,20.6,100.0,10.1,6.2
2023-08-21 12:20:00+00:00,20.7,100.0,10.1,6.4
2023-08-21 12:30:00+00:00,20.8,100.0,10.1,5.9
2023-08-21 12:40:00+00:00,20.8,100.0,10.1,5.6
2023-08-21 12:50:00+00:00,20.9,100.0,10.2,6.2
2023-08-21 13:00:00+00:00,20.95,100.0,10.2,5.9
2023-08-21 13:10:00+00:00,21.0,100.0,10.2,5.6
2023-08-21 13:20:00+00:00,21.0,100.0,10.2,6.2
2023-08-21 13:30:00+00:00,21.1,100.0,10.2,5.7
2023-08-21 13:40:00+00:00,21.1,100.0,10.2,5.9
2023-08-21 13:50:00+00:00,21.1,100.0,10.2,6.2
2023-08-21 14:00:00+00:00,21.2,100.0,10.2,5.8
2023-08-21 14:10:00+00:00,21.3,100.0,10.2,6.0
2023-08-21 14:20:00+00:00,21.3,100.0,10.2,6.1
2023-08-21 14:30:00+00:00,21.3,100.0,10.2,6.2
2023-08-21 14:40:00+00:00,21.35,100.0,10.2,6.2
2023-08-21 14:50:00+00:00,21.4,100.0,10.2,6.2
2023-08-21 15:00:00+00:00,21.4,100.0,10.2,5.8
2023-08-21 15:10:00+00:00,21.5,100.0,10.2,5.7
2023-08-21 15:20:00+00:00,21.5,100.0,10.3,6.2
2023-08-21 15:30:00+00:00,21.5,100.0,10.2,6.2
2023-08-21 15:40:00+00:00,21.5,100.0,10.2,6.2
2023-08-21 15:50:00+00:00,21.5,100.0,10.2,6.1
2023-08-21 16:00:00+00:00,21.5,100.0,10.2,5.8
2023-08-21 16:10:00+00:00,21.5,100.0,10.2,6.2
2023-08-21 16:20:00+00:00,21.5,100.0,10.2,6.0
2023-08-21 16:30:00+00:00,21.5,100.0,10.2,6.05
2023-08-21 16:40:00+00:00,21.5,100.0,10.2,6.1
2023-08-21 16:50:00+00:00,21.5,100.0,10.2,4.1
2023-08-21 17:00:00+00:00,21.5,100.0,10.2,4.8
2023-08-21 17:10:00+00:00,21.5,100.0,10.2,4.1
2023-08-21 17:20:00+00:00,21.5,100.0,10.2,4.7
2023-08-21 17:30:00+00:00,21.5,100.0,10.2,4.1
2023-08-21 17:40:00+00:00,21.5,100.0,10.2,4.1
2023-08-21 17:50:00+00:00,21.5,100.0,10.2,4.1
2023-08-21 18:00:00+00:00,21.5,100.0,10.2,3.7
2023-08-21 18:10:00+00:00,21.5,100.0,10.2,3.0
2023-08-21 18:20:00+00:00,21.5,100.0,10.2,2.45
2023-08-21 18:30:00+00:00,21.5,100.0,10.2,1.9
2023-08-21 18:40:00+00:00,21.4,100.0,10.2,1.0
2023-08-21 18:50:00+00:00,21.4,100.0,10.2,0.5
2023-08-21 19:00:00+00:00,21.369230769230768,100.0,10.192307692307692,0.5076923076923077
2023-08-21 19:10:00+00:00,21.338461538461537,100.0,10.184615384615384,0.5153846153846153
2023-08-21 19:20:00+00:00,21.307692307692307,100.0,10.176923076923076,0.5230769230769231
2023-08-21 19:30:00+00:00,21.276923076923076,100.0,10.169230769230769,0.5307692307692308
2023-08-21 19:40:00+00:00,21.246153846153845,100.0,10.161538461538461,0.5384615384615384
2023-08-21 19:50:00+00:00,21.215384615384615,100.0,10.153846153846153,0.5461538461538461
2023-08-21 20:00:00+00:00,21.184615384615384,100.0,10.146153846153846,0.5538461538461539
2023-08-21 20:10:00+00:00,21.153846153846153,100.0,10.138461538461538,0.5615384615384615
2023-08-21 20:20:00+00:00,21.123076923076923,100.0,10.13076923076923,0.5692307692307692
2023-08-21 20:30:00+00:00,21.092307692307692,100.0,10.123076923076923,0.5769230769230769
2023-08-21 20:40:00+00:00,21.06153846153846,100.0,10.115384615384615,0.5846153846153846
2023-08-21 20:50:00+00:00,21.03076923076923,100.0,10.107692307692307,0.5923076923076923
2023-08-21 21:00:00+00:00,21.0,100.0,10.1,0.6
2023-08-21 21:10:00+00:00,20.95,100.0,10.1,0.6
2023-08-21 21:20:00+00:00,20.9,100.0,10.1,0.6
2023-08-21 21:30:00+00:00,20.85,100.0,10.1,0.6
2023-08-21 21:40:00+00:00,20.8,100.0,10.1,0.6
2023-08-21 21:50:00+00:00,20.75,100.0,10.1,0.6
2023-08-21 22:00:00+00:00,20.7,100.0,10.1,0.6
2023-08-21 22:10:00+00:00,20.65,100.0,10.1,0.6
2023-08-21 22:20:00+00:00,20.6,100.0,10.1,0.6
2023-08-21 22:30:00+00:00,20.55,100.0,10.1,0.6
2023-08-21 22:40:00+00:00,20.5,100.0,10.1,0.6
2023-08-21 22:50:00+00:00,20.45,100.0,10.1,0.6
2023-08-21 23:00:00+00:00,20.4,100.0,10.1,0.6
2023-08-21 23:10:00+00:00,20.35,100.0,10.1,0.6
2023-08-21 23:20:00+00:00,20.3,100.0,10.1,0.6
2023-08-21 23:30:00+00:00,20.25,100.0,10.1,0.6
2023-08-21 23:40:00+00:00,20.2,100.0,10.1,0.6
2023-08-21 23:50:00+00:00,20.15,100.0,10.1,0.6
2023-08-22 00:00:00+00:00,20.1,100.0,10.1,0.6
2023-08-22 00:10:00+00:00,20.05,100.0,10.1,0.6
2023-08-22 00:20:00+00:00,20.0,100.0,10.1,0.6
2023-08-22 00:30:00+00:00,19.95,100.0,10.1,0.58
2023-08-22 00:40:00+00:00,19.9,100.0,10.1,0.5599999999999999
2023-08-22 00:50:00+00:00,19.85,100.0,10.1,0.54
2023-08-22 01:00:00+00:00,19.8,100.0,10.1,0.52
2023-08-22 01:10:00+00:00,19.75,100.0,10.1,0.5
2023-08-22 01:20:00+00:00,19.7,100.0,10.1,0.48
2023-08-22 01:30:00+00:00,19.65,100.0,10.1,0.45999999999999996
2023-08-22 01:40:00+00:00,19.6,100.0,10.1,0.44
2023-08-22 01:50:00+00:00,19.55,100.0,10.1,0.42000000000000004
2023-08-22 02:00:00+00:00,19.5,100.0,10.1,0.4
2023-08-22 02:10:00+00:00,19.46,100.0,10.1,0.5700000000000001
2023-08-22 02:20:00+00:00,19.42,100.0,10.1,0.74
2023-08-22 02:30:00+00:00,19.38,100.0,10.1,0.91
2023-08-22 02:40:00+00:00,19.34,100.0,10.1,1.08
2023-08-22 02:50:00+00:00,19.3,100.0,10.1,1.25
2023-08-22 03:00:00+00:00,19.26,100.0,10.1,1.42
2023-08-22 03:10:00+00:00,19.220000000000002,100.0,10.1,1.5900000000000003
2023-08-22 03:20:00+00:00,19.18,100.0,10.1,1.7600000000000002
2023-08-22 03:30:00+00:00,19.14,100.0,10.1,1.9300000000000002
2023-08-22 03:40:00+00:00,19.1,100.0,10.1,2.1
2023-08-22 03:50:00+00:00,19.0,100.0,10.1,4.1
2023-08-22 04:00:00+00:00,19.0,100.0,10.1,4.1
2023-08-22 04:10:00+00:00,18.9,100.0,10.1,4.1
2023-08-22 04:20:00+00:00,18.8,100.0,10.1,4.1
2023-08-22 04:30:00+00:00,18.8,100.0,10.1,4.1
2023-08-22 04:40:00+00:00,18.8,100.0,10.1,4.1
2023-08-22 04:50:00+00:00,18.7,100.0,10.1,4.1
2023-08-22 05:00:00+00:00,18.7,100.0,10.1,4.1
2023-08-22 05:10:00+00:00,18.6,100.0,10.1,4.1
2023-08-22 05:20:00+00:00,18.6,100.0,10.1,4.1
2023-08-22 05:30:00+00:00,18.6,100.0,10.1,4.05
2023-08-22 05:40:00+00:00,18.6,100.0,10.1,4.0
2023-08-22 05:50:00+00:00,18.6,100.0,10.1,4.1
2023-08-22 06:00:00+00:00,18.6,100.0,10.1,4.1
2023-08-22 06:10:00+00:00,18.5,100.0,10.1,4.1
2023-08-22 06:20:00+00:00,18.5,100.0,10.1,4.1
2023-08-22 06:30:00+00:00,18.5,100.0,10.1,4.1
2023-08-22 06:40:00+00:00,18.5,100.0,10.2,3.9
2023-08-22 06:50:00+00:00,18.5,100.0,10.1,4.1
2023-08-22 07:00:00+00:00,18.5,100.0,10.2,4.1
2023-08-22 07:10:00+00:00,18.5,100.0,10.1,4.2
2023-08-22 07:20:00+00:00,18.5,100.0,10.149999999999999,4.15
2023-08-22 07:30:00+00:00,18.5,100.0,10.2,4.1
2023-08-22 07:40:00+00:00,18.5,100.0,10.1,4.1
2023-08-22 07:50:00+00:00,18.5,100.0,10.2,4.1
2023-08-22 08:00:00+00:00,18.5,100.0,10.1,4.1
2023-08-22 08:10:00+00:00,18.5,100.0,10.2,4.1
2023-08-22 08:20:00+00:00,18.5,100.0,10.2,3.9
2023-08-22 08:30:00+00:00,18.5,100.0,10.2,4.1
2023-08-22 08:40:00+00:00,18.5,100.0,10.2,4.8
2023-08-22 08:50:00+00:00,18.5,100.0,10.2,4.9
2023-08-22 09:00:00+00:00,18.5,100.0,10.2,5.7
2023-08-22 09:10:00+00:00,18.55,100.0,10.2,5.85
2023-08-22 09:20:00+00:00,18.6,100.0,10.2,6.0
2023-08-22 09:30:00+00:00,18.6,100.0,10.2,6.0
2023-08-22 09:40:00+00:00,18.6,100.0,10.2,5.9
2023-08-22 09:50:00+00:00,18.6,100.0,10.2,6.0
2023-08-22 10:00:00+00:00,18.6,100.0,10.2,6.0
2023-08-22 10:10:00+00:00,18.7,100.0,10.2,5.9
2023-08-22 10:20:00+00:00,18.7,100.0,10.2,6.2
2023-08-22 10:30:00+00:00,18.8,100.0,10.2,6.0
2023-08-22 10:40:00+00:00,18.8,100.0,10.2,6.2
2023-08-22 10:50:00+00:00,18.8,100.0,10.2,6.1
2023-08-22 11:00:00+00:00,18.8,100.0,10.2,6.199999999999999
2023-08-22 11:10:00+00:00,18.8,100.0,10.2,6.3
2023-08-22 11:20:00+00:00,18.9,100.0,10.2,6.2
2023-08-22 11:30:00+00:00,19.0,100.0,10.2,6.1
2023-08-22 11:40:00+00:00,19.0,100.0,10.2,6.2
2023-08-22 11:50:00+00:00,19.0,100.0,10.2,6.0
2023-08-22 12:00:00+00:00,19.0,100.0,10.3,6.1
2023-08-22 12:10:00+00:00,19.1,100.0,10.2,6.0
2023-08-22 12:20:00+00:00,19.1,100.0,10.2,6.1
2023-08-22 12:30:00+00:00,19.1,100.0,10.3,6.0
2023-08-22 12:40:00+00:00,19.15,100.0,10.3,6.1
2023-08-22 12:50:00+00:00,19.2,100.0,10.3,6.2
2023-08-22 13:00:00+00:00,19.3,100.0,10.3,6.1
2023-08-22 13:10:00+00:00,19.3,100.0,10.3,6.0
2023-08-22 13:20:00+00:00,19.4,100.0,10.3,6.1
2023-08-22 13:30:00+00:00,19.4,100.0,10.3,6.0
2023-08-22 13:40:00+00:00,19.5,100.0,10.3,6.0
2023-08-22 13:50:00+00:00,19.5,100.0,10.3,5.9
2023-08-22 14:00:00+00:00,19.6,100.0,10.3,6.1
2023-08-22 14:10:00+00:00,19.6,100.0,10.3,6.1
2023-08-22 14:20:00+00:00,19.7,100.0,10.3,6.1
2023-08-22 14:30:00+00:00,19.75,100.0,10.3,6.15
2023-08-22 14:40:00+00:00,19.8,100.0,10.3,6.2
2023-08-22 14:50:00+00:00,19.8,100.0,10.3,6.1
2023-08-22 15:00:00+00:00,19.8,100.0,10.3,6.1
2023-08-22 15:10:00+00:00,19.9,100.0,10.3,6.0
2023-08-22 15:20:00+00:00,19.9,100.0,10.3,5.4
2023-08-22 15:30:00+00:00,20.0,100.0,10.3,6.1
2023-08-22 15:40:00+00:00,20.0,100.0,10.3,5.6
2023-08-22 15:50:00+00:00,20.0,100.0,10.3,4.9
2023-08-22 16:00:00+00:00,20.1,100.0,10.3,5.5
2023-08-22 16:10:00+00:00,20.1,100.0,10.3,5.0
2023-08-22 16:20:00+00:00,20.1,100.0,10.3,5.55
2023-08-22 16:30:00+00:00,20.1,100.0,10.3,6.1
2023-08-22 16:40:00+00:00,20.1,100.0,10.3,6.0
2023-08-22 16:50:00+00:00,20.1,100.0,10.3,5.8
2023-08-22 17:00:00+00:00,20.1,100.0,10.3,5.7
2023-08-22 17:10:00+00:00,20.2,100.0,10.3,5.9
2023-08-22 17:20:00+00:00,20.2,100.0,10.3,4.1
2023-08-22 17:30:00+00:00,20.2,100.0,10.3,4.1
2023-08-22 17:40:00+00:00,20.2,100.0,10.3,4.1
2023-08-22 17:50:00+00:00,20.2,100.0,10.3,4.1
2023-08-22 18:00:00+00:00,20.2,100.0,10.3,3.6
2023-08-22 18:10:00+00:00,20.2,100.0,10.25,3.1500000000000004
2023-08-22 18:20:00+00:00,20.2,100.0,10.2,2.7
2023-08-22 18:30:00+00:00,20.1,100.0,10.2,1.5
2023-08-22 18:40:00+00:00,20.1,100.0,10.2,0.9
2023-08-22 18:50:00+00:00,20.076923076923077,100.0,10.2,0.8769230769230769
2023-08-22 19:00:00+00:00,20.053846153846155,100.0,10.2,0.8538461538461538
2023-08-22 19:10:00+00:00,20.03076923076923,100.0,10.2,0.8307692307692308
2023-08-22 19:20:00+00:00,20.00769230769231,100.0,10.2,0.8076923076923077
2023-08-22 19:30:00+00:00,19.984615384615385,100.0,10.2,0.7846153846153846
2023-08-22 19:40:00+00:00,19.961538461538463,100.0,10.2,0.7615384615384615
2023-08-22 19:50:00+00:00,19.93846153846154,100.0,10.2,0.7384615384615385
2023-08-22 20:00:00+00:00,19.915384615384617,100.0,10.2,0.7153846153846154
2023-08-22 20:10:00+00:00,19.892307692307693,100.0,10.2,0.6923076923076923
2023-08-22 20:20:00+00:00,19.86923076923077,100.0,10.2,0.6692307692307692
2023-08-22 20:30:00+00:00,19.846153846153847,100.0,10.2,0.6461538461538461
2023-08-22 20:40:00+00:00,19.823076923076925,100.0,10.2,0.6230769230769231
2023-08-22 20:50:00+00:00,19.8,100.0,10.2,0.6
2023-08-22 21:00:00+00:00,19.77,100.0,10.2,0.6
2023-08-22 21:10:00+00:00,19.740000000000002,100.0,10.2,0.6
2023-08-22 21:20:00+00:00,19.71,100.0,10.2,0.6
2023-08-22 21:30:00+00:00,19.68,100.0,10.2,0.6
2023-08-22 21:40:00+00:00,19.65,100.0,10.2,0.6
2023-08-22 21:50:00+00:00,19.62,100.0,10.2,0.6
2023-08-22 22:00:00+00:00,19.59,100.0,10.2,0.6
2023-08-22 22:10:00+00:00,19.56,100.0,10.2,0.6
2023-08-22 22:20:00+00:00,19.53,100.0,10.2,0.6
2023-08-22 22:30:00+00:00,19.5,100.0,10.2,0.6
2023-08-22 22:40:00+00:00,19.45,100.0,10.2,0.6
2023-08-22 22:50:00+00:00,19.4,100.0,10.2,0.6
2023-08-22 23:00:00+00:00,19.35,100.0,10.2,0.6
2023-08-22 23:10:00+00:00,19.3,100.0,10.2,0.6
2023-08-22 23:20:00+00:00,19.25,100.0,10.2,0.6
2023-08-22 23:30:00+00:00,19.2,100.0,10.2,0.6
2023-08-22 23:40:00+00:00,19.15,100.0,10.2,0.6
2023-08-22 23:50:00+00:00,19.1,100.0,10.2,0.6
2023-08-23 00:00:00+00:00,19.05,100.0,10.2,0.6
2023-08-23 00:10:00+00:00,19.0,100.0,10.2,0.6
2023-08-23 00:20:00+00:00,18.97,100.0,10.2,0.6
2023-08-23 00:30:00+00:00,18.94,100.0,10.2,0.6
2023-08-23 00:40:00+00:00,18.91,100.0,10.2,0.6
2023-08-23 00:50:00+00:00,18.88,100.0,10.2,0.6
2023-08-23 01:00:00+00:00,18.85,100.0,10.2,0.6
2023-08-23 01:10:00+00:00,18.82,100.0,10.2,0.6
2023-08-23 01:20:00+00:00,18.79,100.0,10.2,0.6
2023-08-23 01:30:00+00:00,18.759999999999998,100.0,10.2,0.6
2023-08-23 01:40:00+00:00,18.73,100.0,10.2,0.6
2023-08-23 01:50:00+00:00,18.7,100.0,10.2,0.6
2023-08-23 02:00:00+00:00,18.66,100.0,10.19,0.62
2023-08-23 02:10:00+00:00,18.62,100.0,10.18,0.64
2023-08-23 02:20:00+00:00,18.58,100.0,10.17,0.66
2023-08-23 02:30:00+00:00,18.54,100.0,10.16,0.68
2023-08-23 02:40:00+00:00,18.5,100.0,10.149999999999999,0.7
2023-08-23 02:50:00+00:00,18.46,100.0,10.139999999999999,0.72
2023-08-23 03:00:00+00:00,18.42,100.0,10.129999999999999,0.74
2023-08-23 03:10:00+00:00,18.38,100.0,10.12,0.76
2023-08-23 03:20:00+00:00,18.34,100.0,10.11,0.78
2023-08-23 03:30:00+00:00,18.3,100.0,10.1,0.8
2023-08-23 03:40:00+00:00,18.27,100.0,10.1,1.13
2023-08-23 03:50:00+00:00,18.240000000000002,100.0,10.1,1.46
2023-08-23 04:00:00+00:00,18.21,100.0,10.1,1.79
2023-08-23 04:10:00+00:00,18.18,100.0,10.1,2.12
2023-08-23 04:20:00+00:00,18.15,100.0,10.1,2.45
2023-08-23 04:30:00+00:00,18.12,100.0,10.1,2.78
2023-08-23 04:40:00+00:00,18.09,100.0,10.1,3.1099999999999994
2023-08-23 04:50:00+00:00,18.06,100.0,10.1,3.4399999999999995
2023-08-23 05:00:00+00:00,18.03,100.0,10.1,3.7699999999999996
2023-08-23 05:10:00+00:00,18.0,100.0,10.1,4.1
2023-08-23 05:20:00+00:00,17.9,100.0,10.1,4.1
2023-08-23 05:30:00+00:00,17.9,100.0,10.2,4.1
2023-08-23 05:40:00+00:00,17.8,100.0,10.1,4.1
2023-08-23 05:50:00+00:00,17.8,100.0,10.2,4.1
2023-08-23 06:00:00+00:00,17.8,100.0,10.2,4.1
2023-08-23 06:10:00+00:00,17.8,100.0,10.2,4.1
2023-08-23 06:20:00+00:00,17.8,100.0,10.2,4.1
2023-08-23 06:30:00+00:00,17.8,100.0,10.2,4.1
2023-08-23 06:40:00+00:00,17.8,100.0,10.2,4.1
2023-08-23 06:50:00+00:00,17.8,100.0,10.2,4.1
2023-08-23 07:00:00+00:00,17.8,100.0,10.2,4.1
2023-08-23 07:10:00+00:00,17.8,100.0,10.2,4.1
2023-08-23 07:20:00+00:00,17.8,100.0,10.2,4.1
2023-08-23 07:30:00+00:00,17.8,100.0,10.2,4.1
2023-08-23 07:40:00+00:00,17.8,100.0,10.2,4.1
2023-08-23 07:50:00+00:00,17.8,100.0,10.2,4.1
2023-08-23 08:00:00+00:00,17.8,100.0,10.3,4.1
2023-08-23 08:10:00+00:00,17.8,100.0,10.2,4.1
2023-08-23 08:20:00+00:00,17.8,100.0,10.2,4.1
2023-08-23 08:30:00+00:00,17.8,100.0,10.2,4.2
2023-08-23 08:40:00+00:00,17.8,100.0,10.25,4.2
2023-08-23 08:50:00+00:00,17.8,100.0,10.3,4.2
2023-08-23 09:00:00+00:00,17.9,100.0,10.3,5.9
2023-08-23 09:10:00+00:00,17.9,100.0,10.3,6.0
2023-08-23 09:20:00+00:00,18.0,100.0,10.3,6.1
2023-08-23 09:30:00+00:00,18.0,100.0,10.3,6.1
2023-08-23 09:40:00+00:00,18.0,100.0,10.3,6.1
2023-08-23 09:50:00+00:00,18.0,100.0,10.3,6.1
2023-08-23 10:00:00+00:00,18.1,100.0,10.3,6.0
2023-08-23 10:10:00+00:00,18.1,100.0,10.3,6.1
2023-08-23 10:20:00+00:00,18.2,100.0,10.3,6.1
2023-08-23 10:30:00+00:00,18.2,100.0,10.3,6.1
2023-08-23 10:40:00+00:00,18.2,100.0,10.3,6.1
2023-08-23 10:50:00+00:00,18.3,100.0,10.3,6.1
2023-08-23 11:00:00+00:00,18.3,100.0,10.4,6.0
2023-08-23 11:10:00+00:00,18.5,100.0,10.4,6.2
2023-08-23 11:20:00+00:00,18.5,100.0,10.4,6.1
2023-08-23 11:30:00+00:00,18.6,100.0,10.4,5.5
2023-08-23 11:40:00+00:00,18.6,100.0,10.4,6.0
2023-08-23 11:50:00+00:00,18.7,100.0,10.4,6.0
2023-08-23 12:00:00+00:00,18.8,100.0,10.4,5.3
2023-08-23 12:10:00+00:00,18.9,100.0,10.4,6.0
2023-08-23 12:20:00+00:00,18.95,100.0,10.4,6.15
2023-08-23 12:30:00+00:00,19.0,100.0,10.4,6.3
2023-08-23 12:40:00+00:00,19.0,100.0,10.4,5.7
2023-08-23 12:50:00+00:00,19.1,100.0,10.4,5.8
2023-08-23 13:00:00+00:00,19.2,100.0,10.4,5.7
2023-08-23 13:10:00+00:00,19.3,100.0,10.4,5.6
2023-08-23 13:20:00+00:00,19.3,100.0,10.4,6.3
2023-08-23 13:30:00+00:00,19.4,100.0,10.4,4.8
2023-08-23 13:40:00+00:00,19.5,100.0,10.4,5.8
2023-08-23 13:50:00+00:00,19.5,100.0,10.4,5.1
2023-08-23 14:00:00+00:00,19.55,100.0,10.4,5.65
2023-08-23 14:10:00+00:00,19.6,100.0,10.4,6.2
2023-08-23 14:20:00+00:00,19.6,100.0,10.4,6.2
2023-08-23 14:30:00+00:00,19.6,100.0,10.4,6.2
2023-08-23 14:40:00+00:00,19.6,100.0,10.4,6.2
2023-08-23 14:50:00+00:00,19.7,100.0,10.4,5.3
2023-08-23 15:00:00+00:00,19.7,100.0,10.4,4.7
2023-08-23 15:10:00+00:00,19.8,100.0,10.4,5.8
2023-08-23 15:20:00+00:00,19.8,100.0,10.4,6.2
2023-08-23 15:30:00+00:00,19.8,100.0,10.4,6.2
2023-08-23 15:40:00+00:00,19.9,100.0,10.4,6.2
2023-08-23 15:50:00+00:00,19.95,100.0,10.4,6.15
2023-08-23 16:00:00+00:00,20.0,100.0,10.4,6.1
2023-08-23 16:10:00+00:00,20.0,100.0,10.4,5.4
2023-08-23 16:20:00+00:00,20.0,100.0,10.4,4.1
2023-08-23 16:30:00+00:00,20.0,100.0,10.4,4.1
2023-08-23 16:40:00+00:00,20.1,100.0,10.4,4.1
2023-08-23 16:50:00+00:00,20.1,100.0,10.4,4.1
2023-08-23 17:00:00+00:00,20.1,100.0,10.4,4.1
2023-08-23 17:10:00+00:00,20.1,100.0,10.4,4.9
2023-08-23 17:20:00+00:00,20.1,100.0,10.4,4.1
2023-08-23 17:30:00+00:00,20.1,100.0,10.4,4.1
2023-08-23 17:40:00+00:00,20.1,100.0,10.4,4.1
2023-08-23 17:50:00+00:00,20.1,100.0,10.4,4.1
2023-08-23 18:00:00+00:00,20.1,100.0,10.4,3.6
2023-08-23 18:10:00+00:00,20.1,100.0,10.4,2.7
2023-08-23 18:20:00+00:00,20.2,100.0,10.4,1.6
2023-08-23 18:30:00+00:00,20.2,100.0,10.4,0.7
2023-08-23 18:40:00+00:00,20.18,100.0,10.39,0.69
2023-08-23 18:50:00+00:00,20.16,100.0,10.38,0.6799999999999999
2023-08-23 19:00:00+00:00,20.14,100.0,10.370000000000001,0.6699999999999999
2023-08-23 19:10:00+00:00,20.12,100.0,10.360000000000001,0.6599999999999999
2023-08-23 19:20:00+00:00,20.1,100.0,10.350000000000001,0.6499999999999999
2023-08-23 19:30:00+00:00,20.08,100.0,10.34,0.64
2023-08-23 19:40:00+00:00,20.06,100.0,10.33,0.63
2023-08-23 19:50:00+00:00,20.04,100.0,10.32,0.62
2023-08-23 20:00:00+00:00,20.02,100.0,10.31,0.61
2023-08-23 20:10:00+00:00,20.0,100.0,10.3,0.6
2023-08-23 20:20:00+00:00,19.98,100.0,10.3,0.6
2023-08-23 20:30:00+00:00,19.96,100.0,10.3,0.6
2023-08-23 20:40:00+00:00,19.94,100.0,10.3,0.6
2023-08-23 20:50:00+00:00,19.92,100.0,10.3,0.6
2023-08-23 21:00:00+00:00,19.9,100.0,10.3,0.6
2023-08-23 21:10:00+00:00,19.88,100.0,10.3,0.6
2023-08-23 21:20:00+00:00,19.86,100.0,10.3,0.6
2023-08-23 21:30:00+00:00,19.84,100.0,10.3,0.6
2023-08-23 21:40:00+00:00,19.82,100.0,10.3,0.6
2023-08-23 21:50:00+00:00,19.8,100.0,10.3,0.6
2023-08-23 22:00:00+00:00,19.784615384615385,100.0,10.3,0.6
2023-08-23 22:10:00+00:00,19.76923076923077,100.0,10.3,0.6
2023-08-23 22:20:00+00:00,19.753846153846155,100.0,10.3,0.6
2023-08-23 22:30:00+00:00,19.73846153846154,100.0,10.3,0.6
2023-08-23 22:40:00+00:00,19.723076923076924,100.0,10.3,0.6
2023-08-23 22:50:00+00:00,19.70769230769231,100.0,10.3,0.6
2023-08-23 23:00:00+00:00,19.692307692307693,100.0,10.3,0.6
2023-08-23 23:10:00+00:00,19.676923076923078,100.0,10.3,0.6
2023-08-23 23:20:00+00:00,19.661538461538463,100.0,10.3,0.6
2023-08-23 23:30:00+00:00,19.646153846153847,100.0,10.3,0.6
2023-08-23 23:40:00+00:00,19.630769230769232,100.0,10.3,0.6
2023-08-23 23:50:00+00:00,19.615384615384617,100.0,10.3,0.6
2023-08-24 00:00:00+00:00,19.6,100.0,10.3,0.6
2023-08-24 00:10:00+00:00,19.580000000000002,100.0,10.3,0.58
2023-08-24 00:20:00+00:00,19.560000000000002,100.0,10.3,0.5599999999999999
2023-08-24 00:30:00+00:00,19.54,100.0,10.3,0.54
2023-08-24 00:40:00+00:00,19.52,100.0,10.3,0.52
2023-08-24 00:50:00+00:00,19.5,100.0,10.3,0.5
2023-08-24 01:00:00+00:00,19.48,100.0,10.3,0.48
2023-08-24 01:10:00+00:00,19.46,100.0,10.3,0.45999999999999996
2023-08-24 01:20:00+00:00,19.439999999999998,100.0,10.3,0.44
2023-08-24 01:30:00+00:00,19.419999999999998,100.0,10.3,0.42000000000000004
2023-08-24 01:40:00+00:00,19.4,100.0,10.3,0.4
2023-08-24 01:50:00+00:00,19.369999999999997,100.0,10.290000000000001,0.43
2023-08-24 02:00:00+00:00,19.34,100.0,10.280000000000001,0.46
2023-08-24 02:10:00+00:00,19.31,100.0,10.27,0.49
2023-08-24 02:20:00+00:00,19.28,100.0,10.26,0.52
2023-08-24 02:30:00+00:00,19.25,100.0,10.25,0.55
2023-08-24 02:40:00+00:00,19.22,100.0,10.24,0.58
2023-08-24 02:50:00+00:00,19.19,100.0,10.23,0.61
2023-08-24 03:00:00+00:00,19.16,100.0,10.219999999999999,0.6399999999999999
2023-08-24 03:10:00+00:00,19.130000000000003,100.0,10.209999999999999,0.6699999999999999
2023-08-24 03:20:00+00:00,19.1,100.0,10.2,0.7
2023-08-24 03:30:00+00:00,19.080000000000002,100.0,10.2,1.04
2023-08-24 03:40:00+00:00,19.060000000000002,100.0,10.2,1.38
2023-08-24 03:50:00+00:00,19.04,100.0,10.2,1.72
2023-08-24 04:00:00+00:00,19.02,100.0,10.2,2.0599999999999996
2023-08-24 04:10:00+00:00,19.0,100.0,10.2,2.3999999999999995
2023-08-24 04:20:00+00:00,18.98,100.0,10.2,2.74
2023-08-24 04:30:00+00:00,18.96,100.0,10.2,3.08
2023-08-24 04:40:00+00:00,18.939999999999998,100.0,10.2,3.42
2023-08-24 04:50:00+00:00,18.919999999999998,100.0,10.2,3.76
2023-08-24 05:00:00+00:00,18.9,100.0,10.2,4.1
2023-08-24 05:10:00+00:00,18.8,100.0,10.2,4.1
2023-08-24 05:20:00+00:00,18.8,100.0,10.2,4.1
2023-08-24 05:30:00+00:00,18.8,100.0,10.3,4.1
2023-08-24 05:40:00+00:00,18.8,100.0,10.3,4.1
2023-08-24 05:50:00+00:00,18.7,100.0,10.3,4.1
2023-08-24 06:00:00+00:00,18.7,100.0,10.3,4.1
2023-08-24 06:10:00+00:00,18.7,100.0,10.3,4.1
2023-08-24 06:20:00+00:00,18.7,100.0,10.3,4.1
2023-08-24 06:30:00+00:00,18.7,100.0,10.3,4.1
2023-08-24 06:40:00+00:00,18.6,100.0,10.3,4.1
2023-08-24 06:50:00+00:00,18.6,100.0,10.3,4.1
2023-08-24 07:00:00+00:00,18.6,100.0,10.2,4.1
2023-08-24 07:10:00+00:00,18.6,100.0,10.3,4.1
2023-08-24 07:20:00+00:00,18.6,100.0,10.3,4.1
2023-08-24 07:30:00+00:00,18.6,100.0,10.3,4.1
2023-08-24 07:40:00+00:00,18.6,100.0,10.3,4.1
2023-08-24 07:50:00+00:00,18.6,100.0,10.3,4.1
2023-08-24 08:00:00+00:00,18.6,100.0,10.3,4.1
2023-08-24 08:10:00+00:00,18.6,100.0,10.3,4.1
2023-08-24 08:20:00+00:00,18.6,100.0,10.3,4.1
2023-08-24 08:30:00+00:00,18.6,100.0,10.3,4.2
2023-08-24 08:40:00+00:00,18.6,100.0,10.3,4.2
2023-08-24 08:50:00+00:00,18.6,100.0,10.3,4.1
2023-08-24 09:00:00+00:00,18.6,100.0,10.3,4.1
2023-08-24 09:10:00+00:00,18.6,100.0,10.3,6.1
2023-08-24 09:20:00+00:00,18.7,100.0,10.4,6.1
2023-08-24 09:30:00+00:00,18.7,100.0,10.4,6.2
2023-08-24 09:40:00+00:00,18.7,100.0,10.4,6.2
2023-08-24 09:50:00+00:00,18.8,100.0,10.4,6.3
2023-08-24 10:00:00+00:00,18.8,100.0,10.4,6.35
2023-08-24 10:10:00+00:00,18.8,100.0,10.4,6.4
2023-08-24 10:20:00+00:00,18.8,100.0,10.4,5.8
2023-08-24 10:30:00+00:00,18.8,100.0,10.4,6.4
2023-08-24 10:40:00+00:00,18.8,100.0,10.4,5.9
2023-08-24 10:50:00+00:00,18.9,100.0,10.4,6.4
2023-08-24 11:00:00+00:00,19.0,100.0,10.4,6.1
2023-08-24 11:10:00+00:00,19.0,100.0,10.4,5.8
2023-08-24 11:20:00+00:00,19.0,100.0,10.4,6.0
2023-08-24 11:30:00+00:00,19.1,100.0,10.4,5.9
2023-08-24 11:40:00+00:00,19.1,100.0,10.4,6.2
2023-08-24 11:50:00+00:00,19.15,100.0,10.4,6.050000000000001
2023-08-24 12:00:00+00:00,19.2,100.0,10.4,5.9
2023-08-24 12:10:00+00:00,19.3,100.0,10.4,5.6
2023-08-24 12:20:00+00:00,19.3,100.0,10.4,5.6
2023-08-24 12:30:00+00:00,19.3,100.0,10.4,5.6
2023-08-24 12:40:00+00:00,19.5,100.0,10.4,6.3
2023-08-24 12:50:00+00:00,19.5,100.0,10.4,5.3
2023-08-24 13:00:00+00:00,19.5,100.0,10.4,5.9
2023-08-24 13:10:00+00:00,19.6,100.0,10.4,5.7
2023-08-24 13:20:00+00:00,19.6,100.0,10.4,5.5
2023-08-24 13:30:00+00:00,19.65,100.0,10.4,5.85
2023-08-24 13:40:00+00:00,19.7,100.0,10.4,6.2
2023-08-24 13:50:00+00:00,19.8,100.0,10.5,4.5
2023-08-24 14:00:00+00:00,19.8,100.0,10.5,4.1
2023-08-24 14:10:00+00:00,19.8,100.0,10.4,5.9
2023-08-24 14:20:00+00:00,19.9,100.0,10.4,3.9
2023-08-24 14:30:00+00:00,19.9,100.0,10.5,6.2
2023-08-24 14:40:00+00:00,19.9,100.0,10.4,6.2
2023-08-24 14:50:00+00:00,19.9,100.0,10.4,5.2
2023-08-24 15:00:00+00:00,19.9,100.0,10.4,6.3
2023-08-24 15:10:00+00:00,20.0,100.0,10.5,6.1
2023-08-24 15:20:00+00:00,19.95,100.0,10.45,5.1
2023-08-24 15:30:00+00:00,19.9,100.0,10.4,4.1
2023-08-24 15:40:00+00:00,20.0,100.0,10.5,4.1
2023-08-24 15:50:00+00:00,20.0,100.0,10.4,6.3
2023-08-24 16:00:00+00:00,20.0,100.0,10.4,6.2
2023-08-24 16:10:00+00:00,20.0,100.0,10.4,6.1
2023-08-24 16:20:00+00:00,20.0,100.0,10.4,4.7
2023-08-24 16:30:00+00:00,20.0,100.0,10.4,4.7
2023-08-24 16:40:00+00:00,20.0,100.0,10.4,6.0
2023-08-24 16:50:00+00:00,20.0,100.0,10.4,4.1
2023-08-24 17:00:00+00:00,20.0,100.0,10.4,4.1
2023-08-24 17:10:00+00:00,20.0,100.0,10.4,4.1
2023-08-24 17:20:00+00:00,20.0,100.0,10.4,4.1
2023-08-24 17:30:00+00:00,20.1,100.0,10.4,4.1
2023-08-24 17:40:00+00:00,20.1,100.0,10.4,4.1
2023-08-24 17:50:00+00:00,20.1,100.0,10.4,3.9
2023-08-24 18:00:00+00:00,20.1,100.0,10.4,3.0
2023-08-24 18:10:00+00:00,20.1,100.0,10.4,2.1
2023-08-24 18:20:00+00:00,20.0,100.0,10.4,1.0
2023-08-24 18:30:00+00:00,20.0,100.0,10.4,0.7
2023-08-24 18:40:00+00:00,19.99,100.0,10.39,0.69
2023-08-24 18:50:00+00:00,19.98,100.0,10.38,0.6799999999999999
2023-08-24 19:00:00+00:00,19.97,100.0,10.370000000000001,0.6699999999999999
2023-08-24 19:10:00+00:00,19.96,100.0,10.360000000000001,0.6599999999999999
2023-08-24 19:20:00+00:00,19.95,100.0,10.350000000000001,0.6499999999999999
2023-08-24 19:30:00+00:00,19.939999999999998,100.0,10.34,0.64
2023-08-24 19:40:00+00:00,19.93,100.0,10.33,0.63
2023-08-24 19:50:00+00:00,19.919999999999998,100.0,10.32,0.62
2023-08-24 20:00:00+00:00,19.91,100.0,10.31,0.61
2023-08-24 20:10:00+00:00,19.9,100.0,10.3,0.6
2023-08-24 20:20:00+00:00,19.869999999999997,100.0,10.3,0.6
2023-08-24 20:30:00+00:00,19.84,100.0,10.3,0.6
2023-08-24 20:40:00+00:00,19.81,100.0,10.3,0.6
2023-08-24 20:50:00+00:00,19.78,100.0,10.3,0.6
2023-08-24 21:00:00+00:00,19.75,100.0,10.3,0.6
2023-08-24 21:10:00+00:00,19.72,100.0,10.3,0.6
2023-08-24 21:20:00+00:00,19.69,100.0,10.3,0.6
2023-08-24 21:30:00+00:00,19.66,100.0,10.3,0.6
2023-08-24 21:40:00+00:00,19.630000000000003,100.0,10.3,0.6
2023-08-24 21:50:00+00:00,19.6,100.0,10.3,0.6
2023-08-24 22:00:00+00:00,19.571428571428573,100.0,10.292857142857143,0.6
2023-08-24 22:10:00+00:00,19.542857142857144,100.0,10.285714285714286,0.6
2023-08-24 22:20:00+00:00,19.514285714285716,100.0,10.278571428571428,0.6
2023-08-24 22:30:00+00:00,19.485714285714288,100.0,10.271428571428572,0.6
2023-08-24 22:40:00+00:00,19.45714285714286,100.0,10.264285714285714,0.6
2023-08-24 22:50:00+00:00,19.42857142857143,100.0,10.257142857142858,0.6
2023-08-24 23:00:00+00:00,19.4,100.0,10.25,0.6
2023-08-24 23:10:00+00:00,19.37142857142857,100.0,10.242857142857142,0.6
2023-08-24 23:20:00+00:00,19.34285714285714,100.0,10.235714285714286,0.6
2023-08-24 23:30:00+00:00,19.314285714285713,100.0,10.228571428571428,0.6
2023-08-24 23:40:00+00:00,19.285714285714285,100.0,10.221428571428572,0.6
2023-08-24 23:50:00+00:00,19.257142857142856,100.0,10.214285714285714,0.6
2023-08-25 00:00:00+00:00,19.228571428571428,100.0,10.207142857142857,0.6
2023-08-25 00:10:00+00:00,19.2,100.0,10.2,0.6
2023-08-25 00:20:00+00:00,19.18,100.0,10.2,0.6
2023-08-25 00:30:00+00:00,19.16,100.0,10.2,0.6
2023-08-25 00:40:00+00:00,19.14,100.0,10.2,0.6
2023-08-25 00:50:00+00:00,19.12,100.0,10.2,0.6
2023-08-25 01:00:00+00:00,19.1,100.0,10.2,0.6
2023-08-25 01:10:00+00:00,19.08,100.0,10.2,0.6
2023-08-25 01:20:00+00:00,19.06,100.0,10.2,0.6
2023-08-25 01:30:00+00:00,19.04,100.0,10.2,0.6
2023-08-25 01:40:00+00:00,19.02,100.0,10.2,0.6
2023-08-25 01:50:00+00:00,19.0,100.0,10.2,0.6
2023-08-25 02:00:00+00:00,18.96,100.0,10.2,0.61
2023-08-25 02:10:00+00:00,18.92,100.0,10.2,0.62
2023-08-25 02:20:00+00:00,18.88,100.0,10.2,0.63
2023-08-25 02:30:00+00:00,18.84,100.0,10.2,0.64
2023-08-25 02:40:00+00:00,18.8,100.0,10.2,0.6499999999999999
2023-08-25 02:50:00+00:00,18.76,100.0,10.2,0.6599999999999999
2023-08-25 03:00:00+00:00,18.720000000000002,100.0,10.2,0.6699999999999999
2023-08-25 03:10:00+00:00,18.68,100.0,10.2,0.6799999999999999
2023-08-25 03:20:00+00:00,18.64,100.0,10.2,0.69
2023-08-25 03:30:00+00:00,18.6,100.0,10.2,0.7
2023-08-25 03:40:00+00:00,18.59,100.0,10.205,1.04
2023-08-25 03:50:00+00:00,18.580000000000002,100.0,10.209999999999999,1.38
2023-08-25 04:00:00+00:00,18.57,100.0,10.215,1.72
2023-08-25 04:10:00+00:00,18.560000000000002,100.0,10.219999999999999,2.0599999999999996
2023-08-25 04:20:00+00:00,18.55,100.0,10.225,2.3999999999999995
2023-08-25 04:30:00+00:00,18.54,100.0,10.23,2.74
2023-08-25 04:40:00+00:00,18.53,100.0,10.235,3.08
2023-08-25 04:50:00+00:00,18.52,100.0,10.24,3.42
2023-08-25 05:00:00+00:00,18.51,100.0,10.245,3.76
2023-08-25 05:10:00+00:00,18.5,100.0,10.25,4.1
2023-08-25 05:20:00+00:00,18.4,100.0,10.3,4.1
2023-08-25 05:30:00+00:00,18.4,100.0,10.3,4.1
2023-08-25 05:40:00+00:00,18.4,100.0,10.3,4.1
2023-08-25 05:50:00+00:00,18.4,100.0,10.3,4.1
2023-08-25 06:00:00+00:00,18.4,100.0,10.3,4.1
2023-08-25 06:10:00+00:00,18.4,100.0,10.3,4.1
2023-08-25 06:20:00+00:00,18.3,100.0,10.3,4.1
2023-08-25 06:30:00+00:00,18.3,100.0,10.3,4.1
2023-08-25 06:40:00+00:00,18.3,100.0,10.3,4.1
2023-08-25 06:50:00+00:00,18.3,100.0,10.3,4.1
2023-08-25 07:00:00+00:00,18.3,100.0,10.3,4.1
2023-08-25 07:10:00+00:00,18.3,100.0,10.3,4.1
2023-08-25 07:20:00+00:00,18.3,100.0,10.3,4.1
2023-08-25 07:30:00+00:00,18.3,100.0,10.3,4.1
2023-08-25 07:40:00+00:00,18.3,100.0,10.3,4.1
2023-08-25 07:50:00+00:00,18.3,100.0,10.3,4.1
2023-08-25 08:00:00+00:00,18.3,100.0,10.3,4.1
2023-08-25 08:10:00+00:00,18.3,100.0,10.3,3.9
2023-08-25 08:20:00+00:00,18.3,100.0,10.3,4.1
2023-08-25 08:30:00+00:00,18.3,100.0,10.3,4.1
2023-08-25 08:40:00+00:00,18.3,100.0,10.3,4.1
2023-08-25 08:50:00+00:00,18.3,100.0,10.3,4.1
2023-08-25 09:00:00+00:00,18.3,100.0,10.3,4.1
2023-08-25 09:10:00+00:00,18.3,100.0,10.3,4.1
2023-08-25 09:20:00+00:00,18.3,100.0,10.3,4.1
2023-08-25 09:30:00+00:00,18.3,100.0,10.3,4.1
2023-08-25 09:40:00+00:00,18.3,100.0,10.3,4.1
2023-08-25 09:50:00+00:00,18.3,100.0,10.3,4.1
2023-08-25 10:00:00+00:00,18.3,100.0,10.3,4.1
2023-08-25 10:10:00+00:00,18.4,100.0,10.3,4.1
2023-08-25 10:20:00+00:00,18.4,100.0,10.3,4.1
2023-08-25 10:30:00+00:00,18.4,100.0,10.4,4.1
2023-08-25 10:40:00+00:00,18.4,100.0,10.3,4.1
2023-08-25 10:50:00+00:00,18.5,100.0,10.3,4.8
2023-08-25 11:00:00+00:00,18.5,100.0,10.3,5.9
2023-08-25 11:10:00+00:00,18.5,100.0,10.4,6.1
2023-08-25 11:20:00+00:00,18.5,100.0,10.4,6.1
2023-08-25 11:30:00+00:00,18.5,100.0,10.4,6.1
2023-08-25 11:40:00+00:00,18.5,100.0,10.4,6.1
2023-08-25 11:50:00+00:00,18.5,100.0,10.4,6.1
2023-08-25 12:00:00+00:00,18.6,100.0,10.4,6.1
2023-08-25 12:10:00+00:00,18.6,100.0,10.4,6.1
2023-08-25 12:20:00+00:00,18.6,100.0,10.4,6.2
2023-08-25 12:30:00+00:00,18.6,100.0,10.4,6.2
2023-08-25 12:40:00+00:00,18.6,100.0,10.4,6.2
2023-08-25 12:50:00+00:00,18.7,100.0,10.4,6.1
2023-08-25 13:00:00+00:00,18.8,100.0,10.4,5.8
2023-08-25 13:10:00+00:00,18.8,100.0,10.4,6.05
2023-08-25 13:20:00+00:00,18.8,100.0,10.4,6.3
2023-08-25 13:30:00+00:00,18.8,100.0,10.4,6.2
2023-08-25 13:40:00+00:00,18.9,100.0,10.4,6.2
2023-08-25 13:50:00+00:00,19.0,100.0,10.4,6.1
2023-08-25 14:00:00+00:00,19.0,100.0,10.4,6.1
2023-08-25 14:10:00+00:00,19.1,100.0,10.4,6.1
2023-08-25 14:20:00+00:00,19.1,100.0,10.4,6.1
2023-08-25 14:30:00+00:00,19.2,100.0,10.4,6.1
2023-08-25 14:40:00+00:00,19.3,100.0,10.4,6.0
2023-08-25 14:50:00+00:00,19.3,100.0,10.4,6.0
2023-08-25 15:00:00+00:00,19.3,100.0,10.4,6.0
2023-08-25 15:10:00+00:00,19.4,100.0,10.4,6.1
2023-08-25 15:20:00+00:00,19.5,100.0,10.4,3.9
2023-08-25 15:30:00+00:00,19.5,100.0,10.4,6.0
2023-08-25 15:40:00+00:00,19.6,100.0,10.4,5.7
2023-08-25 15:50:00+00:00,19.6,100.0,10.4,5.4
2023-08-25 16:00:00+00:00,19.7,100.0,10.4,5.2
2023-08-25 16:10:00+00:00,19.7,100.0,10.4,5.1
2023-08-25 16:20:00+00:00,19.8,100.0,10.4,5.8
2023-08-25 16:30:00+00:00,19.8,100.0,10.4,5.3
2023-08-25 16:40:00+00:00,19.8,100.0,10.4,5.1
2023-08-25 16:50:00+00:00,19.8,100.0,10.4,4.9
2023-08-25 17:00:00+00:00,19.9,100.0,10.4,4.9
2023-08-25 17:10:00+00:00,19.9,100.0,10.4,4.1
2023-08-25 17:20:00+00:00,20.0,100.0,10.4,5.2
2023-08-25 17:30:00+00:00,20.0,100.0,10.4,5.1
2023-08-25 17:40:00+00:00,20.0,100.0,10.4,4.0
2023-08-25 17:50:00+00:00,20.0,100.0,10.4,3.4
2023-08-25 18:00:00+00:00,20.0,100.0,10.4,2.4
2023-08-25 18:10:00+00:00,20.0,100.0,10.4,1.3
2023-08-25 18:20:00+00:00,20.1,100.0,10.4,0.7
2023-08-25 18:30:00+00:00,20.1,100.0,10.4,0.6928571428571428
2023-08-25 18:40:00+00:00,20.1,100.0,10.4,0.6857142857142857
2023-08-25 18:50:00+00:00,20.1,100.0,10.4,0.6785714285714285
2023-08-25 19:00:00+00:00,20.1,100.0,10.4,0.6714285714285714
2023-08-25 19:10:00+00:00,20.1,100.0,10.4,0.6642857142857143
2023-08-25 19:20:00+00:00,20.1,100.0,10.4,0.6571428571428571
2023-08-25 19:30:00+00:00,20.1,100.0,10.4,0.6499999999999999
2023-08-25 19:40:00+00:00,20.1,100.0,10.4,0.6428571428571428
2023-08-25 19:50:00+00:00,20.1,100.0,10.4,0.6357142857142857
2023-08-25 20:00:00+00:00,20.1,100.0,10.4,0.6285714285714286
2023-08-25 20:10:00+00:00,20.1,100.0,10.4,0.6214285714285714
2023-08-25 20:20:00+00:00,20.1,100.0,10.4,0.6142857142857143
2023-08-25 20:30:00+00:00,20.1,100.0,10.4,0.6071428571428571
2023-08-25 20:40:00+00:00,20.1,100.0,10.4,0.6
2023-08-25 20:50:00+00:00,20.1,100.0,10.4,0.6
2023-08-25 21:00:00+00:00,20.1,100.0,10.4,0.6
2023-08-25 21:10:00+00:00,20.1,100.0,10.4,0.6
2023-08-25 21:20:00+00:00,20.1,100.0,10.4,0.6
2023-08-25 21:30:00+00:00,20.1,100.0,10.4,0.6
2023-08-25 21:40:00+00:00,20.1,100.0,10.4,0.6
2023-08-25 21:50:00+00:00,20.1,100.0,10.4,0.6
2023-08-25 22:00:00+00:00,20.1,100.0,10.4,0.6
2023-08-25 22:10:00+00:00,20.1,100.0,10.4,0.6
2023-08-25 22:20:00+00:00,20.1,100.0,10.4,0.6
2023-08-25 22:30:00+00:00,20.09,100.0,10.4,0.6
2023-08-25 22:40:00+00:00,20.080000000000002,100.0,10.4,0.6
2023-08-25 22:50:00+00:00,20.07,100.0,10.4,0.6
2023-08-25 23:00:00+00:00,20.060000000000002,100.0,10.4,0.6
2023-08-25 23:10:00+00:00,20.05,100.0,10.4,0.6
2023-08-25 23:20:00+00:00,20.04,100.0,10.4,0.6
2023-08-25 23:30:00+00:00,20.03,100.0,10.4,0.6
2023-08-25 23:40:00+00:00,20.02,100.0,10.4,0.6
2023-08-25 23:50:00+00:00,20.01,100.0,10.4,0.6
2023-08-26 00:00:00+00:00,20.0,100.0,10.4,0.6
2023-08-26 00:10:00+00:00,19.98,100.0,10.4,0.6
2023-08-26 00:20:00+00:00,19.96,100.0,10.4,0.6
2023-08-26 00:30:00+00:00,19.94,100.0,10.4,0.6
2023-08-26 00:40:00+00:00,19.92,100.0,10.4,0.6
2023-08-26 00:50:00+00:00,19.9,100.0,10.4,0.6
2023-08-26 01:00:00+00:00,19.88,100.0,10.4,0.6
2023-08-26 01:10:00+00:00,19.86,100.0,10.4,0.6
2023-08-26 01:20:00+00:00,19.84,100.0,10.4,0.6
2023-08-26 01:30:00+00:00,19.82,100.0,10.4,0.6
2023-08-26 01:40:00+00:00,19.8,100.0,10.4,0.6
2023-08-26 01:50:00+00:00,19.78,100.0,10.39,0.6
2023-08-26 02:00:00+00:00,19.76,100.0,10.38,0.6
2023-08-26 02:10:00+00:00,19.740000000000002,100.0,10.370000000000001,0.6
2023-08-26 02:20:00+00:00,19.720000000000002,100.0,10.360000000000001,0.6
2023-08-26 02:30:00+00:00,19.700000000000003,100.0,10.350000000000001,0.6
2023-08-26 02:40:00+00:00,19.68,100.0,10.34,0.6
2023-08-26 02:50:00+00:00,19.66,100.0,10.33,0.6
2023-08-26 03:00:00+00:00,19.64,100.0,10.32,0.6
2023-08-26 03:10:00+00:00,19.62,100.0,10.31,0.6
2023-08-26 03:20:00+00:00,19.6,100.0,10.3,0.6
2023-08-26 03:30:00+00:00,19.575000000000003,100.0,10.3,0.95
2023-08-26 03:40:00+00:00,19.55,100.0,10.3,1.2999999999999998
2023-08-26 03:50:00+00:00,19.525000000000002,100.0,10.3,1.65
2023-08-26 04:00:00+00:00,19.5,100.0,10.3,2.0
2023-08-26 04:10:00+00:00,19.475,100.0,10.3,2.35
2023-08-26 04:20:00+00:00,19.450000000000003,100.0,10.3,2.6999999999999997
2023-08-26 04:30:00+00:00,19.425,100.0,10.3,3.05
2023-08-26 04:40:00+00:00,19.400000000000002,100.0,10.3,3.4
2023-08-26 04:50:00+00:00,19.375,100.0,10.3,3.75
2023-08-26 05:00:00+00:00,19.35,100.0,10.3,4.1
2023-08-26 05:10:00+00:00,19.3,100.0,10.3,4.1
2023-08-26 05:20:00+00:00,19.3,100.0,10.3,4.1
2023-08-26 05:30:00+00:00,19.3,100.0,10.3,4.1
2023-08-26 05:40:00+00:00,19.3,100.0,10.3,4.1
2023-08-26 05:50:00+00:00,19.2,100.0,10.3,4.1
2023-08-26 06:00:00+00:00,19.2,100.0,10.3,4.1
2023-08-26 06:10:00+00:00,19.2,100.0,10.3,4.1
2023-08-26 06:20:00+00:00,19.2,100.0,10.3,4.1
2023-08-26 06:30:00+00:00,19.2,100.0,10.4,4.1
2023-08-26 06:40:00+00:00,19.1,100.0,10.3,4.1
2023-08-26 06:50:00+00:00,19.1,100.0,10.3,4.1
2023-08-26 07:00:00+00:00,19.1,100.0,10.4,4.1
2023-08-26 07:10:00+00:00,19.1,100.0,10.4,4.1
2023-08-26 07:20:00+00:00,19.1,100.0,10.4,4.1
2023-08-26 07:30:00+00:00,19.1,100.0,10.4,4.1
2023-08-26 07:40:00+00:00,19.1,100.0,10.4,4.1
2023-08-26 07:50:00+00:00,19.1,100.0,10.4,4.1
2023-08-26 08:00:00+00:00,19.1,100.0,10.4,4.1
2023-08-26 08:10:00+00:00,19.1,100.0,10.4,4.1
2023-08-26 08:20:00+00:00,19.2,100.0,10.4,4.1
2023-08-26 08:30:00+00:00,19.2,100.0,10.4,4.2
2023-08-26 08:40:00+00:00,19.2,100.0,10.4,5.8
2023-08-26 08:50:00+00:00,19.3,100.0,10.4,5.9
2023-08-26 09:00:00+00:00,19.3,100.0,10.4,6.0
2023-08-26 09:10:00+00:00,19.3,100.0,10.4,6.1
2023-08-26 09:20:00+00:00,19.3,100.0,10.4,4.2
2023-08-26 09:30:00+00:00,19.3,100.0,10.4,4.9
2023-08-26 09:40:00+00:00,19.4,100.0,10.4,4.7
2023-08-26 09:50:00+00:00,19.4,100.0,10.4,4.2
2023-08-26 10:00:00+00:00,19.5,100.0,10.4,5.8
2023-08-26 10:10:00+00:00,19.5,100.0,10.4,5.8
2023-08-26 10:20:00+00:00,19.6,100.0,10.4,4.9
2023-08-26 10:30:00+00:00,19.6,100.0,10.4,4.1
2023-08-26 10:40:00+00:00,19.7,100.0,10.4,4.1
2023-08-26 10:50:00+00:00,19.75,100.0,10.4,4.1
2023-08-26 11:00:00+00:00,19.8,100.0,10.4,4.1
2023-08-26 11:10:00+00:00,19.8,100.0,10.4,4.1
2023-08-26 11:20:00+00:00,19.9,100.0,10.5,4.1
2023-08-26 11:30:00+00:00,20.0,100.0,10.4,4.1
2023-08-26 11:40:00+00:00,20.0,100.0,10.4,5.5
2023-08-26 11:50:00+00:00,20.0,100.0,10.4,4.1
2023-08-26 12:00:00+00:00,20.1,100.0,10.4,5.2
2023-08-26 12:10:00+00:00,20.1,100.0,10.4,6.1
2023-08-26 12:20:00+00:00,20.1,100.0,10.4,5.9
2023-08-26 12:30:00+00:00,20.1,100.0,10.4,6.0
2023-08-26 12:40:00+00:00,20.1,100.0,10.4,6.1
2023-08-26 12:50:00+00:00,20.1,100.0,10.4,6.2
2023-08-26 13:00:00+00:00,20.1,100.0,10.4,6.2
2023-08-26 13:10:00+00:00,20.2,100.0,10.4,6.4
2023-08-26 13:20:00+00:00,20.2,100.0,10.4,6.2
2023-08-26 13:30:00+00:00,20.2,100.0,10.4,6.2
2023-08-26 13:40:00+00:00,20.2,100.0,10.4,6.2
2023-08-26 13:50:00+00:00,20.2,100.0,10.5,6.2
2023-08-26 14:00:00+00:00,20.3,100.0,10.4,6.1
2023-08-26 14:10:00+00:00,20.3,100.0,10.5,6.2
2023-08-26 14:20:00+00:00,20.3,100.0,10.4,6.2
2023-08-26 14:30:00+00:00,20.3,100.0,10.4,6.2
2023-08-26 14:40:00+00:00,20.3,100.0,10.4,6.2
2023-08-26 14:50:00+00:00,20.3,100.0,10.5,6.1
2023-08-26 15:00:00+00:00,20.4,100.0,10.4,4.1
2023-08-26 15:10:00+00:00,20.4,100.0,10.5,4.1
2023-08-26 15:20:00+00:00,20.5,100.0,10.5,5.3
2023-08-26 15:30:00+00:00,20.5,100.0,10.5,4.1
2023-08-26 15:40:00+00:00,20.5,100.0,10.4,5.8
2023-08-26 15:50:00+00:00,20.5,100.0,10.5,5.3
2023-08-26 16:00:00+00:00,20.5,100.0,10.5,5.3
2023-08-26 16:10:00+00:00,20.55,100.0,10.45,4.699999999999999
2023-08-26 16:20:00+00:00,20.6,100.0,10.4,4.1
2023-08-26 16:30:00+00:00,20.6,100.0,10.4,4.1
2023-08-26 16:40:00+00:00,20.6,100.0,10.5,4.1
2023-08-26 16:50:00+00:00,20.6,100.0,10.4,4.9
2023-08-26 17:00:00+00:00,20.6,100.0,10.4,4.3
2023-08-26 17:10:00+00:00,20.6,100.0,10.4,4.6
2023-08-26 17:20:00+00:00,20.6,100.0,10.4,4.2
2023-08-26 17:30:00+00:00,20.6,100.0,10.5,4.1
2023-08-26 17:40:00+00:00,20.6,100.0,10.5,3.9
2023-08-26 17:50:00+00:00,20.6,100.0,10.4,3.7
2023-08-26 18:00:00+00:00,20.6,100.0,10.4,3.2
2023-08-26 18:10:00+00:00,20.6,100.0,10.4,2.7
2023-08-26 18:20:00+00:00,20.6,100.0,10.4,1.4
2023-08-26 18:30:00+00:00,20.6,100.0,10.4,0.8
2023-08-26 18:40:00+00:00,20.580000000000002,100.0,10.4,0.78
2023-08-26 18:50:00+00:00,20.560000000000002,100.0,10.4,0.76
2023-08-26 19:00:00+00:00,20.54,100.0,10.4,0.74
2023-08-26 19:10:00+00:00,20.52,100.0,10.4,0.72
2023-08-26 19:20:00+00:00,20.5,100.0,10.4,0.7
2023-08-26 19:30:00+00:00,20.48,100.0,10.4,0.6799999999999999
2023-08-26 19:40:00+00:00,20.46,100.0,10.4,0.66
2023-08-26 19:50:00+00:00,20.439999999999998,100.0,10.4,0.64
2023-08-26 20:00:00+00:00,20.419999999999998,100.0,10.4,0.62
2023-08-26 20:10:00+00:00,20.4,100.0,10.4,0.6
2023-08-26 20:20:00+00:00,20.376923076923077,100.0,10.392307692307693,0.6
2023-08-26 20:30:00+00:00,20.353846153846153,100.0,10.384615384615385,0.6
2023-08-26 20:40:00+00:00,20.33076923076923,100.0,10.376923076923077,0.6
2023-08-26 20:50:00+00:00,20.307692307692307,100.0,10.36923076923077,0.6
2023-08-26 21:00:00+00:00,20.284615384615385,100.0,10.361538461538462,0.6
2023-08-26 21:10:00+00:00,20.26153846153846,100.0,10.353846153846154,0.6
2023-08-26 21:20:00+00:00,20.23846153846154,100.0,10.346153846153847,0.6
2023-08-26 21:30:00+00:00,20.215384615384615,100.0,10.338461538461539,0.6
2023-08-26 21:40:00+00:00,20.192307692307693,100.0,10.330769230769231,0.6
2023-08-26 21:50:00+00:00,20.16923076923077,100.0,10.323076923076924,0.6
2023-08-26 22:00:00+00:00,20.146153846153847,100.0,10.315384615384616,0.6
2023-08-26 22:10:00+00:00,20.123076923076923,100.0,10.307692307692308,0.6
2023-08-26 22:20:00+00:00,20.1,100.0,10.3,0.6
2023-08-26 22:30:00+00:00,20.07,100.0,10.3,0.6
2023-08-26 22:40:00+00:00,20.040000000000003,100.0,10.3,0.6
2023-08-26 22:50:00+00:00,20.01,100.0,10.3,0.6
2023-08-26 23:00:00+00:00,19.98,100.0,10.3,0.6
2023-08-26 23:10:00+00:00,19.950000000000003,100.0,10.3,0.6
2023-08-26 23:20:00+00:00,19.92,100.0,10.3,0.6
2023-08-26 23:30:00+00:00,19.89,100.0,10.3,0.6
2023-08-26 23:40:00+00:00,19.86,100.0,10.3,0.6
2023-08-26 23:50:00+00:00,19.830000000000002,100.0,10.3,0.6
2023-08-27 00:00:00+00:00,19.8,100.0,10.3,0.6
2023-08-27 00:10:00+00:00,19.78,100.0,10.3,0.6
2023-08-27 00:20:00+00:00,19.76,100.0,10.3,0.6
2023-08-27 00:30:00+00:00,19.740000000000002,100.0,10.3,0.6
2023-08-27 00:40:00+00:00,19.720000000000002,100.0,10.3,0.6
2023-08-27 00:50:00+00:00,19.700000000000003,100.0,10.3,0.6
2023-08-27 01:00:00+00:00,19.68,100.0,10.3,0.6
2023-08-27 01:10:00+00:00,19.66,100.0,10.3,0.6
2023-08-27 01:20:00+00:00,19.64,100.0,10.3,0.6
2023-08-27 01:30:00+00:00,19.62,100.0,10.3,0.6
2023-08-27 01:40:00+00:00,19.6,100.0,10.3,0.6
2023-08-27 01:50:00+00:00,19.580000000000002,100.0,10.3,0.58
2023-08-27 02:00:00+00:00,19.560000000000002,100.0,10.3,0.5599999999999999
2023-08-27 02:10:00+00:00,19.54,100.0,10.3,0.54
2023-08-27 02:20:00+00:00,19.52,100.0,10.3,0.52
2023-08-27 02:30:00+00:00,19.5,100.0,10.3,0.5
2023-08-27 02:40:00+00:00,19.48,100.0,10.3,0.48
2023-08-27 02:50:00+00:00,19.46,100.0,10.3,0.45999999999999996
2023-08-27 03:00:00+00:00,19.439999999999998,100.0,10.3,0.44
2023-08-27 03:10:00+00:00,19.419999999999998,100.0,10.3,0.42000000000000004
2023-08-27 03:20:00+00:00,19.4,100.0,10.3,0.4
2023-08-27 03:30:00+00:00,19.38,100.0,10.3,0.77
2023-08-27 03:40:00+00:00,19.36,100.0,10.3,1.1400000000000001
2023-08-27 03:50:00+00:00,19.34,100.0,10.3,1.5099999999999998
2023-08-27 04:00:00+00:00,19.32,100.0,10.3,1.88
2023-08-27 04:10:00+00:00,19.299999999999997,100.0,10.3,2.25
2023-08-27 04:20:00+00:00,19.279999999999998,100.0,10.3,2.6199999999999997
2023-08-27 04:30:00+00:00,19.259999999999998,100.0,10.3,2.9899999999999998
2023-08-27 04:40:00+00:00,19.24,100.0,10.3,3.36
2023-08-27 04:50:00+00:00,19.22,100.0,10.3,3.73
2023-08-27 05:00:00+00:00,19.2,100.0,10.3,4.1
2023-08-27 05:10:00+00:00,19.2,100.0,10.3,4.1
2023-08-27 05:20:00+00:00,19.15,100.0,10.3,4.1
2023-08-27 05:30:00+00:00,19.1,100.0,10.3,4.1
2023-08-27 05:40:00+00:00,19.1,100.0,10.4,4.1
2023-08-27 05:50:00+00:00,19.1,100.0,10.4,4.1
2023-08-27 06:00:00+00:00,19.1,100.0,10.4,4.1
2023-08-27 06:10:00+00:00,19.1,100.0,10.4,3.9
2023-08-27 06:20:00+00:00,19.1,100.0,10.4,4.1
2023-08-27 06:30:00+00:00,19.1,100.0,10.4,4.1
2023-08-27 06:40:00+00:00,19.1,100.0,10.4,4.1
2023-08-27 06:50:00+00:00,19.1,100.0,10.4,4.1
2023-08-27 07:00:00+00:00,19.1,100.0,10.4,4.1
2023-08-27 07:10:00+00:00,19.1,100.0,10.4,4.0
2023-08-27 07:20:00+00:00,19.1,100.0,10.4,3.9
2023-08-27 07:30:00+00:00,19.1,100.0,10.4,4.1
2023-08-27 07:40:00+00:00,19.1,100.0,10.4,4.1
2023-08-27 07:50:00+00:00,19.1,100.0,10.4,4.1
2023-08-27 08:00:00+00:00,19.1,100.0,10.4,4.1
2023-08-27 08:10:00+00:00,19.0,100.0,10.4,4.1
2023-08-27 08:20:00+00:00,19.0,100.0,10.4,4.1
2023-08-27 08:30:00+00:00,19.0,100.0,10.4,4.1
2023-08-27 08:40:00+00:00,19.0,100.0,10.4,4.1
2023-08-27 08:50:00+00:00,19.0,100.0,10.4,4.1
2023-08-27 09:00:00+00:00,19.0,100.0,10.4,4.1
2023-08-27 09:10:00+00:00,19.0,100.0,10.4,4.1
2023-08-27 09:20:00+00:00,19.0,100.0,10.4,4.1
2023-08-27 09:30:00+00:00,19.0,100.0,10.4,4.1
2023-08-27 09:40:00+00:00,19.0,100.0,10.4,4.1
2023-08-27 09:50:00+00:00,19.1,100.0,10.4,4.1
2023-08-27 10:00:00+00:00,19.1,100.0,10.4,3.9
2023-08-27 10:10:00+00:00,19.1,100.0,10.4,4.1
2023-08-27 10:20:00+00:00,19.1,100.0,10.4,4.1
2023-08-27 10:30:00+00:00,19.1,100.0,10.4,4.1
2023-08-27 10:40:00+00:00,19.1,100.0,10.4,4.1
2023-08-27 10:50:00+00:00,19.1,100.0,10.4,4.1
2023-08-27 11:00:00+00:00,19.1,100.0,10.4,4.1
2023-08-27 11:10:00+00:00,19.1,100.0,10.4,4.1
2023-08-27 11:20:00+00:00,19.1,100.0,10.4,5.8
2023-08-27 11:30:00+00:00,19.1,100.0,10.4,6.0
2023-08-27 11:40:00+00:00,19.2,100.0,10.4,5.3
2023-08-27 11:50:00+00:00,19.2,100.0,10.4,6.2
2023-08-27 12:00:00+00:00,19.2,100.0,10.4,4.4
2023-08-27 12:10:00+00:00,19.2,100.0,10.4,6.1
2023-08-27 12:20:00+00:00,19.2,100.0,10.4,6.0
2023-08-27 12:30:00+00:00,19.3,100.0,10.4,5.9
2023-08-27 12:40:00+00:00,19.3,100.0,10.4,5.85
2023-08-27 12:50:00+00:00,19.3,100.0,10.4,5.8
2023-08-27 13:00:00+00:00,19.3,100.0,10.4,6.0
2023-08-27 13:10:00+00:00,19.3,100.0,10.4,6.2
2023-08-27 13:20:00+00:00,19.3,100.0,10.4,6.3
2023-08-27 13:30:00+00:00,19.3,100.0,10.4,5.9
2023-08-27 13:40:00+00:00,19.3,100.0,10.4,4.1
2023-08-27 13:50:00+00:00,19.3,100.0,10.4,3.9
2023-08-27 14:00:00+00:00,19.4,100.0,10.4,4.1
2023-08-27 14:10:00+00:00,19.4,100.0,10.4,4.1
2023-08-27 14:20:00+00:00,19.4,100.0,10.4,4.1
2023-08-27 14:30:00+00:00,19.45,100.0,10.4,4.1
2023-08-27 14:40:00+00:00,19.5,100.0,10.4,4.1
2023-08-27 14:50:00+00:00,19.5,100.0,10.4,4.1
2023-08-27 15:00:00+00:00,19.5,100.0,10.4,5.9
2023-08-27 15:10:00+00:00,19.5,100.0,10.4,4.1
2023-08-27 15:20:00+00:00,19.5,100.0,10.4,4.7
2023-08-27 15:30:00+00:00,19.5,100.0,10.4,4.9
2023-08-27 15:40:00+00:00,19.5,100.0,10.4,4.8
2023-08-27 15:50:00+00:00,19.5,100.0,10.4,5.1
2023-08-27 16:00:00+00:00,19.5,100.0,10.4,4.2
2023-08-27 16:10:00+00:00,19.5,100.0,10.4,4.2
2023-08-27 16:20:00+00:00,19.5,100.0,10.4,4.2
2023-08-27 16:30:00+00:00,19.5,100.0,10.4,4.2
2023-08-27 16:40:00+00:00,19.5,100.0,10.4,4.3
2023-08-27 16:50:00+00:00,19.5,100.0,10.4,4.2
2023-08-27 17:00:00+00:00,19.5,100.0,10.4,4.2
2023-08-27 17:10:00+00:00,19.5,100.0,10.4,4.0
2023-08-27 17:20:00+00:00,19.5,100.0,10.4,3.8
2023-08-27 17:30:00+00:00,19.5,100.0,10.4,3.3
2023-08-27 17:40:00+00:00,19.5,100.0,10.4,2.6
2023-08-27 17:50:00+00:00,19.5,100.0,10.4,2.0
2023-08-27 18:00:00+00:00,19.5,100.0,10.4,1.0
2023-08-27 18:10:00+00:00,19.5,100.0,10.4,0.85
2023-08-27 18:20:00+00:00,19.5,100.0,10.4,0.7
2023-08-27 18:30:00+00:00,19.48,100.0,10.370000000000001,0.69
2023-08-27 18:40:00+00:00,19.46,100.0,10.34,0.6799999999999999
2023-08-27 18:50:00+00:00,19.44,100.0,10.31,0.6699999999999999
2023-08-27 19:00:00+00:00,19.42,100.0,10.28,0.6599999999999999
2023-08-27 19:10:00+00:00,19.4,100.0,10.25,0.6499999999999999
2023-08-27 19:20:00+00:00,19.38,100.0,10.22,0.64
2023-08-27 19:30:00+00:00,19.36,100.0,10.19,0.63
2023-08-27 19:40:00+00:00,19.34,100.0,10.16,0.62
2023-08-27 19:50:00+00:00,19.32,100.0,10.129999999999999,0.61
2023-08-27 20:00:00+00:00,19.3,100.0,10.1,0.6
2023-08-27 20:10:00+00:00,19.28,100.0,9.969999999999999,0.6
2023-08-27 20:20:00+00:00,19.26,100.0,9.84,0.6
2023-08-27 20:30:00+00:00,19.240000000000002,100.0,9.71,0.6
2023-08-27 20:40:00+00:00,19.220000000000002,100.0,9.58,0.6
2023-08-27 20:50:00+00:00,19.200000000000003,100.0,9.45,0.6
2023-08-27 21:00:00+00:00,19.18,100.0,9.32,0.6
2023-08-27 21:10:00+00:00,19.16,100.0,9.190000000000001,0.6
2023-08-27 21:20:00+00:00,19.14,100.0,9.06,0.6
2023-08-27 21:30:00+00:00,19.12,100.0,8.93,0.6
2023-08-27 21:40:00+00:00,19.1,100.0,8.8,0.6
2023-08-27 21:50:00+00:00,19.084615384615386,100.0,8.807692307692308,0.6
2023-08-27 22:00:00+00:00,19.06923076923077,100.0,8.815384615384616,0.6
2023-08-27 22:10:00+00:00,19.053846153846155,100.0,8.823076923076924,0.6
2023-08-27 22:20:00+00:00,19.03846153846154,100.0,8.830769230769231,0.6
2023-08-27 22:30:00+00:00,19.023076923076925,100.0,8.838461538461539,0.6
2023-08-27 22:40:00+00:00,19.00769230769231,100.0,8.846153846153847,0.6
2023-08-27 22:50:00+00:00,18.99230769230769,100.0,8.853846153846154,0.6
2023-08-27 23:00:00+00:00,18.976923076923075,100.0,8.861538461538462,0.6
2023-08-27 23:10:00+00:00,18.96153846153846,100.0,8.86923076923077,0.6
2023-08-27 23:20:00+00:00,18.946153846153845,100.0,8.876923076923077,0.6
2023-08-27 23:30:00+00:00,18.93076923076923,100.0,8.884615384615385,0.6
2023-08-27 23:40:00+00:00,18.915384615384614,100.0,8.892307692307693,0.6
2023-08-27 23:50:00+00:00,18.9,100.0,8.9,0.6
2023-08-28 00:00:00+00:00,18.88,100.0,8.91,0.6
2023-08-28 00:10:00+00:00,18.86,100.0,8.92,0.6
2023-08-28 00:20:00+00:00,18.84,100.0,8.93,0.6
2023-08-28 00:30:00+00:00,18.82,100.0,8.94,0.6
2023-08-28 00:40:00+00:00,18.799999999999997,100.0,8.95,0.6
2023-08-28 00:50:00+00:00,18.779999999999998,100.0,8.96,0.6
2023-08-28 01:00:00+00:00,18.759999999999998,100.0,8.97,0.6
2023-08-28 01:10:00+00:00,18.74,100.0,8.98,0.6
2023-08-28 01:20:00+00:00,18.72,100.0,8.99,0.6
2023-08-28 01:30:00+00:00,18.7,100.0,9.0,0.6
2023-08-28 01:40:00+00:00,18.689999999999998,100.0,9.01,0.6
2023-08-28 01:50:00+00:00,18.68,100.0,9.02,0.6
2023-08-28 02:00:00+00:00,18.67,100.0,9.03,0.6
2023-08-28 02:10:00+00:00,18.66,100.0,9.04,0.6
2023-08-28 02:20:00+00:00,18.65,100.0,9.05,0.6
2023-08-28 02:30:00+00:00,18.64,100.0,9.06,0.6
2023-08-28 02:40:00+00:00,18.630000000000003,100.0,9.07,0.6
2023-08-28 02:50:00+00:00,18.62,100.0,9.08,0.6
2023-08-28 03:00:00+00:00,18.61,100.0,9.09,0.6
2023-08-28 03:10:00+00:00,18.6,100.0,9.1,0.6
2023-08-28 03:20:00+00:00,18.585,100.0,9.11,0.95
2023-08-28 03:30:00+00:00,18.57,100.0,9.12,1.2999999999999998
2023-08-28 03:40:00+00:00,18.555,100.0,9.129999999999999,1.65
2023-08-28 03:50:00+00:00,18.54,100.0,9.139999999999999,2.0
2023-08-28 04:00:00+00:00,18.525,100.0,9.149999999999999,2.35
2023-08-28 04:10:00+00:00,18.51,100.0,9.16,2.6999999999999997
2023-08-28 04:20:00+00:00,18.495,100.0,9.17,3.05
2023-08-28 04:30:00+00:00,18.48,100.0,9.18,3.4
2023-08-28 04:40:00+00:00,18.465,100.0,9.19,3.75
2023-08-28 04:50:00+00:00,18.45,100.0,9.2,4.1
2023-08-28 05:00:00+00:00,18.424999999999997,100.0,9.2,4.1
2023-08-28 05:10:00+00:00,18.4,100.0,9.2,4.1
2023-08-28 05:20:00+00:00,18.4,100.0,9.2,4.1
2023-08-28 05:30:00+00:00,18.4,100.0,9.2,4.1
2023-08-28 05:40:00+00:00,18.3,100.0,9.2,4.1
2023-08-28 05:50:00+00:00,18.3,100.0,9.2,4.1
2023-08-28 06:00:00+00:00,18.3,100.0,9.2,4.1
2023-08-28 06:10:00+00:00,18.3,100.0,9.2,4.1
2023-08-28 06:20:00+00:00,18.3,100.0,9.3,4.1
2023-08-28 06:30:00+00:00,18.3,100.0,9.2,4.1
2023-08-28 06:40:00+00:00,18.3,100.0,9.2,4.0
2023-08-28 06:50:00+00:00,18.3,100.0,9.2,3.9
2023-08-28 07:00:00+00:00,18.3,100.0,9.3,4.1
2023-08-28 07:10:00+00:00,18.3,100.0,9.3,4.1
2023-08-28 07:20:00+00:00,18.3,64.0,9.2,4.1
2023-08-28 07:30:00+00:00,18.3,47.0,9.3,4.1
2023-08-28 07:40:00+00:00,18.3,44.0,9.3,4.1
2023-08-28 07:50:00+00:00,18.3,44.0,9.3,4.1
2023-08-28 08:00:00+00:00,18.3,47.0,9.2,4.1
2023-08-28 08:10:00+00:00,18.3,64.5,9.3,4.1
2023-08-28 08:20:00+00:00,18.3,82.0,9.3,4.1
2023-08-28 08:30:00+00:00,18.3,76.66666666666667,9.3,4.1
2023-08-28 08:40:00+00:00,18.3,71.33333333333333,9.3,4.1
2023-08-28 08:50:00+00:00,18.3,66.0,9.3,4.2
2023-08-28 09:00:00+00:00,18.4,72.0,9.3,6.0
2023-08-28 09:10:00+00:00,18.4,59.0,9.3,4.2
2023-08-28 09:20:00+00:00,18.4,44.0,9.3,6.3
2023-08-28 09:30:00+00:00,18.4,44.0,9.3,6.2
2023-08-28 09:40:00+00:00,18.5,43.0,9.3,6.1
2023-08-28 09:50:00+00:00,18.5,44.0,9.3,6.3
2023-08-28 10:00:00+00:00,18.5,44.0,9.3,6.3
2023-08-28 10:10:00+00:00,18.5,43.0,9.3,6.3
2023-08-28 10:20:00+00:00,18.55,43.0,9.3,6.3
2023-08-28 10:30:00+00:00,18.6,43.0,9.3,6.3
2023-08-28 10:40:00+00:00,18.6,43.0,9.3,6.0
2023-08-28 10:50:00+00:00,18.6,44.0,9.3,6.2
2023-08-28 11:00:00+00:00,18.7,43.0,9.3,6.2
2023-08-28 11:10:00+00:00,18.7,44.0,9.3,6.2
2023-08-28 11:20:00+00:00,18.8,44.0,9.3,6.3
2023-08-28 11:30:00+00:00,18.8,44.0,9.3,6.1
2023-08-28 11:40:00+00:00,18.8,44.0,9.3,6.3
2023-08-28 11:50:00+00:00,18.9,58.0,9.3,6.0
2023-08-28 12:00:00+00:00,18.9,43.0,9.3,5.9
2023-08-28 12:10:00+00:00,18.95,60.0,9.350000000000001,6.050000000000001
2023-08-28 12:20:00+00:00,19.0,77.0,9.4,6.2
2023-08-28 12:30:00+00:00,19.0,67.0,9.3,6.0
2023-08-28 12:40:00+00:00,19.0,48.0,9.3,6.0
2023-08-28 12:50:00+00:00,19.1,44.0,9.3,6.0
2023-08-28 13:00:00+00:00,19.1,44.0,9.3,5.5
2023-08-28 13:10:00+00:00,19.1,44.0,9.4,6.2
2023-08-28 13:20:00+00:00,19.2,56.0,9.4,6.0
2023-08-28 13:30:00+00:00,19.2,50.0,9.4,5.9
2023-08-28 13:40:00+00:00,19.3,56.0,9.4,5.9
2023-08-28 13:50:00+00:00,19.3,44.0,9.4,6.1
2023-08-28 14:00:00+00:00,19.3,43.5,9.4,5.9
2023-08-28 14:10:00+00:00,19.3,43.0,9.4,5.7
2023-08-28 14:20:00+00:00,19.3,55.0,9.4,6.0
2023-08-28 14:30:00+00:00,19.4,44.0,9.4,6.1
2023-08-28 14:40:00+00:00,19.4,44.0,9.4,6.1
2023-08-28 14:50:00+00:00,19.4,43.0,9.4,5.9
2023-08-28 15:00:00+00:00,19.5,44.0,9.4,4.1
2023-08-28 15:10:00+00:00,19.5,44.0,9.4,6.0
2023-08-28 15:20:00+00:00,19.5,45.0,9.4,4.1
2023-08-28 15:30:00+00:00,19.5,45.0,9.4,5.4
2023-08-28 15:40:00+00:00,19.5,46.0,9.4,5.3
2023-08-28 15:50:00+00:00,19.5,45.5,9.4,4.75
2023-08-28 16:00:00+00:00,19.5,45.0,9.4,4.2
2023-08-28 16:10:00+00:00,19.5,45.0,9.4,5.1
2023-08-28 16:20:00+00:00,19.5,45.0,9.4,5.6
2023-08-28 16:30:00+00:00,19.5,45.0,9.4,5.0
2023-08-28 16:40:00+00:00,19.5,46.0,9.4,4.6
2023-08-28 16:50:00+00:00,19.5,46.0,9.4,4.2
2023-08-28 17:00:00+00:00,19.5,45.0,9.4,4.1
2023-08-28 17:10:00+00:00,19.5,46.0,9.4,4.0
2023-08-28 17:20:00+00:00,19.5,47.0,9.4,3.4
2023-08-28 17:30:00+00:00,19.5,47.0,9.4,3.1
2023-08-28 17:40:00+00:00,19.5,47.0,9.4,3.1
2023-08-28 17:50:00+00:00,19.5,47.0,9.4,3.1
2023-08-28 18:00:00+00:00,19.5,47.0,9.4,1.6
2023-08-28 18:10:00+00:00,19.5,47.0,9.4,1.0
2023-08-28 18:20:00+00:00,19.5,47.0,9.4,0.7
2023-08-28 18:30:00+00:00,19.48,47.0,9.4,0.69
2023-08-28 18:40:00+00:00,19.46,47.0,9.4,0.6799999999999999
2023-08-28 18:50:00+00:00,19.44,47.0,9.4,0.6699999999999999
2023-08-28 19:00:00+00:00,19.42,47.0,9.4,0.6599999999999999
2023-08-28 19:10:00+00:00,19.4,47.0,9.4,0.6499999999999999
2023-08-28 19:20:00+00:00,19.38,47.0,9.4,0.64
2023-08-28 19:30:00+00:00,19.36,47.0,9.4,0.63
2023-08-28 19:40:00+00:00,19.34,47.0,9.4,0.62
2023-08-28 19:50:00+00:00,19.32,47.0,9.4,0.61
2023-08-28 20:00:00+00:00,19.3,47.0,9.4,0.6
2023-08-28 20:10:00+00:00,19.28,47.0,9.41,0.6
2023-08-28 20:20:00+00:00,19.26,47.0,9.42,0.6
2023-08-28 20:30:00+00:00,19.240000000000002,47.0,9.43,0.6
2023-08-28 20:40:00+00:00,19.220000000000002,47.0,9.44,0.6
2023-08-28 20:50:00+00:00,19.200000000000003,47.0,9.45,0.6
2023-08-28 21:00:00+00:00,19.18,47.0,9.46,0.6
2023-08-28 21:10:00+00:00,19.16,47.0,9.47,0.6
2023-08-28 21:20:00+00:00,19.14,47.0,9.48,0.6
2023-08-28 21:30:00+00:00,19.12,47.0,9.49,0.6
2023-08-28 21:40:00+00:00,19.1,47.0,9.5,0.6
2023-08-28 21:50:00+00:00,19.084615384615386,47.0,9.5,0.6
2023-08-28 22:00:00+00:00,19.06923076923077,47.0,9.5,0.6
2023-08-28 22:10:00+00:00,19.053846153846155,47.0,9.5,0.6
2023-08-28 22:20:00+00:00,19.03846153846154,47.0,9.5,0.6
2023-08-28 22:30:00+00:00,19.023076923076925,47.0,9.5,0.6
2023-08-28 22:40:00+00:00,19.00769230769231,47.0,9.5,0.6
2023-08-28 22:50:00+00:00,18.99230769230769,47.0,9.5,0.6
2023-08-28 23:00:00+00:00,18.976923076923075,47.0,9.5,0.6
2023-08-28 23:10:00+00:00,18.96153846153846,47.0,9.5,0.6
2023-08-28 23:20:00+00:00,18.946153846153845,47.0,9.5,0.6
2023-08-28 23:30:00+00:00,18.93076923076923,47.0,9.5,0.6
2023-08-28 23:40:00+00:00,18.915384615384614,47.0,9.5,0.6
2023-08-28 23:50:00+00:00,18.9,47.0,9.5,0.6
2023-08-29 00:00:00+00:00,18.88,47.1,9.5,0.6
2023-08-29 00:10:00+00:00,18.86,47.2,9.5,0.6
2023-08-29 00:20:00+00:00,18.84,47.3,9.5,0.6
2023-08-29 00:30:00+00:00,18.82,47.4,9.5,0.6
2023-08-29 00:40:00+00:00,18.799999999999997,47.5,9.5,0.6
2023-08-29 00:50:00+00:00,18.779999999999998,47.6,9.5,0.6
2023-08-29 01:00:00+00:00,18.759999999999998,47.7,9.5,0.6
2023-08-29 01:10:00+00:00,18.74,47.8,9.5,0.6
2023-08-29 01:20:00+00:00,18.72,47.9,9.5,0.6
2023-08-29 01:30:00+00:00,18.7,48.0,9.5,0.6
2023-08-29 01:40:00+00:00,18.68,47.9,9.45,0.6
2023-08-29 01:50:00+00:00,18.66,47.8,9.4,0.6
2023-08-29 02:00:00+00:00,18.64,47.7,9.35,0.6
2023-08-29 02:10:00+00:00,18.62,47.6,9.3,0.6
2023-08-29 02:20:00+00:00,18.6,47.5,9.25,0.6
2023-08-29 02:30:00+00:00,18.58,47.4,9.2,0.6
2023-08-29 02:40:00+00:00,18.56,47.3,9.15,0.6
2023-08-29 02:50:00+00:00,18.54,47.2,9.1,0.6
2023-08-29 03:00:00+00:00,18.52,47.1,9.05,0.6
2023-08-29 03:10:00+00:00,18.5,47.0,9.0,0.6
2023-08-29 03:20:00+00:00,18.49,47.0,9.0,0.8799999999999999
2023-08-29 03:30:00+00:00,18.48,47.0,9.0,1.16
2023-08-29 03:40:00+00:00,18.47,47.0,9.0,1.44
2023-08-29 03:50:00+00:00,18.46,47.0,9.0,1.7199999999999998
2023-08-29 04:00:00+00:00,18.45,47.0,9.0,2.0
2023-08-29 04:10:00+00:00,18.439999999999998,47.0,9.0,2.28
2023-08-29 04:20:00+00:00,18.43,47.0,9.0,2.5599999999999996
2023-08-29 04:30:00+00:00,18.419999999999998,47.0,9.0,2.84
2023-08-29 04:40:00+00:00,18.41,47.0,9.0,3.1199999999999997
2023-08-29 04:50:00+00:00,18.4,47.0,9.0,3.4
2023-08-29 05:00:00+00:00,18.3,47.0,8.7,3.7
2023-08-29 05:10:00+00:00,18.3,52.0,8.7,3.8
2023-08-29 05:20:00+00:00,18.3,57.0,8.7,3.8
2023-08-29 05:30:00+00:00,18.2,55.0,8.8,4.1
2023-08-29 05:40:00+00:00,18.2,63.0,8.8,4.1
2023-08-29 05:50:00+00:00,18.1,63.0,8.8,4.1
2023-08-29 06:00:00+00:00,18.1,62.0,8.8,4.1
2023-08-29 06:10:00+00:00,18.1,62.0,8.850000000000001,4.1
2023-08-29 06:20:00+00:00,18.1,62.0,8.9,4.1
2023-08-29 06:30:00+00:00,18.1,74.0,8.9,4.1
2023-08-29 06:40:00+00:00,18.1,85.0,8.9,4.1
2023-08-29 06:50:00+00:00,18.0,100.0,8.9,4.1
2023-08-29 07:00:00+00:00,18.0,100.0,8.9,4.1
2023-08-29 07:10:00+00:00,18.0,100.0,8.9,4.1
2023-08-29 07:20:00+00:00,18.0,100.0,8.9,4.1
2023-08-29 07:30:00+00:00,18.0,100.0,9.0,4.1
2023-08-29 07:40:00+00:00,18.0,100.0,9.0,4.1
2023-08-29 07:50:00+00:00,18.0,100.0,9.0,4.1
2023-08-29 08:00:00+00:00,17.95,100.0,9.0,4.1
2023-08-29 08:10:00+00:00,17.9,100.0,9.0,4.1
2023-08-29 08:20:00+00:00,17.9,100.0,9.0,4.1
2023-08-29 08:30:00+00:00,17.9,100.0,9.0,4.1
2023-08-29 08:40:00+00:00,17.9,100.0,9.0,4.1
2023-08-29 08:50:00+00:00,17.9,100.0,9.0,4.1
2023-08-29 09:00:00+00:00,17.9,94.0,9.0,4.1
2023-08-29 09:10:00+00:00,17.8,80.0,9.0,4.1
2023-08-29 09:20:00+00:00,17.8,71.0,9.0,4.1
2023-08-29 09:30:00+00:00,17.8,65.0,9.0,4.1
2023-08-29 09:40:00+00:00,17.8,63.0,9.0,4.1
2023-08-29 09:50:00+00:00,17.8,63.0,9.05,4.1
2023-08-29 10:00:00+00:00,17.8,63.0,9.1,4.1
2023-08-29 10:10:00+00:00,17.8,66.0,9.1,4.1
2023-08-29 10:20:00+00:00,17.8,68.0,9.1,4.1
2023-08-29 10:30:00+00:00,17.8,84.0,9.1,3.9
2023-08-29 10:40:00+00:00,17.8,98.0,9.1,4.1
2023-08-29 10:50:00+00:00,17.8,74.0,9.1,4.1
2023-08-29 11:00:00+00:00,17.8,75.5,9.1,4.1
2023-08-29 11:10:00+00:00,17.8,77.0,9.1,4.1
2023-08-29 11:20:00+00:00,17.8,60.0,9.1,4.1
2023-08-29 11:30:00+00:00,17.8,51.0,9.1,4.1
2023-08-29 11:40:00+00:00,17.8,48.5,9.1,4.1
2023-08-29 11:50:00+00:00,17.8,46.0,9.1,4.1
2023-08-29 12:00:00+00:00,17.8,46.0,9.1,4.1
2023-08-29 12:10:00+00:00,17.8,46.0,9.1,4.1
2023-08-29 12:20:00+00:00,17.8,46.0,9.1,4.1
2023-08-29 12:30:00+00:00,17.9,46.0,9.1,4.1
2023-08-29 12:40:00+00:00,17.9,46.0,9.1,4.1
2023-08-29 12:50:00+00:00,17.9,46.0,9.1,3.9
2023-08-29 13:00:00+00:00,17.9,45.0,9.1,4.1
2023-08-29 13:10:00+00:00,17.9,46.0,9.1,4.1
2023-08-29 13:20:00+00:00,17.9,46.0,9.1,4.1
2023-08-29 13:30:00+00:00,17.9,46.0,9.1,4.1
2023-08-29 13:40:00+00:00,17.9,46.0,9.1,4.1
2023-08-29 13:50:00+00:00,17.9,46.0,9.1,4.1
2023-08-29 14:00:00+00:00,18.0,46.0,9.1,4.1
2023-08-29 14:10:00+00:00,18.0,46.0,9.1,4.1
2023-08-29 14:20:00+00:00,18.0,45.0,9.2,4.1
2023-08-29 14:30:00+00:00,18.0,47.0,9.1,4.1
2023-08-29 14:40:00+00:00,18.0,46.0,9.1,4.1
2023-08-29 14:50:00+00:00,18.0,46.0,9.2,4.1
2023-08-29 15:00:00+00:00,18.0,46.0,9.1,4.1
2023-08-29 15:10:00+00:00,18.0,46.0,9.2,4.1
2023-08-29 15:20:00+00:00,18.0,46.0,9.149999999999999,4.1
2023-08-29 15:30:00+00:00,18.0,46.0,9.1,4.1
2023-08-29 15:40:00+00:00,18.0,46.0,9.2,4.1
2023-08-29 15:50:00+00:00,18.0,46.0,9.2,4.1
2023-08-29 16:00:00+00:00,18.0,46.0,9.2,4.1
2023-08-29 16:10:00+00:00,18.0,46.0,9.2,4.1
2023-08-29 16:20:00+00:00,18.0,46.0,9.2,4.1
2023-08-29 16:30:00+00:00,18.0,46.0,9.2,4.1
2023-08-29 16:40:00+00:00,18.0,46.0,9.2,4.1
2023-08-29 16:50:00+00:00,18.0,46.0,9.2,3.9
2023-08-29 17:00:00+00:00,18.0,46.0,9.2,3.8
2023-08-29 17:10:00+00:00,18.0,46.5,9.2,3.8
2023-08-29 17:20:00+00:00,18.0,47.0,9.2,3.8
2023-08-29 17:30:00+00:00,18.0,47.0,9.2,3.5
2023-08-29 17:40:00+00:00,18.1,46.0,9.2,2.9
2023-08-29 17:50:00+00:00,18.1,47.0,9.2,1.6
2023-08-29 18:00:00+00:00,18.1,46.0,9.2,1.2
2023-08-29 18:10:00+00:00,18.1,46.0,9.2,0.8
2023-08-29 18:20:00+00:00,18.1,46.0,9.192307692307692,0.7846153846153846
2023-08-29 18:30:00+00:00,18.1,46.0,9.184615384615384,0.7692307692307693
2023-08-29 18:40:00+00:00,18.1,46.0,9.176923076923076,0.7538461538461538
2023-08-29 18:50:00+00:00,18.1,46.0,9.169230769230769,0.7384615384615385
2023-08-29 19:00:00+00:00,18.1,46.0,9.161538461538461,0.7230769230769231
2023-08-29 19:10:00+00:00,18.1,46.0,9.153846153846153,0.7076923076923077
2023-08-29 19:20:00+00:00,18.1,46.0,9.146153846153846,0.6923076923076923
2023-08-29 19:30:00+00:00,18.1,46.0,9.138461538461538,0.676923076923077
2023-08-29 19:40:00+00:00,18.1,46.0,9.13076923076923,0.6615384615384615
2023-08-29 19:50:00+00:00,18.1,46.0,9.123076923076923,0.6461538461538462
2023-08-29 20:00:00+00:00,18.1,46.0,9.115384615384615,0.6307692307692307
2023-08-29 20:10:00+00:00,18.1,46.0,9.107692307692307,0.6153846153846154
2023-08-29 20:20:00+00:00,18.1,46.0,9.1,0.6
2023-08-29 20:30:00+00:00,18.09,46.0,9.1,0.6
2023-08-29 20:40:00+00:00,18.080000000000002,46.0,9.1,0.6
2023-08-29 20:50:00+00:00,18.07,46.0,9.1,0.6
2023-08-29 21:00:00+00:00,18.060000000000002,46.0,9.1,0.6
2023-08-29 21:10:00+00:00,18.05,46.0,9.1,0.6
2023-08-29 21:20:00+00:00,18.04,46.0,9.1,0.6
2023-08-29 21:30:00+00:00,18.03,46.0,9.1,0.6
2023-08-29 21:40:00+00:00,18.02,46.0,9.1,0.6
2023-08-29 21:50:00+00:00,18.01,46.0,9.1,0.6
2023-08-29 22:00:00+00:00,18.0,46.0,9.1,0.6
2023-08-29 22:10:00+00:00,18.0,46.0,9.1,0.58
2023-08-29 22:20:00+00:00,18.0,46.0,9.1,0.5599999999999999
2023-08-29 22:30:00+00:00,18.0,46.0,9.1,0.54
2023-08-29 22:40:00+00:00,18.0,46.0,9.1,0.52
2023-08-29 22:50:00+00:00,18.0,46.0,9.1,0.5
2023-08-29 23:00:00+00:00,18.0,46.0,9.1,0.48
2023-08-29 23:10:00+00:00,18.0,46.0,9.1,0.45999999999999996
2023-08-29 23:20:00+00:00,18.0,46.0,9.1,0.44
2023-08-29 23:30:00+00:00,18.0,46.0,9.1,0.42000000000000004
2023-08-29 23:40:00+00:00,18.0,46.0,9.1,0.4
2023-08-29 23:50:00+00:00,18.0,46.0,9.11,0.42000000000000004
2023-08-30 00:00:00+00:00,18.0,46.0,9.12,0.44
2023-08-30 00:10:00+00:00,18.0,46.0,9.129999999999999,0.46
2023-08-30 00:20:00+00:00,18.0,46.0,9.139999999999999,0.48
2023-08-30 00:30:00+00:00,18.0,46.0,9.149999999999999,0.5
2023-08-30 00:40:00+00:00,18.0,46.0,9.16,0.52
2023-08-30 00:50:00+00:00,18.0,46.0,9.17,0.54
2023-08-30 01:00:00+00:00,18.0,46.0,9.18,0.56
2023-08-30 01:10:00+00:00,18.0,46.0,9.19,0.58
2023-08-30 01:20:00+00:00,18.0,46.0,9.2,0.6
2023-08-30 01:30:00+00:00,18.0,46.1,9.2,0.6
2023-08-30 01:40:00+00:00,18.0,46.2,9.2,0.6
2023-08-30 01:50:00+00:00,18.0,46.3,9.2,0.6
2023-08-30 02:00:00+00:00,18.0,46.4,9.2,0.6
2023-08-30 02:10:00+00:00,18.0,46.5,9.2,0.6
2023-08-30 02:20:00+00:00,18.0,46.6,9.2,0.6
2023-08-30 02:30:00+00:00,18.0,46.7,9.2,0.6
2023-08-30 02:40:00+00:00,18.0,46.8,9.2,0.6
2023-08-30 02:50:00+00:00,18.0,46.9,9.2,0.6
2023-08-30 03:00:00+00:00,18.0,47.0,9.2,0.6
2023-08-30 03:10:00+00:00,17.99,47.0,9.2,0.95
2023-08-30 03:20:00+00:00,17.98,47.0,9.2,1.2999999999999998
2023-08-30 03:30:00+00:00,17.97,47.0,9.2,1.65
2023-08-30 03:40:00+00:00,17.96,47.0,9.2,2.0
2023-08-30 03:50:00+00:00,17.95,47.0,9.2,2.35
2023-08-30 04:00:00+00:00,17.939999999999998,47.0,9.2,2.6999999999999997
2023-08-30 04:10:00+00:00,17.93,47.0,9.2,3.05
2023-08-30 04:20:00+00:00,17.919999999999998,47.0,9.2,3.4
2023-08-30 04:30:00+00:00,17.91,47.0,9.2,3.75
2023-08-30 04:40:00+00:00,17.9,47.0,9.2,4.1
2023-08-30 04:50:00+00:00,17.9,46.0,9.2,4.1
2023-08-30 05:00:00+00:00,17.9,47.0,9.2,4.1
2023-08-30 05:10:00+00:00,17.9,47.0,9.2,4.1
2023-08-30 05:20:00+00:00,17.9,46.0,9.2,4.1
2023-08-30 05:30:00+00:00,17.9,46.0,9.2,4.1
2023-08-30 05:40:00+00:00,17.9,46.0,9.2,4.1
2023-08-30 05:50:00+00:00,17.9,46.0,9.2,4.1
2023-08-30 06:00:00+00:00,17.9,46.0,9.2,4.1
2023-08-30 06:10:00+00:00,17.9,46.0,9.2,4.1
2023-08-30 06:20:00+00:00,17.9,45.0,9.2,4.1
2023-08-30 06:30:00+00:00,17.9,46.0,9.2,4.1
2023-08-30 06:40:00+00:00,17.9,45.0,9.2,4.1
2023-08-30 06:50:00+00:00,17.9,46.0,9.2,4.1
2023-08-30 07:00:00+00:00,17.9,47.0,9.2,4.1
2023-08-30 07:10:00+00:00,17.9,46.0,9.2,4.1
2023-08-30 07:20:00+00:00,17.9,47.0,9.2,4.1
2023-08-30 07:30:00+00:00,17.9,47.0,9.2,4.1
2023-08-30 07:40:00+00:00,17.9,47.0,9.2,4.1
2023-08-30 07:50:00+00:00,17.9,46.0,9.2,4.1
2023-08-30 08:00:00+00:00,17.9,46.0,9.2,4.1
2023-08-30 08:10:00+00:00,17.9,45.0,9.2,4.1
2023-08-30 08:20:00+00:00,17.9,45.0,9.2,4.1
2023-08-30 08:30:00+00:00,17.9,46.0,9.2,4.1
2023-08-30 08:40:00+00:00,17.9,46.0,9.2,4.1
2023-08-30 08:50:00+00:00,17.9,46.0,9.2,4.1
2023-08-30 09:00:00+00:00,18.0,46.0,9.2,4.1
2023-08-30 09:10:00+00:00,18.0,46.0,9.2,4.1
2023-08-30 09:20:00+00:00,17.95,46.0,9.2,4.1
2023-08-30 09:30:00+00:00,17.9,46.0,9.2,4.1
2023-08-30 09:40:00+00:00,18.0,46.0,9.2,4.1
2023-08-30 09:50:00+00:00,18.0,45.0,9.2,4.1
2023-08-30 10:00:00+00:00,18.0,46.0,9.2,4.1
2023-08-30 10:10:00+00:00,18.0,46.0,9.2,4.1
2023-08-30 10:20:00+00:00,18.0,46.0,9.2,4.1
2023-08-30 10:30:00+00:00,18.0,46.0,9.2,4.1
2023-08-30 10:40:00+00:00,18.0,46.0,9.2,4.1
2023-08-30 10:50:00+00:00,18.0,46.0,9.2,4.1
2023-08-30 11:00:00+00:00,18.0,46.0,9.2,4.1
2023-08-30 11:10:00+00:00,18.0,46.0,9.2,4.1
2023-08-30 11:20:00+00:00,18.0,46.0,9.2,4.1
2023-08-30 11:30:00+00:00,18.0,46.0,9.2,4.1
2023-08-30 11:40:00+00:00,18.0,47.0,9.2,4.1
2023-08-30 11:50:00+00:00,18.0,45.0,9.2,4.1
2023-08-30 12:00:00+00:00,18.0,46.0,9.2,4.1
2023-08-30 12:10:00+00:00,18.0,46.0,9.2,4.1
2023-08-30 12:20:00+00:00,18.0,46.0,9.2,4.1
2023-08-30 12:30:00+00:00,18.0,45.0,9.2,4.1
2023-08-30 12:40:00+00:00,18.0,47.0,9.2,4.1
2023-08-30 12:50:00+00:00,18.0,45.0,9.2,4.1
2023-08-30 13:00:00+00:00,18.0,45.5,9.2,4.1
2023-08-30 13:10:00+00:00,18.0,46.0,9.2,4.1
2023-08-30 13:20:00+00:00,18.0,47.0,9.2,4.1
2023-08-30 13:30:00+00:00,18.0,47.0,9.2,4.1
2023-08-30 13:40:00+00:00,18.0,46.0,9.2,4.1
2023-08-30 13:50:00+00:00,18.0,46.0,9.2,4.1
2023-08-30 14:00:00+00:00,18.1,46.0,9.2,4.1
2023-08-30 14:10:00+00:00,18.1,46.0,9.2,4.1
2023-08-30 14:20:00+00:00,18.1,46.0,9.2,4.1
2023-08-30 14:30:00+00:00,18.1,46.0,9.2,4.1
2023-08-30 14:40:00+00:00,18.1,46.0,9.2,4.1
2023-08-30 14:50:00+00:00,18.1,46.0,9.2,4.1
2023-08-30 15:00:00+00:00,18.1,46.0,9.2,4.1
2023-08-30 15:10:00+00:00,18.1,46.0,9.2,4.1
2023-08-30 15:20:00+00:00,18.1,45.0,9.2,4.1
2023-08-30 15:30:00+00:00,18.1,46.0,9.2,4.1
2023-08-30 15:40:00+00:00,18.1,46.0,9.2,4.1
2023-08-30 15:50:00+00:00,18.1,46.0,9.2,4.1
2023-08-30 16:00:00+00:00,18.1,47.0,9.3,4.1
2023-08-30 16:10:00+00:00,18.1,46.0,9.2,4.1
2023-08-30 16:20:00+00:00,18.1,47.0,9.2,4.1
2023-08-30 16:30:00+00:00,18.1,46.0,9.2,4.1
2023-08-30 16:40:00+00:00,18.1,46.0,9.25,4.1
2023-08-30 16:50:00+00:00,18.1,46.0,9.3,4.1
2023-08-30 17:00:00+00:00,18.1,47.0,9.2,4.1
2023-08-30 17:10:00+00:00,18.1,46.0,9.2,4.1
2023-08-30 17:20:00+00:00,18.1,47.0,9.2,4.1
2023-08-30 17:30:00+00:00,18.1,47.0,9.2,3.7
2023-08-30 17:40:00+00:00,18.1,47.0,9.2,2.8
2023-08-30 17:50:00+00:00,18.1,47.0,9.2,1.8
2023-08-30 18:00:00+00:00,18.1,47.0,9.2,1.0
2023-08-30 18:10:00+00:00,18.1,47.0,9.3,0.7
2023-08-30 18:20:00+00:00,18.1,47.0,9.3,0.69
2023-08-30 18:30:00+00:00,18.1,47.0,9.3,0.6799999999999999
2023-08-30 18:40:00+00:00,18.1,47.0,9.3,0.6699999999999999
2023-08-30 18:50:00+00:00,18.1,47.0,9.3,0.6599999999999999
2023-08-30 19:00:00+00:00,18.1,47.0,9.3,0.6499999999999999
2023-08-30 19:10:00+00:00,18.1,47.0,9.3,0.64
2023-08-30 19:20:00+00:00,18.1,47.0,9.3,0.63
2023-08-30 19:30:00+00:00,18.1,47.0,9.3,0.62
2023-08-30 19:40:00+00:00,18.1,47.0,9.3,0.61
2023-08-30 19:50:00+00:00,18.1,47.0,9.3,0.6
2023-08-30 20:00:00+00:00,18.092857142857145,47.0,9.3,0.6
2023-08-30 20:10:00+00:00,18.085714285714285,47.0,9.3,0.6
2023-08-30 20:20:00+00:00,18.07857142857143,47.0,9.3,0.6
2023-08-30 20:30:00+00:00,18.071428571428573,47.0,9.3,0.6
2023-08-30 20:40:00+00:00,18.064285714285717,47.0,9.3,0.6
2023-08-30 20:50:00+00:00,18.057142857142857,47.0,9.3,0.6
2023-08-30 21:00:00+00:00,18.05,47.0,9.3,0.6
2023-08-30 21:10:00+00:00,18.042857142857144,47.0,9.3,0.6
2023-08-30 21:20:00+00:00,18.035714285714285,47.0,9.3,0.6
2023-08-30 21:30:00+00:00,18.02857142857143,47.0,9.3,0.6
2023-08-30 21:40:00+00:00,18.021428571428572,47.0,9.3,0.6
2023-08-30 21:50:00+00:00,18.014285714285716,47.0,9.3,0.6
2023-08-30 22:00:00+00:00,18.007142857142856,47.0,9.3,0.6
2023-08-30 22:10:00+00:00,18.0,47.0,9.3,0.6
2023-08-30 22:20:00+00:00,17.99,47.1,9.3,0.58
2023-08-30 22:30:00+00:00,17.98,47.2,9.3,0.5599999999999999
2023-08-30 22:40:00+00:00,17.97,47.3,9.3,0.54
2023-08-30 22:50:00+00:00,17.96,47.4,9.3,0.52
2023-08-30 23:00:00+00:00,17.95,47.5,9.3,0.5
2023-08-30 23:10:00+00:00,17.939999999999998,47.6,9.3,0.48
2023-08-30 23:20:00+00:00,17.93,47.7,9.3,0.45999999999999996
2023-08-30 23:30:00+00:00,17.919999999999998,47.8,9.3,0.44
2023-08-30 23:40:00+00:00,17.91,47.9,9.3,0.42000000000000004
2023-08-30 23:50:00+00:00,17.9,48.0,9.3,0.4
2023-08-31 00:00:00+00:00,17.89,47.9,9.3,0.42000000000000004
2023-08-31 00:10:00+00:00,17.88,47.8,9.3,0.44
2023-08-31 00:20:00+00:00,17.869999999999997,47.7,9.3,0.46
2023-08-31 00:30:00+00:00,17.86,47.6,9.3,0.48
2023-08-31 00:40:00+00:00,17.85,47.5,9.3,0.5
2023-08-31 00:50:00+00:00,17.84,47.4,9.3,0.52
2023-08-31 01:00:00+00:00,17.83,47.3,9.3,0.54
2023-08-31 01:10:00+00:00,17.82,47.2,9.3,0.56
2023-08-31 01:20:00+00:00,17.810000000000002,47.1,9.3,0.58
2023-08-31 01:30:00+00:00,17.8,47.0,9.3,0.6
2023-08-31 01:40:00+00:00,17.78,47.1,9.23,0.6
2023-08-31 01:50:00+00:00,17.76,47.2,9.16,0.6
2023-08-31 02:00:00+00:00,17.740000000000002,47.3,9.09,0.6
2023-08-31 02:10:00+00:00,17.720000000000002,47.4,9.02,0.6
2023-08-31 02:20:00+00:00,17.700000000000003,47.5,8.95,0.6
2023-08-31 02:30:00+00:00,17.68,47.6,8.88,0.6
2023-08-31 02:40:00+00:00,17.66,47.7,8.81,0.6
2023-08-31 02:50:00+00:00,17.64,47.8,8.74,0.6
2023-08-31 03:00:00+00:00,17.62,47.9,8.67,0.6
2023-08-31 03:10:00+00:00,17.6,48.0,8.6,0.6
2023-08-31 03:20:00+00:00,17.59,48.0,8.61,0.95
2023-08-31 03:30:00+00:00,17.580000000000002,48.0,8.62,1.2999999999999998
2023-08-31 03:40:00+00:00,17.57,48.0,8.629999999999999,1.65
2023-08-31 03:50:00+00:00,17.560000000000002,48.0,8.639999999999999,2.0
2023-08-31 04:00:00+00:00,17.55,48.0,8.649999999999999,2.35
2023-08-31 04:10:00+00:00,17.54,48.0,8.66,2.6999999999999997
2023-08-31 04:20:00+00:00,17.53,48.0,8.67,3.05
2023-08-31 04:30:00+00:00,17.52,48.0,8.68,3.4
2023-08-31 04:40:00+00:00,17.51,48.0,8.69,3.75
2023-08-31 04:50:00+00:00,17.5,48.0,8.7,4.1
2023-08-31 05:00:00+00:00,17.5,47.0,8.7,4.1
2023-08-31 05:10:00+00:00,17.5,48.0,8.7,4.1
2023-08-31 05:20:00+00:00,17.5,47.0,8.7,4.1
2023-08-31 05:30:00+00:00,17.5,46.0,8.7,4.1
2023-08-31 05:40:00+00:00,17.4,47.0,8.7,4.1
2023-08-31 05:50:00+00:00,17.4,47.0,8.7,4.1
2023-08-31 06:00:00+00:00,17.4,47.0,8.8,4.1
2023-08-31 06:10:00+00:00,17.4,47.0,8.8,4.1
2023-08-31 06:20:00+00:00,17.4,46.0,8.8,4.1
2023-08-31 06:30:00+00:00,17.4,47.0,8.8,4.1
2023-08-31 06:40:00+00:00,17.4,47.0,8.8,4.1
2023-08-31 06:50:00+00:00,17.4,47.0,8.8,4.1
2023-08-31 07:00:00+00:00,17.3,47.0,8.8,4.1
2023-08-31 07:10:00+00:00,17.3,47.0,8.8,4.1
2023-08-31 07:20:00+00:00,17.3,47.0,8.8,4.1
2023-08-31 07:30:00+00:00,17.3,47.0,8.8,4.1
2023-08-31 07:40:00+00:00,17.3,45.0,8.8,4.1
2023-08-31 07:50:00+00:00,17.3,46.0,8.8,4.1
2023-08-31 08:00:00+00:00,17.3,46.0,8.8,4.1
2023-08-31 08:10:00+00:00,17.3,46.0,8.8,4.1
2023-08-31 08:20:00+00:00,17.3,45.0,8.8,4.1
2023-08-31 08:30:00+00:00,17.3,44.0,8.8,4.1
2023-08-31 08:40:00+00:00,17.3,45.0,8.8,4.1
2023-08-31 08:50:00+00:00,17.35,45.0,8.8,4.15
2023-08-31 09:00:00+00:00,17.4,45.0,8.8,4.2
2023-08-31 09:10:00+00:00,17.4,45.0,8.8,4.1
2023-08-31 09:20:00+00:00,17.4,45.0,8.8,4.1
2023-08-31 09:30:00+00:00,17.4,45.0,8.8,4.1
2023-08-31 09:40:00+00:00,17.4,45.0,8.8,4.1
2023-08-31 09:50:00+00:00,17.4,45.0,8.8,4.1
2023-08-31 10:00:00+00:00,17.5,45.0,8.8,4.1
2023-08-31 10:10:00+00:00,17.5,45.0,8.8,4.1
2023-08-31 10:20:00+00:00,17.5,45.0,8.8,4.1
2023-08-31 10:30:00+00:00,17.5,44.0,8.8,4.1
2023-08-31 10:40:00+00:00,17.5,44.5,8.8,4.1
2023-08-31 10:50:00+00:00,17.5,45.0,8.8,4.1
2023-08-31 11:00:00+00:00,17.5,44.0,8.8,4.1
2023-08-31 11:10:00+00:00,17.6,44.0,8.8,4.1
2023-08-31 11:20:00+00:00,17.6,45.0,8.8,4.2
2023-08-31 11:30:00+00:00,17.6,44.0,8.8,4.3
2023-08-31 11:40:00+00:00,17.6,44.0,8.8,6.2
2023-08-31 11:50:00+00:00,17.7,44.0,8.8,5.8
2023-08-31 12:00:00+00:00,17.7,44.0,8.8,6.4
2023-08-31 12:10:00+00:00,17.7,44.0,8.8,6.2
2023-08-31 12:20:00+00:00,17.8,45.0,8.8,5.4
2023-08-31 12:30:00+00:00,17.8,45.0,8.8,5.550000000000001
2023-08-31 12:40:00+00:00,17.8,45.0,8.8,5.7
2023-08-31 12:50:00+00:00,17.8,46.0,8.6,4.8
2023-08-31 13:00:00+00:00,17.9,47.0,8.4,6.0
2023-08-31 13:10:00+00:00,18.0,48.0,8.4,5.9
2023-08-31 13:20:00+00:00,18.0,48.0,8.5,4.1
2023-08-31 13:30:00+00:00,18.0,47.0,8.5,4.1
2023-08-31 13:40:00+00:00,18.0,47.0,8.5,4.1
2023-08-31 13:50:00+00:00,18.0,48.0,8.6,4.6
2023-08-31 14:00:00+00:00,18.0,47.0,8.5,5.8
2023-08-31 14:10:00+00:00,18.0,46.0,8.5,6.1
2023-08-31 14:20:00+00:00,18.0,46.5,8.5,6.1
2023-08-31 14:30:00+00:00,18.0,47.0,8.5,6.1
2023-08-31 14:40:00+00:00,18.0,46.0,8.6,5.5
2023-08-31 14:50:00+00:00,18.1,46.0,8.6,6.0
2023-08-31 15:00:00+00:00,18.1,46.0,8.6,4.3
2023-08-31 15:10:00+00:00,18.1,46.0,8.6,5.8
2023-08-31 15:20:00+00:00,18.1,46.0,8.6,5.6
2023-08-31 15:30:00+00:00,18.1,46.0,8.6,6.4
2023-08-31 15:40:00+00:00,18.1,46.0,8.6,4.3
2023-08-31 15:50:00+00:00,18.1,46.0,8.6,4.1
2023-08-31 16:00:00+00:00,18.1,47.0,8.6,3.9
2023-08-31 16:10:00+00:00,18.1,47.0,8.6,4.95
2023-08-31 16:20:00+00:00,18.1,47.0,8.6,6.0
2023-08-31 16:30:00+00:00,18.1,47.0,8.6,4.9
2023-08-31 16:40:00+00:00,18.1,47.0,8.6,4.1
2023-08-31 16:50:00+00:00,18.1,47.0,8.7,4.1
2023-08-31 17:00:00+00:00,18.1,48.0,8.6,4.9
2023-08-31 17:10:00+00:00,18.1,48.0,8.7,4.9
2023-08-31 17:20:00+00:00,18.1,48.0,8.7,4.6
2023-08-31 17:30:00+00:00,18.1,48.0,8.7,4.0
2023-08-31 17:40:00+00:00,18.1,47.0,8.7,3.5
2023-08-31 17:50:00+00:00,18.0,48.0,8.7,2.4
2023-08-31 18:00:00+00:00,18.0,47.5,8.7,1.85
2023-08-31 18:10:00+00:00,18.0,47.0,8.7,1.3
2023-08-31 18:20:00+00:00,18.0,48.0,8.7,0.8
2023-08-31 18:30:00+00:00,17.98,48.1,8.7,0.78
2023-08-31 18:40:00+00:00,17.96,48.2,8.7,0.76
2023-08-31 18:50:00+00:00,17.94,48.3,8.7,0.74
2023-08-31 19:00:00+00:00,17.92,48.4,8.7,0.72
2023-08-31 19:10:00+00:00,17.9,48.5,8.7,0.7
2023-08-31 19:20:00+00:00,17.88,48.6,8.7,0.6799999999999999
2023-08-31 19:30:00+00:00,17.86,48.7,8.7,0.66
2023-08-31 19:40:00+00:00,17.84,48.8,8.7,0.64
2023-08-31 19:50:00+00:00,17.82,48.9,8.7,0.62
2023-08-31 20:00:00+00:00,17.8,49.0,8.7,0.6
2023-08-31 20:10:00+00:00,17.784615384615385,49.0,8.7,0.6
2023-08-31 20:20:00+00:00,17.76923076923077,49.0,8.7,0.6
2023-08-31 20:30:00+00:00,17.753846153846155,49.0,8.7,0.6
2023-08-31 20:40:00+00:00,17.73846153846154,49.0,8.7,0.6
2023-08-31 20:50:00+00:00,17.723076923076924,49.0,8.7,0.6
2023-08-31 21:00:00+00:00,17.70769230769231,49.0,8.7,0.6
2023-08-31 21:10:00+00:00,17.692307692307693,49.0,8.7,0.6
2023-08-31 21:20:00+00:00,17.676923076923078,49.0,8.7,0.6
2023-08-31 21:30:00+00:00,17.661538461538463,49.0,8.7,0.6
2023-08-31 21:40:00+00:00,17.646153846153847,49.0,8.7,0.6
2023-08-31 21:50:00+00:00,17.630769230769232,49.0,8.7,0.6
2023-08-31 22:00:00+00:00,17.615384615384617,49.0,8.7,0.6
2023-08-31 22:10:00+00:00,17.6,49.0,8.7,0.6
2023-08-31 22:20:00+00:00,17.57,49.0,8.7,0.6
2023-08-31 22:30:00+00:00,17.540000000000003,49.0,8.7,0.6
2023-08-31 22:40:00+00:00,17.51,49.0,8.7,0.6
2023-08-31 22:50:00+00:00,17.48,49.0,8.7,0.6
2023-08-31 23:00:00+00:00,17.450000000000003,49.0,8.7,0.6
2023-08-31 23:10:00+00:00,17.42,49.0,8.7,0.6
2023-08-31 23:20:00+00:00,17.39,49.0,8.7,0.6
2023-08-31 23:30:00+00:00,17.36,49.0,8.7,0.6
2023-08-31 23:40:00+00:00,17.330000000000002,49.0,8.7,0.6
2023-08-31 23:50:00+00:00,17.3,49.0,8.7,0.6
2023-09-01 00:00:00+00:00,17.27,48.9,8.709999999999999,0.6
2023-09-01 00:10:00+00:00,17.240000000000002,48.8,8.719999999999999,0.6
2023-09-01 00:20:00+00:00,17.21,48.7,8.73,0.6
2023-09-01 00:30:00+00:00,17.18,48.6,8.74,0.6
2023-09-01 00:40:00+00:00,17.15,48.5,8.75,0.6
2023-09-01 00:50:00+00:00,17.12,48.4,8.76,0.6
2023-09-01 01:00:00+00:00,17.09,48.3,8.77,0.6
2023-09-01 01:10:00+00:00,17.06,48.2,8.780000000000001,0.6
2023-09-01 01:20:00+00:00,17.03,48.1,8.790000000000001,0.6
2023-09-01 01:30:00+00:00,17.0,48.0,8.8,0.6
2023-09-01 01:40:00+00:00,16.96,48.1,8.8,0.6
2023-09-01 01:50:00+00:00,16.92,48.2,8.8,0.6
2023-09-01 02:00:00+00:00,16.88,48.3,8.8,0.6
2023-09-01 02:10:00+00:00,16.84,48.4,8.8,0.6
2023-09-01 02:20:00+00:00,16.8,48.5,8.8,0.6
2023-09-01 02:30:00+00:00,16.76,48.6,8.8,0.6
2023-09-01 02:40:00+00:00,16.720000000000002,48.7,8.8,0.6
2023-09-01 02:50:00+00:00,16.68,48.8,8.8,0.6
2023-09-01 03:00:00+00:00,16.64,48.9,8.8,0.6
2023-09-01 03:10:00+00:00,16.6,49.0,8.8,0.6
2023-09-01 03:20:00+00:00,16.57,49.0,8.8,0.95
2023-09-01 03:30:00+00:00,16.540000000000003,49.0,8.8,1.2999999999999998
2023-09-01 03:40:00+00:00,16.51,49.0,8.8,1.65
2023-09-01 03:50:00+00:00,16.48,49.0,8.8,2.0
2023-09-01 04:00:00+00:00,16.450000000000003,49.0,8.8,2.35
2023-09-01 04:10:00+00:00,16.42,49.0,8.8,2.6999999999999997
2023-09-01 04:20:00+00:00,16.39,49.0,8.8,3.05
2023-09-01 04:30:00+00:00,16.36,49.0,8.8,3.4
2023-09-01 04:40:00+00:00,16.330000000000002,49.0,8.8,3.75
2023-09-01 04:50:00+00:00,16.3,49.0,8.8,4.1
2023-09-01 05:00:00+00:00,16.3,48.0,8.8,4.1
2023-09-01 05:10:00+00:00,16.2,49.0,8.8,4.1
2023-09-01 05:20:00+00:00,16.2,48.0,8.8,4.1
2023-09-01 05:30:00+00:00,16.1,48.0,8.8,4.1
2023-09-01 05:40:00+00:00,16.1,48.0,8.8,4.1
2023-09-01 05:50:00+00:00,16.1,48.0,8.8,4.1
2023-09-01 06:00:00+00:00,16.1,48.0,8.8,4.1
2023-09-01 06:10:00+00:00,16.1,48.0,8.8,3.9
2023-09-01 06:20:00+00:00,16.1,47.0,8.8,4.1
2023-09-01 06:30:00+00:00,16.0,47.0,8.8,4.1
2023-09-01 06:40:00+00:00,16.0,47.5,8.8,4.1
2023-09-01 06:50:00+00:00,16.0,48.0,8.8,4.1
2023-09-01 07:00:00+00:00,16.0,48.0,8.8,4.1
2023-09-01 07:10:00+00:00,16.0,47.0,8.8,4.1
2023-09-01 07:20:00+00:00,16.0,47.0,8.8,4.1
2023-09-01 07:30:00+00:00,16.0,47.0,8.8,4.1
2023-09-01 07:40:00+00:00,16.0,47.0,8.8,4.1
2023-09-01 07:50:00+00:00,16.0,47.0,8.8,4.1
2023-09-01 08:00:00+00:00,16.0,47.0,8.8,4.1
2023-09-01 08:10:00+00:00,16.0,47.0,8.8,4.1
2023-09-01 08:20:00+00:00,16.0,46.5,8.8,4.1
2023-09-01 08:30:00+00:00,16.0,46.0,8.8,4.1
2023-09-01 08:40:00+00:00,16.0,47.0,8.8,4.8
2023-09-01 08:50:00+00:00,16.0,46.0,8.7,4.1
2023-09-01 09:00:00+00:00,16.0,47.0,8.8,4.1
2023-09-01 09:10:00+00:00,16.0,47.0,8.8,4.1
2023-09-01 09:20:00+00:00,16.0,48.0,8.8,4.1
2023-09-01 09:30:00+00:00,16.0,47.0,8.8,4.1
2023-09-01 09:40:00+00:00,16.0,48.0,8.8,4.1
2023-09-01 09:50:00+00:00,16.0,47.0,8.8,4.1
2023-09-01 10:00:00+00:00,16.0,47.0,8.8,4.1
2023-09-01 10:10:00+00:00,16.0,47.0,8.8,4.0
2023-09-01 10:20:00+00:00,16.0,47.0,8.8,3.9
2023-09-01 10:30:00+00:00,16.0,46.0,8.8,4.2
2023-09-01 10:40:00+00:00,16.0,47.0,8.8,4.3
2023-09-01 10:50:00+00:00,16.0,48.0,8.8,4.1
2023-09-01 11:00:00+00:00,16.0,47.0,8.8,4.6
2023-09-01 11:10:00+00:00,16.1,47.0,8.7,4.1
2023-09-01 11:20:00+00:00,16.1,48.0,8.7,4.6
2023-09-01 11:30:00+00:00,16.1,47.0,8.8,4.1
2023-09-01 11:40:00+00:00,16.1,47.0,8.8,4.1
2023-09-01 11:50:00+00:00,16.1,48.0,8.7,4.8
2023-09-01 12:00:00+00:00,16.1,47.5,8.7,4.449999999999999
2023-09-01 12:10:00+00:00,16.1,47.0,8.7,4.1
2023-09-01 12:20:00+00:00,16.1,47.0,8.7,6.3
2023-09-01 12:30:00+00:00,16.1,46.0,8.8,6.1
2023-09-01 12:40:00+00:00,16.1,47.0,8.8,6.2
2023-09-01 12:50:00+00:00,16.1,47.0,8.7,5.7
2023-09-01 13:00:00+00:00,16.1,46.0,8.7,4.5
2023-09-01 13:10:00+00:00,16.1,47.0,8.8,5.2
2023-09-01 13:20:00+00:00,16.1,46.0,8.7,4.1
2023-09-01 13:30:00+00:00,16.1,47.0,8.7,4.2
2023-09-01 13:40:00+00:00,16.1,47.0,8.8,6.2
2023-09-01 13:50:00+00:00,16.1,47.0,8.8,6.1
2023-09-01 14:00:00+00:00,16.1,47.0,8.8,6.0
2023-09-01 14:10:00+00:00,16.1,47.0,8.8,6.2
2023-09-01 14:20:00+00:00,16.1,46.0,8.8,6.2
2023-09-01 14:30:00+00:00,16.2,46.0,8.8,6.4
2023-09-01 14:40:00+00:00,16.2,47.0,8.8,6.1
2023-09-01 14:50:00+00:00,16.2,46.0,8.8,4.1
2023-09-01 15:00:00+00:00,16.2,47.0,8.8,4.1
2023-09-01 15:10:00+00:00,16.2,47.0,8.7,4.1
2023-09-01 15:20:00+00:00,16.3,46.0,8.8,6.6
2023-09-01 15:30:00+00:00,16.3,47.0,8.7,6.4
2023-09-01 15:40:00+00:00,16.3,46.5,8.7,6.35
2023-09-01 15:50:00+00:00,16.3,46.0,8.7,6.3
2023-09-01 16:00:00+00:00,16.3,46.0,8.7,6.3
2023-09-01 16:10:00+00:00,16.3,46.0,8.8,6.2
2023-09-01 16:20:00+00:00,16.3,46.0,8.7,6.3
2023-09-01 16:30:00+00:00,16.3,47.0,8.8,6.2
2023-09-01 16:40:00+00:00,16.3,47.0,8.8,5.1
2023-09-01 16:50:00+00:00,16.3,47.0,8.8,4.3
2023-09-01 17:00:00+00:00,16.3,47.0,8.8,6.0
2023-09-01 17:10:00+00:00,16.4,48.0,8.8,4.7
2023-09-01 17:20:00+00:00,16.4,47.0,8.8,4.1
2023-09-01 17:30:00+00:00,16.4,47.5,8.8,4.1
2023-09-01 17:40:00+00:00,16.4,48.0,8.8,4.1
2023-09-01 17:50:00+00:00,16.4,48.0,8.8,3.4
2023-09-01 18:00:00+00:00,16.4,48.0,8.8,2.0
2023-09-01 18:10:00+00:00,16.4,48.0,8.8,1.1
2023-09-01 18:20:00+00:00,16.4,48.0,8.8,0.7
2023-09-01 18:30:00+00:00,16.39,48.0,8.8,0.69
2023-09-01 18:40:00+00:00,16.38,48.0,8.8,0.6799999999999999
2023-09-01 18:50:00+00:00,16.369999999999997,48.0,8.8,0.6699999999999999
2023-09-01 19:00:00+00:00,16.36,48.0,8.8,0.6599999999999999
2023-09-01 19:10:00+00:00,16.35,48.0,8.8,0.6499999999999999
2023-09-01 19:20:00+00:00,16.34,48.0,8.8,0.64
2023-09-01 19:30:00+00:00,16.33,48.0,8.8,0.63
2023-09-01 19:40:00+00:00,16.32,48.0,8.8,0.62
2023-09-01 19:50:00+00:00,16.310000000000002,48.0,8.8,0.61
2023-09-01 20:00:00+00:00,16.3,48.0,8.8,0.6
2023-09-01 20:10:00+00:00,16.3,48.07692307692308,8.8,0.6
2023-09-01 20:20:00+00:00,16.3,48.15384615384615,8.8,0.6
2023-09-01 20:30:00+00:00,16.3,48.23076923076923,8.8,0.6
2023-09-01 20:40:00+00:00,16.3,48.30769230769231,8.8,0.6
2023-09-01 20:50:00+00:00,16.3,48.38461538461539,8.8,0.6
2023-09-01 21:00:00+00:00,16.3,48.46153846153846,8.8,0.6
2023-09-01 21:10:00+00:00,16.3,48.53846153846154,8.8,0.6
2023-09-01 21:20:00+00:00,16.3,48.61538461538461,8.8,0.6
2023-09-01 21:30:00+00:00,16.3,48.69230769230769,8.8,0.6
2023-09-01 21:40:00+00:00,16.3,48.76923076923077,8.8,0.6
2023-09-01 21:50:00+00:00,16.3,48.84615384615385,8.8,0.6
2023-09-01 22:00:00+00:00,16.3,48.92307692307692,8.8,0.6
2023-09-01 22:10:00+00:00,16.3,49.0,8.8,0.6
2023-09-01 22:20:00+00:00,16.28,48.9,8.8,0.6
2023-09-01 22:30:00+00:00,16.26,48.8,8.8,0.6
2023-09-01 22:40:00+00:00,16.240000000000002,48.7,8.8,0.6
2023-09-01 22:50:00+00:00,16.220000000000002,48.6,8.8,0.6
2023-09-01 23:00:00+00:00,16.200000000000003,48.5,8.8,0.6
2023-09-01 23:10:00+00:00,16.18,48.4,8.8,0.6
2023-09-01 23:20:00+00:00,16.16,48.3,8.8,0.6
2023-09-01 23:30:00+00:00,16.14,48.2,8.8,0.6
2023-09-01 23:40:00+00:00,16.12,48.1,8.8,0.6
2023-09-01 23:50:00+00:00,16.1,48.0,8.8,0.6
2023-09-02 00:00:00+00:00,16.09,48.1,8.8,0.6
2023-09-02 00:10:00+00:00,16.080000000000002,48.2,8.8,0.6
2023-09-02 00:20:00+00:00,16.07,48.3,8.8,0.6
2023-09-02 00:30:00+00:00,16.060000000000002,48.4,8.8,0.6
2023-09-02 00:40:00+00:00,16.05,48.5,8.8,0.6
2023-09-02 00:50:00+00:00,16.04,48.6,8.8,0.6
2023-09-02 01:00:00+00:00,16.03,48.7,8.8,0.6
2023-09-02 01:10:00+00:00,16.02,48.8,8.8,0.6
2023-09-02 01:20:00+00:00,16.01,48.9,8.8,0.6
2023-09-02 01:30:00+00:00,16.0,49.0,8.8,0.6
2023-09-02 01:40:00+00:00,15.98,49.0,8.81,0.6
2023-09-02 01:50:00+00:00,15.96,49.0,8.82,0.6
2023-09-02 02:00:00+00:00,15.94,49.0,8.83,0.6
2023-09-02 02:10:00+00:00,15.92,49.0,8.84,0.6
2023-09-02 02:20:00+00:00,15.9,49.0,8.850000000000001,0.6
2023-09-02 02:30:00+00:00,15.88,49.0,8.860000000000001,0.6
2023-09-02 02:40:00+00:00,15.860000000000001,49.0,8.870000000000001,0.6
2023-09-02 02:50:00+00:00,15.84,49.0,8.88,0.6
2023-09-02 03:00:00+00:00,15.82,49.0,8.89,0.6
2023-09-02 03:10:00+00:00,15.8,49.0,8.9,0.6
2023-09-02 03:20:00+00:00,15.780000000000001,48.9,8.89,0.95
2023-09-02 03:30:00+00:00,15.76,48.8,8.88,1.2999999999999998
2023-09-02 03:40:00+00:00,15.74,48.7,8.870000000000001,1.65
2023-09-02 03:50:00+00:00,15.72,48.6,8.860000000000001,2.0
2023-09-02 04:00:00+00:00,15.7,48.5,8.850000000000001,2.35
2023-09-02 04:10:00+00:00,15.68,48.4,8.84,2.6999999999999997
2023-09-02 04:20:00+00:00,15.66,48.3,8.83,3.05
2023-09-02 04:30:00+00:00,15.64,48.2,8.82,3.4
2023-09-02 04:40:00+00:00,15.62,48.1,8.81,3.75
2023-09-02 04:50:00+00:00,15.6,48.0,8.8,4.1
2023-09-02 05:00:00+00:00,15.5,48.0,8.9,4.1
2023-09-02 05:10:00+00:00,15.5,48.0,8.8,4.1
2023-09-02 05:20:00+00:00,15.5,48.0,8.9,4.1
2023-09-02 05:30:00+00:00,15.5,48.0,8.8,4.1
2023-09-02 05:40:00+00:00,15.5,47.0,8.8,4.1
2023-09-02 05:50:00+00:00,15.5,46.0,8.8,4.1
2023-09-02 06:00:00+00:00,15.5,47.0,8.8,4.1
2023-09-02 06:10:00+00:00,15.5,46.5,8.8,4.0
2023-09-02 06:20:00+00:00,15.5,46.0,8.8,3.9
2023-09-02 06:30:00+00:00,15.5,47.0,8.9,4.1
2023-09-02 06:40:00+00:00,15.4,47.0,8.9,4.1
2023-09-02 06:50:00+00:00,15.4,47.0,8.9,4.1
2023-09-02 07:00:00+00:00,15.4,46.0,8.9,4.1
2023-09-02 07:10:00+00:00,15.4,46.0,8.9,4.1
2023-09-02 07:20:00+00:00,15.4,46.0,8.9,4.1
2023-09-02 07:30:00+00:00,15.4,45.0,8.9,4.1
2023-09-02 07:40:00+00:00,15.4,45.0,8.9,4.1
2023-09-02 07:50:00+00:00,15.4,45.0,8.9,4.1
2023-09-02 08:00:00+00:00,15.4,45.0,8.9,4.1
2023-09-02 08:10:00+00:00,15.4,45.0,8.9,4.1
2023-09-02 08:20:00+00:00,15.4,45.0,8.9,4.1
2023-09-02 08:30:00+00:00,15.5,44.0,8.9,4.1
2023-09-02 08:40:00+00:00,15.5,44.0,8.9,4.2
2023-09-02 08:50:00+00:00,15.5,44.0,8.9,6.0
2023-09-02 09:00:00+00:00,15.5,43.0,8.9,6.2
2023-09-02 09:10:00+00:00,15.5,44.0,8.9,6.3
2023-09-02 09:20:00+00:00,15.5,44.0,8.9,6.2
2023-09-02 09:30:00+00:00,15.6,43.0,8.9,6.3
2023-09-02 09:40:00+00:00,15.6,43.0,8.9,6.3
2023-09-02 09:50:00+00:00,15.6,43.0,8.9,6.3
2023-09-02 10:00:00+00:00,15.6,43.0,8.9,4.1
2023-09-02 10:10:00+00:00,15.6,44.0,9.0,6.2
2023-09-02 10:20:00+00:00,15.7,43.0,9.0,6.3
2023-09-02 10:30:00+00:00,15.8,43.0,9.0,6.3
2023-09-02 10:40:00+00:00,15.8,43.0,9.0,6.4
2023-09-02 10:50:00+00:00,15.8,44.0,9.0,5.8
2023-09-02 11:00:00+00:00,15.8,44.0,9.0,6.4
2023-09-02 11:10:00+00:00,15.9,44.0,9.0,6.3
2023-09-02 11:20:00+00:00,16.0,44.0,8.9,6.4
2023-09-02 11:30:00+00:00,16.0,43.5,8.95,6.35
2023-09-02 11:40:00+00:00,16.0,43.0,9.0,6.3
2023-09-02 11:50:00+00:00,16.1,45.0,9.0,6.3
2023-09-02 12:00:00+00:00,16.1,53.0,8.9,6.3
2023-09-02 12:10:00+00:00,16.1,47.0,8.9,6.3
2023-09-02 12:20:00+00:00,16.2,46.0,9.0,6.2
2023-09-02 12:30:00+00:00,16.3,56.0,9.0,6.2
2023-09-02 12:40:00+00:00,16.3,60.0,8.9,6.2
2023-09-02 12:50:00+00:00,16.4,58.0,9.0,6.2
2023-09-02 13:00:00+00:00,16.5,43.0,8.9,6.2
2023-09-02 13:10:00+00:00,16.5,43.0,8.9,6.2
2023-09-02 13:20:00+00:00,16.5,45.5,8.9,6.2
2023-09-02 13:30:00+00:00,16.5,48.0,8.9,6.2
2023-09-02 13:40:00+00:00,16.6,42.0,8.9,6.2
2023-09-02 13:50:00+00:00,16.6,43.0,9.0,6.2
2023-09-02 14:00:00+00:00,16.7,42.0,8.9,6.2
2023-09-02 14:10:00+00:00,16.8,43.0,8.9,6.0
2023-09-02 14:20:00+00:00,16.8,43.0,8.9,6.3
2023-09-02 14:30:00+00:00,16.8,42.0,8.9,6.2
2023-09-02 14:40:00+00:00,16.9,43.0,8.9,6.1
2023-09-02 14:50:00+00:00,17.0,44.0,8.9,4.5
2023-09-02 15:00:00+00:00,17.0,44.0,8.9,6.3
2023-09-02 15:10:00+00:00,17.05,44.0,8.9,6.0
2023-09-02 15:20:00+00:00,17.1,44.0,8.9,5.7
2023-09-02 15:30:00+00:00,17.1,44.0,8.9,6.0
2023-09-02 15:40:00+00:00,17.1,44.0,8.9,6.3
2023-09-02 15:50:00+00:00,17.2,44.0,8.9,6.2
2023-09-02 16:00:00+00:00,17.2,45.0,8.9,4.4
2023-09-02 16:10:00+00:00,17.3,45.0,8.9,4.1
2023-09-02 16:20:00+00:00,17.3,45.0,8.9,4.1
2023-09-02 16:30:00+00:00,17.3,45.0,8.9,5.1
2023-09-02 16:40:00+00:00,17.3,46.0,8.8,4.1
2023-09-02 16:50:00+00:00,17.4,45.0,8.8,5.7
2023-09-02 17:00:00+00:00,17.4,45.5,8.850000000000001,5.7
2023-09-02 17:10:00+00:00,17.4,46.0,8.9,5.7
2023-09-02 17:20:00+00:00,17.4,46.0,8.9,4.8
2023-09-02 17:30:00+00:00,17.5,46.0,8.8,4.4
2023-09-02 17:40:00+00:00,17.5,47.0,8.8,3.8
2023-09-02 17:50:00+00:00,17.5,47.0,8.8,2.5
2023-09-02 18:00:00+00:00,17.5,48.0,8.8,1.3
2023-09-02 18:10:00+00:00,17.5,47.0,8.9,0.7
2023-09-02 18:20:00+00:00,17.49230769230769,47.07692307692308,8.9,0.6923076923076923
2023-09-02 18:30:00+00:00,17.484615384615385,47.15384615384615,8.9,0.6846153846153846
2023-09-02 18:40:00+00:00,17.476923076923075,47.23076923076923,8.9,0.6769230769230768
2023-09-02 18:50:00+00:00,17.46923076923077,47.30769230769231,8.9,0.6692307692307692
2023-09-02 19:00:00+00:00,17.46153846153846,47.38461538461539,8.9,0.6615384615384615
2023-09-02 19:10:00+00:00,17.453846153846154,47.46153846153846,8.9,0.6538461538461539
2023-09-02 19:20:00+00:00,17.446153846153845,47.53846153846154,8.9,0.6461538461538461
2023-09-02 19:30:00+00:00,17.43846153846154,47.61538461538461,8.9,0.6384615384615384
2023-09-02 19:40:00+00:00,17.43076923076923,47.69230769230769,8.9,0.6307692307692307
2023-09-02 19:50:00+00:00,17.423076923076923,47.76923076923077,8.9,0.6230769230769231
2023-09-02 20:00:00+00:00,17.415384615384614,47.84615384615385,8.9,0.6153846153846153
2023-09-02 20:10:00+00:00,17.407692307692308,47.92307692307692,8.9,0.6076923076923076
2023-09-02 20:20:00+00:00,17.4,48.0,8.9,0.6
2023-09-02 20:30:00+00:00,17.38,48.1,8.9,0.6
2023-09-02 20:40:00+00:00,17.36,48.2,8.9,0.6
2023-09-02 20:50:00+00:00,17.34,48.3,8.9,0.6
2023-09-02 21:00:00+00:00,17.32,48.4,8.9,0.6
2023-09-02 21:10:00+00:00,17.299999999999997,48.5,8.9,0.6
2023-09-02 21:20:00+00:00,17.279999999999998,48.6,8.9,0.6
2023-09-02 21:30:00+00:00,17.259999999999998,48.7,8.9,0.6
2023-09-02 21:40:00+00:00,17.24,48.8,8.9,0.6
2023-09-02 21:50:00+00:00,17.22,48.9,8.9,0.6
2023-09-02 22:00:00+00:00,17.2,49.0,8.9,0.6
2023-09-02 22:10:00+00:00,17.18,49.1,8.9,0.6
2023-09-02 22:20:00+00:00,17.16,49.2,8.9,0.6
2023-09-02 22:30:00+00:00,17.14,49.3,8.9,0.6
2023-09-02 22:40:00+00:00,17.12,49.4,8.9,0.6
2023-09-02 22:50:00+00:00,17.1,49.5,8.9,0.6
2023-09-02 23:00:00+00:00,17.08,49.6,8.9,0.6
2023-09-02 23:10:00+00:00,17.06,49.7,8.9,0.6
2023-09-02 23:20:00+00:00,17.04,49.8,8.9,0.6
2023-09-02 23:30:00+00:00,17.02,49.9,8.9,0.6
2023-09-02 23:40:00+00:00,17.0,50.0,8.9,0.6
2023-09-02 23:50:00+00:00,16.96,49.8,8.88,0.6
2023-09-03 00:00:00+00:00,16.92,49.6,8.86,0.6
2023-09-03 00:10:00+00:00,16.88,49.4,8.84,0.6
2023-09-03 00:20:00+00:00,16.84,49.2,8.82,0.6
2023-09-03 00:30:00+00:00,16.8,49.0,8.8,0.6
2023-09-03 00:40:00+00:00,16.76,48.8,8.78,0.6
2023-09-03 00:50:00+00:00,16.720000000000002,48.6,8.76,0.6
2023-09-03 01:00:00+00:00,16.68,48.4,8.74,0.6
2023-09-03 01:10:00+00:00,16.64,48.2,8.719999999999999,0.6
2023-09-03 01:20:00+00:00,16.6,48.0,8.7,0.6
2023-09-03 01:30:00+00:00,16.57,48.2,8.719999999999999,0.6
2023-09-03 01:40:00+00:00,16.540000000000003,48.4,8.74,0.6
2023-09-03 01:50:00+00:00,16.51,48.6,8.76,0.6
2023-09-03 02:00:00+00:00,16.48,48.8,8.78,0.6
2023-09-03 02:10:00+00:00,16.450000000000003,49.0,8.8,0.6
2023-09-03 02:20:00+00:00,16.42,49.2,8.82,0.6
2023-09-03 02:30:00+00:00,16.39,49.4,8.84,0.6
2023-09-03 02:40:00+00:00,16.36,49.6,8.86,0.6
2023-09-03 02:50:00+00:00,16.330000000000002,49.8,8.88,0.6
2023-09-03 03:00:00+00:00,16.3,50.0,8.9,0.6
2023-09-03 03:10:00+00:00,16.28,49.8,8.89,0.95
2023-09-03 03:20:00+00:00,16.26,49.6,8.88,1.2999999999999998
2023-09-03 03:30:00+00:00,16.240000000000002,49.4,8.870000000000001,1.65
2023-09-03 03:40:00+00:00,16.220000000000002,49.2,8.860000000000001,2.0
2023-09-03 03:50:00+00:00,16.200000000000003,49.0,8.850000000000001,2.35
2023-09-03 04:00:00+00:00,16.18,48.8,8.84,2.6999999999999997
2023-09-03 04:10:00+00:00,16.16,48.6,8.83,3.05
2023-09-03 04:20:00+00:00,16.14,48.4,8.82,3.4
2023-09-03 04:30:00+00:00,16.12,48.2,8.81,3.75
2023-09-03 04:40:00+00:00,16.1,48.0,8.8,4.1
2023-09-03 04:50:00+00:00,16.0,48.0,8.8,4.1
2023-09-03 05:00:00+00:00,16.0,48.0,8.8,4.1
2023-09-03 05:10:00+00:00,16.0,48.0,8.8,4.1
2023-09-03 05:20:00+00:00,15.9,48.0,8.9,4.1
2023-09-03 05:30:00+00:00,15.9,47.0,8.8,4.1
2023-09-03 05:40:00+00:00,15.9,47.0,8.8,4.1
2023-09-03 05:50:00+00:00,15.9,47.0,8.8,4.1
2023-09-03 06:00:00+00:00,15.9,48.0,8.8,4.1
2023-09-03 06:10:00+00:00,15.8,48.0,8.8,4.1
2023-09-03 06:20:00+00:00,15.8,47.0,8.8,4.1
2023-09-03 06:30:00+00:00,15.8,47.0,8.8,4.1
2023-09-03 06:40:00+00:00,15.8,47.0,8.8,4.1
2023-09-03 06:50:00+00:00,15.8,47.0,8.8,4.1
2023-09-03 07:00:00+00:00,15.8,46.0,8.8,4.1
2023-09-03 07:10:00+00:00,15.8,46.0,8.8,4.1
2023-09-03 07:20:00+00:00,15.8,45.0,8.8,4.1
2023-09-03 07:30:00+00:00,15.8,45.0,8.850000000000001,4.1
2023-09-03 07:40:00+00:00,15.8,45.0,8.9,4.1
2023-09-03 07:50:00+00:00,15.8,44.0,8.8,4.1
2023-09-03 08:00:00+00:00,15.8,46.0,8.9,4.1
2023-09-03 08:10:00+00:00,15.8,46.0,8.8,4.1
2023-09-03 08:20:00+00:00,15.8,46.0,8.8,4.1
2023-09-03 08:30:00+00:00,15.8,46.0,8.8,4.1
2023-09-03 08:40:00+00:00,15.8,46.0,8.8,4.2
2023-09-03 08:50:00+00:00,15.8,45.0,8.9,4.1
2023-09-03 09:00:00+00:00,15.8,44.0,8.9,5.8
2023-09-03 09:10:00+00:00,15.8,44.0,8.850000000000001,5.949999999999999
2023-09-03 09:20:00+00:00,15.8,44.0,8.8,6.1
2023-09-03 09:30:00+00:00,15.8,43.0,8.9,6.2
2023-09-03 09:40:00+00:00,15.8,44.0,8.9,4.1
2023-09-03 09:50:00+00:00,15.8,43.0,8.9,4.1
2023-09-03 10:00:00+00:00,15.9,44.0,8.9,5.8
2023-09-03 10:10:00+00:00,15.9,43.0,8.9,6.2
2023-09-03 10:20:00+00:00,16.0,43.0,8.9,6.3
2023-09-03 10:30:00+00:00,16.0,42.0,8.9,6.3
2023-09-03 10:40:00+00:00,16.0,43.0,8.9,5.9
2023-09-03 10:50:00+00:00,16.0,44.0,8.9,5.9
2023-09-03 11:00:00+00:00,16.0,44.0,8.9,5.9
2023-09-03 11:10:00+00:00,16.0,44.0,8.9,5.9
2023-09-03 11:20:00+00:00,16.1,44.0,8.9,6.2
2023-09-03 11:30:00+00:00,16.1,43.0,8.9,6.2
2023-09-03 11:40:00+00:00,16.1,44.0,9.0,6.2
2023-09-03 11:50:00+00:00,16.2,44.0,8.9,6.3
2023-09-03 12:00:00+00:00,16.3,44.0,8.9,6.2
2023-09-03 12:10:00+00:00,16.3,44.0,9.0,6.2
2023-09-03 12:20:00+00:00,16.3,43.0,9.0,6.1
2023-09-03 12:30:00+00:00,16.4,44.0,9.0,6.3
2023-09-03 12:40:00+00:00,16.4,44.0,9.0,6.3
2023-09-03 12:50:00+00:00,16.45,44.0,9.0,6.25
2023-09-03 13:00:00+00:00,16.5,44.0,9.0,6.2
2023-09-03 13:10:00+00:00,16.5,44.0,9.0,6.2
2023-09-03 13:20:00+00:00,16.5,44.0,9.0,6.1
2023-09-03 13:30:00+00:00,16.6,43.0,9.0,6.4
2023-09-03 13:40:00+00:00,16.6,44.0,8.9,6.2
2023-09-03 13:50:00+00:00,16.6,43.0,9.0,6.2
2023-09-03 14:00:00+00:00,16.7,43.0,9.0,6.2
2023-09-03 14:10:00+00:00,16.8,44.0,9.0,6.0
2023-09-03 14:20:00+00:00,16.8,45.0,9.0,6.2
2023-09-03 14:30:00+00:00,16.8,45.0,9.0,6.2
2023-09-03 14:40:00+00:00,16.8,45.0,9.0,5.4
2023-09-03 14:50:00+00:00,16.8,45.0,9.0,4.6
2023-09-03 15:00:00+00:00,16.9,44.0,9.0,5.6
2023-09-03 15:10:00+00:00,17.0,46.0,9.0,4.2
2023-09-03 15:20:00+00:00,17.0,45.0,9.0,4.1
2023-09-03 15:30:00+00:00,17.0,46.0,9.0,5.7
2023-09-03 15:40:00+00:00,17.0,46.0,9.0,4.1
2023-09-03 15:50:00+00:00,17.0,46.0,9.0,4.1
2023-09-03 16:00:00+00:00,17.1,47.0,9.0,4.1
2023-09-03 16:10:00+00:00,17.1,45.0,9.0,5.5
2023-09-03 16:20:00+00:00,17.1,46.0,9.0,4.7
2023-09-03 16:30:00+00:00,17.1,46.0,9.0,4.550000000000001
2023-09-03 16:40:00+00:00,17.1,46.0,9.0,4.4
2023-09-03 16:50:00+00:00,17.1,47.0,9.0,5.0
2023-09-03 17:00:00+00:00,17.1,47.0,9.0,4.3
2023-09-03 17:10:00+00:00,17.1,47.0,9.0,4.1
2023-09-03 17:20:00+00:00,17.1,46.0,9.0,4.0
2023-09-03 17:30:00+00:00,17.1,47.0,9.0,3.3
2023-09-03 17:40:00+00:00,17.1,47.0,9.0,2.5
2023-09-03 17:50:00+00:00,17.1,47.0,9.0,1.4
2023-09-03 18:00:00+00:00,17.1,48.0,9.0,0.8
2023-09-03 18:10:00+00:00,17.1,48.0,8.99,0.78
2023-09-03 18:20:00+00:00,17.1,48.0,8.98,0.76
2023-09-03 18:30:00+00:00,17.1,48.0,8.97,0.74
2023-09-03 18:40:00+00:00,17.1,48.0,8.96,0.72
2023-09-03 18:50:00+00:00,17.1,48.0,8.95,0.7
2023-09-03 19:00:00+00:00,17.1,48.0,8.94,0.6799999999999999
2023-09-03 19:10:00+00:00,17.1,48.0,8.93,0.66
2023-09-03 19:20:00+00:00,17.1,48.0,8.92,0.64
2023-09-03 19:30:00+00:00,17.1,48.0,8.91,0.62
2023-09-03 19:40:00+00:00,17.1,48.0,8.9,0.6
2023-09-03 19:50:00+00:00,17.092857142857145,48.0,8.9,0.6
2023-09-03 20:00:00+00:00,17.085714285714285,48.0,8.9,0.6
2023-09-03 20:10:00+00:00,17.07857142857143,48.0,8.9,0.6
2023-09-03 20:20:00+00:00,17.071428571428573,48.0,8.9,0.6
2023-09-03 20:30:00+00:00,17.064285714285717,48.0,8.9,0.6
2023-09-03 20:40:00+00:00,17.057142857142857,48.0,8.9,0.6
2023-09-03 20:50:00+00:00,17.05,48.0,8.9,0.6
2023-09-03 21:00:00+00:00,17.042857142857144,48.0,8.9,0.6
2023-09-03 21:10:00+00:00,17.035714285714285,48.0,8.9,0.6
2023-09-03 21:20:00+00:00,17.02857142857143,48.0,8.9,0.6
2023-09-03 21:30:00+00:00,17.021428571428572,48.0,8.9,0.6
2023-09-03 21:40:00+00:00,17.014285714285716,48.0,8.9,0.6
2023-09-03 21:50:00+00:00,17.007142857142856,48.0,8.9,0.6
2023-09-03 22:00:00+00:00,17.0,48.0,8.9,0.6
2023-09-03 22:10:00+00:00,16.98,48.0,8.9,0.58
2023-09-03 22:20:00+00:00,16.96,48.0,8.9,0.5599999999999999
2023-09-03 22:30:00+00:00,16.94,48.0,8.9,0.54
2023-09-03 22:40:00+00:00,16.92,48.0,8.9,0.52
2023-09-03 22:50:00+00:00,16.9,48.0,8.9,0.5
2023-09-03 23:00:00+00:00,16.88,48.0,8.9,0.48
2023-09-03 23:10:00+00:00,16.86,48.0,8.9,0.45999999999999996
2023-09-03 23:20:00+00:00,16.84,48.0,8.9,0.44
2023-09-03 23:30:00+00:00,16.82,48.0,8.9,0.42000000000000004
2023-09-03 23:40:00+00:00,16.8,48.0,8.9,0.4
2023-09-03 23:50:00+00:00,16.78,48.1,8.9,0.42000000000000004
2023-09-04 00:00:00+00:00,16.76,48.2,8.9,0.44
2023-09-04 00:10:00+00:00,16.740000000000002,48.3,8.9,0.46
2023-09-04 00:20:00+00:00,16.720000000000002,48.4,8.9,0.48
2023-09-04 00:30:00+00:00,16.700000000000003,48.5,8.9,0.5
2023-09-04 00:40:00+00:00,16.68,48.6,8.9,0.52
2023-09-04 00:50:00+00:00,16.66,48.7,8.9,0.54
2023-09-04 01:00:00+00:00,16.64,48.8,8.9,0.56
2023-09-04 01:10:00+00:00,16.62,48.9,8.9,0.58
2023-09-04 01:20:00+00:00,16.6,49.0,8.9,0.6
2023-09-04 01:30:00+00:00,16.59,48.9,8.91,0.6
2023-09-04 01:40:00+00:00,16.580000000000002,48.8,8.92,0.6
2023-09-04 01:50:00+00:00,16.57,48.7,8.93,0.6
2023-09-04 02:00:00+00:00,16.560000000000002,48.6,8.94,0.6
2023-09-04 02:10:00+00:00,16.55,48.5,8.95,0.6
2023-09-04 02:20:00+00:00,16.54,48.4,8.96,0.6
2023-09-04 02:30:00+00:00,16.53,48.3,8.97,0.6
2023-09-04 02:40:00+00:00,16.52,48.2,8.98,0.6
2023-09-04 02:50:00+00:00,16.51,48.1,8.99,0.6
2023-09-04 03:00:00+00:00,16.5,48.0,9.0,0.6
2023-09-04 03:10:00+00:00,16.48,48.0,9.0,0.95
2023-09-04 03:20:00+00:00,16.46,48.0,9.0,1.2999999999999998
2023-09-04 03:30:00+00:00,16.44,48.0,9.0,1.65
2023-09-04 03:40:00+00:00,16.42,48.0,9.0,2.0
2023-09-04 03:50:00+00:00,16.4,48.0,9.0,2.35
2023-09-04 04:00:00+00:00,16.38,48.0,9.0,2.6999999999999997
2023-09-04 04:10:00+00:00,16.36,48.0,9.0,3.05
2023-09-04 04:20:00+00:00,16.34,48.0,9.0,3.4
2023-09-04 04:30:00+00:00,16.32,48.0,9.0,3.75
2023-09-04 04:40:00+00:00,16.3,48.0,9.0,4.1
2023-09-04 04:50:00+00:00,16.3,48.0,8.9,4.1
2023-09-04 05:00:00+00:00,16.3,48.0,8.9,4.1
2023-09-04 05:10:00+00:00,16.3,48.0,8.9,4.1
2023-09-04 05:20:00+00:00,16.3,48.0,8.9,4.1
2023-09-04 05:30:00+00:00,16.3,48.0,9.0,4.1
2023-09-04 05:40:00+00:00,16.3,47.0,9.0,4.1
2023-09-04 05:50:00+00:00,16.3,46.0,9.0,4.1
2023-09-04 06:00:00+00:00,16.2,46.0,9.0,4.1
2023-09-04 06:10:00+00:00,16.2,46.0,9.0,4.1
2023-09-04 06:20:00+00:00,16.2,47.0,9.0,4.1
2023-09-04 06:30:00+00:00,16.2,47.0,9.0,4.1
2023-09-04 06:40:00+00:00,16.2,46.0,9.0,4.1
2023-09-04 06:50:00+00:00,16.2,46.0,9.0,4.1
2023-09-04 07:00:00+00:00,16.2,46.5,9.0,4.1
2023-09-04 07:10:00+00:00,16.2,47.0,9.0,4.1
2023-09-04 07:20:00+00:00,16.2,46.0,9.0,4.1
2023-09-04 07:30:00+00:00,16.2,46.0,9.0,4.1
2023-09-04 07:40:00+00:00,16.2,46.0,9.0,3.9
2023-09-04 07:50:00+00:00,16.2,45.0,9.0,4.1
2023-09-04 08:00:00+00:00,16.2,46.0,9.0,4.1
2023-09-04 08:10:00+00:00,16.2,46.0,9.0,4.1
2023-09-04 08:20:00+00:00,16.2,45.0,9.0,4.1
2023-09-04 08:30:00+00:00,16.2,45.0,9.0,4.1
2023-09-04 08:40:00+00:00,16.3,45.0,9.0,4.1
2023-09-04 08:50:00+00:00,16.3,45.0,9.0,4.1
2023-09-04 09:00:00+00:00,16.3,45.0,9.0,4.1
2023-09-04 09:10:00+00:00,16.3,45.0,9.0,3.9
2023-09-04 09:20:00+00:00,16.3,45.0,9.0,4.1
2023-09-04 09:30:00+00:00,16.3,44.0,9.0,4.1
2023-09-04 09:40:00+00:00,16.3,45.0,9.0,6.2
2023-09-04 09:50:00+00:00,16.3,44.0,9.0,6.1
2023-09-04 10:00:00+00:00,16.3,43.0,9.0,6.2
2023-09-04 10:10:00+00:00,16.4,43.0,9.0,6.2
2023-09-04 10:20:00+00:00,16.4,43.0,9.0,6.2
2023-09-04 10:30:00+00:00,16.4,42.5,9.0,6.2
2023-09-04 10:40:00+00:00,16.4,42.0,9.0,6.2
2023-09-04 10:50:00+00:00,16.5,45.0,9.0,6.3
2023-09-04 11:00:00+00:00,16.5,59.0,9.0,6.2
2023-09-04 11:10:00+00:00,16.5,57.0,9.0,6.2
2023-09-04 11:20:00+00:00,16.5,72.0,9.0,6.2
2023-09-04 11:30:00+00:00,16.5,76.0,9.0,4.2
2023-09-04 11:40:00+00:00,16.6,70.0,9.0,5.9
2023-09-04 11:50:00+00:00,16.6,52.0,9.0,6.2
2023-09-04 12:00:00+00:00,16.6,44.0,9.0,6.2
2023-09-04 12:10:00+00:00,16.7,51.0,9.0,5.0
2023-09-04 12:20:00+00:00,16.75,49.5,9.0,4.75
2023-09-04 12:30:00+00:00,16.8,48.0,9.0,4.5
2023-09-04 12:40:00+00:00,16.8,44.0,9.0,5.8
2023-09-04 12:50:00+00:00,16.8,44.0,9.1,5.8
2023-09-04 13:00:00+00:00,16.9,44.0,9.0,6.0
2023-09-04 13:10:00+00:00,17.0,44.0,9.1,6.1
2023-09-04 13:20:00+00:00,17.0,44.0,9.0,5.8
2023-09-04 13:30:00+00:00,17.0,44.0,9.0,6.0
2023-09-04 13:40:00+00:00,17.1,43.0,9.0,5.8
2023-09-04 13:50:00+00:00,17.1,44.0,9.0,5.2
2023-09-04 14:00:00+00:00,17.1,44.0,9.0,4.1
2023-09-04 14:10:00+00:00,17.15,44.0,9.0,4.1
2023-09-04 14:20:00+00:00,17.2,44.0,9.0,4.1
2023-09-04 14:30:00+00:00,17.2,45.0,9.1,4.1
2023-09-04 14:40:00+00:00,17.3,44.0,9.1,5.7
2023-09-04 14:50:00+00:00,17.3,44.0,9.0,5.8
2023-09-04 15:00:00+00:00,17.3,44.0,9.1,5.9
2023-09-04 15:10:00+00:00,17.4,44.0,9.1,5.4
2023-09-04 15:20:00+00:00,17.4,44.0,9.1,5.4
2023-09-04 15:30:00+00:00,17.5,44.0,9.1,6.0
2023-09-04 15:40:00+00:00,17.5,45.0,9.1,4.2
2023-09-04 15:50:00+00:00,17.5,45.0,9.1,4.1
2023-09-04 16:00:00+00:00,17.5,44.5,9.1,4.9
2023-09-04 16:10:00+00:00,17.5,44.0,9.1,5.7
2023-09-04 16:20:00+00:00,17.5,45.0,9.1,4.1
2023-09-04 16:30:00+00:00,17.6,45.0,9.0,4.1
2023-09-04 16:40:00+00:00,17.6,45.0,9.1,4.1
2023-09-04 16:50:00+00:00,17.6,45.0,9.1,4.1
2023-09-04 17:00:00+00:00,17.6,46.0,9.1,4.1
2023-09-04 17:10:00+00:00,17.6,46.0,9.1,4.1
2023-09-04 17:20:00+00:00,17.7,45.0,9.1,4.0
2023-09-04 17:30:00+00:00,17.7,46.0,9.0,3.3
2023-09-04 17:40:00+00:00,17.7,46.0,9.0,2.4
2023-09-04 17:50:00+00:00,17.7,46.0,9.0,1.95
2023-09-04 18:00:00+00:00,17.7,46.0,9.0,1.5
2023-09-04 18:10:00+00:00,17.7,46.0,9.0,0.9
2023-09-04 18:20:00+00:00,17.71,46.1,9.0,0.85
2023-09-04 18:30:00+00:00,17.72,46.2,9.0,0.8
2023-09-04 18:40:00+00:00,17.73,46.3,9.0,0.75
2023-09-04 18:50:00+00:00,17.74,46.4,9.0,0.7
2023-09-04 19:00:00+00:00,17.75,46.5,9.0,0.65
2023-09-04 19:10:00+00:00,17.76,46.6,9.0,0.6
2023-09-04 19:20:00+00:00,17.77,46.7,9.0,0.55
2023-09-04 19:30:00+00:00,17.78,46.8,9.0,0.5
2023-09-04 19:40:00+00:00,17.79,46.9,9.0,0.45
2023-09-04 19:50:00+00:00,17.8,47.0,9.0,0.4
2023-09-04 20:00:00+00:00,17.79230769230769,47.07692307692308,9.0,0.4153846153846154
2023-09-04 20:10:00+00:00,17.784615384615385,47.15384615384615,9.0,0.4307692307692308
2023-09-04 20:20:00+00:00,17.776923076923076,47.23076923076923,9.0,0.4461538461538462
2023-09-04 20:30:00+00:00,17.76923076923077,47.30769230769231,9.0,0.46153846153846156
2023-09-04 20:40:00+00:00,17.76153846153846,47.38461538461539,9.0,0.47692307692307695
2023-09-04 20:50:00+00:00,17.753846153846155,47.46153846153846,9.0,0.49230769230769234
2023-09-04 21:00:00+00:00,17.746153846153845,47.53846153846154,9.0,0.5076923076923077
2023-09-04 21:10:00+00:00,17.73846153846154,47.61538461538461,9.0,0.5230769230769231
2023-09-04 21:20:00+00:00,17.73076923076923,47.69230769230769,9.0,0.5384615384615384
2023-09-04 21:30:00+00:00,17.723076923076924,47.76923076923077,9.0,0.5538461538461539
2023-09-04 21:40:00+00:00,17.715384615384615,47.84615384615385,9.0,0.5692307692307692
2023-09-04 21:50:00+00:00,17.70769230769231,47.92307692307692,9.0,0.5846153846153845
2023-09-04 22:00:00+00:00,17.7,48.0,9.0,0.6
2023-09-04 22:10:00+00:00,17.68,48.1,9.0,0.6
2023-09-04 22:20:00+00:00,17.66,48.2,9.0,0.6
2023-09-04 22:30:00+00:00,17.64,48.3,9.0,0.6
2023-09-04 22:40:00+00:00,17.62,48.4,9.0,0.6
2023-09-04 22:50:00+00:00,17.6,48.5,9.0,0.6
2023-09-04 23:00:00+00:00,17.58,48.6,9.0,0.6
2023-09-04 23:10:00+00:00,17.56,48.7,9.0,0.6
2023-09-04 23:20:00+00:00,17.54,48.8,9.0,0.6
2023-09-04 23:30:00+00:00,17.52,48.9,9.0,0.6
2023-09-04 23:40:00+00:00,17.5,49.0,9.0,0.6
2023-09-04 23:50:00+00:00,17.48,48.9,9.0,0.6
2023-09-05 00:00:00+00:00,17.46,48.8,9.0,0.6
2023-09-05 00:10:00+00:00,17.44,48.7,9.0,0.6
2023-09-05 00:20:00+00:00,17.42,48.6,9.0,0.6
2023-09-05 00:30:00+00:00,17.4,48.5,9.0,0.6
2023-09-05 00:40:00+00:00,17.38,48.4,9.0,0.6
2023-09-05 00:50:00+00:00,17.36,48.3,9.0,0.6
2023-09-05 01:00:00+00:00,17.34,48.2,9.0,0.6
2023-09-05 01:10:00+00:00,17.32,48.1,9.0,0.6
2023-09-05 01:20:00+00:00,17.3,48.0,9.0,0.6
2023-09-05 01:30:00+00:00,17.28,48.0,9.0,0.6
2023-09-05 01:40:00+00:00,17.26,48.0,9.0,0.6
2023-09-05 01:50:00+00:00,17.240000000000002,48.0,9.0,0.6
2023-09-05 02:00:00+00:00,17.220000000000002,48.0,9.0,0.6
2023-09-05 02:10:00+00:00,17.200000000000003,48.0,9.0,0.6
2023-09-05 02:20:00+00:00,17.18,48.0,9.0,0.6
2023-09-05 02:30:00+00:00,17.16,48.0,9.0,0.6
2023-09-05 02:40:00+00:00,17.14,48.0,9.0,0.6
2023-09-05 02:50:00+00:00,17.12,48.0,9.0,0.6
2023-09-05 03:00:00+00:00,17.1,48.0,9.0,0.6
2023-09-05 03:10:00+00:00,17.080000000000002,48.0,9.0,0.95
2023-09-05 03:20:00+00:00,17.060000000000002,48.0,9.0,1.2999999999999998
2023-09-05 03:30:00+00:00,17.04,48.0,9.0,1.65
2023-09-05 03:40:00+00:00,17.02,48.0,9.0,2.0
2023-09-05 03:50:00+00:00,17.0,48.0,9.0,2.35
2023-09-05 04:00:00+00:00,16.98,48.0,9.0,2.6999999999999997
2023-09-05 04:10:00+00:00,16.96,48.0,9.0,3.05
2023-09-05 04:20:00+00:00,16.939999999999998,48.0,9.0,3.4
2023-09-05 04:30:00+00:00,16.919999999999998,48.0,9.0,3.75
2023-09-05 04:40:00+00:00,16.9,48.0,9.0,4.1
2023-09-05 04:50:00+00:00,16.8,47.0,9.0,4.1
2023-09-05 05:00:00+00:00,16.8,47.0,9.0,4.1
2023-09-05 05:10:00+00:00,16.8,47.0,9.0,4.1
2023-09-05 05:20:00+00:00,16.8,46.0,9.0,4.1
2023-09-05 05:30:00+00:00,16.7,46.0,9.0,4.1
2023-09-05 05:40:00+00:00,16.7,46.0,9.0,4.1
2023-09-05 05:50:00+00:00,16.7,46.0,9.0,4.1
2023-09-05 06:00:00+00:00,16.7,46.0,9.0,4.1
2023-09-05 06:10:00+00:00,16.6,46.0,9.0,4.1
2023-09-05 06:20:00+00:00,16.6,45.0,9.0,4.1
2023-09-05 06:30:00+00:00,16.6,45.0,9.0,4.1
2023-09-05 06:40:00+00:00,16.6,45.0,9.0,4.1
2023-09-05 06:50:00+00:00,16.6,44.0,9.0,4.1
2023-09-05 07:00:00+00:00,16.6,44.0,9.0,4.1
2023-09-05 07:10:00+00:00,16.6,44.0,9.0,3.9
2023-09-05 07:20:00+00:00,16.6,44.0,9.0,4.1
2023-09-05 07:30:00+00:00,16.6,44.0,9.0,4.1
2023-09-05 07:40:00+00:00,16.6,44.0,9.0,4.1
2023-09-05 07:50:00+00:00,16.6,43.0,9.0,4.1
2023-09-05 08:00:00+00:00,16.6,43.0,9.0,4.1
2023-09-05 08:10:00+00:00,16.6,44.0,9.0,4.1
2023-09-05 08:20:00+00:00,16.6,44.0,9.0,4.1
2023-09-05 08:30:00+00:00,16.6,44.0,9.0,4.1
2023-09-05 08:40:00+00:00,16.6,44.0,9.0,4.1
2023-09-05 08:50:00+00:00,16.6,44.0,8.9,4.1
2023-09-05 09:00:00+00:00,16.7,43.0,8.8,4.2
2023-09-05 09:10:00+00:00,16.7,44.0,9.0,4.1
2023-09-05 09:20:00+00:00,16.7,43.0,9.0,6.1
2023-09-05 09:30:00+00:00,16.7,43.0,9.0,6.1
2023-09-05 09:40:00+00:00,16.8,42.0,9.1,6.1
2023-09-05 09:50:00+00:00,16.8,41.0,9.0,6.2
2023-09-05 10:00:00+00:00,16.8,42.0,9.1,6.2
2023-09-05 10:10:00+00:00,16.8,41.5,9.1,6.2
2023-09-05 10:20:00+00:00,16.8,41.0,9.1,6.2
2023-09-05 10:30:00+00:00,16.9,42.0,9.1,6.3
2023-09-05 10:40:00+00:00,16.9,42.0,9.1,6.2
2023-09-05 10:50:00+00:00,17.0,42.0,9.1,6.2
2023-09-05 11:00:00+00:00,17.0,42.0,9.2,6.2
2023-09-05 11:10:00+00:00,17.0,42.0,9.2,6.2
2023-09-05 11:20:00+00:00,17.1,40.0,9.1,6.1
2023-09-05 11:30:00+00:00,17.1,53.0,9.1,6.2
2023-09-05 11:40:00+00:00,17.1,51.0,9.2,6.2
2023-09-05 11:50:00+00:00,17.15,59.5,9.2,6.2
2023-09-05 12:00:00+00:00,17.2,68.0,9.2,6.2
2023-09-05 12:10:00+00:00,17.3,75.0,9.2,6.2
2023-09-05 12:20:00+00:00,17.3,65.0,9.2,6.1
2023-09-05 12:30:00+00:00,17.3,76.0,9.2,6.2
2023-09-05 12:40:00+00:00,17.4,81.0,9.2,6.2
2023-09-05 12:50:00+00:00,17.5,79.0,9.2,6.2
2023-09-05 13:00:00+00:00,17.5,73.0,9.2,6.2
2023-09-05 13:10:00+00:00,17.6,80.0,9.2,6.2
2023-09-05 13:20:00+00:00,17.6,73.0,9.2,6.2
2023-09-05 13:30:00+00:00,17.6,61.0,9.2,6.1
2023-09-05 13:40:00+00:00,17.65,60.0,9.2,6.15
2023-09-05 13:50:00+00:00,17.7,59.0,9.2,6.2
2023-09-05 14:00:00+00:00,17.8,65.0,9.2,6.2
2023-09-05 14:10:00+00:00,17.8,50.0,9.2,6.2
2023-09-05 14:20:00+00:00,17.9,51.0,9.2,6.2
2023-09-05 14:30:00+00:00,18.0,56.0,9.2,6.2
2023-09-05 14:40:00+00:00,18.0,46.0,9.2,6.2
2023-09-05 14:50:00+00:00,18.1,53.0,9.2,6.2
2023-09-05 15:00:00+00:00,18.1,55.0,9.2,6.2
2023-09-05 15:10:00+00:00,18.1,42.0,9.2,6.2
2023-09-05 15:20:00+00:00,18.2,42.0,9.2,6.2
2023-09-05 15:30:00+00:00,18.25,42.5,9.2,6.2
2023-09-05 15:40:00+00:00,18.3,43.0,9.2,6.2
2023-09-05 15:50:00+00:00,18.3,43.0,9.2,6.1
2023-09-05 16:00:00+00:00,18.3,43.0,9.2,6.2
2023-09-05 16:10:00+00:00,18.3,46.0,9.2,6.0
2023-09-05 16:20:00+00:00,18.4,44.0,9.2,6.0
2023-09-05 16:30:00+00:00,18.4,44.0,9.2,5.8
2023-09-05 16:40:00+00:00,18.4,44.0,9.2,4.1
2023-09-05 16:50:00+00:00,18.5,45.0,9.2,4.1
2023-09-05 17:00:00+00:00,18.5,45.0,9.2,4.1
2023-09-05 17:10:00+00:00,18.5,45.0,9.2,4.1
2023-09-05 17:20:00+00:00,18.5,45.5,9.2,4.1
2023-09-05 17:30:00+00:00,18.5,46.0,9.2,4.1
2023-09-05 17:40:00+00:00,18.5,45.0,9.2,3.2
2023-09-05 17:50:00+00:00,18.5,45.0,9.2,2.2
2023-09-05 18:00:00+00:00,18.5,46.0,9.2,1.1
2023-09-05 18:10:00+00:00,18.5,45.0,9.2,0.7
2023-09-05 18:20:00+00:00,18.5,45.1,9.2,0.69
2023-09-05 18:30:00+00:00,18.5,45.2,9.2,0.6799999999999999
2023-09-05 18:40:00+00:00,18.5,45.3,9.2,0.6699999999999999
2023-09-05 18:50:00+00:00,18.5,45.4,9.2,0.6599999999999999
2023-09-05 19:00:00+00:00,18.5,45.5,9.2,0.6499999999999999
2023-09-05 19:10:00+00:00,18.5,45.6,9.2,0.64
2023-09-05 19:20:00+00:00,18.5,45.7,9.2,0.63
2023-09-05 19:30:00+00:00,18.5,45.8,9.2,0.62
2023-09-05 19:40:00+00:00,18.5,45.9,9.2,0.61
2023-09-05 19:50:00+00:00,18.5,46.0,9.2,0.6
2023-09-05 20:00:00+00:00,18.48,46.1,9.2,0.6
2023-09-05 20:10:00+00:00,18.46,46.2,9.2,0.6
2023-09-05 20:20:00+00:00,18.44,46.3,9.2,0.6
2023-09-05 20:30:00+00:00,18.42,46.4,9.2,0.6
2023-09-05 20:40:00+00:00,18.4,46.5,9.2,0.6
2023-09-05 20:50:00+00:00,18.38,46.6,9.2,0.6
2023-09-05 21:00:00+00:00,18.36,46.7,9.2,0.6
2023-09-05 21:10:00+00:00,18.34,46.8,9.2,0.6
2023-09-05 21:20:00+00:00,18.32,46.9,9.2,0.6
2023-09-05 21:30:00+00:00,18.3,47.0,9.2,0.6
2023-09-05 21:40:00+00:00,18.284615384615385,47.07692307692308,9.192307692307692,0.6
2023-09-05 21:50:00+00:00,18.26923076923077,47.15384615384615,9.184615384615384,0.6
2023-09-05 22:00:00+00:00,18.253846153846155,47.23076923076923,9.176923076923076,0.6
2023-09-05 22:10:00+00:00,18.23846153846154,47.30769230769231,9.169230769230769,0.6
2023-09-05 22:20:00+00:00,18.223076923076924,47.38461538461539,9.161538461538461,0.6
2023-09-05 22:30:00+00:00,18.20769230769231,47.46153846153846,9.153846153846153,0.6
2023-09-05 22:40:00+00:00,18.192307692307693,47.53846153846154,9.146153846153846,0.6
2023-09-05 22:50:00+00:00,18.176923076923078,47.61538461538461,9.138461538461538,0.6
2023-09-05 23:00:00+00:00,18.161538461538463,47.69230769230769,9.13076923076923,0.6
2023-09-05 23:10:00+00:00,18.146153846153847,47.76923076923077,9.123076923076923,0.6
2023-09-05 23:20:00+00:00,18.130769230769232,47.84615384615385,9.115384615384615,0.6
2023-09-05 23:30:00+00:00,18.115384615384617,47.92307692307692,9.107692307692307,0.6
2023-09-05 23:40:00+00:00,18.1,48.0,9.1,0.6
2023-09-05 23:50:00+00:00,18.09,47.9,9.1,0.6
2023-09-06 00:00:00+00:00,18.080000000000002,47.8,9.1,0.6
2023-09-06 00:10:00+00:00,18.07,47.7,9.1,0.6
2023-09-06 00:20:00+00:00,18.060000000000002,47.6,9.1,0.6
2023-09-06 00:30:00+00:00,18.05,47.5,9.1,0.6
2023-09-06 00:40:00+00:00,18.04,47.4,9.1,0.6
2023-09-06 00:50:00+00:00,18.03,47.3,9.1,0.6
2023-09-06 01:00:00+00:00,18.02,47.2,9.1,0.6
2023-09-06 01:10:00+00:00,18.01,47.1,9.1,0.6
2023-09-06 01:20:00+00:00,18.0,47.0,9.1,0.6
2023-09-06 01:30:00+00:00,17.98,47.0,9.1,0.6
2023-09-06 01:40:00+00:00,17.96,47.0,9.1,0.6
2023-09-06 01:50:00+00:00,17.94,47.0,9.1,0.6
2023-09-06 02:00:00+00:00,17.92,47.0,9.1,0.6
2023-09-06 02:10:00+00:00,17.9,47.0,9.1,0.6
2023-09-06 02:20:00+00:00,17.88,47.0,9.1,0.6
2023-09-06 02:30:00+00:00,17.86,47.0,9.1,0.6
2023-09-06 02:40:00+00:00,17.84,47.0,9.1,0.6
2023-09-06 02:50:00+00:00,17.82,47.0,9.1,0.6
2023-09-06 03:00:00+00:00,17.8,47.0,9.1,0.6
2023-09-06 03:10:00+00:00,17.78,47.1,9.1,0.95
2023-09-06 03:20:00+00:00,17.76,47.2,9.1,1.2999999999999998
2023-09-06 03:30:00+00:00,17.740000000000002,47.3,9.1,1.65
2023-09-06 03:40:00+00:00,17.720000000000002,47.4,9.1,2.0
2023-09-06 03:50:00+00:00,17.700000000000003,47.5,9.1,2.35
2023-09-06 04:00:00+00:00,17.68,47.6,9.1,2.6999999999999997
2023-09-06 04:10:00+00:00,17.66,47.7,9.1,3.05
2023-09-06 04:20:00+00:00,17.64,47.8,9.1,3.4
2023-09-06 04:30:00+00:00,17.62,47.9,9.1,3.75
2023-09-06 04:40:00+00:00,17.6,48.0,9.1,4.1
2023-09-06 04:50:00+00:00,17.5,48.0,9.0,4.1
2023-09-06 05:00:00+00:00,17.5,47.0,9.1,4.1
2023-09-06 05:10:00+00:00,17.5,46.0,9.1,4.1
2023-09-06 05:20:00+00:00,17.5,45.0,9.1,4.1
2023-09-06 05:30:00+00:00,17.5,46.0,9.1,4.1
2023-09-06 05:40:00+00:00,17.5,46.0,9.1,4.1
2023-09-06 05:50:00+00:00,17.4,45.0,9.1,4.1
2023-09-06 06:00:00+00:00,17.4,45.0,9.1,4.1
2023-09-06 06:10:00+00:00,17.4,45.0,9.1,4.1
2023-09-06 06:20:00+00:00,17.4,45.0,9.1,4.1
2023-09-06 06:30:00+00:00,17.4,45.0,9.1,4.1
2023-09-06 06:40:00+00:00,17.4,45.0,9.1,4.1
2023-09-06 06:50:00+00:00,17.3,45.0,9.1,4.1
2023-09-06 07:00:00+00:00,17.3,44.0,9.1,4.1
2023-09-06 07:10:00+00:00,17.3,44.0,9.1,4.1
2023-09-06 07:20:00+00:00,17.3,44.0,9.1,4.1
2023-09-06 07:30:00+00:00,17.3,43.0,9.1,4.1
2023-09-06 07:40:00+00:00,17.3,44.0,9.1,4.1
2023-09-06 07:50:00+00:00,17.3,43.5,9.1,4.1
2023-09-06 08:00:00+00:00,17.3,43.0,9.1,4.1
2023-09-06 08:10:00+00:00,17.3,43.0,9.1,4.1
2023-09-06 08:20:00+00:00,17.3,43.0,9.1,4.1
2023-09-06 08:30:00+00:00,17.3,43.0,9.1,4.1
2023-09-06 08:40:00+00:00,17.3,42.0,9.1,4.1
2023-09-06 08:50:00+00:00,17.3,42.0,9.1,4.1
2023-09-06 09:00:00+00:00,17.3,42.0,9.1,4.2
2023-09-06 09:10:00+00:00,17.3,42.0,9.1,4.2
2023-09-06 09:20:00+00:00,17.4,42.0,9.1,5.9
2023-09-06 09:30:00+00:00,17.4,41.0,9.1,6.0
2023-09-06 09:40:00+00:00,17.4,41.5,9.1,6.0
2023-09-06 09:50:00+00:00,17.4,42.0,9.1,6.0
2023-09-06 10:00:00+00:00,17.5,42.0,9.1,6.2
2023-09-06 10:10:00+00:00,17.5,41.0,9.1,6.0
2023-09-06 10:20:00+00:00,17.5,42.0,9.2,6.1
2023-09-06 10:30:00+00:00,17.5,42.0,9.2,6.1
2023-09-06 10:40:00+00:00,17.5,41.0,9.2,6.1
2023-09-06 10:50:00+00:00,17.6,42.0,9.2,6.2
2023-09-06 11:00:00+00:00,17.6,41.0,9.2,6.1
2023-09-06 11:10:00+00:00,17.6,42.0,9.2,6.2
2023-09-06 11:20:00+00:00,17.65,42.0,9.2,6.15
2023-09-06 11:30:00+00:00,17.7,42.0,9.2,6.1
2023-09-06 11:40:00+00:00,17.7,42.0,9.2,6.1
2023-09-06 11:50:00+00:00,17.8,46.0,9.2,6.2
2023-09-06 12:00:00+00:00,17.8,42.0,9.2,6.0
2023-09-06 12:10:00+00:00,17.8,40.0,9.2,6.1
2023-09-06 12:20:00+00:00,17.9,41.0,9.2,6.1
2023-09-06 12:30:00+00:00,18.0,41.0,9.2,6.1
2023-09-06 12:40:00+00:00,18.0,46.0,9.2,6.1
2023-09-06 12:50:00+00:00,18.0,42.0,9.2,6.1
2023-09-06 13:00:00+00:00,18.1,44.0,9.2,6.2
2023-09-06 13:10:00+00:00,18.1,43.0,9.2,6.2
2023-09-06 13:20:00+00:00,18.1,42.0,9.2,6.2
2023-09-06 13:30:00+00:00,18.1,42.0,9.2,6.2
2023-09-06 13:40:00+00:00,18.2,44.0,9.2,6.3
2023-09-06 13:50:00+00:00,18.3,42.0,9.2,6.2
2023-09-06 14:00:00+00:00,18.3,43.0,9.2,6.2
2023-09-06 14:10:00+00:00,18.3,43.0,9.2,6.3
2023-09-06 14:20:00+00:00,18.4,43.0,9.2,6.2
2023-09-06 14:30:00+00:00,18.4,43.0,9.2,6.2
2023-09-06 14:40:00+00:00,18.5,42.0,9.2,6.2
2023-09-06 14:50:00+00:00,18.5,43.0,8.9,6.2
2023-09-06 15:00:00+00:00,18.5,42.5,8.8,6.2
2023-09-06 15:10:00+00:00,18.5,42.0,8.7,6.2
2023-09-06 15:20:00+00:00,18.6,43.0,9.1,6.2
2023-09-06 15:30:00+00:00,18.6,43.0,9.1,6.2
2023-09-06 15:40:00+00:00,18.6,43.0,9.1,6.2
2023-09-06 15:50:00+00:00,18.7,44.0,9.2,6.1
2023-09-06 16:00:00+00:00,18.7,44.0,9.2,6.1
2023-09-06 16:10:00+00:00,18.7,44.0,9.2,6.1
2023-09-06 16:20:00+00:00,18.8,45.0,9.2,6.0
2023-09-06 16:30:00+00:00,18.8,45.0,9.2,5.4
2023-09-06 16:40:00+00:00,18.8,45.0,9.2,5.6
2023-09-06 16:50:00+00:00,18.8,45.5,9.149999999999999,5.05
2023-09-06 17:00:00+00:00,18.8,46.0,9.1,4.5
2023-09-06 17:10:00+00:00,18.8,46.0,9.1,4.8
2023-09-06 17:20:00+00:00,18.8,46.0,9.1,4.2
2023-09-06 17:30:00+00:00,18.8,46.0,9.2,3.9
2023-09-06 17:40:00+00:00,18.8,46.0,9.2,2.9
2023-09-06 17:50:00+00:00,18.8,46.0,9.1,1.7
2023-09-06 18:00:00+00:00,18.8,47.0,9.2,0.9
2023-09-06 18:10:00+00:00,18.8,47.07692307692308,9.192307692307692,0.8769230769230769
2023-09-06 18:20:00+00:00,18.8,47.15384615384615,9.184615384615384,0.8538461538461538
2023-09-06 18:30:00+00:00,18.8,47.23076923076923,9.176923076923076,0.8307692307692308
2023-09-06 18:40:00+00:00,18.8,47.30769230769231,9.169230769230769,0.8076923076923077
2023-09-06 18:50:00+00:00,18.8,47.38461538461539,9.161538461538461,0.7846153846153846
2023-09-06 19:00:00+00:00,18.8,47.46153846153846,9.153846153846153,0.7615384615384615
2023-09-06 19:10:00+00:00,18.8,47.53846153846154,9.146153846153846,0.7384615384615385
2023-09-06 19:20:00+00:00,18.8,47.61538461538461,9.138461538461538,0.7153846153846154
2023-09-06 19:30:00+00:00,18.8,47.69230769230769,9.13076923076923,0.6923076923076923
2023-09-06 19:40:00+00:00,18.8,47.76923076923077,9.123076923076923,0.6692307692307692
2023-09-06 19:50:00+00:00,18.8,47.84615384615385,9.115384615384615,0.6461538461538461
2023-09-06 20:00:00+00:00,18.8,47.92307692307692,9.107692307692307,0.6230769230769231
2023-09-06 20:10:00+00:00,18.8,48.0,9.1,0.6
2023-09-06 20:20:00+00:00,18.77,48.0,9.1,0.6
2023-09-06 20:30:00+00:00,18.740000000000002,48.0,9.1,0.6
2023-09-06 20:40:00+00:00,18.71,48.0,9.1,0.6
2023-09-06 20:50:00+00:00,18.68,48.0,9.1,0.6
2023-09-06 21:00:00+00:00,18.65,48.0,9.1,0.6
2023-09-06 21:10:00+00:00,18.62,48.0,9.1,0.6
2023-09-06 21:20:00+00:00,18.59,48.0,9.1,0.6
2023-09-06 21:30:00+00:00,18.56,48.0,9.1,0.6
2023-09-06 21:40:00+00:00,18.53,48.0,9.1,0.6
2023-09-06 21:50:00+00:00,18.5,48.0,9.1,0.6
2023-09-06 22:00:00+00:00,18.48,48.0,9.09,0.58
2023-09-06 22:10:00+00:00,18.46,48.0,9.08,0.5599999999999999
2023-09-06 22:20:00+00:00,18.44,48.0,9.07,0.54
2023-09-06 22:30:00+00:00,18.42,48.0,9.06,0.52
2023-09-06 22:40:00+00:00,18.4,48.0,9.05,0.5
2023-09-06 22:50:00+00:00,18.38,48.0,9.04,0.48
2023-09-06 23:00:00+00:00,18.36,48.0,9.03,0.45999999999999996
2023-09-06 23:10:00+00:00,18.34,48.0,9.02,0.44
2023-09-06 23:20:00+00:00,18.32,48.0,9.01,0.42000000000000004
2023-09-06 23:30:00+00:00,18.3,48.0,9.0,0.4
2023-09-06 23:40:00+00:00,18.27,48.1,9.0,0.42000000000000004
2023-09-06 23:50:00+00:00,18.240000000000002,48.2,9.0,0.44
2023-09-07 00:00:00+00:00,18.21,48.3,9.0,0.46
2023-09-07 00:10:00+00:00,18.18,48.4,9.0,0.48
2023-09-07 00:20:00+00:00,18.15,48.5,9.0,0.5
2023-09-07 00:30:00+00:00,18.12,48.6,9.0,0.52
2023-09-07 00:40:00+00:00,18.09,48.7,9.0,0.54
2023-09-07 00:50:00+00:00,18.06,48.8,9.0,0.56
2023-09-07 01:00:00+00:00,18.03,48.9,9.0,0.58
2023-09-07 01:10:00+00:00,18.0,49.0,9.0,0.6
2023-09-07 01:20:00+00:00,17.97,48.9,9.0,0.6
2023-09-07 01:30:00+00:00,17.94,48.8,9.0,0.6
2023-09-07 01:40:00+00:00,17.91,48.7,9.0,0.6
2023-09-07 01:50:00+00:00,17.88,48.6,9.0,0.6
2023-09-07 02:00:00+00:00,17.85,48.5,9.0,0.6
2023-09-07 02:10:00+00:00,17.82,48.4,9.0,0.6
2023-09-07 02:20:00+00:00,17.79,48.3,9.0,0.6
2023-09-07 02:30:00+00:00,17.759999999999998,48.2,9.0,0.6
2023-09-07 02:40:00+00:00,17.73,48.1,9.0,0.6
2023-09-07 02:50:00+00:00,17.7,48.0,9.0,0.6
2023-09-07 03:00:00+00:00,17.689999999999998,48.0,9.0,0.95
2023-09-07 03:10:00+00:00,17.68,48.0,9.0,1.2999999999999998
2023-09-07 03:20:00+00:00,17.67,48.0,9.0,1.65
2023-09-07 03:30:00+00:00,17.66,48.0,9.0,2.0
2023-09-07 03:40:00+00:00,17.65,48.0,9.0,2.35
2023-09-07 03:50:00+00:00,17.64,48.0,9.0,2.6999999999999997
2023-09-07 04:00:00+00:00,17.630000000000003,48.0,9.0,3.05
2023-09-07 04:10:00+00:00,17.62,48.0,9.0,3.4
2023-09-07 04:20:00+00:00,17.61,48.0,9.0,3.75
2023-09-07 04:30:00+00:00,17.6,48.0,9.0,4.1
2023-09-07 04:40:00+00:00,17.5,48.0,9.0,4.1
2023-09-07 04:50:00+00:00,17.5,48.0,9.0,4.1
2023-09-07 05:00:00+00:00,17.5,47.0,9.0,4.1
2023-09-07 05:10:00+00:00,17.5,47.0,9.1,4.1
2023-09-07 05:20:00+00:00,17.5,47.0,9.0,4.1
2023-09-07 05:30:00+00:00,17.45,47.0,9.0,4.0
2023-09-07 05:40:00+00:00,17.4,47.0,9.0,3.9
2023-09-07 05:50:00+00:00,17.4,47.0,9.0,4.1
2023-09-07 06:00:00+00:00,17.4,46.0,9.0,4.1
2023-09-07 06:10:00+00:00,17.4,47.0,9.0,4.1
2023-09-07 06:20:00+00:00,17.4,46.0,9.0,4.1
2023-09-07 06:30:00+00:00,17.4,46.0,9.0,4.1
2023-09-07 06:40:00+00:00,17.3,46.0,9.0,4.1
2023-09-07 06:50:00+00:00,17.3,46.0,9.0,4.1
2023-09-07 07:00:00+00:00,17.3,46.0,9.0,4.1
2023-09-07 07:10:00+00:00,17.3,46.0,9.1,4.1
2023-09-07 07:20:00+00:00,17.3,46.0,9.05,4.1
2023-09-07 07:30:00+00:00,17.3,46.0,9.0,4.1
2023-09-07 07:40:00+00:00,17.3,44.0,9.1,4.1
2023-09-07 07:50:00+00:00,17.3,44.0,9.1,4.1
2023-09-07 08:00:00+00:00,17.3,45.0,9.1,4.1
2023-09-07 08:10:00+00:00,17.3,44.0,9.1,4.1
2023-09-07 08:20:00+00:00,17.3,45.0,9.1,4.1
2023-09-07 08:30:00+00:00,17.3,45.0,9.1,4.1
2023-09-07 08:40:00+00:00,17.3,45.0,9.1,4.1
2023-09-07 08:50:00+00:00,17.3,44.0,9.1,5.8
2023-09-07 09:00:00+00:00,17.3,43.0,9.1,6.0
2023-09-07 09:10:00+00:00,17.3,43.0,9.1,6.05
2023-09-07 09:20:00+00:00,17.3,43.0,9.1,6.1
2023-09-07 09:30:00+00:00,17.3,43.0,9.1,6.1
2023-09-07 09:40:00+00:00,17.4,43.0,9.1,6.1
2023-09-07 09:50:00+00:00,17.4,43.0,9.1,6.1
2023-09-07 10:00:00+00:00,17.4,43.0,9.1,6.2
2023-09-07 10:10:00+00:00,17.4,42.0,9.2,6.1
2023-09-07 10:20:00+00:00,17.5,42.0,9.1,6.1
2023-09-07 10:30:00+00:00,17.5,70.0,9.1,6.2
2023-09-07 10:40:00+00:00,17.5,81.0,9.1,6.1
2023-09-07 10:50:00+00:00,17.5,72.0,9.1,6.1
2023-09-07 11:00:00+00:00,17.5,79.0,9.149999999999999,6.15
2023-09-07 11:10:00+00:00,17.5,86.0,9.2,6.2
2023-09-07 11:20:00+00:00,17.6,99.0,9.2,6.1
2023-09-07 11:30:00+00:00,17.6,100.0,9.2,6.2
2023-09-07 11:40:00+00:00,17.6,100.0,9.2,6.2
2023-09-07 11:50:00+00:00,17.6,100.0,9.2,6.3
2023-09-07 12:00:00+00:00,17.7,100.0,9.2,6.2
2023-09-07 12:10:00+00:00,17.7,100.0,9.2,6.2
2023-09-07 12:20:00+00:00,17.7,96.0,9.2,6.1
2023-09-07 12:30:00+00:00,17.8,100.0,9.2,6.2
2023-09-07 12:40:00+00:00,17.8,100.0,9.2,6.2
2023-09-07 12:50:00+00:00,17.8,100.0,9.2,6.2
2023-09-07 13:00:00+00:00,17.9,100.0,9.2,6.1
2023-09-07 13:10:00+00:00,17.9,96.0,9.2,6.1
2023-09-07 13:20:00+00:00,18.0,100.0,9.2,6.1
2023-09-07 13:30:00+00:00,18.0,90.0,9.2,5.7
2023-09-07 13:40:00+00:00,18.1,77.0,9.2,6.2
2023-09-07 13:50:00+00:00,18.1,55.0,9.2,6.0
2023-09-07 14:00:00+00:00,18.1,75.0,9.2,6.3
2023-09-07 14:10:00+00:00,18.2,42.0,9.2,4.1
2023-09-07 14:20:00+00:00,18.3,43.0,9.2,6.1
2023-09-07 14:30:00+00:00,18.3,42.5,9.2,6.15
2023-09-07 14:40:00+00:00,18.3,42.0,9.2,6.2
2023-09-07 14:50:00+00:00,18.3,42.0,9.2,6.1
2023-09-07 15:00:00+00:00,18.4,42.0,9.2,6.1
2023-09-07 15:10:00+00:00,18.4,43.0,9.2,6.1
2023-09-07 15:20:00+00:00,18.5,42.0,9.2,6.1
2023-09-07 15:30:00+00:00,18.5,43.0,9.2,6.2
2023-09-07 15:40:00+00:00,18.5,42.0,9.2,6.1
2023-09-07 15:50:00+00:00,18.5,43.0,9.2,6.1
2023-09-07 16:00:00+00:00,18.6,44.0,9.2,6.1
2023-09-07 16:10:00+00:00,18.6,44.0,9.2,6.0
2023-09-07 16:20:00+00:00,18.6,44.0,9.2,5.05
2023-09-07 16:30:00+00:00,18.6,44.0,9.2,4.1
2023-09-07 16:40:00+00:00,18.6,44.0,9.2,4.1
2023-09-07 16:50:00+00:00,18.7,45.0,9.2,5.2
2023-09-07 17:00:00+00:00,18.7,45.0,9.2,4.3
2023-09-07 17:10:00+00:00,18.8,45.0,9.2,4.5
2023-09-07 17:20:00+00:00,18.8,45.0,9.2,4.1
2023-09-07 17:30:00+00:00,18.8,46.0,9.2,3.2
2023-09-07 17:40:00+00:00,18.8,46.0,9.1,2.1
2023-09-07 17:50:00+00:00,18.8,46.0,9.2,1.0
2023-09-07 18:00:00+00:00,18.8,46.2,9.19,0.96
2023-09-07 18:10:00+00:00,18.8,46.4,9.18,0.92
2023-09-07 18:20:00+00:00,18.8,46.6,9.17,0.88
2023-09-07 18:30:00+00:00,18.8,46.8,9.16,0.84
2023-09-07 18:40:00+00:00,18.8,47.0,9.149999999999999,0.8
2023-09-07 18:50:00+00:00,18.8,47.2,9.139999999999999,0.76
2023-09-07 19:00:00+00:00,18.8,47.4,9.129999999999999,0.72
2023-09-07 19:10:00+00:00,18.8,47.6,9.12,0.6799999999999999
2023-09-07 19:20:00+00:00,18.8,47.8,9.11,0.64
2023-09-07 19:30:00+00:00,18.8,48.0,9.1,0.6
2023-09-07 19:40:00+00:00,18.785714285714285,48.0,9.092857142857142,0.5857142857142857
2023-09-07 19:50:00+00:00,18.771428571428572,48.0,9.085714285714285,0.5714285714285714
2023-09-07 20:00:00+00:00,18.75714285714286,48.0,9.07857142857143,0.5571428571428572
2023-09-07 20:10:00+00:00,18.742857142857144,48.0,9.071428571428571,0.5428571428571428
2023-09-07 20:20:00+00:00,18.728571428571428,48.0,9.064285714285713,0.5285714285714286
2023-09-07 20:30:00+00:00,18.714285714285715,48.0,9.057142857142857,0.5142857142857142
2023-09-07 20:40:00+00:00,18.700000000000003,48.0,9.05,0.5
2023-09-07 20:50:00+00:00,18.685714285714287,48.0,9.042857142857143,0.4857142857142857
2023-09-07 21:00:00+00:00,18.67142857142857,48.0,9.035714285714285,0.4714285714285714
2023-09-07 21:10:00+00:00,18.65714285714286,48.0,9.028571428571428,0.4571428571428572
2023-09-07 21:20:00+00:00,18.642857142857146,48.0,9.021428571428572,0.44285714285714284
2023-09-07 21:30:00+00:00,18.62857142857143,48.0,9.014285714285714,0.4285714285714286
2023-09-07 21:40:00+00:00,18.614285714285714,48.0,9.007142857142856,0.4142857142857143
2023-09-07 21:50:00+00:00,18.6,48.0,9.0,0.4
2023-09-07 22:00:00+00:00,18.57,48.1,9.0,0.4
2023-09-07 22:10:00+00:00,18.540000000000003,48.2,9.0,0.4
2023-09-07 22:20:00+00:00,18.51,48.3,9.0,0.4
2023-09-07 22:30:00+00:00,18.48,48.4,9.0,0.4
2023-09-07 22:40:00+00:00,18.450000000000003,48.5,9.0,0.4
2023-09-07 22:50:00+00:00,18.42,48.6,9.0,0.4
2023-09-07 23:00:00+00:00,18.39,48.7,9.0,0.4
2023-09-07 23:10:00+00:00,18.36,48.8,9.0,0.4
2023-09-07 23:20:00+00:00,18.330000000000002,48.9,9.0,0.4
2023-09-07 23:30:00+00:00,18.3,49.0,9.0,0.4
2023-09-07 23:40:00+00:00,18.27,49.0,9.0,0.42000000000000004
2023-09-07 23:50:00+00:00,18.240000000000002,49.0,9.0,0.44
2023-09-08 00:00:00+00:00,18.21,49.0,9.0,0.46
2023-09-08 00:10:00+00:00,18.18,49.0,9.0,0.48
2023-09-08 00:20:00+00:00,18.15,49.0,9.0,0.5
2023-09-08 00:30:00+00:00,18.12,49.0,9.0,0.52
2023-09-08 00:40:00+00:00,18.09,49.0,9.0,0.54
2023-09-08 00:50:00+00:00,18.06,49.0,9.0,0.56
2023-09-08 01:00:00+00:00,18.03,49.0,9.0,0.58
2023-09-08 01:10:00+00:00,18.0,49.0,9.0,0.6
2023-09-08 01:20:00+00:00,17.97,49.0,9.0,0.6
2023-09-08 01:30:00+00:00,17.94,49.0,9.0,0.6
2023-09-08 01:40:00+00:00,17.91,49.0,9.0,0.6
2023-09-08 01:50:00+00:00,17.88,49.0,9.0,0.6
2023-09-08 02:00:00+00:00,17.85,49.0,9.0,0.6
2023-09-08 02:10:00+00:00,17.82,49.0,9.0,0.6
2023-09-08 02:20:00+00:00,17.79,49.0,9.0,0.6
2023-09-08 02:30:00+00:00,17.759999999999998,49.0,9.0,0.6
2023-09-08 02:40:00+00:00,17.73,49.0,9.0,0.6
2023-09-08 02:50:00+00:00,17.7,49.0,9.0,0.6
2023-09-08 03:00:00+00:00,17.665,49.0,9.0,0.9349999999999999
2023-09-08 03:10:00+00:00,17.63,49.0,9.0,1.27
2023-09-08 03:20:00+00:00,17.595,49.0,9.0,1.605
2023-09-08 03:30:00+00:00,17.56,49.0,9.0,1.94
2023-09-08 03:40:00+00:00,17.525,49.0,9.0,2.275
2023-09-08 03:50:00+00:00,17.490000000000002,49.0,9.0,2.61
2023-09-08 04:00:00+00:00,17.455000000000002,49.0,9.0,2.945
2023-09-08 04:10:00+00:00,17.42,49.0,9.0,3.28
2023-09-08 04:20:00+00:00,17.385,49.0,9.0,3.6149999999999998
2023-09-08 04:30:00+00:00,17.35,49.0,9.0,3.9499999999999997
2023-09-08 04:40:00+00:00,17.3,48.0,9.0,4.1
2023-09-08 04:50:00+00:00,17.3,48.0,9.0,4.1
2023-09-08 05:00:00+00:00,17.25,48.0,9.0,4.1
2023-09-08 05:10:00+00:00,17.2,48.0,9.0,4.1
2023-09-08 05:20:00+00:00,17.2,47.0,9.0,4.1
2023-09-08 05:30:00+00:00,17.1,47.0,9.0,4.1
2023-09-08 05:40:00+00:00,17.1,47.0,9.0,4.1
2023-09-08 05:50:00+00:00,17.1,46.0,9.0,4.1
2023-09-08 06:00:00+00:00,17.1,45.0,9.0,4.1
2023-09-08 06:10:00+00:00,17.1,46.0,9.0,4.1
2023-09-08 06:20:00+00:00,17.1,45.0,9.0,4.1
2023-09-08 06:30:00+00:00,17.0,45.0,9.0,4.1
2023-09-08 06:40:00+00:00,17.0,44.0,9.0,4.1
2023-09-08 06:50:00+00:00,17.0,44.0,9.0,4.1
2023-09-08 07:00:00+00:00,17.0,44.0,9.0,4.1
2023-09-08 07:10:00+00:00,17.0,44.0,9.0,4.1
2023-09-08 07:20:00+00:00,17.0,44.0,9.0,3.9
2023-09-08 07:30:00+00:00,17.0,44.0,9.1,4.1
2023-09-08 07:40:00+00:00,17.0,44.0,9.0,4.1
2023-09-08 07:50:00+00:00,17.0,43.0,9.0,4.1
2023-09-08 08:00:00+00:00,17.0,43.0,9.0,4.1
2023-09-08 08:10:00+00:00,17.0,42.0,9.1,4.1
2023-09-08 08:20:00+00:00,17.0,42.0,9.1,4.1
2023-09-08 08:30:00+00:00,17.0,42.0,9.1,4.1
2023-09-08 08:40:00+00:00,17.0,42.0,9.1,4.1
2023-09-08 08:50:00+00:00,17.0,42.0,9.1,4.1
2023-09-08 09:00:00+00:00,17.0,42.0,9.1,4.2
2023-09-08 09:10:00+00:00,17.0,41.0,9.1,4.2
2023-09-08 09:20:00+00:00,17.1,41.0,9.1,5.8
2023-09-08 09:30:00+00:00,17.1,41.0,9.1,5.9
2023-09-08 09:40:00+00:00,17.1,41.0,9.1,6.0
2023-09-08 09:50:00+00:00,17.1,41.0,9.1,5.6
2023-09-08 10:00:00+00:00,17.1,42.0,9.1,6.1
2023-09-08 10:10:00+00:00,17.2,50.0,9.1,6.0
2023-09-08 10:20:00+00:00,17.2,56.0,9.1,6.1
2023-09-08 10:30:00+00:00,17.25,54.0,9.149999999999999,6.05
2023-09-08 10:40:00+00:00,17.3,52.0,9.2,6.0
2023-09-08 10:50:00+00:00,17.3,60.0,9.1,6.0
2023-09-08 11:00:00+00:00,17.3,60.0,9.2,6.0
2023-09-08 11:10:00+00:00,17.4,56.0,9.2,6.0
2023-09-08 11:20:00+00:00,17.4,81.0,9.2,6.0
2023-09-08 11:30:00+00:00,17.4,100.0,9.2,6.1
2023-09-08 11:40:00+00:00,17.5,95.0,9.2,6.1
2023-09-08 11:50:00+00:00,17.6,78.0,9.2,6.0
2023-09-08 12:00:00+00:00,17.6,87.0,9.2,6.0
2023-09-08 12:10:00+00:00,17.6,83.0,9.2,6.0
2023-09-08 12:20:00+00:00,17.6,79.0,9.2,6.0
2023-09-08 12:30:00+00:00,17.7,83.0,9.3,6.1
2023-09-08 12:40:00+00:00,17.8,66.0,9.3,6.0
2023-09-08 12:50:00+00:00,17.8,64.0,9.3,6.0
2023-09-08 13:00:00+00:00,17.9,74.0,9.2,6.0
2023-09-08 13:10:00+00:00,18.0,89.0,9.2,6.1
2023-09-08 13:20:00+00:00,18.0,90.0,9.3,6.1
2023-09-08 13:30:00+00:00,18.0,89.0,9.3,6.0
2023-09-08 13:40:00+00:00,18.1,71.0,9.3,6.0
2023-09-08 13:50:00+00:00,18.1,84.0,9.3,6.0
2023-09-08 14:00:00+00:00,18.15,89.5,9.3,6.0
2023-09-08 14:10:00+00:00,18.2,95.0,9.3,6.0
2023-09-08 14:20:00+00:00,18.3,100.0,9.3,6.1
2023-09-08 14:30:00+00:00,18.3,100.0,9.3,6.1
2023-09-08 14:40:00+00:00,18.4,100.0,9.3,6.0
2023-09-08 14:50:00+00:00,18.4,79.0,9.3,6.0
2023-09-08 15:00:00+00:00,18.5,70.0,9.3,6.1
2023-09-08 15:10:00+00:00,18.5,64.0,9.3,6.2
2023-09-08 15:20:00+00:00,18.5,61.0,9.3,6.1
2023-09-08 15:30:00+00:00,18.6,56.0,9.3,6.1
2023-09-08 15:40:00+00:00,18.6,52.0,9.3,6.1
2023-09-08 15:50:00+00:00,18.6,51.5,9.3,6.05
2023-09-08 16:00:00+00:00,18.6,51.0,9.3,6.0
2023-09-08 16:10:00+00:00,18.6,51.0,9.3,5.9
2023-09-08 16:20:00+00:00,18.7,49.0,9.3,5.8
2023-09-08 16:30:00+00:00,18.8,50.0,9.3,4.1
2023-09-08 16:40:00+00:00,18.8,51.0,9.3,4.5
2023-09-08 16:50:00+00:00,18.8,52.0,9.3,4.1
2023-09-08 17:00:00+00:00,18.8,54.0,9.3,4.1
2023-09-08 17:10:00+00:00,18.8,57.0,9.2,4.1
2023-09-08 17:20:00+00:00,18.9,60.0,9.2,3.5
2023-09-08 17:30:00+00:00,18.9,68.0,9.2,2.4
2023-09-08 17:40:00+00:00,18.9,68.5,9.2,1.85
2023-09-08 17:50:00+00:00,18.9,69.0,9.2,1.3
2023-09-08 18:00:00+00:00,18.9,71.0,9.2,0.7
2023-09-08 18:10:00+00:00,18.9,73.1,9.2,0.69
2023-09-08 18:20:00+00:00,18.9,75.2,9.2,0.6799999999999999
2023-09-08 18:30:00+00:00,18.9,77.3,9.2,0.6699999999999999
2023-09-08 18:40:00+00:00,18.9,79.4,9.2,0.6599999999999999
2023-09-08 18:50:00+00:00,18.9,81.5,9.2,0.6499999999999999
2023-09-08 19:00:00+00:00,18.9,83.6,9.2,0.64
2023-09-08 19:10:00+00:00,18.9,85.7,9.2,0.63
2023-09-08 19:20:00+00:00,18.9,87.8,9.2,0.62
2023-09-08 19:30:00+00:00,18.9,89.9,9.2,0.61
2023-09-08 19:40:00+00:00,18.9,92.0,9.2,0.6
2023-09-08 19:50:00+00:00,18.884615384615383,92.61538461538461,9.2,0.6
2023-09-08 20:00:00+00:00,18.869230769230768,93.23076923076923,9.2,0.6
2023-09-08 20:10:00+00:00,18.853846153846153,93.84615384615384,9.2,0.6
2023-09-08 20:20:00+00:00,18.838461538461537,94.46153846153847,9.2,0.6
2023-09-08 20:30:00+00:00,18.823076923076922,95.07692307692308,9.2,0.6
2023-09-08 20:40:00+00:00,18.807692307692307,95.6923076923077,9.2,0.6
2023-09-08 20:50:00+00:00,18.79230769230769,96.3076923076923,9.2,0.6
2023-09-08 21:00:00+00:00,18.776923076923076,96.92307692307692,9.2,0.6
2023-09-08 21:10:00+00:00,18.76153846153846,97.53846153846153,9.2,0.6
2023-09-08 21:20:00+00:00,18.746153846153845,98.15384615384616,9.2,0.6
2023-09-08 21:30:00+00:00,18.73076923076923,98.76923076923077,9.2,0.6
2023-09-08 21:40:00+00:00,18.715384615384615,99.38461538461539,9.2,0.6
2023-09-08 21:50:00+00:00,18.7,100.0,9.2,0.6
2023-09-08 22:00:00+00:00,18.671739130434784,98.84782608695652,9.197826086956521,0.6760869565217391
2023-09-08 22:10:00+00:00,18.643478260869564,97.69565217391305,9.195652173913043,0.7521739130434782
2023-09-08 22:20:00+00:00,18.61521739130435,96.54347826086956,9.193478260869565,0.8282608695652174
2023-09-08 22:30:00+00:00,18.58695652173913,95.3913043478261,9.191304347826087,0.9043478260869564
2023-09-08 22:40:00+00:00,18.558695652173913,94.23913043478261,9.189130434782609,0.9804347826086957
2023-09-08 22:50:00+00:00,18.530434782608694,93.08695652173913,9.18695652173913,1.0565217391304347
2023-09-08 23:00:00+00:00,18.502173913043478,91.93478260869566,9.184782608695652,1.132608695652174
2023-09-08 23:10:00+00:00,18.47391304347826,90.78260869565217,9.182608695652172,1.208695652173913
2023-09-08 23:20:00+00:00,18.445652173913043,89.63043478260869,9.180434782608694,1.284782608695652
2023-09-08 23:30:00+00:00,18.417391304347824,88.47826086956522,9.178260869565216,1.3608695652173912
2023-09-08 23:40:00+00:00,18.389130434782608,87.32608695652173,9.176086956521738,1.4369565217391305
2023-09-08 23:50:00+00:00,18.360869565217392,86.17391304347827,9.17391304347826,1.5130434782608693
2023-09-09 00:00:00+00:00,18.332608695652173,85.02173913043478,9.171739130434782,1.5891304347826085
2023-09-09 00:10:00+00:00,18.304347826086957,83.86956521739131,9.169565217391304,1.6652173913043478
2023-09-09 00:20:00+00:00,18.276086956521738,82.71739130434783,9.167391304347825,1.741304347826087
2023-09-09 00:30:00+00:00,18.247826086956522,81.56521739130434,9.165217391304347,1.8173913043478258
2023-09-09 00:40:00+00:00,18.219565217391303,80.41304347826087,9.16304347826087,1.893478260869565
2023-09-09 00:50:00+00:00,18.191304347826087,79.26086956521739,9.160869565217391,1.9695652173913043
2023-09-09 01:00:00+00:00,18.163043478260867,78.1086956521739,9.158695652173913,2.045652173913043
2023-09-09 01:10:00+00:00,18.13478260869565,76.95652173913044,9.156521739130435,2.1217391304347823
2023-09-09 01:20:00+00:00,18.106521739130432,75.80434782608695,9.154347826086957,2.1978260869565216
2023-09-09 01:30:00+00:00,18.078260869565216,74.65217391304347,9.152173913043478,2.273913043478261
2023-09-09 01:40:00+00:00,18.049999999999997,73.5,9.149999999999999,2.3499999999999996
2023-09-09 01:50:00+00:00,18.02173913043478,72.34782608695653,9.14782608695652,2.426086956521739
2023-09-09 02:00:00+00:00,,,,
2023-09-09 02:10:00+00:00,,,,
2023-09-09 02:20:00+00:00,,,,
2023-09-09 02:30:00+00:00,,,,
2023-09-09 02:40:00+00:00,,,,
2023-09-09 02:50:00+00:00,,,,
2023-09-09 03:00:00+00:00,,,,
2023-09-09 03:10:00+00:00,,,,
2023-09-09 03:20:00+00:00,,,,
2023-09-09 03:30:00+00:00,,,,
2023-09-09 03:40:00+00:00,,,,
2023-09-09 03:50:00+00:00,,,,
2023-09-09 04:00:00+00:00,,,,
2023-09-09 04:10:00+00:00,,,,
2023-09-09 04:20:00+00:00,,,,
2023-09-09 04:30:00+00:00,,,,
2023-09-09 04:40:00+00:00,,,,
2023-09-09 04:50:00+00:00,,,,
2023-09-09 05:00:00+00:00,,,,
2023-09-09 05:10:00+00:00,,,,
2023-09-09 05:20:00+00:00,,,,
2023-09-09 05:30:00+00:00,17.4,47.0,9.1,4.1
2023-09-09 05:40:00+00:00,17.4,48.0,9.1,4.1
2023-09-09 05:50:00+00:00,17.3,47.0,9.1,4.1
2023-09-09 06:00:00+00:00,17.3,47.0,9.1,4.1
2023-09-09 06:10:00+00:00,17.3,46.0,9.1,4.1
2023-09-09 06:20:00+00:00,17.3,46.0,9.1,4.1
2023-09-09 06:30:00+00:00,17.3,46.0,9.1,4.1
2023-09-09 06:40:00+00:00,17.3,45.0,9.1,4.1
2023-09-09 06:50:00+00:00,17.3,46.0,9.1,4.1
2023-09-09 07:00:00+00:00,17.3,46.0,9.1,4.1
2023-09-09 07:10:00+00:00,17.3,46.0,9.1,4.1
2023-09-09 07:20:00+00:00,17.2,46.0,9.1,4.1
2023-09-09 07:30:00+00:00,17.2,45.0,9.1,4.1
2023-09-09 07:40:00+00:00,17.2,44.0,9.1,4.1
2023-09-09 07:50:00+00:00,17.2,44.0,9.1,4.1
2023-09-09 08:00:00+00:00,17.2,44.0,9.2,4.2
2023-09-09 08:10:00+00:00,17.2,44.0,9.1,4.3
2023-09-09 08:20:00+00:00,17.2,43.0,9.1,5.9
2023-09-09 08:30:00+00:00,17.2,42.0,9.2,5.9
2023-09-09 08:40:00+00:00,17.2,42.0,9.2,6.1
2023-09-09 08:50:00+00:00,17.25,42.0,9.2,6.1
2023-09-09 09:00:00+00:00,17.3,42.0,9.2,6.1
2023-09-09 09:10:00+00:00,17.3,42.0,9.2,6.1
2023-09-09 09:20:00+00:00,17.3,42.0,9.2,6.1
2023-09-09 09:30:00+00:00,17.3,42.0,9.2,6.2
2023-09-09 09:40:00+00:00,17.3,57.0,9.2,6.2
2023-09-09 09:50:00+00:00,17.3,55.0,9.2,6.2
2023-09-09 10:00:00+00:00,17.3,62.0,9.2,6.2
2023-09-09 10:10:00+00:00,17.4,70.0,9.2,6.1
2023-09-09 10:20:00+00:00,17.4,54.0,9.2,6.1
2023-09-09 10:30:00+00:00,17.4,62.0,9.2,6.1
2023-09-09 10:40:00+00:00,17.45,73.0,9.25,6.1
2023-09-09 10:50:00+00:00,17.5,84.0,9.3,6.1
2023-09-09 11:00:00+00:00,17.5,87.0,9.3,6.1
2023-09-09 11:10:00+00:00,17.5,83.0,9.3,6.1
2023-09-09 11:20:00+00:00,17.6,88.0,9.3,6.1
2023-09-09 11:30:00+00:00,17.6,90.0,9.3,6.1
2023-09-09 11:40:00+00:00,17.6,99.0,9.3,6.1
2023-09-09 11:50:00+00:00,17.7,92.0,9.3,6.1
2023-09-09 12:00:00+00:00,17.7,100.0,9.3,6.1
2023-09-09 12:10:00+00:00,17.8,100.0,9.3,6.1
2023-09-09 12:20:00+00:00,17.8,100.0,9.3,6.1
2023-09-09 12:30:00+00:00,17.85,100.0,9.3,6.1
2023-09-09 12:40:00+00:00,17.9,100.0,9.3,6.1
2023-09-09 12:50:00+00:00,17.9,100.0,9.3,6.2
2023-09-09 13:00:00+00:00,18.0,98.0,9.3,6.1
2023-09-09 13:10:00+00:00,18.0,92.0,9.4,6.1
2023-09-09 13:20:00+00:00,18.1,92.0,9.4,6.1
2023-09-09 13:30:00+00:00,18.1,100.0,9.4,6.1
2023-09-09 13:40:00+00:00,18.2,100.0,9.3,6.1
2023-09-09 13:50:00+00:00,18.2,100.0,9.3,6.2
2023-09-09 14:00:00+00:00,18.3,100.0,9.3,6.1
2023-09-09 14:10:00+00:00,18.3,100.0,9.4,6.1
2023-09-09 14:20:00+00:00,18.35,100.0,9.4,6.05
2023-09-09 14:30:00+00:00,18.4,100.0,9.4,6.0
2023-09-09 14:40:00+00:00,18.5,100.0,9.4,6.0
2023-09-09 14:50:00+00:00,18.5,100.0,9.4,5.9
2023-09-09 15:00:00+00:00,18.5,100.0,9.4,5.8
2023-09-09 15:10:00+00:00,18.5,90.0,9.4,5.5
2023-09-09 15:20:00+00:00,18.6,97.0,9.4,4.2
2023-09-09 15:30:00+00:00,18.6,100.0,9.4,4.2
2023-09-09 15:40:00+00:00,18.6,100.0,9.4,4.2
2023-09-09 15:50:00+00:00,18.7,92.0,9.4,4.1
2023-09-09 16:00:00+00:00,18.7,88.0,9.4,4.1
2023-09-09 16:10:00+00:00,18.7,87.5,9.4,4.1
2023-09-09 16:20:00+00:00,18.7,87.0,9.4,4.1
2023-09-09 16:30:00+00:00,18.8,87.0,9.4,5.1
2023-09-09 16:40:00+00:00,18.8,85.0,9.4,5.6
2023-09-09 16:50:00+00:00,18.8,82.0,9.4,4.5
2023-09-09 17:00:00+00:00,18.8,81.0,9.4,4.1
2023-09-09 17:10:00+00:00,18.8,81.0,9.3,4.3
2023-09-09 17:20:00+00:00,18.8,80.0,9.4,4.1
2023-09-09 17:30:00+00:00,18.9,81.0,9.4,2.8
2023-09-09 17:40:00+00:00,18.9,83.0,9.3,1.3
2023-09-09 17:50:00+00:00,18.9,83.0,9.4,0.8
2023-09-09 18:00:00+00:00,18.9,84.0,9.392857142857142,0.7714285714285715
2023-09-09 18:10:00+00:00,18.9,85.0,9.385714285714286,0.7428571428571429
2023-09-09 18:20:00+00:00,18.9,86.0,9.37857142857143,0.7142857142857143
2023-09-09 18:30:00+00:00,18.9,87.0,9.371428571428572,0.6857142857142857
2023-09-09 18:40:00+00:00,18.9,88.0,9.364285714285714,0.6571428571428571
2023-09-09 18:50:00+00:00,18.9,89.0,9.357142857142858,0.6285714285714286
2023-09-09 19:00:00+00:00,18.9,90.0,9.350000000000001,0.6000000000000001
2023-09-09 19:10:00+00:00,18.9,91.0,9.342857142857143,0.5714285714285714
2023-09-09 19:20:00+00:00,18.9,92.0,9.335714285714285,0.5428571428571429
2023-09-09 19:30:00+00:00,18.9,93.0,9.32857142857143,0.5142857142857142
2023-09-09 19:40:00+00:00,18.9,94.0,9.321428571428573,0.4857142857142857
2023-09-09 19:50:00+00:00,18.9,95.0,9.314285714285715,0.4571428571428572
2023-09-09 20:00:00+00:00,18.9,96.0,9.307142857142857,0.4285714285714286
2023-09-09 20:10:00+00:00,18.9,97.0,9.3,0.4
2023-09-09 20:20:00+00:00,18.89,97.3,9.3,0.42000000000000004
2023-09-09 20:30:00+00:00,18.88,97.6,9.3,0.44
2023-09-09 20:40:00+00:00,18.869999999999997,97.9,9.3,0.46
2023-09-09 20:50:00+00:00,18.86,98.2,9.3,0.48
2023-09-09 21:00:00+00:00,18.85,98.5,9.3,0.5
2023-09-09 21:10:00+00:00,18.84,98.8,9.3,0.52
2023-09-09 21:20:00+00:00,18.83,99.1,9.3,0.54
2023-09-09 21:30:00+00:00,18.82,99.4,9.3,0.56
2023-09-09 21:40:00+00:00,18.810000000000002,99.7,9.3,0.58
2023-09-09 21:50:00+00:00,18.8,100.0,9.3,0.6
2023-09-09 22:00:00+00:00,18.76808510638298,100.0,9.295744680851065,0.6744680851063829
2023-09-09 22:10:00+00:00,18.73617021276596,100.0,9.291489361702128,0.7489361702127659
2023-09-09 22:20:00+00:00,18.70425531914894,100.0,9.287234042553193,0.823404255319149
2023-09-09 22:30:00+00:00,18.672340425531914,100.0,9.282978723404256,0.8978723404255319
2023-09-09 22:40:00+00:00,18.640425531914893,100.0,9.27872340425532,0.9723404255319148
2023-09-09 22:50:00+00:00,18.608510638297872,100.0,9.274468085106383,1.0468085106382978
2023-09-09 23:00:00+00:00,18.57659574468085,100.0,9.270212765957448,1.1212765957446806
2023-09-09 23:10:00+00:00,18.54468085106383,100.0,9.26595744680851,1.195744680851064
2023-09-09 23:20:00+00:00,18.51276595744681,100.0,9.261702127659575,1.2702127659574467
2023-09-09 23:30:00+00:00,18.48085106382979,100.0,9.25744680851064,1.3446808510638297
2023-09-09 23:40:00+00:00,18.448936170212768,100.0,9.253191489361702,1.4191489361702128
2023-09-09 23:50:00+00:00,18.417021276595744,100.0,9.248936170212767,1.4936170212765956
2023-09-10 00:00:00+00:00,18.385106382978723,100.0,9.24468085106383,1.5680851063829788
2023-09-10 00:10:00+00:00,18.353191489361702,100.0,9.240425531914894,1.6425531914893616
2023-09-10 00:20:00+00:00,18.32127659574468,100.0,9.236170212765957,1.7170212765957444
2023-09-10 00:30:00+00:00,18.28936170212766,100.0,9.231914893617022,1.7914893617021277
2023-09-10 00:40:00+00:00,18.25744680851064,100.0,9.227659574468085,1.8659574468085105
2023-09-10 00:50:00+00:00,18.22553191489362,100.0,9.22340425531915,1.9404255319148938
2023-09-10 01:00:00+00:00,18.193617021276598,100.0,9.219148936170214,2.0148936170212766
2023-09-10 01:10:00+00:00,18.161702127659574,100.0,9.214893617021277,2.0893617021276594
2023-09-10 01:20:00+00:00,18.129787234042553,100.0,9.210638297872341,2.1638297872340426
2023-09-10 01:30:00+00:00,18.097872340425532,100.0,9.206382978723404,2.2382978723404254
2023-09-10 01:40:00+00:00,18.06595744680851,100.0,9.202127659574469,2.3127659574468082
2023-09-10 01:50:00+00:00,18.03404255319149,100.0,9.197872340425532,2.3872340425531915
2023-09-10 02:00:00+00:00,,,,
2023-09-10 02:10:00+00:00,,,,
2023-09-10 02:20:00+00:00,,,,
2023-09-10 02:30:00+00:00,,,,
2023-09-10 02:40:00+00:00,,,,
2023-09-10 02:50:00+00:00,,,,
2023-09-10 03:00:00+00:00,,,,
2023-09-10 03:10:00+00:00,,,,
2023-09-10 03:20:00+00:00,,,,
2023-09-10 03:30:00+00:00,,,,
2023-09-10 03:40:00+00:00,,,,
2023-09-10 03:50:00+00:00,,,,
2023-09-10 04:00:00+00:00,,,,
2023-09-10 04:10:00+00:00,,,,
2023-09-10 04:20:00+00:00,,,,
2023-09-10 04:30:00+00:00,,,,
2023-09-10 04:40:00+00:00,,,,
2023-09-10 04:50:00+00:00,,,,
2023-09-10 05:00:00+00:00,,,,
2023-09-10 05:10:00+00:00,,,,
2023-09-10 05:20:00+00:00,,,,
2023-09-10 05:30:00+00:00,,,,
2023-09-10 05:40:00+00:00,17.3,100.0,9.1,4.1
2023-09-10 05:50:00+00:00,17.3,86.0,9.1,4.1
2023-09-10 06:00:00+00:00,17.3,46.0,9.1,4.1
2023-09-10 06:10:00+00:00,17.3,46.0,9.1,3.9
2023-09-10 06:20:00+00:00,17.3,46.0,9.1,4.1
2023-09-10 06:30:00+00:00,17.2,45.0,9.1,4.1
2023-09-10 06:40:00+00:00,17.2,45.0,9.1,4.1
2023-09-10 06:50:00+00:00,17.2,44.0,9.1,4.1
2023-09-10 07:00:00+00:00,17.2,44.0,9.1,4.1
2023-09-10 07:10:00+00:00,17.15,44.0,9.1,4.1
2023-09-10 07:20:00+00:00,17.1,44.0,9.1,4.1
2023-09-10 07:30:00+00:00,17.1,44.0,9.1,4.1
2023-09-10 07:40:00+00:00,17.1,44.0,9.2,4.1
2023-09-10 07:50:00+00:00,17.1,44.0,9.2,4.1
2023-09-10 08:00:00+00:00,17.1,43.0,9.2,4.1
2023-09-10 08:10:00+00:00,17.1,43.0,9.2,4.1
2023-09-10 08:20:00+00:00,17.1,42.0,9.2,5.6
2023-09-10 08:30:00+00:00,17.1,43.0,9.2,6.0
2023-09-10 08:40:00+00:00,17.1,42.0,9.2,6.1
2023-09-10 08:50:00+00:00,17.2,42.0,9.2,6.2
2023-09-10 09:00:00+00:00,17.2,42.0,9.2,6.2
2023-09-10 09:10:00+00:00,17.2,42.0,9.2,6.2
2023-09-10 09:20:00+00:00,17.2,42.0,9.2,6.2
2023-09-10 09:30:00+00:00,17.3,41.0,9.2,6.2
2023-09-10 09:40:00+00:00,17.3,41.0,9.2,6.2
2023-09-10 09:50:00+00:00,17.3,42.0,9.3,6.2
2023-09-10 10:00:00+00:00,17.3,45.0,9.3,6.2
2023-09-10 10:10:00+00:00,17.3,58.0,9.3,6.2
2023-09-10 10:20:00+00:00,17.4,57.0,9.3,6.1
2023-09-10 10:30:00+00:00,17.5,53.0,9.3,6.1
2023-09-10 10:40:00+00:00,17.5,52.0,9.3,6.1
2023-09-10 10:50:00+00:00,17.5,60.5,9.3,6.15
2023-09-10 11:00:00+00:00,17.5,69.0,9.3,6.2
2023-09-10 11:10:00+00:00,17.6,75.0,9.3,6.2
2023-09-10 11:20:00+00:00,17.6,79.0,9.4,6.2
2023-09-10 11:30:00+00:00,17.6,95.0,9.4,6.1
2023-09-10 11:40:00+00:00,17.7,94.0,9.4,6.1
2023-09-10 11:50:00+00:00,17.8,84.0,9.4,6.0
2023-09-10 12:00:00+00:00,17.8,92.0,9.4,6.2
2023-09-10 12:10:00+00:00,17.9,96.0,9.5,6.1
2023-09-10 12:20:00+00:00,18.0,98.0,9.4,6.1
2023-09-10 12:30:00+00:00,18.0,100.0,9.5,6.1
2023-09-10 12:40:00+00:00,18.05,100.0,9.5,6.1
2023-09-10 12:50:00+00:00,18.1,100.0,9.5,6.1
2023-09-10 13:00:00+00:00,18.1,100.0,9.5,6.1
2023-09-10 13:10:00+00:00,18.2,86.0,9.5,6.0
2023-09-10 13:20:00+00:00,18.3,92.0,9.5,6.1
2023-09-10 13:30:00+00:00,18.3,75.0,9.5,6.0
2023-09-10 13:40:00+00:00,18.4,84.0,9.5,6.1
2023-09-10 13:50:00+00:00,18.5,68.0,9.6,6.0
2023-09-10 14:00:00+00:00,18.5,69.0,9.5,6.1
2023-09-10 14:10:00+00:00,18.6,72.0,9.6,6.1
2023-09-10 14:20:00+00:00,18.6,64.0,9.6,6.1
2023-09-10 14:30:00+00:00,18.65,61.0,9.6,6.05
2023-09-10 14:40:00+00:00,18.7,58.0,9.6,6.0
2023-09-10 14:50:00+00:00,18.8,52.0,9.6,6.0
2023-09-10 15:00:00+00:00,18.8,51.0,9.6,6.0
2023-09-10 15:10:00+00:00,18.9,51.0,9.5,6.0
2023-09-10 15:20:00+00:00,18.9,48.0,9.5,6.0
2023-09-10 15:30:00+00:00,19.0,48.0,9.5,6.0
2023-09-10 15:40:00+00:00,19.0,53.0,9.5,6.0
2023-09-10 15:50:00+00:00,19.1,49.0,9.5,5.9
2023-09-10 16:00:00+00:00,19.1,52.0,9.5,4.4
2023-09-10 16:10:00+00:00,19.1,53.0,9.6,4.2
2023-09-10 16:20:00+00:00,19.1,54.0,9.55,4.15
2023-09-10 16:30:00+00:00,19.1,55.0,9.5,4.1
2023-09-10 16:40:00+00:00,19.2,57.0,9.5,4.3
2023-09-10 16:50:00+00:00,19.2,58.0,9.5,4.8
2023-09-10 17:00:00+00:00,19.2,57.0,9.6,4.1
2023-09-10 17:10:00+00:00,19.3,59.0,9.5,3.9
2023-09-10 17:20:00+00:00,19.3,60.0,9.5,3.0
2023-09-10 17:30:00+00:00,19.3,63.0,9.5,1.7
2023-09-10 17:40:00+00:00,19.3,66.0,9.5,0.8
2023-09-10 17:50:00+00:00,19.29825806451613,66.02193548387096,9.500129032258064,0.803483870967742
2023-09-10 18:00:00+00:00,19.29651612903226,66.04387096774194,9.50025806451613,0.8069677419354839
2023-09-10 18:10:00+00:00,19.29477419354839,66.0658064516129,9.500387096774194,0.8104516129032259
2023-09-10 18:20:00+00:00,19.293032258064517,66.08774193548388,9.500516129032258,0.8139354838709678
2023-09-10 18:30:00+00:00,19.291290322580647,66.10967741935484,9.500645161290322,0.8174193548387098
2023-09-10 18:40:00+00:00,19.289548387096776,66.1316129032258,9.500774193548388,0.8209032258064517
2023-09-10 18:50:00+00:00,19.287806451612905,66.15354838709678,9.500903225806452,0.8243870967741936
2023-09-10 19:00:00+00:00,19.286064516129034,66.17548387096774,9.501032258064516,0.8278709677419356
2023-09-10 19:10:00+00:00,19.284322580645163,66.19741935483871,9.50116129032258,0.8313548387096774
2023-09-10 19:20:00+00:00,19.282580645161293,66.21935483870968,9.501290322580646,0.8348387096774194
2023-09-10 19:30:00+00:00,19.28083870967742,66.24129032258064,9.50141935483871,0.8383225806451613
2023-09-10 19:40:00+00:00,19.279096774193548,66.26322580645162,9.501548387096774,0.8418064516129032
2023-09-10 19:50:00+00:00,19.277354838709677,66.28516129032258,9.501677419354838,0.8452903225806452
2023-09-10 20:00:00+00:00,19.275612903225806,66.30709677419355,9.501806451612904,0.8487741935483871
2023-09-10 20:10:00+00:00,19.273870967741935,66.32903225806452,9.501935483870968,0.8522580645161291
2023-09-10 20:20:00+00:00,19.272129032258064,66.35096774193548,9.502064516129032,0.855741935483871
2023-09-10 20:30:00+00:00,19.270387096774193,66.37290322580645,9.502193548387098,0.859225806451613
2023-09-10 20:40:00+00:00,19.268645161290323,66.39483870967742,9.502322580645162,0.8627096774193549
2023-09-10 20:50:00+00:00,19.266903225806452,66.41677419354839,9.502451612903226,0.8661935483870968
2023-09-10 21:00:00+00:00,19.26516129032258,66.43870967741935,9.50258064516129,0.8696774193548388
2023-09-10 21:10:00+00:00,19.26341935483871,66.46064516129032,9.502709677419356,0.8731612903225807
2023-09-10 21:20:00+00:00,19.26167741935484,66.48258064516129,9.50283870967742,0.8766451612903227
2023-09-10 21:30:00+00:00,19.25993548387097,66.50451612903225,9.502967741935484,0.8801290322580646
2023-09-10 21:40:00+00:00,19.258193548387098,66.52645161290323,9.503096774193548,0.8836129032258065
2023-09-10 21:50:00+00:00,,,,
2023-09-10 22:00:00+00:00,,,,
2023-09-10 22:10:00+00:00,,,,
2023-09-10 22:20:00+00:00,,,,
2023-09-10 22:30:00+00:00,,,,
2023-09-10 22:40:00+00:00,,,,
2023-09-10 22:50:00+00:00,,,,
2023-09-10 23:00:00+00:00,,,,
2023-09-10 23:10:00+00:00,,,,
2023-09-10 23:20:00+00:00,,,,
2023-09-10 23:30:00+00:00,,,,
2023-09-10 23:40:00+00:00,,,,
2023-09-10 23:50:00+00:00,,,,
2023-09-11 00:00:00+00:00,,,,
2023-09-11 00:10:00+00:00,,,,
2023-09-11 00:20:00+00:00,,,,
2023-09-11 00:30:00+00:00,,,,
2023-09-11 00:40:00+00:00,,,,
2023-09-11 00:50:00+00:00,,,,
2023-09-11 01:00:00+00:00,,,,
2023-09-11 01:10:00+00:00,,,,
2023-09-11 01:20:00+00:00,,,,
2023-09-11 01:30:00+00:00,,,,
2023-09-11 01:40:00+00:00,,,,
2023-09-11 01:50:00+00:00,,,,
2023-09-11 02:00:00+00:00,,,,
2023-09-11 02:10:00+00:00,,,,
2023-09-11 02:20:00+00:00,,,,
2023-09-11 02:30:00+00:00,,,,
2023-09-11 02:40:00+00:00,,,,
2023-09-11 02:50:00+00:00,,,,
2023-09-11 03:00:00+00:00,,,,
2023-09-11 03:10:00+00:00,,,,
2023-09-11 03:20:00+00:00,,,,
2023-09-11 03:30:00+00:00,,,,
2023-09-11 03:40:00+00:00,,,,
2023-09-11 03:50:00+00:00,,,,
2023-09-11 04:00:00+00:00,,,,
2023-09-11 04:10:00+00:00,,,,
2023-09-11 04:20:00+00:00,,,,
2023-09-11 04:30:00+00:00,,,,
2023-09-11 04:40:00+00:00,,,,
2023-09-11 04:50:00+00:00,,,,
2023-09-11 05:00:00+00:00,,,,
2023-09-11 05:10:00+00:00,,,,
2023-09-11 05:20:00+00:00,,,,
2023-09-11 05:30:00+00:00,,,,
2023-09-11 05:40:00+00:00,,,,
2023-09-11 05:50:00+00:00,,,,
2023-09-11 06:00:00+00:00,,,,
2023-09-11 06:10:00+00:00,,,,
2023-09-11 06:20:00+00:00,,,,
2023-09-11 06:30:00+00:00,,,,
2023-09-11 06:40:00+00:00,,,,
2023-09-11 06:50:00+00:00,,,,
2023-09-11 07:00:00+00:00,,,,
2023-09-11 07:10:00+00:00,,,,
2023-09-11 07:20:00+00:00,,,,
2023-09-11 07:30:00+00:00,,,,
2023-09-11 07:40:00+00:00,,,,
2023-09-11 07:50:00+00:00,,,,
2023-09-11 08:00:00+00:00,,,,
2023-09-11 08:10:00+00:00,,,,
2023-09-11 08:20:00+00:00,,,,
2023-09-11 08:30:00+00:00,,,,
2023-09-11 08:40:00+00:00,,,,
2023-09-11 08:50:00+00:00,,,,
2023-09-11 09:00:00+00:00,,,,
2023-09-11 09:10:00+00:00,,,,
2023-09-11 09:20:00+00:00,,,,
2023-09-11 09:30:00+00:00,,,,
2023-09-11 09:40:00+00:00,,,,
2023-09-11 09:50:00+00:00,,,,
2023-09-11 10:00:00+00:00,,,,
2023-09-11 10:10:00+00:00,,,,
2023-09-11 10:20:00+00:00,,,,
2023-09-11 10:30:00+00:00,,,,
2023-09-11 10:40:00+00:00,,,,
2023-09-11 10:50:00+00:00,,,,
2023-09-11 11:00:00+00:00,,,,
2023-09-11 11:10:00+00:00,,,,
2023-09-11 11:20:00+00:00,,,,
2023-09-11 11:30:00+00:00,,,,
2023-09-11 11:40:00+00:00,,,,
2023-09-11 11:50:00+00:00,,,,
2023-09-11 12:00:00+00:00,,,,
2023-09-11 12:10:00+00:00,,,,
2023-09-11 12:20:00+00:00,,,,
2023-09-11 12:30:00+00:00,,,,
2023-09-11 12:40:00+00:00,,,,
2023-09-11 12:50:00+00:00,,,,
2023-09-11 13:00:00+00:00,,,,
2023-09-11 13:10:00+00:00,,,,
2023-09-11 13:20:00+00:00,,,,
2023-09-11 13:30:00+00:00,,,,
2023-09-11 13:40:00+00:00,,,,
2023-09-11 13:50:00+00:00,,,,
2023-09-11 14:00:00+00:00,,,,
2023-09-11 14:10:00+00:00,,,,
2023-09-11 14:20:00+00:00,,,,
2023-09-11 14:30:00+00:00,,,,
2023-09-11 14:40:00+00:00,,,,
2023-09-11 14:50:00+00:00,,,,
2023-09-11 15:00:00+00:00,,,,
2023-09-11 15:10:00+00:00,,,,
2023-09-11 15:20:00+00:00,,,,
2023-09-11 15:30:00+00:00,,,,
2023-09-11 15:40:00+00:00,,,,
2023-09-11 15:50:00+00:00,,,,
2023-09-11 16:00:00+00:00,,,,
2023-09-11 16:10:00+00:00,,,,
2023-09-11 16:20:00+00:00,,,,
2023-09-11 16:30:00+00:00,,,,
2023-09-11 16:40:00+00:00,,,,
2023-09-11 16:50:00+00:00,,,,
2023-09-11 17:00:00+00:00,,,,
2023-09-11 17:10:00+00:00,,,,
2023-09-11 17:20:00+00:00,,,,
2023-09-11 17:30:00+00:00,,,,
2023-09-11 17:40:00+00:00,,,,
2023-09-11 17:50:00+00:00,,,,
2023-09-11 18:00:00+00:00,,,,
2023-09-11 18:10:00+00:00,,,,
2023-09-11 18:20:00+00:00,,,,
2023-09-11 18:30:00+00:00,,,,
2023-09-11 18:40:00+00:00,,,,
2023-09-11 18:50:00+00:00,,,,
2023-09-11 19:00:00+00:00,,,,
2023-09-11 19:10:00+00:00,,,,
2023-09-11 19:20:00+00:00,,,,
2023-09-11 19:30:00+00:00,,,,
2023-09-11 19:40:00+00:00,,,,
2023-09-11 19:50:00+00:00,,,,
2023-09-11 20:00:00+00:00,,,,
2023-09-11 20:10:00+00:00,,,,
2023-09-11 20:20:00+00:00,,,,
2023-09-11 20:30:00+00:00,,,,
2023-09-11 20:40:00+00:00,,,,
2023-09-11 20:50:00+00:00,,,,
2023-09-11 21:00:00+00:00,,,,
2023-09-11 21:10:00+00:00,,,,
2023-09-11 21:20:00+00:00,,,,
2023-09-11 21:30:00+00:00,,,,
2023-09-11 21:40:00+00:00,,,,
2023-09-11 21:50:00+00:00,,,,
2023-09-11 22:00:00+00:00,,,,
2023-09-11 22:10:00+00:00,,,,
2023-09-11 22:20:00+00:00,,,,
2023-09-11 22:30:00+00:00,,,,
2023-09-11 22:40:00+00:00,,,,
2023-09-11 22:50:00+00:00,,,,
2023-09-11 23:00:00+00:00,,,,
2023-09-11 23:10:00+00:00,,,,
2023-09-11 23:20:00+00:00,,,,
2023-09-11 23:30:00+00:00,,,,
2023-09-11 23:40:00+00:00,,,,
2023-09-11 23:50:00+00:00,,,,
2023-09-12 00:00:00+00:00,,,,
2023-09-12 00:10:00+00:00,,,,
2023-09-12 00:20:00+00:00,,,,
2023-09-12 00:30:00+00:00,,,,
2023-09-12 00:40:00+00:00,,,,
2023-09-12 00:50:00+00:00,,,,
2023-09-12 01:00:00+00:00,,,,
2023-09-12 01:10:00+00:00,,,,
2023-09-12 01:20:00+00:00,,,,
2023-09-12 01:30:00+00:00,,,,
2023-09-12 01:40:00+00:00,,,,
2023-09-12 01:50:00+00:00,,,,
2023-09-12 02:00:00+00:00,,,,
2023-09-12 02:10:00+00:00,,,,
2023-09-12 02:20:00+00:00,,,,
2023-09-12 02:30:00+00:00,,,,
2023-09-12 02:40:00+00:00,,,,
2023-09-12 02:50:00+00:00,,,,
2023-09-12 03:00:00+00:00,,,,
2023-09-12 03:10:00+00:00,,,,
2023-09-12 03:20:00+00:00,,,,
2023-09-12 03:30:00+00:00,,,,
2023-09-12 03:40:00+00:00,,,,
2023-09-12 03:50:00+00:00,,,,
2023-09-12 04:00:00+00:00,,,,
2023-09-12 04:10:00+00:00,,,,
2023-09-12 04:20:00+00:00,,,,
2023-09-12 04:30:00+00:00,,,,
2023-09-12 04:40:00+00:00,,,,
2023-09-12 04:50:00+00:00,,,,
2023-09-12 05:00:00+00:00,,,,
2023-09-12 05:10:00+00:00,,,,
2023-09-12 05:20:00+00:00,,,,
2023-09-12 05:30:00+00:00,,,,
2023-09-12 05:40:00+00:00,,,,
2023-09-12 05:50:00+00:00,,,,
2023-09-12 06:00:00+00:00,,,,
2023-09-12 06:10:00+00:00,,,,
2023-09-12 06:20:00+00:00,,,,
2023-09-12 06:30:00+00:00,,,,
2023-09-12 06:40:00+00:00,,,,
2023-09-12 06:50:00+00:00,,,,
2023-09-12 07:00:00+00:00,,,,
2023-09-12 07:10:00+00:00,,,,
2023-09-12 07:20:00+00:00,,,,
2023-09-12 07:30:00+00:00,,,,
2023-09-12 07:40:00+00:00,,,,
2023-09-12 07:50:00+00:00,,,,
2023-09-12 08:00:00+00:00,,,,
2023-09-12 08:10:00+00:00,,,,
2023-09-12 08:20:00+00:00,,,,
2023-09-12 08:30:00+00:00,,,,
2023-09-12 08:40:00+00:00,,,,
2023-09-12 08:50:00+00:00,,,,
2023-09-12 09:00:00+00:00,,,,
2023-09-12 09:10:00+00:00,,,,
2023-09-12 09:20:00+00:00,,,,
2023-09-12 09:30:00+00:00,,,,
2023-09-12 09:40:00+00:00,,,,
2023-09-12 09:50:00+00:00,,,,
2023-09-12 10:00:00+00:00,,,,
2023-09-12 10:10:00+00:00,,,,
2023-09-12 10:20:00+00:00,,,,
2023-09-12 10:30:00+00:00,,,,
2023-09-12 10:40:00+00:00,,,,
2023-09-12 10:50:00+00:00,,,,
2023-09-12 11:00:00+00:00,,,,
2023-09-12 11:10:00+00:00,,,,
2023-09-12 11:20:00+00:00,,,,
2023-09-12 11:30:00+00:00,,,,
2023-09-12 11:40:00+00:00,,,,
2023-09-12 11:50:00+00:00,,,,
2023-09-12 12:00:00+00:00,,,,
2023-09-12 12:10:00+00:00,,,,
2023-09-12 12:20:00+00:00,,,,
2023-09-12 12:30:00+00:00,,,,
2023-09-12 12:40:00+00:00,,,,
2023-09-12 12:50:00+00:00,,,,
2023-09-12 13:00:00+00:00,,,,
2023-09-12 13:10:00+00:00,,,,
2023-09-12 13:20:00+00:00,,,,
2023-09-12 13:30:00+00:00,,,,
2023-09-12 13:40:00+00:00,,,,
2023-09-12 13:50:00+00:00,,,,
2023-09-12 14:00:00+00:00,,,,
2023-09-12 14:10:00+00:00,,,,
2023-09-12 14:20:00+00:00,,,,
2023-09-12 14:30:00+00:00,,,,
2023-09-12 14:40:00+00:00,,,,
2023-09-12 14:50:00+00:00,,,,
2023-09-12 15:00:00+00:00,,,,
2023-09-12 15:10:00+00:00,,,,
2023-09-12 15:20:00+00:00,,,,
2023-09-12 15:30:00+00:00,,,,
2023-09-12 15:40:00+00:00,,,,
2023-09-12 15:50:00+00:00,,,,
2023-09-12 16:00:00+00:00,,,,
2023-09-12 16:10:00+00:00,,,,
2023-09-12 16:20:00+00:00,,,,
2023-09-12 16:30:00+00:00,,,,
2023-09-12 16:40:00+00:00,,,,
2023-09-12 16:50:00+00:00,,,,
2023-09-12 17:00:00+00:00,,,,
2023-09-12 17:10:00+00:00,,,,
2023-09-12 17:20:00+00:00,,,,
2023-09-12 17:30:00+00:00,,,,
2023-09-12 17:40:00+00:00,,,,
2023-09-12 17:50:00+00:00,,,,
2023-09-12 18:00:00+00:00,,,,
2023-09-12 18:10:00+00:00,,,,
2023-09-12 18:20:00+00:00,,,,
2023-09-12 18:30:00+00:00,,,,
2023-09-12 18:40:00+00:00,,,,
2023-09-12 18:50:00+00:00,,,,
2023-09-12 19:00:00+00:00,,,,
2023-09-12 19:10:00+00:00,,,,
2023-09-12 19:20:00+00:00,,,,
2023-09-12 19:30:00+00:00,,,,
2023-09-12 19:40:00+00:00,,,,
2023-09-12 19:50:00+00:00,,,,
2023-09-12 20:00:00+00:00,,,,
2023-09-12 20:10:00+00:00,,,,
2023-09-12 20:20:00+00:00,,,,
2023-09-12 20:30:00+00:00,,,,
2023-09-12 20:40:00+00:00,,,,
2023-09-12 20:50:00+00:00,,,,
2023-09-12 21:00:00+00:00,,,,
2023-09-12 21:10:00+00:00,,,,
2023-09-12 21:20:00+00:00,,,,
2023-09-12 21:30:00+00:00,,,,
2023-09-12 21:40:00+00:00,,,,
2023-09-12 21:50:00+00:00,,,,
2023-09-12 22:00:00+00:00,,,,
2023-09-12 22:10:00+00:00,,,,
2023-09-12 22:20:00+00:00,,,,
2023-09-12 22:30:00+00:00,,,,
2023-09-12 22:40:00+00:00,,,,
2023-09-12 22:50:00+00:00,,,,
2023-09-12 23:00:00+00:00,,,,
2023-09-12 23:10:00+00:00,,,,
2023-09-12 23:20:00+00:00,,,,
2023-09-12 23:30:00+00:00,,,,
2023-09-12 23:40:00+00:00,,,,
2023-09-12 23:50:00+00:00,,,,
2023-09-13 00:00:00+00:00,,,,
2023-09-13 00:10:00+00:00,,,,
2023-09-13 00:20:00+00:00,,,,
2023-09-13 00:30:00+00:00,,,,
2023-09-13 00:40:00+00:00,,,,
2023-09-13 00:50:00+00:00,,,,
2023-09-13 01:00:00+00:00,,,,
2023-09-13 01:10:00+00:00,,,,
2023-09-13 01:20:00+00:00,,,,
2023-09-13 01:30:00+00:00,,,,
2023-09-13 01:40:00+00:00,,,,
2023-09-13 01:50:00+00:00,,,,
2023-09-13 02:00:00+00:00,,,,
2023-09-13 02:10:00+00:00,,,,
2023-09-13 02:20:00+00:00,,,,
2023-09-13 02:30:00+00:00,,,,
2023-09-13 02:40:00+00:00,,,,
2023-09-13 02:50:00+00:00,,,,
2023-09-13 03:00:00+00:00,,,,
2023-09-13 03:10:00+00:00,,,,
2023-09-13 03:20:00+00:00,,,,
2023-09-13 03:30:00+00:00,,,,
2023-09-13 03:40:00+00:00,,,,
2023-09-13 03:50:00+00:00,,,,
2023-09-13 04:00:00+00:00,,,,
2023-09-13 04:10:00+00:00,,,,
2023-09-13 04:20:00+00:00,,,,
2023-09-13 04:30:00+00:00,,,,
2023-09-13 04:40:00+00:00,,,,
2023-09-13 04:50:00+00:00,,,,
2023-09-13 05:00:00+00:00,,,,
2023-09-13 05:10:00+00:00,,,,
2023-09-13 05:20:00+00:00,,,,
2023-09-13 05:30:00+00:00,,,,
2023-09-13 05:40:00+00:00,,,,
2023-09-13 05:50:00+00:00,,,,
2023-09-13 06:00:00+00:00,,,,
2023-09-13 06:10:00+00:00,,,,
2023-09-13 06:20:00+00:00,,,,
2023-09-13 06:30:00+00:00,,,,
2023-09-13 06:40:00+00:00,,,,
2023-09-13 06:50:00+00:00,,,,
2023-09-13 07:00:00+00:00,,,,
2023-09-13 07:10:00+00:00,,,,
2023-09-13 07:20:00+00:00,,,,
2023-09-13 07:30:00+00:00,,,,
2023-09-13 07:40:00+00:00,,,,
2023-09-13 07:50:00+00:00,,,,
2023-09-13 08:00:00+00:00,,,,
2023-09-13 08:10:00+00:00,,,,
2023-09-13 08:20:00+00:00,,,,
2023-09-13 08:30:00+00:00,,,,
2023-09-13 08:40:00+00:00,,,,
2023-09-13 08:50:00+00:00,,,,
2023-09-13 09:00:00+00:00,,,,
2023-09-13 09:10:00+00:00,,,,
2023-09-13 09:20:00+00:00,,,,
2023-09-13 09:30:00+00:00,,,,
2023-09-13 09:40:00+00:00,,,,
2023-09-13 09:50:00+00:00,,,,
2023-09-13 10:00:00+00:00,,,,
2023-09-13 10:10:00+00:00,,,,
2023-09-13 10:20:00+00:00,,,,
2023-09-13 10:30:00+00:00,,,,
2023-09-13 10:40:00+00:00,,,,
2023-09-13 10:50:00+00:00,,,,
2023-09-13 11:00:00+00:00,,,,
2023-09-13 11:10:00+00:00,,,,
2023-09-13 11:20:00+00:00,,,,
2023-09-13 11:30:00+00:00,,,,
2023-09-13 11:40:00+00:00,,,,
2023-09-13 11:50:00+00:00,,,,
2023-09-13 12:00:00+00:00,,,,
2023-09-13 12:10:00+00:00,,,,
2023-09-13 12:20:00+00:00,,,,
2023-09-13 12:30:00+00:00,,,,
2023-09-13 12:40:00+00:00,,,,
2023-09-13 12:50:00+00:00,,,,
2023-09-13 13:00:00+00:00,,,,
2023-09-13 13:10:00+00:00,,,,
2023-09-13 13:20:00+00:00,,,,
2023-09-13 13:30:00+00:00,,,,
2023-09-13 13:40:00+00:00,,,,
2023-09-13 13:50:00+00:00,,,,
2023-09-13 14:00:00+00:00,,,,
2023-09-13 14:10:00+00:00,,,,
2023-09-13 14:20:00+00:00,,,,
2023-09-13 14:30:00+00:00,,,,
2023-09-13 14:40:00+00:00,,,,
2023-09-13 14:50:00+00:00,,,,
2023-09-13 15:00:00+00:00,,,,
2023-09-13 15:10:00+00:00,,,,
2023-09-13 15:20:00+00:00,,,,
2023-09-13 15:30:00+00:00,,,,
2023-09-13 15:40:00+00:00,,,,
2023-09-13 15:50:00+00:00,,,,
2023-09-13 16:00:00+00:00,,,,
2023-09-13 16:10:00+00:00,,,,
2023-09-13 16:20:00+00:00,,,,
2023-09-13 16:30:00+00:00,,,,
2023-09-13 16:40:00+00:00,,,,
2023-09-13 16:50:00+00:00,,,,
2023-09-13 17:00:00+00:00,,,,
2023-09-13 17:10:00+00:00,,,,
2023-09-13 17:20:00+00:00,,,,
2023-09-13 17:30:00+00:00,,,,
2023-09-13 17:40:00+00:00,,,,
2023-09-13 17:50:00+00:00,,,,
2023-09-13 18:00:00+00:00,,,,
2023-09-13 18:10:00+00:00,,,,
2023-09-13 18:20:00+00:00,,,,
2023-09-13 18:30:00+00:00,,,,
2023-09-13 18:40:00+00:00,,,,
2023-09-13 18:50:00+00:00,,,,
2023-09-13 19:00:00+00:00,,,,
2023-09-13 19:10:00+00:00,,,,
2023-09-13 19:20:00+00:00,,,,
2023-09-13 19:30:00+00:00,,,,
2023-09-13 19:40:00+00:00,,,,
2023-09-13 19:50:00+00:00,,,,
2023-09-13 20:00:00+00:00,,,,
2023-09-13 20:10:00+00:00,,,,
2023-09-13 20:20:00+00:00,,,,
2023-09-13 20:30:00+00:00,,,,
2023-09-13 20:40:00+00:00,,,,
2023-09-13 20:50:00+00:00,,,,
2023-09-13 21:00:00+00:00,,,,
2023-09-13 21:10:00+00:00,,,,
2023-09-13 21:20:00+00:00,,,,
2023-09-13 21:30:00+00:00,,,,
2023-09-13 21:40:00+00:00,,,,
2023-09-13 21:50:00+00:00,,,,
2023-09-13 22:00:00+00:00,,,,
2023-09-13 22:10:00+00:00,,,,
2023-09-13 22:20:00+00:00,,,,
2023-09-13 22:30:00+00:00,,,,
2023-09-13 22:40:00+00:00,,,,
2023-09-13 22:50:00+00:00,,,,
2023-09-13 23:00:00+00:00,,,,
2023-09-13 23:10:00+00:00,,,,
2023-09-13 23:20:00+00:00,,,,
2023-09-13 23:30:00+00:00,,,,
2023-09-13 23:40:00+00:00,,,,
2023-09-13 23:50:00+00:00,,,,
2023-09-14 00:00:00+00:00,,,,
2023-09-14 00:10:00+00:00,,,,
2023-09-14 00:20:00+00:00,,,,
2023-09-14 00:30:00+00:00,,,,
2023-09-14 00:40:00+00:00,,,,
2023-09-14 00:50:00+00:00,,,,
2023-09-14 01:00:00+00:00,,,,
2023-09-14 01:10:00+00:00,,,,
2023-09-14 01:20:00+00:00,,,,
2023-09-14 01:30:00+00:00,,,,
2023-09-14 01:40:00+00:00,,,,
2023-09-14 01:50:00+00:00,,,,
2023-09-14 02:00:00+00:00,,,,
2023-09-14 02:10:00+00:00,,,,
2023-09-14 02:20:00+00:00,,,,
2023-09-14 02:30:00+00:00,,,,
2023-09-14 02:40:00+00:00,,,,
2023-09-14 02:50:00+00:00,,,,
2023-09-14 03:00:00+00:00,,,,
2023-09-14 03:10:00+00:00,,,,
2023-09-14 03:20:00+00:00,,,,
2023-09-14 03:30:00+00:00,,,,
2023-09-14 03:40:00+00:00,,,,
2023-09-14 03:50:00+00:00,,,,
2023-09-14 04:00:00+00:00,,,,
2023-09-14 04:10:00+00:00,,,,
2023-09-14 04:20:00+00:00,,,,
2023-09-14 04:30:00+00:00,,,,
2023-09-14 04:40:00+00:00,,,,
2023-09-14 04:50:00+00:00,,,,
2023-09-14 05:00:00+00:00,,,,
2023-09-14 05:10:00+00:00,,,,
2023-09-14 05:20:00+00:00,,,,
2023-09-14 05:30:00+00:00,,,,
2023-09-14 05:40:00+00:00,,,,
2023-09-14 05:50:00+00:00,,,,
2023-09-14 06:00:00+00:00,,,,
2023-09-14 06:10:00+00:00,,,,
2023-09-14 06:20:00+00:00,,,,
2023-09-14 06:30:00+00:00,,,,
2023-09-14 06:40:00+00:00,,,,
2023-09-14 06:50:00+00:00,,,,
2023-09-14 07:00:00+00:00,,,,
2023-09-14 07:10:00+00:00,,,,
2023-09-14 07:20:00+00:00,,,,
2023-09-14 07:30:00+00:00,,,,
2023-09-14 07:40:00+00:00,,,,
2023-09-14 07:50:00+00:00,,,,
2023-09-14 08:00:00+00:00,,,,
2023-09-14 08:10:00+00:00,,,,
2023-09-14 08:20:00+00:00,,,,
2023-09-14 08:30:00+00:00,,,,
2023-09-14 08:40:00+00:00,,,,
2023-09-14 08:50:00+00:00,,,,
2023-09-14 09:00:00+00:00,,,,
2023-09-14 09:10:00+00:00,,,,
2023-09-14 09:20:00+00:00,,,,
2023-09-14 09:30:00+00:00,,,,
2023-09-14 09:40:00+00:00,,,,
2023-09-14 09:50:00+00:00,,,,
2023-09-14 10:00:00+00:00,,,,
2023-09-14 10:10:00+00:00,,,,
2023-09-14 10:20:00+00:00,,,,
2023-09-14 10:30:00+00:00,,,,
2023-09-14 10:40:00+00:00,,,,
2023-09-14 10:50:00+00:00,,,,
2023-09-14 11:00:00+00:00,,,,
2023-09-14 11:10:00+00:00,,,,
2023-09-14 11:20:00+00:00,,,,
2023-09-14 11:30:00+00:00,,,,
2023-09-14 11:40:00+00:00,,,,
2023-09-14 11:50:00+00:00,,,,
2023-09-14 12:00:00+00:00,,,,
2023-09-14 12:10:00+00:00,,,,
2023-09-14 12:20:00+00:00,,,,
2023-09-14 12:30:00+00:00,,,,
2023-09-14 12:40:00+00:00,,,,
2023-09-14 12:50:00+00:00,,,,
2023-09-14 13:00:00+00:00,,,,
2023-09-14 13:10:00+00:00,,,,
2023-09-14 13:20:00+00:00,,,,
2023-09-14 13:30:00+00:00,,,,
2023-09-14 13:40:00+00:00,,,,
2023-09-14 13:50:00+00:00,,,,
2023-09-14 14:00:00+00:00,,,,
2023-09-14 14:10:00+00:00,,,,
2023-09-14 14:20:00+00:00,,,,
2023-09-14 14:30:00+00:00,,,,
2023-09-14 14:40:00+00:00,,,,
2023-09-14 14:50:00+00:00,,,,
2023-09-14 15:00:00+00:00,,,,
2023-09-14 15:10:00+00:00,,,,
2023-09-14 15:20:00+00:00,,,,
2023-09-14 15:30:00+00:00,,,,
2023-09-14 15:40:00+00:00,,,,
2023-09-14 15:50:00+00:00,,,,
2023-09-14 16:00:00+00:00,,,,
2023-09-14 16:10:00+00:00,,,,
2023-09-14 16:20:00+00:00,,,,
2023-09-14 16:30:00+00:00,,,,
2023-09-14 16:40:00+00:00,,,,
2023-09-14 16:50:00+00:00,,,,
2023-09-14 17:00:00+00:00,,,,
2023-09-14 17:10:00+00:00,,,,
2023-09-14 17:20:00+00:00,,,,
2023-09-14 17:30:00+00:00,,,,
2023-09-14 17:40:00+00:00,,,,
2023-09-14 17:50:00+00:00,,,,
2023-09-14 18:00:00+00:00,,,,
2023-09-14 18:10:00+00:00,,,,
2023-09-14 18:20:00+00:00,,,,
2023-09-14 18:30:00+00:00,,,,
2023-09-14 18:40:00+00:00,,,,
2023-09-14 18:50:00+00:00,,,,
2023-09-14 19:00:00+00:00,,,,
2023-09-14 19:10:00+00:00,,,,
2023-09-14 19:20:00+00:00,,,,
2023-09-14 19:30:00+00:00,,,,
2023-09-14 19:40:00+00:00,,,,
2023-09-14 19:50:00+00:00,,,,
2023-09-14 20:00:00+00:00,,,,
2023-09-14 20:10:00+00:00,,,,
2023-09-14 20:20:00+00:00,,,,
2023-09-14 20:30:00+00:00,,,,
2023-09-14 20:40:00+00:00,,,,
2023-09-14 20:50:00+00:00,,,,
2023-09-14 21:00:00+00:00,,,,
2023-09-14 21:10:00+00:00,,,,
2023-09-14 21:20:00+00:00,,,,
2023-09-14 21:30:00+00:00,,,,
2023-09-14 21:40:00+00:00,,,,
2023-09-14 21:50:00+00:00,,,,
2023-09-14 22:00:00+00:00,,,,
2023-09-14 22:10:00+00:00,,,,
2023-09-14 22:20:00+00:00,,,,
2023-09-14 22:30:00+00:00,,,,
2023-09-14 22:40:00+00:00,,,,
2023-09-14 22:50:00+00:00,,,,
2023-09-14 23:00:00+00:00,,,,
2023-09-14 23:10:00+00:00,,,,
2023-09-14 23:20:00+00:00,,,,
2023-09-14 23:30:00+00:00,,,,
2023-09-14 23:40:00+00:00,,,,
2023-09-14 23:50:00+00:00,,,,
2023-09-15 00:00:00+00:00,,,,
2023-09-15 00:10:00+00:00,,,,
2023-09-15 00:20:00+00:00,,,,
2023-09-15 00:30:00+00:00,,,,
2023-09-15 00:40:00+00:00,,,,
2023-09-15 00:50:00+00:00,,,,
2023-09-15 01:00:00+00:00,,,,
2023-09-15 01:10:00+00:00,,,,
2023-09-15 01:20:00+00:00,,,,
2023-09-15 01:30:00+00:00,,,,
2023-09-15 01:40:00+00:00,,,,
2023-09-15 01:50:00+00:00,,,,
2023-09-15 02:00:00+00:00,,,,
2023-09-15 02:10:00+00:00,,,,
2023-09-15 02:20:00+00:00,,,,
2023-09-15 02:30:00+00:00,,,,
2023-09-15 02:40:00+00:00,,,,
2023-09-15 02:50:00+00:00,,,,
2023-09-15 03:00:00+00:00,,,,
2023-09-15 03:10:00+00:00,,,,
2023-09-15 03:20:00+00:00,,,,
2023-09-15 03:30:00+00:00,,,,
2023-09-15 03:40:00+00:00,,,,
2023-09-15 03:50:00+00:00,,,,
2023-09-15 04:00:00+00:00,,,,
2023-09-15 04:10:00+00:00,,,,
2023-09-15 04:20:00+00:00,,,,
2023-09-15 04:30:00+00:00,,,,
2023-09-15 04:40:00+00:00,,,,
2023-09-15 04:50:00+00:00,,,,
2023-09-15 05:00:00+00:00,,,,
2023-09-15 05:10:00+00:00,,,,
2023-09-15 05:20:00+00:00,,,,
2023-09-15 05:30:00+00:00,,,,
2023-09-15 05:40:00+00:00,,,,
2023-09-15 05:50:00+00:00,,,,
2023-09-15 06:00:00+00:00,,,,
2023-09-15 06:10:00+00:00,,,,
2023-09-15 06:20:00+00:00,,,,
2023-09-15 06:30:00+00:00,,,,
2023-09-15 06:40:00+00:00,,,,
2023-09-15 06:50:00+00:00,,,,
2023-09-15 07:00:00+00:00,,,,
2023-09-15 07:10:00+00:00,,,,
2023-09-15 07:20:00+00:00,,,,
2023-09-15 07:30:00+00:00,,,,
2023-09-15 07:40:00+00:00,,,,
2023-09-15 07:50:00+00:00,,,,
2023-09-15 08:00:00+00:00,,,,
2023-09-15 08:10:00+00:00,,,,
2023-09-15 08:20:00+00:00,,,,
2023-09-15 08:30:00+00:00,,,,
2023-09-15 08:40:00+00:00,,,,
2023-09-15 08:50:00+00:00,,,,
2023-09-15 09:00:00+00:00,,,,
2023-09-15 09:10:00+00:00,,,,
2023-09-15 09:20:00+00:00,,,,
2023-09-15 09:30:00+00:00,,,,
2023-09-15 09:40:00+00:00,,,,
2023-09-15 09:50:00+00:00,,,,
2023-09-15 10:00:00+00:00,,,,
2023-09-15 10:10:00+00:00,,,,
2023-09-15 10:20:00+00:00,,,,
2023-09-15 10:30:00+00:00,,,,
2023-09-15 10:40:00+00:00,,,,
2023-09-15 10:50:00+00:00,,,,
2023-09-15 11:00:00+00:00,,,,
2023-09-15 11:10:00+00:00,,,,
2023-09-15 11:20:00+00:00,,,,
2023-09-15 11:30:00+00:00,,,,
2023-09-15 11:40:00+00:00,,,,
2023-09-15 11:50:00+00:00,,,,
2023-09-15 12:00:00+00:00,,,,
2023-09-15 12:10:00+00:00,,,,
2023-09-15 12:20:00+00:00,,,,
2023-09-15 12:30:00+00:00,,,,
2023-09-15 12:40:00+00:00,,,,
2023-09-15 12:50:00+00:00,,,,
2023-09-15 13:00:00+00:00,,,,
2023-09-15 13:10:00+00:00,,,,
2023-09-15 13:20:00+00:00,,,,
2023-09-15 13:30:00+00:00,,,,
2023-09-15 13:40:00+00:00,,,,
2023-09-15 13:50:00+00:00,,,,
2023-09-15 14:00:00+00:00,,,,
2023-09-15 14:10:00+00:00,,,,
2023-09-15 14:20:00+00:00,,,,
2023-09-15 14:30:00+00:00,,,,
2023-09-15 14:40:00+00:00,,,,
2023-09-15 14:50:00+00:00,,,,
2023-09-15 15:00:00+00:00,,,,
2023-09-15 15:10:00+00:00,,,,
2023-09-15 15:20:00+00:00,,,,
2023-09-15 15:30:00+00:00,,,,
2023-09-15 15:40:00+00:00,,,,
2023-09-15 15:50:00+00:00,,,,
2023-09-15 16:00:00+00:00,,,,
2023-09-15 16:10:00+00:00,,,,
2023-09-15 16:20:00+00:00,,,,
2023-09-15 16:30:00+00:00,,,,
2023-09-15 16:40:00+00:00,,,,
2023-09-15 16:50:00+00:00,,,,
2023-09-15 17:00:00+00:00,,,,
2023-09-15 17:10:00+00:00,,,,
2023-09-15 17:20:00+00:00,,,,
2023-09-15 17:30:00+00:00,,,,
2023-09-15 17:40:00+00:00,,,,
2023-09-15 17:50:00+00:00,,,,
2023-09-15 18:00:00+00:00,,,,
2023-09-15 18:10:00+00:00,,,,
2023-09-15 18:20:00+00:00,,,,
2023-09-15 18:30:00+00:00,,,,
2023-09-15 18:40:00+00:00,,,,
2023-09-15 18:50:00+00:00,,,,
2023-09-15 19:00:00+00:00,,,,
2023-09-15 19:10:00+00:00,,,,
2023-09-15 19:20:00+00:00,,,,
2023-09-15 19:30:00+00:00,,,,
2023-09-15 19:40:00+00:00,,,,
2023-09-15 19:50:00+00:00,,,,
2023-09-15 20:00:00+00:00,,,,
2023-09-15 20:10:00+00:00,,,,
2023-09-15 20:20:00+00:00,,,,
2023-09-15 20:30:00+00:00,,,,
2023-09-15 20:40:00+00:00,,,,
2023-09-15 20:50:00+00:00,,,,
2023-09-15 21:00:00+00:00,,,,
2023-09-15 21:10:00+00:00,,,,
2023-09-15 21:20:00+00:00,,,,
2023-09-15 21:30:00+00:00,,,,
2023-09-15 21:40:00+00:00,,,,
2023-09-15 21:50:00+00:00,,,,
2023-09-15 22:00:00+00:00,,,,
2023-09-15 22:10:00+00:00,,,,
2023-09-15 22:20:00+00:00,,,,
2023-09-15 22:30:00+00:00,,,,
2023-09-15 22:40:00+00:00,,,,
2023-09-15 22:50:00+00:00,,,,
2023-09-15 23:00:00+00:00,,,,
2023-09-15 23:10:00+00:00,,,,
2023-09-15 23:20:00+00:00,,,,
2023-09-15 23:30:00+00:00,,,,
2023-09-15 23:40:00+00:00,,,,
2023-09-15 23:50:00+00:00,,,,
2023-09-16 00:00:00+00:00,,,,
2023-09-16 00:10:00+00:00,,,,
2023-09-16 00:20:00+00:00,,,,
2023-09-16 00:30:00+00:00,,,,
2023-09-16 00:40:00+00:00,,,,
2023-09-16 00:50:00+00:00,,,,
2023-09-16 01:00:00+00:00,,,,
2023-09-16 01:10:00+00:00,,,,
2023-09-16 01:20:00+00:00,,,,
2023-09-16 01:30:00+00:00,,,,
2023-09-16 01:40:00+00:00,,,,
2023-09-16 01:50:00+00:00,,,,
2023-09-16 02:00:00+00:00,,,,
2023-09-16 02:10:00+00:00,,,,
2023-09-16 02:20:00+00:00,,,,
2023-09-16 02:30:00+00:00,,,,
2023-09-16 02:40:00+00:00,,,,
2023-09-16 02:50:00+00:00,,,,
2023-09-16 03:00:00+00:00,,,,
2023-09-16 03:10:00+00:00,,,,
2023-09-16 03:20:00+00:00,,,,
2023-09-16 03:30:00+00:00,,,,
2023-09-16 03:40:00+00:00,,,,
2023-09-16 03:50:00+00:00,,,,
2023-09-16 04:00:00+00:00,,,,
2023-09-16 04:10:00+00:00,,,,
2023-09-16 04:20:00+00:00,,,,
2023-09-16 04:30:00+00:00,,,,
2023-09-16 04:40:00+00:00,,,,
2023-09-16 04:50:00+00:00,,,,
2023-09-16 05:00:00+00:00,,,,
2023-09-16 05:10:00+00:00,,,,
2023-09-16 05:20:00+00:00,,,,
2023-09-16 05:30:00+00:00,,,,
2023-09-16 05:40:00+00:00,,,,
2023-09-16 05:50:00+00:00,,,,
2023-09-16 06:00:00+00:00,,,,
2023-09-16 06:10:00+00:00,,,,
2023-09-16 06:20:00+00:00,,,,
2023-09-16 06:30:00+00:00,,,,
2023-09-16 06:40:00+00:00,,,,
2023-09-16 06:50:00+00:00,,,,
2023-09-16 07:00:00+00:00,,,,
2023-09-16 07:10:00+00:00,,,,
2023-09-16 07:20:00+00:00,,,,
2023-09-16 07:30:00+00:00,,,,
2023-09-16 07:40:00+00:00,,,,
2023-09-16 07:50:00+00:00,,,,
2023-09-16 08:00:00+00:00,,,,
2023-09-16 08:10:00+00:00,,,,
2023-09-16 08:20:00+00:00,,,,
2023-09-16 08:30:00+00:00,,,,
2023-09-16 08:40:00+00:00,,,,
2023-09-16 08:50:00+00:00,,,,
2023-09-16 09:00:00+00:00,,,,
2023-09-16 09:10:00+00:00,,,,
2023-09-16 09:20:00+00:00,,,,
2023-09-16 09:30:00+00:00,,,,
2023-09-16 09:40:00+00:00,,,,
2023-09-16 09:50:00+00:00,,,,
2023-09-16 10:00:00+00:00,,,,
2023-09-16 10:10:00+00:00,,,,
2023-09-16 10:20:00+00:00,,,,
2023-09-16 10:30:00+00:00,,,,
2023-09-16 10:40:00+00:00,,,,
2023-09-16 10:50:00+00:00,,,,
2023-09-16 11:00:00+00:00,,,,
2023-09-16 11:10:00+00:00,,,,
2023-09-16 11:20:00+00:00,,,,
2023-09-16 11:30:00+00:00,,,,
2023-09-16 11:40:00+00:00,,,,
2023-09-16 11:50:00+00:00,,,,
2023-09-16 12:00:00+00:00,,,,
2023-09-16 12:10:00+00:00,,,,
2023-09-16 12:20:00+00:00,,,,
2023-09-16 12:30:00+00:00,,,,
2023-09-16 12:40:00+00:00,,,,
2023-09-16 12:50:00+00:00,,,,
2023-09-16 13:00:00+00:00,,,,
2023-09-16 13:10:00+00:00,,,,
2023-09-16 13:20:00+00:00,,,,
2023-09-16 13:30:00+00:00,,,,
2023-09-16 13:40:00+00:00,,,,
2023-09-16 13:50:00+00:00,,,,
2023-09-16 14:00:00+00:00,,,,
2023-09-16 14:10:00+00:00,,,,
2023-09-16 14:20:00+00:00,,,,
2023-09-16 14:30:00+00:00,,,,
2023-09-16 14:40:00+00:00,,,,
2023-09-16 14:50:00+00:00,,,,
2023-09-16 15:00:00+00:00,,,,
2023-09-16 15:10:00+00:00,,,,
2023-09-16 15:20:00+00:00,,,,
2023-09-16 15:30:00+00:00,,,,
2023-09-16 15:40:00+00:00,,,,
2023-09-16 15:50:00+00:00,,,,
2023-09-16 16:00:00+00:00,,,,
2023-09-16 16:10:00+00:00,,,,
2023-09-16 16:20:00+00:00,,,,
2023-09-16 16:30:00+00:00,,,,
2023-09-16 16:40:00+00:00,,,,
2023-09-16 16:50:00+00:00,,,,
2023-09-16 17:00:00+00:00,,,,
2023-09-16 17:10:00+00:00,,,,
2023-09-16 17:20:00+00:00,,,,
2023-09-16 17:30:00+00:00,,,,
2023-09-16 17:40:00+00:00,,,,
2023-09-16 17:50:00+00:00,,,,
2023-09-16 18:00:00+00:00,,,,
2023-09-16 18:10:00+00:00,,,,
2023-09-16 18:20:00+00:00,,,,
2023-09-16 18:30:00+00:00,,,,
2023-09-16 18:40:00+00:00,,,,
2023-09-16 18:50:00+00:00,,,,
2023-09-16 19:00:00+00:00,,,,
2023-09-16 19:10:00+00:00,,,,
2023-09-16 19:20:00+00:00,,,,
2023-09-16 19:30:00+00:00,,,,
2023-09-16 19:40:00+00:00,,,,
2023-09-16 19:50:00+00:00,,,,
2023-09-16 20:00:00+00:00,,,,
2023-09-16 20:10:00+00:00,,,,
2023-09-16 20:20:00+00:00,,,,
2023-09-16 20:30:00+00:00,,,,
2023-09-16 20:40:00+00:00,,,,
2023-09-16 20:50:00+00:00,,,,
2023-09-16 21:00:00+00:00,,,,
2023-09-16 21:10:00+00:00,,,,
2023-09-16 21:20:00+00:00,,,,
2023-09-16 21:30:00+00:00,,,,
2023-09-16 21:40:00+00:00,,,,
2023-09-16 21:50:00+00:00,,,,
2023-09-16 22:00:00+00:00,,,,
2023-09-16 22:10:00+00:00,,,,
2023-09-16 22:20:00+00:00,,,,
2023-09-16 22:30:00+00:00,,,,
2023-09-16 22:40:00+00:00,,,,
2023-09-16 22:50:00+00:00,,,,
2023-09-16 23:00:00+00:00,,,,
2023-09-16 23:10:00+00:00,,,,
2023-09-16 23:20:00+00:00,,,,
2023-09-16 23:30:00+00:00,,,,
2023-09-16 23:40:00+00:00,,,,
2023-09-16 23:50:00+00:00,,,,
2023-09-17 00:00:00+00:00,,,,
2023-09-17 00:10:00+00:00,,,,
2023-09-17 00:20:00+00:00,,,,
2023-09-17 00:30:00+00:00,,,,
2023-09-17 00:40:00+00:00,,,,
2023-09-17 00:50:00+00:00,,,,
2023-09-17 01:00:00+00:00,,,,
2023-09-17 01:10:00+00:00,,,,
2023-09-17 01:20:00+00:00,,,,
2023-09-17 01:30:00+00:00,,,,
2023-09-17 01:40:00+00:00,,,,
2023-09-17 01:50:00+00:00,,,,
2023-09-17 02:00:00+00:00,,,,
2023-09-17 02:10:00+00:00,,,,
2023-09-17 02:20:00+00:00,,,,
2023-09-17 02:30:00+00:00,,,,
2023-09-17 02:40:00+00:00,,,,
2023-09-17 02:50:00+00:00,,,,
2023-09-17 03:00:00+00:00,,,,
2023-09-17 03:10:00+00:00,,,,
2023-09-17 03:20:00+00:00,,,,
2023-09-17 03:30:00+00:00,,,,
2023-09-17 03:40:00+00:00,,,,
2023-09-17 03:50:00+00:00,,,,
2023-09-17 04:00:00+00:00,,,,
2023-09-17 04:10:00+00:00,,,,
2023-09-17 04:20:00+00:00,,,,
2023-09-17 04:30:00+00:00,,,,
2023-09-17 04:40:00+00:00,,,,
2023-09-17 04:50:00+00:00,,,,
2023-09-17 05:00:00+00:00,,,,
2023-09-17 05:10:00+00:00,,,,
2023-09-17 05:20:00+00:00,,,,
2023-09-17 05:30:00+00:00,,,,
2023-09-17 05:40:00+00:00,,,,
2023-09-17 05:50:00+00:00,,,,
2023-09-17 06:00:00+00:00,,,,
2023-09-17 06:10:00+00:00,,,,
2023-09-17 06:20:00+00:00,,,,
2023-09-17 06:30:00+00:00,,,,
2023-09-17 06:40:00+00:00,,,,
2023-09-17 06:50:00+00:00,,,,
2023-09-17 07:00:00+00:00,,,,
2023-09-17 07:10:00+00:00,,,,
2023-09-17 07:20:00+00:00,,,,
2023-09-17 07:30:00+00:00,,,,
2023-09-17 07:40:00+00:00,,,,
2023-09-17 07:50:00+00:00,,,,
2023-09-17 08:00:00+00:00,,,,
2023-09-17 08:10:00+00:00,,,,
2023-09-17 08:20:00+00:00,,,,
2023-09-17 08:30:00+00:00,,,,
2023-09-17 08:40:00+00:00,,,,
2023-09-17 08:50:00+00:00,,,,
2023-09-17 09:00:00+00:00,,,,
2023-09-17 09:10:00+00:00,,,,
2023-09-17 09:20:00+00:00,,,,
2023-09-17 09:30:00+00:00,,,,
2023-09-17 09:40:00+00:00,,,,
2023-09-17 09:50:00+00:00,,,,
2023-09-17 10:00:00+00:00,,,,
2023-09-17 10:10:00+00:00,,,,
2023-09-17 10:20:00+00:00,,,,
2023-09-17 10:30:00+00:00,,,,
2023-09-17 10:40:00+00:00,,,,
2023-09-17 10:50:00+00:00,,,,
2023-09-17 11:00:00+00:00,,,,
2023-09-17 11:10:00+00:00,,,,
2023-09-17 11:20:00+00:00,,,,
2023-09-17 11:30:00+00:00,,,,
2023-09-17 11:40:00+00:00,,,,
2023-09-17 11:50:00+00:00,,,,
2023-09-17 12:00:00+00:00,,,,
2023-09-17 12:10:00+00:00,,,,
2023-09-17 12:20:00+00:00,,,,
2023-09-17 12:30:00+00:00,,,,
2023-09-17 12:40:00+00:00,,,,
2023-09-17 12:50:00+00:00,,,,
2023-09-17 13:00:00+00:00,,,,
2023-09-17 13:10:00+00:00,,,,
2023-09-17 13:20:00+00:00,,,,
2023-09-17 13:30:00+00:00,,,,
2023-09-17 13:40:00+00:00,,,,
2023-09-17 13:50:00+00:00,,,,
2023-09-17 14:00:00+00:00,,,,
2023-09-17 14:10:00+00:00,,,,
2023-09-17 14:20:00+00:00,,,,
2023-09-17 14:30:00+00:00,,,,
2023-09-17 14:40:00+00:00,,,,
2023-09-17 14:50:00+00:00,,,,
2023-09-17 15:00:00+00:00,,,,
2023-09-17 15:10:00+00:00,,,,
2023-09-17 15:20:00+00:00,,,,
2023-09-17 15:30:00+00:00,,,,
2023-09-17 15:40:00+00:00,,,,
2023-09-17 15:50:00+00:00,,,,
2023-09-17 16:00:00+00:00,,,,
2023-09-17 16:10:00+00:00,,,,
2023-09-17 16:20:00+00:00,,,,
2023-09-17 16:30:00+00:00,,,,
2023-09-17 16:40:00+00:00,,,,
2023-09-17 16:50:00+00:00,,,,
2023-09-17 17:00:00+00:00,,,,
2023-09-17 17:10:00+00:00,,,,
2023-09-17 17:20:00+00:00,,,,
2023-09-17 17:30:00+00:00,,,,
2023-09-17 17:40:00+00:00,,,,
2023-09-17 17:50:00+00:00,,,,
2023-09-17 18:00:00+00:00,,,,
2023-09-17 18:10:00+00:00,,,,
2023-09-17 18:20:00+00:00,,,,
2023-09-17 18:30:00+00:00,,,,
2023-09-17 18:40:00+00:00,,,,
2023-09-17 18:50:00+00:00,,,,
2023-09-17 19:00:00+00:00,,,,
2023-09-17 19:10:00+00:00,,,,
2023-09-17 19:20:00+00:00,,,,
2023-09-17 19:30:00+00:00,,,,
2023-09-17 19:40:00+00:00,,,,
2023-09-17 19:50:00+00:00,,,,
2023-09-17 20:00:00+00:00,,,,
2023-09-17 20:10:00+00:00,,,,
2023-09-17 20:20:00+00:00,,,,
2023-09-17 20:30:00+00:00,,,,
2023-09-17 20:40:00+00:00,,,,
2023-09-17 20:50:00+00:00,,,,
2023-09-17 21:00:00+00:00,,,,
2023-09-17 21:10:00+00:00,,,,
2023-09-17 21:20:00+00:00,,,,
2023-09-17 21:30:00+00:00,,,,
2023-09-17 21:40:00+00:00,,,,
2023-09-17 21:50:00+00:00,,,,
2023-09-17 22:00:00+00:00,,,,
2023-09-17 22:10:00+00:00,,,,
2023-09-17 22:20:00+00:00,,,,
2023-09-17 22:30:00+00:00,,,,
2023-09-17 22:40:00+00:00,,,,
2023-09-17 22:50:00+00:00,,,,
2023-09-17 23:00:00+00:00,,,,
2023-09-17 23:10:00+00:00,,,,
2023-09-17 23:20:00+00:00,,,,
2023-09-17 23:30:00+00:00,,,,
2023-09-17 23:40:00+00:00,,,,
2023-09-17 23:50:00+00:00,,,,
2023-09-18 00:00:00+00:00,,,,
2023-09-18 00:10:00+00:00,,,,
2023-09-18 00:20:00+00:00,,,,
2023-09-18 00:30:00+00:00,,,,
2023-09-18 00:40:00+00:00,,,,
2023-09-18 00:50:00+00:00,,,,
2023-09-18 01:00:00+00:00,,,,
2023-09-18 01:10:00+00:00,,,,
2023-09-18 01:20:00+00:00,,,,
2023-09-18 01:30:00+00:00,,,,
2023-09-18 01:40:00+00:00,,,,
2023-09-18 01:50:00+00:00,,,,
2023-09-18 02:00:00+00:00,,,,
2023-09-18 02:10:00+00:00,,,,
2023-09-18 02:20:00+00:00,,,,
2023-09-18 02:30:00+00:00,,,,
2023-09-18 02:40:00+00:00,,,,
2023-09-18 02:50:00+00:00,,,,
2023-09-18 03:00:00+00:00,,,,
2023-09-18 03:10:00+00:00,,,,
2023-09-18 03:20:00+00:00,,,,
2023-09-18 03:30:00+00:00,,,,
2023-09-18 03:40:00+00:00,,,,
2023-09-18 03:50:00+00:00,,,,
2023-09-18 04:00:00+00:00,,,,
2023-09-18 04:10:00+00:00,,,,
2023-09-18 04:20:00+00:00,,,,
2023-09-18 04:30:00+00:00,,,,
2023-09-18 04:40:00+00:00,,,,
2023-09-18 04:50:00+00:00,,,,
2023-09-18 05:00:00+00:00,,,,
2023-09-18 05:10:00+00:00,,,,
2023-09-18 05:20:00+00:00,,,,
2023-09-18 05:30:00+00:00,,,,
2023-09-18 05:40:00+00:00,,,,
2023-09-18 05:50:00+00:00,,,,
2023-09-18 06:00:00+00:00,,,,
2023-09-18 06:10:00+00:00,,,,
2023-09-18 06:20:00+00:00,,,,
2023-09-18 06:30:00+00:00,,,,
2023-09-18 06:40:00+00:00,,,,
2023-09-18 06:50:00+00:00,,,,
2023-09-18 07:00:00+00:00,,,,
2023-09-18 07:10:00+00:00,,,,
2023-09-18 07:20:00+00:00,,,,
2023-09-18 07:30:00+00:00,,,,
2023-09-18 07:40:00+00:00,,,,
2023-09-18 07:50:00+00:00,,,,
2023-09-18 08:00:00+00:00,,,,
2023-09-18 08:10:00+00:00,,,,
2023-09-18 08:20:00+00:00,,,,
2023-09-18 08:30:00+00:00,,,,
2023-09-18 08:40:00+00:00,,,,
2023-09-18 08:50:00+00:00,,,,
2023-09-18 09:00:00+00:00,,,,
2023-09-18 09:10:00+00:00,,,,
2023-09-18 09:20:00+00:00,,,,
2023-09-18 09:30:00+00:00,,,,
2023-09-18 09:40:00+00:00,,,,
2023-09-18 09:50:00+00:00,,,,
2023-09-18 10:00:00+00:00,,,,
2023-09-18 10:10:00+00:00,,,,
2023-09-18 10:20:00+00:00,,,,
2023-09-18 10:30:00+00:00,,,,
2023-09-18 10:40:00+00:00,,,,
2023-09-18 10:50:00+00:00,,,,
2023-09-18 11:00:00+00:00,,,,
2023-09-18 11:10:00+00:00,,,,
2023-09-18 11:20:00+00:00,,,,
2023-09-18 11:30:00+00:00,,,,
2023-09-18 11:40:00+00:00,,,,
2023-09-18 11:50:00+00:00,,,,
2023-09-18 12:00:00+00:00,,,,
2023-09-18 12:10:00+00:00,,,,
2023-09-18 12:20:00+00:00,,,,
2023-09-18 12:30:00+00:00,,,,
2023-09-18 12:40:00+00:00,,,,
2023-09-18 12:50:00+00:00,,,,
2023-09-18 13:00:00+00:00,,,,
2023-09-18 13:10:00+00:00,,,,
2023-09-18 13:20:00+00:00,,,,
2023-09-18 13:30:00+00:00,,,,
2023-09-18 13:40:00+00:00,,,,
2023-09-18 13:50:00+00:00,,,,
2023-09-18 14:00:00+00:00,,,,
2023-09-18 14:10:00+00:00,,,,
2023-09-18 14:20:00+00:00,,,,
2023-09-18 14:30:00+00:00,,,,
2023-09-18 14:40:00+00:00,,,,
2023-09-18 14:50:00+00:00,,,,
2023-09-18 15:00:00+00:00,,,,
2023-09-18 15:10:00+00:00,,,,
2023-09-18 15:20:00+00:00,,,,
2023-09-18 15:30:00+00:00,,,,
2023-09-18 15:40:00+00:00,,,,
2023-09-18 15:50:00+00:00,,,,
2023-09-18 16:00:00+00:00,,,,
2023-09-18 16:10:00+00:00,,,,
2023-09-18 16:20:00+00:00,,,,
2023-09-18 16:30:00+00:00,,,,
2023-09-18 16:40:00+00:00,,,,
2023-09-18 16:50:00+00:00,,,,
2023-09-18 17:00:00+00:00,,,,
2023-09-18 17:10:00+00:00,,,,
2023-09-18 17:20:00+00:00,,,,
2023-09-18 17:30:00+00:00,,,,
2023-09-18 17:40:00+00:00,,,,
2023-09-18 17:50:00+00:00,,,,
2023-09-18 18:00:00+00:00,,,,
2023-09-18 18:10:00+00:00,,,,
2023-09-18 18:20:00+00:00,,,,
2023-09-18 18:30:00+00:00,,,,
2023-09-18 18:40:00+00:00,,,,
2023-09-18 18:50:00+00:00,,,,
2023-09-18 19:00:00+00:00,,,,
2023-09-18 19:10:00+00:00,,,,
2023-09-18 19:20:00+00:00,,,,
2023-09-18 19:30:00+00:00,,,,
2023-09-18 19:40:00+00:00,,,,
2023-09-18 19:50:00+00:00,,,,
2023-09-18 20:00:00+00:00,,,,
2023-09-18 20:10:00+00:00,,,,
2023-09-18 20:20:00+00:00,,,,
2023-09-18 20:30:00+00:00,,,,
2023-09-18 20:40:00+00:00,,,,
2023-09-18 20:50:00+00:00,,,,
2023-09-18 21:00:00+00:00,,,,
2023-09-18 21:10:00+00:00,,,,
2023-09-18 21:20:00+00:00,,,,
2023-09-18 21:30:00+00:00,,,,
2023-09-18 21:40:00+00:00,,,,
2023-09-18 21:50:00+00:00,,,,
2023-09-18 22:00:00+00:00,,,,
2023-09-18 22:10:00+00:00,,,,
2023-09-18 22:20:00+00:00,,,,
2023-09-18 22:30:00+00:00,,,,
2023-09-18 22:40:00+00:00,,,,
2023-09-18 22:50:00+00:00,,,,
2023-09-18 23:00:00+00:00,,,,
2023-09-18 23:10:00+00:00,,,,
2023-09-18 23:20:00+00:00,,,,
2023-09-18 23:30:00+00:00,,,,
2023-09-18 23:40:00+00:00,,,,
2023-09-18 23:50:00+00:00,,,,
2023-09-19 00:00:00+00:00,,,,
2023-09-19 00:10:00+00:00,,,,
2023-09-19 00:20:00+00:00,,,,
2023-09-19 00:30:00+00:00,,,,
2023-09-19 00:40:00+00:00,,,,
2023-09-19 00:50:00+00:00,,,,
2023-09-19 01:00:00+00:00,,,,
2023-09-19 01:10:00+00:00,,,,
2023-09-19 01:20:00+00:00,,,,
2023-09-19 01:30:00+00:00,,,,
2023-09-19 01:40:00+00:00,,,,
2023-09-19 01:50:00+00:00,,,,
2023-09-19 02:00:00+00:00,,,,
2023-09-19 02:10:00+00:00,,,,
2023-09-19 02:20:00+00:00,,,,
2023-09-19 02:30:00+00:00,,,,
2023-09-19 02:40:00+00:00,,,,
2023-09-19 02:50:00+00:00,,,,
2023-09-19 03:00:00+00:00,,,,
2023-09-19 03:10:00+00:00,,,,
2023-09-19 03:20:00+00:00,,,,
2023-09-19 03:30:00+00:00,,,,
2023-09-19 03:40:00+00:00,,,,
2023-09-19 03:50:00+00:00,,,,
2023-09-19 04:00:00+00:00,,,,
2023-09-19 04:10:00+00:00,,,,
2023-09-19 04:20:00+00:00,,,,
2023-09-19 04:30:00+00:00,,,,
2023-09-19 04:40:00+00:00,,,,
2023-09-19 04:50:00+00:00,,,,
2023-09-19 05:00:00+00:00,,,,
2023-09-19 05:10:00+00:00,,,,
2023-09-19 05:20:00+00:00,,,,
2023-09-19 05:30:00+00:00,,,,
2023-09-19 05:40:00+00:00,,,,
2023-09-19 05:50:00+00:00,,,,
2023-09-19 06:00:00+00:00,,,,
2023-09-19 06:10:00+00:00,,,,
2023-09-19 06:20:00+00:00,,,,
2023-09-19 06:30:00+00:00,,,,
2023-09-19 06:40:00+00:00,,,,
2023-09-19 06:50:00+00:00,,,,
2023-09-19 07:00:00+00:00,,,,
2023-09-19 07:10:00+00:00,,,,
2023-09-19 07:20:00+00:00,,,,
2023-09-19 07:30:00+00:00,,,,
2023-09-19 07:40:00+00:00,,,,
2023-09-19 07:50:00+00:00,,,,
2023-09-19 08:00:00+00:00,,,,
2023-09-19 08:10:00+00:00,,,,
2023-09-19 08:20:00+00:00,,,,
2023-09-19 08:30:00+00:00,,,,
2023-09-19 08:40:00+00:00,,,,
2023-09-19 08:50:00+00:00,,,,
2023-09-19 09:00:00+00:00,,,,
2023-09-19 09:10:00+00:00,,,,
2023-09-19 09:20:00+00:00,,,,
2023-09-19 09:30:00+00:00,,,,
2023-09-19 09:40:00+00:00,,,,
2023-09-19 09:50:00+00:00,,,,
2023-09-19 10:00:00+00:00,,,,
2023-09-19 10:10:00+00:00,,,,
2023-09-19 10:20:00+00:00,,,,
2023-09-19 10:30:00+00:00,,,,
2023-09-19 10:40:00+00:00,,,,
2023-09-19 10:50:00+00:00,,,,
2023-09-19 11:00:00+00:00,,,,
2023-09-19 11:10:00+00:00,,,,
2023-09-19 11:20:00+00:00,,,,
2023-09-19 11:30:00+00:00,,,,
2023-09-19 11:40:00+00:00,,,,
2023-09-19 11:50:00+00:00,,,,
2023-09-19 12:00:00+00:00,,,,
2023-09-19 12:10:00+00:00,,,,
2023-09-19 12:20:00+00:00,,,,
2023-09-19 12:30:00+00:00,,,,
2023-09-19 12:40:00+00:00,,,,
2023-09-19 12:50:00+00:00,,,,
2023-09-19 13:00:00+00:00,,,,
2023-09-19 13:10:00+00:00,,,,
2023-09-19 13:20:00+00:00,,,,
2023-09-19 13:30:00+00:00,,,,
2023-09-19 13:40:00+00:00,,,,
2023-09-19 13:50:00+00:00,,,,
2023-09-19 14:00:00+00:00,,,,
2023-09-19 14:10:00+00:00,,,,
2023-09-19 14:20:00+00:00,,,,
2023-09-19 14:30:00+00:00,,,,
2023-09-19 14:40:00+00:00,,,,
2023-09-19 14:50:00+00:00,,,,
2023-09-19 15:00:00+00:00,,,,
2023-09-19 15:10:00+00:00,,,,
2023-09-19 15:20:00+00:00,,,,
2023-09-19 15:30:00+00:00,,,,
2023-09-19 15:40:00+00:00,,,,
2023-09-19 15:50:00+00:00,,,,
2023-09-19 16:00:00+00:00,,,,
2023-09-19 16:10:00+00:00,,,,
2023-09-19 16:20:00+00:00,,,,
2023-09-19 16:30:00+00:00,,,,
2023-09-19 16:40:00+00:00,,,,
2023-09-19 16:50:00+00:00,,,,
2023-09-19 17:00:00+00:00,,,,
2023-09-19 17:10:00+00:00,,,,
2023-09-19 17:20:00+00:00,,,,
2023-09-19 17:30:00+00:00,,,,
2023-09-19 17:40:00+00:00,,,,
2023-09-19 17:50:00+00:00,,,,
2023-09-19 18:00:00+00:00,,,,
2023-09-19 18:10:00+00:00,,,,
2023-09-19 18:20:00+00:00,,,,
2023-09-19 18:30:00+00:00,,,,
2023-09-19 18:40:00+00:00,,,,
2023-09-19 18:50:00+00:00,,,,
2023-09-19 19:00:00+00:00,,,,
2023-09-19 19:10:00+00:00,,,,
2023-09-19 19:20:00+00:00,,,,
2023-09-19 19:30:00+00:00,,,,
2023-09-19 19:40:00+00:00,,,,
2023-09-19 19:50:00+00:00,,,,
2023-09-19 20:00:00+00:00,,,,
2023-09-19 20:10:00+00:00,,,,
2023-09-19 20:20:00+00:00,,,,
2023-09-19 20:30:00+00:00,,,,
2023-09-19 20:40:00+00:00,,,,
2023-09-19 20:50:00+00:00,,,,
2023-09-19 21:00:00+00:00,,,,
2023-09-19 21:10:00+00:00,,,,
2023-09-19 21:20:00+00:00,,,,
2023-09-19 21:30:00+00:00,,,,
2023-09-19 21:40:00+00:00,,,,
2023-09-19 21:50:00+00:00,,,,
2023-09-19 22:00:00+00:00,,,,
2023-09-19 22:10:00+00:00,,,,
2023-09-19 22:20:00+00:00,,,,
2023-09-19 22:30:00+00:00,,,,
2023-09-19 22:40:00+00:00,,,,
2023-09-19 22:50:00+00:00,,,,
2023-09-19 23:00:00+00:00,,,,
2023-09-19 23:10:00+00:00,,,,
2023-09-19 23:20:00+00:00,,,,
2023-09-19 23:30:00+00:00,,,,
2023-09-19 23:40:00+00:00,,,,
2023-09-19 23:50:00+00:00,,,,
2023-09-20 00:00:00+00:00,,,,
2023-09-20 00:10:00+00:00,,,,
2023-09-20 00:20:00+00:00,,,,
2023-09-20 00:30:00+00:00,,,,
2023-09-20 00:40:00+00:00,,,,
2023-09-20 00:50:00+00:00,,,,
2023-09-20 01:00:00+00:00,,,,
2023-09-20 01:10:00+00:00,,,,
2023-09-20 01:20:00+00:00,,,,
2023-09-20 01:30:00+00:00,,,,
2023-09-20 01:40:00+00:00,,,,
2023-09-20 01:50:00+00:00,,,,
2023-09-20 02:00:00+00:00,,,,
2023-09-20 02:10:00+00:00,,,,
2023-09-20 02:20:00+00:00,,,,
2023-09-20 02:30:00+00:00,,,,
2023-09-20 02:40:00+00:00,,,,
2023-09-20 02:50:00+00:00,,,,
2023-09-20 03:00:00+00:00,,,,
2023-09-20 03:10:00+00:00,,,,
2023-09-20 03:20:00+00:00,,,,
2023-09-20 03:30:00+00:00,,,,
2023-09-20 03:40:00+00:00,,,,
2023-09-20 03:50:00+00:00,,,,
2023-09-20 04:00:00+00:00,,,,
2023-09-20 04:10:00+00:00,,,,
2023-09-20 04:20:00+00:00,,,,
2023-09-20 04:30:00+00:00,,,,
2023-09-20 04:40:00+00:00,,,,
2023-09-20 04:50:00+00:00,,,,
2023-09-20 05:00:00+00:00,,,,
2023-09-20 05:10:00+00:00,,,,
2023-09-20 05:20:00+00:00,,,,
2023-09-20 05:30:00+00:00,,,,
2023-09-20 05:40:00+00:00,,,,
2023-09-20 05:50:00+00:00,,,,
2023-09-20 06:00:00+00:00,,,,
2023-09-20 06:10:00+00:00,,,,
2023-09-20 06:20:00+00:00,,,,
2023-09-20 06:30:00+00:00,,,,
2023-09-20 06:40:00+00:00,,,,
2023-09-20 06:50:00+00:00,,,,
2023-09-20 07:00:00+00:00,,,,
2023-09-20 07:10:00+00:00,,,,
2023-09-20 07:20:00+00:00,,,,
2023-09-20 07:30:00+00:00,,,,
2023-09-20 07:40:00+00:00,,,,
2023-09-20 07:50:00+00:00,,,,
2023-09-20 08:00:00+00:00,,,,
2023-09-20 08:10:00+00:00,,,,
2023-09-20 08:20:00+00:00,,,,
2023-09-20 08:30:00+00:00,,,,
2023-09-20 08:40:00+00:00,,,,
2023-09-20 08:50:00+00:00,,,,
2023-09-20 09:00:00+00:00,,,,
2023-09-20 09:10:00+00:00,,,,
2023-09-20 09:20:00+00:00,,,,
2023-09-20 09:30:00+00:00,,,,
2023-09-20 09:40:00+00:00,,,,
2023-09-20 09:50:00+00:00,,,,
2023-09-20 10:00:00+00:00,,,,
2023-09-20 10:10:00+00:00,,,,
2023-09-20 10:20:00+00:00,,,,
2023-09-20 10:30:00+00:00,,,,
2023-09-20 10:40:00+00:00,,,,
2023-09-20 10:50:00+00:00,,,,
2023-09-20 11:00:00+00:00,,,,
2023-09-20 11:10:00+00:00,,,,
2023-09-20 11:20:00+00:00,,,,
2023-09-20 11:30:00+00:00,,,,
2023-09-20 11:40:00+00:00,,,,
2023-09-20 11:50:00+00:00,,,,
2023-09-20 12:00:00+00:00,,,,
2023-09-20 12:10:00+00:00,,,,
2023-09-20 12:20:00+00:00,,,,
2023-09-20 12:30:00+00:00,,,,
2023-09-20 12:40:00+00:00,,,,
2023-09-20 12:50:00+00:00,,,,
2023-09-20 13:00:00+00:00,,,,
2023-09-20 13:10:00+00:00,,,,
2023-09-20 13:20:00+00:00,,,,
2023-09-20 13:30:00+00:00,,,,
2023-09-20 13:40:00+00:00,,,,
2023-09-20 13:50:00+00:00,,,,
2023-09-20 14:00:00+00:00,,,,
2023-09-20 14:10:00+00:00,,,,
2023-09-20 14:20:00+00:00,,,,
2023-09-20 14:30:00+00:00,,,,
2023-09-20 14:40:00+00:00,,,,
2023-09-20 14:50:00+00:00,,,,
2023-09-20 15:00:00+00:00,,,,
2023-09-20 15:10:00+00:00,,,,
2023-09-20 15:20:00+00:00,,,,
2023-09-20 15:30:00+00:00,,,,
2023-09-20 15:40:00+00:00,,,,
2023-09-20 15:50:00+00:00,,,,
2023-09-20 16:00:00+00:00,,,,
2023-09-20 16:10:00+00:00,,,,
2023-09-20 16:20:00+00:00,,,,
2023-09-20 16:30:00+00:00,,,,
2023-09-20 16:40:00+00:00,,,,
2023-09-20 16:50:00+00:00,,,,
2023-09-20 17:00:00+00:00,,,,
2023-09-20 17:10:00+00:00,,,,
2023-09-20 17:20:00+00:00,,,,
2023-09-20 17:30:00+00:00,,,,
2023-09-20 17:40:00+00:00,,,,
2023-09-20 17:50:00+00:00,,,,
2023-09-20 18:00:00+00:00,,,,
2023-09-20 18:10:00+00:00,,,,
2023-09-20 18:20:00+00:00,,,,
2023-09-20 18:30:00+00:00,,,,
2023-09-20 18:40:00+00:00,,,,
2023-09-20 18:50:00+00:00,,,,
2023-09-20 19:00:00+00:00,,,,
2023-09-20 19:10:00+00:00,,,,
2023-09-20 19:20:00+00:00,,,,
2023-09-20 19:30:00+00:00,,,,
2023-09-20 19:40:00+00:00,,,,
2023-09-20 19:50:00+00:00,,,,
2023-09-20 20:00:00+00:00,,,,
2023-09-20 20:10:00+00:00,,,,
2023-09-20 20:20:00+00:00,,,,
2023-09-20 20:30:00+00:00,,,,
2023-09-20 20:40:00+00:00,,,,
2023-09-20 20:50:00+00:00,,,,
2023-09-20 21:00:00+00:00,,,,
2023-09-20 21:10:00+00:00,,,,
2023-09-20 21:20:00+00:00,,,,
2023-09-20 21:30:00+00:00,,,,
2023-09-20 21:40:00+00:00,,,,
2023-09-20 21:50:00+00:00,,,,
2023-09-20 22:00:00+00:00,,,,
2023-09-20 22:10:00+00:00,,,,
2023-09-20 22:20:00+00:00,,,,
2023-09-20 22:30:00+00:00,,,,
2023-09-20 22:40:00+00:00,,,,
2023-09-20 22:50:00+00:00,,,,
2023-09-20 23:00:00+00:00,,,,
2023-09-20 23:10:00+00:00,,,,
2023-09-20 23:20:00+00:00,,,,
2023-09-20 23:30:00+00:00,,,,
2023-09-20 23:40:00+00:00,,,,
2023-09-20 23:50:00+00:00,,,,
2023-09-21 00:00:00+00:00,,,,
2023-09-21 00:10:00+00:00,,,,
2023-09-21 00:20:00+00:00,,,,
2023-09-21 00:30:00+00:00,,,,
2023-09-21 00:40:00+00:00,,,,
2023-09-21 00:50:00+00:00,,,,
2023-09-21 01:00:00+00:00,,,,
2023-09-21 01:10:00+00:00,,,,
2023-09-21 01:20:00+00:00,,,,
2023-09-21 01:30:00+00:00,,,,
2023-09-21 01:40:00+00:00,,,,
2023-09-21 01:50:00+00:00,,,,
2023-09-21 02:00:00+00:00,,,,
2023-09-21 02:10:00+00:00,,,,
2023-09-21 02:20:00+00:00,,,,
2023-09-21 02:30:00+00:00,,,,
2023-09-21 02:40:00+00:00,,,,
2023-09-21 02:50:00+00:00,,,,
2023-09-21 03:00:00+00:00,,,,
2023-09-21 03:10:00+00:00,,,,
2023-09-21 03:20:00+00:00,,,,
2023-09-21 03:30:00+00:00,,,,
2023-09-21 03:40:00+00:00,,,,
2023-09-21 03:50:00+00:00,,,,
2023-09-21 04:00:00+00:00,,,,
2023-09-21 04:10:00+00:00,,,,
2023-09-21 04:20:00+00:00,,,,
2023-09-21 04:30:00+00:00,,,,
2023-09-21 04:40:00+00:00,,,,
2023-09-21 04:50:00+00:00,,,,
2023-09-21 05:00:00+00:00,,,,
2023-09-21 05:10:00+00:00,,,,
2023-09-21 05:20:00+00:00,,,,
2023-09-21 05:30:00+00:00,,,,
2023-09-21 05:40:00+00:00,,,,
2023-09-21 05:50:00+00:00,,,,
2023-09-21 06:00:00+00:00,,,,
2023-09-21 06:10:00+00:00,,,,
2023-09-21 06:20:00+00:00,,,,
2023-09-21 06:30:00+00:00,,,,
2023-09-21 06:40:00+00:00,,,,
2023-09-21 06:50:00+00:00,,,,
2023-09-21 07:00:00+00:00,,,,
2023-09-21 07:10:00+00:00,,,,
2023-09-21 07:20:00+00:00,,,,
2023-09-21 07:30:00+00:00,,,,
2023-09-21 07:40:00+00:00,,,,
2023-09-21 07:50:00+00:00,,,,
2023-09-21 08:00:00+00:00,,,,
2023-09-21 08:10:00+00:00,,,,
2023-09-21 08:20:00+00:00,,,,
2023-09-21 08:30:00+00:00,,,,
2023-09-21 08:40:00+00:00,,,,
2023-09-21 08:50:00+00:00,,,,
2023-09-21 09:00:00+00:00,,,,
2023-09-21 09:10:00+00:00,,,,
2023-09-21 09:20:00+00:00,,,,
2023-09-21 09:30:00+00:00,,,,
2023-09-21 09:40:00+00:00,,,,
2023-09-21 09:50:00+00:00,,,,
2023-09-21 10:00:00+00:00,,,,
2023-09-21 10:10:00+00:00,,,,
2023-09-21 10:20:00+00:00,,,,
2023-09-21 10:30:00+00:00,,,,
2023-09-21 10:40:00+00:00,,,,
2023-09-21 10:50:00+00:00,,,,
2023-09-21 11:00:00+00:00,,,,
2023-09-21 11:10:00+00:00,,,,
2023-09-21 11:20:00+00:00,,,,
2023-09-21 11:30:00+00:00,,,,
2023-09-21 11:40:00+00:00,,,,
2023-09-21 11:50:00+00:00,,,,
2023-09-21 12:00:00+00:00,16.6,100.0,9.7,6.2
2023-09-21 12:10:00+00:00,16.6,100.0,9.6,6.3
2023-09-21 12:20:00+00:00,16.6,100.0,9.6,6.2
2023-09-21 12:30:00+00:00,16.65,100.0,9.649999999999999,6.2
2023-09-21 12:40:00+00:00,16.7,100.0,9.7,6.2
2023-09-21 12:50:00+00:00,16.8,100.0,9.7,6.2
2023-09-21 13:00:00+00:00,16.8,100.0,9.7,6.2
2023-09-21 13:10:00+00:00,16.9,100.0,9.7,6.2
2023-09-21 13:20:00+00:00,17.0,100.0,9.7,6.2
2023-09-21 13:30:00+00:00,17.0,100.0,9.7,6.3
2023-09-21 13:40:00+00:00,17.1,100.0,9.7,6.2
2023-09-21 13:50:00+00:00,17.1,100.0,9.7,6.2
2023-09-21 14:00:00+00:00,17.1,100.0,9.7,6.3
2023-09-21 14:10:00+00:00,17.2,100.0,9.7,6.3
2023-09-21 14:20:00+00:00,17.25,100.0,9.649999999999999,6.25
2023-09-21 14:30:00+00:00,17.3,100.0,9.6,6.2
2023-09-21 14:40:00+00:00,17.3,100.0,9.7,6.2
2023-09-21 14:50:00+00:00,17.3,100.0,9.6,6.2
2023-09-21 15:00:00+00:00,17.4,100.0,9.7,6.2
2023-09-21 15:10:00+00:00,17.5,100.0,9.7,6.2
2023-09-21 15:20:00+00:00,17.5,100.0,9.7,6.1
2023-09-21 15:30:00+00:00,17.5,100.0,9.7,6.0
2023-09-21 15:40:00+00:00,17.6,100.0,9.666666666666666,5.900000000000001
2023-09-21 15:50:00+00:00,17.6,100.0,9.666666666666666,4.966666666666666
2023-09-21 16:00:00+00:00,17.6,100.0,9.7,4.4
2023-09-21 16:10:00+00:00,17.59817351598174,100.0,9.7,4.399726027397261
2023-09-21 16:20:00+00:00,17.59634703196347,100.0,9.7,4.399452054794521
2023-09-21 16:30:00+00:00,17.59452054794521,100.0,9.7,4.399178082191781
2023-09-21 16:40:00+00:00,17.592694063926942,100.0,9.7,4.398904109589042
2023-09-21 16:50:00+00:00,17.59086757990868,100.0,9.7,4.398630136986302
2023-09-21 17:00:00+00:00,17.589041095890412,100.0,9.7,4.398356164383562
2023-09-21 17:10:00+00:00,17.58721461187215,100.0,9.7,4.398082191780822
2023-09-21 17:20:00+00:00,17.585388127853882,100.0,9.7,4.397808219178082
2023-09-21 17:30:00+00:00,17.58356164383562,100.0,9.7,4.397534246575343
2023-09-21 17:40:00+00:00,17.581735159817352,100.0,9.7,4.397260273972603
2023-09-21 17:50:00+00:00,17.57990867579909,100.0,9.7,4.396986301369863
2023-09-21 18:00:00+00:00,17.578082191780823,100.0,9.7,4.396712328767124
2023-09-21 18:10:00+00:00,17.57625570776256,100.0,9.7,4.396438356164384
2023-09-21 18:20:00+00:00,17.574429223744293,100.0,9.7,4.396164383561644
2023-09-21 18:30:00+00:00,17.57260273972603,100.0,9.7,4.395890410958905
2023-09-21 18:40:00+00:00,17.570776255707763,100.0,9.7,4.395616438356165
2023-09-21 18:50:00+00:00,17.5689497716895,100.0,9.7,4.395342465753425
2023-09-21 19:00:00+00:00,17.567123287671233,100.0,9.7,4.395068493150685
2023-09-21 19:10:00+00:00,17.56529680365297,100.0,9.7,4.394794520547945
2023-09-21 19:20:00+00:00,17.563470319634703,100.0,9.7,4.394520547945206
2023-09-21 19:30:00+00:00,17.56164383561644,100.0,9.7,4.394246575342466
2023-09-21 19:40:00+00:00,17.559817351598173,100.0,9.7,4.393972602739726
2023-09-21 19:50:00+00:00,17.55799086757991,100.0,9.7,4.393698630136987
2023-09-21 20:00:00+00:00,17.556164383561644,100.0,9.7,4.393424657534247
2023-09-21 20:10:00+00:00,,,,
2023-09-21 20:20:00+00:00,,,,
2023-09-21 20:30:00+00:00,,,,
2023-09-21 20:40:00+00:00,,,,
2023-09-21 20:50:00+00:00,,,,
2023-09-21 21:00:00+00:00,,,,
2023-09-21 21:10:00+00:00,,,,
2023-09-21 21:20:00+00:00,,,,
2023-09-21 21:30:00+00:00,,,,
2023-09-21 21:40:00+00:00,,,,
2023-09-21 21:50:00+00:00,,,,
2023-09-21 22:00:00+00:00,,,,
2023-09-21 22:10:00+00:00,,,,
2023-09-21 22:20:00+00:00,,,,
2023-09-21 22:30:00+00:00,,,,
2023-09-21 22:40:00+00:00,,,,
2023-09-21 22:50:00+00:00,,,,
2023-09-21 23:00:00+00:00,,,,
2023-09-21 23:10:00+00:00,,,,
2023-09-21 23:20:00+00:00,,,,
2023-09-21 23:30:00+00:00,,,,
2023-09-21 23:40:00+00:00,,,,
2023-09-21 23:50:00+00:00,,,,
2023-09-22 00:00:00+00:00,,,,
2023-09-22 00:10:00+00:00,,,,
2023-09-22 00:20:00+00:00,,,,
2023-09-22 00:30:00+00:00,,,,
2023-09-22 00:40:00+00:00,,,,
2023-09-22 00:50:00+00:00,,,,
2023-09-22 01:00:00+00:00,,,,
2023-09-22 01:10:00+00:00,,,,
2023-09-22 01:20:00+00:00,,,,
2023-09-22 01:30:00+00:00,,,,
2023-09-22 01:40:00+00:00,,,,
2023-09-22 01:50:00+00:00,,,,
2023-09-22 02:00:00+00:00,,,,
2023-09-22 02:10:00+00:00,,,,
2023-09-22 02:20:00+00:00,,,,
2023-09-22 02:30:00+00:00,,,,
2023-09-22 02:40:00+00:00,,,,
2023-09-22 02:50:00+00:00,,,,
2023-09-22 03:00:00+00:00,,,,
2023-09-22 03:10:00+00:00,,,,
2023-09-22 03:20:00+00:00,,,,
2023-09-22 03:30:00+00:00,,,,
2023-09-22 03:40:00+00:00,,,,
2023-09-22 03:50:00+00:00,,,,
2023-09-22 04:00:00+00:00,,,,
2023-09-22 04:10:00+00:00,,,,
2023-09-22 04:20:00+00:00,,,,
2023-09-22 04:30:00+00:00,,,,
2023-09-22 04:40:00+00:00,,,,
2023-09-22 04:50:00+00:00,,,,
2023-09-22 05:00:00+00:00,,,,
2023-09-22 05:10:00+00:00,,,,
2023-09-22 05:20:00+00:00,,,,
2023-09-22 05:30:00+00:00,,,,
2023-09-22 05:40:00+00:00,,,,
2023-09-22 05:50:00+00:00,,,,
2023-09-22 06:00:00+00:00,,,,
2023-09-22 06:10:00+00:00,,,,
2023-09-22 06:20:00+00:00,,,,
2023-09-22 06:30:00+00:00,,,,
2023-09-22 06:40:00+00:00,,,,
2023-09-22 06:50:00+00:00,,,,
2023-09-22 07:00:00+00:00,,,,
2023-09-22 07:10:00+00:00,,,,
2023-09-22 07:20:00+00:00,,,,
2023-09-22 07:30:00+00:00,,,,
2023-09-22 07:40:00+00:00,,,,
2023-09-22 07:50:00+00:00,,,,
2023-09-22 08:00:00+00:00,,,,
2023-09-22 08:10:00+00:00,,,,
2023-09-22 08:20:00+00:00,,,,
2023-09-22 08:30:00+00:00,,,,
2023-09-22 08:40:00+00:00,,,,
2023-09-22 08:50:00+00:00,,,,
2023-09-22 09:00:00+00:00,,,,
2023-09-22 09:10:00+00:00,,,,
2023-09-22 09:20:00+00:00,,,,
2023-09-22 09:30:00+00:00,,,,
2023-09-22 09:40:00+00:00,,,,
2023-09-22 09:50:00+00:00,,,,
2023-09-22 10:00:00+00:00,,,,
2023-09-22 10:10:00+00:00,,,,
2023-09-22 10:20:00+00:00,,,,
2023-09-22 10:30:00+00:00,,,,
2023-09-22 10:40:00+00:00,,,,
2023-09-22 10:50:00+00:00,,,,
2023-09-22 11:00:00+00:00,,,,
2023-09-22 11:10:00+00:00,,,,
2023-09-22 11:20:00+00:00,,,,
2023-09-22 11:30:00+00:00,,,,
2023-09-22 11:40:00+00:00,,,,
2023-09-22 11:50:00+00:00,,,,
2023-09-22 12:00:00+00:00,,,,
2023-09-22 12:10:00+00:00,,,,
2023-09-22 12:20:00+00:00,,,,
2023-09-22 12:30:00+00:00,,,,
2023-09-22 12:40:00+00:00,,,,
2023-09-22 12:50:00+00:00,,,,
2023-09-22 13:00:00+00:00,,,,
2023-09-22 13:10:00+00:00,,,,
2023-09-22 13:20:00+00:00,,,,
2023-09-22 13:30:00+00:00,,,,
2023-09-22 13:40:00+00:00,,,,
2023-09-22 13:50:00+00:00,,,,
2023-09-22 14:00:00+00:00,,,,
2023-09-22 14:10:00+00:00,,,,
2023-09-22 14:20:00+00:00,,,,
2023-09-22 14:30:00+00:00,,,,
2023-09-22 14:40:00+00:00,,,,
2023-09-22 14:50:00+00:00,,,,
2023-09-22 15:00:00+00:00,,,,
2023-09-22 15:10:00+00:00,,,,
2023-09-22 15:20:00+00:00,,,,
2023-09-22 15:30:00+00:00,,,,
2023-09-22 15:40:00+00:00,,,,
2023-09-22 15:50:00+00:00,,,,
2023-09-22 16:00:00+00:00,,,,
2023-09-22 16:10:00+00:00,,,,
2023-09-22 16:20:00+00:00,,,,
2023-09-22 16:30:00+00:00,,,,
2023-09-22 16:40:00+00:00,,,,
2023-09-22 16:50:00+00:00,,,,
2023-09-22 17:00:00+00:00,,,,
2023-09-22 17:10:00+00:00,,,,
2023-09-22 17:20:00+00:00,,,,
2023-09-22 17:30:00+00:00,,,,
2023-09-22 17:40:00+00:00,,,,
2023-09-22 17:50:00+00:00,,,,
2023-09-22 18:00:00+00:00,,,,
2023-09-22 18:10:00+00:00,,,,
2023-09-22 18:20:00+00:00,,,,
2023-09-22 18:30:00+00:00,,,,
2023-09-22 18:40:00+00:00,,,,
2023-09-22 18:50:00+00:00,,,,
2023-09-22 19:00:00+00:00,,,,
2023-09-22 19:10:00+00:00,,,,
2023-09-22 19:20:00+00:00,,,,
2023-09-22 19:30:00+00:00,,,,
2023-09-22 19:40:00+00:00,,,,
2023-09-22 19:50:00+00:00,,,,
2023-09-22 20:00:00+00:00,,,,
2023-09-22 20:10:00+00:00,,,,
2023-09-22 20:20:00+00:00,,,,
2023-09-22 20:30:00+00:00,,,,
2023-09-22 20:40:00+00:00,,,,
2023-09-22 20:50:00+00:00,,,,
2023-09-22 21:00:00+00:00,,,,
2023-09-22 21:10:00+00:00,,,,
2023-09-22 21:20:00+00:00,,,,
2023-09-22 21:30:00+00:00,,,,
2023-09-22 21:40:00+00:00,,,,
2023-09-22 21:50:00+00:00,,,,
2023-09-22 22:00:00+00:00,,,,
2023-09-22 22:10:00+00:00,,,,
2023-09-22 22:20:00+00:00,,,,
2023-09-22 22:30:00+00:00,,,,
2023-09-22 22:40:00+00:00,,,,
2023-09-22 22:50:00+00:00,,,,
2023-09-22 23:00:00+00:00,,,,
2023-09-22 23:10:00+00:00,,,,
2023-09-22 23:20:00+00:00,,,,
2023-09-22 23:30:00+00:00,,,,
2023-09-22 23:40:00+00:00,,,,
2023-09-22 23:50:00+00:00,,,,
2023-09-23 00:00:00+00:00,,,,
2023-09-23 00:10:00+00:00,,,,
2023-09-23 00:20:00+00:00,,,,
2023-09-23 00:30:00+00:00,,,,
2023-09-23 00:40:00+00:00,,,,
2023-09-23 00:50:00+00:00,,,,
2023-09-23 01:00:00+00:00,,,,
2023-09-23 01:10:00+00:00,,,,
2023-09-23 01:20:00+00:00,,,,
2023-09-23 01:30:00+00:00,,,,
2023-09-23 01:40:00+00:00,,,,
2023-09-23 01:50:00+00:00,,,,
2023-09-23 02:00:00+00:00,,,,
2023-09-23 02:10:00+00:00,,,,
2023-09-23 02:20:00+00:00,,,,
2023-09-23 02:30:00+00:00,,,,
2023-09-23 02:40:00+00:00,,,,
2023-09-23 02:50:00+00:00,,,,
2023-09-23 03:00:00+00:00,,,,
2023-09-23 03:10:00+00:00,,,,
2023-09-23 03:20:00+00:00,,,,
2023-09-23 03:30:00+00:00,,,,
2023-09-23 03:40:00+00:00,,,,
2023-09-23 03:50:00+00:00,,,,
2023-09-23 04:00:00+00:00,,,,
2023-09-23 04:10:00+00:00,,,,
2023-09-23 04:20:00+00:00,,,,
2023-09-23 04:30:00+00:00,,,,
2023-09-23 04:40:00+00:00,,,,
2023-09-23 04:50:00+00:00,,,,
2023-09-23 05:00:00+00:00,,,,
2023-09-23 05:10:00+00:00,,,,
2023-09-23 05:20:00+00:00,,,,
2023-09-23 05:30:00+00:00,,,,
2023-09-23 05:40:00+00:00,,,,
2023-09-23 05:50:00+00:00,,,,
2023-09-23 06:00:00+00:00,,,,
2023-09-23 06:10:00+00:00,,,,
2023-09-23 06:20:00+00:00,,,,
2023-09-23 06:30:00+00:00,,,,
2023-09-23 06:40:00+00:00,,,,
2023-09-23 06:50:00+00:00,,,,
2023-09-23 07:00:00+00:00,,,,
2023-09-23 07:10:00+00:00,,,,
2023-09-23 07:20:00+00:00,,,,
2023-09-23 07:30:00+00:00,,,,
2023-09-23 07:40:00+00:00,,,,
2023-09-23 07:50:00+00:00,,,,
2023-09-23 08:00:00+00:00,,,,
2023-09-23 08:10:00+00:00,,,,
2023-09-23 08:20:00+00:00,,,,
2023-09-23 08:30:00+00:00,,,,
2023-09-23 08:40:00+00:00,,,,
2023-09-23 08:50:00+00:00,,,,
2023-09-23 09:00:00+00:00,,,,
2023-09-23 09:10:00+00:00,,,,
2023-09-23 09:20:00+00:00,,,,
2023-09-23 09:30:00+00:00,,,,
2023-09-23 09:40:00+00:00,,,,
2023-09-23 09:50:00+00:00,,,,
2023-09-23 10:00:00+00:00,,,,
2023-09-23 10:10:00+00:00,,,,
2023-09-23 10:20:00+00:00,,,,
2023-09-23 10:30:00+00:00,,,,
2023-09-23 10:40:00+00:00,,,,
2023-09-23 10:50:00+00:00,,,,
2023-09-23 11:00:00+00:00,,,,
2023-09-23 11:10:00+00:00,,,,
2023-09-23 11:20:00+00:00,,,,
2023-09-23 11:30:00+00:00,,,,
2023-09-23 11:40:00+00:00,,,,
2023-09-23 11:50:00+00:00,,,,
2023-09-23 12:00:00+00:00,,,,
2023-09-23 12:10:00+00:00,,,,
2023-09-23 12:20:00+00:00,,,,
2023-09-23 12:30:00+00:00,,,,
2023-09-23 12:40:00+00:00,,,,
2023-09-23 12:50:00+00:00,,,,
2023-09-23 13:00:00+00:00,,,,
2023-09-23 13:10:00+00:00,,,,
2023-09-23 13:20:00+00:00,,,,
2023-09-23 13:30:00+00:00,,,,
2023-09-23 13:40:00+00:00,,,,
2023-09-23 13:50:00+00:00,,,,
2023-09-23 14:00:00+00:00,,,,
2023-09-23 14:10:00+00:00,,,,
2023-09-23 14:20:00+00:00,,,,
2023-09-23 14:30:00+00:00,,,,
2023-09-23 14:40:00+00:00,,,,
2023-09-23 14:50:00+00:00,,,,
2023-09-23 15:00:00+00:00,,,,
2023-09-23 15:10:00+00:00,,,,
2023-09-23 15:20:00+00:00,,,,
2023-09-23 15:30:00+00:00,,,,
2023-09-23 15:40:00+00:00,,,,
2023-09-23 15:50:00+00:00,,,,
2023-09-23 16:00:00+00:00,,,,
2023-09-23 16:10:00+00:00,,,,
2023-09-23 16:20:00+00:00,,,,
2023-09-23 16:30:00+00:00,,,,
2023-09-23 16:40:00+00:00,,,,
2023-09-23 16:50:00+00:00,,,,
2023-09-23 17:00:00+00:00,,,,
2023-09-23 17:10:00+00:00,,,,
2023-09-23 17:20:00+00:00,,,,
2023-09-23 17:30:00+00:00,,,,
2023-09-23 17:40:00+00:00,,,,
2023-09-23 17:50:00+00:00,,,,
2023-09-23 18:00:00+00:00,,,,
2023-09-23 18:10:00+00:00,,,,
2023-09-23 18:20:00+00:00,,,,
2023-09-23 18:30:00+00:00,,,,
2023-09-23 18:40:00+00:00,,,,
2023-09-23 18:50:00+00:00,,,,
2023-09-23 19:00:00+00:00,,,,
2023-09-23 19:10:00+00:00,,,,
2023-09-23 19:20:00+00:00,,,,
2023-09-23 19:30:00+00:00,,,,
2023-09-23 19:40:00+00:00,,,,
2023-09-23 19:50:00+00:00,,,,
2023-09-23 20:00:00+00:00,,,,
2023-09-23 20:10:00+00:00,,,,
2023-09-23 20:20:00+00:00,,,,
2023-09-23 20:30:00+00:00,,,,
2023-09-23 20:40:00+00:00,,,,
2023-09-23 20:50:00+00:00,,,,
2023-09-23 21:00:00+00:00,,,,
2023-09-23 21:10:00+00:00,,,,
2023-09-23 21:20:00+00:00,,,,
2023-09-23 21:30:00+00:00,,,,
2023-09-23 21:40:00+00:00,,,,
2023-09-23 21:50:00+00:00,,,,
2023-09-23 22:00:00+00:00,,,,
2023-09-23 22:10:00+00:00,,,,
2023-09-23 22:20:00+00:00,,,,
2023-09-23 22:30:00+00:00,,,,
2023-09-23 22:40:00+00:00,,,,
2023-09-23 22:50:00+00:00,,,,
2023-09-23 23:00:00+00:00,,,,
2023-09-23 23:10:00+00:00,,,,
2023-09-23 23:20:00+00:00,,,,
2023-09-23 23:30:00+00:00,,,,
2023-09-23 23:40:00+00:00,,,,
2023-09-23 23:50:00+00:00,,,,
2023-09-24 00:00:00+00:00,,,,
2023-09-24 00:10:00+00:00,,,,
2023-09-24 00:20:00+00:00,,,,
2023-09-24 00:30:00+00:00,,,,
2023-09-24 00:40:00+00:00,,,,
2023-09-24 00:50:00+00:00,,,,
2023-09-24 01:00:00+00:00,,,,
2023-09-24 01:10:00+00:00,,,,
2023-09-24 01:20:00+00:00,,,,
2023-09-24 01:30:00+00:00,,,,
2023-09-24 01:40:00+00:00,,,,
2023-09-24 01:50:00+00:00,,,,
2023-09-24 02:00:00+00:00,,,,
2023-09-24 02:10:00+00:00,,,,
2023-09-24 02:20:00+00:00,,,,
2023-09-24 02:30:00+00:00,,,,
2023-09-24 02:40:00+00:00,,,,
2023-09-24 02:50:00+00:00,,,,
2023-09-24 03:00:00+00:00,,,,
2023-09-24 03:10:00+00:00,,,,
2023-09-24 03:20:00+00:00,,,,
2023-09-24 03:30:00+00:00,,,,
2023-09-24 03:40:00+00:00,,,,
2023-09-24 03:50:00+00:00,,,,
2023-09-24 04:00:00+00:00,,,,
2023-09-24 04:10:00+00:00,,,,
2023-09-24 04:20:00+00:00,,,,
2023-09-24 04:30:00+00:00,,,,
2023-09-24 04:40:00+00:00,,,,
2023-09-24 04:50:00+00:00,,,,
2023-09-24 05:00:00+00:00,,,,
2023-09-24 05:10:00+00:00,,,,
2023-09-24 05:20:00+00:00,,,,
2023-09-24 05:30:00+00:00,,,,
2023-09-24 05:40:00+00:00,,,,
2023-09-24 05:50:00+00:00,,,,
2023-09-24 06:00:00+00:00,,,,
2023-09-24 06:10:00+00:00,,,,
2023-09-24 06:20:00+00:00,,,,
2023-09-24 06:30:00+00:00,,,,
2023-09-24 06:40:00+00:00,,,,
2023-09-24 06:50:00+00:00,,,,
2023-09-24 07:00:00+00:00,,,,
2023-09-24 07:10:00+00:00,,,,
2023-09-24 07:20:00+00:00,,,,
2023-09-24 07:30:00+00:00,,,,
2023-09-24 07:40:00+00:00,,,,
2023-09-24 07:50:00+00:00,,,,
2023-09-24 08:00:00+00:00,,,,
2023-09-24 08:10:00+00:00,,,,
2023-09-24 08:20:00+00:00,,,,
2023-09-24 08:30:00+00:00,,,,
2023-09-24 08:40:00+00:00,,,,
2023-09-24 08:50:00+00:00,,,,
2023-09-24 09:00:00+00:00,,,,
2023-09-24 09:10:00+00:00,,,,
2023-09-24 09:20:00+00:00,,,,
2023-09-24 09:30:00+00:00,,,,
2023-09-24 09:40:00+00:00,,,,
2023-09-24 09:50:00+00:00,,,,
2023-09-24 10:00:00+00:00,,,,
2023-09-24 10:10:00+00:00,,,,
2023-09-24 10:20:00+00:00,,,,
2023-09-24 10:30:00+00:00,,,,
2023-09-24 10:40:00+00:00,,,,
2023-09-24 10:50:00+00:00,,,,
2023-09-24 11:00:00+00:00,,,,
2023-09-24 11:10:00+00:00,,,,
2023-09-24 11:20:00+00:00,,,,
2023-09-24 11:30:00+00:00,,,,
2023-09-24 11:40:00+00:00,,,,
2023-09-24 11:50:00+00:00,,,,
2023-09-24 12:00:00+00:00,,,,
2023-09-24 12:10:00+00:00,,,,
2023-09-24 12:20:00+00:00,,,,
2023-09-24 12:30:00+00:00,,,,
2023-09-24 12:40:00+00:00,,,,
2023-09-24 12:50:00+00:00,,,,
2023-09-24 13:00:00+00:00,,,,
2023-09-24 13:10:00+00:00,,,,
2023-09-24 13:20:00+00:00,,,,
2023-09-24 13:30:00+00:00,,,,
2023-09-24 13:40:00+00:00,,,,
2023-09-24 13:50:00+00:00,,,,
2023-09-24 14:00:00+00:00,,,,
2023-09-24 14:10:00+00:00,,,,
2023-09-24 14:20:00+00:00,,,,
2023-09-24 14:30:00+00:00,,,,
2023-09-24 14:40:00+00:00,,,,
2023-09-24 14:50:00+00:00,,,,
2023-09-24 15:00:00+00:00,,,,
2023-09-24 15:10:00+00:00,,,,
2023-09-24 15:20:00+00:00,,,,
2023-09-24 15:30:00+00:00,,,,
2023-09-24 15:40:00+00:00,,,,
2023-09-24 15:50:00+00:00,,,,
2023-09-24 16:00:00+00:00,,,,
2023-09-24 16:10:00+00:00,,,,
2023-09-24 16:20:00+00:00,,,,
2023-09-24 16:30:00+00:00,,,,
2023-09-24 16:40:00+00:00,,,,
2023-09-24 16:50:00+00:00,,,,
2023-09-24 17:00:00+00:00,,,,
2023-09-24 17:10:00+00:00,,,,
2023-09-24 17:20:00+00:00,,,,
2023-09-24 17:30:00+00:00,,,,
2023-09-24 17:40:00+00:00,,,,
2023-09-24 17:50:00+00:00,,,,
2023-09-24 18:00:00+00:00,,,,
2023-09-24 18:10:00+00:00,,,,
2023-09-24 18:20:00+00:00,,,,
2023-09-24 18:30:00+00:00,,,,
2023-09-24 18:40:00+00:00,,,,
2023-09-24 18:50:00+00:00,,,,
2023-09-24 19:00:00+00:00,,,,
2023-09-24 19:10:00+00:00,,,,
2023-09-24 19:20:00+00:00,,,,
2023-09-24 19:30:00+00:00,,,,
2023-09-24 19:40:00+00:00,,,,
2023-09-24 19:50:00+00:00,,,,
2023-09-24 20:00:00+00:00,,,,
2023-09-24 20:10:00+00:00,,,,
2023-09-24 20:20:00+00:00,,,,
2023-09-24 20:30:00+00:00,,,,
2023-09-24 20:40:00+00:00,,,,
2023-09-24 20:50:00+00:00,,,,
2023-09-24 21:00:00+00:00,,,,
2023-09-24 21:10:00+00:00,,,,
2023-09-24 21:20:00+00:00,,,,
2023-09-24 21:30:00+00:00,,,,
2023-09-24 21:40:00+00:00,,,,
2023-09-24 21:50:00+00:00,,,,
2023-09-24 22:00:00+00:00,,,,
2023-09-24 22:10:00+00:00,,,,
2023-09-24 22:20:00+00:00,,,,
2023-09-24 22:30:00+00:00,,,,
2023-09-24 22:40:00+00:00,,,,
2023-09-24 22:50:00+00:00,,,,
2023-09-24 23:00:00+00:00,,,,
2023-09-24 23:10:00+00:00,,,,
2023-09-24 23:20:00+00:00,,,,
2023-09-24 23:30:00+00:00,,,,
2023-09-24 23:40:00+00:00,,,,
2023-09-24 23:50:00+00:00,,,,
2023-09-25 00:00:00+00:00,,,,
2023-09-25 00:10:00+00:00,,,,
2023-09-25 00:20:00+00:00,,,,
2023-09-25 00:30:00+00:00,,,,
2023-09-25 00:40:00+00:00,,,,
2023-09-25 00:50:00+00:00,,,,
2023-09-25 01:00:00+00:00,,,,
2023-09-25 01:10:00+00:00,,,,
2023-09-25 01:20:00+00:00,,,,
2023-09-25 01:30:00+00:00,,,,
2023-09-25 01:40:00+00:00,,,,
2023-09-25 01:50:00+00:00,,,,
2023-09-25 02:00:00+00:00,,,,
2023-09-25 02:10:00+00:00,,,,
2023-09-25 02:20:00+00:00,,,,
2023-09-25 02:30:00+00:00,,,,
2023-09-25 02:40:00+00:00,,,,
2023-09-25 02:50:00+00:00,,,,
2023-09-25 03:00:00+00:00,,,,
2023-09-25 03:10:00+00:00,,,,
2023-09-25 03:20:00+00:00,,,,
2023-09-25 03:30:00+00:00,,,,
2023-09-25 03:40:00+00:00,,,,
2023-09-25 03:50:00+00:00,,,,
2023-09-25 04:00:00+00:00,,,,
2023-09-25 04:10:00+00:00,,,,
2023-09-25 04:20:00+00:00,,,,
2023-09-25 04:30:00+00:00,,,,
2023-09-25 04:40:00+00:00,,,,
2023-09-25 04:50:00+00:00,,,,
2023-09-25 05:00:00+00:00,,,,
2023-09-25 05:10:00+00:00,,,,
2023-09-25 05:20:00+00:00,,,,
2023-09-25 05:30:00+00:00,,,,
2023-09-25 05:40:00+00:00,,,,
2023-09-25 05:50:00+00:00,,,,
2023-09-25 06:00:00+00:00,,,,
2023-09-25 06:10:00+00:00,,,,
2023-09-25 06:20:00+00:00,,,,
2023-09-25 06:30:00+00:00,,,,
2023-09-25 06:40:00+00:00,,,,
2023-09-25 06:50:00+00:00,,,,
2023-09-25 07:00:00+00:00,,,,
2023-09-25 07:10:00+00:00,,,,
2023-09-25 07:20:00+00:00,,,,
2023-09-25 07:30:00+00:00,,,,
2023-09-25 07:40:00+00:00,,,,
2023-09-25 07:50:00+00:00,,,,
2023-09-25 08:00:00+00:00,,,,
2023-09-25 08:10:00+00:00,,,,
2023-09-25 08:20:00+00:00,,,,
2023-09-25 08:30:00+00:00,,,,
2023-09-25 08:40:00+00:00,,,,
2023-09-25 08:50:00+00:00,,,,
2023-09-25 09:00:00+00:00,,,,
2023-09-25 09:10:00+00:00,,,,
2023-09-25 09:20:00+00:00,,,,
2023-09-25 09:30:00+00:00,,,,
2023-09-25 09:40:00+00:00,,,,
2023-09-25 09:50:00+00:00,,,,
2023-09-25 10:00:00+00:00,,,,
2023-09-25 10:10:00+00:00,,,,
2023-09-25 10:20:00+00:00,,,,
2023-09-25 10:30:00+00:00,,,,
2023-09-25 10:40:00+00:00,,,,
2023-09-25 10:50:00+00:00,,,,
2023-09-25 11:00:00+00:00,,,,
2023-09-25 11:10:00+00:00,,,,
2023-09-25 11:20:00+00:00,,,,
2023-09-25 11:30:00+00:00,,,,
2023-09-25 11:40:00+00:00,,,,
2023-09-25 11:50:00+00:00,,,,
2023-09-25 12:00:00+00:00,,,,
2023-09-25 12:10:00+00:00,,,,
2023-09-25 12:20:00+00:00,,,,
2023-09-25 12:30:00+00:00,,,,
2023-09-25 12:40:00+00:00,,,,
2023-09-25 12:50:00+00:00,,,,
2023-09-25 13:00:00+00:00,,,,
2023-09-25 13:10:00+00:00,,,,
2023-09-25 13:20:00+00:00,,,,
2023-09-25 13:30:00+00:00,,,,
2023-09-25 13:40:00+00:00,,,,
2023-09-25 13:50:00+00:00,,,,
2023-09-25 14:00:00+00:00,,,,
2023-09-25 14:10:00+00:00,,,,
2023-09-25 14:20:00+00:00,,,,
2023-09-25 14:30:00+00:00,,,,
2023-09-25 14:40:00+00:00,,,,
2023-09-25 14:50:00+00:00,,,,
2023-09-25 15:00:00+00:00,,,,
2023-09-25 15:10:00+00:00,,,,
2023-09-25 15:20:00+00:00,,,,
2023-09-25 15:30:00+00:00,,,,
2023-09-25 15:40:00+00:00,,,,
2023-09-25 15:50:00+00:00,,,,
2023-09-25 16:00:00+00:00,,,,
2023-09-25 16:10:00+00:00,,,,
2023-09-25 16:20:00+00:00,,,,
2023-09-25 16:30:00+00:00,,,,
2023-09-25 16:40:00+00:00,,,,
2023-09-25 16:50:00+00:00,,,,
2023-09-25 17:00:00+00:00,,,,
2023-09-25 17:10:00+00:00,,,,
2023-09-25 17:20:00+00:00,,,,
2023-09-25 17:30:00+00:00,,,,
2023-09-25 17:40:00+00:00,,,,
2023-09-25 17:50:00+00:00,,,,
2023-09-25 18:00:00+00:00,,,,
2023-09-25 18:10:00+00:00,,,,
2023-09-25 18:20:00+00:00,,,,
2023-09-25 18:30:00+00:00,,,,
2023-09-25 18:40:00+00:00,,,,
2023-09-25 18:50:00+00:00,,,,
2023-09-25 19:00:00+00:00,,,,
2023-09-25 19:10:00+00:00,,,,
2023-09-25 19:20:00+00:00,,,,
2023-09-25 19:30:00+00:00,,,,
2023-09-25 19:40:00+00:00,,,,
2023-09-25 19:50:00+00:00,,,,
2023-09-25 20:00:00+00:00,,,,
2023-09-25 20:10:00+00:00,,,,
2023-09-25 20:20:00+00:00,,,,
2023-09-25 20:30:00+00:00,,,,
2023-09-25 20:40:00+00:00,,,,
2023-09-25 20:50:00+00:00,,,,
2023-09-25 21:00:00+00:00,,,,
2023-09-25 21:10:00+00:00,,,,
2023-09-25 21:20:00+00:00,,,,
2023-09-25 21:30:00+00:00,,,,
2023-09-25 21:40:00+00:00,,,,
2023-09-25 21:50:00+00:00,,,,
2023-09-25 22:00:00+00:00,,,,
2023-09-25 22:10:00+00:00,,,,
2023-09-25 22:20:00+00:00,,,,
2023-09-25 22:30:00+00:00,,,,
2023-09-25 22:40:00+00:00,,,,
2023-09-25 22:50:00+00:00,,,,
2023-09-25 23:00:00+00:00,,,,
2023-09-25 23:10:00+00:00,,,,
2023-09-25 23:20:00+00:00,,,,
2023-09-25 23:30:00+00:00,,,,
2023-09-25 23:40:00+00:00,,,,
2023-09-25 23:50:00+00:00,,,,
2023-09-26 00:00:00+00:00,,,,
2023-09-26 00:10:00+00:00,,,,
2023-09-26 00:20:00+00:00,,,,
2023-09-26 00:30:00+00:00,,,,
2023-09-26 00:40:00+00:00,,,,
2023-09-26 00:50:00+00:00,,,,
2023-09-26 01:00:00+00:00,,,,
2023-09-26 01:10:00+00:00,,,,
2023-09-26 01:20:00+00:00,,,,
2023-09-26 01:30:00+00:00,,,,
2023-09-26 01:40:00+00:00,,,,
2023-09-26 01:50:00+00:00,,,,
2023-09-26 02:00:00+00:00,,,,
2023-09-26 02:10:00+00:00,,,,
2023-09-26 02:20:00+00:00,,,,
2023-09-26 02:30:00+00:00,,,,
2023-09-26 02:40:00+00:00,,,,
2023-09-26 02:50:00+00:00,,,,
2023-09-26 03:00:00+00:00,,,,
2023-09-26 03:10:00+00:00,,,,
2023-09-26 03:20:00+00:00,,,,
2023-09-26 03:30:00+00:00,,,,
2023-09-26 03:40:00+00:00,,,,
2023-09-26 03:50:00+00:00,,,,
2023-09-26 04:00:00+00:00,,,,
2023-09-26 04:10:00+00:00,,,,
2023-09-26 04:20:00+00:00,,,,
2023-09-26 04:30:00+00:00,,,,
2023-09-26 04:40:00+00:00,,,,
2023-09-26 04:50:00+00:00,,,,
2023-09-26 05:00:00+00:00,,,,
2023-09-26 05:10:00+00:00,,,,
2023-09-26 05:20:00+00:00,,,,
2023-09-26 05:30:00+00:00,,,,
2023-09-26 05:40:00+00:00,,,,
2023-09-26 05:50:00+00:00,,,,
2023-09-26 06:00:00+00:00,,,,
2023-09-26 06:10:00+00:00,,,,
2023-09-26 06:20:00+00:00,,,,
2023-09-26 06:30:00+00:00,,,,
2023-09-26 06:40:00+00:00,,,,
2023-09-26 06:50:00+00:00,,,,
2023-09-26 07:00:00+00:00,,,,
2023-09-26 07:10:00+00:00,,,,
2023-09-26 07:20:00+00:00,,,,
2023-09-26 07:30:00+00:00,,,,
2023-09-26 07:40:00+00:00,,,,
2023-09-26 07:50:00+00:00,,,,
2023-09-26 08:00:00+00:00,,,,
2023-09-26 08:10:00+00:00,,,,
2023-09-26 08:20:00+00:00,,,,
2023-09-26 08:30:00+00:00,,,,
2023-09-26 08:40:00+00:00,,,,
2023-09-26 08:50:00+00:00,,,,
2023-09-26 09:00:00+00:00,,,,
2023-09-26 09:10:00+00:00,,,,
2023-09-26 09:20:00+00:00,,,,
2023-09-26 09:30:00+00:00,,,,
2023-09-26 09:40:00+00:00,,,,
2023-09-26 09:50:00+00:00,,,,
2023-09-26 10:00:00+00:00,,,,
2023-09-26 10:10:00+00:00,,,,
2023-09-26 10:20:00+00:00,,,,
2023-09-26 10:30:00+00:00,,,,
2023-09-26 10:40:00+00:00,,,,
2023-09-26 10:50:00+00:00,,,,
2023-09-26 11:00:00+00:00,,,,
2023-09-26 11:10:00+00:00,,,,
2023-09-26 11:20:00+00:00,,,,
2023-09-26 11:30:00+00:00,,,,
2023-09-26 11:40:00+00:00,,,,
2023-09-26 11:50:00+00:00,,,,
2023-09-26 12:00:00+00:00,,,,
2023-09-26 12:10:00+00:00,,,,
2023-09-26 12:20:00+00:00,,,,
2023-09-26 12:30:00+00:00,,,,
2023-09-26 12:40:00+00:00,,,,
2023-09-26 12:50:00+00:00,,,,
2023-09-26 13:00:00+00:00,,,,
2023-09-26 13:10:00+00:00,,,,
2023-09-26 13:20:00+00:00,,,,
2023-09-26 13:30:00+00:00,,,,
2023-09-26 13:40:00+00:00,,,,
2023-09-26 13:50:00+00:00,,,,
2023-09-26 14:00:00+00:00,,,,
2023-09-26 14:10:00+00:00,,,,
2023-09-26 14:20:00+00:00,,,,
2023-09-26 14:30:00+00:00,,,,
2023-09-26 14:40:00+00:00,,,,
2023-09-26 14:50:00+00:00,,,,
2023-09-26 15:00:00+00:00,,,,
2023-09-26 15:10:00+00:00,,,,
2023-09-26 15:20:00+00:00,,,,
2023-09-26 15:30:00+00:00,,,,
2023-09-26 15:40:00+00:00,,,,
2023-09-26 15:50:00+00:00,,,,
2023-09-26 16:00:00+00:00,,,,
2023-09-26 16:10:00+00:00,,,,
2023-09-26 16:20:00+00:00,,,,
2023-09-26 16:30:00+00:00,,,,
2023-09-26 16:40:00+00:00,,,,
2023-09-26 16:50:00+00:00,,,,
2023-09-26 17:00:00+00:00,,,,
2023-09-26 17:10:00+00:00,,,,
2023-09-26 17:20:00+00:00,,,,
2023-09-26 17:30:00+00:00,,,,
2023-09-26 17:40:00+00:00,,,,
2023-09-26 17:50:00+00:00,,,,
2023-09-26 18:00:00+00:00,,,,
2023-09-26 18:10:00+00:00,,,,
2023-09-26 18:20:00+00:00,,,,
2023-09-26 18:30:00+00:00,,,,
2023-09-26 18:40:00+00:00,,,,
2023-09-26 18:50:00+00:00,,,,
2023-09-26 19:00:00+00:00,,,,
2023-09-26 19:10:00+00:00,,,,
2023-09-26 19:20:00+00:00,,,,
2023-09-26 19:30:00+00:00,,,,
2023-09-26 19:40:00+00:00,,,,
2023-09-26 19:50:00+00:00,,,,
2023-09-26 20:00:00+00:00,,,,
2023-09-26 20:10:00+00:00,,,,
2023-09-26 20:20:00+00:00,,,,
2023-09-26 20:30:00+00:00,,,,
2023-09-26 20:40:00+00:00,,,,
2023-09-26 20:50:00+00:00,,,,
2023-09-26 21:00:00+00:00,,,,
2023-09-26 21:10:00+00:00,,,,
2023-09-26 21:20:00+00:00,,,,
2023-09-26 21:30:00+00:00,,,,
2023-09-26 21:40:00+00:00,,,,
2023-09-26 21:50:00+00:00,,,,
2023-09-26 22:00:00+00:00,,,,
2023-09-26 22:10:00+00:00,,,,
2023-09-26 22:20:00+00:00,,,,
2023-09-26 22:30:00+00:00,,,,
2023-09-26 22:40:00+00:00,,,,
2023-09-26 22:50:00+00:00,,,,
2023-09-26 23:00:00+00:00,,,,
2023-09-26 23:10:00+00:00,,,,
2023-09-26 23:20:00+00:00,,,,
2023-09-26 23:30:00+00:00,,,,
2023-09-26 23:40:00+00:00,,,,
2023-09-26 23:50:00+00:00,,,,
2023-09-27 00:00:00+00:00,,,,
2023-09-27 00:10:00+00:00,,,,
2023-09-27 00:20:00+00:00,,,,
2023-09-27 00:30:00+00:00,,,,
2023-09-27 00:40:00+00:00,,,,
2023-09-27 00:50:00+00:00,,,,
2023-09-27 01:00:00+00:00,,,,
2023-09-27 01:10:00+00:00,,,,
2023-09-27 01:20:00+00:00,,,,
2023-09-27 01:30:00+00:00,,,,
2023-09-27 01:40:00+00:00,,,,
2023-09-27 01:50:00+00:00,,,,
2023-09-27 02:00:00+00:00,,,,
2023-09-27 02:10:00+00:00,,,,
2023-09-27 02:20:00+00:00,,,,
2023-09-27 02:30:00+00:00,,,,
2023-09-27 02:40:00+00:00,,,,
2023-09-27 02:50:00+00:00,,,,
2023-09-27 03:00:00+00:00,,,,
2023-09-27 03:10:00+00:00,,,,
2023-09-27 03:20:00+00:00,,,,
2023-09-27 03:30:00+00:00,,,,
2023-09-27 03:40:00+00:00,,,,
2023-09-27 03:50:00+00:00,,,,
2023-09-27 04:00:00+00:00,,,,
2023-09-27 04:10:00+00:00,,,,
2023-09-27 04:20:00+00:00,,,,
2023-09-27 04:30:00+00:00,,,,
2023-09-27 04:40:00+00:00,,,,
2023-09-27 04:50:00+00:00,,,,
2023-09-27 05:00:00+00:00,,,,
2023-09-27 05:10:00+00:00,,,,
2023-09-27 05:20:00+00:00,,,,
2023-09-27 05:30:00+00:00,,,,
2023-09-27 05:40:00+00:00,,,,
2023-09-27 05:50:00+00:00,,,,
2023-09-27 06:00:00+00:00,,,,
2023-09-27 06:10:00+00:00,,,,
2023-09-27 06:20:00+00:00,,,,
2023-09-27 06:30:00+00:00,,,,
2023-09-27 06:40:00+00:00,,,,
2023-09-27 06:50:00+00:00,,,,
2023-09-27 07:00:00+00:00,,,,
2023-09-27 07:10:00+00:00,,,,
2023-09-27 07:20:00+00:00,,,,
2023-09-27 07:30:00+00:00,,,,
2023-09-27 07:40:00+00:00,,,,
2023-09-27 07:50:00+00:00,,,,
2023-09-27 08:00:00+00:00,,,,
2023-09-27 08:10:00+00:00,,,,
2023-09-27 08:20:00+00:00,,,,
2023-09-27 08:30:00+00:00,,,,
2023-09-27 08:40:00+00:00,,,,
2023-09-27 08:50:00+00:00,,,,
2023-09-27 09:00:00+00:00,,,,
2023-09-27 09:10:00+00:00,,,,
2023-09-27 09:20:00+00:00,,,,
2023-09-27 09:30:00+00:00,,,,
2023-09-27 09:40:00+00:00,,,,
2023-09-27 09:50:00+00:00,,,,
2023-09-27 10:00:00+00:00,,,,
2023-09-27 10:10:00+00:00,,,,
2023-09-27 10:20:00+00:00,,,,
2023-09-27 10:30:00+00:00,,,,
2023-09-27 10:40:00+00:00,,,,
2023-09-27 10:50:00+00:00,,,,
2023-09-27 11:00:00+00:00,,,,
2023-09-27 11:10:00+00:00,,,,
2023-09-27 11:20:00+00:00,,,,
2023-09-27 11:30:00+00:00,,,,
2023-09-27 11:40:00+00:00,,,,
2023-09-27 11:50:00+00:00,,,,
2023-09-27 12:00:00+00:00,,,,
2023-09-27 12:10:00+00:00,,,,
2023-09-27 12:20:00+00:00,,,,
2023-09-27 12:30:00+00:00,,,,
2023-09-27 12:40:00+00:00,,,,
2023-09-27 12:50:00+00:00,,,,
2023-09-27 13:00:00+00:00,,,,
2023-09-27 13:10:00+00:00,,,,
2023-09-27 13:20:00+00:00,,,,
2023-09-27 13:30:00+00:00,,,,
2023-09-27 13:40:00+00:00,,,,
2023-09-27 13:50:00+00:00,,,,
2023-09-27 14:00:00+00:00,,,,
2023-09-27 14:10:00+00:00,,,,
2023-09-27 14:20:00+00:00,,,,
2023-09-27 14:30:00+00:00,,,,
2023-09-27 14:40:00+00:00,,,,
2023-09-27 14:50:00+00:00,,,,
2023-09-27 15:00:00+00:00,,,,
2023-09-27 15:10:00+00:00,,,,
2023-09-27 15:20:00+00:00,,,,
2023-09-27 15:30:00+00:00,,,,
2023-09-27 15:40:00+00:00,,,,
2023-09-27 15:50:00+00:00,,,,
2023-09-27 16:00:00+00:00,,,,
2023-09-27 16:10:00+00:00,,,,
2023-09-27 16:20:00+00:00,,,,
2023-09-27 16:30:00+00:00,,,,
2023-09-27 16:40:00+00:00,,,,
2023-09-27 16:50:00+00:00,,,,
2023-09-27 17:00:00+00:00,,,,
2023-09-27 17:10:00+00:00,,,,
2023-09-27 17:20:00+00:00,,,,
2023-09-27 17:30:00+00:00,,,,
2023-09-27 17:40:00+00:00,,,,
2023-09-27 17:50:00+00:00,,,,
2023-09-27 18:00:00+00:00,,,,
2023-09-27 18:10:00+00:00,,,,
2023-09-27 18:20:00+00:00,,,,
2023-09-27 18:30:00+00:00,,,,
2023-09-27 18:40:00+00:00,,,,
2023-09-27 18:50:00+00:00,,,,
2023-09-27 19:00:00+00:00,,,,
2023-09-27 19:10:00+00:00,,,,
2023-09-27 19:20:00+00:00,,,,
2023-09-27 19:30:00+00:00,,,,
2023-09-27 19:40:00+00:00,,,,
2023-09-27 19:50:00+00:00,,,,
2023-09-27 20:00:00+00:00,,,,
2023-09-27 20:10:00+00:00,,,,
2023-09-27 20:20:00+00:00,,,,
2023-09-27 20:30:00+00:00,,,,
2023-09-27 20:40:00+00:00,,,,
2023-09-27 20:50:00+00:00,,,,
2023-09-27 21:00:00+00:00,,,,
2023-09-27 21:10:00+00:00,,,,
2023-09-27 21:20:00+00:00,,,,
2023-09-27 21:30:00+00:00,,,,
2023-09-27 21:40:00+00:00,,,,
2023-09-27 21:50:00+00:00,,,,
2023-09-27 22:00:00+00:00,,,,
2023-09-27 22:10:00+00:00,,,,
2023-09-27 22:20:00+00:00,,,,
2023-09-27 22:30:00+00:00,,,,
2023-09-27 22:40:00+00:00,,,,
2023-09-27 22:50:00+00:00,,,,
2023-09-27 23:00:00+00:00,,,,
2023-09-27 23:10:00+00:00,,,,
2023-09-27 23:20:00+00:00,,,,
2023-09-27 23:30:00+00:00,,,,
2023-09-27 23:40:00+00:00,,,,
2023-09-27 23:50:00+00:00,,,,
2023-09-28 00:00:00+00:00,,,,
2023-09-28 00:10:00+00:00,,,,
2023-09-28 00:20:00+00:00,,,,
2023-09-28 00:30:00+00:00,,,,
2023-09-28 00:40:00+00:00,,,,
2023-09-28 00:50:00+00:00,,,,
2023-09-28 01:00:00+00:00,,,,
2023-09-28 01:10:00+00:00,,,,
2023-09-28 01:20:00+00:00,,,,
2023-09-28 01:30:00+00:00,,,,
2023-09-28 01:40:00+00:00,,,,
2023-09-28 01:50:00+00:00,,,,
2023-09-28 02:00:00+00:00,,,,
2023-09-28 02:10:00+00:00,,,,
2023-09-28 02:20:00+00:00,,,,
2023-09-28 02:30:00+00:00,,,,
2023-09-28 02:40:00+00:00,,,,
2023-09-28 02:50:00+00:00,,,,
2023-09-28 03:00:00+00:00,,,,
2023-09-28 03:10:00+00:00,,,,
2023-09-28 03:20:00+00:00,,,,
2023-09-28 03:30:00+00:00,,,,
2023-09-28 03:40:00+00:00,,,,
2023-09-28 03:50:00+00:00,,,,
2023-09-28 04:00:00+00:00,,,,
2023-09-28 04:10:00+00:00,,,,
2023-09-28 04:20:00+00:00,,,,
2023-09-28 04:30:00+00:00,,,,
2023-09-28 04:40:00+00:00,,,,
2023-09-28 04:50:00+00:00,,,,
2023-09-28 05:00:00+00:00,,,,
2023-09-28 05:10:00+00:00,,,,
2023-09-28 05:20:00+00:00,,,,
2023-09-28 05:30:00+00:00,,,,
2023-09-28 05:40:00+00:00,,,,
2023-09-28 05:50:00+00:00,,,,
2023-09-28 06:00:00+00:00,,,,
2023-09-28 06:10:00+00:00,,,,
2023-09-28 06:20:00+00:00,,,,
2023-09-28 06:30:00+00:00,,,,
2023-09-28 06:40:00+00:00,,,,
2023-09-28 06:50:00+00:00,,,,
2023-09-28 07:00:00+00:00,,,,
2023-09-28 07:10:00+00:00,,,,
2023-09-28 07:20:00+00:00,,,,
2023-09-28 07:30:00+00:00,,,,
2023-09-28 07:40:00+00:00,,,,
2023-09-28 07:50:00+00:00,,,,
2023-09-28 08:00:00+00:00,,,,
2023-09-28 08:10:00+00:00,,,,
2023-09-28 08:20:00+00:00,,,,
2023-09-28 08:30:00+00:00,,,,
2023-09-28 08:40:00+00:00,,,,
2023-09-28 08:50:00+00:00,,,,
2023-09-28 09:00:00+00:00,,,,
2023-09-28 09:10:00+00:00,,,,
2023-09-28 09:20:00+00:00,,,,
2023-09-28 09:30:00+00:00,,,,
2023-09-28 09:40:00+00:00,,,,
2023-09-28 09:50:00+00:00,,,,
2023-09-28 10:00:00+00:00,,,,
2023-09-28 10:10:00+00:00,,,,
2023-09-28 10:20:00+00:00,,,,
2023-09-28 10:30:00+00:00,,,,
2023-09-28 10:40:00+00:00,,,,
2023-09-28 10:50:00+00:00,,,,
2023-09-28 11:00:00+00:00,,,,
2023-09-28 11:10:00+00:00,,,,
2023-09-28 11:20:00+00:00,,,,
2023-09-28 11:30:00+00:00,,,,
2023-09-28 11:40:00+00:00,,,,
2023-09-28 11:50:00+00:00,,,,
2023-09-28 12:00:00+00:00,,,,
2023-09-28 12:10:00+00:00,,,,
2023-09-28 12:20:00+00:00,,,,
2023-09-28 12:30:00+00:00,,,,
2023-09-28 12:40:00+00:00,,,,
2023-09-28 12:50:00+00:00,,,,
2023-09-28 13:00:00+00:00,,,,
2023-09-28 13:10:00+00:00,,,,
2023-09-28 13:20:00+00:00,,,,
2023-09-28 13:30:00+00:00,,,,
2023-09-28 13:40:00+00:00,,,,
2023-09-28 13:50:00+00:00,,,,
2023-09-28 14:00:00+00:00,,,,
2023-09-28 14:10:00+00:00,,,,
2023-09-28 14:20:00+00:00,,,,
2023-09-28 14:30:00+00:00,,,,
2023-09-28 14:40:00+00:00,,,,
2023-09-28 14:50:00+00:00,,,,
2023-09-28 15:00:00+00:00,,,,
2023-09-28 15:10:00+00:00,,,,
2023-09-28 15:20:00+00:00,,,,
2023-09-28 15:30:00+00:00,,,,
2023-09-28 15:40:00+00:00,,,,
2023-09-28 15:50:00+00:00,,,,
2023-09-28 16:00:00+00:00,,,,
2023-09-28 16:10:00+00:00,,,,
2023-09-28 16:20:00+00:00,,,,
2023-09-28 16:30:00+00:00,,,,
2023-09-28 16:40:00+00:00,,,,
2023-09-28 16:50:00+00:00,,,,
2023-09-28 17:00:00+00:00,,,,
2023-09-28 17:10:00+00:00,,,,
2023-09-28 17:20:00+00:00,,,,
2023-09-28 17:30:00+00:00,,,,
2023-09-28 17:40:00+00:00,,,,
2023-09-28 17:50:00+00:00,,,,
2023-09-28 18:00:00+00:00,,,,
2023-09-28 18:10:00+00:00,,,,
2023-09-28 18:20:00+00:00,,,,
2023-09-28 18:30:00+00:00,,,,
2023-09-28 18:40:00+00:00,,,,
2023-09-28 18:50:00+00:00,,,,
2023-09-28 19:00:00+00:00,,,,
2023-09-28 19:10:00+00:00,,,,
2023-09-28 19:20:00+00:00,,,,
2023-09-28 19:30:00+00:00,,,,
2023-09-28 19:40:00+00:00,,,,
2023-09-28 19:50:00+00:00,,,,
2023-09-28 20:00:00+00:00,,,,
2023-09-28 20:10:00+00:00,,,,
2023-09-28 20:20:00+00:00,,,,
2023-09-28 20:30:00+00:00,,,,
2023-09-28 20:40:00+00:00,,,,
2023-09-28 20:50:00+00:00,,,,
2023-09-28 21:00:00+00:00,,,,
2023-09-28 21:10:00+00:00,,,,
2023-09-28 21:20:00+00:00,,,,
2023-09-28 21:30:00+00:00,,,,
2023-09-28 21:40:00+00:00,,,,
2023-09-28 21:50:00+00:00,,,,
2023-09-28 22:00:00+00:00,,,,
2023-09-28 22:10:00+00:00,,,,
2023-09-28 22:20:00+00:00,,,,
2023-09-28 22:30:00+00:00,,,,
2023-09-28 22:40:00+00:00,,,,
2023-09-28 22:50:00+00:00,,,,
2023-09-28 23:00:00+00:00,,,,
2023-09-28 23:10:00+00:00,,,,
2023-09-28 23:20:00+00:00,,,,
2023-09-28 23:30:00+00:00,,,,
2023-09-28 23:40:00+00:00,,,,
2023-09-28 23:50:00+00:00,,,,
2023-09-29 00:00:00+00:00,,,,
2023-09-29 00:10:00+00:00,,,,
2023-09-29 00:20:00+00:00,,,,
2023-09-29 00:30:00+00:00,,,,
2023-09-29 00:40:00+00:00,,,,
2023-09-29 00:50:00+00:00,,,,
2023-09-29 01:00:00+00:00,,,,
2023-09-29 01:10:00+00:00,,,,
2023-09-29 01:20:00+00:00,,,,
2023-09-29 01:30:00+00:00,,,,
2023-09-29 01:40:00+00:00,,,,
2023-09-29 01:50:00+00:00,,,,
2023-09-29 02:00:00+00:00,,,,
2023-09-29 02:10:00+00:00,,,,
2023-09-29 02:20:00+00:00,,,,
2023-09-29 02:30:00+00:00,,,,
2023-09-29 02:40:00+00:00,,,,
2023-09-29 02:50:00+00:00,,,,
2023-09-29 03:00:00+00:00,,,,
2023-09-29 03:10:00+00:00,,,,
2023-09-29 03:20:00+00:00,,,,
2023-09-29 03:30:00+00:00,,,,
2023-09-29 03:40:00+00:00,,,,
2023-09-29 03:50:00+00:00,,,,
2023-09-29 04:00:00+00:00,,,,
2023-09-29 04:10:00+00:00,,,,
2023-09-29 04:20:00+00:00,,,,
2023-09-29 04:30:00+00:00,,,,
2023-09-29 04:40:00+00:00,,,,
2023-09-29 04:50:00+00:00,,,,
2023-09-29 05:00:00+00:00,,,,
2023-09-29 05:10:00+00:00,,,,
2023-09-29 05:20:00+00:00,,,,
2023-09-29 05:30:00+00:00,,,,
2023-09-29 05:40:00+00:00,,,,
2023-09-29 05:50:00+00:00,,,,
2023-09-29 06:00:00+00:00,,,,
2023-09-29 06:10:00+00:00,,,,
2023-09-29 06:20:00+00:00,,,,
2023-09-29 06:30:00+00:00,15.6,100.0,9.7,4.1
2023-09-29 06:40:00+00:00,15.6,100.0,9.7,4.1
2023-09-29 06:50:00+00:00,15.6,100.0,9.8,4.1
2023-09-29 07:00:00+00:00,15.6,100.0,9.8,4.1
2023-09-29 07:10:00+00:00,15.6,100.0,9.8,4.1
2023-09-29 07:20:00+00:00,15.6,100.0,9.8,4.1
2023-09-29 07:30:00+00:00,15.55,100.0,9.8,4.1
2023-09-29 07:40:00+00:00,15.5,100.0,9.8,4.1
2023-09-29 07:50:00+00:00,15.5,100.0,9.8,4.1
2023-09-29 08:00:00+00:00,15.5,100.0,9.850000000000001,4.1
2023-09-29 08:10:00+00:00,15.5,100.0,9.9,4.1
2023-09-29 08:20:00+00:00,15.5,100.0,9.9,4.1
2023-09-29 08:30:00+00:00,15.5,100.0,9.9,4.1
2023-09-29 08:40:00+00:00,15.5,100.0,9.9,4.2
2023-09-29 08:50:00+00:00,15.5,100.0,9.9,4.1
2023-09-29 09:00:00+00:00,15.5,100.0,9.9,4.1
2023-09-29 09:10:00+00:00,15.6,100.0,9.9,4.1
2023-09-29 09:20:00+00:00,15.6,100.0,9.9,4.0
2023-09-29 09:30:00+00:00,15.6,100.0,9.9,3.9
2023-09-29 09:40:00+00:00,15.6,100.0,10.0,4.1
2023-09-29 09:50:00+00:00,15.6,100.0,10.0,4.2
2023-09-29 10:00:00+00:00,15.6,100.0,10.0,4.1
2023-09-29 10:10:00+00:00,15.6,100.0,10.0,4.1
2023-09-29 10:20:00+00:00,15.7,100.0,10.0,4.1
2023-09-29 10:30:00+00:00,15.7,100.0,10.0,6.0
2023-09-29 10:40:00+00:00,15.8,100.0,10.0,6.0
2023-09-29 10:50:00+00:00,15.8,100.0,10.1,6.2
2023-09-29 11:00:00+00:00,15.8,100.0,10.1,6.2
2023-09-29 11:10:00+00:00,15.850000000000001,100.0,10.05,6.2
2023-09-29 11:20:00+00:00,15.9,100.0,10.0,6.2
2023-09-29 11:30:00+00:00,15.9,100.0,10.0,6.2
2023-09-29 11:40:00+00:00,16.0,100.0,10.1,6.2
2023-09-29 11:50:00+00:00,16.0,100.0,10.1,6.3
2023-09-29 12:00:00+00:00,16.0,100.0,10.1,6.1
2023-09-29 12:10:00+00:00,16.1,100.0,10.1,6.2
2023-09-29 12:20:00+00:00,16.1,100.0,10.1,6.0
2023-09-29 12:30:00+00:00,16.2,100.0,10.1,5.7
2023-09-29 12:40:00+00:00,16.3,100.0,10.1,5.8
2023-09-29 12:50:00+00:00,16.3,100.0,10.1,5.8
2023-09-29 13:00:00+00:00,16.366666666666667,100.0,10.1,5.733333333333333
2023-09-29 13:10:00+00:00,16.433333333333334,100.0,10.1,5.666666666666666
2023-09-29 13:20:00+00:00,16.5,100.0,10.1,5.6
2023-09-29 13:30:00+00:00,16.5,100.0,10.1,5.5
2023-09-29 13:40:00+00:00,16.6,100.0,10.1,4.1
2023-09-29 13:50:00+00:00,16.6,100.0,10.1,4.1
2023-09-29 14:00:00+00:00,16.6,100.0,10.1,4.1
2023-09-29 14:10:00+00:00,16.7,100.0,10.1,4.1
2023-09-29 14:20:00+00:00,16.8,100.0,10.1,4.1
2023-09-29 14:30:00+00:00,16.8,100.0,10.1,4.1
2023-09-29 14:40:00+00:00,16.8,100.0,10.1,4.1
2023-09-29 14:50:00+00:00,16.85,100.0,10.1,4.1
2023-09-29 15:00:00+00:00,16.9,100.0,10.1,4.1
2023-09-29 15:10:00+00:00,17.0,100.0,10.1,4.1
2023-09-29 15:20:00+00:00,17.0,100.0,10.1,4.1
2023-09-29 15:30:00+00:00,17.0,100.0,10.1,4.1
2023-09-29 15:40:00+00:00,17.0,100.0,10.1,4.1
2023-09-29 15:50:00+00:00,17.1,100.0,10.1,4.1
2023-09-29 16:00:00+00:00,17.1,100.0,10.1,4.1
2023-09-29 16:10:00+00:00,17.1,100.0,10.1,3.9
2023-09-29 16:20:00+00:00,17.1,100.0,10.1,2.8
2023-09-29 16:30:00+00:00,17.1,100.0,10.1,2.0
2023-09-29 16:40:00+00:00,17.1,100.0,10.1,1.6
2023-09-29 16:50:00+00:00,17.1,100.0,10.1,1.2
2023-09-29 17:00:00+00:00,17.2,100.0,10.1,0.7
2023-09-29 17:10:00+00:00,17.21,100.0,10.1,0.6699999999999999
2023-09-29 17:20:00+00:00,17.22,100.0,10.1,0.64
2023-09-29 17:30:00+00:00,17.23,100.0,10.1,0.61
2023-09-29 17:40:00+00:00,17.24,100.0,10.1,0.58
2023-09-29 17:50:00+00:00,17.25,100.0,10.1,0.55
2023-09-29 18:00:00+00:00,17.26,100.0,10.1,0.52
2023-09-29 18:10:00+00:00,17.27,100.0,10.1,0.49
2023-09-29 18:20:00+00:00,17.28,100.0,10.1,0.46
2023-09-29 18:30:00+00:00,17.29,100.0,10.1,0.43000000000000005
2023-09-29 18:40:00+00:00,17.3,100.0,10.1,0.4
2023-09-29 18:50:00+00:00,17.3,100.0,10.1,0.4153846153846154
2023-09-29 19:00:00+00:00,17.3,100.0,10.1,0.4307692307692308
2023-09-29 19:10:00+00:00,17.3,100.0,10.1,0.4461538461538462
2023-09-29 19:20:00+00:00,17.3,100.0,10.1,0.46153846153846156
2023-09-29 19:30:00+00:00,17.3,100.0,10.1,0.47692307692307695
2023-09-29 19:40:00+00:00,17.3,100.0,10.1,0.49230769230769234
2023-09-29 19:50:00+00:00,17.3,100.0,10.1,0.5076923076923077
2023-09-29 20:00:00+00:00,17.3,100.0,10.1,0.5230769230769231
2023-09-29 20:10:00+00:00,17.3,100.0,10.1,0.5384615384615384
2023-09-29 20:20:00+00:00,17.3,100.0,10.1,0.5538461538461539
2023-09-29 20:30:00+00:00,17.3,100.0,10.1,0.5692307692307692
2023-09-29 20:40:00+00:00,17.3,100.0,10.1,0.5846153846153845
2023-09-29 20:50:00+00:00,17.3,100.0,10.1,0.6
2023-09-29 21:00:00+00:00,17.29,100.0,10.1,0.6
2023-09-29 21:10:00+00:00,17.28,100.0,10.1,0.6
2023-09-29 21:20:00+00:00,17.27,100.0,10.1,0.6
2023-09-29 21:30:00+00:00,17.26,100.0,10.1,0.6
2023-09-29 21:40:00+00:00,17.25,100.0,10.1,0.6
2023-09-29 21:50:00+00:00,17.24,100.0,10.1,0.6
2023-09-29 22:00:00+00:00,17.23,100.0,10.1,0.6
2023-09-29 22:10:00+00:00,17.22,100.0,10.1,0.6
2023-09-29 22:20:00+00:00,17.21,100.0,10.1,0.6
2023-09-29 22:30:00+00:00,17.2,100.0,10.1,0.6
2023-09-29 22:40:00+00:00,17.189999999999998,100.0,10.1,0.6
2023-09-29 22:50:00+00:00,17.18,100.0,10.1,0.6
2023-09-29 23:00:00+00:00,17.17,100.0,10.1,0.6
2023-09-29 23:10:00+00:00,17.16,100.0,10.1,0.6
2023-09-29 23:20:00+00:00,17.15,100.0,10.1,0.6
2023-09-29 23:30:00+00:00,17.14,100.0,10.1,0.6
2023-09-29 23:40:00+00:00,17.130000000000003,100.0,10.1,0.6
2023-09-29 23:50:00+00:00,17.12,100.0,10.1,0.6
2023-09-30 00:00:00+00:00,17.11,100.0,10.1,0.6
2023-09-30 00:10:00+00:00,17.1,100.0,10.1,0.6
2023-09-30 00:20:00+00:00,17.1,100.0,10.09,0.6
2023-09-30 00:30:00+00:00,17.1,100.0,10.08,0.6
2023-09-30 00:40:00+00:00,17.1,100.0,10.07,0.6
2023-09-30 00:50:00+00:00,17.1,100.0,10.06,0.6
2023-09-30 01:00:00+00:00,17.1,100.0,10.05,0.6
2023-09-30 01:10:00+00:00,17.1,100.0,10.04,0.6
2023-09-30 01:20:00+00:00,17.1,100.0,10.03,0.6
2023-09-30 01:30:00+00:00,17.1,100.0,10.02,0.6
2023-09-30 01:40:00+00:00,17.1,100.0,10.01,0.6
2023-09-30 01:50:00+00:00,17.1,100.0,10.0,0.6
2023-09-30 02:00:00+00:00,17.09,100.0,10.0,0.6
2023-09-30 02:10:00+00:00,17.080000000000002,100.0,10.0,0.6
2023-09-30 02:20:00+00:00,17.07,100.0,10.0,0.6
2023-09-30 02:30:00+00:00,17.060000000000002,100.0,10.0,0.6
2023-09-30 02:40:00+00:00,17.05,100.0,10.0,0.6
2023-09-30 02:50:00+00:00,17.04,100.0,10.0,0.6
2023-09-30 03:00:00+00:00,17.03,100.0,10.0,0.6
2023-09-30 03:10:00+00:00,17.02,100.0,10.0,0.6
2023-09-30 03:20:00+00:00,17.01,100.0,10.0,0.6
2023-09-30 03:30:00+00:00,17.0,100.0,10.0,0.6
2023-09-30 03:40:00+00:00,16.98,100.0,9.98,0.8699999999999999
2023-09-30 03:50:00+00:00,16.96,100.0,9.96,1.14
2023-09-30 04:00:00+00:00,16.94,100.0,9.94,1.4099999999999997
2023-09-30 04:10:00+00:00,16.92,100.0,9.92,1.6799999999999997
2023-09-30 04:20:00+00:00,16.9,100.0,9.9,1.9499999999999997
2023-09-30 04:30:00+00:00,16.88,100.0,9.88,2.2199999999999998
2023-09-30 04:40:00+00:00,16.86,100.0,9.860000000000001,2.4899999999999998
2023-09-30 04:50:00+00:00,16.84,100.0,9.84,2.76
2023-09-30 05:00:00+00:00,16.82,100.0,9.82,3.03
2023-09-30 05:10:00+00:00,16.8,100.0,9.8,3.3
2023-09-30 05:20:00+00:00,16.8,100.0,9.7,4.1
2023-09-30 05:30:00+00:00,16.8,100.0,9.666666666666666,4.1
2023-09-30 05:40:00+00:00,16.8,100.0,9.633333333333333,4.1
2023-09-30 05:50:00+00:00,16.8,100.0,9.6,4.1
2023-09-30 06:00:00+00:00,16.8,100.0,9.6,4.1
2023-09-30 06:10:00+00:00,16.8,100.0,9.6,4.1
2023-09-30 06:20:00+00:00,16.8,100.0,9.6,4.1
2023-09-30 06:30:00+00:00,16.8,100.0,9.6,4.1
2023-09-30 06:40:00+00:00,16.75,100.0,9.6,4.1
2023-09-30 06:50:00+00:00,16.7,100.0,9.6,4.1
2023-09-30 07:00:00+00:00,16.7,100.0,9.6,4.1
2023-09-30 07:10:00+00:00,16.65,100.0,9.6,4.1
2023-09-30 07:20:00+00:00,16.6,100.0,9.6,4.1
2023-09-30 07:30:00+00:00,16.6,100.0,9.6,4.1
2023-09-30 07:40:00+00:00,16.6,100.0,9.6,4.1
2023-09-30 07:50:00+00:00,16.6,100.0,9.6,4.1
2023-09-30 08:00:00+00:00,16.6,100.0,9.5,4.1
2023-09-30 08:10:00+00:00,16.6,100.0,9.6,4.1
2023-09-30 08:20:00+00:00,16.6,100.0,9.6,4.1
2023-09-30 08:30:00+00:00,16.55,100.0,9.6,4.1
2023-09-30 08:40:00+00:00,16.5,100.0,9.6,4.1
2023-09-30 08:50:00+00:00,16.5,100.0,9.6,4.1
2023-09-30 09:00:00+00:00,16.5,100.0,9.6,4.1
2023-09-30 09:10:00+00:00,16.5,100.0,9.6,4.1
2023-09-30 09:20:00+00:00,16.5,100.0,9.6,4.1
2023-09-30 09:30:00+00:00,16.5,100.0,9.6,4.7
2023-09-30 09:40:00+00:00,16.5,100.0,9.6,4.1
2023-09-30 09:50:00+00:00,16.5,100.0,9.6,4.1
2023-09-30 10:00:00+00:00,16.5,100.0,9.6,6.0
2023-09-30 10:10:00+00:00,16.5,100.0,9.5,4.1
2023-09-30 10:20:00+00:00,16.5,100.0,9.55,5.25
2023-09-30 10:30:00+00:00,16.5,100.0,9.6,6.4
2023-09-30 10:40:00+00:00,16.5,100.0,9.6,5.8
2023-09-30 10:50:00+00:00,16.5,100.0,9.6,6.4
2023-09-30 11:00:00+00:00,16.5,100.0,9.6,6.4
2023-09-30 11:10:00+00:00,16.5,100.0,9.6,6.3
2023-09-30 11:20:00+00:00,16.4,100.0,9.6,6.4
2023-09-30 11:30:00+00:00,16.4,100.0,9.6,5.5
2023-09-30 11:40:00+00:00,16.4,100.0,9.6,4.5
2023-09-30 11:50:00+00:00,16.4,100.0,9.6,6.4
2023-09-30 12:00:00+00:00,16.5,100.0,9.6,6.0
2023-09-30 12:10:00+00:00,16.45,100.0,9.6,5.85
2023-09-30 12:20:00+00:00,16.4,100.0,9.6,5.7
2023-09-30 12:30:00+00:00,16.4,100.0,9.6,4.8
2023-09-30 12:40:00+00:00,16.5,100.0,9.6,6.3
2023-09-30 12:50:00+00:00,16.5,100.0,9.6,6.15
2023-09-30 13:00:00+00:00,16.5,100.0,9.6,6.0
2023-09-30 13:10:00+00:00,16.5,100.0,9.6,6.2
2023-09-30 13:20:00+00:00,16.5,100.0,9.6,6.4
2023-09-30 13:30:00+00:00,16.5,100.0,9.6,6.4
2023-09-30 13:40:00+00:00,16.5,100.0,9.6,6.2
2023-09-30 13:50:00+00:00,16.5,100.0,9.6,6.1
2023-09-30 14:00:00+00:00,16.5,100.0,9.6,5.1
2023-09-30 14:10:00+00:00,16.5,100.0,9.6,4.1
2023-09-30 14:20:00+00:00,16.5,100.0,9.6,6.4
2023-09-30 14:30:00+00:00,16.5,100.0,9.6,6.5
2023-09-30 14:40:00+00:00,16.5,100.0,9.6,6.4
2023-09-30 14:50:00+00:00,16.5,100.0,9.6,6.3
2023-09-30 15:00:00+00:00,16.5,100.0,9.6,6.2
2023-09-30 15:10:00+00:00,16.4,100.0,9.6,4.2
2023-09-30 15:20:00+00:00,16.4,100.0,9.6,5.8
2023-09-30 15:30:00+00:00,16.4,100.0,9.6,4.1
2023-09-30 15:40:00+00:00,16.4,100.0,9.6,4.1
2023-09-30 15:50:00+00:00,16.4,100.0,9.6,4.1
2023-09-30 16:00:00+00:00,16.4,100.0,9.6,4.1
2023-09-30 16:10:00+00:00,16.4,100.0,9.6,4.1
2023-09-30 16:20:00+00:00,16.4,100.0,9.6,4.0
2023-09-30 16:30:00+00:00,16.3,100.0,9.6,3.6
2023-09-30 16:40:00+00:00,16.3,100.0,9.6,2.4
2023-09-30 16:50:00+00:00,16.3,100.0,9.6,1.1
2023-09-30 17:00:00+00:00,16.3,100.0,9.6,0.7
2023-09-30 17:10:00+00:00,16.29,100.0,9.6,0.69
2023-09-30 17:20:00+00:00,16.28,100.0,9.6,0.6799999999999999
2023-09-30 17:30:00+00:00,16.27,100.0,9.6,0.6699999999999999
2023-09-30 17:40:00+00:00,16.26,100.0,9.6,0.6599999999999999
2023-09-30 17:50:00+00:00,16.25,100.0,9.6,0.6499999999999999
2023-09-30 18:00:00+00:00,16.24,100.0,9.6,0.64
2023-09-30 18:10:00+00:00,16.23,100.0,9.6,0.63
2023-09-30 18:20:00+00:00,16.22,100.0,9.6,0.62
2023-09-30 18:30:00+00:00,16.21,100.0,9.6,0.61
2023-09-30 18:40:00+00:00,16.2,100.0,9.6,0.6
2023-09-30 18:50:00+00:00,16.18,100.0,9.59,0.58
2023-09-30 19:00:00+00:00,16.16,100.0,9.58,0.5599999999999999
2023-09-30 19:10:00+00:00,16.14,100.0,9.57,0.54
2023-09-30 19:20:00+00:00,16.12,100.0,9.56,0.52
2023-09-30 19:30:00+00:00,16.1,100.0,9.55,0.5
2023-09-30 19:40:00+00:00,16.08,100.0,9.54,0.48
2023-09-30 19:50:00+00:00,16.06,100.0,9.53,0.45999999999999996
2023-09-30 20:00:00+00:00,16.04,100.0,9.52,0.44
2023-09-30 20:10:00+00:00,16.02,100.0,9.51,0.42000000000000004
2023-09-30 20:20:00+00:00,16.0,100.0,9.5,0.4
2023-09-30 20:30:00+00:00,15.98,100.0,9.5,0.42000000000000004
2023-09-30 20:40:00+00:00,15.96,100.0,9.5,0.44
2023-09-30 20:50:00+00:00,15.94,100.0,9.5,0.46
2023-09-30 21:00:00+00:00,15.92,100.0,9.5,0.48
2023-09-30 21:10:00+00:00,15.9,100.0,9.5,0.5
2023-09-30 21:20:00+00:00,15.88,100.0,9.5,0.52
2023-09-30 21:30:00+00:00,15.860000000000001,100.0,9.5,0.54
2023-09-30 21:40:00+00:00,15.84,100.0,9.5,0.56
2023-09-30 21:50:00+00:00,15.82,100.0,9.5,0.58
2023-09-30 22:00:00+00:00,15.8,100.0,9.5,0.6
2023-09-30 22:10:00+00:00,15.785714285714286,100.0,9.507142857142856,0.6
2023-09-30 22:20:00+00:00,15.771428571428572,100.0,9.514285714285714,0.6
2023-09-30 22:30:00+00:00,15.757142857142858,100.0,9.521428571428572,0.6
2023-09-30 22:40:00+00:00,15.742857142857144,100.0,9.528571428571428,0.6
2023-09-30 22:50:00+00:00,15.72857142857143,100.0,9.535714285714285,0.6
2023-09-30 23:00:00+00:00,15.714285714285715,100.0,9.542857142857143,0.6
2023-09-30 23:10:00+00:00,15.7,100.0,9.55,0.6
2023-09-30 23:20:00+00:00,15.685714285714285,100.0,9.557142857142857,0.6
2023-09-30 23:30:00+00:00,15.67142857142857,100.0,9.564285714285713,0.6
2023-09-30 23:40:00+00:00,15.657142857142857,100.0,9.571428571428571,0.6
2023-09-30 23:50:00+00:00,15.642857142857142,100.0,9.57857142857143,0.6
2023-10-01 00:00:00+00:00,15.628571428571428,100.0,9.585714285714285,0.6
2023-10-01 00:10:00+00:00,15.614285714285714,100.0,9.592857142857142,0.6
2023-10-01 00:20:00+00:00,15.6,100.0,9.6,0.6
2023-10-01 00:30:00+00:00,15.58,100.0,9.6,0.6
2023-10-01 00:40:00+00:00,15.56,100.0,9.6,0.6
2023-10-01 00:50:00+00:00,15.54,100.0,9.6,0.6
2023-10-01 01:00:00+00:00,15.52,100.0,9.6,0.6
2023-10-01 01:10:00+00:00,15.5,100.0,9.6,0.6
2023-10-01 01:20:00+00:00,15.48,100.0,9.6,0.6
2023-10-01 01:30:00+00:00,15.46,100.0,9.6,0.6
2023-10-01 01:40:00+00:00,15.44,100.0,9.6,0.6
2023-10-01 01:50:00+00:00,15.42,100.0,9.6,0.6
2023-10-01 02:00:00+00:00,15.4,100.0,9.6,0.6
2023-10-01 02:10:00+00:00,15.39,100.0,9.6,0.6
2023-10-01 02:20:00+00:00,15.38,100.0,9.6,0.6
2023-10-01 02:30:00+00:00,15.370000000000001,100.0,9.6,0.6
2023-10-01 02:40:00+00:00,15.360000000000001,100.0,9.6,0.6
2023-10-01 02:50:00+00:00,15.350000000000001,100.0,9.6,0.6
2023-10-01 03:00:00+00:00,15.34,100.0,9.6,0.6
2023-10-01 03:10:00+00:00,15.33,100.0,9.6,0.6
2023-10-01 03:20:00+00:00,15.32,100.0,9.6,0.6
2023-10-01 03:30:00+00:00,15.31,100.0,9.6,0.6
2023-10-01 03:40:00+00:00,15.3,100.0,9.6,0.6
2023-10-01 03:50:00+00:00,15.280000000000001,100.0,9.6,0.9299999999999999
2023-10-01 04:00:00+00:00,15.26,100.0,9.6,1.2599999999999998
2023-10-01 04:10:00+00:00,15.24,100.0,9.6,1.5899999999999999
2023-10-01 04:20:00+00:00,15.22,100.0,9.6,1.92
2023-10-01 04:30:00+00:00,15.2,100.0,9.6,2.25
2023-10-01 04:40:00+00:00,15.18,100.0,9.6,2.5799999999999996
2023-10-01 04:50:00+00:00,15.16,100.0,9.6,2.9099999999999997
2023-10-01 05:00:00+00:00,15.14,100.0,9.6,3.2399999999999998
2023-10-01 05:10:00+00:00,15.12,100.0,9.6,3.57
2023-10-01 05:20:00+00:00,15.1,100.0,9.6,3.9
2023-10-01 05:30:00+00:00,15.1,100.0,9.6,4.1
2023-10-01 05:40:00+00:00,15.1,100.0,9.6,4.1
2023-10-01 05:50:00+00:00,15.05,100.0,9.6,4.1
2023-10-01 06:00:00+00:00,15.0,100.0,9.6,4.1
2023-10-01 06:10:00+00:00,15.0,100.0,9.6,4.1
2023-10-01 06:20:00+00:00,15.0,100.0,9.6,4.1
2023-10-01 06:30:00+00:00,15.0,100.0,9.6,4.1
2023-10-01 06:40:00+00:00,15.0,100.0,9.6,4.1
2023-10-01 06:50:00+00:00,15.0,100.0,9.6,4.1
2023-10-01 07:00:00+00:00,15.0,100.0,9.6,4.1
2023-10-01 07:10:00+00:00,15.0,100.0,9.6,4.1
2023-10-01 07:20:00+00:00,15.0,100.0,9.7,4.1
2023-10-01 07:30:00+00:00,15.0,100.0,9.7,4.1
2023-10-01 07:40:00+00:00,15.0,100.0,9.7,4.1
2023-10-01 07:50:00+00:00,15.0,100.0,9.7,4.1
2023-10-01 08:00:00+00:00,15.0,100.0,9.7,4.1
2023-10-01 08:10:00+00:00,15.0,100.0,9.7,4.1
2023-10-01 08:20:00+00:00,15.0,100.0,9.7,4.1
2023-10-01 08:30:00+00:00,15.0,100.0,9.7,4.1
2023-10-01 08:40:00+00:00,15.0,100.0,9.7,4.1
2023-10-01 08:50:00+00:00,15.0,100.0,9.7,4.1
2023-10-01 09:00:00+00:00,15.0,100.0,9.7,3.9
2023-10-01 09:10:00+00:00,15.0,100.0,9.7,4.1
2023-10-01 09:20:00+00:00,15.0,100.0,9.7,4.1
2023-10-01 09:30:00+00:00,15.0,100.0,9.7,4.199999999999999
2023-10-01 09:40:00+00:00,15.0,100.0,9.7,4.3
2023-10-01 09:50:00+00:00,15.0,100.0,9.8,6.1
2023-10-01 10:00:00+00:00,15.0,100.0,9.7,6.3
2023-10-01 10:10:00+00:00,15.1,100.0,9.7,6.3
2023-10-01 10:20:00+00:00,15.1,100.0,9.8,6.3
2023-10-01 10:30:00+00:00,15.1,100.0,9.8,4.1
2023-10-01 10:40:00+00:00,15.1,100.0,9.8,4.1
2023-10-01 10:50:00+00:00,15.1,100.0,9.8,6.4
2023-10-01 11:00:00+00:00,15.1,100.0,9.8,6.1
2023-10-01 11:10:00+00:00,15.1,100.0,9.8,6.4
2023-10-01 11:20:00+00:00,15.149999999999999,100.0,9.8,6.4
2023-10-01 11:30:00+00:00,15.2,100.0,9.8,6.4
2023-10-01 11:40:00+00:00,15.2,100.0,9.8,6.4
2023-10-01 11:50:00+00:00,15.2,100.0,9.8,6.4
2023-10-01 12:00:00+00:00,15.3,100.0,9.8,6.4
2023-10-01 12:10:00+00:00,15.3,100.0,9.8,6.4
2023-10-01 12:20:00+00:00,15.3,100.0,9.9,6.5
2023-10-01 12:30:00+00:00,15.3,100.0,9.9,6.3
2023-10-01 12:40:00+00:00,15.3,100.0,9.9,4.1
2023-10-01 12:50:00+00:00,15.3,100.0,9.9,6.3
2023-10-01 13:00:00+00:00,15.3,100.0,9.9,5.9
2023-10-01 13:10:00+00:00,15.350000000000001,100.0,9.9,5.0
2023-10-01 13:20:00+00:00,15.4,100.0,9.9,4.1
2023-10-01 13:30:00+00:00,15.4,100.0,9.9,6.3
2023-10-01 13:40:00+00:00,15.5,100.0,9.9,5.7
2023-10-01 13:50:00+00:00,15.5,100.0,9.9,6.4
2023-10-01 14:00:00+00:00,15.5,100.0,9.9,6.2
2023-10-01 14:10:00+00:00,15.5,100.0,9.9,5.6
2023-10-01 14:20:00+00:00,15.5,100.0,9.9,4.1
2023-10-01 14:30:00+00:00,15.5,100.0,9.9,6.1
2023-10-01 14:40:00+00:00,15.5,100.0,9.9,6.2
2023-10-01 14:50:00+00:00,15.5,100.0,9.9,5.9
2023-10-01 15:00:00+00:00,15.55,100.0,9.9,5.95
2023-10-01 15:10:00+00:00,15.6,100.0,9.9,6.0
2023-10-01 15:20:00+00:00,15.6,100.0,9.9,4.7
2023-10-01 15:30:00+00:00,15.6,100.0,9.9,4.1
2023-10-01 15:40:00+00:00,15.6,100.0,9.9,4.4
2023-10-01 15:50:00+00:00,15.6,100.0,9.9,5.0
2023-10-01 16:00:00+00:00,15.6,100.0,9.9,4.2
2023-10-01 16:10:00+00:00,15.6,100.0,9.9,4.1
2023-10-01 16:20:00+00:00,15.6,100.0,9.9,3.6
2023-10-01 16:30:00+00:00,15.6,100.0,9.9,2.3
2023-10-01 16:40:00+00:00,15.6,100.0,9.9,1.3
2023-10-01 16:50:00+00:00,15.6,100.0,9.9,1.05
2023-10-01 17:00:00+00:00,15.6,100.0,9.9,0.8
2023-10-01 17:10:00+00:00,15.6,100.0,9.89,0.78
2023-10-01 17:20:00+00:00,15.6,100.0,9.88,0.76
2023-10-01 17:30:00+00:00,15.6,100.0,9.870000000000001,0.74
2023-10-01 17:40:00+00:00,15.6,100.0,9.860000000000001,0.72
2023-10-01 17:50:00+00:00,15.6,100.0,9.850000000000001,0.7
2023-10-01 18:00:00+00:00,15.6,100.0,9.84,0.6799999999999999
2023-10-01 18:10:00+00:00,15.6,100.0,9.83,0.66
2023-10-01 18:20:00+00:00,15.6,100.0,9.82,0.64
2023-10-01 18:30:00+00:00,15.6,100.0,9.81,0.62
2023-10-01 18:40:00+00:00,15.6,100.0,9.8,0.6
2023-10-01 18:50:00+00:00,15.58,100.0,9.790000000000001,0.6
2023-10-01 19:00:00+00:00,15.56,100.0,9.780000000000001,0.6
2023-10-01 19:10:00+00:00,15.54,100.0,9.77,0.6
2023-10-01 19:20:00+00:00,15.52,100.0,9.76,0.6
2023-10-01 19:30:00+00:00,15.5,100.0,9.75,0.6
2023-10-01 19:40:00+00:00,15.48,100.0,9.74,0.6
2023-10-01 19:50:00+00:00,15.46,100.0,9.73,0.6
2023-10-01 20:00:00+00:00,15.44,100.0,9.719999999999999,0.6
2023-10-01 20:10:00+00:00,15.42,100.0,9.709999999999999,0.6
2023-10-01 20:20:00+00:00,15.4,100.0,9.7,0.6
2023-10-01 20:30:00+00:00,15.384615384615385,100.0,9.7,0.6
2023-10-01 20:40:00+00:00,15.36923076923077,100.0,9.7,0.6
2023-10-01 20:50:00+00:00,15.353846153846154,100.0,9.7,0.6
2023-10-01 21:00:00+00:00,15.338461538461539,100.0,9.7,0.6
2023-10-01 21:10:00+00:00,15.323076923076924,100.0,9.7,0.6
2023-10-01 21:20:00+00:00,15.307692307692308,100.0,9.7,0.6
2023-10-01 21:30:00+00:00,15.292307692307691,100.0,9.7,0.6
2023-10-01 21:40:00+00:00,15.276923076923076,100.0,9.7,0.6
2023-10-01 21:50:00+00:00,15.26153846153846,100.0,9.7,0.6
2023-10-01 22:00:00+00:00,15.246153846153845,100.0,9.7,0.6
2023-10-01 22:10:00+00:00,15.23076923076923,100.0,9.7,0.6
2023-10-01 22:20:00+00:00,15.215384615384615,100.0,9.7,0.6
2023-10-01 22:30:00+00:00,15.2,100.0,9.7,0.6
2023-10-01 22:40:00+00:00,15.18,100.0,9.7,0.6
2023-10-01 22:50:00+00:00,15.16,100.0,9.7,0.6
2023-10-01 23:00:00+00:00,15.139999999999999,100.0,9.7,0.6
2023-10-01 23:10:00+00:00,15.12,100.0,9.7,0.6
2023-10-01 23:20:00+00:00,15.1,100.0,9.7,0.6
2023-10-01 23:30:00+00:00,15.08,100.0,9.7,0.6
2023-10-01 23:40:00+00:00,15.06,100.0,9.7,0.6
2023-10-01 23:50:00+00:00,15.04,100.0,9.7,0.6
2023-10-02 00:00:00+00:00,15.02,100.0,9.7,0.6
2023-10-02 00:10:00+00:00,15.0,100.0,9.7,0.6
2023-10-02 00:20:00+00:00,14.98,100.0,9.7,0.6
2023-10-02 00:30:00+00:00,14.96,100.0,9.7,0.6
2023-10-02 00:40:00+00:00,14.94,100.0,9.7,0.6
2023-10-02 00:50:00+00:00,14.92,100.0,9.7,0.6
2023-10-02 01:00:00+00:00,14.9,100.0,9.7,0.6
2023-10-02 01:10:00+00:00,14.88,100.0,9.7,0.6
2023-10-02 01:20:00+00:00,14.860000000000001,100.0,9.7,0.6
2023-10-02 01:30:00+00:00,14.84,100.0,9.7,0.6
2023-10-02 01:40:00+00:00,14.82,100.0,9.7,0.6
2023-10-02 01:50:00+00:00,14.8,100.0,9.7,0.6
2023-10-02 02:00:00+00:00,14.780000000000001,100.0,9.7,0.6
2023-10-02 02:10:00+00:00,14.76,100.0,9.7,0.6
2023-10-02 02:20:00+00:00,14.74,100.0,9.7,0.6
2023-10-02 02:30:00+00:00,14.72,100.0,9.7,0.6
2023-10-02 02:40:00+00:00,14.7,100.0,9.7,0.6
2023-10-02 02:50:00+00:00,14.68,100.0,9.7,0.6
2023-10-02 03:00:00+00:00,14.66,100.0,9.7,0.6
2023-10-02 03:10:00+00:00,14.64,100.0,9.7,0.6
2023-10-02 03:20:00+00:00,14.62,100.0,9.7,0.6
2023-10-02 03:30:00+00:00,14.6,100.0,9.7,0.6
2023-10-02 03:40:00+00:00,14.6,100.0,9.7,0.9099999999999999
2023-10-02 03:50:00+00:00,14.6,100.0,9.7,1.22
2023-10-02 04:00:00+00:00,14.6,100.0,9.7,1.5299999999999998
2023-10-02 04:10:00+00:00,14.6,100.0,9.7,1.8399999999999999
2023-10-02 04:20:00+00:00,14.6,100.0,9.7,2.15
2023-10-02 04:30:00+00:00,14.6,100.0,9.7,2.46
2023-10-02 04:40:00+00:00,14.6,100.0,9.7,2.77
2023-10-02 04:50:00+00:00,14.6,100.0,9.7,3.08
2023-10-02 05:00:00+00:00,14.6,100.0,9.7,3.39
2023-10-02 05:10:00+00:00,14.6,100.0,9.7,3.7
2023-10-02 05:20:00+00:00,14.5,100.0,9.8,4.1
2023-10-02 05:30:00+00:00,14.5,100.0,9.8,4.1
2023-10-02 05:40:00+00:00,14.5,100.0,9.8,4.1
2023-10-02 05:50:00+00:00,14.5,100.0,9.8,4.1
2023-10-02 06:00:00+00:00,14.5,100.0,9.8,4.1
2023-10-02 06:10:00+00:00,14.5,100.0,9.8,4.1
2023-10-02 06:20:00+00:00,14.5,100.0,9.8,4.1
2023-10-02 06:30:00+00:00,14.5,100.0,9.8,4.1
2023-10-02 06:40:00+00:00,14.5,100.0,9.8,4.1
2023-10-02 06:50:00+00:00,14.5,100.0,9.9,4.1
2023-10-02 07:00:00+00:00,14.5,100.0,9.850000000000001,4.0
2023-10-02 07:10:00+00:00,14.5,100.0,9.8,3.9
2023-10-02 07:20:00+00:00,14.5,100.0,9.8,4.1
2023-10-02 07:30:00+00:00,14.5,100.0,9.9,4.1
2023-10-02 07:40:00+00:00,14.5,100.0,9.9,4.1
2023-10-02 07:50:00+00:00,14.5,100.0,9.9,4.1
2023-10-02 08:00:00+00:00,14.5,100.0,9.9,4.1
2023-10-02 08:10:00+00:00,14.5,100.0,9.9,4.1
2023-10-02 08:20:00+00:00,14.5,100.0,9.9,4.1
2023-10-02 08:30:00+00:00,14.5,100.0,9.9,4.1
2023-10-02 08:40:00+00:00,14.5,100.0,9.9,4.1
2023-10-02 08:50:00+00:00,14.5,100.0,9.9,4.1
2023-10-02 09:00:00+00:00,14.6,100.0,9.9,4.1
2023-10-02 09:10:00+00:00,14.6,100.0,10.0,4.1
2023-10-02 09:20:00+00:00,14.6,100.0,10.0,4.1
2023-10-02 09:30:00+00:00,14.6,100.0,10.0,4.1
2023-10-02 09:40:00+00:00,14.6,100.0,10.0,4.1
2023-10-02 09:50:00+00:00,14.7,100.0,10.0,4.1
2023-10-02 10:00:00+00:00,14.7,100.0,10.0,4.1
2023-10-02 10:10:00+00:00,14.7,100.0,10.0,4.1
2023-10-02 10:20:00+00:00,14.8,100.0,10.0,4.1
2023-10-02 10:30:00+00:00,14.8,100.0,10.0,4.1
2023-10-02 10:40:00+00:00,14.8,100.0,10.0,4.1
2023-10-02 10:50:00+00:00,14.8,100.0,10.0,4.1
2023-10-02 11:00:00+00:00,14.9,100.0,10.0,4.1
2023-10-02 11:10:00+00:00,14.9,100.0,10.1,4.1
2023-10-02 11:20:00+00:00,15.0,100.0,10.0,5.5
2023-10-02 11:30:00+00:00,15.0,100.0,10.0,6.1
2023-10-02 11:40:00+00:00,15.0,100.0,10.1,6.4
2023-10-02 11:50:00+00:00,15.1,100.0,10.1,4.1
2023-10-02 12:00:00+00:00,15.1,100.0,10.1,4.1
2023-10-02 12:10:00+00:00,15.1,100.0,10.1,4.1
2023-10-02 12:20:00+00:00,15.149999999999999,100.0,10.1,4.1
2023-10-02 12:30:00+00:00,15.2,100.0,10.1,4.1
2023-10-02 12:40:00+00:00,15.2,100.0,10.1,4.1
2023-10-02 12:50:00+00:00,15.3,100.0,10.1,4.1
2023-10-02 13:00:00+00:00,15.3,100.0,10.1,4.1
2023-10-02 13:10:00+00:00,15.3,100.0,10.1,6.1
2023-10-02 13:20:00+00:00,15.3,100.0,10.0,4.1
2023-10-02 13:30:00+00:00,15.4,100.0,10.1,4.1
2023-10-02 13:40:00+00:00,15.4,100.0,10.1,4.3
2023-10-02 13:50:00+00:00,15.5,100.0,10.1,5.7
2023-10-02 14:00:00+00:00,15.5,100.0,10.1,5.9
2023-10-02 14:10:00+00:00,15.5,100.0,10.1,5.25
2023-10-02 14:20:00+00:00,15.5,100.0,10.1,4.6
2023-10-02 14:30:00+00:00,15.5,100.0,10.1,5.8
2023-10-02 14:40:00+00:00,15.6,100.0,10.1,4.3
2023-10-02 14:50:00+00:00,15.6,100.0,10.1,5.2
2023-10-02 15:00:00+00:00,15.6,100.0,10.1,5.9
2023-10-02 15:10:00+00:00,15.6,100.0,10.1,5.5
2023-10-02 15:20:00+00:00,15.6,100.0,10.1,5.8
2023-10-02 15:30:00+00:00,15.6,100.0,10.1,5.3
2023-10-02 15:40:00+00:00,15.6,100.0,10.1,4.0
2023-10-02 15:50:00+00:00,15.7,100.0,10.1,4.0
2023-10-02 16:00:00+00:00,15.7,100.0,10.1,3.8
2023-10-02 16:10:00+00:00,15.7,100.0,10.1,3.6
2023-10-02 16:20:00+00:00,15.7,100.0,10.1,3.0
2023-10-02 16:30:00+00:00,15.7,100.0,10.1,2.1
2023-10-02 16:40:00+00:00,15.8,100.0,10.1,0.8
2023-10-02 16:50:00+00:00,15.8,100.0,10.1,0.78
2023-10-02 17:00:00+00:00,15.8,100.0,10.1,0.76
2023-10-02 17:10:00+00:00,15.8,100.0,10.1,0.74
2023-10-02 17:20:00+00:00,15.8,100.0,10.1,0.72
2023-10-02 17:30:00+00:00,15.8,100.0,10.1,0.7
2023-10-02 17:40:00+00:00,15.8,100.0,10.1,0.6799999999999999
2023-10-02 17:50:00+00:00,15.8,100.0,10.1,0.66
2023-10-02 18:00:00+00:00,15.8,100.0,10.1,0.64
2023-10-02 18:10:00+00:00,15.8,100.0,10.1,0.62
2023-10-02 18:20:00+00:00,15.8,100.0,10.1,0.6
2023-10-02 18:30:00+00:00,15.8,100.0,10.1,0.6
2023-10-02 18:40:00+00:00,15.8,100.0,10.1,0.6
2023-10-02 18:50:00+00:00,15.8,100.0,10.1,0.6
2023-10-02 19:00:00+00:00,15.8,100.0,10.1,0.6
2023-10-02 19:10:00+00:00,15.8,100.0,10.1,0.6
2023-10-02 19:20:00+00:00,15.8,100.0,10.1,0.6
2023-10-02 19:30:00+00:00,15.8,100.0,10.1,0.6
2023-10-02 19:40:00+00:00,15.8,100.0,10.1,0.6
2023-10-02 19:50:00+00:00,15.8,100.0,10.1,0.6
2023-10-02 20:00:00+00:00,15.8,100.0,10.1,0.6
2023-10-02 20:10:00+00:00,15.796774193548387,100.0,10.098387096774193,0.6564516129032257
2023-10-02 20:20:00+00:00,15.793548387096775,100.0,10.096774193548386,0.7129032258064516
2023-10-02 20:30:00+00:00,15.790322580645162,100.0,10.095161290322581,0.7693548387096774
2023-10-02 20:40:00+00:00,15.787096774193548,100.0,10.093548387096774,0.8258064516129031
2023-10-02 20:50:00+00:00,15.783870967741937,100.0,10.091935483870968,0.882258064516129
2023-10-02 21:00:00+00:00,15.780645161290323,100.0,10.09032258064516,0.9387096774193547
2023-10-02 21:10:00+00:00,15.77741935483871,100.0,10.088709677419354,0.9951612903225806
2023-10-02 21:20:00+00:00,15.774193548387098,100.0,10.087096774193547,1.0516129032258064
2023-10-02 21:30:00+00:00,15.770967741935484,100.0,10.085483870967742,1.1080645161290321
2023-10-02 21:40:00+00:00,15.76774193548387,100.0,10.083870967741936,1.164516129032258
2023-10-02 21:50:00+00:00,15.764516129032259,100.0,10.082258064516129,1.2209677419354836
2023-10-02 22:00:00+00:00,15.761290322580646,100.0,10.080645161290322,1.2774193548387096
2023-10-02 22:10:00+00:00,15.758064516129032,100.0,10.079032258064515,1.3338709677419354
2023-10-02 22:20:00+00:00,15.75483870967742,100.0,10.077419354838709,1.3903225806451611
2023-10-02 22:30:00+00:00,15.751612903225807,100.0,10.075806451612904,1.446774193548387
2023-10-02 22:40:00+00:00,15.748387096774193,100.0,10.074193548387097,1.5032258064516126
2023-10-02 22:50:00+00:00,15.745161290322581,100.0,10.07258064516129,1.5596774193548386
2023-10-02 23:00:00+00:00,15.741935483870968,100.0,10.070967741935483,1.6161290322580641
2023-10-02 23:10:00+00:00,15.738709677419354,100.0,10.069354838709677,1.6725806451612901
2023-10-02 23:20:00+00:00,15.735483870967743,100.0,10.067741935483872,1.729032258064516
2023-10-02 23:30:00+00:00,15.73225806451613,100.0,10.066129032258065,1.7854838709677416
2023-10-02 23:40:00+00:00,15.729032258064516,100.0,10.064516129032258,1.8419354838709676
2023-10-02 23:50:00+00:00,15.725806451612904,100.0,10.062903225806451,1.8983870967741932
2023-10-03 00:00:00+00:00,15.72258064516129,100.0,10.061290322580644,1.9548387096774191
2023-10-03 00:10:00+00:00,,,,
2023-10-03 00:20:00+00:00,,,,
2023-10-03 00:30:00+00:00,,,,
2023-10-03 00:40:00+00:00,,,,
2023-10-03 00:50:00+00:00,,,,
2023-10-03 01:00:00+00:00,,,,
2023-10-03 01:10:00+00:00,,,,
2023-10-03 01:20:00+00:00,,,,
2023-10-03 01:30:00+00:00,,,,
2023-10-03 01:40:00+00:00,,,,
2023-10-03 01:50:00+00:00,,,,
2023-10-03 02:00:00+00:00,,,,
2023-10-03 02:10:00+00:00,,,,
2023-10-03 02:20:00+00:00,,,,
2023-10-03 02:30:00+00:00,,,,
2023-10-03 02:40:00+00:00,,,,
2023-10-03 02:50:00+00:00,,,,
2023-10-03 03:00:00+00:00,,,,
2023-10-03 03:10:00+00:00,,,,
2023-10-03 03:20:00+00:00,,,,
2023-10-03 03:30:00+00:00,,,,
2023-10-03 03:40:00+00:00,,,,
2023-10-03 03:50:00+00:00,,,,
2023-10-03 04:00:00+00:00,,,,
2023-10-03 04:10:00+00:00,,,,
2023-10-03 04:20:00+00:00,,,,
2023-10-03 04:30:00+00:00,,,,
2023-10-03 04:40:00+00:00,,,,
2023-10-03 04:50:00+00:00,,,,
2023-10-03 05:00:00+00:00,,,,
2023-10-03 05:10:00+00:00,,,,
2023-10-03 05:20:00+00:00,,,,
2023-10-03 05:30:00+00:00,,,,
2023-10-03 05:40:00+00:00,,,,
2023-10-03 05:50:00+00:00,,,,
2023-10-03 06:00:00+00:00,,,,
2023-10-03 06:10:00+00:00,,,,
2023-10-03 06:20:00+00:00,15.6,100.0,10.0,4.1
2023-10-03 06:30:00+00:00,15.5,100.0,10.0,4.1
2023-10-03 06:40:00+00:00,15.5,100.0,10.0,4.1
2023-10-03 06:50:00+00:00,15.5,100.0,10.0,4.1
2023-10-03 07:00:00+00:00,15.5,100.0,10.0,4.1
2023-10-03 07:10:00+00:00,15.5,100.0,10.1,4.1
2023-10-03 07:20:00+00:00,15.5,100.0,10.1,4.1
2023-10-03 07:30:00+00:00,15.5,100.0,10.1,4.1
2023-10-03 07:40:00+00:00,15.5,100.0,10.1,4.1
2023-10-03 07:50:00+00:00,15.5,100.0,10.1,4.1
2023-10-03 08:00:00+00:00,15.5,100.0,10.1,4.1
2023-10-03 08:10:00+00:00,15.5,100.0,10.1,4.1
2023-10-03 08:20:00+00:00,15.5,100.0,10.1,4.1
2023-10-03 08:30:00+00:00,15.5,100.0,10.1,4.1
2023-10-03 08:40:00+00:00,15.5,100.0,10.1,5.5
2023-10-03 08:50:00+00:00,15.5,100.0,10.1,6.0
2023-10-03 09:00:00+00:00,15.5,100.0,10.1,6.1
2023-10-03 09:10:00+00:00,15.5,100.0,10.149999999999999,6.15
2023-10-03 09:20:00+00:00,15.5,100.0,10.2,6.2
2023-10-03 09:30:00+00:00,15.5,100.0,10.2,6.0
2023-10-03 09:40:00+00:00,15.5,100.0,10.2,5.7
2023-10-03 09:50:00+00:00,15.6,100.0,10.2,6.2
2023-10-03 10:00:00+00:00,15.6,100.0,10.2,6.2
2023-10-03 10:10:00+00:00,15.6,100.0,10.2,6.2
2023-10-03 10:20:00+00:00,15.6,100.0,10.2,6.1
2023-10-03 10:30:00+00:00,15.6,100.0,10.2,6.1
2023-10-03 10:40:00+00:00,15.7,100.0,10.2,6.1
2023-10-03 10:50:00+00:00,15.7,100.0,10.2,6.2
2023-10-03 11:00:00+00:00,15.75,100.0,10.2,6.1
2023-10-03 11:10:00+00:00,15.8,100.0,10.2,6.0
2023-10-03 11:20:00+00:00,15.8,100.0,10.2,6.0
2023-10-03 11:30:00+00:00,15.8,100.0,10.2,6.1
2023-10-03 11:40:00+00:00,15.8,100.0,10.2,5.8
2023-10-03 11:50:00+00:00,15.9,100.0,10.2,5.7
2023-10-03 12:00:00+00:00,16.0,100.0,10.2,5.9
2023-10-03 12:10:00+00:00,16.0,100.0,10.2,5.9
2023-10-03 12:20:00+00:00,16.0,100.0,10.2,6.1
2023-10-03 12:30:00+00:00,16.1,100.0,10.2,6.0
2023-10-03 12:40:00+00:00,16.1,100.0,10.2,5.9
2023-10-03 12:50:00+00:00,16.1,100.0,10.2,6.1
2023-10-03 13:00:00+00:00,16.1,100.0,10.2,5.9
2023-10-03 13:10:00+00:00,16.2,100.0,10.2,4.9
2023-10-03 13:20:00+00:00,16.2,100.0,10.3,5.2
2023-10-03 13:30:00+00:00,16.3,100.0,10.2,4.4
2023-10-03 13:40:00+00:00,16.3,100.0,10.266666666666667,5.033333333333333
2023-10-03 13:50:00+00:00,16.3,100.0,10.3,5.75
2023-10-03 14:00:00+00:00,16.3375,100.0,10.325000000000001,5.4
2023-10-03 14:10:00+00:00,16.375,100.0,10.350000000000001,5.05
2023-10-03 14:20:00+00:00,16.4125,100.0,10.375,4.699999999999999
2023-10-03 14:30:00+00:00,16.45,100.0,10.4,4.35
2023-10-03 14:40:00+00:00,16.5,100.0,10.3,4.1
2023-10-03 14:50:00+00:00,16.496270396270397,100.0,10.29918414918415,4.10055944055944
2023-10-03 15:00:00+00:00,16.492540792540794,100.0,10.298368298368299,4.101118881118881
2023-10-03 15:10:00+00:00,16.488811188811187,100.0,10.297552447552448,4.101678321678321
2023-10-03 15:20:00+00:00,16.485081585081584,100.0,10.296736596736597,4.1022377622377615
2023-10-03 15:30:00+00:00,16.48135198135198,100.0,10.295920745920746,4.102797202797203
2023-10-03 15:40:00+00:00,16.477622377622378,100.0,10.295104895104895,4.103356643356643
2023-10-03 15:50:00+00:00,16.473892773892775,100.0,10.294289044289044,4.103916083916084
2023-10-03 16:00:00+00:00,16.470163170163172,100.0,10.293473193473194,4.104475524475524
2023-10-03 16:10:00+00:00,16.466433566433565,100.0,10.292657342657343,4.105034965034965
2023-10-03 16:20:00+00:00,16.462703962703962,100.0,10.291841491841492,4.105594405594405
2023-10-03 16:30:00+00:00,16.45897435897436,100.0,10.29102564102564,4.106153846153846
2023-10-03 16:40:00+00:00,16.455244755244756,100.0,10.290209790209792,4.106713286713286
2023-10-03 16:50:00+00:00,16.451515151515153,100.0,10.28939393939394,4.1072727272727265
2023-10-03 17:00:00+00:00,16.447785547785546,100.0,10.28857808857809,4.107832167832168
2023-10-03 17:10:00+00:00,16.444055944055943,100.0,10.287762237762239,4.108391608391608
2023-10-03 17:20:00+00:00,16.44032634032634,100.0,10.286946386946388,4.108951048951049
2023-10-03 17:30:00+00:00,16.436596736596737,100.0,10.286130536130537,4.109510489510489
2023-10-03 17:40:00+00:00,16.432867132867134,100.0,10.285314685314686,4.11006993006993
2023-10-03 17:50:00+00:00,16.429137529137527,100.0,10.284498834498836,4.11062937062937
2023-10-03 18:00:00+00:00,16.425407925407924,100.0,10.283682983682985,4.111188811188811
2023-10-03 18:10:00+00:00,16.42167832167832,100.0,10.282867132867134,4.111748251748251
2023-10-03 18:20:00+00:00,16.41794871794872,100.0,10.282051282051283,4.1123076923076916
2023-10-03 18:30:00+00:00,16.414219114219115,100.0,10.281235431235432,4.112867132867133
2023-10-03 18:40:00+00:00,16.410489510489512,100.0,10.280419580419581,4.113426573426573
2023-10-03 18:50:00+00:00,,,,
2023-10-03 19:00:00+00:00,,,,
2023-10-03 19:10:00+00:00,,,,
2023-10-03 19:20:00+00:00,,,,
2023-10-03 19:30:00+00:00,,,,
2023-10-03 19:40:00+00:00,,,,
2023-10-03 19:50:00+00:00,,,,
2023-10-03 20:00:00+00:00,,,,
2023-10-03 20:10:00+00:00,,,,
2023-10-03 20:20:00+00:00,,,,
2023-10-03 20:30:00+00:00,,,,
2023-10-03 20:40:00+00:00,,,,
2023-10-03 20:50:00+00:00,,,,
2023-10-03 21:00:00+00:00,,,,
2023-10-03 21:10:00+00:00,,,,
2023-10-03 21:20:00+00:00,,,,
2023-10-03 21:30:00+00:00,,,,
2023-10-03 21:40:00+00:00,,,,
2023-10-03 21:50:00+00:00,,,,
2023-10-03 22:00:00+00:00,,,,
2023-10-03 22:10:00+00:00,,,,
2023-10-03 22:20:00+00:00,,,,
2023-10-03 22:30:00+00:00,,,,
2023-10-03 22:40:00+00:00,,,,
2023-10-03 22:50:00+00:00,,,,
2023-10-03 23:00:00+00:00,,,,
2023-10-03 23:10:00+00:00,,,,
2023-10-03 23:20:00+00:00,,,,
2023-10-03 23:30:00+00:00,,,,
2023-10-03 23:40:00+00:00,,,,
2023-10-03 23:50:00+00:00,,,,
2023-10-04 00:00:00+00:00,,,,
2023-10-04 00:10:00+00:00,,,,
2023-10-04 00:20:00+00:00,,,,
2023-10-04 00:30:00+00:00,,,,
2023-10-04 00:40:00+00:00,,,,
2023-10-04 00:50:00+00:00,,,,
2023-10-04 01:00:00+00:00,,,,
2023-10-04 01:10:00+00:00,,,,
2023-10-04 01:20:00+00:00,,,,
2023-10-04 01:30:00+00:00,,,,
2023-10-04 01:40:00+00:00,,,,
2023-10-04 01:50:00+00:00,,,,
2023-10-04 02:00:00+00:00,,,,
2023-10-04 02:10:00+00:00,,,,
2023-10-04 02:20:00+00:00,,,,
2023-10-04 02:30:00+00:00,,,,
2023-10-04 02:40:00+00:00,,,,
2023-10-04 02:50:00+00:00,,,,
2023-10-04 03:00:00+00:00,,,,
2023-10-04 03:10:00+00:00,,,,
2023-10-04 03:20:00+00:00,,,,
2023-10-04 03:30:00+00:00,,,,
2023-10-04 03:40:00+00:00,,,,
2023-10-04 03:50:00+00:00,,,,
2023-10-04 04:00:00+00:00,,,,
2023-10-04 04:10:00+00:00,,,,
2023-10-04 04:20:00+00:00,,,,
2023-10-04 04:30:00+00:00,,,,
2023-10-04 04:40:00+00:00,,,,
2023-10-04 04:50:00+00:00,,,,
2023-10-04 05:00:00+00:00,,,,
2023-10-04 05:10:00+00:00,,,,
2023-10-04 05:20:00+00:00,,,,
2023-10-04 05:30:00+00:00,,,,
2023-10-04 05:40:00+00:00,,,,
2023-10-04 05:50:00+00:00,,,,
2023-10-04 06:00:00+00:00,,,,
2023-10-04 06:10:00+00:00,,,,
2023-10-04 06:20:00+00:00,,,,
2023-10-04 06:30:00+00:00,,,,
2023-10-04 06:40:00+00:00,,,,
2023-10-04 06:50:00+00:00,,,,
2023-10-04 07:00:00+00:00,,,,
2023-10-04 07:10:00+00:00,,,,
2023-10-04 07:20:00+00:00,,,,
2023-10-04 07:30:00+00:00,,,,
2023-10-04 07:40:00+00:00,,,,
2023-10-04 07:50:00+00:00,,,,
2023-10-04 08:00:00+00:00,,,,
2023-10-04 08:10:00+00:00,,,,
2023-10-04 08:20:00+00:00,,,,
2023-10-04 08:30:00+00:00,,,,
2023-10-04 08:40:00+00:00,,,,
2023-10-04 08:50:00+00:00,,,,
2023-10-04 09:00:00+00:00,,,,
2023-10-04 09:10:00+00:00,,,,
2023-10-04 09:20:00+00:00,,,,
2023-10-04 09:30:00+00:00,,,,
2023-10-04 09:40:00+00:00,,,,
2023-10-04 09:50:00+00:00,,,,
2023-10-04 10:00:00+00:00,,,,
2023-10-04 10:10:00+00:00,,,,
2023-10-04 10:20:00+00:00,,,,
2023-10-04 10:30:00+00:00,,,,
2023-10-04 10:40:00+00:00,,,,
2023-10-04 10:50:00+00:00,,,,
2023-10-04 11:00:00+00:00,,,,
2023-10-04 11:10:00+00:00,,,,
2023-10-04 11:20:00+00:00,,,,
2023-10-04 11:30:00+00:00,,,,
2023-10-04 11:40:00+00:00,,,,
2023-10-04 11:50:00+00:00,,,,
2023-10-04 12:00:00+00:00,,,,
2023-10-04 12:10:00+00:00,,,,
2023-10-04 12:20:00+00:00,,,,
2023-10-04 12:30:00+00:00,,,,
2023-10-04 12:40:00+00:00,,,,
2023-10-04 12:50:00+00:00,,,,
2023-10-04 13:00:00+00:00,,,,
2023-10-04 13:10:00+00:00,,,,
2023-10-04 13:20:00+00:00,,,,
2023-10-04 13:30:00+00:00,,,,
2023-10-04 13:40:00+00:00,,,,
2023-10-04 13:50:00+00:00,,,,
2023-10-04 14:00:00+00:00,,,,
2023-10-04 14:10:00+00:00,,,,
2023-10-04 14:20:00+00:00,,,,
2023-10-04 14:30:00+00:00,,,,
2023-10-04 14:40:00+00:00,,,,
2023-10-04 14:50:00+00:00,,,,
2023-10-04 15:00:00+00:00,,,,
2023-10-04 15:10:00+00:00,,,,
2023-10-04 15:20:00+00:00,,,,
2023-10-04 15:30:00+00:00,,,,
2023-10-04 15:40:00+00:00,,,,
2023-10-04 15:50:00+00:00,,,,
2023-10-04 16:00:00+00:00,,,,
2023-10-04 16:10:00+00:00,,,,
2023-10-04 16:20:00+00:00,,,,
2023-10-04 16:30:00+00:00,,,,
2023-10-04 16:40:00+00:00,,,,
2023-10-04 16:50:00+00:00,,,,
2023-10-04 17:00:00+00:00,,,,
2023-10-04 17:10:00+00:00,,,,
2023-10-04 17:20:00+00:00,,,,
2023-10-04 17:30:00+00:00,,,,
2023-10-04 17:40:00+00:00,,,,
2023-10-04 17:50:00+00:00,,,,
2023-10-04 18:00:00+00:00,,,,
2023-10-04 18:10:00+00:00,,,,
2023-10-04 18:20:00+00:00,,,,
2023-10-04 18:30:00+00:00,,,,
2023-10-04 18:40:00+00:00,,,,
2023-10-04 18:50:00+00:00,,,,
2023-10-04 19:00:00+00:00,,,,
2023-10-04 19:10:00+00:00,,,,
2023-10-04 19:20:00+00:00,,,,
2023-10-04 19:30:00+00:00,,,,
2023-10-04 19:40:00+00:00,,,,
2023-10-04 19:50:00+00:00,,,,
2023-10-04 20:00:00+00:00,,,,
2023-10-04 20:10:00+00:00,,,,
2023-10-04 20:20:00+00:00,,,,
2023-10-04 20:30:00+00:00,,,,
2023-10-04 20:40:00+00:00,,,,
2023-10-04 20:50:00+00:00,,,,
2023-10-04 21:00:00+00:00,,,,
2023-10-04 21:10:00+00:00,,,,
2023-10-04 21:20:00+00:00,,,,
2023-10-04 21:30:00+00:00,,,,
2023-10-04 21:40:00+00:00,,,,
2023-10-04 21:50:00+00:00,,,,
2023-10-04 22:00:00+00:00,,,,
2023-10-04 22:10:00+00:00,,,,
2023-10-04 22:20:00+00:00,,,,
2023-10-04 22:30:00+00:00,,,,
2023-10-04 22:40:00+00:00,,,,
2023-10-04 22:50:00+00:00,,,,
2023-10-04 23:00:00+00:00,,,,
2023-10-04 23:10:00+00:00,,,,
2023-10-04 23:20:00+00:00,,,,
2023-10-04 23:30:00+00:00,,,,
2023-10-04 23:40:00+00:00,,,,
2023-10-04 23:50:00+00:00,,,,
2023-10-05 00:00:00+00:00,,,,
2023-10-05 00:10:00+00:00,,,,
2023-10-05 00:20:00+00:00,,,,
2023-10-05 00:30:00+00:00,,,,
2023-10-05 00:40:00+00:00,,,,
2023-10-05 00:50:00+00:00,,,,
2023-10-05 01:00:00+00:00,,,,
2023-10-05 01:10:00+00:00,,,,
2023-10-05 01:20:00+00:00,,,,
2023-10-05 01:30:00+00:00,,,,
2023-10-05 01:40:00+00:00,,,,
2023-10-05 01:50:00+00:00,,,,
2023-10-05 02:00:00+00:00,,,,
2023-10-05 02:10:00+00:00,,,,
2023-10-05 02:20:00+00:00,,,,
2023-10-05 02:30:00+00:00,,,,
2023-10-05 02:40:00+00:00,,,,
2023-10-05 02:50:00+00:00,,,,
2023-10-05 03:00:00+00:00,,,,
2023-10-05 03:10:00+00:00,,,,
2023-10-05 03:20:00+00:00,,,,
2023-10-05 03:30:00+00:00,,,,
2023-10-05 03:40:00+00:00,,,,
2023-10-05 03:50:00+00:00,,,,
2023-10-05 04:00:00+00:00,,,,
2023-10-05 04:10:00+00:00,,,,
2023-10-05 04:20:00+00:00,,,,
2023-10-05 04:30:00+00:00,,,,
2023-10-05 04:40:00+00:00,,,,
2023-10-05 04:50:00+00:00,,,,
2023-10-05 05:00:00+00:00,,,,
2023-10-05 05:10:00+00:00,,,,
2023-10-05 05:20:00+00:00,,,,
2023-10-05 05:30:00+00:00,,,,
2023-10-05 05:40:00+00:00,,,,
2023-10-05 05:50:00+00:00,,,,
2023-10-05 06:00:00+00:00,,,,
2023-10-05 06:10:00+00:00,,,,
2023-10-05 06:20:00+00:00,,,,
2023-10-05 06:30:00+00:00,,,,
2023-10-05 06:40:00+00:00,,,,
2023-10-05 06:50:00+00:00,,,,
2023-10-05 07:00:00+00:00,,,,
2023-10-05 07:10:00+00:00,,,,
2023-10-05 07:20:00+00:00,,,,
2023-10-05 07:30:00+00:00,,,,
2023-10-05 07:40:00+00:00,,,,
2023-10-05 07:50:00+00:00,,,,
2023-10-05 08:00:00+00:00,,,,
2023-10-05 08:10:00+00:00,,,,
2023-10-05 08:20:00+00:00,,,,
2023-10-05 08:30:00+00:00,,,,
2023-10-05 08:40:00+00:00,,,,
2023-10-05 08:50:00+00:00,,,,
2023-10-05 09:00:00+00:00,,,,
2023-10-05 09:10:00+00:00,,,,
2023-10-05 09:20:00+00:00,,,,
2023-10-05 09:30:00+00:00,,,,
2023-10-05 09:40:00+00:00,,,,
2023-10-05 09:50:00+00:00,,,,
2023-10-05 10:00:00+00:00,,,,
2023-10-05 10:10:00+00:00,,,,
2023-10-05 10:20:00+00:00,,,,
2023-10-05 10:30:00+00:00,,,,
2023-10-05 10:40:00+00:00,,,,
2023-10-05 10:50:00+00:00,,,,
2023-10-05 11:00:00+00:00,,,,
2023-10-05 11:10:00+00:00,,,,
2023-10-05 11:20:00+00:00,,,,
2023-10-05 11:30:00+00:00,,,,
2023-10-05 11:40:00+00:00,,,,
2023-10-05 11:50:00+00:00,,,,
2023-10-05 12:00:00+00:00,,,,
2023-10-05 12:10:00+00:00,,,,
2023-10-05 12:20:00+00:00,,,,
2023-10-05 12:30:00+00:00,,,,
2023-10-05 12:40:00+00:00,,,,
2023-10-05 12:50:00+00:00,,,,
2023-10-05 13:00:00+00:00,,,,
2023-10-05 13:10:00+00:00,,,,
2023-10-05 13:20:00+00:00,,,,
2023-10-05 13:30:00+00:00,,,,
2023-10-05 13:40:00+00:00,,,,
2023-10-05 13:50:00+00:00,,,,
2023-10-05 14:00:00+00:00,,,,
2023-10-05 14:10:00+00:00,,,,
2023-10-05 14:20:00+00:00,,,,
2023-10-05 14:30:00+00:00,,,,
2023-10-05 14:40:00+00:00,,,,
2023-10-05 14:50:00+00:00,,,,
2023-10-05 15:00:00+00:00,,,,
2023-10-05 15:10:00+00:00,,,,
2023-10-05 15:20:00+00:00,,,,
2023-10-05 15:30:00+00:00,,,,
2023-10-05 15:40:00+00:00,,,,
2023-10-05 15:50:00+00:00,,,,
2023-10-05 16:00:00+00:00,,,,
2023-10-05 16:10:00+00:00,,,,
2023-10-05 16:20:00+00:00,,,,
2023-10-05 16:30:00+00:00,,,,
2023-10-05 16:40:00+00:00,,,,
2023-10-05 16:50:00+00:00,,,,
2023-10-05 17:00:00+00:00,,,,
2023-10-05 17:10:00+00:00,,,,
2023-10-05 17:20:00+00:00,,,,
2023-10-05 17:30:00+00:00,,,,
2023-10-05 17:40:00+00:00,,,,
2023-10-05 17:50:00+00:00,,,,
2023-10-05 18:00:00+00:00,,,,
2023-10-05 18:10:00+00:00,,,,
2023-10-05 18:20:00+00:00,,,,
2023-10-05 18:30:00+00:00,,,,
2023-10-05 18:40:00+00:00,,,,
2023-10-05 18:50:00+00:00,,,,
2023-10-05 19:00:00+00:00,,,,
2023-10-05 19:10:00+00:00,,,,
2023-10-05 19:20:00+00:00,,,,
2023-10-05 19:30:00+00:00,,,,
2023-10-05 19:40:00+00:00,,,,
2023-10-05 19:50:00+00:00,,,,
2023-10-05 20:00:00+00:00,,,,
2023-10-05 20:10:00+00:00,,,,
2023-10-05 20:20:00+00:00,,,,
2023-10-05 20:30:00+00:00,,,,
2023-10-05 20:40:00+00:00,,,,
2023-10-05 20:50:00+00:00,,,,
2023-10-05 21:00:00+00:00,,,,
2023-10-05 21:10:00+00:00,,,,
2023-10-05 21:20:00+00:00,,,,
2023-10-05 21:30:00+00:00,,,,
2023-10-05 21:40:00+00:00,,,,
2023-10-05 21:50:00+00:00,,,,
2023-10-05 22:00:00+00:00,,,,
2023-10-05 22:10:00+00:00,,,,
2023-10-05 22:20:00+00:00,,,,
2023-10-05 22:30:00+00:00,,,,
2023-10-05 22:40:00+00:00,,,,
2023-10-05 22:50:00+00:00,,,,
2023-10-05 23:00:00+00:00,,,,
2023-10-05 23:10:00+00:00,,,,
2023-10-05 23:20:00+00:00,,,,
2023-10-05 23:30:00+00:00,,,,
2023-10-05 23:40:00+00:00,,,,
2023-10-05 23:50:00+00:00,,,,
2023-10-06 00:00:00+00:00,,,,
2023-10-06 00:10:00+00:00,,,,
2023-10-06 00:20:00+00:00,,,,
2023-10-06 00:30:00+00:00,,,,
2023-10-06 00:40:00+00:00,,,,
2023-10-06 00:50:00+00:00,,,,
2023-10-06 01:00:00+00:00,,,,
2023-10-06 01:10:00+00:00,,,,
2023-10-06 01:20:00+00:00,,,,
2023-10-06 01:30:00+00:00,,,,
2023-10-06 01:40:00+00:00,,,,
2023-10-06 01:50:00+00:00,,,,
2023-10-06 02:00:00+00:00,,,,
2023-10-06 02:10:00+00:00,,,,
2023-10-06 02:20:00+00:00,,,,
2023-10-06 02:30:00+00:00,,,,
2023-10-06 02:40:00+00:00,,,,
2023-10-06 02:50:00+00:00,,,,
2023-10-06 03:00:00+00:00,,,,
2023-10-06 03:10:00+00:00,,,,
2023-10-06 03:20:00+00:00,,,,
2023-10-06 03:30:00+00:00,,,,
2023-10-06 03:40:00+00:00,,,,
2023-10-06 03:50:00+00:00,,,,
2023-10-06 04:00:00+00:00,,,,
2023-10-06 04:10:00+00:00,,,,
2023-10-06 04:20:00+00:00,,,,
2023-10-06 04:30:00+00:00,,,,
2023-10-06 04:40:00+00:00,,,,
2023-10-06 04:50:00+00:00,,,,
2023-10-06 05:00:00+00:00,,,,
2023-10-06 05:10:00+00:00,,,,
2023-10-06 05:20:00+00:00,,,,
2023-10-06 05:30:00+00:00,,,,
2023-10-06 05:40:00+00:00,,,,
2023-10-06 05:50:00+00:00,,,,
2023-10-06 06:00:00+00:00,,,,
2023-10-06 06:10:00+00:00,,,,
2023-10-06 06:20:00+00:00,,,,
2023-10-06 06:30:00+00:00,,,,
2023-10-06 06:40:00+00:00,,,,
2023-10-06 06:50:00+00:00,,,,
2023-10-06 07:00:00+00:00,,,,
2023-10-06 07:10:00+00:00,,,,
2023-10-06 07:20:00+00:00,,,,
2023-10-06 07:30:00+00:00,,,,
2023-10-06 07:40:00+00:00,,,,
2023-10-06 07:50:00+00:00,,,,
2023-10-06 08:00:00+00:00,,,,
2023-10-06 08:10:00+00:00,,,,
2023-10-06 08:20:00+00:00,,,,
2023-10-06 08:30:00+00:00,,,,
2023-10-06 08:40:00+00:00,,,,
2023-10-06 08:50:00+00:00,,,,
2023-10-06 09:00:00+00:00,,,,
2023-10-06 09:10:00+00:00,,,,
2023-10-06 09:20:00+00:00,,,,
2023-10-06 09:30:00+00:00,,,,
2023-10-06 09:40:00+00:00,,,,
2023-10-06 09:50:00+00:00,,,,
2023-10-06 10:00:00+00:00,,,,
2023-10-06 10:10:00+00:00,,,,
2023-10-06 10:20:00+00:00,,,,
2023-10-06 10:30:00+00:00,,,,
2023-10-06 10:40:00+00:00,,,,
2023-10-06 10:50:00+00:00,,,,
2023-10-06 11:00:00+00:00,,,,
2023-10-06 11:10:00+00:00,,,,
2023-10-06 11:20:00+00:00,,,,
2023-10-06 11:30:00+00:00,,,,
2023-10-06 11:40:00+00:00,,,,
2023-10-06 11:50:00+00:00,,,,
2023-10-06 12:00:00+00:00,,,,
2023-10-06 12:10:00+00:00,,,,
2023-10-06 12:20:00+00:00,,,,
2023-10-06 12:30:00+00:00,,,,
2023-10-06 12:40:00+00:00,,,,
2023-10-06 12:50:00+00:00,,,,
2023-10-06 13:00:00+00:00,,,,
2023-10-06 13:10:00+00:00,,,,
2023-10-06 13:20:00+00:00,,,,
2023-10-06 13:30:00+00:00,,,,
2023-10-06 13:40:00+00:00,,,,
2023-10-06 13:50:00+00:00,,,,
2023-10-06 14:00:00+00:00,,,,
2023-10-06 14:10:00+00:00,,,,
2023-10-06 14:20:00+00:00,,,,
2023-10-06 14:30:00+00:00,,,,
2023-10-06 14:40:00+00:00,,,,
2023-10-06 14:50:00+00:00,,,,
2023-10-06 15:00:00+00:00,,,,
2023-10-06 15:10:00+00:00,,,,
2023-10-06 15:20:00+00:00,,,,
2023-10-06 15:30:00+00:00,,,,
2023-10-06 15:40:00+00:00,,,,
2023-10-06 15:50:00+00:00,,,,
2023-10-06 16:00:00+00:00,,,,
2023-10-06 16:10:00+00:00,,,,
2023-10-06 16:20:00+00:00,,,,
2023-10-06 16:30:00+00:00,,,,
2023-10-06 16:40:00+00:00,,,,
2023-10-06 16:50:00+00:00,,,,
2023-10-06 17:00:00+00:00,,,,
2023-10-06 17:10:00+00:00,,,,
2023-10-06 17:20:00+00:00,,,,
2023-10-06 17:30:00+00:00,,,,
2023-10-06 17:40:00+00:00,,,,
2023-10-06 17:50:00+00:00,,,,
2023-10-06 18:00:00+00:00,,,,
2023-10-06 18:10:00+00:00,,,,
2023-10-06 18:20:00+00:00,,,,
2023-10-06 18:30:00+00:00,,,,
2023-10-06 18:40:00+00:00,,,,
2023-10-06 18:50:00+00:00,,,,
2023-10-06 19:00:00+00:00,,,,
2023-10-06 19:10:00+00:00,,,,
2023-10-06 19:20:00+00:00,,,,
2023-10-06 19:30:00+00:00,,,,
2023-10-06 19:40:00+00:00,,,,
2023-10-06 19:50:00+00:00,,,,
2023-10-06 20:00:00+00:00,,,,
2023-10-06 20:10:00+00:00,,,,
2023-10-06 20:20:00+00:00,,,,
2023-10-06 20:30:00+00:00,,,,
2023-10-06 20:40:00+00:00,,,,
2023-10-06 20:50:00+00:00,,,,
2023-10-06 21:00:00+00:00,,,,
2023-10-06 21:10:00+00:00,,,,
2023-10-06 21:20:00+00:00,,,,
2023-10-06 21:30:00+00:00,,,,
2023-10-06 21:40:00+00:00,,,,
2023-10-06 21:50:00+00:00,,,,
2023-10-06 22:00:00+00:00,,,,
2023-10-06 22:10:00+00:00,,,,
2023-10-06 22:20:00+00:00,,,,
2023-10-06 22:30:00+00:00,,,,
2023-10-06 22:40:00+00:00,,,,
2023-10-06 22:50:00+00:00,,,,
2023-10-06 23:00:00+00:00,,,,
2023-10-06 23:10:00+00:00,,,,
2023-10-06 23:20:00+00:00,,,,
2023-10-06 23:30:00+00:00,,,,
2023-10-06 23:40:00+00:00,,,,
2023-10-06 23:50:00+00:00,,,,
2023-10-07 00:00:00+00:00,,,,
2023-10-07 00:10:00+00:00,,,,
2023-10-07 00:20:00+00:00,,,,
2023-10-07 00:30:00+00:00,,,,
2023-10-07 00:40:00+00:00,,,,
2023-10-07 00:50:00+00:00,,,,
2023-10-07 01:00:00+00:00,,,,
2023-10-07 01:10:00+00:00,,,,
2023-10-07 01:20:00+00:00,,,,
2023-10-07 01:30:00+00:00,,,,
2023-10-07 01:40:00+00:00,,,,
2023-10-07 01:50:00+00:00,,,,
2023-10-07 02:00:00+00:00,,,,
2023-10-07 02:10:00+00:00,,,,
2023-10-07 02:20:00+00:00,,,,
2023-10-07 02:30:00+00:00,,,,
2023-10-07 02:40:00+00:00,,,,
2023-10-07 02:50:00+00:00,,,,
2023-10-07 03:00:00+00:00,,,,
2023-10-07 03:10:00+00:00,,,,
2023-10-07 03:20:00+00:00,,,,
2023-10-07 03:30:00+00:00,,,,
2023-10-07 03:40:00+00:00,,,,
2023-10-07 03:50:00+00:00,,,,
2023-10-07 04:00:00+00:00,,,,
2023-10-07 04:10:00+00:00,,,,
2023-10-07 04:20:00+00:00,,,,
2023-10-07 04:30:00+00:00,,,,
2023-10-07 04:40:00+00:00,,,,
2023-10-07 04:50:00+00:00,,,,
2023-10-07 05:00:00+00:00,,,,
2023-10-07 05:10:00+00:00,,,,
2023-10-07 05:20:00+00:00,,,,
2023-10-07 05:30:00+00:00,,,,
2023-10-07 05:40:00+00:00,,,,
2023-10-07 05:50:00+00:00,,,,
2023-10-07 06:00:00+00:00,,,,
2023-10-07 06:10:00+00:00,,,,
2023-10-07 06:20:00+00:00,,,,
2023-10-07 06:30:00+00:00,,,,
2023-10-07 06:40:00+00:00,,,,
2023-10-07 06:50:00+00:00,,,,
2023-10-07 07:00:00+00:00,,,,
2023-10-07 07:10:00+00:00,,,,
2023-10-07 07:20:00+00:00,,,,
2023-10-07 07:30:00+00:00,,,,
2023-10-07 07:40:00+00:00,,,,
2023-10-07 07:50:00+00:00,,,,
2023-10-07 08:00:00+00:00,,,,
2023-10-07 08:10:00+00:00,,,,
2023-10-07 08:20:00+00:00,,,,
2023-10-07 08:30:00+00:00,,,,
2023-10-07 08:40:00+00:00,,,,
2023-10-07 08:50:00+00:00,,,,
2023-10-07 09:00:00+00:00,,,,
2023-10-07 09:10:00+00:00,,,,
2023-10-07 09:20:00+00:00,,,,
2023-10-07 09:30:00+00:00,,,,
2023-10-07 09:40:00+00:00,,,,
2023-10-07 09:50:00+00:00,,,,
2023-10-07 10:00:00+00:00,,,,
2023-10-07 10:10:00+00:00,,,,
2023-10-07 10:20:00+00:00,,,,
2023-10-07 10:30:00+00:00,,,,
2023-10-07 10:40:00+00:00,,,,
2023-10-07 10:50:00+00:00,,,,
2023-10-07 11:00:00+00:00,,,,
2023-10-07 11:10:00+00:00,,,,
2023-10-07 11:20:00+00:00,,,,
2023-10-07 11:30:00+00:00,,,,
2023-10-07 11:40:00+00:00,,,,
2023-10-07 11:50:00+00:00,,,,
2023-10-07 12:00:00+00:00,,,,
2023-10-07 12:10:00+00:00,,,,
2023-10-07 12:20:00+00:00,,,,
2023-10-07 12:30:00+00:00,,,,
2023-10-07 12:40:00+00:00,,,,
2023-10-07 12:50:00+00:00,,,,
2023-10-07 13:00:00+00:00,,,,
2023-10-07 13:10:00+00:00,,,,
2023-10-07 13:20:00+00:00,,,,
2023-10-07 13:30:00+00:00,,,,
2023-10-07 13:40:00+00:00,,,,
2023-10-07 13:50:00+00:00,,,,
2023-10-07 14:00:00+00:00,,,,
2023-10-07 14:10:00+00:00,,,,
2023-10-07 14:20:00+00:00,,,,
2023-10-07 14:30:00+00:00,,,,
2023-10-07 14:40:00+00:00,,,,
2023-10-07 14:50:00+00:00,,,,
2023-10-07 15:00:00+00:00,,,,
2023-10-07 15:10:00+00:00,,,,
2023-10-07 15:20:00+00:00,,,,
2023-10-07 15:30:00+00:00,,,,
2023-10-07 15:40:00+00:00,,,,
2023-10-07 15:50:00+00:00,,,,
2023-10-07 16:00:00+00:00,,,,
2023-10-07 16:10:00+00:00,,,,
2023-10-07 16:20:00+00:00,,,,
2023-10-07 16:30:00+00:00,,,,
2023-10-07 16:40:00+00:00,,,,
2023-10-07 16:50:00+00:00,,,,
2023-10-07 17:00:00+00:00,,,,
2023-10-07 17:10:00+00:00,,,,
2023-10-07 17:20:00+00:00,,,,
2023-10-07 17:30:00+00:00,,,,
2023-10-07 17:40:00+00:00,,,,
2023-10-07 17:50:00+00:00,,,,
2023-10-07 18:00:00+00:00,,,,
2023-10-07 18:10:00+00:00,,,,
2023-10-07 18:20:00+00:00,,,,
2023-10-07 18:30:00+00:00,,,,
2023-10-07 18:40:00+00:00,,,,
2023-10-07 18:50:00+00:00,,,,
2023-10-07 19:00:00+00:00,,,,
2023-10-07 19:10:00+00:00,,,,
2023-10-07 19:20:00+00:00,,,,
2023-10-07 19:30:00+00:00,,,,
2023-10-07 19:40:00+00:00,,,,
2023-10-07 19:50:00+00:00,,,,
2023-10-07 20:00:00+00:00,,,,
2023-10-07 20:10:00+00:00,,,,
2023-10-07 20:20:00+00:00,,,,
2023-10-07 20:30:00+00:00,,,,
2023-10-07 20:40:00+00:00,,,,
2023-10-07 20:50:00+00:00,,,,
2023-10-07 21:00:00+00:00,,,,
2023-10-07 21:10:00+00:00,,,,
2023-10-07 21:20:00+00:00,,,,
2023-10-07 21:30:00+00:00,,,,
2023-10-07 21:40:00+00:00,,,,
2023-10-07 21:50:00+00:00,,,,
2023-10-07 22:00:00+00:00,,,,
2023-10-07 22:10:00+00:00,,,,
2023-10-07 22:20:00+00:00,,,,
2023-10-07 22:30:00+00:00,,,,
2023-10-07 22:40:00+00:00,,,,
2023-10-07 22:50:00+00:00,,,,
2023-10-07 23:00:00+00:00,,,,
2023-10-07 23:10:00+00:00,,,,
2023-10-07 23:20:00+00:00,,,,
2023-10-07 23:30:00+00:00,,,,
2023-10-07 23:40:00+00:00,,,,
2023-10-07 23:50:00+00:00,,,,
2023-10-08 00:00:00+00:00,,,,
2023-10-08 00:10:00+00:00,,,,
2023-10-08 00:20:00+00:00,,,,
2023-10-08 00:30:00+00:00,,,,
2023-10-08 00:40:00+00:00,,,,
2023-10-08 00:50:00+00:00,,,,
2023-10-08 01:00:00+00:00,,,,
2023-10-08 01:10:00+00:00,,,,
2023-10-08 01:20:00+00:00,,,,
2023-10-08 01:30:00+00:00,,,,
2023-10-08 01:40:00+00:00,,,,
2023-10-08 01:50:00+00:00,,,,
2023-10-08 02:00:00+00:00,,,,
2023-10-08 02:10:00+00:00,,,,
2023-10-08 02:20:00+00:00,,,,
2023-10-08 02:30:00+00:00,,,,
2023-10-08 02:40:00+00:00,,,,
2023-10-08 02:50:00+00:00,,,,
2023-10-08 03:00:00+00:00,,,,
2023-10-08 03:10:00+00:00,,,,
2023-10-08 03:20:00+00:00,,,,
2023-10-08 03:30:00+00:00,,,,
2023-10-08 03:40:00+00:00,,,,
2023-10-08 03:50:00+00:00,,,,
2023-10-08 04:00:00+00:00,,,,
2023-10-08 04:10:00+00:00,,,,
2023-10-08 04:20:00+00:00,,,,
2023-10-08 04:30:00+00:00,,,,
2023-10-08 04:40:00+00:00,,,,
2023-10-08 04:50:00+00:00,,,,
2023-10-08 05:00:00+00:00,,,,
2023-10-08 05:10:00+00:00,,,,
2023-10-08 05:20:00+00:00,,,,
2023-10-08 05:30:00+00:00,,,,
2023-10-08 05:40:00+00:00,,,,
2023-10-08 05:50:00+00:00,,,,
2023-10-08 06:00:00+00:00,,,,
2023-10-08 06:10:00+00:00,,,,
2023-10-08 06:20:00+00:00,,,,
2023-10-08 06:30:00+00:00,,,,
2023-10-08 06:40:00+00:00,,,,
2023-10-08 06:50:00+00:00,,,,
2023-10-08 07:00:00+00:00,,,,
2023-10-08 07:10:00+00:00,,,,
2023-10-08 07:20:00+00:00,,,,
2023-10-08 07:30:00+00:00,,,,
2023-10-08 07:40:00+00:00,,,,
2023-10-08 07:50:00+00:00,,,,
2023-10-08 08:00:00+00:00,,,,
2023-10-08 08:10:00+00:00,,,,
2023-10-08 08:20:00+00:00,,,,
2023-10-08 08:30:00+00:00,,,,
2023-10-08 08:40:00+00:00,,,,
2023-10-08 08:50:00+00:00,,,,
2023-10-08 09:00:00+00:00,,,,
2023-10-08 09:10:00+00:00,,,,
2023-10-08 09:20:00+00:00,,,,
2023-10-08 09:30:00+00:00,,,,
2023-10-08 09:40:00+00:00,,,,
2023-10-08 09:50:00+00:00,,,,
2023-10-08 10:00:00+00:00,,,,
2023-10-08 10:10:00+00:00,,,,
2023-10-08 10:20:00+00:00,,,,
2023-10-08 10:30:00+00:00,,,,
2023-10-08 10:40:00+00:00,,,,
2023-10-08 10:50:00+00:00,,,,
2023-10-08 11:00:00+00:00,,,,
2023-10-08 11:10:00+00:00,,,,
2023-10-08 11:20:00+00:00,,,,
2023-10-08 11:30:00+00:00,,,,
2023-10-08 11:40:00+00:00,,,,
2023-10-08 11:50:00+00:00,,,,
2023-10-08 12:00:00+00:00,,,,
2023-10-08 12:10:00+00:00,,,,
2023-10-08 12:20:00+00:00,,,,
2023-10-08 12:30:00+00:00,,,,
2023-10-08 12:40:00+00:00,,,,
2023-10-08 12:50:00+00:00,,,,
2023-10-08 13:00:00+00:00,,,,
2023-10-08 13:10:00+00:00,,,,
2023-10-08 13:20:00+00:00,,,,
2023-10-08 13:30:00+00:00,,,,
2023-10-08 13:40:00+00:00,,,,
2023-10-08 13:50:00+00:00,,,,
2023-10-08 14:00:00+00:00,,,,
2023-10-08 14:10:00+00:00,,,,
2023-10-08 14:20:00+00:00,,,,
2023-10-08 14:30:00+00:00,,,,
2023-10-08 14:40:00+00:00,,,,
2023-10-08 14:50:00+00:00,,,,
2023-10-08 15:00:00+00:00,,,,
2023-10-08 15:10:00+00:00,,,,
2023-10-08 15:20:00+00:00,,,,
2023-10-08 15:30:00+00:00,,,,
2023-10-08 15:40:00+00:00,,,,
2023-10-08 15:50:00+00:00,,,,
2023-10-08 16:00:00+00:00,,,,
2023-10-08 16:10:00+00:00,,,,
2023-10-08 16:20:00+00:00,,,,
2023-10-08 16:30:00+00:00,,,,
2023-10-08 16:40:00+00:00,,,,
2023-10-08 16:50:00+00:00,,,,
2023-10-08 17:00:00+00:00,,,,
2023-10-08 17:10:00+00:00,,,,
2023-10-08 17:20:00+00:00,,,,
2023-10-08 17:30:00+00:00,,,,
2023-10-08 17:40:00+00:00,,,,
2023-10-08 17:50:00+00:00,,,,
2023-10-08 18:00:00+00:00,,,,
2023-10-08 18:10:00+00:00,,,,
2023-10-08 18:20:00+00:00,,,,
2023-10-08 18:30:00+00:00,,,,
2023-10-08 18:40:00+00:00,,,,
2023-10-08 18:50:00+00:00,,,,
2023-10-08 19:00:00+00:00,,,,
2023-10-08 19:10:00+00:00,,,,
2023-10-08 19:20:00+00:00,,,,
2023-10-08 19:30:00+00:00,,,,
2023-10-08 19:40:00+00:00,,,,
2023-10-08 19:50:00+00:00,,,,
2023-10-08 20:00:00+00:00,,,,
2023-10-08 20:10:00+00:00,,,,
2023-10-08 20:20:00+00:00,,,,
2023-10-08 20:30:00+00:00,,,,
2023-10-08 20:40:00+00:00,,,,
2023-10-08 20:50:00+00:00,,,,
2023-10-08 21:00:00+00:00,,,,
2023-10-08 21:10:00+00:00,,,,
2023-10-08 21:20:00+00:00,,,,
2023-10-08 21:30:00+00:00,,,,
2023-10-08 21:40:00+00:00,,,,
2023-10-08 21:50:00+00:00,,,,
2023-10-08 22:00:00+00:00,,,,
2023-10-08 22:10:00+00:00,,,,
2023-10-08 22:20:00+00:00,,,,
2023-10-08 22:30:00+00:00,,,,
2023-10-08 22:40:00+00:00,,,,
2023-10-08 22:50:00+00:00,,,,
2023-10-08 23:00:00+00:00,,,,
2023-10-08 23:10:00+00:00,,,,
2023-10-08 23:20:00+00:00,,,,
2023-10-08 23:30:00+00:00,,,,
2023-10-08 23:40:00+00:00,,,,
2023-10-08 23:50:00+00:00,,,,
2023-10-09 00:00:00+00:00,,,,
2023-10-09 00:10:00+00:00,,,,
2023-10-09 00:20:00+00:00,,,,
2023-10-09 00:30:00+00:00,,,,
2023-10-09 00:40:00+00:00,,,,
2023-10-09 00:50:00+00:00,,,,
2023-10-09 01:00:00+00:00,,,,
2023-10-09 01:10:00+00:00,,,,
2023-10-09 01:20:00+00:00,,,,
2023-10-09 01:30:00+00:00,,,,
2023-10-09 01:40:00+00:00,,,,
2023-10-09 01:50:00+00:00,,,,
2023-10-09 02:00:00+00:00,,,,
2023-10-09 02:10:00+00:00,,,,
2023-10-09 02:20:00+00:00,,,,
2023-10-09 02:30:00+00:00,,,,
2023-10-09 02:40:00+00:00,,,,
2023-10-09 02:50:00+00:00,,,,
2023-10-09 03:00:00+00:00,,,,
2023-10-09 03:10:00+00:00,,,,
2023-10-09 03:20:00+00:00,,,,
2023-10-09 03:30:00+00:00,,,,
2023-10-09 03:40:00+00:00,,,,
2023-10-09 03:50:00+00:00,,,,
2023-10-09 04:00:00+00:00,,,,
2023-10-09 04:10:00+00:00,,,,
2023-10-09 04:20:00+00:00,,,,
2023-10-09 04:30:00+00:00,,,,
2023-10-09 04:40:00+00:00,,,,
2023-10-09 04:50:00+00:00,,,,
2023-10-09 05:00:00+00:00,,,,
2023-10-09 05:10:00+00:00,,,,
2023-10-09 05:20:00+00:00,,,,
2023-10-09 05:30:00+00:00,,,,
2023-10-09 05:40:00+00:00,,,,
2023-10-09 05:50:00+00:00,,,,
2023-10-09 06:00:00+00:00,,,,
2023-10-09 06:10:00+00:00,,,,
2023-10-09 06:20:00+00:00,,,,
2023-10-09 06:30:00+00:00,,,,
2023-10-09 06:40:00+00:00,,,,
2023-10-09 06:50:00+00:00,,,,
2023-10-09 07:00:00+00:00,,,,
2023-10-09 07:10:00+00:00,,,,
2023-10-09 07:20:00+00:00,,,,
2023-10-09 07:30:00+00:00,,,,
2023-10-09 07:40:00+00:00,,,,
2023-10-09 07:50:00+00:00,,,,
2023-10-09 08:00:00+00:00,,,,
2023-10-09 08:10:00+00:00,,,,
2023-10-09 08:20:00+00:00,,,,
2023-10-09 08:30:00+00:00,,,,
2023-10-09 08:40:00+00:00,,,,
2023-10-09 08:50:00+00:00,,,,
2023-10-09 09:00:00+00:00,,,,
2023-10-09 09:10:00+00:00,,,,
2023-10-09 09:20:00+00:00,,,,
2023-10-09 09:30:00+00:00,,,,
2023-10-09 09:40:00+00:00,,,,
2023-10-09 09:50:00+00:00,,,,
2023-10-09 10:00:00+00:00,,,,
2023-10-09 10:10:00+00:00,,,,
2023-10-09 10:20:00+00:00,,,,
2023-10-09 10:30:00+00:00,,,,
2023-10-09 10:40:00+00:00,,,,
2023-10-09 10:50:00+00:00,,,,
2023-10-09 11:00:00+00:00,,,,
2023-10-09 11:10:00+00:00,,,,
2023-10-09 11:20:00+00:00,,,,
2023-10-09 11:30:00+00:00,,,,
2023-10-09 11:40:00+00:00,,,,
2023-10-09 11:50:00+00:00,,,,
2023-10-09 12:00:00+00:00,,,,
2023-10-09 12:10:00+00:00,,,,
2023-10-09 12:20:00+00:00,,,,
2023-10-09 12:30:00+00:00,,,,
2023-10-09 12:40:00+00:00,,,,
2023-10-09 12:50:00+00:00,,,,
2023-10-09 13:00:00+00:00,,,,
2023-10-09 13:10:00+00:00,,,,
2023-10-09 13:20:00+00:00,,,,
2023-10-09 13:30:00+00:00,,,,
2023-10-09 13:40:00+00:00,,,,
2023-10-09 13:50:00+00:00,,,,
2023-10-09 14:00:00+00:00,,,,
2023-10-09 14:10:00+00:00,,,,
2023-10-09 14:20:00+00:00,,,,
2023-10-09 14:30:00+00:00,,,,
2023-10-09 14:40:00+00:00,,,,
2023-10-09 14:50:00+00:00,,,,
2023-10-09 15:00:00+00:00,,,,
2023-10-09 15:10:00+00:00,,,,
2023-10-09 15:20:00+00:00,,,,
2023-10-09 15:30:00+00:00,,,,
2023-10-09 15:40:00+00:00,,,,
2023-10-09 15:50:00+00:00,,,,
2023-10-09 16:00:00+00:00,,,,
2023-10-09 16:10:00+00:00,,,,
2023-10-09 16:20:00+00:00,,,,
2023-10-09 16:30:00+00:00,,,,
2023-10-09 16:40:00+00:00,,,,
2023-10-09 16:50:00+00:00,,,,
2023-10-09 17:00:00+00:00,,,,
2023-10-09 17:10:00+00:00,,,,
2023-10-09 17:20:00+00:00,,,,
2023-10-09 17:30:00+00:00,,,,
2023-10-09 17:40:00+00:00,,,,
2023-10-09 17:50:00+00:00,,,,
2023-10-09 18:00:00+00:00,,,,
2023-10-09 18:10:00+00:00,,,,
2023-10-09 18:20:00+00:00,,,,
2023-10-09 18:30:00+00:00,,,,
2023-10-09 18:40:00+00:00,,,,
2023-10-09 18:50:00+00:00,,,,
2023-10-09 19:00:00+00:00,,,,
2023-10-09 19:10:00+00:00,,,,
2023-10-09 19:20:00+00:00,,,,
2023-10-09 19:30:00+00:00,,,,
2023-10-09 19:40:00+00:00,,,,
2023-10-09 19:50:00+00:00,,,,
2023-10-09 20:00:00+00:00,,,,
2023-10-09 20:10:00+00:00,,,,
2023-10-09 20:20:00+00:00,,,,
2023-10-09 20:30:00+00:00,,,,
2023-10-09 20:40:00+00:00,,,,
2023-10-09 20:50:00+00:00,,,,
2023-10-09 21:00:00+00:00,,,,
2023-10-09 21:10:00+00:00,,,,
2023-10-09 21:20:00+00:00,,,,
2023-10-09 21:30:00+00:00,,,,
2023-10-09 21:40:00+00:00,,,,
2023-10-09 21:50:00+00:00,,,,
2023-10-09 22:00:00+00:00,,,,
2023-10-09 22:10:00+00:00,,,,
2023-10-09 22:20:00+00:00,,,,
2023-10-09 22:30:00+00:00,,,,
2023-10-09 22:40:00+00:00,,,,
2023-10-09 22:50:00+00:00,,,,
2023-10-09 23:00:00+00:00,,,,
2023-10-09 23:10:00+00:00,,,,
2023-10-09 23:20:00+00:00,,,,
2023-10-09 23:30:00+00:00,,,,
2023-10-09 23:40:00+00:00,,,,
2023-10-09 23:50:00+00:00,,,,
2023-10-10 00:00:00+00:00,,,,
2023-10-10 00:10:00+00:00,,,,
2023-10-10 00:20:00+00:00,,,,
2023-10-10 00:30:00+00:00,,,,
2023-10-10 00:40:00+00:00,,,,
2023-10-10 00:50:00+00:00,,,,
2023-10-10 01:00:00+00:00,,,,
2023-10-10 01:10:00+00:00,,,,
2023-10-10 01:20:00+00:00,,,,
2023-10-10 01:30:00+00:00,,,,
2023-10-10 01:40:00+00:00,,,,
2023-10-10 01:50:00+00:00,,,,
2023-10-10 02:00:00+00:00,,,,
2023-10-10 02:10:00+00:00,,,,
2023-10-10 02:20:00+00:00,,,,
2023-10-10 02:30:00+00:00,,,,
2023-10-10 02:40:00+00:00,,,,
2023-10-10 02:50:00+00:00,,,,
2023-10-10 03:00:00+00:00,,,,
2023-10-10 03:10:00+00:00,,,,
2023-10-10 03:20:00+00:00,,,,
2023-10-10 03:30:00+00:00,,,,
2023-10-10 03:40:00+00:00,,,,
2023-10-10 03:50:00+00:00,,,,
2023-10-10 04:00:00+00:00,,,,
2023-10-10 04:10:00+00:00,,,,
2023-10-10 04:20:00+00:00,,,,
2023-10-10 04:30:00+00:00,,,,
2023-10-10 04:40:00+00:00,,,,
2023-10-10 04:50:00+00:00,,,,
2023-10-10 05:00:00+00:00,,,,
2023-10-10 05:10:00+00:00,,,,
2023-10-10 05:20:00+00:00,,,,
2023-10-10 05:30:00+00:00,,,,
2023-10-10 05:40:00+00:00,,,,
2023-10-10 05:50:00+00:00,,,,
2023-10-10 06:00:00+00:00,,,,
2023-10-10 06:10:00+00:00,,,,
2023-10-10 06:20:00+00:00,,,,
2023-10-10 06:30:00+00:00,,,,
2023-10-10 06:40:00+00:00,,,,
2023-10-10 06:50:00+00:00,,,,
2023-10-10 07:00:00+00:00,,,,
2023-10-10 07:10:00+00:00,,,,
2023-10-10 07:20:00+00:00,,,,
2023-10-10 07:30:00+00:00,,,,
2023-10-10 07:40:00+00:00,,,,
2023-10-10 07:50:00+00:00,,,,
2023-10-10 08:00:00+00:00,,,,
2023-10-10 08:10:00+00:00,,,,
2023-10-10 08:20:00+00:00,,,,
2023-10-10 08:30:00+00:00,,,,
2023-10-10 08:40:00+00:00,,,,
2023-10-10 08:50:00+00:00,,,,
2023-10-10 09:00:00+00:00,,,,
2023-10-10 09:10:00+00:00,,,,
2023-10-10 09:20:00+00:00,,,,
2023-10-10 09:30:00+00:00,,,,
2023-10-10 09:40:00+00:00,,,,
2023-10-10 09:50:00+00:00,,,,
2023-10-10 10:00:00+00:00,,,,
2023-10-10 10:10:00+00:00,,,,
2023-10-10 10:20:00+00:00,,,,
2023-10-10 10:30:00+00:00,,,,
2023-10-10 10:40:00+00:00,,,,
2023-10-10 10:50:00+00:00,,,,
2023-10-10 11:00:00+00:00,,,,
2023-10-10 11:10:00+00:00,,,,
2023-10-10 11:20:00+00:00,,,,
2023-10-10 11:30:00+00:00,,,,
2023-10-10 11:40:00+00:00,,,,
2023-10-10 11:50:00+00:00,,,,
2023-10-10 12:00:00+00:00,,,,
2023-10-10 12:10:00+00:00,,,,
2023-10-10 12:20:00+00:00,,,,
2023-10-10 12:30:00+00:00,,,,
2023-10-10 12:40:00+00:00,,,,
2023-10-10 12:50:00+00:00,,,,
2023-10-10 13:00:00+00:00,,,,
2023-10-10 13:10:00+00:00,,,,
2023-10-10 13:20:00+00:00,,,,
2023-10-10 13:30:00+00:00,,,,
2023-10-10 13:40:00+00:00,,,,
2023-10-10 13:50:00+00:00,,,,
2023-10-10 14:00:00+00:00,,,,
2023-10-10 14:10:00+00:00,,,,
2023-10-10 14:20:00+00:00,,,,
2023-10-10 14:30:00+00:00,,,,
2023-10-10 14:40:00+00:00,,,,
2023-10-10 14:50:00+00:00,,,,
2023-10-10 15:00:00+00:00,,,,
2023-10-10 15:10:00+00:00,,,,
2023-10-10 15:20:00+00:00,,,,
2023-10-10 15:30:00+00:00,,,,
2023-10-10 15:40:00+00:00,,,,
2023-10-10 15:50:00+00:00,,,,
2023-10-10 16:00:00+00:00,,,,
2023-10-10 16:10:00+00:00,,,,
2023-10-10 16:20:00+00:00,,,,
2023-10-10 16:30:00+00:00,,,,
2023-10-10 16:40:00+00:00,,,,
2023-10-10 16:50:00+00:00,,,,
2023-10-10 17:00:00+00:00,,,,
2023-10-10 17:10:00+00:00,,,,
2023-10-10 17:20:00+00:00,,,,
2023-10-10 17:30:00+00:00,,,,
2023-10-10 17:40:00+00:00,,,,
2023-10-10 17:50:00+00:00,,,,
2023-10-10 18:00:00+00:00,,,,
2023-10-10 18:10:00+00:00,,,,
2023-10-10 18:20:00+00:00,,,,
2023-10-10 18:30:00+00:00,,,,
2023-10-10 18:40:00+00:00,,,,
2023-10-10 18:50:00+00:00,,,,
2023-10-10 19:00:00+00:00,,,,
2023-10-10 19:10:00+00:00,,,,
2023-10-10 19:20:00+00:00,,,,
2023-10-10 19:30:00+00:00,,,,
2023-10-10 19:40:00+00:00,,,,
2023-10-10 19:50:00+00:00,,,,
2023-10-10 20:00:00+00:00,,,,
2023-10-10 20:10:00+00:00,,,,
2023-10-10 20:20:00+00:00,,,,
2023-10-10 20:30:00+00:00,,,,
2023-10-10 20:40:00+00:00,,,,
2023-10-10 20:50:00+00:00,,,,
2023-10-10 21:00:00+00:00,,,,
2023-10-10 21:10:00+00:00,,,,
2023-10-10 21:20:00+00:00,,,,
2023-10-10 21:30:00+00:00,,,,
2023-10-10 21:40:00+00:00,,,,
2023-10-10 21:50:00+00:00,,,,
2023-10-10 22:00:00+00:00,,,,
2023-10-10 22:10:00+00:00,,,,
2023-10-10 22:20:00+00:00,,,,
2023-10-10 22:30:00+00:00,,,,
2023-10-10 22:40:00+00:00,,,,
2023-10-10 22:50:00+00:00,,,,
2023-10-10 23:00:00+00:00,,,,
2023-10-10 23:10:00+00:00,,,,
2023-10-10 23:20:00+00:00,,,,
2023-10-10 23:30:00+00:00,,,,
2023-10-10 23:40:00+00:00,,,,
2023-10-10 23:50:00+00:00,,,,
2023-10-11 00:00:00+00:00,,,,
2023-10-11 00:10:00+00:00,,,,
2023-10-11 00:20:00+00:00,,,,
2023-10-11 00:30:00+00:00,,,,
2023-10-11 00:40:00+00:00,,,,
2023-10-11 00:50:00+00:00,,,,
2023-10-11 01:00:00+00:00,,,,
2023-10-11 01:10:00+00:00,,,,
2023-10-11 01:20:00+00:00,,,,
2023-10-11 01:30:00+00:00,,,,
2023-10-11 01:40:00+00:00,,,,
2023-10-11 01:50:00+00:00,,,,
2023-10-11 02:00:00+00:00,,,,
2023-10-11 02:10:00+00:00,,,,
2023-10-11 02:20:00+00:00,,,,
2023-10-11 02:30:00+00:00,,,,
2023-10-11 02:40:00+00:00,,,,
2023-10-11 02:50:00+00:00,,,,
2023-10-11 03:00:00+00:00,,,,
2023-10-11 03:10:00+00:00,,,,
2023-10-11 03:20:00+00:00,,,,
2023-10-11 03:30:00+00:00,,,,
2023-10-11 03:40:00+00:00,,,,
2023-10-11 03:50:00+00:00,,,,
2023-10-11 04:00:00+00:00,,,,
2023-10-11 04:10:00+00:00,,,,
2023-10-11 04:20:00+00:00,,,,
2023-10-11 04:30:00+00:00,,,,
2023-10-11 04:40:00+00:00,,,,
2023-10-11 04:50:00+00:00,,,,
2023-10-11 05:00:00+00:00,,,,
2023-10-11 05:10:00+00:00,,,,
2023-10-11 05:20:00+00:00,,,,
2023-10-11 05:30:00+00:00,,,,
2023-10-11 05:40:00+00:00,,,,
2023-10-11 05:50:00+00:00,,,,
2023-10-11 06:00:00+00:00,,,,
2023-10-11 06:10:00+00:00,,,,
2023-10-11 06:20:00+00:00,,,,
2023-10-11 06:30:00+00:00,,,,
2023-10-11 06:40:00+00:00,,,,
2023-10-11 06:50:00+00:00,,,,
2023-10-11 07:00:00+00:00,,,,
2023-10-11 07:10:00+00:00,,,,
2023-10-11 07:20:00+00:00,,,,
2023-10-11 07:30:00+00:00,,,,
2023-10-11 07:40:00+00:00,,,,
2023-10-11 07:50:00+00:00,,,,
2023-10-11 08:00:00+00:00,,,,
2023-10-11 08:10:00+00:00,,,,
2023-10-11 08:20:00+00:00,,,,
2023-10-11 08:30:00+00:00,,,,
2023-10-11 08:40:00+00:00,,,,
2023-10-11 08:50:00+00:00,,,,
2023-10-11 09:00:00+00:00,,,,
2023-10-11 09:10:00+00:00,,,,
2023-10-11 09:20:00+00:00,,,,
2023-10-11 09:30:00+00:00,,,,
2023-10-11 09:40:00+00:00,,,,
2023-10-11 09:50:00+00:00,,,,
2023-10-11 10:00:00+00:00,,,,
2023-10-11 10:10:00+00:00,,,,
2023-10-11 10:20:00+00:00,,,,
2023-10-11 10:30:00+00:00,,,,
2023-10-11 10:40:00+00:00,,,,
2023-10-11 10:50:00+00:00,,,,
2023-10-11 11:00:00+00:00,,,,
2023-10-11 11:10:00+00:00,,,,
2023-10-11 11:20:00+00:00,,,,
2023-10-11 11:30:00+00:00,,,,
2023-10-11 11:40:00+00:00,,,,
2023-10-11 11:50:00+00:00,,,,
2023-10-11 12:00:00+00:00,,,,
2023-10-11 12:10:00+00:00,,,,
2023-10-11 12:20:00+00:00,,,,
2023-10-11 12:30:00+00:00,,,,
2023-10-11 12:40:00+00:00,,,,
2023-10-11 12:50:00+00:00,,,,
2023-10-11 13:00:00+00:00,,,,
2023-10-11 13:10:00+00:00,,,,
2023-10-11 13:20:00+00:00,,,,
2023-10-11 13:30:00+00:00,,,,
2023-10-11 13:40:00+00:00,,,,
2023-10-11 13:50:00+00:00,,,,
2023-10-11 14:00:00+00:00,,,,
2023-10-11 14:10:00+00:00,,,,
2023-10-11 14:20:00+00:00,,,,
2023-10-11 14:30:00+00:00,,,,
2023-10-11 14:40:00+00:00,,,,
2023-10-11 14:50:00+00:00,,,,
2023-10-11 15:00:00+00:00,,,,
2023-10-11 15:10:00+00:00,,,,
2023-10-11 15:20:00+00:00,,,,
2023-10-11 15:30:00+00:00,,,,
2023-10-11 15:40:00+00:00,,,,
2023-10-11 15:50:00+00:00,,,,
2023-10-11 16:00:00+00:00,,,,
2023-10-11 16:10:00+00:00,,,,
2023-10-11 16:20:00+00:00,,,,
2023-10-11 16:30:00+00:00,,,,
2023-10-11 16:40:00+00:00,,,,
2023-10-11 16:50:00+00:00,,,,
2023-10-11 17:00:00+00:00,,,,
2023-10-11 17:10:00+00:00,,,,
2023-10-11 17:20:00+00:00,,,,
2023-10-11 17:30:00+00:00,,,,
2023-10-11 17:40:00+00:00,,,,
2023-10-11 17:50:00+00:00,,,,
2023-10-11 18:00:00+00:00,,,,
2023-10-11 18:10:00+00:00,,,,
2023-10-11 18:20:00+00:00,,,,
2023-10-11 18:30:00+00:00,,,,
2023-10-11 18:40:00+00:00,,,,
2023-10-11 18:50:00+00:00,,,,
2023-10-11 19:00:00+00:00,,,,
2023-10-11 19:10:00+00:00,,,,
2023-10-11 19:20:00+00:00,,,,
2023-10-11 19:30:00+00:00,,,,
2023-10-11 19:40:00+00:00,,,,
2023-10-11 19:50:00+00:00,,,,
2023-10-11 20:00:00+00:00,,,,
2023-10-11 20:10:00+00:00,,,,
2023-10-11 20:20:00+00:00,,,,
2023-10-11 20:30:00+00:00,,,,
2023-10-11 20:40:00+00:00,,,,
2023-10-11 20:50:00+00:00,,,,
2023-10-11 21:00:00+00:00,,,,
2023-10-11 21:10:00+00:00,,,,
2023-10-11 21:20:00+00:00,,,,
2023-10-11 21:30:00+00:00,,,,
2023-10-11 21:40:00+00:00,,,,
2023-10-11 21:50:00+00:00,,,,
2023-10-11 22:00:00+00:00,,,,
2023-10-11 22:10:00+00:00,,,,
2023-10-11 22:20:00+00:00,,,,
2023-10-11 22:30:00+00:00,,,,
2023-10-11 22:40:00+00:00,,,,
2023-10-11 22:50:00+00:00,,,,
2023-10-11 23:00:00+00:00,,,,
2023-10-11 23:10:00+00:00,,,,
2023-10-11 23:20:00+00:00,,,,
2023-10-11 23:30:00+00:00,,,,
2023-10-11 23:40:00+00:00,,,,
2023-10-11 23:50:00+00:00,,,,
2023-10-12 00:00:00+00:00,,,,
2023-10-12 00:10:00+00:00,,,,
2023-10-12 00:20:00+00:00,,,,
2023-10-12 00:30:00+00:00,,,,
2023-10-12 00:40:00+00:00,,,,
2023-10-12 00:50:00+00:00,,,,
2023-10-12 01:00:00+00:00,,,,
2023-10-12 01:10:00+00:00,,,,
2023-10-12 01:20:00+00:00,,,,
2023-10-12 01:30:00+00:00,,,,
2023-10-12 01:40:00+00:00,,,,
2023-10-12 01:50:00+00:00,,,,
2023-10-12 02:00:00+00:00,,,,
2023-10-12 02:10:00+00:00,,,,
2023-10-12 02:20:00+00:00,,,,
2023-10-12 02:30:00+00:00,,,,
2023-10-12 02:40:00+00:00,,,,
2023-10-12 02:50:00+00:00,,,,
2023-10-12 03:00:00+00:00,,,,
2023-10-12 03:10:00+00:00,,,,
2023-10-12 03:20:00+00:00,,,,
2023-10-12 03:30:00+00:00,,,,
2023-10-12 03:40:00+00:00,,,,
2023-10-12 03:50:00+00:00,,,,
2023-10-12 04:00:00+00:00,,,,
2023-10-12 04:10:00+00:00,,,,
2023-10-12 04:20:00+00:00,,,,
2023-10-12 04:30:00+00:00,,,,
2023-10-12 04:40:00+00:00,,,,
2023-10-12 04:50:00+00:00,,,,
2023-10-12 05:00:00+00:00,,,,
2023-10-12 05:10:00+00:00,,,,
2023-10-12 05:20:00+00:00,,,,
2023-10-12 05:30:00+00:00,,,,
2023-10-12 05:40:00+00:00,,,,
2023-10-12 05:50:00+00:00,,,,
2023-10-12 06:00:00+00:00,,,,
2023-10-12 06:10:00+00:00,,,,
2023-10-12 06:20:00+00:00,,,,
2023-10-12 06:30:00+00:00,,,,
2023-10-12 06:40:00+00:00,,,,
2023-10-12 06:50:00+00:00,,,,
2023-10-12 07:00:00+00:00,,,,
2023-10-12 07:10:00+00:00,,,,
2023-10-12 07:20:00+00:00,,,,
2023-10-12 07:30:00+00:00,,,,
2023-10-12 07:40:00+00:00,,,,
2023-10-12 07:50:00+00:00,,,,
2023-10-12 08:00:00+00:00,,,,
2023-10-12 08:10:00+00:00,,,,
2023-10-12 08:20:00+00:00,,,,
2023-10-12 08:30:00+00:00,,,,
2023-10-12 08:40:00+00:00,,,,
2023-10-12 08:50:00+00:00,,,,
2023-10-12 09:00:00+00:00,,,,
2023-10-12 09:10:00+00:00,,,,
2023-10-12 09:20:00+00:00,,,,
2023-10-12 09:30:00+00:00,,,,
2023-10-12 09:40:00+00:00,,,,
2023-10-12 09:50:00+00:00,,,,
2023-10-12 10:00:00+00:00,,,,
2023-10-12 10:10:00+00:00,,,,
2023-10-12 10:20:00+00:00,,,,
2023-10-12 10:30:00+00:00,,,,
2023-10-12 10:40:00+00:00,,,,
2023-10-12 10:50:00+00:00,,,,
2023-10-12 11:00:00+00:00,,,,
2023-10-12 11:10:00+00:00,,,,
2023-10-12 11:20:00+00:00,,,,
2023-10-12 11:30:00+00:00,,,,
2023-10-12 11:40:00+00:00,,,,
2023-10-12 11:50:00+00:00,,,,
2023-10-12 12:00:00+00:00,,,,
2023-10-12 12:10:00+00:00,,,,
2023-10-12 12:20:00+00:00,,,,
2023-10-12 12:30:00+00:00,,,,
2023-10-12 12:40:00+00:00,,,,
2023-10-12 12:50:00+00:00,,,,
2023-10-12 13:00:00+00:00,,,,
2023-10-12 13:10:00+00:00,,,,
2023-10-12 13:20:00+00:00,,,,
2023-10-12 13:30:00+00:00,,,,
2023-10-12 13:40:00+00:00,,,,
2023-10-12 13:50:00+00:00,,,,
2023-10-12 14:00:00+00:00,,,,
2023-10-12 14:10:00+00:00,,,,
2023-10-12 14:20:00+00:00,,,,
2023-10-12 14:30:00+00:00,,,,
2023-10-12 14:40:00+00:00,,,,
2023-10-12 14:50:00+00:00,,,,
2023-10-12 15:00:00+00:00,,,,
2023-10-12 15:10:00+00:00,,,,
2023-10-12 15:20:00+00:00,,,,
2023-10-12 15:30:00+00:00,,,,
2023-10-12 15:40:00+00:00,,,,
2023-10-12 15:50:00+00:00,,,,
2023-10-12 16:00:00+00:00,,,,
2023-10-12 16:10:00+00:00,,,,
2023-10-12 16:20:00+00:00,,,,
2023-10-12 16:30:00+00:00,,,,
2023-10-12 16:40:00+00:00,,,,
2023-10-12 16:50:00+00:00,,,,
2023-10-12 17:00:00+00:00,,,,
2023-10-12 17:10:00+00:00,,,,
2023-10-12 17:20:00+00:00,,,,
2023-10-12 17:30:00+00:00,,,,
2023-10-12 17:40:00+00:00,,,,
2023-10-12 17:50:00+00:00,,,,
2023-10-12 18:00:00+00:00,,,,
2023-10-12 18:10:00+00:00,,,,
2023-10-12 18:20:00+00:00,,,,
2023-10-12 18:30:00+00:00,,,,
2023-10-12 18:40:00+00:00,,,,
2023-10-12 18:50:00+00:00,,,,
2023-10-12 19:00:00+00:00,,,,
2023-10-12 19:10:00+00:00,,,,
2023-10-12 19:20:00+00:00,,,,
2023-10-12 19:30:00+00:00,,,,
2023-10-12 19:40:00+00:00,,,,
2023-10-12 19:50:00+00:00,,,,
2023-10-12 20:00:00+00:00,,,,
2023-10-12 20:10:00+00:00,,,,
2023-10-12 20:20:00+00:00,,,,
2023-10-12 20:30:00+00:00,,,,
2023-10-12 20:40:00+00:00,,,,
2023-10-12 20:50:00+00:00,,,,
2023-10-12 21:00:00+00:00,,,,
2023-10-12 21:10:00+00:00,,,,
2023-10-12 21:20:00+00:00,,,,
2023-10-12 21:30:00+00:00,,,,
2023-10-12 21:40:00+00:00,,,,
2023-10-12 21:50:00+00:00,,,,
2023-10-12 22:00:00+00:00,,,,
2023-10-12 22:10:00+00:00,,,,
2023-10-12 22:20:00+00:00,,,,
2023-10-12 22:30:00+00:00,,,,
2023-10-12 22:40:00+00:00,,,,
2023-10-12 22:50:00+00:00,,,,
2023-10-12 23:00:00+00:00,,,,
2023-10-12 23:10:00+00:00,,,,
2023-10-12 23:20:00+00:00,,,,
2023-10-12 23:30:00+00:00,,,,
2023-10-12 23:40:00+00:00,,,,
2023-10-12 23:50:00+00:00,,,,
2023-10-13 00:00:00+00:00,,,,
2023-10-13 00:10:00+00:00,,,,
2023-10-13 00:20:00+00:00,,,,
2023-10-13 00:30:00+00:00,,,,
2023-10-13 00:40:00+00:00,,,,
2023-10-13 00:50:00+00:00,,,,
2023-10-13 01:00:00+00:00,,,,
2023-10-13 01:10:00+00:00,,,,
2023-10-13 01:20:00+00:00,,,,
2023-10-13 01:30:00+00:00,,,,
2023-10-13 01:40:00+00:00,,,,
2023-10-13 01:50:00+00:00,,,,
2023-10-13 02:00:00+00:00,,,,
2023-10-13 02:10:00+00:00,,,,
2023-10-13 02:20:00+00:00,,,,
2023-10-13 02:30:00+00:00,,,,
2023-10-13 02:40:00+00:00,,,,
2023-10-13 02:50:00+00:00,,,,
2023-10-13 03:00:00+00:00,,,,
2023-10-13 03:10:00+00:00,,,,
2023-10-13 03:20:00+00:00,,,,
2023-10-13 03:30:00+00:00,,,,
2023-10-13 03:40:00+00:00,,,,
2023-10-13 03:50:00+00:00,,,,
2023-10-13 04:00:00+00:00,,,,
2023-10-13 04:10:00+00:00,,,,
2023-10-13 04:20:00+00:00,,,,
2023-10-13 04:30:00+00:00,,,,
2023-10-13 04:40:00+00:00,,,,
2023-10-13 04:50:00+00:00,,,,
2023-10-13 05:00:00+00:00,,,,
2023-10-13 05:10:00+00:00,,,,
2023-10-13 05:20:00+00:00,,,,
2023-10-13 05:30:00+00:00,,,,
2023-10-13 05:40:00+00:00,,,,
2023-10-13 05:50:00+00:00,,,,
2023-10-13 06:00:00+00:00,,,,
2023-10-13 06:10:00+00:00,,,,
2023-10-13 06:20:00+00:00,,,,
2023-10-13 06:30:00+00:00,,,,
2023-10-13 06:40:00+00:00,,,,
2023-10-13 06:50:00+00:00,,,,
2023-10-13 07:00:00+00:00,,,,
2023-10-13 07:10:00+00:00,,,,
2023-10-13 07:20:00+00:00,,,,
2023-10-13 07:30:00+00:00,,,,
2023-10-13 07:40:00+00:00,,,,
2023-10-13 07:50:00+00:00,,,,
2023-10-13 08:00:00+00:00,,,,
2023-10-13 08:10:00+00:00,,,,
2023-10-13 08:20:00+00:00,,,,
2023-10-13 08:30:00+00:00,,,,
2023-10-13 08:40:00+00:00,,,,
2023-10-13 08:50:00+00:00,,,,
2023-10-13 09:00:00+00:00,,,,
2023-10-13 09:10:00+00:00,,,,
2023-10-13 09:20:00+00:00,,,,
2023-10-13 09:30:00+00:00,,,,
2023-10-13 09:40:00+00:00,,,,
2023-10-13 09:50:00+00:00,,,,
2023-10-13 10:00:00+00:00,,,,
2023-10-13 10:10:00+00:00,,,,
2023-10-13 10:20:00+00:00,,,,
2023-10-13 10:30:00+00:00,,,,
2023-10-13 10:40:00+00:00,,,,
2023-10-13 10:50:00+00:00,,,,
2023-10-13 11:00:00+00:00,,,,
2023-10-13 11:10:00+00:00,,,,
2023-10-13 11:20:00+00:00,,,,
2023-10-13 11:30:00+00:00,,,,
2023-10-13 11:40:00+00:00,,,,
2023-10-13 11:50:00+00:00,,,,
2023-10-13 12:00:00+00:00,,,,
2023-10-13 12:10:00+00:00,,,,
2023-10-13 12:20:00+00:00,,,,
2023-10-13 12:30:00+00:00,,,,
2023-10-13 12:40:00+00:00,,,,
2023-10-13 12:50:00+00:00,,,,
2023-10-13 13:00:00+00:00,11.166666666666666,100.0,9.133333333333333,4.8999999999999995
